2026-08-07 02:34:21.405 | ERROR    | N/A | Worker 主循环异常: Timeout reading from socket
Traceback (most recent call last):

  File "D:\毕业设计\Travel_python\.venv\Lib\site-packages\redis\_parsers\socket.py", line 64, in _read_from_socket
    data = sock.recv(socket_read_size)

TimeoutError: timed out


During handling of the above exception, another exception occurred:


Traceback (most recent call last):

  File "D:\毕业设计\Travel_python\travel_ai_python\app\service\profile_worker.py", line 194, in <module>
    run_worker()

> File "D:\毕业设计\Travel_python\travel_ai_python\app\service\profile_worker.py", line 169, in run_worker
    task_data = pop_profile_update_task(block=True, timeout=5)

  File "D:\毕业设计\Travel_python\travel_ai_python\app\utils\redis_client.py", line 43, in pop_profile_update_task
    result = redis_client.brpop(PROFILE_UPDATE_QUEUE, timeout=timeout)

  File "D:\毕业设计\Travel_python\.venv\Lib\site-packages\redis\commands\core.py", line 4751, in brpop
    return self.execute_command("BRPOP", *keys)
  File "D:\毕业设计\Travel_python\.venv\Lib\site-packages\redis\client.py", line 787, in execute_command
    return self._execute_command(*args, **options)
  File "D:\毕业设计\Travel_python\.venv\Lib\site-packages\redis\client.py", line 809, in _execute_command
    result = conn.retry.call_with_retry(
  File "D:\毕业设计\Travel_python\.venv\Lib\site-packages\redis\retry.py", line 132, in call_with_retry
    raise error
  File "D:\毕业设计\Travel_python\.venv\Lib\site-packages\redis\retry.py", line 120, in call_with_retry
    return do()
  File "D:\毕业设计\Travel_python\.venv\Lib\site-packages\redis\client.py", line 810, in <lambda>
    lambda: self._send_command_parse_response(
  File "D:\毕业设计\Travel_python\.venv\Lib\site-packages\redis\client.py", line 753, in _send_command_parse_response
    return self.parse_response(conn, command_name, **options)
  File "D:\毕业设计\Travel_python\.venv\Lib\site-packages\redis\client.py", line 853, in parse_response
    response = connection.read_response()
  File "D:\毕业设计\Travel_python\.venv\Lib\site-packages\redis\connection.py", line 1371, in read_response
    response = self._parser.read_response(
  File "D:\毕业设计\Travel_python\.venv\Lib\site-packages\redis\_parsers\resp3.py", line 40, in read_response
    result = self._read_response(
  File "D:\毕业设计\Travel_python\.venv\Lib\site-packages\redis\_parsers\resp3.py", line 65, in _read_response
    raw = self._buffer.readline(timeout=timeout)
  File "D:\毕业设计\Travel_python\.venv\Lib\site-packages\redis\_parsers\socket.py", line 117, in readline
    self._read_from_socket(timeout=timeout)
  File "D:\毕业设计\Travel_python\.venv\Lib\site-packages\redis\_parsers\socket.py", line 77, in _read_from_socket
    raise TimeoutError("Timeout reading from socket")

redis.exceptions.TimeoutError: Timeout reading from socket
2026-08-07 02:34:22.555 | INFO     | N/A | ⏳ 等待 Profile 更新任务...
2026-08-07 10:00:25.001 | ERROR    | N/A | Worker 主循环异常: Timeout connecting to server
Traceback (most recent call last):

  File "D:\毕业设计\Travel_python\.venv\Lib\site-packages\redis\connection.py", line 1033, in connect_check_health
    sock = self._connect()
  File "D:\毕业设计\Travel_python\.venv\Lib\site-packages\redis\connection.py", line 1581, in _connect
    raise err
  File "D:\毕业设计\Travel_python\.venv\Lib\site-packages\redis\connection.py", line 1565, in _connect
    sock.connect(socket_address)

TimeoutError: timed out


During handling of the above exception, another exception occurred:


Traceback (most recent call last):

  File "D:\毕业设计\Travel_python\travel_ai_python\app\service\profile_worker.py", line 194, in <module>
    run_worker()

> File "D:\毕业设计\Travel_python\travel_ai_python\app\service\profile_worker.py", line 169, in run_worker
    task_data = pop_profile_update_task(block=True, timeout=5)

  File "D:\毕业设计\Travel_python\travel_ai_python\app\utils\redis_client.py", line 43, in pop_profile_update_task
    result = redis_client.brpop(PROFILE_UPDATE_QUEUE, timeout=timeout)

  File "D:\毕业设计\Travel_python\.venv\Lib\site-packages\redis\commands\core.py", line 4751, in brpop
    return self.execute_command("BRPOP", *keys)
  File "D:\毕业设计\Travel_python\.venv\Lib\site-packages\redis\client.py", line 787, in execute_command
    return self._execute_command(*args, **options)
  File "D:\毕业设计\Travel_python\.venv\Lib\site-packages\redis\client.py", line 793, in _execute_command
    conn = self.connection or pool.get_connection()
  File "D:\毕业设计\Travel_python\.venv\Lib\site-packages\redis\utils.py", line 258, in wrapper
    return func(*args, **kwargs)
  File "D:\毕业设计\Travel_python\.venv\Lib\site-packages\redis\connection.py", line 3139, in get_connection
    connection.connect()
  File "D:\毕业设计\Travel_python\.venv\Lib\site-packages\redis\connection.py", line 1006, in connect
    self.retry.call_with_retry(
  File "D:\毕业设计\Travel_python\.venv\Lib\site-packages\redis\retry.py", line 132, in call_with_retry
    raise error
  File "D:\毕业设计\Travel_python\.venv\Lib\site-packages\redis\retry.py", line 120, in call_with_retry
    return do()
  File "D:\毕业设计\Travel_python\.venv\Lib\site-packages\redis\connection.py", line 1007, in <lambda>
    lambda: self.connect_check_health(
  File "D:\毕业设计\Travel_python\.venv\Lib\site-packages\redis\connection.py", line 1044, in connect_check_health
    raise e

redis.exceptions.TimeoutError: Timeout connecting to server
2026-08-07 10:00:26.150 | INFO     | N/A | ⏳ 等待 Profile 更新任务...
2026-08-07 10:00:26.152 | ERROR    | N/A | Worker 主循环异常: Error 10051 connecting to 192.168.71.140:6379. 向一个无法连接的网络尝试了一个套接字操作。.
Traceback (most recent call last):

  File "D:\毕业设计\Travel_python\.venv\Lib\site-packages\redis\connection.py", line 1033, in connect_check_health
    sock = self._connect()
  File "D:\毕业设计\Travel_python\.venv\Lib\site-packages\redis\connection.py", line 1581, in _connect
    raise err
  File "D:\毕业设计\Travel_python\.venv\Lib\site-packages\redis\connection.py", line 1565, in _connect
    sock.connect(socket_address)

OSError: [WinError 10051] 向一个无法连接的网络尝试了一个套接字操作。


During handling of the above exception, another exception occurred:


Traceback (most recent call last):

  File "D:\毕业设计\Travel_python\travel_ai_python\app\service\profile_worker.py", line 194, in <module>
    run_worker()

> File "D:\毕业设计\Travel_python\travel_ai_python\app\service\profile_worker.py", line 169, in run_worker
    task_data = pop_profile_update_task(block=True, timeout=5)

  File "D:\毕业设计\Travel_python\travel_ai_python\app\utils\redis_client.py", line 43, in pop_profile_update_task
    result = redis_client.brpop(PROFILE_UPDATE_QUEUE, timeout=timeout)

  File "D:\毕业设计\Travel_python\.venv\Lib\site-packages\redis\commands\core.py", line 4751, in brpop
    return self.execute_command("BRPOP", *keys)
  File "D:\毕业设计\Travel_python\.venv\Lib\site-packages\redis\client.py", line 787, in execute_command
    return self._execute_command(*args, **options)
  File "D:\毕业设计\Travel_python\.venv\Lib\site-packages\redis\client.py", line 793, in _execute_command
    conn = self.connection or pool.get_connection()
  File "D:\毕业设计\Travel_python\.venv\Lib\site-packages\redis\utils.py", line 258, in wrapper
    return func(*args, **kwargs)
  File "D:\毕业设计\Travel_python\.venv\Lib\site-packages\redis\connection.py", line 3139, in get_connection
    connection.connect()
  File "D:\毕业设计\Travel_python\.venv\Lib\site-packages\redis\connection.py", line 1006, in connect
    self.retry.call_with_retry(
  File "D:\毕业设计\Travel_python\.venv\Lib\site-packages\redis\retry.py", line 132, in call_with_retry
    raise error
  File "D:\毕业设计\Travel_python\.venv\Lib\site-packages\redis\retry.py", line 120, in call_with_retry
    return do()
  File "D:\毕业设计\Travel_python\.venv\Lib\site-packages\redis\connection.py", line 1007, in <lambda>
    lambda: self.connect_check_health(
  File "D:\毕业设计\Travel_python\.venv\Lib\site-packages\redis\connection.py", line 1055, in connect_check_health
    raise e

redis.exceptions.ConnectionError: Error 10051 connecting to 192.168.71.140:6379. 向一个无法连接的网络尝试了一个套接字操作。.
2026-08-07 10:00:27.360 | INFO     | N/A | ⏳ 等待 Profile 更新任务...
2026-08-07 10:00:27.900 | ERROR    | N/A | Worker 主循环异常: Error 10051 connecting to 192.168.71.140:6379. 向一个无法连接的网络尝试了一个套接字操作。.
Traceback (most recent call last):

  File "D:\毕业设计\Travel_python\.venv\Lib\site-packages\redis\connection.py", line 1033, in connect_check_health
    sock = self._connect()
  File "D:\毕业设计\Travel_python\.venv\Lib\site-packages\redis\connection.py", line 1581, in _connect
    raise err
  File "D:\毕业设计\Travel_python\.venv\Lib\site-packages\redis\connection.py", line 1565, in _connect
    sock.connect(socket_address)

OSError: [WinError 10051] 向一个无法连接的网络尝试了一个套接字操作。


During handling of the above exception, another exception occurred:


Traceback (most recent call last):

  File "D:\毕业设计\Travel_python\travel_ai_python\app\service\profile_worker.py", line 194, in <module>
    run_worker()

> File "D:\毕业设计\Travel_python\travel_ai_python\app\service\profile_worker.py", line 169, in run_worker
    task_data = pop_profile_update_task(block=True, timeout=5)

  File "D:\毕业设计\Travel_python\travel_ai_python\app\utils\redis_client.py", line 43, in pop_profile_update_task
    result = redis_client.brpop(PROFILE_UPDATE_QUEUE, timeout=timeout)

  File "D:\毕业设计\Travel_python\.venv\Lib\site-packages\redis\commands\core.py", line 4751, in brpop
    return self.execute_command("BRPOP", *keys)
  File "D:\毕业设计\Travel_python\.venv\Lib\site-packages\redis\client.py", line 787, in execute_command
    return self._execute_command(*args, **options)
  File "D:\毕业设计\Travel_python\.venv\Lib\site-packages\redis\client.py", line 793, in _execute_command
    conn = self.connection or pool.get_connection()
  File "D:\毕业设计\Travel_python\.venv\Lib\site-packages\redis\utils.py", line 258, in wrapper
    return func(*args, **kwargs)
  File "D:\毕业设计\Travel_python\.venv\Lib\site-packages\redis\connection.py", line 3139, in get_connection
    connection.connect()
  File "D:\毕业设计\Travel_python\.venv\Lib\site-packages\redis\connection.py", line 1006, in connect
    self.retry.call_with_retry(
  File "D:\毕业设计\Travel_python\.venv\Lib\site-packages\redis\retry.py", line 132, in call_with_retry
    raise error
  File "D:\毕业设计\Travel_python\.venv\Lib\site-packages\redis\retry.py", line 120, in call_with_retry
    return do()
  File "D:\毕业设计\Travel_python\.venv\Lib\site-packages\redis\connection.py", line 1007, in <lambda>
    lambda: self.connect_check_health(
  File "D:\毕业设计\Travel_python\.venv\Lib\site-packages\redis\connection.py", line 1055, in connect_check_health
    raise e

redis.exceptions.ConnectionError: Error 10051 connecting to 192.168.71.140:6379. 向一个无法连接的网络尝试了一个套接字操作。.
2026-08-07 10:00:28.938 | INFO     | N/A | ⏳ 等待 Profile 更新任务...
2026-08-07 10:00:33.961 | ERROR    | N/A | Worker 主循环异常: Timeout connecting to server
Traceback (most recent call last):

  File "D:\毕业设计\Travel_python\.venv\Lib\site-packages\redis\connection.py", line 1033, in connect_check_health
    sock = self._connect()
  File "D:\毕业设计\Travel_python\.venv\Lib\site-packages\redis\connection.py", line 1581, in _connect
    raise err
  File "D:\毕业设计\Travel_python\.venv\Lib\site-packages\redis\connection.py", line 1565, in _connect
    sock.connect(socket_address)

TimeoutError: timed out


During handling of the above exception, another exception occurred:


Traceback (most recent call last):

  File "D:\毕业设计\Travel_python\travel_ai_python\app\service\profile_worker.py", line 194, in <module>
    run_worker()

> File "D:\毕业设计\Travel_python\travel_ai_python\app\service\profile_worker.py", line 169, in run_worker
    task_data = pop_profile_update_task(block=True, timeout=5)

  File "D:\毕业设计\Travel_python\travel_ai_python\app\utils\redis_client.py", line 43, in pop_profile_update_task
    result = redis_client.brpop(PROFILE_UPDATE_QUEUE, timeout=timeout)

  File "D:\毕业设计\Travel_python\.venv\Lib\site-packages\redis\commands\core.py", line 4751, in brpop
    return self.execute_command("BRPOP", *keys)
  File "D:\毕业设计\Travel_python\.venv\Lib\site-packages\redis\client.py", line 787, in execute_command
    return self._execute_command(*args, **options)
  File "D:\毕业设计\Travel_python\.venv\Lib\site-packages\redis\client.py", line 793, in _execute_command
    conn = self.connection or pool.get_connection()
  File "D:\毕业设计\Travel_python\.venv\Lib\site-packages\redis\utils.py", line 258, in wrapper
    return func(*args, **kwargs)
  File "D:\毕业设计\Travel_python\.venv\Lib\site-packages\redis\connection.py", line 3139, in get_connection
    connection.connect()
  File "D:\毕业设计\Travel_python\.venv\Lib\site-packages\redis\connection.py", line 1006, in connect
    self.retry.call_with_retry(
  File "D:\毕业设计\Travel_python\.venv\Lib\site-packages\redis\retry.py", line 132, in call_with_retry
    raise error
  File "D:\毕业设计\Travel_python\.venv\Lib\site-packages\redis\retry.py", line 120, in call_with_retry
    return do()
  File "D:\毕业设计\Travel_python\.venv\Lib\site-packages\redis\connection.py", line 1007, in <lambda>
    lambda: self.connect_check_health(
  File "D:\毕业设计\Travel_python\.venv\Lib\site-packages\redis\connection.py", line 1044, in connect_check_health
    raise e

redis.exceptions.TimeoutError: Timeout connecting to server
2026-08-07 10:00:34.977 | INFO     | N/A | ⏳ 等待 Profile 更新任务...
2026-08-07 10:00:40.083 | INFO     | N/A | ⏳ 等待 Profile 更新任务...
2026-08-07 10:00:45.120 | INFO     | N/A | ⏳ 等待 Profile 更新任务...
2026-08-07 10:00:50.139 | INFO     | N/A | ⏳ 等待 Profile 更新任务...
2026-08-07 10:00:55.156 | INFO     | N/A | ⏳ 等待 Profile 更新任务...
2026-08-07 10:01:00.177 | INFO     | N/A | ⏳ 等待 Profile 更新任务...
2026-08-07 10:01:05.193 | INFO     | N/A | ⏳ 等待 Profile 更新任务...
2026-08-07 10:01:10.222 | INFO     | N/A | ⏳ 等待 Profile 更新任务...
2026-08-07 10:01:15.239 | INFO     | N/A | ⏳ 等待 Profile 更新任务...
2026-08-07 10:01:20.257 | INFO     | N/A | ⏳ 等待 Profile 更新任务...
2026-08-07 10:01:25.274 | INFO     | N/A | ⏳ 等待 Profile 更新任务...
2026-08-07 10:01:30.293 | INFO     | N/A | ⏳ 等待 Profile 更新任务...
2026-08-07 10:01:35.311 | INFO     | N/A | ⏳ 等待 Profile 更新任务...
2026-08-07 10:01:40.339 | INFO     | N/A | ⏳ 等待 Profile 更新任务...
2026-08-07 10:01:45.357 | INFO     | N/A | ⏳ 等待 Profile 更新任务...
2026-08-07 10:01:50.375 | INFO     | N/A | ⏳ 等待 Profile 更新任务...
2026-08-07 10:01:55.393 | INFO     | N/A | ⏳ 等待 Profile 更新任务...
2026-08-07 10:02:00.417 | INFO     | N/A | ⏳ 等待 Profile 更新任务...
2026-08-07 10:02:05.441 | INFO     | N/A | ⏳ 等待 Profile 更新任务...
2026-08-07 10:02:10.476 | INFO     | N/A | ⏳ 等待 Profile 更新任务...
2026-08-07 10:02:15.509 | INFO     | N/A | ⏳ 等待 Profile 更新任务...
2026-08-07 10:02:20.562 | INFO     | N/A | ⏳ 等待 Profile 更新任务...
2026-08-07 10:02:25.591 | INFO     | N/A | ⏳ 等待 Profile 更新任务...
2026-08-07 10:02:30.616 | INFO     | N/A | ⏳ 等待 Profile 更新任务...
2026-08-07 10:02:35.640 | INFO     | N/A | ⏳ 等待 Profile 更新任务...
2026-08-07 10:02:40.681 | INFO     | N/A | ⏳ 等待 Profile 更新任务...
2026-08-07 10:02:45.705 | INFO     | N/A | ⏳ 等待 Profile 更新任务...
2026-08-07 10:02:50.729 | INFO     | N/A | ⏳ 等待 Profile 更新任务...
2026-08-07 10:02:55.754 | INFO     | N/A | ⏳ 等待 Profile 更新任务...
2026-08-07 10:03:00.777 | INFO     | N/A | ⏳ 等待 Profile 更新任务...
2026-08-07 10:03:05.801 | INFO     | N/A | ⏳ 等待 Profile 更新任务...
2026-08-07 10:03:10.840 | INFO     | N/A | ⏳ 等待 Profile 更新任务...
2026-08-07 10:03:15.867 | INFO     | N/A | ⏳ 等待 Profile 更新任务...
2026-08-07 10:03:20.891 | INFO     | N/A | ⏳ 等待 Profile 更新任务...
2026-08-07 10:03:25.917 | INFO     | N/A | ⏳ 等待 Profile 更新任务...
2026-08-07 10:03:30.943 | INFO     | N/A | ⏳ 等待 Profile 更新任务...
2026-08-07 10:03:35.969 | INFO     | N/A | ⏳ 等待 Profile 更新任务...
2026-08-07 10:03:41.010 | INFO     | N/A | ⏳ 等待 Profile 更新任务...
2026-08-07 10:03:46.036 | INFO     | N/A | ⏳ 等待 Profile 更新任务...
2026-08-07 10:03:51.060 | INFO     | N/A | ⏳ 等待 Profile 更新任务...
2026-08-07 10:03:56.088 | INFO     | N/A | ⏳ 等待 Profile 更新任务...
2026-08-07 10:04:01.111 | INFO     | N/A | ⏳ 等待 Profile 更新任务...
2026-08-07 10:04:06.122 | INFO     | N/A | ⏳ 等待 Profile 更新任务...
2026-08-07 10:04:11.180 | INFO     | N/A | ⏳ 等待 Profile 更新任务...
2026-08-07 10:04:16.208 | INFO     | N/A | ⏳ 等待 Profile 更新任务...
2026-08-07 10:04:21.232 | INFO     | N/A | ⏳ 等待 Profile 更新任务...
2026-08-07 10:04:26.255 | INFO     | N/A | ⏳ 等待 Profile 更新任务...
2026-08-07 10:04:31.279 | INFO     | N/A | ⏳ 等待 Profile 更新任务...
2026-08-07 10:04:36.308 | INFO     | N/A | ⏳ 等待 Profile 更新任务...
2026-08-07 10:04:41.349 | INFO     | N/A | ⏳ 等待 Profile 更新任务...
2026-08-07 10:04:46.381 | INFO     | N/A | ⏳ 等待 Profile 更新任务...
2026-08-07 10:04:51.405 | INFO     | N/A | ⏳ 等待 Profile 更新任务...
2026-08-07 10:04:56.430 | INFO     | N/A | ⏳ 等待 Profile 更新任务...
2026-08-07 10:05:01.455 | INFO     | N/A | ⏳ 等待 Profile 更新任务...
2026-08-07 10:05:06.481 | INFO     | N/A | ⏳ 等待 Profile 更新任务...
2026-08-07 10:05:11.520 | INFO     | N/A | ⏳ 等待 Profile 更新任务...
2026-08-07 10:05:16.545 | INFO     | N/A | ⏳ 等待 Profile 更新任务...
2026-08-07 10:05:21.572 | INFO     | N/A | ⏳ 等待 Profile 更新任务...
2026-08-07 10:05:26.596 | INFO     | N/A | ⏳ 等待 Profile 更新任务...
2026-08-07 10:05:31.620 | INFO     | N/A | ⏳ 等待 Profile 更新任务...
2026-08-07 10:05:36.628 | INFO     | N/A | ⏳ 等待 Profile 更新任务...
2026-08-07 10:05:41.685 | INFO     | N/A | ⏳ 等待 Profile 更新任务...
2026-08-07 10:05:46.707 | INFO     | N/A | ⏳ 等待 Profile 更新任务...
2026-08-07 10:05:51.732 | INFO     | N/A | ⏳ 等待 Profile 更新任务...
2026-08-07 10:05:56.754 | INFO     | N/A | ⏳ 等待 Profile 更新任务...
2026-08-07 10:06:01.777 | INFO     | N/A | ⏳ 等待 Profile 更新任务...
2026-08-07 10:06:06.804 | INFO     | N/A | ⏳ 等待 Profile 更新任务...
2026-08-07 10:06:11.839 | INFO     | N/A | ⏳ 等待 Profile 更新任务...
2026-08-07 10:06:16.868 | INFO     | N/A | ⏳ 等待 Profile 更新任务...
2026-08-07 10:06:21.894 | INFO     | N/A | ⏳ 等待 Profile 更新任务...
2026-08-07 10:06:26.916 | INFO     | N/A | ⏳ 等待 Profile 更新任务...
2026-08-07 10:06:31.937 | INFO     | N/A | ⏳ 等待 Profile 更新任务...
2026-08-07 10:06:36.964 | INFO     | N/A | ⏳ 等待 Profile 更新任务...
2026-08-07 10:06:42.002 | INFO     | N/A | ⏳ 等待 Profile 更新任务...
2026-08-07 10:06:47.028 | INFO     | N/A | ⏳ 等待 Profile 更新任务...
2026-08-07 10:06:52.052 | INFO     | N/A | ⏳ 等待 Profile 更新任务...
2026-08-07 10:06:57.077 | INFO     | N/A | ⏳ 等待 Profile 更新任务...
2026-08-07 10:07:02.132 | INFO     | N/A | ⏳ 等待 Profile 更新任务...
2026-08-07 10:07:07.159 | INFO     | N/A | ⏳ 等待 Profile 更新任务...
2026-08-07 10:07:12.188 | INFO     | N/A | ⏳ 等待 Profile 更新任务...
2026-08-07 10:07:17.212 | INFO     | N/A | ⏳ 等待 Profile 更新任务...
2026-08-07 10:07:22.237 | INFO     | N/A | ⏳ 等待 Profile 更新任务...
2026-08-07 10:07:27.261 | INFO     | N/A | ⏳ 等待 Profile 更新任务...
2026-08-07 10:07:32.295 | INFO     | N/A | ⏳ 等待 Profile 更新任务...
2026-08-07 10:07:37.322 | INFO     | N/A | ⏳ 等待 Profile 更新任务...
2026-08-07 10:07:42.351 | INFO     | N/A | ⏳ 等待 Profile 更新任务...
2026-08-07 10:07:47.374 | INFO     | N/A | ⏳ 等待 Profile 更新任务...
2026-08-07 10:07:52.401 | INFO     | N/A | ⏳ 等待 Profile 更新任务...
2026-08-07 10:07:57.425 | INFO     | N/A | ⏳ 等待 Profile 更新任务...
2026-08-07 10:08:02.451 | INFO     | N/A | ⏳ 等待 Profile 更新任务...
2026-08-07 10:08:07.480 | INFO     | N/A | ⏳ 等待 Profile 更新任务...
2026-08-07 10:08:12.513 | INFO     | N/A | ⏳ 等待 Profile 更新任务...
2026-08-07 10:08:17.538 | INFO     | N/A | ⏳ 等待 Profile 更新任务...
2026-08-07 10:08:22.561 | INFO     | N/A | ⏳ 等待 Profile 更新任务...
2026-08-07 10:08:27.584 | INFO     | N/A | ⏳ 等待 Profile 更新任务...
2026-08-07 10:08:32.608 | INFO     | N/A | ⏳ 等待 Profile 更新任务...
2026-08-07 10:08:37.625 | INFO     | N/A | ⏳ 等待 Profile 更新任务...
2026-08-07 10:08:42.674 | INFO     | N/A | ⏳ 等待 Profile 更新任务...
2026-08-07 10:08:47.697 | INFO     | N/A | ⏳ 等待 Profile 更新任务...
2026-08-07 10:08:52.725 | INFO     | N/A | ⏳ 等待 Profile 更新任务...
2026-08-07 10:08:57.752 | INFO     | N/A | ⏳ 等待 Profile 更新任务...
2026-08-07 10:09:02.777 | INFO     | N/A | ⏳ 等待 Profile 更新任务...
2026-08-07 10:09:07.807 | INFO     | N/A | ⏳ 等待 Profile 更新任务...
2026-08-07 10:09:12.836 | INFO     | N/A | ⏳ 等待 Profile 更新任务...
2026-08-07 10:09:17.859 | INFO     | N/A | ⏳ 等待 Profile 更新任务...
2026-08-07 10:09:22.883 | INFO     | N/A | ⏳ 等待 Profile 更新任务...
2026-08-07 10:09:27.908 | INFO     | N/A | ⏳ 等待 Profile 更新任务...
2026-08-07 10:09:32.932 | INFO     | N/A | ⏳ 等待 Profile 更新任务...
2026-08-07 10:09:37.964 | INFO     | N/A | ⏳ 等待 Profile 更新任务...
2026-08-07 10:09:42.997 | INFO     | N/A | ⏳ 等待 Profile 更新任务...
2026-08-07 10:09:48.023 | INFO     | N/A | ⏳ 等待 Profile 更新任务...
2026-08-07 10:09:53.050 | INFO     | N/A | ⏳ 等待 Profile 更新任务...
2026-08-07 10:09:58.075 | INFO     | N/A | ⏳ 等待 Profile 更新任务...
2026-08-07 10:10:03.109 | INFO     | N/A | ⏳ 等待 Profile 更新任务...
2026-08-07 10:10:08.126 | INFO     | N/A | ⏳ 等待 Profile 更新任务...
2026-08-07 10:10:13.167 | INFO     | N/A | ⏳ 等待 Profile 更新任务...
2026-08-07 10:10:18.193 | INFO     | N/A | ⏳ 等待 Profile 更新任务...
2026-08-07 10:10:23.220 | INFO     | N/A | ⏳ 等待 Profile 更新任务...
2026-08-07 10:10:28.245 | INFO     | N/A | ⏳ 等待 Profile 更新任务...
2026-08-07 10:10:33.268 | INFO     | N/A | ⏳ 等待 Profile 更新任务...
2026-08-07 10:10:38.300 | INFO     | N/A | ⏳ 等待 Profile 更新任务...
2026-08-07 10:10:43.329 | INFO     | N/A | ⏳ 等待 Profile 更新任务...
2026-08-07 10:10:48.353 | INFO     | N/A | ⏳ 等待 Profile 更新任务...
2026-08-07 10:10:53.387 | INFO     | N/A | ⏳ 等待 Profile 更新任务...
2026-08-07 10:10:58.412 | INFO     | N/A | ⏳ 等待 Profile 更新任务...
2026-08-07 10:11:03.436 | INFO     | N/A | ⏳ 等待 Profile 更新任务...
2026-08-07 10:11:08.466 | INFO     | N/A | ⏳ 等待 Profile 更新任务...
2026-08-07 10:11:13.496 | INFO     | N/A | ⏳ 等待 Profile 更新任务...
2026-08-07 10:11:18.522 | INFO     | N/A | ⏳ 等待 Profile 更新任务...
2026-08-07 10:11:23.547 | INFO     | N/A | ⏳ 等待 Profile 更新任务...
2026-08-07 10:11:28.573 | INFO     | N/A | ⏳ 等待 Profile 更新任务...
2026-08-07 10:11:33.599 | INFO     | N/A | ⏳ 等待 Profile 更新任务...
2026-08-07 10:11:38.625 | INFO     | N/A | ⏳ 等待 Profile 更新任务...
2026-08-07 10:11:43.659 | INFO     | N/A | ⏳ 等待 Profile 更新任务...
2026-08-07 10:11:48.690 | INFO     | N/A | ⏳ 等待 Profile 更新任务...
2026-08-07 10:11:53.716 | INFO     | N/A | ⏳ 等待 Profile 更新任务...
2026-08-07 10:11:58.754 | INFO     | N/A | ⏳ 等待 Profile 更新任务...
2026-08-07 10:12:03.779 | INFO     | N/A | ⏳ 等待 Profile 更新任务...
2026-08-07 10:12:08.812 | INFO     | N/A | ⏳ 等待 Profile 更新任务...
2026-08-07 10:12:13.840 | INFO     | N/A | ⏳ 等待 Profile 更新任务...
2026-08-07 10:12:18.862 | INFO     | N/A | ⏳ 等待 Profile 更新任务...
2026-08-07 10:12:23.886 | INFO     | N/A | ⏳ 等待 Profile 更新任务...
2026-08-07 10:12:28.916 | INFO     | N/A | ⏳ 等待 Profile 更新任务...
2026-08-07 10:12:33.943 | INFO     | N/A | ⏳ 等待 Profile 更新任务...
2026-08-07 10:12:38.979 | INFO     | N/A | ⏳ 等待 Profile 更新任务...
2026-08-07 10:12:44.006 | INFO     | N/A | ⏳ 等待 Profile 更新任务...
2026-08-07 10:12:49.032 | INFO     | N/A | ⏳ 等待 Profile 更新任务...
2026-08-07 10:12:54.060 | INFO     | N/A | ⏳ 等待 Profile 更新任务...
2026-08-07 10:12:59.087 | INFO     | N/A | ⏳ 等待 Profile 更新任务...
2026-08-07 10:13:04.111 | INFO     | N/A | ⏳ 等待 Profile 更新任务...
2026-08-07 10:13:09.123 | INFO     | N/A | ⏳ 等待 Profile 更新任务...
2026-08-07 10:13:14.165 | INFO     | N/A | ⏳ 等待 Profile 更新任务...
2026-08-07 10:13:19.189 | INFO     | N/A | ⏳ 等待 Profile 更新任务...
2026-08-07 10:13:24.214 | INFO     | N/A | ⏳ 等待 Profile 更新任务...
2026-08-07 10:13:29.236 | INFO     | N/A | ⏳ 等待 Profile 更新任务...
2026-08-07 10:13:34.289 | INFO     | N/A | ⏳ 等待 Profile 更新任务...
2026-08-07 10:13:39.322 | INFO     | N/A | ⏳ 等待 Profile 更新任务...
2026-08-07 10:13:44.343 | INFO     | N/A | ⏳ 等待 Profile 更新任务...
2026-08-07 10:13:49.368 | INFO     | N/A | ⏳ 等待 Profile 更新任务...
2026-08-07 10:13:54.394 | INFO     | N/A | ⏳ 等待 Profile 更新任务...
2026-08-07 10:13:59.417 | INFO     | N/A | ⏳ 等待 Profile 更新任务...
2026-08-07 10:14:04.440 | INFO     | N/A | ⏳ 等待 Profile 更新任务...
2026-08-07 10:14:09.472 | INFO     | N/A | ⏳ 等待 Profile 更新任务...
2026-08-07 10:14:14.495 | INFO     | N/A | ⏳ 等待 Profile 更新任务...
2026-08-07 10:14:19.518 | INFO     | N/A | ⏳ 等待 Profile 更新任务...
2026-08-07 10:14:24.540 | INFO     | N/A | ⏳ 等待 Profile 更新任务...
2026-08-07 10:14:29.563 | INFO     | N/A | ⏳ 等待 Profile 更新任务...
2026-08-07 10:14:34.587 | INFO     | N/A | ⏳ 等待 Profile 更新任务...
2026-08-07 10:14:39.620 | INFO     | N/A | ⏳ 等待 Profile 更新任务...
2026-08-07 10:14:44.644 | INFO     | N/A | ⏳ 等待 Profile 更新任务...
2026-08-07 10:14:49.667 | INFO     | N/A | ⏳ 等待 Profile 更新任务...
2026-08-07 10:14:54.691 | INFO     | N/A | ⏳ 等待 Profile 更新任务...
2026-08-07 10:14:59.715 | INFO     | N/A | ⏳ 等待 Profile 更新任务...
2026-08-07 10:15:04.740 | INFO     | N/A | ⏳ 等待 Profile 更新任务...
2026-08-07 10:15:09.773 | INFO     | N/A | ⏳ 等待 Profile 更新任务...
2026-08-07 10:15:14.798 | INFO     | N/A | ⏳ 等待 Profile 更新任务...
2026-08-07 10:15:19.820 | INFO     | N/A | ⏳ 等待 Profile 更新任务...
2026-08-07 10:15:24.841 | INFO     | N/A | ⏳ 等待 Profile 更新任务...
2026-08-07 10:15:29.865 | INFO     | N/A | ⏳ 等待 Profile 更新任务...
2026-08-07 10:15:34.888 | INFO     | N/A | ⏳ 等待 Profile 更新任务...
2026-08-07 10:15:39.920 | INFO     | N/A | ⏳ 等待 Profile 更新任务...
2026-08-07 10:15:44.941 | INFO     | N/A | ⏳ 等待 Profile 更新任务...
2026-08-07 10:15:49.968 | INFO     | N/A | ⏳ 等待 Profile 更新任务...
2026-08-07 10:15:54.993 | INFO     | N/A | ⏳ 等待 Profile 更新任务...
2026-08-07 10:16:00.019 | INFO     | N/A | ⏳ 等待 Profile 更新任务...
2026-08-07 10:16:05.041 | INFO     | N/A | ⏳ 等待 Profile 更新任务...
2026-08-07 10:16:10.072 | INFO     | N/A | ⏳ 等待 Profile 更新任务...
2026-08-07 10:16:15.093 | INFO     | N/A | ⏳ 等待 Profile 更新任务...
2026-08-07 10:16:20.116 | INFO     | N/A | ⏳ 等待 Profile 更新任务...
2026-08-07 10:16:25.138 | INFO     | N/A | ⏳ 等待 Profile 更新任务...
2026-08-07 10:16:30.157 | INFO     | N/A | ⏳ 等待 Profile 更新任务...
2026-08-07 10:16:35.183 | INFO     | N/A | ⏳ 等待 Profile 更新任务...
2026-08-07 10:16:40.215 | INFO     | N/A | ⏳ 等待 Profile 更新任务...
2026-08-07 10:16:45.236 | INFO     | N/A | ⏳ 等待 Profile 更新任务...
2026-08-07 10:16:50.261 | INFO     | N/A | ⏳ 等待 Profile 更新任务...
2026-08-07 10:16:55.299 | INFO     | N/A | ⏳ 等待 Profile 更新任务...
2026-08-07 10:17:00.322 | INFO     | N/A | ⏳ 等待 Profile 更新任务...
2026-08-07 10:17:05.345 | INFO     | N/A | ⏳ 等待 Profile 更新任务...
2026-08-07 10:17:10.376 | INFO     | N/A | ⏳ 等待 Profile 更新任务...
2026-08-07 10:17:15.400 | INFO     | N/A | ⏳ 等待 Profile 更新任务...
2026-08-07 10:17:20.425 | INFO     | N/A | ⏳ 等待 Profile 更新任务...
2026-08-07 10:17:25.448 | INFO     | N/A | ⏳ 等待 Profile 更新任务...
2026-08-07 10:17:30.472 | INFO     | N/A | ⏳ 等待 Profile 更新任务...
2026-08-07 10:17:35.494 | INFO     | N/A | ⏳ 等待 Profile 更新任务...
2026-08-07 10:17:40.526 | INFO     | N/A | ⏳ 等待 Profile 更新任务...
2026-08-07 10:17:45.553 | INFO     | N/A | ⏳ 等待 Profile 更新任务...
2026-08-07 10:17:50.574 | INFO     | N/A | ⏳ 等待 Profile 更新任务...
2026-08-07 10:17:55.599 | INFO     | N/A | ⏳ 等待 Profile 更新任务...
2026-08-07 10:18:00.628 | INFO     | N/A | ⏳ 等待 Profile 更新任务...
2026-08-07 10:18:05.650 | INFO     | N/A | ⏳ 等待 Profile 更新任务...
2026-08-07 10:18:10.680 | INFO     | N/A | ⏳ 等待 Profile 更新任务...
2026-08-07 10:18:15.703 | INFO     | N/A | ⏳ 等待 Profile 更新任务...
2026-08-07 10:18:20.727 | INFO     | N/A | ⏳ 等待 Profile 更新任务...
2026-08-07 10:18:25.750 | INFO     | N/A | ⏳ 等待 Profile 更新任务...
2026-08-07 10:18:30.774 | INFO     | N/A | ⏳ 等待 Profile 更新任务...
2026-08-07 10:18:35.799 | INFO     | N/A | ⏳ 等待 Profile 更新任务...
2026-08-07 10:18:40.836 | INFO     | N/A | ⏳ 等待 Profile 更新任务...
2026-08-07 10:18:45.859 | INFO     | N/A | ⏳ 等待 Profile 更新任务...
2026-08-07 10:18:50.886 | INFO     | N/A | ⏳ 等待 Profile 更新任务...
2026-08-07 10:18:55.911 | INFO     | N/A | ⏳ 等待 Profile 更新任务...
2026-08-07 10:19:00.934 | INFO     | N/A | ⏳ 等待 Profile 更新任务...
2026-08-07 10:19:05.958 | INFO     | N/A | ⏳ 等待 Profile 更新任务...
2026-08-07 10:19:10.993 | INFO     | N/A | ⏳ 等待 Profile 更新任务...
2026-08-07 10:19:16.017 | INFO     | N/A | ⏳ 等待 Profile 更新任务...
2026-08-07 10:19:21.039 | INFO     | N/A | ⏳ 等待 Profile 更新任务...
2026-08-07 10:19:26.064 | INFO     | N/A | ⏳ 等待 Profile 更新任务...
2026-08-07 10:19:31.089 | INFO     | N/A | ⏳ 等待 Profile 更新任务...
2026-08-07 10:19:36.114 | INFO     | N/A | ⏳ 等待 Profile 更新任务...
2026-08-07 10:19:41.146 | INFO     | N/A | ⏳ 等待 Profile 更新任务...
2026-08-07 10:19:46.171 | INFO     | N/A | ⏳ 等待 Profile 更新任务...
2026-08-07 10:19:51.193 | INFO     | N/A | ⏳ 等待 Profile 更新任务...
2026-08-07 10:19:56.219 | INFO     | N/A | ⏳ 等待 Profile 更新任务...
2026-08-07 10:20:01.246 | INFO     | N/A | ⏳ 等待 Profile 更新任务...
2026-08-07 10:20:06.271 | INFO     | N/A | ⏳ 等待 Profile 更新任务...
2026-08-07 10:20:11.160 | INFO     | N/A | ⏳ 等待 Profile 更新任务...
2026-08-07 10:20:15.810 | INFO     | N/A | ⏳ 等待 Profile 更新任务...
2026-08-07 10:20:20.508 | INFO     | N/A | ⏳ 等待 Profile 更新任务...
2026-08-07 10:20:25.533 | INFO     | N/A | ⏳ 等待 Profile 更新任务...
2026-08-07 10:20:30.555 | INFO     | N/A | ⏳ 等待 Profile 更新任务...
2026-08-07 10:20:35.580 | INFO     | N/A | ⏳ 等待 Profile 更新任务...
2026-08-07 10:20:40.620 | INFO     | N/A | ⏳ 等待 Profile 更新任务...
2026-08-07 10:20:45.647 | INFO     | N/A | ⏳ 等待 Profile 更新任务...
2026-08-07 10:20:50.671 | INFO     | N/A | ⏳ 等待 Profile 更新任务...
2026-08-07 10:20:55.694 | INFO     | N/A | ⏳ 等待 Profile 更新任务...
2026-08-07 10:21:00.722 | INFO     | N/A | ⏳ 等待 Profile 更新任务...
2026-08-07 10:21:05.746 | INFO     | N/A | ⏳ 等待 Profile 更新任务...
2026-08-07 10:21:10.777 | INFO     | N/A | ⏳ 等待 Profile 更新任务...
2026-08-07 10:21:15.802 | INFO     | N/A | ⏳ 等待 Profile 更新任务...
2026-08-07 10:21:20.825 | INFO     | N/A | ⏳ 等待 Profile 更新任务...
2026-08-07 10:21:25.849 | INFO     | N/A | ⏳ 等待 Profile 更新任务...
2026-08-07 10:21:30.870 | INFO     | N/A | ⏳ 等待 Profile 更新任务...
2026-08-07 10:21:35.895 | INFO     | N/A | ⏳ 等待 Profile 更新任务...
2026-08-07 10:21:40.925 | INFO     | N/A | ⏳ 等待 Profile 更新任务...
2026-08-07 10:21:45.950 | INFO     | N/A | ⏳ 等待 Profile 更新任务...
2026-08-07 10:21:50.974 | INFO     | N/A | ⏳ 等待 Profile 更新任务...
2026-08-07 10:21:55.997 | INFO     | N/A | ⏳ 等待 Profile 更新任务...
2026-08-07 10:22:01.020 | INFO     | N/A | ⏳ 等待 Profile 更新任务...
2026-08-07 10:22:06.047 | INFO     | N/A | ⏳ 等待 Profile 更新任务...
2026-08-07 10:22:11.087 | INFO     | N/A | ⏳ 等待 Profile 更新任务...
2026-08-07 10:22:16.111 | INFO     | N/A | ⏳ 等待 Profile 更新任务...
2026-08-07 10:22:21.136 | INFO     | N/A | ⏳ 等待 Profile 更新任务...
2026-08-07 10:22:26.158 | INFO     | N/A | ⏳ 等待 Profile 更新任务...
2026-08-07 10:22:31.180 | INFO     | N/A | ⏳ 等待 Profile 更新任务...
2026-08-07 10:22:36.204 | INFO     | N/A | ⏳ 等待 Profile 更新任务...
2026-08-07 10:22:41.235 | INFO     | N/A | ⏳ 等待 Profile 更新任务...
2026-08-07 10:22:46.261 | INFO     | N/A | ⏳ 等待 Profile 更新任务...
2026-08-07 10:22:51.288 | INFO     | N/A | ⏳ 等待 Profile 更新任务...
2026-08-07 10:22:56.312 | INFO     | N/A | ⏳ 等待 Profile 更新任务...
2026-08-07 10:23:01.338 | INFO     | N/A | ⏳ 等待 Profile 更新任务...
2026-08-07 10:23:06.359 | INFO     | N/A | ⏳ 等待 Profile 更新任务...
2026-08-07 10:23:11.392 | INFO     | N/A | ⏳ 等待 Profile 更新任务...
2026-08-07 10:23:16.417 | INFO     | N/A | ⏳ 等待 Profile 更新任务...
2026-08-07 10:23:21.440 | INFO     | N/A | ⏳ 等待 Profile 更新任务...
2026-08-07 10:23:26.465 | INFO     | N/A | ⏳ 等待 Profile 更新任务...
2026-08-07 10:23:31.486 | INFO     | N/A | ⏳ 等待 Profile 更新任务...
2026-08-07 10:23:36.508 | INFO     | N/A | ⏳ 等待 Profile 更新任务...
2026-08-07 10:23:41.542 | INFO     | N/A | ⏳ 等待 Profile 更新任务...
2026-08-07 10:23:46.565 | INFO     | N/A | ⏳ 等待 Profile 更新任务...
2026-08-07 10:23:51.586 | INFO     | N/A | ⏳ 等待 Profile 更新任务...
2026-08-07 10:23:56.607 | INFO     | N/A | ⏳ 等待 Profile 更新任务...
2026-08-07 10:24:01.629 | INFO     | N/A | ⏳ 等待 Profile 更新任务...
2026-08-07 10:24:06.651 | INFO     | N/A | ⏳ 等待 Profile 更新任务...
2026-08-07 10:24:11.682 | INFO     | N/A | ⏳ 等待 Profile 更新任务...
2026-08-07 10:24:16.707 | INFO     | N/A | ⏳ 等待 Profile 更新任务...
2026-08-07 10:24:21.731 | INFO     | N/A | ⏳ 等待 Profile 更新任务...
2026-08-07 10:24:26.757 | INFO     | N/A | ⏳ 等待 Profile 更新任务...
2026-08-07 10:24:31.780 | INFO     | N/A | ⏳ 等待 Profile 更新任务...
2026-08-07 10:24:36.802 | INFO     | N/A | ⏳ 等待 Profile 更新任务...
2026-08-07 10:24:41.833 | INFO     | N/A | ⏳ 等待 Profile 更新任务...
2026-08-07 10:24:46.857 | INFO     | N/A | ⏳ 等待 Profile 更新任务...
2026-08-07 10:24:51.880 | INFO     | N/A | ⏳ 等待 Profile 更新任务...
2026-08-07 10:24:56.902 | INFO     | N/A | ⏳ 等待 Profile 更新任务...
2026-08-07 10:25:01.926 | INFO     | N/A | ⏳ 等待 Profile 更新任务...
2026-08-07 10:25:06.949 | INFO     | N/A | ⏳ 等待 Profile 更新任务...
2026-08-07 10:25:11.976 | INFO     | N/A | ⏳ 等待 Profile 更新任务...
2026-08-07 10:25:17.000 | INFO     | N/A | ⏳ 等待 Profile 更新任务...
2026-08-07 10:25:22.022 | INFO     | N/A | ⏳ 等待 Profile 更新任务...
2026-08-07 10:25:27.046 | INFO     | N/A | ⏳ 等待 Profile 更新任务...
2026-08-07 10:25:32.071 | INFO     | N/A | ⏳ 等待 Profile 更新任务...
2026-08-07 10:25:37.091 | INFO     | N/A | ⏳ 等待 Profile 更新任务...
2026-08-07 10:25:42.123 | INFO     | N/A | ⏳ 等待 Profile 更新任务...
2026-08-07 10:25:47.144 | INFO     | N/A | ⏳ 等待 Profile 更新任务...
2026-08-07 10:25:52.167 | INFO     | N/A | ⏳ 等待 Profile 更新任务...
2026-08-07 10:25:57.189 | INFO     | N/A | ⏳ 等待 Profile 更新任务...
2026-08-07 10:26:02.212 | INFO     | N/A | ⏳ 等待 Profile 更新任务...
2026-08-07 10:26:07.234 | INFO     | N/A | ⏳ 等待 Profile 更新任务...
2026-08-07 10:26:12.269 | INFO     | N/A | ⏳ 等待 Profile 更新任务...
2026-08-07 10:26:17.293 | INFO     | N/A | ⏳ 等待 Profile 更新任务...
2026-08-07 10:26:22.316 | INFO     | N/A | ⏳ 等待 Profile 更新任务...
2026-08-07 10:26:27.337 | INFO     | N/A | ⏳ 等待 Profile 更新任务...
2026-08-07 10:26:32.361 | INFO     | N/A | ⏳ 等待 Profile 更新任务...
2026-08-07 10:26:37.384 | INFO     | N/A | ⏳ 等待 Profile 更新任务...
2026-08-07 10:26:42.417 | INFO     | N/A | ⏳ 等待 Profile 更新任务...
2026-08-07 10:26:47.443 | INFO     | N/A | ⏳ 等待 Profile 更新任务...
2026-08-07 10:26:52.467 | INFO     | N/A | ⏳ 等待 Profile 更新任务...
2026-08-07 10:26:57.491 | INFO     | N/A | ⏳ 等待 Profile 更新任务...
2026-08-07 10:27:02.512 | INFO     | N/A | ⏳ 等待 Profile 更新任务...
2026-08-07 10:27:07.537 | INFO     | N/A | ⏳ 等待 Profile 更新任务...
2026-08-07 10:27:12.568 | INFO     | N/A | ⏳ 等待 Profile 更新任务...
2026-08-07 10:27:17.592 | INFO     | N/A | ⏳ 等待 Profile 更新任务...
2026-08-07 10:27:22.616 | INFO     | N/A | ⏳ 等待 Profile 更新任务...
2026-08-07 10:27:27.640 | INFO     | N/A | ⏳ 等待 Profile 更新任务...
2026-08-07 10:27:32.662 | INFO     | N/A | ⏳ 等待 Profile 更新任务...
2026-08-07 10:27:37.684 | INFO     | N/A | ⏳ 等待 Profile 更新任务...
2026-08-07 10:27:42.717 | INFO     | N/A | ⏳ 等待 Profile 更新任务...
2026-08-07 10:27:47.743 | INFO     | N/A | ⏳ 等待 Profile 更新任务...
2026-08-07 10:27:52.765 | INFO     | N/A | ⏳ 等待 Profile 更新任务...
2026-08-07 10:27:57.790 | INFO     | N/A | ⏳ 等待 Profile 更新任务...
2026-08-07 10:28:02.818 | INFO     | N/A | ⏳ 等待 Profile 更新任务...
2026-08-07 10:28:07.839 | INFO     | N/A | ⏳ 等待 Profile 更新任务...
2026-08-07 10:28:12.868 | INFO     | N/A | ⏳ 等待 Profile 更新任务...
2026-08-07 10:28:17.889 | INFO     | N/A | ⏳ 等待 Profile 更新任务...
2026-08-07 10:28:22.913 | INFO     | N/A | ⏳ 等待 Profile 更新任务...
2026-08-07 10:28:27.936 | INFO     | N/A | ⏳ 等待 Profile 更新任务...
2026-08-07 10:28:32.957 | INFO     | N/A | ⏳ 等待 Profile 更新任务...
2026-08-07 10:28:37.979 | INFO     | N/A | ⏳ 等待 Profile 更新任务...
2026-08-07 10:28:43.011 | INFO     | N/A | ⏳ 等待 Profile 更新任务...
2026-08-07 10:28:48.034 | INFO     | N/A | ⏳ 等待 Profile 更新任务...
2026-08-07 10:28:53.057 | INFO     | N/A | ⏳ 等待 Profile 更新任务...
2026-08-07 10:28:58.080 | INFO     | N/A | ⏳ 等待 Profile 更新任务...
2026-08-07 10:29:03.102 | INFO     | N/A | ⏳ 等待 Profile 更新任务...
2026-08-07 10:29:08.125 | INFO     | N/A | ⏳ 等待 Profile 更新任务...
2026-08-07 10:29:13.159 | INFO     | N/A | ⏳ 等待 Profile 更新任务...
2026-08-07 10:29:18.182 | INFO     | N/A | ⏳ 等待 Profile 更新任务...
2026-08-07 10:29:23.206 | INFO     | N/A | ⏳ 等待 Profile 更新任务...
2026-08-07 10:29:28.230 | INFO     | N/A | ⏳ 等待 Profile 更新任务...
2026-08-07 10:29:33.253 | INFO     | N/A | ⏳ 等待 Profile 更新任务...
2026-08-07 10:29:38.279 | INFO     | N/A | ⏳ 等待 Profile 更新任务...
2026-08-07 10:29:43.317 | INFO     | N/A | ⏳ 等待 Profile 更新任务...
2026-08-07 10:29:48.344 | INFO     | N/A | ⏳ 等待 Profile 更新任务...
2026-08-07 10:29:53.369 | INFO     | N/A | ⏳ 等待 Profile 更新任务...
2026-08-07 10:29:58.395 | INFO     | N/A | ⏳ 等待 Profile 更新任务...
2026-08-07 10:30:03.420 | INFO     | N/A | ⏳ 等待 Profile 更新任务...
2026-08-07 10:30:08.446 | INFO     | N/A | ⏳ 等待 Profile 更新任务...
2026-08-07 10:30:13.476 | INFO     | N/A | ⏳ 等待 Profile 更新任务...
2026-08-07 10:30:18.501 | INFO     | N/A | ⏳ 等待 Profile 更新任务...
2026-08-07 10:30:23.524 | INFO     | N/A | ⏳ 等待 Profile 更新任务...
2026-08-07 10:30:28.544 | INFO     | N/A | ⏳ 等待 Profile 更新任务...
2026-08-07 10:30:33.568 | INFO     | N/A | ⏳ 等待 Profile 更新任务...
2026-08-07 10:30:38.590 | INFO     | N/A | ⏳ 等待 Profile 更新任务...
2026-08-07 10:30:43.623 | INFO     | N/A | ⏳ 等待 Profile 更新任务...
2026-08-07 10:30:48.648 | INFO     | N/A | ⏳ 等待 Profile 更新任务...
2026-08-07 10:30:53.673 | INFO     | N/A | ⏳ 等待 Profile 更新任务...
2026-08-07 10:30:58.701 | INFO     | N/A | ⏳ 等待 Profile 更新任务...
2026-08-07 10:31:03.726 | INFO     | N/A | ⏳ 等待 Profile 更新任务...
2026-08-07 10:31:08.742 | INFO     | N/A | ⏳ 等待 Profile 更新任务...
2026-08-07 10:31:13.774 | INFO     | N/A | ⏳ 等待 Profile 更新任务...
2026-08-07 10:31:18.797 | INFO     | N/A | ⏳ 等待 Profile 更新任务...
2026-08-07 10:31:23.818 | INFO     | N/A | ⏳ 等待 Profile 更新任务...
2026-08-07 10:31:28.840 | INFO     | N/A | ⏳ 等待 Profile 更新任务...
2026-08-07 10:31:33.864 | INFO     | N/A | ⏳ 等待 Profile 更新任务...
2026-08-07 10:31:38.887 | INFO     | N/A | ⏳ 等待 Profile 更新任务...
2026-08-07 10:31:43.921 | INFO     | N/A | ⏳ 等待 Profile 更新任务...
2026-08-07 10:31:48.945 | INFO     | N/A | ⏳ 等待 Profile 更新任务...
2026-08-07 10:31:53.968 | INFO     | N/A | ⏳ 等待 Profile 更新任务...
2026-08-07 10:31:58.991 | INFO     | N/A | ⏳ 等待 Profile 更新任务...
2026-08-07 10:32:04.014 | INFO     | N/A | ⏳ 等待 Profile 更新任务...
2026-08-07 10:32:09.038 | INFO     | N/A | ⏳ 等待 Profile 更新任务...
2026-08-07 10:32:14.069 | INFO     | N/A | ⏳ 等待 Profile 更新任务...
2026-08-07 10:32:19.091 | INFO     | N/A | ⏳ 等待 Profile 更新任务...
2026-08-07 10:32:24.114 | INFO     | N/A | ⏳ 等待 Profile 更新任务...
2026-08-07 10:32:29.138 | INFO     | N/A | ⏳ 等待 Profile 更新任务...
2026-08-07 10:32:34.161 | INFO     | N/A | ⏳ 等待 Profile 更新任务...
2026-08-07 10:32:39.184 | INFO     | N/A | ⏳ 等待 Profile 更新任务...
2026-08-07 10:32:44.218 | INFO     | N/A | ⏳ 等待 Profile 更新任务...
2026-08-07 10:32:49.243 | INFO     | N/A | ⏳ 等待 Profile 更新任务...
2026-08-07 10:32:54.269 | INFO     | N/A | ⏳ 等待 Profile 更新任务...
2026-08-07 10:32:59.292 | INFO     | N/A | ⏳ 等待 Profile 更新任务...
2026-08-07 10:33:04.316 | INFO     | N/A | ⏳ 等待 Profile 更新任务...
2026-08-07 10:33:09.347 | INFO     | N/A | ⏳ 等待 Profile 更新任务...
2026-08-07 10:33:14.382 | INFO     | N/A | ⏳ 等待 Profile 更新任务...
2026-08-07 10:33:19.405 | INFO     | N/A | ⏳ 等待 Profile 更新任务...
2026-08-07 10:33:24.429 | INFO     | N/A | ⏳ 等待 Profile 更新任务...
2026-08-07 10:33:29.451 | INFO     | N/A | ⏳ 等待 Profile 更新任务...
2026-08-07 10:33:34.475 | INFO     | N/A | ⏳ 等待 Profile 更新任务...
2026-08-07 10:33:39.500 | INFO     | N/A | ⏳ 等待 Profile 更新任务...
2026-08-07 10:33:44.532 | INFO     | N/A | ⏳ 等待 Profile 更新任务...
2026-08-07 10:33:49.558 | INFO     | N/A | ⏳ 等待 Profile 更新任务...
2026-08-07 10:33:54.581 | INFO     | N/A | ⏳ 等待 Profile 更新任务...
2026-08-07 10:33:59.604 | INFO     | N/A | ⏳ 等待 Profile 更新任务...
2026-08-07 10:34:04.628 | INFO     | N/A | ⏳ 等待 Profile 更新任务...
2026-08-07 10:34:09.653 | INFO     | N/A | ⏳ 等待 Profile 更新任务...
2026-08-07 10:34:14.686 | INFO     | N/A | ⏳ 等待 Profile 更新任务...
2026-08-07 10:34:19.710 | INFO     | N/A | ⏳ 等待 Profile 更新任务...
2026-08-07 10:34:24.732 | INFO     | N/A | ⏳ 等待 Profile 更新任务...
2026-08-07 10:34:29.755 | INFO     | N/A | ⏳ 等待 Profile 更新任务...
2026-08-07 10:34:34.777 | INFO     | N/A | ⏳ 等待 Profile 更新任务...
2026-08-07 10:34:39.800 | INFO     | N/A | ⏳ 等待 Profile 更新任务...
2026-08-07 10:34:44.833 | INFO     | N/A | ⏳ 等待 Profile 更新任务...
2026-08-07 10:34:49.857 | INFO     | N/A | ⏳ 等待 Profile 更新任务...
2026-08-07 10:34:54.880 | INFO     | N/A | ⏳ 等待 Profile 更新任务...
2026-08-07 10:34:59.905 | INFO     | N/A | ⏳ 等待 Profile 更新任务...
2026-08-07 10:35:04.927 | INFO     | N/A | ⏳ 等待 Profile 更新任务...
2026-08-07 10:35:09.950 | INFO     | N/A | ⏳ 等待 Profile 更新任务...
2026-08-07 10:35:14.984 | INFO     | N/A | ⏳ 等待 Profile 更新任务...
2026-08-07 10:35:20.039 | INFO     | N/A | ⏳ 等待 Profile 更新任务...
2026-08-07 10:35:25.059 | INFO     | N/A | ⏳ 等待 Profile 更新任务...
2026-08-07 10:35:30.080 | INFO     | N/A | ⏳ 等待 Profile 更新任务...
2026-08-07 10:35:35.102 | INFO     | N/A | ⏳ 等待 Profile 更新任务...
2026-08-07 10:35:40.125 | INFO     | N/A | ⏳ 等待 Profile 更新任务...
2026-08-07 10:35:45.156 | INFO     | N/A | ⏳ 等待 Profile 更新任务...
2026-08-07 10:35:50.178 | INFO     | N/A | ⏳ 等待 Profile 更新任务...
2026-08-07 10:35:55.202 | INFO     | N/A | ⏳ 等待 Profile 更新任务...
2026-08-07 10:36:00.224 | INFO     | N/A | ⏳ 等待 Profile 更新任务...
2026-08-07 10:36:05.246 | INFO     | N/A | ⏳ 等待 Profile 更新任务...
2026-08-07 10:36:10.268 | INFO     | N/A | ⏳ 等待 Profile 更新任务...
2026-08-07 10:36:15.300 | INFO     | N/A | ⏳ 等待 Profile 更新任务...
2026-08-07 10:36:20.323 | INFO     | N/A | ⏳ 等待 Profile 更新任务...
2026-08-07 10:36:25.326 | INFO     | N/A | ⏳ 等待 Profile 更新任务...
2026-08-07 10:36:30.370 | INFO     | N/A | ⏳ 等待 Profile 更新任务...
2026-08-07 10:36:35.394 | INFO     | N/A | ⏳ 等待 Profile 更新任务...
2026-08-07 10:36:40.417 | INFO     | N/A | ⏳ 等待 Profile 更新任务...
2026-08-07 10:36:45.448 | INFO     | N/A | ⏳ 等待 Profile 更新任务...
2026-08-07 10:36:50.470 | INFO     | N/A | ⏳ 等待 Profile 更新任务...
2026-08-07 10:36:55.492 | INFO     | N/A | ⏳ 等待 Profile 更新任务...
2026-08-07 10:37:00.517 | INFO     | N/A | ⏳ 等待 Profile 更新任务...
2026-08-07 10:37:05.539 | INFO     | N/A | ⏳ 等待 Profile 更新任务...
2026-08-07 10:37:10.561 | INFO     | N/A | ⏳ 等待 Profile 更新任务...
2026-08-07 10:37:15.593 | INFO     | N/A | ⏳ 等待 Profile 更新任务...
2026-08-07 10:37:20.616 | INFO     | N/A | ⏳ 等待 Profile 更新任务...
2026-08-07 10:37:25.638 | INFO     | N/A | ⏳ 等待 Profile 更新任务...
2026-08-07 10:37:30.656 | INFO     | N/A | ⏳ 等待 Profile 更新任务...
2026-08-07 10:37:35.676 | INFO     | N/A | ⏳ 等待 Profile 更新任务...
2026-08-07 10:37:40.700 | INFO     | N/A | ⏳ 等待 Profile 更新任务...
2026-08-07 10:37:45.732 | INFO     | N/A | ⏳ 等待 Profile 更新任务...
2026-08-07 10:37:50.753 | INFO     | N/A | ⏳ 等待 Profile 更新任务...
2026-08-07 10:37:55.776 | INFO     | N/A | ⏳ 等待 Profile 更新任务...
2026-08-07 10:38:00.800 | INFO     | N/A | ⏳ 等待 Profile 更新任务...
2026-08-07 10:38:05.823 | INFO     | N/A | ⏳ 等待 Profile 更新任务...
2026-08-07 10:38:10.846 | INFO     | N/A | ⏳ 等待 Profile 更新任务...
2026-08-07 10:38:15.883 | INFO     | N/A | ⏳ 等待 Profile 更新任务...
2026-08-07 10:38:20.915 | INFO     | N/A | ⏳ 等待 Profile 更新任务...
2026-08-07 10:38:25.937 | INFO     | N/A | ⏳ 等待 Profile 更新任务...
2026-08-07 10:38:30.961 | INFO     | N/A | ⏳ 等待 Profile 更新任务...
2026-08-07 10:38:35.985 | INFO     | N/A | ⏳ 等待 Profile 更新任务...
2026-08-07 10:38:41.011 | INFO     | N/A | ⏳ 等待 Profile 更新任务...
2026-08-07 10:38:46.042 | INFO     | N/A | ⏳ 等待 Profile 更新任务...
2026-08-07 10:38:51.065 | INFO     | N/A | ⏳ 等待 Profile 更新任务...
2026-08-07 10:38:56.092 | INFO     | N/A | ⏳ 等待 Profile 更新任务...
2026-08-07 10:39:01.131 | INFO     | N/A | ⏳ 等待 Profile 更新任务...
2026-08-07 10:39:06.146 | INFO     | N/A | ⏳ 等待 Profile 更新任务...
2026-08-07 10:39:11.168 | INFO     | N/A | ⏳ 等待 Profile 更新任务...
2026-08-07 10:39:16.198 | INFO     | N/A | ⏳ 等待 Profile 更新任务...
2026-08-07 10:39:21.222 | INFO     | N/A | ⏳ 等待 Profile 更新任务...
2026-08-07 10:39:26.244 | INFO     | N/A | ⏳ 等待 Profile 更新任务...
2026-08-07 10:39:31.268 | INFO     | N/A | ⏳ 等待 Profile 更新任务...
2026-08-07 10:39:36.290 | INFO     | N/A | ⏳ 等待 Profile 更新任务...
2026-08-07 10:39:41.313 | INFO     | N/A | ⏳ 等待 Profile 更新任务...
2026-08-07 10:39:46.330 | INFO     | N/A | ⏳ 等待 Profile 更新任务...
2026-08-07 10:39:51.364 | INFO     | N/A | ⏳ 等待 Profile 更新任务...
2026-08-07 10:39:56.388 | INFO     | N/A | ⏳ 等待 Profile 更新任务...
2026-08-07 10:40:01.413 | INFO     | N/A | ⏳ 等待 Profile 更新任务...
2026-08-07 10:40:06.440 | INFO     | N/A | ⏳ 等待 Profile 更新任务...
2026-08-07 10:40:11.469 | INFO     | N/A | ⏳ 等待 Profile 更新任务...
2026-08-07 10:40:16.505 | INFO     | N/A | ⏳ 等待 Profile 更新任务...
2026-08-07 10:40:21.527 | INFO     | N/A | ⏳ 等待 Profile 更新任务...
2026-08-07 10:40:26.549 | INFO     | N/A | ⏳ 等待 Profile 更新任务...
2026-08-07 10:40:31.573 | INFO     | N/A | ⏳ 等待 Profile 更新任务...
2026-08-07 10:40:36.595 | INFO     | N/A | ⏳ 等待 Profile 更新任务...
2026-08-07 10:40:41.619 | INFO     | N/A | ⏳ 等待 Profile 更新任务...
2026-08-07 10:40:46.653 | INFO     | N/A | ⏳ 等待 Profile 更新任务...
2026-08-07 10:40:51.676 | INFO     | N/A | ⏳ 等待 Profile 更新任务...
2026-08-07 10:40:56.699 | INFO     | N/A | ⏳ 等待 Profile 更新任务...
2026-08-07 10:41:01.721 | INFO     | N/A | ⏳ 等待 Profile 更新任务...
2026-08-07 10:41:06.748 | INFO     | N/A | ⏳ 等待 Profile 更新任务...
2026-08-07 10:41:11.773 | INFO     | N/A | ⏳ 等待 Profile 更新任务...
2026-08-07 10:41:16.805 | INFO     | N/A | ⏳ 等待 Profile 更新任务...
2026-08-07 10:41:21.830 | INFO     | N/A | ⏳ 等待 Profile 更新任务...
2026-08-07 10:41:26.853 | INFO     | N/A | ⏳ 等待 Profile 更新任务...
2026-08-07 10:41:31.877 | INFO     | N/A | ⏳ 等待 Profile 更新任务...
2026-08-07 10:41:36.900 | INFO     | N/A | ⏳ 等待 Profile 更新任务...
2026-08-07 10:41:41.924 | INFO     | N/A | ⏳ 等待 Profile 更新任务...
2026-08-07 10:41:46.954 | INFO     | N/A | ⏳ 等待 Profile 更新任务...
2026-08-07 10:41:51.975 | INFO     | N/A | ⏳ 等待 Profile 更新任务...
2026-08-07 10:41:56.998 | INFO     | N/A | ⏳ 等待 Profile 更新任务...
2026-08-07 10:42:02.025 | INFO     | N/A | ⏳ 等待 Profile 更新任务...
2026-08-07 10:42:07.045 | INFO     | N/A | ⏳ 等待 Profile 更新任务...
2026-08-07 10:42:12.076 | INFO     | N/A | ⏳ 等待 Profile 更新任务...
2026-08-07 10:42:17.109 | INFO     | N/A | ⏳ 等待 Profile 更新任务...
2026-08-07 10:42:22.131 | INFO     | N/A | ⏳ 等待 Profile 更新任务...
2026-08-07 10:42:27.155 | INFO     | N/A | ⏳ 等待 Profile 更新任务...
2026-08-07 10:42:32.178 | INFO     | N/A | ⏳ 等待 Profile 更新任务...
2026-08-07 10:42:37.203 | INFO     | N/A | ⏳ 等待 Profile 更新任务...
2026-08-07 10:42:42.225 | INFO     | N/A | ⏳ 等待 Profile 更新任务...
2026-08-07 10:42:47.260 | INFO     | N/A | ⏳ 等待 Profile 更新任务...
2026-08-07 10:42:52.283 | INFO     | N/A | ⏳ 等待 Profile 更新任务...
2026-08-07 10:42:57.302 | INFO     | N/A | ⏳ 等待 Profile 更新任务...
2026-08-07 10:43:02.325 | INFO     | N/A | ⏳ 等待 Profile 更新任务...
2026-08-07 10:43:07.346 | INFO     | N/A | ⏳ 等待 Profile 更新任务...
2026-08-07 10:43:12.370 | INFO     | N/A | ⏳ 等待 Profile 更新任务...
2026-08-07 10:43:17.407 | INFO     | N/A | ⏳ 等待 Profile 更新任务...
2026-08-07 10:43:22.429 | INFO     | N/A | ⏳ 等待 Profile 更新任务...
2026-08-07 10:43:27.449 | INFO     | N/A | ⏳ 等待 Profile 更新任务...
2026-08-07 10:43:32.470 | INFO     | N/A | ⏳ 等待 Profile 更新任务...
2026-08-07 10:43:37.490 | INFO     | N/A | ⏳ 等待 Profile 更新任务...
2026-08-07 10:43:42.514 | INFO     | N/A | ⏳ 等待 Profile 更新任务...
2026-08-07 10:43:47.545 | INFO     | N/A | ⏳ 等待 Profile 更新任务...
2026-08-07 10:43:52.565 | INFO     | N/A | ⏳ 等待 Profile 更新任务...
2026-08-07 10:43:57.589 | INFO     | N/A | ⏳ 等待 Profile 更新任务...
2026-08-07 10:44:02.612 | INFO     | N/A | ⏳ 等待 Profile 更新任务...
2026-08-07 10:44:07.635 | INFO     | N/A | ⏳ 等待 Profile 更新任务...
2026-08-07 10:44:12.660 | INFO     | N/A | ⏳ 等待 Profile 更新任务...
2026-08-07 10:44:17.690 | INFO     | N/A | ⏳ 等待 Profile 更新任务...
2026-08-07 10:44:22.711 | INFO     | N/A | ⏳ 等待 Profile 更新任务...
2026-08-07 10:44:27.733 | INFO     | N/A | ⏳ 等待 Profile 更新任务...
2026-08-07 10:44:32.757 | INFO     | N/A | ⏳ 等待 Profile 更新任务...
2026-08-07 10:44:37.779 | INFO     | N/A | ⏳ 等待 Profile 更新任务...
2026-08-07 10:44:42.802 | INFO     | N/A | ⏳ 等待 Profile 更新任务...
2026-08-07 10:44:47.836 | INFO     | N/A | ⏳ 等待 Profile 更新任务...
2026-08-07 10:44:52.857 | INFO     | N/A | ⏳ 等待 Profile 更新任务...
2026-08-07 10:44:57.881 | INFO     | N/A | ⏳ 等待 Profile 更新任务...
2026-08-07 10:45:02.904 | INFO     | N/A | ⏳ 等待 Profile 更新任务...
2026-08-07 10:45:07.929 | INFO     | N/A | ⏳ 等待 Profile 更新任务...
2026-08-07 10:45:12.958 | INFO     | N/A | ⏳ 等待 Profile 更新任务...
2026-08-07 10:45:17.989 | INFO     | N/A | ⏳ 等待 Profile 更新任务...
2026-08-07 10:45:23.011 | INFO     | N/A | ⏳ 等待 Profile 更新任务...
2026-08-07 10:45:28.035 | INFO     | N/A | ⏳ 等待 Profile 更新任务...
2026-08-07 10:45:33.059 | INFO     | N/A | ⏳ 等待 Profile 更新任务...
2026-08-07 10:45:38.083 | INFO     | N/A | ⏳ 等待 Profile 更新任务...
2026-08-07 10:45:43.105 | INFO     | N/A | ⏳ 等待 Profile 更新任务...
2026-08-07 10:45:48.135 | INFO     | N/A | ⏳ 等待 Profile 更新任务...
2026-08-07 10:45:53.156 | INFO     | N/A | ⏳ 等待 Profile 更新任务...
2026-08-07 10:45:58.181 | INFO     | N/A | ⏳ 等待 Profile 更新任务...
2026-08-07 10:46:03.204 | INFO     | N/A | ⏳ 等待 Profile 更新任务...
2026-08-07 10:46:08.224 | INFO     | N/A | ⏳ 等待 Profile 更新任务...
2026-08-07 10:46:13.245 | INFO     | N/A | ⏳ 等待 Profile 更新任务...
2026-08-07 10:46:18.275 | INFO     | N/A | ⏳ 等待 Profile 更新任务...
2026-08-07 10:46:23.300 | INFO     | N/A | ⏳ 等待 Profile 更新任务...
2026-08-07 10:46:28.328 | INFO     | N/A | ⏳ 等待 Profile 更新任务...
2026-08-07 10:46:33.349 | INFO     | N/A | ⏳ 等待 Profile 更新任务...
2026-08-07 10:46:38.374 | INFO     | N/A | ⏳ 等待 Profile 更新任务...
2026-08-07 10:46:43.397 | INFO     | N/A | ⏳ 等待 Profile 更新任务...
2026-08-07 10:46:48.429 | INFO     | N/A | ⏳ 等待 Profile 更新任务...
2026-08-07 10:46:53.454 | INFO     | N/A | ⏳ 等待 Profile 更新任务...
2026-08-07 10:46:58.476 | INFO     | N/A | ⏳ 等待 Profile 更新任务...
2026-08-07 10:47:03.499 | INFO     | N/A | ⏳ 等待 Profile 更新任务...
2026-08-07 10:47:08.521 | INFO     | N/A | ⏳ 等待 Profile 更新任务...
2026-08-07 10:47:13.544 | INFO     | N/A | ⏳ 等待 Profile 更新任务...
2026-08-07 10:47:18.576 | INFO     | N/A | ⏳ 等待 Profile 更新任务...
2026-08-07 10:47:23.599 | INFO     | N/A | ⏳ 等待 Profile 更新任务...
2026-08-07 10:47:28.622 | INFO     | N/A | ⏳ 等待 Profile 更新任务...
2026-08-07 10:47:33.643 | INFO     | N/A | ⏳ 等待 Profile 更新任务...
2026-08-07 10:47:38.664 | INFO     | N/A | ⏳ 等待 Profile 更新任务...
2026-08-07 10:47:43.686 | INFO     | N/A | ⏳ 等待 Profile 更新任务...
2026-08-07 10:47:48.721 | INFO     | N/A | ⏳ 等待 Profile 更新任务...
2026-08-07 10:47:53.743 | INFO     | N/A | ⏳ 等待 Profile 更新任务...
2026-08-07 10:47:58.765 | INFO     | N/A | ⏳ 等待 Profile 更新任务...
2026-08-07 10:48:03.789 | INFO     | N/A | ⏳ 等待 Profile 更新任务...
2026-08-07 10:48:08.810 | INFO     | N/A | ⏳ 等待 Profile 更新任务...
2026-08-07 10:48:13.834 | INFO     | N/A | ⏳ 等待 Profile 更新任务...
2026-08-07 10:48:18.866 | INFO     | N/A | ⏳ 等待 Profile 更新任务...
2026-08-07 10:48:23.887 | INFO     | N/A | ⏳ 等待 Profile 更新任务...
2026-08-07 10:48:28.910 | INFO     | N/A | ⏳ 等待 Profile 更新任务...
2026-08-07 10:48:33.932 | INFO     | N/A | ⏳ 等待 Profile 更新任务...
2026-08-07 10:48:38.953 | INFO     | N/A | ⏳ 等待 Profile 更新任务...
2026-08-07 10:48:43.975 | INFO     | N/A | ⏳ 等待 Profile 更新任务...
2026-08-07 10:48:49.012 | INFO     | N/A | ⏳ 等待 Profile 更新任务...
2026-08-07 10:48:54.034 | INFO     | N/A | ⏳ 等待 Profile 更新任务...
2026-08-07 10:48:59.057 | INFO     | N/A | ⏳ 等待 Profile 更新任务...
2026-08-07 10:49:04.080 | INFO     | N/A | ⏳ 等待 Profile 更新任务...
2026-08-07 10:49:09.104 | INFO     | N/A | ⏳ 等待 Profile 更新任务...
2026-08-07 10:49:14.126 | INFO     | N/A | ⏳ 等待 Profile 更新任务...
2026-08-07 10:49:19.159 | INFO     | N/A | ⏳ 等待 Profile 更新任务...
2026-08-07 10:49:24.181 | INFO     | N/A | ⏳ 等待 Profile 更新任务...
2026-08-07 10:49:29.202 | INFO     | N/A | ⏳ 等待 Profile 更新任务...
2026-08-07 10:49:34.226 | INFO     | N/A | ⏳ 等待 Profile 更新任务...
2026-08-07 10:49:39.251 | INFO     | N/A | ⏳ 等待 Profile 更新任务...
2026-08-07 10:49:44.273 | INFO     | N/A | ⏳ 等待 Profile 更新任务...
2026-08-07 10:49:49.309 | INFO     | N/A | ⏳ 等待 Profile 更新任务...
2026-08-07 10:49:54.334 | INFO     | N/A | ⏳ 等待 Profile 更新任务...
2026-08-07 10:49:59.356 | INFO     | N/A | ⏳ 等待 Profile 更新任务...
2026-08-07 10:50:04.380 | INFO     | N/A | ⏳ 等待 Profile 更新任务...
2026-08-07 10:50:09.403 | INFO     | N/A | ⏳ 等待 Profile 更新任务...
2026-08-07 10:50:14.428 | INFO     | N/A | ⏳ 等待 Profile 更新任务...
2026-08-07 10:50:19.459 | INFO     | N/A | ⏳ 等待 Profile 更新任务...
2026-08-07 10:50:24.483 | INFO     | N/A | ⏳ 等待 Profile 更新任务...
2026-08-07 10:50:29.504 | INFO     | N/A | ⏳ 等待 Profile 更新任务...
2026-08-07 10:50:34.526 | INFO     | N/A | ⏳ 等待 Profile 更新任务...
2026-08-07 10:50:39.548 | INFO     | N/A | ⏳ 等待 Profile 更新任务...
2026-08-07 10:50:44.574 | INFO     | N/A | ⏳ 等待 Profile 更新任务...
2026-08-07 10:50:49.612 | INFO     | N/A | ⏳ 等待 Profile 更新任务...
2026-08-07 10:50:54.636 | INFO     | N/A | ⏳ 等待 Profile 更新任务...
2026-08-07 10:50:59.662 | INFO     | N/A | ⏳ 等待 Profile 更新任务...
2026-08-07 10:51:04.686 | INFO     | N/A | ⏳ 等待 Profile 更新任务...
2026-08-07 10:51:09.709 | INFO     | N/A | ⏳ 等待 Profile 更新任务...
2026-08-07 10:51:14.738 | INFO     | N/A | ⏳ 等待 Profile 更新任务...
2026-08-07 10:51:19.771 | INFO     | N/A | ⏳ 等待 Profile 更新任务...
2026-08-07 10:51:24.793 | INFO     | N/A | ⏳ 等待 Profile 更新任务...
2026-08-07 10:51:29.814 | INFO     | N/A | ⏳ 等待 Profile 更新任务...
2026-08-07 10:51:34.836 | INFO     | N/A | ⏳ 等待 Profile 更新任务...
2026-08-07 10:51:39.859 | INFO     | N/A | ⏳ 等待 Profile 更新任务...
2026-08-07 10:51:44.885 | INFO     | N/A | ⏳ 等待 Profile 更新任务...
2026-08-07 10:51:49.919 | INFO     | N/A | ⏳ 等待 Profile 更新任务...
2026-08-07 10:51:54.943 | INFO     | N/A | ⏳ 等待 Profile 更新任务...
2026-08-07 10:51:59.968 | INFO     | N/A | ⏳ 等待 Profile 更新任务...
2026-08-07 10:52:04.990 | INFO     | N/A | ⏳ 等待 Profile 更新任务...
2026-08-07 10:52:10.012 | INFO     | N/A | ⏳ 等待 Profile 更新任务...
2026-08-07 10:52:15.034 | INFO     | N/A | ⏳ 等待 Profile 更新任务...
2026-08-07 10:52:20.071 | INFO     | N/A | ⏳ 等待 Profile 更新任务...
2026-08-07 10:52:25.093 | INFO     | N/A | ⏳ 等待 Profile 更新任务...
2026-08-07 10:52:30.116 | INFO     | N/A | ⏳ 等待 Profile 更新任务...
2026-08-07 10:52:35.138 | INFO     | N/A | ⏳ 等待 Profile 更新任务...
2026-08-07 10:52:40.163 | INFO     | N/A | ⏳ 等待 Profile 更新任务...
2026-08-07 10:52:45.185 | INFO     | N/A | ⏳ 等待 Profile 更新任务...
2026-08-07 10:52:50.218 | INFO     | N/A | ⏳ 等待 Profile 更新任务...
2026-08-07 10:52:55.241 | INFO     | N/A | ⏳ 等待 Profile 更新任务...
2026-08-07 10:53:00.263 | INFO     | N/A | ⏳ 等待 Profile 更新任务...
2026-08-07 10:53:05.287 | INFO     | N/A | ⏳ 等待 Profile 更新任务...
2026-08-07 10:53:10.308 | INFO     | N/A | ⏳ 等待 Profile 更新任务...
2026-08-07 10:53:15.331 | INFO     | N/A | ⏳ 等待 Profile 更新任务...
2026-08-07 10:53:20.371 | INFO     | N/A | ⏳ 等待 Profile 更新任务...
2026-08-07 10:53:25.394 | INFO     | N/A | ⏳ 等待 Profile 更新任务...
2026-08-07 10:53:30.419 | INFO     | N/A | ⏳ 等待 Profile 更新任务...
2026-08-07 10:53:35.443 | INFO     | N/A | ⏳ 等待 Profile 更新任务...
2026-08-07 10:53:40.466 | INFO     | N/A | ⏳ 等待 Profile 更新任务...
2026-08-07 10:53:45.490 | INFO     | N/A | ⏳ 等待 Profile 更新任务...
2026-08-07 10:53:50.525 | INFO     | N/A | ⏳ 等待 Profile 更新任务...
2026-08-07 10:53:55.551 | INFO     | N/A | ⏳ 等待 Profile 更新任务...
2026-08-07 10:54:00.577 | INFO     | N/A | ⏳ 等待 Profile 更新任务...
2026-08-07 10:54:05.604 | INFO     | N/A | ⏳ 等待 Profile 更新任务...
2026-08-07 10:54:10.627 | INFO     | N/A | ⏳ 等待 Profile 更新任务...
2026-08-07 10:54:15.654 | INFO     | N/A | ⏳ 等待 Profile 更新任务...
2026-08-07 10:54:20.690 | INFO     | N/A | ⏳ 等待 Profile 更新任务...
2026-08-07 10:54:25.714 | INFO     | N/A | ⏳ 等待 Profile 更新任务...
2026-08-07 10:54:30.738 | INFO     | N/A | ⏳ 等待 Profile 更新任务...
2026-08-07 10:54:35.763 | INFO     | N/A | ⏳ 等待 Profile 更新任务...
2026-08-07 10:54:40.787 | INFO     | N/A | ⏳ 等待 Profile 更新任务...
2026-08-07 10:54:45.812 | INFO     | N/A | ⏳ 等待 Profile 更新任务...
2026-08-07 10:54:50.846 | INFO     | N/A | ⏳ 等待 Profile 更新任务...
2026-08-07 10:54:55.870 | INFO     | N/A | ⏳ 等待 Profile 更新任务...
2026-08-07 10:55:00.892 | INFO     | N/A | ⏳ 等待 Profile 更新任务...
2026-08-07 10:55:05.917 | INFO     | N/A | ⏳ 等待 Profile 更新任务...
2026-08-07 10:55:10.941 | INFO     | N/A | ⏳ 等待 Profile 更新任务...
2026-08-07 10:55:15.965 | INFO     | N/A | ⏳ 等待 Profile 更新任务...
2026-08-07 10:55:21.005 | INFO     | N/A | ⏳ 等待 Profile 更新任务...
2026-08-07 10:55:26.029 | INFO     | N/A | ⏳ 等待 Profile 更新任务...
2026-08-07 10:55:31.054 | INFO     | N/A | ⏳ 等待 Profile 更新任务...
2026-08-07 10:55:36.078 | INFO     | N/A | ⏳ 等待 Profile 更新任务...
2026-08-07 10:55:41.101 | INFO     | N/A | ⏳ 等待 Profile 更新任务...
2026-08-07 10:55:46.124 | INFO     | N/A | ⏳ 等待 Profile 更新任务...
2026-08-07 10:55:51.150 | INFO     | N/A | ⏳ 等待 Profile 更新任务...
2026-08-07 10:55:56.167 | INFO     | N/A | ⏳ 等待 Profile 更新任务...
2026-08-07 10:56:01.188 | INFO     | N/A | ⏳ 等待 Profile 更新任务...
2026-08-07 10:56:06.213 | INFO     | N/A | ⏳ 等待 Profile 更新任务...
2026-08-07 10:56:11.239 | INFO     | N/A | ⏳ 等待 Profile 更新任务...
2026-08-07 10:56:16.266 | INFO     | N/A | ⏳ 等待 Profile 更新任务...
2026-08-07 10:56:21.309 | INFO     | N/A | ⏳ 等待 Profile 更新任务...
2026-08-07 10:56:26.332 | INFO     | N/A | ⏳ 等待 Profile 更新任务...
2026-08-07 10:56:31.354 | INFO     | N/A | ⏳ 等待 Profile 更新任务...
2026-08-07 10:56:36.380 | INFO     | N/A | ⏳ 等待 Profile 更新任务...
2026-08-07 10:56:41.404 | INFO     | N/A | ⏳ 等待 Profile 更新任务...
2026-08-07 10:56:46.429 | INFO     | N/A | ⏳ 等待 Profile 更新任务...
2026-08-07 10:56:51.462 | INFO     | N/A | ⏳ 等待 Profile 更新任务...
2026-08-07 10:56:56.491 | INFO     | N/A | ⏳ 等待 Profile 更新任务...
2026-08-07 10:57:01.511 | INFO     | N/A | ⏳ 等待 Profile 更新任务...
2026-08-07 10:57:06.534 | INFO     | N/A | ⏳ 等待 Profile 更新任务...
2026-08-07 10:57:11.559 | INFO     | N/A | ⏳ 等待 Profile 更新任务...
2026-08-07 10:57:16.586 | INFO     | N/A | ⏳ 等待 Profile 更新任务...
2026-08-07 10:57:21.624 | INFO     | N/A | ⏳ 等待 Profile 更新任务...
2026-08-07 10:57:26.646 | INFO     | N/A | ⏳ 等待 Profile 更新任务...
2026-08-07 10:57:31.674 | INFO     | N/A | ⏳ 等待 Profile 更新任务...
2026-08-07 10:57:36.701 | INFO     | N/A | ⏳ 等待 Profile 更新任务...
2026-08-07 10:57:41.727 | INFO     | N/A | ⏳ 等待 Profile 更新任务...
2026-08-07 10:57:46.750 | INFO     | N/A | ⏳ 等待 Profile 更新任务...
2026-08-07 10:57:51.782 | INFO     | N/A | ⏳ 等待 Profile 更新任务...
2026-08-07 10:57:56.807 | INFO     | N/A | ⏳ 等待 Profile 更新任务...
2026-08-07 10:58:01.832 | INFO     | N/A | ⏳ 等待 Profile 更新任务...
2026-08-07 10:58:06.857 | INFO     | N/A | ⏳ 等待 Profile 更新任务...
2026-08-07 10:58:11.880 | INFO     | N/A | ⏳ 等待 Profile 更新任务...
2026-08-07 10:58:16.904 | INFO     | N/A | ⏳ 等待 Profile 更新任务...
2026-08-07 10:58:21.939 | INFO     | N/A | ⏳ 等待 Profile 更新任务...
2026-08-07 10:58:26.962 | INFO     | N/A | ⏳ 等待 Profile 更新任务...
2026-08-07 10:58:31.985 | INFO     | N/A | ⏳ 等待 Profile 更新任务...
2026-08-07 10:58:37.007 | INFO     | N/A | ⏳ 等待 Profile 更新任务...
2026-08-07 10:58:42.031 | INFO     | N/A | ⏳ 等待 Profile 更新任务...
2026-08-07 10:58:47.062 | INFO     | N/A | ⏳ 等待 Profile 更新任务...
2026-08-07 10:58:52.096 | INFO     | N/A | ⏳ 等待 Profile 更新任务...
2026-08-07 10:58:57.125 | INFO     | N/A | ⏳ 等待 Profile 更新任务...
2026-08-07 10:59:02.146 | INFO     | N/A | ⏳ 等待 Profile 更新任务...
2026-08-07 10:59:07.171 | INFO     | N/A | ⏳ 等待 Profile 更新任务...
2026-08-07 10:59:12.196 | INFO     | N/A | ⏳ 等待 Profile 更新任务...
2026-08-07 10:59:17.220 | INFO     | N/A | ⏳ 等待 Profile 更新任务...
2026-08-07 10:59:22.257 | INFO     | N/A | ⏳ 等待 Profile 更新任务...
2026-08-07 10:59:27.283 | INFO     | N/A | ⏳ 等待 Profile 更新任务...
2026-08-07 10:59:32.306 | INFO     | N/A | ⏳ 等待 Profile 更新任务...
2026-08-07 10:59:37.329 | INFO     | N/A | ⏳ 等待 Profile 更新任务...
2026-08-07 10:59:42.352 | INFO     | N/A | ⏳ 等待 Profile 更新任务...
2026-08-07 10:59:47.379 | INFO     | N/A | ⏳ 等待 Profile 更新任务...
2026-08-07 10:59:52.412 | INFO     | N/A | ⏳ 等待 Profile 更新任务...
2026-08-07 10:59:57.435 | INFO     | N/A | ⏳ 等待 Profile 更新任务...
2026-08-07 11:00:02.460 | INFO     | N/A | ⏳ 等待 Profile 更新任务...
2026-08-07 11:00:07.487 | INFO     | N/A | ⏳ 等待 Profile 更新任务...
2026-08-07 11:00:12.512 | INFO     | N/A | ⏳ 等待 Profile 更新任务...
2026-08-07 11:00:17.522 | INFO     | N/A | ⏳ 等待 Profile 更新任务...
2026-08-07 11:00:22.576 | INFO     | N/A | ⏳ 等待 Profile 更新任务...
2026-08-07 11:00:27.599 | INFO     | N/A | ⏳ 等待 Profile 更新任务...
2026-08-07 11:00:32.628 | INFO     | N/A | ⏳ 等待 Profile 更新任务...
2026-08-07 11:00:37.650 | INFO     | N/A | ⏳ 等待 Profile 更新任务...
2026-08-07 11:00:42.675 | INFO     | N/A | ⏳ 等待 Profile 更新任务...
2026-08-07 11:00:47.701 | INFO     | N/A | ⏳ 等待 Profile 更新任务...
2026-08-07 11:00:52.737 | INFO     | N/A | ⏳ 等待 Profile 更新任务...
2026-08-07 11:00:57.761 | INFO     | N/A | ⏳ 等待 Profile 更新任务...
2026-08-07 11:01:02.787 | INFO     | N/A | ⏳ 等待 Profile 更新任务...
2026-08-07 11:01:07.813 | INFO     | N/A | ⏳ 等待 Profile 更新任务...
2026-08-07 11:01:12.836 | INFO     | N/A | ⏳ 等待 Profile 更新任务...
2026-08-07 11:01:17.863 | INFO     | N/A | ⏳ 等待 Profile 更新任务...
2026-08-07 11:01:22.894 | INFO     | N/A | ⏳ 等待 Profile 更新任务...
2026-08-07 11:01:27.919 | INFO     | N/A | ⏳ 等待 Profile 更新任务...
2026-08-07 11:01:32.944 | INFO     | N/A | ⏳ 等待 Profile 更新任务...
2026-08-07 11:01:37.969 | INFO     | N/A | ⏳ 等待 Profile 更新任务...
2026-08-07 11:01:42.992 | INFO     | N/A | ⏳ 等待 Profile 更新任务...
2026-08-07 11:01:48.020 | INFO     | N/A | ⏳ 等待 Profile 更新任务...
2026-08-07 11:01:53.051 | INFO     | N/A | ⏳ 等待 Profile 更新任务...
2026-08-07 11:01:58.076 | INFO     | N/A | ⏳ 等待 Profile 更新任务...
2026-08-07 11:02:03.101 | INFO     | N/A | ⏳ 等待 Profile 更新任务...
2026-08-07 11:02:08.125 | INFO     | N/A | ⏳ 等待 Profile 更新任务...
2026-08-07 11:02:13.147 | INFO     | N/A | ⏳ 等待 Profile 更新任务...
2026-08-07 11:02:18.176 | INFO     | N/A | ⏳ 等待 Profile 更新任务...
2026-08-07 11:02:23.208 | INFO     | N/A | ⏳ 等待 Profile 更新任务...
2026-08-07 11:02:28.240 | INFO     | N/A | ⏳ 等待 Profile 更新任务...
2026-08-07 11:02:33.264 | INFO     | N/A | ⏳ 等待 Profile 更新任务...
2026-08-07 11:02:38.287 | INFO     | N/A | ⏳ 等待 Profile 更新任务...
2026-08-07 11:02:43.311 | INFO     | N/A | ⏳ 等待 Profile 更新任务...
2026-08-07 11:02:48.326 | INFO     | N/A | ⏳ 等待 Profile 更新任务...
2026-08-07 11:02:53.367 | INFO     | N/A | ⏳ 等待 Profile 更新任务...
2026-08-07 11:02:58.390 | INFO     | N/A | ⏳ 等待 Profile 更新任务...
2026-08-07 11:03:03.415 | INFO     | N/A | ⏳ 等待 Profile 更新任务...
2026-08-07 11:03:08.439 | INFO     | N/A | ⏳ 等待 Profile 更新任务...
2026-08-07 11:03:13.467 | INFO     | N/A | ⏳ 等待 Profile 更新任务...
2026-08-07 11:03:18.495 | INFO     | N/A | ⏳ 等待 Profile 更新任务...
2026-08-07 11:03:23.526 | INFO     | N/A | ⏳ 等待 Profile 更新任务...
2026-08-07 11:03:28.554 | INFO     | N/A | ⏳ 等待 Profile 更新任务...
2026-08-07 11:03:33.576 | INFO     | N/A | ⏳ 等待 Profile 更新任务...
2026-08-07 11:03:38.601 | INFO     | N/A | ⏳ 等待 Profile 更新任务...
2026-08-07 11:03:43.625 | INFO     | N/A | ⏳ 等待 Profile 更新任务...
2026-08-07 11:03:48.630 | INFO     | N/A | ⏳ 等待 Profile 更新任务...
2026-08-07 11:03:53.682 | INFO     | N/A | ⏳ 等待 Profile 更新任务...
2026-08-07 11:03:58.705 | INFO     | N/A | ⏳ 等待 Profile 更新任务...
2026-08-07 11:04:03.730 | INFO     | N/A | ⏳ 等待 Profile 更新任务...
2026-08-07 11:04:08.754 | INFO     | N/A | ⏳ 等待 Profile 更新任务...
2026-08-07 11:04:13.778 | INFO     | N/A | ⏳ 等待 Profile 更新任务...
2026-08-07 11:04:18.809 | INFO     | N/A | ⏳ 等待 Profile 更新任务...
2026-08-07 11:04:23.839 | INFO     | N/A | ⏳ 等待 Profile 更新任务...
2026-08-07 11:04:28.869 | INFO     | N/A | ⏳ 等待 Profile 更新任务...
2026-08-07 11:04:33.891 | INFO     | N/A | ⏳ 等待 Profile 更新任务...
2026-08-07 11:04:38.915 | INFO     | N/A | ⏳ 等待 Profile 更新任务...
2026-08-07 11:04:43.939 | INFO     | N/A | ⏳ 等待 Profile 更新任务...
2026-08-07 11:04:48.970 | INFO     | N/A | ⏳ 等待 Profile 更新任务...
2026-08-07 11:04:53.999 | INFO     | N/A | ⏳ 等待 Profile 更新任务...
2026-08-07 11:04:59.022 | INFO     | N/A | ⏳ 等待 Profile 更新任务...
2026-08-07 11:05:04.045 | INFO     | N/A | ⏳ 等待 Profile 更新任务...
2026-08-07 11:05:09.071 | INFO     | N/A | ⏳ 等待 Profile 更新任务...
2026-08-07 11:05:14.095 | INFO     | N/A | ⏳ 等待 Profile 更新任务...
2026-08-07 11:05:19.127 | INFO     | N/A | ⏳ 等待 Profile 更新任务...
2026-08-07 11:05:24.154 | INFO     | N/A | ⏳ 等待 Profile 更新任务...
2026-08-07 11:05:29.184 | INFO     | N/A | ⏳ 等待 Profile 更新任务...
2026-08-07 11:05:34.204 | INFO     | N/A | ⏳ 等待 Profile 更新任务...
2026-08-07 11:05:39.230 | INFO     | N/A | ⏳ 等待 Profile 更新任务...
2026-08-07 11:05:44.252 | INFO     | N/A | ⏳ 等待 Profile 更新任务...
2026-08-07 11:05:49.283 | INFO     | N/A | ⏳ 等待 Profile 更新任务...
2026-08-07 11:05:54.310 | INFO     | N/A | ⏳ 等待 Profile 更新任务...
2026-08-07 11:05:59.338 | INFO     | N/A | ⏳ 等待 Profile 更新任务...
2026-08-07 11:06:04.362 | INFO     | N/A | ⏳ 等待 Profile 更新任务...
2026-08-07 11:06:09.388 | INFO     | N/A | ⏳ 等待 Profile 更新任务...
2026-08-07 11:06:14.411 | INFO     | N/A | ⏳ 等待 Profile 更新任务...
2026-08-07 11:06:19.425 | INFO     | N/A | ⏳ 等待 Profile 更新任务...
2026-08-07 11:06:24.469 | INFO     | N/A | ⏳ 等待 Profile 更新任务...
2026-08-07 11:06:29.497 | INFO     | N/A | ⏳ 等待 Profile 更新任务...
2026-08-07 11:06:34.520 | INFO     | N/A | ⏳ 等待 Profile 更新任务...
2026-08-07 11:06:39.543 | INFO     | N/A | ⏳ 等待 Profile 更新任务...
2026-08-07 11:06:44.570 | INFO     | N/A | ⏳ 等待 Profile 更新任务...
2026-08-07 11:06:49.603 | INFO     | N/A | ⏳ 等待 Profile 更新任务...
2026-08-07 11:06:54.632 | INFO     | N/A | ⏳ 等待 Profile 更新任务...
2026-08-07 11:06:59.656 | INFO     | N/A | ⏳ 等待 Profile 更新任务...
2026-08-07 11:07:04.685 | INFO     | N/A | ⏳ 等待 Profile 更新任务...
2026-08-07 11:07:09.710 | INFO     | N/A | ⏳ 等待 Profile 更新任务...
2026-08-07 11:07:14.733 | INFO     | N/A | ⏳ 等待 Profile 更新任务...
2026-08-07 11:07:19.766 | INFO     | N/A | ⏳ 等待 Profile 更新任务...
2026-08-07 11:07:24.792 | INFO     | N/A | ⏳ 等待 Profile 更新任务...
2026-08-07 11:07:29.820 | INFO     | N/A | ⏳ 等待 Profile 更新任务...
2026-08-07 11:07:34.843 | INFO     | N/A | ⏳ 等待 Profile 更新任务...
2026-08-07 11:07:39.867 | INFO     | N/A | ⏳ 等待 Profile 更新任务...
2026-08-07 11:07:44.890 | INFO     | N/A | ⏳ 等待 Profile 更新任务...
2026-08-07 11:07:49.922 | INFO     | N/A | ⏳ 等待 Profile 更新任务...
2026-08-07 11:07:54.949 | INFO     | N/A | ⏳ 等待 Profile 更新任务...
2026-08-07 11:07:59.973 | INFO     | N/A | ⏳ 等待 Profile 更新任务...
2026-08-07 11:08:04.998 | INFO     | N/A | ⏳ 等待 Profile 更新任务...
2026-08-07 11:08:10.024 | INFO     | N/A | ⏳ 等待 Profile 更新任务...
2026-08-07 11:08:15.051 | INFO     | N/A | ⏳ 等待 Profile 更新任务...
2026-08-07 11:08:20.084 | INFO     | N/A | ⏳ 等待 Profile 更新任务...
2026-08-07 11:08:25.108 | INFO     | N/A | ⏳ 等待 Profile 更新任务...
2026-08-07 11:08:30.130 | INFO     | N/A | ⏳ 等待 Profile 更新任务...
2026-08-07 11:08:35.160 | INFO     | N/A | ⏳ 等待 Profile 更新任务...
2026-08-07 11:08:40.188 | INFO     | N/A | ⏳ 等待 Profile 更新任务...
2026-08-07 11:08:45.211 | INFO     | N/A | ⏳ 等待 Profile 更新任务...
2026-08-07 11:08:50.223 | INFO     | N/A | ⏳ 等待 Profile 更新任务...
2026-08-07 11:08:55.287 | INFO     | N/A | ⏳ 等待 Profile 更新任务...
2026-08-07 11:09:00.310 | INFO     | N/A | ⏳ 等待 Profile 更新任务...
2026-08-07 11:09:05.326 | INFO     | N/A | ⏳ 等待 Profile 更新任务...
2026-08-07 11:09:10.356 | INFO     | N/A | ⏳ 等待 Profile 更新任务...
2026-08-07 11:09:15.391 | INFO     | N/A | ⏳ 等待 Profile 更新任务...
2026-08-07 11:09:20.416 | INFO     | N/A | ⏳ 等待 Profile 更新任务...
2026-08-07 11:09:25.439 | INFO     | N/A | ⏳ 等待 Profile 更新任务...
2026-08-07 11:09:30.465 | INFO     | N/A | ⏳ 等待 Profile 更新任务...
2026-08-07 11:09:35.495 | INFO     | N/A | ⏳ 等待 Profile 更新任务...
2026-08-07 11:09:40.519 | INFO     | N/A | ⏳ 等待 Profile 更新任务...
2026-08-07 11:09:45.542 | INFO     | N/A | ⏳ 等待 Profile 更新任务...
2026-08-07 11:09:50.579 | INFO     | N/A | ⏳ 等待 Profile 更新任务...
2026-08-07 11:09:55.607 | INFO     | N/A | ⏳ 等待 Profile 更新任务...
2026-08-07 11:10:00.632 | INFO     | N/A | ⏳ 等待 Profile 更新任务...
2026-08-07 11:10:05.655 | INFO     | N/A | ⏳ 等待 Profile 更新任务...
2026-08-07 11:10:10.679 | INFO     | N/A | ⏳ 等待 Profile 更新任务...
2026-08-07 11:10:15.703 | INFO     | N/A | ⏳ 等待 Profile 更新任务...
2026-08-07 11:10:20.738 | INFO     | N/A | ⏳ 等待 Profile 更新任务...
2026-08-07 11:10:25.763 | INFO     | N/A | ⏳ 等待 Profile 更新任务...
2026-08-07 11:10:30.789 | INFO     | N/A | ⏳ 等待 Profile 更新任务...
2026-08-07 11:10:35.813 | INFO     | N/A | ⏳ 等待 Profile 更新任务...
2026-08-07 11:10:40.836 | INFO     | N/A | ⏳ 等待 Profile 更新任务...
2026-08-07 11:10:45.858 | INFO     | N/A | ⏳ 等待 Profile 更新任务...
2026-08-07 11:10:50.890 | INFO     | N/A | ⏳ 等待 Profile 更新任务...
2026-08-07 11:10:55.918 | INFO     | N/A | ⏳ 等待 Profile 更新任务...
2026-08-07 11:11:00.940 | INFO     | N/A | ⏳ 等待 Profile 更新任务...
2026-08-07 11:11:05.964 | INFO     | N/A | ⏳ 等待 Profile 更新任务...
2026-08-07 11:11:10.987 | INFO     | N/A | ⏳ 等待 Profile 更新任务...
2026-08-07 11:11:16.014 | INFO     | N/A | ⏳ 等待 Profile 更新任务...
2026-08-07 11:11:21.050 | INFO     | N/A | ⏳ 等待 Profile 更新任务...
2026-08-07 11:11:26.075 | INFO     | N/A | ⏳ 等待 Profile 更新任务...
2026-08-07 11:11:31.100 | INFO     | N/A | ⏳ 等待 Profile 更新任务...
2026-08-07 11:11:36.127 | INFO     | N/A | ⏳ 等待 Profile 更新任务...
2026-08-07 11:11:41.151 | INFO     | N/A | ⏳ 等待 Profile 更新任务...
2026-08-07 11:11:46.176 | INFO     | N/A | ⏳ 等待 Profile 更新任务...
2026-08-07 11:11:51.212 | INFO     | N/A | ⏳ 等待 Profile 更新任务...
2026-08-07 11:11:56.238 | INFO     | N/A | ⏳ 等待 Profile 更新任务...
2026-08-07 11:12:01.260 | INFO     | N/A | ⏳ 等待 Profile 更新任务...
2026-08-07 11:12:06.287 | INFO     | N/A | ⏳ 等待 Profile 更新任务...
2026-08-07 11:12:11.309 | INFO     | N/A | ⏳ 等待 Profile 更新任务...
2026-08-07 11:12:16.333 | INFO     | N/A | ⏳ 等待 Profile 更新任务...
2026-08-07 11:12:21.366 | INFO     | N/A | ⏳ 等待 Profile 更新任务...
2026-08-07 11:12:26.389 | INFO     | N/A | ⏳ 等待 Profile 更新任务...
2026-08-07 11:12:31.411 | INFO     | N/A | ⏳ 等待 Profile 更新任务...
2026-08-07 11:12:36.436 | INFO     | N/A | ⏳ 等待 Profile 更新任务...
2026-08-07 11:12:41.459 | INFO     | N/A | ⏳ 等待 Profile 更新任务...
2026-08-07 11:12:46.486 | INFO     | N/A | ⏳ 等待 Profile 更新任务...
2026-08-07 11:12:51.521 | INFO     | N/A | ⏳ 等待 Profile 更新任务...
2026-08-07 11:12:56.548 | INFO     | N/A | ⏳ 等待 Profile 更新任务...
2026-08-07 11:13:01.573 | INFO     | N/A | ⏳ 等待 Profile 更新任务...
2026-08-07 11:13:06.597 | INFO     | N/A | ⏳ 等待 Profile 更新任务...
2026-08-07 11:13:11.619 | INFO     | N/A | ⏳ 等待 Profile 更新任务...
2026-08-07 11:13:16.645 | INFO     | N/A | ⏳ 等待 Profile 更新任务...
2026-08-07 11:13:21.680 | INFO     | N/A | ⏳ 等待 Profile 更新任务...
2026-08-07 11:13:26.710 | INFO     | N/A | ⏳ 等待 Profile 更新任务...
2026-08-07 11:13:31.733 | INFO     | N/A | ⏳ 等待 Profile 更新任务...
2026-08-07 11:13:36.756 | INFO     | N/A | ⏳ 等待 Profile 更新任务...
2026-08-07 11:13:41.778 | INFO     | N/A | ⏳ 等待 Profile 更新任务...
2026-08-07 11:13:46.801 | INFO     | N/A | ⏳ 等待 Profile 更新任务...
2026-08-07 11:13:51.834 | INFO     | N/A | ⏳ 等待 Profile 更新任务...
2026-08-07 11:13:56.857 | INFO     | N/A | ⏳ 等待 Profile 更新任务...
2026-08-07 11:14:01.880 | INFO     | N/A | ⏳ 等待 Profile 更新任务...
2026-08-07 11:14:06.904 | INFO     | N/A | ⏳ 等待 Profile 更新任务...
2026-08-07 11:14:11.928 | INFO     | N/A | ⏳ 等待 Profile 更新任务...
2026-08-07 11:14:16.950 | INFO     | N/A | ⏳ 等待 Profile 更新任务...
2026-08-07 11:14:21.983 | INFO     | N/A | ⏳ 等待 Profile 更新任务...
2026-08-07 11:14:27.006 | INFO     | N/A | ⏳ 等待 Profile 更新任务...
2026-08-07 11:14:32.030 | INFO     | N/A | ⏳ 等待 Profile 更新任务...
2026-08-07 11:14:37.052 | INFO     | N/A | ⏳ 等待 Profile 更新任务...
2026-08-07 11:14:42.074 | INFO     | N/A | ⏳ 等待 Profile 更新任务...
2026-08-07 11:14:47.097 | INFO     | N/A | ⏳ 等待 Profile 更新任务...
2026-08-07 11:14:52.128 | INFO     | N/A | ⏳ 等待 Profile 更新任务...
2026-08-07 11:14:57.150 | INFO     | N/A | ⏳ 等待 Profile 更新任务...
2026-08-07 11:15:02.170 | INFO     | N/A | ⏳ 等待 Profile 更新任务...
2026-08-07 11:15:07.194 | INFO     | N/A | ⏳ 等待 Profile 更新任务...
2026-08-07 11:15:12.218 | INFO     | N/A | ⏳ 等待 Profile 更新任务...
2026-08-07 11:15:17.243 | INFO     | N/A | ⏳ 等待 Profile 更新任务...
2026-08-07 11:15:22.276 | INFO     | N/A | ⏳ 等待 Profile 更新任务...
2026-08-07 11:15:27.300 | INFO     | N/A | ⏳ 等待 Profile 更新任务...
2026-08-07 11:15:32.327 | INFO     | N/A | ⏳ 等待 Profile 更新任务...
2026-08-07 11:15:37.351 | INFO     | N/A | ⏳ 等待 Profile 更新任务...
2026-08-07 11:15:42.374 | INFO     | N/A | ⏳ 等待 Profile 更新任务...
2026-08-07 11:15:47.400 | INFO     | N/A | ⏳ 等待 Profile 更新任务...
2026-08-07 11:15:52.434 | INFO     | N/A | ⏳ 等待 Profile 更新任务...
2026-08-07 11:15:57.458 | INFO     | N/A | ⏳ 等待 Profile 更新任务...
2026-08-07 11:16:02.482 | INFO     | N/A | ⏳ 等待 Profile 更新任务...
2026-08-07 11:16:07.506 | INFO     | N/A | ⏳ 等待 Profile 更新任务...
2026-08-07 11:16:12.527 | INFO     | N/A | ⏳ 等待 Profile 更新任务...
2026-08-07 11:16:17.552 | INFO     | N/A | ⏳ 等待 Profile 更新任务...
2026-08-07 11:16:22.587 | INFO     | N/A | ⏳ 等待 Profile 更新任务...
2026-08-07 11:16:27.610 | INFO     | N/A | ⏳ 等待 Profile 更新任务...
2026-08-07 11:16:32.633 | INFO     | N/A | ⏳ 等待 Profile 更新任务...
2026-08-07 11:16:37.656 | INFO     | N/A | ⏳ 等待 Profile 更新任务...
2026-08-07 11:16:42.680 | INFO     | N/A | ⏳ 等待 Profile 更新任务...
2026-08-07 11:16:47.705 | INFO     | N/A | ⏳ 等待 Profile 更新任务...
2026-08-07 11:16:52.737 | INFO     | N/A | ⏳ 等待 Profile 更新任务...
2026-08-07 11:16:57.760 | INFO     | N/A | ⏳ 等待 Profile 更新任务...
2026-08-07 11:17:02.781 | INFO     | N/A | ⏳ 等待 Profile 更新任务...
2026-08-07 11:17:07.805 | INFO     | N/A | ⏳ 等待 Profile 更新任务...
2026-08-07 11:17:12.828 | INFO     | N/A | ⏳ 等待 Profile 更新任务...
2026-08-07 11:17:17.851 | INFO     | N/A | ⏳ 等待 Profile 更新任务...
2026-08-07 11:17:22.883 | INFO     | N/A | ⏳ 等待 Profile 更新任务...
2026-08-07 11:17:27.908 | INFO     | N/A | ⏳ 等待 Profile 更新任务...
2026-08-07 11:17:32.933 | INFO     | N/A | ⏳ 等待 Profile 更新任务...
2026-08-07 11:17:37.955 | INFO     | N/A | ⏳ 等待 Profile 更新任务...
2026-08-07 11:17:42.977 | INFO     | N/A | ⏳ 等待 Profile 更新任务...
2026-08-07 11:17:48.003 | INFO     | N/A | ⏳ 等待 Profile 更新任务...
2026-08-07 11:17:53.033 | INFO     | N/A | ⏳ 等待 Profile 更新任务...
2026-08-07 11:17:58.056 | INFO     | N/A | ⏳ 等待 Profile 更新任务...
2026-08-07 11:18:03.076 | INFO     | N/A | ⏳ 等待 Profile 更新任务...
2026-08-07 11:18:08.101 | INFO     | N/A | ⏳ 等待 Profile 更新任务...
2026-08-07 11:18:13.122 | INFO     | N/A | ⏳ 等待 Profile 更新任务...
2026-08-07 11:18:18.151 | INFO     | N/A | ⏳ 等待 Profile 更新任务...
2026-08-07 11:18:23.183 | INFO     | N/A | ⏳ 等待 Profile 更新任务...
2026-08-07 11:18:28.207 | INFO     | N/A | ⏳ 等待 Profile 更新任务...
2026-08-07 11:18:33.231 | INFO     | N/A | ⏳ 等待 Profile 更新任务...
2026-08-07 11:18:38.256 | INFO     | N/A | ⏳ 等待 Profile 更新任务...
2026-08-07 11:18:43.297 | INFO     | N/A | ⏳ 等待 Profile 更新任务...
2026-08-07 11:18:48.321 | INFO     | N/A | ⏳ 等待 Profile 更新任务...
2026-08-07 11:18:53.354 | INFO     | N/A | ⏳ 等待 Profile 更新任务...
2026-08-07 11:18:58.376 | INFO     | N/A | ⏳ 等待 Profile 更新任务...
2026-08-07 11:19:03.400 | INFO     | N/A | ⏳ 等待 Profile 更新任务...
2026-08-07 11:19:08.426 | INFO     | N/A | ⏳ 等待 Profile 更新任务...
2026-08-07 11:19:13.450 | INFO     | N/A | ⏳ 等待 Profile 更新任务...
2026-08-07 11:19:18.475 | INFO     | N/A | ⏳ 等待 Profile 更新任务...
2026-08-07 11:19:23.510 | INFO     | N/A | ⏳ 等待 Profile 更新任务...
2026-08-07 11:19:28.533 | INFO     | N/A | ⏳ 等待 Profile 更新任务...
2026-08-07 11:19:33.555 | INFO     | N/A | ⏳ 等待 Profile 更新任务...
2026-08-07 11:19:38.581 | INFO     | N/A | ⏳ 等待 Profile 更新任务...
2026-08-07 11:19:43.603 | INFO     | N/A | ⏳ 等待 Profile 更新任务...
2026-08-07 11:19:48.628 | INFO     | N/A | ⏳ 等待 Profile 更新任务...
2026-08-07 11:19:53.660 | INFO     | N/A | ⏳ 等待 Profile 更新任务...
2026-08-07 11:19:58.686 | INFO     | N/A | ⏳ 等待 Profile 更新任务...
2026-08-07 11:20:03.709 | INFO     | N/A | ⏳ 等待 Profile 更新任务...
2026-08-07 11:20:08.732 | INFO     | N/A | ⏳ 等待 Profile 更新任务...
2026-08-07 11:20:13.756 | INFO     | N/A | ⏳ 等待 Profile 更新任务...
2026-08-07 11:20:18.780 | INFO     | N/A | ⏳ 等待 Profile 更新任务...
2026-08-07 11:20:23.814 | INFO     | N/A | ⏳ 等待 Profile 更新任务...
2026-08-07 11:20:28.837 | INFO     | N/A | ⏳ 等待 Profile 更新任务...
2026-08-07 11:20:33.864 | INFO     | N/A | ⏳ 等待 Profile 更新任务...
2026-08-07 11:20:38.890 | INFO     | N/A | ⏳ 等待 Profile 更新任务...
2026-08-07 11:20:43.915 | INFO     | N/A | ⏳ 等待 Profile 更新任务...
2026-08-07 11:20:48.939 | INFO     | N/A | ⏳ 等待 Profile 更新任务...
2026-08-07 11:20:53.970 | INFO     | N/A | ⏳ 等待 Profile 更新任务...
2026-08-07 11:20:58.995 | INFO     | N/A | ⏳ 等待 Profile 更新任务...
2026-08-07 11:21:04.018 | INFO     | N/A | ⏳ 等待 Profile 更新任务...
2026-08-07 11:21:09.041 | INFO     | N/A | ⏳ 等待 Profile 更新任务...
2026-08-07 11:21:14.062 | INFO     | N/A | ⏳ 等待 Profile 更新任务...
2026-08-07 11:21:19.084 | INFO     | N/A | ⏳ 等待 Profile 更新任务...
2026-08-07 11:21:24.118 | INFO     | N/A | ⏳ 等待 Profile 更新任务...
2026-08-07 11:21:29.142 | INFO     | N/A | ⏳ 等待 Profile 更新任务...
2026-08-07 11:21:34.167 | INFO     | N/A | ⏳ 等待 Profile 更新任务...
2026-08-07 11:21:39.191 | INFO     | N/A | ⏳ 等待 Profile 更新任务...
2026-08-07 11:21:44.213 | INFO     | N/A | ⏳ 等待 Profile 更新任务...
2026-08-07 11:21:49.237 | INFO     | N/A | ⏳ 等待 Profile 更新任务...
2026-08-07 11:21:54.267 | INFO     | N/A | ⏳ 等待 Profile 更新任务...
2026-08-07 11:21:59.290 | INFO     | N/A | ⏳ 等待 Profile 更新任务...
2026-08-07 11:22:04.311 | INFO     | N/A | ⏳ 等待 Profile 更新任务...
2026-08-07 11:22:09.333 | INFO     | N/A | ⏳ 等待 Profile 更新任务...
2026-08-07 11:22:14.355 | INFO     | N/A | ⏳ 等待 Profile 更新任务...
2026-08-07 11:22:19.377 | INFO     | N/A | ⏳ 等待 Profile 更新任务...
2026-08-07 11:22:24.406 | INFO     | N/A | ⏳ 等待 Profile 更新任务...
2026-08-07 11:22:29.429 | INFO     | N/A | ⏳ 等待 Profile 更新任务...
2026-08-07 11:22:34.450 | INFO     | N/A | ⏳ 等待 Profile 更新任务...
2026-08-07 11:22:39.480 | INFO     | N/A | ⏳ 等待 Profile 更新任务...
2026-08-07 11:22:44.501 | INFO     | N/A | ⏳ 等待 Profile 更新任务...
2026-08-07 11:22:49.523 | INFO     | N/A | ⏳ 等待 Profile 更新任务...
2026-08-07 11:22:54.555 | INFO     | N/A | ⏳ 等待 Profile 更新任务...
2026-08-07 11:22:59.579 | INFO     | N/A | ⏳ 等待 Profile 更新任务...
2026-08-07 11:23:04.603 | INFO     | N/A | ⏳ 等待 Profile 更新任务...
2026-08-07 11:23:09.627 | INFO     | N/A | ⏳ 等待 Profile 更新任务...
2026-08-07 11:23:14.650 | INFO     | N/A | ⏳ 等待 Profile 更新任务...
2026-08-07 11:23:19.672 | INFO     | N/A | ⏳ 等待 Profile 更新任务...
2026-08-07 11:23:24.705 | INFO     | N/A | ⏳ 等待 Profile 更新任务...
2026-08-07 11:23:29.727 | INFO     | N/A | ⏳ 等待 Profile 更新任务...
2026-08-07 11:23:34.750 | INFO     | N/A | ⏳ 等待 Profile 更新任务...
2026-08-07 11:23:39.773 | INFO     | N/A | ⏳ 等待 Profile 更新任务...
2026-08-07 11:23:44.795 | INFO     | N/A | ⏳ 等待 Profile 更新任务...
2026-08-07 11:23:49.815 | INFO     | N/A | ⏳ 等待 Profile 更新任务...
2026-08-07 11:23:54.847 | INFO     | N/A | ⏳ 等待 Profile 更新任务...
2026-08-07 11:23:59.871 | INFO     | N/A | ⏳ 等待 Profile 更新任务...
2026-08-07 11:24:04.894 | INFO     | N/A | ⏳ 等待 Profile 更新任务...
2026-08-07 11:24:09.920 | INFO     | N/A | ⏳ 等待 Profile 更新任务...
2026-08-07 11:24:14.941 | INFO     | N/A | ⏳ 等待 Profile 更新任务...
2026-08-07 11:24:19.962 | INFO     | N/A | ⏳ 等待 Profile 更新任务...
2026-08-07 11:24:24.996 | INFO     | N/A | ⏳ 等待 Profile 更新任务...
2026-08-07 11:24:30.019 | INFO     | N/A | ⏳ 等待 Profile 更新任务...
2026-08-07 11:24:35.040 | INFO     | N/A | ⏳ 等待 Profile 更新任务...
2026-08-07 11:24:40.061 | INFO     | N/A | ⏳ 等待 Profile 更新任务...
2026-08-07 11:24:45.085 | INFO     | N/A | ⏳ 等待 Profile 更新任务...
2026-08-07 11:24:50.109 | INFO     | N/A | ⏳ 等待 Profile 更新任务...
2026-08-07 11:24:55.143 | INFO     | N/A | ⏳ 等待 Profile 更新任务...
2026-08-07 11:25:00.167 | INFO     | N/A | ⏳ 等待 Profile 更新任务...
2026-08-07 11:25:05.190 | INFO     | N/A | ⏳ 等待 Profile 更新任务...
2026-08-07 11:25:10.213 | INFO     | N/A | ⏳ 等待 Profile 更新任务...
2026-08-07 11:25:15.237 | INFO     | N/A | ⏳ 等待 Profile 更新任务...
2026-08-07 11:25:20.256 | INFO     | N/A | ⏳ 等待 Profile 更新任务...
2026-08-07 11:25:25.287 | INFO     | N/A | ⏳ 等待 Profile 更新任务...
2026-08-07 11:25:30.308 | INFO     | N/A | ⏳ 等待 Profile 更新任务...
2026-08-07 11:25:35.329 | INFO     | N/A | ⏳ 等待 Profile 更新任务...
2026-08-07 11:25:40.348 | INFO     | N/A | ⏳ 等待 Profile 更新任务...
2026-08-07 11:25:45.371 | INFO     | N/A | ⏳ 等待 Profile 更新任务...
2026-08-07 11:25:50.393 | INFO     | N/A | ⏳ 等待 Profile 更新任务...
2026-08-07 11:25:55.428 | INFO     | N/A | ⏳ 等待 Profile 更新任务...
2026-08-07 11:26:00.451 | INFO     | N/A | ⏳ 等待 Profile 更新任务...
2026-08-07 11:26:05.472 | INFO     | N/A | ⏳ 等待 Profile 更新任务...
2026-08-07 11:26:10.496 | INFO     | N/A | ⏳ 等待 Profile 更新任务...
2026-08-07 11:26:15.517 | INFO     | N/A | ⏳ 等待 Profile 更新任务...
2026-08-07 11:26:20.539 | INFO     | N/A | ⏳ 等待 Profile 更新任务...
2026-08-07 11:26:25.574 | INFO     | N/A | ⏳ 等待 Profile 更新任务...
2026-08-07 11:26:30.596 | INFO     | N/A | ⏳ 等待 Profile 更新任务...
2026-08-07 11:26:35.620 | INFO     | N/A | ⏳ 等待 Profile 更新任务...
2026-08-07 11:26:40.643 | INFO     | N/A | ⏳ 等待 Profile 更新任务...
2026-08-07 11:26:45.666 | INFO     | N/A | ⏳ 等待 Profile 更新任务...
2026-08-07 11:26:50.686 | INFO     | N/A | ⏳ 等待 Profile 更新任务...
2026-08-07 11:26:55.717 | INFO     | N/A | ⏳ 等待 Profile 更新任务...
2026-08-07 11:27:00.741 | INFO     | N/A | ⏳ 等待 Profile 更新任务...
2026-08-07 11:27:05.766 | INFO     | N/A | ⏳ 等待 Profile 更新任务...
2026-08-07 11:27:10.789 | INFO     | N/A | ⏳ 等待 Profile 更新任务...
2026-08-07 11:27:15.811 | INFO     | N/A | ⏳ 等待 Profile 更新任务...
2026-08-07 11:27:20.835 | INFO     | N/A | ⏳ 等待 Profile 更新任务...
2026-08-07 11:27:25.868 | INFO     | N/A | ⏳ 等待 Profile 更新任务...
2026-08-07 11:27:30.891 | INFO     | N/A | ⏳ 等待 Profile 更新任务...
2026-08-07 11:27:35.916 | INFO     | N/A | ⏳ 等待 Profile 更新任务...
2026-08-07 11:27:40.940 | INFO     | N/A | ⏳ 等待 Profile 更新任务...
2026-08-07 11:27:45.960 | INFO     | N/A | ⏳ 等待 Profile 更新任务...
2026-08-07 11:27:50.980 | INFO     | N/A | ⏳ 等待 Profile 更新任务...
2026-08-07 11:27:56.016 | INFO     | N/A | ⏳ 等待 Profile 更新任务...
2026-08-07 11:28:01.036 | INFO     | N/A | ⏳ 等待 Profile 更新任务...
2026-08-07 11:28:06.058 | INFO     | N/A | ⏳ 等待 Profile 更新任务...
2026-08-07 11:28:11.079 | INFO     | N/A | ⏳ 等待 Profile 更新任务...
2026-08-07 11:28:16.102 | INFO     | N/A | ⏳ 等待 Profile 更新任务...
2026-08-07 11:28:21.127 | INFO     | N/A | ⏳ 等待 Profile 更新任务...
2026-08-07 11:28:26.157 | INFO     | N/A | ⏳ 等待 Profile 更新任务...
2026-08-07 11:28:31.180 | INFO     | N/A | ⏳ 等待 Profile 更新任务...
2026-08-07 11:28:36.204 | INFO     | N/A | ⏳ 等待 Profile 更新任务...
2026-08-07 11:28:41.229 | INFO     | N/A | ⏳ 等待 Profile 更新任务...
2026-08-07 11:28:46.252 | INFO     | N/A | ⏳ 等待 Profile 更新任务...
2026-08-07 11:28:51.274 | INFO     | N/A | ⏳ 等待 Profile 更新任务...
2026-08-07 11:28:56.320 | INFO     | N/A | ⏳ 等待 Profile 更新任务...
2026-08-07 11:29:01.351 | INFO     | N/A | ⏳ 等待 Profile 更新任务...
2026-08-07 11:29:06.375 | INFO     | N/A | ⏳ 等待 Profile 更新任务...
2026-08-07 11:29:11.396 | INFO     | N/A | ⏳ 等待 Profile 更新任务...
2026-08-07 11:29:16.416 | INFO     | N/A | ⏳ 等待 Profile 更新任务...
2026-08-07 11:29:21.438 | INFO     | N/A | ⏳ 等待 Profile 更新任务...
2026-08-07 11:29:26.470 | INFO     | N/A | ⏳ 等待 Profile 更新任务...
2026-08-07 11:29:31.492 | INFO     | N/A | ⏳ 等待 Profile 更新任务...
2026-08-07 11:29:36.516 | INFO     | N/A | ⏳ 等待 Profile 更新任务...
2026-08-07 11:29:41.545 | INFO     | N/A | ⏳ 等待 Profile 更新任务...
2026-08-07 11:29:46.568 | INFO     | N/A | ⏳ 等待 Profile 更新任务...
2026-08-07 11:29:51.591 | INFO     | N/A | ⏳ 等待 Profile 更新任务...
2026-08-07 11:29:56.628 | INFO     | N/A | ⏳ 等待 Profile 更新任务...
2026-08-07 11:30:01.653 | INFO     | N/A | ⏳ 等待 Profile 更新任务...
2026-08-07 11:30:06.679 | INFO     | N/A | ⏳ 等待 Profile 更新任务...
2026-08-07 11:30:11.700 | INFO     | N/A | ⏳ 等待 Profile 更新任务...
2026-08-07 11:30:16.727 | INFO     | N/A | ⏳ 等待 Profile 更新任务...
2026-08-07 11:30:21.750 | INFO     | N/A | ⏳ 等待 Profile 更新任务...
2026-08-07 11:30:26.787 | INFO     | N/A | ⏳ 等待 Profile 更新任务...
2026-08-07 11:30:31.812 | INFO     | N/A | ⏳ 等待 Profile 更新任务...
2026-08-07 11:30:36.838 | INFO     | N/A | ⏳ 等待 Profile 更新任务...
2026-08-07 11:30:41.860 | INFO     | N/A | ⏳ 等待 Profile 更新任务...
2026-08-07 11:30:46.884 | INFO     | N/A | ⏳ 等待 Profile 更新任务...
2026-08-07 11:30:51.907 | INFO     | N/A | ⏳ 等待 Profile 更新任务...
2026-08-07 11:30:56.939 | INFO     | N/A | ⏳ 等待 Profile 更新任务...
2026-08-07 11:31:01.964 | INFO     | N/A | ⏳ 等待 Profile 更新任务...
2026-08-07 11:31:06.983 | INFO     | N/A | ⏳ 等待 Profile 更新任务...
2026-08-07 11:31:12.007 | INFO     | N/A | ⏳ 等待 Profile 更新任务...
2026-08-07 11:31:17.031 | INFO     | N/A | ⏳ 等待 Profile 更新任务...
2026-08-07 11:31:22.053 | INFO     | N/A | ⏳ 等待 Profile 更新任务...
2026-08-07 11:31:27.088 | INFO     | N/A | ⏳ 等待 Profile 更新任务...
2026-08-07 11:31:32.112 | INFO     | N/A | ⏳ 等待 Profile 更新任务...
2026-08-07 11:31:37.135 | INFO     | N/A | ⏳ 等待 Profile 更新任务...
2026-08-07 11:31:42.159 | INFO     | N/A | ⏳ 等待 Profile 更新任务...
2026-08-07 11:31:47.186 | INFO     | N/A | ⏳ 等待 Profile 更新任务...
2026-08-07 11:31:52.210 | INFO     | N/A | ⏳ 等待 Profile 更新任务...
2026-08-07 11:31:57.245 | INFO     | N/A | ⏳ 等待 Profile 更新任务...
2026-08-07 11:32:02.270 | INFO     | N/A | ⏳ 等待 Profile 更新任务...
2026-08-07 11:32:07.294 | INFO     | N/A | ⏳ 等待 Profile 更新任务...
2026-08-07 11:32:12.316 | INFO     | N/A | ⏳ 等待 Profile 更新任务...
2026-08-07 11:32:17.337 | INFO     | N/A | ⏳ 等待 Profile 更新任务...
2026-08-07 11:32:22.359 | INFO     | N/A | ⏳ 等待 Profile 更新任务...
2026-08-07 11:32:27.393 | INFO     | N/A | ⏳ 等待 Profile 更新任务...
2026-08-07 11:32:32.418 | INFO     | N/A | ⏳ 等待 Profile 更新任务...
2026-08-07 11:32:37.439 | INFO     | N/A | ⏳ 等待 Profile 更新任务...
2026-08-07 11:32:42.463 | INFO     | N/A | ⏳ 等待 Profile 更新任务...
2026-08-07 11:32:47.492 | INFO     | N/A | ⏳ 等待 Profile 更新任务...
2026-08-07 11:32:52.516 | INFO     | N/A | ⏳ 等待 Profile 更新任务...
2026-08-07 11:32:57.547 | INFO     | N/A | ⏳ 等待 Profile 更新任务...
2026-08-07 11:33:02.569 | INFO     | N/A | ⏳ 等待 Profile 更新任务...
2026-08-07 11:33:07.590 | INFO     | N/A | ⏳ 等待 Profile 更新任务...
2026-08-07 11:33:12.613 | INFO     | N/A | ⏳ 等待 Profile 更新任务...
2026-08-07 11:33:17.638 | INFO     | N/A | ⏳ 等待 Profile 更新任务...
2026-08-07 11:33:22.659 | INFO     | N/A | ⏳ 等待 Profile 更新任务...
2026-08-07 11:33:27.690 | INFO     | N/A | ⏳ 等待 Profile 更新任务...
2026-08-07 11:33:32.714 | INFO     | N/A | ⏳ 等待 Profile 更新任务...
2026-08-07 11:33:37.737 | INFO     | N/A | ⏳ 等待 Profile 更新任务...
2026-08-07 11:33:42.758 | INFO     | N/A | ⏳ 等待 Profile 更新任务...
2026-08-07 11:33:47.787 | INFO     | N/A | ⏳ 等待 Profile 更新任务...
2026-08-07 11:33:52.813 | INFO     | N/A | ⏳ 等待 Profile 更新任务...
2026-08-07 11:33:57.846 | INFO     | N/A | ⏳ 等待 Profile 更新任务...
2026-08-07 11:34:02.868 | INFO     | N/A | ⏳ 等待 Profile 更新任务...
2026-08-07 11:34:07.894 | INFO     | N/A | ⏳ 等待 Profile 更新任务...
2026-08-07 11:34:12.915 | INFO     | N/A | ⏳ 等待 Profile 更新任务...
2026-08-07 11:34:17.941 | INFO     | N/A | ⏳ 等待 Profile 更新任务...
2026-08-07 11:34:22.962 | INFO     | N/A | ⏳ 等待 Profile 更新任务...
2026-08-07 11:34:27.997 | INFO     | N/A | ⏳ 等待 Profile 更新任务...
2026-08-07 11:34:33.022 | INFO     | N/A | ⏳ 等待 Profile 更新任务...
2026-08-07 11:34:38.046 | INFO     | N/A | ⏳ 等待 Profile 更新任务...
2026-08-07 11:34:43.069 | INFO     | N/A | ⏳ 等待 Profile 更新任务...
2026-08-07 11:34:48.095 | INFO     | N/A | ⏳ 等待 Profile 更新任务...
2026-08-07 11:34:53.117 | INFO     | N/A | ⏳ 等待 Profile 更新任务...
2026-08-07 11:34:58.152 | INFO     | N/A | ⏳ 等待 Profile 更新任务...
2026-08-07 11:35:03.174 | INFO     | N/A | ⏳ 等待 Profile 更新任务...
2026-08-07 11:35:08.198 | INFO     | N/A | ⏳ 等待 Profile 更新任务...
2026-08-07 11:35:13.220 | INFO     | N/A | ⏳ 等待 Profile 更新任务...
2026-08-07 11:35:18.244 | INFO     | N/A | ⏳ 等待 Profile 更新任务...
2026-08-07 11:35:23.266 | INFO     | N/A | ⏳ 等待 Profile 更新任务...
2026-08-07 11:35:28.298 | INFO     | N/A | ⏳ 等待 Profile 更新任务...
2026-08-07 11:35:33.320 | INFO     | N/A | ⏳ 等待 Profile 更新任务...
2026-08-07 11:35:38.345 | INFO     | N/A | ⏳ 等待 Profile 更新任务...
2026-08-07 11:35:43.367 | INFO     | N/A | ⏳ 等待 Profile 更新任务...
2026-08-07 11:35:48.396 | INFO     | N/A | ⏳ 等待 Profile 更新任务...
2026-08-07 11:35:53.418 | INFO     | N/A | ⏳ 等待 Profile 更新任务...
2026-08-07 11:35:58.450 | INFO     | N/A | ⏳ 等待 Profile 更新任务...
2026-08-07 11:36:03.473 | INFO     | N/A | ⏳ 等待 Profile 更新任务...
2026-08-07 11:36:08.495 | INFO     | N/A | ⏳ 等待 Profile 更新任务...
2026-08-07 11:36:13.516 | INFO     | N/A | ⏳ 等待 Profile 更新任务...
2026-08-07 11:36:18.538 | INFO     | N/A | ⏳ 等待 Profile 更新任务...
2026-08-07 11:36:23.560 | INFO     | N/A | ⏳ 等待 Profile 更新任务...
2026-08-07 11:36:28.591 | INFO     | N/A | ⏳ 等待 Profile 更新任务...
2026-08-07 11:36:33.612 | INFO     | N/A | ⏳ 等待 Profile 更新任务...
2026-08-07 11:36:38.633 | INFO     | N/A | ⏳ 等待 Profile 更新任务...
2026-08-07 11:36:43.656 | INFO     | N/A | ⏳ 等待 Profile 更新任务...
2026-08-07 11:36:48.677 | INFO     | N/A | ⏳ 等待 Profile 更新任务...
2026-08-07 11:36:53.700 | INFO     | N/A | ⏳ 等待 Profile 更新任务...
2026-08-07 11:36:58.732 | INFO     | N/A | ⏳ 等待 Profile 更新任务...
2026-08-07 11:37:03.753 | INFO     | N/A | ⏳ 等待 Profile 更新任务...
2026-08-07 11:37:08.775 | INFO     | N/A | ⏳ 等待 Profile 更新任务...
2026-08-07 11:37:13.797 | INFO     | N/A | ⏳ 等待 Profile 更新任务...
2026-08-07 11:37:18.824 | INFO     | N/A | ⏳ 等待 Profile 更新任务...
2026-08-07 11:37:23.850 | INFO     | N/A | ⏳ 等待 Profile 更新任务...
2026-08-07 11:37:28.887 | INFO     | N/A | ⏳ 等待 Profile 更新任务...
2026-08-07 11:37:33.911 | INFO     | N/A | ⏳ 等待 Profile 更新任务...
2026-08-07 11:37:38.934 | INFO     | N/A | ⏳ 等待 Profile 更新任务...
2026-08-07 11:37:43.957 | INFO     | N/A | ⏳ 等待 Profile 更新任务...
2026-08-07 11:37:48.980 | INFO     | N/A | ⏳ 等待 Profile 更新任务...
2026-08-07 11:37:54.002 | INFO     | N/A | ⏳ 等待 Profile 更新任务...
2026-08-07 11:37:59.037 | INFO     | N/A | ⏳ 等待 Profile 更新任务...
2026-08-07 11:38:04.060 | INFO     | N/A | ⏳ 等待 Profile 更新任务...
2026-08-07 11:38:09.083 | INFO     | N/A | ⏳ 等待 Profile 更新任务...
2026-08-07 11:38:14.105 | INFO     | N/A | ⏳ 等待 Profile 更新任务...
2026-08-07 11:38:19.129 | INFO     | N/A | ⏳ 等待 Profile 更新任务...
2026-08-07 11:38:24.152 | INFO     | N/A | ⏳ 等待 Profile 更新任务...
2026-08-07 11:38:29.181 | INFO     | N/A | ⏳ 等待 Profile 更新任务...
2026-08-07 11:38:34.205 | INFO     | N/A | ⏳ 等待 Profile 更新任务...
2026-08-07 11:38:39.227 | INFO     | N/A | ⏳ 等待 Profile 更新任务...
2026-08-07 11:38:44.248 | INFO     | N/A | ⏳ 等待 Profile 更新任务...
2026-08-07 11:38:49.276 | INFO     | N/A | ⏳ 等待 Profile 更新任务...
2026-08-07 11:38:54.298 | INFO     | N/A | ⏳ 等待 Profile 更新任务...
2026-08-07 11:38:59.331 | INFO     | N/A | ⏳ 等待 Profile 更新任务...
2026-08-07 11:39:04.353 | INFO     | N/A | ⏳ 等待 Profile 更新任务...
2026-08-07 11:39:09.376 | INFO     | N/A | ⏳ 等待 Profile 更新任务...
2026-08-07 11:39:14.397 | INFO     | N/A | ⏳ 等待 Profile 更新任务...
2026-08-07 11:39:19.421 | INFO     | N/A | ⏳ 等待 Profile 更新任务...
2026-08-07 11:39:24.445 | INFO     | N/A | ⏳ 等待 Profile 更新任务...
2026-08-07 11:39:29.477 | INFO     | N/A | ⏳ 等待 Profile 更新任务...
2026-08-07 11:39:34.501 | INFO     | N/A | ⏳ 等待 Profile 更新任务...
2026-08-07 11:39:39.525 | INFO     | N/A | ⏳ 等待 Profile 更新任务...
2026-08-07 11:39:44.549 | INFO     | N/A | ⏳ 等待 Profile 更新任务...
2026-08-07 11:39:49.574 | INFO     | N/A | ⏳ 等待 Profile 更新任务...
2026-08-07 11:39:54.597 | INFO     | N/A | ⏳ 等待 Profile 更新任务...
2026-08-07 11:39:59.628 | INFO     | N/A | ⏳ 等待 Profile 更新任务...
2026-08-07 11:40:04.651 | INFO     | N/A | ⏳ 等待 Profile 更新任务...
2026-08-07 11:40:09.673 | INFO     | N/A | ⏳ 等待 Profile 更新任务...
2026-08-07 11:40:14.695 | INFO     | N/A | ⏳ 等待 Profile 更新任务...
2026-08-07 11:40:19.718 | INFO     | N/A | ⏳ 等待 Profile 更新任务...
2026-08-07 11:40:24.742 | INFO     | N/A | ⏳ 等待 Profile 更新任务...
2026-08-07 11:40:29.778 | INFO     | N/A | ⏳ 等待 Profile 更新任务...
2026-08-07 11:40:34.798 | INFO     | N/A | ⏳ 等待 Profile 更新任务...
2026-08-07 11:40:39.820 | INFO     | N/A | ⏳ 等待 Profile 更新任务...
2026-08-07 11:40:44.843 | INFO     | N/A | ⏳ 等待 Profile 更新任务...
2026-08-07 11:40:49.868 | INFO     | N/A | ⏳ 等待 Profile 更新任务...
2026-08-07 11:40:54.892 | INFO     | N/A | ⏳ 等待 Profile 更新任务...
2026-08-07 11:40:59.926 | INFO     | N/A | ⏳ 等待 Profile 更新任务...
2026-08-07 11:41:04.949 | INFO     | N/A | ⏳ 等待 Profile 更新任务...
2026-08-07 11:41:09.971 | INFO     | N/A | ⏳ 等待 Profile 更新任务...
2026-08-07 11:41:14.996 | INFO     | N/A | ⏳ 等待 Profile 更新任务...
2026-08-07 11:41:20.020 | INFO     | N/A | ⏳ 等待 Profile 更新任务...
2026-08-07 11:41:25.042 | INFO     | N/A | ⏳ 等待 Profile 更新任务...
2026-08-07 11:41:30.078 | INFO     | N/A | ⏳ 等待 Profile 更新任务...
2026-08-07 11:41:35.100 | INFO     | N/A | ⏳ 等待 Profile 更新任务...
2026-08-07 11:41:40.126 | INFO     | N/A | ⏳ 等待 Profile 更新任务...
2026-08-07 11:41:45.148 | INFO     | N/A | ⏳ 等待 Profile 更新任务...
2026-08-07 11:41:50.179 | INFO     | N/A | ⏳ 等待 Profile 更新任务...
2026-08-07 11:41:55.209 | INFO     | N/A | ⏳ 等待 Profile 更新任务...
2026-08-07 11:42:00.243 | INFO     | N/A | ⏳ 等待 Profile 更新任务...
2026-08-07 11:42:05.268 | INFO     | N/A | ⏳ 等待 Profile 更新任务...
2026-08-07 11:42:10.290 | INFO     | N/A | ⏳ 等待 Profile 更新任务...
2026-08-07 11:42:15.314 | INFO     | N/A | ⏳ 等待 Profile 更新任务...
2026-08-07 11:42:20.337 | INFO     | N/A | ⏳ 等待 Profile 更新任务...
2026-08-07 11:42:25.361 | INFO     | N/A | ⏳ 等待 Profile 更新任务...
2026-08-07 11:42:30.394 | INFO     | N/A | ⏳ 等待 Profile 更新任务...
2026-08-07 11:42:35.419 | INFO     | N/A | ⏳ 等待 Profile 更新任务...
2026-08-07 11:42:40.441 | INFO     | N/A | ⏳ 等待 Profile 更新任务...
2026-08-07 11:42:45.464 | INFO     | N/A | ⏳ 等待 Profile 更新任务...
2026-08-07 11:42:50.488 | INFO     | N/A | ⏳ 等待 Profile 更新任务...
2026-08-07 11:42:55.513 | INFO     | N/A | ⏳ 等待 Profile 更新任务...
2026-08-07 11:43:00.553 | INFO     | N/A | ⏳ 等待 Profile 更新任务...
2026-08-07 11:43:05.577 | INFO     | N/A | ⏳ 等待 Profile 更新任务...
2026-08-07 11:43:10.600 | INFO     | N/A | ⏳ 等待 Profile 更新任务...
2026-08-07 11:43:15.621 | INFO     | N/A | ⏳ 等待 Profile 更新任务...
2026-08-07 11:43:20.646 | INFO     | N/A | ⏳ 等待 Profile 更新任务...
2026-08-07 11:43:25.670 | INFO     | N/A | ⏳ 等待 Profile 更新任务...
2026-08-07 11:43:30.703 | INFO     | N/A | ⏳ 等待 Profile 更新任务...
2026-08-07 11:43:35.727 | INFO     | N/A | ⏳ 等待 Profile 更新任务...
2026-08-07 11:43:40.750 | INFO     | N/A | ⏳ 等待 Profile 更新任务...
2026-08-07 11:43:45.776 | INFO     | N/A | ⏳ 等待 Profile 更新任务...
2026-08-07 11:43:50.799 | INFO     | N/A | ⏳ 等待 Profile 更新任务...
2026-08-07 11:43:55.824 | INFO     | N/A | ⏳ 等待 Profile 更新任务...
2026-08-07 11:44:00.857 | INFO     | N/A | ⏳ 等待 Profile 更新任务...
2026-08-07 11:44:05.892 | INFO     | N/A | ⏳ 等待 Profile 更新任务...
2026-08-07 11:44:10.915 | INFO     | N/A | ⏳ 等待 Profile 更新任务...
2026-08-07 11:44:15.937 | INFO     | N/A | ⏳ 等待 Profile 更新任务...
2026-08-07 11:44:20.960 | INFO     | N/A | ⏳ 等待 Profile 更新任务...
2026-08-07 11:44:25.985 | INFO     | N/A | ⏳ 等待 Profile 更新任务...
2026-08-07 11:44:31.023 | INFO     | N/A | ⏳ 等待 Profile 更新任务...
2026-08-07 11:44:36.046 | INFO     | N/A | ⏳ 等待 Profile 更新任务...
2026-08-07 11:44:41.069 | INFO     | N/A | ⏳ 等待 Profile 更新任务...
2026-08-07 11:44:46.093 | INFO     | N/A | ⏳ 等待 Profile 更新任务...
2026-08-07 11:44:51.116 | INFO     | N/A | ⏳ 等待 Profile 更新任务...
2026-08-07 11:44:56.140 | INFO     | N/A | ⏳ 等待 Profile 更新任务...
2026-08-07 11:45:01.173 | INFO     | N/A | ⏳ 等待 Profile 更新任务...
2026-08-07 11:45:06.196 | INFO     | N/A | ⏳ 等待 Profile 更新任务...
2026-08-07 11:45:11.223 | INFO     | N/A | ⏳ 等待 Profile 更新任务...
2026-08-07 11:45:16.247 | INFO     | N/A | ⏳ 等待 Profile 更新任务...
2026-08-07 11:45:21.271 | INFO     | N/A | ⏳ 等待 Profile 更新任务...
2026-08-07 11:45:26.293 | INFO     | N/A | ⏳ 等待 Profile 更新任务...
2026-08-07 11:45:31.325 | INFO     | N/A | ⏳ 等待 Profile 更新任务...
2026-08-07 11:45:36.348 | INFO     | N/A | ⏳ 等待 Profile 更新任务...
2026-08-07 11:45:41.373 | INFO     | N/A | ⏳ 等待 Profile 更新任务...
2026-08-07 11:45:46.395 | INFO     | N/A | ⏳ 等待 Profile 更新任务...
2026-08-07 11:45:51.417 | INFO     | N/A | ⏳ 等待 Profile 更新任务...
2026-08-07 11:45:56.430 | INFO     | N/A | ⏳ 等待 Profile 更新任务...
2026-08-07 11:46:01.480 | INFO     | N/A | ⏳ 等待 Profile 更新任务...
2026-08-07 11:46:06.503 | INFO     | N/A | ⏳ 等待 Profile 更新任务...
2026-08-07 11:46:11.527 | INFO     | N/A | ⏳ 等待 Profile 更新任务...
2026-08-07 11:46:16.549 | INFO     | N/A | ⏳ 等待 Profile 更新任务...
2026-08-07 11:46:21.571 | INFO     | N/A | ⏳ 等待 Profile 更新任务...
2026-08-07 11:46:26.596 | INFO     | N/A | ⏳ 等待 Profile 更新任务...
2026-08-07 11:46:31.628 | INFO     | N/A | ⏳ 等待 Profile 更新任务...
2026-08-07 11:46:36.656 | INFO     | N/A | ⏳ 等待 Profile 更新任务...
2026-08-07 11:46:41.677 | INFO     | N/A | ⏳ 等待 Profile 更新任务...
2026-08-07 11:46:46.703 | INFO     | N/A | ⏳ 等待 Profile 更新任务...
2026-08-07 11:46:51.727 | INFO     | N/A | ⏳ 等待 Profile 更新任务...
2026-08-07 11:46:56.756 | INFO     | N/A | ⏳ 等待 Profile 更新任务...
2026-08-07 11:47:01.786 | INFO     | N/A | ⏳ 等待 Profile 更新任务...
2026-08-07 11:47:06.810 | INFO     | N/A | ⏳ 等待 Profile 更新任务...
2026-08-07 11:47:11.832 | INFO     | N/A | ⏳ 等待 Profile 更新任务...
2026-08-07 11:47:16.855 | INFO     | N/A | ⏳ 等待 Profile 更新任务...
2026-08-07 11:47:21.878 | INFO     | N/A | ⏳ 等待 Profile 更新任务...
2026-08-07 11:47:26.903 | INFO     | N/A | ⏳ 等待 Profile 更新任务...
2026-08-07 11:47:31.937 | INFO     | N/A | ⏳ 等待 Profile 更新任务...
2026-08-07 11:47:36.961 | INFO     | N/A | ⏳ 等待 Profile 更新任务...
2026-08-07 11:47:41.983 | INFO     | N/A | ⏳ 等待 Profile 更新任务...
2026-08-07 11:47:47.005 | INFO     | N/A | ⏳ 等待 Profile 更新任务...
2026-08-07 11:47:52.028 | INFO     | N/A | ⏳ 等待 Profile 更新任务...
2026-08-07 11:47:57.057 | INFO     | N/A | ⏳ 等待 Profile 更新任务...
2026-08-07 11:48:02.090 | INFO     | N/A | ⏳ 等待 Profile 更新任务...
2026-08-07 11:48:07.115 | INFO     | N/A | ⏳ 等待 Profile 更新任务...
2026-08-07 11:48:12.138 | INFO     | N/A | ⏳ 等待 Profile 更新任务...
2026-08-07 11:48:17.164 | INFO     | N/A | ⏳ 等待 Profile 更新任务...
2026-08-07 11:48:22.186 | INFO     | N/A | ⏳ 等待 Profile 更新任务...
2026-08-07 11:48:27.214 | INFO     | N/A | ⏳ 等待 Profile 更新任务...
2026-08-07 11:48:32.244 | INFO     | N/A | ⏳ 等待 Profile 更新任务...
2026-08-07 11:48:37.266 | INFO     | N/A | ⏳ 等待 Profile 更新任务...
2026-08-07 11:48:42.288 | INFO     | N/A | ⏳ 等待 Profile 更新任务...
2026-08-07 11:48:47.310 | INFO     | N/A | ⏳ 等待 Profile 更新任务...
2026-08-07 11:48:52.334 | INFO     | N/A | ⏳ 等待 Profile 更新任务...
2026-08-07 11:48:57.360 | INFO     | N/A | ⏳ 等待 Profile 更新任务...
2026-08-07 11:49:02.394 | INFO     | N/A | ⏳ 等待 Profile 更新任务...
2026-08-07 11:49:07.418 | INFO     | N/A | ⏳ 等待 Profile 更新任务...
2026-08-07 11:49:12.442 | INFO     | N/A | ⏳ 等待 Profile 更新任务...
2026-08-07 11:49:17.465 | INFO     | N/A | ⏳ 等待 Profile 更新任务...
2026-08-07 11:49:22.489 | INFO     | N/A | ⏳ 等待 Profile 更新任务...
2026-08-07 11:49:27.516 | INFO     | N/A | ⏳ 等待 Profile 更新任务...
2026-08-07 11:49:32.547 | INFO     | N/A | ⏳ 等待 Profile 更新任务...
2026-08-07 11:49:37.570 | INFO     | N/A | ⏳ 等待 Profile 更新任务...
2026-08-07 11:49:42.593 | INFO     | N/A | ⏳ 等待 Profile 更新任务...
2026-08-07 11:49:47.613 | INFO     | N/A | ⏳ 等待 Profile 更新任务...
2026-08-07 11:49:52.635 | INFO     | N/A | ⏳ 等待 Profile 更新任务...
2026-08-07 11:49:57.662 | INFO     | N/A | ⏳ 等待 Profile 更新任务...
2026-08-07 11:50:02.693 | INFO     | N/A | ⏳ 等待 Profile 更新任务...
2026-08-07 11:50:07.713 | INFO     | N/A | ⏳ 等待 Profile 更新任务...
2026-08-07 11:50:12.738 | INFO     | N/A | ⏳ 等待 Profile 更新任务...
2026-08-07 11:50:17.760 | INFO     | N/A | ⏳ 等待 Profile 更新任务...
2026-08-07 11:50:22.781 | INFO     | N/A | ⏳ 等待 Profile 更新任务...
2026-08-07 11:50:27.811 | INFO     | N/A | ⏳ 等待 Profile 更新任务...
2026-08-07 11:50:32.841 | INFO     | N/A | ⏳ 等待 Profile 更新任务...
2026-08-07 11:50:37.862 | INFO     | N/A | ⏳ 等待 Profile 更新任务...
2026-08-07 11:50:42.884 | INFO     | N/A | ⏳ 等待 Profile 更新任务...
2026-08-07 11:50:47.906 | INFO     | N/A | ⏳ 等待 Profile 更新任务...
2026-08-07 11:50:52.929 | INFO     | N/A | ⏳ 等待 Profile 更新任务...
2026-08-07 11:50:57.967 | INFO     | N/A | ⏳ 等待 Profile 更新任务...
2026-08-07 11:51:02.997 | INFO     | N/A | ⏳ 等待 Profile 更新任务...
2026-08-07 11:51:08.020 | INFO     | N/A | ⏳ 等待 Profile 更新任务...
2026-08-07 11:51:13.042 | INFO     | N/A | ⏳ 等待 Profile 更新任务...
2026-08-07 11:51:18.066 | INFO     | N/A | ⏳ 等待 Profile 更新任务...
2026-08-07 11:51:23.088 | INFO     | N/A | ⏳ 等待 Profile 更新任务...
2026-08-07 11:51:28.115 | INFO     | N/A | ⏳ 等待 Profile 更新任务...
2026-08-07 11:51:33.144 | INFO     | N/A | ⏳ 等待 Profile 更新任务...
2026-08-07 11:51:38.168 | INFO     | N/A | ⏳ 等待 Profile 更新任务...
2026-08-07 11:51:43.195 | INFO     | N/A | ⏳ 等待 Profile 更新任务...
2026-08-07 11:51:48.219 | INFO     | N/A | ⏳ 等待 Profile 更新任务...
2026-08-07 11:51:53.245 | INFO     | N/A | ⏳ 等待 Profile 更新任务...
2026-08-07 11:51:58.279 | INFO     | N/A | ⏳ 等待 Profile 更新任务...
2026-08-07 11:52:03.309 | INFO     | N/A | ⏳ 等待 Profile 更新任务...
2026-08-07 11:52:08.331 | INFO     | N/A | ⏳ 等待 Profile 更新任务...
2026-08-07 11:52:13.352 | INFO     | N/A | ⏳ 等待 Profile 更新任务...
2026-08-07 11:52:18.376 | INFO     | N/A | ⏳ 等待 Profile 更新任务...
2026-08-07 11:52:23.399 | INFO     | N/A | ⏳ 等待 Profile 更新任务...
2026-08-07 11:52:28.424 | INFO     | N/A | ⏳ 等待 Profile 更新任务...
2026-08-07 11:52:33.449 | INFO     | N/A | ⏳ 等待 Profile 更新任务...
2026-08-07 11:52:38.472 | INFO     | N/A | ⏳ 等待 Profile 更新任务...
2026-08-07 11:52:43.495 | INFO     | N/A | ⏳ 等待 Profile 更新任务...
2026-08-07 11:52:48.520 | INFO     | N/A | ⏳ 等待 Profile 更新任务...
2026-08-07 11:52:53.545 | INFO     | N/A | ⏳ 等待 Profile 更新任务...
2026-08-07 11:52:58.577 | INFO     | N/A | ⏳ 等待 Profile 更新任务...
2026-08-07 11:53:03.605 | INFO     | N/A | ⏳ 等待 Profile 更新任务...
2026-08-07 11:53:08.631 | INFO     | N/A | ⏳ 等待 Profile 更新任务...
2026-08-07 11:53:13.653 | INFO     | N/A | ⏳ 等待 Profile 更新任务...
2026-08-07 11:53:18.679 | INFO     | N/A | ⏳ 等待 Profile 更新任务...
2026-08-07 11:53:23.701 | INFO     | N/A | ⏳ 等待 Profile 更新任务...
2026-08-07 11:53:28.726 | INFO     | N/A | ⏳ 等待 Profile 更新任务...
2026-08-07 11:53:33.755 | INFO     | N/A | ⏳ 等待 Profile 更新任务...
2026-08-07 11:53:38.779 | INFO     | N/A | ⏳ 等待 Profile 更新任务...
2026-08-07 11:53:43.803 | INFO     | N/A | ⏳ 等待 Profile 更新任务...
2026-08-07 11:53:48.829 | INFO     | N/A | ⏳ 等待 Profile 更新任务...
2026-08-07 11:53:53.852 | INFO     | N/A | ⏳ 等待 Profile 更新任务...
2026-08-07 11:53:58.885 | INFO     | N/A | ⏳ 等待 Profile 更新任务...
2026-08-07 11:54:03.910 | INFO     | N/A | ⏳ 等待 Profile 更新任务...
2026-08-07 11:54:08.935 | INFO     | N/A | ⏳ 等待 Profile 更新任务...
2026-08-07 11:54:13.960 | INFO     | N/A | ⏳ 等待 Profile 更新任务...
2026-08-07 11:54:18.984 | INFO     | N/A | ⏳ 等待 Profile 更新任务...
2026-08-07 11:54:24.007 | INFO     | N/A | ⏳ 等待 Profile 更新任务...
2026-08-07 11:54:29.029 | INFO     | N/A | ⏳ 等待 Profile 更新任务...
2026-08-07 11:54:34.070 | INFO     | N/A | ⏳ 等待 Profile 更新任务...
2026-08-07 11:54:39.094 | INFO     | N/A | ⏳ 等待 Profile 更新任务...
2026-08-07 11:54:44.119 | INFO     | N/A | ⏳ 等待 Profile 更新任务...
2026-08-07 11:54:49.146 | INFO     | N/A | ⏳ 等待 Profile 更新任务...
2026-08-07 11:54:54.172 | INFO     | N/A | ⏳ 等待 Profile 更新任务...
2026-08-07 11:54:59.215 | INFO     | N/A | ⏳ 等待 Profile 更新任务...
2026-08-07 11:55:04.244 | INFO     | N/A | ⏳ 等待 Profile 更新任务...
2026-08-07 11:55:09.269 | INFO     | N/A | ⏳ 等待 Profile 更新任务...
2026-08-07 11:55:14.292 | INFO     | N/A | ⏳ 等待 Profile 更新任务...
2026-08-07 11:55:19.318 | INFO     | N/A | ⏳ 等待 Profile 更新任务...
2026-08-07 11:55:24.342 | INFO     | N/A | ⏳ 等待 Profile 更新任务...
2026-08-07 11:55:29.371 | INFO     | N/A | ⏳ 等待 Profile 更新任务...
2026-08-07 11:55:34.398 | INFO     | N/A | ⏳ 等待 Profile 更新任务...
2026-08-07 11:55:39.421 | INFO     | N/A | ⏳ 等待 Profile 更新任务...
2026-08-07 11:55:44.444 | INFO     | N/A | ⏳ 等待 Profile 更新任务...
2026-08-07 11:55:49.468 | INFO     | N/A | ⏳ 等待 Profile 更新任务...
2026-08-07 11:55:54.490 | INFO     | N/A | ⏳ 等待 Profile 更新任务...
2026-08-07 11:55:59.527 | INFO     | N/A | ⏳ 等待 Profile 更新任务...
2026-08-07 11:56:04.554 | INFO     | N/A | ⏳ 等待 Profile 更新任务...
2026-08-07 11:56:09.579 | INFO     | N/A | ⏳ 等待 Profile 更新任务...
2026-08-07 11:56:14.604 | INFO     | N/A | ⏳ 等待 Profile 更新任务...
2026-08-07 11:56:19.629 | INFO     | N/A | ⏳ 等待 Profile 更新任务...
2026-08-07 11:56:24.653 | INFO     | N/A | ⏳ 等待 Profile 更新任务...
2026-08-07 11:56:29.688 | INFO     | N/A | ⏳ 等待 Profile 更新任务...
2026-08-07 11:56:34.713 | INFO     | N/A | ⏳ 等待 Profile 更新任务...
2026-08-07 11:56:39.737 | INFO     | N/A | ⏳ 等待 Profile 更新任务...
2026-08-07 11:56:44.758 | INFO     | N/A | ⏳ 等待 Profile 更新任务...
2026-08-07 11:56:49.781 | INFO     | N/A | ⏳ 等待 Profile 更新任务...
2026-08-07 11:56:54.803 | INFO     | N/A | ⏳ 等待 Profile 更新任务...
2026-08-07 11:56:59.832 | INFO     | N/A | ⏳ 等待 Profile 更新任务...
2026-08-07 12:48:39.053 | ERROR    | N/A | Worker 主循环异常: Timeout reading from socket
Traceback (most recent call last):

  File "D:\毕业设计\Travel_python\.venv\Lib\site-packages\redis\_parsers\socket.py", line 64, in _read_from_socket
    data = sock.recv(socket_read_size)

TimeoutError: timed out


During handling of the above exception, another exception occurred:


Traceback (most recent call last):

  File "D:\毕业设计\Travel_python\travel_ai_python\app\service\profile_worker.py", line 194, in <module>
    run_worker()

> File "D:\毕业设计\Travel_python\travel_ai_python\app\service\profile_worker.py", line 169, in run_worker
    task_data = pop_profile_update_task(block=True, timeout=5)

  File "D:\毕业设计\Travel_python\travel_ai_python\app\utils\redis_client.py", line 43, in pop_profile_update_task
    result = redis_client.brpop(PROFILE_UPDATE_QUEUE, timeout=timeout)

  File "D:\毕业设计\Travel_python\.venv\Lib\site-packages\redis\commands\core.py", line 4751, in brpop
    return self.execute_command("BRPOP", *keys)
  File "D:\毕业设计\Travel_python\.venv\Lib\site-packages\redis\client.py", line 787, in execute_command
    return self._execute_command(*args, **options)
  File "D:\毕业设计\Travel_python\.venv\Lib\site-packages\redis\client.py", line 809, in _execute_command
    result = conn.retry.call_with_retry(
  File "D:\毕业设计\Travel_python\.venv\Lib\site-packages\redis\retry.py", line 132, in call_with_retry
    raise error
  File "D:\毕业设计\Travel_python\.venv\Lib\site-packages\redis\retry.py", line 120, in call_with_retry
    return do()
  File "D:\毕业设计\Travel_python\.venv\Lib\site-packages\redis\client.py", line 810, in <lambda>
    lambda: self._send_command_parse_response(
  File "D:\毕业设计\Travel_python\.venv\Lib\site-packages\redis\client.py", line 753, in _send_command_parse_response
    return self.parse_response(conn, command_name, **options)
  File "D:\毕业设计\Travel_python\.venv\Lib\site-packages\redis\client.py", line 853, in parse_response
    response = connection.read_response()
  File "D:\毕业设计\Travel_python\.venv\Lib\site-packages\redis\connection.py", line 1371, in read_response
    response = self._parser.read_response(
  File "D:\毕业设计\Travel_python\.venv\Lib\site-packages\redis\_parsers\resp3.py", line 40, in read_response
    result = self._read_response(
  File "D:\毕业设计\Travel_python\.venv\Lib\site-packages\redis\_parsers\resp3.py", line 65, in _read_response
    raw = self._buffer.readline(timeout=timeout)
  File "D:\毕业设计\Travel_python\.venv\Lib\site-packages\redis\_parsers\socket.py", line 117, in readline
    self._read_from_socket(timeout=timeout)
  File "D:\毕业设计\Travel_python\.venv\Lib\site-packages\redis\_parsers\socket.py", line 77, in _read_from_socket
    raise TimeoutError("Timeout reading from socket")

redis.exceptions.TimeoutError: Timeout reading from socket
2026-08-07 12:48:40.110 | INFO     | N/A | ⏳ 等待 Profile 更新任务...
2026-08-07 12:48:45.319 | INFO     | N/A | ⏳ 等待 Profile 更新任务...
2026-08-07 12:48:50.346 | INFO     | N/A | ⏳ 等待 Profile 更新任务...
2026-08-07 12:48:55.370 | INFO     | N/A | ⏳ 等待 Profile 更新任务...
2026-08-07 12:49:00.395 | INFO     | N/A | ⏳ 等待 Profile 更新任务...
2026-08-07 12:49:05.419 | INFO     | N/A | ⏳ 等待 Profile 更新任务...
2026-08-07 12:49:10.450 | INFO     | N/A | ⏳ 等待 Profile 更新任务...
2026-08-07 12:49:15.475 | INFO     | N/A | ⏳ 等待 Profile 更新任务...
2026-08-07 12:49:20.497 | INFO     | N/A | ⏳ 等待 Profile 更新任务...
2026-08-07 12:49:25.521 | INFO     | N/A | ⏳ 等待 Profile 更新任务...
2026-08-07 12:49:30.544 | INFO     | N/A | ⏳ 等待 Profile 更新任务...
2026-08-07 12:49:35.569 | INFO     | N/A | ⏳ 等待 Profile 更新任务...
2026-08-07 12:49:40.598 | INFO     | N/A | ⏳ 等待 Profile 更新任务...
2026-08-07 12:49:45.622 | INFO     | N/A | ⏳ 等待 Profile 更新任务...
2026-08-07 12:49:50.645 | INFO     | N/A | ⏳ 等待 Profile 更新任务...
2026-08-07 12:49:55.669 | INFO     | N/A | ⏳ 等待 Profile 更新任务...
2026-08-07 12:50:00.694 | INFO     | N/A | ⏳ 等待 Profile 更新任务...
2026-08-07 12:50:05.721 | INFO     | N/A | ⏳ 等待 Profile 更新任务...
2026-08-07 12:50:10.748 | INFO     | N/A | ⏳ 等待 Profile 更新任务...
2026-08-07 12:50:15.771 | INFO     | N/A | ⏳ 等待 Profile 更新任务...
2026-08-07 12:50:20.796 | INFO     | N/A | ⏳ 等待 Profile 更新任务...
2026-08-07 12:50:25.823 | INFO     | N/A | ⏳ 等待 Profile 更新任务...
2026-08-07 12:50:30.846 | INFO     | N/A | ⏳ 等待 Profile 更新任务...
2026-08-07 12:50:35.870 | INFO     | N/A | ⏳ 等待 Profile 更新任务...
2026-08-07 12:50:40.896 | INFO     | N/A | ⏳ 等待 Profile 更新任务...
2026-08-07 12:50:45.927 | INFO     | N/A | ⏳ 等待 Profile 更新任务...
2026-08-07 12:50:50.952 | INFO     | N/A | ⏳ 等待 Profile 更新任务...
2026-08-07 12:50:55.979 | INFO     | N/A | ⏳ 等待 Profile 更新任务...
2026-08-07 12:51:01.003 | INFO     | N/A | ⏳ 等待 Profile 更新任务...
2026-08-07 12:51:06.029 | INFO     | N/A | ⏳ 等待 Profile 更新任务...
2026-08-07 12:51:11.053 | INFO     | N/A | ⏳ 等待 Profile 更新任务...
2026-08-07 12:51:16.109 | INFO     | N/A | ⏳ 等待 Profile 更新任务...
2026-08-07 12:51:21.130 | INFO     | N/A | ⏳ 等待 Profile 更新任务...
2026-08-07 12:51:26.155 | INFO     | N/A | ⏳ 等待 Profile 更新任务...
2026-08-07 12:51:31.177 | INFO     | N/A | ⏳ 等待 Profile 更新任务...
2026-08-07 12:51:36.203 | INFO     | N/A | ⏳ 等待 Profile 更新任务...
2026-08-07 12:51:41.230 | INFO     | N/A | ⏳ 等待 Profile 更新任务...
2026-08-07 12:51:46.255 | INFO     | N/A | ⏳ 等待 Profile 更新任务...
2026-08-07 12:51:51.281 | INFO     | N/A | ⏳ 等待 Profile 更新任务...
2026-08-07 12:51:56.311 | INFO     | N/A | ⏳ 等待 Profile 更新任务...
2026-08-07 12:52:01.335 | INFO     | N/A | ⏳ 等待 Profile 更新任务...
2026-08-07 12:52:06.358 | INFO     | N/A | ⏳ 等待 Profile 更新任务...
2026-08-07 12:52:11.385 | INFO     | N/A | ⏳ 等待 Profile 更新任务...
2026-08-07 12:52:16.410 | INFO     | N/A | ⏳ 等待 Profile 更新任务...
2026-08-07 12:52:21.436 | INFO     | N/A | ⏳ 等待 Profile 更新任务...
2026-08-07 12:52:26.459 | INFO     | N/A | ⏳ 等待 Profile 更新任务...
2026-08-07 12:52:31.483 | INFO     | N/A | ⏳ 等待 Profile 更新任务...
2026-08-07 12:52:36.507 | INFO     | N/A | ⏳ 等待 Profile 更新任务...
2026-08-07 12:52:41.533 | INFO     | N/A | ⏳ 等待 Profile 更新任务...
2026-08-07 12:52:46.558 | INFO     | N/A | ⏳ 等待 Profile 更新任务...
2026-08-07 12:52:51.582 | INFO     | N/A | ⏳ 等待 Profile 更新任务...
2026-08-07 12:52:56.609 | INFO     | N/A | ⏳ 等待 Profile 更新任务...
2026-08-07 12:53:01.633 | INFO     | N/A | ⏳ 等待 Profile 更新任务...
2026-08-07 12:53:06.656 | INFO     | N/A | ⏳ 等待 Profile 更新任务...
2026-08-07 12:53:11.684 | INFO     | N/A | ⏳ 等待 Profile 更新任务...
2026-08-07 12:53:16.710 | INFO     | N/A | ⏳ 等待 Profile 更新任务...
2026-08-07 12:53:21.733 | INFO     | N/A | ⏳ 等待 Profile 更新任务...
2026-08-07 12:53:26.758 | INFO     | N/A | ⏳ 等待 Profile 更新任务...
2026-08-07 12:53:31.781 | INFO     | N/A | ⏳ 等待 Profile 更新任务...
2026-08-07 12:53:36.805 | INFO     | N/A | ⏳ 等待 Profile 更新任务...
2026-08-07 12:53:41.834 | INFO     | N/A | ⏳ 等待 Profile 更新任务...
2026-08-07 12:53:46.862 | INFO     | N/A | ⏳ 等待 Profile 更新任务...
2026-08-07 12:53:51.885 | INFO     | N/A | ⏳ 等待 Profile 更新任务...
2026-08-07 12:53:56.908 | INFO     | N/A | ⏳ 等待 Profile 更新任务...
2026-08-07 12:54:01.931 | INFO     | N/A | ⏳ 等待 Profile 更新任务...
2026-08-07 12:54:06.958 | INFO     | N/A | ⏳ 等待 Profile 更新任务...
2026-08-07 12:54:11.991 | INFO     | N/A | ⏳ 等待 Profile 更新任务...
2026-08-07 12:54:17.013 | INFO     | N/A | ⏳ 等待 Profile 更新任务...
2026-08-07 12:54:22.037 | INFO     | N/A | ⏳ 等待 Profile 更新任务...
2026-08-07 12:54:27.078 | INFO     | N/A | ⏳ 等待 Profile 更新任务...
2026-08-07 12:54:32.100 | INFO     | N/A | ⏳ 等待 Profile 更新任务...
2026-08-07 12:54:37.123 | INFO     | N/A | ⏳ 等待 Profile 更新任务...
2026-08-07 12:54:42.150 | INFO     | N/A | ⏳ 等待 Profile 更新任务...
2026-08-07 12:54:47.176 | INFO     | N/A | ⏳ 等待 Profile 更新任务...
2026-08-07 12:54:52.202 | INFO     | N/A | ⏳ 等待 Profile 更新任务...
2026-08-07 12:54:57.229 | INFO     | N/A | ⏳ 等待 Profile 更新任务...
2026-08-07 12:55:02.253 | INFO     | N/A | ⏳ 等待 Profile 更新任务...
2026-08-07 12:55:07.277 | INFO     | N/A | ⏳ 等待 Profile 更新任务...
2026-08-07 12:55:12.303 | INFO     | N/A | ⏳ 等待 Profile 更新任务...
2026-08-07 12:55:17.329 | INFO     | N/A | ⏳ 等待 Profile 更新任务...
2026-08-07 12:55:22.353 | INFO     | N/A | ⏳ 等待 Profile 更新任务...
2026-08-07 12:55:27.378 | INFO     | N/A | ⏳ 等待 Profile 更新任务...
2026-08-07 12:55:32.401 | INFO     | N/A | ⏳ 等待 Profile 更新任务...
2026-08-07 12:55:37.427 | INFO     | N/A | ⏳ 等待 Profile 更新任务...
2026-08-07 12:55:42.453 | INFO     | N/A | ⏳ 等待 Profile 更新任务...
2026-08-07 12:55:47.479 | INFO     | N/A | ⏳ 等待 Profile 更新任务...
2026-08-07 12:55:52.505 | INFO     | N/A | ⏳ 等待 Profile 更新任务...
2026-08-07 12:55:57.531 | INFO     | N/A | ⏳ 等待 Profile 更新任务...
2026-08-07 12:56:02.555 | INFO     | N/A | ⏳ 等待 Profile 更新任务...
2026-08-07 12:56:07.579 | INFO     | N/A | ⏳ 等待 Profile 更新任务...
2026-08-07 12:56:12.610 | INFO     | N/A | ⏳ 等待 Profile 更新任务...
2026-08-07 12:56:17.632 | INFO     | N/A | ⏳ 等待 Profile 更新任务...
2026-08-07 12:56:22.657 | INFO     | N/A | ⏳ 等待 Profile 更新任务...
2026-08-07 12:56:27.679 | INFO     | N/A | ⏳ 等待 Profile 更新任务...
2026-08-07 12:56:32.702 | INFO     | N/A | ⏳ 等待 Profile 更新任务...
2026-08-07 12:56:37.728 | INFO     | N/A | ⏳ 等待 Profile 更新任务...
2026-08-07 12:56:42.754 | INFO     | N/A | ⏳ 等待 Profile 更新任务...
2026-08-07 12:56:47.779 | INFO     | N/A | ⏳ 等待 Profile 更新任务...
2026-08-07 12:56:52.807 | INFO     | N/A | ⏳ 等待 Profile 更新任务...
2026-08-07 12:56:57.831 | INFO     | N/A | ⏳ 等待 Profile 更新任务...
2026-08-07 12:57:02.856 | INFO     | N/A | ⏳ 等待 Profile 更新任务...
2026-08-07 12:57:07.881 | INFO     | N/A | ⏳ 等待 Profile 更新任务...
2026-08-07 12:57:12.910 | INFO     | N/A | ⏳ 等待 Profile 更新任务...
2026-08-07 12:57:17.933 | INFO     | N/A | ⏳ 等待 Profile 更新任务...
2026-08-07 12:57:22.958 | INFO     | N/A | ⏳ 等待 Profile 更新任务...
2026-08-07 12:57:27.983 | INFO     | N/A | ⏳ 等待 Profile 更新任务...
2026-08-07 12:57:33.008 | INFO     | N/A | ⏳ 等待 Profile 更新任务...
2026-08-07 12:57:37.851 | INFO     | N/A | ⏳ 等待 Profile 更新任务...
2026-08-07 12:57:42.498 | INFO     | N/A | ⏳ 等待 Profile 更新任务...
2026-08-07 12:57:47.141 | INFO     | N/A | ⏳ 等待 Profile 更新任务...
2026-08-07 12:57:52.057 | INFO     | N/A | ⏳ 等待 Profile 更新任务...
2026-08-07 12:57:57.084 | INFO     | N/A | ⏳ 等待 Profile 更新任务...
2026-08-07 12:58:02.106 | INFO     | N/A | ⏳ 等待 Profile 更新任务...
2026-08-07 12:58:07.131 | INFO     | N/A | ⏳ 等待 Profile 更新任务...
2026-08-07 12:58:12.158 | INFO     | N/A | ⏳ 等待 Profile 更新任务...
2026-08-07 12:58:17.183 | INFO     | N/A | ⏳ 等待 Profile 更新任务...
2026-08-07 12:58:22.207 | INFO     | N/A | ⏳ 等待 Profile 更新任务...
2026-08-07 12:58:27.232 | INFO     | N/A | ⏳ 等待 Profile 更新任务...
2026-08-07 12:58:32.255 | INFO     | N/A | ⏳ 等待 Profile 更新任务...
2026-08-07 12:58:37.280 | INFO     | N/A | ⏳ 等待 Profile 更新任务...
2026-08-07 12:58:42.305 | INFO     | N/A | ⏳ 等待 Profile 更新任务...
2026-08-07 12:58:47.331 | INFO     | N/A | ⏳ 等待 Profile 更新任务...
2026-08-07 12:58:52.355 | INFO     | N/A | ⏳ 等待 Profile 更新任务...
2026-08-07 12:58:57.381 | INFO     | N/A | ⏳ 等待 Profile 更新任务...
2026-08-07 12:59:02.404 | INFO     | N/A | ⏳ 等待 Profile 更新任务...
2026-08-07 12:59:07.430 | INFO     | N/A | ⏳ 等待 Profile 更新任务...
2026-08-07 12:59:12.462 | INFO     | N/A | ⏳ 等待 Profile 更新任务...
2026-08-07 12:59:17.488 | INFO     | N/A | ⏳ 等待 Profile 更新任务...
2026-08-07 12:59:22.512 | INFO     | N/A | ⏳ 等待 Profile 更新任务...
2026-08-07 12:59:27.536 | INFO     | N/A | ⏳ 等待 Profile 更新任务...
2026-08-07 12:59:32.558 | INFO     | N/A | ⏳ 等待 Profile 更新任务...
2026-08-07 12:59:37.583 | INFO     | N/A | ⏳ 等待 Profile 更新任务...
2026-08-07 12:59:42.609 | INFO     | N/A | ⏳ 等待 Profile 更新任务...
2026-08-07 12:59:47.633 | INFO     | N/A | ⏳ 等待 Profile 更新任务...
2026-08-07 12:59:52.658 | INFO     | N/A | ⏳ 等待 Profile 更新任务...
2026-08-07 12:59:57.684 | INFO     | N/A | ⏳ 等待 Profile 更新任务...
2026-08-07 13:00:02.708 | INFO     | N/A | ⏳ 等待 Profile 更新任务...
2026-08-07 13:00:07.733 | INFO     | N/A | ⏳ 等待 Profile 更新任务...
2026-08-07 13:00:12.759 | INFO     | N/A | ⏳ 等待 Profile 更新任务...
2026-08-07 13:00:17.784 | INFO     | N/A | ⏳ 等待 Profile 更新任务...
2026-08-07 13:00:22.807 | INFO     | N/A | ⏳ 等待 Profile 更新任务...
2026-08-07 13:00:27.832 | INFO     | N/A | ⏳ 等待 Profile 更新任务...
2026-08-07 13:00:32.855 | INFO     | N/A | ⏳ 等待 Profile 更新任务...
2026-08-07 13:00:37.880 | INFO     | N/A | ⏳ 等待 Profile 更新任务...
2026-08-07 13:00:42.909 | INFO     | N/A | ⏳ 等待 Profile 更新任务...
2026-08-07 13:00:47.934 | INFO     | N/A | ⏳ 等待 Profile 更新任务...
2026-08-07 13:00:52.969 | INFO     | N/A | ⏳ 等待 Profile 更新任务...
2026-08-07 13:00:57.990 | INFO     | N/A | ⏳ 等待 Profile 更新任务...
2026-08-07 13:01:03.022 | INFO     | N/A | ⏳ 等待 Profile 更新任务...
2026-08-07 13:01:08.044 | INFO     | N/A | ⏳ 等待 Profile 更新任务...
2026-08-07 13:01:13.070 | INFO     | N/A | ⏳ 等待 Profile 更新任务...
2026-08-07 13:01:18.095 | INFO     | N/A | ⏳ 等待 Profile 更新任务...
2026-08-07 13:01:23.119 | INFO     | N/A | ⏳ 等待 Profile 更新任务...
2026-08-07 13:01:28.142 | INFO     | N/A | ⏳ 等待 Profile 更新任务...
2026-08-07 13:01:33.177 | INFO     | N/A | ⏳ 等待 Profile 更新任务...
2026-08-07 13:01:38.201 | INFO     | N/A | ⏳ 等待 Profile 更新任务...
2026-08-07 13:01:43.226 | INFO     | N/A | ⏳ 等待 Profile 更新任务...
2026-08-07 13:01:48.251 | INFO     | N/A | ⏳ 等待 Profile 更新任务...
2026-08-07 13:01:53.276 | INFO     | N/A | ⏳ 等待 Profile 更新任务...
2026-08-07 13:01:58.300 | INFO     | N/A | ⏳ 等待 Profile 更新任务...
2026-08-07 13:02:03.325 | INFO     | N/A | ⏳ 等待 Profile 更新任务...
2026-08-07 13:02:08.346 | INFO     | N/A | ⏳ 等待 Profile 更新任务...
2026-08-07 13:02:13.373 | INFO     | N/A | ⏳ 等待 Profile 更新任务...
2026-08-07 13:02:18.397 | INFO     | N/A | ⏳ 等待 Profile 更新任务...
2026-08-07 13:02:23.420 | INFO     | N/A | ⏳ 等待 Profile 更新任务...
2026-08-07 13:02:28.444 | INFO     | N/A | ⏳ 等待 Profile 更新任务...
2026-08-07 13:02:33.469 | INFO     | N/A | ⏳ 等待 Profile 更新任务...
2026-08-07 13:02:38.492 | INFO     | N/A | ⏳ 等待 Profile 更新任务...
2026-08-07 13:02:43.521 | INFO     | N/A | ⏳ 等待 Profile 更新任务...
2026-08-07 13:02:48.547 | INFO     | N/A | ⏳ 等待 Profile 更新任务...
2026-08-07 13:02:53.573 | INFO     | N/A | ⏳ 等待 Profile 更新任务...
2026-08-07 13:02:58.598 | INFO     | N/A | ⏳ 等待 Profile 更新任务...
2026-08-07 13:03:03.621 | INFO     | N/A | ⏳ 等待 Profile 更新任务...
2026-08-07 13:03:08.647 | INFO     | N/A | ⏳ 等待 Profile 更新任务...
2026-08-07 13:03:13.671 | INFO     | N/A | ⏳ 等待 Profile 更新任务...
2026-08-07 13:03:18.699 | INFO     | N/A | ⏳ 等待 Profile 更新任务...
2026-08-07 13:03:23.722 | INFO     | N/A | ⏳ 等待 Profile 更新任务...
2026-08-07 13:03:28.747 | INFO     | N/A | ⏳ 等待 Profile 更新任务...
2026-08-07 13:03:33.772 | INFO     | N/A | ⏳ 等待 Profile 更新任务...
2026-08-07 13:03:38.796 | INFO     | N/A | ⏳ 等待 Profile 更新任务...
2026-08-07 13:03:43.825 | INFO     | N/A | ⏳ 等待 Profile 更新任务...
2026-08-07 13:03:48.850 | INFO     | N/A | ⏳ 等待 Profile 更新任务...
2026-08-07 13:03:53.873 | INFO     | N/A | ⏳ 等待 Profile 更新任务...
2026-08-07 13:03:58.896 | INFO     | N/A | ⏳ 等待 Profile 更新任务...
2026-08-07 13:04:03.919 | INFO     | N/A | ⏳ 等待 Profile 更新任务...
2026-08-07 13:04:08.944 | INFO     | N/A | ⏳ 等待 Profile 更新任务...
2026-08-07 13:04:13.970 | INFO     | N/A | ⏳ 等待 Profile 更新任务...
2026-08-07 13:04:18.995 | INFO     | N/A | ⏳ 等待 Profile 更新任务...
2026-08-07 13:04:24.018 | INFO     | N/A | ⏳ 等待 Profile 更新任务...
2026-08-07 13:04:29.043 | INFO     | N/A | ⏳ 等待 Profile 更新任务...
2026-08-07 13:04:34.065 | INFO     | N/A | ⏳ 等待 Profile 更新任务...
2026-08-07 13:04:39.092 | INFO     | N/A | ⏳ 等待 Profile 更新任务...
2026-08-07 13:04:44.118 | INFO     | N/A | ⏳ 等待 Profile 更新任务...
2026-08-07 13:04:49.143 | INFO     | N/A | ⏳ 等待 Profile 更新任务...
2026-08-07 13:04:54.167 | INFO     | N/A | ⏳ 等待 Profile 更新任务...
2026-08-07 13:04:59.193 | INFO     | N/A | ⏳ 等待 Profile 更新任务...
2026-08-07 13:05:04.221 | INFO     | N/A | ⏳ 等待 Profile 更新任务...
2026-08-07 13:05:09.247 | INFO     | N/A | ⏳ 等待 Profile 更新任务...
2026-08-07 13:05:14.276 | INFO     | N/A | ⏳ 等待 Profile 更新任务...
2026-08-07 13:05:19.301 | INFO     | N/A | ⏳ 等待 Profile 更新任务...
2026-08-07 13:05:24.325 | INFO     | N/A | ⏳ 等待 Profile 更新任务...
2026-08-07 13:05:29.350 | INFO     | N/A | ⏳ 等待 Profile 更新任务...
2026-08-07 13:05:34.374 | INFO     | N/A | ⏳ 等待 Profile 更新任务...
2026-08-07 13:05:39.399 | INFO     | N/A | ⏳ 等待 Profile 更新任务...
2026-08-07 13:05:44.433 | INFO     | N/A | ⏳ 等待 Profile 更新任务...
2026-08-07 13:05:49.457 | INFO     | N/A | ⏳ 等待 Profile 更新任务...
2026-08-07 13:05:54.479 | INFO     | N/A | ⏳ 等待 Profile 更新任务...
2026-08-07 13:05:59.504 | INFO     | N/A | ⏳ 等待 Profile 更新任务...
2026-08-07 13:06:04.528 | INFO     | N/A | ⏳ 等待 Profile 更新任务...
2026-08-07 13:06:09.553 | INFO     | N/A | ⏳ 等待 Profile 更新任务...
2026-08-07 13:06:14.579 | INFO     | N/A | ⏳ 等待 Profile 更新任务...
2026-08-07 13:06:19.603 | INFO     | N/A | ⏳ 等待 Profile 更新任务...
2026-08-07 13:06:24.626 | INFO     | N/A | ⏳ 等待 Profile 更新任务...
2026-08-07 13:06:29.651 | INFO     | N/A | ⏳ 等待 Profile 更新任务...
2026-08-07 13:06:34.675 | INFO     | N/A | ⏳ 等待 Profile 更新任务...
2026-08-07 13:06:39.698 | INFO     | N/A | ⏳ 等待 Profile 更新任务...
2026-08-07 13:06:44.730 | INFO     | N/A | ⏳ 等待 Profile 更新任务...
2026-08-07 13:06:49.754 | INFO     | N/A | ⏳ 等待 Profile 更新任务...
2026-08-07 13:06:54.779 | INFO     | N/A | ⏳ 等待 Profile 更新任务...
2026-08-07 13:06:59.803 | INFO     | N/A | ⏳ 等待 Profile 更新任务...
2026-08-07 13:07:04.828 | INFO     | N/A | ⏳ 等待 Profile 更新任务...
2026-08-07 13:07:09.852 | INFO     | N/A | ⏳ 等待 Profile 更新任务...
2026-08-07 13:07:14.882 | INFO     | N/A | ⏳ 等待 Profile 更新任务...
2026-08-07 13:07:19.907 | INFO     | N/A | ⏳ 等待 Profile 更新任务...
2026-08-07 13:07:24.938 | INFO     | N/A | ⏳ 等待 Profile 更新任务...
2026-08-07 13:07:29.962 | INFO     | N/A | ⏳ 等待 Profile 更新任务...
2026-08-07 13:07:34.986 | INFO     | N/A | ⏳ 等待 Profile 更新任务...
2026-08-07 13:07:40.013 | INFO     | N/A | ⏳ 等待 Profile 更新任务...
2026-08-07 13:07:45.038 | INFO     | N/A | ⏳ 等待 Profile 更新任务...
2026-08-07 13:07:50.061 | INFO     | N/A | ⏳ 等待 Profile 更新任务...
2026-08-07 13:07:55.088 | INFO     | N/A | ⏳ 等待 Profile 更新任务...
2026-08-07 13:08:00.115 | INFO     | N/A | ⏳ 等待 Profile 更新任务...
2026-08-07 13:08:05.139 | INFO     | N/A | ⏳ 等待 Profile 更新任务...
2026-08-07 13:08:10.163 | INFO     | N/A | ⏳ 等待 Profile 更新任务...
2026-08-07 13:08:15.191 | INFO     | N/A | ⏳ 等待 Profile 更新任务...
2026-08-07 13:08:20.217 | INFO     | N/A | ⏳ 等待 Profile 更新任务...
2026-08-07 13:08:25.241 | INFO     | N/A | ⏳ 等待 Profile 更新任务...
2026-08-07 13:08:30.266 | INFO     | N/A | ⏳ 等待 Profile 更新任务...
2026-08-07 13:08:35.289 | INFO     | N/A | ⏳ 等待 Profile 更新任务...
2026-08-07 13:08:40.311 | INFO     | N/A | ⏳ 等待 Profile 更新任务...
2026-08-07 13:08:45.326 | INFO     | N/A | ⏳ 等待 Profile 更新任务...
2026-08-07 13:08:50.361 | INFO     | N/A | ⏳ 等待 Profile 更新任务...
2026-08-07 13:08:55.394 | INFO     | N/A | ⏳ 等待 Profile 更新任务...
2026-08-07 13:09:00.412 | INFO     | N/A | ⏳ 等待 Profile 更新任务...
2026-08-07 13:09:05.437 | INFO     | N/A | ⏳ 等待 Profile 更新任务...
2026-08-07 13:09:10.461 | INFO     | N/A | ⏳ 等待 Profile 更新任务...
2026-08-07 13:09:15.489 | INFO     | N/A | ⏳ 等待 Profile 更新任务...
2026-08-07 13:09:20.543 | INFO     | N/A | ⏳ 等待 Profile 更新任务...
2026-08-07 13:09:25.565 | INFO     | N/A | ⏳ 等待 Profile 更新任务...
2026-08-07 13:09:30.591 | INFO     | N/A | ⏳ 等待 Profile 更新任务...
2026-08-07 13:09:35.615 | INFO     | N/A | ⏳ 等待 Profile 更新任务...
2026-08-07 13:09:40.639 | INFO     | N/A | ⏳ 等待 Profile 更新任务...
2026-08-07 13:09:45.666 | INFO     | N/A | ⏳ 等待 Profile 更新任务...
2026-08-07 13:09:50.690 | INFO     | N/A | ⏳ 等待 Profile 更新任务...
2026-08-07 13:09:55.714 | INFO     | N/A | ⏳ 等待 Profile 更新任务...
2026-08-07 13:10:00.738 | INFO     | N/A | ⏳ 等待 Profile 更新任务...
2026-08-07 13:10:05.762 | INFO     | N/A | ⏳ 等待 Profile 更新任务...
2026-08-07 13:10:10.785 | INFO     | N/A | ⏳ 等待 Profile 更新任务...
2026-08-07 13:10:15.812 | INFO     | N/A | ⏳ 等待 Profile 更新任务...
2026-08-07 13:10:20.834 | INFO     | N/A | ⏳ 等待 Profile 更新任务...
2026-08-07 13:10:25.859 | INFO     | N/A | ⏳ 等待 Profile 更新任务...
2026-08-07 13:10:30.883 | INFO     | N/A | ⏳ 等待 Profile 更新任务...
2026-08-07 13:10:35.910 | INFO     | N/A | ⏳ 等待 Profile 更新任务...
2026-08-07 13:10:40.932 | INFO     | N/A | ⏳ 等待 Profile 更新任务...
2026-08-07 13:10:45.958 | INFO     | N/A | ⏳ 等待 Profile 更新任务...
2026-08-07 13:10:50.979 | INFO     | N/A | ⏳ 等待 Profile 更新任务...
2026-08-07 13:10:56.004 | INFO     | N/A | ⏳ 等待 Profile 更新任务...
2026-08-07 13:11:01.029 | INFO     | N/A | ⏳ 等待 Profile 更新任务...
2026-08-07 13:11:06.052 | INFO     | N/A | ⏳ 等待 Profile 更新任务...
2026-08-07 13:11:11.079 | INFO     | N/A | ⏳ 等待 Profile 更新任务...
2026-08-07 13:11:16.110 | INFO     | N/A | ⏳ 等待 Profile 更新任务...
2026-08-07 13:11:21.133 | INFO     | N/A | ⏳ 等待 Profile 更新任务...
2026-08-07 13:11:26.159 | INFO     | N/A | ⏳ 等待 Profile 更新任务...
2026-08-07 13:11:31.182 | INFO     | N/A | ⏳ 等待 Profile 更新任务...
2026-08-07 13:11:36.207 | INFO     | N/A | ⏳ 等待 Profile 更新任务...
2026-08-07 13:11:41.230 | INFO     | N/A | ⏳ 等待 Profile 更新任务...
2026-08-07 13:11:46.257 | INFO     | N/A | ⏳ 等待 Profile 更新任务...
2026-08-07 13:11:51.282 | INFO     | N/A | ⏳ 等待 Profile 更新任务...
2026-08-07 13:11:56.309 | INFO     | N/A | ⏳ 等待 Profile 更新任务...
2026-08-07 13:12:01.333 | INFO     | N/A | ⏳ 等待 Profile 更新任务...
2026-08-07 13:12:06.357 | INFO     | N/A | ⏳ 等待 Profile 更新任务...
2026-08-07 13:12:11.380 | INFO     | N/A | ⏳ 等待 Profile 更新任务...
2026-08-07 13:12:16.408 | INFO     | N/A | ⏳ 等待 Profile 更新任务...
2026-08-07 13:12:21.431 | INFO     | N/A | ⏳ 等待 Profile 更新任务...
2026-08-07 13:12:26.457 | INFO     | N/A | ⏳ 等待 Profile 更新任务...
2026-08-07 13:12:31.480 | INFO     | N/A | ⏳ 等待 Profile 更新任务...
2026-08-07 13:12:36.505 | INFO     | N/A | ⏳ 等待 Profile 更新任务...
2026-08-07 13:12:41.529 | INFO     | N/A | ⏳ 等待 Profile 更新任务...
2026-08-07 13:12:46.557 | INFO     | N/A | ⏳ 等待 Profile 更新任务...
2026-08-07 13:12:51.582 | INFO     | N/A | ⏳ 等待 Profile 更新任务...
2026-08-07 13:12:56.606 | INFO     | N/A | ⏳ 等待 Profile 更新任务...
2026-08-07 13:13:01.632 | INFO     | N/A | ⏳ 等待 Profile 更新任务...
2026-08-07 13:13:06.657 | INFO     | N/A | ⏳ 等待 Profile 更新任务...
2026-08-07 13:13:11.679 | INFO     | N/A | ⏳ 等待 Profile 更新任务...
2026-08-07 13:13:16.704 | INFO     | N/A | ⏳ 等待 Profile 更新任务...
2026-08-07 13:13:21.728 | INFO     | N/A | ⏳ 等待 Profile 更新任务...
2026-08-07 13:13:26.752 | INFO     | N/A | ⏳ 等待 Profile 更新任务...
2026-08-07 13:13:31.776 | INFO     | N/A | ⏳ 等待 Profile 更新任务...
2026-08-07 13:13:36.800 | INFO     | N/A | ⏳ 等待 Profile 更新任务...
2026-08-07 13:13:41.822 | INFO     | N/A | ⏳ 等待 Profile 更新任务...
2026-08-07 13:13:46.852 | INFO     | N/A | ⏳ 等待 Profile 更新任务...
2026-08-07 13:13:51.875 | INFO     | N/A | ⏳ 等待 Profile 更新任务...
2026-08-07 13:13:56.900 | INFO     | N/A | ⏳ 等待 Profile 更新任务...
2026-08-07 13:14:01.925 | INFO     | N/A | ⏳ 等待 Profile 更新任务...
2026-08-07 13:14:06.949 | INFO     | N/A | ⏳ 等待 Profile 更新任务...
2026-08-07 13:14:11.973 | INFO     | N/A | ⏳ 等待 Profile 更新任务...
2026-08-07 13:14:17.000 | INFO     | N/A | ⏳ 等待 Profile 更新任务...
2026-08-07 13:14:22.025 | INFO     | N/A | ⏳ 等待 Profile 更新任务...
2026-08-07 13:14:27.049 | INFO     | N/A | ⏳ 等待 Profile 更新任务...
2026-08-07 13:14:32.072 | INFO     | N/A | ⏳ 等待 Profile 更新任务...
2026-08-07 13:14:37.098 | INFO     | N/A | ⏳ 等待 Profile 更新任务...
2026-08-07 13:14:42.120 | INFO     | N/A | ⏳ 等待 Profile 更新任务...
2026-08-07 13:14:47.148 | INFO     | N/A | ⏳ 等待 Profile 更新任务...
2026-08-07 13:14:52.174 | INFO     | N/A | ⏳ 等待 Profile 更新任务...
2026-08-07 13:14:57.200 | INFO     | N/A | ⏳ 等待 Profile 更新任务...
2026-08-07 13:15:02.225 | INFO     | N/A | ⏳ 等待 Profile 更新任务...
2026-08-07 13:15:07.250 | INFO     | N/A | ⏳ 等待 Profile 更新任务...
2026-08-07 13:15:12.275 | INFO     | N/A | ⏳ 等待 Profile 更新任务...
2026-08-07 13:15:17.302 | INFO     | N/A | ⏳ 等待 Profile 更新任务...
2026-08-07 13:15:22.325 | INFO     | N/A | ⏳ 等待 Profile 更新任务...
2026-08-07 13:15:27.348 | INFO     | N/A | ⏳ 等待 Profile 更新任务...
2026-08-07 13:15:32.372 | INFO     | N/A | ⏳ 等待 Profile 更新任务...
2026-08-07 13:15:37.395 | INFO     | N/A | ⏳ 等待 Profile 更新任务...
2026-08-07 13:15:42.418 | INFO     | N/A | ⏳ 等待 Profile 更新任务...
2026-08-07 13:15:47.449 | INFO     | N/A | ⏳ 等待 Profile 更新任务...
2026-08-07 13:15:52.504 | INFO     | N/A | ⏳ 等待 Profile 更新任务...
2026-08-07 13:15:57.534 | INFO     | N/A | ⏳ 等待 Profile 更新任务...
2026-08-07 13:16:02.556 | INFO     | N/A | ⏳ 等待 Profile 更新任务...
2026-08-07 13:16:07.582 | INFO     | N/A | ⏳ 等待 Profile 更新任务...
2026-08-07 13:16:12.611 | INFO     | N/A | ⏳ 等待 Profile 更新任务...
2026-08-07 13:16:17.639 | INFO     | N/A | ⏳ 等待 Profile 更新任务...
2026-08-07 13:16:22.664 | INFO     | N/A | ⏳ 等待 Profile 更新任务...
2026-08-07 13:16:27.690 | INFO     | N/A | ⏳ 等待 Profile 更新任务...
2026-08-07 13:16:32.713 | INFO     | N/A | ⏳ 等待 Profile 更新任务...
2026-08-07 13:16:37.739 | INFO     | N/A | ⏳ 等待 Profile 更新任务...
2026-08-07 13:16:42.764 | INFO     | N/A | ⏳ 等待 Profile 更新任务...
2026-08-07 13:16:47.789 | INFO     | N/A | ⏳ 等待 Profile 更新任务...
2026-08-07 13:16:52.814 | INFO     | N/A | ⏳ 等待 Profile 更新任务...
2026-08-07 13:16:57.838 | INFO     | N/A | ⏳ 等待 Profile 更新任务...
2026-08-07 13:17:02.866 | INFO     | N/A | ⏳ 等待 Profile 更新任务...
2026-08-07 13:17:07.891 | INFO     | N/A | ⏳ 等待 Profile 更新任务...
2026-08-07 13:17:12.916 | INFO     | N/A | ⏳ 等待 Profile 更新任务...
2026-08-07 13:17:17.947 | INFO     | N/A | ⏳ 等待 Profile 更新任务...
2026-08-07 13:17:22.970 | INFO     | N/A | ⏳ 等待 Profile 更新任务...
2026-08-07 13:17:27.997 | INFO     | N/A | ⏳ 等待 Profile 更新任务...
2026-08-07 13:17:33.019 | INFO     | N/A | ⏳ 等待 Profile 更新任务...
2026-08-07 13:17:38.044 | INFO     | N/A | ⏳ 等待 Profile 更新任务...
2026-08-07 13:17:43.066 | INFO     | N/A | ⏳ 等待 Profile 更新任务...
2026-08-07 13:17:48.098 | INFO     | N/A | ⏳ 等待 Profile 更新任务...
2026-08-07 13:17:53.122 | INFO     | N/A | ⏳ 等待 Profile 更新任务...
2026-08-07 13:17:58.146 | INFO     | N/A | ⏳ 等待 Profile 更新任务...
2026-08-07 13:18:03.172 | INFO     | N/A | ⏳ 等待 Profile 更新任务...
2026-08-07 13:18:08.197 | INFO     | N/A | ⏳ 等待 Profile 更新任务...
2026-08-07 13:18:13.220 | INFO     | N/A | ⏳ 等待 Profile 更新任务...
2026-08-07 13:18:18.245 | INFO     | N/A | ⏳ 等待 Profile 更新任务...
2026-08-07 13:18:23.268 | INFO     | N/A | ⏳ 等待 Profile 更新任务...
2026-08-07 13:18:28.291 | INFO     | N/A | ⏳ 等待 Profile 更新任务...
2026-08-07 13:18:33.312 | INFO     | N/A | ⏳ 等待 Profile 更新任务...
2026-08-07 13:18:38.334 | INFO     | N/A | ⏳ 等待 Profile 更新任务...
2026-08-07 13:18:43.355 | INFO     | N/A | ⏳ 等待 Profile 更新任务...
2026-08-07 13:18:48.380 | INFO     | N/A | ⏳ 等待 Profile 更新任务...
2026-08-07 13:18:53.402 | INFO     | N/A | ⏳ 等待 Profile 更新任务...
2026-08-07 13:18:58.424 | INFO     | N/A | ⏳ 等待 Profile 更新任务...
2026-08-07 13:19:03.450 | INFO     | N/A | ⏳ 等待 Profile 更新任务...
2026-08-07 13:19:08.472 | INFO     | N/A | ⏳ 等待 Profile 更新任务...
2026-08-07 13:19:13.495 | INFO     | N/A | ⏳ 等待 Profile 更新任务...
2026-08-07 13:19:18.518 | INFO     | N/A | ⏳ 等待 Profile 更新任务...
2026-08-07 13:19:23.541 | INFO     | N/A | ⏳ 等待 Profile 更新任务...
2026-08-07 13:19:28.565 | INFO     | N/A | ⏳ 等待 Profile 更新任务...
2026-08-07 13:19:33.592 | INFO     | N/A | ⏳ 等待 Profile 更新任务...
2026-08-07 13:19:38.619 | INFO     | N/A | ⏳ 等待 Profile 更新任务...
2026-08-07 13:19:43.643 | INFO     | N/A | ⏳ 等待 Profile 更新任务...
2026-08-07 13:19:48.666 | INFO     | N/A | ⏳ 等待 Profile 更新任务...
2026-08-07 13:19:53.689 | INFO     | N/A | ⏳ 等待 Profile 更新任务...
2026-08-07 13:19:58.711 | INFO     | N/A | ⏳ 等待 Profile 更新任务...
2026-08-07 13:20:03.735 | INFO     | N/A | ⏳ 等待 Profile 更新任务...
2026-08-07 13:20:08.758 | INFO     | N/A | ⏳ 等待 Profile 更新任务...
2026-08-07 13:20:13.782 | INFO     | N/A | ⏳ 等待 Profile 更新任务...
2026-08-07 13:20:18.803 | INFO     | N/A | ⏳ 等待 Profile 更新任务...
2026-08-07 13:20:23.827 | INFO     | N/A | ⏳ 等待 Profile 更新任务...
2026-08-07 13:20:28.850 | INFO     | N/A | ⏳ 等待 Profile 更新任务...
2026-08-07 13:20:33.875 | INFO     | N/A | ⏳ 等待 Profile 更新任务...
2026-08-07 13:20:38.899 | INFO     | N/A | ⏳ 等待 Profile 更新任务...
2026-08-07 13:20:43.925 | INFO     | N/A | ⏳ 等待 Profile 更新任务...
2026-08-07 13:20:48.952 | INFO     | N/A | ⏳ 等待 Profile 更新任务...
2026-08-07 13:20:53.977 | INFO     | N/A | ⏳ 等待 Profile 更新任务...
2026-08-07 13:20:59.003 | INFO     | N/A | ⏳ 等待 Profile 更新任务...
2026-08-07 13:21:04.026 | INFO     | N/A | ⏳ 等待 Profile 更新任务...
2026-08-07 13:21:09.050 | INFO     | N/A | ⏳ 等待 Profile 更新任务...
2026-08-07 13:21:14.080 | INFO     | N/A | ⏳ 等待 Profile 更新任务...
2026-08-07 13:21:19.105 | INFO     | N/A | ⏳ 等待 Profile 更新任务...
2026-08-07 13:21:24.129 | INFO     | N/A | ⏳ 等待 Profile 更新任务...
2026-08-07 13:21:29.150 | INFO     | N/A | ⏳ 等待 Profile 更新任务...
2026-08-07 13:21:34.172 | INFO     | N/A | ⏳ 等待 Profile 更新任务...
2026-08-07 13:21:39.194 | INFO     | N/A | ⏳ 等待 Profile 更新任务...
2026-08-07 13:21:44.216 | INFO     | N/A | ⏳ 等待 Profile 更新任务...
2026-08-07 13:21:49.240 | INFO     | N/A | ⏳ 等待 Profile 更新任务...
2026-08-07 13:21:54.263 | INFO     | N/A | ⏳ 等待 Profile 更新任务...
2026-08-07 13:21:59.286 | INFO     | N/A | ⏳ 等待 Profile 更新任务...
2026-08-07 13:22:04.309 | INFO     | N/A | ⏳ 等待 Profile 更新任务...
2026-08-07 13:22:09.335 | INFO     | N/A | ⏳ 等待 Profile 更新任务...
2026-08-07 13:22:14.360 | INFO     | N/A | ⏳ 等待 Profile 更新任务...
2026-08-07 13:22:19.386 | INFO     | N/A | ⏳ 等待 Profile 更新任务...
2026-08-07 13:22:24.410 | INFO     | N/A | ⏳ 等待 Profile 更新任务...
2026-08-07 13:22:29.436 | INFO     | N/A | ⏳ 等待 Profile 更新任务...
2026-08-07 13:22:34.461 | INFO     | N/A | ⏳ 等待 Profile 更新任务...
2026-08-07 13:22:39.486 | INFO     | N/A | ⏳ 等待 Profile 更新任务...
2026-08-07 13:22:44.509 | INFO     | N/A | ⏳ 等待 Profile 更新任务...
2026-08-07 13:22:49.535 | INFO     | N/A | ⏳ 等待 Profile 更新任务...
2026-08-07 13:22:54.557 | INFO     | N/A | ⏳ 等待 Profile 更新任务...
2026-08-07 13:22:59.581 | INFO     | N/A | ⏳ 等待 Profile 更新任务...
2026-08-07 13:23:04.603 | INFO     | N/A | ⏳ 等待 Profile 更新任务...
2026-08-07 13:23:09.633 | INFO     | N/A | ⏳ 等待 Profile 更新任务...
2026-08-07 13:23:14.662 | INFO     | N/A | ⏳ 等待 Profile 更新任务...
2026-08-07 13:23:19.685 | INFO     | N/A | ⏳ 等待 Profile 更新任务...
2026-08-07 13:23:24.706 | INFO     | N/A | ⏳ 等待 Profile 更新任务...
2026-08-07 13:23:29.729 | INFO     | N/A | ⏳ 等待 Profile 更新任务...
2026-08-07 13:23:34.751 | INFO     | N/A | ⏳ 等待 Profile 更新任务...
2026-08-07 13:23:39.774 | INFO     | N/A | ⏳ 等待 Profile 更新任务...
2026-08-07 13:23:44.796 | INFO     | N/A | ⏳ 等待 Profile 更新任务...
2026-08-07 13:23:49.820 | INFO     | N/A | ⏳ 等待 Profile 更新任务...
2026-08-07 13:23:54.842 | INFO     | N/A | ⏳ 等待 Profile 更新任务...
2026-08-07 13:23:59.866 | INFO     | N/A | ⏳ 等待 Profile 更新任务...
2026-08-07 13:24:04.888 | INFO     | N/A | ⏳ 等待 Profile 更新任务...
2026-08-07 13:24:09.912 | INFO     | N/A | ⏳ 等待 Profile 更新任务...
2026-08-07 13:24:14.934 | INFO     | N/A | ⏳ 等待 Profile 更新任务...
2026-08-07 13:24:19.959 | INFO     | N/A | ⏳ 等待 Profile 更新任务...
2026-08-07 13:24:24.982 | INFO     | N/A | ⏳ 等待 Profile 更新任务...
2026-08-07 13:24:30.008 | INFO     | N/A | ⏳ 等待 Profile 更新任务...
2026-08-07 13:24:35.032 | INFO     | N/A | ⏳ 等待 Profile 更新任务...
2026-08-07 13:24:40.055 | INFO     | N/A | ⏳ 等待 Profile 更新任务...
2026-08-07 13:24:45.081 | INFO     | N/A | ⏳ 等待 Profile 更新任务...
2026-08-07 13:24:50.108 | INFO     | N/A | ⏳ 等待 Profile 更新任务...
2026-08-07 13:24:55.133 | INFO     | N/A | ⏳ 等待 Profile 更新任务...
2026-08-07 13:25:00.156 | INFO     | N/A | ⏳ 等待 Profile 更新任务...
2026-08-07 13:25:05.179 | INFO     | N/A | ⏳ 等待 Profile 更新任务...
2026-08-07 13:25:10.204 | INFO     | N/A | ⏳ 等待 Profile 更新任务...
2026-08-07 13:25:15.227 | INFO     | N/A | ⏳ 等待 Profile 更新任务...
2026-08-07 13:25:20.260 | INFO     | N/A | ⏳ 等待 Profile 更新任务...
2026-08-07 13:25:25.282 | INFO     | N/A | ⏳ 等待 Profile 更新任务...
2026-08-07 13:25:30.306 | INFO     | N/A | ⏳ 等待 Profile 更新任务...
2026-08-07 13:25:35.327 | INFO     | N/A | ⏳ 等待 Profile 更新任务...
2026-08-07 13:25:40.354 | INFO     | N/A | ⏳ 等待 Profile 更新任务...
2026-08-07 13:25:45.379 | INFO     | N/A | ⏳ 等待 Profile 更新任务...
2026-08-07 13:25:50.403 | INFO     | N/A | ⏳ 等待 Profile 更新任务...
2026-08-07 13:25:55.428 | INFO     | N/A | ⏳ 等待 Profile 更新任务...
2026-08-07 13:26:00.452 | INFO     | N/A | ⏳ 等待 Profile 更新任务...
2026-08-07 13:26:05.478 | INFO     | N/A | ⏳ 等待 Profile 更新任务...
2026-08-07 13:26:10.507 | INFO     | N/A | ⏳ 等待 Profile 更新任务...
2026-08-07 13:26:15.532 | INFO     | N/A | ⏳ 等待 Profile 更新任务...
2026-08-07 13:26:20.555 | INFO     | N/A | ⏳ 等待 Profile 更新任务...
2026-08-07 13:26:25.580 | INFO     | N/A | ⏳ 等待 Profile 更新任务...
2026-08-07 13:26:30.604 | INFO     | N/A | ⏳ 等待 Profile 更新任务...
2026-08-07 13:26:35.628 | INFO     | N/A | ⏳ 等待 Profile 更新任务...
2026-08-07 13:26:40.651 | INFO     | N/A | ⏳ 等待 Profile 更新任务...
2026-08-07 13:26:45.679 | INFO     | N/A | ⏳ 等待 Profile 更新任务...
2026-08-07 13:26:50.704 | INFO     | N/A | ⏳ 等待 Profile 更新任务...
2026-08-07 13:26:55.726 | INFO     | N/A | ⏳ 等待 Profile 更新任务...
2026-08-07 13:27:00.748 | INFO     | N/A | ⏳ 等待 Profile 更新任务...
2026-08-07 13:27:05.772 | INFO     | N/A | ⏳ 等待 Profile 更新任务...
2026-08-07 13:27:10.798 | INFO     | N/A | ⏳ 等待 Profile 更新任务...
2026-08-07 13:27:15.821 | INFO     | N/A | ⏳ 等待 Profile 更新任务...
2026-08-07 13:27:20.844 | INFO     | N/A | ⏳ 等待 Profile 更新任务...
2026-08-07 13:27:25.865 | INFO     | N/A | ⏳ 等待 Profile 更新任务...
2026-08-07 13:27:30.886 | INFO     | N/A | ⏳ 等待 Profile 更新任务...
2026-08-07 13:27:35.907 | INFO     | N/A | ⏳ 等待 Profile 更新任务...
2026-08-07 13:27:40.929 | INFO     | N/A | ⏳ 等待 Profile 更新任务...
2026-08-07 13:27:45.950 | INFO     | N/A | ⏳ 等待 Profile 更新任务...
2026-08-07 13:27:50.977 | INFO     | N/A | ⏳ 等待 Profile 更新任务...
2026-08-07 13:27:55.998 | INFO     | N/A | ⏳ 等待 Profile 更新任务...
2026-08-07 13:28:01.019 | INFO     | N/A | ⏳ 等待 Profile 更新任务...
2026-08-07 13:28:06.043 | INFO     | N/A | ⏳ 等待 Profile 更新任务...
2026-08-07 13:28:11.071 | INFO     | N/A | ⏳ 等待 Profile 更新任务...
2026-08-07 13:28:16.095 | INFO     | N/A | ⏳ 等待 Profile 更新任务...
2026-08-07 13:28:21.124 | INFO     | N/A | ⏳ 等待 Profile 更新任务...
2026-08-07 13:28:26.147 | INFO     | N/A | ⏳ 等待 Profile 更新任务...
2026-08-07 13:28:31.169 | INFO     | N/A | ⏳ 等待 Profile 更新任务...
2026-08-07 13:28:36.194 | INFO     | N/A | ⏳ 等待 Profile 更新任务...
2026-08-07 13:28:41.214 | INFO     | N/A | ⏳ 等待 Profile 更新任务...
2026-08-07 13:28:46.268 | INFO     | N/A | ⏳ 等待 Profile 更新任务...
2026-08-07 13:28:51.294 | INFO     | N/A | ⏳ 等待 Profile 更新任务...
2026-08-07 13:28:56.329 | INFO     | N/A | ⏳ 等待 Profile 更新任务...
2026-08-07 13:29:01.351 | INFO     | N/A | ⏳ 等待 Profile 更新任务...
2026-08-07 13:29:06.376 | INFO     | N/A | ⏳ 等待 Profile 更新任务...
2026-08-07 13:29:11.400 | INFO     | N/A | ⏳ 等待 Profile 更新任务...
2026-08-07 13:29:16.426 | INFO     | N/A | ⏳ 等待 Profile 更新任务...
2026-08-07 13:29:21.455 | INFO     | N/A | ⏳ 等待 Profile 更新任务...
2026-08-07 13:29:26.477 | INFO     | N/A | ⏳ 等待 Profile 更新任务...
2026-08-07 13:29:31.496 | INFO     | N/A | ⏳ 等待 Profile 更新任务...
2026-08-07 13:29:36.518 | INFO     | N/A | ⏳ 等待 Profile 更新任务...
2026-08-07 13:29:41.541 | INFO     | N/A | ⏳ 等待 Profile 更新任务...
2026-08-07 13:29:46.562 | INFO     | N/A | ⏳ 等待 Profile 更新任务...
2026-08-07 13:29:51.591 | INFO     | N/A | ⏳ 等待 Profile 更新任务...
2026-08-07 13:29:56.615 | INFO     | N/A | ⏳ 等待 Profile 更新任务...
2026-08-07 13:30:01.642 | INFO     | N/A | ⏳ 等待 Profile 更新任务...
2026-08-07 13:30:06.668 | INFO     | N/A | ⏳ 等待 Profile 更新任务...
2026-08-07 13:30:11.692 | INFO     | N/A | ⏳ 等待 Profile 更新任务...
2026-08-07 13:30:16.713 | INFO     | N/A | ⏳ 等待 Profile 更新任务...
2026-08-07 13:30:21.741 | INFO     | N/A | ⏳ 等待 Profile 更新任务...
2026-08-07 13:30:26.764 | INFO     | N/A | ⏳ 等待 Profile 更新任务...
2026-08-07 13:30:31.785 | INFO     | N/A | ⏳ 等待 Profile 更新任务...
2026-08-07 13:30:36.809 | INFO     | N/A | ⏳ 等待 Profile 更新任务...
2026-08-07 13:30:41.831 | INFO     | N/A | ⏳ 等待 Profile 更新任务...
2026-08-07 13:30:46.856 | INFO     | N/A | ⏳ 等待 Profile 更新任务...
2026-08-07 13:30:51.883 | INFO     | N/A | ⏳ 等待 Profile 更新任务...
2026-08-07 13:30:56.908 | INFO     | N/A | ⏳ 等待 Profile 更新任务...
2026-08-07 13:31:01.929 | INFO     | N/A | ⏳ 等待 Profile 更新任务...
2026-08-07 13:31:06.952 | INFO     | N/A | ⏳ 等待 Profile 更新任务...
2026-08-07 13:31:11.975 | INFO     | N/A | ⏳ 等待 Profile 更新任务...
2026-08-07 13:31:16.996 | INFO     | N/A | ⏳ 等待 Profile 更新任务...
2026-08-07 13:31:22.022 | INFO     | N/A | ⏳ 等待 Profile 更新任务...
2026-08-07 13:31:27.044 | INFO     | N/A | ⏳ 等待 Profile 更新任务...
2026-08-07 13:31:32.068 | INFO     | N/A | ⏳ 等待 Profile 更新任务...
2026-08-07 13:31:37.090 | INFO     | N/A | ⏳ 等待 Profile 更新任务...
2026-08-07 13:31:42.113 | INFO     | N/A | ⏳ 等待 Profile 更新任务...
2026-08-07 13:31:47.137 | INFO     | N/A | ⏳ 等待 Profile 更新任务...
2026-08-07 13:31:52.164 | INFO     | N/A | ⏳ 等待 Profile 更新任务...
2026-08-07 13:31:57.186 | INFO     | N/A | ⏳ 等待 Profile 更新任务...
2026-08-07 13:32:02.207 | INFO     | N/A | ⏳ 等待 Profile 更新任务...
2026-08-07 13:32:07.230 | INFO     | N/A | ⏳ 等待 Profile 更新任务...
2026-08-07 13:32:12.252 | INFO     | N/A | ⏳ 等待 Profile 更新任务...
2026-08-07 13:32:17.274 | INFO     | N/A | ⏳ 等待 Profile 更新任务...
2026-08-07 13:32:22.304 | INFO     | N/A | ⏳ 等待 Profile 更新任务...
2026-08-07 13:32:27.328 | INFO     | N/A | ⏳ 等待 Profile 更新任务...
2026-08-07 13:32:32.348 | INFO     | N/A | ⏳ 等待 Profile 更新任务...
2026-08-07 13:32:37.372 | INFO     | N/A | ⏳ 等待 Profile 更新任务...
2026-08-07 13:32:42.395 | INFO     | N/A | ⏳ 等待 Profile 更新任务...
2026-08-07 13:32:47.416 | INFO     | N/A | ⏳ 等待 Profile 更新任务...
2026-08-07 13:32:52.448 | INFO     | N/A | ⏳ 等待 Profile 更新任务...
2026-08-07 13:32:57.469 | INFO     | N/A | ⏳ 等待 Profile 更新任务...
2026-08-07 13:33:02.492 | INFO     | N/A | ⏳ 等待 Profile 更新任务...
2026-08-07 13:33:07.513 | INFO     | N/A | ⏳ 等待 Profile 更新任务...
2026-08-07 13:33:12.536 | INFO     | N/A | ⏳ 等待 Profile 更新任务...
2026-08-07 13:33:17.560 | INFO     | N/A | ⏳ 等待 Profile 更新任务...
2026-08-07 13:33:22.587 | INFO     | N/A | ⏳ 等待 Profile 更新任务...
2026-08-07 13:33:27.609 | INFO     | N/A | ⏳ 等待 Profile 更新任务...
2026-08-07 13:33:32.632 | INFO     | N/A | ⏳ 等待 Profile 更新任务...
2026-08-07 13:33:37.655 | INFO     | N/A | ⏳ 等待 Profile 更新任务...
2026-08-07 13:33:42.677 | INFO     | N/A | ⏳ 等待 Profile 更新任务...
2026-08-07 13:33:47.699 | INFO     | N/A | ⏳ 等待 Profile 更新任务...
2026-08-07 13:33:52.724 | INFO     | N/A | ⏳ 等待 Profile 更新任务...
2026-08-07 13:33:57.754 | INFO     | N/A | ⏳ 等待 Profile 更新任务...
2026-08-07 13:34:02.776 | INFO     | N/A | ⏳ 等待 Profile 更新任务...
2026-08-07 13:34:07.799 | INFO     | N/A | ⏳ 等待 Profile 更新任务...
2026-08-07 13:34:12.822 | INFO     | N/A | ⏳ 等待 Profile 更新任务...
2026-08-07 13:34:17.845 | INFO     | N/A | ⏳ 等待 Profile 更新任务...
2026-08-07 13:34:22.868 | INFO     | N/A | ⏳ 等待 Profile 更新任务...
2026-08-07 13:34:27.891 | INFO     | N/A | ⏳ 等待 Profile 更新任务...
2026-08-07 13:34:32.913 | INFO     | N/A | ⏳ 等待 Profile 更新任务...
2026-08-07 13:34:37.937 | INFO     | N/A | ⏳ 等待 Profile 更新任务...
2026-08-07 13:34:42.960 | INFO     | N/A | ⏳ 等待 Profile 更新任务...
2026-08-07 13:34:47.985 | INFO     | N/A | ⏳ 等待 Profile 更新任务...
2026-08-07 13:34:53.011 | INFO     | N/A | ⏳ 等待 Profile 更新任务...
2026-08-07 13:34:58.034 | INFO     | N/A | ⏳ 等待 Profile 更新任务...
2026-08-07 13:35:03.058 | INFO     | N/A | ⏳ 等待 Profile 更新任务...
2026-08-07 13:35:08.082 | INFO     | N/A | ⏳ 等待 Profile 更新任务...
2026-08-07 13:35:13.105 | INFO     | N/A | ⏳ 等待 Profile 更新任务...
2026-08-07 13:35:18.130 | INFO     | N/A | ⏳ 等待 Profile 更新任务...
2026-08-07 13:35:23.158 | INFO     | N/A | ⏳ 等待 Profile 更新任务...
2026-08-07 13:35:28.180 | INFO     | N/A | ⏳ 等待 Profile 更新任务...
2026-08-07 13:35:33.201 | INFO     | N/A | ⏳ 等待 Profile 更新任务...
2026-08-07 13:35:38.223 | INFO     | N/A | ⏳ 等待 Profile 更新任务...
2026-08-07 13:35:43.245 | INFO     | N/A | ⏳ 等待 Profile 更新任务...
2026-08-07 13:35:48.270 | INFO     | N/A | ⏳ 等待 Profile 更新任务...
2026-08-07 13:35:53.296 | INFO     | N/A | ⏳ 等待 Profile 更新任务...
2026-08-07 13:35:58.320 | INFO     | N/A | ⏳ 等待 Profile 更新任务...
2026-08-07 13:36:03.342 | INFO     | N/A | ⏳ 等待 Profile 更新任务...
2026-08-07 13:36:08.366 | INFO     | N/A | ⏳ 等待 Profile 更新任务...
2026-08-07 13:36:13.387 | INFO     | N/A | ⏳ 等待 Profile 更新任务...
2026-08-07 13:36:18.411 | INFO     | N/A | ⏳ 等待 Profile 更新任务...
2026-08-07 13:36:23.446 | INFO     | N/A | ⏳ 等待 Profile 更新任务...
2026-08-07 13:36:28.466 | INFO     | N/A | ⏳ 等待 Profile 更新任务...
2026-08-07 13:36:33.485 | INFO     | N/A | ⏳ 等待 Profile 更新任务...
2026-08-07 13:36:38.507 | INFO     | N/A | ⏳ 等待 Profile 更新任务...
2026-08-07 13:36:43.528 | INFO     | N/A | ⏳ 等待 Profile 更新任务...
2026-08-07 13:36:48.551 | INFO     | N/A | ⏳ 等待 Profile 更新任务...
2026-08-07 13:36:53.577 | INFO     | N/A | ⏳ 等待 Profile 更新任务...
2026-08-07 13:36:58.597 | INFO     | N/A | ⏳ 等待 Profile 更新任务...
2026-08-07 13:37:03.619 | INFO     | N/A | ⏳ 等待 Profile 更新任务...
2026-08-07 13:37:08.642 | INFO     | N/A | ⏳ 等待 Profile 更新任务...
2026-08-07 13:37:13.665 | INFO     | N/A | ⏳ 等待 Profile 更新任务...
2026-08-07 13:37:18.688 | INFO     | N/A | ⏳ 等待 Profile 更新任务...
2026-08-07 13:37:23.714 | INFO     | N/A | ⏳ 等待 Profile 更新任务...
2026-08-07 13:37:28.736 | INFO     | N/A | ⏳ 等待 Profile 更新任务...
2026-08-07 13:37:33.759 | INFO     | N/A | ⏳ 等待 Profile 更新任务...
2026-08-07 13:37:38.781 | INFO     | N/A | ⏳ 等待 Profile 更新任务...
2026-08-07 13:37:43.802 | INFO     | N/A | ⏳ 等待 Profile 更新任务...
2026-08-07 13:37:48.825 | INFO     | N/A | ⏳ 等待 Profile 更新任务...
2026-08-07 13:37:53.849 | INFO     | N/A | ⏳ 等待 Profile 更新任务...
2026-08-07 13:37:58.873 | INFO     | N/A | ⏳ 等待 Profile 更新任务...
2026-08-07 13:38:03.894 | INFO     | N/A | ⏳ 等待 Profile 更新任务...
2026-08-07 13:38:08.914 | INFO     | N/A | ⏳ 等待 Profile 更新任务...
2026-08-07 13:38:13.938 | INFO     | N/A | ⏳ 等待 Profile 更新任务...
2026-08-07 13:38:18.964 | INFO     | N/A | ⏳ 等待 Profile 更新任务...
2026-08-07 13:38:23.986 | INFO     | N/A | ⏳ 等待 Profile 更新任务...
2026-08-07 13:38:29.008 | INFO     | N/A | ⏳ 等待 Profile 更新任务...
2026-08-07 13:38:34.031 | INFO     | N/A | ⏳ 等待 Profile 更新任务...
2026-08-07 13:38:39.053 | INFO     | N/A | ⏳ 等待 Profile 更新任务...
2026-08-07 13:38:44.073 | INFO     | N/A | ⏳ 等待 Profile 更新任务...
2026-08-07 13:38:49.100 | INFO     | N/A | ⏳ 等待 Profile 更新任务...
2026-08-07 13:38:54.123 | INFO     | N/A | ⏳ 等待 Profile 更新任务...
2026-08-07 13:38:59.145 | INFO     | N/A | ⏳ 等待 Profile 更新任务...
2026-08-07 13:39:04.167 | INFO     | N/A | ⏳ 等待 Profile 更新任务...
2026-08-07 13:39:09.189 | INFO     | N/A | ⏳ 等待 Profile 更新任务...
2026-08-07 13:39:14.208 | INFO     | N/A | ⏳ 等待 Profile 更新任务...
2026-08-07 13:39:19.240 | INFO     | N/A | ⏳ 等待 Profile 更新任务...
2026-08-07 13:39:24.268 | INFO     | N/A | ⏳ 等待 Profile 更新任务...
2026-08-07 13:39:29.291 | INFO     | N/A | ⏳ 等待 Profile 更新任务...
2026-08-07 13:39:34.317 | INFO     | N/A | ⏳ 等待 Profile 更新任务...
2026-08-07 13:39:39.342 | INFO     | N/A | ⏳ 等待 Profile 更新任务...
2026-08-07 13:39:44.364 | INFO     | N/A | ⏳ 等待 Profile 更新任务...
2026-08-07 13:39:49.388 | INFO     | N/A | ⏳ 等待 Profile 更新任务...
2026-08-07 13:39:54.411 | INFO     | N/A | ⏳ 等待 Profile 更新任务...
2026-08-07 13:39:59.434 | INFO     | N/A | ⏳ 等待 Profile 更新任务...
2026-08-07 13:40:04.459 | INFO     | N/A | ⏳ 等待 Profile 更新任务...
2026-08-07 13:40:09.483 | INFO     | N/A | ⏳ 等待 Profile 更新任务...
2026-08-07 13:40:14.505 | INFO     | N/A | ⏳ 等待 Profile 更新任务...
2026-08-07 13:40:19.535 | INFO     | N/A | ⏳ 等待 Profile 更新任务...
2026-08-07 13:40:24.560 | INFO     | N/A | ⏳ 等待 Profile 更新任务...
2026-08-07 13:40:29.585 | INFO     | N/A | ⏳ 等待 Profile 更新任务...
2026-08-07 13:40:34.609 | INFO     | N/A | ⏳ 等待 Profile 更新任务...
2026-08-07 13:40:39.634 | INFO     | N/A | ⏳ 等待 Profile 更新任务...
2026-08-07 13:40:44.658 | INFO     | N/A | ⏳ 等待 Profile 更新任务...
2026-08-07 13:40:49.686 | INFO     | N/A | ⏳ 等待 Profile 更新任务...
2026-08-07 13:40:54.708 | INFO     | N/A | ⏳ 等待 Profile 更新任务...
2026-08-07 13:40:59.731 | INFO     | N/A | ⏳ 等待 Profile 更新任务...
2026-08-07 13:41:04.755 | INFO     | N/A | ⏳ 等待 Profile 更新任务...
2026-08-07 13:41:09.783 | INFO     | N/A | ⏳ 等待 Profile 更新任务...
2026-08-07 13:41:14.806 | INFO     | N/A | ⏳ 等待 Profile 更新任务...
2026-08-07 13:41:19.838 | INFO     | N/A | ⏳ 等待 Profile 更新任务...
2026-08-07 13:41:24.862 | INFO     | N/A | ⏳ 等待 Profile 更新任务...
2026-08-07 13:41:29.887 | INFO     | N/A | ⏳ 等待 Profile 更新任务...
2026-08-07 13:41:34.910 | INFO     | N/A | ⏳ 等待 Profile 更新任务...
2026-08-07 13:41:39.934 | INFO     | N/A | ⏳ 等待 Profile 更新任务...
2026-08-07 13:41:44.958 | INFO     | N/A | ⏳ 等待 Profile 更新任务...
2026-08-07 13:41:49.982 | INFO     | N/A | ⏳ 等待 Profile 更新任务...
2026-08-07 13:41:55.005 | INFO     | N/A | ⏳ 等待 Profile 更新任务...
2026-08-07 13:42:00.031 | INFO     | N/A | ⏳ 等待 Profile 更新任务...
2026-08-07 13:42:05.056 | INFO     | N/A | ⏳ 等待 Profile 更新任务...
2026-08-07 13:42:10.080 | INFO     | N/A | ⏳ 等待 Profile 更新任务...
2026-08-07 13:42:15.103 | INFO     | N/A | ⏳ 等待 Profile 更新任务...
2026-08-07 13:42:20.135 | INFO     | N/A | ⏳ 等待 Profile 更新任务...
2026-08-07 13:42:25.158 | INFO     | N/A | ⏳ 等待 Profile 更新任务...
2026-08-07 13:42:30.185 | INFO     | N/A | ⏳ 等待 Profile 更新任务...
2026-08-07 13:42:35.210 | INFO     | N/A | ⏳ 等待 Profile 更新任务...
2026-08-07 13:42:40.234 | INFO     | N/A | ⏳ 等待 Profile 更新任务...
2026-08-07 13:42:45.260 | INFO     | N/A | ⏳ 等待 Profile 更新任务...
2026-08-07 13:42:50.285 | INFO     | N/A | ⏳ 等待 Profile 更新任务...
2026-08-07 13:42:55.313 | INFO     | N/A | ⏳ 等待 Profile 更新任务...
2026-08-07 13:43:00.337 | INFO     | N/A | ⏳ 等待 Profile 更新任务...
2026-08-07 13:43:05.362 | INFO     | N/A | ⏳ 等待 Profile 更新任务...
2026-08-07 13:43:10.387 | INFO     | N/A | ⏳ 等待 Profile 更新任务...
2026-08-07 13:43:15.412 | INFO     | N/A | ⏳ 等待 Profile 更新任务...
2026-08-07 13:43:20.435 | INFO     | N/A | ⏳ 等待 Profile 更新任务...
2026-08-07 13:43:25.462 | INFO     | N/A | ⏳ 等待 Profile 更新任务...
2026-08-07 13:43:30.486 | INFO     | N/A | ⏳ 等待 Profile 更新任务...
2026-08-07 13:43:35.510 | INFO     | N/A | ⏳ 等待 Profile 更新任务...
2026-08-07 13:43:40.533 | INFO     | N/A | ⏳ 等待 Profile 更新任务...
2026-08-07 13:43:45.559 | INFO     | N/A | ⏳ 等待 Profile 更新任务...
2026-08-07 13:43:50.586 | INFO     | N/A | ⏳ 等待 Profile 更新任务...
2026-08-07 13:43:55.610 | INFO     | N/A | ⏳ 等待 Profile 更新任务...
2026-08-07 13:44:00.633 | INFO     | N/A | ⏳ 等待 Profile 更新任务...
2026-08-07 13:44:05.655 | INFO     | N/A | ⏳ 等待 Profile 更新任务...
2026-08-07 13:44:10.678 | INFO     | N/A | ⏳ 等待 Profile 更新任务...
2026-08-07 13:44:15.702 | INFO     | N/A | ⏳ 等待 Profile 更新任务...
2026-08-07 13:44:20.729 | INFO     | N/A | ⏳ 等待 Profile 更新任务...
2026-08-07 13:44:25.756 | INFO     | N/A | ⏳ 等待 Profile 更新任务...
2026-08-07 13:44:30.783 | INFO     | N/A | ⏳ 等待 Profile 更新任务...
2026-08-07 13:44:35.808 | INFO     | N/A | ⏳ 等待 Profile 更新任务...
2026-08-07 13:44:40.830 | INFO     | N/A | ⏳ 等待 Profile 更新任务...
2026-08-07 13:44:45.854 | INFO     | N/A | ⏳ 等待 Profile 更新任务...
2026-08-07 13:44:50.881 | INFO     | N/A | ⏳ 等待 Profile 更新任务...
2026-08-07 13:44:55.905 | INFO     | N/A | ⏳ 等待 Profile 更新任务...
2026-08-07 13:45:00.928 | INFO     | N/A | ⏳ 等待 Profile 更新任务...
2026-08-07 13:45:05.955 | INFO     | N/A | ⏳ 等待 Profile 更新任务...
2026-08-07 13:45:10.977 | INFO     | N/A | ⏳ 等待 Profile 更新任务...
2026-08-07 13:45:16.002 | INFO     | N/A | ⏳ 等待 Profile 更新任务...
2026-08-07 13:45:21.030 | INFO     | N/A | ⏳ 等待 Profile 更新任务...
2026-08-07 13:45:26.056 | INFO     | N/A | ⏳ 等待 Profile 更新任务...
2026-08-07 13:45:31.080 | INFO     | N/A | ⏳ 等待 Profile 更新任务...
2026-08-07 13:45:36.104 | INFO     | N/A | ⏳ 等待 Profile 更新任务...
2026-08-07 13:45:41.129 | INFO     | N/A | ⏳ 等待 Profile 更新任务...
2026-08-07 13:45:46.155 | INFO     | N/A | ⏳ 等待 Profile 更新任务...
2026-08-07 13:45:51.186 | INFO     | N/A | ⏳ 等待 Profile 更新任务...
2026-08-07 13:45:56.212 | INFO     | N/A | ⏳ 等待 Profile 更新任务...
2026-08-07 13:46:01.237 | INFO     | N/A | ⏳ 等待 Profile 更新任务...
2026-08-07 13:46:06.262 | INFO     | N/A | ⏳ 等待 Profile 更新任务...
2026-08-07 13:46:11.286 | INFO     | N/A | ⏳ 等待 Profile 更新任务...
2026-08-07 13:46:16.310 | INFO     | N/A | ⏳ 等待 Profile 更新任务...
2026-08-07 13:46:21.335 | INFO     | N/A | ⏳ 等待 Profile 更新任务...
2026-08-07 13:46:26.360 | INFO     | N/A | ⏳ 等待 Profile 更新任务...
2026-08-07 13:46:31.381 | INFO     | N/A | ⏳ 等待 Profile 更新任务...
2026-08-07 13:46:36.407 | INFO     | N/A | ⏳ 等待 Profile 更新任务...
2026-08-07 13:46:41.430 | INFO     | N/A | ⏳ 等待 Profile 更新任务...
2026-08-07 13:46:46.454 | INFO     | N/A | ⏳ 等待 Profile 更新任务...
2026-08-07 13:46:51.481 | INFO     | N/A | ⏳ 等待 Profile 更新任务...
2026-08-07 13:46:56.505 | INFO     | N/A | ⏳ 等待 Profile 更新任务...
2026-08-07 13:47:01.529 | INFO     | N/A | ⏳ 等待 Profile 更新任务...
2026-08-07 13:47:06.554 | INFO     | N/A | ⏳ 等待 Profile 更新任务...
2026-08-07 13:47:11.577 | INFO     | N/A | ⏳ 等待 Profile 更新任务...
2026-08-07 13:47:16.603 | INFO     | N/A | ⏳ 等待 Profile 更新任务...
2026-08-07 13:47:21.629 | INFO     | N/A | ⏳ 等待 Profile 更新任务...
2026-08-07 13:47:26.655 | INFO     | N/A | ⏳ 等待 Profile 更新任务...
2026-08-07 13:47:31.682 | INFO     | N/A | ⏳ 等待 Profile 更新任务...
2026-08-07 13:47:36.705 | INFO     | N/A | ⏳ 等待 Profile 更新任务...
2026-08-07 13:47:41.731 | INFO     | N/A | ⏳ 等待 Profile 更新任务...
2026-08-07 13:47:46.757 | INFO     | N/A | ⏳ 等待 Profile 更新任务...
2026-08-07 13:47:51.788 | INFO     | N/A | ⏳ 等待 Profile 更新任务...
2026-08-07 13:47:56.818 | INFO     | N/A | ⏳ 等待 Profile 更新任务...
2026-08-07 13:48:01.843 | INFO     | N/A | ⏳ 等待 Profile 更新任务...
2026-08-07 13:48:06.868 | INFO     | N/A | ⏳ 等待 Profile 更新任务...
2026-08-07 13:48:11.891 | INFO     | N/A | ⏳ 等待 Profile 更新任务...
2026-08-07 13:48:16.916 | INFO     | N/A | ⏳ 等待 Profile 更新任务...
2026-08-07 13:48:21.943 | INFO     | N/A | ⏳ 等待 Profile 更新任务...
2026-08-07 13:48:26.974 | INFO     | N/A | ⏳ 等待 Profile 更新任务...
2026-08-07 13:48:31.999 | INFO     | N/A | ⏳ 等待 Profile 更新任务...
2026-08-07 13:48:37.023 | INFO     | N/A | ⏳ 等待 Profile 更新任务...
2026-08-07 13:48:42.048 | INFO     | N/A | ⏳ 等待 Profile 更新任务...
2026-08-07 13:48:47.071 | INFO     | N/A | ⏳ 等待 Profile 更新任务...
2026-08-07 13:48:52.098 | INFO     | N/A | ⏳ 等待 Profile 更新任务...
2026-08-07 13:48:57.121 | INFO     | N/A | ⏳ 等待 Profile 更新任务...
2026-08-07 13:49:02.143 | INFO     | N/A | ⏳ 等待 Profile 更新任务...
2026-08-07 13:49:07.165 | INFO     | N/A | ⏳ 等待 Profile 更新任务...
2026-08-07 13:49:12.190 | INFO     | N/A | ⏳ 等待 Profile 更新任务...
2026-08-07 13:49:17.213 | INFO     | N/A | ⏳ 等待 Profile 更新任务...
2026-08-07 13:49:22.239 | INFO     | N/A | ⏳ 等待 Profile 更新任务...
2026-08-07 13:49:27.266 | INFO     | N/A | ⏳ 等待 Profile 更新任务...
2026-08-07 13:49:32.291 | INFO     | N/A | ⏳ 等待 Profile 更新任务...
2026-08-07 13:49:37.319 | INFO     | N/A | ⏳ 等待 Profile 更新任务...
2026-08-07 13:49:42.344 | INFO     | N/A | ⏳ 等待 Profile 更新任务...
2026-08-07 13:49:47.365 | INFO     | N/A | ⏳ 等待 Profile 更新任务...
2026-08-07 13:49:52.393 | INFO     | N/A | ⏳ 等待 Profile 更新任务...
2026-08-07 13:49:57.417 | INFO     | N/A | ⏳ 等待 Profile 更新任务...
2026-08-07 13:50:02.441 | INFO     | N/A | ⏳ 等待 Profile 更新任务...
2026-08-07 13:50:07.464 | INFO     | N/A | ⏳ 等待 Profile 更新任务...
2026-08-07 13:50:12.486 | INFO     | N/A | ⏳ 等待 Profile 更新任务...
2026-08-07 13:50:17.511 | INFO     | N/A | ⏳ 等待 Profile 更新任务...
2026-08-07 13:50:22.541 | INFO     | N/A | ⏳ 等待 Profile 更新任务...
2026-08-07 13:50:27.566 | INFO     | N/A | ⏳ 等待 Profile 更新任务...
2026-08-07 13:50:32.590 | INFO     | N/A | ⏳ 等待 Profile 更新任务...
2026-08-07 13:50:37.619 | INFO     | N/A | ⏳ 等待 Profile 更新任务...
2026-08-07 13:50:42.641 | INFO     | N/A | ⏳ 等待 Profile 更新任务...
2026-08-07 13:50:47.666 | INFO     | N/A | ⏳ 等待 Profile 更新任务...
2026-08-07 13:50:52.698 | INFO     | N/A | ⏳ 等待 Profile 更新任务...
2026-08-07 13:50:57.721 | INFO     | N/A | ⏳ 等待 Profile 更新任务...
2026-08-07 13:51:02.746 | INFO     | N/A | ⏳ 等待 Profile 更新任务...
2026-08-07 13:51:07.770 | INFO     | N/A | ⏳ 等待 Profile 更新任务...
2026-08-07 13:51:12.791 | INFO     | N/A | ⏳ 等待 Profile 更新任务...
2026-08-07 13:51:17.816 | INFO     | N/A | ⏳ 等待 Profile 更新任务...
2026-08-07 13:51:22.848 | INFO     | N/A | ⏳ 等待 Profile 更新任务...
2026-08-07 13:51:27.872 | INFO     | N/A | ⏳ 等待 Profile 更新任务...
2026-08-07 13:51:32.898 | INFO     | N/A | ⏳ 等待 Profile 更新任务...
2026-08-07 13:51:37.923 | INFO     | N/A | ⏳ 等待 Profile 更新任务...
2026-08-07 13:51:42.947 | INFO     | N/A | ⏳ 等待 Profile 更新任务...
2026-08-07 13:51:47.971 | INFO     | N/A | ⏳ 等待 Profile 更新任务...
2026-08-07 13:51:52.996 | INFO     | N/A | ⏳ 等待 Profile 更新任务...
2026-08-07 13:51:58.022 | INFO     | N/A | ⏳ 等待 Profile 更新任务...
2026-08-07 13:52:03.049 | INFO     | N/A | ⏳ 等待 Profile 更新任务...
2026-08-07 13:52:08.072 | INFO     | N/A | ⏳ 等待 Profile 更新任务...
2026-08-07 13:52:13.094 | INFO     | N/A | ⏳ 等待 Profile 更新任务...
2026-08-07 13:52:18.117 | INFO     | N/A | ⏳ 等待 Profile 更新任务...
2026-08-07 13:52:23.151 | INFO     | N/A | ⏳ 等待 Profile 更新任务...
2026-08-07 13:52:28.178 | INFO     | N/A | ⏳ 等待 Profile 更新任务...
2026-08-07 13:52:33.201 | INFO     | N/A | ⏳ 等待 Profile 更新任务...
2026-08-07 13:52:38.230 | INFO     | N/A | ⏳ 等待 Profile 更新任务...
2026-08-07 13:52:43.255 | INFO     | N/A | ⏳ 等待 Profile 更新任务...
2026-08-07 13:52:48.283 | INFO     | N/A | ⏳ 等待 Profile 更新任务...
2026-08-07 13:52:53.312 | INFO     | N/A | ⏳ 等待 Profile 更新任务...
2026-08-07 13:52:58.337 | INFO     | N/A | ⏳ 等待 Profile 更新任务...
2026-08-07 13:53:03.358 | INFO     | N/A | ⏳ 等待 Profile 更新任务...
2026-08-07 13:53:08.383 | INFO     | N/A | ⏳ 等待 Profile 更新任务...
2026-08-07 13:53:13.405 | INFO     | N/A | ⏳ 等待 Profile 更新任务...
2026-08-07 13:53:18.429 | INFO     | N/A | ⏳ 等待 Profile 更新任务...
2026-08-07 13:53:23.454 | INFO     | N/A | ⏳ 等待 Profile 更新任务...
2026-08-07 13:53:28.477 | INFO     | N/A | ⏳ 等待 Profile 更新任务...
2026-08-07 13:53:33.499 | INFO     | N/A | ⏳ 等待 Profile 更新任务...
2026-08-07 13:53:38.523 | INFO     | N/A | ⏳ 等待 Profile 更新任务...
2026-08-07 13:53:43.546 | INFO     | N/A | ⏳ 等待 Profile 更新任务...
2026-08-07 13:53:48.571 | INFO     | N/A | ⏳ 等待 Profile 更新任务...
2026-08-07 13:53:53.598 | INFO     | N/A | ⏳ 等待 Profile 更新任务...
2026-08-07 13:53:58.624 | INFO     | N/A | ⏳ 等待 Profile 更新任务...
2026-08-07 13:54:03.678 | INFO     | N/A | ⏳ 等待 Profile 更新任务...
2026-08-07 13:54:08.704 | INFO     | N/A | ⏳ 等待 Profile 更新任务...
2026-08-07 13:54:13.724 | INFO     | N/A | ⏳ 等待 Profile 更新任务...
2026-08-07 13:54:18.755 | INFO     | N/A | ⏳ 等待 Profile 更新任务...
2026-08-07 13:54:23.779 | INFO     | N/A | ⏳ 等待 Profile 更新任务...
2026-08-07 13:54:28.803 | INFO     | N/A | ⏳ 等待 Profile 更新任务...
2026-08-07 13:54:33.827 | INFO     | N/A | ⏳ 等待 Profile 更新任务...
2026-08-07 13:54:38.850 | INFO     | N/A | ⏳ 等待 Profile 更新任务...
2026-08-07 13:54:43.875 | INFO     | N/A | ⏳ 等待 Profile 更新任务...
2026-08-07 13:54:48.895 | INFO     | N/A | ⏳ 等待 Profile 更新任务...
2026-08-07 13:54:53.925 | INFO     | N/A | ⏳ 等待 Profile 更新任务...
2026-08-07 13:54:58.947 | INFO     | N/A | ⏳ 等待 Profile 更新任务...
2026-08-07 13:55:03.971 | INFO     | N/A | ⏳ 等待 Profile 更新任务...
2026-08-07 13:55:08.996 | INFO     | N/A | ⏳ 等待 Profile 更新任务...
2026-08-07 13:55:14.018 | INFO     | N/A | ⏳ 等待 Profile 更新任务...
2026-08-07 13:55:19.046 | INFO     | N/A | ⏳ 等待 Profile 更新任务...
2026-08-07 13:55:24.077 | INFO     | N/A | ⏳ 等待 Profile 更新任务...
2026-08-07 13:55:29.105 | INFO     | N/A | ⏳ 等待 Profile 更新任务...
2026-08-07 13:55:34.134 | INFO     | N/A | ⏳ 等待 Profile 更新任务...
2026-08-07 13:55:39.163 | INFO     | N/A | ⏳ 等待 Profile 更新任务...
2026-08-07 13:55:44.185 | INFO     | N/A | ⏳ 等待 Profile 更新任务...
2026-08-07 13:55:49.208 | INFO     | N/A | ⏳ 等待 Profile 更新任务...
2026-08-07 13:55:54.235 | INFO     | N/A | ⏳ 等待 Profile 更新任务...
2026-08-07 13:55:59.260 | INFO     | N/A | ⏳ 等待 Profile 更新任务...
2026-08-07 13:56:04.284 | INFO     | N/A | ⏳ 等待 Profile 更新任务...
2026-08-07 13:56:09.310 | INFO     | N/A | ⏳ 等待 Profile 更新任务...
2026-08-07 13:56:14.334 | INFO     | N/A | ⏳ 等待 Profile 更新任务...
2026-08-07 13:56:19.359 | INFO     | N/A | ⏳ 等待 Profile 更新任务...
2026-08-07 13:56:24.386 | INFO     | N/A | ⏳ 等待 Profile 更新任务...
2026-08-07 13:56:29.414 | INFO     | N/A | ⏳ 等待 Profile 更新任务...
2026-08-07 13:56:34.443 | INFO     | N/A | ⏳ 等待 Profile 更新任务...
2026-08-07 13:56:39.466 | INFO     | N/A | ⏳ 等待 Profile 更新任务...
2026-08-07 13:56:44.490 | INFO     | N/A | ⏳ 等待 Profile 更新任务...
2026-08-07 13:56:49.516 | INFO     | N/A | ⏳ 等待 Profile 更新任务...
2026-08-07 13:56:54.542 | INFO     | N/A | ⏳ 等待 Profile 更新任务...
2026-08-07 13:56:59.565 | INFO     | N/A | ⏳ 等待 Profile 更新任务...
2026-08-07 13:57:04.587 | INFO     | N/A | ⏳ 等待 Profile 更新任务...
2026-08-07 13:57:09.611 | INFO     | N/A | ⏳ 等待 Profile 更新任务...
2026-08-07 13:57:14.633 | INFO     | N/A | ⏳ 等待 Profile 更新任务...
2026-08-07 13:57:19.662 | INFO     | N/A | ⏳ 等待 Profile 更新任务...
2026-08-07 13:57:24.691 | INFO     | N/A | ⏳ 等待 Profile 更新任务...
2026-08-07 13:57:29.715 | INFO     | N/A | ⏳ 等待 Profile 更新任务...
2026-08-07 13:57:34.740 | INFO     | N/A | ⏳ 等待 Profile 更新任务...
2026-08-07 13:57:39.766 | INFO     | N/A | ⏳ 等待 Profile 更新任务...
2026-08-07 13:57:44.790 | INFO     | N/A | ⏳ 等待 Profile 更新任务...
2026-08-07 13:57:49.816 | INFO     | N/A | ⏳ 等待 Profile 更新任务...
2026-08-07 13:57:54.840 | INFO     | N/A | ⏳ 等待 Profile 更新任务...
2026-08-07 13:57:59.864 | INFO     | N/A | ⏳ 等待 Profile 更新任务...
2026-08-07 13:58:04.884 | INFO     | N/A | ⏳ 等待 Profile 更新任务...
2026-08-07 13:58:09.906 | INFO     | N/A | ⏳ 等待 Profile 更新任务...
2026-08-07 13:58:14.930 | INFO     | N/A | ⏳ 等待 Profile 更新任务...
2026-08-07 13:58:19.958 | INFO     | N/A | ⏳ 等待 Profile 更新任务...
2026-08-07 13:58:24.982 | INFO     | N/A | ⏳ 等待 Profile 更新任务...
2026-08-07 13:58:30.005 | INFO     | N/A | ⏳ 等待 Profile 更新任务...
2026-08-07 13:58:35.028 | INFO     | N/A | ⏳ 等待 Profile 更新任务...
2026-08-07 13:58:40.056 | INFO     | N/A | ⏳ 等待 Profile 更新任务...
2026-08-07 13:58:45.081 | INFO     | N/A | ⏳ 等待 Profile 更新任务...
2026-08-07 13:58:50.104 | INFO     | N/A | ⏳ 等待 Profile 更新任务...
2026-08-07 13:58:55.129 | INFO     | N/A | ⏳ 等待 Profile 更新任务...
2026-08-07 13:59:00.159 | INFO     | N/A | ⏳ 等待 Profile 更新任务...
2026-08-07 13:59:05.184 | INFO     | N/A | ⏳ 等待 Profile 更新任务...
2026-08-07 13:59:10.208 | INFO     | N/A | ⏳ 等待 Profile 更新任务...
2026-08-07 13:59:15.230 | INFO     | N/A | ⏳ 等待 Profile 更新任务...
2026-08-07 13:59:20.254 | INFO     | N/A | ⏳ 等待 Profile 更新任务...
2026-08-07 13:59:25.282 | INFO     | N/A | ⏳ 等待 Profile 更新任务...
2026-08-07 13:59:30.307 | INFO     | N/A | ⏳ 等待 Profile 更新任务...
2026-08-07 13:59:35.327 | INFO     | N/A | ⏳ 等待 Profile 更新任务...
2026-08-07 13:59:40.353 | INFO     | N/A | ⏳ 等待 Profile 更新任务...
2026-08-07 13:59:45.381 | INFO     | N/A | ⏳ 等待 Profile 更新任务...
2026-08-07 13:59:50.403 | INFO     | N/A | ⏳ 等待 Profile 更新任务...
2026-08-07 13:59:55.429 | INFO     | N/A | ⏳ 等待 Profile 更新任务...
2026-08-07 14:00:00.452 | INFO     | N/A | ⏳ 等待 Profile 更新任务...
2026-08-07 14:00:05.477 | INFO     | N/A | ⏳ 等待 Profile 更新任务...
2026-08-07 14:00:10.500 | INFO     | N/A | ⏳ 等待 Profile 更新任务...
2026-08-07 14:00:15.521 | INFO     | N/A | ⏳ 等待 Profile 更新任务...
2026-08-07 14:00:20.544 | INFO     | N/A | ⏳ 等待 Profile 更新任务...
2026-08-07 14:00:25.568 | INFO     | N/A | ⏳ 等待 Profile 更新任务...
2026-08-07 14:00:30.591 | INFO     | N/A | ⏳ 等待 Profile 更新任务...
2026-08-07 14:00:35.617 | INFO     | N/A | ⏳ 等待 Profile 更新任务...
2026-08-07 14:00:40.644 | INFO     | N/A | ⏳ 等待 Profile 更新任务...
2026-08-07 14:00:45.666 | INFO     | N/A | ⏳ 等待 Profile 更新任务...
2026-08-07 14:00:50.689 | INFO     | N/A | ⏳ 等待 Profile 更新任务...
2026-08-07 14:00:55.715 | INFO     | N/A | ⏳ 等待 Profile 更新任务...
2026-08-07 14:01:00.741 | INFO     | N/A | ⏳ 等待 Profile 更新任务...
2026-08-07 14:01:05.766 | INFO     | N/A | ⏳ 等待 Profile 更新任务...
2026-08-07 14:01:10.789 | INFO     | N/A | ⏳ 等待 Profile 更新任务...
2026-08-07 14:01:15.813 | INFO     | N/A | ⏳ 等待 Profile 更新任务...
2026-08-07 14:01:20.836 | INFO     | N/A | ⏳ 等待 Profile 更新任务...
2026-08-07 14:01:25.865 | INFO     | N/A | ⏳ 等待 Profile 更新任务...
2026-08-07 14:01:30.891 | INFO     | N/A | ⏳ 等待 Profile 更新任务...
2026-08-07 14:01:35.915 | INFO     | N/A | ⏳ 等待 Profile 更新任务...
2026-08-07 14:01:40.943 | INFO     | N/A | ⏳ 等待 Profile 更新任务...
2026-08-07 14:01:45.967 | INFO     | N/A | ⏳ 等待 Profile 更新任务...
2026-08-07 14:01:50.989 | INFO     | N/A | ⏳ 等待 Profile 更新任务...
2026-08-07 14:01:56.022 | INFO     | N/A | ⏳ 等待 Profile 更新任务...
2026-08-07 14:02:01.046 | INFO     | N/A | ⏳ 等待 Profile 更新任务...
2026-08-07 14:02:06.071 | INFO     | N/A | ⏳ 等待 Profile 更新任务...
2026-08-07 14:02:11.095 | INFO     | N/A | ⏳ 等待 Profile 更新任务...
2026-08-07 14:02:16.120 | INFO     | N/A | ⏳ 等待 Profile 更新任务...
2026-08-07 14:02:21.146 | INFO     | N/A | ⏳ 等待 Profile 更新任务...
2026-08-07 14:02:26.176 | INFO     | N/A | ⏳ 等待 Profile 更新任务...
2026-08-07 14:02:31.202 | INFO     | N/A | ⏳ 等待 Profile 更新任务...
2026-08-07 14:02:36.225 | INFO     | N/A | ⏳ 等待 Profile 更新任务...
2026-08-07 14:02:41.248 | INFO     | N/A | ⏳ 等待 Profile 更新任务...
2026-08-07 14:02:46.273 | INFO     | N/A | ⏳ 等待 Profile 更新任务...
2026-08-07 14:02:51.296 | INFO     | N/A | ⏳ 等待 Profile 更新任务...
2026-08-07 14:02:56.321 | INFO     | N/A | ⏳ 等待 Profile 更新任务...
2026-08-07 14:03:01.342 | INFO     | N/A | ⏳ 等待 Profile 更新任务...
2026-08-07 14:03:06.368 | INFO     | N/A | ⏳ 等待 Profile 更新任务...
2026-08-07 14:03:11.390 | INFO     | N/A | ⏳ 等待 Profile 更新任务...
2026-08-07 14:03:16.414 | INFO     | N/A | ⏳ 等待 Profile 更新任务...
2026-08-07 14:03:21.437 | INFO     | N/A | ⏳ 等待 Profile 更新任务...
2026-08-07 14:03:26.463 | INFO     | N/A | ⏳ 等待 Profile 更新任务...
2026-08-07 14:03:31.493 | INFO     | N/A | ⏳ 等待 Profile 更新任务...
2026-08-07 14:03:36.517 | INFO     | N/A | ⏳ 等待 Profile 更新任务...
2026-08-07 14:03:41.541 | INFO     | N/A | ⏳ 等待 Profile 更新任务...
2026-08-07 14:03:46.564 | INFO     | N/A | ⏳ 等待 Profile 更新任务...
2026-08-07 14:03:51.585 | INFO     | N/A | ⏳ 等待 Profile 更新任务...
2026-08-07 14:03:56.615 | INFO     | N/A | ⏳ 等待 Profile 更新任务...
2026-08-07 14:04:01.640 | INFO     | N/A | ⏳ 等待 Profile 更新任务...
2026-08-07 14:04:06.663 | INFO     | N/A | ⏳ 等待 Profile 更新任务...
2026-08-07 14:04:11.688 | INFO     | N/A | ⏳ 等待 Profile 更新任务...
2026-08-07 14:04:16.712 | INFO     | N/A | ⏳ 等待 Profile 更新任务...
2026-08-07 14:04:21.736 | INFO     | N/A | ⏳ 等待 Profile 更新任务...
2026-08-07 14:04:26.767 | INFO     | N/A | ⏳ 等待 Profile 更新任务...
2026-08-07 14:04:31.790 | INFO     | N/A | ⏳ 等待 Profile 更新任务...
2026-08-07 14:04:36.814 | INFO     | N/A | ⏳ 等待 Profile 更新任务...
2026-08-07 14:04:41.836 | INFO     | N/A | ⏳ 等待 Profile 更新任务...
2026-08-07 14:04:46.856 | INFO     | N/A | ⏳ 等待 Profile 更新任务...
2026-08-07 14:04:51.877 | INFO     | N/A | ⏳ 等待 Profile 更新任务...
2026-08-07 14:04:56.901 | INFO     | N/A | ⏳ 等待 Profile 更新任务...
2026-08-07 14:05:01.925 | INFO     | N/A | ⏳ 等待 Profile 更新任务...
2026-08-07 14:05:06.946 | INFO     | N/A | ⏳ 等待 Profile 更新任务...
2026-08-07 14:05:11.968 | INFO     | N/A | ⏳ 等待 Profile 更新任务...
2026-08-07 14:05:16.992 | INFO     | N/A | ⏳ 等待 Profile 更新任务...
2026-08-07 14:05:22.015 | INFO     | N/A | ⏳ 等待 Profile 更新任务...
2026-08-07 14:05:27.041 | INFO     | N/A | ⏳ 等待 Profile 更新任务...
2026-08-07 14:05:32.063 | INFO     | N/A | ⏳ 等待 Profile 更新任务...
2026-08-07 14:05:37.085 | INFO     | N/A | ⏳ 等待 Profile 更新任务...
2026-08-07 14:05:42.107 | INFO     | N/A | ⏳ 等待 Profile 更新任务...
2026-08-07 14:05:47.133 | INFO     | N/A | ⏳ 等待 Profile 更新任务...
2026-08-07 14:05:52.156 | INFO     | N/A | ⏳ 等待 Profile 更新任务...
2026-08-07 14:05:57.179 | INFO     | N/A | ⏳ 等待 Profile 更新任务...
2026-08-07 14:06:02.201 | INFO     | N/A | ⏳ 等待 Profile 更新任务...
2026-08-07 14:06:07.223 | INFO     | N/A | ⏳ 等待 Profile 更新任务...
2026-08-07 14:06:12.246 | INFO     | N/A | ⏳ 等待 Profile 更新任务...
2026-08-07 14:06:17.268 | INFO     | N/A | ⏳ 等待 Profile 更新任务...
2026-08-07 14:06:22.288 | INFO     | N/A | ⏳ 等待 Profile 更新任务...
2026-08-07 14:06:27.315 | INFO     | N/A | ⏳ 等待 Profile 更新任务...
2026-08-07 14:06:32.337 | INFO     | N/A | ⏳ 等待 Profile 更新任务...
2026-08-07 14:06:37.357 | INFO     | N/A | ⏳ 等待 Profile 更新任务...
2026-08-07 14:06:42.381 | INFO     | N/A | ⏳ 等待 Profile 更新任务...
2026-08-07 14:06:47.404 | INFO     | N/A | ⏳ 等待 Profile 更新任务...
2026-08-07 14:06:52.424 | INFO     | N/A | ⏳ 等待 Profile 更新任务...
2026-08-07 14:06:57.448 | INFO     | N/A | ⏳ 等待 Profile 更新任务...
2026-08-07 14:07:02.470 | INFO     | N/A | ⏳ 等待 Profile 更新任务...
2026-08-07 14:07:07.492 | INFO     | N/A | ⏳ 等待 Profile 更新任务...
2026-08-07 14:07:12.513 | INFO     | N/A | ⏳ 等待 Profile 更新任务...
2026-08-07 14:07:17.535 | INFO     | N/A | ⏳ 等待 Profile 更新任务...
2026-08-07 14:07:22.558 | INFO     | N/A | ⏳ 等待 Profile 更新任务...
2026-08-07 14:07:27.588 | INFO     | N/A | ⏳ 等待 Profile 更新任务...
2026-08-07 14:07:32.609 | INFO     | N/A | ⏳ 等待 Profile 更新任务...
2026-08-07 14:07:37.634 | INFO     | N/A | ⏳ 等待 Profile 更新任务...
2026-08-07 14:07:42.657 | INFO     | N/A | ⏳ 等待 Profile 更新任务...
2026-08-07 14:07:47.686 | INFO     | N/A | ⏳ 等待 Profile 更新任务...
2026-08-07 14:07:52.708 | INFO     | N/A | ⏳ 等待 Profile 更新任务...
2026-08-07 14:07:57.736 | INFO     | N/A | ⏳ 等待 Profile 更新任务...
2026-08-07 14:08:02.760 | INFO     | N/A | ⏳ 等待 Profile 更新任务...
2026-08-07 14:08:07.785 | INFO     | N/A | ⏳ 等待 Profile 更新任务...
2026-08-07 14:08:12.809 | INFO     | N/A | ⏳ 等待 Profile 更新任务...
2026-08-07 14:08:17.833 | INFO     | N/A | ⏳ 等待 Profile 更新任务...
2026-08-07 14:08:22.857 | INFO     | N/A | ⏳ 等待 Profile 更新任务...
2026-08-07 14:08:27.884 | INFO     | N/A | ⏳ 等待 Profile 更新任务...
2026-08-07 14:08:32.908 | INFO     | N/A | ⏳ 等待 Profile 更新任务...
2026-08-07 14:08:37.931 | INFO     | N/A | ⏳ 等待 Profile 更新任务...
2026-08-07 14:08:42.953 | INFO     | N/A | ⏳ 等待 Profile 更新任务...
2026-08-07 14:08:47.974 | INFO     | N/A | ⏳ 等待 Profile 更新任务...
2026-08-07 14:08:52.998 | INFO     | N/A | ⏳ 等待 Profile 更新任务...
2026-08-07 14:08:58.030 | INFO     | N/A | ⏳ 等待 Profile 更新任务...
2026-08-07 14:09:03.054 | INFO     | N/A | ⏳ 等待 Profile 更新任务...
2026-08-07 14:09:08.078 | INFO     | N/A | ⏳ 等待 Profile 更新任务...
2026-08-07 14:09:13.101 | INFO     | N/A | ⏳ 等待 Profile 更新任务...
2026-08-07 14:09:18.123 | INFO     | N/A | ⏳ 等待 Profile 更新任务...
2026-08-07 14:09:23.146 | INFO     | N/A | ⏳ 等待 Profile 更新任务...
2026-08-07 14:09:28.171 | INFO     | N/A | ⏳ 等待 Profile 更新任务...
2026-08-07 14:09:33.194 | INFO     | N/A | ⏳ 等待 Profile 更新任务...
2026-08-07 14:09:38.217 | INFO     | N/A | ⏳ 等待 Profile 更新任务...
2026-08-07 14:09:43.238 | INFO     | N/A | ⏳ 等待 Profile 更新任务...
2026-08-07 14:09:48.261 | INFO     | N/A | ⏳ 等待 Profile 更新任务...
2026-08-07 14:09:53.285 | INFO     | N/A | ⏳ 等待 Profile 更新任务...
2026-08-07 14:09:58.311 | INFO     | N/A | ⏳ 等待 Profile 更新任务...
2026-08-07 14:10:03.334 | INFO     | N/A | ⏳ 等待 Profile 更新任务...
2026-08-07 14:10:08.358 | INFO     | N/A | ⏳ 等待 Profile 更新任务...
2026-08-07 14:10:13.380 | INFO     | N/A | ⏳ 等待 Profile 更新任务...
2026-08-07 14:10:18.403 | INFO     | N/A | ⏳ 等待 Profile 更新任务...
2026-08-07 14:10:23.425 | INFO     | N/A | ⏳ 等待 Profile 更新任务...
2026-08-07 14:10:28.450 | INFO     | N/A | ⏳ 等待 Profile 更新任务...
2026-08-07 14:10:33.474 | INFO     | N/A | ⏳ 等待 Profile 更新任务...
2026-08-07 14:10:38.499 | INFO     | N/A | ⏳ 等待 Profile 更新任务...
2026-08-07 14:10:43.525 | INFO     | N/A | ⏳ 等待 Profile 更新任务...
2026-08-07 14:10:48.547 | INFO     | N/A | ⏳ 等待 Profile 更新任务...
2026-08-07 14:10:53.570 | INFO     | N/A | ⏳ 等待 Profile 更新任务...
2026-08-07 14:10:58.595 | INFO     | N/A | ⏳ 等待 Profile 更新任务...
2026-08-07 14:11:03.619 | INFO     | N/A | ⏳ 等待 Profile 更新任务...
2026-08-07 14:11:08.644 | INFO     | N/A | ⏳ 等待 Profile 更新任务...
2026-08-07 14:11:13.665 | INFO     | N/A | ⏳ 等待 Profile 更新任务...
2026-08-07 14:11:18.689 | INFO     | N/A | ⏳ 等待 Profile 更新任务...
2026-08-07 14:11:23.710 | INFO     | N/A | ⏳ 等待 Profile 更新任务...
2026-08-07 14:11:28.740 | INFO     | N/A | ⏳ 等待 Profile 更新任务...
2026-08-07 14:11:33.761 | INFO     | N/A | ⏳ 等待 Profile 更新任务...
2026-08-07 14:11:38.786 | INFO     | N/A | ⏳ 等待 Profile 更新任务...
2026-08-07 14:11:43.808 | INFO     | N/A | ⏳ 等待 Profile 更新任务...
2026-08-07 14:11:48.834 | INFO     | N/A | ⏳ 等待 Profile 更新任务...
2026-08-07 14:11:53.857 | INFO     | N/A | ⏳ 等待 Profile 更新任务...
2026-08-07 14:11:58.883 | INFO     | N/A | ⏳ 等待 Profile 更新任务...
2026-08-07 14:12:03.908 | INFO     | N/A | ⏳ 等待 Profile 更新任务...
2026-08-07 14:12:08.932 | INFO     | N/A | ⏳ 等待 Profile 更新任务...
2026-08-07 14:12:13.953 | INFO     | N/A | ⏳ 等待 Profile 更新任务...
2026-08-07 14:12:18.976 | INFO     | N/A | ⏳ 等待 Profile 更新任务...
2026-08-07 14:12:23.995 | INFO     | N/A | ⏳ 等待 Profile 更新任务...
2026-08-07 14:12:29.021 | INFO     | N/A | ⏳ 等待 Profile 更新任务...
2026-08-07 14:12:34.043 | INFO     | N/A | ⏳ 等待 Profile 更新任务...
2026-08-07 14:12:39.067 | INFO     | N/A | ⏳ 等待 Profile 更新任务...
2026-08-07 14:12:44.092 | INFO     | N/A | ⏳ 等待 Profile 更新任务...
2026-08-07 14:12:49.112 | INFO     | N/A | ⏳ 等待 Profile 更新任务...
2026-08-07 14:12:54.134 | INFO     | N/A | ⏳ 等待 Profile 更新任务...
2026-08-07 14:12:59.159 | INFO     | N/A | ⏳ 等待 Profile 更新任务...
2026-08-07 14:13:04.184 | INFO     | N/A | ⏳ 等待 Profile 更新任务...
2026-08-07 14:13:09.206 | INFO     | N/A | ⏳ 等待 Profile 更新任务...
2026-08-07 14:13:14.227 | INFO     | N/A | ⏳ 等待 Profile 更新任务...
2026-08-07 14:13:19.252 | INFO     | N/A | ⏳ 等待 Profile 更新任务...
2026-08-07 14:13:24.276 | INFO     | N/A | ⏳ 等待 Profile 更新任务...
2026-08-07 14:13:29.303 | INFO     | N/A | ⏳ 等待 Profile 更新任务...
2026-08-07 14:13:34.329 | INFO     | N/A | ⏳ 等待 Profile 更新任务...
2026-08-07 14:13:39.352 | INFO     | N/A | ⏳ 等待 Profile 更新任务...
2026-08-07 14:13:44.379 | INFO     | N/A | ⏳ 等待 Profile 更新任务...
2026-08-07 14:13:49.402 | INFO     | N/A | ⏳ 等待 Profile 更新任务...
2026-08-07 14:13:54.426 | INFO     | N/A | ⏳ 等待 Profile 更新任务...
2026-08-07 14:13:59.451 | INFO     | N/A | ⏳ 等待 Profile 更新任务...
2026-08-07 14:14:04.474 | INFO     | N/A | ⏳ 等待 Profile 更新任务...
2026-08-07 14:14:09.497 | INFO     | N/A | ⏳ 等待 Profile 更新任务...
2026-08-07 14:14:14.520 | INFO     | N/A | ⏳ 等待 Profile 更新任务...
2026-08-07 14:14:19.541 | INFO     | N/A | ⏳ 等待 Profile 更新任务...
2026-08-07 14:14:24.565 | INFO     | N/A | ⏳ 等待 Profile 更新任务...
2026-08-07 14:14:29.590 | INFO     | N/A | ⏳ 等待 Profile 更新任务...
2026-08-07 14:14:34.613 | INFO     | N/A | ⏳ 等待 Profile 更新任务...
2026-08-07 14:14:39.637 | INFO     | N/A | ⏳ 等待 Profile 更新任务...
2026-08-07 14:14:44.659 | INFO     | N/A | ⏳ 等待 Profile 更新任务...
2026-08-07 14:14:49.682 | INFO     | N/A | ⏳ 等待 Profile 更新任务...
2026-08-07 14:14:54.705 | INFO     | N/A | ⏳ 等待 Profile 更新任务...
2026-08-07 14:14:59.732 | INFO     | N/A | ⏳ 等待 Profile 更新任务...
2026-08-07 14:15:04.754 | INFO     | N/A | ⏳ 等待 Profile 更新任务...
2026-08-07 14:15:09.778 | INFO     | N/A | ⏳ 等待 Profile 更新任务...
2026-08-07 14:15:14.801 | INFO     | N/A | ⏳ 等待 Profile 更新任务...
2026-08-07 14:15:19.823 | INFO     | N/A | ⏳ 等待 Profile 更新任务...
2026-08-07 14:15:24.845 | INFO     | N/A | ⏳ 等待 Profile 更新任务...
2026-08-07 14:15:29.871 | INFO     | N/A | ⏳ 等待 Profile 更新任务...
2026-08-07 14:15:34.893 | INFO     | N/A | ⏳ 等待 Profile 更新任务...
2026-08-07 14:15:39.915 | INFO     | N/A | ⏳ 等待 Profile 更新任务...
2026-08-07 14:15:44.939 | INFO     | N/A | ⏳ 等待 Profile 更新任务...
2026-08-07 14:15:49.960 | INFO     | N/A | ⏳ 等待 Profile 更新任务...
2026-08-07 14:15:55.007 | INFO     | N/A | ⏳ 等待 Profile 更新任务...
2026-08-07 14:16:00.034 | INFO     | N/A | ⏳ 等待 Profile 更新任务...
2026-08-07 14:16:05.056 | INFO     | N/A | ⏳ 等待 Profile 更新任务...
2026-08-07 14:16:10.078 | INFO     | N/A | ⏳ 等待 Profile 更新任务...
2026-08-07 14:16:15.101 | INFO     | N/A | ⏳ 等待 Profile 更新任务...
2026-08-07 14:16:20.123 | INFO     | N/A | ⏳ 等待 Profile 更新任务...
2026-08-07 14:16:25.145 | INFO     | N/A | ⏳ 等待 Profile 更新任务...
2026-08-07 14:16:30.171 | INFO     | N/A | ⏳ 等待 Profile 更新任务...
2026-08-07 14:16:35.200 | INFO     | N/A | ⏳ 等待 Profile 更新任务...
2026-08-07 14:16:40.222 | INFO     | N/A | ⏳ 等待 Profile 更新任务...
2026-08-07 14:16:45.248 | INFO     | N/A | ⏳ 等待 Profile 更新任务...
2026-08-07 14:16:50.273 | INFO     | N/A | ⏳ 等待 Profile 更新任务...
2026-08-07 14:16:55.297 | INFO     | N/A | ⏳ 等待 Profile 更新任务...
2026-08-07 14:17:00.322 | INFO     | N/A | ⏳ 等待 Profile 更新任务...
2026-08-07 14:17:05.345 | INFO     | N/A | ⏳ 等待 Profile 更新任务...
2026-08-07 14:17:10.366 | INFO     | N/A | ⏳ 等待 Profile 更新任务...
2026-08-07 14:17:15.390 | INFO     | N/A | ⏳ 等待 Profile 更新任务...
2026-08-07 14:17:20.412 | INFO     | N/A | ⏳ 等待 Profile 更新任务...
2026-08-07 14:17:25.436 | INFO     | N/A | ⏳ 等待 Profile 更新任务...
2026-08-07 14:17:30.461 | INFO     | N/A | ⏳ 等待 Profile 更新任务...
2026-08-07 14:17:35.484 | INFO     | N/A | ⏳ 等待 Profile 更新任务...
2026-08-07 14:17:40.506 | INFO     | N/A | ⏳ 等待 Profile 更新任务...
2026-08-07 14:17:45.532 | INFO     | N/A | ⏳ 等待 Profile 更新任务...
2026-08-07 14:17:50.556 | INFO     | N/A | ⏳ 等待 Profile 更新任务...
2026-08-07 14:17:55.582 | INFO     | N/A | ⏳ 等待 Profile 更新任务...
2026-08-07 14:18:00.604 | INFO     | N/A | ⏳ 等待 Profile 更新任务...
2026-08-07 14:18:05.628 | INFO     | N/A | ⏳ 等待 Profile 更新任务...
2026-08-07 14:18:10.649 | INFO     | N/A | ⏳ 等待 Profile 更新任务...
2026-08-07 14:18:15.673 | INFO     | N/A | ⏳ 等待 Profile 更新任务...
2026-08-07 14:18:20.696 | INFO     | N/A | ⏳ 等待 Profile 更新任务...
2026-08-07 14:18:25.721 | INFO     | N/A | ⏳ 等待 Profile 更新任务...
2026-08-07 14:18:30.746 | INFO     | N/A | ⏳ 等待 Profile 更新任务...
2026-08-07 14:18:35.771 | INFO     | N/A | ⏳ 等待 Profile 更新任务...
2026-08-07 14:18:40.793 | INFO     | N/A | ⏳ 等待 Profile 更新任务...
2026-08-07 14:18:45.819 | INFO     | N/A | ⏳ 等待 Profile 更新任务...
2026-08-07 14:18:50.844 | INFO     | N/A | ⏳ 等待 Profile 更新任务...
2026-08-07 14:18:55.868 | INFO     | N/A | ⏳ 等待 Profile 更新任务...
2026-08-07 14:19:00.891 | INFO     | N/A | ⏳ 等待 Profile 更新任务...
2026-08-07 14:19:05.912 | INFO     | N/A | ⏳ 等待 Profile 更新任务...
2026-08-07 14:19:10.939 | INFO     | N/A | ⏳ 等待 Profile 更新任务...
2026-08-07 14:19:15.960 | INFO     | N/A | ⏳ 等待 Profile 更新任务...
2026-08-07 14:19:20.983 | INFO     | N/A | ⏳ 等待 Profile 更新任务...
2026-08-07 14:19:26.008 | INFO     | N/A | ⏳ 等待 Profile 更新任务...
2026-08-07 14:19:31.033 | INFO     | N/A | ⏳ 等待 Profile 更新任务...
2026-08-07 14:19:36.056 | INFO     | N/A | ⏳ 等待 Profile 更新任务...
2026-08-07 14:19:41.077 | INFO     | N/A | ⏳ 等待 Profile 更新任务...
2026-08-07 14:19:46.099 | INFO     | N/A | ⏳ 等待 Profile 更新任务...
2026-08-07 14:19:51.122 | INFO     | N/A | ⏳ 等待 Profile 更新任务...
2026-08-07 14:19:56.148 | INFO     | N/A | ⏳ 等待 Profile 更新任务...
2026-08-07 14:20:01.173 | INFO     | N/A | ⏳ 等待 Profile 更新任务...
2026-08-07 14:20:06.196 | INFO     | N/A | ⏳ 等待 Profile 更新任务...
2026-08-07 14:20:11.218 | INFO     | N/A | ⏳ 等待 Profile 更新任务...
2026-08-07 14:20:16.239 | INFO     | N/A | ⏳ 等待 Profile 更新任务...
2026-08-07 14:20:21.261 | INFO     | N/A | ⏳ 等待 Profile 更新任务...
2026-08-07 14:20:26.284 | INFO     | N/A | ⏳ 等待 Profile 更新任务...
2026-08-07 14:20:31.309 | INFO     | N/A | ⏳ 等待 Profile 更新任务...
2026-08-07 14:20:36.334 | INFO     | N/A | ⏳ 等待 Profile 更新任务...
2026-08-07 14:20:41.360 | INFO     | N/A | ⏳ 等待 Profile 更新任务...
2026-08-07 14:20:46.382 | INFO     | N/A | ⏳ 等待 Profile 更新任务...
2026-08-07 14:20:51.410 | INFO     | N/A | ⏳ 等待 Profile 更新任务...
2026-08-07 14:20:56.434 | INFO     | N/A | ⏳ 等待 Profile 更新任务...
2026-08-07 14:21:01.457 | INFO     | N/A | ⏳ 等待 Profile 更新任务...
2026-08-07 14:21:06.478 | INFO     | N/A | ⏳ 等待 Profile 更新任务...
2026-08-07 14:21:11.500 | INFO     | N/A | ⏳ 等待 Profile 更新任务...
2026-08-07 14:21:16.524 | INFO     | N/A | ⏳ 等待 Profile 更新任务...
2026-08-07 14:21:21.547 | INFO     | N/A | ⏳ 等待 Profile 更新任务...
2026-08-07 14:21:26.571 | INFO     | N/A | ⏳ 等待 Profile 更新任务...
2026-08-07 14:21:31.598 | INFO     | N/A | ⏳ 等待 Profile 更新任务...
2026-08-07 14:21:36.620 | INFO     | N/A | ⏳ 等待 Profile 更新任务...
2026-08-07 14:21:41.643 | INFO     | N/A | ⏳ 等待 Profile 更新任务...
2026-08-07 14:21:46.666 | INFO     | N/A | ⏳ 等待 Profile 更新任务...
2026-08-07 14:21:51.689 | INFO     | N/A | ⏳ 等待 Profile 更新任务...
2026-08-07 14:21:56.713 | INFO     | N/A | ⏳ 等待 Profile 更新任务...
2026-08-07 14:22:01.737 | INFO     | N/A | ⏳ 等待 Profile 更新任务...
2026-08-07 14:22:06.758 | INFO     | N/A | ⏳ 等待 Profile 更新任务...
2026-08-07 14:22:11.782 | INFO     | N/A | ⏳ 等待 Profile 更新任务...
2026-08-07 14:22:16.804 | INFO     | N/A | ⏳ 等待 Profile 更新任务...
2026-08-07 14:22:21.826 | INFO     | N/A | ⏳ 等待 Profile 更新任务...
2026-08-07 14:22:26.851 | INFO     | N/A | ⏳ 等待 Profile 更新任务...
2026-08-07 14:22:31.876 | INFO     | N/A | ⏳ 等待 Profile 更新任务...
2026-08-07 14:22:36.900 | INFO     | N/A | ⏳ 等待 Profile 更新任务...
2026-08-07 14:22:41.922 | INFO     | N/A | ⏳ 等待 Profile 更新任务...
2026-08-07 14:22:46.944 | INFO     | N/A | ⏳ 等待 Profile 更新任务...
2026-08-07 14:22:51.970 | INFO     | N/A | ⏳ 等待 Profile 更新任务...
2026-08-07 14:22:56.994 | INFO     | N/A | ⏳ 等待 Profile 更新任务...
2026-08-07 14:23:02.021 | INFO     | N/A | ⏳ 等待 Profile 更新任务...
2026-08-07 14:23:07.045 | INFO     | N/A | ⏳ 等待 Profile 更新任务...
2026-08-07 14:23:12.069 | INFO     | N/A | ⏳ 等待 Profile 更新任务...
2026-08-07 14:23:17.091 | INFO     | N/A | ⏳ 等待 Profile 更新任务...
2026-08-07 14:23:22.116 | INFO     | N/A | ⏳ 等待 Profile 更新任务...
2026-08-07 14:23:27.140 | INFO     | N/A | ⏳ 等待 Profile 更新任务...
2026-08-07 14:23:32.165 | INFO     | N/A | ⏳ 等待 Profile 更新任务...
2026-08-07 14:23:37.187 | INFO     | N/A | ⏳ 等待 Profile 更新任务...
2026-08-07 14:23:42.209 | INFO     | N/A | ⏳ 等待 Profile 更新任务...
2026-08-07 14:23:47.233 | INFO     | N/A | ⏳ 等待 Profile 更新任务...
2026-08-07 14:23:52.255 | INFO     | N/A | ⏳ 等待 Profile 更新任务...
2026-08-07 14:23:57.278 | INFO     | N/A | ⏳ 等待 Profile 更新任务...
2026-08-07 14:24:02.303 | INFO     | N/A | ⏳ 等待 Profile 更新任务...
2026-08-07 14:24:07.325 | INFO     | N/A | ⏳ 等待 Profile 更新任务...
2026-08-07 14:24:12.347 | INFO     | N/A | ⏳ 等待 Profile 更新任务...
2026-08-07 14:24:17.369 | INFO     | N/A | ⏳ 等待 Profile 更新任务...
2026-08-07 14:24:22.393 | INFO     | N/A | ⏳ 等待 Profile 更新任务...
2026-08-07 14:24:27.418 | INFO     | N/A | ⏳ 等待 Profile 更新任务...
2026-08-07 14:24:32.444 | INFO     | N/A | ⏳ 等待 Profile 更新任务...
2026-08-07 14:24:37.467 | INFO     | N/A | ⏳ 等待 Profile 更新任务...
2026-08-07 14:24:42.490 | INFO     | N/A | ⏳ 等待 Profile 更新任务...
2026-08-07 14:24:47.513 | INFO     | N/A | ⏳ 等待 Profile 更新任务...
2026-08-07 14:24:52.541 | INFO     | N/A | ⏳ 等待 Profile 更新任务...
2026-08-07 14:24:57.567 | INFO     | N/A | ⏳ 等待 Profile 更新任务...
2026-08-07 14:25:02.595 | INFO     | N/A | ⏳ 等待 Profile 更新任务...
2026-08-07 14:25:07.618 | INFO     | N/A | ⏳ 等待 Profile 更新任务...
2026-08-07 14:25:12.641 | INFO     | N/A | ⏳ 等待 Profile 更新任务...
2026-08-07 14:25:17.665 | INFO     | N/A | ⏳ 等待 Profile 更新任务...
2026-08-07 14:25:22.687 | INFO     | N/A | ⏳ 等待 Profile 更新任务...
2026-08-07 14:25:27.710 | INFO     | N/A | ⏳ 等待 Profile 更新任务...
2026-08-07 14:25:32.735 | INFO     | N/A | ⏳ 等待 Profile 更新任务...
2026-08-07 14:25:37.759 | INFO     | N/A | ⏳ 等待 Profile 更新任务...
2026-08-07 14:25:42.780 | INFO     | N/A | ⏳ 等待 Profile 更新任务...
2026-08-07 14:25:47.803 | INFO     | N/A | ⏳ 等待 Profile 更新任务...
2026-08-07 14:25:52.824 | INFO     | N/A | ⏳ 等待 Profile 更新任务...
2026-08-07 14:25:57.847 | INFO     | N/A | ⏳ 等待 Profile 更新任务...
2026-08-07 14:26:02.875 | INFO     | N/A | ⏳ 等待 Profile 更新任务...
2026-08-07 14:26:07.898 | INFO     | N/A | ⏳ 等待 Profile 更新任务...
2026-08-07 14:26:12.921 | INFO     | N/A | ⏳ 等待 Profile 更新任务...
2026-08-07 14:26:17.944 | INFO     | N/A | ⏳ 等待 Profile 更新任务...
2026-08-07 14:26:22.967 | INFO     | N/A | ⏳ 等待 Profile 更新任务...
2026-08-07 14:26:27.992 | INFO     | N/A | ⏳ 等待 Profile 更新任务...
2026-08-07 14:26:33.024 | INFO     | N/A | ⏳ 等待 Profile 更新任务...
2026-08-07 14:26:38.051 | INFO     | N/A | ⏳ 等待 Profile 更新任务...
2026-08-07 14:26:43.074 | INFO     | N/A | ⏳ 等待 Profile 更新任务...
2026-08-07 14:26:48.098 | INFO     | N/A | ⏳ 等待 Profile 更新任务...
2026-08-07 14:26:53.122 | INFO     | N/A | ⏳ 等待 Profile 更新任务...
2026-08-07 14:26:58.149 | INFO     | N/A | ⏳ 等待 Profile 更新任务...
2026-08-07 14:27:03.174 | INFO     | N/A | ⏳ 等待 Profile 更新任务...
2026-08-07 14:27:08.198 | INFO     | N/A | ⏳ 等待 Profile 更新任务...
2026-08-07 14:27:13.222 | INFO     | N/A | ⏳ 等待 Profile 更新任务...
2026-08-07 14:27:18.246 | INFO     | N/A | ⏳ 等待 Profile 更新任务...
2026-08-07 14:27:23.270 | INFO     | N/A | ⏳ 等待 Profile 更新任务...
2026-08-07 14:27:28.291 | INFO     | N/A | ⏳ 等待 Profile 更新任务...
2026-08-07 14:27:33.319 | INFO     | N/A | ⏳ 等待 Profile 更新任务...
2026-08-07 14:27:38.344 | INFO     | N/A | ⏳ 等待 Profile 更新任务...
2026-08-07 14:27:43.366 | INFO     | N/A | ⏳ 等待 Profile 更新任务...
2026-08-07 14:27:48.388 | INFO     | N/A | ⏳ 等待 Profile 更新任务...
2026-08-07 14:27:53.410 | INFO     | N/A | ⏳ 等待 Profile 更新任务...
2026-08-07 14:27:58.439 | INFO     | N/A | ⏳ 等待 Profile 更新任务...
2026-08-07 14:28:03.469 | INFO     | N/A | ⏳ 等待 Profile 更新任务...
2026-08-07 14:28:08.493 | INFO     | N/A | ⏳ 等待 Profile 更新任务...
2026-08-07 14:28:13.514 | INFO     | N/A | ⏳ 等待 Profile 更新任务...
2026-08-07 14:28:18.537 | INFO     | N/A | ⏳ 等待 Profile 更新任务...
2026-08-07 14:28:23.559 | INFO     | N/A | ⏳ 等待 Profile 更新任务...
2026-08-07 14:28:28.582 | INFO     | N/A | ⏳ 等待 Profile 更新任务...
2026-08-07 14:28:33.606 | INFO     | N/A | ⏳ 等待 Profile 更新任务...
2026-08-07 14:28:38.629 | INFO     | N/A | ⏳ 等待 Profile 更新任务...
2026-08-07 14:28:43.656 | INFO     | N/A | ⏳ 等待 Profile 更新任务...
2026-08-07 14:28:48.740 | INFO     | N/A | ⏳ 等待 Profile 更新任务...
2026-08-07 14:28:53.762 | INFO     | N/A | ⏳ 等待 Profile 更新任务...
2026-08-07 14:28:58.787 | INFO     | N/A | ⏳ 等待 Profile 更新任务...
2026-08-07 14:29:03.813 | INFO     | N/A | ⏳ 等待 Profile 更新任务...
2026-08-07 14:29:08.838 | INFO     | N/A | ⏳ 等待 Profile 更新任务...
2026-08-07 14:29:13.861 | INFO     | N/A | ⏳ 等待 Profile 更新任务...
2026-08-07 14:29:18.884 | INFO     | N/A | ⏳ 等待 Profile 更新任务...
2026-08-07 14:29:23.904 | INFO     | N/A | ⏳ 等待 Profile 更新任务...
2026-08-07 14:29:28.927 | INFO     | N/A | ⏳ 等待 Profile 更新任务...
2026-08-07 14:29:33.954 | INFO     | N/A | ⏳ 等待 Profile 更新任务...
2026-08-07 14:29:38.978 | INFO     | N/A | ⏳ 等待 Profile 更新任务...
2026-08-07 14:29:44.001 | INFO     | N/A | ⏳ 等待 Profile 更新任务...
2026-08-07 14:29:49.025 | INFO     | N/A | ⏳ 等待 Profile 更新任务...
2026-08-07 14:29:54.048 | INFO     | N/A | ⏳ 等待 Profile 更新任务...
2026-08-07 14:29:59.075 | INFO     | N/A | ⏳ 等待 Profile 更新任务...
2026-08-07 14:30:04.100 | INFO     | N/A | ⏳ 等待 Profile 更新任务...
2026-08-07 14:30:09.124 | INFO     | N/A | ⏳ 等待 Profile 更新任务...
2026-08-07 14:30:14.147 | INFO     | N/A | ⏳ 等待 Profile 更新任务...
2026-08-07 14:30:19.169 | INFO     | N/A | ⏳ 等待 Profile 更新任务...
2026-08-07 14:30:24.192 | INFO     | N/A | ⏳ 等待 Profile 更新任务...
2026-08-07 14:30:29.217 | INFO     | N/A | ⏳ 等待 Profile 更新任务...
2026-08-07 14:30:34.242 | INFO     | N/A | ⏳ 等待 Profile 更新任务...
2026-08-07 14:30:39.266 | INFO     | N/A | ⏳ 等待 Profile 更新任务...
2026-08-07 14:30:44.289 | INFO     | N/A | ⏳ 等待 Profile 更新任务...
2026-08-07 14:30:49.313 | INFO     | N/A | ⏳ 等待 Profile 更新任务...
2026-08-07 14:30:54.338 | INFO     | N/A | ⏳ 等待 Profile 更新任务...
2026-08-07 14:30:59.366 | INFO     | N/A | ⏳ 等待 Profile 更新任务...
2026-08-07 14:31:04.393 | INFO     | N/A | ⏳ 等待 Profile 更新任务...
2026-08-07 14:31:09.418 | INFO     | N/A | ⏳ 等待 Profile 更新任务...
2026-08-07 14:31:14.442 | INFO     | N/A | ⏳ 等待 Profile 更新任务...
2026-08-07 14:31:19.466 | INFO     | N/A | ⏳ 等待 Profile 更新任务...
2026-08-07 14:31:24.489 | INFO     | N/A | ⏳ 等待 Profile 更新任务...
2026-08-07 14:31:29.512 | INFO     | N/A | ⏳ 等待 Profile 更新任务...
2026-08-07 14:31:34.536 | INFO     | N/A | ⏳ 等待 Profile 更新任务...
2026-08-07 14:31:39.557 | INFO     | N/A | ⏳ 等待 Profile 更新任务...
2026-08-07 14:31:44.578 | INFO     | N/A | ⏳ 等待 Profile 更新任务...
2026-08-07 14:31:49.601 | INFO     | N/A | ⏳ 等待 Profile 更新任务...
2026-08-07 14:31:54.625 | INFO     | N/A | ⏳ 等待 Profile 更新任务...
2026-08-07 14:31:59.640 | INFO     | N/A | ⏳ 等待 Profile 更新任务...
2026-08-07 14:32:04.677 | INFO     | N/A | ⏳ 等待 Profile 更新任务...
2026-08-07 14:32:09.700 | INFO     | N/A | ⏳ 等待 Profile 更新任务...
2026-08-07 14:32:14.723 | INFO     | N/A | ⏳ 等待 Profile 更新任务...
2026-08-07 14:32:19.748 | INFO     | N/A | ⏳ 等待 Profile 更新任务...
2026-08-07 14:32:24.771 | INFO     | N/A | ⏳ 等待 Profile 更新任务...
2026-08-07 14:32:29.796 | INFO     | N/A | ⏳ 等待 Profile 更新任务...
2026-08-07 14:32:34.819 | INFO     | N/A | ⏳ 等待 Profile 更新任务...
2026-08-07 14:32:39.844 | INFO     | N/A | ⏳ 等待 Profile 更新任务...
2026-08-07 14:32:44.867 | INFO     | N/A | ⏳ 等待 Profile 更新任务...
2026-08-07 14:32:49.889 | INFO     | N/A | ⏳ 等待 Profile 更新任务...
2026-08-07 14:32:54.910 | INFO     | N/A | ⏳ 等待 Profile 更新任务...
2026-08-07 14:32:59.933 | INFO     | N/A | ⏳ 等待 Profile 更新任务...
2026-08-07 14:33:04.959 | INFO     | N/A | ⏳ 等待 Profile 更新任务...
2026-08-07 14:33:09.982 | INFO     | N/A | ⏳ 等待 Profile 更新任务...
2026-08-07 14:33:15.004 | INFO     | N/A | ⏳ 等待 Profile 更新任务...
2026-08-07 14:33:20.026 | INFO     | N/A | ⏳ 等待 Profile 更新任务...
2026-08-07 14:33:25.049 | INFO     | N/A | ⏳ 等待 Profile 更新任务...
2026-08-07 14:33:30.075 | INFO     | N/A | ⏳ 等待 Profile 更新任务...
2026-08-07 14:33:35.098 | INFO     | N/A | ⏳ 等待 Profile 更新任务...
2026-08-07 14:33:40.120 | INFO     | N/A | ⏳ 等待 Profile 更新任务...
2026-08-07 14:33:45.142 | INFO     | N/A | ⏳ 等待 Profile 更新任务...
2026-08-07 14:33:50.164 | INFO     | N/A | ⏳ 等待 Profile 更新任务...
2026-08-07 14:33:55.186 | INFO     | N/A | ⏳ 等待 Profile 更新任务...
2026-08-07 14:34:00.215 | INFO     | N/A | ⏳ 等待 Profile 更新任务...
2026-08-07 14:34:05.239 | INFO     | N/A | ⏳ 等待 Profile 更新任务...
2026-08-07 14:34:10.263 | INFO     | N/A | ⏳ 等待 Profile 更新任务...
2026-08-07 14:34:15.285 | INFO     | N/A | ⏳ 等待 Profile 更新任务...
2026-08-07 14:34:20.308 | INFO     | N/A | ⏳ 等待 Profile 更新任务...
2026-08-07 14:34:25.322 | INFO     | N/A | ⏳ 等待 Profile 更新任务...
2026-08-07 14:34:30.353 | INFO     | N/A | ⏳ 等待 Profile 更新任务...
2026-08-07 14:34:35.377 | INFO     | N/A | ⏳ 等待 Profile 更新任务...
2026-08-07 14:34:40.398 | INFO     | N/A | ⏳ 等待 Profile 更新任务...
2026-08-07 14:34:45.422 | INFO     | N/A | ⏳ 等待 Profile 更新任务...
2026-08-07 14:34:50.444 | INFO     | N/A | ⏳ 等待 Profile 更新任务...
2026-08-07 14:34:55.466 | INFO     | N/A | ⏳ 等待 Profile 更新任务...
2026-08-07 14:35:00.489 | INFO     | N/A | ⏳ 等待 Profile 更新任务...
2026-08-07 14:35:05.512 | INFO     | N/A | ⏳ 等待 Profile 更新任务...
2026-08-07 14:35:10.534 | INFO     | N/A | ⏳ 等待 Profile 更新任务...
2026-08-07 14:35:15.557 | INFO     | N/A | ⏳ 等待 Profile 更新任务...
2026-08-07 14:35:20.579 | INFO     | N/A | ⏳ 等待 Profile 更新任务...
2026-08-07 14:35:25.603 | INFO     | N/A | ⏳ 等待 Profile 更新任务...
2026-08-07 14:35:30.629 | INFO     | N/A | ⏳ 等待 Profile 更新任务...
2026-08-07 14:35:35.651 | INFO     | N/A | ⏳ 等待 Profile 更新任务...
2026-08-07 14:35:40.674 | INFO     | N/A | ⏳ 等待 Profile 更新任务...
2026-08-07 14:35:45.699 | INFO     | N/A | ⏳ 等待 Profile 更新任务...
2026-08-07 14:35:50.719 | INFO     | N/A | ⏳ 等待 Profile 更新任务...
2026-08-07 14:35:55.744 | INFO     | N/A | ⏳ 等待 Profile 更新任务...
2026-08-07 14:36:00.772 | INFO     | N/A | ⏳ 等待 Profile 更新任务...
2026-08-07 14:36:05.795 | INFO     | N/A | ⏳ 等待 Profile 更新任务...
2026-08-07 14:36:10.817 | INFO     | N/A | ⏳ 等待 Profile 更新任务...
2026-08-07 14:36:15.839 | INFO     | N/A | ⏳ 等待 Profile 更新任务...
2026-08-07 14:36:20.862 | INFO     | N/A | ⏳ 等待 Profile 更新任务...
2026-08-07 14:36:25.883 | INFO     | N/A | ⏳ 等待 Profile 更新任务...
2026-08-07 14:36:30.907 | INFO     | N/A | ⏳ 等待 Profile 更新任务...
2026-08-07 14:36:35.929 | INFO     | N/A | ⏳ 等待 Profile 更新任务...
2026-08-07 14:36:40.951 | INFO     | N/A | ⏳ 等待 Profile 更新任务...
2026-08-07 14:36:45.971 | INFO     | N/A | ⏳ 等待 Profile 更新任务...
2026-08-07 14:36:50.994 | INFO     | N/A | ⏳ 等待 Profile 更新任务...
2026-08-07 14:36:56.016 | INFO     | N/A | ⏳ 等待 Profile 更新任务...
2026-08-07 14:37:01.044 | INFO     | N/A | ⏳ 等待 Profile 更新任务...
2026-08-07 14:37:06.068 | INFO     | N/A | ⏳ 等待 Profile 更新任务...
2026-08-07 14:37:11.090 | INFO     | N/A | ⏳ 等待 Profile 更新任务...
2026-08-07 14:37:16.112 | INFO     | N/A | ⏳ 等待 Profile 更新任务...
2026-08-07 14:37:21.134 | INFO     | N/A | ⏳ 等待 Profile 更新任务...
2026-08-07 14:37:26.155 | INFO     | N/A | ⏳ 等待 Profile 更新任务...
2026-08-07 14:37:31.181 | INFO     | N/A | ⏳ 等待 Profile 更新任务...
2026-08-07 14:37:36.202 | INFO     | N/A | ⏳ 等待 Profile 更新任务...
2026-08-07 14:37:41.223 | INFO     | N/A | ⏳ 等待 Profile 更新任务...
2026-08-07 14:37:46.245 | INFO     | N/A | ⏳ 等待 Profile 更新任务...
2026-08-07 14:37:51.267 | INFO     | N/A | ⏳ 等待 Profile 更新任务...
2026-08-07 14:37:56.289 | INFO     | N/A | ⏳ 等待 Profile 更新任务...
2026-08-07 14:38:01.319 | INFO     | N/A | ⏳ 等待 Profile 更新任务...
2026-08-07 14:38:06.346 | INFO     | N/A | ⏳ 等待 Profile 更新任务...
2026-08-07 14:38:11.367 | INFO     | N/A | ⏳ 等待 Profile 更新任务...
2026-08-07 14:38:16.391 | INFO     | N/A | ⏳ 等待 Profile 更新任务...
2026-08-07 14:38:21.415 | INFO     | N/A | ⏳ 等待 Profile 更新任务...
2026-08-07 14:38:26.438 | INFO     | N/A | ⏳ 等待 Profile 更新任务...
2026-08-07 14:38:31.466 | INFO     | N/A | ⏳ 等待 Profile 更新任务...
2026-08-07 14:38:36.489 | INFO     | N/A | ⏳ 等待 Profile 更新任务...
2026-08-07 14:38:41.511 | INFO     | N/A | ⏳ 等待 Profile 更新任务...
2026-08-07 14:38:46.534 | INFO     | N/A | ⏳ 等待 Profile 更新任务...
2026-08-07 14:38:51.556 | INFO     | N/A | ⏳ 等待 Profile 更新任务...
2026-08-07 14:38:56.578 | INFO     | N/A | ⏳ 等待 Profile 更新任务...
2026-08-07 14:39:01.612 | INFO     | N/A | ⏳ 等待 Profile 更新任务...
2026-08-07 14:39:06.634 | INFO     | N/A | ⏳ 等待 Profile 更新任务...
2026-08-07 14:39:11.655 | INFO     | N/A | ⏳ 等待 Profile 更新任务...
2026-08-07 14:39:16.678 | INFO     | N/A | ⏳ 等待 Profile 更新任务...
2026-08-07 14:39:21.699 | INFO     | N/A | ⏳ 等待 Profile 更新任务...
2026-08-07 14:39:26.721 | INFO     | N/A | ⏳ 等待 Profile 更新任务...
2026-08-07 14:39:31.744 | INFO     | N/A | ⏳ 等待 Profile 更新任务...
2026-08-07 14:39:36.766 | INFO     | N/A | ⏳ 等待 Profile 更新任务...
2026-08-07 14:39:41.789 | INFO     | N/A | ⏳ 等待 Profile 更新任务...
2026-08-07 14:39:46.814 | INFO     | N/A | ⏳ 等待 Profile 更新任务...
2026-08-07 14:39:51.837 | INFO     | N/A | ⏳ 等待 Profile 更新任务...
2026-08-07 14:39:56.863 | INFO     | N/A | ⏳ 等待 Profile 更新任务...
2026-08-07 14:40:01.891 | INFO     | N/A | ⏳ 等待 Profile 更新任务...
2026-08-07 14:40:06.915 | INFO     | N/A | ⏳ 等待 Profile 更新任务...
2026-08-07 14:40:11.939 | INFO     | N/A | ⏳ 等待 Profile 更新任务...
2026-08-07 14:40:16.964 | INFO     | N/A | ⏳ 等待 Profile 更新任务...
2026-08-07 14:40:21.990 | INFO     | N/A | ⏳ 等待 Profile 更新任务...
2026-08-07 14:40:27.014 | INFO     | N/A | ⏳ 等待 Profile 更新任务...
2026-08-07 14:40:32.038 | INFO     | N/A | ⏳ 等待 Profile 更新任务...
2026-08-07 14:40:37.063 | INFO     | N/A | ⏳ 等待 Profile 更新任务...
2026-08-07 14:40:42.091 | INFO     | N/A | ⏳ 等待 Profile 更新任务...
2026-08-07 14:40:47.114 | INFO     | N/A | ⏳ 等待 Profile 更新任务...
2026-08-07 14:40:52.138 | INFO     | N/A | ⏳ 等待 Profile 更新任务...
2026-08-07 14:40:57.164 | INFO     | N/A | ⏳ 等待 Profile 更新任务...
2026-08-07 14:41:02.195 | INFO     | N/A | ⏳ 等待 Profile 更新任务...
2026-08-07 14:41:07.220 | INFO     | N/A | ⏳ 等待 Profile 更新任务...
2026-08-07 14:41:12.242 | INFO     | N/A | ⏳ 等待 Profile 更新任务...
2026-08-07 14:41:17.265 | INFO     | N/A | ⏳ 等待 Profile 更新任务...
2026-08-07 14:41:22.287 | INFO     | N/A | ⏳ 等待 Profile 更新任务...
2026-08-07 14:41:27.310 | INFO     | N/A | ⏳ 等待 Profile 更新任务...
2026-08-07 14:41:32.335 | INFO     | N/A | ⏳ 等待 Profile 更新任务...
2026-08-07 14:41:37.359 | INFO     | N/A | ⏳ 等待 Profile 更新任务...
2026-08-07 14:41:42.382 | INFO     | N/A | ⏳ 等待 Profile 更新任务...
2026-08-07 14:41:47.404 | INFO     | N/A | ⏳ 等待 Profile 更新任务...
2026-08-07 14:41:52.428 | INFO     | N/A | ⏳ 等待 Profile 更新任务...
2026-08-07 14:41:57.452 | INFO     | N/A | ⏳ 等待 Profile 更新任务...
2026-08-07 14:42:02.476 | INFO     | N/A | ⏳ 等待 Profile 更新任务...
2026-08-07 14:42:07.502 | INFO     | N/A | ⏳ 等待 Profile 更新任务...
2026-08-07 14:42:12.522 | INFO     | N/A | ⏳ 等待 Profile 更新任务...
2026-08-07 14:42:17.545 | INFO     | N/A | ⏳ 等待 Profile 更新任务...
2026-08-07 14:42:22.567 | INFO     | N/A | ⏳ 等待 Profile 更新任务...
2026-08-07 14:42:27.593 | INFO     | N/A | ⏳ 等待 Profile 更新任务...
2026-08-07 14:42:32.619 | INFO     | N/A | ⏳ 等待 Profile 更新任务...
2026-08-07 14:42:37.644 | INFO     | N/A | ⏳ 等待 Profile 更新任务...
2026-08-07 14:42:42.666 | INFO     | N/A | ⏳ 等待 Profile 更新任务...
2026-08-07 14:42:47.687 | INFO     | N/A | ⏳ 等待 Profile 更新任务...
2026-08-07 14:42:52.709 | INFO     | N/A | ⏳ 等待 Profile 更新任务...
2026-08-07 14:42:57.732 | INFO     | N/A | ⏳ 等待 Profile 更新任务...
2026-08-07 14:43:02.758 | INFO     | N/A | ⏳ 等待 Profile 更新任务...
2026-08-07 14:43:07.790 | INFO     | N/A | ⏳ 等待 Profile 更新任务...
2026-08-07 14:43:12.814 | INFO     | N/A | ⏳ 等待 Profile 更新任务...
2026-08-07 14:43:17.837 | INFO     | N/A | ⏳ 等待 Profile 更新任务...
2026-08-07 14:43:22.859 | INFO     | N/A | ⏳ 等待 Profile 更新任务...
2026-08-07 14:43:27.882 | INFO     | N/A | ⏳ 等待 Profile 更新任务...
2026-08-07 14:43:32.906 | INFO     | N/A | ⏳ 等待 Profile 更新任务...
2026-08-07 14:43:37.929 | INFO     | N/A | ⏳ 等待 Profile 更新任务...
2026-08-07 14:43:42.952 | INFO     | N/A | ⏳ 等待 Profile 更新任务...
2026-08-07 14:43:47.984 | INFO     | N/A | ⏳ 等待 Profile 更新任务...
2026-08-07 14:43:53.004 | INFO     | N/A | ⏳ 等待 Profile 更新任务...
2026-08-07 14:43:58.028 | INFO     | N/A | ⏳ 等待 Profile 更新任务...
2026-08-07 14:44:03.051 | INFO     | N/A | ⏳ 等待 Profile 更新任务...
2026-08-07 14:44:08.074 | INFO     | N/A | ⏳ 等待 Profile 更新任务...
2026-08-07 14:44:13.101 | INFO     | N/A | ⏳ 等待 Profile 更新任务...
2026-08-07 14:44:18.124 | INFO     | N/A | ⏳ 等待 Profile 更新任务...
2026-08-07 14:44:23.147 | INFO     | N/A | ⏳ 等待 Profile 更新任务...
2026-08-07 14:44:28.170 | INFO     | N/A | ⏳ 等待 Profile 更新任务...
2026-08-07 14:44:33.198 | INFO     | N/A | ⏳ 等待 Profile 更新任务...
2026-08-07 14:44:38.220 | INFO     | N/A | ⏳ 等待 Profile 更新任务...
2026-08-07 14:44:43.240 | INFO     | N/A | ⏳ 等待 Profile 更新任务...
2026-08-07 14:44:48.262 | INFO     | N/A | ⏳ 等待 Profile 更新任务...
2026-08-07 14:44:53.283 | INFO     | N/A | ⏳ 等待 Profile 更新任务...
2026-08-07 14:44:58.304 | INFO     | N/A | ⏳ 等待 Profile 更新任务...
2026-08-07 14:45:03.330 | INFO     | N/A | ⏳ 等待 Profile 更新任务...
2026-08-07 14:45:08.355 | INFO     | N/A | ⏳ 等待 Profile 更新任务...
2026-08-07 14:45:13.380 | INFO     | N/A | ⏳ 等待 Profile 更新任务...
2026-08-07 14:45:18.403 | INFO     | N/A | ⏳ 等待 Profile 更新任务...
2026-08-07 14:45:23.426 | INFO     | N/A | ⏳ 等待 Profile 更新任务...
2026-08-07 14:45:28.449 | INFO     | N/A | ⏳ 等待 Profile 更新任务...
2026-08-07 14:45:33.474 | INFO     | N/A | ⏳ 等待 Profile 更新任务...
2026-08-07 14:45:38.498 | INFO     | N/A | ⏳ 等待 Profile 更新任务...
2026-08-07 14:45:43.521 | INFO     | N/A | ⏳ 等待 Profile 更新任务...
2026-08-07 14:45:48.546 | INFO     | N/A | ⏳ 等待 Profile 更新任务...
2026-08-07 14:45:53.570 | INFO     | N/A | ⏳ 等待 Profile 更新任务...
2026-08-07 14:45:58.595 | INFO     | N/A | ⏳ 等待 Profile 更新任务...
2026-08-07 14:46:03.619 | INFO     | N/A | ⏳ 等待 Profile 更新任务...
2026-08-07 14:46:08.644 | INFO     | N/A | ⏳ 等待 Profile 更新任务...
2026-08-07 14:46:13.672 | INFO     | N/A | ⏳ 等待 Profile 更新任务...
2026-08-07 14:46:18.696 | INFO     | N/A | ⏳ 等待 Profile 更新任务...
2026-08-07 14:46:23.720 | INFO     | N/A | ⏳ 等待 Profile 更新任务...
2026-08-07 14:46:28.743 | INFO     | N/A | ⏳ 等待 Profile 更新任务...
2026-08-07 14:46:33.770 | INFO     | N/A | ⏳ 等待 Profile 更新任务...
2026-08-07 14:46:38.796 | INFO     | N/A | ⏳ 等待 Profile 更新任务...
2026-08-07 14:46:43.821 | INFO     | N/A | ⏳ 等待 Profile 更新任务...
2026-08-07 14:46:48.844 | INFO     | N/A | ⏳ 等待 Profile 更新任务...
2026-08-07 14:46:53.868 | INFO     | N/A | ⏳ 等待 Profile 更新任务...
2026-08-07 14:46:58.894 | INFO     | N/A | ⏳ 等待 Profile 更新任务...
2026-08-07 14:47:03.921 | INFO     | N/A | ⏳ 等待 Profile 更新任务...
2026-08-07 14:47:08.944 | INFO     | N/A | ⏳ 等待 Profile 更新任务...
2026-08-07 14:47:13.972 | INFO     | N/A | ⏳ 等待 Profile 更新任务...
2026-08-07 14:47:18.998 | INFO     | N/A | ⏳ 等待 Profile 更新任务...
2026-08-07 14:47:24.022 | INFO     | N/A | ⏳ 等待 Profile 更新任务...
2026-08-07 14:47:29.046 | INFO     | N/A | ⏳ 等待 Profile 更新任务...
2026-08-07 14:47:34.071 | INFO     | N/A | ⏳ 等待 Profile 更新任务...
2026-08-07 14:47:39.093 | INFO     | N/A | ⏳ 等待 Profile 更新任务...
2026-08-07 14:47:44.117 | INFO     | N/A | ⏳ 等待 Profile 更新任务...
2026-08-07 14:47:49.139 | INFO     | N/A | ⏳ 等待 Profile 更新任务...
2026-08-07 14:47:54.161 | INFO     | N/A | ⏳ 等待 Profile 更新任务...
2026-08-07 14:47:59.187 | INFO     | N/A | ⏳ 等待 Profile 更新任务...
2026-08-07 14:48:04.214 | INFO     | N/A | ⏳ 等待 Profile 更新任务...
2026-08-07 14:48:09.241 | INFO     | N/A | ⏳ 等待 Profile 更新任务...
2026-08-07 14:48:14.269 | INFO     | N/A | ⏳ 等待 Profile 更新任务...
2026-08-07 14:48:19.294 | INFO     | N/A | ⏳ 等待 Profile 更新任务...
2026-08-07 14:48:24.318 | INFO     | N/A | ⏳ 等待 Profile 更新任务...
2026-08-07 14:48:29.342 | INFO     | N/A | ⏳ 等待 Profile 更新任务...
2026-08-07 14:48:34.368 | INFO     | N/A | ⏳ 等待 Profile 更新任务...
2026-08-07 14:48:39.392 | INFO     | N/A | ⏳ 等待 Profile 更新任务...
2026-08-07 14:48:44.414 | INFO     | N/A | ⏳ 等待 Profile 更新任务...
2026-08-07 14:48:49.438 | INFO     | N/A | ⏳ 等待 Profile 更新任务...
2026-08-07 14:48:54.464 | INFO     | N/A | ⏳ 等待 Profile 更新任务...
2026-08-07 14:48:59.489 | INFO     | N/A | ⏳ 等待 Profile 更新任务...
2026-08-07 14:49:04.516 | INFO     | N/A | ⏳ 等待 Profile 更新任务...
2026-08-07 14:49:09.542 | INFO     | N/A | ⏳ 等待 Profile 更新任务...
2026-08-07 14:49:14.571 | INFO     | N/A | ⏳ 等待 Profile 更新任务...
2026-08-07 14:49:19.595 | INFO     | N/A | ⏳ 等待 Profile 更新任务...
2026-08-07 14:49:24.618 | INFO     | N/A | ⏳ 等待 Profile 更新任务...
2026-08-07 14:49:29.641 | INFO     | N/A | ⏳ 等待 Profile 更新任务...
2026-08-07 14:49:34.670 | INFO     | N/A | ⏳ 等待 Profile 更新任务...
2026-08-07 14:49:39.694 | INFO     | N/A | ⏳ 等待 Profile 更新任务...
2026-08-07 14:49:44.716 | INFO     | N/A | ⏳ 等待 Profile 更新任务...
2026-08-07 14:49:49.741 | INFO     | N/A | ⏳ 等待 Profile 更新任务...
2026-08-07 14:49:54.765 | INFO     | N/A | ⏳ 等待 Profile 更新任务...
2026-08-07 14:49:59.791 | INFO     | N/A | ⏳ 等待 Profile 更新任务...
2026-08-07 14:50:04.817 | INFO     | N/A | ⏳ 等待 Profile 更新任务...
2026-08-07 14:50:09.845 | INFO     | N/A | ⏳ 等待 Profile 更新任务...
2026-08-07 14:50:14.869 | INFO     | N/A | ⏳ 等待 Profile 更新任务...
2026-08-07 14:50:19.895 | INFO     | N/A | ⏳ 等待 Profile 更新任务...
2026-08-07 14:50:24.917 | INFO     | N/A | ⏳ 等待 Profile 更新任务...
2026-08-07 14:50:29.944 | INFO     | N/A | ⏳ 等待 Profile 更新任务...
2026-08-07 14:50:34.969 | INFO     | N/A | ⏳ 等待 Profile 更新任务...
2026-08-07 14:50:39.994 | INFO     | N/A | ⏳ 等待 Profile 更新任务...
2026-08-07 14:50:45.016 | INFO     | N/A | ⏳ 等待 Profile 更新任务...
2026-08-07 14:50:50.039 | INFO     | N/A | ⏳ 等待 Profile 更新任务...
2026-08-07 14:50:55.065 | INFO     | N/A | ⏳ 等待 Profile 更新任务...
2026-08-07 14:51:00.090 | INFO     | N/A | ⏳ 等待 Profile 更新任务...
2026-08-07 14:51:05.116 | INFO     | N/A | ⏳ 等待 Profile 更新任务...
2026-08-07 14:51:10.142 | INFO     | N/A | ⏳ 等待 Profile 更新任务...
2026-08-07 14:51:15.166 | INFO     | N/A | ⏳ 等待 Profile 更新任务...
2026-08-07 14:51:20.189 | INFO     | N/A | ⏳ 等待 Profile 更新任务...
2026-08-07 14:51:25.216 | INFO     | N/A | ⏳ 等待 Profile 更新任务...
2026-08-07 14:51:30.242 | INFO     | N/A | ⏳ 等待 Profile 更新任务...
2026-08-07 14:51:35.270 | INFO     | N/A | ⏳ 等待 Profile 更新任务...
2026-08-07 14:51:40.294 | INFO     | N/A | ⏳ 等待 Profile 更新任务...
2026-08-07 14:51:45.318 | INFO     | N/A | ⏳ 等待 Profile 更新任务...
2026-08-07 14:51:50.343 | INFO     | N/A | ⏳ 等待 Profile 更新任务...
2026-08-07 14:51:55.367 | INFO     | N/A | ⏳ 等待 Profile 更新任务...
2026-08-07 14:52:00.390 | INFO     | N/A | ⏳ 等待 Profile 更新任务...
2026-08-07 14:52:05.417 | INFO     | N/A | ⏳ 等待 Profile 更新任务...
2026-08-07 14:52:10.441 | INFO     | N/A | ⏳ 等待 Profile 更新任务...
2026-08-07 14:52:15.467 | INFO     | N/A | ⏳ 等待 Profile 更新任务...
2026-08-07 14:52:20.491 | INFO     | N/A | ⏳ 等待 Profile 更新任务...
2026-08-07 14:52:25.513 | INFO     | N/A | ⏳ 等待 Profile 更新任务...
2026-08-07 14:52:30.534 | INFO     | N/A | ⏳ 等待 Profile 更新任务...
2026-08-07 14:52:35.562 | INFO     | N/A | ⏳ 等待 Profile 更新任务...
2026-08-07 14:52:40.584 | INFO     | N/A | ⏳ 等待 Profile 更新任务...
2026-08-07 14:52:45.608 | INFO     | N/A | ⏳ 等待 Profile 更新任务...
2026-08-07 14:52:50.631 | INFO     | N/A | ⏳ 等待 Profile 更新任务...
2026-08-07 14:52:55.656 | INFO     | N/A | ⏳ 等待 Profile 更新任务...
2026-08-07 14:53:00.681 | INFO     | N/A | ⏳ 等待 Profile 更新任务...
2026-08-07 14:53:05.705 | INFO     | N/A | ⏳ 等待 Profile 更新任务...
2026-08-07 14:53:10.729 | INFO     | N/A | ⏳ 等待 Profile 更新任务...
2026-08-07 14:53:15.762 | INFO     | N/A | ⏳ 等待 Profile 更新任务...
2026-08-07 14:53:20.785 | INFO     | N/A | ⏳ 等待 Profile 更新任务...
2026-08-07 14:53:25.808 | INFO     | N/A | ⏳ 等待 Profile 更新任务...
2026-08-07 14:53:30.830 | INFO     | N/A | ⏳ 等待 Profile 更新任务...
2026-08-07 14:53:35.854 | INFO     | N/A | ⏳ 等待 Profile 更新任务...
2026-08-07 14:53:40.876 | INFO     | N/A | ⏳ 等待 Profile 更新任务...
2026-08-07 14:53:45.899 | INFO     | N/A | ⏳ 等待 Profile 更新任务...
2026-08-07 14:53:50.922 | INFO     | N/A | ⏳ 等待 Profile 更新任务...
2026-08-07 14:53:55.945 | INFO     | N/A | ⏳ 等待 Profile 更新任务...
2026-08-07 14:54:00.969 | INFO     | N/A | ⏳ 等待 Profile 更新任务...
2026-08-07 14:54:05.995 | INFO     | N/A | ⏳ 等待 Profile 更新任务...
2026-08-07 14:54:11.019 | INFO     | N/A | ⏳ 等待 Profile 更新任务...
2026-08-07 14:54:16.044 | INFO     | N/A | ⏳ 等待 Profile 更新任务...
2026-08-07 14:54:21.068 | INFO     | N/A | ⏳ 等待 Profile 更新任务...
2026-08-07 14:54:26.094 | INFO     | N/A | ⏳ 等待 Profile 更新任务...
2026-08-07 14:54:31.116 | INFO     | N/A | ⏳ 等待 Profile 更新任务...
2026-08-07 14:54:36.142 | INFO     | N/A | ⏳ 等待 Profile 更新任务...
2026-08-07 14:54:41.163 | INFO     | N/A | ⏳ 等待 Profile 更新任务...
2026-08-07 14:54:46.187 | INFO     | N/A | ⏳ 等待 Profile 更新任务...
2026-08-07 14:54:51.211 | INFO     | N/A | ⏳ 等待 Profile 更新任务...
2026-08-07 14:54:56.234 | INFO     | N/A | ⏳ 等待 Profile 更新任务...
2026-08-07 14:55:01.254 | INFO     | N/A | ⏳ 等待 Profile 更新任务...
2026-08-07 14:55:06.277 | INFO     | N/A | ⏳ 等待 Profile 更新任务...
2026-08-07 14:55:11.302 | INFO     | N/A | ⏳ 等待 Profile 更新任务...
2026-08-07 14:55:16.329 | INFO     | N/A | ⏳ 等待 Profile 更新任务...
2026-08-07 14:55:21.350 | INFO     | N/A | ⏳ 等待 Profile 更新任务...
2026-08-07 14:55:26.373 | INFO     | N/A | ⏳ 等待 Profile 更新任务...
2026-08-07 14:55:31.394 | INFO     | N/A | ⏳ 等待 Profile 更新任务...
2026-08-07 14:55:36.421 | INFO     | N/A | ⏳ 等待 Profile 更新任务...
2026-08-07 14:55:41.443 | INFO     | N/A | ⏳ 等待 Profile 更新任务...
2026-08-07 14:55:46.465 | INFO     | N/A | ⏳ 等待 Profile 更新任务...
2026-08-07 14:55:51.486 | INFO     | N/A | ⏳ 等待 Profile 更新任务...
2026-08-07 14:55:56.512 | INFO     | N/A | ⏳ 等待 Profile 更新任务...
2026-08-07 14:56:01.533 | INFO     | N/A | ⏳ 等待 Profile 更新任务...
2026-08-07 14:56:06.558 | INFO     | N/A | ⏳ 等待 Profile 更新任务...
2026-08-07 14:56:11.581 | INFO     | N/A | ⏳ 等待 Profile 更新任务...
2026-08-07 14:56:16.609 | INFO     | N/A | ⏳ 等待 Profile 更新任务...
2026-08-07 14:56:21.629 | INFO     | N/A | ⏳ 等待 Profile 更新任务...
2026-08-07 14:56:26.653 | INFO     | N/A | ⏳ 等待 Profile 更新任务...
2026-08-07 14:56:31.673 | INFO     | N/A | ⏳ 等待 Profile 更新任务...
2026-08-07 14:56:36.698 | INFO     | N/A | ⏳ 等待 Profile 更新任务...
2026-08-07 14:56:41.722 | INFO     | N/A | ⏳ 等待 Profile 更新任务...
2026-08-07 14:56:46.747 | INFO     | N/A | ⏳ 等待 Profile 更新任务...
2026-08-07 14:56:51.770 | INFO     | N/A | ⏳ 等待 Profile 更新任务...
2026-08-07 14:56:56.794 | INFO     | N/A | ⏳ 等待 Profile 更新任务...
2026-08-07 14:57:01.817 | INFO     | N/A | ⏳ 等待 Profile 更新任务...
2026-08-07 14:57:06.842 | INFO     | N/A | ⏳ 等待 Profile 更新任务...
2026-08-07 14:57:11.870 | INFO     | N/A | ⏳ 等待 Profile 更新任务...
2026-08-07 14:57:16.898 | INFO     | N/A | ⏳ 等待 Profile 更新任务...
2026-08-07 14:57:21.921 | INFO     | N/A | ⏳ 等待 Profile 更新任务...
2026-08-07 14:57:26.944 | INFO     | N/A | ⏳ 等待 Profile 更新任务...
2026-08-07 14:57:31.967 | INFO     | N/A | ⏳ 等待 Profile 更新任务...
2026-08-07 14:57:36.993 | INFO     | N/A | ⏳ 等待 Profile 更新任务...
2026-08-07 14:57:42.015 | INFO     | N/A | ⏳ 等待 Profile 更新任务...
2026-08-07 14:57:47.039 | INFO     | N/A | ⏳ 等待 Profile 更新任务...
2026-08-07 14:57:52.064 | INFO     | N/A | ⏳ 等待 Profile 更新任务...
2026-08-07 14:57:57.087 | INFO     | N/A | ⏳ 等待 Profile 更新任务...
2026-08-07 14:58:02.110 | INFO     | N/A | ⏳ 等待 Profile 更新任务...
2026-08-07 14:58:07.137 | INFO     | N/A | ⏳ 等待 Profile 更新任务...
2026-08-07 14:58:12.162 | INFO     | N/A | ⏳ 等待 Profile 更新任务...
2026-08-07 14:58:17.191 | INFO     | N/A | ⏳ 等待 Profile 更新任务...
2026-08-07 14:58:22.218 | INFO     | N/A | ⏳ 等待 Profile 更新任务...
2026-08-07 14:58:27.241 | INFO     | N/A | ⏳ 等待 Profile 更新任务...
2026-08-07 14:58:32.265 | INFO     | N/A | ⏳ 等待 Profile 更新任务...
2026-08-07 14:58:37.291 | INFO     | N/A | ⏳ 等待 Profile 更新任务...
2026-08-07 14:58:42.315 | INFO     | N/A | ⏳ 等待 Profile 更新任务...
2026-08-07 14:58:47.369 | INFO     | N/A | ⏳ 等待 Profile 更新任务...
2026-08-07 14:58:52.395 | INFO     | N/A | ⏳ 等待 Profile 更新任务...
2026-08-07 14:58:57.420 | INFO     | N/A | ⏳ 等待 Profile 更新任务...
2026-08-07 14:59:02.442 | INFO     | N/A | ⏳ 等待 Profile 更新任务...
2026-08-07 14:59:07.471 | INFO     | N/A | ⏳ 等待 Profile 更新任务...
2026-08-07 14:59:12.495 | INFO     | N/A | ⏳ 等待 Profile 更新任务...
2026-08-07 14:59:17.520 | INFO     | N/A | ⏳ 等待 Profile 更新任务...
2026-08-07 14:59:22.550 | INFO     | N/A | ⏳ 等待 Profile 更新任务...
2026-08-07 14:59:27.575 | INFO     | N/A | ⏳ 等待 Profile 更新任务...
2026-08-07 14:59:32.599 | INFO     | N/A | ⏳ 等待 Profile 更新任务...
2026-08-07 14:59:37.623 | INFO     | N/A | ⏳ 等待 Profile 更新任务...
2026-08-07 14:59:42.646 | INFO     | N/A | ⏳ 等待 Profile 更新任务...
2026-08-07 14:59:47.670 | INFO     | N/A | ⏳ 等待 Profile 更新任务...
2026-08-07 14:59:52.694 | INFO     | N/A | ⏳ 等待 Profile 更新任务...
2026-08-07 14:59:57.719 | INFO     | N/A | ⏳ 等待 Profile 更新任务...
2026-08-07 15:00:02.746 | INFO     | N/A | ⏳ 等待 Profile 更新任务...
2026-08-07 15:00:07.771 | INFO     | N/A | ⏳ 等待 Profile 更新任务...
2026-08-07 15:00:12.794 | INFO     | N/A | ⏳ 等待 Profile 更新任务...
2026-08-07 15:00:17.825 | INFO     | N/A | ⏳ 等待 Profile 更新任务...
2026-08-07 15:00:22.852 | INFO     | N/A | ⏳ 等待 Profile 更新任务...
2026-08-07 15:00:27.875 | INFO     | N/A | ⏳ 等待 Profile 更新任务...
2026-08-07 15:00:32.899 | INFO     | N/A | ⏳ 等待 Profile 更新任务...
2026-08-07 15:00:37.922 | INFO     | N/A | ⏳ 等待 Profile 更新任务...
2026-08-07 15:00:42.946 | INFO     | N/A | ⏳ 等待 Profile 更新任务...
2026-08-07 15:00:47.970 | INFO     | N/A | ⏳ 等待 Profile 更新任务...
2026-08-07 15:00:52.995 | INFO     | N/A | ⏳ 等待 Profile 更新任务...
2026-08-07 15:00:58.019 | INFO     | N/A | ⏳ 等待 Profile 更新任务...
2026-08-07 15:01:03.049 | INFO     | N/A | ⏳ 等待 Profile 更新任务...
2026-08-07 15:01:08.078 | INFO     | N/A | ⏳ 等待 Profile 更新任务...
2026-08-07 15:01:13.102 | INFO     | N/A | ⏳ 等待 Profile 更新任务...
2026-08-07 15:01:18.129 | INFO     | N/A | ⏳ 等待 Profile 更新任务...
2026-08-07 15:01:23.154 | INFO     | N/A | ⏳ 等待 Profile 更新任务...
2026-08-07 15:01:28.179 | INFO     | N/A | ⏳ 等待 Profile 更新任务...
2026-08-07 15:01:33.202 | INFO     | N/A | ⏳ 等待 Profile 更新任务...
2026-08-07 15:01:38.232 | INFO     | N/A | ⏳ 等待 Profile 更新任务...
2026-08-07 15:01:43.254 | INFO     | N/A | ⏳ 等待 Profile 更新任务...
2026-08-07 15:01:48.282 | INFO     | N/A | ⏳ 等待 Profile 更新任务...
2026-08-07 15:01:53.306 | INFO     | N/A | ⏳ 等待 Profile 更新任务...
2026-08-07 15:01:58.331 | INFO     | N/A | ⏳ 等待 Profile 更新任务...
2026-08-07 15:02:03.355 | INFO     | N/A | ⏳ 等待 Profile 更新任务...
2026-08-07 15:02:08.381 | INFO     | N/A | ⏳ 等待 Profile 更新任务...
2026-08-07 15:02:13.405 | INFO     | N/A | ⏳ 等待 Profile 更新任务...
2026-08-07 15:02:18.428 | INFO     | N/A | ⏳ 等待 Profile 更新任务...
2026-08-07 15:02:23.456 | INFO     | N/A | ⏳ 等待 Profile 更新任务...
2026-08-07 15:02:28.481 | INFO     | N/A | ⏳ 等待 Profile 更新任务...
2026-08-07 15:02:33.504 | INFO     | N/A | ⏳ 等待 Profile 更新任务...
2026-08-07 15:02:38.528 | INFO     | N/A | ⏳ 等待 Profile 更新任务...
2026-08-07 15:02:43.551 | INFO     | N/A | ⏳ 等待 Profile 更新任务...
2026-08-07 15:02:48.573 | INFO     | N/A | ⏳ 等待 Profile 更新任务...
2026-08-07 15:02:53.594 | INFO     | N/A | ⏳ 等待 Profile 更新任务...
2026-08-07 15:02:58.619 | INFO     | N/A | ⏳ 等待 Profile 更新任务...
2026-08-07 15:03:03.644 | INFO     | N/A | ⏳ 等待 Profile 更新任务...
2026-08-07 15:03:08.670 | INFO     | N/A | ⏳ 等待 Profile 更新任务...
2026-08-07 15:03:13.693 | INFO     | N/A | ⏳ 等待 Profile 更新任务...
2026-08-07 15:03:18.721 | INFO     | N/A | ⏳ 等待 Profile 更新任务...
2026-08-07 15:03:23.746 | INFO     | N/A | ⏳ 等待 Profile 更新任务...
2026-08-07 15:03:28.769 | INFO     | N/A | ⏳ 等待 Profile 更新任务...
2026-08-07 15:03:33.793 | INFO     | N/A | ⏳ 等待 Profile 更新任务...
2026-08-07 15:03:38.816 | INFO     | N/A | ⏳ 等待 Profile 更新任务...
2026-08-07 15:03:43.839 | INFO     | N/A | ⏳ 等待 Profile 更新任务...
2026-08-07 15:03:48.866 | INFO     | N/A | ⏳ 等待 Profile 更新任务...
2026-08-07 15:03:53.892 | INFO     | N/A | ⏳ 等待 Profile 更新任务...
2026-08-07 15:03:58.917 | INFO     | N/A | ⏳ 等待 Profile 更新任务...
2026-08-07 15:04:03.940 | INFO     | N/A | ⏳ 等待 Profile 更新任务...
2026-08-07 15:04:08.968 | INFO     | N/A | ⏳ 等待 Profile 更新任务...
2026-08-07 15:04:13.991 | INFO     | N/A | ⏳ 等待 Profile 更新任务...
2026-08-07 15:04:19.019 | INFO     | N/A | ⏳ 等待 Profile 更新任务...
2026-08-07 15:04:24.045 | INFO     | N/A | ⏳ 等待 Profile 更新任务...
2026-08-07 15:04:29.070 | INFO     | N/A | ⏳ 等待 Profile 更新任务...
2026-08-07 15:04:34.092 | INFO     | N/A | ⏳ 等待 Profile 更新任务...
2026-08-07 15:04:39.119 | INFO     | N/A | ⏳ 等待 Profile 更新任务...
2026-08-07 15:04:44.141 | INFO     | N/A | ⏳ 等待 Profile 更新任务...
2026-08-07 15:04:49.163 | INFO     | N/A | ⏳ 等待 Profile 更新任务...
2026-08-07 15:04:54.189 | INFO     | N/A | ⏳ 等待 Profile 更新任务...
2026-08-07 15:04:59.212 | INFO     | N/A | ⏳ 等待 Profile 更新任务...
2026-08-07 15:05:04.235 | INFO     | N/A | ⏳ 等待 Profile 更新任务...
2026-08-07 15:05:09.263 | INFO     | N/A | ⏳ 等待 Profile 更新任务...
2026-08-07 15:05:14.286 | INFO     | N/A | ⏳ 等待 Profile 更新任务...
2026-08-07 15:05:19.310 | INFO     | N/A | ⏳ 等待 Profile 更新任务...
2026-08-07 15:05:24.337 | INFO     | N/A | ⏳ 等待 Profile 更新任务...
2026-08-07 15:05:29.361 | INFO     | N/A | ⏳ 等待 Profile 更新任务...
2026-08-07 15:05:34.384 | INFO     | N/A | ⏳ 等待 Profile 更新任务...
2026-08-07 15:05:39.409 | INFO     | N/A | ⏳ 等待 Profile 更新任务...
2026-08-07 15:05:44.436 | INFO     | N/A | ⏳ 等待 Profile 更新任务...
2026-08-07 15:05:49.463 | INFO     | N/A | ⏳ 等待 Profile 更新任务...
2026-08-07 15:05:54.487 | INFO     | N/A | ⏳ 等待 Profile 更新任务...
2026-08-07 15:05:59.513 | INFO     | N/A | ⏳ 等待 Profile 更新任务...
2026-08-07 15:06:04.538 | INFO     | N/A | ⏳ 等待 Profile 更新任务...
2026-08-07 15:06:09.567 | INFO     | N/A | ⏳ 等待 Profile 更新任务...
2026-08-07 15:06:14.589 | INFO     | N/A | ⏳ 等待 Profile 更新任务...
2026-08-07 15:06:19.618 | INFO     | N/A | ⏳ 等待 Profile 更新任务...
2026-08-07 15:06:24.644 | INFO     | N/A | ⏳ 等待 Profile 更新任务...
2026-08-07 15:06:29.666 | INFO     | N/A | ⏳ 等待 Profile 更新任务...
2026-08-07 15:06:34.695 | INFO     | N/A | ⏳ 等待 Profile 更新任务...
2026-08-07 15:06:39.720 | INFO     | N/A | ⏳ 等待 Profile 更新任务...
2026-08-07 15:06:44.743 | INFO     | N/A | ⏳ 等待 Profile 更新任务...
2026-08-07 15:06:49.769 | INFO     | N/A | ⏳ 等待 Profile 更新任务...
2026-08-07 15:06:54.791 | INFO     | N/A | ⏳ 等待 Profile 更新任务...
2026-08-07 15:06:59.816 | INFO     | N/A | ⏳ 等待 Profile 更新任务...
2026-08-07 15:07:04.841 | INFO     | N/A | ⏳ 等待 Profile 更新任务...
2026-08-07 15:07:09.866 | INFO     | N/A | ⏳ 等待 Profile 更新任务...
2026-08-07 15:07:14.897 | INFO     | N/A | ⏳ 等待 Profile 更新任务...
2026-08-07 15:07:19.923 | INFO     | N/A | ⏳ 等待 Profile 更新任务...
2026-08-07 15:07:24.955 | INFO     | N/A | ⏳ 等待 Profile 更新任务...
2026-08-07 15:07:29.980 | INFO     | N/A | ⏳ 等待 Profile 更新任务...
2026-08-07 15:07:35.003 | INFO     | N/A | ⏳ 等待 Profile 更新任务...
2026-08-07 15:07:40.031 | INFO     | N/A | ⏳ 等待 Profile 更新任务...
2026-08-07 15:07:45.054 | INFO     | N/A | ⏳ 等待 Profile 更新任务...
2026-08-07 15:07:50.081 | INFO     | N/A | ⏳ 等待 Profile 更新任务...
2026-08-07 15:07:55.105 | INFO     | N/A | ⏳ 等待 Profile 更新任务...
2026-08-07 15:08:00.130 | INFO     | N/A | ⏳ 等待 Profile 更新任务...
2026-08-07 15:08:05.154 | INFO     | N/A | ⏳ 等待 Profile 更新任务...
2026-08-07 15:08:10.183 | INFO     | N/A | ⏳ 等待 Profile 更新任务...
2026-08-07 15:08:15.206 | INFO     | N/A | ⏳ 等待 Profile 更新任务...
2026-08-07 15:08:20.229 | INFO     | N/A | ⏳ 等待 Profile 更新任务...
2026-08-07 15:08:25.266 | INFO     | N/A | ⏳ 等待 Profile 更新任务...
2026-08-07 15:08:30.288 | INFO     | N/A | ⏳ 等待 Profile 更新任务...
2026-08-07 15:08:35.311 | INFO     | N/A | ⏳ 等待 Profile 更新任务...
2026-08-07 15:08:40.343 | INFO     | N/A | ⏳ 等待 Profile 更新任务...
2026-08-07 15:08:45.366 | INFO     | N/A | ⏳ 等待 Profile 更新任务...
2026-08-07 15:08:50.390 | INFO     | N/A | ⏳ 等待 Profile 更新任务...
2026-08-07 15:08:55.415 | INFO     | N/A | ⏳ 等待 Profile 更新任务...
2026-08-07 15:09:00.437 | INFO     | N/A | ⏳ 等待 Profile 更新任务...
2026-08-07 15:09:05.461 | INFO     | N/A | ⏳ 等待 Profile 更新任务...
2026-08-07 15:09:10.488 | INFO     | N/A | ⏳ 等待 Profile 更新任务...
2026-08-07 15:09:15.511 | INFO     | N/A | ⏳ 等待 Profile 更新任务...
2026-08-07 15:09:20.535 | INFO     | N/A | ⏳ 等待 Profile 更新任务...
2026-08-07 15:09:25.559 | INFO     | N/A | ⏳ 等待 Profile 更新任务...
2026-08-07 15:09:30.582 | INFO     | N/A | ⏳ 等待 Profile 更新任务...
2026-08-07 15:09:35.607 | INFO     | N/A | ⏳ 等待 Profile 更新任务...
2026-08-07 15:09:40.633 | INFO     | N/A | ⏳ 等待 Profile 更新任务...
2026-08-07 15:09:45.659 | INFO     | N/A | ⏳ 等待 Profile 更新任务...
2026-08-07 15:09:50.683 | INFO     | N/A | ⏳ 等待 Profile 更新任务...
2026-08-07 15:09:55.704 | INFO     | N/A | ⏳ 等待 Profile 更新任务...
2026-08-07 15:10:00.729 | INFO     | N/A | ⏳ 等待 Profile 更新任务...
2026-08-07 15:10:05.754 | INFO     | N/A | ⏳ 等待 Profile 更新任务...
2026-08-07 15:10:10.783 | INFO     | N/A | ⏳ 等待 Profile 更新任务...
2026-08-07 15:10:15.807 | INFO     | N/A | ⏳ 等待 Profile 更新任务...
2026-08-07 15:10:20.831 | INFO     | N/A | ⏳ 等待 Profile 更新任务...
2026-08-07 15:10:25.859 | INFO     | N/A | ⏳ 等待 Profile 更新任务...
2026-08-07 15:10:30.884 | INFO     | N/A | ⏳ 等待 Profile 更新任务...
2026-08-07 15:10:35.906 | INFO     | N/A | ⏳ 等待 Profile 更新任务...
2026-08-07 15:10:40.933 | INFO     | N/A | ⏳ 等待 Profile 更新任务...
2026-08-07 15:10:45.958 | INFO     | N/A | ⏳ 等待 Profile 更新任务...
2026-08-07 15:10:50.988 | INFO     | N/A | ⏳ 等待 Profile 更新任务...
2026-08-07 15:10:56.011 | INFO     | N/A | ⏳ 等待 Profile 更新任务...
2026-08-07 15:11:01.037 | INFO     | N/A | ⏳ 等待 Profile 更新任务...
2026-08-07 15:11:06.063 | INFO     | N/A | ⏳ 等待 Profile 更新任务...
2026-08-07 15:11:11.089 | INFO     | N/A | ⏳ 等待 Profile 更新任务...
2026-08-07 15:11:16.111 | INFO     | N/A | ⏳ 等待 Profile 更新任务...
2026-08-07 15:11:21.136 | INFO     | N/A | ⏳ 等待 Profile 更新任务...
2026-08-07 15:11:26.160 | INFO     | N/A | ⏳ 等待 Profile 更新任务...
2026-08-07 15:11:31.184 | INFO     | N/A | ⏳ 等待 Profile 更新任务...
2026-08-07 15:11:36.210 | INFO     | N/A | ⏳ 等待 Profile 更新任务...
2026-08-07 15:11:41.235 | INFO     | N/A | ⏳ 等待 Profile 更新任务...
2026-08-07 15:11:46.260 | INFO     | N/A | ⏳ 等待 Profile 更新任务...
2026-08-07 15:11:51.281 | INFO     | N/A | ⏳ 等待 Profile 更新任务...
2026-08-07 15:11:56.305 | INFO     | N/A | ⏳ 等待 Profile 更新任务...
2026-08-07 15:12:01.329 | INFO     | N/A | ⏳ 等待 Profile 更新任务...
2026-08-07 15:12:06.352 | INFO     | N/A | ⏳ 等待 Profile 更新任务...
2026-08-07 15:12:11.378 | INFO     | N/A | ⏳ 等待 Profile 更新任务...
2026-08-07 15:12:16.400 | INFO     | N/A | ⏳ 等待 Profile 更新任务...
2026-08-07 15:12:21.422 | INFO     | N/A | ⏳ 等待 Profile 更新任务...
2026-08-07 15:12:26.446 | INFO     | N/A | ⏳ 等待 Profile 更新任务...
2026-08-07 15:12:31.469 | INFO     | N/A | ⏳ 等待 Profile 更新任务...
2026-08-07 15:12:36.493 | INFO     | N/A | ⏳ 等待 Profile 更新任务...
2026-08-07 15:12:41.523 | INFO     | N/A | ⏳ 等待 Profile 更新任务...
2026-08-07 15:12:46.551 | INFO     | N/A | ⏳ 等待 Profile 更新任务...
2026-08-07 15:12:51.574 | INFO     | N/A | ⏳ 等待 Profile 更新任务...
2026-08-07 15:12:56.598 | INFO     | N/A | ⏳ 等待 Profile 更新任务...
2026-08-07 15:13:01.622 | INFO     | N/A | ⏳ 等待 Profile 更新任务...
2026-08-07 15:13:06.647 | INFO     | N/A | ⏳ 等待 Profile 更新任务...
2026-08-07 15:13:11.674 | INFO     | N/A | ⏳ 等待 Profile 更新任务...
2026-08-07 15:13:16.703 | INFO     | N/A | ⏳ 等待 Profile 更新任务...
2026-08-07 15:13:21.726 | INFO     | N/A | ⏳ 等待 Profile 更新任务...
2026-08-07 15:13:26.751 | INFO     | N/A | ⏳ 等待 Profile 更新任务...
2026-08-07 15:13:31.775 | INFO     | N/A | ⏳ 等待 Profile 更新任务...
2026-08-07 15:13:36.803 | INFO     | N/A | ⏳ 等待 Profile 更新任务...
2026-08-07 15:13:41.839 | INFO     | N/A | ⏳ 等待 Profile 更新任务...
2026-08-07 15:13:46.864 | INFO     | N/A | ⏳ 等待 Profile 更新任务...
2026-08-07 15:13:51.891 | INFO     | N/A | ⏳ 等待 Profile 更新任务...
2026-08-07 15:13:56.914 | INFO     | N/A | ⏳ 等待 Profile 更新任务...
2026-08-07 15:14:01.936 | INFO     | N/A | ⏳ 等待 Profile 更新任务...
2026-08-07 15:14:06.961 | INFO     | N/A | ⏳ 等待 Profile 更新任务...
2026-08-07 15:14:11.989 | INFO     | N/A | ⏳ 等待 Profile 更新任务...
2026-08-07 15:14:17.013 | INFO     | N/A | ⏳ 等待 Profile 更新任务...
2026-08-07 15:14:22.039 | INFO     | N/A | ⏳ 等待 Profile 更新任务...
2026-08-07 15:14:27.064 | INFO     | N/A | ⏳ 等待 Profile 更新任务...
2026-08-07 15:14:32.090 | INFO     | N/A | ⏳ 等待 Profile 更新任务...
2026-08-07 15:14:37.115 | INFO     | N/A | ⏳ 等待 Profile 更新任务...
2026-08-07 15:14:42.142 | INFO     | N/A | ⏳ 等待 Profile 更新任务...
2026-08-07 15:14:47.166 | INFO     | N/A | ⏳ 等待 Profile 更新任务...
2026-08-07 15:14:52.188 | INFO     | N/A | ⏳ 等待 Profile 更新任务...
2026-08-07 15:14:57.216 | INFO     | N/A | ⏳ 等待 Profile 更新任务...
2026-08-07 15:15:02.242 | INFO     | N/A | ⏳ 等待 Profile 更新任务...
2026-08-07 15:15:07.264 | INFO     | N/A | ⏳ 等待 Profile 更新任务...
2026-08-07 15:15:12.290 | INFO     | N/A | ⏳ 等待 Profile 更新任务...
2026-08-07 15:15:17.314 | INFO     | N/A | ⏳ 等待 Profile 更新任务...
2026-08-07 15:15:22.343 | INFO     | N/A | ⏳ 等待 Profile 更新任务...
2026-08-07 15:15:27.366 | INFO     | N/A | ⏳ 等待 Profile 更新任务...
2026-08-07 15:15:32.389 | INFO     | N/A | ⏳ 等待 Profile 更新任务...
2026-08-07 15:15:37.414 | INFO     | N/A | ⏳ 等待 Profile 更新任务...
2026-08-07 15:15:42.442 | INFO     | N/A | ⏳ 等待 Profile 更新任务...
2026-08-07 15:15:47.489 | INFO     | N/A | ⏳ 等待 Profile 更新任务...
2026-08-07 15:15:52.514 | INFO     | N/A | ⏳ 等待 Profile 更新任务...
2026-08-07 15:15:57.539 | INFO     | N/A | ⏳ 等待 Profile 更新任务...
2026-08-07 15:16:02.562 | INFO     | N/A | ⏳ 等待 Profile 更新任务...
2026-08-07 15:16:07.586 | INFO     | N/A | ⏳ 等待 Profile 更新任务...
2026-08-07 15:16:12.612 | INFO     | N/A | ⏳ 等待 Profile 更新任务...
2026-08-07 15:16:17.635 | INFO     | N/A | ⏳ 等待 Profile 更新任务...
2026-08-07 15:16:22.661 | INFO     | N/A | ⏳ 等待 Profile 更新任务...
2026-08-07 15:16:27.686 | INFO     | N/A | ⏳ 等待 Profile 更新任务...
2026-08-07 15:16:32.712 | INFO     | N/A | ⏳ 等待 Profile 更新任务...
2026-08-07 15:16:37.734 | INFO     | N/A | ⏳ 等待 Profile 更新任务...
2026-08-07 15:16:42.761 | INFO     | N/A | ⏳ 等待 Profile 更新任务...
2026-08-07 15:16:47.782 | INFO     | N/A | ⏳ 等待 Profile 更新任务...
2026-08-07 15:16:52.808 | INFO     | N/A | ⏳ 等待 Profile 更新任务...
2026-08-07 15:16:57.831 | INFO     | N/A | ⏳ 等待 Profile 更新任务...
2026-08-07 15:17:02.856 | INFO     | N/A | ⏳ 等待 Profile 更新任务...
2026-08-07 15:17:07.881 | INFO     | N/A | ⏳ 等待 Profile 更新任务...
2026-08-07 15:17:12.911 | INFO     | N/A | ⏳ 等待 Profile 更新任务...
2026-08-07 15:17:17.935 | INFO     | N/A | ⏳ 等待 Profile 更新任务...
2026-08-07 15:17:22.956 | INFO     | N/A | ⏳ 等待 Profile 更新任务...
2026-08-07 15:17:27.979 | INFO     | N/A | ⏳ 等待 Profile 更新任务...
2026-08-07 15:17:33.006 | INFO     | N/A | ⏳ 等待 Profile 更新任务...
2026-08-07 15:17:38.028 | INFO     | N/A | ⏳ 等待 Profile 更新任务...
2026-08-07 15:17:43.054 | INFO     | N/A | ⏳ 等待 Profile 更新任务...
2026-08-07 15:17:48.077 | INFO     | N/A | ⏳ 等待 Profile 更新任务...
2026-08-07 15:17:53.100 | INFO     | N/A | ⏳ 等待 Profile 更新任务...
2026-08-07 15:17:58.121 | INFO     | N/A | ⏳ 等待 Profile 更新任务...
2026-08-07 15:18:03.145 | INFO     | N/A | ⏳ 等待 Profile 更新任务...
2026-08-07 15:18:08.168 | INFO     | N/A | ⏳ 等待 Profile 更新任务...
2026-08-07 15:18:13.190 | INFO     | N/A | ⏳ 等待 Profile 更新任务...
2026-08-07 15:18:18.213 | INFO     | N/A | ⏳ 等待 Profile 更新任务...
2026-08-07 15:18:23.235 | INFO     | N/A | ⏳ 等待 Profile 更新任务...
2026-08-07 15:18:28.259 | INFO     | N/A | ⏳ 等待 Profile 更新任务...
2026-08-07 15:18:33.284 | INFO     | N/A | ⏳ 等待 Profile 更新任务...
2026-08-07 15:18:38.307 | INFO     | N/A | ⏳ 等待 Profile 更新任务...
2026-08-07 15:18:43.332 | INFO     | N/A | ⏳ 等待 Profile 更新任务...
2026-08-07 15:18:48.357 | INFO     | N/A | ⏳ 等待 Profile 更新任务...
2026-08-07 15:18:53.380 | INFO     | N/A | ⏳ 等待 Profile 更新任务...
2026-08-07 15:18:58.405 | INFO     | N/A | ⏳ 等待 Profile 更新任务...
2026-08-07 15:19:03.427 | INFO     | N/A | ⏳ 等待 Profile 更新任务...
2026-08-07 15:19:08.450 | INFO     | N/A | ⏳ 等待 Profile 更新任务...
2026-08-07 15:19:13.475 | INFO     | N/A | ⏳ 等待 Profile 更新任务...
2026-08-07 15:19:18.500 | INFO     | N/A | ⏳ 等待 Profile 更新任务...
2026-08-07 15:19:23.526 | INFO     | N/A | ⏳ 等待 Profile 更新任务...
2026-08-07 15:19:28.549 | INFO     | N/A | ⏳ 等待 Profile 更新任务...
2026-08-07 15:19:33.575 | INFO     | N/A | ⏳ 等待 Profile 更新任务...
2026-08-07 15:19:38.598 | INFO     | N/A | ⏳ 等待 Profile 更新任务...
2026-08-07 15:19:43.624 | INFO     | N/A | ⏳ 等待 Profile 更新任务...
2026-08-07 15:19:48.646 | INFO     | N/A | ⏳ 等待 Profile 更新任务...
2026-08-07 15:19:53.669 | INFO     | N/A | ⏳ 等待 Profile 更新任务...
2026-08-07 15:19:58.694 | INFO     | N/A | ⏳ 等待 Profile 更新任务...
2026-08-07 15:20:03.720 | INFO     | N/A | ⏳ 等待 Profile 更新任务...
2026-08-07 15:20:08.744 | INFO     | N/A | ⏳ 等待 Profile 更新任务...
2026-08-07 15:20:13.769 | INFO     | N/A | ⏳ 等待 Profile 更新任务...
2026-08-07 15:20:18.792 | INFO     | N/A | ⏳ 等待 Profile 更新任务...
2026-08-07 15:20:23.815 | INFO     | N/A | ⏳ 等待 Profile 更新任务...
2026-08-07 15:20:28.840 | INFO     | N/A | ⏳ 等待 Profile 更新任务...
2026-08-07 15:20:33.867 | INFO     | N/A | ⏳ 等待 Profile 更新任务...
2026-08-07 15:20:38.891 | INFO     | N/A | ⏳ 等待 Profile 更新任务...
2026-08-07 15:20:43.916 | INFO     | N/A | ⏳ 等待 Profile 更新任务...
2026-08-07 15:20:48.939 | INFO     | N/A | ⏳ 等待 Profile 更新任务...
2026-08-07 15:20:53.964 | INFO     | N/A | ⏳ 等待 Profile 更新任务...
2026-08-07 15:20:58.989 | INFO     | N/A | ⏳ 等待 Profile 更新任务...
2026-08-07 15:21:04.014 | INFO     | N/A | ⏳ 等待 Profile 更新任务...
2026-08-07 15:21:09.038 | INFO     | N/A | ⏳ 等待 Profile 更新任务...
2026-08-07 15:21:14.066 | INFO     | N/A | ⏳ 等待 Profile 更新任务...
2026-08-07 15:21:19.091 | INFO     | N/A | ⏳ 等待 Profile 更新任务...
2026-08-07 15:21:24.114 | INFO     | N/A | ⏳ 等待 Profile 更新任务...
2026-08-07 15:21:29.137 | INFO     | N/A | ⏳ 等待 Profile 更新任务...
2026-08-07 15:21:34.170 | INFO     | N/A | ⏳ 等待 Profile 更新任务...
2026-08-07 15:21:39.196 | INFO     | N/A | ⏳ 等待 Profile 更新任务...
2026-08-07 15:21:44.221 | INFO     | N/A | ⏳ 等待 Profile 更新任务...
2026-08-07 15:21:49.247 | INFO     | N/A | ⏳ 等待 Profile 更新任务...
2026-08-07 15:21:54.271 | INFO     | N/A | ⏳ 等待 Profile 更新任务...
2026-08-07 15:21:59.295 | INFO     | N/A | ⏳ 等待 Profile 更新任务...
2026-08-07 15:22:04.318 | INFO     | N/A | ⏳ 等待 Profile 更新任务...
2026-08-07 15:22:09.342 | INFO     | N/A | ⏳ 等待 Profile 更新任务...
2026-08-07 15:22:14.369 | INFO     | N/A | ⏳ 等待 Profile 更新任务...
2026-08-07 15:22:19.392 | INFO     | N/A | ⏳ 等待 Profile 更新任务...
2026-08-07 15:22:24.416 | INFO     | N/A | ⏳ 等待 Profile 更新任务...
2026-08-07 15:22:29.441 | INFO     | N/A | ⏳ 等待 Profile 更新任务...
2026-08-07 15:22:34.465 | INFO     | N/A | ⏳ 等待 Profile 更新任务...
2026-08-07 15:22:39.491 | INFO     | N/A | ⏳ 等待 Profile 更新任务...
2026-08-07 15:22:44.520 | INFO     | N/A | ⏳ 等待 Profile 更新任务...
2026-08-07 15:22:49.546 | INFO     | N/A | ⏳ 等待 Profile 更新任务...
2026-08-07 15:22:54.570 | INFO     | N/A | ⏳ 等待 Profile 更新任务...
2026-08-07 15:22:59.596 | INFO     | N/A | ⏳ 等待 Profile 更新任务...
2026-08-07 15:23:04.620 | INFO     | N/A | ⏳ 等待 Profile 更新任务...
2026-08-07 15:23:09.644 | INFO     | N/A | ⏳ 等待 Profile 更新任务...
2026-08-07 15:23:14.672 | INFO     | N/A | ⏳ 等待 Profile 更新任务...
2026-08-07 15:23:19.699 | INFO     | N/A | ⏳ 等待 Profile 更新任务...
2026-08-07 15:23:24.720 | INFO     | N/A | ⏳ 等待 Profile 更新任务...
2026-08-07 15:23:29.745 | INFO     | N/A | ⏳ 等待 Profile 更新任务...
2026-08-07 15:23:34.770 | INFO     | N/A | ⏳ 等待 Profile 更新任务...
2026-08-07 15:23:39.796 | INFO     | N/A | ⏳ 等待 Profile 更新任务...
2026-08-07 15:23:44.827 | INFO     | N/A | ⏳ 等待 Profile 更新任务...
2026-08-07 15:23:49.849 | INFO     | N/A | ⏳ 等待 Profile 更新任务...
2026-08-07 15:23:54.874 | INFO     | N/A | ⏳ 等待 Profile 更新任务...
2026-08-07 15:23:59.898 | INFO     | N/A | ⏳ 等待 Profile 更新任务...
2026-08-07 15:24:04.921 | INFO     | N/A | ⏳ 等待 Profile 更新任务...
2026-08-07 15:24:09.947 | INFO     | N/A | ⏳ 等待 Profile 更新任务...
2026-08-07 15:24:14.974 | INFO     | N/A | ⏳ 等待 Profile 更新任务...
2026-08-07 15:24:19.995 | INFO     | N/A | ⏳ 等待 Profile 更新任务...
2026-08-07 15:24:25.018 | INFO     | N/A | ⏳ 等待 Profile 更新任务...
2026-08-07 15:24:30.044 | INFO     | N/A | ⏳ 等待 Profile 更新任务...
2026-08-07 15:24:35.071 | INFO     | N/A | ⏳ 等待 Profile 更新任务...
2026-08-07 15:24:40.097 | INFO     | N/A | ⏳ 等待 Profile 更新任务...
2026-08-07 15:24:45.124 | INFO     | N/A | ⏳ 等待 Profile 更新任务...
2026-08-07 15:24:50.147 | INFO     | N/A | ⏳ 等待 Profile 更新任务...
2026-08-07 15:24:55.171 | INFO     | N/A | ⏳ 等待 Profile 更新任务...
2026-08-07 15:25:00.196 | INFO     | N/A | ⏳ 等待 Profile 更新任务...
2026-08-07 15:25:05.219 | INFO     | N/A | ⏳ 等待 Profile 更新任务...
2026-08-07 15:25:10.228 | INFO     | N/A | ⏳ 等待 Profile 更新任务...
2026-08-07 15:25:15.269 | INFO     | N/A | ⏳ 等待 Profile 更新任务...
2026-08-07 15:25:20.292 | INFO     | N/A | ⏳ 等待 Profile 更新任务...
2026-08-07 15:25:25.314 | INFO     | N/A | ⏳ 等待 Profile 更新任务...
2026-08-07 15:25:30.338 | INFO     | N/A | ⏳ 等待 Profile 更新任务...
2026-08-07 15:25:35.366 | INFO     | N/A | ⏳ 等待 Profile 更新任务...
2026-08-07 15:25:40.395 | INFO     | N/A | ⏳ 等待 Profile 更新任务...
2026-08-07 15:25:45.421 | INFO     | N/A | ⏳ 等待 Profile 更新任务...
2026-08-07 15:25:50.446 | INFO     | N/A | ⏳ 等待 Profile 更新任务...
2026-08-07 15:25:55.470 | INFO     | N/A | ⏳ 等待 Profile 更新任务...
2026-08-07 15:26:00.494 | INFO     | N/A | ⏳ 等待 Profile 更新任务...
2026-08-07 15:26:05.517 | INFO     | N/A | ⏳ 等待 Profile 更新任务...
2026-08-07 15:26:10.542 | INFO     | N/A | ⏳ 等待 Profile 更新任务...
2026-08-07 15:26:15.566 | INFO     | N/A | ⏳ 等待 Profile 更新任务...
2026-08-07 15:26:20.590 | INFO     | N/A | ⏳ 等待 Profile 更新任务...
2026-08-07 15:26:25.615 | INFO     | N/A | ⏳ 等待 Profile 更新任务...
2026-08-07 15:26:30.637 | INFO     | N/A | ⏳ 等待 Profile 更新任务...
2026-08-07 15:26:35.661 | INFO     | N/A | ⏳ 等待 Profile 更新任务...
2026-08-07 15:26:40.698 | INFO     | N/A | ⏳ 等待 Profile 更新任务...
2026-08-07 15:26:45.721 | INFO     | N/A | ⏳ 等待 Profile 更新任务...
2026-08-07 15:26:50.744 | INFO     | N/A | ⏳ 等待 Profile 更新任务...
2026-08-07 15:26:55.770 | INFO     | N/A | ⏳ 等待 Profile 更新任务...
2026-08-07 15:27:00.796 | INFO     | N/A | ⏳ 等待 Profile 更新任务...
2026-08-07 15:27:05.819 | INFO     | N/A | ⏳ 等待 Profile 更新任务...
2026-08-07 15:27:10.845 | INFO     | N/A | ⏳ 等待 Profile 更新任务...
2026-08-07 15:27:15.869 | INFO     | N/A | ⏳ 等待 Profile 更新任务...
2026-08-07 15:27:20.893 | INFO     | N/A | ⏳ 等待 Profile 更新任务...
2026-08-07 15:27:25.918 | INFO     | N/A | ⏳ 等待 Profile 更新任务...
2026-08-07 15:27:30.941 | INFO     | N/A | ⏳ 等待 Profile 更新任务...
2026-08-07 15:27:35.964 | INFO     | N/A | ⏳ 等待 Profile 更新任务...
2026-08-07 15:27:40.991 | INFO     | N/A | ⏳ 等待 Profile 更新任务...
2026-08-07 15:27:46.014 | INFO     | N/A | ⏳ 等待 Profile 更新任务...
2026-08-07 15:27:51.037 | INFO     | N/A | ⏳ 等待 Profile 更新任务...
2026-08-07 15:27:56.061 | INFO     | N/A | ⏳ 等待 Profile 更新任务...
2026-08-07 15:28:01.084 | INFO     | N/A | ⏳ 等待 Profile 更新任务...
2026-08-07 15:28:06.110 | INFO     | N/A | ⏳ 等待 Profile 更新任务...
2026-08-07 15:28:11.133 | INFO     | N/A | ⏳ 等待 Profile 更新任务...
2026-08-07 15:28:16.156 | INFO     | N/A | ⏳ 等待 Profile 更新任务...
2026-08-07 15:28:21.178 | INFO     | N/A | ⏳ 等待 Profile 更新任务...
2026-08-07 15:28:26.201 | INFO     | N/A | ⏳ 等待 Profile 更新任务...
2026-08-07 15:28:31.223 | INFO     | N/A | ⏳ 等待 Profile 更新任务...
2026-08-07 15:28:36.245 | INFO     | N/A | ⏳ 等待 Profile 更新任务...
2026-08-07 15:28:41.273 | INFO     | N/A | ⏳ 等待 Profile 更新任务...
2026-08-07 15:28:46.296 | INFO     | N/A | ⏳ 等待 Profile 更新任务...
2026-08-07 15:28:51.318 | INFO     | N/A | ⏳ 等待 Profile 更新任务...
2026-08-07 15:28:56.341 | INFO     | N/A | ⏳ 等待 Profile 更新任务...
2026-08-07 15:29:01.364 | INFO     | N/A | ⏳ 等待 Profile 更新任务...
2026-08-07 15:29:06.388 | INFO     | N/A | ⏳ 等待 Profile 更新任务...
2026-08-07 15:29:11.415 | INFO     | N/A | ⏳ 等待 Profile 更新任务...
2026-08-07 15:29:16.438 | INFO     | N/A | ⏳ 等待 Profile 更新任务...
2026-08-07 15:29:21.459 | INFO     | N/A | ⏳ 等待 Profile 更新任务...
2026-08-07 15:29:26.484 | INFO     | N/A | ⏳ 等待 Profile 更新任务...
2026-08-07 15:29:31.509 | INFO     | N/A | ⏳ 等待 Profile 更新任务...
2026-08-07 15:29:36.533 | INFO     | N/A | ⏳ 等待 Profile 更新任务...
2026-08-07 15:29:41.558 | INFO     | N/A | ⏳ 等待 Profile 更新任务...
2026-08-07 15:29:46.583 | INFO     | N/A | ⏳ 等待 Profile 更新任务...
2026-08-07 15:29:51.606 | INFO     | N/A | ⏳ 等待 Profile 更新任务...
2026-08-07 15:29:56.629 | INFO     | N/A | ⏳ 等待 Profile 更新任务...
2026-08-07 15:30:01.655 | INFO     | N/A | ⏳ 等待 Profile 更新任务...
2026-08-07 15:30:06.676 | INFO     | N/A | ⏳ 等待 Profile 更新任务...
2026-08-07 15:30:11.698 | INFO     | N/A | ⏳ 等待 Profile 更新任务...
2026-08-07 15:30:16.721 | INFO     | N/A | ⏳ 等待 Profile 更新任务...
2026-08-07 15:30:21.743 | INFO     | N/A | ⏳ 等待 Profile 更新任务...
2026-08-07 15:30:26.771 | INFO     | N/A | ⏳ 等待 Profile 更新任务...
2026-08-07 15:30:31.794 | INFO     | N/A | ⏳ 等待 Profile 更新任务...
2026-08-07 15:30:36.816 | INFO     | N/A | ⏳ 等待 Profile 更新任务...
2026-08-07 15:30:41.843 | INFO     | N/A | ⏳ 等待 Profile 更新任务...
2026-08-07 15:30:46.867 | INFO     | N/A | ⏳ 等待 Profile 更新任务...
2026-08-07 15:30:51.889 | INFO     | N/A | ⏳ 等待 Profile 更新任务...
2026-08-07 15:30:56.912 | INFO     | N/A | ⏳ 等待 Profile 更新任务...
2026-08-07 15:31:01.935 | INFO     | N/A | ⏳ 等待 Profile 更新任务...
2026-08-07 15:31:06.959 | INFO     | N/A | ⏳ 等待 Profile 更新任务...
2026-08-07 15:31:11.984 | INFO     | N/A | ⏳ 等待 Profile 更新任务...
2026-08-07 15:31:17.010 | INFO     | N/A | ⏳ 等待 Profile 更新任务...
2026-08-07 15:31:22.036 | INFO     | N/A | ⏳ 等待 Profile 更新任务...
2026-08-07 15:31:27.060 | INFO     | N/A | ⏳ 等待 Profile 更新任务...
2026-08-07 15:31:32.084 | INFO     | N/A | ⏳ 等待 Profile 更新任务...
2026-08-07 15:31:37.110 | INFO     | N/A | ⏳ 等待 Profile 更新任务...
2026-08-07 15:31:42.153 | INFO     | N/A | ⏳ 等待 Profile 更新任务...
2026-08-07 15:31:47.177 | INFO     | N/A | ⏳ 等待 Profile 更新任务...
2026-08-07 15:31:52.204 | INFO     | N/A | ⏳ 等待 Profile 更新任务...
2026-08-07 15:31:57.231 | INFO     | N/A | ⏳ 等待 Profile 更新任务...
2026-08-07 15:32:02.257 | INFO     | N/A | ⏳ 等待 Profile 更新任务...
2026-08-07 15:32:07.279 | INFO     | N/A | ⏳ 等待 Profile 更新任务...
2026-08-07 15:32:12.309 | INFO     | N/A | ⏳ 等待 Profile 更新任务...
2026-08-07 15:32:17.332 | INFO     | N/A | ⏳ 等待 Profile 更新任务...
2026-08-07 15:32:22.354 | INFO     | N/A | ⏳ 等待 Profile 更新任务...
2026-08-07 15:32:27.378 | INFO     | N/A | ⏳ 等待 Profile 更新任务...
2026-08-07 15:32:32.402 | INFO     | N/A | ⏳ 等待 Profile 更新任务...
2026-08-07 15:32:37.431 | INFO     | N/A | ⏳ 等待 Profile 更新任务...
2026-08-07 15:32:42.461 | INFO     | N/A | ⏳ 等待 Profile 更新任务...
2026-08-07 15:32:47.486 | INFO     | N/A | ⏳ 等待 Profile 更新任务...
2026-08-07 15:32:52.510 | INFO     | N/A | ⏳ 等待 Profile 更新任务...
2026-08-07 15:32:57.537 | INFO     | N/A | ⏳ 等待 Profile 更新任务...
2026-08-07 15:33:02.558 | INFO     | N/A | ⏳ 等待 Profile 更新任务...
2026-08-07 15:33:07.584 | INFO     | N/A | ⏳ 等待 Profile 更新任务...
2026-08-07 15:33:12.612 | INFO     | N/A | ⏳ 等待 Profile 更新任务...
2026-08-07 15:33:17.635 | INFO     | N/A | ⏳ 等待 Profile 更新任务...
2026-08-07 15:33:22.664 | INFO     | N/A | ⏳ 等待 Profile 更新任务...
2026-08-07 15:33:27.688 | INFO     | N/A | ⏳ 等待 Profile 更新任务...
2026-08-07 15:33:32.712 | INFO     | N/A | ⏳ 等待 Profile 更新任务...
2026-08-07 15:33:37.737 | INFO     | N/A | ⏳ 等待 Profile 更新任务...
2026-08-07 15:33:42.766 | INFO     | N/A | ⏳ 等待 Profile 更新任务...
2026-08-07 15:33:47.793 | INFO     | N/A | ⏳ 等待 Profile 更新任务...
2026-08-07 15:33:52.816 | INFO     | N/A | ⏳ 等待 Profile 更新任务...
2026-08-07 15:33:57.841 | INFO     | N/A | ⏳ 等待 Profile 更新任务...
2026-08-07 15:34:02.866 | INFO     | N/A | ⏳ 等待 Profile 更新任务...
2026-08-07 15:34:07.890 | INFO     | N/A | ⏳ 等待 Profile 更新任务...
2026-08-07 15:34:12.914 | INFO     | N/A | ⏳ 等待 Profile 更新任务...
2026-08-07 15:34:17.940 | INFO     | N/A | ⏳ 等待 Profile 更新任务...
2026-08-07 15:34:22.966 | INFO     | N/A | ⏳ 等待 Profile 更新任务...
2026-08-07 15:34:27.989 | INFO     | N/A | ⏳ 等待 Profile 更新任务...
2026-08-07 15:34:33.012 | INFO     | N/A | ⏳ 等待 Profile 更新任务...
2026-08-07 15:34:38.037 | INFO     | N/A | ⏳ 等待 Profile 更新任务...
2026-08-07 15:34:43.062 | INFO     | N/A | ⏳ 等待 Profile 更新任务...
2026-08-07 15:34:48.088 | INFO     | N/A | ⏳ 等待 Profile 更新任务...
2026-08-07 15:34:53.123 | INFO     | N/A | ⏳ 等待 Profile 更新任务...
2026-08-07 15:34:58.152 | INFO     | N/A | ⏳ 等待 Profile 更新任务...
2026-08-07 15:35:03.177 | INFO     | N/A | ⏳ 等待 Profile 更新任务...
2026-08-07 15:35:08.201 | INFO     | N/A | ⏳ 等待 Profile 更新任务...
2026-08-07 15:35:13.226 | INFO     | N/A | ⏳ 等待 Profile 更新任务...
2026-08-07 15:35:18.249 | INFO     | N/A | ⏳ 等待 Profile 更新任务...
2026-08-07 15:35:23.274 | INFO     | N/A | ⏳ 等待 Profile 更新任务...
2026-08-07 15:35:28.299 | INFO     | N/A | ⏳ 等待 Profile 更新任务...
2026-08-07 15:35:33.325 | INFO     | N/A | ⏳ 等待 Profile 更新任务...
2026-08-07 15:35:38.349 | INFO     | N/A | ⏳ 等待 Profile 更新任务...
2026-08-07 15:35:43.377 | INFO     | N/A | ⏳ 等待 Profile 更新任务...
2026-08-07 15:35:48.407 | INFO     | N/A | ⏳ 等待 Profile 更新任务...
2026-08-07 15:35:53.432 | INFO     | N/A | ⏳ 等待 Profile 更新任务...
2026-08-07 15:35:58.456 | INFO     | N/A | ⏳ 等待 Profile 更新任务...
2026-08-07 15:36:03.485 | INFO     | N/A | ⏳ 等待 Profile 更新任务...
2026-08-07 15:36:08.509 | INFO     | N/A | ⏳ 等待 Profile 更新任务...
2026-08-07 15:36:13.537 | INFO     | N/A | ⏳ 等待 Profile 更新任务...
2026-08-07 15:36:18.560 | INFO     | N/A | ⏳ 等待 Profile 更新任务...
2026-08-07 15:36:23.585 | INFO     | N/A | ⏳ 等待 Profile 更新任务...
2026-08-07 15:36:28.610 | INFO     | N/A | ⏳ 等待 Profile 更新任务...
2026-08-07 15:36:33.634 | INFO     | N/A | ⏳ 等待 Profile 更新任务...
2026-08-07 15:36:38.657 | INFO     | N/A | ⏳ 等待 Profile 更新任务...
2026-08-07 15:36:43.684 | INFO     | N/A | ⏳ 等待 Profile 更新任务...
2026-08-07 15:36:48.714 | INFO     | N/A | ⏳ 等待 Profile 更新任务...
2026-08-07 15:36:53.739 | INFO     | N/A | ⏳ 等待 Profile 更新任务...
2026-08-07 15:36:58.765 | INFO     | N/A | ⏳ 等待 Profile 更新任务...
2026-08-07 15:37:03.790 | INFO     | N/A | ⏳ 等待 Profile 更新任务...
2026-08-07 15:37:08.814 | INFO     | N/A | ⏳ 等待 Profile 更新任务...
2026-08-07 15:37:13.837 | INFO     | N/A | ⏳ 等待 Profile 更新任务...
2026-08-07 15:37:18.863 | INFO     | N/A | ⏳ 等待 Profile 更新任务...
2026-08-07 15:37:23.888 | INFO     | N/A | ⏳ 等待 Profile 更新任务...
2026-08-07 15:37:28.914 | INFO     | N/A | ⏳ 等待 Profile 更新任务...
2026-08-07 15:37:33.937 | INFO     | N/A | ⏳ 等待 Profile 更新任务...
2026-08-07 15:37:38.961 | INFO     | N/A | ⏳ 等待 Profile 更新任务...
2026-08-07 15:37:43.987 | INFO     | N/A | ⏳ 等待 Profile 更新任务...
2026-08-07 15:37:49.010 | INFO     | N/A | ⏳ 等待 Profile 更新任务...
2026-08-07 15:37:54.033 | INFO     | N/A | ⏳ 等待 Profile 更新任务...
2026-08-07 15:37:59.056 | INFO     | N/A | ⏳ 等待 Profile 更新任务...
2026-08-07 15:38:04.082 | INFO     | N/A | ⏳ 等待 Profile 更新任务...
2026-08-07 15:38:09.108 | INFO     | N/A | ⏳ 等待 Profile 更新任务...
2026-08-07 15:38:14.133 | INFO     | N/A | ⏳ 等待 Profile 更新任务...
2026-08-07 15:38:19.158 | INFO     | N/A | ⏳ 等待 Profile 更新任务...
2026-08-07 15:38:24.182 | INFO     | N/A | ⏳ 等待 Profile 更新任务...
2026-08-07 15:38:29.209 | INFO     | N/A | ⏳ 等待 Profile 更新任务...
2026-08-07 15:38:34.233 | INFO     | N/A | ⏳ 等待 Profile 更新任务...
2026-08-07 15:38:39.256 | INFO     | N/A | ⏳ 等待 Profile 更新任务...
2026-08-07 15:38:44.281 | INFO     | N/A | ⏳ 等待 Profile 更新任务...
2026-08-07 15:38:49.306 | INFO     | N/A | ⏳ 等待 Profile 更新任务...
2026-08-07 15:38:54.330 | INFO     | N/A | ⏳ 等待 Profile 更新任务...
2026-08-07 15:38:59.355 | INFO     | N/A | ⏳ 等待 Profile 更新任务...
2026-08-07 15:39:04.378 | INFO     | N/A | ⏳ 等待 Profile 更新任务...
2026-08-07 15:39:09.401 | INFO     | N/A | ⏳ 等待 Profile 更新任务...
2026-08-07 15:39:14.427 | INFO     | N/A | ⏳ 等待 Profile 更新任务...
2026-08-07 15:39:19.452 | INFO     | N/A | ⏳ 等待 Profile 更新任务...
2026-08-07 15:39:24.476 | INFO     | N/A | ⏳ 等待 Profile 更新任务...
2026-08-07 15:39:29.506 | INFO     | N/A | ⏳ 等待 Profile 更新任务...
2026-08-07 15:39:34.529 | INFO     | N/A | ⏳ 等待 Profile 更新任务...
2026-08-07 15:39:39.552 | INFO     | N/A | ⏳ 等待 Profile 更新任务...
2026-08-07 15:39:44.580 | INFO     | N/A | ⏳ 等待 Profile 更新任务...
2026-08-07 15:39:49.608 | INFO     | N/A | ⏳ 等待 Profile 更新任务...
2026-08-07 15:39:54.632 | INFO     | N/A | ⏳ 等待 Profile 更新任务...
2026-08-07 15:39:59.654 | INFO     | N/A | ⏳ 等待 Profile 更新任务...
2026-08-07 15:40:04.678 | INFO     | N/A | ⏳ 等待 Profile 更新任务...
2026-08-07 15:40:09.704 | INFO     | N/A | ⏳ 等待 Profile 更新任务...
2026-08-07 15:40:14.730 | INFO     | N/A | ⏳ 等待 Profile 更新任务...
2026-08-07 15:40:19.755 | INFO     | N/A | ⏳ 等待 Profile 更新任务...
2026-08-07 15:40:24.778 | INFO     | N/A | ⏳ 等待 Profile 更新任务...
2026-08-07 15:40:29.801 | INFO     | N/A | ⏳ 等待 Profile 更新任务...
2026-08-07 15:40:34.826 | INFO     | N/A | ⏳ 等待 Profile 更新任务...
2026-08-07 15:40:39.850 | INFO     | N/A | ⏳ 等待 Profile 更新任务...
2026-08-07 15:40:44.875 | INFO     | N/A | ⏳ 等待 Profile 更新任务...
2026-08-07 15:40:49.904 | INFO     | N/A | ⏳ 等待 Profile 更新任务...
2026-08-07 15:40:54.926 | INFO     | N/A | ⏳ 等待 Profile 更新任务...
2026-08-07 15:40:59.952 | INFO     | N/A | ⏳ 等待 Profile 更新任务...
2026-08-07 15:41:04.974 | INFO     | N/A | ⏳ 等待 Profile 更新任务...
2026-08-07 15:41:09.999 | INFO     | N/A | ⏳ 等待 Profile 更新任务...
2026-08-07 15:41:15.025 | INFO     | N/A | ⏳ 等待 Profile 更新任务...
2026-08-07 15:41:20.048 | INFO     | N/A | ⏳ 等待 Profile 更新任务...
2026-08-07 15:41:25.070 | INFO     | N/A | ⏳ 等待 Profile 更新任务...
2026-08-07 15:41:30.091 | INFO     | N/A | ⏳ 等待 Profile 更新任务...
2026-08-07 15:41:35.113 | INFO     | N/A | ⏳ 等待 Profile 更新任务...
2026-08-07 15:41:40.136 | INFO     | N/A | ⏳ 等待 Profile 更新任务...
2026-08-07 15:41:45.159 | INFO     | N/A | ⏳ 等待 Profile 更新任务...
2026-08-07 15:41:50.187 | INFO     | N/A | ⏳ 等待 Profile 更新任务...
2026-08-07 15:41:55.209 | INFO     | N/A | ⏳ 等待 Profile 更新任务...
2026-08-07 15:42:00.234 | INFO     | N/A | ⏳ 等待 Profile 更新任务...
2026-08-07 15:42:05.256 | INFO     | N/A | ⏳ 等待 Profile 更新任务...
2026-08-07 15:42:10.278 | INFO     | N/A | ⏳ 等待 Profile 更新任务...
2026-08-07 15:42:15.300 | INFO     | N/A | ⏳ 等待 Profile 更新任务...
2026-08-07 15:42:20.324 | INFO     | N/A | ⏳ 等待 Profile 更新任务...
2026-08-07 15:42:25.330 | INFO     | N/A | ⏳ 等待 Profile 更新任务...
2026-08-07 15:42:30.368 | INFO     | N/A | ⏳ 等待 Profile 更新任务...
2026-08-07 15:42:35.390 | INFO     | N/A | ⏳ 等待 Profile 更新任务...
2026-08-07 15:42:40.412 | INFO     | N/A | ⏳ 等待 Profile 更新任务...
2026-08-07 15:42:45.440 | INFO     | N/A | ⏳ 等待 Profile 更新任务...
2026-08-07 15:42:50.468 | INFO     | N/A | ⏳ 等待 Profile 更新任务...
2026-08-07 15:42:55.491 | INFO     | N/A | ⏳ 等待 Profile 更新任务...
2026-08-07 15:43:00.521 | INFO     | N/A | ⏳ 等待 Profile 更新任务...
2026-08-07 15:43:05.544 | INFO     | N/A | ⏳ 等待 Profile 更新任务...
2026-08-07 15:43:10.568 | INFO     | N/A | ⏳ 等待 Profile 更新任务...
2026-08-07 15:43:15.595 | INFO     | N/A | ⏳ 等待 Profile 更新任务...
2026-08-07 15:43:20.618 | INFO     | N/A | ⏳ 等待 Profile 更新任务...
2026-08-07 15:43:25.641 | INFO     | N/A | ⏳ 等待 Profile 更新任务...
2026-08-07 15:43:30.666 | INFO     | N/A | ⏳ 等待 Profile 更新任务...
2026-08-07 15:43:35.692 | INFO     | N/A | ⏳ 等待 Profile 更新任务...
2026-08-07 15:43:40.714 | INFO     | N/A | ⏳ 等待 Profile 更新任务...
2026-08-07 15:43:45.760 | INFO     | N/A | ⏳ 等待 Profile 更新任务...
2026-08-07 15:43:50.788 | INFO     | N/A | ⏳ 等待 Profile 更新任务...
2026-08-07 15:43:55.812 | INFO     | N/A | ⏳ 等待 Profile 更新任务...
2026-08-07 15:44:00.836 | INFO     | N/A | ⏳ 等待 Profile 更新任务...
2026-08-07 15:44:05.858 | INFO     | N/A | ⏳ 等待 Profile 更新任务...
2026-08-07 15:44:10.881 | INFO     | N/A | ⏳ 等待 Profile 更新任务...
2026-08-07 15:44:15.911 | INFO     | N/A | ⏳ 等待 Profile 更新任务...
2026-08-07 15:44:20.933 | INFO     | N/A | ⏳ 等待 Profile 更新任务...
2026-08-07 15:44:25.958 | INFO     | N/A | ⏳ 等待 Profile 更新任务...
2026-08-07 15:44:30.982 | INFO     | N/A | ⏳ 等待 Profile 更新任务...
2026-08-07 15:44:36.006 | INFO     | N/A | ⏳ 等待 Profile 更新任务...
2026-08-07 15:44:41.027 | INFO     | N/A | ⏳ 等待 Profile 更新任务...
2026-08-07 15:44:46.054 | INFO     | N/A | ⏳ 等待 Profile 更新任务...
2026-08-07 15:44:51.081 | INFO     | N/A | ⏳ 等待 Profile 更新任务...
2026-08-07 15:44:56.107 | INFO     | N/A | ⏳ 等待 Profile 更新任务...
2026-08-07 15:45:01.130 | INFO     | N/A | ⏳ 等待 Profile 更新任务...
2026-08-07 15:45:06.153 | INFO     | N/A | ⏳ 等待 Profile 更新任务...
2026-08-07 15:45:11.178 | INFO     | N/A | ⏳ 等待 Profile 更新任务...
2026-08-07 15:45:16.207 | INFO     | N/A | ⏳ 等待 Profile 更新任务...
2026-08-07 15:45:21.231 | INFO     | N/A | ⏳ 等待 Profile 更新任务...
2026-08-07 15:45:26.258 | INFO     | N/A | ⏳ 等待 Profile 更新任务...
2026-08-07 15:45:31.281 | INFO     | N/A | ⏳ 等待 Profile 更新任务...
2026-08-07 15:45:36.305 | INFO     | N/A | ⏳ 等待 Profile 更新任务...
2026-08-07 15:45:41.327 | INFO     | N/A | ⏳ 等待 Profile 更新任务...
2026-08-07 15:45:46.351 | INFO     | N/A | ⏳ 等待 Profile 更新任务...
2026-08-07 15:45:51.374 | INFO     | N/A | ⏳ 等待 Profile 更新任务...
2026-08-07 15:45:56.400 | INFO     | N/A | ⏳ 等待 Profile 更新任务...
2026-08-07 15:46:01.424 | INFO     | N/A | ⏳ 等待 Profile 更新任务...
2026-08-07 15:46:06.450 | INFO     | N/A | ⏳ 等待 Profile 更新任务...
2026-08-07 15:46:11.473 | INFO     | N/A | ⏳ 等待 Profile 更新任务...
2026-08-07 15:46:16.504 | INFO     | N/A | ⏳ 等待 Profile 更新任务...
2026-08-07 15:46:21.526 | INFO     | N/A | ⏳ 等待 Profile 更新任务...
2026-08-07 15:46:26.553 | INFO     | N/A | ⏳ 等待 Profile 更新任务...
2026-08-07 15:46:31.582 | INFO     | N/A | ⏳ 等待 Profile 更新任务...
2026-08-07 15:46:36.608 | INFO     | N/A | ⏳ 等待 Profile 更新任务...
2026-08-07 15:46:41.632 | INFO     | N/A | ⏳ 等待 Profile 更新任务...
2026-08-07 15:46:46.659 | INFO     | N/A | ⏳ 等待 Profile 更新任务...
2026-08-07 15:46:51.683 | INFO     | N/A | ⏳ 等待 Profile 更新任务...
2026-08-07 15:46:56.712 | INFO     | N/A | ⏳ 等待 Profile 更新任务...
2026-08-07 15:47:01.735 | INFO     | N/A | ⏳ 等待 Profile 更新任务...
2026-08-07 15:47:06.759 | INFO     | N/A | ⏳ 等待 Profile 更新任务...
2026-08-07 15:47:11.781 | INFO     | N/A | ⏳ 等待 Profile 更新任务...
2026-08-07 15:47:16.807 | INFO     | N/A | ⏳ 等待 Profile 更新任务...
2026-08-07 15:47:21.829 | INFO     | N/A | ⏳ 等待 Profile 更新任务...
2026-08-07 15:47:26.854 | INFO     | N/A | ⏳ 等待 Profile 更新任务...
2026-08-07 15:47:31.878 | INFO     | N/A | ⏳ 等待 Profile 更新任务...
2026-08-07 15:47:36.902 | INFO     | N/A | ⏳ 等待 Profile 更新任务...
2026-08-07 15:47:41.926 | INFO     | N/A | ⏳ 等待 Profile 更新任务...
2026-08-07 15:47:46.956 | INFO     | N/A | ⏳ 等待 Profile 更新任务...
2026-08-07 15:47:51.979 | INFO     | N/A | ⏳ 等待 Profile 更新任务...
2026-08-07 15:47:57.005 | INFO     | N/A | ⏳ 等待 Profile 更新任务...
2026-08-07 15:48:02.027 | INFO     | N/A | ⏳ 等待 Profile 更新任务...
2026-08-07 15:48:07.055 | INFO     | N/A | ⏳ 等待 Profile 更新任务...
2026-08-07 15:48:12.075 | INFO     | N/A | ⏳ 等待 Profile 更新任务...
2026-08-07 15:48:17.101 | INFO     | N/A | ⏳ 等待 Profile 更新任务...
2026-08-07 15:48:22.123 | INFO     | N/A | ⏳ 等待 Profile 更新任务...
2026-08-07 15:48:27.147 | INFO     | N/A | ⏳ 等待 Profile 更新任务...
2026-08-07 15:48:32.171 | INFO     | N/A | ⏳ 等待 Profile 更新任务...
2026-08-07 15:48:37.198 | INFO     | N/A | ⏳ 等待 Profile 更新任务...
2026-08-07 15:48:42.220 | INFO     | N/A | ⏳ 等待 Profile 更新任务...
2026-08-07 15:48:47.246 | INFO     | N/A | ⏳ 等待 Profile 更新任务...
2026-08-07 15:48:52.269 | INFO     | N/A | ⏳ 等待 Profile 更新任务...
2026-08-07 15:48:57.295 | INFO     | N/A | ⏳ 等待 Profile 更新任务...
2026-08-07 15:49:02.320 | INFO     | N/A | ⏳ 等待 Profile 更新任务...
2026-08-07 15:49:07.345 | INFO     | N/A | ⏳ 等待 Profile 更新任务...
2026-08-07 15:49:12.367 | INFO     | N/A | ⏳ 等待 Profile 更新任务...
2026-08-07 15:49:17.394 | INFO     | N/A | ⏳ 等待 Profile 更新任务...
2026-08-07 15:49:22.417 | INFO     | N/A | ⏳ 等待 Profile 更新任务...
2026-08-07 15:49:27.441 | INFO     | N/A | ⏳ 等待 Profile 更新任务...
2026-08-07 15:49:32.465 | INFO     | N/A | ⏳ 等待 Profile 更新任务...
2026-08-07 15:49:37.490 | INFO     | N/A | ⏳ 等待 Profile 更新任务...
2026-08-07 15:49:42.514 | INFO     | N/A | ⏳ 等待 Profile 更新任务...
2026-08-07 15:49:47.538 | INFO     | N/A | ⏳ 等待 Profile 更新任务...
2026-08-07 15:49:52.561 | INFO     | N/A | ⏳ 等待 Profile 更新任务...
2026-08-07 15:49:57.591 | INFO     | N/A | ⏳ 等待 Profile 更新任务...
2026-08-07 15:50:02.615 | INFO     | N/A | ⏳ 等待 Profile 更新任务...
2026-08-07 15:50:07.641 | INFO     | N/A | ⏳ 等待 Profile 更新任务...
2026-08-07 15:50:12.667 | INFO     | N/A | ⏳ 等待 Profile 更新任务...
2026-08-07 15:50:17.693 | INFO     | N/A | ⏳ 等待 Profile 更新任务...
2026-08-07 15:50:22.719 | INFO     | N/A | ⏳ 等待 Profile 更新任务...
2026-08-07 15:50:27.739 | INFO     | N/A | ⏳ 等待 Profile 更新任务...
2026-08-07 15:50:32.762 | INFO     | N/A | ⏳ 等待 Profile 更新任务...
2026-08-07 15:50:37.787 | INFO     | N/A | ⏳ 等待 Profile 更新任务...
2026-08-07 15:50:42.810 | INFO     | N/A | ⏳ 等待 Profile 更新任务...
2026-08-07 15:50:47.834 | INFO     | N/A | ⏳ 等待 Profile 更新任务...
2026-08-07 15:50:52.856 | INFO     | N/A | ⏳ 等待 Profile 更新任务...
2026-08-07 15:50:57.887 | INFO     | N/A | ⏳ 等待 Profile 更新任务...
2026-08-07 15:51:02.909 | INFO     | N/A | ⏳ 等待 Profile 更新任务...
2026-08-07 15:51:07.936 | INFO     | N/A | ⏳ 等待 Profile 更新任务...
2026-08-07 15:51:12.960 | INFO     | N/A | ⏳ 等待 Profile 更新任务...
2026-08-07 15:51:17.986 | INFO     | N/A | ⏳ 等待 Profile 更新任务...
2026-08-07 15:51:23.011 | INFO     | N/A | ⏳ 等待 Profile 更新任务...
2026-08-07 15:51:28.040 | INFO     | N/A | ⏳ 等待 Profile 更新任务...
2026-08-07 15:51:33.062 | INFO     | N/A | ⏳ 等待 Profile 更新任务...
2026-08-07 15:51:38.086 | INFO     | N/A | ⏳ 等待 Profile 更新任务...
2026-08-07 15:51:43.111 | INFO     | N/A | ⏳ 等待 Profile 更新任务...
2026-08-07 15:51:48.135 | INFO     | N/A | ⏳ 等待 Profile 更新任务...
2026-08-07 15:51:53.158 | INFO     | N/A | ⏳ 等待 Profile 更新任务...
2026-08-07 15:51:58.187 | INFO     | N/A | ⏳ 等待 Profile 更新任务...
2026-08-07 15:52:03.210 | INFO     | N/A | ⏳ 等待 Profile 更新任务...
2026-08-07 15:52:08.235 | INFO     | N/A | ⏳ 等待 Profile 更新任务...
2026-08-07 15:52:13.258 | INFO     | N/A | ⏳ 等待 Profile 更新任务...
2026-08-07 15:52:18.284 | INFO     | N/A | ⏳ 等待 Profile 更新任务...
2026-08-07 15:52:23.306 | INFO     | N/A | ⏳ 等待 Profile 更新任务...
2026-08-07 15:52:28.330 | INFO     | N/A | ⏳ 等待 Profile 更新任务...
2026-08-07 15:52:33.357 | INFO     | N/A | ⏳ 等待 Profile 更新任务...
2026-08-07 15:52:38.380 | INFO     | N/A | ⏳ 等待 Profile 更新任务...
2026-08-07 15:52:43.407 | INFO     | N/A | ⏳ 等待 Profile 更新任务...
2026-08-07 15:52:48.433 | INFO     | N/A | ⏳ 等待 Profile 更新任务...
2026-08-07 15:52:53.459 | INFO     | N/A | ⏳ 等待 Profile 更新任务...
2026-08-07 15:52:58.486 | INFO     | N/A | ⏳ 等待 Profile 更新任务...
2026-08-07 15:53:03.508 | INFO     | N/A | ⏳ 等待 Profile 更新任务...
2026-08-07 15:53:08.532 | INFO     | N/A | ⏳ 等待 Profile 更新任务...
2026-08-07 15:53:13.556 | INFO     | N/A | ⏳ 等待 Profile 更新任务...
2026-08-07 15:53:18.584 | INFO     | N/A | ⏳ 等待 Profile 更新任务...
2026-08-07 15:53:23.607 | INFO     | N/A | ⏳ 等待 Profile 更新任务...
2026-08-07 15:53:28.632 | INFO     | N/A | ⏳ 等待 Profile 更新任务...
2026-08-07 15:53:33.657 | INFO     | N/A | ⏳ 等待 Profile 更新任务...
2026-08-07 15:53:38.682 | INFO     | N/A | ⏳ 等待 Profile 更新任务...
2026-08-07 15:53:43.704 | INFO     | N/A | ⏳ 等待 Profile 更新任务...
2026-08-07 15:53:48.738 | INFO     | N/A | ⏳ 等待 Profile 更新任务...
2026-08-07 15:53:53.763 | INFO     | N/A | ⏳ 等待 Profile 更新任务...
2026-08-07 15:53:58.791 | INFO     | N/A | ⏳ 等待 Profile 更新任务...
2026-08-07 15:54:03.828 | INFO     | N/A | ⏳ 等待 Profile 更新任务...
2026-08-07 15:54:08.853 | INFO     | N/A | ⏳ 等待 Profile 更新任务...
2026-08-07 15:54:13.876 | INFO     | N/A | ⏳ 等待 Profile 更新任务...
2026-08-07 15:54:18.901 | INFO     | N/A | ⏳ 等待 Profile 更新任务...
2026-08-07 15:54:23.922 | INFO     | N/A | ⏳ 等待 Profile 更新任务...
2026-08-07 15:54:28.946 | INFO     | N/A | ⏳ 等待 Profile 更新任务...
2026-08-07 15:54:33.974 | INFO     | N/A | ⏳ 等待 Profile 更新任务...
2026-08-07 15:54:38.998 | INFO     | N/A | ⏳ 等待 Profile 更新任务...
2026-08-07 15:54:44.023 | INFO     | N/A | ⏳ 等待 Profile 更新任务...
2026-08-07 15:54:49.049 | INFO     | N/A | ⏳ 等待 Profile 更新任务...
2026-08-07 15:54:54.075 | INFO     | N/A | ⏳ 等待 Profile 更新任务...
2026-08-07 15:54:59.103 | INFO     | N/A | ⏳ 等待 Profile 更新任务...
2026-08-07 15:55:04.124 | INFO     | N/A | ⏳ 等待 Profile 更新任务...
2026-08-07 15:55:09.148 | INFO     | N/A | ⏳ 等待 Profile 更新任务...
2026-08-07 15:55:14.171 | INFO     | N/A | ⏳ 等待 Profile 更新任务...
2026-08-07 15:55:19.202 | INFO     | N/A | ⏳ 等待 Profile 更新任务...
2026-08-07 15:55:24.226 | INFO     | N/A | ⏳ 等待 Profile 更新任务...
2026-08-07 15:55:29.251 | INFO     | N/A | ⏳ 等待 Profile 更新任务...
2026-08-07 15:55:34.274 | INFO     | N/A | ⏳ 等待 Profile 更新任务...
2026-08-07 15:55:39.331 | INFO     | N/A | ⏳ 等待 Profile 更新任务...
2026-08-07 15:55:44.355 | INFO     | N/A | ⏳ 等待 Profile 更新任务...
2026-08-07 15:55:49.380 | INFO     | N/A | ⏳ 等待 Profile 更新任务...
2026-08-07 15:55:54.406 | INFO     | N/A | ⏳ 等待 Profile 更新任务...
2026-08-07 15:55:59.432 | INFO     | N/A | ⏳ 等待 Profile 更新任务...
2026-08-07 15:56:04.454 | INFO     | N/A | ⏳ 等待 Profile 更新任务...
2026-08-07 15:56:09.475 | INFO     | N/A | ⏳ 等待 Profile 更新任务...
2026-08-07 15:56:14.497 | INFO     | N/A | ⏳ 等待 Profile 更新任务...
2026-08-07 15:56:19.522 | INFO     | N/A | ⏳ 等待 Profile 更新任务...
2026-08-07 15:56:24.542 | INFO     | N/A | ⏳ 等待 Profile 更新任务...
2026-08-07 15:56:29.564 | INFO     | N/A | ⏳ 等待 Profile 更新任务...
2026-08-07 15:56:34.586 | INFO     | N/A | ⏳ 等待 Profile 更新任务...
2026-08-07 15:56:39.606 | INFO     | N/A | ⏳ 等待 Profile 更新任务...
2026-08-07 15:56:44.628 | INFO     | N/A | ⏳ 等待 Profile 更新任务...
2026-08-07 15:56:49.653 | INFO     | N/A | ⏳ 等待 Profile 更新任务...
2026-08-07 15:56:54.674 | INFO     | N/A | ⏳ 等待 Profile 更新任务...
2026-08-07 15:56:59.697 | INFO     | N/A | ⏳ 等待 Profile 更新任务...
2026-08-07 15:57:04.723 | INFO     | N/A | ⏳ 等待 Profile 更新任务...
2026-08-07 15:57:09.749 | INFO     | N/A | ⏳ 等待 Profile 更新任务...
2026-08-07 15:57:14.773 | INFO     | N/A | ⏳ 等待 Profile 更新任务...
2026-08-07 15:57:19.800 | INFO     | N/A | ⏳ 等待 Profile 更新任务...
2026-08-07 15:57:24.823 | INFO     | N/A | ⏳ 等待 Profile 更新任务...
2026-08-07 15:57:29.847 | INFO     | N/A | ⏳ 等待 Profile 更新任务...
2026-08-07 15:57:34.871 | INFO     | N/A | ⏳ 等待 Profile 更新任务...
2026-08-07 15:57:39.922 | INFO     | N/A | ⏳ 等待 Profile 更新任务...
2026-08-07 15:57:44.948 | INFO     | N/A | ⏳ 等待 Profile 更新任务...
2026-08-07 15:57:49.972 | INFO     | N/A | ⏳ 等待 Profile 更新任务...
2026-08-07 15:57:55.000 | INFO     | N/A | ⏳ 等待 Profile 更新任务...
2026-08-07 15:58:00.024 | INFO     | N/A | ⏳ 等待 Profile 更新任务...
2026-08-07 15:58:05.053 | INFO     | N/A | ⏳ 等待 Profile 更新任务...
2026-08-07 15:58:10.078 | INFO     | N/A | ⏳ 等待 Profile 更新任务...
2026-08-07 15:58:15.103 | INFO     | N/A | ⏳ 等待 Profile 更新任务...
2026-08-07 15:58:20.130 | INFO     | N/A | ⏳ 等待 Profile 更新任务...
2026-08-07 15:58:25.153 | INFO     | N/A | ⏳ 等待 Profile 更新任务...
2026-08-07 15:58:30.177 | INFO     | N/A | ⏳ 等待 Profile 更新任务...
2026-08-07 15:58:35.202 | INFO     | N/A | ⏳ 等待 Profile 更新任务...
2026-08-07 15:58:40.226 | INFO     | N/A | ⏳ 等待 Profile 更新任务...
2026-08-07 15:58:45.251 | INFO     | N/A | ⏳ 等待 Profile 更新任务...
2026-08-07 15:58:50.278 | INFO     | N/A | ⏳ 等待 Profile 更新任务...
2026-08-07 15:58:55.300 | INFO     | N/A | ⏳ 等待 Profile 更新任务...
2026-08-07 15:59:00.323 | INFO     | N/A | ⏳ 等待 Profile 更新任务...
2026-08-07 15:59:05.347 | INFO     | N/A | ⏳ 等待 Profile 更新任务...
2026-08-07 15:59:10.372 | INFO     | N/A | ⏳ 等待 Profile 更新任务...
2026-08-07 15:59:15.396 | INFO     | N/A | ⏳ 等待 Profile 更新任务...
2026-08-07 15:59:20.423 | INFO     | N/A | ⏳ 等待 Profile 更新任务...
2026-08-07 15:59:25.448 | INFO     | N/A | ⏳ 等待 Profile 更新任务...
2026-08-07 15:59:30.471 | INFO     | N/A | ⏳ 等待 Profile 更新任务...
2026-08-07 15:59:35.494 | INFO     | N/A | ⏳ 等待 Profile 更新任务...
2026-08-07 15:59:40.518 | INFO     | N/A | ⏳ 等待 Profile 更新任务...
2026-08-07 15:59:45.544 | INFO     | N/A | ⏳ 等待 Profile 更新任务...
2026-08-07 15:59:50.570 | INFO     | N/A | ⏳ 等待 Profile 更新任务...
2026-08-07 15:59:55.595 | INFO     | N/A | ⏳ 等待 Profile 更新任务...
2026-08-07 16:00:00.625 | INFO     | N/A | ⏳ 等待 Profile 更新任务...
2026-08-07 16:00:05.650 | INFO     | N/A | ⏳ 等待 Profile 更新任务...
2026-08-07 16:00:10.674 | INFO     | N/A | ⏳ 等待 Profile 更新任务...
2026-08-07 16:00:15.698 | INFO     | N/A | ⏳ 等待 Profile 更新任务...
2026-08-07 16:00:20.720 | INFO     | N/A | ⏳ 等待 Profile 更新任务...
2026-08-07 16:00:25.744 | INFO     | N/A | ⏳ 等待 Profile 更新任务...
2026-08-07 16:00:30.768 | INFO     | N/A | ⏳ 等待 Profile 更新任务...
2026-08-07 16:00:35.791 | INFO     | N/A | ⏳ 等待 Profile 更新任务...
2026-08-07 16:00:40.816 | INFO     | N/A | ⏳ 等待 Profile 更新任务...
2026-08-07 16:00:45.839 | INFO     | N/A | ⏳ 等待 Profile 更新任务...
2026-08-07 16:00:50.866 | INFO     | N/A | ⏳ 等待 Profile 更新任务...
2026-08-07 16:00:55.888 | INFO     | N/A | ⏳ 等待 Profile 更新任务...
2026-08-07 16:01:00.913 | INFO     | N/A | ⏳ 等待 Profile 更新任务...
2026-08-07 16:01:05.937 | INFO     | N/A | ⏳ 等待 Profile 更新任务...
2026-08-07 16:01:10.962 | INFO     | N/A | ⏳ 等待 Profile 更新任务...
2026-08-07 16:01:15.985 | INFO     | N/A | ⏳ 等待 Profile 更新任务...
2026-08-07 16:01:21.013 | INFO     | N/A | ⏳ 等待 Profile 更新任务...
2026-08-07 16:01:26.038 | INFO     | N/A | ⏳ 等待 Profile 更新任务...
2026-08-07 16:01:31.062 | INFO     | N/A | ⏳ 等待 Profile 更新任务...
2026-08-07 16:01:36.089 | INFO     | N/A | ⏳ 等待 Profile 更新任务...
2026-08-07 16:01:41.112 | INFO     | N/A | ⏳ 等待 Profile 更新任务...
2026-08-07 16:01:46.136 | INFO     | N/A | ⏳ 等待 Profile 更新任务...
2026-08-07 16:01:51.162 | INFO     | N/A | ⏳ 等待 Profile 更新任务...
2026-08-07 16:01:56.185 | INFO     | N/A | ⏳ 等待 Profile 更新任务...
2026-08-07 16:02:01.210 | INFO     | N/A | ⏳ 等待 Profile 更新任务...
2026-08-07 16:02:06.239 | INFO     | N/A | ⏳ 等待 Profile 更新任务...
2026-08-07 16:02:11.263 | INFO     | N/A | ⏳ 等待 Profile 更新任务...
2026-08-07 16:02:16.287 | INFO     | N/A | ⏳ 等待 Profile 更新任务...
2026-08-07 16:02:21.311 | INFO     | N/A | ⏳ 等待 Profile 更新任务...
2026-08-07 16:02:26.338 | INFO     | N/A | ⏳ 等待 Profile 更新任务...
2026-08-07 16:02:31.359 | INFO     | N/A | ⏳ 等待 Profile 更新任务...
2026-08-07 16:02:36.382 | INFO     | N/A | ⏳ 等待 Profile 更新任务...
2026-08-07 16:02:41.405 | INFO     | N/A | ⏳ 等待 Profile 更新任务...
2026-08-07 16:02:46.429 | INFO     | N/A | ⏳ 等待 Profile 更新任务...
2026-08-07 16:02:51.454 | INFO     | N/A | ⏳ 等待 Profile 更新任务...
2026-08-07 16:02:56.480 | INFO     | N/A | ⏳ 等待 Profile 更新任务...
2026-08-07 16:03:01.502 | INFO     | N/A | ⏳ 等待 Profile 更新任务...
2026-08-07 16:03:06.533 | INFO     | N/A | ⏳ 等待 Profile 更新任务...
2026-08-07 16:03:11.555 | INFO     | N/A | ⏳ 等待 Profile 更新任务...
2026-08-07 16:03:16.581 | INFO     | N/A | ⏳ 等待 Profile 更新任务...
2026-08-07 16:03:21.605 | INFO     | N/A | ⏳ 等待 Profile 更新任务...
2026-08-07 16:03:26.630 | INFO     | N/A | ⏳ 等待 Profile 更新任务...
2026-08-07 16:03:31.655 | INFO     | N/A | ⏳ 等待 Profile 更新任务...
2026-08-07 16:03:36.679 | INFO     | N/A | ⏳ 等待 Profile 更新任务...
2026-08-07 16:03:41.702 | INFO     | N/A | ⏳ 等待 Profile 更新任务...
2026-08-07 16:03:46.725 | INFO     | N/A | ⏳ 等待 Profile 更新任务...
2026-08-07 16:03:51.750 | INFO     | N/A | ⏳ 等待 Profile 更新任务...
2026-08-07 16:03:56.777 | INFO     | N/A | ⏳ 等待 Profile 更新任务...
2026-08-07 16:04:01.801 | INFO     | N/A | ⏳ 等待 Profile 更新任务...
2026-08-07 16:04:06.827 | INFO     | N/A | ⏳ 等待 Profile 更新任务...
2026-08-07 16:04:11.851 | INFO     | N/A | ⏳ 等待 Profile 更新任务...
2026-08-07 16:04:16.876 | INFO     | N/A | ⏳ 等待 Profile 更新任务...
2026-08-07 16:04:21.903 | INFO     | N/A | ⏳ 等待 Profile 更新任务...
2026-08-07 16:04:26.927 | INFO     | N/A | ⏳ 等待 Profile 更新任务...
2026-08-07 16:04:31.951 | INFO     | N/A | ⏳ 等待 Profile 更新任务...
2026-08-07 16:04:36.975 | INFO     | N/A | ⏳ 等待 Profile 更新任务...
2026-08-07 16:04:42.000 | INFO     | N/A | ⏳ 等待 Profile 更新任务...
2026-08-07 16:04:47.024 | INFO     | N/A | ⏳ 等待 Profile 更新任务...
2026-08-07 16:04:52.053 | INFO     | N/A | ⏳ 等待 Profile 更新任务...
2026-08-07 16:04:57.077 | INFO     | N/A | ⏳ 等待 Profile 更新任务...
2026-08-07 16:05:02.103 | INFO     | N/A | ⏳ 等待 Profile 更新任务...
2026-08-07 16:05:07.131 | INFO     | N/A | ⏳ 等待 Profile 更新任务...
2026-08-07 16:05:12.155 | INFO     | N/A | ⏳ 等待 Profile 更新任务...
2026-08-07 16:05:17.179 | INFO     | N/A | ⏳ 等待 Profile 更新任务...
2026-08-07 16:05:22.207 | INFO     | N/A | ⏳ 等待 Profile 更新任务...
2026-08-07 16:05:27.231 | INFO     | N/A | ⏳ 等待 Profile 更新任务...
2026-08-07 16:05:32.254 | INFO     | N/A | ⏳ 等待 Profile 更新任务...
2026-08-07 16:05:37.278 | INFO     | N/A | ⏳ 等待 Profile 更新任务...
2026-08-07 16:05:42.305 | INFO     | N/A | ⏳ 等待 Profile 更新任务...
2026-08-07 16:05:47.329 | INFO     | N/A | ⏳ 等待 Profile 更新任务...
2026-08-07 16:05:52.353 | INFO     | N/A | ⏳ 等待 Profile 更新任务...
2026-08-07 16:05:57.378 | INFO     | N/A | ⏳ 等待 Profile 更新任务...
2026-08-07 16:06:02.401 | INFO     | N/A | ⏳ 等待 Profile 更新任务...
2026-08-07 16:06:07.426 | INFO     | N/A | ⏳ 等待 Profile 更新任务...
2026-08-07 16:06:12.450 | INFO     | N/A | ⏳ 等待 Profile 更新任务...
2026-08-07 16:06:17.477 | INFO     | N/A | ⏳ 等待 Profile 更新任务...
2026-08-07 16:06:22.504 | INFO     | N/A | ⏳ 等待 Profile 更新任务...
2026-08-07 16:06:27.530 | INFO     | N/A | ⏳ 等待 Profile 更新任务...
2026-08-07 16:06:32.555 | INFO     | N/A | ⏳ 等待 Profile 更新任务...
2026-08-07 16:06:37.579 | INFO     | N/A | ⏳ 等待 Profile 更新任务...
2026-08-07 16:06:42.602 | INFO     | N/A | ⏳ 等待 Profile 更新任务...
2026-08-07 16:06:47.626 | INFO     | N/A | ⏳ 等待 Profile 更新任务...
2026-08-07 16:06:52.652 | INFO     | N/A | ⏳ 等待 Profile 更新任务...
2026-08-07 16:06:57.681 | INFO     | N/A | ⏳ 等待 Profile 更新任务...
2026-08-07 16:07:02.704 | INFO     | N/A | ⏳ 等待 Profile 更新任务...
2026-08-07 16:07:07.731 | INFO     | N/A | ⏳ 等待 Profile 更新任务...
2026-08-07 16:07:12.757 | INFO     | N/A | ⏳ 等待 Profile 更新任务...
2026-08-07 16:07:17.783 | INFO     | N/A | ⏳ 等待 Profile 更新任务...
2026-08-07 16:07:22.810 | INFO     | N/A | ⏳ 等待 Profile 更新任务...
2026-08-07 16:07:27.834 | INFO     | N/A | ⏳ 等待 Profile 更新任务...
2026-08-07 16:07:32.856 | INFO     | N/A | ⏳ 等待 Profile 更新任务...
2026-08-07 16:07:37.882 | INFO     | N/A | ⏳ 等待 Profile 更新任务...
2026-08-07 16:07:42.905 | INFO     | N/A | ⏳ 等待 Profile 更新任务...
2026-08-07 16:07:47.930 | INFO     | N/A | ⏳ 等待 Profile 更新任务...
2026-08-07 16:07:52.960 | INFO     | N/A | ⏳ 等待 Profile 更新任务...
2026-08-07 16:07:57.984 | INFO     | N/A | ⏳ 等待 Profile 更新任务...
2026-08-07 16:08:03.007 | INFO     | N/A | ⏳ 等待 Profile 更新任务...
2026-08-07 16:08:08.033 | INFO     | N/A | ⏳ 等待 Profile 更新任务...
2026-08-07 16:08:13.057 | INFO     | N/A | ⏳ 等待 Profile 更新任务...
2026-08-07 16:08:18.083 | INFO     | N/A | ⏳ 等待 Profile 更新任务...
2026-08-07 16:08:23.114 | INFO     | N/A | ⏳ 等待 Profile 更新任务...
2026-08-07 16:08:28.138 | INFO     | N/A | ⏳ 等待 Profile 更新任务...
2026-08-07 16:08:33.159 | INFO     | N/A | ⏳ 等待 Profile 更新任务...
2026-08-07 16:08:38.188 | INFO     | N/A | ⏳ 等待 Profile 更新任务...
2026-08-07 16:08:43.211 | INFO     | N/A | ⏳ 等待 Profile 更新任务...
2026-08-07 16:08:48.234 | INFO     | N/A | ⏳ 等待 Profile 更新任务...
2026-08-07 16:08:53.260 | INFO     | N/A | ⏳ 等待 Profile 更新任务...
2026-08-07 16:08:58.284 | INFO     | N/A | ⏳ 等待 Profile 更新任务...
2026-08-07 16:09:03.310 | INFO     | N/A | ⏳ 等待 Profile 更新任务...
2026-08-07 16:09:08.334 | INFO     | N/A | ⏳ 等待 Profile 更新任务...
2026-08-07 16:09:13.357 | INFO     | N/A | ⏳ 等待 Profile 更新任务...
2026-08-07 16:09:18.378 | INFO     | N/A | ⏳ 等待 Profile 更新任务...
2026-08-07 16:09:23.406 | INFO     | N/A | ⏳ 等待 Profile 更新任务...
2026-08-07 16:09:28.430 | INFO     | N/A | ⏳ 等待 Profile 更新任务...
2026-08-07 16:09:33.454 | INFO     | N/A | ⏳ 等待 Profile 更新任务...
2026-08-07 16:09:38.479 | INFO     | N/A | ⏳ 等待 Profile 更新任务...
2026-08-07 16:09:43.502 | INFO     | N/A | ⏳ 等待 Profile 更新任务...
2026-08-07 16:09:48.527 | INFO     | N/A | ⏳ 等待 Profile 更新任务...
2026-08-07 16:09:53.551 | INFO     | N/A | ⏳ 等待 Profile 更新任务...
2026-08-07 16:09:58.579 | INFO     | N/A | ⏳ 等待 Profile 更新任务...
2026-08-07 16:10:03.605 | INFO     | N/A | ⏳ 等待 Profile 更新任务...
2026-08-07 16:10:08.631 | INFO     | N/A | ⏳ 等待 Profile 更新任务...
2026-08-07 16:10:13.657 | INFO     | N/A | ⏳ 等待 Profile 更新任务...
2026-08-07 16:10:18.681 | INFO     | N/A | ⏳ 等待 Profile 更新任务...
2026-08-07 16:10:23.714 | INFO     | N/A | ⏳ 等待 Profile 更新任务...
2026-08-07 16:10:28.736 | INFO     | N/A | ⏳ 等待 Profile 更新任务...
2026-08-07 16:10:33.760 | INFO     | N/A | ⏳ 等待 Profile 更新任务...
2026-08-07 16:10:38.786 | INFO     | N/A | ⏳ 等待 Profile 更新任务...
2026-08-07 16:10:43.810 | INFO     | N/A | ⏳ 等待 Profile 更新任务...
2026-08-07 16:10:48.836 | INFO     | N/A | ⏳ 等待 Profile 更新任务...
2026-08-07 16:10:53.862 | INFO     | N/A | ⏳ 等待 Profile 更新任务...
2026-08-07 16:10:58.885 | INFO     | N/A | ⏳ 等待 Profile 更新任务...
2026-08-07 16:11:03.911 | INFO     | N/A | ⏳ 等待 Profile 更新任务...
2026-08-07 16:11:08.937 | INFO     | N/A | ⏳ 等待 Profile 更新任务...
2026-08-07 16:11:13.962 | INFO     | N/A | ⏳ 等待 Profile 更新任务...
2026-08-07 16:11:18.987 | INFO     | N/A | ⏳ 等待 Profile 更新任务...
2026-08-07 16:11:24.013 | INFO     | N/A | ⏳ 等待 Profile 更新任务...
2026-08-07 16:11:29.035 | INFO     | N/A | ⏳ 等待 Profile 更新任务...
2026-08-07 16:11:34.063 | INFO     | N/A | ⏳ 等待 Profile 更新任务...
2026-08-07 16:11:39.083 | INFO     | N/A | ⏳ 等待 Profile 更新任务...
2026-08-07 16:11:44.104 | INFO     | N/A | ⏳ 等待 Profile 更新任务...
2026-08-07 16:11:49.128 | INFO     | N/A | ⏳ 等待 Profile 更新任务...
2026-08-07 16:11:54.153 | INFO     | N/A | ⏳ 等待 Profile 更新任务...
2026-08-07 16:11:59.177 | INFO     | N/A | ⏳ 等待 Profile 更新任务...
2026-08-07 16:12:04.199 | INFO     | N/A | ⏳ 等待 Profile 更新任务...
2026-08-07 16:12:09.225 | INFO     | N/A | ⏳ 等待 Profile 更新任务...
2026-08-07 16:12:14.253 | INFO     | N/A | ⏳ 等待 Profile 更新任务...
2026-08-07 16:12:19.279 | INFO     | N/A | ⏳ 等待 Profile 更新任务...
2026-08-07 16:12:24.304 | INFO     | N/A | ⏳ 等待 Profile 更新任务...
2026-08-07 16:12:29.330 | INFO     | N/A | ⏳ 等待 Profile 更新任务...
2026-08-07 16:12:34.352 | INFO     | N/A | ⏳ 等待 Profile 更新任务...
2026-08-07 16:12:39.374 | INFO     | N/A | ⏳ 等待 Profile 更新任务...
2026-08-07 16:12:44.397 | INFO     | N/A | ⏳ 等待 Profile 更新任务...
2026-08-07 16:12:49.420 | INFO     | N/A | ⏳ 等待 Profile 更新任务...
2026-08-07 16:12:54.448 | INFO     | N/A | ⏳ 等待 Profile 更新任务...
2026-08-07 16:12:59.473 | INFO     | N/A | ⏳ 等待 Profile 更新任务...
2026-08-07 16:13:04.498 | INFO     | N/A | ⏳ 等待 Profile 更新任务...
2026-08-07 16:13:09.523 | INFO     | N/A | ⏳ 等待 Profile 更新任务...
2026-08-07 16:13:14.547 | INFO     | N/A | ⏳ 等待 Profile 更新任务...
2026-08-07 16:13:19.586 | INFO     | N/A | ⏳ 等待 Profile 更新任务...
2026-08-07 16:13:24.612 | INFO     | N/A | ⏳ 等待 Profile 更新任务...
2026-08-07 16:13:29.637 | INFO     | N/A | ⏳ 等待 Profile 更新任务...
2026-08-07 16:13:34.661 | INFO     | N/A | ⏳ 等待 Profile 更新任务...
2026-08-07 16:13:39.686 | INFO     | N/A | ⏳ 等待 Profile 更新任务...
2026-08-07 16:13:44.708 | INFO     | N/A | ⏳ 等待 Profile 更新任务...
2026-08-07 16:13:49.733 | INFO     | N/A | ⏳ 等待 Profile 更新任务...
2026-08-07 16:13:54.759 | INFO     | N/A | ⏳ 等待 Profile 更新任务...
2026-08-07 16:13:59.783 | INFO     | N/A | ⏳ 等待 Profile 更新任务...
2026-08-07 16:14:04.807 | INFO     | N/A | ⏳ 等待 Profile 更新任务...
2026-08-07 16:14:09.833 | INFO     | N/A | ⏳ 等待 Profile 更新任务...
2026-08-07 16:14:14.857 | INFO     | N/A | ⏳ 等待 Profile 更新任务...
2026-08-07 16:14:19.880 | INFO     | N/A | ⏳ 等待 Profile 更新任务...
2026-08-07 16:14:24.906 | INFO     | N/A | ⏳ 等待 Profile 更新任务...
2026-08-07 16:14:29.932 | INFO     | N/A | ⏳ 等待 Profile 更新任务...
2026-08-07 16:14:34.956 | INFO     | N/A | ⏳ 等待 Profile 更新任务...
2026-08-07 16:14:39.981 | INFO     | N/A | ⏳ 等待 Profile 更新任务...
2026-08-07 16:14:45.009 | INFO     | N/A | ⏳ 等待 Profile 更新任务...
2026-08-07 16:14:50.032 | INFO     | N/A | ⏳ 等待 Profile 更新任务...
2026-08-07 16:14:55.057 | INFO     | N/A | ⏳ 等待 Profile 更新任务...
2026-08-07 16:15:00.081 | INFO     | N/A | ⏳ 等待 Profile 更新任务...
2026-08-07 16:15:05.108 | INFO     | N/A | ⏳ 等待 Profile 更新任务...
2026-08-07 16:15:10.132 | INFO     | N/A | ⏳ 等待 Profile 更新任务...
2026-08-07 16:15:15.155 | INFO     | N/A | ⏳ 等待 Profile 更新任务...
2026-08-07 16:15:20.180 | INFO     | N/A | ⏳ 等待 Profile 更新任务...
2026-08-07 16:15:25.210 | INFO     | N/A | ⏳ 等待 Profile 更新任务...
2026-08-07 16:15:30.233 | INFO     | N/A | ⏳ 等待 Profile 更新任务...
2026-08-07 16:15:35.256 | INFO     | N/A | ⏳ 等待 Profile 更新任务...
2026-08-07 16:15:40.280 | INFO     | N/A | ⏳ 等待 Profile 更新任务...
2026-08-07 16:15:45.305 | INFO     | N/A | ⏳ 等待 Profile 更新任务...
2026-08-07 16:15:50.327 | INFO     | N/A | ⏳ 等待 Profile 更新任务...
2026-08-07 16:15:55.332 | INFO     | N/A | ⏳ 等待 Profile 更新任务...
2026-08-07 16:16:00.379 | INFO     | N/A | ⏳ 等待 Profile 更新任务...
2026-08-07 16:16:05.402 | INFO     | N/A | ⏳ 等待 Profile 更新任务...
2026-08-07 16:16:10.425 | INFO     | N/A | ⏳ 等待 Profile 更新任务...
2026-08-07 16:16:15.452 | INFO     | N/A | ⏳ 等待 Profile 更新任务...
2026-08-07 16:16:20.480 | INFO     | N/A | ⏳ 等待 Profile 更新任务...
2026-08-07 16:16:25.505 | INFO     | N/A | ⏳ 等待 Profile 更新任务...
2026-08-07 16:16:30.529 | INFO     | N/A | ⏳ 等待 Profile 更新任务...
2026-08-07 16:16:35.554 | INFO     | N/A | ⏳ 等待 Profile 更新任务...
2026-08-07 16:16:40.577 | INFO     | N/A | ⏳ 等待 Profile 更新任务...
2026-08-07 16:16:45.603 | INFO     | N/A | ⏳ 等待 Profile 更新任务...
2026-08-07 16:16:50.628 | INFO     | N/A | ⏳ 等待 Profile 更新任务...
2026-08-07 16:16:55.652 | INFO     | N/A | ⏳ 等待 Profile 更新任务...
2026-08-07 16:17:00.676 | INFO     | N/A | ⏳ 等待 Profile 更新任务...
2026-08-07 16:17:05.701 | INFO     | N/A | ⏳ 等待 Profile 更新任务...
2026-08-07 16:17:10.724 | INFO     | N/A | ⏳ 等待 Profile 更新任务...
2026-08-07 16:17:15.749 | INFO     | N/A | ⏳ 等待 Profile 更新任务...
2026-08-07 16:17:20.776 | INFO     | N/A | ⏳ 等待 Profile 更新任务...
2026-08-07 16:17:25.801 | INFO     | N/A | ⏳ 等待 Profile 更新任务...
2026-08-07 16:17:30.824 | INFO     | N/A | ⏳ 等待 Profile 更新任务...
2026-08-07 16:17:35.850 | INFO     | N/A | ⏳ 等待 Profile 更新任务...
2026-08-07 16:17:40.871 | INFO     | N/A | ⏳ 等待 Profile 更新任务...
2026-08-07 16:17:45.895 | INFO     | N/A | ⏳ 等待 Profile 更新任务...
2026-08-07 16:17:50.924 | INFO     | N/A | ⏳ 等待 Profile 更新任务...
2026-08-07 16:17:55.947 | INFO     | N/A | ⏳ 等待 Profile 更新任务...
2026-08-07 16:18:00.971 | INFO     | N/A | ⏳ 等待 Profile 更新任务...
2026-08-07 16:18:05.996 | INFO     | N/A | ⏳ 等待 Profile 更新任务...
2026-08-07 16:18:11.023 | INFO     | N/A | ⏳ 等待 Profile 更新任务...
2026-08-07 16:18:16.048 | INFO     | N/A | ⏳ 等待 Profile 更新任务...
2026-08-07 16:18:21.078 | INFO     | N/A | ⏳ 等待 Profile 更新任务...
2026-08-07 16:18:26.103 | INFO     | N/A | ⏳ 等待 Profile 更新任务...
2026-08-07 16:18:31.128 | INFO     | N/A | ⏳ 等待 Profile 更新任务...
2026-08-07 16:18:36.151 | INFO     | N/A | ⏳ 等待 Profile 更新任务...
2026-08-07 16:18:41.175 | INFO     | N/A | ⏳ 等待 Profile 更新任务...
2026-08-07 16:18:46.198 | INFO     | N/A | ⏳ 等待 Profile 更新任务...
2026-08-07 16:18:51.226 | INFO     | N/A | ⏳ 等待 Profile 更新任务...
2026-08-07 16:18:56.251 | INFO     | N/A | ⏳ 等待 Profile 更新任务...
2026-08-07 16:19:01.275 | INFO     | N/A | ⏳ 等待 Profile 更新任务...
2026-08-07 16:19:06.302 | INFO     | N/A | ⏳ 等待 Profile 更新任务...
2026-08-07 16:19:11.326 | INFO     | N/A | ⏳ 等待 Profile 更新任务...
2026-08-07 16:19:16.352 | INFO     | N/A | ⏳ 等待 Profile 更新任务...
2026-08-07 16:19:21.378 | INFO     | N/A | ⏳ 等待 Profile 更新任务...
2026-08-07 16:19:26.404 | INFO     | N/A | ⏳ 等待 Profile 更新任务...
2026-08-07 16:19:31.429 | INFO     | N/A | ⏳ 等待 Profile 更新任务...
2026-08-07 16:19:36.455 | INFO     | N/A | ⏳ 等待 Profile 更新任务...
2026-08-07 16:19:41.477 | INFO     | N/A | ⏳ 等待 Profile 更新任务...
2026-08-07 16:19:46.502 | INFO     | N/A | ⏳ 等待 Profile 更新任务...
2026-08-07 16:19:51.526 | INFO     | N/A | ⏳ 等待 Profile 更新任务...
2026-08-07 16:19:56.552 | INFO     | N/A | ⏳ 等待 Profile 更新任务...
2026-08-07 16:20:01.577 | INFO     | N/A | ⏳ 等待 Profile 更新任务...
2026-08-07 16:20:06.601 | INFO     | N/A | ⏳ 等待 Profile 更新任务...
2026-08-07 16:20:11.625 | INFO     | N/A | ⏳ 等待 Profile 更新任务...
2026-08-07 16:20:16.651 | INFO     | N/A | ⏳ 等待 Profile 更新任务...
2026-08-07 16:20:21.679 | INFO     | N/A | ⏳ 等待 Profile 更新任务...
2026-08-07 16:20:26.703 | INFO     | N/A | ⏳ 等待 Profile 更新任务...
2026-08-07 16:20:31.727 | INFO     | N/A | ⏳ 等待 Profile 更新任务...
2026-08-07 16:20:36.752 | INFO     | N/A | ⏳ 等待 Profile 更新任务...
2026-08-07 16:20:41.774 | INFO     | N/A | ⏳ 等待 Profile 更新任务...
2026-08-07 16:20:46.799 | INFO     | N/A | ⏳ 等待 Profile 更新任务...
2026-08-07 16:20:51.825 | INFO     | N/A | ⏳ 等待 Profile 更新任务...
2026-08-07 16:20:56.852 | INFO     | N/A | ⏳ 等待 Profile 更新任务...
2026-08-07 16:21:01.876 | INFO     | N/A | ⏳ 等待 Profile 更新任务...
2026-08-07 16:21:06.900 | INFO     | N/A | ⏳ 等待 Profile 更新任务...
2026-08-07 16:21:11.922 | INFO     | N/A | ⏳ 等待 Profile 更新任务...
2026-08-07 16:21:16.947 | INFO     | N/A | ⏳ 等待 Profile 更新任务...
2026-08-07 16:21:21.973 | INFO     | N/A | ⏳ 等待 Profile 更新任务...
2026-08-07 16:21:26.997 | INFO     | N/A | ⏳ 等待 Profile 更新任务...
2026-08-07 16:21:32.021 | INFO     | N/A | ⏳ 等待 Profile 更新任务...
2026-08-07 16:21:37.046 | INFO     | N/A | ⏳ 等待 Profile 更新任务...
2026-08-07 16:21:42.071 | INFO     | N/A | ⏳ 等待 Profile 更新任务...
2026-08-07 16:21:47.097 | INFO     | N/A | ⏳ 等待 Profile 更新任务...
2026-08-07 16:21:52.125 | INFO     | N/A | ⏳ 等待 Profile 更新任务...
2026-08-07 16:21:57.151 | INFO     | N/A | ⏳ 等待 Profile 更新任务...
2026-08-07 16:22:02.176 | INFO     | N/A | ⏳ 等待 Profile 更新任务...
2026-08-07 16:22:07.203 | INFO     | N/A | ⏳ 等待 Profile 更新任务...
2026-08-07 16:22:12.227 | INFO     | N/A | ⏳ 等待 Profile 更新任务...
2026-08-07 16:22:17.258 | INFO     | N/A | ⏳ 等待 Profile 更新任务...
2026-08-07 16:22:22.283 | INFO     | N/A | ⏳ 等待 Profile 更新任务...
2026-08-07 16:22:27.310 | INFO     | N/A | ⏳ 等待 Profile 更新任务...
2026-08-07 16:22:32.335 | INFO     | N/A | ⏳ 等待 Profile 更新任务...
2026-08-07 16:22:37.360 | INFO     | N/A | ⏳ 等待 Profile 更新任务...
2026-08-07 16:22:42.382 | INFO     | N/A | ⏳ 等待 Profile 更新任务...
2026-08-07 16:22:47.406 | INFO     | N/A | ⏳ 等待 Profile 更新任务...
2026-08-07 16:22:52.433 | INFO     | N/A | ⏳ 等待 Profile 更新任务...
2026-08-07 16:22:57.457 | INFO     | N/A | ⏳ 等待 Profile 更新任务...
2026-08-07 16:23:02.483 | INFO     | N/A | ⏳ 等待 Profile 更新任务...
2026-08-07 16:23:07.508 | INFO     | N/A | ⏳ 等待 Profile 更新任务...
2026-08-07 16:23:12.532 | INFO     | N/A | ⏳ 等待 Profile 更新任务...
2026-08-07 16:23:17.556 | INFO     | N/A | ⏳ 等待 Profile 更新任务...
2026-08-07 16:23:22.584 | INFO     | N/A | ⏳ 等待 Profile 更新任务...
2026-08-07 16:23:27.606 | INFO     | N/A | ⏳ 等待 Profile 更新任务...
2026-08-07 16:23:32.631 | INFO     | N/A | ⏳ 等待 Profile 更新任务...
2026-08-07 16:23:37.674 | INFO     | N/A | ⏳ 等待 Profile 更新任务...
2026-08-07 16:23:42.702 | INFO     | N/A | ⏳ 等待 Profile 更新任务...
2026-08-07 16:23:47.725 | INFO     | N/A | ⏳ 等待 Profile 更新任务...
2026-08-07 16:23:52.749 | INFO     | N/A | ⏳ 等待 Profile 更新任务...
2026-08-07 16:23:57.772 | INFO     | N/A | ⏳ 等待 Profile 更新任务...
2026-08-07 16:24:02.797 | INFO     | N/A | ⏳ 等待 Profile 更新任务...
2026-08-07 16:24:07.821 | INFO     | N/A | ⏳ 等待 Profile 更新任务...
2026-08-07 16:24:12.845 | INFO     | N/A | ⏳ 等待 Profile 更新任务...
2026-08-07 16:24:17.868 | INFO     | N/A | ⏳ 等待 Profile 更新任务...
2026-08-07 16:24:22.900 | INFO     | N/A | ⏳ 等待 Profile 更新任务...
2026-08-07 16:24:27.922 | INFO     | N/A | ⏳ 等待 Profile 更新任务...
2026-08-07 16:24:32.944 | INFO     | N/A | ⏳ 等待 Profile 更新任务...
2026-08-07 16:24:37.968 | INFO     | N/A | ⏳ 等待 Profile 更新任务...
2026-08-07 16:24:42.990 | INFO     | N/A | ⏳ 等待 Profile 更新任务...
2026-08-07 16:24:48.012 | INFO     | N/A | ⏳ 等待 Profile 更新任务...
2026-08-07 16:24:53.040 | INFO     | N/A | ⏳ 等待 Profile 更新任务...
2026-08-07 16:24:58.063 | INFO     | N/A | ⏳ 等待 Profile 更新任务...
2026-08-07 16:25:03.086 | INFO     | N/A | ⏳ 等待 Profile 更新任务...
2026-08-07 16:25:08.110 | INFO     | N/A | ⏳ 等待 Profile 更新任务...
2026-08-07 16:25:13.131 | INFO     | N/A | ⏳ 等待 Profile 更新任务...
2026-08-07 16:25:18.155 | INFO     | N/A | ⏳ 等待 Profile 更新任务...
2026-08-07 16:25:23.181 | INFO     | N/A | ⏳ 等待 Profile 更新任务...
2026-08-07 16:25:28.204 | INFO     | N/A | ⏳ 等待 Profile 更新任务...
2026-08-07 16:25:33.231 | INFO     | N/A | ⏳ 等待 Profile 更新任务...
2026-08-07 16:25:38.254 | INFO     | N/A | ⏳ 等待 Profile 更新任务...
2026-08-07 16:25:43.279 | INFO     | N/A | ⏳ 等待 Profile 更新任务...
2026-08-07 16:25:48.301 | INFO     | N/A | ⏳ 等待 Profile 更新任务...
2026-08-07 16:25:53.325 | INFO     | N/A | ⏳ 等待 Profile 更新任务...
2026-08-07 16:25:58.348 | INFO     | N/A | ⏳ 等待 Profile 更新任务...
2026-08-07 16:26:03.371 | INFO     | N/A | ⏳ 等待 Profile 更新任务...
2026-08-07 16:26:08.402 | INFO     | N/A | ⏳ 等待 Profile 更新任务...
2026-08-07 16:26:13.426 | INFO     | N/A | ⏳ 等待 Profile 更新任务...
2026-08-07 16:26:18.452 | INFO     | N/A | ⏳ 等待 Profile 更新任务...
2026-08-07 16:26:23.480 | INFO     | N/A | ⏳ 等待 Profile 更新任务...
2026-08-07 16:26:28.502 | INFO     | N/A | ⏳ 等待 Profile 更新任务...
2026-08-07 16:26:33.523 | INFO     | N/A | ⏳ 等待 Profile 更新任务...
2026-08-07 16:26:38.566 | INFO     | N/A | ⏳ 等待 Profile 更新任务...
2026-08-07 16:26:43.618 | INFO     | N/A | ⏳ 等待 Profile 更新任务...
2026-08-07 16:26:48.648 | INFO     | N/A | ⏳ 等待 Profile 更新任务...
2026-08-07 16:26:53.683 | INFO     | N/A | ⏳ 等待 Profile 更新任务...
2026-08-07 16:26:58.720 | INFO     | N/A | ⏳ 等待 Profile 更新任务...
2026-08-07 16:27:03.756 | INFO     | N/A | ⏳ 等待 Profile 更新任务...
2026-08-07 16:27:08.796 | INFO     | N/A | ⏳ 等待 Profile 更新任务...
2026-08-07 16:27:13.823 | INFO     | N/A | ⏳ 等待 Profile 更新任务...
2026-08-07 16:27:18.857 | INFO     | N/A | ⏳ 等待 Profile 更新任务...
2026-08-07 16:27:23.899 | INFO     | N/A | ⏳ 等待 Profile 更新任务...
2026-08-07 16:27:28.933 | INFO     | N/A | ⏳ 等待 Profile 更新任务...
2026-08-07 16:27:33.974 | INFO     | N/A | ⏳ 等待 Profile 更新任务...
2026-08-07 16:27:39.005 | INFO     | N/A | ⏳ 等待 Profile 更新任务...
2026-08-07 16:27:44.034 | INFO     | N/A | ⏳ 等待 Profile 更新任务...
2026-08-07 16:27:49.069 | INFO     | N/A | ⏳ 等待 Profile 更新任务...
2026-08-07 16:27:54.107 | INFO     | N/A | ⏳ 等待 Profile 更新任务...
2026-08-07 16:27:59.135 | INFO     | N/A | ⏳ 等待 Profile 更新任务...
2026-08-07 16:28:04.168 | INFO     | N/A | ⏳ 等待 Profile 更新任务...
2026-08-07 16:28:09.217 | INFO     | N/A | ⏳ 等待 Profile 更新任务...
2026-08-07 16:28:14.247 | INFO     | N/A | ⏳ 等待 Profile 更新任务...
2026-08-07 16:28:19.302 | INFO     | N/A | ⏳ 等待 Profile 更新任务...
2026-08-07 16:28:24.339 | INFO     | N/A | ⏳ 等待 Profile 更新任务...
2026-08-07 16:28:29.376 | INFO     | N/A | ⏳ 等待 Profile 更新任务...
2026-08-07 16:28:34.412 | INFO     | N/A | ⏳ 等待 Profile 更新任务...
2026-08-07 16:28:39.446 | INFO     | N/A | ⏳ 等待 Profile 更新任务...
2026-08-07 16:28:44.481 | INFO     | N/A | ⏳ 等待 Profile 更新任务...
2026-08-07 16:28:49.513 | INFO     | N/A | ⏳ 等待 Profile 更新任务...
2026-08-07 16:28:54.545 | INFO     | N/A | ⏳ 等待 Profile 更新任务...
2026-08-07 16:28:59.614 | INFO     | N/A | ⏳ 等待 Profile 更新任务...
2026-08-07 16:29:04.648 | INFO     | N/A | ⏳ 等待 Profile 更新任务...
2026-08-07 16:29:09.679 | INFO     | N/A | ⏳ 等待 Profile 更新任务...
2026-08-07 16:29:14.714 | INFO     | N/A | ⏳ 等待 Profile 更新任务...
2026-08-07 16:29:19.748 | INFO     | N/A | ⏳ 等待 Profile 更新任务...
2026-08-07 16:29:24.781 | INFO     | N/A | ⏳ 等待 Profile 更新任务...
2026-08-07 16:29:29.824 | INFO     | N/A | ⏳ 等待 Profile 更新任务...
2026-08-07 16:29:34.875 | INFO     | N/A | ⏳ 等待 Profile 更新任务...
2026-08-07 16:29:39.922 | INFO     | N/A | ⏳ 等待 Profile 更新任务...
2026-08-07 16:29:44.958 | INFO     | N/A | ⏳ 等待 Profile 更新任务...
2026-08-07 16:29:50.019 | INFO     | N/A | ⏳ 等待 Profile 更新任务...
2026-08-07 16:29:55.056 | INFO     | N/A | ⏳ 等待 Profile 更新任务...
2026-08-07 16:30:00.093 | INFO     | N/A | ⏳ 等待 Profile 更新任务...
2026-08-07 16:30:05.130 | INFO     | N/A | ⏳ 等待 Profile 更新任务...
2026-08-07 16:30:10.162 | INFO     | N/A | ⏳ 等待 Profile 更新任务...
2026-08-07 16:30:15.198 | INFO     | N/A | ⏳ 等待 Profile 更新任务...
2026-08-07 16:30:20.233 | INFO     | N/A | ⏳ 等待 Profile 更新任务...
2026-08-07 16:30:25.280 | INFO     | N/A | ⏳ 等待 Profile 更新任务...
2026-08-07 16:30:30.324 | INFO     | N/A | ⏳ 等待 Profile 更新任务...
2026-08-07 16:30:35.328 | INFO     | N/A | ⏳ 等待 Profile 更新任务...
2026-08-07 16:30:40.398 | INFO     | N/A | ⏳ 等待 Profile 更新任务...
2026-08-07 16:30:45.432 | INFO     | N/A | ⏳ 等待 Profile 更新任务...
2026-08-07 16:30:50.465 | INFO     | N/A | ⏳ 等待 Profile 更新任务...
2026-08-07 16:30:55.502 | INFO     | N/A | ⏳ 等待 Profile 更新任务...
2026-08-07 16:31:00.530 | INFO     | N/A | ⏳ 等待 Profile 更新任务...
2026-08-07 16:31:05.557 | INFO     | N/A | ⏳ 等待 Profile 更新任务...
2026-08-07 16:31:10.591 | INFO     | N/A | ⏳ 等待 Profile 更新任务...
2026-08-07 16:31:15.621 | INFO     | N/A | ⏳ 等待 Profile 更新任务...
2026-08-07 16:31:20.648 | INFO     | N/A | ⏳ 等待 Profile 更新任务...
2026-08-07 16:31:25.678 | INFO     | N/A | ⏳ 等待 Profile 更新任务...
2026-08-07 16:31:30.718 | INFO     | N/A | ⏳ 等待 Profile 更新任务...
2026-08-07 16:31:35.804 | INFO     | N/A | ⏳ 等待 Profile 更新任务...
2026-08-07 16:31:40.839 | INFO     | N/A | ⏳ 等待 Profile 更新任务...
2026-08-07 16:31:45.863 | INFO     | N/A | ⏳ 等待 Profile 更新任务...
2026-08-07 16:31:50.891 | INFO     | N/A | ⏳ 等待 Profile 更新任务...
2026-08-07 16:31:55.922 | INFO     | N/A | ⏳ 等待 Profile 更新任务...
2026-08-07 16:32:00.953 | INFO     | N/A | ⏳ 等待 Profile 更新任务...
2026-08-07 16:32:05.993 | INFO     | N/A | ⏳ 等待 Profile 更新任务...
2026-08-07 16:32:11.024 | INFO     | N/A | ⏳ 等待 Profile 更新任务...
2026-08-07 16:32:16.038 | INFO     | N/A | ⏳ 等待 Profile 更新任务...
2026-08-07 16:32:21.064 | INFO     | N/A | ⏳ 等待 Profile 更新任务...
2026-08-07 16:32:26.093 | INFO     | N/A | ⏳ 等待 Profile 更新任务...
2026-08-07 16:32:31.147 | INFO     | N/A | ⏳ 等待 Profile 更新任务...
2026-08-07 16:32:36.172 | INFO     | N/A | ⏳ 等待 Profile 更新任务...
2026-08-07 16:32:41.202 | INFO     | N/A | ⏳ 等待 Profile 更新任务...
2026-08-07 16:32:46.275 | INFO     | N/A | ⏳ 等待 Profile 更新任务...
2026-08-07 16:32:51.304 | INFO     | N/A | ⏳ 等待 Profile 更新任务...
2026-08-07 16:32:56.332 | INFO     | N/A | ⏳ 等待 Profile 更新任务...
2026-08-07 16:33:01.405 | INFO     | N/A | ⏳ 等待 Profile 更新任务...
2026-08-07 16:33:06.438 | INFO     | N/A | ⏳ 等待 Profile 更新任务...
2026-08-07 16:33:11.465 | INFO     | N/A | ⏳ 等待 Profile 更新任务...
2026-08-07 16:33:16.494 | INFO     | N/A | ⏳ 等待 Profile 更新任务...
2026-08-07 16:33:21.521 | INFO     | N/A | ⏳ 等待 Profile 更新任务...
2026-08-07 16:33:26.551 | INFO     | N/A | ⏳ 等待 Profile 更新任务...
2026-08-07 16:33:31.588 | INFO     | N/A | ⏳ 等待 Profile 更新任务...
2026-08-07 16:33:36.612 | INFO     | N/A | ⏳ 等待 Profile 更新任务...
2026-08-07 16:33:41.640 | INFO     | N/A | ⏳ 等待 Profile 更新任务...
2026-08-07 16:33:46.703 | INFO     | N/A | ⏳ 等待 Profile 更新任务...
2026-08-07 16:33:51.736 | INFO     | N/A | ⏳ 等待 Profile 更新任务...
2026-08-07 16:33:56.771 | INFO     | N/A | ⏳ 等待 Profile 更新任务...
2026-08-07 16:34:01.837 | INFO     | N/A | ⏳ 等待 Profile 更新任务...
2026-08-07 16:34:06.872 | INFO     | N/A | ⏳ 等待 Profile 更新任务...
2026-08-07 16:34:11.946 | INFO     | N/A | ⏳ 等待 Profile 更新任务...
2026-08-07 16:34:16.979 | INFO     | N/A | ⏳ 等待 Profile 更新任务...
2026-08-07 16:34:22.024 | INFO     | N/A | ⏳ 等待 Profile 更新任务...
2026-08-07 16:34:27.053 | INFO     | N/A | ⏳ 等待 Profile 更新任务...
2026-08-07 16:34:32.077 | INFO     | N/A | ⏳ 等待 Profile 更新任务...
2026-08-07 16:34:37.100 | INFO     | N/A | ⏳ 等待 Profile 更新任务...
2026-08-07 16:34:42.128 | INFO     | N/A | ⏳ 等待 Profile 更新任务...
2026-08-07 16:34:47.153 | INFO     | N/A | ⏳ 等待 Profile 更新任务...
2026-08-07 16:34:52.180 | INFO     | N/A | ⏳ 等待 Profile 更新任务...
2026-08-07 16:34:57.209 | INFO     | N/A | ⏳ 等待 Profile 更新任务...
2026-08-07 16:35:02.237 | INFO     | N/A | ⏳ 等待 Profile 更新任务...
2026-08-07 16:35:07.266 | INFO     | N/A | ⏳ 等待 Profile 更新任务...
2026-08-07 16:35:12.291 | INFO     | N/A | ⏳ 等待 Profile 更新任务...
2026-08-07 16:35:17.351 | INFO     | N/A | ⏳ 等待 Profile 更新任务...
2026-08-07 16:35:22.376 | INFO     | N/A | ⏳ 等待 Profile 更新任务...
2026-08-07 16:35:27.405 | INFO     | N/A | ⏳ 等待 Profile 更新任务...
2026-08-07 16:35:32.446 | INFO     | N/A | ⏳ 等待 Profile 更新任务...
2026-08-07 16:35:37.477 | INFO     | N/A | ⏳ 等待 Profile 更新任务...
2026-08-07 16:35:42.510 | INFO     | N/A | ⏳ 等待 Profile 更新任务...
2026-08-07 16:35:47.543 | INFO     | N/A | ⏳ 等待 Profile 更新任务...
2026-08-07 16:35:52.578 | INFO     | N/A | ⏳ 等待 Profile 更新任务...
2026-08-07 16:35:57.615 | INFO     | N/A | ⏳ 等待 Profile 更新任务...
2026-08-07 16:36:02.642 | INFO     | N/A | ⏳ 等待 Profile 更新任务...
2026-08-07 16:36:07.667 | INFO     | N/A | ⏳ 等待 Profile 更新任务...
2026-08-07 16:36:12.689 | INFO     | N/A | ⏳ 等待 Profile 更新任务...
2026-08-07 16:36:17.726 | INFO     | N/A | ⏳ 等待 Profile 更新任务...
2026-08-07 16:36:22.752 | INFO     | N/A | ⏳ 等待 Profile 更新任务...
2026-08-07 16:36:27.784 | INFO     | N/A | ⏳ 等待 Profile 更新任务...
2026-08-07 16:36:32.821 | INFO     | N/A | ⏳ 等待 Profile 更新任务...
2026-08-07 16:36:37.851 | INFO     | N/A | ⏳ 等待 Profile 更新任务...
2026-08-07 16:36:42.877 | INFO     | N/A | ⏳ 等待 Profile 更新任务...
2026-08-07 16:36:47.905 | INFO     | N/A | ⏳ 等待 Profile 更新任务...
2026-08-07 16:36:52.945 | INFO     | N/A | ⏳ 等待 Profile 更新任务...
2026-08-07 16:36:57.983 | INFO     | N/A | ⏳ 等待 Profile 更新任务...
2026-08-07 16:37:03.043 | INFO     | N/A | ⏳ 等待 Profile 更新任务...
2026-08-07 16:37:08.072 | INFO     | N/A | ⏳ 等待 Profile 更新任务...
2026-08-07 16:37:13.104 | INFO     | N/A | ⏳ 等待 Profile 更新任务...
2026-08-07 16:37:18.141 | INFO     | N/A | ⏳ 等待 Profile 更新任务...
2026-08-07 16:37:23.188 | INFO     | N/A | ⏳ 等待 Profile 更新任务...
2026-08-07 16:37:28.224 | INFO     | N/A | ⏳ 等待 Profile 更新任务...
2026-08-07 16:37:33.258 | INFO     | N/A | ⏳ 等待 Profile 更新任务...
2026-08-07 16:37:38.293 | INFO     | N/A | ⏳ 等待 Profile 更新任务...
2026-08-07 16:37:43.327 | INFO     | N/A | ⏳ 等待 Profile 更新任务...
2026-08-07 16:37:48.366 | INFO     | N/A | ⏳ 等待 Profile 更新任务...
2026-08-07 16:37:53.393 | INFO     | N/A | ⏳ 等待 Profile 更新任务...
2026-08-07 16:37:58.417 | INFO     | N/A | ⏳ 等待 Profile 更新任务...
2026-08-07 16:38:03.482 | INFO     | N/A | ⏳ 等待 Profile 更新任务...
2026-08-07 16:38:08.527 | INFO     | N/A | ⏳ 等待 Profile 更新任务...
2026-08-07 16:38:13.555 | INFO     | N/A | ⏳ 等待 Profile 更新任务...
2026-08-07 16:38:18.582 | INFO     | N/A | ⏳ 等待 Profile 更新任务...
2026-08-07 16:38:23.611 | INFO     | N/A | ⏳ 等待 Profile 更新任务...
2026-08-07 16:38:28.634 | INFO     | N/A | ⏳ 等待 Profile 更新任务...
2026-08-07 16:38:33.662 | INFO     | N/A | ⏳ 等待 Profile 更新任务...
2026-08-07 16:38:38.688 | INFO     | N/A | ⏳ 等待 Profile 更新任务...
2026-08-07 16:38:43.722 | INFO     | N/A | ⏳ 等待 Profile 更新任务...
2026-08-07 16:38:48.762 | INFO     | N/A | ⏳ 等待 Profile 更新任务...
2026-08-07 16:38:53.847 | INFO     | N/A | ⏳ 等待 Profile 更新任务...
2026-08-07 16:38:58.879 | INFO     | N/A | ⏳ 等待 Profile 更新任务...
2026-08-07 16:39:03.910 | INFO     | N/A | ⏳ 等待 Profile 更新任务...
2026-08-07 16:39:08.943 | INFO     | N/A | ⏳ 等待 Profile 更新任务...
2026-08-07 16:39:13.966 | INFO     | N/A | ⏳ 等待 Profile 更新任务...
2026-08-07 16:39:18.994 | INFO     | N/A | ⏳ 等待 Profile 更新任务...
2026-08-07 16:39:24.033 | INFO     | N/A | ⏳ 等待 Profile 更新任务...
2026-08-07 16:39:29.075 | INFO     | N/A | ⏳ 等待 Profile 更新任务...
2026-08-07 16:39:34.109 | INFO     | N/A | ⏳ 等待 Profile 更新任务...
2026-08-07 16:39:39.141 | INFO     | N/A | ⏳ 等待 Profile 更新任务...
2026-08-07 16:39:44.170 | INFO     | N/A | ⏳ 等待 Profile 更新任务...
2026-08-07 16:39:49.203 | INFO     | N/A | ⏳ 等待 Profile 更新任务...
2026-08-07 16:39:54.272 | INFO     | N/A | ⏳ 等待 Profile 更新任务...
2026-08-07 16:39:59.313 | INFO     | N/A | ⏳ 等待 Profile 更新任务...
2026-08-07 16:40:04.367 | INFO     | N/A | ⏳ 等待 Profile 更新任务...
2026-08-07 16:40:11.198 | INFO     | N/A | ⏳ 等待 Profile 更新任务...
2026-08-07 16:40:16.294 | INFO     | N/A | ⏳ 等待 Profile 更新任务...
2026-08-07 16:40:21.375 | INFO     | N/A | ⏳ 等待 Profile 更新任务...
2026-08-07 16:40:26.401 | INFO     | N/A | ⏳ 等待 Profile 更新任务...
2026-08-07 16:40:31.428 | INFO     | N/A | ⏳ 等待 Profile 更新任务...
2026-08-07 16:40:36.460 | INFO     | N/A | ⏳ 等待 Profile 更新任务...
2026-08-07 16:40:41.520 | INFO     | N/A | ⏳ 等待 Profile 更新任务...
2026-08-07 16:40:46.545 | INFO     | N/A | ⏳ 等待 Profile 更新任务...
2026-08-07 16:40:52.952 | INFO     | N/A | ⏳ 等待 Profile 更新任务...
2026-08-07 16:40:57.977 | INFO     | N/A | ⏳ 等待 Profile 更新任务...
2026-08-07 16:41:03.035 | INFO     | N/A | ⏳ 等待 Profile 更新任务...
2026-08-07 16:41:08.064 | INFO     | N/A | ⏳ 等待 Profile 更新任务...
2026-08-07 16:41:13.123 | INFO     | N/A | ⏳ 等待 Profile 更新任务...
2026-08-07 16:41:18.162 | INFO     | N/A | ⏳ 等待 Profile 更新任务...
2026-08-07 16:41:23.199 | INFO     | N/A | ⏳ 等待 Profile 更新任务...
2026-08-07 16:41:28.236 | INFO     | N/A | ⏳ 等待 Profile 更新任务...
2026-08-07 16:41:33.270 | INFO     | N/A | ⏳ 等待 Profile 更新任务...
2026-08-07 16:41:38.318 | INFO     | N/A | ⏳ 等待 Profile 更新任务...
2026-08-07 16:41:43.350 | INFO     | N/A | ⏳ 等待 Profile 更新任务...
2026-08-07 16:41:48.385 | INFO     | N/A | ⏳ 等待 Profile 更新任务...
2026-08-07 16:41:53.413 | INFO     | N/A | ⏳ 等待 Profile 更新任务...
2026-08-07 16:41:58.454 | INFO     | N/A | ⏳ 等待 Profile 更新任务...
2026-08-07 16:42:03.501 | INFO     | N/A | ⏳ 等待 Profile 更新任务...
2026-08-07 16:42:08.537 | INFO     | N/A | ⏳ 等待 Profile 更新任务...
2026-08-07 16:42:13.569 | INFO     | N/A | ⏳ 等待 Profile 更新任务...
2026-08-07 16:42:18.601 | INFO     | N/A | ⏳ 等待 Profile 更新任务...
2026-08-07 16:42:23.639 | INFO     | N/A | ⏳ 等待 Profile 更新任务...
2026-08-07 16:42:28.700 | INFO     | N/A | ⏳ 等待 Profile 更新任务...
2026-08-07 16:42:33.725 | INFO     | N/A | ⏳ 等待 Profile 更新任务...
2026-08-07 16:42:38.752 | INFO     | N/A | ⏳ 等待 Profile 更新任务...
2026-08-07 16:42:43.808 | INFO     | N/A | ⏳ 等待 Profile 更新任务...
2026-08-07 16:42:48.816 | INFO     | N/A | ⏳ 等待 Profile 更新任务...
2026-08-07 16:42:53.852 | INFO     | N/A | ⏳ 等待 Profile 更新任务...
2026-08-07 16:42:58.886 | INFO     | N/A | ⏳ 等待 Profile 更新任务...
2026-08-07 16:43:03.917 | INFO     | N/A | ⏳ 等待 Profile 更新任务...
2026-08-07 16:43:08.964 | INFO     | N/A | ⏳ 等待 Profile 更新任务...
2026-08-07 16:43:14.040 | INFO     | N/A | ⏳ 等待 Profile 更新任务...
2026-08-07 16:43:19.080 | INFO     | N/A | ⏳ 等待 Profile 更新任务...
2026-08-07 16:43:24.102 | INFO     | N/A | ⏳ 等待 Profile 更新任务...
2026-08-07 16:43:29.129 | INFO     | N/A | ⏳ 等待 Profile 更新任务...
2026-08-07 16:43:34.157 | INFO     | N/A | ⏳ 等待 Profile 更新任务...
2026-08-07 16:43:39.174 | INFO     | N/A | ⏳ 等待 Profile 更新任务...
2026-08-07 16:43:44.213 | INFO     | N/A | ⏳ 等待 Profile 更新任务...
2026-08-07 16:43:49.262 | INFO     | N/A | ⏳ 等待 Profile 更新任务...
2026-08-07 16:43:54.295 | INFO     | N/A | ⏳ 等待 Profile 更新任务...
2026-08-07 16:43:59.335 | INFO     | N/A | ⏳ 等待 Profile 更新任务...
2026-08-07 16:44:04.366 | INFO     | N/A | ⏳ 等待 Profile 更新任务...
2026-08-07 16:44:09.419 | INFO     | N/A | ⏳ 等待 Profile 更新任务...
2026-08-07 16:44:14.451 | INFO     | N/A | ⏳ 等待 Profile 更新任务...
2026-08-07 16:44:19.485 | INFO     | N/A | ⏳ 等待 Profile 更新任务...
2026-08-07 16:44:24.516 | INFO     | N/A | ⏳ 等待 Profile 更新任务...
2026-08-07 16:44:29.554 | INFO     | N/A | ⏳ 等待 Profile 更新任务...
2026-08-07 16:44:34.594 | INFO     | N/A | ⏳ 等待 Profile 更新任务...
2026-08-07 16:44:39.623 | INFO     | N/A | ⏳ 等待 Profile 更新任务...
2026-08-07 16:44:44.665 | INFO     | N/A | ⏳ 等待 Profile 更新任务...
2026-08-07 16:44:49.739 | INFO     | N/A | ⏳ 等待 Profile 更新任务...
2026-08-07 16:44:54.769 | INFO     | N/A | ⏳ 等待 Profile 更新任务...
2026-08-07 16:44:59.802 | INFO     | N/A | ⏳ 等待 Profile 更新任务...
2026-08-07 16:45:04.831 | INFO     | N/A | ⏳ 等待 Profile 更新任务...
2026-08-07 16:45:09.857 | INFO     | N/A | ⏳ 等待 Profile 更新任务...
2026-08-07 16:45:14.892 | INFO     | N/A | ⏳ 等待 Profile 更新任务...
2026-08-07 16:45:19.981 | INFO     | N/A | ⏳ 等待 Profile 更新任务...
2026-08-07 16:45:25.052 | INFO     | N/A | ⏳ 等待 Profile 更新任务...
2026-08-07 16:45:30.082 | INFO     | N/A | ⏳ 等待 Profile 更新任务...
2026-08-07 16:45:35.107 | INFO     | N/A | ⏳ 等待 Profile 更新任务...
2026-08-07 16:45:40.165 | INFO     | N/A | ⏳ 等待 Profile 更新任务...
2026-08-07 16:45:45.195 | INFO     | N/A | ⏳ 等待 Profile 更新任务...
2026-08-07 16:45:50.230 | INFO     | N/A | ⏳ 等待 Profile 更新任务...
2026-08-07 16:45:55.269 | INFO     | N/A | ⏳ 等待 Profile 更新任务...
2026-08-07 16:46:00.311 | INFO     | N/A | ⏳ 等待 Profile 更新任务...
2026-08-07 16:46:05.361 | INFO     | N/A | ⏳ 等待 Profile 更新任务...
2026-08-07 16:46:10.394 | INFO     | N/A | ⏳ 等待 Profile 更新任务...
2026-08-07 16:46:15.433 | INFO     | N/A | ⏳ 等待 Profile 更新任务...
2026-08-07 16:46:20.472 | INFO     | N/A | ⏳ 等待 Profile 更新任务...
2026-08-07 16:46:25.504 | INFO     | N/A | ⏳ 等待 Profile 更新任务...
2026-08-07 16:46:30.534 | INFO     | N/A | ⏳ 等待 Profile 更新任务...
2026-08-07 16:46:35.571 | INFO     | N/A | ⏳ 等待 Profile 更新任务...
2026-08-07 16:46:40.600 | INFO     | N/A | ⏳ 等待 Profile 更新任务...
2026-08-07 16:46:45.643 | INFO     | N/A | ⏳ 等待 Profile 更新任务...
2026-08-07 16:46:50.712 | INFO     | N/A | ⏳ 等待 Profile 更新任务...
2026-08-07 16:46:55.780 | INFO     | N/A | ⏳ 等待 Profile 更新任务...
2026-08-07 16:47:00.814 | INFO     | N/A | ⏳ 等待 Profile 更新任务...
2026-08-07 16:47:05.848 | INFO     | N/A | ⏳ 等待 Profile 更新任务...
2026-08-07 16:47:10.880 | INFO     | N/A | ⏳ 等待 Profile 更新任务...
2026-08-07 16:47:15.913 | INFO     | N/A | ⏳ 等待 Profile 更新任务...
2026-08-07 16:47:20.968 | INFO     | N/A | ⏳ 等待 Profile 更新任务...
2026-08-07 16:47:26.055 | INFO     | N/A | ⏳ 等待 Profile 更新任务...
2026-08-07 16:47:31.150 | INFO     | N/A | ⏳ 等待 Profile 更新任务...
2026-08-07 16:47:36.210 | INFO     | N/A | ⏳ 等待 Profile 更新任务...
2026-08-07 16:47:41.258 | INFO     | N/A | ⏳ 等待 Profile 更新任务...
2026-08-07 16:47:46.307 | INFO     | N/A | ⏳ 等待 Profile 更新任务...
2026-08-07 16:47:51.344 | INFO     | N/A | ⏳ 等待 Profile 更新任务...
2026-08-07 16:47:56.378 | INFO     | N/A | ⏳ 等待 Profile 更新任务...
2026-08-07 16:48:01.412 | INFO     | N/A | ⏳ 等待 Profile 更新任务...
2026-08-07 16:48:06.449 | INFO     | N/A | ⏳ 等待 Profile 更新任务...
2026-08-07 16:48:11.497 | INFO     | N/A | ⏳ 等待 Profile 更新任务...
2026-08-07 16:48:16.534 | INFO     | N/A | ⏳ 等待 Profile 更新任务...
2026-08-07 16:48:21.555 | INFO     | N/A | ⏳ 等待 Profile 更新任务...
2026-08-07 16:48:26.636 | INFO     | N/A | ⏳ 等待 Profile 更新任务...
2026-08-07 16:48:31.671 | INFO     | N/A | ⏳ 等待 Profile 更新任务...
2026-08-07 16:48:36.706 | INFO     | N/A | ⏳ 等待 Profile 更新任务...
2026-08-07 16:48:41.788 | INFO     | N/A | ⏳ 等待 Profile 更新任务...
2026-08-07 16:48:46.909 | INFO     | N/A | ⏳ 等待 Profile 更新任务...
2026-08-07 16:48:51.973 | INFO     | N/A | ⏳ 等待 Profile 更新任务...
2026-08-07 16:48:57.053 | INFO     | N/A | ⏳ 等待 Profile 更新任务...
2026-08-07 16:49:02.098 | INFO     | N/A | ⏳ 等待 Profile 更新任务...
2026-08-07 16:49:07.127 | INFO     | N/A | ⏳ 等待 Profile 更新任务...
2026-08-07 16:49:12.158 | INFO     | N/A | ⏳ 等待 Profile 更新任务...
2026-08-07 16:49:17.223 | INFO     | N/A | ⏳ 等待 Profile 更新任务...
2026-08-07 16:49:22.248 | INFO     | N/A | ⏳ 等待 Profile 更新任务...
2026-08-07 16:49:27.280 | INFO     | N/A | ⏳ 等待 Profile 更新任务...
2026-08-07 16:49:32.310 | INFO     | N/A | ⏳ 等待 Profile 更新任务...
2026-08-07 16:49:37.339 | INFO     | N/A | ⏳ 等待 Profile 更新任务...
2026-08-07 16:49:42.364 | INFO     | N/A | ⏳ 等待 Profile 更新任务...
2026-08-07 16:49:47.400 | INFO     | N/A | ⏳ 等待 Profile 更新任务...
2026-08-07 16:49:52.429 | INFO     | N/A | ⏳ 等待 Profile 更新任务...
2026-08-07 16:49:57.455 | INFO     | N/A | ⏳ 等待 Profile 更新任务...
2026-08-07 16:50:02.488 | INFO     | N/A | ⏳ 等待 Profile 更新任务...
2026-08-07 16:50:07.525 | INFO     | N/A | ⏳ 等待 Profile 更新任务...
2026-08-07 16:50:12.574 | INFO     | N/A | ⏳ 等待 Profile 更新任务...
2026-08-07 16:50:17.598 | INFO     | N/A | ⏳ 等待 Profile 更新任务...
2026-08-07 16:50:22.626 | INFO     | N/A | ⏳ 等待 Profile 更新任务...
2026-08-07 16:50:27.649 | INFO     | N/A | ⏳ 等待 Profile 更新任务...
2026-08-07 16:50:32.678 | INFO     | N/A | ⏳ 等待 Profile 更新任务...
2026-08-07 16:50:37.725 | INFO     | N/A | ⏳ 等待 Profile 更新任务...
2026-08-07 16:50:42.756 | INFO     | N/A | ⏳ 等待 Profile 更新任务...
2026-08-07 16:50:47.804 | INFO     | N/A | ⏳ 等待 Profile 更新任务...
2026-08-07 16:50:52.871 | INFO     | N/A | ⏳ 等待 Profile 更新任务...
2026-08-07 16:50:57.903 | INFO     | N/A | ⏳ 等待 Profile 更新任务...
2026-08-07 16:51:02.930 | INFO     | N/A | ⏳ 等待 Profile 更新任务...
2026-08-07 16:51:07.969 | INFO     | N/A | ⏳ 等待 Profile 更新任务...
2026-08-07 16:51:13.000 | INFO     | N/A | ⏳ 等待 Profile 更新任务...
2026-08-07 16:51:18.040 | INFO     | N/A | ⏳ 等待 Profile 更新任务...
2026-08-07 16:51:23.044 | INFO     | N/A | ⏳ 等待 Profile 更新任务...
2026-08-07 16:51:28.090 | INFO     | N/A | ⏳ 等待 Profile 更新任务...
2026-08-07 16:51:33.178 | INFO     | N/A | ⏳ 等待 Profile 更新任务...
2026-08-07 16:51:38.239 | INFO     | N/A | ⏳ 等待 Profile 更新任务...
2026-08-07 16:51:43.270 | INFO     | N/A | ⏳ 等待 Profile 更新任务...
2026-08-07 16:51:48.309 | INFO     | N/A | ⏳ 等待 Profile 更新任务...
2026-08-07 16:51:53.339 | INFO     | N/A | ⏳ 等待 Profile 更新任务...
2026-08-07 16:51:58.367 | INFO     | N/A | ⏳ 等待 Profile 更新任务...
2026-08-07 16:52:03.397 | INFO     | N/A | ⏳ 等待 Profile 更新任务...
2026-08-07 16:52:08.441 | INFO     | N/A | ⏳ 等待 Profile 更新任务...
2026-08-07 16:52:13.475 | INFO     | N/A | ⏳ 等待 Profile 更新任务...
2026-08-07 16:52:18.510 | INFO     | N/A | ⏳ 等待 Profile 更新任务...
2026-08-07 16:52:23.547 | INFO     | N/A | ⏳ 等待 Profile 更新任务...
2026-08-07 16:52:28.583 | INFO     | N/A | ⏳ 等待 Profile 更新任务...
2026-08-07 16:52:33.618 | INFO     | N/A | ⏳ 等待 Profile 更新任务...
2026-08-07 16:52:38.653 | INFO     | N/A | ⏳ 等待 Profile 更新任务...
2026-08-07 16:52:43.687 | INFO     | N/A | ⏳ 等待 Profile 更新任务...
2026-08-07 16:52:48.724 | INFO     | N/A | ⏳ 等待 Profile 更新任务...
2026-08-07 16:52:53.753 | INFO     | N/A | ⏳ 等待 Profile 更新任务...
2026-08-07 16:52:58.777 | INFO     | N/A | ⏳ 等待 Profile 更新任务...
2026-08-07 16:53:03.806 | INFO     | N/A | ⏳ 等待 Profile 更新任务...
2026-08-07 16:53:08.833 | INFO     | N/A | ⏳ 等待 Profile 更新任务...
2026-08-07 16:53:13.860 | INFO     | N/A | ⏳ 等待 Profile 更新任务...
2026-08-07 16:53:18.894 | INFO     | N/A | ⏳ 等待 Profile 更新任务...
2026-08-07 16:53:23.929 | INFO     | N/A | ⏳ 等待 Profile 更新任务...
2026-08-07 16:53:29.002 | INFO     | N/A | ⏳ 等待 Profile 更新任务...
2026-08-07 16:53:34.041 | INFO     | N/A | ⏳ 等待 Profile 更新任务...
2026-08-07 16:53:39.077 | INFO     | N/A | ⏳ 等待 Profile 更新任务...
2026-08-07 16:53:44.110 | INFO     | N/A | ⏳ 等待 Profile 更新任务...
2026-08-07 16:53:49.181 | INFO     | N/A | ⏳ 等待 Profile 更新任务...
2026-08-07 16:53:54.210 | INFO     | N/A | ⏳ 等待 Profile 更新任务...
2026-08-07 16:53:59.238 | INFO     | N/A | ⏳ 等待 Profile 更新任务...
2026-08-07 16:54:04.269 | INFO     | N/A | ⏳ 等待 Profile 更新任务...
2026-08-07 16:54:09.319 | INFO     | N/A | ⏳ 等待 Profile 更新任务...
2026-08-07 16:54:14.358 | INFO     | N/A | ⏳ 等待 Profile 更新任务...
2026-08-07 16:54:19.403 | INFO     | N/A | ⏳ 等待 Profile 更新任务...
2026-08-07 16:54:24.431 | INFO     | N/A | ⏳ 等待 Profile 更新任务...
2026-08-07 16:54:29.465 | INFO     | N/A | ⏳ 等待 Profile 更新任务...
2026-08-07 16:54:34.498 | INFO     | N/A | ⏳ 等待 Profile 更新任务...
2026-08-07 16:54:39.533 | INFO     | N/A | ⏳ 等待 Profile 更新任务...
2026-08-07 16:54:44.574 | INFO     | N/A | ⏳ 等待 Profile 更新任务...
2026-08-07 16:54:49.607 | INFO     | N/A | ⏳ 等待 Profile 更新任务...
2026-08-07 16:54:54.640 | INFO     | N/A | ⏳ 等待 Profile 更新任务...
2026-08-07 16:54:59.674 | INFO     | N/A | ⏳ 等待 Profile 更新任务...
2026-08-07 16:55:04.714 | INFO     | N/A | ⏳ 等待 Profile 更新任务...
2026-08-07 16:55:09.768 | INFO     | N/A | ⏳ 等待 Profile 更新任务...
2026-08-07 16:55:14.804 | INFO     | N/A | ⏳ 等待 Profile 更新任务...
2026-08-07 16:55:19.844 | INFO     | N/A | ⏳ 等待 Profile 更新任务...
2026-08-07 16:55:24.879 | INFO     | N/A | ⏳ 等待 Profile 更新任务...
2026-08-07 16:55:29.914 | INFO     | N/A | ⏳ 等待 Profile 更新任务...
2026-08-07 16:55:34.963 | INFO     | N/A | ⏳ 等待 Profile 更新任务...
2026-08-07 16:55:40.019 | INFO     | N/A | ⏳ 等待 Profile 更新任务...
2026-08-07 16:55:45.053 | INFO     | N/A | ⏳ 等待 Profile 更新任务...
2026-08-07 16:55:50.086 | INFO     | N/A | ⏳ 等待 Profile 更新任务...
2026-08-07 16:55:55.112 | INFO     | N/A | ⏳ 等待 Profile 更新任务...
2026-08-07 16:56:00.138 | INFO     | N/A | ⏳ 等待 Profile 更新任务...
2026-08-07 16:56:05.167 | INFO     | N/A | ⏳ 等待 Profile 更新任务...
2026-08-07 16:56:10.212 | INFO     | N/A | ⏳ 等待 Profile 更新任务...
2026-08-07 16:56:15.247 | INFO     | N/A | ⏳ 等待 Profile 更新任务...
2026-08-07 16:56:20.278 | INFO     | N/A | ⏳ 等待 Profile 更新任务...
2026-08-07 16:56:25.304 | INFO     | N/A | ⏳ 等待 Profile 更新任务...
2026-08-07 16:56:30.337 | INFO     | N/A | ⏳ 等待 Profile 更新任务...
2026-08-07 16:56:35.374 | INFO     | N/A | ⏳ 等待 Profile 更新任务...
2026-08-07 16:56:40.409 | INFO     | N/A | ⏳ 等待 Profile 更新任务...
2026-08-07 16:56:45.445 | INFO     | N/A | ⏳ 等待 Profile 更新任务...
2026-08-07 16:56:50.471 | INFO     | N/A | ⏳ 等待 Profile 更新任务...
2026-08-07 16:56:55.498 | INFO     | N/A | ⏳ 等待 Profile 更新任务...
2026-08-07 16:57:00.528 | INFO     | N/A | ⏳ 等待 Profile 更新任务...
2026-08-07 16:57:05.552 | INFO     | N/A | ⏳ 等待 Profile 更新任务...
2026-08-07 16:57:10.584 | INFO     | N/A | ⏳ 等待 Profile 更新任务...
2026-08-07 16:57:15.619 | INFO     | N/A | ⏳ 等待 Profile 更新任务...
2026-08-07 16:57:20.668 | INFO     | N/A | ⏳ 等待 Profile 更新任务...
2026-08-07 16:57:25.701 | INFO     | N/A | ⏳ 等待 Profile 更新任务...
2026-08-07 16:57:30.716 | INFO     | N/A | ⏳ 等待 Profile 更新任务...
2026-08-07 16:57:35.743 | INFO     | N/A | ⏳ 等待 Profile 更新任务...
2026-08-07 16:57:40.767 | INFO     | N/A | ⏳ 等待 Profile 更新任务...
2026-08-07 16:57:45.796 | INFO     | N/A | ⏳ 等待 Profile 更新任务...
2026-08-07 16:57:50.825 | INFO     | N/A | ⏳ 等待 Profile 更新任务...
2026-08-07 16:57:55.882 | INFO     | N/A | ⏳ 等待 Profile 更新任务...
2026-08-07 16:58:00.919 | INFO     | N/A | ⏳ 等待 Profile 更新任务...
2026-08-07 16:58:05.954 | INFO     | N/A | ⏳ 等待 Profile 更新任务...
2026-08-07 16:58:10.988 | INFO     | N/A | ⏳ 等待 Profile 更新任务...
2026-08-07 16:58:16.015 | INFO     | N/A | ⏳ 等待 Profile 更新任务...
2026-08-07 16:58:21.050 | INFO     | N/A | ⏳ 等待 Profile 更新任务...
2026-08-07 16:58:26.076 | INFO     | N/A | ⏳ 等待 Profile 更新任务...
2026-08-07 16:58:31.105 | INFO     | N/A | ⏳ 等待 Profile 更新任务...
2026-08-07 16:58:36.141 | INFO     | N/A | ⏳ 等待 Profile 更新任务...
2026-08-07 16:58:41.174 | INFO     | N/A | ⏳ 等待 Profile 更新任务...
2026-08-07 16:58:46.232 | INFO     | N/A | ⏳ 等待 Profile 更新任务...
2026-08-07 16:58:51.284 | INFO     | N/A | ⏳ 等待 Profile 更新任务...
2026-08-07 16:58:56.313 | INFO     | N/A | ⏳ 等待 Profile 更新任务...
2026-08-07 16:59:01.352 | INFO     | N/A | ⏳ 等待 Profile 更新任务...
2026-08-07 16:59:06.398 | INFO     | N/A | ⏳ 等待 Profile 更新任务...
2026-08-07 16:59:11.434 | INFO     | N/A | ⏳ 等待 Profile 更新任务...
2026-08-07 16:59:16.463 | INFO     | N/A | ⏳ 等待 Profile 更新任务...
2026-08-07 16:59:21.501 | INFO     | N/A | ⏳ 等待 Profile 更新任务...
2026-08-07 16:59:26.530 | INFO     | N/A | ⏳ 等待 Profile 更新任务...
2026-08-07 16:59:31.630 | INFO     | N/A | ⏳ 等待 Profile 更新任务...
2026-08-07 16:59:36.657 | INFO     | N/A | ⏳ 等待 Profile 更新任务...
2026-08-07 16:59:41.685 | INFO     | N/A | ⏳ 等待 Profile 更新任务...
2026-08-07 16:59:46.697 | INFO     | N/A | ⏳ 等待 Profile 更新任务...
2026-08-07 16:59:51.758 | INFO     | N/A | ⏳ 等待 Profile 更新任务...
2026-08-07 16:59:56.783 | INFO     | N/A | ⏳ 等待 Profile 更新任务...
2026-08-07 17:00:01.811 | INFO     | N/A | ⏳ 等待 Profile 更新任务...
2026-08-07 17:00:06.836 | INFO     | N/A | ⏳ 等待 Profile 更新任务...
2026-08-07 17:00:11.864 | INFO     | N/A | ⏳ 等待 Profile 更新任务...
2026-08-07 17:00:16.893 | INFO     | N/A | ⏳ 等待 Profile 更新任务...
2026-08-07 17:00:21.933 | INFO     | N/A | ⏳ 等待 Profile 更新任务...
2026-08-07 17:00:26.963 | INFO     | N/A | ⏳ 等待 Profile 更新任务...
2026-08-07 17:00:32.008 | INFO     | N/A | ⏳ 等待 Profile 更新任务...
2026-08-07 17:00:37.042 | INFO     | N/A | ⏳ 等待 Profile 更新任务...
2026-08-07 17:00:42.079 | INFO     | N/A | ⏳ 等待 Profile 更新任务...
2026-08-07 17:00:47.117 | INFO     | N/A | ⏳ 等待 Profile 更新任务...
2026-08-07 17:00:52.184 | INFO     | N/A | ⏳ 等待 Profile 更新任务...
2026-08-07 17:00:57.220 | INFO     | N/A | ⏳ 等待 Profile 更新任务...
2026-08-07 17:01:02.279 | INFO     | N/A | ⏳ 等待 Profile 更新任务...
2026-08-07 17:01:07.316 | INFO     | N/A | ⏳ 等待 Profile 更新任务...
2026-08-07 17:01:12.346 | INFO     | N/A | ⏳ 等待 Profile 更新任务...
2026-08-07 17:01:17.378 | INFO     | N/A | ⏳ 等待 Profile 更新任务...
2026-08-07 17:01:22.412 | INFO     | N/A | ⏳ 等待 Profile 更新任务...
2026-08-07 17:01:27.447 | INFO     | N/A | ⏳ 等待 Profile 更新任务...
2026-08-07 17:01:32.487 | INFO     | N/A | ⏳ 等待 Profile 更新任务...
2026-08-07 17:01:37.523 | INFO     | N/A | ⏳ 等待 Profile 更新任务...
2026-08-07 17:01:42.566 | INFO     | N/A | ⏳ 等待 Profile 更新任务...
2026-08-07 17:01:47.597 | INFO     | N/A | ⏳ 等待 Profile 更新任务...
2026-08-07 17:01:52.623 | INFO     | N/A | ⏳ 等待 Profile 更新任务...
2026-08-07 17:01:57.658 | INFO     | N/A | ⏳ 等待 Profile 更新任务...
2026-08-07 17:02:02.696 | INFO     | N/A | ⏳ 等待 Profile 更新任务...
2026-08-07 17:02:07.729 | INFO     | N/A | ⏳ 等待 Profile 更新任务...
2026-08-07 17:02:12.764 | INFO     | N/A | ⏳ 等待 Profile 更新任务...
2026-08-07 17:02:17.801 | INFO     | N/A | ⏳ 等待 Profile 更新任务...
2026-08-07 17:02:22.838 | INFO     | N/A | ⏳ 等待 Profile 更新任务...
2026-08-07 17:02:27.874 | INFO     | N/A | ⏳ 等待 Profile 更新任务...
2026-08-07 17:02:32.913 | INFO     | N/A | ⏳ 等待 Profile 更新任务...
2026-08-07 17:02:37.946 | INFO     | N/A | ⏳ 等待 Profile 更新任务...
2026-08-07 17:02:42.980 | INFO     | N/A | ⏳ 等待 Profile 更新任务...
2026-08-07 17:02:48.019 | INFO     | N/A | ⏳ 等待 Profile 更新任务...
2026-08-07 17:02:53.058 | INFO     | N/A | ⏳ 等待 Profile 更新任务...
2026-08-07 17:02:58.099 | INFO     | N/A | ⏳ 等待 Profile 更新任务...
2026-08-07 17:03:03.135 | INFO     | N/A | ⏳ 等待 Profile 更新任务...
2026-08-07 17:03:08.179 | INFO     | N/A | ⏳ 等待 Profile 更新任务...
2026-08-07 17:03:13.212 | INFO     | N/A | ⏳ 等待 Profile 更新任务...
2026-08-07 17:03:18.251 | INFO     | N/A | ⏳ 等待 Profile 更新任务...
2026-08-07 17:03:23.282 | INFO     | N/A | ⏳ 等待 Profile 更新任务...
2026-08-07 17:03:28.320 | INFO     | N/A | ⏳ 等待 Profile 更新任务...
2026-08-07 17:03:33.358 | INFO     | N/A | ⏳ 等待 Profile 更新任务...
2026-08-07 17:03:38.388 | INFO     | N/A | ⏳ 等待 Profile 更新任务...
2026-08-07 17:03:43.430 | INFO     | N/A | ⏳ 等待 Profile 更新任务...
2026-08-07 17:03:48.459 | INFO     | N/A | ⏳ 等待 Profile 更新任务...
2026-08-07 17:03:53.491 | INFO     | N/A | ⏳ 等待 Profile 更新任务...
2026-08-07 17:03:58.527 | INFO     | N/A | ⏳ 等待 Profile 更新任务...
2026-08-07 17:04:03.563 | INFO     | N/A | ⏳ 等待 Profile 更新任务...
2026-08-07 17:04:08.597 | INFO     | N/A | ⏳ 等待 Profile 更新任务...
2026-08-07 17:04:13.627 | INFO     | N/A | ⏳ 等待 Profile 更新任务...
2026-08-07 17:04:18.691 | INFO     | N/A | ⏳ 等待 Profile 更新任务...
2026-08-07 17:04:23.724 | INFO     | N/A | ⏳ 等待 Profile 更新任务...
2026-08-07 17:04:28.760 | INFO     | N/A | ⏳ 等待 Profile 更新任务...
2026-08-07 17:04:33.803 | INFO     | N/A | ⏳ 等待 Profile 更新任务...
2026-08-07 17:04:38.841 | INFO     | N/A | ⏳ 等待 Profile 更新任务...
2026-08-07 17:04:43.925 | INFO     | N/A | ⏳ 等待 Profile 更新任务...
2026-08-07 17:04:49.028 | INFO     | N/A | ⏳ 等待 Profile 更新任务...
2026-08-07 17:04:54.061 | INFO     | N/A | ⏳ 等待 Profile 更新任务...
2026-08-07 17:04:59.097 | INFO     | N/A | ⏳ 等待 Profile 更新任务...
2026-08-07 17:05:04.123 | INFO     | N/A | ⏳ 等待 Profile 更新任务...
2026-08-07 17:05:09.151 | INFO     | N/A | ⏳ 等待 Profile 更新任务...
2026-08-07 17:05:14.176 | INFO     | N/A | ⏳ 等待 Profile 更新任务...
2026-08-07 17:05:19.203 | INFO     | N/A | ⏳ 等待 Profile 更新任务...
2026-08-07 17:05:24.232 | INFO     | N/A | ⏳ 等待 Profile 更新任务...
2026-08-07 17:05:29.259 | INFO     | N/A | ⏳ 等待 Profile 更新任务...
2026-08-07 17:05:34.287 | INFO     | N/A | ⏳ 等待 Profile 更新任务...
2026-08-07 17:05:39.337 | INFO     | N/A | ⏳ 等待 Profile 更新任务...
2026-08-07 17:05:44.363 | INFO     | N/A | ⏳ 等待 Profile 更新任务...
2026-08-07 17:05:49.391 | INFO     | N/A | ⏳ 等待 Profile 更新任务...
2026-08-07 17:05:54.445 | INFO     | N/A | ⏳ 等待 Profile 更新任务...
2026-08-07 17:05:59.470 | INFO     | N/A | ⏳ 等待 Profile 更新任务...
2026-08-07 17:06:04.498 | INFO     | N/A | ⏳ 等待 Profile 更新任务...
2026-08-07 17:06:09.539 | INFO     | N/A | ⏳ 等待 Profile 更新任务...
2026-08-07 17:06:14.572 | INFO     | N/A | ⏳ 等待 Profile 更新任务...
2026-08-07 17:06:19.610 | INFO     | N/A | ⏳ 等待 Profile 更新任务...
2026-08-07 17:06:24.646 | INFO     | N/A | ⏳ 等待 Profile 更新任务...
2026-08-07 17:06:29.673 | INFO     | N/A | ⏳ 等待 Profile 更新任务...
2026-08-07 17:06:34.714 | INFO     | N/A | ⏳ 等待 Profile 更新任务...
2026-08-07 17:06:39.754 | INFO     | N/A | ⏳ 等待 Profile 更新任务...
2026-08-07 17:06:44.805 | INFO     | N/A | ⏳ 等待 Profile 更新任务...
2026-08-07 17:06:49.832 | INFO     | N/A | ⏳ 等待 Profile 更新任务...
2026-08-07 17:06:54.862 | INFO     | N/A | ⏳ 等待 Profile 更新任务...
2026-08-07 17:06:59.886 | INFO     | N/A | ⏳ 等待 Profile 更新任务...
2026-08-07 17:07:04.911 | INFO     | N/A | ⏳ 等待 Profile 更新任务...
2026-08-07 17:07:09.940 | INFO     | N/A | ⏳ 等待 Profile 更新任务...
2026-08-07 17:07:14.977 | INFO     | N/A | ⏳ 等待 Profile 更新任务...
2026-08-07 17:07:20.004 | INFO     | N/A | ⏳ 等待 Profile 更新任务...
2026-08-07 17:07:25.040 | INFO     | N/A | ⏳ 等待 Profile 更新任务...
2026-08-07 17:07:30.072 | INFO     | N/A | ⏳ 等待 Profile 更新任务...
2026-08-07 17:07:35.111 | INFO     | N/A | ⏳ 等待 Profile 更新任务...
2026-08-07 17:07:40.145 | INFO     | N/A | ⏳ 等待 Profile 更新任务...
2026-08-07 17:07:45.188 | INFO     | N/A | ⏳ 等待 Profile 更新任务...
2026-08-07 17:07:50.221 | INFO     | N/A | ⏳ 等待 Profile 更新任务...
2026-08-07 17:07:55.265 | INFO     | N/A | ⏳ 等待 Profile 更新任务...
2026-08-07 17:08:00.291 | INFO     | N/A | ⏳ 等待 Profile 更新任务...
2026-08-07 17:08:05.323 | INFO     | N/A | ⏳ 等待 Profile 更新任务...
2026-08-07 17:08:10.357 | INFO     | N/A | ⏳ 等待 Profile 更新任务...
2026-08-07 17:08:15.414 | INFO     | N/A | ⏳ 等待 Profile 更新任务...
2026-08-07 17:08:20.449 | INFO     | N/A | ⏳ 等待 Profile 更新任务...
2026-08-07 17:08:25.498 | INFO     | N/A | ⏳ 等待 Profile 更新任务...
2026-08-07 17:08:30.522 | INFO     | N/A | ⏳ 等待 Profile 更新任务...
2026-08-07 17:08:35.553 | INFO     | N/A | ⏳ 等待 Profile 更新任务...
2026-08-07 17:08:40.601 | INFO     | N/A | ⏳ 等待 Profile 更新任务...
2026-08-07 17:08:45.651 | INFO     | N/A | ⏳ 等待 Profile 更新任务...
2026-08-07 17:08:50.752 | INFO     | N/A | ⏳ 等待 Profile 更新任务...
2026-08-07 17:08:55.782 | INFO     | N/A | ⏳ 等待 Profile 更新任务...
2026-08-07 17:09:00.808 | INFO     | N/A | ⏳ 等待 Profile 更新任务...
2026-08-07 17:09:05.843 | INFO     | N/A | ⏳ 等待 Profile 更新任务...
2026-08-07 17:09:10.887 | INFO     | N/A | ⏳ 等待 Profile 更新任务...
2026-08-07 17:09:15.910 | INFO     | N/A | ⏳ 等待 Profile 更新任务...
2026-08-07 17:09:20.939 | INFO     | N/A | ⏳ 等待 Profile 更新任务...
2026-08-07 17:09:25.970 | INFO     | N/A | ⏳ 等待 Profile 更新任务...
2026-08-07 17:09:31.070 | INFO     | N/A | ⏳ 等待 Profile 更新任务...
2026-08-07 17:09:36.103 | INFO     | N/A | ⏳ 等待 Profile 更新任务...
2026-08-07 17:09:41.148 | INFO     | N/A | ⏳ 等待 Profile 更新任务...
2026-08-07 17:09:46.186 | INFO     | N/A | ⏳ 等待 Profile 更新任务...
2026-08-07 17:09:51.224 | INFO     | N/A | ⏳ 等待 Profile 更新任务...
2026-08-07 17:09:56.247 | INFO     | N/A | ⏳ 等待 Profile 更新任务...
2026-08-07 17:10:01.278 | INFO     | N/A | ⏳ 等待 Profile 更新任务...
2026-08-07 17:10:06.321 | INFO     | N/A | ⏳ 等待 Profile 更新任务...
2026-08-07 17:10:11.355 | INFO     | N/A | ⏳ 等待 Profile 更新任务...
2026-08-07 17:10:16.379 | INFO     | N/A | ⏳ 等待 Profile 更新任务...
2026-08-07 17:10:21.409 | INFO     | N/A | ⏳ 等待 Profile 更新任务...
2026-08-07 17:10:26.440 | INFO     | N/A | ⏳ 等待 Profile 更新任务...
2026-08-07 17:10:31.467 | INFO     | N/A | ⏳ 等待 Profile 更新任务...
2026-08-07 17:10:36.519 | INFO     | N/A | ⏳ 等待 Profile 更新任务...
2026-08-07 17:10:41.549 | INFO     | N/A | ⏳ 等待 Profile 更新任务...
2026-08-07 17:10:46.581 | INFO     | N/A | ⏳ 等待 Profile 更新任务...
2026-08-07 17:10:51.616 | INFO     | N/A | ⏳ 等待 Profile 更新任务...
2026-08-07 17:10:56.651 | INFO     | N/A | ⏳ 等待 Profile 更新任务...
2026-08-07 17:11:01.681 | INFO     | N/A | ⏳ 等待 Profile 更新任务...
2026-08-07 17:11:06.697 | INFO     | N/A | ⏳ 等待 Profile 更新任务...
2026-08-07 17:11:11.748 | INFO     | N/A | ⏳ 等待 Profile 更新任务...
2026-08-07 17:11:16.811 | INFO     | N/A | ⏳ 等待 Profile 更新任务...
2026-08-07 17:11:21.845 | INFO     | N/A | ⏳ 等待 Profile 更新任务...
2026-08-07 17:11:26.920 | INFO     | N/A | ⏳ 等待 Profile 更新任务...
2026-08-07 17:11:31.950 | INFO     | N/A | ⏳ 等待 Profile 更新任务...
2026-08-07 17:11:36.982 | INFO     | N/A | ⏳ 等待 Profile 更新任务...
2026-08-07 17:11:42.020 | INFO     | N/A | ⏳ 等待 Profile 更新任务...
2026-08-07 17:11:47.055 | INFO     | N/A | ⏳ 等待 Profile 更新任务...
2026-08-07 17:11:52.092 | INFO     | N/A | ⏳ 等待 Profile 更新任务...
2026-08-07 17:11:57.125 | INFO     | N/A | ⏳ 等待 Profile 更新任务...
2026-08-07 17:12:02.162 | INFO     | N/A | ⏳ 等待 Profile 更新任务...
2026-08-07 17:12:07.197 | INFO     | N/A | ⏳ 等待 Profile 更新任务...
2026-08-07 17:12:12.271 | INFO     | N/A | ⏳ 等待 Profile 更新任务...
2026-08-07 17:12:17.345 | INFO     | N/A | ⏳ 等待 Profile 更新任务...
2026-08-07 17:12:22.383 | INFO     | N/A | ⏳ 等待 Profile 更新任务...
2026-08-07 17:12:27.434 | INFO     | N/A | ⏳ 等待 Profile 更新任务...
2026-08-07 17:12:32.476 | INFO     | N/A | ⏳ 等待 Profile 更新任务...
2026-08-07 17:12:37.512 | INFO     | N/A | ⏳ 等待 Profile 更新任务...
2026-08-07 17:12:42.547 | INFO     | N/A | ⏳ 等待 Profile 更新任务...
2026-08-07 17:12:47.582 | INFO     | N/A | ⏳ 等待 Profile 更新任务...
2026-08-07 17:12:52.616 | INFO     | N/A | ⏳ 等待 Profile 更新任务...
2026-08-07 17:12:57.664 | INFO     | N/A | ⏳ 等待 Profile 更新任务...
2026-08-07 17:13:02.704 | INFO     | N/A | ⏳ 等待 Profile 更新任务...
2026-08-07 17:13:07.743 | INFO     | N/A | ⏳ 等待 Profile 更新任务...
2026-08-07 17:13:12.811 | INFO     | N/A | ⏳ 等待 Profile 更新任务...
2026-08-07 17:13:17.870 | INFO     | N/A | ⏳ 等待 Profile 更新任务...
2026-08-07 17:13:22.905 | INFO     | N/A | ⏳ 等待 Profile 更新任务...
2026-08-07 17:13:27.995 | INFO     | N/A | ⏳ 等待 Profile 更新任务...
2026-08-07 17:13:33.032 | INFO     | N/A | ⏳ 等待 Profile 更新任务...
2026-08-07 17:13:38.070 | INFO     | N/A | ⏳ 等待 Profile 更新任务...
2026-08-07 17:13:43.100 | INFO     | N/A | ⏳ 等待 Profile 更新任务...
2026-08-07 17:13:48.146 | INFO     | N/A | ⏳ 等待 Profile 更新任务...
2026-08-07 17:13:53.176 | INFO     | N/A | ⏳ 等待 Profile 更新任务...
2026-08-07 17:13:58.222 | INFO     | N/A | ⏳ 等待 Profile 更新任务...
2026-08-07 17:14:03.261 | INFO     | N/A | ⏳ 等待 Profile 更新任务...
2026-08-07 17:14:08.296 | INFO     | N/A | ⏳ 等待 Profile 更新任务...
2026-08-07 17:14:13.334 | INFO     | N/A | ⏳ 等待 Profile 更新任务...
2026-08-07 17:14:18.384 | INFO     | N/A | ⏳ 等待 Profile 更新任务...
2026-08-07 17:14:23.417 | INFO     | N/A | ⏳ 等待 Profile 更新任务...
2026-08-07 17:14:28.448 | INFO     | N/A | ⏳ 等待 Profile 更新任务...
2026-08-07 17:14:33.494 | INFO     | N/A | ⏳ 等待 Profile 更新任务...
2026-08-07 17:14:38.522 | INFO     | N/A | ⏳ 等待 Profile 更新任务...
2026-08-07 17:14:43.559 | INFO     | N/A | ⏳ 等待 Profile 更新任务...
2026-08-07 17:14:48.596 | INFO     | N/A | ⏳ 等待 Profile 更新任务...
2026-08-07 17:14:53.643 | INFO     | N/A | ⏳ 等待 Profile 更新任务...
2026-08-07 17:14:58.676 | INFO     | N/A | ⏳ 等待 Profile 更新任务...
2026-08-07 17:15:03.721 | INFO     | N/A | ⏳ 等待 Profile 更新任务...
2026-08-07 17:15:08.758 | INFO     | N/A | ⏳ 等待 Profile 更新任务...
2026-08-07 17:15:13.794 | INFO     | N/A | ⏳ 等待 Profile 更新任务...
2026-08-07 17:15:18.822 | INFO     | N/A | ⏳ 等待 Profile 更新任务...
2026-08-07 17:15:23.857 | INFO     | N/A | ⏳ 等待 Profile 更新任务...
2026-08-07 17:15:28.914 | INFO     | N/A | ⏳ 等待 Profile 更新任务...
2026-08-07 17:15:33.973 | INFO     | N/A | ⏳ 等待 Profile 更新任务...
2026-08-07 17:15:39.017 | INFO     | N/A | ⏳ 等待 Profile 更新任务...
2026-08-07 17:15:44.050 | INFO     | N/A | ⏳ 等待 Profile 更新任务...
2026-08-07 17:15:49.075 | INFO     | N/A | ⏳ 等待 Profile 更新任务...
2026-08-07 17:15:54.103 | INFO     | N/A | ⏳ 等待 Profile 更新任务...
2026-08-07 17:15:59.130 | INFO     | N/A | ⏳ 等待 Profile 更新任务...
2026-08-07 17:16:04.155 | INFO     | N/A | ⏳ 等待 Profile 更新任务...
2026-08-07 17:16:09.186 | INFO     | N/A | ⏳ 等待 Profile 更新任务...
2026-08-07 17:16:14.266 | INFO     | N/A | ⏳ 等待 Profile 更新任务...
2026-08-07 17:16:19.288 | INFO     | N/A | ⏳ 等待 Profile 更新任务...
2026-08-07 17:16:24.312 | INFO     | N/A | ⏳ 等待 Profile 更新任务...
2026-08-07 17:16:29.338 | INFO     | N/A | ⏳ 等待 Profile 更新任务...
2026-08-07 17:16:34.369 | INFO     | N/A | ⏳ 等待 Profile 更新任务...
2026-08-07 17:16:39.396 | INFO     | N/A | ⏳ 等待 Profile 更新任务...
2026-08-07 17:16:44.424 | INFO     | N/A | ⏳ 等待 Profile 更新任务...
2026-08-07 17:16:49.456 | INFO     | N/A | ⏳ 等待 Profile 更新任务...
2026-08-07 17:16:54.483 | INFO     | N/A | ⏳ 等待 Profile 更新任务...
2026-08-07 17:16:59.509 | INFO     | N/A | ⏳ 等待 Profile 更新任务...
2026-08-07 17:17:04.554 | INFO     | N/A | ⏳ 等待 Profile 更新任务...
2026-08-07 17:17:09.587 | INFO     | N/A | ⏳ 等待 Profile 更新任务...
2026-08-07 17:17:14.617 | INFO     | N/A | ⏳ 等待 Profile 更新任务...
2026-08-07 17:17:19.642 | INFO     | N/A | ⏳ 等待 Profile 更新任务...
2026-08-07 17:17:24.675 | INFO     | N/A | ⏳ 等待 Profile 更新任务...
2026-08-07 17:17:29.704 | INFO     | N/A | ⏳ 等待 Profile 更新任务...
2026-08-07 17:17:34.729 | INFO     | N/A | ⏳ 等待 Profile 更新任务...
2026-08-07 17:17:39.757 | INFO     | N/A | ⏳ 等待 Profile 更新任务...
2026-08-07 17:17:44.791 | INFO     | N/A | ⏳ 等待 Profile 更新任务...
2026-08-07 17:17:49.817 | INFO     | N/A | ⏳ 等待 Profile 更新任务...
2026-08-07 17:17:54.843 | INFO     | N/A | ⏳ 等待 Profile 更新任务...
2026-08-07 17:17:59.883 | INFO     | N/A | ⏳ 等待 Profile 更新任务...
2026-08-07 17:18:04.917 | INFO     | N/A | ⏳ 等待 Profile 更新任务...
2026-08-07 17:18:09.953 | INFO     | N/A | ⏳ 等待 Profile 更新任务...
2026-08-07 17:18:14.993 | INFO     | N/A | ⏳ 等待 Profile 更新任务...
2026-08-07 17:18:20.024 | INFO     | N/A | ⏳ 等待 Profile 更新任务...
2026-08-07 17:18:25.058 | INFO     | N/A | ⏳ 等待 Profile 更新任务...
2026-08-07 17:18:30.090 | INFO     | N/A | ⏳ 等待 Profile 更新任务...
2026-08-07 17:18:35.135 | INFO     | N/A | ⏳ 等待 Profile 更新任务...
2026-08-07 17:18:40.181 | INFO     | N/A | ⏳ 等待 Profile 更新任务...
2026-08-07 17:18:45.209 | INFO     | N/A | ⏳ 等待 Profile 更新任务...
2026-08-07 17:18:50.262 | INFO     | N/A | ⏳ 等待 Profile 更新任务...
2026-08-07 17:18:55.292 | INFO     | N/A | ⏳ 等待 Profile 更新任务...
2026-08-07 17:19:00.361 | INFO     | N/A | ⏳ 等待 Profile 更新任务...
2026-08-07 17:19:05.392 | INFO     | N/A | ⏳ 等待 Profile 更新任务...
2026-08-07 17:19:10.428 | INFO     | N/A | ⏳ 等待 Profile 更新任务...
2026-08-07 17:19:15.462 | INFO     | N/A | ⏳ 等待 Profile 更新任务...
2026-08-07 17:19:20.498 | INFO     | N/A | ⏳ 等待 Profile 更新任务...
2026-08-07 17:19:25.550 | INFO     | N/A | ⏳ 等待 Profile 更新任务...
2026-08-07 17:19:30.590 | INFO     | N/A | ⏳ 等待 Profile 更新任务...
2026-08-07 17:19:35.630 | INFO     | N/A | ⏳ 等待 Profile 更新任务...
2026-08-07 17:19:40.661 | INFO     | N/A | ⏳ 等待 Profile 更新任务...
2026-08-07 17:19:45.714 | INFO     | N/A | ⏳ 等待 Profile 更新任务...
2026-08-07 17:19:50.749 | INFO     | N/A | ⏳ 等待 Profile 更新任务...
2026-08-07 17:19:55.785 | INFO     | N/A | ⏳ 等待 Profile 更新任务...
2026-08-07 17:20:00.815 | INFO     | N/A | ⏳ 等待 Profile 更新任务...
2026-08-07 17:20:05.849 | INFO     | N/A | ⏳ 等待 Profile 更新任务...
2026-08-07 17:20:10.882 | INFO     | N/A | ⏳ 等待 Profile 更新任务...
2026-08-07 17:20:15.927 | INFO     | N/A | ⏳ 等待 Profile 更新任务...
2026-08-07 17:20:20.958 | INFO     | N/A | ⏳ 等待 Profile 更新任务...
2026-08-07 17:20:25.998 | INFO     | N/A | ⏳ 等待 Profile 更新任务...
2026-08-07 17:20:31.054 | INFO     | N/A | ⏳ 等待 Profile 更新任务...
2026-08-07 17:20:36.094 | INFO     | N/A | ⏳ 等待 Profile 更新任务...
2026-08-07 17:20:41.147 | INFO     | N/A | ⏳ 等待 Profile 更新任务...
2026-08-07 17:20:46.213 | INFO     | N/A | ⏳ 等待 Profile 更新任务...
2026-08-07 17:20:51.253 | INFO     | N/A | ⏳ 等待 Profile 更新任务...
2026-08-07 17:20:56.296 | INFO     | N/A | ⏳ 等待 Profile 更新任务...
2026-08-07 17:21:01.333 | INFO     | N/A | ⏳ 等待 Profile 更新任务...
2026-08-07 17:21:06.362 | INFO     | N/A | ⏳ 等待 Profile 更新任务...
2026-08-07 17:21:11.393 | INFO     | N/A | ⏳ 等待 Profile 更新任务...
2026-08-07 17:21:16.418 | INFO     | N/A | ⏳ 等待 Profile 更新任务...
2026-08-07 17:21:21.442 | INFO     | N/A | ⏳ 等待 Profile 更新任务...
2026-08-07 17:21:26.471 | INFO     | N/A | ⏳ 等待 Profile 更新任务...
2026-08-07 17:21:31.501 | INFO     | N/A | ⏳ 等待 Profile 更新任务...
2026-08-07 17:21:36.532 | INFO     | N/A | ⏳ 等待 Profile 更新任务...
2026-08-07 17:21:41.567 | INFO     | N/A | ⏳ 等待 Profile 更新任务...
2026-08-07 17:21:46.605 | INFO     | N/A | ⏳ 等待 Profile 更新任务...
2026-08-07 17:21:51.638 | INFO     | N/A | ⏳ 等待 Profile 更新任务...
2026-08-07 17:21:56.670 | INFO     | N/A | ⏳ 等待 Profile 更新任务...
2026-08-07 17:22:01.699 | INFO     | N/A | ⏳ 等待 Profile 更新任务...
2026-08-07 17:22:06.706 | INFO     | N/A | ⏳ 等待 Profile 更新任务...
2026-08-07 17:22:11.736 | INFO     | N/A | ⏳ 等待 Profile 更新任务...
2026-08-07 17:22:16.771 | INFO     | N/A | ⏳ 等待 Profile 更新任务...
2026-08-07 17:22:21.800 | INFO     | N/A | ⏳ 等待 Profile 更新任务...
2026-08-07 17:22:26.879 | INFO     | N/A | ⏳ 等待 Profile 更新任务...
2026-08-07 17:22:31.913 | INFO     | N/A | ⏳ 等待 Profile 更新任务...
2026-08-07 17:22:36.954 | INFO     | N/A | ⏳ 等待 Profile 更新任务...
2026-08-07 17:22:41.984 | INFO     | N/A | ⏳ 等待 Profile 更新任务...
2026-08-07 17:22:47.017 | INFO     | N/A | ⏳ 等待 Profile 更新任务...
2026-08-07 17:22:52.068 | INFO     | N/A | ⏳ 等待 Profile 更新任务...
2026-08-07 17:22:57.098 | INFO     | N/A | ⏳ 等待 Profile 更新任务...
2026-08-07 17:23:02.126 | INFO     | N/A | ⏳ 等待 Profile 更新任务...
2026-08-07 17:23:07.152 | INFO     | N/A | ⏳ 等待 Profile 更新任务...
2026-08-07 17:23:12.185 | INFO     | N/A | ⏳ 等待 Profile 更新任务...
2026-08-07 17:23:17.221 | INFO     | N/A | ⏳ 等待 Profile 更新任务...
2026-08-07 17:23:22.267 | INFO     | N/A | ⏳ 等待 Profile 更新任务...
2026-08-07 17:23:27.301 | INFO     | N/A | ⏳ 等待 Profile 更新任务...
2026-08-07 17:23:32.335 | INFO     | N/A | ⏳ 等待 Profile 更新任务...
2026-08-07 17:23:37.374 | INFO     | N/A | ⏳ 等待 Profile 更新任务...
2026-08-07 17:23:42.466 | INFO     | N/A | ⏳ 等待 Profile 更新任务...
2026-08-07 17:23:47.500 | INFO     | N/A | ⏳ 等待 Profile 更新任务...
2026-08-07 17:23:52.534 | INFO     | N/A | ⏳ 等待 Profile 更新任务...
2026-08-07 17:23:57.567 | INFO     | N/A | ⏳ 等待 Profile 更新任务...
2026-08-07 17:24:02.591 | INFO     | N/A | ⏳ 等待 Profile 更新任务...
2026-08-07 17:24:07.621 | INFO     | N/A | ⏳ 等待 Profile 更新任务...
2026-08-07 17:24:12.653 | INFO     | N/A | ⏳ 等待 Profile 更新任务...
2026-08-07 17:24:17.679 | INFO     | N/A | ⏳ 等待 Profile 更新任务...
2026-08-07 17:24:22.707 | INFO     | N/A | ⏳ 等待 Profile 更新任务...
2026-08-07 17:24:27.747 | INFO     | N/A | ⏳ 等待 Profile 更新任务...
2026-08-07 17:24:32.775 | INFO     | N/A | ⏳ 等待 Profile 更新任务...
2026-08-07 17:24:37.822 | INFO     | N/A | ⏳ 等待 Profile 更新任务...
2026-08-07 17:24:42.848 | INFO     | N/A | ⏳ 等待 Profile 更新任务...
2026-08-07 17:24:47.886 | INFO     | N/A | ⏳ 等待 Profile 更新任务...
2026-08-07 17:24:52.921 | INFO     | N/A | ⏳ 等待 Profile 更新任务...
2026-08-07 17:24:57.952 | INFO     | N/A | ⏳ 等待 Profile 更新任务...
2026-08-07 17:25:03.013 | INFO     | N/A | ⏳ 等待 Profile 更新任务...
2026-08-07 17:25:08.044 | INFO     | N/A | ⏳ 等待 Profile 更新任务...
2026-08-07 17:25:13.079 | INFO     | N/A | ⏳ 等待 Profile 更新任务...
2026-08-07 17:25:18.110 | INFO     | N/A | ⏳ 等待 Profile 更新任务...
2026-08-07 17:25:23.138 | INFO     | N/A | ⏳ 等待 Profile 更新任务...
2026-08-07 17:25:28.170 | INFO     | N/A | ⏳ 等待 Profile 更新任务...
2026-08-07 17:25:33.198 | INFO     | N/A | ⏳ 等待 Profile 更新任务...
2026-08-07 17:25:38.245 | INFO     | N/A | ⏳ 等待 Profile 更新任务...
2026-08-07 17:25:43.273 | INFO     | N/A | ⏳ 等待 Profile 更新任务...
2026-08-07 17:25:48.312 | INFO     | N/A | ⏳ 等待 Profile 更新任务...
2026-08-07 17:25:53.343 | INFO     | N/A | ⏳ 等待 Profile 更新任务...
2026-08-07 17:25:58.378 | INFO     | N/A | ⏳ 等待 Profile 更新任务...
2026-08-07 17:26:03.427 | INFO     | N/A | ⏳ 等待 Profile 更新任务...
2026-08-07 17:26:08.457 | INFO     | N/A | ⏳ 等待 Profile 更新任务...
2026-08-07 17:26:13.517 | INFO     | N/A | ⏳ 等待 Profile 更新任务...
2026-08-07 17:26:18.547 | INFO     | N/A | ⏳ 等待 Profile 更新任务...
2026-08-07 17:26:23.579 | INFO     | N/A | ⏳ 等待 Profile 更新任务...
2026-08-07 17:26:28.615 | INFO     | N/A | ⏳ 等待 Profile 更新任务...
2026-08-07 17:26:33.654 | INFO     | N/A | ⏳ 等待 Profile 更新任务...
2026-08-07 17:26:38.689 | INFO     | N/A | ⏳ 等待 Profile 更新任务...
2026-08-07 17:26:43.720 | INFO     | N/A | ⏳ 等待 Profile 更新任务...
2026-08-07 17:26:48.769 | INFO     | N/A | ⏳ 等待 Profile 更新任务...
2026-08-07 17:26:53.791 | INFO     | N/A | ⏳ 等待 Profile 更新任务...
2026-08-07 17:26:58.819 | INFO     | N/A | ⏳ 等待 Profile 更新任务...
2026-08-07 17:27:03.843 | INFO     | N/A | ⏳ 等待 Profile 更新任务...
2026-08-07 17:27:08.897 | INFO     | N/A | ⏳ 等待 Profile 更新任务...
2026-08-07 17:27:13.925 | INFO     | N/A | ⏳ 等待 Profile 更新任务...
2026-08-07 17:27:18.958 | INFO     | N/A | ⏳ 等待 Profile 更新任务...
2026-08-07 17:27:23.994 | INFO     | N/A | ⏳ 等待 Profile 更新任务...
2026-08-07 17:27:29.030 | INFO     | N/A | ⏳ 等待 Profile 更新任务...
2026-08-07 17:27:34.057 | INFO     | N/A | ⏳ 等待 Profile 更新任务...
2026-08-07 17:27:39.086 | INFO     | N/A | ⏳ 等待 Profile 更新任务...
2026-08-07 17:27:44.148 | INFO     | N/A | ⏳ 等待 Profile 更新任务...
2026-08-07 17:27:49.175 | INFO     | N/A | ⏳ 等待 Profile 更新任务...
2026-08-07 17:27:54.205 | INFO     | N/A | ⏳ 等待 Profile 更新任务...
2026-08-07 17:27:59.237 | INFO     | N/A | ⏳ 等待 Profile 更新任务...
2026-08-07 17:28:04.265 | INFO     | N/A | ⏳ 等待 Profile 更新任务...
2026-08-07 17:28:09.289 | INFO     | N/A | ⏳ 等待 Profile 更新任务...
2026-08-07 17:28:14.320 | INFO     | N/A | ⏳ 等待 Profile 更新任务...
2026-08-07 17:28:19.361 | INFO     | N/A | ⏳ 等待 Profile 更新任务...
2026-08-07 17:28:24.390 | INFO     | N/A | ⏳ 等待 Profile 更新任务...
2026-08-07 17:28:29.416 | INFO     | N/A | ⏳ 等待 Profile 更新任务...
2026-08-07 17:28:34.481 | INFO     | N/A | ⏳ 等待 Profile 更新任务...
2026-08-07 17:28:39.508 | INFO     | N/A | ⏳ 等待 Profile 更新任务...
2026-08-07 17:28:44.583 | INFO     | N/A | ⏳ 等待 Profile 更新任务...
2026-08-07 17:28:49.607 | INFO     | N/A | ⏳ 等待 Profile 更新任务...
2026-08-07 17:28:54.633 | INFO     | N/A | ⏳ 等待 Profile 更新任务...
2026-08-07 17:28:59.700 | INFO     | N/A | ⏳ 等待 Profile 更新任务...
2026-08-07 17:29:04.729 | INFO     | N/A | ⏳ 等待 Profile 更新任务...
2026-08-07 17:29:09.757 | INFO     | N/A | ⏳ 等待 Profile 更新任务...
2026-08-07 17:29:14.784 | INFO     | N/A | ⏳ 等待 Profile 更新任务...
2026-08-07 17:29:19.852 | INFO     | N/A | ⏳ 等待 Profile 更新任务...
2026-08-07 17:29:24.889 | INFO     | N/A | ⏳ 等待 Profile 更新任务...
2026-08-07 17:29:29.954 | INFO     | N/A | ⏳ 等待 Profile 更新任务...
2026-08-07 17:29:34.983 | INFO     | N/A | ⏳ 等待 Profile 更新任务...
2026-08-07 17:29:40.017 | INFO     | N/A | ⏳ 等待 Profile 更新任务...
2026-08-07 17:29:45.051 | INFO     | N/A | ⏳ 等待 Profile 更新任务...
2026-08-07 17:29:50.088 | INFO     | N/A | ⏳ 等待 Profile 更新任务...
2026-08-07 17:29:55.121 | INFO     | N/A | ⏳ 等待 Profile 更新任务...
2026-08-07 17:30:00.153 | INFO     | N/A | ⏳ 等待 Profile 更新任务...
2026-08-07 17:30:05.192 | INFO     | N/A | ⏳ 等待 Profile 更新任务...
2026-08-07 17:30:10.231 | INFO     | N/A | ⏳ 等待 Profile 更新任务...
2026-08-07 17:30:15.266 | INFO     | N/A | ⏳ 等待 Profile 更新任务...
2026-08-07 17:30:20.337 | INFO     | N/A | ⏳ 等待 Profile 更新任务...
2026-08-07 17:30:25.372 | INFO     | N/A | ⏳ 等待 Profile 更新任务...
2026-08-07 17:30:30.414 | INFO     | N/A | ⏳ 等待 Profile 更新任务...
2026-08-07 17:30:35.441 | INFO     | N/A | ⏳ 等待 Profile 更新任务...
2026-08-07 17:30:40.478 | INFO     | N/A | ⏳ 等待 Profile 更新任务...
2026-08-07 17:30:45.579 | INFO     | N/A | ⏳ 等待 Profile 更新任务...
2026-08-07 17:30:50.611 | INFO     | N/A | ⏳ 等待 Profile 更新任务...
2026-08-07 17:30:55.644 | INFO     | N/A | ⏳ 等待 Profile 更新任务...
2026-08-07 17:31:00.676 | INFO     | N/A | ⏳ 等待 Profile 更新任务...
2026-08-07 17:31:05.722 | INFO     | N/A | ⏳ 等待 Profile 更新任务...
2026-08-07 17:31:10.763 | INFO     | N/A | ⏳ 等待 Profile 更新任务...
2026-08-07 17:31:15.795 | INFO     | N/A | ⏳ 等待 Profile 更新任务...
2026-08-07 17:31:20.835 | INFO     | N/A | ⏳ 等待 Profile 更新任务...
2026-08-07 17:31:25.899 | INFO     | N/A | ⏳ 等待 Profile 更新任务...
2026-08-07 17:31:30.924 | INFO     | N/A | ⏳ 等待 Profile 更新任务...
2026-08-07 17:31:35.948 | INFO     | N/A | ⏳ 等待 Profile 更新任务...
2026-08-07 17:31:40.977 | INFO     | N/A | ⏳ 等待 Profile 更新任务...
2026-08-07 17:31:46.008 | INFO     | N/A | ⏳ 等待 Profile 更新任务...
2026-08-07 17:31:51.044 | INFO     | N/A | ⏳ 等待 Profile 更新任务...
2026-08-07 17:31:56.067 | INFO     | N/A | ⏳ 等待 Profile 更新任务...
2026-08-07 17:32:01.093 | INFO     | N/A | ⏳ 等待 Profile 更新任务...
2026-08-07 17:32:06.118 | INFO     | N/A | ⏳ 等待 Profile 更新任务...
2026-08-07 17:32:11.169 | INFO     | N/A | ⏳ 等待 Profile 更新任务...
2026-08-07 17:32:16.194 | INFO     | N/A | ⏳ 等待 Profile 更新任务...
2026-08-07 17:32:21.218 | INFO     | N/A | ⏳ 等待 Profile 更新任务...
2026-08-07 17:32:26.246 | INFO     | N/A | ⏳ 等待 Profile 更新任务...
2026-08-07 17:32:31.279 | INFO     | N/A | ⏳ 等待 Profile 更新任务...
2026-08-07 17:32:36.305 | INFO     | N/A | ⏳ 等待 Profile 更新任务...
2026-08-07 17:32:41.343 | INFO     | N/A | ⏳ 等待 Profile 更新任务...
2026-08-07 17:32:46.375 | INFO     | N/A | ⏳ 等待 Profile 更新任务...
2026-08-07 17:32:51.407 | INFO     | N/A | ⏳ 等待 Profile 更新任务...
2026-08-07 17:32:56.435 | INFO     | N/A | ⏳ 等待 Profile 更新任务...
2026-08-07 17:33:01.489 | INFO     | N/A | ⏳ 等待 Profile 更新任务...
2026-08-07 17:33:06.529 | INFO     | N/A | ⏳ 等待 Profile 更新任务...
2026-08-07 17:33:11.582 | INFO     | N/A | ⏳ 等待 Profile 更新任务...
2026-08-07 17:33:16.651 | INFO     | N/A | ⏳ 等待 Profile 更新任务...
2026-08-07 17:33:21.684 | INFO     | N/A | ⏳ 等待 Profile 更新任务...
2026-08-07 17:33:26.703 | INFO     | N/A | ⏳ 等待 Profile 更新任务...
2026-08-07 17:33:31.751 | INFO     | N/A | ⏳ 等待 Profile 更新任务...
2026-08-07 17:33:36.784 | INFO     | N/A | ⏳ 等待 Profile 更新任务...
2026-08-07 17:33:41.816 | INFO     | N/A | ⏳ 等待 Profile 更新任务...
2026-08-07 17:33:46.847 | INFO     | N/A | ⏳ 等待 Profile 更新任务...
2026-08-07 17:33:51.878 | INFO     | N/A | ⏳ 等待 Profile 更新任务...
2026-08-07 17:33:56.898 | INFO     | N/A | ⏳ 等待 Profile 更新任务...
2026-08-07 17:34:01.923 | INFO     | N/A | ⏳ 等待 Profile 更新任务...
2026-08-07 17:34:06.952 | INFO     | N/A | ⏳ 等待 Profile 更新任务...
2026-08-07 17:34:11.979 | INFO     | N/A | ⏳ 等待 Profile 更新任务...
2026-08-07 17:34:17.003 | INFO     | N/A | ⏳ 等待 Profile 更新任务...
2026-08-07 17:34:22.057 | INFO     | N/A | ⏳ 等待 Profile 更新任务...
2026-08-07 17:34:27.103 | INFO     | N/A | ⏳ 等待 Profile 更新任务...
2026-08-07 17:34:32.134 | INFO     | N/A | ⏳ 等待 Profile 更新任务...
2026-08-07 17:34:37.160 | INFO     | N/A | ⏳ 等待 Profile 更新任务...
2026-08-07 17:34:42.187 | INFO     | N/A | ⏳ 等待 Profile 更新任务...
2026-08-07 17:34:47.219 | INFO     | N/A | ⏳ 等待 Profile 更新任务...
2026-08-07 17:34:52.249 | INFO     | N/A | ⏳ 等待 Profile 更新任务...
2026-08-07 17:34:57.279 | INFO     | N/A | ⏳ 等待 Profile 更新任务...
2026-08-07 17:35:02.308 | INFO     | N/A | ⏳ 等待 Profile 更新任务...
2026-08-07 17:35:07.327 | INFO     | N/A | ⏳ 等待 Profile 更新任务...
2026-08-07 17:35:12.356 | INFO     | N/A | ⏳ 等待 Profile 更新任务...
2026-08-07 17:35:17.380 | INFO     | N/A | ⏳ 等待 Profile 更新任务...
2026-08-07 17:35:22.407 | INFO     | N/A | ⏳ 等待 Profile 更新任务...
2026-08-07 17:35:27.432 | INFO     | N/A | ⏳ 等待 Profile 更新任务...
2026-08-07 17:35:32.462 | INFO     | N/A | ⏳ 等待 Profile 更新任务...
2026-08-07 17:35:37.512 | INFO     | N/A | ⏳ 等待 Profile 更新任务...
2026-08-07 17:35:42.547 | INFO     | N/A | ⏳ 等待 Profile 更新任务...
2026-08-07 17:35:47.579 | INFO     | N/A | ⏳ 等待 Profile 更新任务...
2026-08-07 17:35:52.609 | INFO     | N/A | ⏳ 等待 Profile 更新任务...
2026-08-07 17:35:57.646 | INFO     | N/A | ⏳ 等待 Profile 更新任务...
2026-08-07 17:36:02.684 | INFO     | N/A | ⏳ 等待 Profile 更新任务...
2026-08-07 17:36:07.700 | INFO     | N/A | ⏳ 等待 Profile 更新任务...
2026-08-07 17:36:12.757 | INFO     | N/A | ⏳ 等待 Profile 更新任务...
2026-08-07 17:36:17.789 | INFO     | N/A | ⏳ 等待 Profile 更新任务...
2026-08-07 17:36:22.825 | INFO     | N/A | ⏳ 等待 Profile 更新任务...
2026-08-07 17:36:27.865 | INFO     | N/A | ⏳ 等待 Profile 更新任务...
2026-08-07 17:36:32.952 | INFO     | N/A | ⏳ 等待 Profile 更新任务...
2026-08-07 17:36:37.990 | INFO     | N/A | ⏳ 等待 Profile 更新任务...
2026-08-07 17:36:43.025 | INFO     | N/A | ⏳ 等待 Profile 更新任务...
2026-08-07 17:36:48.090 | INFO     | N/A | ⏳ 等待 Profile 更新任务...
2026-08-07 17:36:53.119 | INFO     | N/A | ⏳ 等待 Profile 更新任务...
2026-08-07 17:36:58.153 | INFO     | N/A | ⏳ 等待 Profile 更新任务...
2026-08-07 17:37:03.159 | INFO     | N/A | ⏳ 等待 Profile 更新任务...
2026-08-07 17:37:08.253 | INFO     | N/A | ⏳ 等待 Profile 更新任务...
2026-08-07 17:37:13.319 | INFO     | N/A | ⏳ 等待 Profile 更新任务...
2026-08-07 17:37:18.351 | INFO     | N/A | ⏳ 等待 Profile 更新任务...
2026-08-07 17:37:23.388 | INFO     | N/A | ⏳ 等待 Profile 更新任务...
2026-08-07 17:37:28.424 | INFO     | N/A | ⏳ 等待 Profile 更新任务...
2026-08-07 17:37:33.459 | INFO     | N/A | ⏳ 等待 Profile 更新任务...
2026-08-07 17:37:38.510 | INFO     | N/A | ⏳ 等待 Profile 更新任务...
2026-08-07 17:37:43.547 | INFO     | N/A | ⏳ 等待 Profile 更新任务...
2026-08-07 17:37:48.585 | INFO     | N/A | ⏳ 等待 Profile 更新任务...
2026-08-07 17:37:53.624 | INFO     | N/A | ⏳ 等待 Profile 更新任务...
2026-08-07 17:37:58.657 | INFO     | N/A | ⏳ 等待 Profile 更新任务...
2026-08-07 17:38:03.695 | INFO     | N/A | ⏳ 等待 Profile 更新任务...
2026-08-07 17:38:08.737 | INFO     | N/A | ⏳ 等待 Profile 更新任务...
2026-08-07 17:38:13.771 | INFO     | N/A | ⏳ 等待 Profile 更新任务...
2026-08-07 17:38:18.803 | INFO     | N/A | ⏳ 等待 Profile 更新任务...
2026-08-07 17:38:23.884 | INFO     | N/A | ⏳ 等待 Profile 更新任务...
2026-08-07 17:38:28.916 | INFO     | N/A | ⏳ 等待 Profile 更新任务...
2026-08-07 17:38:34.006 | INFO     | N/A | ⏳ 等待 Profile 更新任务...
2026-08-07 17:38:39.042 | INFO     | N/A | ⏳ 等待 Profile 更新任务...
2026-08-07 17:38:44.077 | INFO     | N/A | ⏳ 等待 Profile 更新任务...
2026-08-07 17:38:49.113 | INFO     | N/A | ⏳ 等待 Profile 更新任务...
2026-08-07 17:38:54.155 | INFO     | N/A | ⏳ 等待 Profile 更新任务...
2026-08-07 17:38:59.227 | INFO     | N/A | ⏳ 等待 Profile 更新任务...
2026-08-07 17:39:04.263 | INFO     | N/A | ⏳ 等待 Profile 更新任务...
2026-08-07 17:39:09.301 | INFO     | N/A | ⏳ 等待 Profile 更新任务...
2026-08-07 17:39:14.341 | INFO     | N/A | ⏳ 等待 Profile 更新任务...
2026-08-07 17:39:19.373 | INFO     | N/A | ⏳ 等待 Profile 更新任务...
2026-08-07 17:39:24.403 | INFO     | N/A | ⏳ 等待 Profile 更新任务...
2026-08-07 17:39:29.442 | INFO     | N/A | ⏳ 等待 Profile 更新任务...
2026-08-07 17:39:34.476 | INFO     | N/A | ⏳ 等待 Profile 更新任务...
2026-08-07 17:39:39.517 | INFO     | N/A | ⏳ 等待 Profile 更新任务...
2026-08-07 17:39:44.555 | INFO     | N/A | ⏳ 等待 Profile 更新任务...
2026-08-07 17:39:49.593 | INFO     | N/A | ⏳ 等待 Profile 更新任务...
2026-08-07 17:39:54.639 | INFO     | N/A | ⏳ 等待 Profile 更新任务...
2026-08-07 17:39:59.666 | INFO     | N/A | ⏳ 等待 Profile 更新任务...
2026-08-07 17:40:04.770 | INFO     | N/A | ⏳ 等待 Profile 更新任务...
2026-08-07 17:40:09.830 | INFO     | N/A | ⏳ 等待 Profile 更新任务...
2026-08-07 17:40:14.874 | INFO     | N/A | ⏳ 等待 Profile 更新任务...
2026-08-07 17:40:19.908 | INFO     | N/A | ⏳ 等待 Profile 更新任务...
2026-08-07 17:40:24.937 | INFO     | N/A | ⏳ 等待 Profile 更新任务...
2026-08-07 17:40:29.971 | INFO     | N/A | ⏳ 等待 Profile 更新任务...
2026-08-07 17:40:35.003 | INFO     | N/A | ⏳ 等待 Profile 更新任务...
2026-08-07 17:40:40.036 | INFO     | N/A | ⏳ 等待 Profile 更新任务...
2026-08-07 17:40:45.122 | INFO     | N/A | ⏳ 等待 Profile 更新任务...
2026-08-07 17:40:50.155 | INFO     | N/A | ⏳ 等待 Profile 更新任务...
2026-08-07 17:40:55.199 | INFO     | N/A | ⏳ 等待 Profile 更新任务...
2026-08-07 17:41:00.230 | INFO     | N/A | ⏳ 等待 Profile 更新任务...
2026-08-07 17:41:05.254 | INFO     | N/A | ⏳ 等待 Profile 更新任务...
2026-08-07 17:41:10.288 | INFO     | N/A | ⏳ 等待 Profile 更新任务...
2026-08-07 17:41:15.351 | INFO     | N/A | ⏳ 等待 Profile 更新任务...
2026-08-07 17:41:20.376 | INFO     | N/A | ⏳ 等待 Profile 更新任务...
2026-08-07 17:41:25.408 | INFO     | N/A | ⏳ 等待 Profile 更新任务...
2026-08-07 17:41:30.446 | INFO     | N/A | ⏳ 等待 Profile 更新任务...
2026-08-07 17:41:35.473 | INFO     | N/A | ⏳ 等待 Profile 更新任务...
2026-08-07 17:41:40.504 | INFO     | N/A | ⏳ 等待 Profile 更新任务...
2026-08-07 17:41:45.535 | INFO     | N/A | ⏳ 等待 Profile 更新任务...
2026-08-07 17:41:50.565 | INFO     | N/A | ⏳ 等待 Profile 更新任务...
2026-08-07 17:41:55.589 | INFO     | N/A | ⏳ 等待 Profile 更新任务...
2026-08-07 17:42:00.618 | INFO     | N/A | ⏳ 等待 Profile 更新任务...
2026-08-07 17:42:05.665 | INFO     | N/A | ⏳ 等待 Profile 更新任务...
2026-08-07 17:42:10.684 | INFO     | N/A | ⏳ 等待 Profile 更新任务...
2026-08-07 17:42:15.710 | INFO     | N/A | ⏳ 等待 Profile 更新任务...
2026-08-07 17:42:20.783 | INFO     | N/A | ⏳ 等待 Profile 更新任务...
2026-08-07 17:42:25.829 | INFO     | N/A | ⏳ 等待 Profile 更新任务...
2026-08-07 17:42:30.858 | INFO     | N/A | ⏳ 等待 Profile 更新任务...
2026-08-07 17:42:35.883 | INFO     | N/A | ⏳ 等待 Profile 更新任务...
2026-08-07 17:42:40.915 | INFO     | N/A | ⏳ 等待 Profile 更新任务...
2026-08-07 17:42:45.952 | INFO     | N/A | ⏳ 等待 Profile 更新任务...
2026-08-07 17:42:51.023 | INFO     | N/A | ⏳ 等待 Profile 更新任务...
2026-08-07 17:42:56.052 | INFO     | N/A | ⏳ 等待 Profile 更新任务...
2026-08-07 17:43:01.089 | INFO     | N/A | ⏳ 等待 Profile 更新任务...
2026-08-07 17:43:06.125 | INFO     | N/A | ⏳ 等待 Profile 更新任务...
2026-08-07 17:43:11.168 | INFO     | N/A | ⏳ 等待 Profile 更新任务...
2026-08-07 17:43:16.205 | INFO     | N/A | ⏳ 等待 Profile 更新任务...
2026-08-07 17:43:21.246 | INFO     | N/A | ⏳ 等待 Profile 更新任务...
2026-08-07 17:43:26.285 | INFO     | N/A | ⏳ 等待 Profile 更新任务...
2026-08-07 17:43:31.322 | INFO     | N/A | ⏳ 等待 Profile 更新任务...
2026-08-07 17:43:36.358 | INFO     | N/A | ⏳ 等待 Profile 更新任务...
2026-08-07 17:43:41.389 | INFO     | N/A | ⏳ 等待 Profile 更新任务...
2026-08-07 17:43:46.432 | INFO     | N/A | ⏳ 等待 Profile 更新任务...
2026-08-07 17:43:51.470 | INFO     | N/A | ⏳ 等待 Profile 更新任务...
2026-08-07 17:43:56.501 | INFO     | N/A | ⏳ 等待 Profile 更新任务...
2026-08-07 17:44:01.546 | INFO     | N/A | ⏳ 等待 Profile 更新任务...
2026-08-07 17:44:06.636 | INFO     | N/A | ⏳ 等待 Profile 更新任务...
2026-08-07 17:44:11.678 | INFO     | N/A | ⏳ 等待 Profile 更新任务...
2026-08-07 17:44:16.698 | INFO     | N/A | ⏳ 等待 Profile 更新任务...
2026-08-07 17:44:21.775 | INFO     | N/A | ⏳ 等待 Profile 更新任务...
2026-08-07 17:44:26.825 | INFO     | N/A | ⏳ 等待 Profile 更新任务...
2026-08-07 17:44:31.859 | INFO     | N/A | ⏳ 等待 Profile 更新任务...
2026-08-07 17:44:36.897 | INFO     | N/A | ⏳ 等待 Profile 更新任务...
2026-08-07 17:44:41.935 | INFO     | N/A | ⏳ 等待 Profile 更新任务...
2026-08-07 17:44:46.971 | INFO     | N/A | ⏳ 等待 Profile 更新任务...
2026-08-07 17:44:52.061 | INFO     | N/A | ⏳ 等待 Profile 更新任务...
2026-08-07 17:44:57.093 | INFO     | N/A | ⏳ 等待 Profile 更新任务...
2026-08-07 17:45:02.125 | INFO     | N/A | ⏳ 等待 Profile 更新任务...
2026-08-07 17:45:07.136 | INFO     | N/A | ⏳ 等待 Profile 更新任务...
2026-08-07 17:45:12.176 | INFO     | N/A | ⏳ 等待 Profile 更新任务...
2026-08-07 17:45:17.254 | INFO     | N/A | ⏳ 等待 Profile 更新任务...
2026-08-07 17:45:22.290 | INFO     | N/A | ⏳ 等待 Profile 更新任务...
2026-08-07 17:45:27.329 | INFO     | N/A | ⏳ 等待 Profile 更新任务...
2026-08-07 17:45:32.361 | INFO     | N/A | ⏳ 等待 Profile 更新任务...
2026-08-07 17:45:37.428 | INFO     | N/A | ⏳ 等待 Profile 更新任务...
2026-08-07 17:45:42.463 | INFO     | N/A | ⏳ 等待 Profile 更新任务...
2026-08-07 17:45:47.518 | INFO     | N/A | ⏳ 等待 Profile 更新任务...
2026-08-07 17:45:52.551 | INFO     | N/A | ⏳ 等待 Profile 更新任务...
2026-08-07 17:45:57.584 | INFO     | N/A | ⏳ 等待 Profile 更新任务...
2026-08-07 17:46:02.618 | INFO     | N/A | ⏳ 等待 Profile 更新任务...
2026-08-07 17:46:07.657 | INFO     | N/A | ⏳ 等待 Profile 更新任务...
2026-08-07 17:46:12.693 | INFO     | N/A | ⏳ 等待 Profile 更新任务...
2026-08-07 17:46:17.770 | INFO     | N/A | ⏳ 等待 Profile 更新任务...
2026-08-07 17:46:22.804 | INFO     | N/A | ⏳ 等待 Profile 更新任务...
2026-08-07 17:46:27.850 | INFO     | N/A | ⏳ 等待 Profile 更新任务...
2026-08-07 17:46:32.885 | INFO     | N/A | ⏳ 等待 Profile 更新任务...
2026-08-07 17:46:37.919 | INFO     | N/A | ⏳ 等待 Profile 更新任务...
2026-08-07 17:46:42.952 | INFO     | N/A | ⏳ 等待 Profile 更新任务...
2026-08-07 17:46:47.992 | INFO     | N/A | ⏳ 等待 Profile 更新任务...
2026-08-07 17:46:53.026 | INFO     | N/A | ⏳ 等待 Profile 更新任务...
2026-08-07 17:46:58.060 | INFO     | N/A | ⏳ 等待 Profile 更新任务...
2026-08-07 17:47:03.122 | INFO     | N/A | ⏳ 等待 Profile 更新任务...
2026-08-07 17:47:08.155 | INFO     | N/A | ⏳ 等待 Profile 更新任务...
2026-08-07 17:47:13.223 | INFO     | N/A | ⏳ 等待 Profile 更新任务...
2026-08-07 17:47:18.246 | INFO     | N/A | ⏳ 等待 Profile 更新任务...
2026-08-07 17:47:23.272 | INFO     | N/A | ⏳ 等待 Profile 更新任务...
2026-08-07 17:47:28.301 | INFO     | N/A | ⏳ 等待 Profile 更新任务...
2026-08-07 17:47:33.326 | INFO     | N/A | ⏳ 等待 Profile 更新任务...
2026-08-07 17:47:38.355 | INFO     | N/A | ⏳ 等待 Profile 更新任务...
2026-08-07 17:47:43.384 | INFO     | N/A | ⏳ 等待 Profile 更新任务...
2026-08-07 17:47:48.413 | INFO     | N/A | ⏳ 等待 Profile 更新任务...
2026-08-07 17:47:53.445 | INFO     | N/A | ⏳ 等待 Profile 更新任务...
2026-08-07 17:47:58.469 | INFO     | N/A | ⏳ 等待 Profile 更新任务...
2026-08-07 17:48:03.509 | INFO     | N/A | ⏳ 等待 Profile 更新任务...
2026-08-07 17:48:08.537 | INFO     | N/A | ⏳ 等待 Profile 更新任务...
2026-08-07 17:48:13.569 | INFO     | N/A | ⏳ 等待 Profile 更新任务...
2026-08-07 17:48:18.593 | INFO     | N/A | ⏳ 等待 Profile 更新任务...
2026-08-07 17:48:23.624 | INFO     | N/A | ⏳ 等待 Profile 更新任务...
2026-08-07 17:48:28.655 | INFO     | N/A | ⏳ 等待 Profile 更新任务...
2026-08-07 17:48:33.699 | INFO     | N/A | ⏳ 等待 Profile 更新任务...
2026-08-07 17:48:38.731 | INFO     | N/A | ⏳ 等待 Profile 更新任务...
2026-08-07 17:48:43.769 | INFO     | N/A | ⏳ 等待 Profile 更新任务...
2026-08-07 17:48:48.799 | INFO     | N/A | ⏳ 等待 Profile 更新任务...
2026-08-07 17:48:53.823 | INFO     | N/A | ⏳ 等待 Profile 更新任务...
2026-08-07 17:48:58.866 | INFO     | N/A | ⏳ 等待 Profile 更新任务...
2026-08-07 17:49:03.893 | INFO     | N/A | ⏳ 等待 Profile 更新任务...
2026-08-07 17:49:08.918 | INFO     | N/A | ⏳ 等待 Profile 更新任务...
2026-08-07 17:49:13.944 | INFO     | N/A | ⏳ 等待 Profile 更新任务...
2026-08-07 17:49:18.992 | INFO     | N/A | ⏳ 等待 Profile 更新任务...
2026-08-07 17:49:24.017 | INFO     | N/A | ⏳ 等待 Profile 更新任务...
2026-08-07 17:49:29.043 | INFO     | N/A | ⏳ 等待 Profile 更新任务...
2026-08-07 17:49:34.068 | INFO     | N/A | ⏳ 等待 Profile 更新任务...
2026-08-07 17:49:39.095 | INFO     | N/A | ⏳ 等待 Profile 更新任务...
2026-08-07 17:49:44.125 | INFO     | N/A | ⏳ 等待 Profile 更新任务...
2026-08-07 17:49:49.151 | INFO     | N/A | ⏳ 等待 Profile 更新任务...
2026-08-07 17:49:54.184 | INFO     | N/A | ⏳ 等待 Profile 更新任务...
2026-08-07 17:49:59.219 | INFO     | N/A | ⏳ 等待 Profile 更新任务...
2026-08-07 17:50:04.245 | INFO     | N/A | ⏳ 等待 Profile 更新任务...
2026-08-07 17:50:09.274 | INFO     | N/A | ⏳ 等待 Profile 更新任务...
2026-08-07 17:50:14.301 | INFO     | N/A | ⏳ 等待 Profile 更新任务...
2026-08-07 17:50:19.332 | INFO     | N/A | ⏳ 等待 Profile 更新任务...
2026-08-07 17:50:24.356 | INFO     | N/A | ⏳ 等待 Profile 更新任务...
2026-08-07 17:50:29.384 | INFO     | N/A | ⏳ 等待 Profile 更新任务...
2026-08-07 17:50:34.419 | INFO     | N/A | ⏳ 等待 Profile 更新任务...
2026-08-07 17:50:39.469 | INFO     | N/A | ⏳ 等待 Profile 更新任务...
2026-08-07 17:50:44.502 | INFO     | N/A | ⏳ 等待 Profile 更新任务...
2026-08-07 17:50:49.572 | INFO     | N/A | ⏳ 等待 Profile 更新任务...
2026-08-07 17:50:54.602 | INFO     | N/A | ⏳ 等待 Profile 更新任务...
2026-08-07 17:50:59.628 | INFO     | N/A | ⏳ 等待 Profile 更新任务...
2026-08-07 17:51:04.653 | INFO     | N/A | ⏳ 等待 Profile 更新任务...
2026-08-07 17:51:09.680 | INFO     | N/A | ⏳ 等待 Profile 更新任务...
2026-08-07 17:51:14.725 | INFO     | N/A | ⏳ 等待 Profile 更新任务...
2026-08-07 17:51:19.753 | INFO     | N/A | ⏳ 等待 Profile 更新任务...
2026-08-07 17:51:24.786 | INFO     | N/A | ⏳ 等待 Profile 更新任务...
2026-08-07 17:51:29.815 | INFO     | N/A | ⏳ 等待 Profile 更新任务...
2026-08-07 17:51:34.841 | INFO     | N/A | ⏳ 等待 Profile 更新任务...
2026-08-07 17:51:39.881 | INFO     | N/A | ⏳ 等待 Profile 更新任务...
2026-08-07 17:51:44.907 | INFO     | N/A | ⏳ 等待 Profile 更新任务...
2026-08-07 17:51:49.936 | INFO     | N/A | ⏳ 等待 Profile 更新任务...
2026-08-07 17:51:54.962 | INFO     | N/A | ⏳ 等待 Profile 更新任务...
2026-08-07 17:51:59.987 | INFO     | N/A | ⏳ 等待 Profile 更新任务...
2026-08-07 17:52:05.011 | INFO     | N/A | ⏳ 等待 Profile 更新任务...
2026-08-07 17:52:10.040 | INFO     | N/A | ⏳ 等待 Profile 更新任务...
2026-08-07 17:52:15.069 | INFO     | N/A | ⏳ 等待 Profile 更新任务...
2026-08-07 17:52:20.094 | INFO     | N/A | ⏳ 等待 Profile 更新任务...
2026-08-07 17:52:25.121 | INFO     | N/A | ⏳ 等待 Profile 更新任务...
2026-08-07 17:52:30.190 | INFO     | N/A | ⏳ 等待 Profile 更新任务...
2026-08-07 17:52:35.222 | INFO     | N/A | ⏳ 等待 Profile 更新任务...
2026-08-07 17:52:40.252 | INFO     | N/A | ⏳ 等待 Profile 更新任务...
2026-08-07 17:52:45.279 | INFO     | N/A | ⏳ 等待 Profile 更新任务...
2026-08-07 17:52:50.323 | INFO     | N/A | ⏳ 等待 Profile 更新任务...
2026-08-07 17:52:55.359 | INFO     | N/A | ⏳ 等待 Profile 更新任务...
2026-08-07 17:53:00.391 | INFO     | N/A | ⏳ 等待 Profile 更新任务...
2026-08-07 17:53:05.433 | INFO     | N/A | ⏳ 等待 Profile 更新任务...
2026-08-07 17:53:10.505 | INFO     | N/A | ⏳ 等待 Profile 更新任务...
2026-08-07 17:53:15.546 | INFO     | N/A | ⏳ 等待 Profile 更新任务...
2026-08-07 17:53:20.651 | INFO     | N/A | ⏳ 等待 Profile 更新任务...
2026-08-07 17:53:25.688 | INFO     | N/A | ⏳ 等待 Profile 更新任务...
2026-08-07 17:53:30.728 | INFO     | N/A | ⏳ 等待 Profile 更新任务...
2026-08-07 17:53:35.765 | INFO     | N/A | ⏳ 等待 Profile 更新任务...
2026-08-07 17:53:40.808 | INFO     | N/A | ⏳ 等待 Profile 更新任务...
2026-08-07 17:53:45.879 | INFO     | N/A | ⏳ 等待 Profile 更新任务...
2026-08-07 17:53:50.919 | INFO     | N/A | ⏳ 等待 Profile 更新任务...
2026-08-07 17:53:55.960 | INFO     | N/A | ⏳ 等待 Profile 更新任务...
2026-08-07 17:54:00.998 | INFO     | N/A | ⏳ 等待 Profile 更新任务...
2026-08-07 17:54:06.040 | INFO     | N/A | ⏳ 等待 Profile 更新任务...
2026-08-07 17:54:11.079 | INFO     | N/A | ⏳ 等待 Profile 更新任务...
2026-08-07 17:54:16.120 | INFO     | N/A | ⏳ 等待 Profile 更新任务...
2026-08-07 17:54:21.197 | INFO     | N/A | ⏳ 等待 Profile 更新任务...
2026-08-07 17:54:26.237 | INFO     | N/A | ⏳ 等待 Profile 更新任务...
2026-08-07 17:54:31.278 | INFO     | N/A | ⏳ 等待 Profile 更新任务...
2026-08-07 17:54:36.315 | INFO     | N/A | ⏳ 等待 Profile 更新任务...
2026-08-07 17:54:41.356 | INFO     | N/A | ⏳ 等待 Profile 更新任务...
2026-08-07 17:54:46.396 | INFO     | N/A | ⏳ 等待 Profile 更新任务...
2026-08-07 17:54:51.472 | INFO     | N/A | ⏳ 等待 Profile 更新任务...
2026-08-07 17:54:56.503 | INFO     | N/A | ⏳ 等待 Profile 更新任务...
2026-08-07 17:55:01.555 | INFO     | N/A | ⏳ 等待 Profile 更新任务...
2026-08-07 17:55:06.593 | INFO     | N/A | ⏳ 等待 Profile 更新任务...
2026-08-07 17:55:11.640 | INFO     | N/A | ⏳ 等待 Profile 更新任务...
2026-08-07 17:55:16.665 | INFO     | N/A | ⏳ 等待 Profile 更新任务...
2026-08-07 17:55:21.693 | INFO     | N/A | ⏳ 等待 Profile 更新任务...
2026-08-07 17:55:26.696 | INFO     | N/A | ⏳ 等待 Profile 更新任务...
2026-08-07 17:55:31.747 | INFO     | N/A | ⏳ 等待 Profile 更新任务...
2026-08-07 17:55:36.774 | INFO     | N/A | ⏳ 等待 Profile 更新任务...
2026-08-07 17:55:41.798 | INFO     | N/A | ⏳ 等待 Profile 更新任务...
2026-08-07 17:55:46.828 | INFO     | N/A | ⏳ 等待 Profile 更新任务...
2026-08-07 17:55:51.856 | INFO     | N/A | ⏳ 等待 Profile 更新任务...
2026-08-07 17:55:56.896 | INFO     | N/A | ⏳ 等待 Profile 更新任务...
2026-08-07 17:56:01.923 | INFO     | N/A | ⏳ 等待 Profile 更新任务...
2026-08-07 17:56:06.953 | INFO     | N/A | ⏳ 等待 Profile 更新任务...
2026-08-07 17:56:11.978 | INFO     | N/A | ⏳ 等待 Profile 更新任务...
2026-08-07 17:56:17.014 | INFO     | N/A | ⏳ 等待 Profile 更新任务...
2026-08-07 17:56:22.053 | INFO     | N/A | ⏳ 等待 Profile 更新任务...
2026-08-07 17:56:27.091 | INFO     | N/A | ⏳ 等待 Profile 更新任务...
2026-08-07 17:56:32.128 | INFO     | N/A | ⏳ 等待 Profile 更新任务...
2026-08-07 17:56:37.167 | INFO     | N/A | ⏳ 等待 Profile 更新任务...
2026-08-07 17:56:42.209 | INFO     | N/A | ⏳ 等待 Profile 更新任务...
2026-08-07 17:56:47.244 | INFO     | N/A | ⏳ 等待 Profile 更新任务...
2026-08-07 17:56:52.280 | INFO     | N/A | ⏳ 等待 Profile 更新任务...
2026-08-07 17:56:57.288 | INFO     | N/A | ⏳ 等待 Profile 更新任务...
2026-08-07 17:57:02.316 | INFO     | N/A | ⏳ 等待 Profile 更新任务...
2026-08-07 17:57:07.352 | INFO     | N/A | ⏳ 等待 Profile 更新任务...
2026-08-07 17:57:12.385 | INFO     | N/A | ⏳ 等待 Profile 更新任务...
2026-08-07 17:57:17.420 | INFO     | N/A | ⏳ 等待 Profile 更新任务...
2026-08-07 17:57:22.459 | INFO     | N/A | ⏳ 等待 Profile 更新任务...
2026-08-07 17:57:27.496 | INFO     | N/A | ⏳ 等待 Profile 更新任务...
2026-08-07 17:57:32.527 | INFO     | N/A | ⏳ 等待 Profile 更新任务...
2026-08-07 17:57:37.560 | INFO     | N/A | ⏳ 等待 Profile 更新任务...
2026-08-07 17:57:42.598 | INFO     | N/A | ⏳ 等待 Profile 更新任务...
2026-08-07 17:57:47.635 | INFO     | N/A | ⏳ 等待 Profile 更新任务...
2026-08-07 17:57:52.673 | INFO     | N/A | ⏳ 等待 Profile 更新任务...
2026-08-07 17:57:57.711 | INFO     | N/A | ⏳ 等待 Profile 更新任务...
2026-08-07 17:58:02.744 | INFO     | N/A | ⏳ 等待 Profile 更新任务...
2026-08-07 17:58:07.784 | INFO     | N/A | ⏳ 等待 Profile 更新任务...
2026-08-07 17:58:12.834 | INFO     | N/A | ⏳ 等待 Profile 更新任务...
2026-08-07 17:58:17.869 | INFO     | N/A | ⏳ 等待 Profile 更新任务...
2026-08-07 17:58:22.896 | INFO     | N/A | ⏳ 等待 Profile 更新任务...
2026-08-07 17:58:27.925 | INFO     | N/A | ⏳ 等待 Profile 更新任务...
2026-08-07 17:58:32.949 | INFO     | N/A | ⏳ 等待 Profile 更新任务...
2026-08-07 17:58:37.986 | INFO     | N/A | ⏳ 等待 Profile 更新任务...
2026-08-07 17:58:43.022 | INFO     | N/A | ⏳ 等待 Profile 更新任务...
2026-08-07 17:58:48.050 | INFO     | N/A | ⏳ 等待 Profile 更新任务...
2026-08-07 17:58:53.093 | INFO     | N/A | ⏳ 等待 Profile 更新任务...
2026-08-07 17:58:58.133 | INFO     | N/A | ⏳ 等待 Profile 更新任务...
2026-08-07 17:59:03.214 | INFO     | N/A | ⏳ 等待 Profile 更新任务...
2026-08-07 17:59:08.247 | INFO     | N/A | ⏳ 等待 Profile 更新任务...
2026-08-07 17:59:13.336 | INFO     | N/A | ⏳ 等待 Profile 更新任务...
2026-08-07 17:59:18.452 | INFO     | N/A | ⏳ 等待 Profile 更新任务...
2026-08-07 17:59:23.479 | INFO     | N/A | ⏳ 等待 Profile 更新任务...
2026-08-07 17:59:28.504 | INFO     | N/A | ⏳ 等待 Profile 更新任务...
2026-08-07 17:59:33.543 | INFO     | N/A | ⏳ 等待 Profile 更新任务...
2026-08-07 17:59:38.570 | INFO     | N/A | ⏳ 等待 Profile 更新任务...
2026-08-07 17:59:43.598 | INFO     | N/A | ⏳ 等待 Profile 更新任务...
2026-08-07 17:59:48.628 | INFO     | N/A | ⏳ 等待 Profile 更新任务...
2026-08-07 17:59:53.657 | INFO     | N/A | ⏳ 等待 Profile 更新任务...
2026-08-07 17:59:58.682 | INFO     | N/A | ⏳ 等待 Profile 更新任务...
2026-08-07 18:00:03.719 | INFO     | N/A | ⏳ 等待 Profile 更新任务...
2026-08-07 18:00:08.743 | INFO     | N/A | ⏳ 等待 Profile 更新任务...
2026-08-07 18:00:13.771 | INFO     | N/A | ⏳ 等待 Profile 更新任务...
2026-08-07 18:00:18.794 | INFO     | N/A | ⏳ 等待 Profile 更新任务...
2026-08-07 18:00:23.821 | INFO     | N/A | ⏳ 等待 Profile 更新任务...
2026-08-07 18:00:28.850 | INFO     | N/A | ⏳ 等待 Profile 更新任务...
2026-08-07 18:00:33.887 | INFO     | N/A | ⏳ 等待 Profile 更新任务...
2026-08-07 18:00:38.920 | INFO     | N/A | ⏳ 等待 Profile 更新任务...
2026-08-07 18:00:43.975 | INFO     | N/A | ⏳ 等待 Profile 更新任务...
2026-08-07 18:00:49.015 | INFO     | N/A | ⏳ 等待 Profile 更新任务...
2026-08-07 18:00:54.066 | INFO     | N/A | ⏳ 等待 Profile 更新任务...
2026-08-07 18:00:59.109 | INFO     | N/A | ⏳ 等待 Profile 更新任务...
2026-08-07 18:01:04.148 | INFO     | N/A | ⏳ 等待 Profile 更新任务...
2026-08-07 18:01:09.227 | INFO     | N/A | ⏳ 等待 Profile 更新任务...
2026-08-07 18:01:14.269 | INFO     | N/A | ⏳ 等待 Profile 更新任务...
2026-08-07 18:01:19.310 | INFO     | N/A | ⏳ 等待 Profile 更新任务...
2026-08-07 18:01:24.349 | INFO     | N/A | ⏳ 等待 Profile 更新任务...
2026-08-07 18:01:29.392 | INFO     | N/A | ⏳ 等待 Profile 更新任务...
2026-08-07 18:01:34.434 | INFO     | N/A | ⏳ 等待 Profile 更新任务...
2026-08-07 18:01:39.469 | INFO     | N/A | ⏳ 等待 Profile 更新任务...
2026-08-07 18:01:44.510 | INFO     | N/A | ⏳ 等待 Profile 更新任务...
2026-08-07 18:01:49.545 | INFO     | N/A | ⏳ 等待 Profile 更新任务...
2026-08-07 18:01:54.604 | INFO     | N/A | ⏳ 等待 Profile 更新任务...
2026-08-07 18:01:59.641 | INFO     | N/A | ⏳ 等待 Profile 更新任务...
2026-08-07 18:02:04.678 | INFO     | N/A | ⏳ 等待 Profile 更新任务...
2026-08-07 18:02:09.709 | INFO     | N/A | ⏳ 等待 Profile 更新任务...
2026-08-07 18:02:14.756 | INFO     | N/A | ⏳ 等待 Profile 更新任务...
2026-08-07 18:02:19.793 | INFO     | N/A | ⏳ 等待 Profile 更新任务...
2026-08-07 18:02:24.839 | INFO     | N/A | ⏳ 等待 Profile 更新任务...
2026-08-07 18:02:29.879 | INFO     | N/A | ⏳ 等待 Profile 更新任务...
2026-08-07 18:02:34.921 | INFO     | N/A | ⏳ 等待 Profile 更新任务...
2026-08-07 18:02:39.968 | INFO     | N/A | ⏳ 等待 Profile 更新任务...
2026-08-07 18:02:45.028 | INFO     | N/A | ⏳ 等待 Profile 更新任务...
2026-08-07 18:02:50.071 | INFO     | N/A | ⏳ 等待 Profile 更新任务...
2026-08-07 18:02:55.111 | INFO     | N/A | ⏳ 等待 Profile 更新任务...
2026-08-07 18:03:00.153 | INFO     | N/A | ⏳ 等待 Profile 更新任务...
2026-08-07 18:03:05.193 | INFO     | N/A | ⏳ 等待 Profile 更新任务...
2026-08-07 18:03:10.260 | INFO     | N/A | ⏳ 等待 Profile 更新任务...
2026-08-07 18:03:15.306 | INFO     | N/A | ⏳ 等待 Profile 更新任务...
2026-08-07 18:03:20.345 | INFO     | N/A | ⏳ 等待 Profile 更新任务...
2026-08-07 18:03:25.395 | INFO     | N/A | ⏳ 等待 Profile 更新任务...
2026-08-07 18:03:30.439 | INFO     | N/A | ⏳ 等待 Profile 更新任务...
2026-08-07 18:03:35.449 | INFO     | N/A | ⏳ 等待 Profile 更新任务...
2026-08-07 18:03:40.485 | INFO     | N/A | ⏳ 等待 Profile 更新任务...
2026-08-07 18:03:45.526 | INFO     | N/A | ⏳ 等待 Profile 更新任务...
2026-08-07 18:03:50.571 | INFO     | N/A | ⏳ 等待 Profile 更新任务...
2026-08-07 18:26:40.948 | ERROR    | N/A | Worker 主循环异常: Timeout reading from socket
Traceback (most recent call last):

  File "D:\毕业设计\Travel_python\.venv\Lib\site-packages\redis\_parsers\socket.py", line 64, in _read_from_socket
    data = sock.recv(socket_read_size)

TimeoutError: timed out


During handling of the above exception, another exception occurred:


Traceback (most recent call last):

  File "D:\毕业设计\Travel_python\travel_ai_python\app\service\profile_worker.py", line 194, in <module>
    run_worker()

> File "D:\毕业设计\Travel_python\travel_ai_python\app\service\profile_worker.py", line 169, in run_worker
    task_data = pop_profile_update_task(block=True, timeout=5)

  File "D:\毕业设计\Travel_python\travel_ai_python\app\utils\redis_client.py", line 43, in pop_profile_update_task
    result = redis_client.brpop(PROFILE_UPDATE_QUEUE, timeout=timeout)

  File "D:\毕业设计\Travel_python\.venv\Lib\site-packages\redis\commands\core.py", line 4751, in brpop
    return self.execute_command("BRPOP", *keys)
  File "D:\毕业设计\Travel_python\.venv\Lib\site-packages\redis\client.py", line 787, in execute_command
    return self._execute_command(*args, **options)
  File "D:\毕业设计\Travel_python\.venv\Lib\site-packages\redis\client.py", line 809, in _execute_command
    result = conn.retry.call_with_retry(
  File "D:\毕业设计\Travel_python\.venv\Lib\site-packages\redis\retry.py", line 132, in call_with_retry
    raise error
  File "D:\毕业设计\Travel_python\.venv\Lib\site-packages\redis\retry.py", line 120, in call_with_retry
    return do()
  File "D:\毕业设计\Travel_python\.venv\Lib\site-packages\redis\client.py", line 810, in <lambda>
    lambda: self._send_command_parse_response(
  File "D:\毕业设计\Travel_python\.venv\Lib\site-packages\redis\client.py", line 753, in _send_command_parse_response
    return self.parse_response(conn, command_name, **options)
  File "D:\毕业设计\Travel_python\.venv\Lib\site-packages\redis\client.py", line 853, in parse_response
    response = connection.read_response()
  File "D:\毕业设计\Travel_python\.venv\Lib\site-packages\redis\connection.py", line 1371, in read_response
    response = self._parser.read_response(
  File "D:\毕业设计\Travel_python\.venv\Lib\site-packages\redis\_parsers\resp3.py", line 40, in read_response
    result = self._read_response(
  File "D:\毕业设计\Travel_python\.venv\Lib\site-packages\redis\_parsers\resp3.py", line 65, in _read_response
    raw = self._buffer.readline(timeout=timeout)
  File "D:\毕业设计\Travel_python\.venv\Lib\site-packages\redis\_parsers\socket.py", line 117, in readline
    self._read_from_socket(timeout=timeout)
  File "D:\毕业设计\Travel_python\.venv\Lib\site-packages\redis\_parsers\socket.py", line 77, in _read_from_socket
    raise TimeoutError("Timeout reading from socket")

redis.exceptions.TimeoutError: Timeout reading from socket
2026-08-07 18:26:42.007 | INFO     | N/A | ⏳ 等待 Profile 更新任务...
2026-08-07 18:26:47.127 | INFO     | N/A | ⏳ 等待 Profile 更新任务...
2026-08-07 18:26:52.154 | INFO     | N/A | ⏳ 等待 Profile 更新任务...
2026-08-07 18:26:57.180 | INFO     | N/A | ⏳ 等待 Profile 更新任务...
2026-08-07 18:27:02.207 | INFO     | N/A | ⏳ 等待 Profile 更新任务...
2026-08-07 18:27:07.297 | INFO     | N/A | ⏳ 等待 Profile 更新任务...
2026-08-07 18:27:12.336 | INFO     | N/A | ⏳ 等待 Profile 更新任务...
2026-08-07 18:27:17.359 | INFO     | N/A | ⏳ 等待 Profile 更新任务...
2026-08-07 18:27:22.386 | INFO     | N/A | ⏳ 等待 Profile 更新任务...
2026-08-07 18:27:27.412 | INFO     | N/A | ⏳ 等待 Profile 更新任务...
2026-08-07 18:27:32.436 | INFO     | N/A | ⏳ 等待 Profile 更新任务...
2026-08-07 18:27:37.463 | INFO     | N/A | ⏳ 等待 Profile 更新任务...
2026-08-07 18:27:42.490 | INFO     | N/A | ⏳ 等待 Profile 更新任务...
2026-08-07 18:27:47.517 | INFO     | N/A | ⏳ 等待 Profile 更新任务...
2026-08-07 18:27:52.540 | INFO     | N/A | ⏳ 等待 Profile 更新任务...
2026-08-07 18:27:57.568 | INFO     | N/A | ⏳ 等待 Profile 更新任务...
2026-08-07 18:28:02.595 | INFO     | N/A | ⏳ 等待 Profile 更新任务...
2026-08-07 18:28:07.622 | INFO     | N/A | ⏳ 等待 Profile 更新任务...
2026-08-07 18:28:12.668 | INFO     | N/A | ⏳ 等待 Profile 更新任务...
2026-08-07 18:28:17.696 | INFO     | N/A | ⏳ 等待 Profile 更新任务...
2026-08-07 18:28:22.719 | INFO     | N/A | ⏳ 等待 Profile 更新任务...
2026-08-07 18:28:27.745 | INFO     | N/A | ⏳ 等待 Profile 更新任务...
2026-08-07 18:28:32.770 | INFO     | N/A | ⏳ 等待 Profile 更新任务...
2026-08-07 18:28:37.827 | INFO     | N/A | ⏳ 等待 Profile 更新任务...
2026-08-07 18:28:42.872 | INFO     | N/A | ⏳ 等待 Profile 更新任务...
2026-08-07 18:28:47.904 | INFO     | N/A | ⏳ 等待 Profile 更新任务...
2026-08-07 18:28:52.931 | INFO     | N/A | ⏳ 等待 Profile 更新任务...
2026-08-07 18:28:57.957 | INFO     | N/A | ⏳ 等待 Profile 更新任务...
2026-08-07 18:29:02.984 | INFO     | N/A | ⏳ 等待 Profile 更新任务...
2026-08-07 18:29:08.013 | INFO     | N/A | ⏳ 等待 Profile 更新任务...
2026-08-07 18:29:13.042 | INFO     | N/A | ⏳ 等待 Profile 更新任务...
2026-08-07 18:29:18.071 | INFO     | N/A | ⏳ 等待 Profile 更新任务...
2026-08-07 18:29:23.098 | INFO     | N/A | ⏳ 等待 Profile 更新任务...
2026-08-07 18:29:28.124 | INFO     | N/A | ⏳ 等待 Profile 更新任务...
2026-08-07 18:29:33.150 | INFO     | N/A | ⏳ 等待 Profile 更新任务...
2026-08-07 18:29:38.178 | INFO     | N/A | ⏳ 等待 Profile 更新任务...
2026-08-07 18:29:43.212 | INFO     | N/A | ⏳ 等待 Profile 更新任务...
2026-08-07 18:29:48.243 | INFO     | N/A | ⏳ 等待 Profile 更新任务...
2026-08-07 18:29:53.270 | INFO     | N/A | ⏳ 等待 Profile 更新任务...
2026-08-07 18:29:58.178 | INFO     | N/A | ⏳ 等待 Profile 更新任务...
2026-08-07 18:30:03.208 | INFO     | N/A | ⏳ 等待 Profile 更新任务...
2026-08-07 18:30:08.236 | INFO     | N/A | ⏳ 等待 Profile 更新任务...
2026-08-07 18:30:13.274 | INFO     | N/A | ⏳ 等待 Profile 更新任务...
2026-08-07 18:30:18.303 | INFO     | N/A | ⏳ 等待 Profile 更新任务...
2026-08-07 18:30:23.330 | INFO     | N/A | ⏳ 等待 Profile 更新任务...
2026-08-07 18:30:28.358 | INFO     | N/A | ⏳ 等待 Profile 更新任务...
2026-08-07 18:30:33.383 | INFO     | N/A | ⏳ 等待 Profile 更新任务...
2026-08-07 18:30:38.410 | INFO     | N/A | ⏳ 等待 Profile 更新任务...
2026-08-07 18:30:43.438 | INFO     | N/A | ⏳ 等待 Profile 更新任务...
2026-08-07 18:30:48.468 | INFO     | N/A | ⏳ 等待 Profile 更新任务...
2026-08-07 18:30:53.508 | INFO     | N/A | ⏳ 等待 Profile 更新任务...
2026-08-07 18:30:58.535 | INFO     | N/A | ⏳ 等待 Profile 更新任务...
2026-08-07 18:31:03.560 | INFO     | N/A | ⏳ 等待 Profile 更新任务...
2026-08-07 18:31:08.586 | INFO     | N/A | ⏳ 等待 Profile 更新任务...
2026-08-07 18:31:13.615 | INFO     | N/A | ⏳ 等待 Profile 更新任务...
2026-08-07 18:31:18.643 | INFO     | N/A | ⏳ 等待 Profile 更新任务...
2026-08-07 18:31:23.670 | INFO     | N/A | ⏳ 等待 Profile 更新任务...
2026-08-07 18:31:28.698 | INFO     | N/A | ⏳ 等待 Profile 更新任务...
2026-08-07 18:31:33.724 | INFO     | N/A | ⏳ 等待 Profile 更新任务...
2026-08-07 18:31:38.748 | INFO     | N/A | ⏳ 等待 Profile 更新任务...
2026-08-07 18:31:43.778 | INFO     | N/A | ⏳ 等待 Profile 更新任务...
2026-08-07 18:31:48.805 | INFO     | N/A | ⏳ 等待 Profile 更新任务...
2026-08-07 18:31:53.831 | INFO     | N/A | ⏳ 等待 Profile 更新任务...
2026-08-07 18:31:58.858 | INFO     | N/A | ⏳ 等待 Profile 更新任务...
2026-08-07 18:32:03.882 | INFO     | N/A | ⏳ 等待 Profile 更新任务...
2026-08-07 18:32:08.909 | INFO     | N/A | ⏳ 等待 Profile 更新任务...
2026-08-07 18:32:13.934 | INFO     | N/A | ⏳ 等待 Profile 更新任务...
2026-08-07 18:32:18.962 | INFO     | N/A | ⏳ 等待 Profile 更新任务...
2026-08-07 18:32:23.985 | INFO     | N/A | ⏳ 等待 Profile 更新任务...
2026-08-07 18:32:29.014 | INFO     | N/A | ⏳ 等待 Profile 更新任务...
2026-08-07 18:32:34.042 | INFO     | N/A | ⏳ 等待 Profile 更新任务...
2026-08-07 18:32:39.069 | INFO     | N/A | ⏳ 等待 Profile 更新任务...
2026-08-07 18:32:44.096 | INFO     | N/A | ⏳ 等待 Profile 更新任务...
2026-08-07 18:32:49.126 | INFO     | N/A | ⏳ 等待 Profile 更新任务...
2026-08-07 18:32:54.149 | INFO     | N/A | ⏳ 等待 Profile 更新任务...
2026-08-07 18:32:59.176 | INFO     | N/A | ⏳ 等待 Profile 更新任务...
2026-08-07 18:33:04.199 | INFO     | N/A | ⏳ 等待 Profile 更新任务...
2026-08-07 18:33:09.226 | INFO     | N/A | ⏳ 等待 Profile 更新任务...
2026-08-07 18:33:14.253 | INFO     | N/A | ⏳ 等待 Profile 更新任务...
2026-08-07 18:33:19.280 | INFO     | N/A | ⏳ 等待 Profile 更新任务...
2026-08-07 18:33:24.307 | INFO     | N/A | ⏳ 等待 Profile 更新任务...
2026-08-07 18:33:29.335 | INFO     | N/A | ⏳ 等待 Profile 更新任务...
2026-08-07 18:33:34.362 | INFO     | N/A | ⏳ 等待 Profile 更新任务...
2026-08-07 18:33:39.387 | INFO     | N/A | ⏳ 等待 Profile 更新任务...
2026-08-07 18:33:44.417 | INFO     | N/A | ⏳ 等待 Profile 更新任务...
2026-08-07 18:33:49.447 | INFO     | N/A | ⏳ 等待 Profile 更新任务...
2026-08-07 18:33:54.475 | INFO     | N/A | ⏳ 等待 Profile 更新任务...
2026-08-07 18:33:59.501 | INFO     | N/A | ⏳ 等待 Profile 更新任务...
2026-08-07 18:34:04.527 | INFO     | N/A | ⏳ 等待 Profile 更新任务...
2026-08-07 18:34:09.554 | INFO     | N/A | ⏳ 等待 Profile 更新任务...
2026-08-07 18:34:14.584 | INFO     | N/A | ⏳ 等待 Profile 更新任务...
2026-08-07 18:34:19.610 | INFO     | N/A | ⏳ 等待 Profile 更新任务...
2026-08-07 18:34:24.638 | INFO     | N/A | ⏳ 等待 Profile 更新任务...
2026-08-07 18:34:29.662 | INFO     | N/A | ⏳ 等待 Profile 更新任务...
2026-08-07 18:34:34.688 | INFO     | N/A | ⏳ 等待 Profile 更新任务...
2026-08-07 18:34:39.715 | INFO     | N/A | ⏳ 等待 Profile 更新任务...
2026-08-07 18:34:44.741 | INFO     | N/A | ⏳ 等待 Profile 更新任务...
2026-08-07 18:34:49.780 | INFO     | N/A | ⏳ 等待 Profile 更新任务...
2026-08-07 18:34:54.807 | INFO     | N/A | ⏳ 等待 Profile 更新任务...
2026-08-07 18:34:59.833 | INFO     | N/A | ⏳ 等待 Profile 更新任务...
2026-08-07 18:35:04.859 | INFO     | N/A | ⏳ 等待 Profile 更新任务...
2026-08-07 18:35:09.888 | INFO     | N/A | ⏳ 等待 Profile 更新任务...
2026-08-07 18:35:14.926 | INFO     | N/A | ⏳ 等待 Profile 更新任务...
2026-08-07 18:35:19.954 | INFO     | N/A | ⏳ 等待 Profile 更新任务...
2026-08-07 18:35:24.977 | INFO     | N/A | ⏳ 等待 Profile 更新任务...
2026-08-07 18:35:30.003 | INFO     | N/A | ⏳ 等待 Profile 更新任务...
2026-08-07 18:35:35.029 | INFO     | N/A | ⏳ 等待 Profile 更新任务...
2026-08-07 18:35:40.054 | INFO     | N/A | ⏳ 等待 Profile 更新任务...
2026-08-07 18:35:45.081 | INFO     | N/A | ⏳ 等待 Profile 更新任务...
2026-08-07 18:35:50.116 | INFO     | N/A | ⏳ 等待 Profile 更新任务...
2026-08-07 18:35:55.142 | INFO     | N/A | ⏳ 等待 Profile 更新任务...
2026-08-07 18:36:00.172 | INFO     | N/A | ⏳ 等待 Profile 更新任务...
2026-08-07 18:36:05.198 | INFO     | N/A | ⏳ 等待 Profile 更新任务...
2026-08-07 18:36:10.227 | INFO     | N/A | ⏳ 等待 Profile 更新任务...
2026-08-07 18:36:15.255 | INFO     | N/A | ⏳ 等待 Profile 更新任务...
2026-08-07 18:36:20.292 | INFO     | N/A | ⏳ 等待 Profile 更新任务...
2026-08-07 18:36:25.318 | INFO     | N/A | ⏳ 等待 Profile 更新任务...
2026-08-07 18:36:30.346 | INFO     | N/A | ⏳ 等待 Profile 更新任务...
2026-08-07 18:36:35.374 | INFO     | N/A | ⏳ 等待 Profile 更新任务...
2026-08-07 18:36:40.399 | INFO     | N/A | ⏳ 等待 Profile 更新任务...
2026-08-07 18:36:45.426 | INFO     | N/A | ⏳ 等待 Profile 更新任务...
2026-08-07 18:36:50.457 | INFO     | N/A | ⏳ 等待 Profile 更新任务...
2026-08-07 18:36:55.485 | INFO     | N/A | ⏳ 等待 Profile 更新任务...
2026-08-07 18:37:00.511 | INFO     | N/A | ⏳ 等待 Profile 更新任务...
2026-08-07 18:37:05.537 | INFO     | N/A | ⏳ 等待 Profile 更新任务...
2026-08-07 18:37:10.563 | INFO     | N/A | ⏳ 等待 Profile 更新任务...
2026-08-07 18:37:15.589 | INFO     | N/A | ⏳ 等待 Profile 更新任务...
2026-08-07 18:37:20.613 | INFO     | N/A | ⏳ 等待 Profile 更新任务...
2026-08-07 18:37:25.640 | INFO     | N/A | ⏳ 等待 Profile 更新任务...
2026-08-07 18:37:30.673 | INFO     | N/A | ⏳ 等待 Profile 更新任务...
2026-08-07 18:37:35.721 | INFO     | N/A | ⏳ 等待 Profile 更新任务...
2026-08-07 18:37:40.771 | INFO     | N/A | ⏳ 等待 Profile 更新任务...
2026-08-07 18:37:45.796 | INFO     | N/A | ⏳ 等待 Profile 更新任务...
2026-08-07 18:37:50.819 | INFO     | N/A | ⏳ 等待 Profile 更新任务...
2026-08-07 18:37:55.850 | INFO     | N/A | ⏳ 等待 Profile 更新任务...
2026-08-07 18:38:00.874 | INFO     | N/A | ⏳ 等待 Profile 更新任务...
2026-08-07 18:38:05.897 | INFO     | N/A | ⏳ 等待 Profile 更新任务...
2026-08-07 18:38:10.924 | INFO     | N/A | ⏳ 等待 Profile 更新任务...
2026-08-07 18:38:15.955 | INFO     | N/A | ⏳ 等待 Profile 更新任务...
2026-08-07 18:38:20.984 | INFO     | N/A | ⏳ 等待 Profile 更新任务...
2026-08-07 18:38:26.011 | INFO     | N/A | ⏳ 等待 Profile 更新任务...
2026-08-07 18:38:31.039 | INFO     | N/A | ⏳ 等待 Profile 更新任务...
2026-08-07 18:38:36.067 | INFO     | N/A | ⏳ 等待 Profile 更新任务...
2026-08-07 18:38:41.094 | INFO     | N/A | ⏳ 等待 Profile 更新任务...
2026-08-07 18:38:46.128 | INFO     | N/A | ⏳ 等待 Profile 更新任务...
2026-08-07 18:38:51.162 | INFO     | N/A | ⏳ 等待 Profile 更新任务...
2026-08-07 18:38:56.190 | INFO     | N/A | ⏳ 等待 Profile 更新任务...
2026-08-07 18:39:01.216 | INFO     | N/A | ⏳ 等待 Profile 更新任务...
2026-08-07 18:39:06.244 | INFO     | N/A | ⏳ 等待 Profile 更新任务...
2026-08-07 18:39:11.270 | INFO     | N/A | ⏳ 等待 Profile 更新任务...
2026-08-07 18:39:16.302 | INFO     | N/A | ⏳ 等待 Profile 更新任务...
2026-08-07 18:39:21.330 | INFO     | N/A | ⏳ 等待 Profile 更新任务...
2026-08-07 18:39:26.354 | INFO     | N/A | ⏳ 等待 Profile 更新任务...
2026-08-07 18:39:31.379 | INFO     | N/A | ⏳ 等待 Profile 更新任务...
2026-08-07 18:39:36.404 | INFO     | N/A | ⏳ 等待 Profile 更新任务...
2026-08-07 18:39:41.430 | INFO     | N/A | ⏳ 等待 Profile 更新任务...
2026-08-07 18:39:46.461 | INFO     | N/A | ⏳ 等待 Profile 更新任务...
2026-08-07 18:39:51.488 | INFO     | N/A | ⏳ 等待 Profile 更新任务...
2026-08-07 18:39:56.515 | INFO     | N/A | ⏳ 等待 Profile 更新任务...
2026-08-07 18:40:01.543 | INFO     | N/A | ⏳ 等待 Profile 更新任务...
2026-08-07 18:40:06.570 | INFO     | N/A | ⏳ 等待 Profile 更新任务...
2026-08-07 18:40:11.597 | INFO     | N/A | ⏳ 等待 Profile 更新任务...
2026-08-07 18:40:16.632 | INFO     | N/A | ⏳ 等待 Profile 更新任务...
2026-08-07 18:40:21.691 | INFO     | N/A | ⏳ 等待 Profile 更新任务...
2026-08-07 18:40:26.708 | INFO     | N/A | ⏳ 等待 Profile 更新任务...
2026-08-07 18:40:31.743 | INFO     | N/A | ⏳ 等待 Profile 更新任务...
2026-08-07 18:40:36.769 | INFO     | N/A | ⏳ 等待 Profile 更新任务...
2026-08-07 18:40:41.793 | INFO     | N/A | ⏳ 等待 Profile 更新任务...
2026-08-07 18:40:46.819 | INFO     | N/A | ⏳ 等待 Profile 更新任务...
2026-08-07 18:40:51.842 | INFO     | N/A | ⏳ 等待 Profile 更新任务...
2026-08-07 18:40:56.869 | INFO     | N/A | ⏳ 等待 Profile 更新任务...
2026-08-07 18:41:01.895 | INFO     | N/A | ⏳ 等待 Profile 更新任务...
2026-08-07 18:41:06.921 | INFO     | N/A | ⏳ 等待 Profile 更新任务...
2026-08-07 18:41:11.948 | INFO     | N/A | ⏳ 等待 Profile 更新任务...
2026-08-07 18:41:16.977 | INFO     | N/A | ⏳ 等待 Profile 更新任务...
2026-08-07 18:41:22.004 | INFO     | N/A | ⏳ 等待 Profile 更新任务...
2026-08-07 18:41:27.034 | INFO     | N/A | ⏳ 等待 Profile 更新任务...
2026-08-07 18:41:32.062 | INFO     | N/A | ⏳ 等待 Profile 更新任务...
2026-08-07 18:41:37.088 | INFO     | N/A | ⏳ 等待 Profile 更新任务...
2026-08-07 18:41:42.114 | INFO     | N/A | ⏳ 等待 Profile 更新任务...
2026-08-07 18:41:47.147 | INFO     | N/A | ⏳ 等待 Profile 更新任务...
2026-08-07 18:41:52.171 | INFO     | N/A | ⏳ 等待 Profile 更新任务...
2026-08-07 18:41:57.197 | INFO     | N/A | ⏳ 等待 Profile 更新任务...
2026-08-07 18:42:02.222 | INFO     | N/A | ⏳ 等待 Profile 更新任务...
2026-08-07 18:42:07.250 | INFO     | N/A | ⏳ 等待 Profile 更新任务...
2026-08-07 18:42:12.278 | INFO     | N/A | ⏳ 等待 Profile 更新任务...
2026-08-07 18:42:17.306 | INFO     | N/A | ⏳ 等待 Profile 更新任务...
2026-08-07 18:42:22.333 | INFO     | N/A | ⏳ 等待 Profile 更新任务...
2026-08-07 18:42:27.361 | INFO     | N/A | ⏳ 等待 Profile 更新任务...
2026-08-07 18:42:32.386 | INFO     | N/A | ⏳ 等待 Profile 更新任务...
2026-08-07 18:42:37.418 | INFO     | N/A | ⏳ 等待 Profile 更新任务...
2026-08-07 18:42:42.437 | INFO     | N/A | ⏳ 等待 Profile 更新任务...
2026-08-07 18:42:47.465 | INFO     | N/A | ⏳ 等待 Profile 更新任务...
2026-08-07 18:42:52.490 | INFO     | N/A | ⏳ 等待 Profile 更新任务...
2026-08-07 18:42:57.515 | INFO     | N/A | ⏳ 等待 Profile 更新任务...
2026-08-07 18:43:02.540 | INFO     | N/A | ⏳ 等待 Profile 更新任务...
2026-08-07 18:43:07.630 | INFO     | N/A | ⏳ 等待 Profile 更新任务...
2026-08-07 18:43:12.656 | INFO     | N/A | ⏳ 等待 Profile 更新任务...
2026-08-07 18:43:17.680 | INFO     | N/A | ⏳ 等待 Profile 更新任务...
2026-08-07 18:43:22.713 | INFO     | N/A | ⏳ 等待 Profile 更新任务...
2026-08-07 18:43:27.740 | INFO     | N/A | ⏳ 等待 Profile 更新任务...
2026-08-07 18:43:32.766 | INFO     | N/A | ⏳ 等待 Profile 更新任务...
2026-08-07 18:43:37.848 | INFO     | N/A | ⏳ 等待 Profile 更新任务...
2026-08-07 18:43:42.873 | INFO     | N/A | ⏳ 等待 Profile 更新任务...
2026-08-07 18:43:47.902 | INFO     | N/A | ⏳ 等待 Profile 更新任务...
2026-08-07 18:43:52.930 | INFO     | N/A | ⏳ 等待 Profile 更新任务...
2026-08-07 18:43:57.960 | INFO     | N/A | ⏳ 等待 Profile 更新任务...
2026-08-07 18:44:02.985 | INFO     | N/A | ⏳ 等待 Profile 更新任务...
2026-08-07 18:44:08.011 | INFO     | N/A | ⏳ 等待 Profile 更新任务...
2026-08-07 18:44:13.038 | INFO     | N/A | ⏳ 等待 Profile 更新任务...
2026-08-07 18:44:18.085 | INFO     | N/A | ⏳ 等待 Profile 更新任务...
2026-08-07 18:44:23.113 | INFO     | N/A | ⏳ 等待 Profile 更新任务...
2026-08-07 18:44:28.140 | INFO     | N/A | ⏳ 等待 Profile 更新任务...
2026-08-07 18:44:33.165 | INFO     | N/A | ⏳ 等待 Profile 更新任务...
2026-08-07 18:44:38.189 | INFO     | N/A | ⏳ 等待 Profile 更新任务...
2026-08-07 18:44:43.215 | INFO     | N/A | ⏳ 等待 Profile 更新任务...
2026-08-07 18:44:48.246 | INFO     | N/A | ⏳ 等待 Profile 更新任务...
2026-08-07 18:44:53.275 | INFO     | N/A | ⏳ 等待 Profile 更新任务...
2026-08-07 18:44:58.305 | INFO     | N/A | ⏳ 等待 Profile 更新任务...
2026-08-07 18:45:03.330 | INFO     | N/A | ⏳ 等待 Profile 更新任务...
2026-08-07 18:45:08.358 | INFO     | N/A | ⏳ 等待 Profile 更新任务...
2026-08-07 18:45:13.385 | INFO     | N/A | ⏳ 等待 Profile 更新任务...
2026-08-07 18:45:18.418 | INFO     | N/A | ⏳ 等待 Profile 更新任务...
2026-08-07 18:45:23.443 | INFO     | N/A | ⏳ 等待 Profile 更新任务...
2026-08-07 18:45:28.470 | INFO     | N/A | ⏳ 等待 Profile 更新任务...
2026-08-07 18:45:33.496 | INFO     | N/A | ⏳ 等待 Profile 更新任务...
2026-08-07 18:45:38.524 | INFO     | N/A | ⏳ 等待 Profile 更新任务...
2026-08-07 18:45:43.550 | INFO     | N/A | ⏳ 等待 Profile 更新任务...
2026-08-07 18:45:48.579 | INFO     | N/A | ⏳ 等待 Profile 更新任务...
2026-08-07 18:45:53.605 | INFO     | N/A | ⏳ 等待 Profile 更新任务...
2026-08-07 18:45:58.633 | INFO     | N/A | ⏳ 等待 Profile 更新任务...
2026-08-07 18:46:03.659 | INFO     | N/A | ⏳ 等待 Profile 更新任务...
2026-08-07 18:46:08.686 | INFO     | N/A | ⏳ 等待 Profile 更新任务...
2026-08-07 18:46:13.713 | INFO     | N/A | ⏳ 等待 Profile 更新任务...
2026-08-07 18:46:18.740 | INFO     | N/A | ⏳ 等待 Profile 更新任务...
2026-08-07 18:46:23.787 | INFO     | N/A | ⏳ 等待 Profile 更新任务...
2026-08-07 18:46:28.811 | INFO     | N/A | ⏳ 等待 Profile 更新任务...
2026-08-07 18:46:33.837 | INFO     | N/A | ⏳ 等待 Profile 更新任务...
2026-08-07 18:46:38.863 | INFO     | N/A | ⏳ 等待 Profile 更新任务...
2026-08-07 18:46:43.891 | INFO     | N/A | ⏳ 等待 Profile 更新任务...
2026-08-07 18:46:48.920 | INFO     | N/A | ⏳ 等待 Profile 更新任务...
2026-08-07 18:46:53.946 | INFO     | N/A | ⏳ 等待 Profile 更新任务...
2026-08-07 18:46:58.974 | INFO     | N/A | ⏳ 等待 Profile 更新任务...
2026-08-07 18:47:03.999 | INFO     | N/A | ⏳ 等待 Profile 更新任务...
2026-08-07 18:47:09.023 | INFO     | N/A | ⏳ 等待 Profile 更新任务...
2026-08-07 18:47:14.048 | INFO     | N/A | ⏳ 等待 Profile 更新任务...
2026-08-07 18:47:19.075 | INFO     | N/A | ⏳ 等待 Profile 更新任务...
2026-08-07 18:47:24.100 | INFO     | N/A | ⏳ 等待 Profile 更新任务...
2026-08-07 18:47:29.124 | INFO     | N/A | ⏳ 等待 Profile 更新任务...
2026-08-07 18:47:34.151 | INFO     | N/A | ⏳ 等待 Profile 更新任务...
2026-08-07 18:47:39.178 | INFO     | N/A | ⏳ 等待 Profile 更新任务...
2026-08-07 18:47:44.206 | INFO     | N/A | ⏳ 等待 Profile 更新任务...
2026-08-07 18:47:49.240 | INFO     | N/A | ⏳ 等待 Profile 更新任务...
2026-08-07 18:47:54.266 | INFO     | N/A | ⏳ 等待 Profile 更新任务...
2026-08-07 18:47:59.296 | INFO     | N/A | ⏳ 等待 Profile 更新任务...
2026-08-07 18:48:04.322 | INFO     | N/A | ⏳ 等待 Profile 更新任务...
2026-08-07 18:48:09.347 | INFO     | N/A | ⏳ 等待 Profile 更新任务...
2026-08-07 18:48:14.371 | INFO     | N/A | ⏳ 等待 Profile 更新任务...
2026-08-07 18:48:19.399 | INFO     | N/A | ⏳ 等待 Profile 更新任务...
2026-08-07 18:48:24.424 | INFO     | N/A | ⏳ 等待 Profile 更新任务...
2026-08-07 18:48:29.451 | INFO     | N/A | ⏳ 等待 Profile 更新任务...
2026-08-07 18:48:34.478 | INFO     | N/A | ⏳ 等待 Profile 更新任务...
2026-08-07 18:48:39.505 | INFO     | N/A | ⏳ 等待 Profile 更新任务...
2026-08-07 18:48:44.533 | INFO     | N/A | ⏳ 等待 Profile 更新任务...
2026-08-07 18:48:49.560 | INFO     | N/A | ⏳ 等待 Profile 更新任务...
2026-08-07 18:48:54.586 | INFO     | N/A | ⏳ 等待 Profile 更新任务...
2026-08-07 18:48:59.614 | INFO     | N/A | ⏳ 等待 Profile 更新任务...
2026-08-07 18:49:04.639 | INFO     | N/A | ⏳ 等待 Profile 更新任务...
2026-08-07 18:49:09.669 | INFO     | N/A | ⏳ 等待 Profile 更新任务...
2026-08-07 18:49:14.698 | INFO     | N/A | ⏳ 等待 Profile 更新任务...
2026-08-07 18:49:19.723 | INFO     | N/A | ⏳ 等待 Profile 更新任务...
2026-08-07 18:49:24.750 | INFO     | N/A | ⏳ 等待 Profile 更新任务...
2026-08-07 18:49:29.777 | INFO     | N/A | ⏳ 等待 Profile 更新任务...
2026-08-07 18:49:34.804 | INFO     | N/A | ⏳ 等待 Profile 更新任务...
2026-08-07 18:49:39.829 | INFO     | N/A | ⏳ 等待 Profile 更新任务...
2026-08-07 18:49:44.855 | INFO     | N/A | ⏳ 等待 Profile 更新任务...
2026-08-07 18:49:49.883 | INFO     | N/A | ⏳ 等待 Profile 更新任务...
2026-08-07 18:49:54.909 | INFO     | N/A | ⏳ 等待 Profile 更新任务...
2026-08-07 18:49:59.936 | INFO     | N/A | ⏳ 等待 Profile 更新任务...
2026-08-07 18:50:04.964 | INFO     | N/A | ⏳ 等待 Profile 更新任务...
2026-08-07 18:50:09.992 | INFO     | N/A | ⏳ 等待 Profile 更新任务...
2026-08-07 18:50:15.018 | INFO     | N/A | ⏳ 等待 Profile 更新任务...
2026-08-07 18:50:20.046 | INFO     | N/A | ⏳ 等待 Profile 更新任务...
2026-08-07 18:50:25.071 | INFO     | N/A | ⏳ 等待 Profile 更新任务...
2026-08-07 18:50:30.097 | INFO     | N/A | ⏳ 等待 Profile 更新任务...
2026-08-07 18:50:35.122 | INFO     | N/A | ⏳ 等待 Profile 更新任务...
2026-08-07 18:50:40.151 | INFO     | N/A | ⏳ 等待 Profile 更新任务...
2026-08-07 18:50:45.171 | INFO     | N/A | ⏳ 等待 Profile 更新任务...
2026-08-07 18:50:50.196 | INFO     | N/A | ⏳ 等待 Profile 更新任务...
2026-08-07 18:50:55.221 | INFO     | N/A | ⏳ 等待 Profile 更新任务...
2026-08-07 18:51:00.250 | INFO     | N/A | ⏳ 等待 Profile 更新任务...
2026-08-07 18:51:05.276 | INFO     | N/A | ⏳ 等待 Profile 更新任务...
2026-08-07 18:51:10.301 | INFO     | N/A | ⏳ 等待 Profile 更新任务...
2026-08-07 18:51:15.327 | INFO     | N/A | ⏳ 等待 Profile 更新任务...
2026-08-07 18:51:20.356 | INFO     | N/A | ⏳ 等待 Profile 更新任务...
2026-08-07 18:51:25.382 | INFO     | N/A | ⏳ 等待 Profile 更新任务...
2026-08-07 18:51:30.408 | INFO     | N/A | ⏳ 等待 Profile 更新任务...
2026-08-07 18:51:35.435 | INFO     | N/A | ⏳ 等待 Profile 更新任务...
2026-08-07 18:51:40.462 | INFO     | N/A | ⏳ 等待 Profile 更新任务...
2026-08-07 18:51:45.487 | INFO     | N/A | ⏳ 等待 Profile 更新任务...
2026-08-07 18:51:50.520 | INFO     | N/A | ⏳ 等待 Profile 更新任务...
2026-08-07 18:51:55.548 | INFO     | N/A | ⏳ 等待 Profile 更新任务...
2026-08-07 18:52:00.575 | INFO     | N/A | ⏳ 等待 Profile 更新任务...
2026-08-07 18:52:05.602 | INFO     | N/A | ⏳ 等待 Profile 更新任务...
2026-08-07 18:52:10.631 | INFO     | N/A | ⏳ 等待 Profile 更新任务...
2026-08-07 18:52:15.653 | INFO     | N/A | ⏳ 等待 Profile 更新任务...
2026-08-07 18:52:20.682 | INFO     | N/A | ⏳ 等待 Profile 更新任务...
2026-08-07 18:52:25.708 | INFO     | N/A | ⏳ 等待 Profile 更新任务...
2026-08-07 18:52:30.734 | INFO     | N/A | ⏳ 等待 Profile 更新任务...
2026-08-07 18:52:35.760 | INFO     | N/A | ⏳ 等待 Profile 更新任务...
2026-08-07 18:52:40.791 | INFO     | N/A | ⏳ 等待 Profile 更新任务...
2026-08-07 18:52:45.818 | INFO     | N/A | ⏳ 等待 Profile 更新任务...
2026-08-07 18:52:50.847 | INFO     | N/A | ⏳ 等待 Profile 更新任务...
2026-08-07 18:52:55.874 | INFO     | N/A | ⏳ 等待 Profile 更新任务...
2026-08-07 18:53:00.901 | INFO     | N/A | ⏳ 等待 Profile 更新任务...
2026-08-07 18:53:05.931 | INFO     | N/A | ⏳ 等待 Profile 更新任务...
2026-08-07 18:53:10.959 | INFO     | N/A | ⏳ 等待 Profile 更新任务...
2026-08-07 18:53:15.984 | INFO     | N/A | ⏳ 等待 Profile 更新任务...
2026-08-07 18:53:21.015 | INFO     | N/A | ⏳ 等待 Profile 更新任务...
2026-08-07 18:53:26.042 | INFO     | N/A | ⏳ 等待 Profile 更新任务...
2026-08-07 18:53:31.070 | INFO     | N/A | ⏳ 等待 Profile 更新任务...
2026-08-07 18:53:36.096 | INFO     | N/A | ⏳ 等待 Profile 更新任务...
2026-08-07 18:53:41.126 | INFO     | N/A | ⏳ 等待 Profile 更新任务...
2026-08-07 18:53:46.155 | INFO     | N/A | ⏳ 等待 Profile 更新任务...
2026-08-07 18:53:51.185 | INFO     | N/A | ⏳ 等待 Profile 更新任务...
2026-08-07 18:53:56.213 | INFO     | N/A | ⏳ 等待 Profile 更新任务...
2026-08-07 18:54:01.236 | INFO     | N/A | ⏳ 等待 Profile 更新任务...
2026-08-07 18:54:06.263 | INFO     | N/A | ⏳ 等待 Profile 更新任务...
2026-08-07 18:54:11.289 | INFO     | N/A | ⏳ 等待 Profile 更新任务...
2026-08-07 18:54:16.316 | INFO     | N/A | ⏳ 等待 Profile 更新任务...
2026-08-07 18:54:21.346 | INFO     | N/A | ⏳ 等待 Profile 更新任务...
2026-08-07 18:54:26.372 | INFO     | N/A | ⏳ 等待 Profile 更新任务...
2026-08-07 18:54:31.400 | INFO     | N/A | ⏳ 等待 Profile 更新任务...
2026-08-07 18:54:36.428 | INFO     | N/A | ⏳ 等待 Profile 更新任务...
2026-08-07 18:54:41.455 | INFO     | N/A | ⏳ 等待 Profile 更新任务...
2026-08-07 18:54:46.481 | INFO     | N/A | ⏳ 等待 Profile 更新任务...
2026-08-07 18:54:51.511 | INFO     | N/A | ⏳ 等待 Profile 更新任务...
2026-08-07 18:54:56.536 | INFO     | N/A | ⏳ 等待 Profile 更新任务...
2026-08-07 18:55:01.563 | INFO     | N/A | ⏳ 等待 Profile 更新任务...
2026-08-07 18:55:06.587 | INFO     | N/A | ⏳ 等待 Profile 更新任务...
2026-08-07 18:55:11.613 | INFO     | N/A | ⏳ 等待 Profile 更新任务...
2026-08-07 18:55:16.641 | INFO     | N/A | ⏳ 等待 Profile 更新任务...
2026-08-07 18:55:21.670 | INFO     | N/A | ⏳ 等待 Profile 更新任务...
2026-08-07 18:55:26.697 | INFO     | N/A | ⏳ 等待 Profile 更新任务...
2026-08-07 18:55:31.724 | INFO     | N/A | ⏳ 等待 Profile 更新任务...
2026-08-07 18:55:36.750 | INFO     | N/A | ⏳ 等待 Profile 更新任务...
2026-08-07 18:55:41.776 | INFO     | N/A | ⏳ 等待 Profile 更新任务...
2026-08-07 18:55:46.804 | INFO     | N/A | ⏳ 等待 Profile 更新任务...
2026-08-07 18:55:51.832 | INFO     | N/A | ⏳ 等待 Profile 更新任务...
2026-08-07 18:55:56.860 | INFO     | N/A | ⏳ 等待 Profile 更新任务...
2026-08-07 18:56:01.891 | INFO     | N/A | ⏳ 等待 Profile 更新任务...
2026-08-07 18:56:06.912 | INFO     | N/A | ⏳ 等待 Profile 更新任务...
2026-08-07 18:56:11.938 | INFO     | N/A | ⏳ 等待 Profile 更新任务...
2026-08-07 18:56:16.970 | INFO     | N/A | ⏳ 等待 Profile 更新任务...
2026-08-07 18:56:21.996 | INFO     | N/A | ⏳ 等待 Profile 更新任务...
2026-08-07 18:56:27.024 | INFO     | N/A | ⏳ 等待 Profile 更新任务...
2026-08-07 18:56:32.048 | INFO     | N/A | ⏳ 等待 Profile 更新任务...
2026-08-07 18:56:37.072 | INFO     | N/A | ⏳ 等待 Profile 更新任务...
2026-08-07 18:56:42.095 | INFO     | N/A | ⏳ 等待 Profile 更新任务...
2026-08-07 18:56:47.122 | INFO     | N/A | ⏳ 等待 Profile 更新任务...
2026-08-07 18:56:52.150 | INFO     | N/A | ⏳ 等待 Profile 更新任务...
2026-08-07 18:56:57.177 | INFO     | N/A | ⏳ 等待 Profile 更新任务...
2026-08-07 18:57:02.201 | INFO     | N/A | ⏳ 等待 Profile 更新任务...
2026-08-07 18:57:07.226 | INFO     | N/A | ⏳ 等待 Profile 更新任务...
2026-08-07 18:57:12.253 | INFO     | N/A | ⏳ 等待 Profile 更新任务...
2026-08-07 18:57:17.280 | INFO     | N/A | ⏳ 等待 Profile 更新任务...
2026-08-07 18:57:22.306 | INFO     | N/A | ⏳ 等待 Profile 更新任务...
2026-08-07 18:57:27.335 | INFO     | N/A | ⏳ 等待 Profile 更新任务...
2026-08-07 18:57:32.430 | INFO     | N/A | ⏳ 等待 Profile 更新任务...
2026-08-07 18:57:37.457 | INFO     | N/A | ⏳ 等待 Profile 更新任务...
2026-08-07 18:57:42.481 | INFO     | N/A | ⏳ 等待 Profile 更新任务...
2026-08-07 18:57:47.525 | INFO     | N/A | ⏳ 等待 Profile 更新任务...
2026-08-07 18:57:52.552 | INFO     | N/A | ⏳ 等待 Profile 更新任务...
2026-08-07 18:57:57.581 | INFO     | N/A | ⏳ 等待 Profile 更新任务...
2026-08-07 18:58:02.607 | INFO     | N/A | ⏳ 等待 Profile 更新任务...
2026-08-07 18:58:07.639 | INFO     | N/A | ⏳ 等待 Profile 更新任务...
2026-08-07 18:58:12.679 | INFO     | N/A | ⏳ 等待 Profile 更新任务...
2026-08-07 18:58:17.719 | INFO     | N/A | ⏳ 等待 Profile 更新任务...
2026-08-07 18:58:22.746 | INFO     | N/A | ⏳ 等待 Profile 更新任务...
2026-08-07 18:58:27.771 | INFO     | N/A | ⏳ 等待 Profile 更新任务...
2026-08-07 18:58:32.795 | INFO     | N/A | ⏳ 等待 Profile 更新任务...
2026-08-07 18:58:37.822 | INFO     | N/A | ⏳ 等待 Profile 更新任务...
2026-08-07 18:58:42.847 | INFO     | N/A | ⏳ 等待 Profile 更新任务...
2026-08-07 18:58:47.882 | INFO     | N/A | ⏳ 等待 Profile 更新任务...
2026-08-07 18:58:52.908 | INFO     | N/A | ⏳ 等待 Profile 更新任务...
2026-08-07 18:58:57.947 | INFO     | N/A | ⏳ 等待 Profile 更新任务...
2026-08-07 18:59:02.971 | INFO     | N/A | ⏳ 等待 Profile 更新任务...
2026-08-07 18:59:08.004 | INFO     | N/A | ⏳ 等待 Profile 更新任务...
2026-08-07 18:59:13.029 | INFO     | N/A | ⏳ 等待 Profile 更新任务...
2026-08-07 18:59:18.058 | INFO     | N/A | ⏳ 等待 Profile 更新任务...
2026-08-07 18:59:23.085 | INFO     | N/A | ⏳ 等待 Profile 更新任务...
2026-08-07 18:59:28.111 | INFO     | N/A | ⏳ 等待 Profile 更新任务...
2026-08-07 18:59:33.138 | INFO     | N/A | ⏳ 等待 Profile 更新任务...
2026-08-07 18:59:38.165 | INFO     | N/A | ⏳ 等待 Profile 更新任务...
2026-08-07 18:59:43.190 | INFO     | N/A | ⏳ 等待 Profile 更新任务...
2026-08-07 18:59:48.219 | INFO     | N/A | ⏳ 等待 Profile 更新任务...
2026-08-07 18:59:53.242 | INFO     | N/A | ⏳ 等待 Profile 更新任务...
2026-08-07 18:59:58.270 | INFO     | N/A | ⏳ 等待 Profile 更新任务...
2026-08-07 19:00:03.296 | INFO     | N/A | ⏳ 等待 Profile 更新任务...
2026-08-07 19:00:08.324 | INFO     | N/A | ⏳ 等待 Profile 更新任务...
2026-08-07 19:00:13.350 | INFO     | N/A | ⏳ 等待 Profile 更新任务...
2026-08-07 19:00:18.381 | INFO     | N/A | ⏳ 等待 Profile 更新任务...
2026-08-07 19:00:23.408 | INFO     | N/A | ⏳ 等待 Profile 更新任务...
2026-08-07 19:00:28.436 | INFO     | N/A | ⏳ 等待 Profile 更新任务...
2026-08-07 19:00:33.461 | INFO     | N/A | ⏳ 等待 Profile 更新任务...
2026-08-07 19:00:38.490 | INFO     | N/A | ⏳ 等待 Profile 更新任务...
2026-08-07 19:00:43.517 | INFO     | N/A | ⏳ 等待 Profile 更新任务...
2026-08-07 19:00:48.545 | INFO     | N/A | ⏳ 等待 Profile 更新任务...
2026-08-07 19:00:53.577 | INFO     | N/A | ⏳ 等待 Profile 更新任务...
2026-08-07 19:00:58.607 | INFO     | N/A | ⏳ 等待 Profile 更新任务...
2026-08-07 19:01:03.638 | INFO     | N/A | ⏳ 等待 Profile 更新任务...
2026-08-07 19:01:08.665 | INFO     | N/A | ⏳ 等待 Profile 更新任务...
2026-08-07 19:01:13.692 | INFO     | N/A | ⏳ 等待 Profile 更新任务...
2026-08-07 19:01:18.722 | INFO     | N/A | ⏳ 等待 Profile 更新任务...
2026-08-07 19:01:23.750 | INFO     | N/A | ⏳ 等待 Profile 更新任务...
2026-08-07 19:01:28.778 | INFO     | N/A | ⏳ 等待 Profile 更新任务...
2026-08-07 19:01:33.804 | INFO     | N/A | ⏳ 等待 Profile 更新任务...
2026-08-07 19:01:38.830 | INFO     | N/A | ⏳ 等待 Profile 更新任务...
2026-08-07 19:01:43.859 | INFO     | N/A | ⏳ 等待 Profile 更新任务...
2026-08-07 19:01:48.887 | INFO     | N/A | ⏳ 等待 Profile 更新任务...
2026-08-07 19:01:53.914 | INFO     | N/A | ⏳ 等待 Profile 更新任务...
2026-08-07 19:01:58.939 | INFO     | N/A | ⏳ 等待 Profile 更新任务...
2026-08-07 19:02:03.964 | INFO     | N/A | ⏳ 等待 Profile 更新任务...
2026-08-07 19:02:08.995 | INFO     | N/A | ⏳ 等待 Profile 更新任务...
2026-08-07 19:02:14.022 | INFO     | N/A | ⏳ 等待 Profile 更新任务...
2026-08-07 19:02:19.054 | INFO     | N/A | ⏳ 等待 Profile 更新任务...
2026-08-07 19:02:24.081 | INFO     | N/A | ⏳ 等待 Profile 更新任务...
2026-08-07 19:02:29.109 | INFO     | N/A | ⏳ 等待 Profile 更新任务...
2026-08-07 19:02:34.136 | INFO     | N/A | ⏳ 等待 Profile 更新任务...
2026-08-07 19:02:39.164 | INFO     | N/A | ⏳ 等待 Profile 更新任务...
2026-08-07 19:02:44.253 | INFO     | N/A | ⏳ 等待 Profile 更新任务...
2026-08-07 19:02:49.290 | INFO     | N/A | ⏳ 等待 Profile 更新任务...
2026-08-07 19:02:54.317 | INFO     | N/A | ⏳ 等待 Profile 更新任务...
2026-08-07 19:02:59.342 | INFO     | N/A | ⏳ 等待 Profile 更新任务...
2026-08-07 19:03:04.366 | INFO     | N/A | ⏳ 等待 Profile 更新任务...
2026-08-07 19:03:09.395 | INFO     | N/A | ⏳ 等待 Profile 更新任务...
2026-08-07 19:03:14.421 | INFO     | N/A | ⏳ 等待 Profile 更新任务...
2026-08-07 19:03:19.453 | INFO     | N/A | ⏳ 等待 Profile 更新任务...
2026-08-07 19:03:24.479 | INFO     | N/A | ⏳ 等待 Profile 更新任务...
2026-08-07 19:03:29.506 | INFO     | N/A | ⏳ 等待 Profile 更新任务...
2026-08-07 19:03:34.533 | INFO     | N/A | ⏳ 等待 Profile 更新任务...
2026-08-07 19:03:39.561 | INFO     | N/A | ⏳ 等待 Profile 更新任务...
2026-08-07 19:03:44.586 | INFO     | N/A | ⏳ 等待 Profile 更新任务...
2026-08-07 19:03:49.619 | INFO     | N/A | ⏳ 等待 Profile 更新任务...
2026-08-07 19:03:54.649 | INFO     | N/A | ⏳ 等待 Profile 更新任务...
2026-08-07 19:03:59.676 | INFO     | N/A | ⏳ 等待 Profile 更新任务...
2026-08-07 19:04:04.703 | INFO     | N/A | ⏳ 等待 Profile 更新任务...
2026-08-07 19:04:09.731 | INFO     | N/A | ⏳ 等待 Profile 更新任务...
2026-08-07 19:04:14.759 | INFO     | N/A | ⏳ 等待 Profile 更新任务...
2026-08-07 19:04:19.788 | INFO     | N/A | ⏳ 等待 Profile 更新任务...
2026-08-07 19:04:24.816 | INFO     | N/A | ⏳ 等待 Profile 更新任务...
2026-08-07 19:04:29.843 | INFO     | N/A | ⏳ 等待 Profile 更新任务...
2026-08-07 19:04:34.869 | INFO     | N/A | ⏳ 等待 Profile 更新任务...
2026-08-07 19:04:39.898 | INFO     | N/A | ⏳ 等待 Profile 更新任务...
2026-08-07 19:04:44.922 | INFO     | N/A | ⏳ 等待 Profile 更新任务...
2026-08-07 19:04:49.952 | INFO     | N/A | ⏳ 等待 Profile 更新任务...
2026-08-07 19:04:54.978 | INFO     | N/A | ⏳ 等待 Profile 更新任务...
2026-08-07 19:05:00.004 | INFO     | N/A | ⏳ 等待 Profile 更新任务...
2026-08-07 19:05:05.029 | INFO     | N/A | ⏳ 等待 Profile 更新任务...
2026-08-07 19:05:10.063 | INFO     | N/A | ⏳ 等待 Profile 更新任务...
2026-08-07 19:05:15.090 | INFO     | N/A | ⏳ 等待 Profile 更新任务...
2026-08-07 19:05:20.115 | INFO     | N/A | ⏳ 等待 Profile 更新任务...
2026-08-07 19:05:25.141 | INFO     | N/A | ⏳ 等待 Profile 更新任务...
2026-08-07 19:05:30.165 | INFO     | N/A | ⏳ 等待 Profile 更新任务...
2026-08-07 19:05:35.192 | INFO     | N/A | ⏳ 等待 Profile 更新任务...
2026-08-07 19:05:40.217 | INFO     | N/A | ⏳ 等待 Profile 更新任务...
2026-08-07 19:05:45.242 | INFO     | N/A | ⏳ 等待 Profile 更新任务...
2026-08-07 19:05:50.278 | INFO     | N/A | ⏳ 等待 Profile 更新任务...
2026-08-07 19:05:55.302 | INFO     | N/A | ⏳ 等待 Profile 更新任务...
2026-08-07 19:06:00.330 | INFO     | N/A | ⏳ 等待 Profile 更新任务...
2026-08-07 19:06:05.355 | INFO     | N/A | ⏳ 等待 Profile 更新任务...
2026-08-07 19:06:10.381 | INFO     | N/A | ⏳ 等待 Profile 更新任务...
2026-08-07 19:06:15.408 | INFO     | N/A | ⏳ 等待 Profile 更新任务...
2026-08-07 19:06:20.436 | INFO     | N/A | ⏳ 等待 Profile 更新任务...
2026-08-07 19:06:25.462 | INFO     | N/A | ⏳ 等待 Profile 更新任务...
2026-08-07 19:06:30.491 | INFO     | N/A | ⏳ 等待 Profile 更新任务...
2026-08-07 19:06:35.515 | INFO     | N/A | ⏳ 等待 Profile 更新任务...
2026-08-07 19:06:40.544 | INFO     | N/A | ⏳ 等待 Profile 更新任务...
2026-08-07 19:06:45.566 | INFO     | N/A | ⏳ 等待 Profile 更新任务...
2026-08-07 19:06:50.595 | INFO     | N/A | ⏳ 等待 Profile 更新任务...
2026-08-07 19:06:55.618 | INFO     | N/A | ⏳ 等待 Profile 更新任务...
2026-08-07 19:07:00.645 | INFO     | N/A | ⏳ 等待 Profile 更新任务...
2026-08-07 19:07:05.672 | INFO     | N/A | ⏳ 等待 Profile 更新任务...
2026-08-07 19:07:10.700 | INFO     | N/A | ⏳ 等待 Profile 更新任务...
2026-08-07 19:07:15.730 | INFO     | N/A | ⏳ 等待 Profile 更新任务...
2026-08-07 19:07:20.760 | INFO     | N/A | ⏳ 等待 Profile 更新任务...
2026-08-07 19:07:25.784 | INFO     | N/A | ⏳ 等待 Profile 更新任务...
2026-08-07 19:07:30.809 | INFO     | N/A | ⏳ 等待 Profile 更新任务...
2026-08-07 19:07:35.834 | INFO     | N/A | ⏳ 等待 Profile 更新任务...
2026-08-07 19:07:40.860 | INFO     | N/A | ⏳ 等待 Profile 更新任务...
2026-08-07 19:07:45.887 | INFO     | N/A | ⏳ 等待 Profile 更新任务...
2026-08-07 19:07:50.913 | INFO     | N/A | ⏳ 等待 Profile 更新任务...
2026-08-07 19:07:55.941 | INFO     | N/A | ⏳ 等待 Profile 更新任务...
2026-08-07 19:08:00.968 | INFO     | N/A | ⏳ 等待 Profile 更新任务...
2026-08-07 19:08:05.992 | INFO     | N/A | ⏳ 等待 Profile 更新任务...
2026-08-07 19:08:11.022 | INFO     | N/A | ⏳ 等待 Profile 更新任务...
2026-08-07 19:08:16.048 | INFO     | N/A | ⏳ 等待 Profile 更新任务...
2026-08-07 19:08:21.077 | INFO     | N/A | ⏳ 等待 Profile 更新任务...
2026-08-07 19:08:26.103 | INFO     | N/A | ⏳ 等待 Profile 更新任务...
2026-08-07 19:08:31.131 | INFO     | N/A | ⏳ 等待 Profile 更新任务...
2026-08-07 19:08:36.158 | INFO     | N/A | ⏳ 等待 Profile 更新任务...
2026-08-07 19:08:41.184 | INFO     | N/A | ⏳ 等待 Profile 更新任务...
2026-08-07 19:08:46.211 | INFO     | N/A | ⏳ 等待 Profile 更新任务...
2026-08-07 19:08:51.239 | INFO     | N/A | ⏳ 等待 Profile 更新任务...
2026-08-07 19:08:56.266 | INFO     | N/A | ⏳ 等待 Profile 更新任务...
2026-08-07 19:09:01.291 | INFO     | N/A | ⏳ 等待 Profile 更新任务...
2026-08-07 19:09:06.317 | INFO     | N/A | ⏳ 等待 Profile 更新任务...
2026-08-07 19:09:11.345 | INFO     | N/A | ⏳ 等待 Profile 更新任务...
2026-08-07 19:09:16.391 | INFO     | N/A | ⏳ 等待 Profile 更新任务...
2026-08-07 19:09:21.418 | INFO     | N/A | ⏳ 等待 Profile 更新任务...
2026-08-07 19:09:26.444 | INFO     | N/A | ⏳ 等待 Profile 更新任务...
2026-08-07 19:09:31.468 | INFO     | N/A | ⏳ 等待 Profile 更新任务...
2026-08-07 19:09:36.492 | INFO     | N/A | ⏳ 等待 Profile 更新任务...
2026-08-07 19:09:41.519 | INFO     | N/A | ⏳ 等待 Profile 更新任务...
2026-08-07 19:09:46.547 | INFO     | N/A | ⏳ 等待 Profile 更新任务...
2026-08-07 19:09:51.579 | INFO     | N/A | ⏳ 等待 Profile 更新任务...
2026-08-07 19:09:56.605 | INFO     | N/A | ⏳ 等待 Profile 更新任务...
2026-08-07 19:10:01.632 | INFO     | N/A | ⏳ 等待 Profile 更新任务...
2026-08-07 19:10:06.657 | INFO     | N/A | ⏳ 等待 Profile 更新任务...
2026-08-07 19:10:11.684 | INFO     | N/A | ⏳ 等待 Profile 更新任务...
2026-08-07 19:10:16.707 | INFO     | N/A | ⏳ 等待 Profile 更新任务...
2026-08-07 19:10:21.760 | INFO     | N/A | ⏳ 等待 Profile 更新任务...
2026-08-07 19:10:26.790 | INFO     | N/A | ⏳ 等待 Profile 更新任务...
2026-08-07 19:10:31.814 | INFO     | N/A | ⏳ 等待 Profile 更新任务...
2026-08-07 19:10:36.841 | INFO     | N/A | ⏳ 等待 Profile 更新任务...
2026-08-07 19:10:41.867 | INFO     | N/A | ⏳ 等待 Profile 更新任务...
2026-08-07 19:10:46.906 | INFO     | N/A | ⏳ 等待 Profile 更新任务...
2026-08-07 19:10:51.937 | INFO     | N/A | ⏳ 等待 Profile 更新任务...
2026-08-07 19:10:56.963 | INFO     | N/A | ⏳ 等待 Profile 更新任务...
2026-08-07 19:11:01.988 | INFO     | N/A | ⏳ 等待 Profile 更新任务...
2026-08-07 19:11:07.013 | INFO     | N/A | ⏳ 等待 Profile 更新任务...
2026-08-07 19:11:12.040 | INFO     | N/A | ⏳ 等待 Profile 更新任务...
2026-08-07 19:11:17.069 | INFO     | N/A | ⏳ 等待 Profile 更新任务...
2026-08-07 19:11:22.101 | INFO     | N/A | ⏳ 等待 Profile 更新任务...
2026-08-07 19:11:27.129 | INFO     | N/A | ⏳ 等待 Profile 更新任务...
2026-08-07 19:11:32.155 | INFO     | N/A | ⏳ 等待 Profile 更新任务...
2026-08-07 19:11:37.182 | INFO     | N/A | ⏳ 等待 Profile 更新任务...
2026-08-07 19:11:42.207 | INFO     | N/A | ⏳ 等待 Profile 更新任务...
2026-08-07 19:11:47.268 | INFO     | N/A | ⏳ 等待 Profile 更新任务...
2026-08-07 19:11:52.294 | INFO     | N/A | ⏳ 等待 Profile 更新任务...
2026-08-07 19:11:57.323 | INFO     | N/A | ⏳ 等待 Profile 更新任务...
2026-08-07 19:12:02.348 | INFO     | N/A | ⏳ 等待 Profile 更新任务...
2026-08-07 19:12:07.393 | INFO     | N/A | ⏳ 等待 Profile 更新任务...
2026-08-07 19:12:12.427 | INFO     | N/A | ⏳ 等待 Profile 更新任务...
2026-08-07 19:12:17.452 | INFO     | N/A | ⏳ 等待 Profile 更新任务...
2026-08-07 19:12:22.480 | INFO     | N/A | ⏳ 等待 Profile 更新任务...
2026-08-07 19:12:27.507 | INFO     | N/A | ⏳ 等待 Profile 更新任务...
2026-08-07 19:12:32.536 | INFO     | N/A | ⏳ 等待 Profile 更新任务...
2026-08-07 19:12:37.562 | INFO     | N/A | ⏳ 等待 Profile 更新任务...
2026-08-07 19:12:42.588 | INFO     | N/A | ⏳ 等待 Profile 更新任务...
2026-08-07 19:12:47.613 | INFO     | N/A | ⏳ 等待 Profile 更新任务...
2026-08-07 19:12:52.640 | INFO     | N/A | ⏳ 等待 Profile 更新任务...
2026-08-07 19:12:57.667 | INFO     | N/A | ⏳ 等待 Profile 更新任务...
2026-08-07 19:13:02.691 | INFO     | N/A | ⏳ 等待 Profile 更新任务...
2026-08-07 19:13:07.714 | INFO     | N/A | ⏳ 等待 Profile 更新任务...
2026-08-07 19:13:12.739 | INFO     | N/A | ⏳ 等待 Profile 更新任务...
2026-08-07 19:13:17.766 | INFO     | N/A | ⏳ 等待 Profile 更新任务...
2026-08-07 19:13:22.794 | INFO     | N/A | ⏳ 等待 Profile 更新任务...
2026-08-07 19:13:27.823 | INFO     | N/A | ⏳ 等待 Profile 更新任务...
2026-08-07 19:13:32.849 | INFO     | N/A | ⏳ 等待 Profile 更新任务...
2026-08-07 19:13:37.875 | INFO     | N/A | ⏳ 等待 Profile 更新任务...
2026-08-07 19:13:42.920 | INFO     | N/A | ⏳ 等待 Profile 更新任务...
2026-08-07 19:13:47.952 | INFO     | N/A | ⏳ 等待 Profile 更新任务...
2026-08-07 19:13:52.982 | INFO     | N/A | ⏳ 等待 Profile 更新任务...
2026-08-07 19:13:58.009 | INFO     | N/A | ⏳ 等待 Profile 更新任务...
2026-08-07 19:14:03.037 | INFO     | N/A | ⏳ 等待 Profile 更新任务...
2026-08-07 19:14:08.063 | INFO     | N/A | ⏳ 等待 Profile 更新任务...
2026-08-07 19:14:13.089 | INFO     | N/A | ⏳ 等待 Profile 更新任务...
2026-08-07 19:14:18.118 | INFO     | N/A | ⏳ 等待 Profile 更新任务...
2026-08-07 19:14:23.155 | INFO     | N/A | ⏳ 等待 Profile 更新任务...
2026-08-07 19:14:28.178 | INFO     | N/A | ⏳ 等待 Profile 更新任务...
2026-08-07 19:14:33.205 | INFO     | N/A | ⏳ 等待 Profile 更新任务...
2026-08-07 19:14:38.232 | INFO     | N/A | ⏳ 等待 Profile 更新任务...
2026-08-07 19:14:43.256 | INFO     | N/A | ⏳ 等待 Profile 更新任务...
2026-08-07 19:14:48.281 | INFO     | N/A | ⏳ 等待 Profile 更新任务...
2026-08-07 19:14:53.320 | INFO     | N/A | ⏳ 等待 Profile 更新任务...
2026-08-07 19:14:58.340 | INFO     | N/A | ⏳ 等待 Profile 更新任务...
2026-08-07 19:15:03.363 | INFO     | N/A | ⏳ 等待 Profile 更新任务...
2026-08-07 19:15:08.390 | INFO     | N/A | ⏳ 等待 Profile 更新任务...
2026-08-07 19:15:13.414 | INFO     | N/A | ⏳ 等待 Profile 更新任务...
2026-08-07 19:15:18.440 | INFO     | N/A | ⏳ 等待 Profile 更新任务...
2026-08-07 19:15:23.474 | INFO     | N/A | ⏳ 等待 Profile 更新任务...
2026-08-07 19:15:28.494 | INFO     | N/A | ⏳ 等待 Profile 更新任务...
2026-08-07 19:15:33.521 | INFO     | N/A | ⏳ 等待 Profile 更新任务...
2026-08-07 19:15:38.547 | INFO     | N/A | ⏳ 等待 Profile 更新任务...
2026-08-07 19:15:43.573 | INFO     | N/A | ⏳ 等待 Profile 更新任务...
2026-08-07 19:15:48.597 | INFO     | N/A | ⏳ 等待 Profile 更新任务...
2026-08-07 19:15:53.631 | INFO     | N/A | ⏳ 等待 Profile 更新任务...
2026-08-07 19:15:58.658 | INFO     | N/A | ⏳ 等待 Profile 更新任务...
2026-08-07 19:16:03.684 | INFO     | N/A | ⏳ 等待 Profile 更新任务...
2026-08-07 19:16:08.708 | INFO     | N/A | ⏳ 等待 Profile 更新任务...
2026-08-07 19:16:13.733 | INFO     | N/A | ⏳ 等待 Profile 更新任务...
2026-08-07 19:16:18.762 | INFO     | N/A | ⏳ 等待 Profile 更新任务...
2026-08-07 19:16:23.790 | INFO     | N/A | ⏳ 等待 Profile 更新任务...
2026-08-07 19:16:28.817 | INFO     | N/A | ⏳ 等待 Profile 更新任务...
2026-08-07 19:16:33.843 | INFO     | N/A | ⏳ 等待 Profile 更新任务...
2026-08-07 19:16:38.869 | INFO     | N/A | ⏳ 等待 Profile 更新任务...
2026-08-07 19:16:43.893 | INFO     | N/A | ⏳ 等待 Profile 更新任务...
2026-08-07 19:16:48.920 | INFO     | N/A | ⏳ 等待 Profile 更新任务...
2026-08-07 19:16:53.948 | INFO     | N/A | ⏳ 等待 Profile 更新任务...
2026-08-07 19:16:58.976 | INFO     | N/A | ⏳ 等待 Profile 更新任务...
2026-08-07 19:17:04.002 | INFO     | N/A | ⏳ 等待 Profile 更新任务...
2026-08-07 19:17:09.029 | INFO     | N/A | ⏳ 等待 Profile 更新任务...
2026-08-07 19:17:14.056 | INFO     | N/A | ⏳ 等待 Profile 更新任务...
2026-08-07 19:17:19.082 | INFO     | N/A | ⏳ 等待 Profile 更新任务...
2026-08-07 19:17:24.108 | INFO     | N/A | ⏳ 等待 Profile 更新任务...
2026-08-07 19:17:29.136 | INFO     | N/A | ⏳ 等待 Profile 更新任务...
2026-08-07 19:17:34.162 | INFO     | N/A | ⏳ 等待 Profile 更新任务...
2026-08-07 19:17:39.189 | INFO     | N/A | ⏳ 等待 Profile 更新任务...
2026-08-07 19:17:44.214 | INFO     | N/A | ⏳ 等待 Profile 更新任务...
2026-08-07 19:17:49.241 | INFO     | N/A | ⏳ 等待 Profile 更新任务...
2026-08-07 19:17:54.272 | INFO     | N/A | ⏳ 等待 Profile 更新任务...
2026-08-07 19:17:59.295 | INFO     | N/A | ⏳ 等待 Profile 更新任务...
2026-08-07 19:18:04.320 | INFO     | N/A | ⏳ 等待 Profile 更新任务...
2026-08-07 19:18:09.347 | INFO     | N/A | ⏳ 等待 Profile 更新任务...
2026-08-07 19:18:14.371 | INFO     | N/A | ⏳ 等待 Profile 更新任务...
2026-08-07 19:18:19.398 | INFO     | N/A | ⏳ 等待 Profile 更新任务...
2026-08-07 19:18:24.428 | INFO     | N/A | ⏳ 等待 Profile 更新任务...
2026-08-07 19:18:29.455 | INFO     | N/A | ⏳ 等待 Profile 更新任务...
2026-08-07 19:18:34.482 | INFO     | N/A | ⏳ 等待 Profile 更新任务...
2026-08-07 19:18:39.511 | INFO     | N/A | ⏳ 等待 Profile 更新任务...
2026-08-07 19:18:44.541 | INFO     | N/A | ⏳ 等待 Profile 更新任务...
2026-08-07 19:18:49.568 | INFO     | N/A | ⏳ 等待 Profile 更新任务...
2026-08-07 19:18:54.600 | INFO     | N/A | ⏳ 等待 Profile 更新任务...
2026-08-07 19:18:59.630 | INFO     | N/A | ⏳ 等待 Profile 更新任务...
2026-08-07 19:19:04.658 | INFO     | N/A | ⏳ 等待 Profile 更新任务...
2026-08-07 19:19:09.687 | INFO     | N/A | ⏳ 等待 Profile 更新任务...
2026-08-07 19:19:14.714 | INFO     | N/A | ⏳ 等待 Profile 更新任务...
2026-08-07 19:19:19.751 | INFO     | N/A | ⏳ 等待 Profile 更新任务...
2026-08-07 19:19:24.782 | INFO     | N/A | ⏳ 等待 Profile 更新任务...
2026-08-07 19:19:29.810 | INFO     | N/A | ⏳ 等待 Profile 更新任务...
2026-08-07 19:19:34.841 | INFO     | N/A | ⏳ 等待 Profile 更新任务...
2026-08-07 19:19:39.870 | INFO     | N/A | ⏳ 等待 Profile 更新任务...
2026-08-07 19:19:44.899 | INFO     | N/A | ⏳ 等待 Profile 更新任务...
2026-08-07 19:19:49.926 | INFO     | N/A | ⏳ 等待 Profile 更新任务...
2026-08-07 19:19:54.958 | INFO     | N/A | ⏳ 等待 Profile 更新任务...
2026-08-07 19:19:59.986 | INFO     | N/A | ⏳ 等待 Profile 更新任务...
2026-08-07 19:20:04.995 | INFO     | N/A | ⏳ 等待 Profile 更新任务...
2026-08-07 19:20:10.026 | INFO     | N/A | ⏳ 等待 Profile 更新任务...
2026-08-07 19:20:15.055 | INFO     | N/A | ⏳ 等待 Profile 更新任务...
2026-08-07 19:20:20.084 | INFO     | N/A | ⏳ 等待 Profile 更新任务...
2026-08-07 19:20:25.115 | INFO     | N/A | ⏳ 等待 Profile 更新任务...
2026-08-07 19:20:30.144 | INFO     | N/A | ⏳ 等待 Profile 更新任务...
2026-08-07 19:20:35.169 | INFO     | N/A | ⏳ 等待 Profile 更新任务...
2026-08-07 19:20:40.194 | INFO     | N/A | ⏳ 等待 Profile 更新任务...
2026-08-07 19:20:45.220 | INFO     | N/A | ⏳ 等待 Profile 更新任务...
2026-08-07 19:20:50.247 | INFO     | N/A | ⏳ 等待 Profile 更新任务...
2026-08-07 19:20:55.271 | INFO     | N/A | ⏳ 等待 Profile 更新任务...
2026-08-07 19:21:00.296 | INFO     | N/A | ⏳ 等待 Profile 更新任务...
2026-08-07 19:21:05.325 | INFO     | N/A | ⏳ 等待 Profile 更新任务...
2026-08-07 19:21:10.354 | INFO     | N/A | ⏳ 等待 Profile 更新任务...
2026-08-07 19:21:15.385 | INFO     | N/A | ⏳ 等待 Profile 更新任务...
2026-08-07 19:21:20.417 | INFO     | N/A | ⏳ 等待 Profile 更新任务...
2026-08-07 19:21:25.443 | INFO     | N/A | ⏳ 等待 Profile 更新任务...
2026-08-07 19:21:30.476 | INFO     | N/A | ⏳ 等待 Profile 更新任务...
2026-08-07 19:21:35.507 | INFO     | N/A | ⏳ 等待 Profile 更新任务...
2026-08-07 19:21:40.538 | INFO     | N/A | ⏳ 等待 Profile 更新任务...
2026-08-07 19:21:45.567 | INFO     | N/A | ⏳ 等待 Profile 更新任务...
2026-08-07 19:21:50.596 | INFO     | N/A | ⏳ 等待 Profile 更新任务...
2026-08-07 19:21:55.627 | INFO     | N/A | ⏳ 等待 Profile 更新任务...
2026-08-07 19:22:00.656 | INFO     | N/A | ⏳ 等待 Profile 更新任务...
2026-08-07 19:22:05.684 | INFO     | N/A | ⏳ 等待 Profile 更新任务...
2026-08-07 19:22:10.711 | INFO     | N/A | ⏳ 等待 Profile 更新任务...
2026-08-07 19:22:15.741 | INFO     | N/A | ⏳ 等待 Profile 更新任务...
2026-08-07 19:22:20.775 | INFO     | N/A | ⏳ 等待 Profile 更新任务...
2026-08-07 19:22:25.803 | INFO     | N/A | ⏳ 等待 Profile 更新任务...
2026-08-07 19:22:30.831 | INFO     | N/A | ⏳ 等待 Profile 更新任务...
2026-08-07 19:22:35.853 | INFO     | N/A | ⏳ 等待 Profile 更新任务...
2026-08-07 19:22:40.880 | INFO     | N/A | ⏳ 等待 Profile 更新任务...
2026-08-07 19:22:45.909 | INFO     | N/A | ⏳ 等待 Profile 更新任务...
2026-08-07 19:22:50.937 | INFO     | N/A | ⏳ 等待 Profile 更新任务...
2026-08-07 19:22:55.963 | INFO     | N/A | ⏳ 等待 Profile 更新任务...
2026-08-07 19:23:00.987 | INFO     | N/A | ⏳ 等待 Profile 更新任务...
2026-08-07 19:23:06.012 | INFO     | N/A | ⏳ 等待 Profile 更新任务...
2026-08-07 19:23:11.045 | INFO     | N/A | ⏳ 等待 Profile 更新任务...
2026-08-07 19:23:16.074 | INFO     | N/A | ⏳ 等待 Profile 更新任务...
2026-08-07 19:23:21.104 | INFO     | N/A | ⏳ 等待 Profile 更新任务...
2026-08-07 19:23:26.136 | INFO     | N/A | ⏳ 等待 Profile 更新任务...
2026-08-07 19:23:31.164 | INFO     | N/A | ⏳ 等待 Profile 更新任务...
2026-08-07 19:23:36.193 | INFO     | N/A | ⏳ 等待 Profile 更新任务...
2026-08-07 19:23:41.221 | INFO     | N/A | ⏳ 等待 Profile 更新任务...
2026-08-07 19:23:46.253 | INFO     | N/A | ⏳ 等待 Profile 更新任务...
2026-08-07 19:23:51.284 | INFO     | N/A | ⏳ 等待 Profile 更新任务...
2026-08-07 19:23:56.311 | INFO     | N/A | ⏳ 等待 Profile 更新任务...
2026-08-07 19:24:01.339 | INFO     | N/A | ⏳ 等待 Profile 更新任务...
2026-08-07 19:24:06.369 | INFO     | N/A | ⏳ 等待 Profile 更新任务...
2026-08-07 19:24:11.400 | INFO     | N/A | ⏳ 等待 Profile 更新任务...
2026-08-07 19:24:16.427 | INFO     | N/A | ⏳ 等待 Profile 更新任务...
2026-08-07 19:24:21.458 | INFO     | N/A | ⏳ 等待 Profile 更新任务...
2026-08-07 19:24:26.488 | INFO     | N/A | ⏳ 等待 Profile 更新任务...
2026-08-07 19:24:31.516 | INFO     | N/A | ⏳ 等待 Profile 更新任务...
2026-08-07 19:24:36.546 | INFO     | N/A | ⏳ 等待 Profile 更新任务...
2026-08-07 19:24:41.578 | INFO     | N/A | ⏳ 等待 Profile 更新任务...
2026-08-07 19:24:46.610 | INFO     | N/A | ⏳ 等待 Profile 更新任务...
2026-08-07 19:24:51.638 | INFO     | N/A | ⏳ 等待 Profile 更新任务...
2026-08-07 19:24:56.671 | INFO     | N/A | ⏳ 等待 Profile 更新任务...
2026-08-07 19:25:01.701 | INFO     | N/A | ⏳ 等待 Profile 更新任务...
2026-08-07 19:25:06.728 | INFO     | N/A | ⏳ 等待 Profile 更新任务...
2026-08-07 19:25:11.757 | INFO     | N/A | ⏳ 等待 Profile 更新任务...
2026-08-07 19:25:16.786 | INFO     | N/A | ⏳ 等待 Profile 更新任务...
2026-08-07 19:25:21.814 | INFO     | N/A | ⏳ 等待 Profile 更新任务...
2026-08-07 19:25:26.847 | INFO     | N/A | ⏳ 等待 Profile 更新任务...
2026-08-07 19:25:31.880 | INFO     | N/A | ⏳ 等待 Profile 更新任务...
2026-08-07 19:25:36.913 | INFO     | N/A | ⏳ 等待 Profile 更新任务...
2026-08-07 19:25:41.940 | INFO     | N/A | ⏳ 等待 Profile 更新任务...
2026-08-07 19:25:46.971 | INFO     | N/A | ⏳ 等待 Profile 更新任务...
2026-08-07 19:25:51.999 | INFO     | N/A | ⏳ 等待 Profile 更新任务...
2026-08-07 19:25:57.031 | INFO     | N/A | ⏳ 等待 Profile 更新任务...
2026-08-07 19:26:02.059 | INFO     | N/A | ⏳ 等待 Profile 更新任务...
2026-08-07 19:26:07.090 | INFO     | N/A | ⏳ 等待 Profile 更新任务...
2026-08-07 19:26:12.120 | INFO     | N/A | ⏳ 等待 Profile 更新任务...
2026-08-07 19:26:17.186 | INFO     | N/A | ⏳ 等待 Profile 更新任务...
2026-08-07 19:26:22.215 | INFO     | N/A | ⏳ 等待 Profile 更新任务...
2026-08-07 19:26:27.244 | INFO     | N/A | ⏳ 等待 Profile 更新任务...
2026-08-07 19:26:32.271 | INFO     | N/A | ⏳ 等待 Profile 更新任务...
2026-08-07 19:26:37.301 | INFO     | N/A | ⏳ 等待 Profile 更新任务...
2026-08-07 19:26:42.326 | INFO     | N/A | ⏳ 等待 Profile 更新任务...
2026-08-07 19:26:47.350 | INFO     | N/A | ⏳ 等待 Profile 更新任务...
2026-08-07 19:26:52.450 | INFO     | N/A | ⏳ 等待 Profile 更新任务...
2026-08-07 19:26:57.484 | INFO     | N/A | ⏳ 等待 Profile 更新任务...
2026-08-07 19:27:02.516 | INFO     | N/A | ⏳ 等待 Profile 更新任务...
2026-08-07 19:27:07.543 | INFO     | N/A | ⏳ 等待 Profile 更新任务...
2026-08-07 19:27:12.569 | INFO     | N/A | ⏳ 等待 Profile 更新任务...
2026-08-07 19:27:17.596 | INFO     | N/A | ⏳ 等待 Profile 更新任务...
2026-08-07 19:27:22.621 | INFO     | N/A | ⏳ 等待 Profile 更新任务...
2026-08-07 19:27:27.653 | INFO     | N/A | ⏳ 等待 Profile 更新任务...
2026-08-07 19:27:32.680 | INFO     | N/A | ⏳ 等待 Profile 更新任务...
2026-08-07 19:27:37.709 | INFO     | N/A | ⏳ 等待 Profile 更新任务...
2026-08-07 19:27:42.736 | INFO     | N/A | ⏳ 等待 Profile 更新任务...
2026-08-07 19:27:47.762 | INFO     | N/A | ⏳ 等待 Profile 更新任务...
2026-08-07 19:27:52.788 | INFO     | N/A | ⏳ 等待 Profile 更新任务...
2026-08-07 19:27:57.816 | INFO     | N/A | ⏳ 等待 Profile 更新任务...
2026-08-07 19:28:02.843 | INFO     | N/A | ⏳ 等待 Profile 更新任务...
2026-08-07 19:28:07.870 | INFO     | N/A | ⏳ 等待 Profile 更新任务...
2026-08-07 19:28:12.896 | INFO     | N/A | ⏳ 等待 Profile 更新任务...
2026-08-07 19:28:17.922 | INFO     | N/A | ⏳ 等待 Profile 更新任务...
2026-08-07 19:28:22.951 | INFO     | N/A | ⏳ 等待 Profile 更新任务...
2026-08-07 19:28:27.984 | INFO     | N/A | ⏳ 等待 Profile 更新任务...
2026-08-07 19:28:33.013 | INFO     | N/A | ⏳ 等待 Profile 更新任务...
2026-08-07 19:28:38.042 | INFO     | N/A | ⏳ 等待 Profile 更新任务...
2026-08-07 19:28:43.071 | INFO     | N/A | ⏳ 等待 Profile 更新任务...
2026-08-07 19:28:48.097 | INFO     | N/A | ⏳ 等待 Profile 更新任务...
2026-08-07 19:28:53.130 | INFO     | N/A | ⏳ 等待 Profile 更新任务...
2026-08-07 19:28:58.207 | INFO     | N/A | ⏳ 等待 Profile 更新任务...
2026-08-07 19:29:03.236 | INFO     | N/A | ⏳ 等待 Profile 更新任务...
2026-08-07 19:29:08.269 | INFO     | N/A | ⏳ 等待 Profile 更新任务...
2026-08-07 19:29:13.299 | INFO     | N/A | ⏳ 等待 Profile 更新任务...
2026-08-07 19:29:18.327 | INFO     | N/A | ⏳ 等待 Profile 更新任务...
2026-08-07 19:29:23.355 | INFO     | N/A | ⏳ 等待 Profile 更新任务...
2026-08-07 19:29:28.385 | INFO     | N/A | ⏳ 等待 Profile 更新任务...
2026-08-07 19:29:33.414 | INFO     | N/A | ⏳ 等待 Profile 更新任务...
2026-08-07 19:29:38.445 | INFO     | N/A | ⏳ 等待 Profile 更新任务...
2026-08-07 19:29:43.472 | INFO     | N/A | ⏳ 等待 Profile 更新任务...
2026-08-07 19:29:48.503 | INFO     | N/A | ⏳ 等待 Profile 更新任务...
2026-08-07 19:29:53.535 | INFO     | N/A | ⏳ 等待 Profile 更新任务...
2026-08-07 19:29:58.565 | INFO     | N/A | ⏳ 等待 Profile 更新任务...
2026-08-07 19:30:03.591 | INFO     | N/A | ⏳ 等待 Profile 更新任务...
2026-08-07 19:30:08.620 | INFO     | N/A | ⏳ 等待 Profile 更新任务...
2026-08-07 19:30:13.647 | INFO     | N/A | ⏳ 等待 Profile 更新任务...
2026-08-07 19:30:18.678 | INFO     | N/A | ⏳ 等待 Profile 更新任务...
2026-08-07 19:30:23.708 | INFO     | N/A | ⏳ 等待 Profile 更新任务...
2026-08-07 19:30:28.741 | INFO     | N/A | ⏳ 等待 Profile 更新任务...
2026-08-07 19:30:33.770 | INFO     | N/A | ⏳ 等待 Profile 更新任务...
2026-08-07 19:30:38.801 | INFO     | N/A | ⏳ 等待 Profile 更新任务...
2026-08-07 19:30:43.830 | INFO     | N/A | ⏳ 等待 Profile 更新任务...
2026-08-07 19:30:48.885 | INFO     | N/A | ⏳ 等待 Profile 更新任务...
2026-08-07 19:30:53.915 | INFO     | N/A | ⏳ 等待 Profile 更新任务...
2026-08-07 19:30:58.944 | INFO     | N/A | ⏳ 等待 Profile 更新任务...
2026-08-07 19:31:03.973 | INFO     | N/A | ⏳ 等待 Profile 更新任务...
2026-08-07 19:31:09.006 | INFO     | N/A | ⏳ 等待 Profile 更新任务...
2026-08-07 19:31:14.036 | INFO     | N/A | ⏳ 等待 Profile 更新任务...
2026-08-07 19:31:19.070 | INFO     | N/A | ⏳ 等待 Profile 更新任务...
2026-08-07 19:31:24.100 | INFO     | N/A | ⏳ 等待 Profile 更新任务...
2026-08-07 19:31:29.128 | INFO     | N/A | ⏳ 等待 Profile 更新任务...
2026-08-07 19:31:34.160 | INFO     | N/A | ⏳ 等待 Profile 更新任务...
2026-08-07 19:31:39.190 | INFO     | N/A | ⏳ 等待 Profile 更新任务...
2026-08-07 19:31:44.217 | INFO     | N/A | ⏳ 等待 Profile 更新任务...
2026-08-07 19:31:49.246 | INFO     | N/A | ⏳ 等待 Profile 更新任务...
2026-08-07 19:31:54.276 | INFO     | N/A | ⏳ 等待 Profile 更新任务...
2026-08-07 19:31:59.303 | INFO     | N/A | ⏳ 等待 Profile 更新任务...
2026-08-07 19:32:04.332 | INFO     | N/A | ⏳ 等待 Profile 更新任务...
2026-08-07 19:32:09.364 | INFO     | N/A | ⏳ 等待 Profile 更新任务...
2026-08-07 19:32:14.394 | INFO     | N/A | ⏳ 等待 Profile 更新任务...
2026-08-07 19:32:19.427 | INFO     | N/A | ⏳ 等待 Profile 更新任务...
2026-08-07 19:32:24.458 | INFO     | N/A | ⏳ 等待 Profile 更新任务...
2026-08-07 19:32:29.493 | INFO     | N/A | ⏳ 等待 Profile 更新任务...
2026-08-07 19:32:34.525 | INFO     | N/A | ⏳ 等待 Profile 更新任务...
2026-08-07 19:32:39.555 | INFO     | N/A | ⏳ 等待 Profile 更新任务...
2026-08-07 19:32:44.584 | INFO     | N/A | ⏳ 等待 Profile 更新任务...
2026-08-07 19:32:49.618 | INFO     | N/A | ⏳ 等待 Profile 更新任务...
2026-08-07 19:32:54.649 | INFO     | N/A | ⏳ 等待 Profile 更新任务...
2026-08-07 19:32:59.688 | INFO     | N/A | ⏳ 等待 Profile 更新任务...
2026-08-07 19:33:04.719 | INFO     | N/A | ⏳ 等待 Profile 更新任务...
2026-08-07 19:33:09.746 | INFO     | N/A | ⏳ 等待 Profile 更新任务...
2026-08-07 19:33:14.775 | INFO     | N/A | ⏳ 等待 Profile 更新任务...
2026-08-07 19:33:19.807 | INFO     | N/A | ⏳ 等待 Profile 更新任务...
2026-08-07 19:33:24.837 | INFO     | N/A | ⏳ 等待 Profile 更新任务...
2026-08-07 19:33:29.865 | INFO     | N/A | ⏳ 等待 Profile 更新任务...
2026-08-07 19:33:34.894 | INFO     | N/A | ⏳ 等待 Profile 更新任务...
2026-08-07 19:33:39.920 | INFO     | N/A | ⏳ 等待 Profile 更新任务...
2026-08-07 19:33:44.951 | INFO     | N/A | ⏳ 等待 Profile 更新任务...
2026-08-07 19:33:49.981 | INFO     | N/A | ⏳ 等待 Profile 更新任务...
2026-08-07 19:33:55.012 | INFO     | N/A | ⏳ 等待 Profile 更新任务...
2026-08-07 19:34:00.043 | INFO     | N/A | ⏳ 等待 Profile 更新任务...
2026-08-07 19:34:05.074 | INFO     | N/A | ⏳ 等待 Profile 更新任务...
2026-08-07 19:34:10.106 | INFO     | N/A | ⏳ 等待 Profile 更新任务...
2026-08-07 19:34:15.135 | INFO     | N/A | ⏳ 等待 Profile 更新任务...
2026-08-07 19:34:20.165 | INFO     | N/A | ⏳ 等待 Profile 更新任务...
2026-08-07 19:34:25.197 | INFO     | N/A | ⏳ 等待 Profile 更新任务...
2026-08-07 19:34:30.227 | INFO     | N/A | ⏳ 等待 Profile 更新任务...
2026-08-07 19:34:35.260 | INFO     | N/A | ⏳ 等待 Profile 更新任务...
2026-08-07 19:34:40.289 | INFO     | N/A | ⏳ 等待 Profile 更新任务...
2026-08-07 19:34:45.320 | INFO     | N/A | ⏳ 等待 Profile 更新任务...
2026-08-07 19:34:50.350 | INFO     | N/A | ⏳ 等待 Profile 更新任务...
2026-08-07 19:34:55.380 | INFO     | N/A | ⏳ 等待 Profile 更新任务...
2026-08-07 19:35:00.410 | INFO     | N/A | ⏳ 等待 Profile 更新任务...
2026-08-07 19:35:05.440 | INFO     | N/A | ⏳ 等待 Profile 更新任务...
2026-08-07 19:35:10.472 | INFO     | N/A | ⏳ 等待 Profile 更新任务...
2026-08-07 19:35:15.503 | INFO     | N/A | ⏳ 等待 Profile 更新任务...
2026-08-07 19:35:20.535 | INFO     | N/A | ⏳ 等待 Profile 更新任务...
2026-08-07 19:35:25.604 | INFO     | N/A | ⏳ 等待 Profile 更新任务...
2026-08-07 19:35:30.636 | INFO     | N/A | ⏳ 等待 Profile 更新任务...
2026-08-07 19:35:35.667 | INFO     | N/A | ⏳ 等待 Profile 更新任务...
2026-08-07 19:35:40.698 | INFO     | N/A | ⏳ 等待 Profile 更新任务...
2026-08-07 19:35:45.725 | INFO     | N/A | ⏳ 等待 Profile 更新任务...
2026-08-07 19:35:50.756 | INFO     | N/A | ⏳ 等待 Profile 更新任务...
2026-08-07 19:35:55.788 | INFO     | N/A | ⏳ 等待 Profile 更新任务...
2026-08-07 19:36:00.819 | INFO     | N/A | ⏳ 等待 Profile 更新任务...
2026-08-07 19:36:05.850 | INFO     | N/A | ⏳ 等待 Profile 更新任务...
2026-08-07 19:36:10.878 | INFO     | N/A | ⏳ 等待 Profile 更新任务...
2026-08-07 19:36:15.906 | INFO     | N/A | ⏳ 等待 Profile 更新任务...
2026-08-07 19:36:20.939 | INFO     | N/A | ⏳ 等待 Profile 更新任务...
2026-08-07 19:36:25.971 | INFO     | N/A | ⏳ 等待 Profile 更新任务...
2026-08-07 19:36:31.006 | INFO     | N/A | ⏳ 等待 Profile 更新任务...
2026-08-07 19:36:36.035 | INFO     | N/A | ⏳ 等待 Profile 更新任务...
2026-08-07 19:36:41.064 | INFO     | N/A | ⏳ 等待 Profile 更新任务...
2026-08-07 19:36:46.088 | INFO     | N/A | ⏳ 等待 Profile 更新任务...
2026-08-07 19:36:51.114 | INFO     | N/A | ⏳ 等待 Profile 更新任务...
2026-08-07 19:36:56.146 | INFO     | N/A | ⏳ 等待 Profile 更新任务...
2026-08-07 19:37:01.175 | INFO     | N/A | ⏳ 等待 Profile 更新任务...
2026-08-07 19:37:06.203 | INFO     | N/A | ⏳ 等待 Profile 更新任务...
2026-08-07 19:37:11.232 | INFO     | N/A | ⏳ 等待 Profile 更新任务...
2026-08-07 19:37:16.261 | INFO     | N/A | ⏳ 等待 Profile 更新任务...
2026-08-07 19:37:21.291 | INFO     | N/A | ⏳ 等待 Profile 更新任务...
2026-08-07 19:37:26.325 | INFO     | N/A | ⏳ 等待 Profile 更新任务...
2026-08-07 19:37:31.353 | INFO     | N/A | ⏳ 等待 Profile 更新任务...
2026-08-07 19:37:36.382 | INFO     | N/A | ⏳ 等待 Profile 更新任务...
2026-08-07 19:37:41.413 | INFO     | N/A | ⏳ 等待 Profile 更新任务...
2026-08-07 19:37:46.441 | INFO     | N/A | ⏳ 等待 Profile 更新任务...
2026-08-07 19:37:51.472 | INFO     | N/A | ⏳ 等待 Profile 更新任务...
2026-08-07 19:37:56.555 | INFO     | N/A | ⏳ 等待 Profile 更新任务...
2026-08-07 19:38:01.587 | INFO     | N/A | ⏳ 等待 Profile 更新任务...
2026-08-07 19:38:06.619 | INFO     | N/A | ⏳ 等待 Profile 更新任务...
2026-08-07 19:38:11.648 | INFO     | N/A | ⏳ 等待 Profile 更新任务...
2026-08-07 19:38:16.671 | INFO     | N/A | ⏳ 等待 Profile 更新任务...
2026-08-07 19:38:21.699 | INFO     | N/A | ⏳ 等待 Profile 更新任务...
2026-08-07 19:38:27.287 | INFO     | N/A | ⏳ 等待 Profile 更新任务...
2026-08-07 19:38:32.315 | INFO     | N/A | ⏳ 等待 Profile 更新任务...
2026-08-07 19:38:37.348 | INFO     | N/A | ⏳ 等待 Profile 更新任务...
2026-08-07 19:38:42.380 | INFO     | N/A | ⏳ 等待 Profile 更新任务...
2026-08-07 19:38:47.408 | INFO     | N/A | ⏳ 等待 Profile 更新任务...
2026-08-07 19:38:52.437 | INFO     | N/A | ⏳ 等待 Profile 更新任务...
2026-08-07 19:38:57.484 | INFO     | N/A | ⏳ 等待 Profile 更新任务...
2026-08-07 19:39:02.508 | INFO     | N/A | ⏳ 等待 Profile 更新任务...
2026-08-07 19:39:07.533 | INFO     | N/A | ⏳ 等待 Profile 更新任务...
2026-08-07 19:39:12.559 | INFO     | N/A | ⏳ 等待 Profile 更新任务...
2026-08-07 19:39:17.584 | INFO     | N/A | ⏳ 等待 Profile 更新任务...
2026-08-07 19:39:22.611 | INFO     | N/A | ⏳ 等待 Profile 更新任务...
2026-08-07 19:39:27.636 | INFO     | N/A | ⏳ 等待 Profile 更新任务...
2026-08-07 19:39:32.667 | INFO     | N/A | ⏳ 等待 Profile 更新任务...
2026-08-07 19:39:37.691 | INFO     | N/A | ⏳ 等待 Profile 更新任务...
2026-08-07 19:39:42.719 | INFO     | N/A | ⏳ 等待 Profile 更新任务...
2026-08-07 19:39:47.744 | INFO     | N/A | ⏳ 等待 Profile 更新任务...
2026-08-07 19:39:52.771 | INFO     | N/A | ⏳ 等待 Profile 更新任务...
2026-08-07 19:39:57.797 | INFO     | N/A | ⏳ 等待 Profile 更新任务...
2026-08-07 19:40:02.825 | INFO     | N/A | ⏳ 等待 Profile 更新任务...
2026-08-07 19:40:07.849 | INFO     | N/A | ⏳ 等待 Profile 更新任务...
2026-08-07 19:40:12.870 | INFO     | N/A | ⏳ 等待 Profile 更新任务...
2026-08-07 19:40:17.895 | INFO     | N/A | ⏳ 等待 Profile 更新任务...
2026-08-07 19:40:22.920 | INFO     | N/A | ⏳ 等待 Profile 更新任务...
2026-08-07 19:40:27.947 | INFO     | N/A | ⏳ 等待 Profile 更新任务...
2026-08-07 19:40:32.975 | INFO     | N/A | ⏳ 等待 Profile 更新任务...
2026-08-07 19:40:38.004 | INFO     | N/A | ⏳ 等待 Profile 更新任务...
2026-08-07 19:40:43.031 | INFO     | N/A | ⏳ 等待 Profile 更新任务...
2026-08-07 19:40:48.059 | INFO     | N/A | ⏳ 等待 Profile 更新任务...
2026-08-07 19:40:53.091 | INFO     | N/A | ⏳ 等待 Profile 更新任务...
2026-08-07 19:40:58.133 | INFO     | N/A | ⏳ 等待 Profile 更新任务...
2026-08-07 19:41:03.159 | INFO     | N/A | ⏳ 等待 Profile 更新任务...
2026-08-07 19:41:08.254 | INFO     | N/A | ⏳ 等待 Profile 更新任务...
2026-08-07 19:41:13.280 | INFO     | N/A | ⏳ 等待 Profile 更新任务...
2026-08-07 19:41:18.311 | INFO     | N/A | ⏳ 等待 Profile 更新任务...
2026-08-07 19:41:23.335 | INFO     | N/A | ⏳ 等待 Profile 更新任务...
2026-08-07 19:41:28.365 | INFO     | N/A | ⏳ 等待 Profile 更新任务...
2026-08-07 19:41:33.394 | INFO     | N/A | ⏳ 等待 Profile 更新任务...
2026-08-07 19:41:38.421 | INFO     | N/A | ⏳ 等待 Profile 更新任务...
2026-08-07 19:41:43.451 | INFO     | N/A | ⏳ 等待 Profile 更新任务...
2026-08-07 19:41:48.480 | INFO     | N/A | ⏳ 等待 Profile 更新任务...
2026-08-07 19:41:53.510 | INFO     | N/A | ⏳ 等待 Profile 更新任务...
2026-08-07 19:41:58.541 | INFO     | N/A | ⏳ 等待 Profile 更新任务...
2026-08-07 19:42:03.570 | INFO     | N/A | ⏳ 等待 Profile 更新任务...
2026-08-07 19:42:08.600 | INFO     | N/A | ⏳ 等待 Profile 更新任务...
2026-08-07 19:42:13.630 | INFO     | N/A | ⏳ 等待 Profile 更新任务...
2026-08-07 19:42:18.660 | INFO     | N/A | ⏳ 等待 Profile 更新任务...
2026-08-07 19:42:23.690 | INFO     | N/A | ⏳ 等待 Profile 更新任务...
2026-08-07 19:42:28.719 | INFO     | N/A | ⏳ 等待 Profile 更新任务...
2026-08-07 19:42:33.745 | INFO     | N/A | ⏳ 等待 Profile 更新任务...
2026-08-07 19:42:38.777 | INFO     | N/A | ⏳ 等待 Profile 更新任务...
2026-08-07 19:42:43.807 | INFO     | N/A | ⏳ 等待 Profile 更新任务...
2026-08-07 19:42:48.834 | INFO     | N/A | ⏳ 等待 Profile 更新任务...
2026-08-07 19:42:53.867 | INFO     | N/A | ⏳ 等待 Profile 更新任务...
2026-08-07 19:42:58.898 | INFO     | N/A | ⏳ 等待 Profile 更新任务...
2026-08-07 19:43:03.927 | INFO     | N/A | ⏳ 等待 Profile 更新任务...
2026-08-07 19:43:08.955 | INFO     | N/A | ⏳ 等待 Profile 更新任务...
2026-08-07 19:43:13.983 | INFO     | N/A | ⏳ 等待 Profile 更新任务...
2026-08-07 19:43:19.014 | INFO     | N/A | ⏳ 等待 Profile 更新任务...
2026-08-07 19:43:24.043 | INFO     | N/A | ⏳ 等待 Profile 更新任务...
2026-08-07 19:43:29.076 | INFO     | N/A | ⏳ 等待 Profile 更新任务...
2026-08-07 19:43:34.107 | INFO     | N/A | ⏳ 等待 Profile 更新任务...
2026-08-07 19:43:39.136 | INFO     | N/A | ⏳ 等待 Profile 更新任务...
2026-08-07 19:43:44.165 | INFO     | N/A | ⏳ 等待 Profile 更新任务...
2026-08-07 19:43:49.197 | INFO     | N/A | ⏳ 等待 Profile 更新任务...
2026-08-07 19:43:54.227 | INFO     | N/A | ⏳ 等待 Profile 更新任务...
2026-08-07 19:43:59.258 | INFO     | N/A | ⏳ 等待 Profile 更新任务...
2026-08-07 19:44:04.285 | INFO     | N/A | ⏳ 等待 Profile 更新任务...
2026-08-07 19:44:09.315 | INFO     | N/A | ⏳ 等待 Profile 更新任务...
2026-08-07 19:44:14.342 | INFO     | N/A | ⏳ 等待 Profile 更新任务...
2026-08-07 19:44:19.371 | INFO     | N/A | ⏳ 等待 Profile 更新任务...
2026-08-07 19:44:24.401 | INFO     | N/A | ⏳ 等待 Profile 更新任务...
2026-08-07 19:44:29.430 | INFO     | N/A | ⏳ 等待 Profile 更新任务...
2026-08-07 19:44:34.454 | INFO     | N/A | ⏳ 等待 Profile 更新任务...
2026-08-07 19:44:39.479 | INFO     | N/A | ⏳ 等待 Profile 更新任务...
2026-08-07 19:44:44.505 | INFO     | N/A | ⏳ 等待 Profile 更新任务...
2026-08-07 19:44:49.531 | INFO     | N/A | ⏳ 等待 Profile 更新任务...
2026-08-07 19:44:54.556 | INFO     | N/A | ⏳ 等待 Profile 更新任务...
2026-08-07 19:44:59.583 | INFO     | N/A | ⏳ 等待 Profile 更新任务...
2026-08-07 19:45:04.607 | INFO     | N/A | ⏳ 等待 Profile 更新任务...
2026-08-07 19:45:09.632 | INFO     | N/A | ⏳ 等待 Profile 更新任务...
2026-08-07 19:45:14.659 | INFO     | N/A | ⏳ 等待 Profile 更新任务...
2026-08-07 19:45:19.689 | INFO     | N/A | ⏳ 等待 Profile 更新任务...
2026-08-07 19:45:24.717 | INFO     | N/A | ⏳ 等待 Profile 更新任务...
2026-08-07 19:45:29.748 | INFO     | N/A | ⏳ 等待 Profile 更新任务...
2026-08-07 19:45:34.779 | INFO     | N/A | ⏳ 等待 Profile 更新任务...
2026-08-07 19:45:39.808 | INFO     | N/A | ⏳ 等待 Profile 更新任务...
2026-08-07 19:45:44.834 | INFO     | N/A | ⏳ 等待 Profile 更新任务...
2026-08-07 19:45:49.860 | INFO     | N/A | ⏳ 等待 Profile 更新任务...
2026-08-07 19:45:54.889 | INFO     | N/A | ⏳ 等待 Profile 更新任务...
2026-08-07 19:45:59.917 | INFO     | N/A | ⏳ 等待 Profile 更新任务...
2026-08-07 19:46:04.948 | INFO     | N/A | ⏳ 等待 Profile 更新任务...
2026-08-07 19:46:09.981 | INFO     | N/A | ⏳ 等待 Profile 更新任务...
2026-08-07 19:46:15.010 | INFO     | N/A | ⏳ 等待 Profile 更新任务...
2026-08-07 19:46:20.041 | INFO     | N/A | ⏳ 等待 Profile 更新任务...
2026-08-07 19:46:25.072 | INFO     | N/A | ⏳ 等待 Profile 更新任务...
2026-08-07 19:46:30.105 | INFO     | N/A | ⏳ 等待 Profile 更新任务...
2026-08-07 19:46:35.132 | INFO     | N/A | ⏳ 等待 Profile 更新任务...
2026-08-07 19:46:40.160 | INFO     | N/A | ⏳ 等待 Profile 更新任务...
2026-08-07 19:46:45.186 | INFO     | N/A | ⏳ 等待 Profile 更新任务...
2026-08-07 19:46:50.216 | INFO     | N/A | ⏳ 等待 Profile 更新任务...
2026-08-07 19:46:55.248 | INFO     | N/A | ⏳ 等待 Profile 更新任务...
2026-08-07 19:47:00.278 | INFO     | N/A | ⏳ 等待 Profile 更新任务...
2026-08-07 19:47:05.304 | INFO     | N/A | ⏳ 等待 Profile 更新任务...
2026-08-07 19:47:10.333 | INFO     | N/A | ⏳ 等待 Profile 更新任务...
2026-08-07 19:47:15.361 | INFO     | N/A | ⏳ 等待 Profile 更新任务...
2026-08-07 19:47:20.389 | INFO     | N/A | ⏳ 等待 Profile 更新任务...
2026-08-07 19:47:25.420 | INFO     | N/A | ⏳ 等待 Profile 更新任务...
2026-08-07 19:47:30.454 | INFO     | N/A | ⏳ 等待 Profile 更新任务...
2026-08-07 19:47:35.482 | INFO     | N/A | ⏳ 等待 Profile 更新任务...
2026-08-07 19:47:40.511 | INFO     | N/A | ⏳ 等待 Profile 更新任务...
2026-08-07 19:47:45.540 | INFO     | N/A | ⏳ 等待 Profile 更新任务...
2026-08-07 19:47:50.570 | INFO     | N/A | ⏳ 等待 Profile 更新任务...
2026-08-07 19:47:55.600 | INFO     | N/A | ⏳ 等待 Profile 更新任务...
2026-08-07 19:48:00.631 | INFO     | N/A | ⏳ 等待 Profile 更新任务...
2026-08-07 19:48:05.665 | INFO     | N/A | ⏳ 等待 Profile 更新任务...
2026-08-07 19:48:10.698 | INFO     | N/A | ⏳ 等待 Profile 更新任务...
2026-08-07 19:48:15.728 | INFO     | N/A | ⏳ 等待 Profile 更新任务...
2026-08-07 19:48:20.759 | INFO     | N/A | ⏳ 等待 Profile 更新任务...
2026-08-07 19:48:25.788 | INFO     | N/A | ⏳ 等待 Profile 更新任务...
2026-08-07 19:48:30.823 | INFO     | N/A | ⏳ 等待 Profile 更新任务...
2026-08-07 19:48:35.850 | INFO     | N/A | ⏳ 等待 Profile 更新任务...
2026-08-07 19:48:40.880 | INFO     | N/A | ⏳ 等待 Profile 更新任务...
2026-08-07 19:48:45.908 | INFO     | N/A | ⏳ 等待 Profile 更新任务...
2026-08-07 19:48:50.935 | INFO     | N/A | ⏳ 等待 Profile 更新任务...
2026-08-07 19:48:55.966 | INFO     | N/A | ⏳ 等待 Profile 更新任务...
2026-08-07 19:49:00.992 | INFO     | N/A | ⏳ 等待 Profile 更新任务...
2026-08-07 19:49:06.035 | INFO     | N/A | ⏳ 等待 Profile 更新任务...
2026-08-07 19:49:11.065 | INFO     | N/A | ⏳ 等待 Profile 更新任务...
2026-08-07 19:49:16.098 | INFO     | N/A | ⏳ 等待 Profile 更新任务...
2026-08-07 19:49:21.128 | INFO     | N/A | ⏳ 等待 Profile 更新任务...
2026-08-07 19:49:26.159 | INFO     | N/A | ⏳ 等待 Profile 更新任务...
2026-08-07 19:49:31.190 | INFO     | N/A | ⏳ 等待 Profile 更新任务...
2026-08-07 19:49:36.224 | INFO     | N/A | ⏳ 等待 Profile 更新任务...
2026-08-07 19:49:41.252 | INFO     | N/A | ⏳ 等待 Profile 更新任务...
2026-08-07 19:49:46.279 | INFO     | N/A | ⏳ 等待 Profile 更新任务...
2026-08-07 19:49:51.323 | INFO     | N/A | ⏳ 等待 Profile 更新任务...
2026-08-07 19:49:56.352 | INFO     | N/A | ⏳ 等待 Profile 更新任务...
2026-08-07 19:50:01.384 | INFO     | N/A | ⏳ 等待 Profile 更新任务...
2026-08-07 19:50:06.413 | INFO     | N/A | ⏳ 等待 Profile 更新任务...
2026-08-07 19:50:11.439 | INFO     | N/A | ⏳ 等待 Profile 更新任务...
2026-08-07 19:50:16.466 | INFO     | N/A | ⏳ 等待 Profile 更新任务...
2026-08-07 19:50:21.493 | INFO     | N/A | ⏳ 等待 Profile 更新任务...
2026-08-07 19:50:26.516 | INFO     | N/A | ⏳ 等待 Profile 更新任务...
2026-08-07 19:50:31.542 | INFO     | N/A | ⏳ 等待 Profile 更新任务...
2026-08-07 19:50:36.567 | INFO     | N/A | ⏳ 等待 Profile 更新任务...
2026-08-07 19:50:41.593 | INFO     | N/A | ⏳ 等待 Profile 更新任务...
2026-08-07 19:50:46.619 | INFO     | N/A | ⏳ 等待 Profile 更新任务...
2026-08-07 19:50:51.647 | INFO     | N/A | ⏳ 等待 Profile 更新任务...
2026-08-07 19:50:56.674 | INFO     | N/A | ⏳ 等待 Profile 更新任务...
2026-08-07 19:51:01.703 | INFO     | N/A | ⏳ 等待 Profile 更新任务...
2026-08-07 19:51:06.737 | INFO     | N/A | ⏳ 等待 Profile 更新任务...
2026-08-07 19:51:11.759 | INFO     | N/A | ⏳ 等待 Profile 更新任务...
2026-08-07 19:51:16.787 | INFO     | N/A | ⏳ 等待 Profile 更新任务...
2026-08-07 19:51:21.816 | INFO     | N/A | ⏳ 等待 Profile 更新任务...
2026-08-07 19:51:26.846 | INFO     | N/A | ⏳ 等待 Profile 更新任务...
2026-08-07 19:51:31.877 | INFO     | N/A | ⏳ 等待 Profile 更新任务...
2026-08-07 19:51:36.907 | INFO     | N/A | ⏳ 等待 Profile 更新任务...
2026-08-07 19:51:41.913 | INFO     | N/A | ⏳ 等待 Profile 更新任务...
2026-08-07 19:51:46.942 | INFO     | N/A | ⏳ 等待 Profile 更新任务...
2026-08-07 19:51:51.971 | INFO     | N/A | ⏳ 等待 Profile 更新任务...
2026-08-07 19:51:57.001 | INFO     | N/A | ⏳ 等待 Profile 更新任务...
2026-08-07 19:52:02.074 | INFO     | N/A | ⏳ 等待 Profile 更新任务...
2026-08-07 19:52:07.099 | INFO     | N/A | ⏳ 等待 Profile 更新任务...
2026-08-07 19:52:12.123 | INFO     | N/A | ⏳ 等待 Profile 更新任务...
2026-08-07 19:52:17.151 | INFO     | N/A | ⏳ 等待 Profile 更新任务...
2026-08-07 19:52:22.178 | INFO     | N/A | ⏳ 等待 Profile 更新任务...
2026-08-07 19:52:27.205 | INFO     | N/A | ⏳ 等待 Profile 更新任务...
2026-08-07 19:52:32.230 | INFO     | N/A | ⏳ 等待 Profile 更新任务...
2026-08-07 19:52:37.255 | INFO     | N/A | ⏳ 等待 Profile 更新任务...
2026-08-07 19:52:42.286 | INFO     | N/A | ⏳ 等待 Profile 更新任务...
2026-08-07 19:52:47.311 | INFO     | N/A | ⏳ 等待 Profile 更新任务...
2026-08-07 19:52:52.334 | INFO     | N/A | ⏳ 等待 Profile 更新任务...
2026-08-07 19:52:57.386 | INFO     | N/A | ⏳ 等待 Profile 更新任务...
2026-08-07 19:53:02.417 | INFO     | N/A | ⏳ 等待 Profile 更新任务...
2026-08-07 19:53:07.445 | INFO     | N/A | ⏳ 等待 Profile 更新任务...
2026-08-07 19:53:12.473 | INFO     | N/A | ⏳ 等待 Profile 更新任务...
2026-08-07 19:53:17.498 | INFO     | N/A | ⏳ 等待 Profile 更新任务...
2026-08-07 19:53:22.520 | INFO     | N/A | ⏳ 等待 Profile 更新任务...
2026-08-07 19:53:27.547 | INFO     | N/A | ⏳ 等待 Profile 更新任务...
2026-08-07 19:53:32.574 | INFO     | N/A | ⏳ 等待 Profile 更新任务...
2026-08-07 19:53:37.599 | INFO     | N/A | ⏳ 等待 Profile 更新任务...
2026-08-07 19:53:42.626 | INFO     | N/A | ⏳ 等待 Profile 更新任务...
2026-08-07 19:53:47.651 | INFO     | N/A | ⏳ 等待 Profile 更新任务...
2026-08-07 19:53:52.675 | INFO     | N/A | ⏳ 等待 Profile 更新任务...
2026-08-07 19:53:57.703 | INFO     | N/A | ⏳ 等待 Profile 更新任务...
2026-08-07 19:54:02.731 | INFO     | N/A | ⏳ 等待 Profile 更新任务...
2026-08-07 19:54:07.759 | INFO     | N/A | ⏳ 等待 Profile 更新任务...
2026-08-07 19:54:12.787 | INFO     | N/A | ⏳ 等待 Profile 更新任务...
2026-08-07 19:54:17.817 | INFO     | N/A | ⏳ 等待 Profile 更新任务...
2026-08-07 19:54:22.844 | INFO     | N/A | ⏳ 等待 Profile 更新任务...
2026-08-07 19:54:27.908 | INFO     | N/A | ⏳ 等待 Profile 更新任务...
2026-08-07 19:54:32.944 | INFO     | N/A | ⏳ 等待 Profile 更新任务...
2026-08-07 19:54:37.966 | INFO     | N/A | ⏳ 等待 Profile 更新任务...
2026-08-07 19:54:42.990 | INFO     | N/A | ⏳ 等待 Profile 更新任务...
2026-08-07 19:54:48.015 | INFO     | N/A | ⏳ 等待 Profile 更新任务...
2026-08-07 19:54:53.041 | INFO     | N/A | ⏳ 等待 Profile 更新任务...
2026-08-07 19:54:58.069 | INFO     | N/A | ⏳ 等待 Profile 更新任务...
2026-08-07 19:55:03.128 | INFO     | N/A | ⏳ 等待 Profile 更新任务...
2026-08-07 19:55:08.152 | INFO     | N/A | ⏳ 等待 Profile 更新任务...
2026-08-07 19:55:13.178 | INFO     | N/A | ⏳ 等待 Profile 更新任务...
2026-08-07 19:55:18.201 | INFO     | N/A | ⏳ 等待 Profile 更新任务...
2026-08-07 19:55:23.228 | INFO     | N/A | ⏳ 等待 Profile 更新任务...
2026-08-07 19:55:28.253 | INFO     | N/A | ⏳ 等待 Profile 更新任务...
2026-08-07 19:55:33.284 | INFO     | N/A | ⏳ 等待 Profile 更新任务...
2026-08-07 19:55:38.311 | INFO     | N/A | ⏳ 等待 Profile 更新任务...
2026-08-07 19:55:43.340 | INFO     | N/A | ⏳ 等待 Profile 更新任务...
2026-08-07 19:55:48.365 | INFO     | N/A | ⏳ 等待 Profile 更新任务...
2026-08-07 19:55:53.394 | INFO     | N/A | ⏳ 等待 Profile 更新任务...
2026-08-07 19:55:58.419 | INFO     | N/A | ⏳ 等待 Profile 更新任务...
2026-08-07 19:56:03.505 | INFO     | N/A | ⏳ 等待 Profile 更新任务...
2026-08-07 19:56:08.530 | INFO     | N/A | ⏳ 等待 Profile 更新任务...
2026-08-07 19:56:13.557 | INFO     | N/A | ⏳ 等待 Profile 更新任务...
2026-08-07 19:56:18.581 | INFO     | N/A | ⏳ 等待 Profile 更新任务...
2026-08-07 19:56:23.608 | INFO     | N/A | ⏳ 等待 Profile 更新任务...
2026-08-07 19:56:28.633 | INFO     | N/A | ⏳ 等待 Profile 更新任务...
2026-08-07 19:56:33.662 | INFO     | N/A | ⏳ 等待 Profile 更新任务...
2026-08-07 19:56:38.686 | INFO     | N/A | ⏳ 等待 Profile 更新任务...
2026-08-07 19:56:43.724 | INFO     | N/A | ⏳ 等待 Profile 更新任务...
2026-08-07 19:56:48.752 | INFO     | N/A | ⏳ 等待 Profile 更新任务...
2026-08-07 19:56:53.776 | INFO     | N/A | ⏳ 等待 Profile 更新任务...
2026-08-07 19:56:58.802 | INFO     | N/A | ⏳ 等待 Profile 更新任务...
2026-08-07 19:57:03.829 | INFO     | N/A | ⏳ 等待 Profile 更新任务...
2026-08-07 19:57:08.868 | INFO     | N/A | ⏳ 等待 Profile 更新任务...
2026-08-07 19:57:13.891 | INFO     | N/A | ⏳ 等待 Profile 更新任务...
2026-08-07 19:57:18.919 | INFO     | N/A | ⏳ 等待 Profile 更新任务...
2026-08-07 19:57:23.945 | INFO     | N/A | ⏳ 等待 Profile 更新任务...
2026-08-07 19:57:28.971 | INFO     | N/A | ⏳ 等待 Profile 更新任务...
2026-08-07 19:57:33.995 | INFO     | N/A | ⏳ 等待 Profile 更新任务...
2026-08-07 19:57:39.023 | INFO     | N/A | ⏳ 等待 Profile 更新任务...
2026-08-07 19:57:44.050 | INFO     | N/A | ⏳ 等待 Profile 更新任务...
2026-08-07 19:57:49.074 | INFO     | N/A | ⏳ 等待 Profile 更新任务...
2026-08-07 19:57:54.099 | INFO     | N/A | ⏳ 等待 Profile 更新任务...
2026-08-07 19:57:59.108 | INFO     | N/A | ⏳ 等待 Profile 更新任务...
2026-08-07 19:58:04.154 | INFO     | N/A | ⏳ 等待 Profile 更新任务...
2026-08-07 19:58:09.180 | INFO     | N/A | ⏳ 等待 Profile 更新任务...
2026-08-07 19:58:14.205 | INFO     | N/A | ⏳ 等待 Profile 更新任务...
2026-08-07 19:58:19.230 | INFO     | N/A | ⏳ 等待 Profile 更新任务...
2026-08-07 19:58:24.254 | INFO     | N/A | ⏳ 等待 Profile 更新任务...
2026-08-07 19:58:29.282 | INFO     | N/A | ⏳ 等待 Profile 更新任务...
2026-08-07 19:58:34.302 | INFO     | N/A | ⏳ 等待 Profile 更新任务...
2026-08-07 19:58:39.328 | INFO     | N/A | ⏳ 等待 Profile 更新任务...
2026-08-07 19:58:44.354 | INFO     | N/A | ⏳ 等待 Profile 更新任务...
2026-08-07 19:58:49.381 | INFO     | N/A | ⏳ 等待 Profile 更新任务...
2026-08-07 19:58:54.405 | INFO     | N/A | ⏳ 等待 Profile 更新任务...
2026-08-07 19:58:59.434 | INFO     | N/A | ⏳ 等待 Profile 更新任务...
2026-08-07 19:59:04.459 | INFO     | N/A | ⏳ 等待 Profile 更新任务...
2026-08-07 19:59:09.486 | INFO     | N/A | ⏳ 等待 Profile 更新任务...
2026-08-07 19:59:14.513 | INFO     | N/A | ⏳ 等待 Profile 更新任务...
2026-08-07 19:59:19.539 | INFO     | N/A | ⏳ 等待 Profile 更新任务...
2026-08-07 19:59:24.572 | INFO     | N/A | ⏳ 等待 Profile 更新任务...
2026-08-07 19:59:29.598 | INFO     | N/A | ⏳ 等待 Profile 更新任务...
2026-08-07 19:59:34.620 | INFO     | N/A | ⏳ 等待 Profile 更新任务...
2026-08-07 19:59:39.644 | INFO     | N/A | ⏳ 等待 Profile 更新任务...
2026-08-07 19:59:44.670 | INFO     | N/A | ⏳ 等待 Profile 更新任务...
2026-08-07 19:59:49.695 | INFO     | N/A | ⏳ 等待 Profile 更新任务...
2026-08-07 19:59:54.721 | INFO     | N/A | ⏳ 等待 Profile 更新任务...
2026-08-07 19:59:59.751 | INFO     | N/A | ⏳ 等待 Profile 更新任务...
2026-08-07 20:00:04.791 | INFO     | N/A | ⏳ 等待 Profile 更新任务...
2026-08-07 20:00:09.816 | INFO     | N/A | ⏳ 等待 Profile 更新任务...
2026-08-07 20:00:14.840 | INFO     | N/A | ⏳ 等待 Profile 更新任务...
2026-08-07 20:00:19.868 | INFO     | N/A | ⏳ 等待 Profile 更新任务...
2026-08-07 20:00:24.898 | INFO     | N/A | ⏳ 等待 Profile 更新任务...
2026-08-07 20:00:29.928 | INFO     | N/A | ⏳ 等待 Profile 更新任务...
2026-08-07 20:00:34.955 | INFO     | N/A | ⏳ 等待 Profile 更新任务...
2026-08-07 20:00:39.982 | INFO     | N/A | ⏳ 等待 Profile 更新任务...
2026-08-07 20:00:45.008 | INFO     | N/A | ⏳ 等待 Profile 更新任务...
2026-08-07 20:00:50.033 | INFO     | N/A | ⏳ 等待 Profile 更新任务...
2026-08-07 20:00:55.060 | INFO     | N/A | ⏳ 等待 Profile 更新任务...
2026-08-07 20:01:00.089 | INFO     | N/A | ⏳ 等待 Profile 更新任务...
2026-08-07 20:01:05.116 | INFO     | N/A | ⏳ 等待 Profile 更新任务...
2026-08-07 20:01:10.144 | INFO     | N/A | ⏳ 等待 Profile 更新任务...
2026-08-07 20:01:15.170 | INFO     | N/A | ⏳ 等待 Profile 更新任务...
2026-08-07 20:01:20.193 | INFO     | N/A | ⏳ 等待 Profile 更新任务...
2026-08-07 20:01:25.217 | INFO     | N/A | ⏳ 等待 Profile 更新任务...
2026-08-07 20:01:30.245 | INFO     | N/A | ⏳ 等待 Profile 更新任务...
2026-08-07 20:01:35.275 | INFO     | N/A | ⏳ 等待 Profile 更新任务...
2026-08-07 20:01:40.303 | INFO     | N/A | ⏳ 等待 Profile 更新任务...
2026-08-07 20:01:45.347 | INFO     | N/A | ⏳ 等待 Profile 更新任务...
2026-08-07 20:01:50.376 | INFO     | N/A | ⏳ 等待 Profile 更新任务...
2026-08-07 20:01:55.407 | INFO     | N/A | ⏳ 等待 Profile 更新任务...
2026-08-07 20:02:00.440 | INFO     | N/A | ⏳ 等待 Profile 更新任务...
2026-08-07 20:02:05.470 | INFO     | N/A | ⏳ 等待 Profile 更新任务...
2026-08-07 20:02:10.500 | INFO     | N/A | ⏳ 等待 Profile 更新任务...
2026-08-07 20:02:15.529 | INFO     | N/A | ⏳ 等待 Profile 更新任务...
2026-08-07 20:02:20.559 | INFO     | N/A | ⏳ 等待 Profile 更新任务...
2026-08-07 20:02:25.589 | INFO     | N/A | ⏳ 等待 Profile 更新任务...
2026-08-07 20:02:30.621 | INFO     | N/A | ⏳ 等待 Profile 更新任务...
2026-08-07 20:02:35.651 | INFO     | N/A | ⏳ 等待 Profile 更新任务...
2026-08-07 20:02:40.681 | INFO     | N/A | ⏳ 等待 Profile 更新任务...
2026-08-07 20:02:45.709 | INFO     | N/A | ⏳ 等待 Profile 更新任务...
2026-08-07 20:02:50.738 | INFO     | N/A | ⏳ 等待 Profile 更新任务...
2026-08-07 20:02:55.766 | INFO     | N/A | ⏳ 等待 Profile 更新任务...
2026-08-07 20:03:00.799 | INFO     | N/A | ⏳ 等待 Profile 更新任务...
2026-08-07 20:03:05.830 | INFO     | N/A | ⏳ 等待 Profile 更新任务...
2026-08-07 20:03:10.860 | INFO     | N/A | ⏳ 等待 Profile 更新任务...
2026-08-07 20:03:15.888 | INFO     | N/A | ⏳ 等待 Profile 更新任务...
2026-08-07 20:03:20.916 | INFO     | N/A | ⏳ 等待 Profile 更新任务...
2026-08-07 20:03:25.946 | INFO     | N/A | ⏳ 等待 Profile 更新任务...
2026-08-07 20:03:30.977 | INFO     | N/A | ⏳ 等待 Profile 更新任务...
2026-08-07 20:03:36.007 | INFO     | N/A | ⏳ 等待 Profile 更新任务...
2026-08-07 20:03:41.035 | INFO     | N/A | ⏳ 等待 Profile 更新任务...
2026-08-07 20:03:46.065 | INFO     | N/A | ⏳ 等待 Profile 更新任务...
2026-08-07 20:03:51.096 | INFO     | N/A | ⏳ 等待 Profile 更新任务...
2026-08-07 20:03:56.185 | INFO     | N/A | ⏳ 等待 Profile 更新任务...
2026-08-07 20:04:01.213 | INFO     | N/A | ⏳ 等待 Profile 更新任务...
2026-08-07 20:04:06.243 | INFO     | N/A | ⏳ 等待 Profile 更新任务...
2026-08-07 20:04:11.274 | INFO     | N/A | ⏳ 等待 Profile 更新任务...
2026-08-07 20:04:16.304 | INFO     | N/A | ⏳ 等待 Profile 更新任务...
2026-08-07 20:04:21.332 | INFO     | N/A | ⏳ 等待 Profile 更新任务...
2026-08-07 20:04:26.360 | INFO     | N/A | ⏳ 等待 Profile 更新任务...
2026-08-07 20:04:31.391 | INFO     | N/A | ⏳ 等待 Profile 更新任务...
2026-08-07 20:04:36.419 | INFO     | N/A | ⏳ 等待 Profile 更新任务...
2026-08-07 20:04:41.451 | INFO     | N/A | ⏳ 等待 Profile 更新任务...
2026-08-07 20:04:46.479 | INFO     | N/A | ⏳ 等待 Profile 更新任务...
2026-08-07 20:04:51.515 | INFO     | N/A | ⏳ 等待 Profile 更新任务...
2026-08-07 20:04:56.544 | INFO     | N/A | ⏳ 等待 Profile 更新任务...
2026-08-07 20:05:01.569 | INFO     | N/A | ⏳ 等待 Profile 更新任务...
2026-08-07 20:05:06.597 | INFO     | N/A | ⏳ 等待 Profile 更新任务...
2026-08-07 20:05:11.626 | INFO     | N/A | ⏳ 等待 Profile 更新任务...
2026-08-07 20:05:16.651 | INFO     | N/A | ⏳ 等待 Profile 更新任务...
2026-08-07 20:05:21.679 | INFO     | N/A | ⏳ 等待 Profile 更新任务...
2026-08-07 20:05:26.696 | INFO     | N/A | ⏳ 等待 Profile 更新任务...
2026-08-07 20:05:31.737 | INFO     | N/A | ⏳ 等待 Profile 更新任务...
2026-08-07 20:05:36.761 | INFO     | N/A | ⏳ 等待 Profile 更新任务...
2026-08-07 20:05:41.787 | INFO     | N/A | ⏳ 等待 Profile 更新任务...
2026-08-07 20:05:46.811 | INFO     | N/A | ⏳ 等待 Profile 更新任务...
2026-08-07 20:05:51.846 | INFO     | N/A | ⏳ 等待 Profile 更新任务...
2026-08-07 20:05:56.876 | INFO     | N/A | ⏳ 等待 Profile 更新任务...
2026-08-07 20:06:01.904 | INFO     | N/A | ⏳ 等待 Profile 更新任务...
2026-08-07 20:06:06.931 | INFO     | N/A | ⏳ 等待 Profile 更新任务...
2026-08-07 20:06:11.959 | INFO     | N/A | ⏳ 等待 Profile 更新任务...
2026-08-07 20:06:16.985 | INFO     | N/A | ⏳ 等待 Profile 更新任务...
2026-08-07 20:06:22.014 | INFO     | N/A | ⏳ 等待 Profile 更新任务...
2026-08-07 20:06:27.040 | INFO     | N/A | ⏳ 等待 Profile 更新任务...
2026-08-07 20:06:32.070 | INFO     | N/A | ⏳ 等待 Profile 更新任务...
2026-08-07 20:06:37.098 | INFO     | N/A | ⏳ 等待 Profile 更新任务...
2026-08-07 20:06:42.124 | INFO     | N/A | ⏳ 等待 Profile 更新任务...
2026-08-07 20:06:47.149 | INFO     | N/A | ⏳ 等待 Profile 更新任务...
2026-08-07 20:06:52.178 | INFO     | N/A | ⏳ 等待 Profile 更新任务...
2026-08-07 20:06:57.202 | INFO     | N/A | ⏳ 等待 Profile 更新任务...
2026-08-07 20:07:02.231 | INFO     | N/A | ⏳ 等待 Profile 更新任务...
2026-08-07 20:07:07.265 | INFO     | N/A | ⏳ 等待 Profile 更新任务...
2026-08-07 20:07:12.286 | INFO     | N/A | ⏳ 等待 Profile 更新任务...
2026-08-07 20:07:17.309 | INFO     | N/A | ⏳ 等待 Profile 更新任务...
2026-08-07 20:07:22.348 | INFO     | N/A | ⏳ 等待 Profile 更新任务...
2026-08-07 20:07:27.369 | INFO     | N/A | ⏳ 等待 Profile 更新任务...
2026-08-07 20:07:32.396 | INFO     | N/A | ⏳ 等待 Profile 更新任务...
2026-08-07 20:07:37.422 | INFO     | N/A | ⏳ 等待 Profile 更新任务...
2026-08-07 20:07:42.445 | INFO     | N/A | ⏳ 等待 Profile 更新任务...
2026-08-07 20:07:47.496 | INFO     | N/A | ⏳ 等待 Profile 更新任务...
2026-08-07 20:07:52.525 | INFO     | N/A | ⏳ 等待 Profile 更新任务...
2026-08-07 20:07:57.550 | INFO     | N/A | ⏳ 等待 Profile 更新任务...
2026-08-07 20:08:02.579 | INFO     | N/A | ⏳ 等待 Profile 更新任务...
2026-08-07 20:08:07.606 | INFO     | N/A | ⏳ 等待 Profile 更新任务...
2026-08-07 20:08:12.635 | INFO     | N/A | ⏳ 等待 Profile 更新任务...
2026-08-07 20:08:17.663 | INFO     | N/A | ⏳ 等待 Profile 更新任务...
2026-08-07 20:08:22.687 | INFO     | N/A | ⏳ 等待 Profile 更新任务...
2026-08-07 20:08:27.711 | INFO     | N/A | ⏳ 等待 Profile 更新任务...
2026-08-07 20:08:32.739 | INFO     | N/A | ⏳ 等待 Profile 更新任务...
2026-08-07 20:08:37.765 | INFO     | N/A | ⏳ 等待 Profile 更新任务...
2026-08-07 20:08:42.792 | INFO     | N/A | ⏳ 等待 Profile 更新任务...
2026-08-07 20:08:47.816 | INFO     | N/A | ⏳ 等待 Profile 更新任务...
2026-08-07 20:08:52.843 | INFO     | N/A | ⏳ 等待 Profile 更新任务...
2026-08-07 20:08:57.870 | INFO     | N/A | ⏳ 等待 Profile 更新任务...
2026-08-07 20:09:02.896 | INFO     | N/A | ⏳ 等待 Profile 更新任务...
2026-08-07 20:09:07.922 | INFO     | N/A | ⏳ 等待 Profile 更新任务...
2026-08-07 20:09:12.949 | INFO     | N/A | ⏳ 等待 Profile 更新任务...
2026-08-07 20:09:17.976 | INFO     | N/A | ⏳ 等待 Profile 更新任务...
2026-08-07 20:09:23.006 | INFO     | N/A | ⏳ 等待 Profile 更新任务...
2026-08-07 20:09:28.035 | INFO     | N/A | ⏳ 等待 Profile 更新任务...
2026-08-07 20:09:33.061 | INFO     | N/A | ⏳ 等待 Profile 更新任务...
2026-08-07 20:09:38.143 | INFO     | N/A | ⏳ 等待 Profile 更新任务...
2026-08-07 20:09:43.168 | INFO     | N/A | ⏳ 等待 Profile 更新任务...
2026-08-07 20:09:48.193 | INFO     | N/A | ⏳ 等待 Profile 更新任务...
2026-08-07 20:09:53.228 | INFO     | N/A | ⏳ 等待 Profile 更新任务...
2026-08-07 20:09:58.253 | INFO     | N/A | ⏳ 等待 Profile 更新任务...
2026-08-07 20:10:03.279 | INFO     | N/A | ⏳ 等待 Profile 更新任务...
2026-08-07 20:10:08.305 | INFO     | N/A | ⏳ 等待 Profile 更新任务...
2026-08-07 20:10:13.330 | INFO     | N/A | ⏳ 等待 Profile 更新任务...
2026-08-07 20:10:18.355 | INFO     | N/A | ⏳ 等待 Profile 更新任务...
2026-08-07 20:10:23.384 | INFO     | N/A | ⏳ 等待 Profile 更新任务...
2026-08-07 20:10:28.411 | INFO     | N/A | ⏳ 等待 Profile 更新任务...
2026-08-07 20:10:33.436 | INFO     | N/A | ⏳ 等待 Profile 更新任务...
2026-08-07 20:10:38.459 | INFO     | N/A | ⏳ 等待 Profile 更新任务...
2026-08-07 20:10:43.483 | INFO     | N/A | ⏳ 等待 Profile 更新任务...
2026-08-07 20:10:48.509 | INFO     | N/A | ⏳ 等待 Profile 更新任务...
2026-08-07 20:10:53.531 | INFO     | N/A | ⏳ 等待 Profile 更新任务...
2026-08-07 20:10:58.560 | INFO     | N/A | ⏳ 等待 Profile 更新任务...
2026-08-07 20:11:03.663 | INFO     | N/A | ⏳ 等待 Profile 更新任务...
2026-08-07 20:11:08.691 | INFO     | N/A | ⏳ 等待 Profile 更新任务...
2026-08-07 20:11:13.717 | INFO     | N/A | ⏳ 等待 Profile 更新任务...
2026-08-07 20:11:18.738 | INFO     | N/A | ⏳ 等待 Profile 更新任务...
2026-08-07 20:11:23.802 | INFO     | N/A | ⏳ 等待 Profile 更新任务...
2026-08-07 20:11:28.822 | INFO     | N/A | ⏳ 等待 Profile 更新任务...
2026-08-07 20:11:33.849 | INFO     | N/A | ⏳ 等待 Profile 更新任务...
2026-08-07 20:11:38.875 | INFO     | N/A | ⏳ 等待 Profile 更新任务...
2026-08-07 20:11:43.901 | INFO     | N/A | ⏳ 等待 Profile 更新任务...
2026-08-07 20:11:48.929 | INFO     | N/A | ⏳ 等待 Profile 更新任务...
2026-08-07 20:11:53.954 | INFO     | N/A | ⏳ 等待 Profile 更新任务...
2026-08-07 20:11:58.982 | INFO     | N/A | ⏳ 等待 Profile 更新任务...
2026-08-07 20:12:04.012 | INFO     | N/A | ⏳ 等待 Profile 更新任务...
2026-08-07 20:12:09.039 | INFO     | N/A | ⏳ 等待 Profile 更新任务...
2026-08-07 20:12:14.068 | INFO     | N/A | ⏳ 等待 Profile 更新任务...
2026-08-07 20:12:19.094 | INFO     | N/A | ⏳ 等待 Profile 更新任务...
2026-08-07 20:12:24.158 | INFO     | N/A | ⏳ 等待 Profile 更新任务...
2026-08-07 20:12:29.183 | INFO     | N/A | ⏳ 等待 Profile 更新任务...
2026-08-07 20:12:34.213 | INFO     | N/A | ⏳ 等待 Profile 更新任务...
2026-08-07 20:12:39.238 | INFO     | N/A | ⏳ 等待 Profile 更新任务...
2026-08-07 20:12:44.261 | INFO     | N/A | ⏳ 等待 Profile 更新任务...
2026-08-07 20:12:49.285 | INFO     | N/A | ⏳ 等待 Profile 更新任务...
2026-08-07 20:12:54.311 | INFO     | N/A | ⏳ 等待 Profile 更新任务...
2026-08-07 20:12:59.336 | INFO     | N/A | ⏳ 等待 Profile 更新任务...
2026-08-07 20:13:04.365 | INFO     | N/A | ⏳ 等待 Profile 更新任务...
2026-08-07 20:13:09.390 | INFO     | N/A | ⏳ 等待 Profile 更新任务...
2026-08-07 20:13:14.414 | INFO     | N/A | ⏳ 等待 Profile 更新任务...
2026-08-07 20:13:19.438 | INFO     | N/A | ⏳ 等待 Profile 更新任务...
2026-08-07 20:13:24.467 | INFO     | N/A | ⏳ 等待 Profile 更新任务...
2026-08-07 20:13:29.491 | INFO     | N/A | ⏳ 等待 Profile 更新任务...
2026-08-07 20:13:34.516 | INFO     | N/A | ⏳ 等待 Profile 更新任务...
2026-08-07 20:13:39.546 | INFO     | N/A | ⏳ 等待 Profile 更新任务...
2026-08-07 20:13:44.572 | INFO     | N/A | ⏳ 等待 Profile 更新任务...
2026-08-07 20:13:49.599 | INFO     | N/A | ⏳ 等待 Profile 更新任务...
2026-08-07 20:13:54.623 | INFO     | N/A | ⏳ 等待 Profile 更新任务...
2026-08-07 20:13:59.650 | INFO     | N/A | ⏳ 等待 Profile 更新任务...
2026-08-07 20:14:04.679 | INFO     | N/A | ⏳ 等待 Profile 更新任务...
2026-08-07 20:14:09.707 | INFO     | N/A | ⏳ 等待 Profile 更新任务...
2026-08-07 20:14:14.733 | INFO     | N/A | ⏳ 等待 Profile 更新任务...
2026-08-07 20:14:19.823 | INFO     | N/A | ⏳ 等待 Profile 更新任务...
2026-08-07 20:14:24.896 | INFO     | N/A | ⏳ 等待 Profile 更新任务...
2026-08-07 20:14:29.926 | INFO     | N/A | ⏳ 等待 Profile 更新任务...
2026-08-07 20:14:34.954 | INFO     | N/A | ⏳ 等待 Profile 更新任务...
2026-08-07 20:14:39.982 | INFO     | N/A | ⏳ 等待 Profile 更新任务...
2026-08-07 20:14:45.010 | INFO     | N/A | ⏳ 等待 Profile 更新任务...
2026-08-07 20:14:50.036 | INFO     | N/A | ⏳ 等待 Profile 更新任务...
2026-08-07 20:14:55.066 | INFO     | N/A | ⏳ 等待 Profile 更新任务...
2026-08-07 20:15:00.091 | INFO     | N/A | ⏳ 等待 Profile 更新任务...
2026-08-07 20:15:05.120 | INFO     | N/A | ⏳ 等待 Profile 更新任务...
2026-08-07 20:15:10.148 | INFO     | N/A | ⏳ 等待 Profile 更新任务...
2026-08-07 20:15:15.175 | INFO     | N/A | ⏳ 等待 Profile 更新任务...
2026-08-07 20:15:20.204 | INFO     | N/A | ⏳ 等待 Profile 更新任务...
2026-08-07 20:15:25.231 | INFO     | N/A | ⏳ 等待 Profile 更新任务...
2026-08-07 20:15:30.257 | INFO     | N/A | ⏳ 等待 Profile 更新任务...
2026-08-07 20:15:35.286 | INFO     | N/A | ⏳ 等待 Profile 更新任务...
2026-08-07 20:15:40.314 | INFO     | N/A | ⏳ 等待 Profile 更新任务...
2026-08-07 20:15:45.340 | INFO     | N/A | ⏳ 等待 Profile 更新任务...
2026-08-07 20:15:50.366 | INFO     | N/A | ⏳ 等待 Profile 更新任务...
2026-08-07 20:15:55.392 | INFO     | N/A | ⏳ 等待 Profile 更新任务...
2026-08-07 20:16:00.445 | INFO     | N/A | ⏳ 等待 Profile 更新任务...
2026-08-07 20:16:05.502 | INFO     | N/A | ⏳ 等待 Profile 更新任务...
2026-08-07 20:16:10.597 | INFO     | N/A | ⏳ 等待 Profile 更新任务...
2026-08-07 20:16:15.626 | INFO     | N/A | ⏳ 等待 Profile 更新任务...
2026-08-07 20:16:20.652 | INFO     | N/A | ⏳ 等待 Profile 更新任务...
2026-08-07 20:16:25.682 | INFO     | N/A | ⏳ 等待 Profile 更新任务...
2026-08-07 20:16:30.708 | INFO     | N/A | ⏳ 等待 Profile 更新任务...
2026-08-07 20:16:35.737 | INFO     | N/A | ⏳ 等待 Profile 更新任务...
2026-08-07 20:16:40.765 | INFO     | N/A | ⏳ 等待 Profile 更新任务...
2026-08-07 20:16:45.792 | INFO     | N/A | ⏳ 等待 Profile 更新任务...
2026-08-07 20:16:50.820 | INFO     | N/A | ⏳ 等待 Profile 更新任务...
2026-08-07 20:16:55.847 | INFO     | N/A | ⏳ 等待 Profile 更新任务...
2026-08-07 20:17:00.875 | INFO     | N/A | ⏳ 等待 Profile 更新任务...
2026-08-07 20:17:05.900 | INFO     | N/A | ⏳ 等待 Profile 更新任务...
2026-08-07 20:17:10.928 | INFO     | N/A | ⏳ 等待 Profile 更新任务...
2026-08-07 20:17:15.955 | INFO     | N/A | ⏳ 等待 Profile 更新任务...
2026-08-07 20:17:20.980 | INFO     | N/A | ⏳ 等待 Profile 更新任务...
2026-08-07 20:17:26.006 | INFO     | N/A | ⏳ 等待 Profile 更新任务...
2026-08-07 20:17:31.033 | INFO     | N/A | ⏳ 等待 Profile 更新任务...
2026-08-07 20:17:36.061 | INFO     | N/A | ⏳ 等待 Profile 更新任务...
2026-08-07 20:17:41.090 | INFO     | N/A | ⏳ 等待 Profile 更新任务...
2026-08-07 20:17:46.120 | INFO     | N/A | ⏳ 等待 Profile 更新任务...
2026-08-07 20:17:51.149 | INFO     | N/A | ⏳ 等待 Profile 更新任务...
2026-08-07 20:17:56.177 | INFO     | N/A | ⏳ 等待 Profile 更新任务...
2026-08-07 20:18:01.208 | INFO     | N/A | ⏳ 等待 Profile 更新任务...
2026-08-07 20:18:06.239 | INFO     | N/A | ⏳ 等待 Profile 更新任务...
2026-08-07 20:18:11.264 | INFO     | N/A | ⏳ 等待 Profile 更新任务...
2026-08-07 20:18:16.293 | INFO     | N/A | ⏳ 等待 Profile 更新任务...
2026-08-07 20:18:21.318 | INFO     | N/A | ⏳ 等待 Profile 更新任务...
2026-08-07 20:18:26.345 | INFO     | N/A | ⏳ 等待 Profile 更新任务...
2026-08-07 20:18:31.403 | INFO     | N/A | ⏳ 等待 Profile 更新任务...
2026-08-07 20:18:36.433 | INFO     | N/A | ⏳ 等待 Profile 更新任务...
2026-08-07 20:18:41.459 | INFO     | N/A | ⏳ 等待 Profile 更新任务...
2026-08-07 20:18:46.497 | INFO     | N/A | ⏳ 等待 Profile 更新任务...
2026-08-07 20:18:51.525 | INFO     | N/A | ⏳ 等待 Profile 更新任务...
2026-08-07 20:18:56.550 | INFO     | N/A | ⏳ 等待 Profile 更新任务...
2026-08-07 20:19:01.574 | INFO     | N/A | ⏳ 等待 Profile 更新任务...
2026-08-07 20:19:06.604 | INFO     | N/A | ⏳ 等待 Profile 更新任务...
2026-08-07 20:19:11.629 | INFO     | N/A | ⏳ 等待 Profile 更新任务...
2026-08-07 20:19:16.659 | INFO     | N/A | ⏳ 等待 Profile 更新任务...
2026-08-07 20:19:21.688 | INFO     | N/A | ⏳ 等待 Profile 更新任务...
2026-08-07 20:19:26.693 | INFO     | N/A | ⏳ 等待 Profile 更新任务...
2026-08-07 20:19:31.742 | INFO     | N/A | ⏳ 等待 Profile 更新任务...
2026-08-07 20:19:36.772 | INFO     | N/A | ⏳ 等待 Profile 更新任务...
2026-08-07 20:19:41.800 | INFO     | N/A | ⏳ 等待 Profile 更新任务...
2026-08-07 20:19:46.828 | INFO     | N/A | ⏳ 等待 Profile 更新任务...
2026-08-07 20:19:51.855 | INFO     | N/A | ⏳ 等待 Profile 更新任务...
2026-08-07 20:19:56.882 | INFO     | N/A | ⏳ 等待 Profile 更新任务...
2026-08-07 20:20:01.935 | INFO     | N/A | ⏳ 等待 Profile 更新任务...
2026-08-07 20:20:06.972 | INFO     | N/A | ⏳ 等待 Profile 更新任务...
2026-08-07 20:20:11.996 | INFO     | N/A | ⏳ 等待 Profile 更新任务...
2026-08-07 20:20:17.022 | INFO     | N/A | ⏳ 等待 Profile 更新任务...
2026-08-07 20:20:22.050 | INFO     | N/A | ⏳ 等待 Profile 更新任务...
2026-08-07 20:20:27.078 | INFO     | N/A | ⏳ 等待 Profile 更新任务...
2026-08-07 20:20:32.107 | INFO     | N/A | ⏳ 等待 Profile 更新任务...
2026-08-07 20:20:37.135 | INFO     | N/A | ⏳ 等待 Profile 更新任务...
2026-08-07 20:20:42.161 | INFO     | N/A | ⏳ 等待 Profile 更新任务...
2026-08-07 20:20:47.188 | INFO     | N/A | ⏳ 等待 Profile 更新任务...
2026-08-07 20:20:52.258 | INFO     | N/A | ⏳ 等待 Profile 更新任务...
2026-08-07 20:20:57.284 | INFO     | N/A | ⏳ 等待 Profile 更新任务...
2026-08-07 20:21:02.312 | INFO     | N/A | ⏳ 等待 Profile 更新任务...
2026-08-07 20:21:07.342 | INFO     | N/A | ⏳ 等待 Profile 更新任务...
2026-08-07 20:21:12.369 | INFO     | N/A | ⏳ 等待 Profile 更新任务...
2026-08-07 20:21:17.397 | INFO     | N/A | ⏳ 等待 Profile 更新任务...
2026-08-07 20:21:22.425 | INFO     | N/A | ⏳ 等待 Profile 更新任务...
2026-08-07 20:21:27.454 | INFO     | N/A | ⏳ 等待 Profile 更新任务...
2026-08-07 20:21:32.483 | INFO     | N/A | ⏳ 等待 Profile 更新任务...
2026-08-07 20:21:37.513 | INFO     | N/A | ⏳ 等待 Profile 更新任务...
2026-08-07 20:21:42.540 | INFO     | N/A | ⏳ 等待 Profile 更新任务...
2026-08-07 20:21:47.568 | INFO     | N/A | ⏳ 等待 Profile 更新任务...
2026-08-07 20:21:52.597 | INFO     | N/A | ⏳ 等待 Profile 更新任务...
2026-08-07 20:21:57.624 | INFO     | N/A | ⏳ 等待 Profile 更新任务...
2026-08-07 20:22:02.651 | INFO     | N/A | ⏳ 等待 Profile 更新任务...
2026-08-07 20:22:07.681 | INFO     | N/A | ⏳ 等待 Profile 更新任务...
2026-08-07 20:22:12.709 | INFO     | N/A | ⏳ 等待 Profile 更新任务...
2026-08-07 20:22:17.739 | INFO     | N/A | ⏳ 等待 Profile 更新任务...
2026-08-07 20:22:22.766 | INFO     | N/A | ⏳ 等待 Profile 更新任务...
2026-08-07 20:22:27.821 | INFO     | N/A | ⏳ 等待 Profile 更新任务...
2026-08-07 20:22:32.846 | INFO     | N/A | ⏳ 等待 Profile 更新任务...
2026-08-07 20:22:37.896 | INFO     | N/A | ⏳ 等待 Profile 更新任务...
2026-08-07 20:22:42.923 | INFO     | N/A | ⏳ 等待 Profile 更新任务...
2026-08-07 20:22:47.950 | INFO     | N/A | ⏳ 等待 Profile 更新任务...
2026-08-07 20:22:52.981 | INFO     | N/A | ⏳ 等待 Profile 更新任务...
2026-08-07 20:22:58.010 | INFO     | N/A | ⏳ 等待 Profile 更新任务...
2026-08-07 20:23:03.037 | INFO     | N/A | ⏳ 等待 Profile 更新任务...
2026-08-07 20:23:08.065 | INFO     | N/A | ⏳ 等待 Profile 更新任务...
2026-08-07 20:23:13.091 | INFO     | N/A | ⏳ 等待 Profile 更新任务...
2026-08-07 20:23:18.119 | INFO     | N/A | ⏳ 等待 Profile 更新任务...
2026-08-07 20:23:23.149 | INFO     | N/A | ⏳ 等待 Profile 更新任务...
2026-08-07 20:23:28.178 | INFO     | N/A | ⏳ 等待 Profile 更新任务...
2026-08-07 20:23:33.206 | INFO     | N/A | ⏳ 等待 Profile 更新任务...
2026-08-07 20:23:38.235 | INFO     | N/A | ⏳ 等待 Profile 更新任务...
2026-08-07 20:23:43.264 | INFO     | N/A | ⏳ 等待 Profile 更新任务...
2026-08-07 20:23:48.294 | INFO     | N/A | ⏳ 等待 Profile 更新任务...
2026-08-07 20:23:53.324 | INFO     | N/A | ⏳ 等待 Profile 更新任务...
2026-08-07 20:23:58.353 | INFO     | N/A | ⏳ 等待 Profile 更新任务...
2026-08-07 20:24:03.382 | INFO     | N/A | ⏳ 等待 Profile 更新任务...
2026-08-07 20:24:08.412 | INFO     | N/A | ⏳ 等待 Profile 更新任务...
2026-08-07 20:24:13.439 | INFO     | N/A | ⏳ 等待 Profile 更新任务...
2026-08-07 20:24:18.465 | INFO     | N/A | ⏳ 等待 Profile 更新任务...
2026-08-07 20:24:23.486 | INFO     | N/A | ⏳ 等待 Profile 更新任务...
2026-08-07 20:24:28.515 | INFO     | N/A | ⏳ 等待 Profile 更新任务...
2026-08-07 20:24:33.538 | INFO     | N/A | ⏳ 等待 Profile 更新任务...
2026-08-07 20:24:38.565 | INFO     | N/A | ⏳ 等待 Profile 更新任务...
2026-08-07 20:24:43.652 | INFO     | N/A | ⏳ 等待 Profile 更新任务...
2026-08-07 20:24:48.680 | INFO     | N/A | ⏳ 等待 Profile 更新任务...
2026-08-07 20:24:53.708 | INFO     | N/A | ⏳ 等待 Profile 更新任务...
2026-08-07 20:24:58.734 | INFO     | N/A | ⏳ 等待 Profile 更新任务...
2026-08-07 20:25:03.764 | INFO     | N/A | ⏳ 等待 Profile 更新任务...
2026-08-07 20:25:08.796 | INFO     | N/A | ⏳ 等待 Profile 更新任务...
2026-08-07 20:25:13.819 | INFO     | N/A | ⏳ 等待 Profile 更新任务...
2026-08-07 20:25:18.850 | INFO     | N/A | ⏳ 等待 Profile 更新任务...
2026-08-07 20:25:23.878 | INFO     | N/A | ⏳ 等待 Profile 更新任务...
2026-08-07 20:25:28.966 | INFO     | N/A | ⏳ 等待 Profile 更新任务...
2026-08-07 20:25:33.994 | INFO     | N/A | ⏳ 等待 Profile 更新任务...
2026-08-07 20:25:39.022 | INFO     | N/A | ⏳ 等待 Profile 更新任务...
2026-08-07 20:25:44.047 | INFO     | N/A | ⏳ 等待 Profile 更新任务...
2026-08-07 20:25:49.117 | INFO     | N/A | ⏳ 等待 Profile 更新任务...
2026-08-07 20:25:54.148 | INFO     | N/A | ⏳ 等待 Profile 更新任务...
2026-08-07 20:25:59.178 | INFO     | N/A | ⏳ 等待 Profile 更新任务...
2026-08-07 20:26:04.205 | INFO     | N/A | ⏳ 等待 Profile 更新任务...
2026-08-07 20:26:09.235 | INFO     | N/A | ⏳ 等待 Profile 更新任务...
2026-08-07 20:26:14.263 | INFO     | N/A | ⏳ 等待 Profile 更新任务...
2026-08-07 20:26:19.289 | INFO     | N/A | ⏳ 等待 Profile 更新任务...
2026-08-07 20:26:24.324 | INFO     | N/A | ⏳ 等待 Profile 更新任务...
2026-08-07 20:26:29.354 | INFO     | N/A | ⏳ 等待 Profile 更新任务...
2026-08-07 20:26:34.383 | INFO     | N/A | ⏳ 等待 Profile 更新任务...
2026-08-07 20:26:39.413 | INFO     | N/A | ⏳ 等待 Profile 更新任务...
2026-08-07 20:26:44.454 | INFO     | N/A | ⏳ 等待 Profile 更新任务...
2026-08-07 20:26:49.481 | INFO     | N/A | ⏳ 等待 Profile 更新任务...
2026-08-07 20:26:54.507 | INFO     | N/A | ⏳ 等待 Profile 更新任务...
2026-08-07 20:26:59.538 | INFO     | N/A | ⏳ 等待 Profile 更新任务...
2026-08-07 20:27:04.566 | INFO     | N/A | ⏳ 等待 Profile 更新任务...
2026-08-07 20:27:09.596 | INFO     | N/A | ⏳ 等待 Profile 更新任务...
2026-08-07 20:27:14.621 | INFO     | N/A | ⏳ 等待 Profile 更新任务...
2026-08-07 20:27:19.648 | INFO     | N/A | ⏳ 等待 Profile 更新任务...
2026-08-07 20:27:24.676 | INFO     | N/A | ⏳ 等待 Profile 更新任务...
2026-08-07 20:27:29.703 | INFO     | N/A | ⏳ 等待 Profile 更新任务...
2026-08-07 20:27:34.793 | INFO     | N/A | ⏳ 等待 Profile 更新任务...
2026-08-07 20:27:39.822 | INFO     | N/A | ⏳ 等待 Profile 更新任务...
2026-08-07 20:27:44.852 | INFO     | N/A | ⏳ 等待 Profile 更新任务...
2026-08-07 20:27:49.878 | INFO     | N/A | ⏳ 等待 Profile 更新任务...
2026-08-07 20:27:54.907 | INFO     | N/A | ⏳ 等待 Profile 更新任务...
2026-08-07 20:27:59.935 | INFO     | N/A | ⏳ 等待 Profile 更新任务...
2026-08-07 20:28:04.962 | INFO     | N/A | ⏳ 等待 Profile 更新任务...
2026-08-07 20:28:09.989 | INFO     | N/A | ⏳ 等待 Profile 更新任务...
2026-08-07 20:28:15.016 | INFO     | N/A | ⏳ 等待 Profile 更新任务...
2026-08-07 20:28:20.045 | INFO     | N/A | ⏳ 等待 Profile 更新任务...
2026-08-07 20:28:25.074 | INFO     | N/A | ⏳ 等待 Profile 更新任务...
2026-08-07 20:28:30.102 | INFO     | N/A | ⏳ 等待 Profile 更新任务...
2026-08-07 20:28:35.129 | INFO     | N/A | ⏳ 等待 Profile 更新任务...
2026-08-07 20:28:40.163 | INFO     | N/A | ⏳ 等待 Profile 更新任务...
2026-08-07 20:28:45.191 | INFO     | N/A | ⏳ 等待 Profile 更新任务...
2026-08-07 20:28:50.218 | INFO     | N/A | ⏳ 等待 Profile 更新任务...
2026-08-07 20:28:55.246 | INFO     | N/A | ⏳ 等待 Profile 更新任务...
2026-08-07 20:29:00.287 | INFO     | N/A | ⏳ 等待 Profile 更新任务...
2026-08-07 20:29:05.299 | INFO     | N/A | ⏳ 等待 Profile 更新任务...
2026-08-07 20:29:10.341 | INFO     | N/A | ⏳ 等待 Profile 更新任务...
2026-08-07 20:29:15.371 | INFO     | N/A | ⏳ 等待 Profile 更新任务...
2026-08-07 20:29:20.399 | INFO     | N/A | ⏳ 等待 Profile 更新任务...
2026-08-07 20:29:25.428 | INFO     | N/A | ⏳ 等待 Profile 更新任务...
2026-08-07 20:29:30.458 | INFO     | N/A | ⏳ 等待 Profile 更新任务...
2026-08-07 20:29:35.489 | INFO     | N/A | ⏳ 等待 Profile 更新任务...
2026-08-07 20:29:40.515 | INFO     | N/A | ⏳ 等待 Profile 更新任务...
2026-08-07 20:29:45.563 | INFO     | N/A | ⏳ 等待 Profile 更新任务...
2026-08-07 20:29:50.592 | INFO     | N/A | ⏳ 等待 Profile 更新任务...
2026-08-07 20:29:55.616 | INFO     | N/A | ⏳ 等待 Profile 更新任务...
2026-08-07 20:30:00.640 | INFO     | N/A | ⏳ 等待 Profile 更新任务...
2026-08-07 20:30:05.673 | INFO     | N/A | ⏳ 等待 Profile 更新任务...
2026-08-07 20:30:10.700 | INFO     | N/A | ⏳ 等待 Profile 更新任务...
2026-08-07 20:30:15.728 | INFO     | N/A | ⏳ 等待 Profile 更新任务...
2026-08-07 20:30:20.759 | INFO     | N/A | ⏳ 等待 Profile 更新任务...
2026-08-07 20:30:25.788 | INFO     | N/A | ⏳ 等待 Profile 更新任务...
2026-08-07 20:30:30.814 | INFO     | N/A | ⏳ 等待 Profile 更新任务...
2026-08-07 20:30:35.841 | INFO     | N/A | ⏳ 等待 Profile 更新任务...
2026-08-07 20:30:40.869 | INFO     | N/A | ⏳ 等待 Profile 更新任务...
2026-08-07 20:30:45.893 | INFO     | N/A | ⏳ 等待 Profile 更新任务...
2026-08-07 20:30:50.922 | INFO     | N/A | ⏳ 等待 Profile 更新任务...
2026-08-07 20:30:55.950 | INFO     | N/A | ⏳ 等待 Profile 更新任务...
2026-08-07 20:31:00.977 | INFO     | N/A | ⏳ 等待 Profile 更新任务...
2026-08-07 20:31:06.005 | INFO     | N/A | ⏳ 等待 Profile 更新任务...
2026-08-07 20:31:11.034 | INFO     | N/A | ⏳ 等待 Profile 更新任务...
2026-08-07 20:31:16.061 | INFO     | N/A | ⏳ 等待 Profile 更新任务...
2026-08-07 20:31:21.090 | INFO     | N/A | ⏳ 等待 Profile 更新任务...
2026-08-07 20:31:26.118 | INFO     | N/A | ⏳ 等待 Profile 更新任务...
2026-08-07 20:31:31.184 | INFO     | N/A | ⏳ 等待 Profile 更新任务...
2026-08-07 20:31:36.214 | INFO     | N/A | ⏳ 等待 Profile 更新任务...
2026-08-07 20:31:41.241 | INFO     | N/A | ⏳ 等待 Profile 更新任务...
2026-08-07 20:31:46.269 | INFO     | N/A | ⏳ 等待 Profile 更新任务...
2026-08-07 20:31:51.295 | INFO     | N/A | ⏳ 等待 Profile 更新任务...
2026-08-07 20:31:56.324 | INFO     | N/A | ⏳ 等待 Profile 更新任务...
2026-08-07 20:32:01.350 | INFO     | N/A | ⏳ 等待 Profile 更新任务...
2026-08-07 20:32:06.377 | INFO     | N/A | ⏳ 等待 Profile 更新任务...
2026-08-07 20:32:11.405 | INFO     | N/A | ⏳ 等待 Profile 更新任务...
2026-08-07 20:32:16.432 | INFO     | N/A | ⏳ 等待 Profile 更新任务...
2026-08-07 20:32:21.458 | INFO     | N/A | ⏳ 等待 Profile 更新任务...
2026-08-07 20:32:26.486 | INFO     | N/A | ⏳ 等待 Profile 更新任务...
2026-08-07 20:32:31.513 | INFO     | N/A | ⏳ 等待 Profile 更新任务...
2026-08-07 20:32:36.540 | INFO     | N/A | ⏳ 等待 Profile 更新任务...
2026-08-07 20:32:41.571 | INFO     | N/A | ⏳ 等待 Profile 更新任务...
2026-08-07 20:32:46.594 | INFO     | N/A | ⏳ 等待 Profile 更新任务...
2026-08-07 20:32:51.623 | INFO     | N/A | ⏳ 等待 Profile 更新任务...
2026-08-07 20:32:56.652 | INFO     | N/A | ⏳ 等待 Profile 更新任务...
2026-08-07 20:33:01.681 | INFO     | N/A | ⏳ 等待 Profile 更新任务...
2026-08-07 20:33:06.693 | INFO     | N/A | ⏳ 等待 Profile 更新任务...
2026-08-07 20:33:11.736 | INFO     | N/A | ⏳ 等待 Profile 更新任务...
2026-08-07 20:33:16.762 | INFO     | N/A | ⏳ 等待 Profile 更新任务...
2026-08-07 20:33:21.791 | INFO     | N/A | ⏳ 等待 Profile 更新任务...
2026-08-07 20:33:26.851 | INFO     | N/A | ⏳ 等待 Profile 更新任务...
2026-08-07 20:33:31.878 | INFO     | N/A | ⏳ 等待 Profile 更新任务...
2026-08-07 20:33:36.907 | INFO     | N/A | ⏳ 等待 Profile 更新任务...
2026-08-07 20:33:41.935 | INFO     | N/A | ⏳ 等待 Profile 更新任务...
2026-08-07 20:33:46.962 | INFO     | N/A | ⏳ 等待 Profile 更新任务...
2026-08-07 20:33:51.992 | INFO     | N/A | ⏳ 等待 Profile 更新任务...
2026-08-07 20:33:57.020 | INFO     | N/A | ⏳ 等待 Profile 更新任务...
2026-08-07 20:34:02.050 | INFO     | N/A | ⏳ 等待 Profile 更新任务...
2026-08-07 20:34:07.079 | INFO     | N/A | ⏳ 等待 Profile 更新任务...
2026-08-07 20:34:12.107 | INFO     | N/A | ⏳ 等待 Profile 更新任务...
2026-08-07 20:34:17.136 | INFO     | N/A | ⏳ 等待 Profile 更新任务...
2026-08-07 20:34:22.164 | INFO     | N/A | ⏳ 等待 Profile 更新任务...
2026-08-07 20:34:27.194 | INFO     | N/A | ⏳ 等待 Profile 更新任务...
2026-08-07 20:34:32.221 | INFO     | N/A | ⏳ 等待 Profile 更新任务...
2026-08-07 20:34:37.250 | INFO     | N/A | ⏳ 等待 Profile 更新任务...
2026-08-07 20:34:42.278 | INFO     | N/A | ⏳ 等待 Profile 更新任务...
2026-08-07 20:34:47.308 | INFO     | N/A | ⏳ 等待 Profile 更新任务...
2026-08-07 20:34:52.336 | INFO     | N/A | ⏳ 等待 Profile 更新任务...
2026-08-07 20:34:57.364 | INFO     | N/A | ⏳ 等待 Profile 更新任务...
2026-08-07 20:35:02.390 | INFO     | N/A | ⏳ 等待 Profile 更新任务...
2026-08-07 20:35:07.420 | INFO     | N/A | ⏳ 等待 Profile 更新任务...
2026-08-07 20:35:12.446 | INFO     | N/A | ⏳ 等待 Profile 更新任务...
2026-08-07 20:35:17.475 | INFO     | N/A | ⏳ 等待 Profile 更新任务...
2026-08-07 20:35:22.503 | INFO     | N/A | ⏳ 等待 Profile 更新任务...
2026-08-07 20:35:27.531 | INFO     | N/A | ⏳ 等待 Profile 更新任务...
2026-08-07 20:35:32.559 | INFO     | N/A | ⏳ 等待 Profile 更新任务...
2026-08-07 20:35:37.588 | INFO     | N/A | ⏳ 等待 Profile 更新任务...
2026-08-07 20:35:42.617 | INFO     | N/A | ⏳ 等待 Profile 更新任务...
2026-08-07 20:35:47.641 | INFO     | N/A | ⏳ 等待 Profile 更新任务...
2026-08-07 20:35:52.669 | INFO     | N/A | ⏳ 等待 Profile 更新任务...
2026-08-07 20:35:57.697 | INFO     | N/A | ⏳ 等待 Profile 更新任务...
2026-08-07 20:36:02.725 | INFO     | N/A | ⏳ 等待 Profile 更新任务...
2026-08-07 20:36:07.756 | INFO     | N/A | ⏳ 等待 Profile 更新任务...
2026-08-07 20:36:12.785 | INFO     | N/A | ⏳ 等待 Profile 更新任务...
2026-08-07 20:36:17.813 | INFO     | N/A | ⏳ 等待 Profile 更新任务...
2026-08-07 20:36:22.839 | INFO     | N/A | ⏳ 等待 Profile 更新任务...
2026-08-07 20:36:27.869 | INFO     | N/A | ⏳ 等待 Profile 更新任务...
2026-08-07 20:36:32.897 | INFO     | N/A | ⏳ 等待 Profile 更新任务...
2026-08-07 20:36:37.925 | INFO     | N/A | ⏳ 等待 Profile 更新任务...
2026-08-07 20:36:42.958 | INFO     | N/A | ⏳ 等待 Profile 更新任务...
2026-08-07 20:36:47.985 | INFO     | N/A | ⏳ 等待 Profile 更新任务...
2026-08-07 20:36:53.012 | INFO     | N/A | ⏳ 等待 Profile 更新任务...
2026-08-07 20:36:58.039 | INFO     | N/A | ⏳ 等待 Profile 更新任务...
2026-08-07 20:37:03.067 | INFO     | N/A | ⏳ 等待 Profile 更新任务...
2026-08-07 20:37:08.097 | INFO     | N/A | ⏳ 等待 Profile 更新任务...
2026-08-07 20:37:13.123 | INFO     | N/A | ⏳ 等待 Profile 更新任务...
2026-08-07 20:37:18.151 | INFO     | N/A | ⏳ 等待 Profile 更新任务...
2026-08-07 20:37:23.179 | INFO     | N/A | ⏳ 等待 Profile 更新任务...
2026-08-07 20:37:28.209 | INFO     | N/A | ⏳ 等待 Profile 更新任务...
2026-08-07 20:37:33.236 | INFO     | N/A | ⏳ 等待 Profile 更新任务...
2026-08-07 20:37:38.265 | INFO     | N/A | ⏳ 等待 Profile 更新任务...
2026-08-07 20:37:43.292 | INFO     | N/A | ⏳ 等待 Profile 更新任务...
2026-08-07 20:37:48.317 | INFO     | N/A | ⏳ 等待 Profile 更新任务...
2026-08-07 20:37:53.344 | INFO     | N/A | ⏳ 等待 Profile 更新任务...
2026-08-07 20:37:58.370 | INFO     | N/A | ⏳ 等待 Profile 更新任务...
2026-08-07 20:38:03.398 | INFO     | N/A | ⏳ 等待 Profile 更新任务...
2026-08-07 20:38:08.449 | INFO     | N/A | ⏳ 等待 Profile 更新任务...
2026-08-07 20:38:13.503 | INFO     | N/A | ⏳ 等待 Profile 更新任务...
2026-08-07 20:38:18.532 | INFO     | N/A | ⏳ 等待 Profile 更新任务...
2026-08-07 20:38:23.564 | INFO     | N/A | ⏳ 等待 Profile 更新任务...
2026-08-07 20:38:28.592 | INFO     | N/A | ⏳ 等待 Profile 更新任务...
2026-08-07 20:38:33.620 | INFO     | N/A | ⏳ 等待 Profile 更新任务...
2026-08-07 20:38:38.645 | INFO     | N/A | ⏳ 等待 Profile 更新任务...
2026-08-07 20:38:43.674 | INFO     | N/A | ⏳ 等待 Profile 更新任务...
2026-08-07 20:38:48.701 | INFO     | N/A | ⏳ 等待 Profile 更新任务...
2026-08-07 20:38:53.728 | INFO     | N/A | ⏳ 等待 Profile 更新任务...
2026-08-07 20:38:58.756 | INFO     | N/A | ⏳ 等待 Profile 更新任务...
2026-08-07 20:39:03.824 | INFO     | N/A | ⏳ 等待 Profile 更新任务...
2026-08-07 20:39:08.852 | INFO     | N/A | ⏳ 等待 Profile 更新任务...
2026-08-07 20:39:13.885 | INFO     | N/A | ⏳ 等待 Profile 更新任务...
2026-08-07 20:39:18.914 | INFO     | N/A | ⏳ 等待 Profile 更新任务...
2026-08-07 20:39:23.941 | INFO     | N/A | ⏳ 等待 Profile 更新任务...
2026-08-07 20:39:28.971 | INFO     | N/A | ⏳ 等待 Profile 更新任务...
2026-08-07 20:39:33.998 | INFO     | N/A | ⏳ 等待 Profile 更新任务...
2026-08-07 20:39:39.028 | INFO     | N/A | ⏳ 等待 Profile 更新任务...
2026-08-07 20:39:44.054 | INFO     | N/A | ⏳ 等待 Profile 更新任务...
2026-08-07 20:39:49.082 | INFO     | N/A | ⏳ 等待 Profile 更新任务...
2026-08-07 20:39:54.110 | INFO     | N/A | ⏳ 等待 Profile 更新任务...
2026-08-07 20:39:59.137 | INFO     | N/A | ⏳ 等待 Profile 更新任务...
2026-08-07 20:40:04.182 | INFO     | N/A | ⏳ 等待 Profile 更新任务...
2026-08-07 20:40:09.212 | INFO     | N/A | ⏳ 等待 Profile 更新任务...
2026-08-07 20:40:14.239 | INFO     | N/A | ⏳ 等待 Profile 更新任务...
2026-08-07 20:40:19.267 | INFO     | N/A | ⏳ 等待 Profile 更新任务...
2026-08-07 20:40:24.295 | INFO     | N/A | ⏳ 等待 Profile 更新任务...
2026-08-07 20:40:29.323 | INFO     | N/A | ⏳ 等待 Profile 更新任务...
2026-08-07 20:40:34.346 | INFO     | N/A | ⏳ 等待 Profile 更新任务...
2026-08-07 20:40:39.375 | INFO     | N/A | ⏳ 等待 Profile 更新任务...
2026-08-07 20:40:44.402 | INFO     | N/A | ⏳ 等待 Profile 更新任务...
2026-08-07 20:40:49.430 | INFO     | N/A | ⏳ 等待 Profile 更新任务...
2026-08-07 20:40:54.459 | INFO     | N/A | ⏳ 等待 Profile 更新任务...
2026-08-07 20:40:59.486 | INFO     | N/A | ⏳ 等待 Profile 更新任务...
2026-08-07 20:41:04.513 | INFO     | N/A | ⏳ 等待 Profile 更新任务...
2026-08-07 20:41:09.543 | INFO     | N/A | ⏳ 等待 Profile 更新任务...
2026-08-07 20:41:14.572 | INFO     | N/A | ⏳ 等待 Profile 更新任务...
2026-08-07 20:41:19.599 | INFO     | N/A | ⏳ 等待 Profile 更新任务...
2026-08-07 20:41:24.627 | INFO     | N/A | ⏳ 等待 Profile 更新任务...
2026-08-07 20:41:29.655 | INFO     | N/A | ⏳ 等待 Profile 更新任务...
2026-08-07 20:41:34.683 | INFO     | N/A | ⏳ 等待 Profile 更新任务...
2026-08-07 20:41:39.712 | INFO     | N/A | ⏳ 等待 Profile 更新任务...
2026-08-07 20:41:44.738 | INFO     | N/A | ⏳ 等待 Profile 更新任务...
2026-08-07 20:41:49.765 | INFO     | N/A | ⏳ 等待 Profile 更新任务...
2026-08-07 20:41:54.792 | INFO     | N/A | ⏳ 等待 Profile 更新任务...
2026-08-07 20:41:59.823 | INFO     | N/A | ⏳ 等待 Profile 更新任务...
2026-08-07 20:42:04.850 | INFO     | N/A | ⏳ 等待 Profile 更新任务...
2026-08-07 20:42:09.881 | INFO     | N/A | ⏳ 等待 Profile 更新任务...
2026-08-07 20:42:14.910 | INFO     | N/A | ⏳ 等待 Profile 更新任务...
2026-08-07 20:42:19.939 | INFO     | N/A | ⏳ 等待 Profile 更新任务...
2026-08-07 20:42:24.964 | INFO     | N/A | ⏳ 等待 Profile 更新任务...
2026-08-07 20:42:29.990 | INFO     | N/A | ⏳ 等待 Profile 更新任务...
2026-08-07 20:42:35.018 | INFO     | N/A | ⏳ 等待 Profile 更新任务...
2026-08-07 20:42:40.057 | INFO     | N/A | ⏳ 等待 Profile 更新任务...
2026-08-07 20:42:45.084 | INFO     | N/A | ⏳ 等待 Profile 更新任务...
2026-08-07 20:42:50.114 | INFO     | N/A | ⏳ 等待 Profile 更新任务...
2026-08-07 20:42:55.140 | INFO     | N/A | ⏳ 等待 Profile 更新任务...
2026-08-07 20:43:00.168 | INFO     | N/A | ⏳ 等待 Profile 更新任务...
2026-08-07 20:43:05.199 | INFO     | N/A | ⏳ 等待 Profile 更新任务...
2026-08-07 20:43:10.231 | INFO     | N/A | ⏳ 等待 Profile 更新任务...
2026-08-07 20:43:15.257 | INFO     | N/A | ⏳ 等待 Profile 更新任务...
2026-08-07 20:43:20.284 | INFO     | N/A | ⏳ 等待 Profile 更新任务...
2026-08-07 20:43:25.312 | INFO     | N/A | ⏳ 等待 Profile 更新任务...
2026-08-07 20:43:30.340 | INFO     | N/A | ⏳ 等待 Profile 更新任务...
2026-08-07 20:43:35.365 | INFO     | N/A | ⏳ 等待 Profile 更新任务...
2026-08-07 20:43:40.396 | INFO     | N/A | ⏳ 等待 Profile 更新任务...
2026-08-07 20:43:45.422 | INFO     | N/A | ⏳ 等待 Profile 更新任务...
2026-08-07 20:43:50.449 | INFO     | N/A | ⏳ 等待 Profile 更新任务...
2026-08-07 20:43:55.475 | INFO     | N/A | ⏳ 等待 Profile 更新任务...
2026-08-07 20:44:00.504 | INFO     | N/A | ⏳ 等待 Profile 更新任务...
2026-08-07 20:44:05.531 | INFO     | N/A | ⏳ 等待 Profile 更新任务...
2026-08-07 20:44:10.562 | INFO     | N/A | ⏳ 等待 Profile 更新任务...
2026-08-07 20:44:15.589 | INFO     | N/A | ⏳ 等待 Profile 更新任务...
2026-08-07 20:44:20.621 | INFO     | N/A | ⏳ 等待 Profile 更新任务...
2026-08-07 20:44:25.647 | INFO     | N/A | ⏳ 等待 Profile 更新任务...
2026-08-07 20:44:30.674 | INFO     | N/A | ⏳ 等待 Profile 更新任务...
2026-08-07 20:44:35.705 | INFO     | N/A | ⏳ 等待 Profile 更新任务...
2026-08-07 20:44:40.737 | INFO     | N/A | ⏳ 等待 Profile 更新任务...
2026-08-07 20:44:45.763 | INFO     | N/A | ⏳ 等待 Profile 更新任务...
2026-08-07 20:44:50.788 | INFO     | N/A | ⏳ 等待 Profile 更新任务...
2026-08-07 20:44:55.814 | INFO     | N/A | ⏳ 等待 Profile 更新任务...
2026-08-07 20:45:00.840 | INFO     | N/A | ⏳ 等待 Profile 更新任务...
2026-08-07 20:45:05.868 | INFO     | N/A | ⏳ 等待 Profile 更新任务...
2026-08-07 20:45:10.897 | INFO     | N/A | ⏳ 等待 Profile 更新任务...
2026-08-07 20:45:15.926 | INFO     | N/A | ⏳ 等待 Profile 更新任务...
2026-08-07 20:45:20.955 | INFO     | N/A | ⏳ 等待 Profile 更新任务...
2026-08-07 20:45:25.986 | INFO     | N/A | ⏳ 等待 Profile 更新任务...
2026-08-07 20:45:31.013 | INFO     | N/A | ⏳ 等待 Profile 更新任务...
2026-08-07 20:45:36.041 | INFO     | N/A | ⏳ 等待 Profile 更新任务...
2026-08-07 20:45:41.067 | INFO     | N/A | ⏳ 等待 Profile 更新任务...
2026-08-07 20:45:46.096 | INFO     | N/A | ⏳ 等待 Profile 更新任务...
2026-08-07 20:45:51.124 | INFO     | N/A | ⏳ 等待 Profile 更新任务...
2026-08-07 20:45:56.153 | INFO     | N/A | ⏳ 等待 Profile 更新任务...
2026-08-07 20:46:01.180 | INFO     | N/A | ⏳ 等待 Profile 更新任务...
2026-08-07 20:46:06.208 | INFO     | N/A | ⏳ 等待 Profile 更新任务...
2026-08-07 20:46:11.237 | INFO     | N/A | ⏳ 等待 Profile 更新任务...
2026-08-07 20:46:16.263 | INFO     | N/A | ⏳ 等待 Profile 更新任务...
2026-08-07 20:46:21.292 | INFO     | N/A | ⏳ 等待 Profile 更新任务...
2026-08-07 20:46:26.321 | INFO     | N/A | ⏳ 等待 Profile 更新任务...
2026-08-07 20:46:31.349 | INFO     | N/A | ⏳ 等待 Profile 更新任务...
2026-08-07 20:46:36.375 | INFO     | N/A | ⏳ 等待 Profile 更新任务...
2026-08-07 20:46:41.402 | INFO     | N/A | ⏳ 等待 Profile 更新任务...
2026-08-07 20:46:46.430 | INFO     | N/A | ⏳ 等待 Profile 更新任务...
2026-08-07 20:46:51.458 | INFO     | N/A | ⏳ 等待 Profile 更新任务...
2026-08-07 20:46:56.486 | INFO     | N/A | ⏳ 等待 Profile 更新任务...
2026-08-07 20:47:01.514 | INFO     | N/A | ⏳ 等待 Profile 更新任务...
2026-08-07 20:47:06.542 | INFO     | N/A | ⏳ 等待 Profile 更新任务...
2026-08-07 20:47:11.568 | INFO     | N/A | ⏳ 等待 Profile 更新任务...
2026-08-07 20:47:16.597 | INFO     | N/A | ⏳ 等待 Profile 更新任务...
2026-08-07 20:47:21.624 | INFO     | N/A | ⏳ 等待 Profile 更新任务...
2026-08-07 20:47:26.651 | INFO     | N/A | ⏳ 等待 Profile 更新任务...
2026-08-07 20:47:31.679 | INFO     | N/A | ⏳ 等待 Profile 更新任务...
2026-08-07 20:47:36.694 | INFO     | N/A | ⏳ 等待 Profile 更新任务...
2026-08-07 20:47:41.735 | INFO     | N/A | ⏳ 等待 Profile 更新任务...
2026-08-07 20:47:46.763 | INFO     | N/A | ⏳ 等待 Profile 更新任务...
2026-08-07 20:47:51.789 | INFO     | N/A | ⏳ 等待 Profile 更新任务...
2026-08-07 20:47:56.817 | INFO     | N/A | ⏳ 等待 Profile 更新任务...
2026-08-07 20:48:01.846 | INFO     | N/A | ⏳ 等待 Profile 更新任务...
2026-08-07 20:48:06.873 | INFO     | N/A | ⏳ 等待 Profile 更新任务...
2026-08-07 20:48:11.912 | INFO     | N/A | ⏳ 等待 Profile 更新任务...
2026-08-07 20:48:16.932 | INFO     | N/A | ⏳ 等待 Profile 更新任务...
2026-08-07 20:48:21.957 | INFO     | N/A | ⏳ 等待 Profile 更新任务...
2026-08-07 20:48:26.987 | INFO     | N/A | ⏳ 等待 Profile 更新任务...
2026-08-07 20:48:32.016 | INFO     | N/A | ⏳ 等待 Profile 更新任务...
2026-08-07 20:48:37.044 | INFO     | N/A | ⏳ 等待 Profile 更新任务...
2026-08-07 20:48:42.072 | INFO     | N/A | ⏳ 等待 Profile 更新任务...
2026-08-07 20:48:47.099 | INFO     | N/A | ⏳ 等待 Profile 更新任务...
2026-08-07 20:48:52.127 | INFO     | N/A | ⏳ 等待 Profile 更新任务...
2026-08-07 20:48:57.154 | INFO     | N/A | ⏳ 等待 Profile 更新任务...
2026-08-07 20:49:02.182 | INFO     | N/A | ⏳ 等待 Profile 更新任务...
2026-08-07 20:49:07.209 | INFO     | N/A | ⏳ 等待 Profile 更新任务...
2026-08-07 20:49:12.236 | INFO     | N/A | ⏳ 等待 Profile 更新任务...
2026-08-07 20:49:17.263 | INFO     | N/A | ⏳ 等待 Profile 更新任务...
2026-08-07 20:49:22.332 | INFO     | N/A | ⏳ 等待 Profile 更新任务...
2026-08-07 20:49:27.359 | INFO     | N/A | ⏳ 等待 Profile 更新任务...
2026-08-07 20:49:32.386 | INFO     | N/A | ⏳ 等待 Profile 更新任务...
2026-08-07 20:49:37.418 | INFO     | N/A | ⏳ 等待 Profile 更新任务...
2026-08-07 20:49:42.448 | INFO     | N/A | ⏳ 等待 Profile 更新任务...
2026-08-07 20:49:47.476 | INFO     | N/A | ⏳ 等待 Profile 更新任务...
2026-08-07 20:49:52.503 | INFO     | N/A | ⏳ 等待 Profile 更新任务...
2026-08-07 20:49:57.532 | INFO     | N/A | ⏳ 等待 Profile 更新任务...
2026-08-07 20:50:02.561 | INFO     | N/A | ⏳ 等待 Profile 更新任务...
2026-08-07 20:50:07.592 | INFO     | N/A | ⏳ 等待 Profile 更新任务...
2026-08-07 20:50:12.623 | INFO     | N/A | ⏳ 等待 Profile 更新任务...
2026-08-07 20:50:17.651 | INFO     | N/A | ⏳ 等待 Profile 更新任务...
2026-08-07 20:50:22.717 | INFO     | N/A | ⏳ 等待 Profile 更新任务...
2026-08-07 20:50:27.748 | INFO     | N/A | ⏳ 等待 Profile 更新任务...
2026-08-07 20:50:32.773 | INFO     | N/A | ⏳ 等待 Profile 更新任务...
2026-08-07 20:50:37.800 | INFO     | N/A | ⏳ 等待 Profile 更新任务...
2026-08-07 20:50:42.831 | INFO     | N/A | ⏳ 等待 Profile 更新任务...
2026-08-07 20:50:47.861 | INFO     | N/A | ⏳ 等待 Profile 更新任务...
2026-08-07 20:50:52.891 | INFO     | N/A | ⏳ 等待 Profile 更新任务...
2026-08-07 20:50:57.917 | INFO     | N/A | ⏳ 等待 Profile 更新任务...
2026-08-07 20:51:02.946 | INFO     | N/A | ⏳ 等待 Profile 更新任务...
2026-08-07 20:51:07.973 | INFO     | N/A | ⏳ 等待 Profile 更新任务...
2026-08-07 20:51:13.004 | INFO     | N/A | ⏳ 等待 Profile 更新任务...
2026-08-07 20:51:18.032 | INFO     | N/A | ⏳ 等待 Profile 更新任务...
2026-08-07 20:51:23.060 | INFO     | N/A | ⏳ 等待 Profile 更新任务...
2026-08-07 20:51:28.090 | INFO     | N/A | ⏳ 等待 Profile 更新任务...
2026-08-07 20:51:33.117 | INFO     | N/A | ⏳ 等待 Profile 更新任务...
2026-08-07 20:51:38.146 | INFO     | N/A | ⏳ 等待 Profile 更新任务...
2026-08-07 20:51:43.188 | INFO     | N/A | ⏳ 等待 Profile 更新任务...
2026-08-07 20:51:48.214 | INFO     | N/A | ⏳ 等待 Profile 更新任务...
2026-08-07 20:51:53.243 | INFO     | N/A | ⏳ 等待 Profile 更新任务...
2026-08-07 20:51:58.271 | INFO     | N/A | ⏳ 等待 Profile 更新任务...
2026-08-07 20:52:03.297 | INFO     | N/A | ⏳ 等待 Profile 更新任务...
2026-08-07 20:52:08.323 | INFO     | N/A | ⏳ 等待 Profile 更新任务...
2026-08-07 20:52:13.352 | INFO     | N/A | ⏳ 等待 Profile 更新任务...
2026-08-07 20:52:18.381 | INFO     | N/A | ⏳ 等待 Profile 更新任务...
2026-08-07 20:52:23.408 | INFO     | N/A | ⏳ 等待 Profile 更新任务...
2026-08-07 20:52:28.436 | INFO     | N/A | ⏳ 等待 Profile 更新任务...
2026-08-07 20:52:33.462 | INFO     | N/A | ⏳ 等待 Profile 更新任务...
2026-08-07 20:52:38.490 | INFO     | N/A | ⏳ 等待 Profile 更新任务...
2026-08-07 20:52:43.518 | INFO     | N/A | ⏳ 等待 Profile 更新任务...
2026-08-07 20:52:48.545 | INFO     | N/A | ⏳ 等待 Profile 更新任务...
2026-08-07 20:52:53.572 | INFO     | N/A | ⏳ 等待 Profile 更新任务...
2026-08-07 20:52:58.600 | INFO     | N/A | ⏳ 等待 Profile 更新任务...
2026-08-07 20:53:03.628 | INFO     | N/A | ⏳ 等待 Profile 更新任务...
2026-08-07 20:53:08.656 | INFO     | N/A | ⏳ 等待 Profile 更新任务...
2026-08-07 20:53:13.685 | INFO     | N/A | ⏳ 等待 Profile 更新任务...
2026-08-07 20:53:18.725 | INFO     | N/A | ⏳ 等待 Profile 更新任务...
2026-08-07 20:53:23.752 | INFO     | N/A | ⏳ 等待 Profile 更新任务...
2026-08-07 20:53:28.779 | INFO     | N/A | ⏳ 等待 Profile 更新任务...
2026-08-07 20:53:33.807 | INFO     | N/A | ⏳ 等待 Profile 更新任务...
2026-08-07 20:53:38.837 | INFO     | N/A | ⏳ 等待 Profile 更新任务...
2026-08-07 20:53:43.868 | INFO     | N/A | ⏳ 等待 Profile 更新任务...
2026-08-07 20:53:48.895 | INFO     | N/A | ⏳ 等待 Profile 更新任务...
2026-08-07 20:53:53.923 | INFO     | N/A | ⏳ 等待 Profile 更新任务...
2026-08-07 20:53:58.953 | INFO     | N/A | ⏳ 等待 Profile 更新任务...
2026-08-07 20:54:03.979 | INFO     | N/A | ⏳ 等待 Profile 更新任务...
2026-08-07 20:54:09.008 | INFO     | N/A | ⏳ 等待 Profile 更新任务...
2026-08-07 20:54:14.038 | INFO     | N/A | ⏳ 等待 Profile 更新任务...
2026-08-07 20:54:19.064 | INFO     | N/A | ⏳ 等待 Profile 更新任务...
2026-08-07 20:54:24.091 | INFO     | N/A | ⏳ 等待 Profile 更新任务...
2026-08-07 20:54:29.121 | INFO     | N/A | ⏳ 等待 Profile 更新任务...
2026-08-07 20:54:34.149 | INFO     | N/A | ⏳ 等待 Profile 更新任务...
2026-08-07 20:54:39.176 | INFO     | N/A | ⏳ 等待 Profile 更新任务...
2026-08-07 20:54:44.218 | INFO     | N/A | ⏳ 等待 Profile 更新任务...
2026-08-07 20:54:49.241 | INFO     | N/A | ⏳ 等待 Profile 更新任务...
2026-08-07 20:54:54.272 | INFO     | N/A | ⏳ 等待 Profile 更新任务...
2026-08-07 20:54:59.298 | INFO     | N/A | ⏳ 等待 Profile 更新任务...
2026-08-07 20:55:04.325 | INFO     | N/A | ⏳ 等待 Profile 更新任务...
2026-08-07 20:55:09.353 | INFO     | N/A | ⏳ 等待 Profile 更新任务...
2026-08-07 20:55:14.385 | INFO     | N/A | ⏳ 等待 Profile 更新任务...
2026-08-07 20:55:19.411 | INFO     | N/A | ⏳ 等待 Profile 更新任务...
2026-08-07 20:55:24.441 | INFO     | N/A | ⏳ 等待 Profile 更新任务...
2026-08-07 20:55:29.468 | INFO     | N/A | ⏳ 等待 Profile 更新任务...
2026-08-07 20:55:34.495 | INFO     | N/A | ⏳ 等待 Profile 更新任务...
2026-08-07 20:55:39.525 | INFO     | N/A | ⏳ 等待 Profile 更新任务...
2026-08-07 20:55:44.556 | INFO     | N/A | ⏳ 等待 Profile 更新任务...
2026-08-07 20:55:49.583 | INFO     | N/A | ⏳ 等待 Profile 更新任务...
2026-08-07 20:55:54.610 | INFO     | N/A | ⏳ 等待 Profile 更新任务...
2026-08-07 20:55:59.639 | INFO     | N/A | ⏳ 等待 Profile 更新任务...
2026-08-07 20:56:04.667 | INFO     | N/A | ⏳ 等待 Profile 更新任务...
2026-08-07 20:56:09.696 | INFO     | N/A | ⏳ 等待 Profile 更新任务...
2026-08-07 20:56:14.724 | INFO     | N/A | ⏳ 等待 Profile 更新任务...
2026-08-07 20:56:19.752 | INFO     | N/A | ⏳ 等待 Profile 更新任务...
2026-08-07 20:56:24.780 | INFO     | N/A | ⏳ 等待 Profile 更新任务...
2026-08-07 20:56:29.808 | INFO     | N/A | ⏳ 等待 Profile 更新任务...
2026-08-07 20:56:34.836 | INFO     | N/A | ⏳ 等待 Profile 更新任务...
2026-08-07 20:56:39.863 | INFO     | N/A | ⏳ 等待 Profile 更新任务...
2026-08-07 20:56:44.889 | INFO     | N/A | ⏳ 等待 Profile 更新任务...
2026-08-07 20:56:49.917 | INFO     | N/A | ⏳ 等待 Profile 更新任务...
2026-08-07 20:56:54.944 | INFO     | N/A | ⏳ 等待 Profile 更新任务...
2026-08-07 20:56:59.971 | INFO     | N/A | ⏳ 等待 Profile 更新任务...
2026-08-07 20:57:04.998 | INFO     | N/A | ⏳ 等待 Profile 更新任务...
2026-08-07 20:57:10.027 | INFO     | N/A | ⏳ 等待 Profile 更新任务...
2026-08-07 20:57:15.054 | INFO     | N/A | ⏳ 等待 Profile 更新任务...
2026-08-07 20:57:20.083 | INFO     | N/A | ⏳ 等待 Profile 更新任务...
2026-08-07 20:57:25.109 | INFO     | N/A | ⏳ 等待 Profile 更新任务...
2026-08-07 20:57:30.137 | INFO     | N/A | ⏳ 等待 Profile 更新任务...
2026-08-07 20:57:35.162 | INFO     | N/A | ⏳ 等待 Profile 更新任务...
2026-08-07 20:57:40.189 | INFO     | N/A | ⏳ 等待 Profile 更新任务...
2026-08-07 20:57:45.220 | INFO     | N/A | ⏳ 等待 Profile 更新任务...
2026-08-07 20:57:50.251 | INFO     | N/A | ⏳ 等待 Profile 更新任务...
2026-08-07 20:57:55.279 | INFO     | N/A | ⏳ 等待 Profile 更新任务...
2026-08-07 20:58:00.307 | INFO     | N/A | ⏳ 等待 Profile 更新任务...
2026-08-07 20:58:05.333 | INFO     | N/A | ⏳ 等待 Profile 更新任务...
2026-08-07 20:58:10.361 | INFO     | N/A | ⏳ 等待 Profile 更新任务...
2026-08-07 20:58:15.391 | INFO     | N/A | ⏳ 等待 Profile 更新任务...
2026-08-07 20:58:20.420 | INFO     | N/A | ⏳ 等待 Profile 更新任务...
2026-08-07 20:58:25.448 | INFO     | N/A | ⏳ 等待 Profile 更新任务...
2026-08-07 20:58:30.473 | INFO     | N/A | ⏳ 等待 Profile 更新任务...
2026-08-07 20:58:35.500 | INFO     | N/A | ⏳ 等待 Profile 更新任务...
2026-08-07 20:58:40.527 | INFO     | N/A | ⏳ 等待 Profile 更新任务...
2026-08-07 20:58:45.558 | INFO     | N/A | ⏳ 等待 Profile 更新任务...
2026-08-07 20:58:50.584 | INFO     | N/A | ⏳ 等待 Profile 更新任务...
2026-08-07 20:58:55.610 | INFO     | N/A | ⏳ 等待 Profile 更新任务...
2026-08-07 20:59:00.638 | INFO     | N/A | ⏳ 等待 Profile 更新任务...
2026-08-07 20:59:05.737 | INFO     | N/A | ⏳ 等待 Profile 更新任务...
2026-08-07 20:59:10.763 | INFO     | N/A | ⏳ 等待 Profile 更新任务...
2026-08-07 20:59:15.787 | INFO     | N/A | ⏳ 等待 Profile 更新任务...
2026-08-07 20:59:20.814 | INFO     | N/A | ⏳ 等待 Profile 更新任务...
2026-08-07 20:59:25.838 | INFO     | N/A | ⏳ 等待 Profile 更新任务...
2026-08-07 20:59:30.860 | INFO     | N/A | ⏳ 等待 Profile 更新任务...
2026-08-07 20:59:35.887 | INFO     | N/A | ⏳ 等待 Profile 更新任务...
2026-08-07 20:59:40.915 | INFO     | N/A | ⏳ 等待 Profile 更新任务...
2026-08-07 20:59:45.943 | INFO     | N/A | ⏳ 等待 Profile 更新任务...
2026-08-07 20:59:50.969 | INFO     | N/A | ⏳ 等待 Profile 更新任务...
2026-08-07 20:59:55.993 | INFO     | N/A | ⏳ 等待 Profile 更新任务...
2026-08-07 21:00:01.020 | INFO     | N/A | ⏳ 等待 Profile 更新任务...
2026-08-07 21:00:06.047 | INFO     | N/A | ⏳ 等待 Profile 更新任务...
2026-08-07 21:00:11.076 | INFO     | N/A | ⏳ 等待 Profile 更新任务...
2026-08-07 21:00:16.110 | INFO     | N/A | ⏳ 等待 Profile 更新任务...
2026-08-07 21:00:21.113 | INFO     | N/A | ⏳ 等待 Profile 更新任务...
2026-08-07 21:00:26.139 | INFO     | N/A | ⏳ 等待 Profile 更新任务...
2026-08-07 21:00:31.167 | INFO     | N/A | ⏳ 等待 Profile 更新任务...
2026-08-07 21:00:36.195 | INFO     | N/A | ⏳ 等待 Profile 更新任务...
2026-08-07 21:00:41.221 | INFO     | N/A | ⏳ 等待 Profile 更新任务...
2026-08-07 21:00:46.252 | INFO     | N/A | ⏳ 等待 Profile 更新任务...
2026-08-07 21:00:51.281 | INFO     | N/A | ⏳ 等待 Profile 更新任务...
2026-08-07 21:00:56.307 | INFO     | N/A | ⏳ 等待 Profile 更新任务...
2026-08-07 21:01:01.336 | INFO     | N/A | ⏳ 等待 Profile 更新任务...
2026-08-07 21:01:06.365 | INFO     | N/A | ⏳ 等待 Profile 更新任务...
2026-08-07 21:01:11.392 | INFO     | N/A | ⏳ 等待 Profile 更新任务...
2026-08-07 21:01:16.421 | INFO     | N/A | ⏳ 等待 Profile 更新任务...
2026-08-07 21:01:21.448 | INFO     | N/A | ⏳ 等待 Profile 更新任务...
2026-08-07 21:01:26.476 | INFO     | N/A | ⏳ 等待 Profile 更新任务...
2026-08-07 21:01:31.503 | INFO     | N/A | ⏳ 等待 Profile 更新任务...
2026-08-07 21:01:36.532 | INFO     | N/A | ⏳ 等待 Profile 更新任务...
2026-08-07 21:01:41.562 | INFO     | N/A | ⏳ 等待 Profile 更新任务...
2026-08-07 21:01:46.590 | INFO     | N/A | ⏳ 等待 Profile 更新任务...
2026-08-07 21:01:51.618 | INFO     | N/A | ⏳ 等待 Profile 更新任务...
2026-08-07 21:01:56.644 | INFO     | N/A | ⏳ 等待 Profile 更新任务...
2026-08-07 21:02:01.668 | INFO     | N/A | ⏳ 等待 Profile 更新任务...
2026-08-07 21:02:06.695 | INFO     | N/A | ⏳ 等待 Profile 更新任务...
2026-08-07 21:02:11.726 | INFO     | N/A | ⏳ 等待 Profile 更新任务...
2026-08-07 21:02:16.735 | INFO     | N/A | ⏳ 等待 Profile 更新任务...
2026-08-07 21:02:21.763 | INFO     | N/A | ⏳ 等待 Profile 更新任务...
2026-08-07 21:02:26.790 | INFO     | N/A | ⏳ 等待 Profile 更新任务...
2026-08-07 21:02:31.817 | INFO     | N/A | ⏳ 等待 Profile 更新任务...
2026-08-07 21:02:36.847 | INFO     | N/A | ⏳ 等待 Profile 更新任务...
2026-08-07 21:02:41.874 | INFO     | N/A | ⏳ 等待 Profile 更新任务...
2026-08-07 21:02:46.900 | INFO     | N/A | ⏳ 等待 Profile 更新任务...
2026-08-07 21:02:51.928 | INFO     | N/A | ⏳ 等待 Profile 更新任务...
2026-08-07 21:02:56.957 | INFO     | N/A | ⏳ 等待 Profile 更新任务...
2026-08-07 21:03:01.987 | INFO     | N/A | ⏳ 等待 Profile 更新任务...
2026-08-07 21:03:07.016 | INFO     | N/A | ⏳ 等待 Profile 更新任务...
2026-08-07 21:03:12.043 | INFO     | N/A | ⏳ 等待 Profile 更新任务...
2026-08-07 21:03:17.069 | INFO     | N/A | ⏳ 等待 Profile 更新任务...
2026-08-07 21:03:22.117 | INFO     | N/A | ⏳ 等待 Profile 更新任务...
2026-08-07 21:03:27.148 | INFO     | N/A | ⏳ 等待 Profile 更新任务...
2026-08-07 21:03:32.175 | INFO     | N/A | ⏳ 等待 Profile 更新任务...
2026-08-07 21:03:37.205 | INFO     | N/A | ⏳ 等待 Profile 更新任务...
2026-08-07 21:03:42.234 | INFO     | N/A | ⏳ 等待 Profile 更新任务...
2026-08-07 21:03:47.262 | INFO     | N/A | ⏳ 等待 Profile 更新任务...
2026-08-07 21:03:52.289 | INFO     | N/A | ⏳ 等待 Profile 更新任务...
2026-08-07 21:03:57.318 | INFO     | N/A | ⏳ 等待 Profile 更新任务...
2026-08-07 21:04:02.344 | INFO     | N/A | ⏳ 等待 Profile 更新任务...
2026-08-07 21:04:07.374 | INFO     | N/A | ⏳ 等待 Profile 更新任务...
2026-08-07 21:04:12.403 | INFO     | N/A | ⏳ 等待 Profile 更新任务...
2026-08-07 21:04:17.433 | INFO     | N/A | ⏳ 等待 Profile 更新任务...
2026-08-07 21:04:22.461 | INFO     | N/A | ⏳ 等待 Profile 更新任务...
2026-08-07 21:04:27.490 | INFO     | N/A | ⏳ 等待 Profile 更新任务...
2026-08-07 21:04:32.517 | INFO     | N/A | ⏳ 等待 Profile 更新任务...
2026-08-07 21:04:37.544 | INFO     | N/A | ⏳ 等待 Profile 更新任务...
2026-08-07 21:04:42.572 | INFO     | N/A | ⏳ 等待 Profile 更新任务...
2026-08-07 21:04:47.601 | INFO     | N/A | ⏳ 等待 Profile 更新任务...
2026-08-07 21:04:52.628 | INFO     | N/A | ⏳ 等待 Profile 更新任务...
2026-08-07 21:04:57.658 | INFO     | N/A | ⏳ 等待 Profile 更新任务...
2026-08-07 21:05:02.683 | INFO     | N/A | ⏳ 等待 Profile 更新任务...
2026-08-07 21:05:07.711 | INFO     | N/A | ⏳ 等待 Profile 更新任务...
2026-08-07 21:05:12.741 | INFO     | N/A | ⏳ 等待 Profile 更新任务...
2026-08-07 21:05:17.822 | INFO     | N/A | ⏳ 等待 Profile 更新任务...
2026-08-07 21:05:22.845 | INFO     | N/A | ⏳ 等待 Profile 更新任务...
2026-08-07 21:05:27.894 | INFO     | N/A | ⏳ 等待 Profile 更新任务...
2026-08-07 21:05:32.922 | INFO     | N/A | ⏳ 等待 Profile 更新任务...
2026-08-07 21:05:37.951 | INFO     | N/A | ⏳ 等待 Profile 更新任务...
2026-08-07 21:05:42.980 | INFO     | N/A | ⏳ 等待 Profile 更新任务...
2026-08-07 21:05:48.009 | INFO     | N/A | ⏳ 等待 Profile 更新任务...
2026-08-07 21:05:53.037 | INFO     | N/A | ⏳ 等待 Profile 更新任务...
2026-08-07 21:05:58.066 | INFO     | N/A | ⏳ 等待 Profile 更新任务...
2026-08-07 21:06:03.092 | INFO     | N/A | ⏳ 等待 Profile 更新任务...
2026-08-07 21:06:08.123 | INFO     | N/A | ⏳ 等待 Profile 更新任务...
2026-08-07 21:06:13.152 | INFO     | N/A | ⏳ 等待 Profile 更新任务...
2026-08-07 21:06:18.179 | INFO     | N/A | ⏳ 等待 Profile 更新任务...
2026-08-07 21:06:23.205 | INFO     | N/A | ⏳ 等待 Profile 更新任务...
2026-08-07 21:06:28.233 | INFO     | N/A | ⏳ 等待 Profile 更新任务...
2026-08-07 21:06:33.262 | INFO     | N/A | ⏳ 等待 Profile 更新任务...
2026-08-07 21:06:38.290 | INFO     | N/A | ⏳ 等待 Profile 更新任务...
2026-08-07 21:06:43.317 | INFO     | N/A | ⏳ 等待 Profile 更新任务...
2026-08-07 21:06:48.346 | INFO     | N/A | ⏳ 等待 Profile 更新任务...
2026-08-07 21:06:53.373 | INFO     | N/A | ⏳ 等待 Profile 更新任务...
2026-08-07 21:06:58.402 | INFO     | N/A | ⏳ 等待 Profile 更新任务...
2026-08-07 21:07:03.431 | INFO     | N/A | ⏳ 等待 Profile 更新任务...
2026-08-07 21:07:08.459 | INFO     | N/A | ⏳ 等待 Profile 更新任务...
2026-08-07 21:07:13.484 | INFO     | N/A | ⏳ 等待 Profile 更新任务...
2026-08-07 21:07:18.512 | INFO     | N/A | ⏳ 等待 Profile 更新任务...
2026-08-07 21:07:23.539 | INFO     | N/A | ⏳ 等待 Profile 更新任务...
2026-08-07 21:07:28.566 | INFO     | N/A | ⏳ 等待 Profile 更新任务...
2026-08-07 21:07:33.591 | INFO     | N/A | ⏳ 等待 Profile 更新任务...
2026-08-07 21:07:38.621 | INFO     | N/A | ⏳ 等待 Profile 更新任务...
2026-08-07 21:07:43.653 | INFO     | N/A | ⏳ 等待 Profile 更新任务...
2026-08-07 21:07:48.681 | INFO     | N/A | ⏳ 等待 Profile 更新任务...
2026-08-07 21:07:53.710 | INFO     | N/A | ⏳ 等待 Profile 更新任务...
2026-08-07 21:07:58.740 | INFO     | N/A | ⏳ 等待 Profile 更新任务...
2026-08-07 21:08:03.770 | INFO     | N/A | ⏳ 等待 Profile 更新任务...
2026-08-07 21:08:08.799 | INFO     | N/A | ⏳ 等待 Profile 更新任务...
2026-08-07 21:08:13.828 | INFO     | N/A | ⏳ 等待 Profile 更新任务...
2026-08-07 21:08:18.855 | INFO     | N/A | ⏳ 等待 Profile 更新任务...
2026-08-07 21:08:23.882 | INFO     | N/A | ⏳ 等待 Profile 更新任务...
2026-08-07 21:08:28.911 | INFO     | N/A | ⏳ 等待 Profile 更新任务...
2026-08-07 21:08:33.939 | INFO     | N/A | ⏳ 等待 Profile 更新任务...
2026-08-07 21:08:38.967 | INFO     | N/A | ⏳ 等待 Profile 更新任务...
2026-08-07 21:08:43.996 | INFO     | N/A | ⏳ 等待 Profile 更新任务...
2026-08-07 21:08:49.024 | INFO     | N/A | ⏳ 等待 Profile 更新任务...
2026-08-07 21:08:54.052 | INFO     | N/A | ⏳ 等待 Profile 更新任务...
2026-08-07 21:08:59.114 | INFO     | N/A | ⏳ 等待 Profile 更新任务...
2026-08-07 21:09:04.140 | INFO     | N/A | ⏳ 等待 Profile 更新任务...
2026-08-07 21:09:09.171 | INFO     | N/A | ⏳ 等待 Profile 更新任务...
2026-08-07 21:09:14.200 | INFO     | N/A | ⏳ 等待 Profile 更新任务...
2026-08-07 21:09:19.228 | INFO     | N/A | ⏳ 等待 Profile 更新任务...
2026-08-07 21:09:24.254 | INFO     | N/A | ⏳ 等待 Profile 更新任务...
2026-08-07 21:09:29.281 | INFO     | N/A | ⏳ 等待 Profile 更新任务...
2026-08-07 21:09:34.307 | INFO     | N/A | ⏳ 等待 Profile 更新任务...
2026-08-07 21:09:39.337 | INFO     | N/A | ⏳ 等待 Profile 更新任务...
2026-08-07 21:09:44.363 | INFO     | N/A | ⏳ 等待 Profile 更新任务...
2026-08-07 21:09:49.392 | INFO     | N/A | ⏳ 等待 Profile 更新任务...
2026-08-07 21:09:54.418 | INFO     | N/A | ⏳ 等待 Profile 更新任务...
2026-08-07 21:09:59.448 | INFO     | N/A | ⏳ 等待 Profile 更新任务...
2026-08-07 21:10:04.477 | INFO     | N/A | ⏳ 等待 Profile 更新任务...
2026-08-07 21:10:09.507 | INFO     | N/A | ⏳ 等待 Profile 更新任务...
2026-08-07 21:10:14.537 | INFO     | N/A | ⏳ 等待 Profile 更新任务...
2026-08-07 21:10:19.565 | INFO     | N/A | ⏳ 等待 Profile 更新任务...
2026-08-07 21:10:24.597 | INFO     | N/A | ⏳ 等待 Profile 更新任务...
2026-08-07 21:10:29.624 | INFO     | N/A | ⏳ 等待 Profile 更新任务...
2026-08-07 21:10:34.650 | INFO     | N/A | ⏳ 等待 Profile 更新任务...
2026-08-07 21:10:39.679 | INFO     | N/A | ⏳ 等待 Profile 更新任务...
2026-08-07 21:10:44.706 | INFO     | N/A | ⏳ 等待 Profile 更新任务...
2026-08-07 21:10:49.733 | INFO     | N/A | ⏳ 等待 Profile 更新任务...
2026-08-07 21:10:54.762 | INFO     | N/A | ⏳ 等待 Profile 更新任务...
2026-08-07 21:10:59.790 | INFO     | N/A | ⏳ 等待 Profile 更新任务...
2026-08-07 21:11:04.817 | INFO     | N/A | ⏳ 等待 Profile 更新任务...
2026-08-07 21:11:09.845 | INFO     | N/A | ⏳ 等待 Profile 更新任务...
2026-08-07 21:11:14.875 | INFO     | N/A | ⏳ 等待 Profile 更新任务...
2026-08-07 21:11:19.901 | INFO     | N/A | ⏳ 等待 Profile 更新任务...
2026-08-07 21:11:24.929 | INFO     | N/A | ⏳ 等待 Profile 更新任务...
2026-08-07 21:11:29.957 | INFO     | N/A | ⏳ 等待 Profile 更新任务...
2026-08-07 21:11:34.985 | INFO     | N/A | ⏳ 等待 Profile 更新任务...
2026-08-07 21:11:40.013 | INFO     | N/A | ⏳ 等待 Profile 更新任务...
2026-08-07 21:11:45.040 | INFO     | N/A | ⏳ 等待 Profile 更新任务...
2026-08-07 21:11:50.068 | INFO     | N/A | ⏳ 等待 Profile 更新任务...
2026-08-07 21:11:55.096 | INFO     | N/A | ⏳ 等待 Profile 更新任务...
2026-08-07 21:12:00.123 | INFO     | N/A | ⏳ 等待 Profile 更新任务...
2026-08-07 21:12:05.150 | INFO     | N/A | ⏳ 等待 Profile 更新任务...
2026-08-07 21:12:10.179 | INFO     | N/A | ⏳ 等待 Profile 更新任务...
2026-08-07 21:12:15.209 | INFO     | N/A | ⏳ 等待 Profile 更新任务...
2026-08-07 21:12:20.238 | INFO     | N/A | ⏳ 等待 Profile 更新任务...
2026-08-07 21:12:25.266 | INFO     | N/A | ⏳ 等待 Profile 更新任务...
2026-08-07 21:12:30.295 | INFO     | N/A | ⏳ 等待 Profile 更新任务...
2026-08-07 21:12:35.323 | INFO     | N/A | ⏳ 等待 Profile 更新任务...
2026-08-07 21:12:40.354 | INFO     | N/A | ⏳ 等待 Profile 更新任务...
2026-08-07 21:12:45.382 | INFO     | N/A | ⏳ 等待 Profile 更新任务...
2026-08-07 21:12:50.412 | INFO     | N/A | ⏳ 等待 Profile 更新任务...
2026-08-07 21:12:55.441 | INFO     | N/A | ⏳ 等待 Profile 更新任务...
2026-08-07 21:13:00.469 | INFO     | N/A | ⏳ 等待 Profile 更新任务...
2026-08-07 21:13:05.495 | INFO     | N/A | ⏳ 等待 Profile 更新任务...
2026-08-07 21:13:10.520 | INFO     | N/A | ⏳ 等待 Profile 更新任务...
2026-08-07 21:13:15.549 | INFO     | N/A | ⏳ 等待 Profile 更新任务...
2026-08-07 21:13:20.579 | INFO     | N/A | ⏳ 等待 Profile 更新任务...
2026-08-07 21:13:25.605 | INFO     | N/A | ⏳ 等待 Profile 更新任务...
2026-08-07 21:13:30.632 | INFO     | N/A | ⏳ 等待 Profile 更新任务...
2026-08-07 21:13:35.661 | INFO     | N/A | ⏳ 等待 Profile 更新任务...
2026-08-07 21:13:40.688 | INFO     | N/A | ⏳ 等待 Profile 更新任务...
2026-08-07 21:13:45.716 | INFO     | N/A | ⏳ 等待 Profile 更新任务...
2026-08-07 21:13:50.743 | INFO     | N/A | ⏳ 等待 Profile 更新任务...
2026-08-07 21:13:55.769 | INFO     | N/A | ⏳ 等待 Profile 更新任务...
2026-08-07 21:14:00.794 | INFO     | N/A | ⏳ 等待 Profile 更新任务...
2026-08-07 21:14:05.821 | INFO     | N/A | ⏳ 等待 Profile 更新任务...
2026-08-07 21:14:10.846 | INFO     | N/A | ⏳ 等待 Profile 更新任务...
2026-08-07 21:14:15.874 | INFO     | N/A | ⏳ 等待 Profile 更新任务...
2026-08-07 21:14:20.908 | INFO     | N/A | ⏳ 等待 Profile 更新任务...
2026-08-07 21:14:25.931 | INFO     | N/A | ⏳ 等待 Profile 更新任务...
2026-08-07 21:14:30.957 | INFO     | N/A | ⏳ 等待 Profile 更新任务...
2026-08-07 21:14:35.984 | INFO     | N/A | ⏳ 等待 Profile 更新任务...
2026-08-07 21:14:41.010 | INFO     | N/A | ⏳ 等待 Profile 更新任务...
2026-08-07 21:14:46.039 | INFO     | N/A | ⏳ 等待 Profile 更新任务...
2026-08-07 21:14:51.065 | INFO     | N/A | ⏳ 等待 Profile 更新任务...
2026-08-07 21:14:56.095 | INFO     | N/A | ⏳ 等待 Profile 更新任务...
2026-08-07 21:15:01.121 | INFO     | N/A | ⏳ 等待 Profile 更新任务...
2026-08-07 21:15:06.149 | INFO     | N/A | ⏳ 等待 Profile 更新任务...
2026-08-07 21:15:11.179 | INFO     | N/A | ⏳ 等待 Profile 更新任务...
2026-08-07 21:15:16.208 | INFO     | N/A | ⏳ 等待 Profile 更新任务...
2026-08-07 21:15:21.234 | INFO     | N/A | ⏳ 等待 Profile 更新任务...
2026-08-07 21:15:26.262 | INFO     | N/A | ⏳ 等待 Profile 更新任务...
2026-08-07 21:15:31.289 | INFO     | N/A | ⏳ 等待 Profile 更新任务...
2026-08-07 21:15:36.317 | INFO     | N/A | ⏳ 等待 Profile 更新任务...
2026-08-07 21:15:41.344 | INFO     | N/A | ⏳ 等待 Profile 更新任务...
2026-08-07 21:15:46.371 | INFO     | N/A | ⏳ 等待 Profile 更新任务...
2026-08-07 21:15:51.397 | INFO     | N/A | ⏳ 等待 Profile 更新任务...
2026-08-07 21:15:56.421 | INFO     | N/A | ⏳ 等待 Profile 更新任务...
2026-08-07 21:16:01.451 | INFO     | N/A | ⏳ 等待 Profile 更新任务...
2026-08-07 21:16:06.479 | INFO     | N/A | ⏳ 等待 Profile 更新任务...
2026-08-07 21:16:11.509 | INFO     | N/A | ⏳ 等待 Profile 更新任务...
2026-08-07 21:16:16.540 | INFO     | N/A | ⏳ 等待 Profile 更新任务...
2026-08-07 21:16:21.567 | INFO     | N/A | ⏳ 等待 Profile 更新任务...
2026-08-07 21:16:26.593 | INFO     | N/A | ⏳ 等待 Profile 更新任务...
2026-08-07 21:16:31.621 | INFO     | N/A | ⏳ 等待 Profile 更新任务...
2026-08-07 21:16:36.649 | INFO     | N/A | ⏳ 等待 Profile 更新任务...
2026-08-07 21:16:41.689 | INFO     | N/A | ⏳ 等待 Profile 更新任务...
2026-08-07 21:16:46.693 | INFO     | N/A | ⏳ 等待 Profile 更新任务...
2026-08-07 21:16:51.744 | INFO     | N/A | ⏳ 等待 Profile 更新任务...
2026-08-07 21:16:56.771 | INFO     | N/A | ⏳ 等待 Profile 更新任务...
2026-08-07 21:17:01.798 | INFO     | N/A | ⏳ 等待 Profile 更新任务...
2026-08-07 21:17:06.829 | INFO     | N/A | ⏳ 等待 Profile 更新任务...
2026-08-07 21:17:11.856 | INFO     | N/A | ⏳ 等待 Profile 更新任务...
2026-08-07 21:17:16.894 | INFO     | N/A | ⏳ 等待 Profile 更新任务...
2026-08-07 21:17:21.923 | INFO     | N/A | ⏳ 等待 Profile 更新任务...
2026-08-07 21:17:26.948 | INFO     | N/A | ⏳ 等待 Profile 更新任务...
2026-08-07 21:17:31.972 | INFO     | N/A | ⏳ 等待 Profile 更新任务...
2026-08-07 21:17:37.000 | INFO     | N/A | ⏳ 等待 Profile 更新任务...
2026-08-07 21:17:42.029 | INFO     | N/A | ⏳ 等待 Profile 更新任务...
2026-08-07 21:17:47.059 | INFO     | N/A | ⏳ 等待 Profile 更新任务...
2026-08-07 21:17:52.087 | INFO     | N/A | ⏳ 等待 Profile 更新任务...
2026-08-07 21:17:57.116 | INFO     | N/A | ⏳ 等待 Profile 更新任务...
2026-08-07 21:18:02.145 | INFO     | N/A | ⏳ 等待 Profile 更新任务...
2026-08-07 21:18:07.172 | INFO     | N/A | ⏳ 等待 Profile 更新任务...
2026-08-07 21:18:12.199 | INFO     | N/A | ⏳ 等待 Profile 更新任务...
2026-08-07 21:18:17.230 | INFO     | N/A | ⏳ 等待 Profile 更新任务...
2026-08-07 21:18:22.256 | INFO     | N/A | ⏳ 等待 Profile 更新任务...
2026-08-07 21:18:27.286 | INFO     | N/A | ⏳ 等待 Profile 更新任务...
2026-08-07 21:18:32.313 | INFO     | N/A | ⏳ 等待 Profile 更新任务...
2026-08-07 21:18:37.341 | INFO     | N/A | ⏳ 等待 Profile 更新任务...
2026-08-07 21:18:42.367 | INFO     | N/A | ⏳ 等待 Profile 更新任务...
2026-08-07 21:18:47.395 | INFO     | N/A | ⏳ 等待 Profile 更新任务...
2026-08-07 21:18:52.455 | INFO     | N/A | ⏳ 等待 Profile 更新任务...
2026-08-07 21:18:57.479 | INFO     | N/A | ⏳ 等待 Profile 更新任务...
2026-08-07 21:19:02.502 | INFO     | N/A | ⏳ 等待 Profile 更新任务...
2026-08-07 21:19:07.527 | INFO     | N/A | ⏳ 等待 Profile 更新任务...
2026-08-07 21:19:12.552 | INFO     | N/A | ⏳ 等待 Profile 更新任务...
2026-08-07 21:19:17.582 | INFO     | N/A | ⏳ 等待 Profile 更新任务...
2026-08-07 21:19:22.605 | INFO     | N/A | ⏳ 等待 Profile 更新任务...
2026-08-07 21:19:27.638 | INFO     | N/A | ⏳ 等待 Profile 更新任务...
2026-08-07 21:19:32.664 | INFO     | N/A | ⏳ 等待 Profile 更新任务...
2026-08-07 21:19:37.689 | INFO     | N/A | ⏳ 等待 Profile 更新任务...
2026-08-07 21:19:42.713 | INFO     | N/A | ⏳ 等待 Profile 更新任务...
2026-08-07 21:19:47.743 | INFO     | N/A | ⏳ 等待 Profile 更新任务...
2026-08-07 21:19:52.772 | INFO     | N/A | ⏳ 等待 Profile 更新任务...
2026-08-07 21:19:57.798 | INFO     | N/A | ⏳ 等待 Profile 更新任务...
2026-08-07 21:20:02.825 | INFO     | N/A | ⏳ 等待 Profile 更新任务...
2026-08-07 21:20:07.850 | INFO     | N/A | ⏳ 等待 Profile 更新任务...
2026-08-07 21:20:12.874 | INFO     | N/A | ⏳ 等待 Profile 更新任务...
2026-08-07 21:20:17.905 | INFO     | N/A | ⏳ 等待 Profile 更新任务...
2026-08-07 21:20:22.931 | INFO     | N/A | ⏳ 等待 Profile 更新任务...
2026-08-07 21:20:27.961 | INFO     | N/A | ⏳ 等待 Profile 更新任务...
2026-08-07 21:20:32.988 | INFO     | N/A | ⏳ 等待 Profile 更新任务...
2026-08-07 21:20:38.012 | INFO     | N/A | ⏳ 等待 Profile 更新任务...
2026-08-07 21:20:43.038 | INFO     | N/A | ⏳ 等待 Profile 更新任务...
2026-08-07 21:20:48.068 | INFO     | N/A | ⏳ 等待 Profile 更新任务...
2026-08-07 21:20:53.094 | INFO     | N/A | ⏳ 等待 Profile 更新任务...
2026-08-07 21:20:58.121 | INFO     | N/A | ⏳ 等待 Profile 更新任务...
2026-08-07 21:21:03.147 | INFO     | N/A | ⏳ 等待 Profile 更新任务...
2026-08-07 21:21:08.170 | INFO     | N/A | ⏳ 等待 Profile 更新任务...
2026-08-07 21:21:13.196 | INFO     | N/A | ⏳ 等待 Profile 更新任务...
2026-08-07 21:21:18.222 | INFO     | N/A | ⏳ 等待 Profile 更新任务...
2026-08-07 21:21:23.246 | INFO     | N/A | ⏳ 等待 Profile 更新任务...
2026-08-07 21:21:28.271 | INFO     | N/A | ⏳ 等待 Profile 更新任务...
2026-08-07 21:21:33.296 | INFO     | N/A | ⏳ 等待 Profile 更新任务...
2026-08-07 21:21:38.322 | INFO     | N/A | ⏳ 等待 Profile 更新任务...
2026-08-07 21:21:43.346 | INFO     | N/A | ⏳ 等待 Profile 更新任务...
2026-08-07 21:21:48.370 | INFO     | N/A | ⏳ 等待 Profile 更新任务...
2026-08-07 21:21:53.393 | INFO     | N/A | ⏳ 等待 Profile 更新任务...
2026-08-07 21:21:58.419 | INFO     | N/A | ⏳ 等待 Profile 更新任务...
2026-08-07 21:22:03.443 | INFO     | N/A | ⏳ 等待 Profile 更新任务...
2026-08-07 21:22:08.467 | INFO     | N/A | ⏳ 等待 Profile 更新任务...
2026-08-07 21:22:13.490 | INFO     | N/A | ⏳ 等待 Profile 更新任务...
2026-08-07 21:22:18.514 | INFO     | N/A | ⏳ 等待 Profile 更新任务...
2026-08-07 21:22:23.541 | INFO     | N/A | ⏳ 等待 Profile 更新任务...
2026-08-07 21:22:28.568 | INFO     | N/A | ⏳ 等待 Profile 更新任务...
2026-08-07 21:22:33.597 | INFO     | N/A | ⏳ 等待 Profile 更新任务...
2026-08-07 21:22:38.623 | INFO     | N/A | ⏳ 等待 Profile 更新任务...
2026-08-07 21:22:43.644 | INFO     | N/A | ⏳ 等待 Profile 更新任务...
2026-08-07 21:22:48.670 | INFO     | N/A | ⏳ 等待 Profile 更新任务...
2026-08-07 21:22:53.697 | INFO     | N/A | ⏳ 等待 Profile 更新任务...
2026-08-07 21:22:58.730 | INFO     | N/A | ⏳ 等待 Profile 更新任务...
2026-08-07 21:23:03.754 | INFO     | N/A | ⏳ 等待 Profile 更新任务...
2026-08-07 21:23:08.786 | INFO     | N/A | ⏳ 等待 Profile 更新任务...
2026-08-07 21:23:13.811 | INFO     | N/A | ⏳ 等待 Profile 更新任务...
2026-08-07 21:23:18.839 | INFO     | N/A | ⏳ 等待 Profile 更新任务...
2026-08-07 21:23:23.869 | INFO     | N/A | ⏳ 等待 Profile 更新任务...
2026-08-07 21:23:28.903 | INFO     | N/A | ⏳ 等待 Profile 更新任务...
2026-08-07 21:23:33.931 | INFO     | N/A | ⏳ 等待 Profile 更新任务...
2026-08-07 21:23:38.958 | INFO     | N/A | ⏳ 等待 Profile 更新任务...
2026-08-07 21:23:43.985 | INFO     | N/A | ⏳ 等待 Profile 更新任务...
2026-08-07 21:23:49.012 | INFO     | N/A | ⏳ 等待 Profile 更新任务...
2026-08-07 21:23:54.037 | INFO     | N/A | ⏳ 等待 Profile 更新任务...
2026-08-07 21:23:59.067 | INFO     | N/A | ⏳ 等待 Profile 更新任务...
2026-08-07 21:24:04.094 | INFO     | N/A | ⏳ 等待 Profile 更新任务...
2026-08-07 21:24:09.123 | INFO     | N/A | ⏳ 等待 Profile 更新任务...
2026-08-07 21:24:14.150 | INFO     | N/A | ⏳ 等待 Profile 更新任务...
2026-08-07 21:24:19.178 | INFO     | N/A | ⏳ 等待 Profile 更新任务...
2026-08-07 21:24:24.206 | INFO     | N/A | ⏳ 等待 Profile 更新任务...
2026-08-07 21:24:29.232 | INFO     | N/A | ⏳ 等待 Profile 更新任务...
2026-08-07 21:24:34.258 | INFO     | N/A | ⏳ 等待 Profile 更新任务...
2026-08-07 21:24:39.285 | INFO     | N/A | ⏳ 等待 Profile 更新任务...
2026-08-07 21:24:44.313 | INFO     | N/A | ⏳ 等待 Profile 更新任务...
2026-08-07 21:24:49.346 | INFO     | N/A | ⏳ 等待 Profile 更新任务...
2026-08-07 21:24:54.371 | INFO     | N/A | ⏳ 等待 Profile 更新任务...
2026-08-07 21:24:59.398 | INFO     | N/A | ⏳ 等待 Profile 更新任务...
2026-08-07 21:25:04.426 | INFO     | N/A | ⏳ 等待 Profile 更新任务...
2026-08-07 21:25:09.455 | INFO     | N/A | ⏳ 等待 Profile 更新任务...
2026-08-07 21:25:14.483 | INFO     | N/A | ⏳ 等待 Profile 更新任务...
2026-08-07 21:25:19.513 | INFO     | N/A | ⏳ 等待 Profile 更新任务...
2026-08-07 21:25:24.541 | INFO     | N/A | ⏳ 等待 Profile 更新任务...
2026-08-07 21:25:29.570 | INFO     | N/A | ⏳ 等待 Profile 更新任务...
2026-08-07 21:25:34.594 | INFO     | N/A | ⏳ 等待 Profile 更新任务...
2026-08-07 21:25:39.619 | INFO     | N/A | ⏳ 等待 Profile 更新任务...
2026-08-07 21:25:44.647 | INFO     | N/A | ⏳ 等待 Profile 更新任务...
2026-08-07 21:25:49.673 | INFO     | N/A | ⏳ 等待 Profile 更新任务...
2026-08-07 21:25:54.703 | INFO     | N/A | ⏳ 等待 Profile 更新任务...
2026-08-07 21:25:59.732 | INFO     | N/A | ⏳ 等待 Profile 更新任务...
2026-08-07 21:26:04.760 | INFO     | N/A | ⏳ 等待 Profile 更新任务...
2026-08-07 21:26:09.789 | INFO     | N/A | ⏳ 等待 Profile 更新任务...
2026-08-07 21:26:14.815 | INFO     | N/A | ⏳ 等待 Profile 更新任务...
2026-08-07 21:26:19.846 | INFO     | N/A | ⏳ 等待 Profile 更新任务...
2026-08-07 21:26:24.876 | INFO     | N/A | ⏳ 等待 Profile 更新任务...
2026-08-07 21:26:29.902 | INFO     | N/A | ⏳ 等待 Profile 更新任务...
2026-08-07 21:26:34.931 | INFO     | N/A | ⏳ 等待 Profile 更新任务...
2026-08-07 21:26:39.960 | INFO     | N/A | ⏳ 等待 Profile 更新任务...
2026-08-07 21:26:44.985 | INFO     | N/A | ⏳ 等待 Profile 更新任务...
2026-08-07 21:26:50.014 | INFO     | N/A | ⏳ 等待 Profile 更新任务...
2026-08-07 21:26:55.041 | INFO     | N/A | ⏳ 等待 Profile 更新任务...
2026-08-07 21:27:00.068 | INFO     | N/A | ⏳ 等待 Profile 更新任务...
2026-08-07 21:27:05.096 | INFO     | N/A | ⏳ 等待 Profile 更新任务...
2026-08-07 21:27:10.123 | INFO     | N/A | ⏳ 等待 Profile 更新任务...
2026-08-07 21:27:15.151 | INFO     | N/A | ⏳ 等待 Profile 更新任务...
2026-08-07 21:27:20.180 | INFO     | N/A | ⏳ 等待 Profile 更新任务...
2026-08-07 21:27:25.210 | INFO     | N/A | ⏳ 等待 Profile 更新任务...
2026-08-07 21:27:30.238 | INFO     | N/A | ⏳ 等待 Profile 更新任务...
2026-08-07 21:27:35.266 | INFO     | N/A | ⏳ 等待 Profile 更新任务...
2026-08-07 21:27:40.295 | INFO     | N/A | ⏳ 等待 Profile 更新任务...
2026-08-07 21:27:45.322 | INFO     | N/A | ⏳ 等待 Profile 更新任务...
2026-08-07 21:27:50.353 | INFO     | N/A | ⏳ 等待 Profile 更新任务...
2026-08-07 21:27:55.380 | INFO     | N/A | ⏳ 等待 Profile 更新任务...
2026-08-07 21:28:00.407 | INFO     | N/A | ⏳ 等待 Profile 更新任务...
2026-08-07 21:28:05.433 | INFO     | N/A | ⏳ 等待 Profile 更新任务...
2026-08-07 21:28:10.462 | INFO     | N/A | ⏳ 等待 Profile 更新任务...
2026-08-07 21:28:15.489 | INFO     | N/A | ⏳ 等待 Profile 更新任务...
2026-08-07 21:28:20.519 | INFO     | N/A | ⏳ 等待 Profile 更新任务...
2026-08-07 21:28:25.547 | INFO     | N/A | ⏳ 等待 Profile 更新任务...
2026-08-07 21:28:30.576 | INFO     | N/A | ⏳ 等待 Profile 更新任务...
2026-08-07 21:28:35.600 | INFO     | N/A | ⏳ 等待 Profile 更新任务...
2026-08-07 21:28:40.628 | INFO     | N/A | ⏳ 等待 Profile 更新任务...
2026-08-07 21:28:45.656 | INFO     | N/A | ⏳ 等待 Profile 更新任务...
2026-08-07 21:28:50.686 | INFO     | N/A | ⏳ 等待 Profile 更新任务...
2026-08-07 21:28:55.712 | INFO     | N/A | ⏳ 等待 Profile 更新任务...
2026-08-07 21:29:00.741 | INFO     | N/A | ⏳ 等待 Profile 更新任务...
2026-08-07 21:29:05.769 | INFO     | N/A | ⏳ 等待 Profile 更新任务...
2026-08-07 21:29:10.796 | INFO     | N/A | ⏳ 等待 Profile 更新任务...
2026-08-07 21:29:15.825 | INFO     | N/A | ⏳ 等待 Profile 更新任务...
2026-08-07 21:29:20.856 | INFO     | N/A | ⏳ 等待 Profile 更新任务...
2026-08-07 21:29:25.880 | INFO     | N/A | ⏳ 等待 Profile 更新任务...
2026-08-07 21:29:30.906 | INFO     | N/A | ⏳ 等待 Profile 更新任务...
2026-08-07 21:29:35.932 | INFO     | N/A | ⏳ 等待 Profile 更新任务...
2026-08-07 21:29:40.959 | INFO     | N/A | ⏳ 等待 Profile 更新任务...
2026-08-07 21:29:45.986 | INFO     | N/A | ⏳ 等待 Profile 更新任务...
2026-08-07 21:29:51.017 | INFO     | N/A | ⏳ 等待 Profile 更新任务...
2026-08-07 21:29:56.046 | INFO     | N/A | ⏳ 等待 Profile 更新任务...
2026-08-07 21:30:01.074 | INFO     | N/A | ⏳ 等待 Profile 更新任务...
2026-08-07 21:30:06.103 | INFO     | N/A | ⏳ 等待 Profile 更新任务...
2026-08-07 21:30:11.131 | INFO     | N/A | ⏳ 等待 Profile 更新任务...
2026-08-07 21:30:16.157 | INFO     | N/A | ⏳ 等待 Profile 更新任务...
2026-08-07 21:30:21.187 | INFO     | N/A | ⏳ 等待 Profile 更新任务...
2026-08-07 21:30:26.218 | INFO     | N/A | ⏳ 等待 Profile 更新任务...
2026-08-07 21:30:31.250 | INFO     | N/A | ⏳ 等待 Profile 更新任务...
2026-08-07 21:30:36.278 | INFO     | N/A | ⏳ 等待 Profile 更新任务...
2026-08-07 21:30:41.310 | INFO     | N/A | ⏳ 等待 Profile 更新任务...
2026-08-07 21:30:46.337 | INFO     | N/A | ⏳ 等待 Profile 更新任务...
2026-08-07 21:30:51.364 | INFO     | N/A | ⏳ 等待 Profile 更新任务...
2026-08-07 21:30:56.392 | INFO     | N/A | ⏳ 等待 Profile 更新任务...
2026-08-07 21:31:01.422 | INFO     | N/A | ⏳ 等待 Profile 更新任务...
2026-08-07 21:31:06.451 | INFO     | N/A | ⏳ 等待 Profile 更新任务...
2026-08-07 21:31:11.478 | INFO     | N/A | ⏳ 等待 Profile 更新任务...
2026-08-07 21:31:16.506 | INFO     | N/A | ⏳ 等待 Profile 更新任务...
2026-08-07 21:31:21.537 | INFO     | N/A | ⏳ 等待 Profile 更新任务...
2026-08-07 21:31:26.636 | INFO     | N/A | ⏳ 等待 Profile 更新任务...
2026-08-07 21:31:31.665 | INFO     | N/A | ⏳ 等待 Profile 更新任务...
2026-08-07 21:31:36.692 | INFO     | N/A | ⏳ 等待 Profile 更新任务...
2026-08-07 21:31:41.719 | INFO     | N/A | ⏳ 等待 Profile 更新任务...
2026-08-07 21:31:46.746 | INFO     | N/A | ⏳ 等待 Profile 更新任务...
2026-08-07 21:31:51.774 | INFO     | N/A | ⏳ 等待 Profile 更新任务...
2026-08-07 21:31:56.801 | INFO     | N/A | ⏳ 等待 Profile 更新任务...
2026-08-07 21:32:01.839 | INFO     | N/A | ⏳ 等待 Profile 更新任务...
2026-08-07 21:32:06.864 | INFO     | N/A | ⏳ 等待 Profile 更新任务...
2026-08-07 21:32:11.888 | INFO     | N/A | ⏳ 等待 Profile 更新任务...
2026-08-07 21:32:16.912 | INFO     | N/A | ⏳ 等待 Profile 更新任务...
2026-08-07 21:32:21.938 | INFO     | N/A | ⏳ 等待 Profile 更新任务...
2026-08-07 21:32:26.964 | INFO     | N/A | ⏳ 等待 Profile 更新任务...
2026-08-07 21:32:31.991 | INFO     | N/A | ⏳ 等待 Profile 更新任务...
2026-08-07 21:32:37.020 | INFO     | N/A | ⏳ 等待 Profile 更新任务...
2026-08-07 21:32:42.047 | INFO     | N/A | ⏳ 等待 Profile 更新任务...
2026-08-07 21:32:47.070 | INFO     | N/A | ⏳ 等待 Profile 更新任务...
2026-08-07 21:32:52.094 | INFO     | N/A | ⏳ 等待 Profile 更新任务...
2026-08-07 21:32:57.119 | INFO     | N/A | ⏳ 等待 Profile 更新任务...
2026-08-07 21:33:02.142 | INFO     | N/A | ⏳ 等待 Profile 更新任务...
2026-08-07 21:33:07.167 | INFO     | N/A | ⏳ 等待 Profile 更新任务...
2026-08-07 21:33:12.191 | INFO     | N/A | ⏳ 等待 Profile 更新任务...
2026-08-07 21:33:17.217 | INFO     | N/A | ⏳ 等待 Profile 更新任务...
2026-08-07 21:33:22.240 | INFO     | N/A | ⏳ 等待 Profile 更新任务...
2026-08-07 21:33:27.264 | INFO     | N/A | ⏳ 等待 Profile 更新任务...
2026-08-07 21:33:32.289 | INFO     | N/A | ⏳ 等待 Profile 更新任务...
2026-08-07 21:33:37.312 | INFO     | N/A | ⏳ 等待 Profile 更新任务...
2026-08-07 21:33:42.338 | INFO     | N/A | ⏳ 等待 Profile 更新任务...
2026-08-07 21:33:47.362 | INFO     | N/A | ⏳ 等待 Profile 更新任务...
2026-08-07 21:33:52.387 | INFO     | N/A | ⏳ 等待 Profile 更新任务...
2026-08-07 21:33:57.413 | INFO     | N/A | ⏳ 等待 Profile 更新任务...
2026-08-07 21:34:02.437 | INFO     | N/A | ⏳ 等待 Profile 更新任务...
2026-08-07 21:34:07.471 | INFO     | N/A | ⏳ 等待 Profile 更新任务...
2026-08-07 21:34:12.496 | INFO     | N/A | ⏳ 等待 Profile 更新任务...
2026-08-07 21:34:17.525 | INFO     | N/A | ⏳ 等待 Profile 更新任务...
2026-08-07 21:34:22.551 | INFO     | N/A | ⏳ 等待 Profile 更新任务...
2026-08-07 21:34:27.577 | INFO     | N/A | ⏳ 等待 Profile 更新任务...
2026-08-07 21:34:32.601 | INFO     | N/A | ⏳ 等待 Profile 更新任务...
2026-08-07 21:34:37.631 | INFO     | N/A | ⏳ 等待 Profile 更新任务...
2026-08-07 21:34:42.663 | INFO     | N/A | ⏳ 等待 Profile 更新任务...
2026-08-07 21:34:47.689 | INFO     | N/A | ⏳ 等待 Profile 更新任务...
2026-08-07 21:34:52.723 | INFO     | N/A | ⏳ 等待 Profile 更新任务...
2026-08-07 21:34:57.748 | INFO     | N/A | ⏳ 等待 Profile 更新任务...
2026-08-07 21:35:02.773 | INFO     | N/A | ⏳ 等待 Profile 更新任务...
2026-08-07 21:35:07.801 | INFO     | N/A | ⏳ 等待 Profile 更新任务...
2026-08-07 21:35:12.826 | INFO     | N/A | ⏳ 等待 Profile 更新任务...
2026-08-07 21:35:17.852 | INFO     | N/A | ⏳ 等待 Profile 更新任务...
2026-08-07 21:35:22.880 | INFO     | N/A | ⏳ 等待 Profile 更新任务...
2026-08-07 21:35:27.945 | INFO     | N/A | ⏳ 等待 Profile 更新任务...
2026-08-07 21:35:32.989 | INFO     | N/A | ⏳ 等待 Profile 更新任务...
2026-08-07 21:35:38.018 | INFO     | N/A | ⏳ 等待 Profile 更新任务...
2026-08-07 21:35:43.038 | INFO     | N/A | ⏳ 等待 Profile 更新任务...
2026-08-07 21:35:48.060 | INFO     | N/A | ⏳ 等待 Profile 更新任务...
2026-08-07 21:35:53.084 | INFO     | N/A | ⏳ 等待 Profile 更新任务...
2026-08-07 21:35:58.110 | INFO     | N/A | ⏳ 等待 Profile 更新任务...
2026-08-07 21:36:03.135 | INFO     | N/A | ⏳ 等待 Profile 更新任务...
2026-08-07 21:36:08.159 | INFO     | N/A | ⏳ 等待 Profile 更新任务...
2026-08-07 21:36:13.181 | INFO     | N/A | ⏳ 等待 Profile 更新任务...
2026-08-07 21:36:18.205 | INFO     | N/A | ⏳ 等待 Profile 更新任务...
2026-08-07 21:36:23.231 | INFO     | N/A | ⏳ 等待 Profile 更新任务...
2026-08-07 21:36:28.254 | INFO     | N/A | ⏳ 等待 Profile 更新任务...
2026-08-07 21:36:33.280 | INFO     | N/A | ⏳ 等待 Profile 更新任务...
2026-08-07 21:36:38.302 | INFO     | N/A | ⏳ 等待 Profile 更新任务...
2026-08-07 21:36:43.325 | INFO     | N/A | ⏳ 等待 Profile 更新任务...
2026-08-07 21:36:48.350 | INFO     | N/A | ⏳ 等待 Profile 更新任务...
2026-08-07 21:36:53.377 | INFO     | N/A | ⏳ 等待 Profile 更新任务...
2026-08-07 21:36:58.404 | INFO     | N/A | ⏳ 等待 Profile 更新任务...
2026-08-07 21:37:03.426 | INFO     | N/A | ⏳ 等待 Profile 更新任务...
2026-08-07 21:37:08.450 | INFO     | N/A | ⏳ 等待 Profile 更新任务...
2026-08-07 21:37:13.473 | INFO     | N/A | ⏳ 等待 Profile 更新任务...
2026-08-07 21:37:18.496 | INFO     | N/A | ⏳ 等待 Profile 更新任务...
2026-08-07 21:37:23.523 | INFO     | N/A | ⏳ 等待 Profile 更新任务...
2026-08-07 21:37:28.547 | INFO     | N/A | ⏳ 等待 Profile 更新任务...
2026-08-07 21:37:33.570 | INFO     | N/A | ⏳ 等待 Profile 更新任务...
2026-08-07 21:37:38.596 | INFO     | N/A | ⏳ 等待 Profile 更新任务...
2026-08-07 21:37:43.624 | INFO     | N/A | ⏳ 等待 Profile 更新任务...
2026-08-07 21:37:48.650 | INFO     | N/A | ⏳ 等待 Profile 更新任务...
2026-08-07 21:37:53.677 | INFO     | N/A | ⏳ 等待 Profile 更新任务...
2026-08-07 21:37:58.705 | INFO     | N/A | ⏳ 等待 Profile 更新任务...
2026-08-07 21:38:03.729 | INFO     | N/A | ⏳ 等待 Profile 更新任务...
2026-08-07 21:38:08.757 | INFO     | N/A | ⏳ 等待 Profile 更新任务...
2026-08-07 21:38:13.803 | INFO     | N/A | ⏳ 等待 Profile 更新任务...
2026-08-07 21:38:18.829 | INFO     | N/A | ⏳ 等待 Profile 更新任务...
2026-08-07 21:38:23.858 | INFO     | N/A | ⏳ 等待 Profile 更新任务...
2026-08-07 21:38:28.913 | INFO     | N/A | ⏳ 等待 Profile 更新任务...
2026-08-07 21:38:33.940 | INFO     | N/A | ⏳ 等待 Profile 更新任务...
2026-08-07 21:38:38.967 | INFO     | N/A | ⏳ 等待 Profile 更新任务...
2026-08-07 21:38:43.994 | INFO     | N/A | ⏳ 等待 Profile 更新任务...
2026-08-07 21:38:49.023 | INFO     | N/A | ⏳ 等待 Profile 更新任务...
2026-08-07 21:38:54.052 | INFO     | N/A | ⏳ 等待 Profile 更新任务...
2026-08-07 21:38:59.079 | INFO     | N/A | ⏳ 等待 Profile 更新任务...
2026-08-07 21:39:04.108 | INFO     | N/A | ⏳ 等待 Profile 更新任务...
2026-08-07 21:39:09.137 | INFO     | N/A | ⏳ 等待 Profile 更新任务...
2026-08-07 21:39:14.162 | INFO     | N/A | ⏳ 等待 Profile 更新任务...
2026-08-07 21:39:19.189 | INFO     | N/A | ⏳ 等待 Profile 更新任务...
2026-08-07 21:39:24.217 | INFO     | N/A | ⏳ 等待 Profile 更新任务...
2026-08-07 21:39:29.244 | INFO     | N/A | ⏳ 等待 Profile 更新任务...
2026-08-07 21:39:34.272 | INFO     | N/A | ⏳ 等待 Profile 更新任务...
2026-08-07 21:39:39.301 | INFO     | N/A | ⏳ 等待 Profile 更新任务...
2026-08-07 21:39:44.327 | INFO     | N/A | ⏳ 等待 Profile 更新任务...
2026-08-07 21:39:49.356 | INFO     | N/A | ⏳ 等待 Profile 更新任务...
2026-08-07 21:39:54.387 | INFO     | N/A | ⏳ 等待 Profile 更新任务...
2026-08-07 21:39:59.416 | INFO     | N/A | ⏳ 等待 Profile 更新任务...
2026-08-07 21:40:04.444 | INFO     | N/A | ⏳ 等待 Profile 更新任务...
2026-08-07 21:40:09.516 | INFO     | N/A | ⏳ 等待 Profile 更新任务...
2026-08-07 21:40:14.541 | INFO     | N/A | ⏳ 等待 Profile 更新任务...
2026-08-07 21:40:19.570 | INFO     | N/A | ⏳ 等待 Profile 更新任务...
2026-08-07 21:40:24.597 | INFO     | N/A | ⏳ 等待 Profile 更新任务...
2026-08-07 21:40:29.625 | INFO     | N/A | ⏳ 等待 Profile 更新任务...
2026-08-07 21:40:34.651 | INFO     | N/A | ⏳ 等待 Profile 更新任务...
2026-08-07 21:40:39.677 | INFO     | N/A | ⏳ 等待 Profile 更新任务...
2026-08-07 21:40:44.705 | INFO     | N/A | ⏳ 等待 Profile 更新任务...
2026-08-07 21:40:49.737 | INFO     | N/A | ⏳ 等待 Profile 更新任务...
2026-08-07 21:40:54.763 | INFO     | N/A | ⏳ 等待 Profile 更新任务...
2026-08-07 21:40:59.789 | INFO     | N/A | ⏳ 等待 Profile 更新任务...
2026-08-07 21:41:04.816 | INFO     | N/A | ⏳ 等待 Profile 更新任务...
2026-08-07 21:41:09.887 | INFO     | N/A | ⏳ 等待 Profile 更新任务...
2026-08-07 21:41:14.916 | INFO     | N/A | ⏳ 等待 Profile 更新任务...
2026-08-07 21:41:19.948 | INFO     | N/A | ⏳ 等待 Profile 更新任务...
2026-08-07 21:41:24.975 | INFO     | N/A | ⏳ 等待 Profile 更新任务...
2026-08-07 21:41:30.002 | INFO     | N/A | ⏳ 等待 Profile 更新任务...
2026-08-07 21:41:35.030 | INFO     | N/A | ⏳ 等待 Profile 更新任务...
2026-08-07 21:41:40.059 | INFO     | N/A | ⏳ 等待 Profile 更新任务...
2026-08-07 21:41:45.087 | INFO     | N/A | ⏳ 等待 Profile 更新任务...
2026-08-07 21:41:50.116 | INFO     | N/A | ⏳ 等待 Profile 更新任务...
2026-08-07 21:41:55.143 | INFO     | N/A | ⏳ 等待 Profile 更新任务...
2026-08-07 21:42:00.172 | INFO     | N/A | ⏳ 等待 Profile 更新任务...
2026-08-07 21:42:05.198 | INFO     | N/A | ⏳ 等待 Profile 更新任务...
2026-08-07 21:42:10.225 | INFO     | N/A | ⏳ 等待 Profile 更新任务...
2026-08-07 21:42:15.254 | INFO     | N/A | ⏳ 等待 Profile 更新任务...
2026-08-07 21:42:20.281 | INFO     | N/A | ⏳ 等待 Profile 更新任务...
2026-08-07 21:42:25.379 | INFO     | N/A | ⏳ 等待 Profile 更新任务...
2026-08-07 21:42:30.450 | INFO     | N/A | ⏳ 等待 Profile 更新任务...
2026-08-07 21:42:35.478 | INFO     | N/A | ⏳ 等待 Profile 更新任务...
2026-08-07 21:42:40.505 | INFO     | N/A | ⏳ 等待 Profile 更新任务...
2026-08-07 21:42:45.534 | INFO     | N/A | ⏳ 等待 Profile 更新任务...
2026-08-07 21:42:50.565 | INFO     | N/A | ⏳ 等待 Profile 更新任务...
2026-08-07 21:42:55.593 | INFO     | N/A | ⏳ 等待 Profile 更新任务...
2026-08-07 21:43:00.620 | INFO     | N/A | ⏳ 等待 Profile 更新任务...
2026-08-07 21:43:05.647 | INFO     | N/A | ⏳ 等待 Profile 更新任务...
2026-08-07 21:43:10.676 | INFO     | N/A | ⏳ 等待 Profile 更新任务...
2026-08-07 21:43:15.701 | INFO     | N/A | ⏳ 等待 Profile 更新任务...
2026-08-07 21:43:20.731 | INFO     | N/A | ⏳ 等待 Profile 更新任务...
2026-08-07 21:43:25.759 | INFO     | N/A | ⏳ 等待 Profile 更新任务...
2026-08-07 21:43:30.788 | INFO     | N/A | ⏳ 等待 Profile 更新任务...
2026-08-07 21:43:35.816 | INFO     | N/A | ⏳ 等待 Profile 更新任务...
2026-08-07 21:43:40.843 | INFO     | N/A | ⏳ 等待 Profile 更新任务...
2026-08-07 21:43:45.869 | INFO     | N/A | ⏳ 等待 Profile 更新任务...
2026-08-07 21:43:50.905 | INFO     | N/A | ⏳ 等待 Profile 更新任务...
2026-08-07 21:43:55.932 | INFO     | N/A | ⏳ 等待 Profile 更新任务...
2026-08-07 21:44:00.963 | INFO     | N/A | ⏳ 等待 Profile 更新任务...
2026-08-07 21:44:05.988 | INFO     | N/A | ⏳ 等待 Profile 更新任务...
2026-08-07 21:44:11.017 | INFO     | N/A | ⏳ 等待 Profile 更新任务...
2026-08-07 21:44:16.044 | INFO     | N/A | ⏳ 等待 Profile 更新任务...
2026-08-07 21:44:21.072 | INFO     | N/A | ⏳ 等待 Profile 更新任务...
2026-08-07 21:44:26.099 | INFO     | N/A | ⏳ 等待 Profile 更新任务...
2026-08-07 21:44:31.127 | INFO     | N/A | ⏳ 等待 Profile 更新任务...
2026-08-07 21:44:36.154 | INFO     | N/A | ⏳ 等待 Profile 更新任务...
2026-08-07 21:44:41.183 | INFO     | N/A | ⏳ 等待 Profile 更新任务...
2026-08-07 21:44:46.205 | INFO     | N/A | ⏳ 等待 Profile 更新任务...
2026-08-07 21:44:51.234 | INFO     | N/A | ⏳ 等待 Profile 更新任务...
2026-08-07 21:44:56.264 | INFO     | N/A | ⏳ 等待 Profile 更新任务...
2026-08-07 21:45:01.292 | INFO     | N/A | ⏳ 等待 Profile 更新任务...
2026-08-07 21:45:06.322 | INFO     | N/A | ⏳ 等待 Profile 更新任务...
2026-08-07 21:45:11.350 | INFO     | N/A | ⏳ 等待 Profile 更新任务...
2026-08-07 21:45:16.378 | INFO     | N/A | ⏳ 等待 Profile 更新任务...
2026-08-07 21:45:21.474 | INFO     | N/A | ⏳ 等待 Profile 更新任务...
2026-08-07 21:45:26.500 | INFO     | N/A | ⏳ 等待 Profile 更新任务...
2026-08-07 21:45:31.526 | INFO     | N/A | ⏳ 等待 Profile 更新任务...
2026-08-07 21:45:36.556 | INFO     | N/A | ⏳ 等待 Profile 更新任务...
2026-08-07 21:45:41.584 | INFO     | N/A | ⏳ 等待 Profile 更新任务...
2026-08-07 21:45:46.612 | INFO     | N/A | ⏳ 等待 Profile 更新任务...
2026-08-07 21:45:51.639 | INFO     | N/A | ⏳ 等待 Profile 更新任务...
2026-08-07 21:45:56.686 | INFO     | N/A | ⏳ 等待 Profile 更新任务...
2026-08-07 21:46:01.712 | INFO     | N/A | ⏳ 等待 Profile 更新任务...
2026-08-07 21:46:06.740 | INFO     | N/A | ⏳ 等待 Profile 更新任务...
2026-08-07 21:46:11.768 | INFO     | N/A | ⏳ 等待 Profile 更新任务...
2026-08-07 21:46:16.796 | INFO     | N/A | ⏳ 等待 Profile 更新任务...
2026-08-07 21:46:21.826 | INFO     | N/A | ⏳ 等待 Profile 更新任务...
2026-08-07 21:46:26.855 | INFO     | N/A | ⏳ 等待 Profile 更新任务...
2026-08-07 21:46:31.885 | INFO     | N/A | ⏳ 等待 Profile 更新任务...
2026-08-07 21:46:36.912 | INFO     | N/A | ⏳ 等待 Profile 更新任务...
2026-08-07 21:46:41.939 | INFO     | N/A | ⏳ 等待 Profile 更新任务...
2026-08-07 21:46:46.968 | INFO     | N/A | ⏳ 等待 Profile 更新任务...
2026-08-07 21:46:51.998 | INFO     | N/A | ⏳ 等待 Profile 更新任务...
2026-08-07 21:46:57.026 | INFO     | N/A | ⏳ 等待 Profile 更新任务...
2026-08-07 21:47:02.053 | INFO     | N/A | ⏳ 等待 Profile 更新任务...
2026-08-07 21:47:07.082 | INFO     | N/A | ⏳ 等待 Profile 更新任务...
2026-08-07 21:47:12.108 | INFO     | N/A | ⏳ 等待 Profile 更新任务...
2026-08-07 21:47:17.139 | INFO     | N/A | ⏳ 等待 Profile 更新任务...
2026-08-07 21:47:22.170 | INFO     | N/A | ⏳ 等待 Profile 更新任务...
2026-08-07 21:47:27.199 | INFO     | N/A | ⏳ 等待 Profile 更新任务...
2026-08-07 21:47:32.227 | INFO     | N/A | ⏳ 等待 Profile 更新任务...
2026-08-07 21:47:37.323 | INFO     | N/A | ⏳ 等待 Profile 更新任务...
2026-08-07 21:47:42.352 | INFO     | N/A | ⏳ 等待 Profile 更新任务...
2026-08-07 21:47:47.379 | INFO     | N/A | ⏳ 等待 Profile 更新任务...
2026-08-07 21:47:52.407 | INFO     | N/A | ⏳ 等待 Profile 更新任务...
2026-08-07 21:47:57.479 | INFO     | N/A | ⏳ 等待 Profile 更新任务...
2026-08-07 21:48:02.506 | INFO     | N/A | ⏳ 等待 Profile 更新任务...
2026-08-07 21:48:07.532 | INFO     | N/A | ⏳ 等待 Profile 更新任务...
2026-08-07 21:48:12.559 | INFO     | N/A | ⏳ 等待 Profile 更新任务...
2026-08-07 21:48:17.590 | INFO     | N/A | ⏳ 等待 Profile 更新任务...
2026-08-07 21:48:22.625 | INFO     | N/A | ⏳ 等待 Profile 更新任务...
2026-08-07 21:48:27.676 | INFO     | N/A | ⏳ 等待 Profile 更新任务...
2026-08-07 21:48:32.699 | INFO     | N/A | ⏳ 等待 Profile 更新任务...
2026-08-07 21:48:37.723 | INFO     | N/A | ⏳ 等待 Profile 更新任务...
2026-08-07 21:48:42.750 | INFO     | N/A | ⏳ 等待 Profile 更新任务...
2026-08-07 21:48:47.773 | INFO     | N/A | ⏳ 等待 Profile 更新任务...
2026-08-07 21:48:52.802 | INFO     | N/A | ⏳ 等待 Profile 更新任务...
2026-08-07 21:48:57.830 | INFO     | N/A | ⏳ 等待 Profile 更新任务...
2026-08-07 21:49:02.856 | INFO     | N/A | ⏳ 等待 Profile 更新任务...
2026-08-07 21:49:07.885 | INFO     | N/A | ⏳ 等待 Profile 更新任务...
2026-08-07 21:49:12.911 | INFO     | N/A | ⏳ 等待 Profile 更新任务...
2026-08-07 21:49:17.939 | INFO     | N/A | ⏳ 等待 Profile 更新任务...
2026-08-07 21:49:22.964 | INFO     | N/A | ⏳ 等待 Profile 更新任务...
2026-08-07 21:49:27.993 | INFO     | N/A | ⏳ 等待 Profile 更新任务...
2026-08-07 21:49:33.017 | INFO     | N/A | ⏳ 等待 Profile 更新任务...
2026-08-07 21:49:38.043 | INFO     | N/A | ⏳ 等待 Profile 更新任务...
2026-08-07 21:49:43.070 | INFO     | N/A | ⏳ 等待 Profile 更新任务...
2026-08-07 21:49:48.094 | INFO     | N/A | ⏳ 等待 Profile 更新任务...
2026-08-07 21:49:53.119 | INFO     | N/A | ⏳ 等待 Profile 更新任务...
2026-08-07 21:49:58.147 | INFO     | N/A | ⏳ 等待 Profile 更新任务...
2026-08-07 21:50:03.174 | INFO     | N/A | ⏳ 等待 Profile 更新任务...
2026-08-07 21:50:08.202 | INFO     | N/A | ⏳ 等待 Profile 更新任务...
2026-08-07 21:50:13.226 | INFO     | N/A | ⏳ 等待 Profile 更新任务...
2026-08-07 21:50:18.252 | INFO     | N/A | ⏳ 等待 Profile 更新任务...
2026-08-07 21:50:23.276 | INFO     | N/A | ⏳ 等待 Profile 更新任务...
2026-08-07 21:50:28.298 | INFO     | N/A | ⏳ 等待 Profile 更新任务...
2026-08-07 21:50:33.323 | INFO     | N/A | ⏳ 等待 Profile 更新任务...
2026-08-07 21:50:38.348 | INFO     | N/A | ⏳ 等待 Profile 更新任务...
2026-08-07 21:50:43.370 | INFO     | N/A | ⏳ 等待 Profile 更新任务...
2026-08-07 21:50:48.393 | INFO     | N/A | ⏳ 等待 Profile 更新任务...
2026-08-07 21:50:53.418 | INFO     | N/A | ⏳ 等待 Profile 更新任务...
2026-08-07 21:50:58.443 | INFO     | N/A | ⏳ 等待 Profile 更新任务...
2026-08-07 21:51:03.467 | INFO     | N/A | ⏳ 等待 Profile 更新任务...
2026-08-07 21:51:08.491 | INFO     | N/A | ⏳ 等待 Profile 更新任务...
2026-08-07 21:51:13.516 | INFO     | N/A | ⏳ 等待 Profile 更新任务...
2026-08-07 21:51:18.541 | INFO     | N/A | ⏳ 等待 Profile 更新任务...
2026-08-07 21:51:23.565 | INFO     | N/A | ⏳ 等待 Profile 更新任务...
2026-08-07 21:51:28.592 | INFO     | N/A | ⏳ 等待 Profile 更新任务...
2026-08-07 21:51:33.620 | INFO     | N/A | ⏳ 等待 Profile 更新任务...
2026-08-07 21:51:38.647 | INFO     | N/A | ⏳ 等待 Profile 更新任务...
2026-08-07 21:51:43.675 | INFO     | N/A | ⏳ 等待 Profile 更新任务...
2026-08-07 21:51:48.703 | INFO     | N/A | ⏳ 等待 Profile 更新任务...
2026-08-07 21:51:53.731 | INFO     | N/A | ⏳ 等待 Profile 更新任务...
2026-08-07 21:51:58.762 | INFO     | N/A | ⏳ 等待 Profile 更新任务...
2026-08-07 21:52:03.790 | INFO     | N/A | ⏳ 等待 Profile 更新任务...
2026-08-07 21:52:08.820 | INFO     | N/A | ⏳ 等待 Profile 更新任务...
2026-08-07 21:52:13.847 | INFO     | N/A | ⏳ 等待 Profile 更新任务...
2026-08-07 21:52:18.876 | INFO     | N/A | ⏳ 等待 Profile 更新任务...
2026-08-07 21:52:23.903 | INFO     | N/A | ⏳ 等待 Profile 更新任务...
2026-08-07 21:52:28.928 | INFO     | N/A | ⏳ 等待 Profile 更新任务...
2026-08-07 21:52:33.955 | INFO     | N/A | ⏳ 等待 Profile 更新任务...
2026-08-07 21:52:38.985 | INFO     | N/A | ⏳ 等待 Profile 更新任务...
2026-08-07 21:52:44.013 | INFO     | N/A | ⏳ 等待 Profile 更新任务...
2026-08-07 21:52:49.042 | INFO     | N/A | ⏳ 等待 Profile 更新任务...
2026-08-07 21:52:54.077 | INFO     | N/A | ⏳ 等待 Profile 更新任务...
2026-08-07 21:52:59.106 | INFO     | N/A | ⏳ 等待 Profile 更新任务...
2026-08-07 21:53:04.132 | INFO     | N/A | ⏳ 等待 Profile 更新任务...
2026-08-07 21:53:09.159 | INFO     | N/A | ⏳ 等待 Profile 更新任务...
2026-08-07 21:53:14.188 | INFO     | N/A | ⏳ 等待 Profile 更新任务...
2026-08-07 21:53:19.213 | INFO     | N/A | ⏳ 等待 Profile 更新任务...
2026-08-07 21:53:24.240 | INFO     | N/A | ⏳ 等待 Profile 更新任务...
2026-08-07 21:53:29.265 | INFO     | N/A | ⏳ 等待 Profile 更新任务...
2026-08-07 21:53:34.292 | INFO     | N/A | ⏳ 等待 Profile 更新任务...
2026-08-07 21:53:39.318 | INFO     | N/A | ⏳ 等待 Profile 更新任务...
2026-08-07 21:53:44.339 | INFO     | N/A | ⏳ 等待 Profile 更新任务...
2026-08-07 21:53:49.366 | INFO     | N/A | ⏳ 等待 Profile 更新任务...
2026-08-07 21:53:54.390 | INFO     | N/A | ⏳ 等待 Profile 更新任务...
2026-08-07 21:53:59.415 | INFO     | N/A | ⏳ 等待 Profile 更新任务...
2026-08-07 21:54:04.440 | INFO     | N/A | ⏳ 等待 Profile 更新任务...
2026-08-07 21:54:09.508 | INFO     | N/A | ⏳ 等待 Profile 更新任务...
2026-08-07 21:54:14.533 | INFO     | N/A | ⏳ 等待 Profile 更新任务...
2026-08-07 21:54:19.559 | INFO     | N/A | ⏳ 等待 Profile 更新任务...
2026-08-07 21:54:24.605 | INFO     | N/A | ⏳ 等待 Profile 更新任务...
2026-08-07 21:54:29.629 | INFO     | N/A | ⏳ 等待 Profile 更新任务...
2026-08-07 21:54:34.654 | INFO     | N/A | ⏳ 等待 Profile 更新任务...
2026-08-07 21:54:39.683 | INFO     | N/A | ⏳ 等待 Profile 更新任务...
2026-08-07 21:54:44.711 | INFO     | N/A | ⏳ 等待 Profile 更新任务...
2026-08-07 21:54:49.733 | INFO     | N/A | ⏳ 等待 Profile 更新任务...
2026-08-07 21:54:54.758 | INFO     | N/A | ⏳ 等待 Profile 更新任务...
2026-08-07 21:54:59.789 | INFO     | N/A | ⏳ 等待 Profile 更新任务...
2026-08-07 21:55:04.813 | INFO     | N/A | ⏳ 等待 Profile 更新任务...
2026-08-07 21:55:09.841 | INFO     | N/A | ⏳ 等待 Profile 更新任务...
2026-08-07 21:55:14.865 | INFO     | N/A | ⏳ 等待 Profile 更新任务...
2026-08-07 21:55:19.892 | INFO     | N/A | ⏳ 等待 Profile 更新任务...
2026-08-07 21:55:24.922 | INFO     | N/A | ⏳ 等待 Profile 更新任务...
2026-08-07 21:55:29.952 | INFO     | N/A | ⏳ 等待 Profile 更新任务...
2026-08-07 21:55:34.977 | INFO     | N/A | ⏳ 等待 Profile 更新任务...
2026-08-07 21:55:40.004 | INFO     | N/A | ⏳ 等待 Profile 更新任务...
2026-08-07 21:55:45.030 | INFO     | N/A | ⏳ 等待 Profile 更新任务...
2026-08-07 21:55:50.058 | INFO     | N/A | ⏳ 等待 Profile 更新任务...
2026-08-07 21:55:55.153 | INFO     | N/A | ⏳ 等待 Profile 更新任务...
2026-08-07 21:56:00.178 | INFO     | N/A | ⏳ 等待 Profile 更新任务...
2026-08-07 21:56:05.205 | INFO     | N/A | ⏳ 等待 Profile 更新任务...
2026-08-07 21:56:10.235 | INFO     | N/A | ⏳ 等待 Profile 更新任务...
2026-08-07 21:56:15.262 | INFO     | N/A | ⏳ 等待 Profile 更新任务...
2026-08-07 21:56:20.290 | INFO     | N/A | ⏳ 等待 Profile 更新任务...
2026-08-07 21:56:25.321 | INFO     | N/A | ⏳ 等待 Profile 更新任务...
2026-08-07 21:56:30.349 | INFO     | N/A | ⏳ 等待 Profile 更新任务...
2026-08-07 21:56:35.376 | INFO     | N/A | ⏳ 等待 Profile 更新任务...
2026-08-07 21:56:40.406 | INFO     | N/A | ⏳ 等待 Profile 更新任务...
2026-08-07 21:56:45.432 | INFO     | N/A | ⏳ 等待 Profile 更新任务...
2026-08-07 21:56:50.457 | INFO     | N/A | ⏳ 等待 Profile 更新任务...
2026-08-07 21:56:55.485 | INFO     | N/A | ⏳ 等待 Profile 更新任务...
2026-08-07 21:57:00.513 | INFO     | N/A | ⏳ 等待 Profile 更新任务...
2026-08-07 21:57:05.541 | INFO     | N/A | ⏳ 等待 Profile 更新任务...
2026-08-07 21:57:10.570 | INFO     | N/A | ⏳ 等待 Profile 更新任务...
2026-08-07 21:57:15.597 | INFO     | N/A | ⏳ 等待 Profile 更新任务...
2026-08-07 21:57:20.627 | INFO     | N/A | ⏳ 等待 Profile 更新任务...
2026-08-07 21:57:25.691 | INFO     | N/A | ⏳ 等待 Profile 更新任务...
2026-08-07 21:57:30.723 | INFO     | N/A | ⏳ 等待 Profile 更新任务...
2026-08-07 21:57:35.752 | INFO     | N/A | ⏳ 等待 Profile 更新任务...
2026-08-07 21:57:40.781 | INFO     | N/A | ⏳ 等待 Profile 更新任务...
2026-08-07 21:57:45.809 | INFO     | N/A | ⏳ 等待 Profile 更新任务...
2026-08-07 21:57:50.838 | INFO     | N/A | ⏳ 等待 Profile 更新任务...
2026-08-07 21:57:55.866 | INFO     | N/A | ⏳ 等待 Profile 更新任务...
2026-08-07 21:58:00.897 | INFO     | N/A | ⏳ 等待 Profile 更新任务...
2026-08-07 21:58:05.926 | INFO     | N/A | ⏳ 等待 Profile 更新任务...
2026-08-07 21:58:10.954 | INFO     | N/A | ⏳ 等待 Profile 更新任务...
2026-08-07 21:58:15.985 | INFO     | N/A | ⏳ 等待 Profile 更新任务...
2026-08-07 21:58:21.013 | INFO     | N/A | ⏳ 等待 Profile 更新任务...
2026-08-07 21:58:26.040 | INFO     | N/A | ⏳ 等待 Profile 更新任务...
2026-08-07 21:58:31.069 | INFO     | N/A | ⏳ 等待 Profile 更新任务...
2026-08-07 21:58:36.094 | INFO     | N/A | ⏳ 等待 Profile 更新任务...
2026-08-07 21:58:41.124 | INFO     | N/A | ⏳ 等待 Profile 更新任务...
2026-08-07 21:58:46.148 | INFO     | N/A | ⏳ 等待 Profile 更新任务...
2026-08-07 21:58:51.176 | INFO     | N/A | ⏳ 等待 Profile 更新任务...
2026-08-07 21:58:56.200 | INFO     | N/A | ⏳ 等待 Profile 更新任务...
2026-08-07 21:59:01.226 | INFO     | N/A | ⏳ 等待 Profile 更新任务...
2026-08-07 21:59:06.250 | INFO     | N/A | ⏳ 等待 Profile 更新任务...
2026-08-07 21:59:11.278 | INFO     | N/A | ⏳ 等待 Profile 更新任务...
2026-08-07 21:59:16.300 | INFO     | N/A | ⏳ 等待 Profile 更新任务...
2026-08-07 21:59:21.328 | INFO     | N/A | ⏳ 等待 Profile 更新任务...
2026-08-07 21:59:26.351 | INFO     | N/A | ⏳ 等待 Profile 更新任务...
2026-08-07 21:59:31.382 | INFO     | N/A | ⏳ 等待 Profile 更新任务...
2026-08-07 21:59:36.406 | INFO     | N/A | ⏳ 等待 Profile 更新任务...
2026-08-07 21:59:41.432 | INFO     | N/A | ⏳ 等待 Profile 更新任务...
2026-08-07 21:59:46.459 | INFO     | N/A | ⏳ 等待 Profile 更新任务...
2026-08-07 21:59:51.497 | INFO     | N/A | ⏳ 等待 Profile 更新任务...
2026-08-07 21:59:56.582 | INFO     | N/A | ⏳ 等待 Profile 更新任务...
2026-08-07 22:00:01.605 | INFO     | N/A | ⏳ 等待 Profile 更新任务...
2026-08-07 22:00:06.635 | INFO     | N/A | ⏳ 等待 Profile 更新任务...
2026-08-07 22:00:11.705 | INFO     | N/A | ⏳ 等待 Profile 更新任务...
2026-08-07 22:00:16.730 | INFO     | N/A | ⏳ 等待 Profile 更新任务...
2026-08-07 22:00:21.754 | INFO     | N/A | ⏳ 等待 Profile 更新任务...
2026-08-07 22:00:26.797 | INFO     | N/A | ⏳ 等待 Profile 更新任务...
2026-08-07 22:00:31.821 | INFO     | N/A | ⏳ 等待 Profile 更新任务...
2026-08-07 22:00:36.847 | INFO     | N/A | ⏳ 等待 Profile 更新任务...
2026-08-07 22:00:41.903 | INFO     | N/A | ⏳ 等待 Profile 更新任务...
2026-08-07 22:00:46.929 | INFO     | N/A | ⏳ 等待 Profile 更新任务...
2026-08-07 22:00:51.954 | INFO     | N/A | ⏳ 等待 Profile 更新任务...
2026-08-07 22:00:56.988 | INFO     | N/A | ⏳ 等待 Profile 更新任务...
2026-08-07 22:01:02.017 | INFO     | N/A | ⏳ 等待 Profile 更新任务...
2026-08-07 22:01:07.045 | INFO     | N/A | ⏳ 等待 Profile 更新任务...
2026-08-07 22:01:12.074 | INFO     | N/A | ⏳ 等待 Profile 更新任务...
2026-08-07 22:01:17.102 | INFO     | N/A | ⏳ 等待 Profile 更新任务...
2026-08-07 22:01:22.129 | INFO     | N/A | ⏳ 等待 Profile 更新任务...
2026-08-07 22:01:27.158 | INFO     | N/A | ⏳ 等待 Profile 更新任务...
2026-08-07 22:01:32.189 | INFO     | N/A | ⏳ 等待 Profile 更新任务...
2026-08-07 22:01:37.218 | INFO     | N/A | ⏳ 等待 Profile 更新任务...
2026-08-07 22:01:42.248 | INFO     | N/A | ⏳ 等待 Profile 更新任务...
2026-08-07 22:01:47.285 | INFO     | N/A | ⏳ 等待 Profile 更新任务...
2026-08-07 22:01:52.325 | INFO     | N/A | ⏳ 等待 Profile 更新任务...
2026-08-07 22:01:57.355 | INFO     | N/A | ⏳ 等待 Profile 更新任务...
2026-08-07 22:02:02.384 | INFO     | N/A | ⏳ 等待 Profile 更新任务...
2026-08-07 22:02:07.414 | INFO     | N/A | ⏳ 等待 Profile 更新任务...
2026-08-07 22:02:12.444 | INFO     | N/A | ⏳ 等待 Profile 更新任务...
2026-08-07 22:02:17.472 | INFO     | N/A | ⏳ 等待 Profile 更新任务...
2026-08-07 22:02:22.501 | INFO     | N/A | ⏳ 等待 Profile 更新任务...
2026-08-07 22:02:27.530 | INFO     | N/A | ⏳ 等待 Profile 更新任务...
2026-08-07 22:02:32.560 | INFO     | N/A | ⏳ 等待 Profile 更新任务...
2026-08-07 22:02:37.586 | INFO     | N/A | ⏳ 等待 Profile 更新任务...
2026-08-07 22:02:42.612 | INFO     | N/A | ⏳ 等待 Profile 更新任务...
2026-08-07 22:02:47.640 | INFO     | N/A | ⏳ 等待 Profile 更新任务...
2026-08-07 22:02:52.667 | INFO     | N/A | ⏳ 等待 Profile 更新任务...
2026-08-07 22:02:57.708 | INFO     | N/A | ⏳ 等待 Profile 更新任务...
2026-08-07 22:03:02.736 | INFO     | N/A | ⏳ 等待 Profile 更新任务...
2026-08-07 22:03:07.766 | INFO     | N/A | ⏳ 等待 Profile 更新任务...
2026-08-07 22:03:12.794 | INFO     | N/A | ⏳ 等待 Profile 更新任务...
2026-08-07 22:03:17.824 | INFO     | N/A | ⏳ 等待 Profile 更新任务...
2026-08-07 22:03:22.853 | INFO     | N/A | ⏳ 等待 Profile 更新任务...
2026-08-07 22:03:27.882 | INFO     | N/A | ⏳ 等待 Profile 更新任务...
2026-08-07 22:03:32.911 | INFO     | N/A | ⏳ 等待 Profile 更新任务...
2026-08-07 22:03:37.939 | INFO     | N/A | ⏳ 等待 Profile 更新任务...
2026-08-07 22:03:42.962 | INFO     | N/A | ⏳ 等待 Profile 更新任务...
2026-08-07 22:03:47.990 | INFO     | N/A | ⏳ 等待 Profile 更新任务...
2026-08-07 22:03:53.023 | INFO     | N/A | ⏳ 等待 Profile 更新任务...
2026-08-07 22:03:58.048 | INFO     | N/A | ⏳ 等待 Profile 更新任务...
2026-08-07 22:04:03.072 | INFO     | N/A | ⏳ 等待 Profile 更新任务...
2026-08-07 22:04:08.098 | INFO     | N/A | ⏳ 等待 Profile 更新任务...
2026-08-07 22:04:13.123 | INFO     | N/A | ⏳ 等待 Profile 更新任务...
2026-08-07 22:04:18.147 | INFO     | N/A | ⏳ 等待 Profile 更新任务...
2026-08-07 22:04:23.173 | INFO     | N/A | ⏳ 等待 Profile 更新任务...
2026-08-07 22:04:28.199 | INFO     | N/A | ⏳ 等待 Profile 更新任务...
2026-08-07 22:04:33.299 | INFO     | N/A | ⏳ 等待 Profile 更新任务...
2026-08-07 22:04:38.322 | INFO     | N/A | ⏳ 等待 Profile 更新任务...
2026-08-07 22:04:43.402 | INFO     | N/A | ⏳ 等待 Profile 更新任务...
2026-08-07 22:04:48.425 | INFO     | N/A | ⏳ 等待 Profile 更新任务...
2026-08-07 22:04:53.449 | INFO     | N/A | ⏳ 等待 Profile 更新任务...
2026-08-07 22:04:58.482 | INFO     | N/A | ⏳ 等待 Profile 更新任务...
2026-08-07 22:05:03.508 | INFO     | N/A | ⏳ 等待 Profile 更新任务...
2026-08-07 22:05:08.530 | INFO     | N/A | ⏳ 等待 Profile 更新任务...
2026-08-07 22:05:13.557 | INFO     | N/A | ⏳ 等待 Profile 更新任务...
2026-08-07 22:05:18.582 | INFO     | N/A | ⏳ 等待 Profile 更新任务...
2026-08-07 22:05:23.609 | INFO     | N/A | ⏳ 等待 Profile 更新任务...
2026-08-07 22:05:28.636 | INFO     | N/A | ⏳ 等待 Profile 更新任务...
2026-08-07 22:05:33.661 | INFO     | N/A | ⏳ 等待 Profile 更新任务...
2026-08-07 22:05:38.688 | INFO     | N/A | ⏳ 等待 Profile 更新任务...
2026-08-07 22:05:43.713 | INFO     | N/A | ⏳ 等待 Profile 更新任务...
2026-08-07 22:05:48.738 | INFO     | N/A | ⏳ 等待 Profile 更新任务...
2026-08-07 22:05:53.767 | INFO     | N/A | ⏳ 等待 Profile 更新任务...
2026-08-07 22:05:58.801 | INFO     | N/A | ⏳ 等待 Profile 更新任务...
2026-08-07 22:06:03.829 | INFO     | N/A | ⏳ 等待 Profile 更新任务...
2026-08-07 22:06:08.857 | INFO     | N/A | ⏳ 等待 Profile 更新任务...
2026-08-07 22:06:13.884 | INFO     | N/A | ⏳ 等待 Profile 更新任务...
2026-08-07 22:06:18.911 | INFO     | N/A | ⏳ 等待 Profile 更新任务...
2026-08-07 22:06:23.940 | INFO     | N/A | ⏳ 等待 Profile 更新任务...
2026-08-07 22:06:28.968 | INFO     | N/A | ⏳ 等待 Profile 更新任务...
2026-08-07 22:06:33.994 | INFO     | N/A | ⏳ 等待 Profile 更新任务...
2026-08-07 22:06:39.023 | INFO     | N/A | ⏳ 等待 Profile 更新任务...
2026-08-07 22:06:44.050 | INFO     | N/A | ⏳ 等待 Profile 更新任务...
2026-08-07 22:06:49.079 | INFO     | N/A | ⏳ 等待 Profile 更新任务...
2026-08-07 22:06:54.109 | INFO     | N/A | ⏳ 等待 Profile 更新任务...
2026-08-07 22:06:59.138 | INFO     | N/A | ⏳ 等待 Profile 更新任务...
2026-08-07 22:07:04.166 | INFO     | N/A | ⏳ 等待 Profile 更新任务...
2026-08-07 22:07:09.195 | INFO     | N/A | ⏳ 等待 Profile 更新任务...
2026-08-07 22:07:14.225 | INFO     | N/A | ⏳ 等待 Profile 更新任务...
2026-08-07 22:07:19.252 | INFO     | N/A | ⏳ 等待 Profile 更新任务...
2026-08-07 22:07:24.281 | INFO     | N/A | ⏳ 等待 Profile 更新任务...
2026-08-07 22:07:29.313 | INFO     | N/A | ⏳ 等待 Profile 更新任务...
2026-08-07 22:07:34.342 | INFO     | N/A | ⏳ 等待 Profile 更新任务...
2026-08-07 22:07:39.370 | INFO     | N/A | ⏳ 等待 Profile 更新任务...
2026-08-07 22:07:44.395 | INFO     | N/A | ⏳ 等待 Profile 更新任务...
2026-08-07 22:07:49.425 | INFO     | N/A | ⏳ 等待 Profile 更新任务...
2026-08-07 22:07:54.452 | INFO     | N/A | ⏳ 等待 Profile 更新任务...
2026-08-07 22:07:59.481 | INFO     | N/A | ⏳ 等待 Profile 更新任务...
2026-08-07 22:08:04.506 | INFO     | N/A | ⏳ 等待 Profile 更新任务...
2026-08-07 22:08:09.533 | INFO     | N/A | ⏳ 等待 Profile 更新任务...
2026-08-07 22:08:14.560 | INFO     | N/A | ⏳ 等待 Profile 更新任务...
2026-08-07 22:08:19.590 | INFO     | N/A | ⏳ 等待 Profile 更新任务...
2026-08-07 22:08:24.619 | INFO     | N/A | ⏳ 等待 Profile 更新任务...
2026-08-07 22:08:29.650 | INFO     | N/A | ⏳ 等待 Profile 更新任务...
2026-08-07 22:08:34.678 | INFO     | N/A | ⏳ 等待 Profile 更新任务...
2026-08-07 22:08:39.708 | INFO     | N/A | ⏳ 等待 Profile 更新任务...
2026-08-07 22:08:44.739 | INFO     | N/A | ⏳ 等待 Profile 更新任务...
2026-08-07 22:08:49.769 | INFO     | N/A | ⏳ 等待 Profile 更新任务...
2026-08-07 22:08:54.796 | INFO     | N/A | ⏳ 等待 Profile 更新任务...
2026-08-07 22:08:59.830 | INFO     | N/A | ⏳ 等待 Profile 更新任务...
2026-08-07 22:09:04.858 | INFO     | N/A | ⏳ 等待 Profile 更新任务...
2026-08-07 22:09:09.886 | INFO     | N/A | ⏳ 等待 Profile 更新任务...
2026-08-07 22:09:14.912 | INFO     | N/A | ⏳ 等待 Profile 更新任务...
2026-08-07 22:09:19.943 | INFO     | N/A | ⏳ 等待 Profile 更新任务...
2026-08-07 22:09:24.971 | INFO     | N/A | ⏳ 等待 Profile 更新任务...
2026-08-07 22:09:29.975 | INFO     | N/A | ⏳ 等待 Profile 更新任务...
2026-08-07 22:09:35.002 | INFO     | N/A | ⏳ 等待 Profile 更新任务...
2026-08-07 22:09:40.030 | INFO     | N/A | ⏳ 等待 Profile 更新任务...
2026-08-07 22:09:45.060 | INFO     | N/A | ⏳ 等待 Profile 更新任务...
2026-08-07 22:09:50.091 | INFO     | N/A | ⏳ 等待 Profile 更新任务...
2026-08-07 22:09:55.118 | INFO     | N/A | ⏳ 等待 Profile 更新任务...
2026-08-07 22:10:00.148 | INFO     | N/A | ⏳ 等待 Profile 更新任务...
2026-08-07 22:10:05.179 | INFO     | N/A | ⏳ 等待 Profile 更新任务...
2026-08-07 22:10:10.210 | INFO     | N/A | ⏳ 等待 Profile 更新任务...
2026-08-07 22:10:15.238 | INFO     | N/A | ⏳ 等待 Profile 更新任务...
2026-08-07 22:10:20.264 | INFO     | N/A | ⏳ 等待 Profile 更新任务...
2026-08-07 22:10:25.292 | INFO     | N/A | ⏳ 等待 Profile 更新任务...
2026-08-07 22:10:30.325 | INFO     | N/A | ⏳ 等待 Profile 更新任务...
2026-08-07 22:10:35.353 | INFO     | N/A | ⏳ 等待 Profile 更新任务...
2026-08-07 22:10:40.382 | INFO     | N/A | ⏳ 等待 Profile 更新任务...
2026-08-07 22:10:45.410 | INFO     | N/A | ⏳ 等待 Profile 更新任务...
2026-08-07 22:10:50.438 | INFO     | N/A | ⏳ 等待 Profile 更新任务...
2026-08-07 22:10:55.469 | INFO     | N/A | ⏳ 等待 Profile 更新任务...
2026-08-07 22:11:00.502 | INFO     | N/A | ⏳ 等待 Profile 更新任务...
2026-08-07 22:11:05.529 | INFO     | N/A | ⏳ 等待 Profile 更新任务...
2026-08-07 22:11:10.556 | INFO     | N/A | ⏳ 等待 Profile 更新任务...
2026-08-07 22:11:15.584 | INFO     | N/A | ⏳ 等待 Profile 更新任务...
2026-08-07 22:11:20.613 | INFO     | N/A | ⏳ 等待 Profile 更新任务...
2026-08-07 22:11:25.640 | INFO     | N/A | ⏳ 等待 Profile 更新任务...
2026-08-07 22:11:30.673 | INFO     | N/A | ⏳ 等待 Profile 更新任务...
2026-08-07 22:11:35.757 | INFO     | N/A | ⏳ 等待 Profile 更新任务...
2026-08-07 22:11:40.789 | INFO     | N/A | ⏳ 等待 Profile 更新任务...
2026-08-07 22:11:45.818 | INFO     | N/A | ⏳ 等待 Profile 更新任务...
2026-08-07 22:11:50.846 | INFO     | N/A | ⏳ 等待 Profile 更新任务...
2026-08-07 22:11:55.881 | INFO     | N/A | ⏳ 等待 Profile 更新任务...
2026-08-07 22:12:00.984 | INFO     | N/A | ⏳ 等待 Profile 更新任务...
2026-08-07 22:12:06.012 | INFO     | N/A | ⏳ 等待 Profile 更新任务...
2026-08-07 22:12:11.041 | INFO     | N/A | ⏳ 等待 Profile 更新任务...
2026-08-07 22:12:16.066 | INFO     | N/A | ⏳ 等待 Profile 更新任务...
2026-08-07 22:12:21.096 | INFO     | N/A | ⏳ 等待 Profile 更新任务...
2026-08-07 22:12:26.128 | INFO     | N/A | ⏳ 等待 Profile 更新任务...
2026-08-07 22:12:31.177 | INFO     | N/A | ⏳ 等待 Profile 更新任务...
2026-08-07 22:12:36.267 | INFO     | N/A | ⏳ 等待 Profile 更新任务...
2026-08-07 22:12:41.293 | INFO     | N/A | ⏳ 等待 Profile 更新任务...
2026-08-07 22:12:46.325 | INFO     | N/A | ⏳ 等待 Profile 更新任务...
2026-08-07 22:12:51.355 | INFO     | N/A | ⏳ 等待 Profile 更新任务...
2026-08-07 22:12:56.384 | INFO     | N/A | ⏳ 等待 Profile 更新任务...
2026-08-07 22:13:01.412 | INFO     | N/A | ⏳ 等待 Profile 更新任务...
2026-08-07 22:13:06.440 | INFO     | N/A | ⏳ 等待 Profile 更新任务...
2026-08-07 22:13:11.468 | INFO     | N/A | ⏳ 等待 Profile 更新任务...
2026-08-07 22:13:16.493 | INFO     | N/A | ⏳ 等待 Profile 更新任务...
2026-08-07 22:13:21.522 | INFO     | N/A | ⏳ 等待 Profile 更新任务...
2026-08-07 22:13:26.548 | INFO     | N/A | ⏳ 等待 Profile 更新任务...
2026-08-07 22:13:31.578 | INFO     | N/A | ⏳ 等待 Profile 更新任务...
2026-08-07 22:13:36.606 | INFO     | N/A | ⏳ 等待 Profile 更新任务...
2026-08-07 22:13:41.634 | INFO     | N/A | ⏳ 等待 Profile 更新任务...
2026-08-07 22:13:46.664 | INFO     | N/A | ⏳ 等待 Profile 更新任务...
2026-08-07 22:13:51.692 | INFO     | N/A | ⏳ 等待 Profile 更新任务...
2026-08-07 22:13:56.706 | INFO     | N/A | ⏳ 等待 Profile 更新任务...
2026-08-07 22:14:01.762 | INFO     | N/A | ⏳ 等待 Profile 更新任务...
2026-08-07 22:14:06.788 | INFO     | N/A | ⏳ 等待 Profile 更新任务...
2026-08-07 22:14:11.814 | INFO     | N/A | ⏳ 等待 Profile 更新任务...
2026-08-07 22:14:16.840 | INFO     | N/A | ⏳ 等待 Profile 更新任务...
2026-08-07 22:14:21.867 | INFO     | N/A | ⏳ 等待 Profile 更新任务...
2026-08-07 22:14:26.898 | INFO     | N/A | ⏳ 等待 Profile 更新任务...
2026-08-07 22:14:31.928 | INFO     | N/A | ⏳ 等待 Profile 更新任务...
2026-08-07 22:14:36.956 | INFO     | N/A | ⏳ 等待 Profile 更新任务...
2026-08-07 22:14:41.984 | INFO     | N/A | ⏳ 等待 Profile 更新任务...
2026-08-07 22:14:47.014 | INFO     | N/A | ⏳ 等待 Profile 更新任务...
2026-08-07 22:14:52.042 | INFO     | N/A | ⏳ 等待 Profile 更新任务...
2026-08-07 22:14:57.075 | INFO     | N/A | ⏳ 等待 Profile 更新任务...
2026-08-07 22:15:02.101 | INFO     | N/A | ⏳ 等待 Profile 更新任务...
2026-08-07 22:15:07.128 | INFO     | N/A | ⏳ 等待 Profile 更新任务...
2026-08-07 22:15:12.157 | INFO     | N/A | ⏳ 等待 Profile 更新任务...
2026-08-07 22:15:17.184 | INFO     | N/A | ⏳ 等待 Profile 更新任务...
2026-08-07 22:15:22.215 | INFO     | N/A | ⏳ 等待 Profile 更新任务...
2026-08-07 22:15:27.246 | INFO     | N/A | ⏳ 等待 Profile 更新任务...
2026-08-07 22:15:32.275 | INFO     | N/A | ⏳ 等待 Profile 更新任务...
2026-08-07 22:15:37.303 | INFO     | N/A | ⏳ 等待 Profile 更新任务...
2026-08-07 22:15:42.332 | INFO     | N/A | ⏳ 等待 Profile 更新任务...
2026-08-07 22:15:47.359 | INFO     | N/A | ⏳ 等待 Profile 更新任务...
2026-08-07 22:15:52.385 | INFO     | N/A | ⏳ 等待 Profile 更新任务...
2026-08-07 22:15:57.416 | INFO     | N/A | ⏳ 等待 Profile 更新任务...
2026-08-07 22:16:02.444 | INFO     | N/A | ⏳ 等待 Profile 更新任务...
2026-08-07 22:16:07.474 | INFO     | N/A | ⏳ 等待 Profile 更新任务...
2026-08-07 22:16:12.503 | INFO     | N/A | ⏳ 等待 Profile 更新任务...
2026-08-07 22:16:17.531 | INFO     | N/A | ⏳ 等待 Profile 更新任务...
2026-08-07 22:16:22.559 | INFO     | N/A | ⏳ 等待 Profile 更新任务...
2026-08-07 22:16:27.587 | INFO     | N/A | ⏳ 等待 Profile 更新任务...
2026-08-07 22:16:32.618 | INFO     | N/A | ⏳ 等待 Profile 更新任务...
2026-08-07 22:16:37.646 | INFO     | N/A | ⏳ 等待 Profile 更新任务...
2026-08-07 22:16:42.675 | INFO     | N/A | ⏳ 等待 Profile 更新任务...
2026-08-07 22:16:47.703 | INFO     | N/A | ⏳ 等待 Profile 更新任务...
2026-08-07 22:16:52.730 | INFO     | N/A | ⏳ 等待 Profile 更新任务...
2026-08-07 22:16:57.759 | INFO     | N/A | ⏳ 等待 Profile 更新任务...
2026-08-07 22:17:02.789 | INFO     | N/A | ⏳ 等待 Profile 更新任务...
2026-08-07 22:17:07.818 | INFO     | N/A | ⏳ 等待 Profile 更新任务...
2026-08-07 22:17:12.846 | INFO     | N/A | ⏳ 等待 Profile 更新任务...
2026-08-07 22:17:17.875 | INFO     | N/A | ⏳ 等待 Profile 更新任务...
2026-08-07 22:17:22.904 | INFO     | N/A | ⏳ 等待 Profile 更新任务...
2026-08-07 22:17:27.934 | INFO     | N/A | ⏳ 等待 Profile 更新任务...
2026-08-07 22:17:32.960 | INFO     | N/A | ⏳ 等待 Profile 更新任务...
2026-08-07 22:17:37.987 | INFO     | N/A | ⏳ 等待 Profile 更新任务...
2026-08-07 22:17:43.016 | INFO     | N/A | ⏳ 等待 Profile 更新任务...
2026-08-07 22:17:48.044 | INFO     | N/A | ⏳ 等待 Profile 更新任务...
2026-08-07 22:17:53.072 | INFO     | N/A | ⏳ 等待 Profile 更新任务...
2026-08-07 22:17:58.102 | INFO     | N/A | ⏳ 等待 Profile 更新任务...
2026-08-07 22:18:03.129 | INFO     | N/A | ⏳ 等待 Profile 更新任务...
2026-08-07 22:18:08.159 | INFO     | N/A | ⏳ 等待 Profile 更新任务...
2026-08-07 22:18:13.190 | INFO     | N/A | ⏳ 等待 Profile 更新任务...
2026-08-07 22:18:18.218 | INFO     | N/A | ⏳ 等待 Profile 更新任务...
2026-08-07 22:18:23.244 | INFO     | N/A | ⏳ 等待 Profile 更新任务...
2026-08-07 22:18:28.273 | INFO     | N/A | ⏳ 等待 Profile 更新任务...
2026-08-07 22:18:33.306 | INFO     | N/A | ⏳ 等待 Profile 更新任务...
2026-08-07 22:18:38.336 | INFO     | N/A | ⏳ 等待 Profile 更新任务...
2026-08-07 22:18:43.365 | INFO     | N/A | ⏳ 等待 Profile 更新任务...
2026-08-07 22:18:48.392 | INFO     | N/A | ⏳ 等待 Profile 更新任务...
2026-08-07 22:18:53.478 | INFO     | N/A | ⏳ 等待 Profile 更新任务...
2026-08-07 22:18:58.507 | INFO     | N/A | ⏳ 等待 Profile 更新任务...
2026-08-07 22:19:03.535 | INFO     | N/A | ⏳ 等待 Profile 更新任务...
2026-08-07 22:19:08.566 | INFO     | N/A | ⏳ 等待 Profile 更新任务...
2026-08-07 22:19:13.592 | INFO     | N/A | ⏳ 等待 Profile 更新任务...
2026-08-07 22:19:18.622 | INFO     | N/A | ⏳ 等待 Profile 更新任务...
2026-08-07 22:19:23.651 | INFO     | N/A | ⏳ 等待 Profile 更新任务...
2026-08-07 22:19:28.678 | INFO     | N/A | ⏳ 等待 Profile 更新任务...
2026-08-07 22:19:33.707 | INFO     | N/A | ⏳ 等待 Profile 更新任务...
2026-08-07 22:19:38.733 | INFO     | N/A | ⏳ 等待 Profile 更新任务...
2026-08-07 22:19:43.758 | INFO     | N/A | ⏳ 等待 Profile 更新任务...
2026-08-07 22:19:48.787 | INFO     | N/A | ⏳ 等待 Profile 更新任务...
2026-08-07 22:19:53.813 | INFO     | N/A | ⏳ 等待 Profile 更新任务...
2026-08-07 22:19:58.847 | INFO     | N/A | ⏳ 等待 Profile 更新任务...
2026-08-07 22:20:03.873 | INFO     | N/A | ⏳ 等待 Profile 更新任务...
2026-08-07 22:20:08.903 | INFO     | N/A | ⏳ 等待 Profile 更新任务...
2026-08-07 22:20:13.930 | INFO     | N/A | ⏳ 等待 Profile 更新任务...
2026-08-07 22:20:18.959 | INFO     | N/A | ⏳ 等待 Profile 更新任务...
2026-08-07 22:20:23.986 | INFO     | N/A | ⏳ 等待 Profile 更新任务...
2026-08-07 22:20:29.014 | INFO     | N/A | ⏳ 等待 Profile 更新任务...
2026-08-07 22:20:34.042 | INFO     | N/A | ⏳ 等待 Profile 更新任务...
2026-08-07 22:20:39.072 | INFO     | N/A | ⏳ 等待 Profile 更新任务...
2026-08-07 22:20:44.099 | INFO     | N/A | ⏳ 等待 Profile 更新任务...
2026-08-07 22:20:49.127 | INFO     | N/A | ⏳ 等待 Profile 更新任务...
2026-08-07 22:20:54.154 | INFO     | N/A | ⏳ 等待 Profile 更新任务...
2026-08-07 22:20:59.186 | INFO     | N/A | ⏳ 等待 Profile 更新任务...
2026-08-07 22:21:04.218 | INFO     | N/A | ⏳ 等待 Profile 更新任务...
2026-08-07 22:21:09.246 | INFO     | N/A | ⏳ 等待 Profile 更新任务...
2026-08-07 22:21:14.274 | INFO     | N/A | ⏳ 等待 Profile 更新任务...
2026-08-07 22:21:19.302 | INFO     | N/A | ⏳ 等待 Profile 更新任务...
2026-08-07 22:21:24.331 | INFO     | N/A | ⏳ 等待 Profile 更新任务...
2026-08-07 22:21:29.358 | INFO     | N/A | ⏳ 等待 Profile 更新任务...
2026-08-07 22:21:34.387 | INFO     | N/A | ⏳ 等待 Profile 更新任务...
2026-08-07 22:21:39.415 | INFO     | N/A | ⏳ 等待 Profile 更新任务...
2026-08-07 22:21:44.442 | INFO     | N/A | ⏳ 等待 Profile 更新任务...
2026-08-07 22:21:49.470 | INFO     | N/A | ⏳ 等待 Profile 更新任务...
2026-08-07 22:21:54.496 | INFO     | N/A | ⏳ 等待 Profile 更新任务...
2026-08-07 22:21:59.528 | INFO     | N/A | ⏳ 等待 Profile 更新任务...
2026-08-07 22:22:04.557 | INFO     | N/A | ⏳ 等待 Profile 更新任务...
2026-08-07 22:22:09.586 | INFO     | N/A | ⏳ 等待 Profile 更新任务...
2026-08-07 22:22:14.614 | INFO     | N/A | ⏳ 等待 Profile 更新任务...
2026-08-07 22:22:19.641 | INFO     | N/A | ⏳ 等待 Profile 更新任务...
2026-08-07 22:22:24.668 | INFO     | N/A | ⏳ 等待 Profile 更新任务...
2026-08-07 22:22:29.699 | INFO     | N/A | ⏳ 等待 Profile 更新任务...
2026-08-07 22:22:34.739 | INFO     | N/A | ⏳ 等待 Profile 更新任务...
2026-08-07 22:22:39.768 | INFO     | N/A | ⏳ 等待 Profile 更新任务...
2026-08-07 22:22:44.795 | INFO     | N/A | ⏳ 等待 Profile 更新任务...
2026-08-07 22:22:49.824 | INFO     | N/A | ⏳ 等待 Profile 更新任务...
2026-08-07 22:22:54.854 | INFO     | N/A | ⏳ 等待 Profile 更新任务...
2026-08-07 22:22:59.885 | INFO     | N/A | ⏳ 等待 Profile 更新任务...
2026-08-07 22:23:04.912 | INFO     | N/A | ⏳ 等待 Profile 更新任务...
2026-08-07 22:23:09.938 | INFO     | N/A | ⏳ 等待 Profile 更新任务...
2026-08-07 22:23:14.963 | INFO     | N/A | ⏳ 等待 Profile 更新任务...
2026-08-07 22:23:19.990 | INFO     | N/A | ⏳ 等待 Profile 更新任务...
2026-08-07 22:23:25.019 | INFO     | N/A | ⏳ 等待 Profile 更新任务...
2026-08-07 22:23:30.050 | INFO     | N/A | ⏳ 等待 Profile 更新任务...
2026-08-07 22:23:35.078 | INFO     | N/A | ⏳ 等待 Profile 更新任务...
2026-08-07 22:23:40.108 | INFO     | N/A | ⏳ 等待 Profile 更新任务...
2026-08-07 22:23:45.135 | INFO     | N/A | ⏳ 等待 Profile 更新任务...
2026-08-07 22:23:50.165 | INFO     | N/A | ⏳ 等待 Profile 更新任务...
2026-08-07 22:23:55.193 | INFO     | N/A | ⏳ 等待 Profile 更新任务...
2026-08-07 22:24:00.223 | INFO     | N/A | ⏳ 等待 Profile 更新任务...
2026-08-07 22:24:05.247 | INFO     | N/A | ⏳ 等待 Profile 更新任务...
2026-08-07 22:24:10.276 | INFO     | N/A | ⏳ 等待 Profile 更新任务...
2026-08-07 22:24:15.304 | INFO     | N/A | ⏳ 等待 Profile 更新任务...
2026-08-07 22:24:20.333 | INFO     | N/A | ⏳ 等待 Profile 更新任务...
2026-08-07 22:24:25.362 | INFO     | N/A | ⏳ 等待 Profile 更新任务...
2026-08-07 22:24:30.394 | INFO     | N/A | ⏳ 等待 Profile 更新任务...
2026-08-07 22:24:35.419 | INFO     | N/A | ⏳ 等待 Profile 更新任务...
2026-08-07 22:24:40.448 | INFO     | N/A | ⏳ 等待 Profile 更新任务...
2026-08-07 22:24:45.516 | INFO     | N/A | ⏳ 等待 Profile 更新任务...
2026-08-07 22:24:50.586 | INFO     | N/A | ⏳ 等待 Profile 更新任务...
2026-08-07 22:24:55.611 | INFO     | N/A | ⏳ 等待 Profile 更新任务...
2026-08-07 22:25:00.641 | INFO     | N/A | ⏳ 等待 Profile 更新任务...
2026-08-07 22:25:05.670 | INFO     | N/A | ⏳ 等待 Profile 更新任务...
2026-08-07 22:25:10.696 | INFO     | N/A | ⏳ 等待 Profile 更新任务...
2026-08-07 22:25:15.724 | INFO     | N/A | ⏳ 等待 Profile 更新任务...
2026-08-07 22:25:20.753 | INFO     | N/A | ⏳ 等待 Profile 更新任务...
2026-08-07 22:25:25.783 | INFO     | N/A | ⏳ 等待 Profile 更新任务...
2026-08-07 22:25:30.812 | INFO     | N/A | ⏳ 等待 Profile 更新任务...
2026-08-07 22:25:35.841 | INFO     | N/A | ⏳ 等待 Profile 更新任务...
2026-08-07 22:25:40.870 | INFO     | N/A | ⏳ 等待 Profile 更新任务...
2026-08-07 22:25:45.906 | INFO     | N/A | ⏳ 等待 Profile 更新任务...
2026-08-07 22:25:50.935 | INFO     | N/A | ⏳ 等待 Profile 更新任务...
2026-08-07 22:25:55.963 | INFO     | N/A | ⏳ 等待 Profile 更新任务...
2026-08-07 22:26:00.996 | INFO     | N/A | ⏳ 等待 Profile 更新任务...
2026-08-07 22:26:06.025 | INFO     | N/A | ⏳ 等待 Profile 更新任务...
2026-08-07 22:26:11.054 | INFO     | N/A | ⏳ 等待 Profile 更新任务...
2026-08-07 22:26:16.082 | INFO     | N/A | ⏳ 等待 Profile 更新任务...
2026-08-07 22:26:21.112 | INFO     | N/A | ⏳ 等待 Profile 更新任务...
2026-08-07 22:26:26.139 | INFO     | N/A | ⏳ 等待 Profile 更新任务...
2026-08-07 22:26:31.167 | INFO     | N/A | ⏳ 等待 Profile 更新任务...
2026-08-07 22:26:36.195 | INFO     | N/A | ⏳ 等待 Profile 更新任务...
2026-08-07 22:26:41.224 | INFO     | N/A | ⏳ 等待 Profile 更新任务...
2026-08-07 22:26:46.260 | INFO     | N/A | ⏳ 等待 Profile 更新任务...
2026-08-07 22:26:51.289 | INFO     | N/A | ⏳ 等待 Profile 更新任务...
2026-08-07 22:26:56.315 | INFO     | N/A | ⏳ 等待 Profile 更新任务...
2026-08-07 22:27:01.343 | INFO     | N/A | ⏳ 等待 Profile 更新任务...
2026-08-07 22:27:06.372 | INFO     | N/A | ⏳ 等待 Profile 更新任务...
2026-08-07 22:27:11.399 | INFO     | N/A | ⏳ 等待 Profile 更新任务...
2026-08-07 22:27:16.429 | INFO     | N/A | ⏳ 等待 Profile 更新任务...
2026-08-07 22:27:21.457 | INFO     | N/A | ⏳ 等待 Profile 更新任务...
2026-08-07 22:27:26.489 | INFO     | N/A | ⏳ 等待 Profile 更新任务...
2026-08-07 22:27:31.517 | INFO     | N/A | ⏳ 等待 Profile 更新任务...
2026-08-07 22:27:36.547 | INFO     | N/A | ⏳ 等待 Profile 更新任务...
2026-08-07 22:27:41.576 | INFO     | N/A | ⏳ 等待 Profile 更新任务...
2026-08-07 22:27:46.604 | INFO     | N/A | ⏳ 等待 Profile 更新任务...
2026-08-07 22:27:51.629 | INFO     | N/A | ⏳ 等待 Profile 更新任务...
2026-08-07 22:27:56.659 | INFO     | N/A | ⏳ 等待 Profile 更新任务...
2026-08-07 22:28:01.684 | INFO     | N/A | ⏳ 等待 Profile 更新任务...
2026-08-07 22:28:06.695 | INFO     | N/A | ⏳ 等待 Profile 更新任务...
2026-08-07 22:28:11.740 | INFO     | N/A | ⏳ 等待 Profile 更新任务...
2026-08-07 22:28:16.767 | INFO     | N/A | ⏳ 等待 Profile 更新任务...
2026-08-07 22:28:21.845 | INFO     | N/A | ⏳ 等待 Profile 更新任务...
2026-08-07 22:28:26.871 | INFO     | N/A | ⏳ 等待 Profile 更新任务...
2026-08-07 22:28:31.899 | INFO     | N/A | ⏳ 等待 Profile 更新任务...
2026-08-07 22:28:36.928 | INFO     | N/A | ⏳ 等待 Profile 更新任务...
2026-08-07 22:28:41.958 | INFO     | N/A | ⏳ 等待 Profile 更新任务...
2026-08-07 22:28:46.986 | INFO     | N/A | ⏳ 等待 Profile 更新任务...
2026-08-07 22:28:52.012 | INFO     | N/A | ⏳ 等待 Profile 更新任务...
2026-08-07 22:28:57.039 | INFO     | N/A | ⏳ 等待 Profile 更新任务...
2026-08-07 22:29:02.069 | INFO     | N/A | ⏳ 等待 Profile 更新任务...
2026-08-07 22:29:07.101 | INFO     | N/A | ⏳ 等待 Profile 更新任务...
2026-08-07 22:29:12.128 | INFO     | N/A | ⏳ 等待 Profile 更新任务...
2026-08-07 22:29:17.155 | INFO     | N/A | ⏳ 等待 Profile 更新任务...
2026-08-07 22:29:22.184 | INFO     | N/A | ⏳ 等待 Profile 更新任务...
2026-08-07 22:29:27.212 | INFO     | N/A | ⏳ 等待 Profile 更新任务...
2026-08-07 22:29:32.242 | INFO     | N/A | ⏳ 等待 Profile 更新任务...
2026-08-07 22:29:37.274 | INFO     | N/A | ⏳ 等待 Profile 更新任务...
2026-08-07 22:29:42.301 | INFO     | N/A | ⏳ 等待 Profile 更新任务...
2026-08-07 22:29:47.328 | INFO     | N/A | ⏳ 等待 Profile 更新任务...
2026-08-07 22:29:52.356 | INFO     | N/A | ⏳ 等待 Profile 更新任务...
2026-08-07 22:29:57.387 | INFO     | N/A | ⏳ 等待 Profile 更新任务...
2026-08-07 22:30:02.418 | INFO     | N/A | ⏳ 等待 Profile 更新任务...
2026-08-07 22:30:07.445 | INFO     | N/A | ⏳ 等待 Profile 更新任务...
2026-08-07 22:30:12.475 | INFO     | N/A | ⏳ 等待 Profile 更新任务...
2026-08-07 22:30:17.502 | INFO     | N/A | ⏳ 等待 Profile 更新任务...
2026-08-07 22:30:22.529 | INFO     | N/A | ⏳ 等待 Profile 更新任务...
2026-08-07 22:30:27.560 | INFO     | N/A | ⏳ 等待 Profile 更新任务...
2026-08-07 22:30:32.587 | INFO     | N/A | ⏳ 等待 Profile 更新任务...
2026-08-07 22:30:37.621 | INFO     | N/A | ⏳ 等待 Profile 更新任务...
2026-08-07 22:30:42.648 | INFO     | N/A | ⏳ 等待 Profile 更新任务...
2026-08-07 22:30:47.675 | INFO     | N/A | ⏳ 等待 Profile 更新任务...
2026-08-07 22:30:52.702 | INFO     | N/A | ⏳ 等待 Profile 更新任务...
2026-08-07 22:30:57.732 | INFO     | N/A | ⏳ 等待 Profile 更新任务...
2026-08-07 22:31:02.757 | INFO     | N/A | ⏳ 等待 Profile 更新任务...
2026-08-07 22:31:07.786 | INFO     | N/A | ⏳ 等待 Profile 更新任务...
2026-08-07 22:31:12.811 | INFO     | N/A | ⏳ 等待 Profile 更新任务...
2026-08-07 22:31:17.840 | INFO     | N/A | ⏳ 等待 Profile 更新任务...
2026-08-07 22:31:22.869 | INFO     | N/A | ⏳ 等待 Profile 更新任务...
2026-08-07 22:31:27.898 | INFO     | N/A | ⏳ 等待 Profile 更新任务...
2026-08-07 22:31:32.929 | INFO     | N/A | ⏳ 等待 Profile 更新任务...
2026-08-07 22:31:37.962 | INFO     | N/A | ⏳ 等待 Profile 更新任务...
2026-08-07 22:31:42.994 | INFO     | N/A | ⏳ 等待 Profile 更新任务...
2026-08-07 22:31:48.021 | INFO     | N/A | ⏳ 等待 Profile 更新任务...
2026-08-07 22:31:53.050 | INFO     | N/A | ⏳ 等待 Profile 更新任务...
2026-08-07 22:31:58.077 | INFO     | N/A | ⏳ 等待 Profile 更新任务...
2026-08-07 22:32:03.107 | INFO     | N/A | ⏳ 等待 Profile 更新任务...
2026-08-07 22:32:08.137 | INFO     | N/A | ⏳ 等待 Profile 更新任务...
2026-08-07 22:32:13.164 | INFO     | N/A | ⏳ 等待 Profile 更新任务...
2026-08-07 22:32:18.194 | INFO     | N/A | ⏳ 等待 Profile 更新任务...
2026-08-07 22:32:23.222 | INFO     | N/A | ⏳ 等待 Profile 更新任务...
2026-08-07 22:32:28.252 | INFO     | N/A | ⏳ 等待 Profile 更新任务...
2026-08-07 22:32:33.281 | INFO     | N/A | ⏳ 等待 Profile 更新任务...
2026-08-07 22:32:38.308 | INFO     | N/A | ⏳ 等待 Profile 更新任务...
2026-08-07 22:32:43.336 | INFO     | N/A | ⏳ 等待 Profile 更新任务...
2026-08-07 22:32:48.363 | INFO     | N/A | ⏳ 等待 Profile 更新任务...
2026-08-07 22:32:53.390 | INFO     | N/A | ⏳ 等待 Profile 更新任务...
2026-08-07 22:32:58.418 | INFO     | N/A | ⏳ 等待 Profile 更新任务...
2026-08-07 22:33:03.445 | INFO     | N/A | ⏳ 等待 Profile 更新任务...
2026-08-07 22:33:08.473 | INFO     | N/A | ⏳ 等待 Profile 更新任务...
2026-08-07 22:33:13.501 | INFO     | N/A | ⏳ 等待 Profile 更新任务...
2026-08-07 22:33:18.530 | INFO     | N/A | ⏳ 等待 Profile 更新任务...
2026-08-07 22:33:23.557 | INFO     | N/A | ⏳ 等待 Profile 更新任务...
2026-08-07 22:33:28.587 | INFO     | N/A | ⏳ 等待 Profile 更新任务...
2026-08-07 22:33:33.615 | INFO     | N/A | ⏳ 等待 Profile 更新任务...
2026-08-07 22:33:38.642 | INFO     | N/A | ⏳ 等待 Profile 更新任务...
2026-08-07 22:33:43.669 | INFO     | N/A | ⏳ 等待 Profile 更新任务...
2026-08-07 22:33:48.698 | INFO     | N/A | ⏳ 等待 Profile 更新任务...
2026-08-07 22:33:53.725 | INFO     | N/A | ⏳ 等待 Profile 更新任务...
2026-08-07 22:33:58.755 | INFO     | N/A | ⏳ 等待 Profile 更新任务...
2026-08-07 22:34:03.783 | INFO     | N/A | ⏳ 等待 Profile 更新任务...
2026-08-07 22:34:08.814 | INFO     | N/A | ⏳ 等待 Profile 更新任务...
2026-08-07 22:34:13.841 | INFO     | N/A | ⏳ 等待 Profile 更新任务...
2026-08-07 22:34:18.870 | INFO     | N/A | ⏳ 等待 Profile 更新任务...
2026-08-07 22:34:23.899 | INFO     | N/A | ⏳ 等待 Profile 更新任务...
2026-08-07 22:34:28.926 | INFO     | N/A | ⏳ 等待 Profile 更新任务...
2026-08-07 22:34:33.953 | INFO     | N/A | ⏳ 等待 Profile 更新任务...
2026-08-07 22:34:38.981 | INFO     | N/A | ⏳ 等待 Profile 更新任务...
2026-08-07 22:34:43.998 | INFO     | N/A | ⏳ 等待 Profile 更新任务...
2026-08-07 22:34:49.026 | INFO     | N/A | ⏳ 等待 Profile 更新任务...
2026-08-07 22:34:54.053 | INFO     | N/A | ⏳ 等待 Profile 更新任务...
2026-08-07 22:34:59.085 | INFO     | N/A | ⏳ 等待 Profile 更新任务...
2026-08-07 22:35:04.113 | INFO     | N/A | ⏳ 等待 Profile 更新任务...
2026-08-07 22:35:09.141 | INFO     | N/A | ⏳ 等待 Profile 更新任务...
2026-08-07 22:35:14.170 | INFO     | N/A | ⏳ 等待 Profile 更新任务...
2026-08-07 22:35:19.199 | INFO     | N/A | ⏳ 等待 Profile 更新任务...
2026-08-07 22:35:24.227 | INFO     | N/A | ⏳ 等待 Profile 更新任务...
2026-08-07 22:35:29.257 | INFO     | N/A | ⏳ 等待 Profile 更新任务...
2026-08-07 22:35:34.285 | INFO     | N/A | ⏳ 等待 Profile 更新任务...
2026-08-07 22:35:39.317 | INFO     | N/A | ⏳ 等待 Profile 更新任务...
2026-08-07 22:35:44.346 | INFO     | N/A | ⏳ 等待 Profile 更新任务...
2026-08-07 22:35:49.372 | INFO     | N/A | ⏳ 等待 Profile 更新任务...
2026-08-07 22:35:54.399 | INFO     | N/A | ⏳ 等待 Profile 更新任务...
2026-08-07 22:35:59.428 | INFO     | N/A | ⏳ 等待 Profile 更新任务...
2026-08-07 22:36:04.455 | INFO     | N/A | ⏳ 等待 Profile 更新任务...
2026-08-07 22:36:09.489 | INFO     | N/A | ⏳ 等待 Profile 更新任务...
2026-08-07 22:36:14.518 | INFO     | N/A | ⏳ 等待 Profile 更新任务...
2026-08-07 22:36:19.597 | INFO     | N/A | ⏳ 等待 Profile 更新任务...
2026-08-07 22:36:24.623 | INFO     | N/A | ⏳ 等待 Profile 更新任务...
2026-08-07 22:36:29.653 | INFO     | N/A | ⏳ 等待 Profile 更新任务...
2026-08-07 22:36:34.685 | INFO     | N/A | ⏳ 等待 Profile 更新任务...
2026-08-07 22:36:39.716 | INFO     | N/A | ⏳ 等待 Profile 更新任务...
2026-08-07 22:36:44.750 | INFO     | N/A | ⏳ 等待 Profile 更新任务...
2026-08-07 22:36:49.798 | INFO     | N/A | ⏳ 等待 Profile 更新任务...
2026-08-07 22:36:54.826 | INFO     | N/A | ⏳ 等待 Profile 更新任务...
2026-08-07 22:36:59.853 | INFO     | N/A | ⏳ 等待 Profile 更新任务...
2026-08-07 22:37:04.884 | INFO     | N/A | ⏳ 等待 Profile 更新任务...
2026-08-07 22:37:09.913 | INFO     | N/A | ⏳ 等待 Profile 更新任务...
2026-08-07 22:37:14.941 | INFO     | N/A | ⏳ 等待 Profile 更新任务...
2026-08-07 22:37:19.977 | INFO     | N/A | ⏳ 等待 Profile 更新任务...
2026-08-07 22:37:25.005 | INFO     | N/A | ⏳ 等待 Profile 更新任务...
2026-08-07 22:37:30.036 | INFO     | N/A | ⏳ 等待 Profile 更新任务...
2026-08-07 22:37:35.066 | INFO     | N/A | ⏳ 等待 Profile 更新任务...
2026-08-07 22:37:40.096 | INFO     | N/A | ⏳ 等待 Profile 更新任务...
2026-08-07 22:37:45.123 | INFO     | N/A | ⏳ 等待 Profile 更新任务...
2026-08-07 22:37:50.153 | INFO     | N/A | ⏳ 等待 Profile 更新任务...
2026-08-07 22:37:55.180 | INFO     | N/A | ⏳ 等待 Profile 更新任务...
2026-08-07 22:38:00.211 | INFO     | N/A | ⏳ 等待 Profile 更新任务...
2026-08-07 22:38:05.239 | INFO     | N/A | ⏳ 等待 Profile 更新任务...
2026-08-07 22:38:10.268 | INFO     | N/A | ⏳ 等待 Profile 更新任务...
2026-08-07 22:38:15.298 | INFO     | N/A | ⏳ 等待 Profile 更新任务...
2026-08-07 22:38:20.328 | INFO     | N/A | ⏳ 等待 Profile 更新任务...
2026-08-07 22:38:25.355 | INFO     | N/A | ⏳ 等待 Profile 更新任务...
2026-08-07 22:38:30.403 | INFO     | N/A | ⏳ 等待 Profile 更新任务...
2026-08-07 22:38:35.431 | INFO     | N/A | ⏳ 等待 Profile 更新任务...
2026-08-07 22:38:40.461 | INFO     | N/A | ⏳ 等待 Profile 更新任务...
2026-08-07 22:38:45.487 | INFO     | N/A | ⏳ 等待 Profile 更新任务...
2026-08-07 22:38:50.514 | INFO     | N/A | ⏳ 等待 Profile 更新任务...
2026-08-07 22:38:55.541 | INFO     | N/A | ⏳ 等待 Profile 更新任务...
2026-08-07 22:39:00.570 | INFO     | N/A | ⏳ 等待 Profile 更新任务...
2026-08-07 22:39:05.599 | INFO     | N/A | ⏳ 等待 Profile 更新任务...
2026-08-07 22:39:10.628 | INFO     | N/A | ⏳ 等待 Profile 更新任务...
2026-08-07 22:39:15.656 | INFO     | N/A | ⏳ 等待 Profile 更新任务...
2026-08-07 22:39:20.684 | INFO     | N/A | ⏳ 等待 Profile 更新任务...
2026-08-07 22:39:25.732 | INFO     | N/A | ⏳ 等待 Profile 更新任务...
2026-08-07 22:39:30.769 | INFO     | N/A | ⏳ 等待 Profile 更新任务...
2026-08-07 22:39:35.796 | INFO     | N/A | ⏳ 等待 Profile 更新任务...
2026-08-07 22:39:40.826 | INFO     | N/A | ⏳ 等待 Profile 更新任务...
2026-08-07 22:39:45.854 | INFO     | N/A | ⏳ 等待 Profile 更新任务...
2026-08-07 22:39:50.882 | INFO     | N/A | ⏳ 等待 Profile 更新任务...
2026-08-07 22:39:55.911 | INFO     | N/A | ⏳ 等待 Profile 更新任务...
2026-08-07 22:40:00.941 | INFO     | N/A | ⏳ 等待 Profile 更新任务...
2026-08-07 22:40:05.974 | INFO     | N/A | ⏳ 等待 Profile 更新任务...
2026-08-07 22:40:11.007 | INFO     | N/A | ⏳ 等待 Profile 更新任务...
2026-08-07 22:40:16.035 | INFO     | N/A | ⏳ 等待 Profile 更新任务...
2026-08-07 22:40:21.063 | INFO     | N/A | ⏳ 等待 Profile 更新任务...
2026-08-07 22:40:26.091 | INFO     | N/A | ⏳ 等待 Profile 更新任务...
2026-08-07 22:40:31.119 | INFO     | N/A | ⏳ 等待 Profile 更新任务...
2026-08-07 22:40:36.153 | INFO     | N/A | ⏳ 等待 Profile 更新任务...
2026-08-07 22:40:41.180 | INFO     | N/A | ⏳ 等待 Profile 更新任务...
2026-08-07 22:40:46.207 | INFO     | N/A | ⏳ 等待 Profile 更新任务...
2026-08-07 22:40:51.239 | INFO     | N/A | ⏳ 等待 Profile 更新任务...
2026-08-07 22:40:56.265 | INFO     | N/A | ⏳ 等待 Profile 更新任务...
2026-08-07 22:41:01.291 | INFO     | N/A | ⏳ 等待 Profile 更新任务...
2026-08-07 22:41:06.324 | INFO     | N/A | ⏳ 等待 Profile 更新任务...
2026-08-07 22:41:11.353 | INFO     | N/A | ⏳ 等待 Profile 更新任务...
2026-08-07 22:41:16.382 | INFO     | N/A | ⏳ 等待 Profile 更新任务...
2026-08-07 22:41:21.410 | INFO     | N/A | ⏳ 等待 Profile 更新任务...
2026-08-07 22:41:26.438 | INFO     | N/A | ⏳ 等待 Profile 更新任务...
2026-08-07 22:41:31.467 | INFO     | N/A | ⏳ 等待 Profile 更新任务...
2026-08-07 22:41:36.493 | INFO     | N/A | ⏳ 等待 Profile 更新任务...
2026-08-07 22:41:41.520 | INFO     | N/A | ⏳ 等待 Profile 更新任务...
2026-08-07 22:41:46.551 | INFO     | N/A | ⏳ 等待 Profile 更新任务...
2026-08-07 22:41:51.581 | INFO     | N/A | ⏳ 等待 Profile 更新任务...
2026-08-07 22:41:56.606 | INFO     | N/A | ⏳ 等待 Profile 更新任务...
2026-08-07 22:42:01.634 | INFO     | N/A | ⏳ 等待 Profile 更新任务...
2026-08-07 22:42:06.664 | INFO     | N/A | ⏳ 等待 Profile 更新任务...
2026-08-07 22:42:11.689 | INFO     | N/A | ⏳ 等待 Profile 更新任务...
2026-08-07 22:42:16.706 | INFO     | N/A | ⏳ 等待 Profile 更新任务...
2026-08-07 22:42:21.748 | INFO     | N/A | ⏳ 等待 Profile 更新任务...
2026-08-07 22:42:26.777 | INFO     | N/A | ⏳ 等待 Profile 更新任务...
2026-08-07 22:42:31.808 | INFO     | N/A | ⏳ 等待 Profile 更新任务...
2026-08-07 22:42:36.836 | INFO     | N/A | ⏳ 等待 Profile 更新任务...
2026-08-07 22:42:41.860 | INFO     | N/A | ⏳ 等待 Profile 更新任务...
2026-08-07 22:42:46.889 | INFO     | N/A | ⏳ 等待 Profile 更新任务...
2026-08-07 22:42:51.920 | INFO     | N/A | ⏳ 等待 Profile 更新任务...
2026-08-07 22:42:56.947 | INFO     | N/A | ⏳ 等待 Profile 更新任务...
2026-08-07 22:43:01.978 | INFO     | N/A | ⏳ 等待 Profile 更新任务...
2026-08-07 22:43:07.008 | INFO     | N/A | ⏳ 等待 Profile 更新任务...
2026-08-07 22:43:12.037 | INFO     | N/A | ⏳ 等待 Profile 更新任务...
2026-08-07 22:43:17.068 | INFO     | N/A | ⏳ 等待 Profile 更新任务...
2026-08-07 22:43:22.092 | INFO     | N/A | ⏳ 等待 Profile 更新任务...
2026-08-07 22:43:27.121 | INFO     | N/A | ⏳ 等待 Profile 更新任务...
2026-08-07 22:43:32.150 | INFO     | N/A | ⏳ 等待 Profile 更新任务...
2026-08-07 22:43:37.180 | INFO     | N/A | ⏳ 等待 Profile 更新任务...
2026-08-07 22:43:42.208 | INFO     | N/A | ⏳ 等待 Profile 更新任务...
2026-08-07 22:43:47.233 | INFO     | N/A | ⏳ 等待 Profile 更新任务...
2026-08-07 22:43:52.261 | INFO     | N/A | ⏳ 等待 Profile 更新任务...
2026-08-07 22:43:57.290 | INFO     | N/A | ⏳ 等待 Profile 更新任务...
2026-08-07 22:44:02.321 | INFO     | N/A | ⏳ 等待 Profile 更新任务...
2026-08-07 22:44:07.353 | INFO     | N/A | ⏳ 等待 Profile 更新任务...
2026-08-07 22:44:12.382 | INFO     | N/A | ⏳ 等待 Profile 更新任务...
2026-08-07 22:44:17.410 | INFO     | N/A | ⏳ 等待 Profile 更新任务...
2026-08-07 22:44:22.437 | INFO     | N/A | ⏳ 等待 Profile 更新任务...
2026-08-07 22:44:27.465 | INFO     | N/A | ⏳ 等待 Profile 更新任务...
2026-08-07 22:44:32.494 | INFO     | N/A | ⏳ 等待 Profile 更新任务...
2026-08-07 22:44:37.522 | INFO     | N/A | ⏳ 等待 Profile 更新任务...
2026-08-07 22:44:42.551 | INFO     | N/A | ⏳ 等待 Profile 更新任务...
2026-08-07 22:44:47.579 | INFO     | N/A | ⏳ 等待 Profile 更新任务...
2026-08-07 22:44:52.606 | INFO     | N/A | ⏳ 等待 Profile 更新任务...
2026-08-07 22:44:57.635 | INFO     | N/A | ⏳ 等待 Profile 更新任务...
2026-08-07 22:45:02.663 | INFO     | N/A | ⏳ 等待 Profile 更新任务...
2026-08-07 22:45:07.690 | INFO     | N/A | ⏳ 等待 Profile 更新任务...
2026-08-07 22:45:12.718 | INFO     | N/A | ⏳ 等待 Profile 更新任务...
2026-08-07 22:45:17.746 | INFO     | N/A | ⏳ 等待 Profile 更新任务...
2026-08-07 22:45:22.774 | INFO     | N/A | ⏳ 等待 Profile 更新任务...
2026-08-07 22:45:27.786 | INFO     | N/A | ⏳ 等待 Profile 更新任务...
2026-08-07 22:45:32.818 | INFO     | N/A | ⏳ 等待 Profile 更新任务...
2026-08-07 22:45:37.845 | INFO     | N/A | ⏳ 等待 Profile 更新任务...
2026-08-07 22:45:42.873 | INFO     | N/A | ⏳ 等待 Profile 更新任务...
2026-08-07 22:45:47.898 | INFO     | N/A | ⏳ 等待 Profile 更新任务...
2026-08-07 22:45:52.927 | INFO     | N/A | ⏳ 等待 Profile 更新任务...
2026-08-07 22:45:57.955 | INFO     | N/A | ⏳ 等待 Profile 更新任务...
2026-08-07 22:46:02.981 | INFO     | N/A | ⏳ 等待 Profile 更新任务...
2026-08-07 22:46:08.010 | INFO     | N/A | ⏳ 等待 Profile 更新任务...
2026-08-07 22:46:13.035 | INFO     | N/A | ⏳ 等待 Profile 更新任务...
2026-08-07 22:46:18.067 | INFO     | N/A | ⏳ 等待 Profile 更新任务...
2026-08-07 22:46:23.078 | INFO     | N/A | ⏳ 等待 Profile 更新任务...
2026-08-07 22:46:28.108 | INFO     | N/A | ⏳ 等待 Profile 更新任务...
2026-08-07 22:46:33.136 | INFO     | N/A | ⏳ 等待 Profile 更新任务...
2026-08-07 22:46:38.167 | INFO     | N/A | ⏳ 等待 Profile 更新任务...
2026-08-07 22:46:43.197 | INFO     | N/A | ⏳ 等待 Profile 更新任务...
2026-08-07 22:46:48.224 | INFO     | N/A | ⏳ 等待 Profile 更新任务...
2026-08-07 22:46:53.252 | INFO     | N/A | ⏳ 等待 Profile 更新任务...
2026-08-07 22:46:58.281 | INFO     | N/A | ⏳ 等待 Profile 更新任务...
2026-08-07 22:47:03.310 | INFO     | N/A | ⏳ 等待 Profile 更新任务...
2026-08-07 22:47:08.341 | INFO     | N/A | ⏳ 等待 Profile 更新任务...
2026-08-07 22:47:13.366 | INFO     | N/A | ⏳ 等待 Profile 更新任务...
2026-08-07 22:47:18.391 | INFO     | N/A | ⏳ 等待 Profile 更新任务...
2026-08-07 22:47:23.419 | INFO     | N/A | ⏳ 等待 Profile 更新任务...
2026-08-07 22:47:28.446 | INFO     | N/A | ⏳ 等待 Profile 更新任务...
2026-08-07 22:47:33.476 | INFO     | N/A | ⏳ 等待 Profile 更新任务...
2026-08-07 22:47:38.509 | INFO     | N/A | ⏳ 等待 Profile 更新任务...
2026-08-07 22:47:43.535 | INFO     | N/A | ⏳ 等待 Profile 更新任务...
2026-08-07 22:47:48.565 | INFO     | N/A | ⏳ 等待 Profile 更新任务...
2026-08-07 22:47:53.593 | INFO     | N/A | ⏳ 等待 Profile 更新任务...
2026-08-07 22:47:58.621 | INFO     | N/A | ⏳ 等待 Profile 更新任务...
2026-08-07 22:48:03.651 | INFO     | N/A | ⏳ 等待 Profile 更新任务...
2026-08-07 22:48:08.679 | INFO     | N/A | ⏳ 等待 Profile 更新任务...
2026-08-07 22:48:13.706 | INFO     | N/A | ⏳ 等待 Profile 更新任务...
2026-08-07 22:48:18.732 | INFO     | N/A | ⏳ 等待 Profile 更新任务...
2026-08-07 22:48:23.760 | INFO     | N/A | ⏳ 等待 Profile 更新任务...
2026-08-07 22:48:28.788 | INFO     | N/A | ⏳ 等待 Profile 更新任务...
2026-08-07 22:48:33.853 | INFO     | N/A | ⏳ 等待 Profile 更新任务...
2026-08-07 22:48:38.910 | INFO     | N/A | ⏳ 等待 Profile 更新任务...
2026-08-07 22:48:43.936 | INFO     | N/A | ⏳ 等待 Profile 更新任务...
2026-08-07 22:48:48.963 | INFO     | N/A | ⏳ 等待 Profile 更新任务...
2026-08-07 22:48:53.993 | INFO     | N/A | ⏳ 等待 Profile 更新任务...
2026-08-07 22:48:59.021 | INFO     | N/A | ⏳ 等待 Profile 更新任务...
2026-08-07 22:49:04.051 | INFO     | N/A | ⏳ 等待 Profile 更新任务...
2026-08-07 22:49:09.079 | INFO     | N/A | ⏳ 等待 Profile 更新任务...
2026-08-07 22:49:14.109 | INFO     | N/A | ⏳ 等待 Profile 更新任务...
2026-08-07 22:49:19.135 | INFO     | N/A | ⏳ 等待 Profile 更新任务...
2026-08-07 22:49:24.162 | INFO     | N/A | ⏳ 等待 Profile 更新任务...
2026-08-07 22:49:29.188 | INFO     | N/A | ⏳ 等待 Profile 更新任务...
2026-08-07 22:49:34.215 | INFO     | N/A | ⏳ 等待 Profile 更新任务...
2026-08-07 22:49:39.245 | INFO     | N/A | ⏳ 等待 Profile 更新任务...
2026-08-07 22:49:44.276 | INFO     | N/A | ⏳ 等待 Profile 更新任务...
2026-08-07 22:49:49.307 | INFO     | N/A | ⏳ 等待 Profile 更新任务...
2026-08-07 22:49:54.337 | INFO     | N/A | ⏳ 等待 Profile 更新任务...
2026-08-07 22:49:59.366 | INFO     | N/A | ⏳ 等待 Profile 更新任务...
2026-08-07 22:50:04.393 | INFO     | N/A | ⏳ 等待 Profile 更新任务...
2026-08-07 22:50:09.423 | INFO     | N/A | ⏳ 等待 Profile 更新任务...
2026-08-07 22:50:14.453 | INFO     | N/A | ⏳ 等待 Profile 更新任务...
2026-08-07 22:50:19.484 | INFO     | N/A | ⏳ 等待 Profile 更新任务...
2026-08-07 22:50:24.512 | INFO     | N/A | ⏳ 等待 Profile 更新任务...
2026-08-07 22:50:29.537 | INFO     | N/A | ⏳ 等待 Profile 更新任务...
2026-08-07 22:50:34.566 | INFO     | N/A | ⏳ 等待 Profile 更新任务...
2026-08-07 22:50:39.594 | INFO     | N/A | ⏳ 等待 Profile 更新任务...
2026-08-07 22:50:44.621 | INFO     | N/A | ⏳ 等待 Profile 更新任务...
2026-08-07 22:50:49.646 | INFO     | N/A | ⏳ 等待 Profile 更新任务...
2026-08-07 22:50:54.674 | INFO     | N/A | ⏳ 等待 Profile 更新任务...
2026-08-07 22:50:59.701 | INFO     | N/A | ⏳ 等待 Profile 更新任务...
2026-08-07 22:51:04.732 | INFO     | N/A | ⏳ 等待 Profile 更新任务...
2026-08-07 22:51:09.761 | INFO     | N/A | ⏳ 等待 Profile 更新任务...
2026-08-07 22:51:14.789 | INFO     | N/A | ⏳ 等待 Profile 更新任务...
2026-08-07 22:51:19.818 | INFO     | N/A | ⏳ 等待 Profile 更新任务...
2026-08-07 22:51:24.845 | INFO     | N/A | ⏳ 等待 Profile 更新任务...
2026-08-07 22:51:29.876 | INFO     | N/A | ⏳ 等待 Profile 更新任务...
2026-08-07 22:51:34.902 | INFO     | N/A | ⏳ 等待 Profile 更新任务...
2026-08-07 22:51:39.929 | INFO     | N/A | ⏳ 等待 Profile 更新任务...
2026-08-07 22:51:44.957 | INFO     | N/A | ⏳ 等待 Profile 更新任务...
2026-08-07 22:51:49.984 | INFO     | N/A | ⏳ 等待 Profile 更新任务...
2026-08-07 22:51:55.013 | INFO     | N/A | ⏳ 等待 Profile 更新任务...
2026-08-07 22:52:00.042 | INFO     | N/A | ⏳ 等待 Profile 更新任务...
2026-08-07 22:52:05.092 | INFO     | N/A | ⏳ 等待 Profile 更新任务...
2026-08-07 22:52:10.120 | INFO     | N/A | ⏳ 等待 Profile 更新任务...
2026-08-07 22:52:15.159 | INFO     | N/A | ⏳ 等待 Profile 更新任务...
2026-08-07 22:52:20.187 | INFO     | N/A | ⏳ 等待 Profile 更新任务...
2026-08-07 22:52:25.219 | INFO     | N/A | ⏳ 等待 Profile 更新任务...
2026-08-07 22:52:30.243 | INFO     | N/A | ⏳ 等待 Profile 更新任务...
2026-08-07 22:52:35.271 | INFO     | N/A | ⏳ 等待 Profile 更新任务...
2026-08-07 22:52:40.301 | INFO     | N/A | ⏳ 等待 Profile 更新任务...
2026-08-07 22:52:45.328 | INFO     | N/A | ⏳ 等待 Profile 更新任务...
2026-08-07 22:52:50.356 | INFO     | N/A | ⏳ 等待 Profile 更新任务...
2026-08-07 22:52:55.385 | INFO     | N/A | ⏳ 等待 Profile 更新任务...
2026-08-07 22:53:00.414 | INFO     | N/A | ⏳ 等待 Profile 更新任务...
2026-08-07 22:53:05.442 | INFO     | N/A | ⏳ 等待 Profile 更新任务...
2026-08-07 22:53:10.473 | INFO     | N/A | ⏳ 等待 Profile 更新任务...
2026-08-07 22:53:15.502 | INFO     | N/A | ⏳ 等待 Profile 更新任务...
2026-08-07 22:53:20.530 | INFO     | N/A | ⏳ 等待 Profile 更新任务...
2026-08-07 22:53:25.561 | INFO     | N/A | ⏳ 等待 Profile 更新任务...
2026-08-07 22:53:30.590 | INFO     | N/A | ⏳ 等待 Profile 更新任务...
2026-08-07 22:53:35.621 | INFO     | N/A | ⏳ 等待 Profile 更新任务...
2026-08-07 22:53:40.648 | INFO     | N/A | ⏳ 等待 Profile 更新任务...
2026-08-07 22:53:45.676 | INFO     | N/A | ⏳ 等待 Profile 更新任务...
2026-08-07 22:53:50.704 | INFO     | N/A | ⏳ 等待 Profile 更新任务...
2026-08-07 22:53:55.731 | INFO     | N/A | ⏳ 等待 Profile 更新任务...
2026-08-07 22:54:00.758 | INFO     | N/A | ⏳ 等待 Profile 更新任务...
2026-08-07 22:54:05.791 | INFO     | N/A | ⏳ 等待 Profile 更新任务...
2026-08-07 22:54:10.820 | INFO     | N/A | ⏳ 等待 Profile 更新任务...
2026-08-07 22:54:15.846 | INFO     | N/A | ⏳ 等待 Profile 更新任务...
2026-08-07 22:54:20.875 | INFO     | N/A | ⏳ 等待 Profile 更新任务...
2026-08-07 22:54:25.949 | INFO     | N/A | ⏳ 等待 Profile 更新任务...
2026-08-07 22:54:30.981 | INFO     | N/A | ⏳ 等待 Profile 更新任务...
2026-08-07 22:54:36.009 | INFO     | N/A | ⏳ 等待 Profile 更新任务...
2026-08-07 22:54:41.038 | INFO     | N/A | ⏳ 等待 Profile 更新任务...
2026-08-07 22:54:46.065 | INFO     | N/A | ⏳ 等待 Profile 更新任务...
2026-08-07 22:54:51.095 | INFO     | N/A | ⏳ 等待 Profile 更新任务...
2026-08-07 22:54:56.122 | INFO     | N/A | ⏳ 等待 Profile 更新任务...
2026-08-07 22:55:01.152 | INFO     | N/A | ⏳ 等待 Profile 更新任务...
2026-08-07 22:55:06.181 | INFO     | N/A | ⏳ 等待 Profile 更新任务...
2026-08-07 22:55:11.210 | INFO     | N/A | ⏳ 等待 Profile 更新任务...
2026-08-07 22:55:16.236 | INFO     | N/A | ⏳ 等待 Profile 更新任务...
2026-08-07 22:55:21.262 | INFO     | N/A | ⏳ 等待 Profile 更新任务...
2026-08-07 22:55:26.288 | INFO     | N/A | ⏳ 等待 Profile 更新任务...
2026-08-07 22:55:31.314 | INFO     | N/A | ⏳ 等待 Profile 更新任务...
2026-08-07 22:55:36.346 | INFO     | N/A | ⏳ 等待 Profile 更新任务...
2026-08-07 22:55:41.376 | INFO     | N/A | ⏳ 等待 Profile 更新任务...
2026-08-07 22:55:46.404 | INFO     | N/A | ⏳ 等待 Profile 更新任务...
2026-08-07 22:55:51.432 | INFO     | N/A | ⏳ 等待 Profile 更新任务...
2026-08-07 22:55:56.461 | INFO     | N/A | ⏳ 等待 Profile 更新任务...
2026-08-07 22:56:01.486 | INFO     | N/A | ⏳ 等待 Profile 更新任务...
2026-08-07 22:56:06.506 | INFO     | N/A | ⏳ 等待 Profile 更新任务...
2026-08-07 22:56:11.526 | INFO     | N/A | ⏳ 等待 Profile 更新任务...
2026-08-07 22:56:16.553 | INFO     | N/A | ⏳ 等待 Profile 更新任务...
2026-08-07 22:56:21.581 | INFO     | N/A | ⏳ 等待 Profile 更新任务...
2026-08-07 22:56:26.607 | INFO     | N/A | ⏳ 等待 Profile 更新任务...
2026-08-07 22:56:31.636 | INFO     | N/A | ⏳ 等待 Profile 更新任务...
2026-08-07 22:56:36.667 | INFO     | N/A | ⏳ 等待 Profile 更新任务...
2026-08-07 22:56:41.697 | INFO     | N/A | ⏳ 等待 Profile 更新任务...
2026-08-07 22:56:46.702 | INFO     | N/A | ⏳ 等待 Profile 更新任务...
2026-08-07 22:56:51.753 | INFO     | N/A | ⏳ 等待 Profile 更新任务...
2026-08-07 22:56:56.782 | INFO     | N/A | ⏳ 等待 Profile 更新任务...
2026-08-07 22:57:01.808 | INFO     | N/A | ⏳ 等待 Profile 更新任务...
2026-08-07 22:57:06.838 | INFO     | N/A | ⏳ 等待 Profile 更新任务...
2026-08-07 22:57:11.864 | INFO     | N/A | ⏳ 等待 Profile 更新任务...
2026-08-07 22:57:16.890 | INFO     | N/A | ⏳ 等待 Profile 更新任务...
2026-08-07 22:57:21.917 | INFO     | N/A | ⏳ 等待 Profile 更新任务...
2026-08-07 22:57:26.949 | INFO     | N/A | ⏳ 等待 Profile 更新任务...
2026-08-07 22:57:31.973 | INFO     | N/A | ⏳ 等待 Profile 更新任务...
2026-08-07 22:57:37.003 | INFO     | N/A | ⏳ 等待 Profile 更新任务...
2026-08-07 22:57:42.028 | INFO     | N/A | ⏳ 等待 Profile 更新任务...
2026-08-07 22:57:47.059 | INFO     | N/A | ⏳ 等待 Profile 更新任务...
2026-08-07 22:57:52.089 | INFO     | N/A | ⏳ 等待 Profile 更新任务...
2026-08-07 22:57:57.117 | INFO     | N/A | ⏳ 等待 Profile 更新任务...
2026-08-07 22:58:02.144 | INFO     | N/A | ⏳ 等待 Profile 更新任务...
2026-08-07 22:58:07.171 | INFO     | N/A | ⏳ 等待 Profile 更新任务...
2026-08-07 22:58:12.198 | INFO     | N/A | ⏳ 等待 Profile 更新任务...
2026-08-07 22:58:17.225 | INFO     | N/A | ⏳ 等待 Profile 更新任务...
2026-08-07 22:58:22.254 | INFO     | N/A | ⏳ 等待 Profile 更新任务...
2026-08-07 22:58:27.284 | INFO     | N/A | ⏳ 等待 Profile 更新任务...
2026-08-07 22:58:32.312 | INFO     | N/A | ⏳ 等待 Profile 更新任务...
2026-08-07 22:58:37.340 | INFO     | N/A | ⏳ 等待 Profile 更新任务...
2026-08-07 22:58:42.370 | INFO     | N/A | ⏳ 等待 Profile 更新任务...
2026-08-07 22:58:47.459 | INFO     | N/A | ⏳ 等待 Profile 更新任务...
2026-08-07 22:58:52.485 | INFO     | N/A | ⏳ 等待 Profile 更新任务...
2026-08-07 22:58:57.515 | INFO     | N/A | ⏳ 等待 Profile 更新任务...
2026-08-07 22:59:02.545 | INFO     | N/A | ⏳ 等待 Profile 更新任务...
2026-08-07 22:59:07.573 | INFO     | N/A | ⏳ 等待 Profile 更新任务...
2026-08-07 22:59:12.601 | INFO     | N/A | ⏳ 等待 Profile 更新任务...
2026-08-07 22:59:17.633 | INFO     | N/A | ⏳ 等待 Profile 更新任务...
2026-08-07 22:59:22.663 | INFO     | N/A | ⏳ 等待 Profile 更新任务...
2026-08-07 22:59:27.691 | INFO     | N/A | ⏳ 等待 Profile 更新任务...
2026-08-07 22:59:32.721 | INFO     | N/A | ⏳ 等待 Profile 更新任务...
2026-08-07 22:59:37.752 | INFO     | N/A | ⏳ 等待 Profile 更新任务...
2026-08-07 22:59:42.780 | INFO     | N/A | ⏳ 等待 Profile 更新任务...
2026-08-07 22:59:47.809 | INFO     | N/A | ⏳ 等待 Profile 更新任务...
2026-08-07 22:59:52.839 | INFO     | N/A | ⏳ 等待 Profile 更新任务...
2026-08-07 22:59:57.870 | INFO     | N/A | ⏳ 等待 Profile 更新任务...
2026-08-07 23:00:02.897 | INFO     | N/A | ⏳ 等待 Profile 更新任务...
2026-08-07 23:00:07.925 | INFO     | N/A | ⏳ 等待 Profile 更新任务...
2026-08-07 23:00:12.957 | INFO     | N/A | ⏳ 等待 Profile 更新任务...
2026-08-07 23:00:17.986 | INFO     | N/A | ⏳ 等待 Profile 更新任务...
2026-08-07 23:00:23.013 | INFO     | N/A | ⏳ 等待 Profile 更新任务...
2026-08-07 23:00:28.041 | INFO     | N/A | ⏳ 等待 Profile 更新任务...
2026-08-07 23:00:33.120 | INFO     | N/A | ⏳ 等待 Profile 更新任务...
2026-08-07 23:00:38.149 | INFO     | N/A | ⏳ 等待 Profile 更新任务...
2026-08-07 23:00:43.176 | INFO     | N/A | ⏳ 等待 Profile 更新任务...
2026-08-07 23:00:48.202 | INFO     | N/A | ⏳ 等待 Profile 更新任务...
2026-08-07 23:00:53.232 | INFO     | N/A | ⏳ 等待 Profile 更新任务...
2026-08-07 23:00:58.262 | INFO     | N/A | ⏳ 等待 Profile 更新任务...
2026-08-07 23:01:03.290 | INFO     | N/A | ⏳ 等待 Profile 更新任务...
2026-08-07 23:01:08.320 | INFO     | N/A | ⏳ 等待 Profile 更新任务...
2026-08-07 23:01:13.351 | INFO     | N/A | ⏳ 等待 Profile 更新任务...
2026-08-07 23:01:18.380 | INFO     | N/A | ⏳ 等待 Profile 更新任务...
2026-08-07 23:01:23.409 | INFO     | N/A | ⏳ 等待 Profile 更新任务...
2026-08-07 23:01:28.438 | INFO     | N/A | ⏳ 等待 Profile 更新任务...
2026-08-07 23:01:33.466 | INFO     | N/A | ⏳ 等待 Profile 更新任务...
2026-08-07 23:01:38.498 | INFO     | N/A | ⏳ 等待 Profile 更新任务...
2026-08-07 23:01:43.528 | INFO     | N/A | ⏳ 等待 Profile 更新任务...
2026-08-07 23:01:48.554 | INFO     | N/A | ⏳ 等待 Profile 更新任务...
2026-08-07 23:01:53.581 | INFO     | N/A | ⏳ 等待 Profile 更新任务...
2026-08-07 23:01:58.611 | INFO     | N/A | ⏳ 等待 Profile 更新任务...
2026-08-07 23:02:03.640 | INFO     | N/A | ⏳ 等待 Profile 更新任务...
2026-08-07 23:02:08.669 | INFO     | N/A | ⏳ 等待 Profile 更新任务...
2026-08-07 23:02:13.699 | INFO     | N/A | ⏳ 等待 Profile 更新任务...
2026-08-07 23:02:18.727 | INFO     | N/A | ⏳ 等待 Profile 更新任务...
2026-08-07 23:02:23.755 | INFO     | N/A | ⏳ 等待 Profile 更新任务...
2026-08-07 23:02:28.783 | INFO     | N/A | ⏳ 等待 Profile 更新任务...
2026-08-07 23:02:33.813 | INFO     | N/A | ⏳ 等待 Profile 更新任务...
2026-08-07 23:02:38.844 | INFO     | N/A | ⏳ 等待 Profile 更新任务...
2026-08-07 23:02:43.872 | INFO     | N/A | ⏳ 等待 Profile 更新任务...
2026-08-07 23:02:48.899 | INFO     | N/A | ⏳ 等待 Profile 更新任务...
2026-08-07 23:02:53.928 | INFO     | N/A | ⏳ 等待 Profile 更新任务...
2026-08-07 23:02:58.957 | INFO     | N/A | ⏳ 等待 Profile 更新任务...
2026-08-07 23:03:03.985 | INFO     | N/A | ⏳ 等待 Profile 更新任务...
2026-08-07 23:03:09.015 | INFO     | N/A | ⏳ 等待 Profile 更新任务...
2026-08-07 23:03:14.043 | INFO     | N/A | ⏳ 等待 Profile 更新任务...
2026-08-07 23:03:19.070 | INFO     | N/A | ⏳ 等待 Profile 更新任务...
2026-08-07 23:03:24.101 | INFO     | N/A | ⏳ 等待 Profile 更新任务...
2026-08-07 23:03:29.131 | INFO     | N/A | ⏳ 等待 Profile 更新任务...
2026-08-07 23:03:34.160 | INFO     | N/A | ⏳ 等待 Profile 更新任务...
2026-08-07 23:03:39.190 | INFO     | N/A | ⏳ 等待 Profile 更新任务...
2026-08-07 23:03:44.216 | INFO     | N/A | ⏳ 等待 Profile 更新任务...
2026-08-07 23:03:49.242 | INFO     | N/A | ⏳ 等待 Profile 更新任务...
2026-08-07 23:03:54.271 | INFO     | N/A | ⏳ 等待 Profile 更新任务...
2026-08-07 23:03:59.299 | INFO     | N/A | ⏳ 等待 Profile 更新任务...
2026-08-07 23:04:04.326 | INFO     | N/A | ⏳ 等待 Profile 更新任务...
2026-08-07 23:04:09.356 | INFO     | N/A | ⏳ 等待 Profile 更新任务...
2026-08-07 23:04:14.383 | INFO     | N/A | ⏳ 等待 Profile 更新任务...
2026-08-07 23:04:19.411 | INFO     | N/A | ⏳ 等待 Profile 更新任务...
2026-08-07 23:04:24.441 | INFO     | N/A | ⏳ 等待 Profile 更新任务...
2026-08-07 23:04:29.469 | INFO     | N/A | ⏳ 等待 Profile 更新任务...
2026-08-07 23:04:34.502 | INFO     | N/A | ⏳ 等待 Profile 更新任务...
2026-08-07 23:04:39.529 | INFO     | N/A | ⏳ 等待 Profile 更新任务...
2026-08-07 23:04:44.556 | INFO     | N/A | ⏳ 等待 Profile 更新任务...
2026-08-07 23:04:49.583 | INFO     | N/A | ⏳ 等待 Profile 更新任务...
2026-08-07 23:04:54.612 | INFO     | N/A | ⏳ 等待 Profile 更新任务...
2026-08-07 23:04:59.641 | INFO     | N/A | ⏳ 等待 Profile 更新任务...
2026-08-07 23:05:04.670 | INFO     | N/A | ⏳ 等待 Profile 更新任务...
2026-08-07 23:05:09.700 | INFO     | N/A | ⏳ 等待 Profile 更新任务...
2026-08-07 23:05:14.729 | INFO     | N/A | ⏳ 等待 Profile 更新任务...
2026-08-07 23:05:19.759 | INFO     | N/A | ⏳ 等待 Profile 更新任务...
2026-08-07 23:05:24.786 | INFO     | N/A | ⏳ 等待 Profile 更新任务...
2026-08-07 23:05:29.815 | INFO     | N/A | ⏳ 等待 Profile 更新任务...
2026-08-07 23:05:34.840 | INFO     | N/A | ⏳ 等待 Profile 更新任务...
2026-08-07 23:05:39.870 | INFO     | N/A | ⏳ 等待 Profile 更新任务...
2026-08-07 23:05:44.900 | INFO     | N/A | ⏳ 等待 Profile 更新任务...
2026-08-07 23:05:49.926 | INFO     | N/A | ⏳ 等待 Profile 更新任务...
2026-08-07 23:05:54.953 | INFO     | N/A | ⏳ 等待 Profile 更新任务...
2026-08-07 23:05:59.982 | INFO     | N/A | ⏳ 等待 Profile 更新任务...
2026-08-07 23:06:05.010 | INFO     | N/A | ⏳ 等待 Profile 更新任务...
2026-08-07 23:06:10.050 | INFO     | N/A | ⏳ 等待 Profile 更新任务...
2026-08-07 23:06:15.078 | INFO     | N/A | ⏳ 等待 Profile 更新任务...
2026-08-07 23:06:20.107 | INFO     | N/A | ⏳ 等待 Profile 更新任务...
2026-08-07 23:06:25.132 | INFO     | N/A | ⏳ 等待 Profile 更新任务...
2026-08-07 23:06:30.161 | INFO     | N/A | ⏳ 等待 Profile 更新任务...
2026-08-07 23:06:35.190 | INFO     | N/A | ⏳ 等待 Profile 更新任务...
2026-08-07 23:06:40.221 | INFO     | N/A | ⏳ 等待 Profile 更新任务...
2026-08-07 23:06:45.251 | INFO     | N/A | ⏳ 等待 Profile 更新任务...
2026-08-07 23:06:50.280 | INFO     | N/A | ⏳ 等待 Profile 更新任务...
2026-08-07 23:06:55.308 | INFO     | N/A | ⏳ 等待 Profile 更新任务...
2026-08-07 23:07:00.336 | INFO     | N/A | ⏳ 等待 Profile 更新任务...
2026-08-07 23:07:05.365 | INFO     | N/A | ⏳ 等待 Profile 更新任务...
2026-08-07 23:07:10.392 | INFO     | N/A | ⏳ 等待 Profile 更新任务...
2026-08-07 23:07:15.422 | INFO     | N/A | ⏳ 等待 Profile 更新任务...
2026-08-07 23:07:20.452 | INFO     | N/A | ⏳ 等待 Profile 更新任务...
2026-08-07 23:07:25.481 | INFO     | N/A | ⏳ 等待 Profile 更新任务...
2026-08-07 23:07:30.511 | INFO     | N/A | ⏳ 等待 Profile 更新任务...
2026-08-07 23:07:35.540 | INFO     | N/A | ⏳ 等待 Profile 更新任务...
2026-08-07 23:07:40.569 | INFO     | N/A | ⏳ 等待 Profile 更新任务...
2026-08-07 23:07:45.598 | INFO     | N/A | ⏳ 等待 Profile 更新任务...
2026-08-07 23:07:50.625 | INFO     | N/A | ⏳ 等待 Profile 更新任务...
2026-08-07 23:07:55.653 | INFO     | N/A | ⏳ 等待 Profile 更新任务...
2026-08-07 23:08:00.680 | INFO     | N/A | ⏳ 等待 Profile 更新任务...
2026-08-07 23:08:05.709 | INFO     | N/A | ⏳ 等待 Profile 更新任务...
2026-08-07 23:08:10.735 | INFO     | N/A | ⏳ 等待 Profile 更新任务...
2026-08-07 23:08:15.765 | INFO     | N/A | ⏳ 等待 Profile 更新任务...
2026-08-07 23:08:20.795 | INFO     | N/A | ⏳ 等待 Profile 更新任务...
2026-08-07 23:08:25.823 | INFO     | N/A | ⏳ 等待 Profile 更新任务...
2026-08-07 23:08:30.854 | INFO     | N/A | ⏳ 等待 Profile 更新任务...
2026-08-07 23:08:35.883 | INFO     | N/A | ⏳ 等待 Profile 更新任务...
2026-08-07 23:08:40.914 | INFO     | N/A | ⏳ 等待 Profile 更新任务...
2026-08-07 23:08:45.940 | INFO     | N/A | ⏳ 等待 Profile 更新任务...
2026-08-07 23:08:50.968 | INFO     | N/A | ⏳ 等待 Profile 更新任务...
2026-08-07 23:08:55.994 | INFO     | N/A | ⏳ 等待 Profile 更新任务...
2026-08-07 23:09:01.023 | INFO     | N/A | ⏳ 等待 Profile 更新任务...
2026-08-07 23:09:06.050 | INFO     | N/A | ⏳ 等待 Profile 更新任务...
2026-08-07 23:09:11.081 | INFO     | N/A | ⏳ 等待 Profile 更新任务...
2026-08-07 23:09:16.106 | INFO     | N/A | ⏳ 等待 Profile 更新任务...
2026-08-07 23:09:21.135 | INFO     | N/A | ⏳ 等待 Profile 更新任务...
2026-08-07 23:09:26.164 | INFO     | N/A | ⏳ 等待 Profile 更新任务...
2026-08-07 23:09:31.192 | INFO     | N/A | ⏳ 等待 Profile 更新任务...
2026-08-07 23:09:36.219 | INFO     | N/A | ⏳ 等待 Profile 更新任务...
2026-08-07 23:09:41.249 | INFO     | N/A | ⏳ 等待 Profile 更新任务...
2026-08-07 23:09:46.275 | INFO     | N/A | ⏳ 等待 Profile 更新任务...
2026-08-07 23:09:51.302 | INFO     | N/A | ⏳ 等待 Profile 更新任务...
2026-08-07 23:09:56.329 | INFO     | N/A | ⏳ 等待 Profile 更新任务...
2026-08-07 23:10:01.360 | INFO     | N/A | ⏳ 等待 Profile 更新任务...
2026-08-07 23:10:06.397 | INFO     | N/A | ⏳ 等待 Profile 更新任务...
2026-08-07 23:10:11.425 | INFO     | N/A | ⏳ 等待 Profile 更新任务...
2026-08-07 23:10:16.452 | INFO     | N/A | ⏳ 等待 Profile 更新任务...
2026-08-07 23:10:21.482 | INFO     | N/A | ⏳ 等待 Profile 更新任务...
2026-08-07 23:10:26.509 | INFO     | N/A | ⏳ 等待 Profile 更新任务...
2026-08-07 23:10:31.539 | INFO     | N/A | ⏳ 等待 Profile 更新任务...
2026-08-07 23:10:36.565 | INFO     | N/A | ⏳ 等待 Profile 更新任务...
2026-08-07 23:10:41.593 | INFO     | N/A | ⏳ 等待 Profile 更新任务...
2026-08-07 23:10:46.622 | INFO     | N/A | ⏳ 等待 Profile 更新任务...
2026-08-07 23:10:51.646 | INFO     | N/A | ⏳ 等待 Profile 更新任务...
2026-08-07 23:10:56.673 | INFO     | N/A | ⏳ 等待 Profile 更新任务...
2026-08-07 23:11:01.701 | INFO     | N/A | ⏳ 等待 Profile 更新任务...
2026-08-07 23:11:06.732 | INFO     | N/A | ⏳ 等待 Profile 更新任务...
2026-08-07 23:11:11.761 | INFO     | N/A | ⏳ 等待 Profile 更新任务...
2026-08-07 23:11:16.853 | INFO     | N/A | ⏳ 等待 Profile 更新任务...
2026-08-07 23:11:21.882 | INFO     | N/A | ⏳ 等待 Profile 更新任务...
2026-08-07 23:11:26.913 | INFO     | N/A | ⏳ 等待 Profile 更新任务...
2026-08-07 23:11:31.940 | INFO     | N/A | ⏳ 等待 Profile 更新任务...
2026-08-07 23:11:36.969 | INFO     | N/A | ⏳ 等待 Profile 更新任务...
2026-08-07 23:11:42.012 | INFO     | N/A | ⏳ 等待 Profile 更新任务...
2026-08-07 23:11:47.030 | INFO     | N/A | ⏳ 等待 Profile 更新任务...
2026-08-07 23:11:52.056 | INFO     | N/A | ⏳ 等待 Profile 更新任务...
2026-08-07 23:11:57.081 | INFO     | N/A | ⏳ 等待 Profile 更新任务...
2026-08-07 23:12:02.107 | INFO     | N/A | ⏳ 等待 Profile 更新任务...
2026-08-07 23:12:07.136 | INFO     | N/A | ⏳ 等待 Profile 更新任务...
2026-08-07 23:12:12.166 | INFO     | N/A | ⏳ 等待 Profile 更新任务...
2026-08-07 23:12:17.197 | INFO     | N/A | ⏳ 等待 Profile 更新任务...
2026-08-07 23:12:22.224 | INFO     | N/A | ⏳ 等待 Profile 更新任务...
2026-08-07 23:12:27.252 | INFO     | N/A | ⏳ 等待 Profile 更新任务...
2026-08-07 23:12:32.280 | INFO     | N/A | ⏳ 等待 Profile 更新任务...
2026-08-07 23:12:37.309 | INFO     | N/A | ⏳ 等待 Profile 更新任务...
2026-08-07 23:12:42.337 | INFO     | N/A | ⏳ 等待 Profile 更新任务...
2026-08-07 23:12:47.366 | INFO     | N/A | ⏳ 等待 Profile 更新任务...
2026-08-07 23:12:52.394 | INFO     | N/A | ⏳ 等待 Profile 更新任务...
2026-08-07 23:12:57.420 | INFO     | N/A | ⏳ 等待 Profile 更新任务...
2026-08-07 23:13:02.447 | INFO     | N/A | ⏳ 等待 Profile 更新任务...
2026-08-07 23:13:07.479 | INFO     | N/A | ⏳ 等待 Profile 更新任务...
2026-08-07 23:13:12.508 | INFO     | N/A | ⏳ 等待 Profile 更新任务...
2026-08-07 23:13:17.535 | INFO     | N/A | ⏳ 等待 Profile 更新任务...
2026-08-07 23:13:22.563 | INFO     | N/A | ⏳ 等待 Profile 更新任务...
2026-08-07 23:13:27.593 | INFO     | N/A | ⏳ 等待 Profile 更新任务...
2026-08-07 23:13:32.621 | INFO     | N/A | ⏳ 等待 Profile 更新任务...
2026-08-07 23:13:37.648 | INFO     | N/A | ⏳ 等待 Profile 更新任务...
2026-08-07 23:13:42.679 | INFO     | N/A | ⏳ 等待 Profile 更新任务...
2026-08-07 23:13:47.705 | INFO     | N/A | ⏳ 等待 Profile 更新任务...
2026-08-07 23:13:52.730 | INFO     | N/A | ⏳ 等待 Profile 更新任务...
2026-08-07 23:13:57.760 | INFO     | N/A | ⏳ 等待 Profile 更新任务...
2026-08-07 23:14:02.789 | INFO     | N/A | ⏳ 等待 Profile 更新任务...
2026-08-07 23:14:07.818 | INFO     | N/A | ⏳ 等待 Profile 更新任务...
2026-08-07 23:14:12.849 | INFO     | N/A | ⏳ 等待 Profile 更新任务...
2026-08-07 23:14:17.878 | INFO     | N/A | ⏳ 等待 Profile 更新任务...
2026-08-07 23:14:22.908 | INFO     | N/A | ⏳ 等待 Profile 更新任务...
2026-08-07 23:14:27.935 | INFO     | N/A | ⏳ 等待 Profile 更新任务...
2026-08-07 23:14:32.986 | INFO     | N/A | ⏳ 等待 Profile 更新任务...
2026-08-07 23:14:38.015 | INFO     | N/A | ⏳ 等待 Profile 更新任务...
2026-08-07 23:14:43.044 | INFO     | N/A | ⏳ 等待 Profile 更新任务...
2026-08-07 23:14:48.073 | INFO     | N/A | ⏳ 等待 Profile 更新任务...
2026-08-07 23:14:53.101 | INFO     | N/A | ⏳ 等待 Profile 更新任务...
2026-08-07 23:14:58.127 | INFO     | N/A | ⏳ 等待 Profile 更新任务...
2026-08-07 23:15:03.155 | INFO     | N/A | ⏳ 等待 Profile 更新任务...
2026-08-07 23:15:08.184 | INFO     | N/A | ⏳ 等待 Profile 更新任务...
2026-08-07 23:15:13.213 | INFO     | N/A | ⏳ 等待 Profile 更新任务...
2026-08-07 23:15:18.242 | INFO     | N/A | ⏳ 等待 Profile 更新任务...
2026-08-07 23:15:23.269 | INFO     | N/A | ⏳ 等待 Profile 更新任务...
2026-08-07 23:15:28.296 | INFO     | N/A | ⏳ 等待 Profile 更新任务...
2026-08-07 23:15:33.323 | INFO     | N/A | ⏳ 等待 Profile 更新任务...
2026-08-07 23:15:38.353 | INFO     | N/A | ⏳ 等待 Profile 更新任务...
2026-08-07 23:15:43.390 | INFO     | N/A | ⏳ 等待 Profile 更新任务...
2026-08-07 23:15:48.418 | INFO     | N/A | ⏳ 等待 Profile 更新任务...
2026-08-07 23:15:53.446 | INFO     | N/A | ⏳ 等待 Profile 更新任务...
2026-08-07 23:15:58.474 | INFO     | N/A | ⏳ 等待 Profile 更新任务...
2026-08-07 23:16:03.498 | INFO     | N/A | ⏳ 等待 Profile 更新任务...
2026-08-07 23:16:08.527 | INFO     | N/A | ⏳ 等待 Profile 更新任务...
2026-08-07 23:16:13.557 | INFO     | N/A | ⏳ 等待 Profile 更新任务...
2026-08-07 23:16:18.585 | INFO     | N/A | ⏳ 等待 Profile 更新任务...
2026-08-07 23:16:23.616 | INFO     | N/A | ⏳ 等待 Profile 更新任务...
2026-08-07 23:16:28.647 | INFO     | N/A | ⏳ 等待 Profile 更新任务...
2026-08-07 23:16:33.676 | INFO     | N/A | ⏳ 等待 Profile 更新任务...
2026-08-07 23:16:38.703 | INFO     | N/A | ⏳ 等待 Profile 更新任务...
2026-08-07 23:16:43.731 | INFO     | N/A | ⏳ 等待 Profile 更新任务...
2026-08-07 23:16:48.760 | INFO     | N/A | ⏳ 等待 Profile 更新任务...
2026-08-07 23:16:53.787 | INFO     | N/A | ⏳ 等待 Profile 更新任务...
2026-08-07 23:16:58.816 | INFO     | N/A | ⏳ 等待 Profile 更新任务...
2026-08-07 23:17:03.841 | INFO     | N/A | ⏳ 等待 Profile 更新任务...
2026-08-07 23:17:08.873 | INFO     | N/A | ⏳ 等待 Profile 更新任务...
2026-08-07 23:17:13.898 | INFO     | N/A | ⏳ 等待 Profile 更新任务...
2026-08-07 23:17:18.925 | INFO     | N/A | ⏳ 等待 Profile 更新任务...
2026-08-07 23:17:23.954 | INFO     | N/A | ⏳ 等待 Profile 更新任务...
2026-08-07 23:17:28.981 | INFO     | N/A | ⏳ 等待 Profile 更新任务...
2026-08-07 23:17:34.008 | INFO     | N/A | ⏳ 等待 Profile 更新任务...
2026-08-07 23:17:39.039 | INFO     | N/A | ⏳ 等待 Profile 更新任务...
2026-08-07 23:17:44.067 | INFO     | N/A | ⏳ 等待 Profile 更新任务...
2026-08-07 23:17:49.096 | INFO     | N/A | ⏳ 等待 Profile 更新任务...
2026-08-07 23:17:54.125 | INFO     | N/A | ⏳ 等待 Profile 更新任务...
2026-08-07 23:17:59.154 | INFO     | N/A | ⏳ 等待 Profile 更新任务...
2026-08-07 23:18:04.181 | INFO     | N/A | ⏳ 等待 Profile 更新任务...
2026-08-07 23:18:09.212 | INFO     | N/A | ⏳ 等待 Profile 更新任务...
2026-08-07 23:18:14.239 | INFO     | N/A | ⏳ 等待 Profile 更新任务...
2026-08-07 23:18:19.267 | INFO     | N/A | ⏳ 等待 Profile 更新任务...
2026-08-07 23:18:24.294 | INFO     | N/A | ⏳ 等待 Profile 更新任务...
2026-08-07 23:18:29.321 | INFO     | N/A | ⏳ 等待 Profile 更新任务...
2026-08-07 23:18:34.390 | INFO     | N/A | ⏳ 等待 Profile 更新任务...
2026-08-07 23:18:39.423 | INFO     | N/A | ⏳ 等待 Profile 更新任务...
2026-08-07 23:18:44.452 | INFO     | N/A | ⏳ 等待 Profile 更新任务...
2026-08-07 23:18:49.480 | INFO     | N/A | ⏳ 等待 Profile 更新任务...
2026-08-07 23:18:54.508 | INFO     | N/A | ⏳ 等待 Profile 更新任务...
2026-08-07 23:18:59.536 | INFO     | N/A | ⏳ 等待 Profile 更新任务...
2026-08-07 23:19:04.562 | INFO     | N/A | ⏳ 等待 Profile 更新任务...
2026-08-07 23:19:09.591 | INFO     | N/A | ⏳ 等待 Profile 更新任务...
2026-08-07 23:19:14.618 | INFO     | N/A | ⏳ 等待 Profile 更新任务...
2026-08-07 23:19:19.645 | INFO     | N/A | ⏳ 等待 Profile 更新任务...
2026-08-07 23:19:24.672 | INFO     | N/A | ⏳ 等待 Profile 更新任务...
2026-08-07 23:19:29.703 | INFO     | N/A | ⏳ 等待 Profile 更新任务...
2026-08-07 23:19:34.730 | INFO     | N/A | ⏳ 等待 Profile 更新任务...
2026-08-07 23:19:39.762 | INFO     | N/A | ⏳ 等待 Profile 更新任务...
2026-08-07 23:19:44.790 | INFO     | N/A | ⏳ 等待 Profile 更新任务...
2026-08-07 23:19:49.821 | INFO     | N/A | ⏳ 等待 Profile 更新任务...
2026-08-07 23:19:54.850 | INFO     | N/A | ⏳ 等待 Profile 更新任务...
2026-08-07 23:19:59.877 | INFO     | N/A | ⏳ 等待 Profile 更新任务...
2026-08-07 23:20:04.903 | INFO     | N/A | ⏳ 等待 Profile 更新任务...
2026-08-07 23:20:09.935 | INFO     | N/A | ⏳ 等待 Profile 更新任务...
2026-08-07 23:20:14.963 | INFO     | N/A | ⏳ 等待 Profile 更新任务...
2026-08-07 23:20:19.989 | INFO     | N/A | ⏳ 等待 Profile 更新任务...
2026-08-07 23:20:25.018 | INFO     | N/A | ⏳ 等待 Profile 更新任务...
2026-08-07 23:20:30.048 | INFO     | N/A | ⏳ 等待 Profile 更新任务...
2026-08-07 23:20:35.075 | INFO     | N/A | ⏳ 等待 Profile 更新任务...
2026-08-07 23:20:40.108 | INFO     | N/A | ⏳ 等待 Profile 更新任务...
2026-08-07 23:20:45.134 | INFO     | N/A | ⏳ 等待 Profile 更新任务...
2026-08-07 23:20:50.160 | INFO     | N/A | ⏳ 等待 Profile 更新任务...
2026-08-07 23:20:55.188 | INFO     | N/A | ⏳ 等待 Profile 更新任务...
2026-08-07 23:21:00.217 | INFO     | N/A | ⏳ 等待 Profile 更新任务...
2026-08-07 23:21:05.245 | INFO     | N/A | ⏳ 等待 Profile 更新任务...
2026-08-07 23:21:10.278 | INFO     | N/A | ⏳ 等待 Profile 更新任务...
2026-08-07 23:21:15.337 | INFO     | N/A | ⏳ 等待 Profile 更新任务...
2026-08-07 23:21:20.367 | INFO     | N/A | ⏳ 等待 Profile 更新任务...
2026-08-07 23:21:25.395 | INFO     | N/A | ⏳ 等待 Profile 更新任务...
2026-08-07 23:21:30.424 | INFO     | N/A | ⏳ 等待 Profile 更新任务...
2026-08-07 23:21:35.450 | INFO     | N/A | ⏳ 等待 Profile 更新任务...
2026-08-07 23:21:40.483 | INFO     | N/A | ⏳ 等待 Profile 更新任务...
2026-08-07 23:21:45.524 | INFO     | N/A | ⏳ 等待 Profile 更新任务...
2026-08-07 23:21:50.555 | INFO     | N/A | ⏳ 等待 Profile 更新任务...
2026-08-07 23:21:55.583 | INFO     | N/A | ⏳ 等待 Profile 更新任务...
2026-08-07 23:22:00.611 | INFO     | N/A | ⏳ 等待 Profile 更新任务...
2026-08-07 23:22:05.639 | INFO     | N/A | ⏳ 等待 Profile 更新任务...
2026-08-07 23:22:10.671 | INFO     | N/A | ⏳ 等待 Profile 更新任务...
2026-08-07 23:22:15.699 | INFO     | N/A | ⏳ 等待 Profile 更新任务...
2026-08-07 23:22:20.728 | INFO     | N/A | ⏳ 等待 Profile 更新任务...
2026-08-07 23:22:25.757 | INFO     | N/A | ⏳ 等待 Profile 更新任务...
2026-08-07 23:22:30.784 | INFO     | N/A | ⏳ 等待 Profile 更新任务...
2026-08-07 23:22:35.812 | INFO     | N/A | ⏳ 等待 Profile 更新任务...
2026-08-07 23:22:40.860 | INFO     | N/A | ⏳ 等待 Profile 更新任务...
2026-08-07 23:22:45.889 | INFO     | N/A | ⏳ 等待 Profile 更新任务...
2026-08-07 23:22:50.916 | INFO     | N/A | ⏳ 等待 Profile 更新任务...
2026-08-07 23:22:55.945 | INFO     | N/A | ⏳ 等待 Profile 更新任务...
2026-08-07 23:23:00.975 | INFO     | N/A | ⏳ 等待 Profile 更新任务...
2026-08-07 23:23:06.003 | INFO     | N/A | ⏳ 等待 Profile 更新任务...
2026-08-07 23:23:11.032 | INFO     | N/A | ⏳ 等待 Profile 更新任务...
2026-08-07 23:23:16.060 | INFO     | N/A | ⏳ 等待 Profile 更新任务...
2026-08-07 23:23:21.085 | INFO     | N/A | ⏳ 等待 Profile 更新任务...
2026-08-07 23:23:26.115 | INFO     | N/A | ⏳ 等待 Profile 更新任务...
2026-08-07 23:23:31.141 | INFO     | N/A | ⏳ 等待 Profile 更新任务...
2026-08-07 23:23:36.169 | INFO     | N/A | ⏳ 等待 Profile 更新任务...
2026-08-07 23:23:41.200 | INFO     | N/A | ⏳ 等待 Profile 更新任务...
2026-08-07 23:23:46.227 | INFO     | N/A | ⏳ 等待 Profile 更新任务...
2026-08-07 23:23:51.254 | INFO     | N/A | ⏳ 等待 Profile 更新任务...
2026-08-07 23:23:56.282 | INFO     | N/A | ⏳ 等待 Profile 更新任务...
2026-08-07 23:24:01.313 | INFO     | N/A | ⏳ 等待 Profile 更新任务...
2026-08-07 23:24:06.340 | INFO     | N/A | ⏳ 等待 Profile 更新任务...
2026-08-07 23:24:11.370 | INFO     | N/A | ⏳ 等待 Profile 更新任务...
2026-08-07 23:24:16.397 | INFO     | N/A | ⏳ 等待 Profile 更新任务...
2026-08-07 23:24:21.427 | INFO     | N/A | ⏳ 等待 Profile 更新任务...
2026-08-07 23:24:26.454 | INFO     | N/A | ⏳ 等待 Profile 更新任务...
2026-08-07 23:24:31.481 | INFO     | N/A | ⏳ 等待 Profile 更新任务...
2026-08-07 23:24:36.509 | INFO     | N/A | ⏳ 等待 Profile 更新任务...
2026-08-07 23:24:41.539 | INFO     | N/A | ⏳ 等待 Profile 更新任务...
2026-08-07 23:24:46.568 | INFO     | N/A | ⏳ 等待 Profile 更新任务...
2026-08-07 23:24:51.597 | INFO     | N/A | ⏳ 等待 Profile 更新任务...
2026-08-07 23:24:56.624 | INFO     | N/A | ⏳ 等待 Profile 更新任务...
2026-08-07 23:25:01.651 | INFO     | N/A | ⏳ 等待 Profile 更新任务...
2026-08-07 23:25:06.678 | INFO     | N/A | ⏳ 等待 Profile 更新任务...
2026-08-07 23:25:11.710 | INFO     | N/A | ⏳ 等待 Profile 更新任务...
2026-08-07 23:25:16.738 | INFO     | N/A | ⏳ 等待 Profile 更新任务...
2026-08-07 23:25:21.767 | INFO     | N/A | ⏳ 等待 Profile 更新任务...
2026-08-07 23:25:26.794 | INFO     | N/A | ⏳ 等待 Profile 更新任务...
2026-08-07 23:25:31.819 | INFO     | N/A | ⏳ 等待 Profile 更新任务...
2026-08-07 23:25:36.847 | INFO     | N/A | ⏳ 等待 Profile 更新任务...
2026-08-07 23:25:41.876 | INFO     | N/A | ⏳ 等待 Profile 更新任务...
2026-08-07 23:25:46.904 | INFO     | N/A | ⏳ 等待 Profile 更新任务...
2026-08-07 23:25:51.930 | INFO     | N/A | ⏳ 等待 Profile 更新任务...
2026-08-07 23:25:56.960 | INFO     | N/A | ⏳ 等待 Profile 更新任务...
2026-08-07 23:26:01.989 | INFO     | N/A | ⏳ 等待 Profile 更新任务...
2026-08-07 23:26:07.017 | INFO     | N/A | ⏳ 等待 Profile 更新任务...
2026-08-07 23:26:12.045 | INFO     | N/A | ⏳ 等待 Profile 更新任务...
2026-08-07 23:26:17.072 | INFO     | N/A | ⏳ 等待 Profile 更新任务...
2026-08-07 23:26:22.131 | INFO     | N/A | ⏳ 等待 Profile 更新任务...
2026-08-07 23:26:27.159 | INFO     | N/A | ⏳ 等待 Profile 更新任务...
2026-08-07 23:26:32.187 | INFO     | N/A | ⏳ 等待 Profile 更新任务...
2026-08-07 23:26:37.215 | INFO     | N/A | ⏳ 等待 Profile 更新任务...
2026-08-07 23:26:42.244 | INFO     | N/A | ⏳ 等待 Profile 更新任务...
2026-08-07 23:26:47.272 | INFO     | N/A | ⏳ 等待 Profile 更新任务...
2026-08-07 23:26:52.298 | INFO     | N/A | ⏳ 等待 Profile 更新任务...
2026-08-07 23:26:57.325 | INFO     | N/A | ⏳ 等待 Profile 更新任务...
