2026-07-22 01:15:05.521 | ERROR    | N/A | Worker 主循环异常: Timeout reading from socket
Traceback (most recent call last):

  File "D:\毕业设计\Travel_python\.venv\Lib\site-packages\redis\_parsers\socket.py", line 64, in _read_from_socket
    data = sock.recv(socket_read_size)

TimeoutError: timed out


During handling of the above exception, another exception occurred:


Traceback (most recent call last):

  File "D:\毕业设计\Travel_python\travel_ai_python\app\service\profile_worker.py", line 194, in <module>
    run_worker()

> File "D:\毕业设计\Travel_python\travel_ai_python\app\service\profile_worker.py", line 169, in run_worker
    task_data = pop_profile_update_task(block=True, timeout=5)

  File "D:\毕业设计\Travel_python\travel_ai_python\app\utils\redis_client.py", line 43, in pop_profile_update_task
    result = redis_client.brpop(PROFILE_UPDATE_QUEUE, timeout=timeout)

  File "D:\毕业设计\Travel_python\.venv\Lib\site-packages\redis\commands\core.py", line 4751, in brpop
    return self.execute_command("BRPOP", *keys)
  File "D:\毕业设计\Travel_python\.venv\Lib\site-packages\redis\client.py", line 787, in execute_command
    return self._execute_command(*args, **options)
  File "D:\毕业设计\Travel_python\.venv\Lib\site-packages\redis\client.py", line 809, in _execute_command
    result = conn.retry.call_with_retry(
  File "D:\毕业设计\Travel_python\.venv\Lib\site-packages\redis\retry.py", line 132, in call_with_retry
    raise error
  File "D:\毕业设计\Travel_python\.venv\Lib\site-packages\redis\retry.py", line 120, in call_with_retry
    return do()
  File "D:\毕业设计\Travel_python\.venv\Lib\site-packages\redis\client.py", line 810, in <lambda>
    lambda: self._send_command_parse_response(
  File "D:\毕业设计\Travel_python\.venv\Lib\site-packages\redis\client.py", line 753, in _send_command_parse_response
    return self.parse_response(conn, command_name, **options)
  File "D:\毕业设计\Travel_python\.venv\Lib\site-packages\redis\client.py", line 853, in parse_response
    response = connection.read_response()
  File "D:\毕业设计\Travel_python\.venv\Lib\site-packages\redis\connection.py", line 1371, in read_response
    response = self._parser.read_response(
  File "D:\毕业设计\Travel_python\.venv\Lib\site-packages\redis\_parsers\resp3.py", line 40, in read_response
    result = self._read_response(
  File "D:\毕业设计\Travel_python\.venv\Lib\site-packages\redis\_parsers\resp3.py", line 65, in _read_response
    raw = self._buffer.readline(timeout=timeout)
  File "D:\毕业设计\Travel_python\.venv\Lib\site-packages\redis\_parsers\socket.py", line 117, in readline
    self._read_from_socket(timeout=timeout)
  File "D:\毕业设计\Travel_python\.venv\Lib\site-packages\redis\_parsers\socket.py", line 77, in _read_from_socket
    raise TimeoutError("Timeout reading from socket")

redis.exceptions.TimeoutError: Timeout reading from socket
2026-07-22 01:15:06.569 | INFO     | N/A | ⏳ 等待 Profile 更新任务...
2026-07-22 09:23:09.653 | ERROR    | N/A | Worker 主循环异常: Timeout connecting to server
Traceback (most recent call last):

  File "D:\毕业设计\Travel_python\.venv\Lib\site-packages\redis\connection.py", line 1033, in connect_check_health
    sock = self._connect()
  File "D:\毕业设计\Travel_python\.venv\Lib\site-packages\redis\connection.py", line 1581, in _connect
    raise err
  File "D:\毕业设计\Travel_python\.venv\Lib\site-packages\redis\connection.py", line 1565, in _connect
    sock.connect(socket_address)

TimeoutError: timed out


During handling of the above exception, another exception occurred:


Traceback (most recent call last):

  File "D:\毕业设计\Travel_python\travel_ai_python\app\service\profile_worker.py", line 194, in <module>
    run_worker()

> File "D:\毕业设计\Travel_python\travel_ai_python\app\service\profile_worker.py", line 169, in run_worker
    task_data = pop_profile_update_task(block=True, timeout=5)

  File "D:\毕业设计\Travel_python\travel_ai_python\app\utils\redis_client.py", line 43, in pop_profile_update_task
    result = redis_client.brpop(PROFILE_UPDATE_QUEUE, timeout=timeout)

  File "D:\毕业设计\Travel_python\.venv\Lib\site-packages\redis\commands\core.py", line 4751, in brpop
    return self.execute_command("BRPOP", *keys)
  File "D:\毕业设计\Travel_python\.venv\Lib\site-packages\redis\client.py", line 787, in execute_command
    return self._execute_command(*args, **options)
  File "D:\毕业设计\Travel_python\.venv\Lib\site-packages\redis\client.py", line 793, in _execute_command
    conn = self.connection or pool.get_connection()
  File "D:\毕业设计\Travel_python\.venv\Lib\site-packages\redis\utils.py", line 258, in wrapper
    return func(*args, **kwargs)
  File "D:\毕业设计\Travel_python\.venv\Lib\site-packages\redis\connection.py", line 3139, in get_connection
    connection.connect()
  File "D:\毕业设计\Travel_python\.venv\Lib\site-packages\redis\connection.py", line 1006, in connect
    self.retry.call_with_retry(
  File "D:\毕业设计\Travel_python\.venv\Lib\site-packages\redis\retry.py", line 132, in call_with_retry
    raise error
  File "D:\毕业设计\Travel_python\.venv\Lib\site-packages\redis\retry.py", line 120, in call_with_retry
    return do()
  File "D:\毕业设计\Travel_python\.venv\Lib\site-packages\redis\connection.py", line 1007, in <lambda>
    lambda: self.connect_check_health(
  File "D:\毕业设计\Travel_python\.venv\Lib\site-packages\redis\connection.py", line 1044, in connect_check_health
    raise e

redis.exceptions.TimeoutError: Timeout connecting to server
2026-07-22 09:23:11.227 | INFO     | N/A | ⏳ 等待 Profile 更新任务...
2026-07-22 09:23:11.229 | ERROR    | N/A | Worker 主循环异常: Error 10065 connecting to 192.168.71.140:6379. 套接字操作尝试一个无法连接的主机。.
Traceback (most recent call last):

  File "D:\毕业设计\Travel_python\.venv\Lib\site-packages\redis\connection.py", line 1033, in connect_check_health
    sock = self._connect()
  File "D:\毕业设计\Travel_python\.venv\Lib\site-packages\redis\connection.py", line 1581, in _connect
    raise err
  File "D:\毕业设计\Travel_python\.venv\Lib\site-packages\redis\connection.py", line 1565, in _connect
    sock.connect(socket_address)

OSError: [WinError 10065] 套接字操作尝试一个无法连接的主机。


During handling of the above exception, another exception occurred:


Traceback (most recent call last):

  File "D:\毕业设计\Travel_python\travel_ai_python\app\service\profile_worker.py", line 194, in <module>
    run_worker()

> File "D:\毕业设计\Travel_python\travel_ai_python\app\service\profile_worker.py", line 169, in run_worker
    task_data = pop_profile_update_task(block=True, timeout=5)

  File "D:\毕业设计\Travel_python\travel_ai_python\app\utils\redis_client.py", line 43, in pop_profile_update_task
    result = redis_client.brpop(PROFILE_UPDATE_QUEUE, timeout=timeout)

  File "D:\毕业设计\Travel_python\.venv\Lib\site-packages\redis\commands\core.py", line 4751, in brpop
    return self.execute_command("BRPOP", *keys)
  File "D:\毕业设计\Travel_python\.venv\Lib\site-packages\redis\client.py", line 787, in execute_command
    return self._execute_command(*args, **options)
  File "D:\毕业设计\Travel_python\.venv\Lib\site-packages\redis\client.py", line 793, in _execute_command
    conn = self.connection or pool.get_connection()
  File "D:\毕业设计\Travel_python\.venv\Lib\site-packages\redis\utils.py", line 258, in wrapper
    return func(*args, **kwargs)
  File "D:\毕业设计\Travel_python\.venv\Lib\site-packages\redis\connection.py", line 3139, in get_connection
    connection.connect()
  File "D:\毕业设计\Travel_python\.venv\Lib\site-packages\redis\connection.py", line 1006, in connect
    self.retry.call_with_retry(
  File "D:\毕业设计\Travel_python\.venv\Lib\site-packages\redis\retry.py", line 132, in call_with_retry
    raise error
  File "D:\毕业设计\Travel_python\.venv\Lib\site-packages\redis\retry.py", line 120, in call_with_retry
    return do()
  File "D:\毕业设计\Travel_python\.venv\Lib\site-packages\redis\connection.py", line 1007, in <lambda>
    lambda: self.connect_check_health(
  File "D:\毕业设计\Travel_python\.venv\Lib\site-packages\redis\connection.py", line 1055, in connect_check_health
    raise e

redis.exceptions.ConnectionError: Error 10065 connecting to 192.168.71.140:6379. 套接字操作尝试一个无法连接的主机。.
2026-07-22 09:23:14.042 | INFO     | N/A | ⏳ 等待 Profile 更新任务...
2026-07-22 09:23:19.049 | ERROR    | N/A | Worker 主循环异常: Timeout connecting to server
Traceback (most recent call last):

  File "D:\毕业设计\Travel_python\.venv\Lib\site-packages\redis\connection.py", line 1033, in connect_check_health
    sock = self._connect()
  File "D:\毕业设计\Travel_python\.venv\Lib\site-packages\redis\connection.py", line 1581, in _connect
    raise err
  File "D:\毕业设计\Travel_python\.venv\Lib\site-packages\redis\connection.py", line 1565, in _connect
    sock.connect(socket_address)

TimeoutError: timed out


During handling of the above exception, another exception occurred:


Traceback (most recent call last):

  File "D:\毕业设计\Travel_python\travel_ai_python\app\service\profile_worker.py", line 194, in <module>
    run_worker()

> File "D:\毕业设计\Travel_python\travel_ai_python\app\service\profile_worker.py", line 169, in run_worker
    task_data = pop_profile_update_task(block=True, timeout=5)

  File "D:\毕业设计\Travel_python\travel_ai_python\app\utils\redis_client.py", line 43, in pop_profile_update_task
    result = redis_client.brpop(PROFILE_UPDATE_QUEUE, timeout=timeout)

  File "D:\毕业设计\Travel_python\.venv\Lib\site-packages\redis\commands\core.py", line 4751, in brpop
    return self.execute_command("BRPOP", *keys)
  File "D:\毕业设计\Travel_python\.venv\Lib\site-packages\redis\client.py", line 787, in execute_command
    return self._execute_command(*args, **options)
  File "D:\毕业设计\Travel_python\.venv\Lib\site-packages\redis\client.py", line 793, in _execute_command
    conn = self.connection or pool.get_connection()
  File "D:\毕业设计\Travel_python\.venv\Lib\site-packages\redis\utils.py", line 258, in wrapper
    return func(*args, **kwargs)
  File "D:\毕业设计\Travel_python\.venv\Lib\site-packages\redis\connection.py", line 3139, in get_connection
    connection.connect()
  File "D:\毕业设计\Travel_python\.venv\Lib\site-packages\redis\connection.py", line 1006, in connect
    self.retry.call_with_retry(
  File "D:\毕业设计\Travel_python\.venv\Lib\site-packages\redis\retry.py", line 132, in call_with_retry
    raise error
  File "D:\毕业设计\Travel_python\.venv\Lib\site-packages\redis\retry.py", line 120, in call_with_retry
    return do()
  File "D:\毕业设计\Travel_python\.venv\Lib\site-packages\redis\connection.py", line 1007, in <lambda>
    lambda: self.connect_check_health(
  File "D:\毕业设计\Travel_python\.venv\Lib\site-packages\redis\connection.py", line 1044, in connect_check_health
    raise e

redis.exceptions.TimeoutError: Timeout connecting to server
2026-07-22 09:23:20.062 | INFO     | N/A | ⏳ 等待 Profile 更新任务...
2026-07-22 09:23:25.066 | ERROR    | N/A | Worker 主循环异常: Timeout connecting to server
Traceback (most recent call last):

  File "D:\毕业设计\Travel_python\.venv\Lib\site-packages\redis\connection.py", line 1033, in connect_check_health
    sock = self._connect()
  File "D:\毕业设计\Travel_python\.venv\Lib\site-packages\redis\connection.py", line 1581, in _connect
    raise err
  File "D:\毕业设计\Travel_python\.venv\Lib\site-packages\redis\connection.py", line 1565, in _connect
    sock.connect(socket_address)

TimeoutError: timed out


During handling of the above exception, another exception occurred:


Traceback (most recent call last):

  File "D:\毕业设计\Travel_python\travel_ai_python\app\service\profile_worker.py", line 194, in <module>
    run_worker()

> File "D:\毕业设计\Travel_python\travel_ai_python\app\service\profile_worker.py", line 169, in run_worker
    task_data = pop_profile_update_task(block=True, timeout=5)

  File "D:\毕业设计\Travel_python\travel_ai_python\app\utils\redis_client.py", line 43, in pop_profile_update_task
    result = redis_client.brpop(PROFILE_UPDATE_QUEUE, timeout=timeout)

  File "D:\毕业设计\Travel_python\.venv\Lib\site-packages\redis\commands\core.py", line 4751, in brpop
    return self.execute_command("BRPOP", *keys)
  File "D:\毕业设计\Travel_python\.venv\Lib\site-packages\redis\client.py", line 787, in execute_command
    return self._execute_command(*args, **options)
  File "D:\毕业设计\Travel_python\.venv\Lib\site-packages\redis\client.py", line 793, in _execute_command
    conn = self.connection or pool.get_connection()
  File "D:\毕业设计\Travel_python\.venv\Lib\site-packages\redis\utils.py", line 258, in wrapper
    return func(*args, **kwargs)
  File "D:\毕业设计\Travel_python\.venv\Lib\site-packages\redis\connection.py", line 3139, in get_connection
    connection.connect()
  File "D:\毕业设计\Travel_python\.venv\Lib\site-packages\redis\connection.py", line 1006, in connect
    self.retry.call_with_retry(
  File "D:\毕业设计\Travel_python\.venv\Lib\site-packages\redis\retry.py", line 132, in call_with_retry
    raise error
  File "D:\毕业设计\Travel_python\.venv\Lib\site-packages\redis\retry.py", line 120, in call_with_retry
    return do()
  File "D:\毕业设计\Travel_python\.venv\Lib\site-packages\redis\connection.py", line 1007, in <lambda>
    lambda: self.connect_check_health(
  File "D:\毕业设计\Travel_python\.venv\Lib\site-packages\redis\connection.py", line 1044, in connect_check_health
    raise e

redis.exceptions.TimeoutError: Timeout connecting to server
2026-07-22 09:23:26.073 | INFO     | N/A | ⏳ 等待 Profile 更新任务...
2026-07-22 09:23:31.088 | INFO     | N/A | ⏳ 等待 Profile 更新任务...
2026-07-22 09:23:36.104 | INFO     | N/A | ⏳ 等待 Profile 更新任务...
2026-07-22 09:23:41.121 | INFO     | N/A | ⏳ 等待 Profile 更新任务...
2026-07-22 09:23:46.136 | INFO     | N/A | ⏳ 等待 Profile 更新任务...
2026-07-22 09:23:51.152 | INFO     | N/A | ⏳ 等待 Profile 更新任务...
2026-07-22 09:23:56.169 | INFO     | N/A | ⏳ 等待 Profile 更新任务...
2026-07-22 09:24:01.196 | INFO     | N/A | ⏳ 等待 Profile 更新任务...
2026-07-22 09:24:06.212 | INFO     | N/A | ⏳ 等待 Profile 更新任务...
2026-07-22 09:24:15.651 | INFO     | N/A | ⏳ 等待 Profile 更新任务...
2026-07-22 09:24:20.668 | INFO     | N/A | ⏳ 等待 Profile 更新任务...
2026-07-22 09:24:25.683 | INFO     | N/A | ⏳ 等待 Profile 更新任务...
2026-07-22 09:24:30.699 | INFO     | N/A | ⏳ 等待 Profile 更新任务...
2026-07-22 09:24:35.722 | INFO     | N/A | ⏳ 等待 Profile 更新任务...
2026-07-22 09:24:40.742 | INFO     | N/A | ⏳ 等待 Profile 更新任务...
2026-07-22 09:24:45.759 | INFO     | N/A | ⏳ 等待 Profile 更新任务...
2026-07-22 09:24:50.781 | INFO     | N/A | ⏳ 等待 Profile 更新任务...
2026-07-22 09:24:55.805 | INFO     | N/A | ⏳ 等待 Profile 更新任务...
2026-07-22 09:25:00.828 | INFO     | N/A | ⏳ 等待 Profile 更新任务...
2026-07-22 09:25:05.865 | INFO     | N/A | ⏳ 等待 Profile 更新任务...
2026-07-22 09:25:10.888 | INFO     | N/A | ⏳ 等待 Profile 更新任务...
2026-07-22 09:25:15.910 | INFO     | N/A | ⏳ 等待 Profile 更新任务...
2026-07-22 09:25:20.933 | INFO     | N/A | ⏳ 等待 Profile 更新任务...
2026-07-22 09:25:25.954 | INFO     | N/A | ⏳ 等待 Profile 更新任务...
2026-07-22 09:25:30.978 | INFO     | N/A | ⏳ 等待 Profile 更新任务...
2026-07-22 09:25:36.011 | INFO     | N/A | ⏳ 等待 Profile 更新任务...
2026-07-22 09:25:41.034 | INFO     | N/A | ⏳ 等待 Profile 更新任务...
2026-07-22 09:25:46.060 | INFO     | N/A | ⏳ 等待 Profile 更新任务...
2026-07-22 09:25:51.086 | INFO     | N/A | ⏳ 等待 Profile 更新任务...
2026-07-22 09:25:56.109 | INFO     | N/A | ⏳ 等待 Profile 更新任务...
2026-07-22 09:26:01.135 | INFO     | N/A | ⏳ 等待 Profile 更新任务...
2026-07-22 09:26:06.167 | INFO     | N/A | ⏳ 等待 Profile 更新任务...
2026-07-22 09:26:11.193 | INFO     | N/A | ⏳ 等待 Profile 更新任务...
2026-07-22 09:26:16.222 | INFO     | N/A | ⏳ 等待 Profile 更新任务...
2026-07-22 09:26:21.245 | INFO     | N/A | ⏳ 等待 Profile 更新任务...
2026-07-22 09:26:26.270 | INFO     | N/A | ⏳ 等待 Profile 更新任务...
2026-07-22 09:26:31.298 | INFO     | N/A | ⏳ 等待 Profile 更新任务...
2026-07-22 09:26:36.331 | INFO     | N/A | ⏳ 等待 Profile 更新任务...
2026-07-22 09:26:41.095 | INFO     | N/A | ⏳ 等待 Profile 更新任务...
2026-07-22 09:26:45.746 | INFO     | N/A | ⏳ 等待 Profile 更新任务...
2026-07-22 09:26:50.393 | INFO     | N/A | ⏳ 等待 Profile 更新任务...
2026-07-22 09:26:55.037 | INFO     | N/A | ⏳ 等待 Profile 更新任务...
2026-07-22 09:26:59.686 | INFO     | N/A | ⏳ 等待 Profile 更新任务...
2026-07-22 09:27:04.326 | INFO     | N/A | ⏳ 等待 Profile 更新任务...
2026-07-22 09:27:09.002 | INFO     | N/A | ⏳ 等待 Profile 更新任务...
2026-07-22 09:27:13.649 | INFO     | N/A | ⏳ 等待 Profile 更新任务...
2026-07-22 09:27:18.292 | INFO     | N/A | ⏳ 等待 Profile 更新任务...
2026-07-22 09:27:22.938 | INFO     | N/A | ⏳ 等待 Profile 更新任务...
2026-07-22 09:27:27.587 | INFO     | N/A | ⏳ 等待 Profile 更新任务...
2026-07-22 09:27:32.343 | INFO     | N/A | ⏳ 等待 Profile 更新任务...
2026-07-22 09:27:37.375 | INFO     | N/A | ⏳ 等待 Profile 更新任务...
2026-07-22 09:27:42.396 | INFO     | N/A | ⏳ 等待 Profile 更新任务...
2026-07-22 09:27:47.417 | INFO     | N/A | ⏳ 等待 Profile 更新任务...
2026-07-22 09:27:52.443 | INFO     | N/A | ⏳ 等待 Profile 更新任务...
2026-07-22 09:27:57.468 | INFO     | N/A | ⏳ 等待 Profile 更新任务...
2026-07-22 09:28:02.491 | INFO     | N/A | ⏳ 等待 Profile 更新任务...
2026-07-22 09:28:07.522 | INFO     | N/A | ⏳ 等待 Profile 更新任务...
2026-07-22 09:28:12.545 | INFO     | N/A | ⏳ 等待 Profile 更新任务...
2026-07-22 09:28:17.568 | INFO     | N/A | ⏳ 等待 Profile 更新任务...
2026-07-22 09:28:22.592 | INFO     | N/A | ⏳ 等待 Profile 更新任务...
2026-07-22 09:28:27.614 | INFO     | N/A | ⏳ 等待 Profile 更新任务...
2026-07-22 09:28:32.639 | INFO     | N/A | ⏳ 等待 Profile 更新任务...
2026-07-22 09:28:37.671 | INFO     | N/A | ⏳ 等待 Profile 更新任务...
2026-07-22 09:28:42.696 | INFO     | N/A | ⏳ 等待 Profile 更新任务...
2026-07-22 09:28:47.721 | INFO     | N/A | ⏳ 等待 Profile 更新任务...
2026-07-22 09:28:52.744 | INFO     | N/A | ⏳ 等待 Profile 更新任务...
2026-07-22 09:28:57.766 | INFO     | N/A | ⏳ 等待 Profile 更新任务...
2026-07-22 09:29:02.793 | INFO     | N/A | ⏳ 等待 Profile 更新任务...
2026-07-22 09:29:07.828 | INFO     | N/A | ⏳ 等待 Profile 更新任务...
2026-07-22 09:29:12.853 | INFO     | N/A | ⏳ 等待 Profile 更新任务...
2026-07-22 09:29:17.877 | INFO     | N/A | ⏳ 等待 Profile 更新任务...
2026-07-22 09:29:22.899 | INFO     | N/A | ⏳ 等待 Profile 更新任务...
2026-07-22 09:29:27.921 | INFO     | N/A | ⏳ 等待 Profile 更新任务...
2026-07-22 09:29:32.946 | INFO     | N/A | ⏳ 等待 Profile 更新任务...
2026-07-22 09:29:37.981 | INFO     | N/A | ⏳ 等待 Profile 更新任务...
2026-07-22 09:29:43.008 | INFO     | N/A | ⏳ 等待 Profile 更新任务...
2026-07-22 09:29:48.029 | INFO     | N/A | ⏳ 等待 Profile 更新任务...
2026-07-22 09:29:53.052 | INFO     | N/A | ⏳ 等待 Profile 更新任务...
2026-07-22 09:29:58.076 | INFO     | N/A | ⏳ 等待 Profile 更新任务...
2026-07-22 09:30:03.101 | INFO     | N/A | ⏳ 等待 Profile 更新任务...
2026-07-22 09:30:08.137 | INFO     | N/A | ⏳ 等待 Profile 更新任务...
2026-07-22 09:30:13.162 | INFO     | N/A | ⏳ 等待 Profile 更新任务...
2026-07-22 09:30:18.190 | INFO     | N/A | ⏳ 等待 Profile 更新任务...
2026-07-22 09:30:23.213 | INFO     | N/A | ⏳ 等待 Profile 更新任务...
2026-07-22 09:30:28.240 | INFO     | N/A | ⏳ 等待 Profile 更新任务...
2026-07-22 09:30:33.261 | INFO     | N/A | ⏳ 等待 Profile 更新任务...
2026-07-22 09:30:38.298 | INFO     | N/A | ⏳ 等待 Profile 更新任务...
2026-07-22 09:30:43.324 | INFO     | N/A | ⏳ 等待 Profile 更新任务...
2026-07-22 09:30:48.349 | INFO     | N/A | ⏳ 等待 Profile 更新任务...
2026-07-22 09:30:53.373 | INFO     | N/A | ⏳ 等待 Profile 更新任务...
2026-07-22 09:30:58.397 | INFO     | N/A | ⏳ 等待 Profile 更新任务...
2026-07-22 09:31:03.419 | INFO     | N/A | ⏳ 等待 Profile 更新任务...
2026-07-22 09:31:08.453 | INFO     | N/A | ⏳ 等待 Profile 更新任务...
2026-07-22 09:31:13.477 | INFO     | N/A | ⏳ 等待 Profile 更新任务...
2026-07-22 09:31:18.499 | INFO     | N/A | ⏳ 等待 Profile 更新任务...
2026-07-22 09:31:23.521 | INFO     | N/A | ⏳ 等待 Profile 更新任务...
2026-07-22 09:31:28.546 | INFO     | N/A | ⏳ 等待 Profile 更新任务...
2026-07-22 09:31:33.572 | INFO     | N/A | ⏳ 等待 Profile 更新任务...
2026-07-22 09:31:38.603 | INFO     | N/A | ⏳ 等待 Profile 更新任务...
2026-07-22 09:31:43.630 | INFO     | N/A | ⏳ 等待 Profile 更新任务...
2026-07-22 09:31:48.653 | INFO     | N/A | ⏳ 等待 Profile 更新任务...
2026-07-22 09:31:53.677 | INFO     | N/A | ⏳ 等待 Profile 更新任务...
2026-07-22 09:31:58.701 | INFO     | N/A | ⏳ 等待 Profile 更新任务...
2026-07-22 09:32:03.727 | INFO     | N/A | ⏳ 等待 Profile 更新任务...
2026-07-22 09:32:08.758 | INFO     | N/A | ⏳ 等待 Profile 更新任务...
2026-07-22 09:32:13.783 | INFO     | N/A | ⏳ 等待 Profile 更新任务...
2026-07-22 09:32:18.807 | INFO     | N/A | ⏳ 等待 Profile 更新任务...
2026-07-22 09:32:23.831 | INFO     | N/A | ⏳ 等待 Profile 更新任务...
2026-07-22 09:32:28.853 | INFO     | N/A | ⏳ 等待 Profile 更新任务...
2026-07-22 09:32:33.877 | INFO     | N/A | ⏳ 等待 Profile 更新任务...
2026-07-22 09:32:38.911 | INFO     | N/A | ⏳ 等待 Profile 更新任务...
2026-07-22 09:32:43.938 | INFO     | N/A | ⏳ 等待 Profile 更新任务...
2026-07-22 09:32:48.961 | INFO     | N/A | ⏳ 等待 Profile 更新任务...
2026-07-22 09:32:53.983 | INFO     | N/A | ⏳ 等待 Profile 更新任务...
2026-07-22 09:32:59.007 | INFO     | N/A | ⏳ 等待 Profile 更新任务...
2026-07-22 09:33:04.031 | INFO     | N/A | ⏳ 等待 Profile 更新任务...
2026-07-22 09:33:09.065 | INFO     | N/A | ⏳ 等待 Profile 更新任务...
2026-07-22 09:33:14.087 | INFO     | N/A | ⏳ 等待 Profile 更新任务...
2026-07-22 09:33:19.112 | INFO     | N/A | ⏳ 等待 Profile 更新任务...
2026-07-22 09:33:24.136 | INFO     | N/A | ⏳ 等待 Profile 更新任务...
2026-07-22 09:33:29.175 | INFO     | N/A | ⏳ 等待 Profile 更新任务...
2026-07-22 09:33:34.183 | INFO     | N/A | ⏳ 等待 Profile 更新任务...
2026-07-22 09:33:39.219 | INFO     | N/A | ⏳ 等待 Profile 更新任务...
2026-07-22 09:33:44.245 | INFO     | N/A | ⏳ 等待 Profile 更新任务...
2026-07-22 09:33:49.268 | INFO     | N/A | ⏳ 等待 Profile 更新任务...
2026-07-22 09:33:54.290 | INFO     | N/A | ⏳ 等待 Profile 更新任务...
2026-07-22 09:33:59.313 | INFO     | N/A | ⏳ 等待 Profile 更新任务...
2026-07-22 09:34:04.337 | INFO     | N/A | ⏳ 等待 Profile 更新任务...
2026-07-22 09:34:09.372 | INFO     | N/A | ⏳ 等待 Profile 更新任务...
2026-07-22 09:34:14.397 | INFO     | N/A | ⏳ 等待 Profile 更新任务...
2026-07-22 09:34:19.418 | INFO     | N/A | ⏳ 等待 Profile 更新任务...
2026-07-22 09:34:24.441 | INFO     | N/A | ⏳ 等待 Profile 更新任务...
2026-07-22 09:34:29.466 | INFO     | N/A | ⏳ 等待 Profile 更新任务...
2026-07-22 09:34:34.487 | INFO     | N/A | ⏳ 等待 Profile 更新任务...
2026-07-22 09:34:39.522 | INFO     | N/A | ⏳ 等待 Profile 更新任务...
2026-07-22 09:34:44.547 | INFO     | N/A | ⏳ 等待 Profile 更新任务...
2026-07-22 09:34:49.590 | INFO     | N/A | ⏳ 等待 Profile 更新任务...
2026-07-22 09:34:54.614 | INFO     | N/A | ⏳ 等待 Profile 更新任务...
2026-07-22 09:34:59.638 | INFO     | N/A | ⏳ 等待 Profile 更新任务...
2026-07-22 09:35:04.662 | INFO     | N/A | ⏳ 等待 Profile 更新任务...
2026-07-22 09:35:09.696 | INFO     | N/A | ⏳ 等待 Profile 更新任务...
2026-07-22 09:35:14.720 | INFO     | N/A | ⏳ 等待 Profile 更新任务...
2026-07-22 09:35:19.743 | INFO     | N/A | ⏳ 等待 Profile 更新任务...
2026-07-22 09:35:24.770 | INFO     | N/A | ⏳ 等待 Profile 更新任务...
2026-07-22 09:35:29.793 | INFO     | N/A | ⏳ 等待 Profile 更新任务...
2026-07-22 09:35:34.817 | INFO     | N/A | ⏳ 等待 Profile 更新任务...
2026-07-22 09:35:39.847 | INFO     | N/A | ⏳ 等待 Profile 更新任务...
2026-07-22 09:35:44.874 | INFO     | N/A | ⏳ 等待 Profile 更新任务...
2026-07-22 09:35:49.902 | INFO     | N/A | ⏳ 等待 Profile 更新任务...
2026-07-22 09:35:54.929 | INFO     | N/A | ⏳ 等待 Profile 更新任务...
2026-07-22 09:35:59.957 | INFO     | N/A | ⏳ 等待 Profile 更新任务...
2026-07-22 09:36:04.984 | INFO     | N/A | ⏳ 等待 Profile 更新任务...
2026-07-22 09:36:10.023 | INFO     | N/A | ⏳ 等待 Profile 更新任务...
2026-07-22 09:36:15.050 | INFO     | N/A | ⏳ 等待 Profile 更新任务...
2026-07-22 09:36:20.080 | INFO     | N/A | ⏳ 等待 Profile 更新任务...
2026-07-22 09:36:25.107 | INFO     | N/A | ⏳ 等待 Profile 更新任务...
2026-07-22 09:36:30.134 | INFO     | N/A | ⏳ 等待 Profile 更新任务...
2026-07-22 09:36:35.157 | INFO     | N/A | ⏳ 等待 Profile 更新任务...
2026-07-22 09:36:40.193 | INFO     | N/A | ⏳ 等待 Profile 更新任务...
2026-07-22 09:36:45.217 | INFO     | N/A | ⏳ 等待 Profile 更新任务...
2026-07-22 09:36:50.241 | INFO     | N/A | ⏳ 等待 Profile 更新任务...
2026-07-22 09:36:55.265 | INFO     | N/A | ⏳ 等待 Profile 更新任务...
2026-07-22 09:37:00.290 | INFO     | N/A | ⏳ 等待 Profile 更新任务...
2026-07-22 09:37:05.314 | INFO     | N/A | ⏳ 等待 Profile 更新任务...
2026-07-22 09:37:10.345 | INFO     | N/A | ⏳ 等待 Profile 更新任务...
2026-07-22 09:37:15.372 | INFO     | N/A | ⏳ 等待 Profile 更新任务...
2026-07-22 09:37:20.395 | INFO     | N/A | ⏳ 等待 Profile 更新任务...
2026-07-22 09:37:25.419 | INFO     | N/A | ⏳ 等待 Profile 更新任务...
2026-07-22 09:37:30.443 | INFO     | N/A | ⏳ 等待 Profile 更新任务...
2026-07-22 09:37:35.468 | INFO     | N/A | ⏳ 等待 Profile 更新任务...
2026-07-22 09:37:40.502 | INFO     | N/A | ⏳ 等待 Profile 更新任务...
2026-07-22 09:37:45.527 | INFO     | N/A | ⏳ 等待 Profile 更新任务...
2026-07-22 09:37:50.550 | INFO     | N/A | ⏳ 等待 Profile 更新任务...
2026-07-22 09:37:55.574 | INFO     | N/A | ⏳ 等待 Profile 更新任务...
2026-07-22 09:38:00.599 | INFO     | N/A | ⏳ 等待 Profile 更新任务...
2026-07-22 09:38:05.624 | INFO     | N/A | ⏳ 等待 Profile 更新任务...
2026-07-22 09:38:10.656 | INFO     | N/A | ⏳ 等待 Profile 更新任务...
2026-07-22 09:38:15.680 | INFO     | N/A | ⏳ 等待 Profile 更新任务...
2026-07-22 09:38:20.702 | INFO     | N/A | ⏳ 等待 Profile 更新任务...
2026-07-22 09:38:25.726 | INFO     | N/A | ⏳ 等待 Profile 更新任务...
2026-07-22 09:38:30.751 | INFO     | N/A | ⏳ 等待 Profile 更新任务...
2026-07-22 09:38:35.778 | INFO     | N/A | ⏳ 等待 Profile 更新任务...
2026-07-22 09:38:40.814 | INFO     | N/A | ⏳ 等待 Profile 更新任务...
2026-07-22 09:38:45.834 | INFO     | N/A | ⏳ 等待 Profile 更新任务...
2026-07-22 09:38:50.858 | INFO     | N/A | ⏳ 等待 Profile 更新任务...
2026-07-22 09:38:55.882 | INFO     | N/A | ⏳ 等待 Profile 更新任务...
2026-07-22 09:39:00.908 | INFO     | N/A | ⏳ 等待 Profile 更新任务...
2026-07-22 09:39:05.931 | INFO     | N/A | ⏳ 等待 Profile 更新任务...
2026-07-22 09:39:10.964 | INFO     | N/A | ⏳ 等待 Profile 更新任务...
2026-07-22 09:39:15.990 | INFO     | N/A | ⏳ 等待 Profile 更新任务...
2026-07-22 09:39:21.012 | INFO     | N/A | ⏳ 等待 Profile 更新任务...
2026-07-22 09:39:26.036 | INFO     | N/A | ⏳ 等待 Profile 更新任务...
2026-07-22 09:39:31.061 | INFO     | N/A | ⏳ 等待 Profile 更新任务...
2026-07-22 09:39:36.085 | INFO     | N/A | ⏳ 等待 Profile 更新任务...
2026-07-22 09:39:41.121 | INFO     | N/A | ⏳ 等待 Profile 更新任务...
2026-07-22 09:39:46.152 | INFO     | N/A | ⏳ 等待 Profile 更新任务...
2026-07-22 09:39:51.176 | INFO     | N/A | ⏳ 等待 Profile 更新任务...
2026-07-22 09:39:56.200 | INFO     | N/A | ⏳ 等待 Profile 更新任务...
2026-07-22 09:40:01.222 | INFO     | N/A | ⏳ 等待 Profile 更新任务...
2026-07-22 09:40:06.245 | INFO     | N/A | ⏳ 等待 Profile 更新任务...
2026-07-22 09:40:11.278 | INFO     | N/A | ⏳ 等待 Profile 更新任务...
2026-07-22 09:40:16.302 | INFO     | N/A | ⏳ 等待 Profile 更新任务...
2026-07-22 09:40:21.325 | INFO     | N/A | ⏳ 等待 Profile 更新任务...
2026-07-22 09:40:26.349 | INFO     | N/A | ⏳ 等待 Profile 更新任务...
2026-07-22 09:40:31.373 | INFO     | N/A | ⏳ 等待 Profile 更新任务...
2026-07-22 09:40:36.396 | INFO     | N/A | ⏳ 等待 Profile 更新任务...
2026-07-22 09:40:41.432 | INFO     | N/A | ⏳ 等待 Profile 更新任务...
2026-07-22 09:40:46.454 | INFO     | N/A | ⏳ 等待 Profile 更新任务...
2026-07-22 09:40:51.479 | INFO     | N/A | ⏳ 等待 Profile 更新任务...
2026-07-22 09:40:56.503 | INFO     | N/A | ⏳ 等待 Profile 更新任务...
2026-07-22 09:41:01.528 | INFO     | N/A | ⏳ 等待 Profile 更新任务...
2026-07-22 09:41:06.552 | INFO     | N/A | ⏳ 等待 Profile 更新任务...
2026-07-22 09:41:11.588 | INFO     | N/A | ⏳ 等待 Profile 更新任务...
2026-07-22 09:41:16.614 | INFO     | N/A | ⏳ 等待 Profile 更新任务...
2026-07-22 09:41:21.635 | INFO     | N/A | ⏳ 等待 Profile 更新任务...
2026-07-22 09:41:26.663 | INFO     | N/A | ⏳ 等待 Profile 更新任务...
2026-07-22 09:41:31.687 | INFO     | N/A | ⏳ 等待 Profile 更新任务...
2026-07-22 09:41:36.711 | INFO     | N/A | ⏳ 等待 Profile 更新任务...
2026-07-22 09:41:41.744 | INFO     | N/A | ⏳ 等待 Profile 更新任务...
2026-07-22 09:41:46.768 | INFO     | N/A | ⏳ 等待 Profile 更新任务...
2026-07-22 09:41:51.792 | INFO     | N/A | ⏳ 等待 Profile 更新任务...
2026-07-22 09:41:56.816 | INFO     | N/A | ⏳ 等待 Profile 更新任务...
2026-07-22 09:42:01.838 | INFO     | N/A | ⏳ 等待 Profile 更新任务...
2026-07-22 09:42:06.861 | INFO     | N/A | ⏳ 等待 Profile 更新任务...
2026-07-22 09:42:11.892 | INFO     | N/A | ⏳ 等待 Profile 更新任务...
2026-07-22 09:42:16.918 | INFO     | N/A | ⏳ 等待 Profile 更新任务...
2026-07-22 09:42:21.942 | INFO     | N/A | ⏳ 等待 Profile 更新任务...
2026-07-22 09:42:26.964 | INFO     | N/A | ⏳ 等待 Profile 更新任务...
2026-07-22 09:42:31.988 | INFO     | N/A | ⏳ 等待 Profile 更新任务...
2026-07-22 09:42:37.012 | INFO     | N/A | ⏳ 等待 Profile 更新任务...
2026-07-22 09:42:42.044 | INFO     | N/A | ⏳ 等待 Profile 更新任务...
2026-07-22 09:42:47.067 | INFO     | N/A | ⏳ 等待 Profile 更新任务...
2026-07-22 09:42:52.089 | INFO     | N/A | ⏳ 等待 Profile 更新任务...
2026-07-22 09:42:57.112 | INFO     | N/A | ⏳ 等待 Profile 更新任务...
2026-07-22 09:43:02.132 | INFO     | N/A | ⏳ 等待 Profile 更新任务...
2026-07-22 09:43:07.154 | INFO     | N/A | ⏳ 等待 Profile 更新任务...
2026-07-22 09:43:12.186 | INFO     | N/A | ⏳ 等待 Profile 更新任务...
2026-07-22 09:43:17.208 | INFO     | N/A | ⏳ 等待 Profile 更新任务...
2026-07-22 09:43:22.235 | INFO     | N/A | ⏳ 等待 Profile 更新任务...
2026-07-22 09:43:27.259 | INFO     | N/A | ⏳ 等待 Profile 更新任务...
2026-07-22 09:43:32.281 | INFO     | N/A | ⏳ 等待 Profile 更新任务...
2026-07-22 09:43:37.305 | INFO     | N/A | ⏳ 等待 Profile 更新任务...
2026-07-22 09:43:42.340 | INFO     | N/A | ⏳ 等待 Profile 更新任务...
2026-07-22 09:43:47.363 | INFO     | N/A | ⏳ 等待 Profile 更新任务...
2026-07-22 09:43:52.385 | INFO     | N/A | ⏳ 等待 Profile 更新任务...
2026-07-22 09:43:57.427 | INFO     | N/A | ⏳ 等待 Profile 更新任务...
2026-07-22 09:44:02.449 | INFO     | N/A | ⏳ 等待 Profile 更新任务...
2026-07-22 09:44:07.475 | INFO     | N/A | ⏳ 等待 Profile 更新任务...
2026-07-22 09:44:12.509 | INFO     | N/A | ⏳ 等待 Profile 更新任务...
2026-07-22 09:44:17.532 | INFO     | N/A | ⏳ 等待 Profile 更新任务...
2026-07-22 09:44:22.553 | INFO     | N/A | ⏳ 等待 Profile 更新任务...
2026-07-22 09:44:27.575 | INFO     | N/A | ⏳ 等待 Profile 更新任务...
2026-07-22 09:44:32.597 | INFO     | N/A | ⏳ 等待 Profile 更新任务...
2026-07-22 09:44:37.614 | INFO     | N/A | ⏳ 等待 Profile 更新任务...
2026-07-22 09:44:42.646 | INFO     | N/A | ⏳ 等待 Profile 更新任务...
2026-07-22 09:44:47.668 | INFO     | N/A | ⏳ 等待 Profile 更新任务...
2026-07-22 09:44:52.692 | INFO     | N/A | ⏳ 等待 Profile 更新任务...
2026-07-22 09:44:57.714 | INFO     | N/A | ⏳ 等待 Profile 更新任务...
2026-07-22 09:45:02.736 | INFO     | N/A | ⏳ 等待 Profile 更新任务...
2026-07-22 09:45:07.759 | INFO     | N/A | ⏳ 等待 Profile 更新任务...
2026-07-22 09:45:12.792 | INFO     | N/A | ⏳ 等待 Profile 更新任务...
2026-07-22 09:45:17.817 | INFO     | N/A | ⏳ 等待 Profile 更新任务...
2026-07-22 09:45:22.840 | INFO     | N/A | ⏳ 等待 Profile 更新任务...
2026-07-22 09:45:27.864 | INFO     | N/A | ⏳ 等待 Profile 更新任务...
2026-07-22 09:45:32.889 | INFO     | N/A | ⏳ 等待 Profile 更新任务...
2026-07-22 09:45:37.912 | INFO     | N/A | ⏳ 等待 Profile 更新任务...
2026-07-22 09:45:42.945 | INFO     | N/A | ⏳ 等待 Profile 更新任务...
2026-07-22 09:45:47.968 | INFO     | N/A | ⏳ 等待 Profile 更新任务...
2026-07-22 09:45:52.990 | INFO     | N/A | ⏳ 等待 Profile 更新任务...
2026-07-22 09:45:58.012 | INFO     | N/A | ⏳ 等待 Profile 更新任务...
2026-07-22 09:46:03.037 | INFO     | N/A | ⏳ 等待 Profile 更新任务...
2026-07-22 09:46:08.059 | INFO     | N/A | ⏳ 等待 Profile 更新任务...
2026-07-22 09:46:13.091 | INFO     | N/A | ⏳ 等待 Profile 更新任务...
2026-07-22 09:46:18.114 | INFO     | N/A | ⏳ 等待 Profile 更新任务...
2026-07-22 09:46:23.136 | INFO     | N/A | ⏳ 等待 Profile 更新任务...
2026-07-22 09:46:28.156 | INFO     | N/A | ⏳ 等待 Profile 更新任务...
2026-07-22 09:46:33.179 | INFO     | N/A | ⏳ 等待 Profile 更新任务...
2026-07-22 09:46:38.203 | INFO     | N/A | ⏳ 等待 Profile 更新任务...
2026-07-22 09:46:43.238 | INFO     | N/A | ⏳ 等待 Profile 更新任务...
2026-07-22 09:46:48.263 | INFO     | N/A | ⏳ 等待 Profile 更新任务...
2026-07-22 09:46:53.286 | INFO     | N/A | ⏳ 等待 Profile 更新任务...
2026-07-22 09:46:58.309 | INFO     | N/A | ⏳ 等待 Profile 更新任务...
2026-07-22 09:47:03.338 | INFO     | N/A | ⏳ 等待 Profile 更新任务...
2026-07-22 09:47:08.364 | INFO     | N/A | ⏳ 等待 Profile 更新任务...
2026-07-22 09:47:13.395 | INFO     | N/A | ⏳ 等待 Profile 更新任务...
2026-07-22 09:47:18.417 | INFO     | N/A | ⏳ 等待 Profile 更新任务...
2026-07-22 09:47:23.441 | INFO     | N/A | ⏳ 等待 Profile 更新任务...
2026-07-22 09:47:28.464 | INFO     | N/A | ⏳ 等待 Profile 更新任务...
2026-07-22 09:47:33.486 | INFO     | N/A | ⏳ 等待 Profile 更新任务...
2026-07-22 09:47:38.511 | INFO     | N/A | ⏳ 等待 Profile 更新任务...
2026-07-22 09:47:43.543 | INFO     | N/A | ⏳ 等待 Profile 更新任务...
2026-07-22 09:47:48.568 | INFO     | N/A | ⏳ 等待 Profile 更新任务...
2026-07-22 09:47:53.593 | INFO     | N/A | ⏳ 等待 Profile 更新任务...
2026-07-22 09:47:58.614 | INFO     | N/A | ⏳ 等待 Profile 更新任务...
2026-07-22 09:48:03.636 | INFO     | N/A | ⏳ 等待 Profile 更新任务...
2026-07-22 09:48:08.660 | INFO     | N/A | ⏳ 等待 Profile 更新任务...
2026-07-22 09:48:13.690 | INFO     | N/A | ⏳ 等待 Profile 更新任务...
2026-07-22 09:48:18.712 | INFO     | N/A | ⏳ 等待 Profile 更新任务...
2026-07-22 09:48:23.734 | INFO     | N/A | ⏳ 等待 Profile 更新任务...
2026-07-22 09:48:28.757 | INFO     | N/A | ⏳ 等待 Profile 更新任务...
2026-07-22 09:48:33.783 | INFO     | N/A | ⏳ 等待 Profile 更新任务...
2026-07-22 09:48:38.810 | INFO     | N/A | ⏳ 等待 Profile 更新任务...
2026-07-22 09:48:43.843 | INFO     | N/A | ⏳ 等待 Profile 更新任务...
2026-07-22 09:48:48.867 | INFO     | N/A | ⏳ 等待 Profile 更新任务...
2026-07-22 09:48:53.888 | INFO     | N/A | ⏳ 等待 Profile 更新任务...
2026-07-22 09:48:58.912 | INFO     | N/A | ⏳ 等待 Profile 更新任务...
2026-07-22 09:49:03.935 | INFO     | N/A | ⏳ 等待 Profile 更新任务...
2026-07-22 09:49:08.962 | INFO     | N/A | ⏳ 等待 Profile 更新任务...
2026-07-22 09:49:13.993 | INFO     | N/A | ⏳ 等待 Profile 更新任务...
2026-07-22 09:49:19.021 | INFO     | N/A | ⏳ 等待 Profile 更新任务...
2026-07-22 09:49:24.041 | INFO     | N/A | ⏳ 等待 Profile 更新任务...
2026-07-22 09:49:29.062 | INFO     | N/A | ⏳ 等待 Profile 更新任务...
2026-07-22 09:49:34.084 | INFO     | N/A | ⏳ 等待 Profile 更新任务...
2026-07-22 09:49:39.109 | INFO     | N/A | ⏳ 等待 Profile 更新任务...
2026-07-22 09:49:44.134 | INFO     | N/A | ⏳ 等待 Profile 更新任务...
2026-07-22 09:49:49.159 | INFO     | N/A | ⏳ 等待 Profile 更新任务...
2026-07-22 09:49:54.181 | INFO     | N/A | ⏳ 等待 Profile 更新任务...
2026-07-22 09:49:59.212 | INFO     | N/A | ⏳ 等待 Profile 更新任务...
2026-07-22 09:50:04.239 | INFO     | N/A | ⏳ 等待 Profile 更新任务...
2026-07-22 09:50:09.264 | INFO     | N/A | ⏳ 等待 Profile 更新任务...
2026-07-22 09:50:14.292 | INFO     | N/A | ⏳ 等待 Profile 更新任务...
2026-07-22 09:50:19.317 | INFO     | N/A | ⏳ 等待 Profile 更新任务...
2026-07-22 09:50:24.339 | INFO     | N/A | ⏳ 等待 Profile 更新任务...
2026-07-22 09:50:29.363 | INFO     | N/A | ⏳ 等待 Profile 更新任务...
2026-07-22 09:50:34.384 | INFO     | N/A | ⏳ 等待 Profile 更新任务...
2026-07-22 09:50:39.409 | INFO     | N/A | ⏳ 等待 Profile 更新任务...
2026-07-22 09:50:44.440 | INFO     | N/A | ⏳ 等待 Profile 更新任务...
2026-07-22 09:50:49.465 | INFO     | N/A | ⏳ 等待 Profile 更新任务...
2026-07-22 09:50:54.487 | INFO     | N/A | ⏳ 等待 Profile 更新任务...
2026-07-22 09:50:59.511 | INFO     | N/A | ⏳ 等待 Profile 更新任务...
2026-07-22 09:51:04.536 | INFO     | N/A | ⏳ 等待 Profile 更新任务...
2026-07-22 09:51:09.565 | INFO     | N/A | ⏳ 等待 Profile 更新任务...
2026-07-22 09:51:14.594 | INFO     | N/A | ⏳ 等待 Profile 更新任务...
2026-07-22 09:51:19.616 | INFO     | N/A | ⏳ 等待 Profile 更新任务...
2026-07-22 09:51:24.648 | INFO     | N/A | ⏳ 等待 Profile 更新任务...
2026-07-22 09:51:29.672 | INFO     | N/A | ⏳ 等待 Profile 更新任务...
2026-07-22 09:51:34.694 | INFO     | N/A | ⏳ 等待 Profile 更新任务...
2026-07-22 09:51:39.720 | INFO     | N/A | ⏳ 等待 Profile 更新任务...
2026-07-22 09:51:44.748 | INFO     | N/A | ⏳ 等待 Profile 更新任务...
2026-07-22 09:51:49.771 | INFO     | N/A | ⏳ 等待 Profile 更新任务...
2026-07-22 09:51:54.794 | INFO     | N/A | ⏳ 等待 Profile 更新任务...
2026-07-22 09:51:59.818 | INFO     | N/A | ⏳ 等待 Profile 更新任务...
2026-07-22 09:52:04.841 | INFO     | N/A | ⏳ 等待 Profile 更新任务...
2026-07-22 09:52:09.870 | INFO     | N/A | ⏳ 等待 Profile 更新任务...
2026-07-22 09:52:14.897 | INFO     | N/A | ⏳ 等待 Profile 更新任务...
2026-07-22 09:52:19.920 | INFO     | N/A | ⏳ 等待 Profile 更新任务...
2026-07-22 09:52:24.944 | INFO     | N/A | ⏳ 等待 Profile 更新任务...
2026-07-22 09:52:29.969 | INFO     | N/A | ⏳ 等待 Profile 更新任务...
2026-07-22 09:52:34.993 | INFO     | N/A | ⏳ 等待 Profile 更新任务...
2026-07-22 09:52:40.017 | INFO     | N/A | ⏳ 等待 Profile 更新任务...
2026-07-22 09:52:45.047 | INFO     | N/A | ⏳ 等待 Profile 更新任务...
2026-07-22 09:52:50.071 | INFO     | N/A | ⏳ 等待 Profile 更新任务...
2026-07-22 09:52:55.094 | INFO     | N/A | ⏳ 等待 Profile 更新任务...
2026-07-22 09:53:00.117 | INFO     | N/A | ⏳ 等待 Profile 更新任务...
2026-07-22 09:53:05.141 | INFO     | N/A | ⏳ 等待 Profile 更新任务...
2026-07-22 09:53:10.171 | INFO     | N/A | ⏳ 等待 Profile 更新任务...
2026-07-22 09:53:15.200 | INFO     | N/A | ⏳ 等待 Profile 更新任务...
2026-07-22 09:53:20.222 | INFO     | N/A | ⏳ 等待 Profile 更新任务...
2026-07-22 09:53:25.248 | INFO     | N/A | ⏳ 等待 Profile 更新任务...
2026-07-22 09:53:30.272 | INFO     | N/A | ⏳ 等待 Profile 更新任务...
2026-07-22 09:53:35.293 | INFO     | N/A | ⏳ 等待 Profile 更新任务...
2026-07-22 09:53:40.321 | INFO     | N/A | ⏳ 等待 Profile 更新任务...
2026-07-22 09:53:45.346 | INFO     | N/A | ⏳ 等待 Profile 更新任务...
2026-07-22 09:53:50.372 | INFO     | N/A | ⏳ 等待 Profile 更新任务...
2026-07-22 09:53:55.394 | INFO     | N/A | ⏳ 等待 Profile 更新任务...
2026-07-22 09:54:00.421 | INFO     | N/A | ⏳ 等待 Profile 更新任务...
2026-07-22 09:54:05.445 | INFO     | N/A | ⏳ 等待 Profile 更新任务...
2026-07-22 09:54:10.472 | INFO     | N/A | ⏳ 等待 Profile 更新任务...
2026-07-22 09:54:15.499 | INFO     | N/A | ⏳ 等待 Profile 更新任务...
2026-07-22 09:54:20.524 | INFO     | N/A | ⏳ 等待 Profile 更新任务...
2026-07-22 09:54:25.548 | INFO     | N/A | ⏳ 等待 Profile 更新任务...
2026-07-22 09:54:30.574 | INFO     | N/A | ⏳ 等待 Profile 更新任务...
2026-07-22 09:54:35.596 | INFO     | N/A | ⏳ 等待 Profile 更新任务...
2026-07-22 09:54:40.625 | INFO     | N/A | ⏳ 等待 Profile 更新任务...
2026-07-22 09:54:45.654 | INFO     | N/A | ⏳ 等待 Profile 更新任务...
2026-07-22 09:54:50.679 | INFO     | N/A | ⏳ 等待 Profile 更新任务...
2026-07-22 09:54:55.703 | INFO     | N/A | ⏳ 等待 Profile 更新任务...
2026-07-22 09:55:00.725 | INFO     | N/A | ⏳ 等待 Profile 更新任务...
2026-07-22 09:55:05.745 | INFO     | N/A | ⏳ 等待 Profile 更新任务...
2026-07-22 09:55:10.777 | INFO     | N/A | ⏳ 等待 Profile 更新任务...
2026-07-22 09:55:15.802 | INFO     | N/A | ⏳ 等待 Profile 更新任务...
2026-07-22 09:55:20.827 | INFO     | N/A | ⏳ 等待 Profile 更新任务...
2026-07-22 09:55:25.854 | INFO     | N/A | ⏳ 等待 Profile 更新任务...
2026-07-22 09:55:30.878 | INFO     | N/A | ⏳ 等待 Profile 更新任务...
2026-07-22 09:55:35.902 | INFO     | N/A | ⏳ 等待 Profile 更新任务...
2026-07-22 09:55:40.930 | INFO     | N/A | ⏳ 等待 Profile 更新任务...
2026-07-22 09:55:45.956 | INFO     | N/A | ⏳ 等待 Profile 更新任务...
2026-07-22 09:55:50.978 | INFO     | N/A | ⏳ 等待 Profile 更新任务...
2026-07-22 09:55:56.000 | INFO     | N/A | ⏳ 等待 Profile 更新任务...
2026-07-22 09:56:01.027 | INFO     | N/A | ⏳ 等待 Profile 更新任务...
2026-07-22 09:56:06.053 | INFO     | N/A | ⏳ 等待 Profile 更新任务...
2026-07-22 09:56:11.082 | INFO     | N/A | ⏳ 等待 Profile 更新任务...
2026-07-22 09:56:16.106 | INFO     | N/A | ⏳ 等待 Profile 更新任务...
2026-07-22 09:56:21.125 | INFO     | N/A | ⏳ 等待 Profile 更新任务...
2026-07-22 09:56:26.162 | INFO     | N/A | ⏳ 等待 Profile 更新任务...
2026-07-22 09:56:31.184 | INFO     | N/A | ⏳ 等待 Profile 更新任务...
2026-07-22 09:56:36.205 | INFO     | N/A | ⏳ 等待 Profile 更新任务...
2026-07-22 09:56:41.227 | INFO     | N/A | ⏳ 等待 Profile 更新任务...
2026-07-22 09:56:46.249 | INFO     | N/A | ⏳ 等待 Profile 更新任务...
2026-07-22 09:56:51.272 | INFO     | N/A | ⏳ 等待 Profile 更新任务...
2026-07-22 09:56:56.302 | INFO     | N/A | ⏳ 等待 Profile 更新任务...
2026-07-22 09:57:01.325 | INFO     | N/A | ⏳ 等待 Profile 更新任务...
2026-07-22 09:57:06.361 | INFO     | N/A | ⏳ 等待 Profile 更新任务...
2026-07-22 09:57:11.381 | INFO     | N/A | ⏳ 等待 Profile 更新任务...
2026-07-22 09:57:16.404 | INFO     | N/A | ⏳ 等待 Profile 更新任务...
2026-07-22 09:57:21.428 | INFO     | N/A | ⏳ 等待 Profile 更新任务...
2026-07-22 09:57:26.451 | INFO     | N/A | ⏳ 等待 Profile 更新任务...
2026-07-22 09:57:31.475 | INFO     | N/A | ⏳ 等待 Profile 更新任务...
2026-07-22 09:57:36.523 | INFO     | N/A | ⏳ 等待 Profile 更新任务...
2026-07-22 09:57:41.540 | INFO     | N/A | ⏳ 等待 Profile 更新任务...
2026-07-22 09:57:46.561 | INFO     | N/A | ⏳ 等待 Profile 更新任务...
2026-07-22 09:57:51.581 | INFO     | N/A | ⏳ 等待 Profile 更新任务...
2026-07-22 09:57:56.615 | INFO     | N/A | ⏳ 等待 Profile 更新任务...
2026-07-22 09:58:01.643 | INFO     | N/A | ⏳ 等待 Profile 更新任务...
2026-07-22 09:58:06.667 | INFO     | N/A | ⏳ 等待 Profile 更新任务...
2026-07-22 09:58:11.690 | INFO     | N/A | ⏳ 等待 Profile 更新任务...
2026-07-22 09:58:16.716 | INFO     | N/A | ⏳ 等待 Profile 更新任务...
2026-07-22 09:58:21.741 | INFO     | N/A | ⏳ 等待 Profile 更新任务...
2026-07-22 09:58:26.767 | INFO     | N/A | ⏳ 等待 Profile 更新任务...
2026-07-22 09:58:31.792 | INFO     | N/A | ⏳ 等待 Profile 更新任务...
2026-07-22 09:58:36.817 | INFO     | N/A | ⏳ 等待 Profile 更新任务...
2026-07-22 09:58:41.841 | INFO     | N/A | ⏳ 等待 Profile 更新任务...
2026-07-22 09:58:46.864 | INFO     | N/A | ⏳ 等待 Profile 更新任务...
2026-07-22 09:58:51.891 | INFO     | N/A | ⏳ 等待 Profile 更新任务...
2026-07-22 09:58:56.920 | INFO     | N/A | ⏳ 等待 Profile 更新任务...
2026-07-22 09:59:01.944 | INFO     | N/A | ⏳ 等待 Profile 更新任务...
2026-07-22 09:59:06.969 | INFO     | N/A | ⏳ 等待 Profile 更新任务...
2026-07-22 09:59:11.993 | INFO     | N/A | ⏳ 等待 Profile 更新任务...
2026-07-22 09:59:17.017 | INFO     | N/A | ⏳ 等待 Profile 更新任务...
2026-07-22 09:59:22.043 | INFO     | N/A | ⏳ 等待 Profile 更新任务...
2026-07-22 09:59:27.064 | INFO     | N/A | ⏳ 等待 Profile 更新任务...
2026-07-22 09:59:32.089 | INFO     | N/A | ⏳ 等待 Profile 更新任务...
2026-07-22 09:59:37.112 | INFO     | N/A | ⏳ 等待 Profile 更新任务...
2026-07-22 09:59:42.134 | INFO     | N/A | ⏳ 等待 Profile 更新任务...
2026-07-22 09:59:47.159 | INFO     | N/A | ⏳ 等待 Profile 更新任务...
2026-07-22 09:59:52.183 | INFO     | N/A | ⏳ 等待 Profile 更新任务...
2026-07-22 09:59:57.214 | INFO     | N/A | ⏳ 等待 Profile 更新任务...
2026-07-22 10:00:02.240 | INFO     | N/A | ⏳ 等待 Profile 更新任务...
2026-07-22 10:00:07.266 | INFO     | N/A | ⏳ 等待 Profile 更新任务...
2026-07-22 10:00:12.291 | INFO     | N/A | ⏳ 等待 Profile 更新任务...
2026-07-22 10:00:17.317 | INFO     | N/A | ⏳ 等待 Profile 更新任务...
2026-07-22 10:00:22.341 | INFO     | N/A | ⏳ 等待 Profile 更新任务...
2026-07-22 10:00:27.363 | INFO     | N/A | ⏳ 等待 Profile 更新任务...
2026-07-22 10:00:32.485 | INFO     | N/A | ⏳ 等待 Profile 更新任务...
2026-07-22 10:00:37.509 | INFO     | N/A | ⏳ 等待 Profile 更新任务...
2026-07-22 10:00:42.535 | INFO     | N/A | ⏳ 等待 Profile 更新任务...
2026-07-22 10:00:47.558 | INFO     | N/A | ⏳ 等待 Profile 更新任务...
2026-07-22 10:00:52.584 | INFO     | N/A | ⏳ 等待 Profile 更新任务...
2026-07-22 10:00:57.610 | INFO     | N/A | ⏳ 等待 Profile 更新任务...
2026-07-22 10:01:02.632 | INFO     | N/A | ⏳ 等待 Profile 更新任务...
2026-07-22 10:01:07.656 | INFO     | N/A | ⏳ 等待 Profile 更新任务...
2026-07-22 10:01:12.680 | INFO     | N/A | ⏳ 等待 Profile 更新任务...
2026-07-22 10:01:17.700 | INFO     | N/A | ⏳ 等待 Profile 更新任务...
2026-07-22 10:01:22.725 | INFO     | N/A | ⏳ 等待 Profile 更新任务...
2026-07-22 10:01:27.753 | INFO     | N/A | ⏳ 等待 Profile 更新任务...
2026-07-22 10:01:32.779 | INFO     | N/A | ⏳ 等待 Profile 更新任务...
2026-07-22 10:01:37.800 | INFO     | N/A | ⏳ 等待 Profile 更新任务...
2026-07-22 10:01:42.823 | INFO     | N/A | ⏳ 等待 Profile 更新任务...
2026-07-22 10:01:47.848 | INFO     | N/A | ⏳ 等待 Profile 更新任务...
2026-07-22 10:01:52.870 | INFO     | N/A | ⏳ 等待 Profile 更新任务...
2026-07-22 10:01:57.899 | INFO     | N/A | ⏳ 等待 Profile 更新任务...
2026-07-22 10:02:02.921 | INFO     | N/A | ⏳ 等待 Profile 更新任务...
2026-07-22 10:02:07.946 | INFO     | N/A | ⏳ 等待 Profile 更新任务...
2026-07-22 10:02:12.968 | INFO     | N/A | ⏳ 等待 Profile 更新任务...
2026-07-22 10:02:17.990 | INFO     | N/A | ⏳ 等待 Profile 更新任务...
2026-07-22 10:02:23.015 | INFO     | N/A | ⏳ 等待 Profile 更新任务...
2026-07-22 10:02:28.036 | INFO     | N/A | ⏳ 等待 Profile 更新任务...
2026-07-22 10:02:33.059 | INFO     | N/A | ⏳ 等待 Profile 更新任务...
2026-07-22 10:02:38.081 | INFO     | N/A | ⏳ 等待 Profile 更新任务...
2026-07-22 10:02:43.104 | INFO     | N/A | ⏳ 等待 Profile 更新任务...
2026-07-22 10:02:48.130 | INFO     | N/A | ⏳ 等待 Profile 更新任务...
2026-07-22 10:02:53.153 | INFO     | N/A | ⏳ 等待 Profile 更新任务...
2026-07-22 10:02:58.176 | INFO     | N/A | ⏳ 等待 Profile 更新任务...
2026-07-22 10:03:03.200 | INFO     | N/A | ⏳ 等待 Profile 更新任务...
2026-07-22 10:03:08.248 | INFO     | N/A | ⏳ 等待 Profile 更新任务...
2026-07-22 10:03:13.271 | INFO     | N/A | ⏳ 等待 Profile 更新任务...
2026-07-22 10:03:18.297 | INFO     | N/A | ⏳ 等待 Profile 更新任务...
2026-07-22 10:03:23.318 | INFO     | N/A | ⏳ 等待 Profile 更新任务...
2026-07-22 10:03:28.344 | INFO     | N/A | ⏳ 等待 Profile 更新任务...
2026-07-22 10:03:33.368 | INFO     | N/A | ⏳ 等待 Profile 更新任务...
2026-07-22 10:03:38.391 | INFO     | N/A | ⏳ 等待 Profile 更新任务...
2026-07-22 10:03:43.416 | INFO     | N/A | ⏳ 等待 Profile 更新任务...
2026-07-22 10:03:48.444 | INFO     | N/A | ⏳ 等待 Profile 更新任务...
2026-07-22 10:03:53.469 | INFO     | N/A | ⏳ 等待 Profile 更新任务...
2026-07-22 10:03:58.495 | INFO     | N/A | ⏳ 等待 Profile 更新任务...
2026-07-22 10:04:03.518 | INFO     | N/A | ⏳ 等待 Profile 更新任务...
2026-07-22 10:04:08.544 | INFO     | N/A | ⏳ 等待 Profile 更新任务...
2026-07-22 10:04:13.571 | INFO     | N/A | ⏳ 等待 Profile 更新任务...
2026-07-22 10:04:18.598 | INFO     | N/A | ⏳ 等待 Profile 更新任务...
2026-07-22 10:04:23.620 | INFO     | N/A | ⏳ 等待 Profile 更新任务...
2026-07-22 10:04:28.643 | INFO     | N/A | ⏳ 等待 Profile 更新任务...
2026-07-22 10:04:33.664 | INFO     | N/A | ⏳ 等待 Profile 更新任务...
2026-07-22 10:04:38.686 | INFO     | N/A | ⏳ 等待 Profile 更新任务...
2026-07-22 10:04:43.708 | INFO     | N/A | ⏳ 等待 Profile 更新任务...
2026-07-22 10:04:48.733 | INFO     | N/A | ⏳ 等待 Profile 更新任务...
2026-07-22 10:04:53.756 | INFO     | N/A | ⏳ 等待 Profile 更新任务...
2026-07-22 10:04:58.779 | INFO     | N/A | ⏳ 等待 Profile 更新任务...
2026-07-22 10:05:03.803 | INFO     | N/A | ⏳ 等待 Profile 更新任务...
2026-07-22 10:05:08.825 | INFO     | N/A | ⏳ 等待 Profile 更新任务...
2026-07-22 10:05:13.851 | INFO     | N/A | ⏳ 等待 Profile 更新任务...
2026-07-22 10:05:18.877 | INFO     | N/A | ⏳ 等待 Profile 更新任务...
2026-07-22 10:05:23.901 | INFO     | N/A | ⏳ 等待 Profile 更新任务...
2026-07-22 10:05:28.926 | INFO     | N/A | ⏳ 等待 Profile 更新任务...
2026-07-22 10:05:33.949 | INFO     | N/A | ⏳ 等待 Profile 更新任务...
2026-07-22 10:05:38.970 | INFO     | N/A | ⏳ 等待 Profile 更新任务...
2026-07-22 10:05:43.993 | INFO     | N/A | ⏳ 等待 Profile 更新任务...
2026-07-22 10:05:49.016 | INFO     | N/A | ⏳ 等待 Profile 更新任务...
2026-07-22 10:05:54.043 | INFO     | N/A | ⏳ 等待 Profile 更新任务...
2026-07-22 10:05:59.068 | INFO     | N/A | ⏳ 等待 Profile 更新任务...
2026-07-22 10:06:04.090 | INFO     | N/A | ⏳ 等待 Profile 更新任务...
2026-07-22 10:06:09.114 | INFO     | N/A | ⏳ 等待 Profile 更新任务...
2026-07-22 10:06:14.136 | INFO     | N/A | ⏳ 等待 Profile 更新任务...
2026-07-22 10:06:19.164 | INFO     | N/A | ⏳ 等待 Profile 更新任务...
2026-07-22 10:06:24.189 | INFO     | N/A | ⏳ 等待 Profile 更新任务...
2026-07-22 10:06:29.209 | INFO     | N/A | ⏳ 等待 Profile 更新任务...
2026-07-22 10:06:34.230 | INFO     | N/A | ⏳ 等待 Profile 更新任务...
2026-07-22 10:06:39.255 | INFO     | N/A | ⏳ 等待 Profile 更新任务...
2026-07-22 10:06:44.277 | INFO     | N/A | ⏳ 等待 Profile 更新任务...
2026-07-22 10:06:49.308 | INFO     | N/A | ⏳ 等待 Profile 更新任务...
2026-07-22 10:06:54.336 | INFO     | N/A | ⏳ 等待 Profile 更新任务...
2026-07-22 10:06:59.360 | INFO     | N/A | ⏳ 等待 Profile 更新任务...
2026-07-22 10:07:04.384 | INFO     | N/A | ⏳ 等待 Profile 更新任务...
2026-07-22 10:07:09.407 | INFO     | N/A | ⏳ 等待 Profile 更新任务...
2026-07-22 10:07:14.431 | INFO     | N/A | ⏳ 等待 Profile 更新任务...
2026-07-22 10:07:19.457 | INFO     | N/A | ⏳ 等待 Profile 更新任务...
2026-07-22 10:07:24.481 | INFO     | N/A | ⏳ 等待 Profile 更新任务...
2026-07-22 10:07:29.503 | INFO     | N/A | ⏳ 等待 Profile 更新任务...
2026-07-22 10:07:34.527 | INFO     | N/A | ⏳ 等待 Profile 更新任务...
2026-07-22 10:07:39.551 | INFO     | N/A | ⏳ 等待 Profile 更新任务...
2026-07-22 10:07:44.574 | INFO     | N/A | ⏳ 等待 Profile 更新任务...
2026-07-22 10:07:49.602 | INFO     | N/A | ⏳ 等待 Profile 更新任务...
2026-07-22 10:07:54.625 | INFO     | N/A | ⏳ 等待 Profile 更新任务...
2026-07-22 10:07:59.647 | INFO     | N/A | ⏳ 等待 Profile 更新任务...
2026-07-22 10:08:04.671 | INFO     | N/A | ⏳ 等待 Profile 更新任务...
2026-07-22 10:08:09.696 | INFO     | N/A | ⏳ 等待 Profile 更新任务...
2026-07-22 10:08:14.721 | INFO     | N/A | ⏳ 等待 Profile 更新任务...
2026-07-22 10:08:19.746 | INFO     | N/A | ⏳ 等待 Profile 更新任务...
2026-07-22 10:08:24.772 | INFO     | N/A | ⏳ 等待 Profile 更新任务...
2026-07-22 10:08:29.791 | INFO     | N/A | ⏳ 等待 Profile 更新任务...
2026-07-22 10:08:34.816 | INFO     | N/A | ⏳ 等待 Profile 更新任务...
2026-07-22 10:08:39.842 | INFO     | N/A | ⏳ 等待 Profile 更新任务...
2026-07-22 10:08:44.867 | INFO     | N/A | ⏳ 等待 Profile 更新任务...
2026-07-22 10:08:49.897 | INFO     | N/A | ⏳ 等待 Profile 更新任务...
2026-07-22 10:08:54.921 | INFO     | N/A | ⏳ 等待 Profile 更新任务...
2026-07-22 10:08:59.943 | INFO     | N/A | ⏳ 等待 Profile 更新任务...
2026-07-22 10:09:04.968 | INFO     | N/A | ⏳ 等待 Profile 更新任务...
2026-07-22 10:09:09.990 | INFO     | N/A | ⏳ 等待 Profile 更新任务...
2026-07-22 10:09:15.013 | INFO     | N/A | ⏳ 等待 Profile 更新任务...
2026-07-22 10:09:20.040 | INFO     | N/A | ⏳ 等待 Profile 更新任务...
2026-07-22 10:09:25.065 | INFO     | N/A | ⏳ 等待 Profile 更新任务...
2026-07-22 10:09:30.088 | INFO     | N/A | ⏳ 等待 Profile 更新任务...
2026-07-22 10:09:35.110 | INFO     | N/A | ⏳ 等待 Profile 更新任务...
2026-07-22 10:09:40.135 | INFO     | N/A | ⏳ 等待 Profile 更新任务...
2026-07-22 10:09:45.158 | INFO     | N/A | ⏳ 等待 Profile 更新任务...
2026-07-22 10:09:50.184 | INFO     | N/A | ⏳ 等待 Profile 更新任务...
2026-07-22 10:09:55.209 | INFO     | N/A | ⏳ 等待 Profile 更新任务...
2026-07-22 10:10:00.233 | INFO     | N/A | ⏳ 等待 Profile 更新任务...
2026-07-22 10:10:05.256 | INFO     | N/A | ⏳ 等待 Profile 更新任务...
2026-07-22 10:10:10.279 | INFO     | N/A | ⏳ 等待 Profile 更新任务...
2026-07-22 10:10:15.303 | INFO     | N/A | ⏳ 等待 Profile 更新任务...
2026-07-22 10:10:20.332 | INFO     | N/A | ⏳ 等待 Profile 更新任务...
2026-07-22 10:10:25.357 | INFO     | N/A | ⏳ 等待 Profile 更新任务...
2026-07-22 10:10:30.379 | INFO     | N/A | ⏳ 等待 Profile 更新任务...
2026-07-22 10:10:35.403 | INFO     | N/A | ⏳ 等待 Profile 更新任务...
2026-07-22 10:10:40.429 | INFO     | N/A | ⏳ 等待 Profile 更新任务...
2026-07-22 10:10:45.454 | INFO     | N/A | ⏳ 等待 Profile 更新任务...
2026-07-22 10:10:50.481 | INFO     | N/A | ⏳ 等待 Profile 更新任务...
2026-07-22 10:10:55.505 | INFO     | N/A | ⏳ 等待 Profile 更新任务...
2026-07-22 10:11:00.529 | INFO     | N/A | ⏳ 等待 Profile 更新任务...
2026-07-22 10:11:05.556 | INFO     | N/A | ⏳ 等待 Profile 更新任务...
2026-07-22 10:11:10.580 | INFO     | N/A | ⏳ 等待 Profile 更新任务...
2026-07-22 10:11:15.603 | INFO     | N/A | ⏳ 等待 Profile 更新任务...
2026-07-22 10:11:20.629 | INFO     | N/A | ⏳ 等待 Profile 更新任务...
2026-07-22 10:11:25.652 | INFO     | N/A | ⏳ 等待 Profile 更新任务...
2026-07-22 10:11:30.679 | INFO     | N/A | ⏳ 等待 Profile 更新任务...
2026-07-22 10:11:35.702 | INFO     | N/A | ⏳ 等待 Profile 更新任务...
2026-07-22 10:11:40.727 | INFO     | N/A | ⏳ 等待 Profile 更新任务...
2026-07-22 10:11:45.751 | INFO     | N/A | ⏳ 等待 Profile 更新任务...
2026-07-22 10:11:50.776 | INFO     | N/A | ⏳ 等待 Profile 更新任务...
2026-07-22 10:11:55.800 | INFO     | N/A | ⏳ 等待 Profile 更新任务...
2026-07-22 10:12:00.824 | INFO     | N/A | ⏳ 等待 Profile 更新任务...
2026-07-22 10:12:05.847 | INFO     | N/A | ⏳ 等待 Profile 更新任务...
2026-07-22 10:12:10.870 | INFO     | N/A | ⏳ 等待 Profile 更新任务...
2026-07-22 10:12:15.894 | INFO     | N/A | ⏳ 等待 Profile 更新任务...
2026-07-22 10:12:20.923 | INFO     | N/A | ⏳ 等待 Profile 更新任务...
2026-07-22 10:12:25.948 | INFO     | N/A | ⏳ 等待 Profile 更新任务...
2026-07-22 10:12:30.970 | INFO     | N/A | ⏳ 等待 Profile 更新任务...
2026-07-22 10:12:35.994 | INFO     | N/A | ⏳ 等待 Profile 更新任务...
2026-07-22 10:12:41.017 | INFO     | N/A | ⏳ 等待 Profile 更新任务...
2026-07-22 10:12:46.040 | INFO     | N/A | ⏳ 等待 Profile 更新任务...
2026-07-22 10:12:51.067 | INFO     | N/A | ⏳ 等待 Profile 更新任务...
2026-07-22 10:12:56.091 | INFO     | N/A | ⏳ 等待 Profile 更新任务...
2026-07-22 10:13:01.115 | INFO     | N/A | ⏳ 等待 Profile 更新任务...
2026-07-22 10:13:06.140 | INFO     | N/A | ⏳ 等待 Profile 更新任务...
2026-07-22 10:13:11.163 | INFO     | N/A | ⏳ 等待 Profile 更新任务...
2026-07-22 10:13:16.185 | INFO     | N/A | ⏳ 等待 Profile 更新任务...
2026-07-22 10:13:21.210 | INFO     | N/A | ⏳ 等待 Profile 更新任务...
2026-07-22 10:13:26.233 | INFO     | N/A | ⏳ 等待 Profile 更新任务...
2026-07-22 10:13:31.257 | INFO     | N/A | ⏳ 等待 Profile 更新任务...
2026-07-22 10:13:36.283 | INFO     | N/A | ⏳ 等待 Profile 更新任务...
2026-07-22 10:13:41.306 | INFO     | N/A | ⏳ 等待 Profile 更新任务...
2026-07-22 10:13:46.332 | INFO     | N/A | ⏳ 等待 Profile 更新任务...
2026-07-22 10:13:51.357 | INFO     | N/A | ⏳ 等待 Profile 更新任务...
2026-07-22 10:13:56.379 | INFO     | N/A | ⏳ 等待 Profile 更新任务...
2026-07-22 10:14:01.403 | INFO     | N/A | ⏳ 等待 Profile 更新任务...
2026-07-22 10:14:06.426 | INFO     | N/A | ⏳ 等待 Profile 更新任务...
2026-07-22 10:14:11.451 | INFO     | N/A | ⏳ 等待 Profile 更新任务...
2026-07-22 10:14:16.502 | INFO     | N/A | ⏳ 等待 Profile 更新任务...
2026-07-22 10:14:21.528 | INFO     | N/A | ⏳ 等待 Profile 更新任务...
2026-07-22 10:14:26.553 | INFO     | N/A | ⏳ 等待 Profile 更新任务...
2026-07-22 10:14:31.578 | INFO     | N/A | ⏳ 等待 Profile 更新任务...
2026-07-22 10:14:36.601 | INFO     | N/A | ⏳ 等待 Profile 更新任务...
2026-07-22 10:14:41.622 | INFO     | N/A | ⏳ 等待 Profile 更新任务...
2026-07-22 10:14:46.646 | INFO     | N/A | ⏳ 等待 Profile 更新任务...
2026-07-22 10:14:51.674 | INFO     | N/A | ⏳ 等待 Profile 更新任务...
2026-07-22 10:14:56.697 | INFO     | N/A | ⏳ 等待 Profile 更新任务...
2026-07-22 10:15:01.721 | INFO     | N/A | ⏳ 等待 Profile 更新任务...
2026-07-22 10:15:06.744 | INFO     | N/A | ⏳ 等待 Profile 更新任务...
2026-07-22 10:15:11.769 | INFO     | N/A | ⏳ 等待 Profile 更新任务...
2026-07-22 10:15:16.794 | INFO     | N/A | ⏳ 等待 Profile 更新任务...
2026-07-22 10:15:21.819 | INFO     | N/A | ⏳ 等待 Profile 更新任务...
2026-07-22 10:15:26.843 | INFO     | N/A | ⏳ 等待 Profile 更新任务...
2026-07-22 10:15:31.869 | INFO     | N/A | ⏳ 等待 Profile 更新任务...
2026-07-22 10:15:36.894 | INFO     | N/A | ⏳ 等待 Profile 更新任务...
2026-07-22 10:15:41.918 | INFO     | N/A | ⏳ 等待 Profile 更新任务...
2026-07-22 10:15:46.944 | INFO     | N/A | ⏳ 等待 Profile 更新任务...
2026-07-22 10:15:51.971 | INFO     | N/A | ⏳ 等待 Profile 更新任务...
2026-07-22 10:15:56.994 | INFO     | N/A | ⏳ 等待 Profile 更新任务...
2026-07-22 10:16:02.017 | INFO     | N/A | ⏳ 等待 Profile 更新任务...
2026-07-22 10:16:07.039 | INFO     | N/A | ⏳ 等待 Profile 更新任务...
2026-07-22 10:16:12.061 | INFO     | N/A | ⏳ 等待 Profile 更新任务...
2026-07-22 10:16:17.088 | INFO     | N/A | ⏳ 等待 Profile 更新任务...
2026-07-22 10:16:22.114 | INFO     | N/A | ⏳ 等待 Profile 更新任务...
2026-07-22 10:16:27.137 | INFO     | N/A | ⏳ 等待 Profile 更新任务...
2026-07-22 10:16:32.161 | INFO     | N/A | ⏳ 等待 Profile 更新任务...
2026-07-22 10:16:37.183 | INFO     | N/A | ⏳ 等待 Profile 更新任务...
2026-07-22 10:16:42.206 | INFO     | N/A | ⏳ 等待 Profile 更新任务...
2026-07-22 10:16:47.230 | INFO     | N/A | ⏳ 等待 Profile 更新任务...
2026-07-22 10:16:52.258 | INFO     | N/A | ⏳ 等待 Profile 更新任务...
2026-07-22 10:16:57.279 | INFO     | N/A | ⏳ 等待 Profile 更新任务...
2026-07-22 10:17:02.303 | INFO     | N/A | ⏳ 等待 Profile 更新任务...
2026-07-22 10:17:07.327 | INFO     | N/A | ⏳ 等待 Profile 更新任务...
2026-07-22 10:17:12.350 | INFO     | N/A | ⏳ 等待 Profile 更新任务...
2026-07-22 10:17:17.373 | INFO     | N/A | ⏳ 等待 Profile 更新任务...
2026-07-22 10:17:22.400 | INFO     | N/A | ⏳ 等待 Profile 更新任务...
2026-07-22 10:17:27.424 | INFO     | N/A | ⏳ 等待 Profile 更新任务...
2026-07-22 10:17:32.447 | INFO     | N/A | ⏳ 等待 Profile 更新任务...
2026-07-22 10:17:37.470 | INFO     | N/A | ⏳ 等待 Profile 更新任务...
2026-07-22 10:17:42.494 | INFO     | N/A | ⏳ 等待 Profile 更新任务...
2026-07-22 10:17:47.517 | INFO     | N/A | ⏳ 等待 Profile 更新任务...
2026-07-22 10:17:52.543 | INFO     | N/A | ⏳ 等待 Profile 更新任务...
2026-07-22 10:17:57.566 | INFO     | N/A | ⏳ 等待 Profile 更新任务...
2026-07-22 10:18:02.588 | INFO     | N/A | ⏳ 等待 Profile 更新任务...
2026-07-22 10:18:07.611 | INFO     | N/A | ⏳ 等待 Profile 更新任务...
2026-07-22 10:18:12.634 | INFO     | N/A | ⏳ 等待 Profile 更新任务...
2026-07-22 10:18:17.656 | INFO     | N/A | ⏳ 等待 Profile 更新任务...
2026-07-22 10:18:22.682 | INFO     | N/A | ⏳ 等待 Profile 更新任务...
2026-07-22 10:18:27.705 | INFO     | N/A | ⏳ 等待 Profile 更新任务...
2026-07-22 10:18:32.729 | INFO     | N/A | ⏳ 等待 Profile 更新任务...
2026-07-22 10:18:37.752 | INFO     | N/A | ⏳ 等待 Profile 更新任务...
2026-07-22 10:18:42.776 | INFO     | N/A | ⏳ 等待 Profile 更新任务...
2026-07-22 10:18:47.797 | INFO     | N/A | ⏳ 等待 Profile 更新任务...
2026-07-22 10:18:52.822 | INFO     | N/A | ⏳ 等待 Profile 更新任务...
2026-07-22 10:18:57.847 | INFO     | N/A | ⏳ 等待 Profile 更新任务...
2026-07-22 10:19:02.869 | INFO     | N/A | ⏳ 等待 Profile 更新任务...
2026-07-22 10:19:07.893 | INFO     | N/A | ⏳ 等待 Profile 更新任务...
2026-07-22 10:19:12.918 | INFO     | N/A | ⏳ 等待 Profile 更新任务...
2026-07-22 10:19:17.943 | INFO     | N/A | ⏳ 等待 Profile 更新任务...
2026-07-22 10:19:22.968 | INFO     | N/A | ⏳ 等待 Profile 更新任务...
2026-07-22 10:19:27.992 | INFO     | N/A | ⏳ 等待 Profile 更新任务...
2026-07-22 10:19:33.017 | INFO     | N/A | ⏳ 等待 Profile 更新任务...
2026-07-22 10:19:38.043 | INFO     | N/A | ⏳ 等待 Profile 更新任务...
2026-07-22 10:19:43.068 | INFO     | N/A | ⏳ 等待 Profile 更新任务...
2026-07-22 10:19:48.094 | INFO     | N/A | ⏳ 等待 Profile 更新任务...
2026-07-22 10:19:53.121 | INFO     | N/A | ⏳ 等待 Profile 更新任务...
2026-07-22 10:19:58.145 | INFO     | N/A | ⏳ 等待 Profile 更新任务...
2026-07-22 10:20:03.171 | INFO     | N/A | ⏳ 等待 Profile 更新任务...
2026-07-22 10:20:08.196 | INFO     | N/A | ⏳ 等待 Profile 更新任务...
2026-07-22 10:20:13.222 | INFO     | N/A | ⏳ 等待 Profile 更新任务...
2026-07-22 10:20:18.246 | INFO     | N/A | ⏳ 等待 Profile 更新任务...
2026-07-22 10:20:23.270 | INFO     | N/A | ⏳ 等待 Profile 更新任务...
2026-07-22 10:20:28.310 | INFO     | N/A | ⏳ 等待 Profile 更新任务...
2026-07-22 10:20:33.332 | INFO     | N/A | ⏳ 等待 Profile 更新任务...
2026-07-22 10:20:38.357 | INFO     | N/A | ⏳ 等待 Profile 更新任务...
2026-07-22 10:20:43.380 | INFO     | N/A | ⏳ 等待 Profile 更新任务...
2026-07-22 10:20:48.405 | INFO     | N/A | ⏳ 等待 Profile 更新任务...
2026-07-22 10:20:53.432 | INFO     | N/A | ⏳ 等待 Profile 更新任务...
2026-07-22 10:20:58.458 | INFO     | N/A | ⏳ 等待 Profile 更新任务...
2026-07-22 10:21:03.480 | INFO     | N/A | ⏳ 等待 Profile 更新任务...
2026-07-22 10:21:08.503 | INFO     | N/A | ⏳ 等待 Profile 更新任务...
2026-07-22 10:21:13.529 | INFO     | N/A | ⏳ 等待 Profile 更新任务...
2026-07-22 10:21:18.554 | INFO     | N/A | ⏳ 等待 Profile 更新任务...
2026-07-22 10:21:23.582 | INFO     | N/A | ⏳ 等待 Profile 更新任务...
2026-07-22 10:21:28.609 | INFO     | N/A | ⏳ 等待 Profile 更新任务...
2026-07-22 10:21:33.632 | INFO     | N/A | ⏳ 等待 Profile 更新任务...
2026-07-22 10:21:38.655 | INFO     | N/A | ⏳ 等待 Profile 更新任务...
2026-07-22 10:21:43.680 | INFO     | N/A | ⏳ 等待 Profile 更新任务...
2026-07-22 10:21:48.704 | INFO     | N/A | ⏳ 等待 Profile 更新任务...
2026-07-22 10:21:53.736 | INFO     | N/A | ⏳ 等待 Profile 更新任务...
2026-07-22 10:21:58.762 | INFO     | N/A | ⏳ 等待 Profile 更新任务...
2026-07-22 10:22:03.781 | INFO     | N/A | ⏳ 等待 Profile 更新任务...
2026-07-22 10:22:08.808 | INFO     | N/A | ⏳ 等待 Profile 更新任务...
2026-07-22 10:22:13.830 | INFO     | N/A | ⏳ 等待 Profile 更新任务...
2026-07-22 10:22:18.853 | INFO     | N/A | ⏳ 等待 Profile 更新任务...
2026-07-22 10:22:23.880 | INFO     | N/A | ⏳ 等待 Profile 更新任务...
2026-07-22 10:22:28.904 | INFO     | N/A | ⏳ 等待 Profile 更新任务...
2026-07-22 10:22:33.928 | INFO     | N/A | ⏳ 等待 Profile 更新任务...
2026-07-22 10:22:38.950 | INFO     | N/A | ⏳ 等待 Profile 更新任务...
2026-07-22 10:22:43.973 | INFO     | N/A | ⏳ 等待 Profile 更新任务...
2026-07-22 10:22:48.996 | INFO     | N/A | ⏳ 等待 Profile 更新任务...
2026-07-22 10:22:54.024 | INFO     | N/A | ⏳ 等待 Profile 更新任务...
2026-07-22 10:22:59.046 | INFO     | N/A | ⏳ 等待 Profile 更新任务...
2026-07-22 10:23:04.072 | INFO     | N/A | ⏳ 等待 Profile 更新任务...
2026-07-22 10:23:09.095 | INFO     | N/A | ⏳ 等待 Profile 更新任务...
2026-07-22 10:23:14.137 | INFO     | N/A | ⏳ 等待 Profile 更新任务...
2026-07-22 10:23:19.158 | INFO     | N/A | ⏳ 等待 Profile 更新任务...
2026-07-22 10:23:24.184 | INFO     | N/A | ⏳ 等待 Profile 更新任务...
2026-07-22 10:23:29.210 | INFO     | N/A | ⏳ 等待 Profile 更新任务...
2026-07-22 10:23:34.233 | INFO     | N/A | ⏳ 等待 Profile 更新任务...
2026-07-22 10:23:39.254 | INFO     | N/A | ⏳ 等待 Profile 更新任务...
2026-07-22 10:23:44.277 | INFO     | N/A | ⏳ 等待 Profile 更新任务...
2026-07-22 10:23:49.304 | INFO     | N/A | ⏳ 等待 Profile 更新任务...
2026-07-22 10:23:54.329 | INFO     | N/A | ⏳ 等待 Profile 更新任务...
2026-07-22 10:23:59.351 | INFO     | N/A | ⏳ 等待 Profile 更新任务...
2026-07-22 10:24:04.376 | INFO     | N/A | ⏳ 等待 Profile 更新任务...
2026-07-22 10:24:09.408 | INFO     | N/A | ⏳ 等待 Profile 更新任务...
2026-07-22 10:24:14.431 | INFO     | N/A | ⏳ 等待 Profile 更新任务...
2026-07-22 10:24:19.456 | INFO     | N/A | ⏳ 等待 Profile 更新任务...
2026-07-22 10:24:24.487 | INFO     | N/A | ⏳ 等待 Profile 更新任务...
2026-07-22 10:24:29.511 | INFO     | N/A | ⏳ 等待 Profile 更新任务...
2026-07-22 10:24:34.533 | INFO     | N/A | ⏳ 等待 Profile 更新任务...
2026-07-22 10:24:39.557 | INFO     | N/A | ⏳ 等待 Profile 更新任务...
2026-07-22 10:24:44.581 | INFO     | N/A | ⏳ 等待 Profile 更新任务...
2026-07-22 10:24:49.604 | INFO     | N/A | ⏳ 等待 Profile 更新任务...
2026-07-22 10:24:54.632 | INFO     | N/A | ⏳ 等待 Profile 更新任务...
2026-07-22 10:24:59.653 | INFO     | N/A | ⏳ 等待 Profile 更新任务...
2026-07-22 10:25:04.676 | INFO     | N/A | ⏳ 等待 Profile 更新任务...
2026-07-22 10:25:09.696 | INFO     | N/A | ⏳ 等待 Profile 更新任务...
2026-07-22 10:25:14.719 | INFO     | N/A | ⏳ 等待 Profile 更新任务...
2026-07-22 10:25:19.741 | INFO     | N/A | ⏳ 等待 Profile 更新任务...
2026-07-22 10:25:24.767 | INFO     | N/A | ⏳ 等待 Profile 更新任务...
2026-07-22 10:25:29.784 | INFO     | N/A | ⏳ 等待 Profile 更新任务...
2026-07-22 10:25:34.806 | INFO     | N/A | ⏳ 等待 Profile 更新任务...
2026-07-22 10:25:39.826 | INFO     | N/A | ⏳ 等待 Profile 更新任务...
2026-07-22 10:25:44.849 | INFO     | N/A | ⏳ 等待 Profile 更新任务...
2026-07-22 10:25:49.869 | INFO     | N/A | ⏳ 等待 Profile 更新任务...
2026-07-22 10:25:54.891 | INFO     | N/A | ⏳ 等待 Profile 更新任务...
2026-07-22 10:25:59.917 | INFO     | N/A | ⏳ 等待 Profile 更新任务...
2026-07-22 10:26:04.940 | INFO     | N/A | ⏳ 等待 Profile 更新任务...
2026-07-22 10:26:09.965 | INFO     | N/A | ⏳ 等待 Profile 更新任务...
2026-07-22 10:26:14.986 | INFO     | N/A | ⏳ 等待 Profile 更新任务...
2026-07-22 10:26:20.010 | INFO     | N/A | ⏳ 等待 Profile 更新任务...
2026-07-22 10:26:25.033 | INFO     | N/A | ⏳ 等待 Profile 更新任务...
2026-07-22 10:26:30.056 | INFO     | N/A | ⏳ 等待 Profile 更新任务...
2026-07-22 10:26:35.078 | INFO     | N/A | ⏳ 等待 Profile 更新任务...
2026-07-22 10:26:40.099 | INFO     | N/A | ⏳ 等待 Profile 更新任务...
2026-07-22 10:26:45.120 | INFO     | N/A | ⏳ 等待 Profile 更新任务...
2026-07-22 10:26:50.142 | INFO     | N/A | ⏳ 等待 Profile 更新任务...
2026-07-22 10:26:55.165 | INFO     | N/A | ⏳ 等待 Profile 更新任务...
2026-07-22 10:27:00.195 | INFO     | N/A | ⏳ 等待 Profile 更新任务...
2026-07-22 10:27:05.218 | INFO     | N/A | ⏳ 等待 Profile 更新任务...
2026-07-22 10:27:10.242 | INFO     | N/A | ⏳ 等待 Profile 更新任务...
2026-07-22 10:27:15.266 | INFO     | N/A | ⏳ 等待 Profile 更新任务...
2026-07-22 10:27:20.289 | INFO     | N/A | ⏳ 等待 Profile 更新任务...
2026-07-22 10:27:25.314 | INFO     | N/A | ⏳ 等待 Profile 更新任务...
2026-07-22 10:27:30.338 | INFO     | N/A | ⏳ 等待 Profile 更新任务...
2026-07-22 10:27:35.360 | INFO     | N/A | ⏳ 等待 Profile 更新任务...
2026-07-22 10:27:40.383 | INFO     | N/A | ⏳ 等待 Profile 更新任务...
2026-07-22 10:27:45.406 | INFO     | N/A | ⏳ 等待 Profile 更新任务...
2026-07-22 10:27:50.429 | INFO     | N/A | ⏳ 等待 Profile 更新任务...
2026-07-22 10:27:55.452 | INFO     | N/A | ⏳ 等待 Profile 更新任务...
2026-07-22 10:28:00.482 | INFO     | N/A | ⏳ 等待 Profile 更新任务...
2026-07-22 10:28:05.504 | INFO     | N/A | ⏳ 等待 Profile 更新任务...
2026-07-22 10:28:10.525 | INFO     | N/A | ⏳ 等待 Profile 更新任务...
2026-07-22 10:28:15.546 | INFO     | N/A | ⏳ 等待 Profile 更新任务...
2026-07-22 10:28:20.570 | INFO     | N/A | ⏳ 等待 Profile 更新任务...
2026-07-22 10:28:25.596 | INFO     | N/A | ⏳ 等待 Profile 更新任务...
2026-07-22 10:28:30.620 | INFO     | N/A | ⏳ 等待 Profile 更新任务...
2026-07-22 10:28:35.641 | INFO     | N/A | ⏳ 等待 Profile 更新任务...
2026-07-22 10:28:40.663 | INFO     | N/A | ⏳ 等待 Profile 更新任务...
2026-07-22 10:28:45.686 | INFO     | N/A | ⏳ 等待 Profile 更新任务...
2026-07-22 10:28:50.708 | INFO     | N/A | ⏳ 等待 Profile 更新任务...
2026-07-22 10:28:55.732 | INFO     | N/A | ⏳ 等待 Profile 更新任务...
2026-07-22 10:29:00.756 | INFO     | N/A | ⏳ 等待 Profile 更新任务...
2026-07-22 10:29:05.781 | INFO     | N/A | ⏳ 等待 Profile 更新任务...
2026-07-22 10:29:10.804 | INFO     | N/A | ⏳ 等待 Profile 更新任务...
2026-07-22 10:29:15.827 | INFO     | N/A | ⏳ 等待 Profile 更新任务...
2026-07-22 10:29:20.846 | INFO     | N/A | ⏳ 等待 Profile 更新任务...
2026-07-22 10:29:25.869 | INFO     | N/A | ⏳ 等待 Profile 更新任务...
2026-07-22 10:29:30.899 | INFO     | N/A | ⏳ 等待 Profile 更新任务...
2026-07-22 10:29:35.922 | INFO     | N/A | ⏳ 等待 Profile 更新任务...
2026-07-22 10:29:40.945 | INFO     | N/A | ⏳ 等待 Profile 更新任务...
2026-07-22 10:29:45.970 | INFO     | N/A | ⏳ 等待 Profile 更新任务...
2026-07-22 10:29:50.997 | INFO     | N/A | ⏳ 等待 Profile 更新任务...
2026-07-22 10:29:56.023 | INFO     | N/A | ⏳ 等待 Profile 更新任务...
2026-07-22 10:30:01.047 | INFO     | N/A | ⏳ 等待 Profile 更新任务...
2026-07-22 10:30:06.073 | INFO     | N/A | ⏳ 等待 Profile 更新任务...
2026-07-22 10:30:11.097 | INFO     | N/A | ⏳ 等待 Profile 更新任务...
2026-07-22 10:30:16.118 | INFO     | N/A | ⏳ 等待 Profile 更新任务...
2026-07-22 10:30:21.141 | INFO     | N/A | ⏳ 等待 Profile 更新任务...
2026-07-22 10:30:26.162 | INFO     | N/A | ⏳ 等待 Profile 更新任务...
2026-07-22 10:30:31.188 | INFO     | N/A | ⏳ 等待 Profile 更新任务...
2026-07-22 10:30:36.212 | INFO     | N/A | ⏳ 等待 Profile 更新任务...
2026-07-22 10:30:41.235 | INFO     | N/A | ⏳ 等待 Profile 更新任务...
2026-07-22 10:30:46.259 | INFO     | N/A | ⏳ 等待 Profile 更新任务...
2026-07-22 10:30:51.283 | INFO     | N/A | ⏳ 等待 Profile 更新任务...
2026-07-22 10:30:56.306 | INFO     | N/A | ⏳ 等待 Profile 更新任务...
2026-07-22 10:31:01.333 | INFO     | N/A | ⏳ 等待 Profile 更新任务...
2026-07-22 10:31:06.359 | INFO     | N/A | ⏳ 等待 Profile 更新任务...
2026-07-22 10:31:11.382 | INFO     | N/A | ⏳ 等待 Profile 更新任务...
2026-07-22 10:31:16.405 | INFO     | N/A | ⏳ 等待 Profile 更新任务...
2026-07-22 10:31:21.428 | INFO     | N/A | ⏳ 等待 Profile 更新任务...
2026-07-22 10:31:26.467 | INFO     | N/A | ⏳ 等待 Profile 更新任务...
2026-07-22 10:31:31.492 | INFO     | N/A | ⏳ 等待 Profile 更新任务...
2026-07-22 10:31:36.526 | INFO     | N/A | ⏳ 等待 Profile 更新任务...
2026-07-22 10:31:41.548 | INFO     | N/A | ⏳ 等待 Profile 更新任务...
2026-07-22 10:31:46.572 | INFO     | N/A | ⏳ 等待 Profile 更新任务...
2026-07-22 10:31:51.596 | INFO     | N/A | ⏳ 等待 Profile 更新任务...
2026-07-22 10:31:56.618 | INFO     | N/A | ⏳ 等待 Profile 更新任务...
2026-07-22 10:32:01.643 | INFO     | N/A | ⏳ 等待 Profile 更新任务...
2026-07-22 10:32:06.667 | INFO     | N/A | ⏳ 等待 Profile 更新任务...
2026-07-22 10:32:11.691 | INFO     | N/A | ⏳ 等待 Profile 更新任务...
2026-07-22 10:32:16.713 | INFO     | N/A | ⏳ 等待 Profile 更新任务...
2026-07-22 10:32:21.737 | INFO     | N/A | ⏳ 等待 Profile 更新任务...
2026-07-22 10:32:26.759 | INFO     | N/A | ⏳ 等待 Profile 更新任务...
2026-07-22 10:32:31.784 | INFO     | N/A | ⏳ 等待 Profile 更新任务...
2026-07-22 10:32:36.808 | INFO     | N/A | ⏳ 等待 Profile 更新任务...
2026-07-22 10:32:41.833 | INFO     | N/A | ⏳ 等待 Profile 更新任务...
2026-07-22 10:32:46.854 | INFO     | N/A | ⏳ 等待 Profile 更新任务...
2026-07-22 10:32:51.876 | INFO     | N/A | ⏳ 等待 Profile 更新任务...
2026-07-22 10:32:56.899 | INFO     | N/A | ⏳ 等待 Profile 更新任务...
2026-07-22 10:33:01.919 | INFO     | N/A | ⏳ 等待 Profile 更新任务...
2026-07-22 10:33:06.942 | INFO     | N/A | ⏳ 等待 Profile 更新任务...
2026-07-22 10:33:11.964 | INFO     | N/A | ⏳ 等待 Profile 更新任务...
2026-07-22 10:33:16.986 | INFO     | N/A | ⏳ 等待 Profile 更新任务...
2026-07-22 10:33:22.007 | INFO     | N/A | ⏳ 等待 Profile 更新任务...
2026-07-22 10:33:27.030 | INFO     | N/A | ⏳ 等待 Profile 更新任务...
2026-07-22 10:33:32.050 | INFO     | N/A | ⏳ 等待 Profile 更新任务...
2026-07-22 10:33:37.080 | INFO     | N/A | ⏳ 等待 Profile 更新任务...
2026-07-22 10:33:42.100 | INFO     | N/A | ⏳ 等待 Profile 更新任务...
2026-07-22 10:33:47.125 | INFO     | N/A | ⏳ 等待 Profile 更新任务...
2026-07-22 10:33:52.153 | INFO     | N/A | ⏳ 等待 Profile 更新任务...
2026-07-22 10:33:57.177 | INFO     | N/A | ⏳ 等待 Profile 更新任务...
2026-07-22 10:34:02.201 | INFO     | N/A | ⏳ 等待 Profile 更新任务...
2026-07-22 10:34:07.250 | INFO     | N/A | ⏳ 等待 Profile 更新任务...
2026-07-22 10:34:12.272 | INFO     | N/A | ⏳ 等待 Profile 更新任务...
2026-07-22 10:34:17.293 | INFO     | N/A | ⏳ 等待 Profile 更新任务...
2026-07-22 10:34:22.315 | INFO     | N/A | ⏳ 等待 Profile 更新任务...
2026-07-22 10:34:27.335 | INFO     | N/A | ⏳ 等待 Profile 更新任务...
2026-07-22 10:34:32.357 | INFO     | N/A | ⏳ 等待 Profile 更新任务...
2026-07-22 10:34:37.383 | INFO     | N/A | ⏳ 等待 Profile 更新任务...
2026-07-22 10:34:42.406 | INFO     | N/A | ⏳ 等待 Profile 更新任务...
2026-07-22 10:34:47.426 | INFO     | N/A | ⏳ 等待 Profile 更新任务...
2026-07-22 10:34:52.446 | INFO     | N/A | ⏳ 等待 Profile 更新任务...
2026-07-22 10:34:57.468 | INFO     | N/A | ⏳ 等待 Profile 更新任务...
2026-07-22 10:35:02.492 | INFO     | N/A | ⏳ 等待 Profile 更新任务...
2026-07-22 10:35:07.514 | INFO     | N/A | ⏳ 等待 Profile 更新任务...
2026-07-22 10:35:12.537 | INFO     | N/A | ⏳ 等待 Profile 更新任务...
2026-07-22 10:35:17.560 | INFO     | N/A | ⏳ 等待 Profile 更新任务...
2026-07-22 10:35:22.583 | INFO     | N/A | ⏳ 等待 Profile 更新任务...
2026-07-22 10:35:27.604 | INFO     | N/A | ⏳ 等待 Profile 更新任务...
2026-07-22 10:35:32.625 | INFO     | N/A | ⏳ 等待 Profile 更新任务...
2026-07-22 10:35:37.651 | INFO     | N/A | ⏳ 等待 Profile 更新任务...
2026-07-22 10:35:42.674 | INFO     | N/A | ⏳ 等待 Profile 更新任务...
2026-07-22 10:35:47.697 | INFO     | N/A | ⏳ 等待 Profile 更新任务...
2026-07-22 10:35:52.719 | INFO     | N/A | ⏳ 等待 Profile 更新任务...
2026-07-22 10:35:57.742 | INFO     | N/A | ⏳ 等待 Profile 更新任务...
2026-07-22 10:36:02.767 | INFO     | N/A | ⏳ 等待 Profile 更新任务...
2026-07-22 10:36:07.790 | INFO     | N/A | ⏳ 等待 Profile 更新任务...
2026-07-22 10:36:12.815 | INFO     | N/A | ⏳ 等待 Profile 更新任务...
2026-07-22 10:36:17.841 | INFO     | N/A | ⏳ 等待 Profile 更新任务...
2026-07-22 10:36:22.864 | INFO     | N/A | ⏳ 等待 Profile 更新任务...
2026-07-22 10:36:27.887 | INFO     | N/A | ⏳ 等待 Profile 更新任务...
2026-07-22 10:36:32.916 | INFO     | N/A | ⏳ 等待 Profile 更新任务...
2026-07-22 10:36:37.942 | INFO     | N/A | ⏳ 等待 Profile 更新任务...
2026-07-22 10:36:42.966 | INFO     | N/A | ⏳ 等待 Profile 更新任务...
2026-07-22 10:36:47.991 | INFO     | N/A | ⏳ 等待 Profile 更新任务...
2026-07-22 10:36:53.015 | INFO     | N/A | ⏳ 等待 Profile 更新任务...
2026-07-22 10:36:58.038 | INFO     | N/A | ⏳ 等待 Profile 更新任务...
2026-07-22 10:37:03.061 | INFO     | N/A | ⏳ 等待 Profile 更新任务...
2026-07-22 10:37:08.087 | INFO     | N/A | ⏳ 等待 Profile 更新任务...
2026-07-22 10:37:13.112 | INFO     | N/A | ⏳ 等待 Profile 更新任务...
2026-07-22 10:37:18.134 | INFO     | N/A | ⏳ 等待 Profile 更新任务...
2026-07-22 10:37:23.157 | INFO     | N/A | ⏳ 等待 Profile 更新任务...
2026-07-22 10:37:28.179 | INFO     | N/A | ⏳ 等待 Profile 更新任务...
2026-07-22 10:37:33.218 | INFO     | N/A | ⏳ 等待 Profile 更新任务...
2026-07-22 10:37:38.242 | INFO     | N/A | ⏳ 等待 Profile 更新任务...
2026-07-22 10:37:43.266 | INFO     | N/A | ⏳ 等待 Profile 更新任务...
2026-07-22 10:37:48.290 | INFO     | N/A | ⏳ 等待 Profile 更新任务...
2026-07-22 10:37:53.312 | INFO     | N/A | ⏳ 等待 Profile 更新任务...
2026-07-22 10:37:58.337 | INFO     | N/A | ⏳ 等待 Profile 更新任务...
2026-07-22 10:38:03.361 | INFO     | N/A | ⏳ 等待 Profile 更新任务...
2026-07-22 10:38:08.385 | INFO     | N/A | ⏳ 等待 Profile 更新任务...
2026-07-22 10:38:13.409 | INFO     | N/A | ⏳ 等待 Profile 更新任务...
2026-07-22 10:38:18.434 | INFO     | N/A | ⏳ 等待 Profile 更新任务...
2026-07-22 10:38:23.458 | INFO     | N/A | ⏳ 等待 Profile 更新任务...
2026-07-22 10:38:28.480 | INFO     | N/A | ⏳ 等待 Profile 更新任务...
2026-07-22 10:38:33.503 | INFO     | N/A | ⏳ 等待 Profile 更新任务...
2026-07-22 10:38:38.528 | INFO     | N/A | ⏳ 等待 Profile 更新任务...
2026-07-22 10:38:43.551 | INFO     | N/A | ⏳ 等待 Profile 更新任务...
2026-07-22 10:38:48.574 | INFO     | N/A | ⏳ 等待 Profile 更新任务...
2026-07-22 10:38:53.598 | INFO     | N/A | ⏳ 等待 Profile 更新任务...
2026-07-22 10:38:58.621 | INFO     | N/A | ⏳ 等待 Profile 更新任务...
2026-07-22 10:39:03.645 | INFO     | N/A | ⏳ 等待 Profile 更新任务...
2026-07-22 10:39:08.670 | INFO     | N/A | ⏳ 等待 Profile 更新任务...
2026-07-22 10:39:13.694 | INFO     | N/A | ⏳ 等待 Profile 更新任务...
2026-07-22 10:39:18.718 | INFO     | N/A | ⏳ 等待 Profile 更新任务...
2026-07-22 10:39:23.741 | INFO     | N/A | ⏳ 等待 Profile 更新任务...
2026-07-22 10:39:28.765 | INFO     | N/A | ⏳ 等待 Profile 更新任务...
2026-07-22 10:39:33.789 | INFO     | N/A | ⏳ 等待 Profile 更新任务...
2026-07-22 10:39:38.816 | INFO     | N/A | ⏳ 等待 Profile 更新任务...
2026-07-22 10:39:43.840 | INFO     | N/A | ⏳ 等待 Profile 更新任务...
2026-07-22 10:39:48.865 | INFO     | N/A | ⏳ 等待 Profile 更新任务...
2026-07-22 10:39:53.889 | INFO     | N/A | ⏳ 等待 Profile 更新任务...
2026-07-22 10:39:58.913 | INFO     | N/A | ⏳ 等待 Profile 更新任务...
2026-07-22 10:40:03.943 | INFO     | N/A | ⏳ 等待 Profile 更新任务...
2026-07-22 10:40:08.970 | INFO     | N/A | ⏳ 等待 Profile 更新任务...
2026-07-22 10:40:13.993 | INFO     | N/A | ⏳ 等待 Profile 更新任务...
2026-07-22 10:40:19.017 | INFO     | N/A | ⏳ 等待 Profile 更新任务...
2026-07-22 10:40:24.038 | INFO     | N/A | ⏳ 等待 Profile 更新任务...
2026-07-22 10:40:29.060 | INFO     | N/A | ⏳ 等待 Profile 更新任务...
2026-07-22 10:40:34.084 | INFO     | N/A | ⏳ 等待 Profile 更新任务...
2026-07-22 10:40:39.107 | INFO     | N/A | ⏳ 等待 Profile 更新任务...
2026-07-22 10:40:44.127 | INFO     | N/A | ⏳ 等待 Profile 更新任务...
2026-07-22 10:40:49.149 | INFO     | N/A | ⏳ 等待 Profile 更新任务...
2026-07-22 10:40:54.174 | INFO     | N/A | ⏳ 等待 Profile 更新任务...
2026-07-22 10:40:59.196 | INFO     | N/A | ⏳ 等待 Profile 更新任务...
2026-07-22 10:41:04.220 | INFO     | N/A | ⏳ 等待 Profile 更新任务...
2026-07-22 10:41:09.246 | INFO     | N/A | ⏳ 等待 Profile 更新任务...
2026-07-22 10:41:14.272 | INFO     | N/A | ⏳ 等待 Profile 更新任务...
2026-07-22 10:41:19.294 | INFO     | N/A | ⏳ 等待 Profile 更新任务...
2026-07-22 10:41:24.317 | INFO     | N/A | ⏳ 等待 Profile 更新任务...
2026-07-22 10:41:29.338 | INFO     | N/A | ⏳ 等待 Profile 更新任务...
2026-07-22 10:41:34.360 | INFO     | N/A | ⏳ 等待 Profile 更新任务...
2026-07-22 10:41:39.382 | INFO     | N/A | ⏳ 等待 Profile 更新任务...
2026-07-22 10:41:44.403 | INFO     | N/A | ⏳ 等待 Profile 更新任务...
2026-07-22 10:41:49.427 | INFO     | N/A | ⏳ 等待 Profile 更新任务...
2026-07-22 10:41:54.449 | INFO     | N/A | ⏳ 等待 Profile 更新任务...
2026-07-22 10:41:59.474 | INFO     | N/A | ⏳ 等待 Profile 更新任务...
2026-07-22 10:42:04.497 | INFO     | N/A | ⏳ 等待 Profile 更新任务...
2026-07-22 10:42:09.519 | INFO     | N/A | ⏳ 等待 Profile 更新任务...
2026-07-22 10:42:14.546 | INFO     | N/A | ⏳ 等待 Profile 更新任务...
2026-07-22 10:42:19.572 | INFO     | N/A | ⏳ 等待 Profile 更新任务...
2026-07-22 10:42:24.598 | INFO     | N/A | ⏳ 等待 Profile 更新任务...
2026-07-22 10:42:29.620 | INFO     | N/A | ⏳ 等待 Profile 更新任务...
2026-07-22 10:42:34.642 | INFO     | N/A | ⏳ 等待 Profile 更新任务...
2026-07-22 10:42:39.664 | INFO     | N/A | ⏳ 等待 Profile 更新任务...
2026-07-22 10:42:44.690 | INFO     | N/A | ⏳ 等待 Profile 更新任务...
2026-07-22 10:42:49.714 | INFO     | N/A | ⏳ 等待 Profile 更新任务...
2026-07-22 10:42:54.736 | INFO     | N/A | ⏳ 等待 Profile 更新任务...
2026-07-22 10:42:59.759 | INFO     | N/A | ⏳ 等待 Profile 更新任务...
2026-07-22 10:43:04.784 | INFO     | N/A | ⏳ 等待 Profile 更新任务...
2026-07-22 10:43:09.808 | INFO     | N/A | ⏳ 等待 Profile 更新任务...
2026-07-22 10:43:14.837 | INFO     | N/A | ⏳ 等待 Profile 更新任务...
2026-07-22 10:43:19.860 | INFO     | N/A | ⏳ 等待 Profile 更新任务...
2026-07-22 10:43:24.882 | INFO     | N/A | ⏳ 等待 Profile 更新任务...
2026-07-22 10:43:29.905 | INFO     | N/A | ⏳ 等待 Profile 更新任务...
2026-07-22 10:43:34.929 | INFO     | N/A | ⏳ 等待 Profile 更新任务...
2026-07-22 10:43:39.950 | INFO     | N/A | ⏳ 等待 Profile 更新任务...
2026-07-22 10:43:44.977 | INFO     | N/A | ⏳ 等待 Profile 更新任务...
2026-07-22 10:43:50.000 | INFO     | N/A | ⏳ 等待 Profile 更新任务...
2026-07-22 10:43:55.027 | INFO     | N/A | ⏳ 等待 Profile 更新任务...
2026-07-22 10:44:00.053 | INFO     | N/A | ⏳ 等待 Profile 更新任务...
2026-07-22 10:44:05.078 | INFO     | N/A | ⏳ 等待 Profile 更新任务...
2026-07-22 10:44:10.100 | INFO     | N/A | ⏳ 等待 Profile 更新任务...
2026-07-22 10:44:15.128 | INFO     | N/A | ⏳ 等待 Profile 更新任务...
2026-07-22 10:44:20.171 | INFO     | N/A | ⏳ 等待 Profile 更新任务...
2026-07-22 10:44:25.195 | INFO     | N/A | ⏳ 等待 Profile 更新任务...
2026-07-22 10:44:30.218 | INFO     | N/A | ⏳ 等待 Profile 更新任务...
2026-07-22 10:44:35.243 | INFO     | N/A | ⏳ 等待 Profile 更新任务...
2026-07-22 10:44:40.264 | INFO     | N/A | ⏳ 等待 Profile 更新任务...
2026-07-22 10:44:45.289 | INFO     | N/A | ⏳ 等待 Profile 更新任务...
2026-07-22 10:44:50.313 | INFO     | N/A | ⏳ 等待 Profile 更新任务...
2026-07-22 10:44:55.339 | INFO     | N/A | ⏳ 等待 Profile 更新任务...
2026-07-22 10:45:00.364 | INFO     | N/A | ⏳ 等待 Profile 更新任务...
2026-07-22 10:45:05.390 | INFO     | N/A | ⏳ 等待 Profile 更新任务...
2026-07-22 10:45:10.415 | INFO     | N/A | ⏳ 等待 Profile 更新任务...
2026-07-22 10:45:15.438 | INFO     | N/A | ⏳ 等待 Profile 更新任务...
2026-07-22 10:45:20.463 | INFO     | N/A | ⏳ 等待 Profile 更新任务...
2026-07-22 10:45:25.488 | INFO     | N/A | ⏳ 等待 Profile 更新任务...
2026-07-22 10:45:30.513 | INFO     | N/A | ⏳ 等待 Profile 更新任务...
2026-07-22 10:45:35.533 | INFO     | N/A | ⏳ 等待 Profile 更新任务...
2026-07-22 10:45:40.556 | INFO     | N/A | ⏳ 等待 Profile 更新任务...
2026-07-22 10:45:45.584 | INFO     | N/A | ⏳ 等待 Profile 更新任务...
2026-07-22 10:45:50.607 | INFO     | N/A | ⏳ 等待 Profile 更新任务...
2026-07-22 10:45:55.629 | INFO     | N/A | ⏳ 等待 Profile 更新任务...
2026-07-22 10:46:00.651 | INFO     | N/A | ⏳ 等待 Profile 更新任务...
2026-07-22 10:46:05.676 | INFO     | N/A | ⏳ 等待 Profile 更新任务...
2026-07-22 10:46:10.699 | INFO     | N/A | ⏳ 等待 Profile 更新任务...
2026-07-22 10:46:15.729 | INFO     | N/A | ⏳ 等待 Profile 更新任务...
2026-07-22 10:46:20.753 | INFO     | N/A | ⏳ 等待 Profile 更新任务...
2026-07-22 10:46:25.778 | INFO     | N/A | ⏳ 等待 Profile 更新任务...
2026-07-22 10:46:30.801 | INFO     | N/A | ⏳ 等待 Profile 更新任务...
2026-07-22 10:46:35.823 | INFO     | N/A | ⏳ 等待 Profile 更新任务...
2026-07-22 10:46:40.849 | INFO     | N/A | ⏳ 等待 Profile 更新任务...
2026-07-22 10:46:45.876 | INFO     | N/A | ⏳ 等待 Profile 更新任务...
2026-07-22 10:46:50.900 | INFO     | N/A | ⏳ 等待 Profile 更新任务...
2026-07-22 10:46:55.924 | INFO     | N/A | ⏳ 等待 Profile 更新任务...
2026-07-22 10:47:00.947 | INFO     | N/A | ⏳ 等待 Profile 更新任务...
2026-07-22 10:47:05.971 | INFO     | N/A | ⏳ 等待 Profile 更新任务...
2026-07-22 10:47:11.013 | INFO     | N/A | ⏳ 等待 Profile 更新任务...
2026-07-22 10:47:16.038 | INFO     | N/A | ⏳ 等待 Profile 更新任务...
2026-07-22 10:47:21.062 | INFO     | N/A | ⏳ 等待 Profile 更新任务...
2026-07-22 10:47:26.085 | INFO     | N/A | ⏳ 等待 Profile 更新任务...
2026-07-22 10:47:31.110 | INFO     | N/A | ⏳ 等待 Profile 更新任务...
2026-07-22 10:47:36.134 | INFO     | N/A | ⏳ 等待 Profile 更新任务...
2026-07-22 10:47:41.157 | INFO     | N/A | ⏳ 等待 Profile 更新任务...
2026-07-22 10:47:46.182 | INFO     | N/A | ⏳ 等待 Profile 更新任务...
2026-07-22 10:47:51.204 | INFO     | N/A | ⏳ 等待 Profile 更新任务...
2026-07-22 10:47:56.227 | INFO     | N/A | ⏳ 等待 Profile 更新任务...
2026-07-22 10:48:01.251 | INFO     | N/A | ⏳ 等待 Profile 更新任务...
2026-07-22 10:48:06.275 | INFO     | N/A | ⏳ 等待 Profile 更新任务...
2026-07-22 10:48:11.302 | INFO     | N/A | ⏳ 等待 Profile 更新任务...
2026-07-22 10:48:16.328 | INFO     | N/A | ⏳ 等待 Profile 更新任务...
2026-07-22 10:48:21.352 | INFO     | N/A | ⏳ 等待 Profile 更新任务...
2026-07-22 10:48:26.377 | INFO     | N/A | ⏳ 等待 Profile 更新任务...
2026-07-22 10:48:31.400 | INFO     | N/A | ⏳ 等待 Profile 更新任务...
2026-07-22 10:48:36.423 | INFO     | N/A | ⏳ 等待 Profile 更新任务...
2026-07-22 10:48:41.448 | INFO     | N/A | ⏳ 等待 Profile 更新任务...
2026-07-22 10:48:46.476 | INFO     | N/A | ⏳ 等待 Profile 更新任务...
2026-07-22 10:48:51.500 | INFO     | N/A | ⏳ 等待 Profile 更新任务...
2026-07-22 10:48:56.523 | INFO     | N/A | ⏳ 等待 Profile 更新任务...
2026-07-22 10:49:01.546 | INFO     | N/A | ⏳ 等待 Profile 更新任务...
2026-07-22 10:49:06.569 | INFO     | N/A | ⏳ 等待 Profile 更新任务...
2026-07-22 10:49:11.593 | INFO     | N/A | ⏳ 等待 Profile 更新任务...
2026-07-22 10:49:16.619 | INFO     | N/A | ⏳ 等待 Profile 更新任务...
2026-07-22 10:49:21.641 | INFO     | N/A | ⏳ 等待 Profile 更新任务...
2026-07-22 10:49:26.664 | INFO     | N/A | ⏳ 等待 Profile 更新任务...
2026-07-22 10:49:31.690 | INFO     | N/A | ⏳ 等待 Profile 更新任务...
2026-07-22 10:49:36.714 | INFO     | N/A | ⏳ 等待 Profile 更新任务...
2026-07-22 10:49:41.736 | INFO     | N/A | ⏳ 等待 Profile 更新任务...
2026-07-22 10:49:46.762 | INFO     | N/A | ⏳ 等待 Profile 更新任务...
2026-07-22 10:49:51.788 | INFO     | N/A | ⏳ 等待 Profile 更新任务...
2026-07-22 10:49:56.812 | INFO     | N/A | ⏳ 等待 Profile 更新任务...
2026-07-22 10:50:01.836 | INFO     | N/A | ⏳ 等待 Profile 更新任务...
2026-07-22 10:50:06.861 | INFO     | N/A | ⏳ 等待 Profile 更新任务...
2026-07-22 10:50:11.883 | INFO     | N/A | ⏳ 等待 Profile 更新任务...
2026-07-22 10:50:16.913 | INFO     | N/A | ⏳ 等待 Profile 更新任务...
2026-07-22 10:50:21.936 | INFO     | N/A | ⏳ 等待 Profile 更新任务...
2026-07-22 10:50:26.963 | INFO     | N/A | ⏳ 等待 Profile 更新任务...
2026-07-22 10:50:31.986 | INFO     | N/A | ⏳ 等待 Profile 更新任务...
2026-07-22 10:50:37.011 | INFO     | N/A | ⏳ 等待 Profile 更新任务...
2026-07-22 10:50:42.036 | INFO     | N/A | ⏳ 等待 Profile 更新任务...
2026-07-22 10:50:47.061 | INFO     | N/A | ⏳ 等待 Profile 更新任务...
2026-07-22 10:50:52.084 | INFO     | N/A | ⏳ 等待 Profile 更新任务...
2026-07-22 10:50:57.108 | INFO     | N/A | ⏳ 等待 Profile 更新任务...
2026-07-22 10:51:02.131 | INFO     | N/A | ⏳ 等待 Profile 更新任务...
2026-07-22 10:51:07.157 | INFO     | N/A | ⏳ 等待 Profile 更新任务...
2026-07-22 10:51:12.180 | INFO     | N/A | ⏳ 等待 Profile 更新任务...
2026-07-22 10:51:17.206 | INFO     | N/A | ⏳ 等待 Profile 更新任务...
2026-07-22 10:51:22.229 | INFO     | N/A | ⏳ 等待 Profile 更新任务...
2026-07-22 10:51:27.253 | INFO     | N/A | ⏳ 等待 Profile 更新任务...
2026-07-22 10:51:32.275 | INFO     | N/A | ⏳ 等待 Profile 更新任务...
2026-07-22 10:51:37.296 | INFO     | N/A | ⏳ 等待 Profile 更新任务...
2026-07-22 10:51:42.320 | INFO     | N/A | ⏳ 等待 Profile 更新任务...
2026-07-22 10:51:47.345 | INFO     | N/A | ⏳ 等待 Profile 更新任务...
2026-07-22 10:51:52.366 | INFO     | N/A | ⏳ 等待 Profile 更新任务...
2026-07-22 10:51:57.388 | INFO     | N/A | ⏳ 等待 Profile 更新任务...
2026-07-22 10:52:02.410 | INFO     | N/A | ⏳ 等待 Profile 更新任务...
2026-07-22 10:52:07.435 | INFO     | N/A | ⏳ 等待 Profile 更新任务...
2026-07-22 10:52:12.457 | INFO     | N/A | ⏳ 等待 Profile 更新任务...
2026-07-22 10:52:17.484 | INFO     | N/A | ⏳ 等待 Profile 更新任务...
2026-07-22 10:52:22.506 | INFO     | N/A | ⏳ 等待 Profile 更新任务...
2026-07-22 10:52:27.529 | INFO     | N/A | ⏳ 等待 Profile 更新任务...
2026-07-22 10:52:32.550 | INFO     | N/A | ⏳ 等待 Profile 更新任务...
2026-07-22 10:52:37.575 | INFO     | N/A | ⏳ 等待 Profile 更新任务...
2026-07-22 10:52:42.598 | INFO     | N/A | ⏳ 等待 Profile 更新任务...
2026-07-22 10:52:47.627 | INFO     | N/A | ⏳ 等待 Profile 更新任务...
2026-07-22 10:52:52.649 | INFO     | N/A | ⏳ 等待 Profile 更新任务...
2026-07-22 10:52:57.673 | INFO     | N/A | ⏳ 等待 Profile 更新任务...
2026-07-22 10:53:02.696 | INFO     | N/A | ⏳ 等待 Profile 更新任务...
2026-07-22 10:53:07.720 | INFO     | N/A | ⏳ 等待 Profile 更新任务...
2026-07-22 10:53:12.744 | INFO     | N/A | ⏳ 等待 Profile 更新任务...
2026-07-22 10:53:17.768 | INFO     | N/A | ⏳ 等待 Profile 更新任务...
2026-07-22 10:53:22.792 | INFO     | N/A | ⏳ 等待 Profile 更新任务...
2026-07-22 10:53:27.815 | INFO     | N/A | ⏳ 等待 Profile 更新任务...
2026-07-22 10:53:32.838 | INFO     | N/A | ⏳ 等待 Profile 更新任务...
2026-07-22 10:53:37.863 | INFO     | N/A | ⏳ 等待 Profile 更新任务...
2026-07-22 10:53:42.887 | INFO     | N/A | ⏳ 等待 Profile 更新任务...
2026-07-22 10:53:47.912 | INFO     | N/A | ⏳ 等待 Profile 更新任务...
2026-07-22 10:53:52.934 | INFO     | N/A | ⏳ 等待 Profile 更新任务...
2026-07-22 10:53:57.959 | INFO     | N/A | ⏳ 等待 Profile 更新任务...
2026-07-22 10:54:02.984 | INFO     | N/A | ⏳ 等待 Profile 更新任务...
2026-07-22 10:54:08.007 | INFO     | N/A | ⏳ 等待 Profile 更新任务...
2026-07-22 10:54:13.031 | INFO     | N/A | ⏳ 等待 Profile 更新任务...
2026-07-22 10:54:18.058 | INFO     | N/A | ⏳ 等待 Profile 更新任务...
2026-07-22 10:54:23.083 | INFO     | N/A | ⏳ 等待 Profile 更新任务...
2026-07-22 10:54:28.106 | INFO     | N/A | ⏳ 等待 Profile 更新任务...
2026-07-22 10:54:33.129 | INFO     | N/A | ⏳ 等待 Profile 更新任务...
2026-07-22 10:54:38.152 | INFO     | N/A | ⏳ 等待 Profile 更新任务...
2026-07-22 10:54:43.174 | INFO     | N/A | ⏳ 等待 Profile 更新任务...
2026-07-22 10:54:48.201 | INFO     | N/A | ⏳ 等待 Profile 更新任务...
2026-07-22 10:54:53.224 | INFO     | N/A | ⏳ 等待 Profile 更新任务...
2026-07-22 10:54:58.247 | INFO     | N/A | ⏳ 等待 Profile 更新任务...
2026-07-22 10:55:03.273 | INFO     | N/A | ⏳ 等待 Profile 更新任务...
2026-07-22 10:55:08.296 | INFO     | N/A | ⏳ 等待 Profile 更新任务...
2026-07-22 10:55:13.320 | INFO     | N/A | ⏳ 等待 Profile 更新任务...
2026-07-22 10:55:18.347 | INFO     | N/A | ⏳ 等待 Profile 更新任务...
2026-07-22 10:55:23.370 | INFO     | N/A | ⏳ 等待 Profile 更新任务...
2026-07-22 10:55:28.392 | INFO     | N/A | ⏳ 等待 Profile 更新任务...
2026-07-22 10:55:33.413 | INFO     | N/A | ⏳ 等待 Profile 更新任务...
2026-07-22 10:55:38.435 | INFO     | N/A | ⏳ 等待 Profile 更新任务...
2026-07-22 10:55:43.458 | INFO     | N/A | ⏳ 等待 Profile 更新任务...
2026-07-22 10:55:48.482 | INFO     | N/A | ⏳ 等待 Profile 更新任务...
2026-07-22 10:55:53.505 | INFO     | N/A | ⏳ 等待 Profile 更新任务...
2026-07-22 10:55:58.527 | INFO     | N/A | ⏳ 等待 Profile 更新任务...
2026-07-22 10:56:03.549 | INFO     | N/A | ⏳ 等待 Profile 更新任务...
2026-07-22 10:56:08.572 | INFO     | N/A | ⏳ 等待 Profile 更新任务...
2026-07-22 10:56:13.593 | INFO     | N/A | ⏳ 等待 Profile 更新任务...
2026-07-22 10:56:18.616 | INFO     | N/A | ⏳ 等待 Profile 更新任务...
2026-07-22 10:56:23.638 | INFO     | N/A | ⏳ 等待 Profile 更新任务...
2026-07-22 10:56:28.661 | INFO     | N/A | ⏳ 等待 Profile 更新任务...
2026-07-22 10:56:33.713 | INFO     | N/A | ⏳ 等待 Profile 更新任务...
2026-07-22 10:56:38.737 | INFO     | N/A | ⏳ 等待 Profile 更新任务...
2026-07-22 10:56:43.759 | INFO     | N/A | ⏳ 等待 Profile 更新任务...
2026-07-22 10:56:48.791 | INFO     | N/A | ⏳ 等待 Profile 更新任务...
2026-07-22 10:56:53.814 | INFO     | N/A | ⏳ 等待 Profile 更新任务...
2026-07-22 10:56:58.841 | INFO     | N/A | ⏳ 等待 Profile 更新任务...
2026-07-22 10:57:03.862 | INFO     | N/A | ⏳ 等待 Profile 更新任务...
2026-07-22 10:57:08.886 | INFO     | N/A | ⏳ 等待 Profile 更新任务...
2026-07-22 10:57:13.910 | INFO     | N/A | ⏳ 等待 Profile 更新任务...
2026-07-22 10:57:18.937 | INFO     | N/A | ⏳ 等待 Profile 更新任务...
2026-07-22 10:57:23.960 | INFO     | N/A | ⏳ 等待 Profile 更新任务...
2026-07-22 10:57:28.986 | INFO     | N/A | ⏳ 等待 Profile 更新任务...
2026-07-22 10:57:34.010 | INFO     | N/A | ⏳ 等待 Profile 更新任务...
2026-07-22 10:57:39.033 | INFO     | N/A | ⏳ 等待 Profile 更新任务...
2026-07-22 10:57:44.056 | INFO     | N/A | ⏳ 等待 Profile 更新任务...
2026-07-22 10:57:49.082 | INFO     | N/A | ⏳ 等待 Profile 更新任务...
2026-07-22 10:57:54.103 | INFO     | N/A | ⏳ 等待 Profile 更新任务...
2026-07-22 10:57:59.127 | INFO     | N/A | ⏳ 等待 Profile 更新任务...
2026-07-22 10:58:04.150 | INFO     | N/A | ⏳ 等待 Profile 更新任务...
2026-07-22 10:58:09.174 | INFO     | N/A | ⏳ 等待 Profile 更新任务...
2026-07-22 10:58:14.201 | INFO     | N/A | ⏳ 等待 Profile 更新任务...
2026-07-22 10:58:19.227 | INFO     | N/A | ⏳ 等待 Profile 更新任务...
2026-07-22 10:58:24.251 | INFO     | N/A | ⏳ 等待 Profile 更新任务...
2026-07-22 10:58:29.278 | INFO     | N/A | ⏳ 等待 Profile 更新任务...
2026-07-22 10:58:34.304 | INFO     | N/A | ⏳ 等待 Profile 更新任务...
2026-07-22 10:58:39.329 | INFO     | N/A | ⏳ 等待 Profile 更新任务...
2026-07-22 10:58:44.354 | INFO     | N/A | ⏳ 等待 Profile 更新任务...
2026-07-22 10:58:49.380 | INFO     | N/A | ⏳ 等待 Profile 更新任务...
2026-07-22 10:58:54.404 | INFO     | N/A | ⏳ 等待 Profile 更新任务...
2026-07-22 10:58:59.428 | INFO     | N/A | ⏳ 等待 Profile 更新任务...
2026-07-22 10:59:04.451 | INFO     | N/A | ⏳ 等待 Profile 更新任务...
2026-07-22 10:59:09.477 | INFO     | N/A | ⏳ 等待 Profile 更新任务...
2026-07-22 10:59:14.502 | INFO     | N/A | ⏳ 等待 Profile 更新任务...
2026-07-22 10:59:19.530 | INFO     | N/A | ⏳ 等待 Profile 更新任务...
2026-07-22 10:59:24.553 | INFO     | N/A | ⏳ 等待 Profile 更新任务...
2026-07-22 10:59:29.577 | INFO     | N/A | ⏳ 等待 Profile 更新任务...
2026-07-22 10:59:34.602 | INFO     | N/A | ⏳ 等待 Profile 更新任务...
2026-07-22 10:59:39.628 | INFO     | N/A | ⏳ 等待 Profile 更新任务...
2026-07-22 10:59:44.655 | INFO     | N/A | ⏳ 等待 Profile 更新任务...
2026-07-22 10:59:49.682 | INFO     | N/A | ⏳ 等待 Profile 更新任务...
2026-07-22 10:59:54.708 | INFO     | N/A | ⏳ 等待 Profile 更新任务...
2026-07-22 10:59:59.730 | INFO     | N/A | ⏳ 等待 Profile 更新任务...
2026-07-22 11:00:04.756 | INFO     | N/A | ⏳ 等待 Profile 更新任务...
2026-07-22 11:00:09.780 | INFO     | N/A | ⏳ 等待 Profile 更新任务...
2026-07-22 11:00:14.802 | INFO     | N/A | ⏳ 等待 Profile 更新任务...
2026-07-22 11:00:19.828 | INFO     | N/A | ⏳ 等待 Profile 更新任务...
2026-07-22 11:00:24.853 | INFO     | N/A | ⏳ 等待 Profile 更新任务...
2026-07-22 11:00:29.878 | INFO     | N/A | ⏳ 等待 Profile 更新任务...
2026-07-22 11:00:34.901 | INFO     | N/A | ⏳ 等待 Profile 更新任务...
2026-07-22 11:00:39.928 | INFO     | N/A | ⏳ 等待 Profile 更新任务...
2026-07-22 11:00:44.950 | INFO     | N/A | ⏳ 等待 Profile 更新任务...
2026-07-22 11:00:49.977 | INFO     | N/A | ⏳ 等待 Profile 更新任务...
2026-07-22 11:00:55.002 | INFO     | N/A | ⏳ 等待 Profile 更新任务...
2026-07-22 11:01:00.023 | INFO     | N/A | ⏳ 等待 Profile 更新任务...
2026-07-22 11:01:05.047 | INFO     | N/A | ⏳ 等待 Profile 更新任务...
2026-07-22 11:01:10.071 | INFO     | N/A | ⏳ 等待 Profile 更新任务...
2026-07-22 11:01:15.094 | INFO     | N/A | ⏳ 等待 Profile 更新任务...
2026-07-22 11:01:20.120 | INFO     | N/A | ⏳ 等待 Profile 更新任务...
2026-07-22 11:01:25.143 | INFO     | N/A | ⏳ 等待 Profile 更新任务...
2026-07-22 11:01:30.166 | INFO     | N/A | ⏳ 等待 Profile 更新任务...
2026-07-22 11:01:35.192 | INFO     | N/A | ⏳ 等待 Profile 更新任务...
2026-07-22 11:01:40.215 | INFO     | N/A | ⏳ 等待 Profile 更新任务...
2026-07-22 11:01:45.243 | INFO     | N/A | ⏳ 等待 Profile 更新任务...
2026-07-22 11:01:50.268 | INFO     | N/A | ⏳ 等待 Profile 更新任务...
2026-07-22 11:01:55.290 | INFO     | N/A | ⏳ 等待 Profile 更新任务...
2026-07-22 11:02:00.315 | INFO     | N/A | ⏳ 等待 Profile 更新任务...
2026-07-22 11:02:05.340 | INFO     | N/A | ⏳ 等待 Profile 更新任务...
2026-07-22 11:02:10.364 | INFO     | N/A | ⏳ 等待 Profile 更新任务...
2026-07-22 11:02:15.389 | INFO     | N/A | ⏳ 等待 Profile 更新任务...
2026-07-22 11:02:20.412 | INFO     | N/A | ⏳ 等待 Profile 更新任务...
2026-07-22 11:02:25.436 | INFO     | N/A | ⏳ 等待 Profile 更新任务...
2026-07-22 11:02:30.463 | INFO     | N/A | ⏳ 等待 Profile 更新任务...
2026-07-22 11:02:35.486 | INFO     | N/A | ⏳ 等待 Profile 更新任务...
2026-07-22 11:02:40.510 | INFO     | N/A | ⏳ 等待 Profile 更新任务...
2026-07-22 11:02:45.533 | INFO     | N/A | ⏳ 等待 Profile 更新任务...
2026-07-22 11:02:50.566 | INFO     | N/A | ⏳ 等待 Profile 更新任务...
2026-07-22 11:02:55.591 | INFO     | N/A | ⏳ 等待 Profile 更新任务...
2026-07-22 11:03:00.614 | INFO     | N/A | ⏳ 等待 Profile 更新任务...
2026-07-22 11:03:05.641 | INFO     | N/A | ⏳ 等待 Profile 更新任务...
2026-07-22 11:03:10.689 | INFO     | N/A | ⏳ 等待 Profile 更新任务...
2026-07-22 11:03:15.712 | INFO     | N/A | ⏳ 等待 Profile 更新任务...
2026-07-22 11:03:20.739 | INFO     | N/A | ⏳ 等待 Profile 更新任务...
2026-07-22 11:03:25.761 | INFO     | N/A | ⏳ 等待 Profile 更新任务...
2026-07-22 11:03:30.786 | INFO     | N/A | ⏳ 等待 Profile 更新任务...
2026-07-22 11:03:35.811 | INFO     | N/A | ⏳ 等待 Profile 更新任务...
2026-07-22 11:03:40.833 | INFO     | N/A | ⏳ 等待 Profile 更新任务...
2026-07-22 11:03:45.856 | INFO     | N/A | ⏳ 等待 Profile 更新任务...
2026-07-22 11:03:50.882 | INFO     | N/A | ⏳ 等待 Profile 更新任务...
2026-07-22 11:03:55.905 | INFO     | N/A | ⏳ 等待 Profile 更新任务...
2026-07-22 11:04:00.926 | INFO     | N/A | ⏳ 等待 Profile 更新任务...
2026-07-22 11:04:05.949 | INFO     | N/A | ⏳ 等待 Profile 更新任务...
2026-07-22 11:04:10.972 | INFO     | N/A | ⏳ 等待 Profile 更新任务...
2026-07-22 11:04:15.994 | INFO     | N/A | ⏳ 等待 Profile 更新任务...
2026-07-22 11:04:21.020 | INFO     | N/A | ⏳ 等待 Profile 更新任务...
2026-07-22 11:04:26.042 | INFO     | N/A | ⏳ 等待 Profile 更新任务...
2026-07-22 11:04:31.063 | INFO     | N/A | ⏳ 等待 Profile 更新任务...
2026-07-22 11:04:36.087 | INFO     | N/A | ⏳ 等待 Profile 更新任务...
2026-07-22 11:04:41.108 | INFO     | N/A | ⏳ 等待 Profile 更新任务...
2026-07-22 11:04:46.131 | INFO     | N/A | ⏳ 等待 Profile 更新任务...
2026-07-22 11:04:51.160 | INFO     | N/A | ⏳ 等待 Profile 更新任务...
2026-07-22 11:04:56.184 | INFO     | N/A | ⏳ 等待 Profile 更新任务...
2026-07-22 11:05:01.206 | INFO     | N/A | ⏳ 等待 Profile 更新任务...
2026-07-22 11:05:06.228 | INFO     | N/A | ⏳ 等待 Profile 更新任务...
2026-07-22 11:05:11.249 | INFO     | N/A | ⏳ 等待 Profile 更新任务...
2026-07-22 11:05:16.273 | INFO     | N/A | ⏳ 等待 Profile 更新任务...
2026-07-22 11:05:21.301 | INFO     | N/A | ⏳ 等待 Profile 更新任务...
2026-07-22 11:05:26.322 | INFO     | N/A | ⏳ 等待 Profile 更新任务...
2026-07-22 11:05:31.343 | INFO     | N/A | ⏳ 等待 Profile 更新任务...
2026-07-22 11:05:36.367 | INFO     | N/A | ⏳ 等待 Profile 更新任务...
2026-07-22 11:05:41.391 | INFO     | N/A | ⏳ 等待 Profile 更新任务...
2026-07-22 11:05:46.415 | INFO     | N/A | ⏳ 等待 Profile 更新任务...
2026-07-22 11:05:51.439 | INFO     | N/A | ⏳ 等待 Profile 更新任务...
2026-07-22 11:05:56.468 | INFO     | N/A | ⏳ 等待 Profile 更新任务...
2026-07-22 11:06:01.490 | INFO     | N/A | ⏳ 等待 Profile 更新任务...
2026-07-22 11:06:06.513 | INFO     | N/A | ⏳ 等待 Profile 更新任务...
2026-07-22 11:06:11.538 | INFO     | N/A | ⏳ 等待 Profile 更新任务...
2026-07-22 11:06:16.563 | INFO     | N/A | ⏳ 等待 Profile 更新任务...
2026-07-22 11:06:21.590 | INFO     | N/A | ⏳ 等待 Profile 更新任务...
2026-07-22 11:06:26.614 | INFO     | N/A | ⏳ 等待 Profile 更新任务...
2026-07-22 11:06:31.639 | INFO     | N/A | ⏳ 等待 Profile 更新任务...
2026-07-22 11:06:36.662 | INFO     | N/A | ⏳ 等待 Profile 更新任务...
2026-07-22 11:06:41.684 | INFO     | N/A | ⏳ 等待 Profile 更新任务...
2026-07-22 11:06:46.708 | INFO     | N/A | ⏳ 等待 Profile 更新任务...
2026-07-22 11:06:51.735 | INFO     | N/A | ⏳ 等待 Profile 更新任务...
2026-07-22 11:06:56.759 | INFO     | N/A | ⏳ 等待 Profile 更新任务...
2026-07-22 11:07:01.782 | INFO     | N/A | ⏳ 等待 Profile 更新任务...
2026-07-22 11:07:06.806 | INFO     | N/A | ⏳ 等待 Profile 更新任务...
2026-07-22 11:07:11.829 | INFO     | N/A | ⏳ 等待 Profile 更新任务...
2026-07-22 11:07:16.853 | INFO     | N/A | ⏳ 等待 Profile 更新任务...
2026-07-22 11:07:21.880 | INFO     | N/A | ⏳ 等待 Profile 更新任务...
2026-07-22 11:07:26.903 | INFO     | N/A | ⏳ 等待 Profile 更新任务...
2026-07-22 11:07:31.927 | INFO     | N/A | ⏳ 等待 Profile 更新任务...
2026-07-22 11:07:36.951 | INFO     | N/A | ⏳ 等待 Profile 更新任务...
2026-07-22 11:07:41.975 | INFO     | N/A | ⏳ 等待 Profile 更新任务...
2026-07-22 11:07:46.997 | INFO     | N/A | ⏳ 等待 Profile 更新任务...
2026-07-22 11:07:52.023 | INFO     | N/A | ⏳ 等待 Profile 更新任务...
2026-07-22 11:07:57.047 | INFO     | N/A | ⏳ 等待 Profile 更新任务...
2026-07-22 11:08:02.071 | INFO     | N/A | ⏳ 等待 Profile 更新任务...
2026-07-22 11:08:07.093 | INFO     | N/A | ⏳ 等待 Profile 更新任务...
2026-07-22 11:08:12.117 | INFO     | N/A | ⏳ 等待 Profile 更新任务...
2026-07-22 11:08:17.139 | INFO     | N/A | ⏳ 等待 Profile 更新任务...
2026-07-22 11:08:22.166 | INFO     | N/A | ⏳ 等待 Profile 更新任务...
2026-07-22 11:08:27.191 | INFO     | N/A | ⏳ 等待 Profile 更新任务...
2026-07-22 11:08:32.217 | INFO     | N/A | ⏳ 等待 Profile 更新任务...
2026-07-22 11:08:37.240 | INFO     | N/A | ⏳ 等待 Profile 更新任务...
2026-07-22 11:08:42.264 | INFO     | N/A | ⏳ 等待 Profile 更新任务...
2026-07-22 11:08:47.288 | INFO     | N/A | ⏳ 等待 Profile 更新任务...
2026-07-22 11:08:52.314 | INFO     | N/A | ⏳ 等待 Profile 更新任务...
2026-07-22 11:08:57.338 | INFO     | N/A | ⏳ 等待 Profile 更新任务...
2026-07-22 11:09:02.361 | INFO     | N/A | ⏳ 等待 Profile 更新任务...
2026-07-22 11:09:07.385 | INFO     | N/A | ⏳ 等待 Profile 更新任务...
2026-07-22 11:09:12.410 | INFO     | N/A | ⏳ 等待 Profile 更新任务...
2026-07-22 11:09:17.435 | INFO     | N/A | ⏳ 等待 Profile 更新任务...
2026-07-22 11:09:22.461 | INFO     | N/A | ⏳ 等待 Profile 更新任务...
2026-07-22 11:09:27.484 | INFO     | N/A | ⏳ 等待 Profile 更新任务...
2026-07-22 11:09:32.507 | INFO     | N/A | ⏳ 等待 Profile 更新任务...
2026-07-22 11:09:37.530 | INFO     | N/A | ⏳ 等待 Profile 更新任务...
2026-07-22 11:09:42.552 | INFO     | N/A | ⏳ 等待 Profile 更新任务...
2026-07-22 11:09:47.577 | INFO     | N/A | ⏳ 等待 Profile 更新任务...
2026-07-22 11:09:52.600 | INFO     | N/A | ⏳ 等待 Profile 更新任务...
2026-07-22 11:09:57.623 | INFO     | N/A | ⏳ 等待 Profile 更新任务...
2026-07-22 11:10:02.649 | INFO     | N/A | ⏳ 等待 Profile 更新任务...
2026-07-22 11:10:07.672 | INFO     | N/A | ⏳ 等待 Profile 更新任务...
2026-07-22 11:10:12.697 | INFO     | N/A | ⏳ 等待 Profile 更新任务...
2026-07-22 11:10:17.719 | INFO     | N/A | ⏳ 等待 Profile 更新任务...
2026-07-22 11:10:22.741 | INFO     | N/A | ⏳ 等待 Profile 更新任务...
2026-07-22 11:10:27.767 | INFO     | N/A | ⏳ 等待 Profile 更新任务...
2026-07-22 11:10:32.790 | INFO     | N/A | ⏳ 等待 Profile 更新任务...
2026-07-22 11:10:37.816 | INFO     | N/A | ⏳ 等待 Profile 更新任务...
2026-07-22 11:10:42.842 | INFO     | N/A | ⏳ 等待 Profile 更新任务...
2026-07-22 11:10:47.868 | INFO     | N/A | ⏳ 等待 Profile 更新任务...
2026-07-22 11:10:52.895 | INFO     | N/A | ⏳ 等待 Profile 更新任务...
2026-07-22 11:10:57.920 | INFO     | N/A | ⏳ 等待 Profile 更新任务...
2026-07-22 11:11:02.947 | INFO     | N/A | ⏳ 等待 Profile 更新任务...
2026-07-22 11:11:07.970 | INFO     | N/A | ⏳ 等待 Profile 更新任务...
2026-07-22 11:11:12.994 | INFO     | N/A | ⏳ 等待 Profile 更新任务...
2026-07-22 11:11:18.019 | INFO     | N/A | ⏳ 等待 Profile 更新任务...
2026-07-22 11:11:23.046 | INFO     | N/A | ⏳ 等待 Profile 更新任务...
2026-07-22 11:11:28.070 | INFO     | N/A | ⏳ 等待 Profile 更新任务...
2026-07-22 11:11:33.097 | INFO     | N/A | ⏳ 等待 Profile 更新任务...
2026-07-22 11:11:38.122 | INFO     | N/A | ⏳ 等待 Profile 更新任务...
2026-07-22 11:11:43.146 | INFO     | N/A | ⏳ 等待 Profile 更新任务...
2026-07-22 11:11:48.170 | INFO     | N/A | ⏳ 等待 Profile 更新任务...
2026-07-22 11:11:53.199 | INFO     | N/A | ⏳ 等待 Profile 更新任务...
2026-07-22 11:11:58.224 | INFO     | N/A | ⏳ 等待 Profile 更新任务...
2026-07-22 11:12:03.248 | INFO     | N/A | ⏳ 等待 Profile 更新任务...
2026-07-22 11:12:08.273 | INFO     | N/A | ⏳ 等待 Profile 更新任务...
2026-07-22 11:12:13.296 | INFO     | N/A | ⏳ 等待 Profile 更新任务...
2026-07-22 11:12:18.320 | INFO     | N/A | ⏳ 等待 Profile 更新任务...
2026-07-22 11:12:23.345 | INFO     | N/A | ⏳ 等待 Profile 更新任务...
2026-07-22 11:12:28.370 | INFO     | N/A | ⏳ 等待 Profile 更新任务...
2026-07-22 11:12:33.393 | INFO     | N/A | ⏳ 等待 Profile 更新任务...
2026-07-22 11:12:38.417 | INFO     | N/A | ⏳ 等待 Profile 更新任务...
2026-07-22 11:12:43.442 | INFO     | N/A | ⏳ 等待 Profile 更新任务...
2026-07-22 11:12:48.465 | INFO     | N/A | ⏳ 等待 Profile 更新任务...
2026-07-22 11:12:53.495 | INFO     | N/A | ⏳ 等待 Profile 更新任务...
2026-07-22 11:12:58.518 | INFO     | N/A | ⏳ 等待 Profile 更新任务...
2026-07-22 11:13:03.544 | INFO     | N/A | ⏳ 等待 Profile 更新任务...
2026-07-22 11:13:08.568 | INFO     | N/A | ⏳ 等待 Profile 更新任务...
2026-07-22 11:13:13.591 | INFO     | N/A | ⏳ 等待 Profile 更新任务...
2026-07-22 11:13:18.615 | INFO     | N/A | ⏳ 等待 Profile 更新任务...
2026-07-22 11:13:23.639 | INFO     | N/A | ⏳ 等待 Profile 更新任务...
2026-07-22 11:13:28.667 | INFO     | N/A | ⏳ 等待 Profile 更新任务...
2026-07-22 11:13:33.690 | INFO     | N/A | ⏳ 等待 Profile 更新任务...
2026-07-22 11:13:38.713 | INFO     | N/A | ⏳ 等待 Profile 更新任务...
2026-07-22 11:13:43.739 | INFO     | N/A | ⏳ 等待 Profile 更新任务...
2026-07-22 11:13:48.765 | INFO     | N/A | ⏳ 等待 Profile 更新任务...
2026-07-22 11:13:53.792 | INFO     | N/A | ⏳ 等待 Profile 更新任务...
2026-07-22 11:13:58.819 | INFO     | N/A | ⏳ 等待 Profile 更新任务...
2026-07-22 11:14:03.844 | INFO     | N/A | ⏳ 等待 Profile 更新任务...
2026-07-22 11:14:08.870 | INFO     | N/A | ⏳ 等待 Profile 更新任务...
2026-07-22 11:14:13.894 | INFO     | N/A | ⏳ 等待 Profile 更新任务...
2026-07-22 11:14:18.919 | INFO     | N/A | ⏳ 等待 Profile 更新任务...
2026-07-22 11:14:23.945 | INFO     | N/A | ⏳ 等待 Profile 更新任务...
2026-07-22 11:14:28.967 | INFO     | N/A | ⏳ 等待 Profile 更新任务...
2026-07-22 11:14:33.992 | INFO     | N/A | ⏳ 等待 Profile 更新任务...
2026-07-22 11:14:39.016 | INFO     | N/A | ⏳ 等待 Profile 更新任务...
2026-07-22 11:14:44.043 | INFO     | N/A | ⏳ 等待 Profile 更新任务...
2026-07-22 11:14:49.068 | INFO     | N/A | ⏳ 等待 Profile 更新任务...
2026-07-22 11:14:54.099 | INFO     | N/A | ⏳ 等待 Profile 更新任务...
2026-07-22 11:14:59.124 | INFO     | N/A | ⏳ 等待 Profile 更新任务...
2026-07-22 11:15:04.150 | INFO     | N/A | ⏳ 等待 Profile 更新任务...
2026-07-22 11:15:09.175 | INFO     | N/A | ⏳ 等待 Profile 更新任务...
2026-07-22 11:15:14.199 | INFO     | N/A | ⏳ 等待 Profile 更新任务...
2026-07-22 11:15:19.224 | INFO     | N/A | ⏳ 等待 Profile 更新任务...
2026-07-22 11:15:24.253 | INFO     | N/A | ⏳ 等待 Profile 更新任务...
2026-07-22 11:15:29.275 | INFO     | N/A | ⏳ 等待 Profile 更新任务...
2026-07-22 11:15:34.301 | INFO     | N/A | ⏳ 等待 Profile 更新任务...
2026-07-22 11:15:39.323 | INFO     | N/A | ⏳ 等待 Profile 更新任务...
2026-07-22 11:15:44.345 | INFO     | N/A | ⏳ 等待 Profile 更新任务...
2026-07-22 11:15:49.371 | INFO     | N/A | ⏳ 等待 Profile 更新任务...
2026-07-22 11:15:54.396 | INFO     | N/A | ⏳ 等待 Profile 更新任务...
2026-07-22 11:15:59.420 | INFO     | N/A | ⏳ 等待 Profile 更新任务...
2026-07-22 11:16:04.444 | INFO     | N/A | ⏳ 等待 Profile 更新任务...
2026-07-22 11:16:09.468 | INFO     | N/A | ⏳ 等待 Profile 更新任务...
2026-07-22 11:16:14.491 | INFO     | N/A | ⏳ 等待 Profile 更新任务...
2026-07-22 11:16:19.514 | INFO     | N/A | ⏳ 等待 Profile 更新任务...
2026-07-22 11:16:24.540 | INFO     | N/A | ⏳ 等待 Profile 更新任务...
2026-07-22 11:16:29.563 | INFO     | N/A | ⏳ 等待 Profile 更新任务...
2026-07-22 11:16:34.584 | INFO     | N/A | ⏳ 等待 Profile 更新任务...
2026-07-22 11:16:39.606 | INFO     | N/A | ⏳ 等待 Profile 更新任务...
2026-07-22 11:16:44.633 | INFO     | N/A | ⏳ 等待 Profile 更新任务...
2026-07-22 11:16:49.657 | INFO     | N/A | ⏳ 等待 Profile 更新任务...
2026-07-22 11:16:54.687 | INFO     | N/A | ⏳ 等待 Profile 更新任务...
2026-07-22 11:16:59.710 | INFO     | N/A | ⏳ 等待 Profile 更新任务...
2026-07-22 11:17:04.736 | INFO     | N/A | ⏳ 等待 Profile 更新任务...
2026-07-22 11:17:09.760 | INFO     | N/A | ⏳ 等待 Profile 更新任务...
2026-07-22 11:17:14.785 | INFO     | N/A | ⏳ 等待 Profile 更新任务...
2026-07-22 11:17:19.808 | INFO     | N/A | ⏳ 等待 Profile 更新任务...
2026-07-22 11:17:24.836 | INFO     | N/A | ⏳ 等待 Profile 更新任务...
2026-07-22 11:17:29.859 | INFO     | N/A | ⏳ 等待 Profile 更新任务...
2026-07-22 11:17:34.885 | INFO     | N/A | ⏳ 等待 Profile 更新任务...
2026-07-22 11:17:39.908 | INFO     | N/A | ⏳ 等待 Profile 更新任务...
2026-07-22 11:17:44.933 | INFO     | N/A | ⏳ 等待 Profile 更新任务...
2026-07-22 11:17:49.954 | INFO     | N/A | ⏳ 等待 Profile 更新任务...
2026-07-22 11:17:54.980 | INFO     | N/A | ⏳ 等待 Profile 更新任务...
2026-07-22 11:18:00.008 | INFO     | N/A | ⏳ 等待 Profile 更新任务...
2026-07-22 11:18:05.032 | INFO     | N/A | ⏳ 等待 Profile 更新任务...
2026-07-22 11:18:10.056 | INFO     | N/A | ⏳ 等待 Profile 更新任务...
2026-07-22 11:18:15.079 | INFO     | N/A | ⏳ 等待 Profile 更新任务...
2026-07-22 11:18:20.102 | INFO     | N/A | ⏳ 等待 Profile 更新任务...
2026-07-22 11:18:25.129 | INFO     | N/A | ⏳ 等待 Profile 更新任务...
2026-07-22 11:18:30.153 | INFO     | N/A | ⏳ 等待 Profile 更新任务...
2026-07-22 11:18:35.176 | INFO     | N/A | ⏳ 等待 Profile 更新任务...
2026-07-22 11:18:40.199 | INFO     | N/A | ⏳ 等待 Profile 更新任务...
2026-07-22 11:18:45.222 | INFO     | N/A | ⏳ 等待 Profile 更新任务...
2026-07-22 11:18:50.245 | INFO     | N/A | ⏳ 等待 Profile 更新任务...
2026-07-22 11:18:55.275 | INFO     | N/A | ⏳ 等待 Profile 更新任务...
2026-07-22 11:19:00.297 | INFO     | N/A | ⏳ 等待 Profile 更新任务...
2026-07-22 11:19:05.323 | INFO     | N/A | ⏳ 等待 Profile 更新任务...
2026-07-22 11:19:10.348 | INFO     | N/A | ⏳ 等待 Profile 更新任务...
2026-07-22 11:19:15.372 | INFO     | N/A | ⏳ 等待 Profile 更新任务...
2026-07-22 11:19:20.394 | INFO     | N/A | ⏳ 等待 Profile 更新任务...
2026-07-22 11:19:25.421 | INFO     | N/A | ⏳ 等待 Profile 更新任务...
2026-07-22 11:19:30.445 | INFO     | N/A | ⏳ 等待 Profile 更新任务...
2026-07-22 11:19:35.470 | INFO     | N/A | ⏳ 等待 Profile 更新任务...
2026-07-22 11:19:40.494 | INFO     | N/A | ⏳ 等待 Profile 更新任务...
2026-07-22 11:19:45.516 | INFO     | N/A | ⏳ 等待 Profile 更新任务...
2026-07-22 11:19:50.540 | INFO     | N/A | ⏳ 等待 Profile 更新任务...
2026-07-22 11:19:55.565 | INFO     | N/A | ⏳ 等待 Profile 更新任务...
2026-07-22 11:20:00.587 | INFO     | N/A | ⏳ 等待 Profile 更新任务...
2026-07-22 11:20:05.612 | INFO     | N/A | ⏳ 等待 Profile 更新任务...
2026-07-22 11:20:10.638 | INFO     | N/A | ⏳ 等待 Profile 更新任务...
2026-07-22 11:20:15.664 | INFO     | N/A | ⏳ 等待 Profile 更新任务...
2026-07-22 11:20:20.687 | INFO     | N/A | ⏳ 等待 Profile 更新任务...
2026-07-22 11:20:25.715 | INFO     | N/A | ⏳ 等待 Profile 更新任务...
2026-07-22 11:20:30.785 | INFO     | N/A | ⏳ 等待 Profile 更新任务...
2026-07-22 11:20:35.810 | INFO     | N/A | ⏳ 等待 Profile 更新任务...
2026-07-22 11:20:40.834 | INFO     | N/A | ⏳ 等待 Profile 更新任务...
2026-07-22 11:20:45.860 | INFO     | N/A | ⏳ 等待 Profile 更新任务...
2026-07-22 11:20:50.885 | INFO     | N/A | ⏳ 等待 Profile 更新任务...
2026-07-22 11:20:55.912 | INFO     | N/A | ⏳ 等待 Profile 更新任务...
2026-07-22 11:21:00.936 | INFO     | N/A | ⏳ 等待 Profile 更新任务...
2026-07-22 11:21:05.959 | INFO     | N/A | ⏳ 等待 Profile 更新任务...
2026-07-22 11:21:10.981 | INFO     | N/A | ⏳ 等待 Profile 更新任务...
2026-07-22 11:21:16.003 | INFO     | N/A | ⏳ 等待 Profile 更新任务...
2026-07-22 11:21:21.026 | INFO     | N/A | ⏳ 等待 Profile 更新任务...
2026-07-22 11:21:26.051 | INFO     | N/A | ⏳ 等待 Profile 更新任务...
2026-07-22 11:21:31.075 | INFO     | N/A | ⏳ 等待 Profile 更新任务...
2026-07-22 11:21:36.098 | INFO     | N/A | ⏳ 等待 Profile 更新任务...
2026-07-22 11:21:41.123 | INFO     | N/A | ⏳ 等待 Profile 更新任务...
2026-07-22 11:21:46.146 | INFO     | N/A | ⏳ 等待 Profile 更新任务...
2026-07-22 11:21:51.170 | INFO     | N/A | ⏳ 等待 Profile 更新任务...
2026-07-22 11:21:56.199 | INFO     | N/A | ⏳ 等待 Profile 更新任务...
2026-07-22 11:22:01.223 | INFO     | N/A | ⏳ 等待 Profile 更新任务...
2026-07-22 11:22:06.244 | INFO     | N/A | ⏳ 等待 Profile 更新任务...
2026-07-22 11:22:11.266 | INFO     | N/A | ⏳ 等待 Profile 更新任务...
2026-07-22 11:22:16.291 | INFO     | N/A | ⏳ 等待 Profile 更新任务...
2026-07-22 11:22:21.345 | INFO     | N/A | ⏳ 等待 Profile 更新任务...
2026-07-22 11:22:26.371 | INFO     | N/A | ⏳ 等待 Profile 更新任务...
2026-07-22 11:22:31.396 | INFO     | N/A | ⏳ 等待 Profile 更新任务...
2026-07-22 11:22:36.419 | INFO     | N/A | ⏳ 等待 Profile 更新任务...
2026-07-22 11:22:41.442 | INFO     | N/A | ⏳ 等待 Profile 更新任务...
2026-07-22 11:22:46.466 | INFO     | N/A | ⏳ 等待 Profile 更新任务...
2026-07-22 11:22:51.490 | INFO     | N/A | ⏳ 等待 Profile 更新任务...
2026-07-22 11:22:56.516 | INFO     | N/A | ⏳ 等待 Profile 更新任务...
2026-07-22 11:23:01.542 | INFO     | N/A | ⏳ 等待 Profile 更新任务...
2026-07-22 11:23:06.569 | INFO     | N/A | ⏳ 等待 Profile 更新任务...
2026-07-22 11:23:11.593 | INFO     | N/A | ⏳ 等待 Profile 更新任务...
2026-07-22 11:23:16.620 | INFO     | N/A | ⏳ 等待 Profile 更新任务...
2026-07-22 11:23:21.646 | INFO     | N/A | ⏳ 等待 Profile 更新任务...
2026-07-22 11:23:26.671 | INFO     | N/A | ⏳ 等待 Profile 更新任务...
2026-07-22 11:23:31.697 | INFO     | N/A | ⏳ 等待 Profile 更新任务...
2026-07-22 11:23:36.721 | INFO     | N/A | ⏳ 等待 Profile 更新任务...
2026-07-22 11:23:41.745 | INFO     | N/A | ⏳ 等待 Profile 更新任务...
2026-07-22 11:23:46.770 | INFO     | N/A | ⏳ 等待 Profile 更新任务...
2026-07-22 11:23:51.795 | INFO     | N/A | ⏳ 等待 Profile 更新任务...
2026-07-22 11:23:56.824 | INFO     | N/A | ⏳ 等待 Profile 更新任务...
2026-07-22 11:24:01.849 | INFO     | N/A | ⏳ 等待 Profile 更新任务...
2026-07-22 11:24:06.873 | INFO     | N/A | ⏳ 等待 Profile 更新任务...
2026-07-22 11:24:11.898 | INFO     | N/A | ⏳ 等待 Profile 更新任务...
2026-07-22 11:24:16.923 | INFO     | N/A | ⏳ 等待 Profile 更新任务...
2026-07-22 11:24:21.930 | INFO     | N/A | ⏳ 等待 Profile 更新任务...
2026-07-22 11:24:26.970 | INFO     | N/A | ⏳ 等待 Profile 更新任务...
2026-07-22 11:24:31.993 | INFO     | N/A | ⏳ 等待 Profile 更新任务...
2026-07-22 11:24:37.017 | INFO     | N/A | ⏳ 等待 Profile 更新任务...
2026-07-22 11:24:42.041 | INFO     | N/A | ⏳ 等待 Profile 更新任务...
2026-07-22 11:24:47.066 | INFO     | N/A | ⏳ 等待 Profile 更新任务...
2026-07-22 11:24:52.091 | INFO     | N/A | ⏳ 等待 Profile 更新任务...
2026-07-22 11:24:57.114 | INFO     | N/A | ⏳ 等待 Profile 更新任务...
2026-07-22 11:25:02.137 | INFO     | N/A | ⏳ 等待 Profile 更新任务...
2026-07-22 11:25:07.160 | INFO     | N/A | ⏳ 等待 Profile 更新任务...
2026-07-22 11:25:12.182 | INFO     | N/A | ⏳ 等待 Profile 更新任务...
2026-07-22 11:25:17.208 | INFO     | N/A | ⏳ 等待 Profile 更新任务...
2026-07-22 11:25:22.226 | INFO     | N/A | ⏳ 等待 Profile 更新任务...
2026-07-22 11:25:27.252 | INFO     | N/A | ⏳ 等待 Profile 更新任务...
2026-07-22 11:25:32.274 | INFO     | N/A | ⏳ 等待 Profile 更新任务...
2026-07-22 11:25:37.297 | INFO     | N/A | ⏳ 等待 Profile 更新任务...
2026-07-22 11:25:42.321 | INFO     | N/A | ⏳ 等待 Profile 更新任务...
2026-07-22 11:25:47.345 | INFO     | N/A | ⏳ 等待 Profile 更新任务...
2026-07-22 11:25:52.371 | INFO     | N/A | ⏳ 等待 Profile 更新任务...
2026-07-22 11:25:57.396 | INFO     | N/A | ⏳ 等待 Profile 更新任务...
2026-07-22 11:26:02.420 | INFO     | N/A | ⏳ 等待 Profile 更新任务...
2026-07-22 11:26:07.441 | INFO     | N/A | ⏳ 等待 Profile 更新任务...
2026-07-22 11:26:12.464 | INFO     | N/A | ⏳ 等待 Profile 更新任务...
2026-07-22 11:26:17.487 | INFO     | N/A | ⏳ 等待 Profile 更新任务...
2026-07-22 11:26:22.510 | INFO     | N/A | ⏳ 等待 Profile 更新任务...
2026-07-22 11:26:27.535 | INFO     | N/A | ⏳ 等待 Profile 更新任务...
2026-07-22 11:26:32.557 | INFO     | N/A | ⏳ 等待 Profile 更新任务...
2026-07-22 11:26:37.582 | INFO     | N/A | ⏳ 等待 Profile 更新任务...
2026-07-22 11:26:42.606 | INFO     | N/A | ⏳ 等待 Profile 更新任务...
2026-07-22 11:26:47.629 | INFO     | N/A | ⏳ 等待 Profile 更新任务...
2026-07-22 11:26:52.657 | INFO     | N/A | ⏳ 等待 Profile 更新任务...
2026-07-22 11:26:57.680 | INFO     | N/A | ⏳ 等待 Profile 更新任务...
2026-07-22 11:27:02.705 | INFO     | N/A | ⏳ 等待 Profile 更新任务...
2026-07-22 11:27:07.730 | INFO     | N/A | ⏳ 等待 Profile 更新任务...
2026-07-22 11:27:12.753 | INFO     | N/A | ⏳ 等待 Profile 更新任务...
2026-07-22 11:27:17.778 | INFO     | N/A | ⏳ 等待 Profile 更新任务...
2026-07-22 11:27:22.805 | INFO     | N/A | ⏳ 等待 Profile 更新任务...
2026-07-22 11:27:27.830 | INFO     | N/A | ⏳ 等待 Profile 更新任务...
2026-07-22 11:27:32.855 | INFO     | N/A | ⏳ 等待 Profile 更新任务...
2026-07-22 11:27:37.878 | INFO     | N/A | ⏳ 等待 Profile 更新任务...
2026-07-22 11:27:42.902 | INFO     | N/A | ⏳ 等待 Profile 更新任务...
2026-07-22 11:27:47.925 | INFO     | N/A | ⏳ 等待 Profile 更新任务...
2026-07-22 11:27:52.952 | INFO     | N/A | ⏳ 等待 Profile 更新任务...
2026-07-22 11:27:57.974 | INFO     | N/A | ⏳ 等待 Profile 更新任务...
2026-07-22 11:28:02.995 | INFO     | N/A | ⏳ 等待 Profile 更新任务...
2026-07-22 11:28:08.021 | INFO     | N/A | ⏳ 等待 Profile 更新任务...
2026-07-22 11:28:13.046 | INFO     | N/A | ⏳ 等待 Profile 更新任务...
2026-07-22 11:28:18.069 | INFO     | N/A | ⏳ 等待 Profile 更新任务...
2026-07-22 11:28:23.097 | INFO     | N/A | ⏳ 等待 Profile 更新任务...
2026-07-22 11:28:28.119 | INFO     | N/A | ⏳ 等待 Profile 更新任务...
2026-07-22 11:28:33.142 | INFO     | N/A | ⏳ 等待 Profile 更新任务...
2026-07-22 11:28:38.167 | INFO     | N/A | ⏳ 等待 Profile 更新任务...
2026-07-22 11:28:43.191 | INFO     | N/A | ⏳ 等待 Profile 更新任务...
2026-07-22 11:28:48.216 | INFO     | N/A | ⏳ 等待 Profile 更新任务...
2026-07-22 11:28:53.242 | INFO     | N/A | ⏳ 等待 Profile 更新任务...
2026-07-22 11:28:58.266 | INFO     | N/A | ⏳ 等待 Profile 更新任务...
2026-07-22 11:29:03.289 | INFO     | N/A | ⏳ 等待 Profile 更新任务...
2026-07-22 11:29:08.334 | INFO     | N/A | ⏳ 等待 Profile 更新任务...
2026-07-22 11:29:13.357 | INFO     | N/A | ⏳ 等待 Profile 更新任务...
2026-07-22 11:29:18.378 | INFO     | N/A | ⏳ 等待 Profile 更新任务...
2026-07-22 11:29:23.406 | INFO     | N/A | ⏳ 等待 Profile 更新任务...
2026-07-22 11:29:28.428 | INFO     | N/A | ⏳ 等待 Profile 更新任务...
2026-07-22 11:29:33.452 | INFO     | N/A | ⏳ 等待 Profile 更新任务...
2026-07-22 11:29:38.475 | INFO     | N/A | ⏳ 等待 Profile 更新任务...
2026-07-22 11:29:43.498 | INFO     | N/A | ⏳ 等待 Profile 更新任务...
2026-07-22 11:29:48.520 | INFO     | N/A | ⏳ 等待 Profile 更新任务...
2026-07-22 11:29:53.546 | INFO     | N/A | ⏳ 等待 Profile 更新任务...
2026-07-22 11:29:58.568 | INFO     | N/A | ⏳ 等待 Profile 更新任务...
2026-07-22 11:30:03.592 | INFO     | N/A | ⏳ 等待 Profile 更新任务...
2026-07-22 11:30:08.615 | INFO     | N/A | ⏳ 等待 Profile 更新任务...
2026-07-22 11:30:13.641 | INFO     | N/A | ⏳ 等待 Profile 更新任务...
2026-07-22 11:30:18.666 | INFO     | N/A | ⏳ 等待 Profile 更新任务...
2026-07-22 11:30:23.693 | INFO     | N/A | ⏳ 等待 Profile 更新任务...
2026-07-22 11:30:28.716 | INFO     | N/A | ⏳ 等待 Profile 更新任务...
2026-07-22 11:30:33.739 | INFO     | N/A | ⏳ 等待 Profile 更新任务...
2026-07-22 11:30:38.798 | INFO     | N/A | ⏳ 等待 Profile 更新任务...
2026-07-22 11:30:43.820 | INFO     | N/A | ⏳ 等待 Profile 更新任务...
2026-07-22 11:30:48.842 | INFO     | N/A | ⏳ 等待 Profile 更新任务...
2026-07-22 11:30:53.867 | INFO     | N/A | ⏳ 等待 Profile 更新任务...
2026-07-22 11:30:58.889 | INFO     | N/A | ⏳ 等待 Profile 更新任务...
2026-07-22 11:31:03.912 | INFO     | N/A | ⏳ 等待 Profile 更新任务...
2026-07-22 11:31:08.935 | INFO     | N/A | ⏳ 等待 Profile 更新任务...
2026-07-22 11:31:13.959 | INFO     | N/A | ⏳ 等待 Profile 更新任务...
2026-07-22 11:31:18.984 | INFO     | N/A | ⏳ 等待 Profile 更新任务...
2026-07-22 11:31:24.011 | INFO     | N/A | ⏳ 等待 Profile 更新任务...
2026-07-22 11:31:29.035 | INFO     | N/A | ⏳ 等待 Profile 更新任务...
2026-07-22 11:31:34.057 | INFO     | N/A | ⏳ 等待 Profile 更新任务...
2026-07-22 11:31:39.080 | INFO     | N/A | ⏳ 等待 Profile 更新任务...
2026-07-22 11:31:44.101 | INFO     | N/A | ⏳ 等待 Profile 更新任务...
2026-07-22 11:31:49.123 | INFO     | N/A | ⏳ 等待 Profile 更新任务...
2026-07-22 11:31:54.147 | INFO     | N/A | ⏳ 等待 Profile 更新任务...
2026-07-22 11:31:59.170 | INFO     | N/A | ⏳ 等待 Profile 更新任务...
2026-07-22 11:32:04.192 | INFO     | N/A | ⏳ 等待 Profile 更新任务...
2026-07-22 11:32:09.214 | INFO     | N/A | ⏳ 等待 Profile 更新任务...
2026-07-22 11:32:14.237 | INFO     | N/A | ⏳ 等待 Profile 更新任务...
2026-07-22 11:32:19.258 | INFO     | N/A | ⏳ 等待 Profile 更新任务...
2026-07-22 11:32:24.284 | INFO     | N/A | ⏳ 等待 Profile 更新任务...
2026-07-22 11:32:29.307 | INFO     | N/A | ⏳ 等待 Profile 更新任务...
2026-07-22 11:32:34.331 | INFO     | N/A | ⏳ 等待 Profile 更新任务...
2026-07-22 11:32:39.355 | INFO     | N/A | ⏳ 等待 Profile 更新任务...
2026-07-22 11:32:44.378 | INFO     | N/A | ⏳ 等待 Profile 更新任务...
2026-07-22 11:32:49.400 | INFO     | N/A | ⏳ 等待 Profile 更新任务...
2026-07-22 11:32:54.424 | INFO     | N/A | ⏳ 等待 Profile 更新任务...
2026-07-22 11:32:59.448 | INFO     | N/A | ⏳ 等待 Profile 更新任务...
2026-07-22 11:33:04.471 | INFO     | N/A | ⏳ 等待 Profile 更新任务...
2026-07-22 11:33:09.492 | INFO     | N/A | ⏳ 等待 Profile 更新任务...
2026-07-22 11:33:14.514 | INFO     | N/A | ⏳ 等待 Profile 更新任务...
2026-07-22 11:33:19.537 | INFO     | N/A | ⏳ 等待 Profile 更新任务...
2026-07-22 11:33:24.562 | INFO     | N/A | ⏳ 等待 Profile 更新任务...
2026-07-22 11:33:29.586 | INFO     | N/A | ⏳ 等待 Profile 更新任务...
2026-07-22 11:33:34.609 | INFO     | N/A | ⏳ 等待 Profile 更新任务...
2026-07-22 11:33:39.634 | INFO     | N/A | ⏳ 等待 Profile 更新任务...
2026-07-22 11:33:44.658 | INFO     | N/A | ⏳ 等待 Profile 更新任务...
2026-07-22 11:33:49.684 | INFO     | N/A | ⏳ 等待 Profile 更新任务...
2026-07-22 11:33:54.712 | INFO     | N/A | ⏳ 等待 Profile 更新任务...
2026-07-22 11:33:59.735 | INFO     | N/A | ⏳ 等待 Profile 更新任务...
2026-07-22 11:34:04.757 | INFO     | N/A | ⏳ 等待 Profile 更新任务...
2026-07-22 11:34:09.781 | INFO     | N/A | ⏳ 等待 Profile 更新任务...
2026-07-22 11:34:14.804 | INFO     | N/A | ⏳ 等待 Profile 更新任务...
2026-07-22 11:34:19.827 | INFO     | N/A | ⏳ 等待 Profile 更新任务...
2026-07-22 11:34:24.853 | INFO     | N/A | ⏳ 等待 Profile 更新任务...
2026-07-22 11:34:29.875 | INFO     | N/A | ⏳ 等待 Profile 更新任务...
2026-07-22 11:34:34.899 | INFO     | N/A | ⏳ 等待 Profile 更新任务...
2026-07-22 11:34:39.922 | INFO     | N/A | ⏳ 等待 Profile 更新任务...
2026-07-22 11:34:44.943 | INFO     | N/A | ⏳ 等待 Profile 更新任务...
2026-07-22 11:34:49.965 | INFO     | N/A | ⏳ 等待 Profile 更新任务...
2026-07-22 11:34:54.990 | INFO     | N/A | ⏳ 等待 Profile 更新任务...
2026-07-22 11:35:00.012 | INFO     | N/A | ⏳ 等待 Profile 更新任务...
2026-07-22 11:35:05.035 | INFO     | N/A | ⏳ 等待 Profile 更新任务...
2026-07-22 11:35:10.059 | INFO     | N/A | ⏳ 等待 Profile 更新任务...
2026-07-22 11:35:15.082 | INFO     | N/A | ⏳ 等待 Profile 更新任务...
2026-07-22 11:35:20.107 | INFO     | N/A | ⏳ 等待 Profile 更新任务...
2026-07-22 11:35:25.130 | INFO     | N/A | ⏳ 等待 Profile 更新任务...
2026-07-22 11:35:30.151 | INFO     | N/A | ⏳ 等待 Profile 更新任务...
2026-07-22 11:35:35.174 | INFO     | N/A | ⏳ 等待 Profile 更新任务...
2026-07-22 11:35:40.198 | INFO     | N/A | ⏳ 等待 Profile 更新任务...
2026-07-22 11:35:45.222 | INFO     | N/A | ⏳ 等待 Profile 更新任务...
2026-07-22 11:35:50.248 | INFO     | N/A | ⏳ 等待 Profile 更新任务...
2026-07-22 11:35:55.275 | INFO     | N/A | ⏳ 等待 Profile 更新任务...
2026-07-22 11:36:00.301 | INFO     | N/A | ⏳ 等待 Profile 更新任务...
2026-07-22 11:36:05.325 | INFO     | N/A | ⏳ 等待 Profile 更新任务...
2026-07-22 11:36:10.352 | INFO     | N/A | ⏳ 等待 Profile 更新任务...
2026-07-22 11:36:15.376 | INFO     | N/A | ⏳ 等待 Profile 更新任务...
2026-07-22 11:36:20.400 | INFO     | N/A | ⏳ 等待 Profile 更新任务...
2026-07-22 11:36:25.425 | INFO     | N/A | ⏳ 等待 Profile 更新任务...
2026-07-22 11:36:30.448 | INFO     | N/A | ⏳ 等待 Profile 更新任务...
2026-07-22 11:36:35.472 | INFO     | N/A | ⏳ 等待 Profile 更新任务...
2026-07-22 11:36:40.496 | INFO     | N/A | ⏳ 等待 Profile 更新任务...
2026-07-22 11:36:45.522 | INFO     | N/A | ⏳ 等待 Profile 更新任务...
2026-07-22 11:36:50.545 | INFO     | N/A | ⏳ 等待 Profile 更新任务...
2026-07-22 11:36:55.574 | INFO     | N/A | ⏳ 等待 Profile 更新任务...
2026-07-22 11:37:00.597 | INFO     | N/A | ⏳ 等待 Profile 更新任务...
2026-07-22 11:37:05.619 | INFO     | N/A | ⏳ 等待 Profile 更新任务...
2026-07-22 11:37:10.641 | INFO     | N/A | ⏳ 等待 Profile 更新任务...
2026-07-22 11:37:15.665 | INFO     | N/A | ⏳ 等待 Profile 更新任务...
2026-07-22 11:37:20.689 | INFO     | N/A | ⏳ 等待 Profile 更新任务...
2026-07-22 11:37:25.715 | INFO     | N/A | ⏳ 等待 Profile 更新任务...
2026-07-22 11:37:30.736 | INFO     | N/A | ⏳ 等待 Profile 更新任务...
2026-07-22 11:37:35.759 | INFO     | N/A | ⏳ 等待 Profile 更新任务...
2026-07-22 11:37:40.787 | INFO     | N/A | ⏳ 等待 Profile 更新任务...
2026-07-22 11:37:45.811 | INFO     | N/A | ⏳ 等待 Profile 更新任务...
2026-07-22 11:37:50.834 | INFO     | N/A | ⏳ 等待 Profile 更新任务...
2026-07-22 11:37:55.864 | INFO     | N/A | ⏳ 等待 Profile 更新任务...
2026-07-22 11:38:00.888 | INFO     | N/A | ⏳ 等待 Profile 更新任务...
2026-07-22 11:38:05.910 | INFO     | N/A | ⏳ 等待 Profile 更新任务...
2026-07-22 11:38:10.931 | INFO     | N/A | ⏳ 等待 Profile 更新任务...
2026-07-22 11:38:15.953 | INFO     | N/A | ⏳ 等待 Profile 更新任务...
2026-07-22 11:38:20.978 | INFO     | N/A | ⏳ 等待 Profile 更新任务...
2026-07-22 11:38:26.001 | INFO     | N/A | ⏳ 等待 Profile 更新任务...
2026-07-22 11:38:31.024 | INFO     | N/A | ⏳ 等待 Profile 更新任务...
2026-07-22 11:38:36.052 | INFO     | N/A | ⏳ 等待 Profile 更新任务...
2026-07-22 11:38:41.076 | INFO     | N/A | ⏳ 等待 Profile 更新任务...
2026-07-22 11:38:46.101 | INFO     | N/A | ⏳ 等待 Profile 更新任务...
2026-07-22 11:38:51.126 | INFO     | N/A | ⏳ 等待 Profile 更新任务...
2026-07-22 11:38:56.152 | INFO     | N/A | ⏳ 等待 Profile 更新任务...
2026-07-22 11:39:01.175 | INFO     | N/A | ⏳ 等待 Profile 更新任务...
2026-07-22 11:39:06.198 | INFO     | N/A | ⏳ 等待 Profile 更新任务...
2026-07-22 11:39:11.223 | INFO     | N/A | ⏳ 等待 Profile 更新任务...
2026-07-22 11:39:16.245 | INFO     | N/A | ⏳ 等待 Profile 更新任务...
2026-07-22 11:39:21.268 | INFO     | N/A | ⏳ 等待 Profile 更新任务...
2026-07-22 11:39:26.295 | INFO     | N/A | ⏳ 等待 Profile 更新任务...
2026-07-22 11:39:31.321 | INFO     | N/A | ⏳ 等待 Profile 更新任务...
2026-07-22 11:39:36.344 | INFO     | N/A | ⏳ 等待 Profile 更新任务...
2026-07-22 11:39:41.365 | INFO     | N/A | ⏳ 等待 Profile 更新任务...
2026-07-22 11:39:46.387 | INFO     | N/A | ⏳ 等待 Profile 更新任务...
2026-07-22 11:39:51.410 | INFO     | N/A | ⏳ 等待 Profile 更新任务...
2026-07-22 11:39:56.434 | INFO     | N/A | ⏳ 等待 Profile 更新任务...
2026-07-22 11:40:01.462 | INFO     | N/A | ⏳ 等待 Profile 更新任务...
2026-07-22 11:40:06.483 | INFO     | N/A | ⏳ 等待 Profile 更新任务...
2026-07-22 11:40:11.506 | INFO     | N/A | ⏳ 等待 Profile 更新任务...
2026-07-22 11:40:16.530 | INFO     | N/A | ⏳ 等待 Profile 更新任务...
2026-07-22 11:40:21.554 | INFO     | N/A | ⏳ 等待 Profile 更新任务...
2026-07-22 11:40:26.582 | INFO     | N/A | ⏳ 等待 Profile 更新任务...
2026-07-22 11:40:31.608 | INFO     | N/A | ⏳ 等待 Profile 更新任务...
2026-07-22 11:40:36.632 | INFO     | N/A | ⏳ 等待 Profile 更新任务...
2026-07-22 11:40:41.655 | INFO     | N/A | ⏳ 等待 Profile 更新任务...
2026-07-22 11:40:46.677 | INFO     | N/A | ⏳ 等待 Profile 更新任务...
2026-07-22 11:40:51.702 | INFO     | N/A | ⏳ 等待 Profile 更新任务...
2026-07-22 11:40:56.727 | INFO     | N/A | ⏳ 等待 Profile 更新任务...
2026-07-22 11:41:01.752 | INFO     | N/A | ⏳ 等待 Profile 更新任务...
2026-07-22 11:41:06.776 | INFO     | N/A | ⏳ 等待 Profile 更新任务...
2026-07-22 11:41:11.802 | INFO     | N/A | ⏳ 等待 Profile 更新任务...
2026-07-22 11:41:16.825 | INFO     | N/A | ⏳ 等待 Profile 更新任务...
2026-07-22 11:41:21.848 | INFO     | N/A | ⏳ 等待 Profile 更新任务...
2026-07-22 11:41:26.874 | INFO     | N/A | ⏳ 等待 Profile 更新任务...
2026-07-22 11:41:31.899 | INFO     | N/A | ⏳ 等待 Profile 更新任务...
2026-07-22 11:41:36.921 | INFO     | N/A | ⏳ 等待 Profile 更新任务...
2026-07-22 11:41:41.944 | INFO     | N/A | ⏳ 等待 Profile 更新任务...
2026-07-22 11:41:46.966 | INFO     | N/A | ⏳ 等待 Profile 更新任务...
2026-07-22 11:41:51.988 | INFO     | N/A | ⏳ 等待 Profile 更新任务...
2026-07-22 11:41:57.011 | INFO     | N/A | ⏳ 等待 Profile 更新任务...
2026-07-22 11:42:02.035 | INFO     | N/A | ⏳ 等待 Profile 更新任务...
2026-07-22 11:42:07.056 | INFO     | N/A | ⏳ 等待 Profile 更新任务...
2026-07-22 11:42:12.080 | INFO     | N/A | ⏳ 等待 Profile 更新任务...
2026-07-22 11:42:17.104 | INFO     | N/A | ⏳ 等待 Profile 更新任务...
2026-07-22 11:42:22.128 | INFO     | N/A | ⏳ 等待 Profile 更新任务...
2026-07-22 11:42:27.156 | INFO     | N/A | ⏳ 等待 Profile 更新任务...
2026-07-22 11:42:32.181 | INFO     | N/A | ⏳ 等待 Profile 更新任务...
2026-07-22 11:42:37.202 | INFO     | N/A | ⏳ 等待 Profile 更新任务...
2026-07-22 11:42:42.224 | INFO     | N/A | ⏳ 等待 Profile 更新任务...
2026-07-22 11:42:47.247 | INFO     | N/A | ⏳ 等待 Profile 更新任务...
2026-07-22 11:42:52.269 | INFO     | N/A | ⏳ 等待 Profile 更新任务...
2026-07-22 11:42:57.293 | INFO     | N/A | ⏳ 等待 Profile 更新任务...
2026-07-22 11:43:02.316 | INFO     | N/A | ⏳ 等待 Profile 更新任务...
2026-07-22 11:43:07.338 | INFO     | N/A | ⏳ 等待 Profile 更新任务...
2026-07-22 11:43:12.360 | INFO     | N/A | ⏳ 等待 Profile 更新任务...
2026-07-22 11:43:17.383 | INFO     | N/A | ⏳ 等待 Profile 更新任务...
2026-07-22 11:43:22.406 | INFO     | N/A | ⏳ 等待 Profile 更新任务...
2026-07-22 11:43:27.434 | INFO     | N/A | ⏳ 等待 Profile 更新任务...
2026-07-22 11:43:32.458 | INFO     | N/A | ⏳ 等待 Profile 更新任务...
2026-07-22 11:43:37.483 | INFO     | N/A | ⏳ 等待 Profile 更新任务...
2026-07-22 11:43:42.505 | INFO     | N/A | ⏳ 等待 Profile 更新任务...
2026-07-22 11:43:47.528 | INFO     | N/A | ⏳ 等待 Profile 更新任务...
2026-07-22 11:43:52.549 | INFO     | N/A | ⏳ 等待 Profile 更新任务...
2026-07-22 11:43:57.572 | INFO     | N/A | ⏳ 等待 Profile 更新任务...
2026-07-22 11:44:02.592 | INFO     | N/A | ⏳ 等待 Profile 更新任务...
2026-07-22 11:44:07.615 | INFO     | N/A | ⏳ 等待 Profile 更新任务...
2026-07-22 11:44:12.639 | INFO     | N/A | ⏳ 等待 Profile 更新任务...
2026-07-22 11:44:17.663 | INFO     | N/A | ⏳ 等待 Profile 更新任务...
2026-07-22 11:44:22.689 | INFO     | N/A | ⏳ 等待 Profile 更新任务...
2026-07-22 11:44:27.716 | INFO     | N/A | ⏳ 等待 Profile 更新任务...
2026-07-22 11:44:32.739 | INFO     | N/A | ⏳ 等待 Profile 更新任务...
2026-07-22 11:44:37.765 | INFO     | N/A | ⏳ 等待 Profile 更新任务...
2026-07-22 11:44:42.785 | INFO     | N/A | ⏳ 等待 Profile 更新任务...
2026-07-22 11:44:47.815 | INFO     | N/A | ⏳ 等待 Profile 更新任务...
2026-07-22 11:44:52.838 | INFO     | N/A | ⏳ 等待 Profile 更新任务...
2026-07-22 11:44:57.863 | INFO     | N/A | ⏳ 等待 Profile 更新任务...
2026-07-22 11:45:02.887 | INFO     | N/A | ⏳ 等待 Profile 更新任务...
2026-07-22 11:45:07.913 | INFO     | N/A | ⏳ 等待 Profile 更新任务...
2026-07-22 11:45:12.934 | INFO     | N/A | ⏳ 等待 Profile 更新任务...
2026-07-22 11:45:17.956 | INFO     | N/A | ⏳ 等待 Profile 更新任务...
2026-07-22 11:45:22.978 | INFO     | N/A | ⏳ 等待 Profile 更新任务...
2026-07-22 11:45:28.006 | INFO     | N/A | ⏳ 等待 Profile 更新任务...
2026-07-22 11:45:33.029 | INFO     | N/A | ⏳ 等待 Profile 更新任务...
2026-07-22 11:45:38.050 | INFO     | N/A | ⏳ 等待 Profile 更新任务...
2026-07-22 11:45:43.084 | INFO     | N/A | ⏳ 等待 Profile 更新任务...
2026-07-22 11:45:48.107 | INFO     | N/A | ⏳ 等待 Profile 更新任务...
2026-07-22 11:45:53.131 | INFO     | N/A | ⏳ 等待 Profile 更新任务...
2026-07-22 11:45:58.157 | INFO     | N/A | ⏳ 等待 Profile 更新任务...
2026-07-22 11:46:03.179 | INFO     | N/A | ⏳ 等待 Profile 更新任务...
2026-07-22 11:46:08.202 | INFO     | N/A | ⏳ 等待 Profile 更新任务...
2026-07-22 11:46:13.226 | INFO     | N/A | ⏳ 等待 Profile 更新任务...
2026-07-22 11:46:18.246 | INFO     | N/A | ⏳ 等待 Profile 更新任务...
2026-07-22 11:46:23.270 | INFO     | N/A | ⏳ 等待 Profile 更新任务...
2026-07-22 11:46:28.295 | INFO     | N/A | ⏳ 等待 Profile 更新任务...
2026-07-22 11:46:33.317 | INFO     | N/A | ⏳ 等待 Profile 更新任务...
2026-07-22 11:46:38.338 | INFO     | N/A | ⏳ 等待 Profile 更新任务...
2026-07-22 11:46:43.360 | INFO     | N/A | ⏳ 等待 Profile 更新任务...
2026-07-22 11:46:48.383 | INFO     | N/A | ⏳ 等待 Profile 更新任务...
2026-07-22 11:46:53.405 | INFO     | N/A | ⏳ 等待 Profile 更新任务...
2026-07-22 11:46:58.431 | INFO     | N/A | ⏳ 等待 Profile 更新任务...
2026-07-22 11:47:03.457 | INFO     | N/A | ⏳ 等待 Profile 更新任务...
2026-07-22 11:47:08.479 | INFO     | N/A | ⏳ 等待 Profile 更新任务...
2026-07-22 11:47:13.500 | INFO     | N/A | ⏳ 等待 Profile 更新任务...
2026-07-22 11:47:18.524 | INFO     | N/A | ⏳ 等待 Profile 更新任务...
2026-07-22 11:47:23.547 | INFO     | N/A | ⏳ 等待 Profile 更新任务...
2026-07-22 11:47:28.572 | INFO     | N/A | ⏳ 等待 Profile 更新任务...
2026-07-22 11:47:33.595 | INFO     | N/A | ⏳ 等待 Profile 更新任务...
2026-07-22 11:47:38.615 | INFO     | N/A | ⏳ 等待 Profile 更新任务...
2026-07-22 11:47:43.647 | INFO     | N/A | ⏳ 等待 Profile 更新任务...
2026-07-22 11:47:48.668 | INFO     | N/A | ⏳ 等待 Profile 更新任务...
2026-07-22 11:47:53.689 | INFO     | N/A | ⏳ 等待 Profile 更新任务...
2026-07-22 11:47:58.715 | INFO     | N/A | ⏳ 等待 Profile 更新任务...
2026-07-22 11:48:03.737 | INFO     | N/A | ⏳ 等待 Profile 更新任务...
2026-07-22 11:48:08.759 | INFO     | N/A | ⏳ 等待 Profile 更新任务...
2026-07-22 11:48:13.781 | INFO     | N/A | ⏳ 等待 Profile 更新任务...
2026-07-22 11:48:18.804 | INFO     | N/A | ⏳ 等待 Profile 更新任务...
2026-07-22 11:48:23.827 | INFO     | N/A | ⏳ 等待 Profile 更新任务...
2026-07-22 11:48:28.852 | INFO     | N/A | ⏳ 等待 Profile 更新任务...
2026-07-22 11:48:33.876 | INFO     | N/A | ⏳ 等待 Profile 更新任务...
2026-07-22 11:48:38.904 | INFO     | N/A | ⏳ 等待 Profile 更新任务...
2026-07-22 11:48:43.929 | INFO     | N/A | ⏳ 等待 Profile 更新任务...
2026-07-22 11:48:48.952 | INFO     | N/A | ⏳ 等待 Profile 更新任务...
2026-07-22 11:48:53.975 | INFO     | N/A | ⏳ 等待 Profile 更新任务...
2026-07-22 11:48:59.001 | INFO     | N/A | ⏳ 等待 Profile 更新任务...
2026-07-22 11:49:04.024 | INFO     | N/A | ⏳ 等待 Profile 更新任务...
2026-07-22 11:49:09.049 | INFO     | N/A | ⏳ 等待 Profile 更新任务...
2026-07-22 11:49:14.075 | INFO     | N/A | ⏳ 等待 Profile 更新任务...
2026-07-22 11:49:19.098 | INFO     | N/A | ⏳ 等待 Profile 更新任务...
2026-07-22 11:49:24.120 | INFO     | N/A | ⏳ 等待 Profile 更新任务...
2026-07-22 11:49:29.144 | INFO     | N/A | ⏳ 等待 Profile 更新任务...
2026-07-22 11:49:34.168 | INFO     | N/A | ⏳ 等待 Profile 更新任务...
2026-07-22 11:49:39.193 | INFO     | N/A | ⏳ 等待 Profile 更新任务...
2026-07-22 11:49:44.215 | INFO     | N/A | ⏳ 等待 Profile 更新任务...
2026-07-22 11:49:49.238 | INFO     | N/A | ⏳ 等待 Profile 更新任务...
2026-07-22 11:49:54.260 | INFO     | N/A | ⏳ 等待 Profile 更新任务...
2026-07-22 11:49:59.286 | INFO     | N/A | ⏳ 等待 Profile 更新任务...
2026-07-22 11:50:04.316 | INFO     | N/A | ⏳ 等待 Profile 更新任务...
2026-07-22 11:50:09.339 | INFO     | N/A | ⏳ 等待 Profile 更新任务...
2026-07-22 11:50:14.364 | INFO     | N/A | ⏳ 等待 Profile 更新任务...
2026-07-22 11:50:19.386 | INFO     | N/A | ⏳ 等待 Profile 更新任务...
2026-07-22 11:50:24.410 | INFO     | N/A | ⏳ 等待 Profile 更新任务...
2026-07-22 11:50:29.438 | INFO     | N/A | ⏳ 等待 Profile 更新任务...
2026-07-22 11:50:34.463 | INFO     | N/A | ⏳ 等待 Profile 更新任务...
2026-07-22 11:50:39.486 | INFO     | N/A | ⏳ 等待 Profile 更新任务...
2026-07-22 11:50:44.510 | INFO     | N/A | ⏳ 等待 Profile 更新任务...
2026-07-22 11:50:49.533 | INFO     | N/A | ⏳ 等待 Profile 更新任务...
2026-07-22 11:50:54.556 | INFO     | N/A | ⏳ 等待 Profile 更新任务...
2026-07-22 11:50:59.585 | INFO     | N/A | ⏳ 等待 Profile 更新任务...
2026-07-22 11:51:04.606 | INFO     | N/A | ⏳ 等待 Profile 更新任务...
2026-07-22 11:51:09.629 | INFO     | N/A | ⏳ 等待 Profile 更新任务...
2026-07-22 11:51:14.651 | INFO     | N/A | ⏳ 等待 Profile 更新任务...
2026-07-22 11:51:19.673 | INFO     | N/A | ⏳ 等待 Profile 更新任务...
2026-07-22 11:51:24.695 | INFO     | N/A | ⏳ 等待 Profile 更新任务...
2026-07-22 11:51:29.713 | INFO     | N/A | ⏳ 等待 Profile 更新任务...
2026-07-22 11:51:34.736 | INFO     | N/A | ⏳ 等待 Profile 更新任务...
2026-07-22 11:51:39.760 | INFO     | N/A | ⏳ 等待 Profile 更新任务...
2026-07-22 11:51:44.782 | INFO     | N/A | ⏳ 等待 Profile 更新任务...
2026-07-22 11:51:49.805 | INFO     | N/A | ⏳ 等待 Profile 更新任务...
2026-07-22 11:51:54.826 | INFO     | N/A | ⏳ 等待 Profile 更新任务...
2026-07-22 11:51:59.848 | INFO     | N/A | ⏳ 等待 Profile 更新任务...
2026-07-22 11:52:04.874 | INFO     | N/A | ⏳ 等待 Profile 更新任务...
2026-07-22 11:52:09.898 | INFO     | N/A | ⏳ 等待 Profile 更新任务...
2026-07-22 11:52:14.919 | INFO     | N/A | ⏳ 等待 Profile 更新任务...
2026-07-22 11:52:19.941 | INFO     | N/A | ⏳ 等待 Profile 更新任务...
2026-07-22 11:52:24.963 | INFO     | N/A | ⏳ 等待 Profile 更新任务...
2026-07-22 11:52:29.987 | INFO     | N/A | ⏳ 等待 Profile 更新任务...
2026-07-22 11:52:35.008 | INFO     | N/A | ⏳ 等待 Profile 更新任务...
2026-07-22 11:52:40.033 | INFO     | N/A | ⏳ 等待 Profile 更新任务...
2026-07-22 11:52:45.056 | INFO     | N/A | ⏳ 等待 Profile 更新任务...
2026-07-22 11:52:50.078 | INFO     | N/A | ⏳ 等待 Profile 更新任务...
2026-07-22 11:52:55.099 | INFO     | N/A | ⏳ 等待 Profile 更新任务...
2026-07-22 11:53:00.123 | INFO     | N/A | ⏳ 等待 Profile 更新任务...
2026-07-22 11:53:05.147 | INFO     | N/A | ⏳ 等待 Profile 更新任务...
2026-07-22 11:53:10.177 | INFO     | N/A | ⏳ 等待 Profile 更新任务...
2026-07-22 11:53:15.201 | INFO     | N/A | ⏳ 等待 Profile 更新任务...
2026-07-22 11:53:20.220 | INFO     | N/A | ⏳ 等待 Profile 更新任务...
2026-07-22 11:53:25.241 | INFO     | N/A | ⏳ 等待 Profile 更新任务...
2026-07-22 11:53:30.268 | INFO     | N/A | ⏳ 等待 Profile 更新任务...
2026-07-22 11:53:35.288 | INFO     | N/A | ⏳ 等待 Profile 更新任务...
2026-07-22 11:53:40.310 | INFO     | N/A | ⏳ 等待 Profile 更新任务...
2026-07-22 11:53:45.333 | INFO     | N/A | ⏳ 等待 Profile 更新任务...
2026-07-22 11:53:50.356 | INFO     | N/A | ⏳ 等待 Profile 更新任务...
2026-07-22 11:53:55.379 | INFO     | N/A | ⏳ 等待 Profile 更新任务...
2026-07-22 11:54:00.406 | INFO     | N/A | ⏳ 等待 Profile 更新任务...
2026-07-22 11:54:05.428 | INFO     | N/A | ⏳ 等待 Profile 更新任务...
2026-07-22 11:54:10.451 | INFO     | N/A | ⏳ 等待 Profile 更新任务...
2026-07-22 11:54:15.476 | INFO     | N/A | ⏳ 等待 Profile 更新任务...
2026-07-22 11:54:20.498 | INFO     | N/A | ⏳ 等待 Profile 更新任务...
2026-07-22 11:54:25.522 | INFO     | N/A | ⏳ 等待 Profile 更新任务...
2026-07-22 11:54:30.549 | INFO     | N/A | ⏳ 等待 Profile 更新任务...
2026-07-22 11:54:35.573 | INFO     | N/A | ⏳ 等待 Profile 更新任务...
2026-07-22 11:54:40.597 | INFO     | N/A | ⏳ 等待 Profile 更新任务...
2026-07-22 11:54:45.624 | INFO     | N/A | ⏳ 等待 Profile 更新任务...
2026-07-22 11:54:50.648 | INFO     | N/A | ⏳ 等待 Profile 更新任务...
2026-07-22 11:54:55.673 | INFO     | N/A | ⏳ 等待 Profile 更新任务...
2026-07-22 11:55:00.699 | INFO     | N/A | ⏳ 等待 Profile 更新任务...
2026-07-22 11:55:05.721 | INFO     | N/A | ⏳ 等待 Profile 更新任务...
2026-07-22 11:55:10.744 | INFO     | N/A | ⏳ 等待 Profile 更新任务...
2026-07-22 11:55:15.768 | INFO     | N/A | ⏳ 等待 Profile 更新任务...
2026-07-22 11:55:20.791 | INFO     | N/A | ⏳ 等待 Profile 更新任务...
2026-07-22 11:55:25.814 | INFO     | N/A | ⏳ 等待 Profile 更新任务...
2026-07-22 11:55:30.839 | INFO     | N/A | ⏳ 等待 Profile 更新任务...
2026-07-22 11:55:35.864 | INFO     | N/A | ⏳ 等待 Profile 更新任务...
2026-07-22 11:55:40.887 | INFO     | N/A | ⏳ 等待 Profile 更新任务...
2026-07-22 11:55:45.910 | INFO     | N/A | ⏳ 等待 Profile 更新任务...
2026-07-22 11:55:50.933 | INFO     | N/A | ⏳ 等待 Profile 更新任务...
2026-07-22 11:55:55.957 | INFO     | N/A | ⏳ 等待 Profile 更新任务...
2026-07-22 11:56:00.984 | INFO     | N/A | ⏳ 等待 Profile 更新任务...
2026-07-22 11:56:06.007 | INFO     | N/A | ⏳ 等待 Profile 更新任务...
2026-07-22 11:56:11.030 | INFO     | N/A | ⏳ 等待 Profile 更新任务...
2026-07-22 11:56:16.054 | INFO     | N/A | ⏳ 等待 Profile 更新任务...
2026-07-22 11:56:21.078 | INFO     | N/A | ⏳ 等待 Profile 更新任务...
2026-07-22 11:56:26.103 | INFO     | N/A | ⏳ 等待 Profile 更新任务...
2026-07-22 11:56:31.129 | INFO     | N/A | ⏳ 等待 Profile 更新任务...
2026-07-22 11:56:36.155 | INFO     | N/A | ⏳ 等待 Profile 更新任务...
2026-07-22 11:56:41.179 | INFO     | N/A | ⏳ 等待 Profile 更新任务...
2026-07-22 11:56:46.204 | INFO     | N/A | ⏳ 等待 Profile 更新任务...
2026-07-22 11:56:51.229 | INFO     | N/A | ⏳ 等待 Profile 更新任务...
2026-07-22 11:56:56.254 | INFO     | N/A | ⏳ 等待 Profile 更新任务...
2026-07-22 11:57:01.280 | INFO     | N/A | ⏳ 等待 Profile 更新任务...
2026-07-22 11:57:06.304 | INFO     | N/A | ⏳ 等待 Profile 更新任务...
2026-07-22 11:57:11.330 | INFO     | N/A | ⏳ 等待 Profile 更新任务...
2026-07-22 11:57:16.353 | INFO     | N/A | ⏳ 等待 Profile 更新任务...
2026-07-22 11:57:21.378 | INFO     | N/A | ⏳ 等待 Profile 更新任务...
2026-07-22 11:57:26.400 | INFO     | N/A | ⏳ 等待 Profile 更新任务...
2026-07-22 11:57:31.427 | INFO     | N/A | ⏳ 等待 Profile 更新任务...
2026-07-22 11:57:36.453 | INFO     | N/A | ⏳ 等待 Profile 更新任务...
2026-07-22 11:57:41.476 | INFO     | N/A | ⏳ 等待 Profile 更新任务...
2026-07-22 11:57:46.500 | INFO     | N/A | ⏳ 等待 Profile 更新任务...
2026-07-22 11:57:51.523 | INFO     | N/A | ⏳ 等待 Profile 更新任务...
2026-07-22 11:57:56.547 | INFO     | N/A | ⏳ 等待 Profile 更新任务...
2026-07-22 11:58:01.572 | INFO     | N/A | ⏳ 等待 Profile 更新任务...
2026-07-22 11:58:06.596 | INFO     | N/A | ⏳ 等待 Profile 更新任务...
2026-07-22 11:58:11.619 | INFO     | N/A | ⏳ 等待 Profile 更新任务...
2026-07-22 11:58:16.642 | INFO     | N/A | ⏳ 等待 Profile 更新任务...
2026-07-22 11:58:21.668 | INFO     | N/A | ⏳ 等待 Profile 更新任务...
2026-07-22 11:58:26.690 | INFO     | N/A | ⏳ 等待 Profile 更新任务...
2026-07-22 11:58:31.715 | INFO     | N/A | ⏳ 等待 Profile 更新任务...
2026-07-22 11:58:36.735 | INFO     | N/A | ⏳ 等待 Profile 更新任务...
2026-07-22 11:58:41.758 | INFO     | N/A | ⏳ 等待 Profile 更新任务...
2026-07-22 11:58:46.784 | INFO     | N/A | ⏳ 等待 Profile 更新任务...
2026-07-22 11:58:51.807 | INFO     | N/A | ⏳ 等待 Profile 更新任务...
2026-07-22 11:58:56.831 | INFO     | N/A | ⏳ 等待 Profile 更新任务...
2026-07-22 11:59:01.856 | INFO     | N/A | ⏳ 等待 Profile 更新任务...
2026-07-22 11:59:06.879 | INFO     | N/A | ⏳ 等待 Profile 更新任务...
2026-07-22 11:59:11.905 | INFO     | N/A | ⏳ 等待 Profile 更新任务...
2026-07-22 11:59:16.926 | INFO     | N/A | ⏳ 等待 Profile 更新任务...
2026-07-22 11:59:21.945 | INFO     | N/A | ⏳ 等待 Profile 更新任务...
2026-07-22 11:59:26.967 | INFO     | N/A | ⏳ 等待 Profile 更新任务...
2026-07-22 11:59:32.002 | INFO     | N/A | ⏳ 等待 Profile 更新任务...
2026-07-22 11:59:37.025 | INFO     | N/A | ⏳ 等待 Profile 更新任务...
2026-07-22 11:59:42.049 | INFO     | N/A | ⏳ 等待 Profile 更新任务...
2026-07-22 11:59:47.075 | INFO     | N/A | ⏳ 等待 Profile 更新任务...
2026-07-22 11:59:52.098 | INFO     | N/A | ⏳ 等待 Profile 更新任务...
2026-07-22 11:59:57.120 | INFO     | N/A | ⏳ 等待 Profile 更新任务...
2026-07-22 12:00:02.143 | INFO     | N/A | ⏳ 等待 Profile 更新任务...
2026-07-22 12:00:07.166 | INFO     | N/A | ⏳ 等待 Profile 更新任务...
2026-07-22 12:00:12.189 | INFO     | N/A | ⏳ 等待 Profile 更新任务...
2026-07-22 12:00:17.212 | INFO     | N/A | ⏳ 等待 Profile 更新任务...
2026-07-22 12:00:22.237 | INFO     | N/A | ⏳ 等待 Profile 更新任务...
2026-07-22 12:00:27.259 | INFO     | N/A | ⏳ 等待 Profile 更新任务...
2026-07-22 12:00:32.281 | INFO     | N/A | ⏳ 等待 Profile 更新任务...
2026-07-22 12:00:37.303 | INFO     | N/A | ⏳ 等待 Profile 更新任务...
2026-07-22 12:00:42.327 | INFO     | N/A | ⏳ 等待 Profile 更新任务...
2026-07-22 12:00:47.349 | INFO     | N/A | ⏳ 等待 Profile 更新任务...
2026-07-22 12:00:52.379 | INFO     | N/A | ⏳ 等待 Profile 更新任务...
2026-07-22 12:00:57.403 | INFO     | N/A | ⏳ 等待 Profile 更新任务...
2026-07-22 12:01:02.430 | INFO     | N/A | ⏳ 等待 Profile 更新任务...
2026-07-22 12:01:07.456 | INFO     | N/A | ⏳ 等待 Profile 更新任务...
2026-07-22 12:01:12.480 | INFO     | N/A | ⏳ 等待 Profile 更新任务...
2026-07-22 12:01:17.503 | INFO     | N/A | ⏳ 等待 Profile 更新任务...
2026-07-22 12:01:22.530 | INFO     | N/A | ⏳ 等待 Profile 更新任务...
2026-07-22 12:01:27.551 | INFO     | N/A | ⏳ 等待 Profile 更新任务...
2026-07-22 12:01:32.574 | INFO     | N/A | ⏳ 等待 Profile 更新任务...
2026-07-22 12:01:37.599 | INFO     | N/A | ⏳ 等待 Profile 更新任务...
2026-07-22 12:01:42.620 | INFO     | N/A | ⏳ 等待 Profile 更新任务...
2026-07-22 12:01:47.644 | INFO     | N/A | ⏳ 等待 Profile 更新任务...
2026-07-22 12:01:52.672 | INFO     | N/A | ⏳ 等待 Profile 更新任务...
2026-07-22 12:01:57.694 | INFO     | N/A | ⏳ 等待 Profile 更新任务...
2026-07-22 12:02:02.715 | INFO     | N/A | ⏳ 等待 Profile 更新任务...
2026-07-22 12:02:07.738 | INFO     | N/A | ⏳ 等待 Profile 更新任务...
2026-07-22 12:02:12.761 | INFO     | N/A | ⏳ 等待 Profile 更新任务...
2026-07-22 12:02:17.783 | INFO     | N/A | ⏳ 等待 Profile 更新任务...
2026-07-22 12:02:22.809 | INFO     | N/A | ⏳ 等待 Profile 更新任务...
2026-07-22 12:02:27.832 | INFO     | N/A | ⏳ 等待 Profile 更新任务...
2026-07-22 12:02:32.854 | INFO     | N/A | ⏳ 等待 Profile 更新任务...
2026-07-22 12:02:37.877 | INFO     | N/A | ⏳ 等待 Profile 更新任务...
2026-07-22 12:02:42.901 | INFO     | N/A | ⏳ 等待 Profile 更新任务...
2026-07-22 12:02:47.922 | INFO     | N/A | ⏳ 等待 Profile 更新任务...
2026-07-22 12:02:52.947 | INFO     | N/A | ⏳ 等待 Profile 更新任务...
2026-07-22 12:02:57.971 | INFO     | N/A | ⏳ 等待 Profile 更新任务...
2026-07-22 12:03:02.994 | INFO     | N/A | ⏳ 等待 Profile 更新任务...
2026-07-22 12:03:08.016 | INFO     | N/A | ⏳ 等待 Profile 更新任务...
2026-07-22 12:03:13.036 | INFO     | N/A | ⏳ 等待 Profile 更新任务...
2026-07-22 12:03:18.062 | INFO     | N/A | ⏳ 等待 Profile 更新任务...
2026-07-22 12:03:23.089 | INFO     | N/A | ⏳ 等待 Profile 更新任务...
2026-07-22 12:03:28.107 | INFO     | N/A | ⏳ 等待 Profile 更新任务...
2026-07-22 12:03:33.127 | INFO     | N/A | ⏳ 等待 Profile 更新任务...
2026-07-22 12:03:38.151 | INFO     | N/A | ⏳ 等待 Profile 更新任务...
2026-07-22 12:03:43.173 | INFO     | N/A | ⏳ 等待 Profile 更新任务...
2026-07-22 12:03:48.196 | INFO     | N/A | ⏳ 等待 Profile 更新任务...
2026-07-22 12:03:53.226 | INFO     | N/A | ⏳ 等待 Profile 更新任务...
2026-07-22 12:03:58.247 | INFO     | N/A | ⏳ 等待 Profile 更新任务...
2026-07-22 12:04:03.270 | INFO     | N/A | ⏳ 等待 Profile 更新任务...
2026-07-22 12:04:08.294 | INFO     | N/A | ⏳ 等待 Profile 更新任务...
2026-07-22 12:04:13.317 | INFO     | N/A | ⏳ 等待 Profile 更新任务...
2026-07-22 12:04:18.341 | INFO     | N/A | ⏳ 等待 Profile 更新任务...
2026-07-22 12:04:23.364 | INFO     | N/A | ⏳ 等待 Profile 更新任务...
2026-07-22 12:04:28.387 | INFO     | N/A | ⏳ 等待 Profile 更新任务...
2026-07-22 12:04:33.410 | INFO     | N/A | ⏳ 等待 Profile 更新任务...
2026-07-22 12:04:38.432 | INFO     | N/A | ⏳ 等待 Profile 更新任务...
2026-07-22 12:04:43.456 | INFO     | N/A | ⏳ 等待 Profile 更新任务...
2026-07-22 12:04:48.480 | INFO     | N/A | ⏳ 等待 Profile 更新任务...
2026-07-22 12:04:53.510 | INFO     | N/A | ⏳ 等待 Profile 更新任务...
2026-07-22 12:04:58.532 | INFO     | N/A | ⏳ 等待 Profile 更新任务...
2026-07-22 12:05:03.553 | INFO     | N/A | ⏳ 等待 Profile 更新任务...
2026-07-22 12:05:08.577 | INFO     | N/A | ⏳ 等待 Profile 更新任务...
2026-07-22 12:05:13.602 | INFO     | N/A | ⏳ 等待 Profile 更新任务...
2026-07-22 12:05:18.629 | INFO     | N/A | ⏳ 等待 Profile 更新任务...
2026-07-22 12:05:23.655 | INFO     | N/A | ⏳ 等待 Profile 更新任务...
2026-07-22 12:05:28.678 | INFO     | N/A | ⏳ 等待 Profile 更新任务...
2026-07-22 12:05:33.704 | INFO     | N/A | ⏳ 等待 Profile 更新任务...
2026-07-22 12:05:38.728 | INFO     | N/A | ⏳ 等待 Profile 更新任务...
2026-07-22 12:05:43.751 | INFO     | N/A | ⏳ 等待 Profile 更新任务...
2026-07-22 12:05:48.774 | INFO     | N/A | ⏳ 等待 Profile 更新任务...
2026-07-22 12:05:53.801 | INFO     | N/A | ⏳ 等待 Profile 更新任务...
2026-07-22 12:05:58.824 | INFO     | N/A | ⏳ 等待 Profile 更新任务...
2026-07-22 12:06:03.846 | INFO     | N/A | ⏳ 等待 Profile 更新任务...
2026-07-22 12:06:08.870 | INFO     | N/A | ⏳ 等待 Profile 更新任务...
2026-07-22 12:06:13.894 | INFO     | N/A | ⏳ 等待 Profile 更新任务...
2026-07-22 12:06:18.916 | INFO     | N/A | ⏳ 等待 Profile 更新任务...
2026-07-22 12:06:23.944 | INFO     | N/A | ⏳ 等待 Profile 更新任务...
2026-07-22 12:06:28.967 | INFO     | N/A | ⏳ 等待 Profile 更新任务...
2026-07-22 12:06:33.991 | INFO     | N/A | ⏳ 等待 Profile 更新任务...
2026-07-22 12:06:39.013 | INFO     | N/A | ⏳ 等待 Profile 更新任务...
2026-07-22 12:06:44.036 | INFO     | N/A | ⏳ 等待 Profile 更新任务...
2026-07-22 12:06:49.060 | INFO     | N/A | ⏳ 等待 Profile 更新任务...
2026-07-22 12:06:54.086 | INFO     | N/A | ⏳ 等待 Profile 更新任务...
2026-07-22 12:06:59.112 | INFO     | N/A | ⏳ 等待 Profile 更新任务...
2026-07-22 12:07:04.136 | INFO     | N/A | ⏳ 等待 Profile 更新任务...
2026-07-22 12:07:09.162 | INFO     | N/A | ⏳ 等待 Profile 更新任务...
2026-07-22 12:07:14.186 | INFO     | N/A | ⏳ 等待 Profile 更新任务...
2026-07-22 12:07:19.210 | INFO     | N/A | ⏳ 等待 Profile 更新任务...
2026-07-22 12:07:24.238 | INFO     | N/A | ⏳ 等待 Profile 更新任务...
2026-07-22 12:07:29.262 | INFO     | N/A | ⏳ 等待 Profile 更新任务...
2026-07-22 12:07:34.285 | INFO     | N/A | ⏳ 等待 Profile 更新任务...
2026-07-22 12:07:39.313 | INFO     | N/A | ⏳ 等待 Profile 更新任务...
2026-07-22 12:07:44.337 | INFO     | N/A | ⏳ 等待 Profile 更新任务...
2026-07-22 12:07:49.362 | INFO     | N/A | ⏳ 等待 Profile 更新任务...
2026-07-22 12:07:54.387 | INFO     | N/A | ⏳ 等待 Profile 更新任务...
2026-07-22 12:07:59.415 | INFO     | N/A | ⏳ 等待 Profile 更新任务...
2026-07-22 12:08:04.438 | INFO     | N/A | ⏳ 等待 Profile 更新任务...
2026-07-22 12:08:09.464 | INFO     | N/A | ⏳ 等待 Profile 更新任务...
2026-07-22 12:08:14.487 | INFO     | N/A | ⏳ 等待 Profile 更新任务...
2026-07-22 12:08:19.511 | INFO     | N/A | ⏳ 等待 Profile 更新任务...
2026-07-22 12:08:24.540 | INFO     | N/A | ⏳ 等待 Profile 更新任务...
2026-07-22 12:08:29.564 | INFO     | N/A | ⏳ 等待 Profile 更新任务...
2026-07-22 12:08:34.588 | INFO     | N/A | ⏳ 等待 Profile 更新任务...
2026-07-22 12:08:39.612 | INFO     | N/A | ⏳ 等待 Profile 更新任务...
2026-07-22 12:08:44.634 | INFO     | N/A | ⏳ 等待 Profile 更新任务...
2026-07-22 12:08:49.658 | INFO     | N/A | ⏳ 等待 Profile 更新任务...
2026-07-22 12:08:54.684 | INFO     | N/A | ⏳ 等待 Profile 更新任务...
2026-07-22 12:08:59.710 | INFO     | N/A | ⏳ 等待 Profile 更新任务...
2026-07-22 12:09:04.735 | INFO     | N/A | ⏳ 等待 Profile 更新任务...
2026-07-22 12:09:09.760 | INFO     | N/A | ⏳ 等待 Profile 更新任务...
2026-07-22 12:09:14.784 | INFO     | N/A | ⏳ 等待 Profile 更新任务...
2026-07-22 12:09:19.810 | INFO     | N/A | ⏳ 等待 Profile 更新任务...
2026-07-22 12:09:24.835 | INFO     | N/A | ⏳ 等待 Profile 更新任务...
2026-07-22 12:09:29.862 | INFO     | N/A | ⏳ 等待 Profile 更新任务...
2026-07-22 12:09:34.888 | INFO     | N/A | ⏳ 等待 Profile 更新任务...
2026-07-22 12:09:39.913 | INFO     | N/A | ⏳ 等待 Profile 更新任务...
2026-07-22 12:09:44.938 | INFO     | N/A | ⏳ 等待 Profile 更新任务...
2026-07-22 12:09:49.962 | INFO     | N/A | ⏳ 等待 Profile 更新任务...
2026-07-22 12:09:54.987 | INFO     | N/A | ⏳ 等待 Profile 更新任务...
2026-07-22 12:10:00.010 | INFO     | N/A | ⏳ 等待 Profile 更新任务...
2026-07-22 12:10:05.039 | INFO     | N/A | ⏳ 等待 Profile 更新任务...
2026-07-22 12:10:10.063 | INFO     | N/A | ⏳ 等待 Profile 更新任务...
2026-07-22 12:10:15.087 | INFO     | N/A | ⏳ 等待 Profile 更新任务...
2026-07-22 12:10:20.112 | INFO     | N/A | ⏳ 等待 Profile 更新任务...
2026-07-22 12:10:25.138 | INFO     | N/A | ⏳ 等待 Profile 更新任务...
2026-07-22 12:10:30.159 | INFO     | N/A | ⏳ 等待 Profile 更新任务...
2026-07-22 12:10:35.184 | INFO     | N/A | ⏳ 等待 Profile 更新任务...
2026-07-22 12:10:40.208 | INFO     | N/A | ⏳ 等待 Profile 更新任务...
2026-07-22 12:10:45.232 | INFO     | N/A | ⏳ 等待 Profile 更新任务...
2026-07-22 12:10:50.258 | INFO     | N/A | ⏳ 等待 Profile 更新任务...
2026-07-22 12:10:55.284 | INFO     | N/A | ⏳ 等待 Profile 更新任务...
2026-07-22 12:11:00.307 | INFO     | N/A | ⏳ 等待 Profile 更新任务...
2026-07-22 12:11:05.332 | INFO     | N/A | ⏳ 等待 Profile 更新任务...
2026-07-22 12:11:10.358 | INFO     | N/A | ⏳ 等待 Profile 更新任务...
2026-07-22 12:11:15.381 | INFO     | N/A | ⏳ 等待 Profile 更新任务...
2026-07-22 12:11:20.404 | INFO     | N/A | ⏳ 等待 Profile 更新任务...
2026-07-22 12:11:25.430 | INFO     | N/A | ⏳ 等待 Profile 更新任务...
2026-07-22 12:11:30.454 | INFO     | N/A | ⏳ 等待 Profile 更新任务...
2026-07-22 12:11:35.477 | INFO     | N/A | ⏳ 等待 Profile 更新任务...
2026-07-22 12:11:40.500 | INFO     | N/A | ⏳ 等待 Profile 更新任务...
2026-07-22 12:11:45.525 | INFO     | N/A | ⏳ 等待 Profile 更新任务...
2026-07-22 12:11:50.549 | INFO     | N/A | ⏳ 等待 Profile 更新任务...
2026-07-22 12:11:55.580 | INFO     | N/A | ⏳ 等待 Profile 更新任务...
2026-07-22 12:12:00.603 | INFO     | N/A | ⏳ 等待 Profile 更新任务...
2026-07-22 12:12:05.629 | INFO     | N/A | ⏳ 等待 Profile 更新任务...
2026-07-22 12:12:10.652 | INFO     | N/A | ⏳ 等待 Profile 更新任务...
2026-07-22 12:12:15.676 | INFO     | N/A | ⏳ 等待 Profile 更新任务...
2026-07-22 12:12:20.702 | INFO     | N/A | ⏳ 等待 Profile 更新任务...
2026-07-22 12:12:25.728 | INFO     | N/A | ⏳ 等待 Profile 更新任务...
2026-07-22 12:12:30.749 | INFO     | N/A | ⏳ 等待 Profile 更新任务...
2026-07-22 12:12:35.773 | INFO     | N/A | ⏳ 等待 Profile 更新任务...
2026-07-22 12:12:40.798 | INFO     | N/A | ⏳ 等待 Profile 更新任务...
2026-07-22 12:12:45.823 | INFO     | N/A | ⏳ 等待 Profile 更新任务...
2026-07-22 12:12:50.850 | INFO     | N/A | ⏳ 等待 Profile 更新任务...
2026-07-22 12:12:55.883 | INFO     | N/A | ⏳ 等待 Profile 更新任务...
2026-07-22 12:13:00.908 | INFO     | N/A | ⏳ 等待 Profile 更新任务...
2026-07-22 12:13:05.934 | INFO     | N/A | ⏳ 等待 Profile 更新任务...
2026-07-22 12:13:10.959 | INFO     | N/A | ⏳ 等待 Profile 更新任务...
2026-07-22 12:13:15.984 | INFO     | N/A | ⏳ 等待 Profile 更新任务...
2026-07-22 12:13:21.008 | INFO     | N/A | ⏳ 等待 Profile 更新任务...
2026-07-22 12:13:26.035 | INFO     | N/A | ⏳ 等待 Profile 更新任务...
2026-07-22 12:13:31.057 | INFO     | N/A | ⏳ 等待 Profile 更新任务...
2026-07-22 12:13:36.080 | INFO     | N/A | ⏳ 等待 Profile 更新任务...
2026-07-22 12:13:41.103 | INFO     | N/A | ⏳ 等待 Profile 更新任务...
2026-07-22 12:13:46.127 | INFO     | N/A | ⏳ 等待 Profile 更新任务...
2026-07-22 12:13:51.149 | INFO     | N/A | ⏳ 等待 Profile 更新任务...
2026-07-22 12:13:56.176 | INFO     | N/A | ⏳ 等待 Profile 更新任务...
2026-07-22 12:14:01.197 | INFO     | N/A | ⏳ 等待 Profile 更新任务...
2026-07-22 12:14:06.221 | INFO     | N/A | ⏳ 等待 Profile 更新任务...
2026-07-22 12:14:11.244 | INFO     | N/A | ⏳ 等待 Profile 更新任务...
2026-07-22 12:14:16.266 | INFO     | N/A | ⏳ 等待 Profile 更新任务...
2026-07-22 12:14:21.291 | INFO     | N/A | ⏳ 等待 Profile 更新任务...
2026-07-22 12:14:26.319 | INFO     | N/A | ⏳ 等待 Profile 更新任务...
2026-07-22 12:14:31.342 | INFO     | N/A | ⏳ 等待 Profile 更新任务...
2026-07-22 12:14:36.367 | INFO     | N/A | ⏳ 等待 Profile 更新任务...
2026-07-22 12:14:41.390 | INFO     | N/A | ⏳ 等待 Profile 更新任务...
2026-07-22 12:14:46.414 | INFO     | N/A | ⏳ 等待 Profile 更新任务...
2026-07-22 12:14:51.436 | INFO     | N/A | ⏳ 等待 Profile 更新任务...
2026-07-22 12:14:56.463 | INFO     | N/A | ⏳ 等待 Profile 更新任务...
2026-07-22 12:15:01.485 | INFO     | N/A | ⏳ 等待 Profile 更新任务...
2026-07-22 12:15:06.511 | INFO     | N/A | ⏳ 等待 Profile 更新任务...
2026-07-22 12:15:11.534 | INFO     | N/A | ⏳ 等待 Profile 更新任务...
2026-07-22 12:15:16.557 | INFO     | N/A | ⏳ 等待 Profile 更新任务...
2026-07-22 12:15:21.584 | INFO     | N/A | ⏳ 等待 Profile 更新任务...
2026-07-22 12:15:26.610 | INFO     | N/A | ⏳ 等待 Profile 更新任务...
2026-07-22 12:15:31.633 | INFO     | N/A | ⏳ 等待 Profile 更新任务...
2026-07-22 12:15:36.656 | INFO     | N/A | ⏳ 等待 Profile 更新任务...
2026-07-22 12:15:41.681 | INFO     | N/A | ⏳ 等待 Profile 更新任务...
2026-07-22 12:15:46.706 | INFO     | N/A | ⏳ 等待 Profile 更新任务...
2026-07-22 12:15:51.732 | INFO     | N/A | ⏳ 等待 Profile 更新任务...
2026-07-22 12:15:56.764 | INFO     | N/A | ⏳ 等待 Profile 更新任务...
2026-07-22 12:16:01.788 | INFO     | N/A | ⏳ 等待 Profile 更新任务...
2026-07-22 12:16:06.813 | INFO     | N/A | ⏳ 等待 Profile 更新任务...
2026-07-22 12:16:11.838 | INFO     | N/A | ⏳ 等待 Profile 更新任务...
2026-07-22 12:16:16.864 | INFO     | N/A | ⏳ 等待 Profile 更新任务...
2026-07-22 12:16:21.887 | INFO     | N/A | ⏳ 等待 Profile 更新任务...
2026-07-22 12:16:26.913 | INFO     | N/A | ⏳ 等待 Profile 更新任务...
2026-07-22 12:16:31.938 | INFO     | N/A | ⏳ 等待 Profile 更新任务...
2026-07-22 12:16:36.965 | INFO     | N/A | ⏳ 等待 Profile 更新任务...
2026-07-22 12:16:41.988 | INFO     | N/A | ⏳ 等待 Profile 更新任务...
2026-07-22 12:16:47.010 | INFO     | N/A | ⏳ 等待 Profile 更新任务...
2026-07-22 12:16:52.034 | INFO     | N/A | ⏳ 等待 Profile 更新任务...
2026-07-22 12:16:57.063 | INFO     | N/A | ⏳ 等待 Profile 更新任务...
2026-07-22 12:17:02.087 | INFO     | N/A | ⏳ 等待 Profile 更新任务...
2026-07-22 12:17:07.110 | INFO     | N/A | ⏳ 等待 Profile 更新任务...
2026-07-22 12:17:12.135 | INFO     | N/A | ⏳ 等待 Profile 更新任务...
2026-07-22 12:17:17.157 | INFO     | N/A | ⏳ 等待 Profile 更新任务...
2026-07-22 12:17:22.182 | INFO     | N/A | ⏳ 等待 Profile 更新任务...
2026-07-22 12:17:27.211 | INFO     | N/A | ⏳ 等待 Profile 更新任务...
2026-07-22 12:17:32.235 | INFO     | N/A | ⏳ 等待 Profile 更新任务...
2026-07-22 12:17:37.258 | INFO     | N/A | ⏳ 等待 Profile 更新任务...
2026-07-22 12:17:42.285 | INFO     | N/A | ⏳ 等待 Profile 更新任务...
2026-07-22 12:17:47.308 | INFO     | N/A | ⏳ 等待 Profile 更新任务...
2026-07-22 12:17:52.333 | INFO     | N/A | ⏳ 等待 Profile 更新任务...
2026-07-22 12:17:57.361 | INFO     | N/A | ⏳ 等待 Profile 更新任务...
2026-07-22 12:18:02.385 | INFO     | N/A | ⏳ 等待 Profile 更新任务...
2026-07-22 12:18:07.409 | INFO     | N/A | ⏳ 等待 Profile 更新任务...
2026-07-22 12:18:12.432 | INFO     | N/A | ⏳ 等待 Profile 更新任务...
2026-07-22 12:18:17.454 | INFO     | N/A | ⏳ 等待 Profile 更新任务...
2026-07-22 12:18:22.480 | INFO     | N/A | ⏳ 等待 Profile 更新任务...
2026-07-22 12:18:27.504 | INFO     | N/A | ⏳ 等待 Profile 更新任务...
2026-07-22 12:18:32.529 | INFO     | N/A | ⏳ 等待 Profile 更新任务...
2026-07-22 12:18:37.552 | INFO     | N/A | ⏳ 等待 Profile 更新任务...
2026-07-22 12:18:42.575 | INFO     | N/A | ⏳ 等待 Profile 更新任务...
2026-07-22 12:18:47.598 | INFO     | N/A | ⏳ 等待 Profile 更新任务...
2026-07-22 12:18:52.622 | INFO     | N/A | ⏳ 等待 Profile 更新任务...
2026-07-22 12:18:57.650 | INFO     | N/A | ⏳ 等待 Profile 更新任务...
2026-07-22 12:19:02.671 | INFO     | N/A | ⏳ 等待 Profile 更新任务...
2026-07-22 12:19:07.692 | INFO     | N/A | ⏳ 等待 Profile 更新任务...
2026-07-22 12:19:12.718 | INFO     | N/A | ⏳ 等待 Profile 更新任务...
2026-07-22 12:19:17.741 | INFO     | N/A | ⏳ 等待 Profile 更新任务...
2026-07-22 12:19:22.765 | INFO     | N/A | ⏳ 等待 Profile 更新任务...
2026-07-22 12:19:27.790 | INFO     | N/A | ⏳ 等待 Profile 更新任务...
2026-07-22 12:19:32.815 | INFO     | N/A | ⏳ 等待 Profile 更新任务...
2026-07-22 12:19:37.839 | INFO     | N/A | ⏳ 等待 Profile 更新任务...
2026-07-22 12:19:42.862 | INFO     | N/A | ⏳ 等待 Profile 更新任务...
2026-07-22 12:19:47.884 | INFO     | N/A | ⏳ 等待 Profile 更新任务...
2026-07-22 12:19:52.908 | INFO     | N/A | ⏳ 等待 Profile 更新任务...
2026-07-22 12:19:57.935 | INFO     | N/A | ⏳ 等待 Profile 更新任务...
2026-07-22 12:20:02.955 | INFO     | N/A | ⏳ 等待 Profile 更新任务...
2026-07-22 12:20:07.977 | INFO     | N/A | ⏳ 等待 Profile 更新任务...
2026-07-22 12:20:12.998 | INFO     | N/A | ⏳ 等待 Profile 更新任务...
2026-07-22 12:20:18.024 | INFO     | N/A | ⏳ 等待 Profile 更新任务...
2026-07-22 12:20:23.047 | INFO     | N/A | ⏳ 等待 Profile 更新任务...
2026-07-22 12:20:28.073 | INFO     | N/A | ⏳ 等待 Profile 更新任务...
2026-07-22 12:20:33.096 | INFO     | N/A | ⏳ 等待 Profile 更新任务...
2026-07-22 12:20:38.121 | INFO     | N/A | ⏳ 等待 Profile 更新任务...
2026-07-22 12:20:43.142 | INFO     | N/A | ⏳ 等待 Profile 更新任务...
2026-07-22 12:20:48.166 | INFO     | N/A | ⏳ 等待 Profile 更新任务...
2026-07-22 12:20:53.188 | INFO     | N/A | ⏳ 等待 Profile 更新任务...
2026-07-22 12:20:58.215 | INFO     | N/A | ⏳ 等待 Profile 更新任务...
2026-07-22 12:21:03.239 | INFO     | N/A | ⏳ 等待 Profile 更新任务...
2026-07-22 12:21:08.261 | INFO     | N/A | ⏳ 等待 Profile 更新任务...
2026-07-22 12:21:13.282 | INFO     | N/A | ⏳ 等待 Profile 更新任务...
2026-07-22 12:21:18.309 | INFO     | N/A | ⏳ 等待 Profile 更新任务...
2026-07-22 12:21:23.332 | INFO     | N/A | ⏳ 等待 Profile 更新任务...
2026-07-22 12:21:28.360 | INFO     | N/A | ⏳ 等待 Profile 更新任务...
2026-07-22 12:21:33.382 | INFO     | N/A | ⏳ 等待 Profile 更新任务...
2026-07-22 12:21:38.403 | INFO     | N/A | ⏳ 等待 Profile 更新任务...
2026-07-22 12:21:43.427 | INFO     | N/A | ⏳ 等待 Profile 更新任务...
2026-07-22 12:21:48.448 | INFO     | N/A | ⏳ 等待 Profile 更新任务...
2026-07-22 12:21:53.471 | INFO     | N/A | ⏳ 等待 Profile 更新任务...
2026-07-22 12:21:58.494 | INFO     | N/A | ⏳ 等待 Profile 更新任务...
2026-07-22 12:22:03.515 | INFO     | N/A | ⏳ 等待 Profile 更新任务...
2026-07-22 12:22:08.537 | INFO     | N/A | ⏳ 等待 Profile 更新任务...
2026-07-22 12:22:13.561 | INFO     | N/A | ⏳ 等待 Profile 更新任务...
2026-07-22 12:22:18.584 | INFO     | N/A | ⏳ 等待 Profile 更新任务...
2026-07-22 12:22:23.608 | INFO     | N/A | ⏳ 等待 Profile 更新任务...
2026-07-22 12:22:28.632 | INFO     | N/A | ⏳ 等待 Profile 更新任务...
2026-07-22 12:22:33.656 | INFO     | N/A | ⏳ 等待 Profile 更新任务...
2026-07-22 12:22:38.679 | INFO     | N/A | ⏳ 等待 Profile 更新任务...
2026-07-22 12:22:43.702 | INFO     | N/A | ⏳ 等待 Profile 更新任务...
2026-07-22 12:22:48.725 | INFO     | N/A | ⏳ 等待 Profile 更新任务...
2026-07-22 12:22:53.749 | INFO     | N/A | ⏳ 等待 Profile 更新任务...
2026-07-22 12:22:58.777 | INFO     | N/A | ⏳ 等待 Profile 更新任务...
2026-07-22 12:23:03.799 | INFO     | N/A | ⏳ 等待 Profile 更新任务...
2026-07-22 12:23:08.820 | INFO     | N/A | ⏳ 等待 Profile 更新任务...
2026-07-22 12:23:13.842 | INFO     | N/A | ⏳ 等待 Profile 更新任务...
2026-07-22 12:23:18.884 | INFO     | N/A | ⏳ 等待 Profile 更新任务...
2026-07-22 12:23:23.908 | INFO     | N/A | ⏳ 等待 Profile 更新任务...
2026-07-22 12:23:28.931 | INFO     | N/A | ⏳ 等待 Profile 更新任务...
2026-07-22 12:23:33.951 | INFO     | N/A | ⏳ 等待 Profile 更新任务...
2026-07-22 12:23:38.976 | INFO     | N/A | ⏳ 等待 Profile 更新任务...
2026-07-22 12:23:43.996 | INFO     | N/A | ⏳ 等待 Profile 更新任务...
2026-07-22 12:23:49.018 | INFO     | N/A | ⏳ 等待 Profile 更新任务...
2026-07-22 12:23:54.040 | INFO     | N/A | ⏳ 等待 Profile 更新任务...
2026-07-22 12:23:59.068 | INFO     | N/A | ⏳ 等待 Profile 更新任务...
2026-07-22 12:24:04.091 | INFO     | N/A | ⏳ 等待 Profile 更新任务...
2026-07-22 12:24:09.116 | INFO     | N/A | ⏳ 等待 Profile 更新任务...
2026-07-22 12:24:14.139 | INFO     | N/A | ⏳ 等待 Profile 更新任务...
2026-07-22 12:24:19.162 | INFO     | N/A | ⏳ 等待 Profile 更新任务...
2026-07-22 12:24:24.187 | INFO     | N/A | ⏳ 等待 Profile 更新任务...
2026-07-22 12:24:29.216 | INFO     | N/A | ⏳ 等待 Profile 更新任务...
2026-07-22 12:24:34.238 | INFO     | N/A | ⏳ 等待 Profile 更新任务...
2026-07-22 12:24:39.258 | INFO     | N/A | ⏳ 等待 Profile 更新任务...
2026-07-22 12:24:44.281 | INFO     | N/A | ⏳ 等待 Profile 更新任务...
2026-07-22 12:24:49.303 | INFO     | N/A | ⏳ 等待 Profile 更新任务...
2026-07-22 12:24:54.329 | INFO     | N/A | ⏳ 等待 Profile 更新任务...
2026-07-22 12:24:59.358 | INFO     | N/A | ⏳ 等待 Profile 更新任务...
2026-07-22 12:25:04.381 | INFO     | N/A | ⏳ 等待 Profile 更新任务...
2026-07-22 12:25:09.402 | INFO     | N/A | ⏳ 等待 Profile 更新任务...
2026-07-22 12:25:14.425 | INFO     | N/A | ⏳ 等待 Profile 更新任务...
2026-07-22 12:25:19.447 | INFO     | N/A | ⏳ 等待 Profile 更新任务...
2026-07-22 12:25:24.470 | INFO     | N/A | ⏳ 等待 Profile 更新任务...
2026-07-22 12:25:29.496 | INFO     | N/A | ⏳ 等待 Profile 更新任务...
2026-07-22 12:25:34.519 | INFO     | N/A | ⏳ 等待 Profile 更新任务...
2026-07-22 12:25:39.543 | INFO     | N/A | ⏳ 等待 Profile 更新任务...
2026-07-22 12:25:44.567 | INFO     | N/A | ⏳ 等待 Profile 更新任务...
2026-07-22 12:25:49.590 | INFO     | N/A | ⏳ 等待 Profile 更新任务...
2026-07-22 12:25:54.611 | INFO     | N/A | ⏳ 等待 Profile 更新任务...
2026-07-22 12:25:59.637 | INFO     | N/A | ⏳ 等待 Profile 更新任务...
2026-07-22 12:26:04.660 | INFO     | N/A | ⏳ 等待 Profile 更新任务...
2026-07-22 12:26:09.683 | INFO     | N/A | ⏳ 等待 Profile 更新任务...
2026-07-22 12:26:14.706 | INFO     | N/A | ⏳ 等待 Profile 更新任务...
2026-07-22 12:26:19.729 | INFO     | N/A | ⏳ 等待 Profile 更新任务...
2026-07-22 12:26:24.754 | INFO     | N/A | ⏳ 等待 Profile 更新任务...
2026-07-22 12:26:29.782 | INFO     | N/A | ⏳ 等待 Profile 更新任务...
2026-07-22 12:26:34.804 | INFO     | N/A | ⏳ 等待 Profile 更新任务...
2026-07-22 12:26:39.827 | INFO     | N/A | ⏳ 等待 Profile 更新任务...
2026-07-22 12:26:44.850 | INFO     | N/A | ⏳ 等待 Profile 更新任务...
2026-07-22 12:26:49.874 | INFO     | N/A | ⏳ 等待 Profile 更新任务...
2026-07-22 12:26:54.899 | INFO     | N/A | ⏳ 等待 Profile 更新任务...
2026-07-22 12:26:59.922 | INFO     | N/A | ⏳ 等待 Profile 更新任务...
2026-07-22 12:27:04.944 | INFO     | N/A | ⏳ 等待 Profile 更新任务...
2026-07-22 12:27:09.968 | INFO     | N/A | ⏳ 等待 Profile 更新任务...
2026-07-22 12:27:14.991 | INFO     | N/A | ⏳ 等待 Profile 更新任务...
2026-07-22 12:27:20.013 | INFO     | N/A | ⏳ 等待 Profile 更新任务...
2026-07-22 12:27:25.037 | INFO     | N/A | ⏳ 等待 Profile 更新任务...
2026-07-22 12:27:30.065 | INFO     | N/A | ⏳ 等待 Profile 更新任务...
2026-07-22 12:27:35.088 | INFO     | N/A | ⏳ 等待 Profile 更新任务...
2026-07-22 12:27:40.111 | INFO     | N/A | ⏳ 等待 Profile 更新任务...
2026-07-22 12:27:45.135 | INFO     | N/A | ⏳ 等待 Profile 更新任务...
2026-07-22 12:27:50.156 | INFO     | N/A | ⏳ 等待 Profile 更新任务...
2026-07-22 12:27:55.177 | INFO     | N/A | ⏳ 等待 Profile 更新任务...
2026-07-22 12:28:00.206 | INFO     | N/A | ⏳ 等待 Profile 更新任务...
2026-07-22 12:28:05.229 | INFO     | N/A | ⏳ 等待 Profile 更新任务...
2026-07-22 12:28:10.252 | INFO     | N/A | ⏳ 等待 Profile 更新任务...
2026-07-22 12:28:15.275 | INFO     | N/A | ⏳ 等待 Profile 更新任务...
2026-07-22 12:28:20.299 | INFO     | N/A | ⏳ 等待 Profile 更新任务...
2026-07-22 12:28:25.322 | INFO     | N/A | ⏳ 等待 Profile 更新任务...
2026-07-22 12:28:30.345 | INFO     | N/A | ⏳ 等待 Profile 更新任务...
2026-07-22 12:28:35.368 | INFO     | N/A | ⏳ 等待 Profile 更新任务...
2026-07-22 12:28:40.391 | INFO     | N/A | ⏳ 等待 Profile 更新任务...
2026-07-22 12:28:45.413 | INFO     | N/A | ⏳ 等待 Profile 更新任务...
2026-07-22 12:28:50.437 | INFO     | N/A | ⏳ 等待 Profile 更新任务...
2026-07-22 12:28:55.461 | INFO     | N/A | ⏳ 等待 Profile 更新任务...
2026-07-22 12:29:00.508 | INFO     | N/A | ⏳ 等待 Profile 更新任务...
2026-07-22 12:29:05.534 | INFO     | N/A | ⏳ 等待 Profile 更新任务...
2026-07-22 12:29:10.556 | INFO     | N/A | ⏳ 等待 Profile 更新任务...
2026-07-22 12:29:15.578 | INFO     | N/A | ⏳ 等待 Profile 更新任务...
2026-07-22 12:29:20.604 | INFO     | N/A | ⏳ 等待 Profile 更新任务...
2026-07-22 12:29:25.628 | INFO     | N/A | ⏳ 等待 Profile 更新任务...
2026-07-22 12:29:30.655 | INFO     | N/A | ⏳ 等待 Profile 更新任务...
2026-07-22 12:29:35.678 | INFO     | N/A | ⏳ 等待 Profile 更新任务...
2026-07-22 12:29:40.702 | INFO     | N/A | ⏳ 等待 Profile 更新任务...
2026-07-22 12:29:45.755 | INFO     | N/A | ⏳ 等待 Profile 更新任务...
2026-07-22 12:29:50.780 | INFO     | N/A | ⏳ 等待 Profile 更新任务...
2026-07-22 12:29:55.809 | INFO     | N/A | ⏳ 等待 Profile 更新任务...
2026-07-22 12:30:00.841 | INFO     | N/A | ⏳ 等待 Profile 更新任务...
2026-07-22 12:30:05.868 | INFO     | N/A | ⏳ 等待 Profile 更新任务...
2026-07-22 12:30:10.890 | INFO     | N/A | ⏳ 等待 Profile 更新任务...
2026-07-22 12:30:15.913 | INFO     | N/A | ⏳ 等待 Profile 更新任务...
2026-07-22 12:30:20.934 | INFO     | N/A | ⏳ 等待 Profile 更新任务...
2026-07-22 12:30:25.959 | INFO     | N/A | ⏳ 等待 Profile 更新任务...
2026-07-22 12:30:30.992 | INFO     | N/A | ⏳ 等待 Profile 更新任务...
2026-07-22 12:30:36.016 | INFO     | N/A | ⏳ 等待 Profile 更新任务...
2026-07-22 12:30:41.038 | INFO     | N/A | ⏳ 等待 Profile 更新任务...
2026-07-22 12:30:46.060 | INFO     | N/A | ⏳ 等待 Profile 更新任务...
2026-07-22 12:30:51.082 | INFO     | N/A | ⏳ 等待 Profile 更新任务...
2026-07-22 12:30:56.104 | INFO     | N/A | ⏳ 等待 Profile 更新任务...
2026-07-22 12:31:01.135 | INFO     | N/A | ⏳ 等待 Profile 更新任务...
2026-07-22 12:31:06.160 | INFO     | N/A | ⏳ 等待 Profile 更新任务...
2026-07-22 12:31:11.184 | INFO     | N/A | ⏳ 等待 Profile 更新任务...
2026-07-22 12:31:16.206 | INFO     | N/A | ⏳ 等待 Profile 更新任务...
2026-07-22 12:31:21.233 | INFO     | N/A | ⏳ 等待 Profile 更新任务...
2026-07-22 12:31:26.253 | INFO     | N/A | ⏳ 等待 Profile 更新任务...
2026-07-22 12:31:31.283 | INFO     | N/A | ⏳ 等待 Profile 更新任务...
2026-07-22 12:31:36.306 | INFO     | N/A | ⏳ 等待 Profile 更新任务...
2026-07-22 12:31:41.328 | INFO     | N/A | ⏳ 等待 Profile 更新任务...
2026-07-22 12:31:46.353 | INFO     | N/A | ⏳ 等待 Profile 更新任务...
2026-07-22 12:31:51.376 | INFO     | N/A | ⏳ 等待 Profile 更新任务...
2026-07-22 12:31:56.397 | INFO     | N/A | ⏳ 等待 Profile 更新任务...
2026-07-22 12:32:01.423 | INFO     | N/A | ⏳ 等待 Profile 更新任务...
2026-07-22 12:32:06.447 | INFO     | N/A | ⏳ 等待 Profile 更新任务...
2026-07-22 12:32:11.471 | INFO     | N/A | ⏳ 等待 Profile 更新任务...
2026-07-22 12:32:16.494 | INFO     | N/A | ⏳ 等待 Profile 更新任务...
2026-07-22 12:32:21.519 | INFO     | N/A | ⏳ 等待 Profile 更新任务...
2026-07-22 12:32:26.544 | INFO     | N/A | ⏳ 等待 Profile 更新任务...
2026-07-22 12:32:31.570 | INFO     | N/A | ⏳ 等待 Profile 更新任务...
2026-07-22 12:32:36.593 | INFO     | N/A | ⏳ 等待 Profile 更新任务...
2026-07-22 12:32:41.620 | INFO     | N/A | ⏳ 等待 Profile 更新任务...
2026-07-22 12:32:46.641 | INFO     | N/A | ⏳ 等待 Profile 更新任务...
2026-07-22 12:32:51.666 | INFO     | N/A | ⏳ 等待 Profile 更新任务...
2026-07-22 12:32:56.687 | INFO     | N/A | ⏳ 等待 Profile 更新任务...
2026-07-22 12:33:01.711 | INFO     | N/A | ⏳ 等待 Profile 更新任务...
2026-07-22 12:33:06.731 | INFO     | N/A | ⏳ 等待 Profile 更新任务...
2026-07-22 12:33:11.755 | INFO     | N/A | ⏳ 等待 Profile 更新任务...
2026-07-22 12:33:16.777 | INFO     | N/A | ⏳ 等待 Profile 更新任务...
2026-07-22 12:33:21.799 | INFO     | N/A | ⏳ 等待 Profile 更新任务...
2026-07-22 12:33:26.822 | INFO     | N/A | ⏳ 等待 Profile 更新任务...
2026-07-22 12:33:31.847 | INFO     | N/A | ⏳ 等待 Profile 更新任务...
2026-07-22 12:33:36.871 | INFO     | N/A | ⏳ 等待 Profile 更新任务...
2026-07-22 12:33:41.895 | INFO     | N/A | ⏳ 等待 Profile 更新任务...
2026-07-22 12:33:46.919 | INFO     | N/A | ⏳ 等待 Profile 更新任务...
2026-07-22 12:33:51.943 | INFO     | N/A | ⏳ 等待 Profile 更新任务...
2026-07-22 12:33:56.966 | INFO     | N/A | ⏳ 等待 Profile 更新任务...
2026-07-22 12:34:01.994 | INFO     | N/A | ⏳ 等待 Profile 更新任务...
2026-07-22 12:34:07.019 | INFO     | N/A | ⏳ 等待 Profile 更新任务...
2026-07-22 12:34:12.044 | INFO     | N/A | ⏳ 等待 Profile 更新任务...
2026-07-22 12:34:17.067 | INFO     | N/A | ⏳ 等待 Profile 更新任务...
2026-07-22 12:34:22.092 | INFO     | N/A | ⏳ 等待 Profile 更新任务...
2026-07-22 12:34:27.117 | INFO     | N/A | ⏳ 等待 Profile 更新任务...
2026-07-22 12:34:32.142 | INFO     | N/A | ⏳ 等待 Profile 更新任务...
2026-07-22 12:34:37.163 | INFO     | N/A | ⏳ 等待 Profile 更新任务...
2026-07-22 12:34:42.184 | INFO     | N/A | ⏳ 等待 Profile 更新任务...
2026-07-22 12:34:47.205 | INFO     | N/A | ⏳ 等待 Profile 更新任务...
2026-07-22 12:34:52.230 | INFO     | N/A | ⏳ 等待 Profile 更新任务...
2026-07-22 12:34:57.255 | INFO     | N/A | ⏳ 等待 Profile 更新任务...
2026-07-22 12:35:02.281 | INFO     | N/A | ⏳ 等待 Profile 更新任务...
2026-07-22 12:35:07.304 | INFO     | N/A | ⏳ 等待 Profile 更新任务...
2026-07-22 12:35:12.328 | INFO     | N/A | ⏳ 等待 Profile 更新任务...
2026-07-22 12:35:17.349 | INFO     | N/A | ⏳ 等待 Profile 更新任务...
2026-07-22 12:35:22.371 | INFO     | N/A | ⏳ 等待 Profile 更新任务...
2026-07-22 12:35:27.385 | INFO     | N/A | ⏳ 等待 Profile 更新任务...
2026-07-22 12:35:32.422 | INFO     | N/A | ⏳ 等待 Profile 更新任务...
2026-07-22 12:35:37.446 | INFO     | N/A | ⏳ 等待 Profile 更新任务...
2026-07-22 12:35:42.468 | INFO     | N/A | ⏳ 等待 Profile 更新任务...
2026-07-22 12:35:47.491 | INFO     | N/A | ⏳ 等待 Profile 更新任务...
2026-07-22 12:35:52.511 | INFO     | N/A | ⏳ 等待 Profile 更新任务...
2026-07-22 12:35:57.537 | INFO     | N/A | ⏳ 等待 Profile 更新任务...
2026-07-22 12:36:02.563 | INFO     | N/A | ⏳ 等待 Profile 更新任务...
2026-07-22 12:36:07.584 | INFO     | N/A | ⏳ 等待 Profile 更新任务...
2026-07-22 12:36:12.606 | INFO     | N/A | ⏳ 等待 Profile 更新任务...
2026-07-22 12:36:17.629 | INFO     | N/A | ⏳ 等待 Profile 更新任务...
2026-07-22 12:36:22.650 | INFO     | N/A | ⏳ 等待 Profile 更新任务...
2026-07-22 12:36:27.677 | INFO     | N/A | ⏳ 等待 Profile 更新任务...
2026-07-22 12:36:32.700 | INFO     | N/A | ⏳ 等待 Profile 更新任务...
2026-07-22 12:36:37.728 | INFO     | N/A | ⏳ 等待 Profile 更新任务...
2026-07-22 12:36:42.755 | INFO     | N/A | ⏳ 等待 Profile 更新任务...
2026-07-22 12:36:47.779 | INFO     | N/A | ⏳ 等待 Profile 更新任务...
2026-07-22 12:36:52.803 | INFO     | N/A | ⏳ 等待 Profile 更新任务...
2026-07-22 12:36:57.828 | INFO     | N/A | ⏳ 等待 Profile 更新任务...
2026-07-22 12:37:02.854 | INFO     | N/A | ⏳ 等待 Profile 更新任务...
2026-07-22 12:37:07.876 | INFO     | N/A | ⏳ 等待 Profile 更新任务...
2026-07-22 12:37:12.901 | INFO     | N/A | ⏳ 等待 Profile 更新任务...
2026-07-22 12:37:17.924 | INFO     | N/A | ⏳ 等待 Profile 更新任务...
2026-07-22 12:37:22.950 | INFO     | N/A | ⏳ 等待 Profile 更新任务...
2026-07-22 12:37:27.977 | INFO     | N/A | ⏳ 等待 Profile 更新任务...
2026-07-22 12:37:33.004 | INFO     | N/A | ⏳ 等待 Profile 更新任务...
2026-07-22 12:37:38.029 | INFO     | N/A | ⏳ 等待 Profile 更新任务...
2026-07-22 12:37:43.054 | INFO     | N/A | ⏳ 等待 Profile 更新任务...
2026-07-22 12:37:48.077 | INFO     | N/A | ⏳ 等待 Profile 更新任务...
2026-07-22 12:37:53.099 | INFO     | N/A | ⏳ 等待 Profile 更新任务...
2026-07-22 12:37:58.125 | INFO     | N/A | ⏳ 等待 Profile 更新任务...
2026-07-22 12:38:03.148 | INFO     | N/A | ⏳ 等待 Profile 更新任务...
2026-07-22 12:38:08.171 | INFO     | N/A | ⏳ 等待 Profile 更新任务...
2026-07-22 12:38:13.193 | INFO     | N/A | ⏳ 等待 Profile 更新任务...
2026-07-22 12:38:18.216 | INFO     | N/A | ⏳ 等待 Profile 更新任务...
2026-07-22 12:38:23.240 | INFO     | N/A | ⏳ 等待 Profile 更新任务...
2026-07-22 12:38:28.266 | INFO     | N/A | ⏳ 等待 Profile 更新任务...
2026-07-22 12:38:33.291 | INFO     | N/A | ⏳ 等待 Profile 更新任务...
2026-07-22 12:38:38.315 | INFO     | N/A | ⏳ 等待 Profile 更新任务...
2026-07-22 12:38:43.337 | INFO     | N/A | ⏳ 等待 Profile 更新任务...
2026-07-22 12:38:48.359 | INFO     | N/A | ⏳ 等待 Profile 更新任务...
2026-07-22 12:38:53.384 | INFO     | N/A | ⏳ 等待 Profile 更新任务...
2026-07-22 12:38:58.409 | INFO     | N/A | ⏳ 等待 Profile 更新任务...
2026-07-22 12:39:03.432 | INFO     | N/A | ⏳ 等待 Profile 更新任务...
2026-07-22 12:39:08.454 | INFO     | N/A | ⏳ 等待 Profile 更新任务...
2026-07-22 12:39:13.479 | INFO     | N/A | ⏳ 等待 Profile 更新任务...
2026-07-22 12:39:18.500 | INFO     | N/A | ⏳ 等待 Profile 更新任务...
2026-07-22 12:39:23.524 | INFO     | N/A | ⏳ 等待 Profile 更新任务...
2026-07-22 12:39:28.577 | INFO     | N/A | ⏳ 等待 Profile 更新任务...
2026-07-22 12:39:33.601 | INFO     | N/A | ⏳ 等待 Profile 更新任务...
2026-07-22 12:39:38.626 | INFO     | N/A | ⏳ 等待 Profile 更新任务...
2026-07-22 12:39:43.652 | INFO     | N/A | ⏳ 等待 Profile 更新任务...
2026-07-22 12:39:48.677 | INFO     | N/A | ⏳ 等待 Profile 更新任务...
2026-07-22 12:39:53.698 | INFO     | N/A | ⏳ 等待 Profile 更新任务...
2026-07-22 12:39:58.729 | INFO     | N/A | ⏳ 等待 Profile 更新任务...
2026-07-22 12:40:03.755 | INFO     | N/A | ⏳ 等待 Profile 更新任务...
2026-07-22 12:40:08.778 | INFO     | N/A | ⏳ 等待 Profile 更新任务...
2026-07-22 12:40:13.800 | INFO     | N/A | ⏳ 等待 Profile 更新任务...
2026-07-22 12:40:18.826 | INFO     | N/A | ⏳ 等待 Profile 更新任务...
2026-07-22 12:40:23.850 | INFO     | N/A | ⏳ 等待 Profile 更新任务...
2026-07-22 12:40:28.875 | INFO     | N/A | ⏳ 等待 Profile 更新任务...
2026-07-22 12:40:33.900 | INFO     | N/A | ⏳ 等待 Profile 更新任务...
2026-07-22 12:40:38.922 | INFO     | N/A | ⏳ 等待 Profile 更新任务...
2026-07-22 12:40:43.946 | INFO     | N/A | ⏳ 等待 Profile 更新任务...
2026-07-22 12:40:48.967 | INFO     | N/A | ⏳ 等待 Profile 更新任务...
2026-07-22 12:40:53.989 | INFO     | N/A | ⏳ 等待 Profile 更新任务...
2026-07-22 12:40:59.019 | INFO     | N/A | ⏳ 等待 Profile 更新任务...
2026-07-22 12:41:04.042 | INFO     | N/A | ⏳ 等待 Profile 更新任务...
2026-07-22 12:41:09.063 | INFO     | N/A | ⏳ 等待 Profile 更新任务...
2026-07-22 12:41:14.087 | INFO     | N/A | ⏳ 等待 Profile 更新任务...
2026-07-22 12:41:19.110 | INFO     | N/A | ⏳ 等待 Profile 更新任务...
2026-07-22 12:41:24.136 | INFO     | N/A | ⏳ 等待 Profile 更新任务...
2026-07-22 12:41:29.166 | INFO     | N/A | ⏳ 等待 Profile 更新任务...
2026-07-22 12:41:34.191 | INFO     | N/A | ⏳ 等待 Profile 更新任务...
2026-07-22 12:41:39.214 | INFO     | N/A | ⏳ 等待 Profile 更新任务...
2026-07-22 12:41:44.237 | INFO     | N/A | ⏳ 等待 Profile 更新任务...
2026-07-22 12:41:49.260 | INFO     | N/A | ⏳ 等待 Profile 更新任务...
2026-07-22 12:41:54.284 | INFO     | N/A | ⏳ 等待 Profile 更新任务...
2026-07-22 12:41:59.307 | INFO     | N/A | ⏳ 等待 Profile 更新任务...
2026-07-22 12:42:04.328 | INFO     | N/A | ⏳ 等待 Profile 更新任务...
2026-07-22 12:42:09.349 | INFO     | N/A | ⏳ 等待 Profile 更新任务...
2026-07-22 12:42:14.371 | INFO     | N/A | ⏳ 等待 Profile 更新任务...
2026-07-22 12:42:19.393 | INFO     | N/A | ⏳ 等待 Profile 更新任务...
2026-07-22 12:42:24.417 | INFO     | N/A | ⏳ 等待 Profile 更新任务...
2026-07-22 12:42:29.446 | INFO     | N/A | ⏳ 等待 Profile 更新任务...
2026-07-22 12:42:34.471 | INFO     | N/A | ⏳ 等待 Profile 更新任务...
2026-07-22 12:42:39.496 | INFO     | N/A | ⏳ 等待 Profile 更新任务...
2026-07-22 12:42:44.520 | INFO     | N/A | ⏳ 等待 Profile 更新任务...
2026-07-22 12:42:49.544 | INFO     | N/A | ⏳ 等待 Profile 更新任务...
2026-07-22 12:42:54.567 | INFO     | N/A | ⏳ 等待 Profile 更新任务...
2026-07-22 12:42:59.592 | INFO     | N/A | ⏳ 等待 Profile 更新任务...
2026-07-22 12:43:04.615 | INFO     | N/A | ⏳ 等待 Profile 更新任务...
2026-07-22 12:43:09.638 | INFO     | N/A | ⏳ 等待 Profile 更新任务...
2026-07-22 12:43:14.659 | INFO     | N/A | ⏳ 等待 Profile 更新任务...
2026-07-22 12:43:19.679 | INFO     | N/A | ⏳ 等待 Profile 更新任务...
2026-07-22 12:43:24.707 | INFO     | N/A | ⏳ 等待 Profile 更新任务...
2026-07-22 12:43:29.729 | INFO     | N/A | ⏳ 等待 Profile 更新任务...
2026-07-22 12:43:34.751 | INFO     | N/A | ⏳ 等待 Profile 更新任务...
2026-07-22 12:43:39.775 | INFO     | N/A | ⏳ 等待 Profile 更新任务...
2026-07-22 12:43:44.798 | INFO     | N/A | ⏳ 等待 Profile 更新任务...
2026-07-22 12:43:49.821 | INFO     | N/A | ⏳ 等待 Profile 更新任务...
2026-07-22 12:43:54.844 | INFO     | N/A | ⏳ 等待 Profile 更新任务...
2026-07-22 12:43:59.871 | INFO     | N/A | ⏳ 等待 Profile 更新任务...
2026-07-22 12:44:04.895 | INFO     | N/A | ⏳ 等待 Profile 更新任务...
2026-07-22 12:44:09.920 | INFO     | N/A | ⏳ 等待 Profile 更新任务...
2026-07-22 12:44:14.943 | INFO     | N/A | ⏳ 等待 Profile 更新任务...
2026-07-22 12:44:19.966 | INFO     | N/A | ⏳ 等待 Profile 更新任务...
2026-07-22 12:44:24.989 | INFO     | N/A | ⏳ 等待 Profile 更新任务...
2026-07-22 12:44:30.020 | INFO     | N/A | ⏳ 等待 Profile 更新任务...
2026-07-22 12:44:35.044 | INFO     | N/A | ⏳ 等待 Profile 更新任务...
2026-07-22 12:44:40.066 | INFO     | N/A | ⏳ 等待 Profile 更新任务...
2026-07-22 12:44:45.089 | INFO     | N/A | ⏳ 等待 Profile 更新任务...
2026-07-22 12:44:50.112 | INFO     | N/A | ⏳ 等待 Profile 更新任务...
2026-07-22 12:44:55.134 | INFO     | N/A | ⏳ 等待 Profile 更新任务...
2026-07-22 12:45:00.161 | INFO     | N/A | ⏳ 等待 Profile 更新任务...
2026-07-22 12:45:05.183 | INFO     | N/A | ⏳ 等待 Profile 更新任务...
2026-07-22 12:45:10.207 | INFO     | N/A | ⏳ 等待 Profile 更新任务...
2026-07-22 12:45:15.229 | INFO     | N/A | ⏳ 等待 Profile 更新任务...
2026-07-22 12:45:20.252 | INFO     | N/A | ⏳ 等待 Profile 更新任务...
2026-07-22 12:45:25.275 | INFO     | N/A | ⏳ 等待 Profile 更新任务...
2026-07-22 12:45:30.301 | INFO     | N/A | ⏳ 等待 Profile 更新任务...
2026-07-22 12:45:35.324 | INFO     | N/A | ⏳ 等待 Profile 更新任务...
2026-07-22 12:45:40.346 | INFO     | N/A | ⏳ 等待 Profile 更新任务...
2026-07-22 12:45:45.369 | INFO     | N/A | ⏳ 等待 Profile 更新任务...
2026-07-22 12:45:50.392 | INFO     | N/A | ⏳ 等待 Profile 更新任务...
2026-07-22 12:45:55.415 | INFO     | N/A | ⏳ 等待 Profile 更新任务...
2026-07-22 12:46:00.442 | INFO     | N/A | ⏳ 等待 Profile 更新任务...
2026-07-22 12:46:05.465 | INFO     | N/A | ⏳ 等待 Profile 更新任务...
2026-07-22 12:46:10.491 | INFO     | N/A | ⏳ 等待 Profile 更新任务...
2026-07-22 12:46:15.515 | INFO     | N/A | ⏳ 等待 Profile 更新任务...
2026-07-22 12:46:20.540 | INFO     | N/A | ⏳ 等待 Profile 更新任务...
2026-07-22 12:46:25.563 | INFO     | N/A | ⏳ 等待 Profile 更新任务...
2026-07-22 12:46:30.587 | INFO     | N/A | ⏳ 等待 Profile 更新任务...
2026-07-22 12:46:35.610 | INFO     | N/A | ⏳ 等待 Profile 更新任务...
2026-07-22 12:46:40.635 | INFO     | N/A | ⏳ 等待 Profile 更新任务...
2026-07-22 12:46:45.661 | INFO     | N/A | ⏳ 等待 Profile 更新任务...
2026-07-22 12:46:50.682 | INFO     | N/A | ⏳ 等待 Profile 更新任务...
2026-07-22 12:46:55.705 | INFO     | N/A | ⏳ 等待 Profile 更新任务...
2026-07-22 12:47:00.732 | INFO     | N/A | ⏳ 等待 Profile 更新任务...
2026-07-22 12:47:05.755 | INFO     | N/A | ⏳ 等待 Profile 更新任务...
2026-07-22 12:47:10.779 | INFO     | N/A | ⏳ 等待 Profile 更新任务...
2026-07-22 12:47:15.801 | INFO     | N/A | ⏳ 等待 Profile 更新任务...
2026-07-22 12:47:20.824 | INFO     | N/A | ⏳ 等待 Profile 更新任务...
2026-07-22 12:47:25.847 | INFO     | N/A | ⏳ 等待 Profile 更新任务...
2026-07-22 12:47:30.873 | INFO     | N/A | ⏳ 等待 Profile 更新任务...
2026-07-22 12:47:35.899 | INFO     | N/A | ⏳ 等待 Profile 更新任务...
2026-07-22 12:47:40.922 | INFO     | N/A | ⏳ 等待 Profile 更新任务...
2026-07-22 12:47:45.946 | INFO     | N/A | ⏳ 等待 Profile 更新任务...
2026-07-22 12:47:50.969 | INFO     | N/A | ⏳ 等待 Profile 更新任务...
2026-07-22 12:47:55.991 | INFO     | N/A | ⏳ 等待 Profile 更新任务...
2026-07-22 12:48:01.017 | INFO     | N/A | ⏳ 等待 Profile 更新任务...
2026-07-22 12:48:06.039 | INFO     | N/A | ⏳ 等待 Profile 更新任务...
2026-07-22 12:48:11.063 | INFO     | N/A | ⏳ 等待 Profile 更新任务...
2026-07-22 12:48:16.086 | INFO     | N/A | ⏳ 等待 Profile 更新任务...
2026-07-22 12:48:21.107 | INFO     | N/A | ⏳ 等待 Profile 更新任务...
2026-07-22 12:48:26.130 | INFO     | N/A | ⏳ 等待 Profile 更新任务...
2026-07-22 12:48:31.155 | INFO     | N/A | ⏳ 等待 Profile 更新任务...
2026-07-22 12:48:36.178 | INFO     | N/A | ⏳ 等待 Profile 更新任务...
2026-07-22 12:48:41.201 | INFO     | N/A | ⏳ 等待 Profile 更新任务...
2026-07-22 12:48:46.225 | INFO     | N/A | ⏳ 等待 Profile 更新任务...
2026-07-22 12:48:51.250 | INFO     | N/A | ⏳ 等待 Profile 更新任务...
2026-07-22 12:48:56.273 | INFO     | N/A | ⏳ 等待 Profile 更新任务...
2026-07-22 12:49:01.298 | INFO     | N/A | ⏳ 等待 Profile 更新任务...
2026-07-22 12:49:06.322 | INFO     | N/A | ⏳ 等待 Profile 更新任务...
2026-07-22 12:49:11.347 | INFO     | N/A | ⏳ 等待 Profile 更新任务...
2026-07-22 12:49:16.369 | INFO     | N/A | ⏳ 等待 Profile 更新任务...
2026-07-22 12:49:21.391 | INFO     | N/A | ⏳ 等待 Profile 更新任务...
2026-07-22 12:49:26.420 | INFO     | N/A | ⏳ 等待 Profile 更新任务...
2026-07-22 12:49:31.446 | INFO     | N/A | ⏳ 等待 Profile 更新任务...
2026-07-22 12:49:36.471 | INFO     | N/A | ⏳ 等待 Profile 更新任务...
2026-07-22 12:49:41.495 | INFO     | N/A | ⏳ 等待 Profile 更新任务...
2026-07-22 12:49:46.519 | INFO     | N/A | ⏳ 等待 Profile 更新任务...
2026-07-22 12:49:51.541 | INFO     | N/A | ⏳ 等待 Profile 更新任务...
2026-07-22 12:49:56.567 | INFO     | N/A | ⏳ 等待 Profile 更新任务...
2026-07-22 12:50:01.598 | INFO     | N/A | ⏳ 等待 Profile 更新任务...
2026-07-22 12:50:06.621 | INFO     | N/A | ⏳ 等待 Profile 更新任务...
2026-07-22 12:50:11.644 | INFO     | N/A | ⏳ 等待 Profile 更新任务...
2026-07-22 12:50:16.670 | INFO     | N/A | ⏳ 等待 Profile 更新任务...
2026-07-22 12:50:21.691 | INFO     | N/A | ⏳ 等待 Profile 更新任务...
2026-07-22 12:50:26.716 | INFO     | N/A | ⏳ 等待 Profile 更新任务...
2026-07-22 12:50:31.741 | INFO     | N/A | ⏳ 等待 Profile 更新任务...
2026-07-22 12:50:36.765 | INFO     | N/A | ⏳ 等待 Profile 更新任务...
2026-07-22 12:50:41.788 | INFO     | N/A | ⏳ 等待 Profile 更新任务...
2026-07-22 12:50:46.814 | INFO     | N/A | ⏳ 等待 Profile 更新任务...
2026-07-22 12:50:51.839 | INFO     | N/A | ⏳ 等待 Profile 更新任务...
2026-07-22 12:50:56.863 | INFO     | N/A | ⏳ 等待 Profile 更新任务...
2026-07-22 12:51:01.889 | INFO     | N/A | ⏳ 等待 Profile 更新任务...
2026-07-22 12:51:06.911 | INFO     | N/A | ⏳ 等待 Profile 更新任务...
2026-07-22 12:51:11.935 | INFO     | N/A | ⏳ 等待 Profile 更新任务...
2026-07-22 12:51:16.960 | INFO     | N/A | ⏳ 等待 Profile 更新任务...
2026-07-22 12:51:21.984 | INFO     | N/A | ⏳ 等待 Profile 更新任务...
2026-07-22 12:51:27.009 | INFO     | N/A | ⏳ 等待 Profile 更新任务...
2026-07-22 12:51:32.036 | INFO     | N/A | ⏳ 等待 Profile 更新任务...
2026-07-22 12:51:37.062 | INFO     | N/A | ⏳ 等待 Profile 更新任务...
2026-07-22 12:51:42.087 | INFO     | N/A | ⏳ 等待 Profile 更新任务...
2026-07-22 12:51:47.112 | INFO     | N/A | ⏳ 等待 Profile 更新任务...
2026-07-22 12:51:52.137 | INFO     | N/A | ⏳ 等待 Profile 更新任务...
2026-07-22 12:51:57.160 | INFO     | N/A | ⏳ 等待 Profile 更新任务...
2026-07-22 12:52:02.186 | INFO     | N/A | ⏳ 等待 Profile 更新任务...
2026-07-22 12:52:07.211 | INFO     | N/A | ⏳ 等待 Profile 更新任务...
2026-07-22 12:52:12.234 | INFO     | N/A | ⏳ 等待 Profile 更新任务...
2026-07-22 12:52:17.258 | INFO     | N/A | ⏳ 等待 Profile 更新任务...
2026-07-22 12:52:22.280 | INFO     | N/A | ⏳ 等待 Profile 更新任务...
2026-07-22 12:52:27.303 | INFO     | N/A | ⏳ 等待 Profile 更新任务...
2026-07-22 12:52:32.334 | INFO     | N/A | ⏳ 等待 Profile 更新任务...
2026-07-22 12:52:37.358 | INFO     | N/A | ⏳ 等待 Profile 更新任务...
2026-07-22 12:52:42.381 | INFO     | N/A | ⏳ 等待 Profile 更新任务...
2026-07-22 12:52:47.404 | INFO     | N/A | ⏳ 等待 Profile 更新任务...
2026-07-22 12:52:52.428 | INFO     | N/A | ⏳ 等待 Profile 更新任务...
2026-07-22 12:52:57.451 | INFO     | N/A | ⏳ 等待 Profile 更新任务...
2026-07-22 12:53:02.475 | INFO     | N/A | ⏳ 等待 Profile 更新任务...
2026-07-22 12:53:07.500 | INFO     | N/A | ⏳ 等待 Profile 更新任务...
2026-07-22 12:53:12.525 | INFO     | N/A | ⏳ 等待 Profile 更新任务...
2026-07-22 12:53:17.550 | INFO     | N/A | ⏳ 等待 Profile 更新任务...
2026-07-22 12:53:22.572 | INFO     | N/A | ⏳ 等待 Profile 更新任务...
2026-07-22 12:53:27.594 | INFO     | N/A | ⏳ 等待 Profile 更新任务...
2026-07-22 12:53:32.619 | INFO     | N/A | ⏳ 等待 Profile 更新任务...
2026-07-22 12:53:37.646 | INFO     | N/A | ⏳ 等待 Profile 更新任务...
2026-07-22 12:53:42.669 | INFO     | N/A | ⏳ 等待 Profile 更新任务...
2026-07-22 12:53:47.692 | INFO     | N/A | ⏳ 等待 Profile 更新任务...
2026-07-22 12:53:52.717 | INFO     | N/A | ⏳ 等待 Profile 更新任务...
2026-07-22 12:53:57.740 | INFO     | N/A | ⏳ 等待 Profile 更新任务...
2026-07-22 12:54:02.768 | INFO     | N/A | ⏳ 等待 Profile 更新任务...
2026-07-22 12:54:07.793 | INFO     | N/A | ⏳ 等待 Profile 更新任务...
2026-07-22 12:54:12.816 | INFO     | N/A | ⏳ 等待 Profile 更新任务...
2026-07-22 12:54:17.840 | INFO     | N/A | ⏳ 等待 Profile 更新任务...
2026-07-22 12:54:22.864 | INFO     | N/A | ⏳ 等待 Profile 更新任务...
2026-07-22 12:54:27.886 | INFO     | N/A | ⏳ 等待 Profile 更新任务...
2026-07-22 12:54:32.915 | INFO     | N/A | ⏳ 等待 Profile 更新任务...
2026-07-22 12:54:37.936 | INFO     | N/A | ⏳ 等待 Profile 更新任务...
2026-07-22 12:54:42.962 | INFO     | N/A | ⏳ 等待 Profile 更新任务...
2026-07-22 12:54:47.984 | INFO     | N/A | ⏳ 等待 Profile 更新任务...
2026-07-22 12:54:53.009 | INFO     | N/A | ⏳ 等待 Profile 更新任务...
2026-07-22 12:54:58.031 | INFO     | N/A | ⏳ 等待 Profile 更新任务...
2026-07-22 12:55:03.060 | INFO     | N/A | ⏳ 等待 Profile 更新任务...
2026-07-22 12:55:08.084 | INFO     | N/A | ⏳ 等待 Profile 更新任务...
2026-07-22 12:55:13.110 | INFO     | N/A | ⏳ 等待 Profile 更新任务...
2026-07-22 12:55:18.134 | INFO     | N/A | ⏳ 等待 Profile 更新任务...
2026-07-22 12:55:23.157 | INFO     | N/A | ⏳ 等待 Profile 更新任务...
2026-07-22 12:55:28.213 | INFO     | N/A | ⏳ 等待 Profile 更新任务...
2026-07-22 12:55:33.238 | INFO     | N/A | ⏳ 等待 Profile 更新任务...
2026-07-22 12:55:38.261 | INFO     | N/A | ⏳ 等待 Profile 更新任务...
2026-07-22 12:55:43.285 | INFO     | N/A | ⏳ 等待 Profile 更新任务...
2026-07-22 12:55:48.308 | INFO     | N/A | ⏳ 等待 Profile 更新任务...
2026-07-22 12:55:53.334 | INFO     | N/A | ⏳ 等待 Profile 更新任务...
2026-07-22 12:55:58.358 | INFO     | N/A | ⏳ 等待 Profile 更新任务...
2026-07-22 12:56:03.385 | INFO     | N/A | ⏳ 等待 Profile 更新任务...
2026-07-22 12:56:08.410 | INFO     | N/A | ⏳ 等待 Profile 更新任务...
2026-07-22 12:56:13.437 | INFO     | N/A | ⏳ 等待 Profile 更新任务...
2026-07-22 12:56:18.461 | INFO     | N/A | ⏳ 等待 Profile 更新任务...
2026-07-22 12:56:23.486 | INFO     | N/A | ⏳ 等待 Profile 更新任务...
2026-07-22 12:56:28.508 | INFO     | N/A | ⏳ 等待 Profile 更新任务...
2026-07-22 12:56:33.534 | INFO     | N/A | ⏳ 等待 Profile 更新任务...
2026-07-22 12:56:38.559 | INFO     | N/A | ⏳ 等待 Profile 更新任务...
2026-07-22 12:56:43.581 | INFO     | N/A | ⏳ 等待 Profile 更新任务...
2026-07-22 12:56:48.603 | INFO     | N/A | ⏳ 等待 Profile 更新任务...
2026-07-22 12:56:53.629 | INFO     | N/A | ⏳ 等待 Profile 更新任务...
2026-07-22 12:56:58.650 | INFO     | N/A | ⏳ 等待 Profile 更新任务...
2026-07-22 12:57:03.679 | INFO     | N/A | ⏳ 等待 Profile 更新任务...
2026-07-22 12:57:08.703 | INFO     | N/A | ⏳ 等待 Profile 更新任务...
2026-07-22 12:57:13.726 | INFO     | N/A | ⏳ 等待 Profile 更新任务...
2026-07-22 12:57:18.749 | INFO     | N/A | ⏳ 等待 Profile 更新任务...
2026-07-22 12:57:23.772 | INFO     | N/A | ⏳ 等待 Profile 更新任务...
2026-07-22 12:57:28.795 | INFO     | N/A | ⏳ 等待 Profile 更新任务...
2026-07-22 12:57:33.825 | INFO     | N/A | ⏳ 等待 Profile 更新任务...
2026-07-22 12:57:38.847 | INFO     | N/A | ⏳ 等待 Profile 更新任务...
2026-07-22 12:57:43.873 | INFO     | N/A | ⏳ 等待 Profile 更新任务...
2026-07-22 12:57:48.896 | INFO     | N/A | ⏳ 等待 Profile 更新任务...
2026-07-22 12:57:53.920 | INFO     | N/A | ⏳ 等待 Profile 更新任务...
2026-07-22 12:57:58.942 | INFO     | N/A | ⏳ 等待 Profile 更新任务...
2026-07-22 12:58:03.970 | INFO     | N/A | ⏳ 等待 Profile 更新任务...
2026-07-22 12:58:08.994 | INFO     | N/A | ⏳ 等待 Profile 更新任务...
2026-07-22 12:58:14.015 | INFO     | N/A | ⏳ 等待 Profile 更新任务...
2026-07-22 12:58:19.039 | INFO     | N/A | ⏳ 等待 Profile 更新任务...
2026-07-22 12:58:24.064 | INFO     | N/A | ⏳ 等待 Profile 更新任务...
2026-07-22 12:58:29.087 | INFO     | N/A | ⏳ 等待 Profile 更新任务...
2026-07-22 12:58:34.115 | INFO     | N/A | ⏳ 等待 Profile 更新任务...
2026-07-22 12:58:39.138 | INFO     | N/A | ⏳ 等待 Profile 更新任务...
2026-07-22 12:58:44.160 | INFO     | N/A | ⏳ 等待 Profile 更新任务...
2026-07-22 12:58:49.186 | INFO     | N/A | ⏳ 等待 Profile 更新任务...
2026-07-22 12:58:54.210 | INFO     | N/A | ⏳ 等待 Profile 更新任务...
2026-07-22 12:58:59.233 | INFO     | N/A | ⏳ 等待 Profile 更新任务...
2026-07-22 12:59:04.260 | INFO     | N/A | ⏳ 等待 Profile 更新任务...
2026-07-22 12:59:09.309 | INFO     | N/A | ⏳ 等待 Profile 更新任务...
2026-07-22 12:59:14.333 | INFO     | N/A | ⏳ 等待 Profile 更新任务...
2026-07-22 12:59:19.360 | INFO     | N/A | ⏳ 等待 Profile 更新任务...
2026-07-22 12:59:24.384 | INFO     | N/A | ⏳ 等待 Profile 更新任务...
2026-07-22 12:59:29.408 | INFO     | N/A | ⏳ 等待 Profile 更新任务...
2026-07-22 12:59:34.437 | INFO     | N/A | ⏳ 等待 Profile 更新任务...
2026-07-22 12:59:39.459 | INFO     | N/A | ⏳ 等待 Profile 更新任务...
2026-07-22 12:59:44.483 | INFO     | N/A | ⏳ 等待 Profile 更新任务...
2026-07-22 12:59:49.508 | INFO     | N/A | ⏳ 等待 Profile 更新任务...
2026-07-22 12:59:54.534 | INFO     | N/A | ⏳ 等待 Profile 更新任务...
2026-07-22 12:59:59.557 | INFO     | N/A | ⏳ 等待 Profile 更新任务...
2026-07-22 13:00:04.587 | INFO     | N/A | ⏳ 等待 Profile 更新任务...
2026-07-22 13:00:09.610 | INFO     | N/A | ⏳ 等待 Profile 更新任务...
2026-07-22 13:00:14.633 | INFO     | N/A | ⏳ 等待 Profile 更新任务...
2026-07-22 13:00:19.657 | INFO     | N/A | ⏳ 等待 Profile 更新任务...
2026-07-22 13:00:24.681 | INFO     | N/A | ⏳ 等待 Profile 更新任务...
2026-07-22 13:00:29.708 | INFO     | N/A | ⏳ 等待 Profile 更新任务...
2026-07-22 13:00:34.736 | INFO     | N/A | ⏳ 等待 Profile 更新任务...
2026-07-22 13:00:39.761 | INFO     | N/A | ⏳ 等待 Profile 更新任务...
2026-07-22 13:00:44.785 | INFO     | N/A | ⏳ 等待 Profile 更新任务...
2026-07-22 13:00:49.810 | INFO     | N/A | ⏳ 等待 Profile 更新任务...
2026-07-22 13:00:54.833 | INFO     | N/A | ⏳ 等待 Profile 更新任务...
2026-07-22 13:00:59.860 | INFO     | N/A | ⏳ 等待 Profile 更新任务...
2026-07-22 13:01:04.889 | INFO     | N/A | ⏳ 等待 Profile 更新任务...
2026-07-22 13:01:09.915 | INFO     | N/A | ⏳ 等待 Profile 更新任务...
2026-07-22 13:01:14.940 | INFO     | N/A | ⏳ 等待 Profile 更新任务...
2026-07-22 13:01:19.962 | INFO     | N/A | ⏳ 等待 Profile 更新任务...
2026-07-22 13:01:24.988 | INFO     | N/A | ⏳ 等待 Profile 更新任务...
2026-07-22 13:01:30.015 | INFO     | N/A | ⏳ 等待 Profile 更新任务...
2026-07-22 13:01:35.043 | INFO     | N/A | ⏳ 等待 Profile 更新任务...
2026-07-22 13:01:40.069 | INFO     | N/A | ⏳ 等待 Profile 更新任务...
2026-07-22 13:01:45.093 | INFO     | N/A | ⏳ 等待 Profile 更新任务...
2026-07-22 13:01:50.117 | INFO     | N/A | ⏳ 等待 Profile 更新任务...
2026-07-22 13:01:55.141 | INFO     | N/A | ⏳ 等待 Profile 更新任务...
2026-07-22 13:02:00.168 | INFO     | N/A | ⏳ 等待 Profile 更新任务...
2026-07-22 13:02:05.197 | INFO     | N/A | ⏳ 等待 Profile 更新任务...
2026-07-22 13:02:10.220 | INFO     | N/A | ⏳ 等待 Profile 更新任务...
2026-07-22 13:02:15.242 | INFO     | N/A | ⏳ 等待 Profile 更新任务...
2026-07-22 13:02:20.267 | INFO     | N/A | ⏳ 等待 Profile 更新任务...
2026-07-22 13:02:25.293 | INFO     | N/A | ⏳ 等待 Profile 更新任务...
2026-07-22 13:02:30.317 | INFO     | N/A | ⏳ 等待 Profile 更新任务...
2026-07-22 13:02:35.346 | INFO     | N/A | ⏳ 等待 Profile 更新任务...
2026-07-22 13:02:40.368 | INFO     | N/A | ⏳ 等待 Profile 更新任务...
2026-07-22 13:02:45.392 | INFO     | N/A | ⏳ 等待 Profile 更新任务...
2026-07-22 13:02:50.415 | INFO     | N/A | ⏳ 等待 Profile 更新任务...
2026-07-22 13:02:55.437 | INFO     | N/A | ⏳ 等待 Profile 更新任务...
2026-07-22 13:03:00.468 | INFO     | N/A | ⏳ 等待 Profile 更新任务...
2026-07-22 13:03:05.491 | INFO     | N/A | ⏳ 等待 Profile 更新任务...
2026-07-22 13:03:10.518 | INFO     | N/A | ⏳ 等待 Profile 更新任务...
2026-07-22 13:03:15.540 | INFO     | N/A | ⏳ 等待 Profile 更新任务...
2026-07-22 13:03:20.564 | INFO     | N/A | ⏳ 等待 Profile 更新任务...
2026-07-22 13:03:25.586 | INFO     | N/A | ⏳ 等待 Profile 更新任务...
2026-07-22 13:03:30.608 | INFO     | N/A | ⏳ 等待 Profile 更新任务...
2026-07-22 13:03:35.635 | INFO     | N/A | ⏳ 等待 Profile 更新任务...
2026-07-22 13:03:40.659 | INFO     | N/A | ⏳ 等待 Profile 更新任务...
2026-07-22 13:03:45.682 | INFO     | N/A | ⏳ 等待 Profile 更新任务...
2026-07-22 13:03:50.705 | INFO     | N/A | ⏳ 等待 Profile 更新任务...
2026-07-22 13:03:55.731 | INFO     | N/A | ⏳ 等待 Profile 更新任务...
2026-07-22 13:04:00.753 | INFO     | N/A | ⏳ 等待 Profile 更新任务...
2026-07-22 13:04:05.778 | INFO     | N/A | ⏳ 等待 Profile 更新任务...
2026-07-22 13:04:10.803 | INFO     | N/A | ⏳ 等待 Profile 更新任务...
2026-07-22 13:04:15.828 | INFO     | N/A | ⏳ 等待 Profile 更新任务...
2026-07-22 13:04:20.854 | INFO     | N/A | ⏳ 等待 Profile 更新任务...
2026-07-22 13:04:25.876 | INFO     | N/A | ⏳ 等待 Profile 更新任务...
2026-07-22 13:04:30.903 | INFO     | N/A | ⏳ 等待 Profile 更新任务...
2026-07-22 13:04:35.928 | INFO     | N/A | ⏳ 等待 Profile 更新任务...
2026-07-22 13:04:40.951 | INFO     | N/A | ⏳ 等待 Profile 更新任务...
2026-07-22 13:04:45.975 | INFO     | N/A | ⏳ 等待 Profile 更新任务...
2026-07-22 13:04:50.999 | INFO     | N/A | ⏳ 等待 Profile 更新任务...
2026-07-22 13:04:56.026 | INFO     | N/A | ⏳ 等待 Profile 更新任务...
2026-07-22 13:05:01.049 | INFO     | N/A | ⏳ 等待 Profile 更新任务...
2026-07-22 13:05:06.077 | INFO     | N/A | ⏳ 等待 Profile 更新任务...
2026-07-22 13:05:11.101 | INFO     | N/A | ⏳ 等待 Profile 更新任务...
2026-07-22 13:05:16.126 | INFO     | N/A | ⏳ 等待 Profile 更新任务...
2026-07-22 13:05:21.151 | INFO     | N/A | ⏳ 等待 Profile 更新任务...
2026-07-22 13:05:26.175 | INFO     | N/A | ⏳ 等待 Profile 更新任务...
2026-07-22 13:05:31.198 | INFO     | N/A | ⏳ 等待 Profile 更新任务...
2026-07-22 13:05:36.224 | INFO     | N/A | ⏳ 等待 Profile 更新任务...
2026-07-22 13:05:41.249 | INFO     | N/A | ⏳ 等待 Profile 更新任务...
2026-07-22 13:05:46.272 | INFO     | N/A | ⏳ 等待 Profile 更新任务...
2026-07-22 13:05:51.294 | INFO     | N/A | ⏳ 等待 Profile 更新任务...
2026-07-22 13:05:56.318 | INFO     | N/A | ⏳ 等待 Profile 更新任务...
2026-07-22 13:06:01.342 | INFO     | N/A | ⏳ 等待 Profile 更新任务...
2026-07-22 13:06:06.368 | INFO     | N/A | ⏳ 等待 Profile 更新任务...
2026-07-22 13:06:11.395 | INFO     | N/A | ⏳ 等待 Profile 更新任务...
2026-07-22 13:06:16.418 | INFO     | N/A | ⏳ 等待 Profile 更新任务...
2026-07-22 13:06:21.441 | INFO     | N/A | ⏳ 等待 Profile 更新任务...
2026-07-22 13:06:26.466 | INFO     | N/A | ⏳ 等待 Profile 更新任务...
2026-07-22 13:06:31.490 | INFO     | N/A | ⏳ 等待 Profile 更新任务...
2026-07-22 13:06:36.517 | INFO     | N/A | ⏳ 等待 Profile 更新任务...
2026-07-22 13:06:41.539 | INFO     | N/A | ⏳ 等待 Profile 更新任务...
2026-07-22 13:06:46.561 | INFO     | N/A | ⏳ 等待 Profile 更新任务...
2026-07-22 13:06:51.584 | INFO     | N/A | ⏳ 等待 Profile 更新任务...
2026-07-22 13:06:56.607 | INFO     | N/A | ⏳ 等待 Profile 更新任务...
2026-07-22 13:07:01.631 | INFO     | N/A | ⏳ 等待 Profile 更新任务...
2026-07-22 13:07:06.656 | INFO     | N/A | ⏳ 等待 Profile 更新任务...
2026-07-22 13:07:11.679 | INFO     | N/A | ⏳ 等待 Profile 更新任务...
2026-07-22 13:07:16.704 | INFO     | N/A | ⏳ 等待 Profile 更新任务...
2026-07-22 13:07:21.728 | INFO     | N/A | ⏳ 等待 Profile 更新任务...
2026-07-22 13:07:26.753 | INFO     | N/A | ⏳ 等待 Profile 更新任务...
2026-07-22 13:07:31.777 | INFO     | N/A | ⏳ 等待 Profile 更新任务...
2026-07-22 13:07:36.804 | INFO     | N/A | ⏳ 等待 Profile 更新任务...
2026-07-22 13:07:41.827 | INFO     | N/A | ⏳ 等待 Profile 更新任务...
2026-07-22 13:07:46.850 | INFO     | N/A | ⏳ 等待 Profile 更新任务...
2026-07-22 13:07:51.876 | INFO     | N/A | ⏳ 等待 Profile 更新任务...
2026-07-22 13:07:56.902 | INFO     | N/A | ⏳ 等待 Profile 更新任务...
2026-07-22 13:08:01.926 | INFO     | N/A | ⏳ 等待 Profile 更新任务...
2026-07-22 13:08:06.955 | INFO     | N/A | ⏳ 等待 Profile 更新任务...
2026-07-22 13:08:11.980 | INFO     | N/A | ⏳ 等待 Profile 更新任务...
2026-07-22 13:08:17.004 | INFO     | N/A | ⏳ 等待 Profile 更新任务...
2026-07-22 13:08:22.030 | INFO     | N/A | ⏳ 等待 Profile 更新任务...
2026-07-22 13:08:27.053 | INFO     | N/A | ⏳ 等待 Profile 更新任务...
2026-07-22 13:08:32.076 | INFO     | N/A | ⏳ 等待 Profile 更新任务...
2026-07-22 13:08:37.104 | INFO     | N/A | ⏳ 等待 Profile 更新任务...
2026-07-22 13:08:42.126 | INFO     | N/A | ⏳ 等待 Profile 更新任务...
2026-07-22 13:08:47.150 | INFO     | N/A | ⏳ 等待 Profile 更新任务...
2026-07-22 13:08:52.174 | INFO     | N/A | ⏳ 等待 Profile 更新任务...
2026-07-22 13:08:57.198 | INFO     | N/A | ⏳ 等待 Profile 更新任务...
2026-07-22 13:09:02.221 | INFO     | N/A | ⏳ 等待 Profile 更新任务...
2026-07-22 13:09:07.246 | INFO     | N/A | ⏳ 等待 Profile 更新任务...
2026-07-22 13:09:12.269 | INFO     | N/A | ⏳ 等待 Profile 更新任务...
2026-07-22 13:09:17.293 | INFO     | N/A | ⏳ 等待 Profile 更新任务...
2026-07-22 13:09:22.317 | INFO     | N/A | ⏳ 等待 Profile 更新任务...
2026-07-22 13:09:27.341 | INFO     | N/A | ⏳ 等待 Profile 更新任务...
2026-07-22 13:09:32.368 | INFO     | N/A | ⏳ 等待 Profile 更新任务...
2026-07-22 13:09:37.395 | INFO     | N/A | ⏳ 等待 Profile 更新任务...
2026-07-22 13:09:42.421 | INFO     | N/A | ⏳ 等待 Profile 更新任务...
2026-07-22 13:09:47.444 | INFO     | N/A | ⏳ 等待 Profile 更新任务...
2026-07-22 13:09:52.467 | INFO     | N/A | ⏳ 等待 Profile 更新任务...
2026-07-22 13:09:57.492 | INFO     | N/A | ⏳ 等待 Profile 更新任务...
2026-07-22 13:10:02.521 | INFO     | N/A | ⏳ 等待 Profile 更新任务...
2026-07-22 13:10:07.550 | INFO     | N/A | ⏳ 等待 Profile 更新任务...
2026-07-22 13:10:12.573 | INFO     | N/A | ⏳ 等待 Profile 更新任务...
2026-07-22 13:10:17.597 | INFO     | N/A | ⏳ 等待 Profile 更新任务...
2026-07-22 13:10:22.621 | INFO     | N/A | ⏳ 等待 Profile 更新任务...
2026-07-22 13:10:27.643 | INFO     | N/A | ⏳ 等待 Profile 更新任务...
2026-07-22 13:10:32.667 | INFO     | N/A | ⏳ 等待 Profile 更新任务...
2026-07-22 13:10:37.694 | INFO     | N/A | ⏳ 等待 Profile 更新任务...
2026-07-22 13:10:42.717 | INFO     | N/A | ⏳ 等待 Profile 更新任务...
2026-07-22 13:10:47.740 | INFO     | N/A | ⏳ 等待 Profile 更新任务...
2026-07-22 13:10:52.764 | INFO     | N/A | ⏳ 等待 Profile 更新任务...
2026-07-22 13:10:57.787 | INFO     | N/A | ⏳ 等待 Profile 更新任务...
2026-07-22 13:11:02.810 | INFO     | N/A | ⏳ 等待 Profile 更新任务...
2026-07-22 13:11:07.838 | INFO     | N/A | ⏳ 等待 Profile 更新任务...
2026-07-22 13:11:12.860 | INFO     | N/A | ⏳ 等待 Profile 更新任务...
2026-07-22 13:11:17.885 | INFO     | N/A | ⏳ 等待 Profile 更新任务...
2026-07-22 13:11:22.909 | INFO     | N/A | ⏳ 等待 Profile 更新任务...
2026-07-22 13:11:27.933 | INFO     | N/A | ⏳ 等待 Profile 更新任务...
2026-07-22 13:11:32.955 | INFO     | N/A | ⏳ 等待 Profile 更新任务...
2026-07-22 13:11:37.982 | INFO     | N/A | ⏳ 等待 Profile 更新任务...
2026-07-22 13:11:43.004 | INFO     | N/A | ⏳ 等待 Profile 更新任务...
2026-07-22 13:11:48.028 | INFO     | N/A | ⏳ 等待 Profile 更新任务...
2026-07-22 13:11:53.052 | INFO     | N/A | ⏳ 等待 Profile 更新任务...
2026-07-22 13:11:58.075 | INFO     | N/A | ⏳ 等待 Profile 更新任务...
2026-07-22 13:12:03.099 | INFO     | N/A | ⏳ 等待 Profile 更新任务...
2026-07-22 13:12:08.127 | INFO     | N/A | ⏳ 等待 Profile 更新任务...
2026-07-22 13:12:13.149 | INFO     | N/A | ⏳ 等待 Profile 更新任务...
2026-07-22 13:12:18.178 | INFO     | N/A | ⏳ 等待 Profile 更新任务...
2026-07-22 13:12:23.201 | INFO     | N/A | ⏳ 等待 Profile 更新任务...
2026-07-22 13:12:28.223 | INFO     | N/A | ⏳ 等待 Profile 更新任务...
2026-07-22 13:12:33.246 | INFO     | N/A | ⏳ 等待 Profile 更新任务...
2026-07-22 13:12:38.271 | INFO     | N/A | ⏳ 等待 Profile 更新任务...
2026-07-22 13:12:43.297 | INFO     | N/A | ⏳ 等待 Profile 更新任务...
2026-07-22 13:12:48.320 | INFO     | N/A | ⏳ 等待 Profile 更新任务...
2026-07-22 13:12:53.344 | INFO     | N/A | ⏳ 等待 Profile 更新任务...
2026-07-22 13:12:58.367 | INFO     | N/A | ⏳ 等待 Profile 更新任务...
2026-07-22 13:13:03.390 | INFO     | N/A | ⏳ 等待 Profile 更新任务...
2026-07-22 13:13:08.418 | INFO     | N/A | ⏳ 等待 Profile 更新任务...
2026-07-22 13:13:13.441 | INFO     | N/A | ⏳ 等待 Profile 更新任务...
2026-07-22 13:13:18.467 | INFO     | N/A | ⏳ 等待 Profile 更新任务...
2026-07-22 13:13:23.491 | INFO     | N/A | ⏳ 等待 Profile 更新任务...
2026-07-22 13:13:28.513 | INFO     | N/A | ⏳ 等待 Profile 更新任务...
2026-07-22 13:13:33.537 | INFO     | N/A | ⏳ 等待 Profile 更新任务...
2026-07-22 13:13:38.567 | INFO     | N/A | ⏳ 等待 Profile 更新任务...
2026-07-22 13:13:43.590 | INFO     | N/A | ⏳ 等待 Profile 更新任务...
2026-07-22 13:13:48.616 | INFO     | N/A | ⏳ 等待 Profile 更新任务...
2026-07-22 13:13:53.640 | INFO     | N/A | ⏳ 等待 Profile 更新任务...
2026-07-22 13:13:58.665 | INFO     | N/A | ⏳ 等待 Profile 更新任务...
2026-07-22 13:14:03.689 | INFO     | N/A | ⏳ 等待 Profile 更新任务...
2026-07-22 13:14:08.715 | INFO     | N/A | ⏳ 等待 Profile 更新任务...
2026-07-22 13:14:13.738 | INFO     | N/A | ⏳ 等待 Profile 更新任务...
2026-07-22 13:14:18.764 | INFO     | N/A | ⏳ 等待 Profile 更新任务...
2026-07-22 13:14:23.789 | INFO     | N/A | ⏳ 等待 Profile 更新任务...
2026-07-22 13:14:28.814 | INFO     | N/A | ⏳ 等待 Profile 更新任务...
2026-07-22 13:14:33.839 | INFO     | N/A | ⏳ 等待 Profile 更新任务...
2026-07-22 13:14:38.868 | INFO     | N/A | ⏳ 等待 Profile 更新任务...
2026-07-22 13:14:43.892 | INFO     | N/A | ⏳ 等待 Profile 更新任务...
2026-07-22 13:14:48.918 | INFO     | N/A | ⏳ 等待 Profile 更新任务...
2026-07-22 13:14:53.943 | INFO     | N/A | ⏳ 等待 Profile 更新任务...
2026-07-22 13:14:58.967 | INFO     | N/A | ⏳ 等待 Profile 更新任务...
2026-07-22 13:15:03.991 | INFO     | N/A | ⏳ 等待 Profile 更新任务...
2026-07-22 13:15:09.024 | INFO     | N/A | ⏳ 等待 Profile 更新任务...
2026-07-22 13:15:14.051 | INFO     | N/A | ⏳ 等待 Profile 更新任务...
2026-07-22 13:15:19.074 | INFO     | N/A | ⏳ 等待 Profile 更新任务...
2026-07-22 13:15:24.095 | INFO     | N/A | ⏳ 等待 Profile 更新任务...
2026-07-22 13:15:29.118 | INFO     | N/A | ⏳ 等待 Profile 更新任务...
2026-07-22 13:15:34.149 | INFO     | N/A | ⏳ 等待 Profile 更新任务...
2026-07-22 13:15:39.177 | INFO     | N/A | ⏳ 等待 Profile 更新任务...
2026-07-22 13:15:44.201 | INFO     | N/A | ⏳ 等待 Profile 更新任务...
2026-07-22 13:15:49.222 | INFO     | N/A | ⏳ 等待 Profile 更新任务...
2026-07-22 13:15:54.245 | INFO     | N/A | ⏳ 等待 Profile 更新任务...
2026-07-22 13:15:59.269 | INFO     | N/A | ⏳ 等待 Profile 更新任务...
2026-07-22 13:16:04.295 | INFO     | N/A | ⏳ 等待 Profile 更新任务...
2026-07-22 13:16:09.324 | INFO     | N/A | ⏳ 等待 Profile 更新任务...
2026-07-22 13:16:14.348 | INFO     | N/A | ⏳ 等待 Profile 更新任务...
2026-07-22 13:16:19.372 | INFO     | N/A | ⏳ 等待 Profile 更新任务...
2026-07-22 13:16:24.394 | INFO     | N/A | ⏳ 等待 Profile 更新任务...
2026-07-22 13:16:29.418 | INFO     | N/A | ⏳ 等待 Profile 更新任务...
2026-07-22 13:16:34.442 | INFO     | N/A | ⏳ 等待 Profile 更新任务...
2026-07-22 13:16:39.469 | INFO     | N/A | ⏳ 等待 Profile 更新任务...
2026-07-22 13:16:44.491 | INFO     | N/A | ⏳ 等待 Profile 更新任务...
2026-07-22 13:16:49.513 | INFO     | N/A | ⏳ 等待 Profile 更新任务...
2026-07-22 13:16:54.537 | INFO     | N/A | ⏳ 等待 Profile 更新任务...
2026-07-22 13:16:59.564 | INFO     | N/A | ⏳ 等待 Profile 更新任务...
2026-07-22 13:17:04.590 | INFO     | N/A | ⏳ 等待 Profile 更新任务...
2026-07-22 13:17:09.616 | INFO     | N/A | ⏳ 等待 Profile 更新任务...
2026-07-22 13:17:14.643 | INFO     | N/A | ⏳ 等待 Profile 更新任务...
2026-07-22 13:17:19.666 | INFO     | N/A | ⏳ 等待 Profile 更新任务...
2026-07-22 13:17:24.690 | INFO     | N/A | ⏳ 等待 Profile 更新任务...
2026-07-22 13:17:29.714 | INFO     | N/A | ⏳ 等待 Profile 更新任务...
2026-07-22 13:17:34.741 | INFO     | N/A | ⏳ 等待 Profile 更新任务...
2026-07-22 13:17:39.765 | INFO     | N/A | ⏳ 等待 Profile 更新任务...
2026-07-22 13:17:44.788 | INFO     | N/A | ⏳ 等待 Profile 更新任务...
2026-07-22 13:17:49.813 | INFO     | N/A | ⏳ 等待 Profile 更新任务...
2026-07-22 13:17:54.837 | INFO     | N/A | ⏳ 等待 Profile 更新任务...
2026-07-22 13:17:59.862 | INFO     | N/A | ⏳ 等待 Profile 更新任务...
2026-07-22 13:18:04.887 | INFO     | N/A | ⏳ 等待 Profile 更新任务...
2026-07-22 13:18:09.912 | INFO     | N/A | ⏳ 等待 Profile 更新任务...
2026-07-22 13:18:14.936 | INFO     | N/A | ⏳ 等待 Profile 更新任务...
2026-07-22 13:18:19.962 | INFO     | N/A | ⏳ 等待 Profile 更新任务...
2026-07-22 13:18:24.985 | INFO     | N/A | ⏳ 等待 Profile 更新任务...
2026-07-22 13:18:30.008 | INFO     | N/A | ⏳ 等待 Profile 更新任务...
2026-07-22 13:18:35.031 | INFO     | N/A | ⏳ 等待 Profile 更新任务...
2026-07-22 13:18:40.060 | INFO     | N/A | ⏳ 等待 Profile 更新任务...
2026-07-22 13:18:45.083 | INFO     | N/A | ⏳ 等待 Profile 更新任务...
2026-07-22 13:18:50.107 | INFO     | N/A | ⏳ 等待 Profile 更新任务...
2026-07-22 13:18:55.130 | INFO     | N/A | ⏳ 等待 Profile 更新任务...
2026-07-22 13:19:00.155 | INFO     | N/A | ⏳ 等待 Profile 更新任务...
2026-07-22 13:19:05.182 | INFO     | N/A | ⏳ 等待 Profile 更新任务...
2026-07-22 13:19:10.207 | INFO     | N/A | ⏳ 等待 Profile 更新任务...
2026-07-22 13:19:15.231 | INFO     | N/A | ⏳ 等待 Profile 更新任务...
2026-07-22 13:19:20.258 | INFO     | N/A | ⏳ 等待 Profile 更新任务...
2026-07-22 13:19:25.284 | INFO     | N/A | ⏳ 等待 Profile 更新任务...
2026-07-22 13:19:30.308 | INFO     | N/A | ⏳ 等待 Profile 更新任务...
2026-07-22 13:19:35.334 | INFO     | N/A | ⏳ 等待 Profile 更新任务...
2026-07-22 13:19:40.358 | INFO     | N/A | ⏳ 等待 Profile 更新任务...
2026-07-22 13:19:45.382 | INFO     | N/A | ⏳ 等待 Profile 更新任务...
2026-07-22 13:19:50.406 | INFO     | N/A | ⏳ 等待 Profile 更新任务...
2026-07-22 13:19:55.429 | INFO     | N/A | ⏳ 等待 Profile 更新任务...
2026-07-22 13:20:00.454 | INFO     | N/A | ⏳ 等待 Profile 更新任务...
2026-07-22 13:20:05.479 | INFO     | N/A | ⏳ 等待 Profile 更新任务...
2026-07-22 13:20:10.503 | INFO     | N/A | ⏳ 等待 Profile 更新任务...
2026-07-22 13:20:15.528 | INFO     | N/A | ⏳ 等待 Profile 更新任务...
2026-07-22 13:20:20.553 | INFO     | N/A | ⏳ 等待 Profile 更新任务...
2026-07-22 13:20:25.577 | INFO     | N/A | ⏳ 等待 Profile 更新任务...
2026-07-22 13:20:30.600 | INFO     | N/A | ⏳ 等待 Profile 更新任务...
2026-07-22 13:20:35.626 | INFO     | N/A | ⏳ 等待 Profile 更新任务...
2026-07-22 13:20:40.651 | INFO     | N/A | ⏳ 等待 Profile 更新任务...
2026-07-22 13:20:45.674 | INFO     | N/A | ⏳ 等待 Profile 更新任务...
2026-07-22 13:20:50.698 | INFO     | N/A | ⏳ 等待 Profile 更新任务...
2026-07-22 13:20:55.722 | INFO     | N/A | ⏳ 等待 Profile 更新任务...
2026-07-22 13:21:00.744 | INFO     | N/A | ⏳ 等待 Profile 更新任务...
2026-07-22 13:21:05.771 | INFO     | N/A | ⏳ 等待 Profile 更新任务...
2026-07-22 13:21:10.799 | INFO     | N/A | ⏳ 等待 Profile 更新任务...
2026-07-22 13:21:15.826 | INFO     | N/A | ⏳ 等待 Profile 更新任务...
2026-07-22 13:21:20.851 | INFO     | N/A | ⏳ 等待 Profile 更新任务...
2026-07-22 13:21:25.876 | INFO     | N/A | ⏳ 等待 Profile 更新任务...
2026-07-22 13:21:30.899 | INFO     | N/A | ⏳ 等待 Profile 更新任务...
2026-07-22 13:21:35.924 | INFO     | N/A | ⏳ 等待 Profile 更新任务...
2026-07-22 13:21:40.951 | INFO     | N/A | ⏳ 等待 Profile 更新任务...
2026-07-22 13:21:45.977 | INFO     | N/A | ⏳ 等待 Profile 更新任务...
2026-07-22 13:21:51.003 | INFO     | N/A | ⏳ 等待 Profile 更新任务...
2026-07-22 13:21:56.027 | INFO     | N/A | ⏳ 等待 Profile 更新任务...
2026-07-22 13:22:01.051 | INFO     | N/A | ⏳ 等待 Profile 更新任务...
2026-07-22 13:22:06.078 | INFO     | N/A | ⏳ 等待 Profile 更新任务...
2026-07-22 13:22:11.104 | INFO     | N/A | ⏳ 等待 Profile 更新任务...
2026-07-22 13:22:16.130 | INFO     | N/A | ⏳ 等待 Profile 更新任务...
2026-07-22 13:22:21.152 | INFO     | N/A | ⏳ 等待 Profile 更新任务...
2026-07-22 13:22:26.178 | INFO     | N/A | ⏳ 等待 Profile 更新任务...
2026-07-22 13:22:31.203 | INFO     | N/A | ⏳ 等待 Profile 更新任务...
2026-07-22 13:22:36.233 | INFO     | N/A | ⏳ 等待 Profile 更新任务...
2026-07-22 13:22:41.260 | INFO     | N/A | ⏳ 等待 Profile 更新任务...
2026-07-22 13:22:46.285 | INFO     | N/A | ⏳ 等待 Profile 更新任务...
2026-07-22 13:22:51.309 | INFO     | N/A | ⏳ 等待 Profile 更新任务...
2026-07-22 13:22:56.334 | INFO     | N/A | ⏳ 等待 Profile 更新任务...
2026-07-22 13:23:01.358 | INFO     | N/A | ⏳ 等待 Profile 更新任务...
2026-07-22 13:23:06.380 | INFO     | N/A | ⏳ 等待 Profile 更新任务...
2026-07-22 13:23:11.408 | INFO     | N/A | ⏳ 等待 Profile 更新任务...
2026-07-22 13:23:16.433 | INFO     | N/A | ⏳ 等待 Profile 更新任务...
2026-07-22 13:23:21.457 | INFO     | N/A | ⏳ 等待 Profile 更新任务...
2026-07-22 13:23:26.481 | INFO     | N/A | ⏳ 等待 Profile 更新任务...
2026-07-22 13:23:31.503 | INFO     | N/A | ⏳ 等待 Profile 更新任务...
2026-07-22 13:23:36.529 | INFO     | N/A | ⏳ 等待 Profile 更新任务...
2026-07-22 13:23:41.556 | INFO     | N/A | ⏳ 等待 Profile 更新任务...
2026-07-22 13:23:46.578 | INFO     | N/A | ⏳ 等待 Profile 更新任务...
2026-07-22 13:23:51.602 | INFO     | N/A | ⏳ 等待 Profile 更新任务...
2026-07-22 13:23:56.630 | INFO     | N/A | ⏳ 等待 Profile 更新任务...
2026-07-22 13:24:01.652 | INFO     | N/A | ⏳ 等待 Profile 更新任务...
2026-07-22 13:24:06.675 | INFO     | N/A | ⏳ 等待 Profile 更新任务...
2026-07-22 13:24:11.699 | INFO     | N/A | ⏳ 等待 Profile 更新任务...
2026-07-22 13:24:16.722 | INFO     | N/A | ⏳ 等待 Profile 更新任务...
2026-07-22 13:24:21.747 | INFO     | N/A | ⏳ 等待 Profile 更新任务...
2026-07-22 13:24:26.770 | INFO     | N/A | ⏳ 等待 Profile 更新任务...
2026-07-22 13:24:31.793 | INFO     | N/A | ⏳ 等待 Profile 更新任务...
2026-07-22 13:24:36.817 | INFO     | N/A | ⏳ 等待 Profile 更新任务...
2026-07-22 13:24:41.844 | INFO     | N/A | ⏳ 等待 Profile 更新任务...
2026-07-22 13:24:46.871 | INFO     | N/A | ⏳ 等待 Profile 更新任务...
2026-07-22 13:24:51.899 | INFO     | N/A | ⏳ 等待 Profile 更新任务...
2026-07-22 13:24:56.924 | INFO     | N/A | ⏳ 等待 Profile 更新任务...
2026-07-22 13:25:01.948 | INFO     | N/A | ⏳ 等待 Profile 更新任务...
2026-07-22 13:25:06.971 | INFO     | N/A | ⏳ 等待 Profile 更新任务...
2026-07-22 13:25:12.000 | INFO     | N/A | ⏳ 等待 Profile 更新任务...
2026-07-22 13:25:17.022 | INFO     | N/A | ⏳ 等待 Profile 更新任务...
2026-07-22 13:25:22.045 | INFO     | N/A | ⏳ 等待 Profile 更新任务...
2026-07-22 13:25:27.070 | INFO     | N/A | ⏳ 等待 Profile 更新任务...
2026-07-22 13:25:32.095 | INFO     | N/A | ⏳ 等待 Profile 更新任务...
2026-07-22 13:25:37.119 | INFO     | N/A | ⏳ 等待 Profile 更新任务...
2026-07-22 13:25:42.145 | INFO     | N/A | ⏳ 等待 Profile 更新任务...
2026-07-22 13:25:47.168 | INFO     | N/A | ⏳ 等待 Profile 更新任务...
2026-07-22 13:25:52.195 | INFO     | N/A | ⏳ 等待 Profile 更新任务...
2026-07-22 13:25:57.221 | INFO     | N/A | ⏳ 等待 Profile 更新任务...
2026-07-22 13:26:02.244 | INFO     | N/A | ⏳ 等待 Profile 更新任务...
2026-07-22 13:26:07.269 | INFO     | N/A | ⏳ 等待 Profile 更新任务...
2026-07-22 13:26:12.296 | INFO     | N/A | ⏳ 等待 Profile 更新任务...
2026-07-22 13:26:17.320 | INFO     | N/A | ⏳ 等待 Profile 更新任务...
2026-07-22 13:26:22.345 | INFO     | N/A | ⏳ 等待 Profile 更新任务...
2026-07-22 13:26:27.368 | INFO     | N/A | ⏳ 等待 Profile 更新任务...
2026-07-22 13:26:32.391 | INFO     | N/A | ⏳ 等待 Profile 更新任务...
2026-07-22 13:26:37.416 | INFO     | N/A | ⏳ 等待 Profile 更新任务...
2026-07-22 13:26:42.442 | INFO     | N/A | ⏳ 等待 Profile 更新任务...
2026-07-22 13:26:47.469 | INFO     | N/A | ⏳ 等待 Profile 更新任务...
2026-07-22 13:26:52.491 | INFO     | N/A | ⏳ 等待 Profile 更新任务...
2026-07-22 13:26:57.514 | INFO     | N/A | ⏳ 等待 Profile 更新任务...
2026-07-22 13:27:02.538 | INFO     | N/A | ⏳ 等待 Profile 更新任务...
2026-07-22 13:27:07.563 | INFO     | N/A | ⏳ 等待 Profile 更新任务...
2026-07-22 13:27:12.590 | INFO     | N/A | ⏳ 等待 Profile 更新任务...
2026-07-22 13:27:17.612 | INFO     | N/A | ⏳ 等待 Profile 更新任务...
2026-07-22 13:27:22.635 | INFO     | N/A | ⏳ 等待 Profile 更新任务...
2026-07-22 13:27:27.658 | INFO     | N/A | ⏳ 等待 Profile 更新任务...
2026-07-22 13:27:32.681 | INFO     | N/A | ⏳ 等待 Profile 更新任务...
2026-07-22 13:27:37.689 | INFO     | N/A | ⏳ 等待 Profile 更新任务...
2026-07-22 13:27:42.731 | INFO     | N/A | ⏳ 等待 Profile 更新任务...
2026-07-22 13:27:47.753 | INFO     | N/A | ⏳ 等待 Profile 更新任务...
2026-07-22 13:27:52.778 | INFO     | N/A | ⏳ 等待 Profile 更新任务...
2026-07-22 13:27:57.802 | INFO     | N/A | ⏳ 等待 Profile 更新任务...
2026-07-22 13:28:02.826 | INFO     | N/A | ⏳ 等待 Profile 更新任务...
2026-07-22 13:28:07.853 | INFO     | N/A | ⏳ 等待 Profile 更新任务...
2026-07-22 13:28:12.881 | INFO     | N/A | ⏳ 等待 Profile 更新任务...
2026-07-22 13:28:17.907 | INFO     | N/A | ⏳ 等待 Profile 更新任务...
2026-07-22 13:28:22.932 | INFO     | N/A | ⏳ 等待 Profile 更新任务...
2026-07-22 13:28:27.955 | INFO     | N/A | ⏳ 等待 Profile 更新任务...
2026-07-22 13:28:32.979 | INFO     | N/A | ⏳ 等待 Profile 更新任务...
2026-07-22 13:28:38.003 | INFO     | N/A | ⏳ 等待 Profile 更新任务...
2026-07-22 13:28:43.026 | INFO     | N/A | ⏳ 等待 Profile 更新任务...
2026-07-22 13:28:48.049 | INFO     | N/A | ⏳ 等待 Profile 更新任务...
2026-07-22 13:28:53.074 | INFO     | N/A | ⏳ 等待 Profile 更新任务...
2026-07-22 13:28:58.095 | INFO     | N/A | ⏳ 等待 Profile 更新任务...
2026-07-22 13:29:03.119 | INFO     | N/A | ⏳ 等待 Profile 更新任务...
2026-07-22 13:29:08.148 | INFO     | N/A | ⏳ 等待 Profile 更新任务...
2026-07-22 13:29:13.172 | INFO     | N/A | ⏳ 等待 Profile 更新任务...
2026-07-22 13:29:18.195 | INFO     | N/A | ⏳ 等待 Profile 更新任务...
2026-07-22 13:29:23.220 | INFO     | N/A | ⏳ 等待 Profile 更新任务...
2026-07-22 13:29:28.245 | INFO     | N/A | ⏳ 等待 Profile 更新任务...
2026-07-22 13:29:33.271 | INFO     | N/A | ⏳ 等待 Profile 更新任务...
2026-07-22 13:29:38.299 | INFO     | N/A | ⏳ 等待 Profile 更新任务...
2026-07-22 13:29:43.323 | INFO     | N/A | ⏳ 等待 Profile 更新任务...
2026-07-22 13:29:48.348 | INFO     | N/A | ⏳ 等待 Profile 更新任务...
2026-07-22 13:29:53.372 | INFO     | N/A | ⏳ 等待 Profile 更新任务...
2026-07-22 13:29:58.395 | INFO     | N/A | ⏳ 等待 Profile 更新任务...
2026-07-22 13:30:03.420 | INFO     | N/A | ⏳ 等待 Profile 更新任务...
2026-07-22 13:30:08.448 | INFO     | N/A | ⏳ 等待 Profile 更新任务...
2026-07-22 13:30:13.473 | INFO     | N/A | ⏳ 等待 Profile 更新任务...
2026-07-22 13:30:18.498 | INFO     | N/A | ⏳ 等待 Profile 更新任务...
2026-07-22 13:30:23.521 | INFO     | N/A | ⏳ 等待 Profile 更新任务...
2026-07-22 13:30:28.544 | INFO     | N/A | ⏳ 等待 Profile 更新任务...
2026-07-22 13:30:33.568 | INFO     | N/A | ⏳ 等待 Profile 更新任务...
2026-07-22 13:30:38.599 | INFO     | N/A | ⏳ 等待 Profile 更新任务...
2026-07-22 13:30:43.623 | INFO     | N/A | ⏳ 等待 Profile 更新任务...
2026-07-22 13:30:48.644 | INFO     | N/A | ⏳ 等待 Profile 更新任务...
2026-07-22 13:30:53.668 | INFO     | N/A | ⏳ 等待 Profile 更新任务...
2026-07-22 13:30:58.690 | INFO     | N/A | ⏳ 等待 Profile 更新任务...
2026-07-22 13:31:03.714 | INFO     | N/A | ⏳ 等待 Profile 更新任务...
2026-07-22 13:31:08.743 | INFO     | N/A | ⏳ 等待 Profile 更新任务...
2026-07-22 13:31:13.768 | INFO     | N/A | ⏳ 等待 Profile 更新任务...
2026-07-22 13:31:18.793 | INFO     | N/A | ⏳ 等待 Profile 更新任务...
2026-07-22 13:31:23.817 | INFO     | N/A | ⏳ 等待 Profile 更新任务...
2026-07-22 13:31:28.841 | INFO     | N/A | ⏳ 等待 Profile 更新任务...
2026-07-22 13:31:33.864 | INFO     | N/A | ⏳ 等待 Profile 更新任务...
2026-07-22 13:31:38.892 | INFO     | N/A | ⏳ 等待 Profile 更新任务...
2026-07-22 13:31:43.918 | INFO     | N/A | ⏳ 等待 Profile 更新任务...
2026-07-22 13:31:48.943 | INFO     | N/A | ⏳ 等待 Profile 更新任务...
2026-07-22 13:31:53.966 | INFO     | N/A | ⏳ 等待 Profile 更新任务...
2026-07-22 13:31:58.988 | INFO     | N/A | ⏳ 等待 Profile 更新任务...
2026-07-22 13:32:04.012 | INFO     | N/A | ⏳ 等待 Profile 更新任务...
2026-07-22 13:32:09.036 | INFO     | N/A | ⏳ 等待 Profile 更新任务...
2026-07-22 13:32:14.061 | INFO     | N/A | ⏳ 等待 Profile 更新任务...
2026-07-22 13:32:19.086 | INFO     | N/A | ⏳ 等待 Profile 更新任务...
2026-07-22 13:32:24.110 | INFO     | N/A | ⏳ 等待 Profile 更新任务...
2026-07-22 13:32:29.134 | INFO     | N/A | ⏳ 等待 Profile 更新任务...
2026-07-22 13:32:34.157 | INFO     | N/A | ⏳ 等待 Profile 更新任务...
2026-07-22 13:32:39.185 | INFO     | N/A | ⏳ 等待 Profile 更新任务...
2026-07-22 13:32:44.208 | INFO     | N/A | ⏳ 等待 Profile 更新任务...
2026-07-22 13:32:49.231 | INFO     | N/A | ⏳ 等待 Profile 更新任务...
2026-07-22 13:32:54.256 | INFO     | N/A | ⏳ 等待 Profile 更新任务...
2026-07-22 13:32:59.287 | INFO     | N/A | ⏳ 等待 Profile 更新任务...
2026-07-22 13:33:04.311 | INFO     | N/A | ⏳ 等待 Profile 更新任务...
2026-07-22 13:33:09.340 | INFO     | N/A | ⏳ 等待 Profile 更新任务...
2026-07-22 13:33:14.385 | INFO     | N/A | ⏳ 等待 Profile 更新任务...
2026-07-22 13:33:19.408 | INFO     | N/A | ⏳ 等待 Profile 更新任务...
2026-07-22 13:33:24.431 | INFO     | N/A | ⏳ 等待 Profile 更新任务...
2026-07-22 13:33:29.454 | INFO     | N/A | ⏳ 等待 Profile 更新任务...
2026-07-22 13:33:34.476 | INFO     | N/A | ⏳ 等待 Profile 更新任务...
2026-07-22 13:33:39.507 | INFO     | N/A | ⏳ 等待 Profile 更新任务...
2026-07-22 13:33:44.532 | INFO     | N/A | ⏳ 等待 Profile 更新任务...
2026-07-22 13:33:49.557 | INFO     | N/A | ⏳ 等待 Profile 更新任务...
2026-07-22 13:33:54.598 | INFO     | N/A | ⏳ 等待 Profile 更新任务...
2026-07-22 13:33:59.623 | INFO     | N/A | ⏳ 等待 Profile 更新任务...
2026-07-22 13:34:04.646 | INFO     | N/A | ⏳ 等待 Profile 更新任务...
2026-07-22 13:34:09.673 | INFO     | N/A | ⏳ 等待 Profile 更新任务...
2026-07-22 13:34:14.697 | INFO     | N/A | ⏳ 等待 Profile 更新任务...
2026-07-22 13:34:19.722 | INFO     | N/A | ⏳ 等待 Profile 更新任务...
2026-07-22 13:34:24.747 | INFO     | N/A | ⏳ 等待 Profile 更新任务...
2026-07-22 13:34:29.771 | INFO     | N/A | ⏳ 等待 Profile 更新任务...
2026-07-22 13:34:34.796 | INFO     | N/A | ⏳ 等待 Profile 更新任务...
2026-07-22 13:34:39.825 | INFO     | N/A | ⏳ 等待 Profile 更新任务...
2026-07-22 13:34:44.853 | INFO     | N/A | ⏳ 等待 Profile 更新任务...
2026-07-22 13:34:49.875 | INFO     | N/A | ⏳ 等待 Profile 更新任务...
2026-07-22 13:34:54.899 | INFO     | N/A | ⏳ 等待 Profile 更新任务...
2026-07-22 13:34:59.925 | INFO     | N/A | ⏳ 等待 Profile 更新任务...
2026-07-22 13:35:04.950 | INFO     | N/A | ⏳ 等待 Profile 更新任务...
2026-07-22 13:35:09.979 | INFO     | N/A | ⏳ 等待 Profile 更新任务...
2026-07-22 13:35:15.005 | INFO     | N/A | ⏳ 等待 Profile 更新任务...
2026-07-22 13:35:20.060 | INFO     | N/A | ⏳ 等待 Profile 更新任务...
2026-07-22 13:35:25.084 | INFO     | N/A | ⏳ 等待 Profile 更新任务...
2026-07-22 13:35:30.110 | INFO     | N/A | ⏳ 等待 Profile 更新任务...
2026-07-22 13:35:35.136 | INFO     | N/A | ⏳ 等待 Profile 更新任务...
2026-07-22 13:35:40.164 | INFO     | N/A | ⏳ 等待 Profile 更新任务...
2026-07-22 13:35:45.189 | INFO     | N/A | ⏳ 等待 Profile 更新任务...
2026-07-22 13:35:50.212 | INFO     | N/A | ⏳ 等待 Profile 更新任务...
2026-07-22 13:35:55.235 | INFO     | N/A | ⏳ 等待 Profile 更新任务...
2026-07-22 13:36:00.259 | INFO     | N/A | ⏳ 等待 Profile 更新任务...
2026-07-22 13:36:05.282 | INFO     | N/A | ⏳ 等待 Profile 更新任务...
2026-07-22 13:36:10.310 | INFO     | N/A | ⏳ 等待 Profile 更新任务...
2026-07-22 13:36:15.337 | INFO     | N/A | ⏳ 等待 Profile 更新任务...
2026-07-22 13:36:20.358 | INFO     | N/A | ⏳ 等待 Profile 更新任务...
2026-07-22 13:36:25.382 | INFO     | N/A | ⏳ 等待 Profile 更新任务...
2026-07-22 13:36:30.407 | INFO     | N/A | ⏳ 等待 Profile 更新任务...
2026-07-22 13:36:35.429 | INFO     | N/A | ⏳ 等待 Profile 更新任务...
2026-07-22 13:36:40.457 | INFO     | N/A | ⏳ 等待 Profile 更新任务...
2026-07-22 13:36:45.482 | INFO     | N/A | ⏳ 等待 Profile 更新任务...
2026-07-22 13:36:50.508 | INFO     | N/A | ⏳ 等待 Profile 更新任务...
2026-07-22 13:36:55.532 | INFO     | N/A | ⏳ 等待 Profile 更新任务...
2026-07-22 13:37:00.554 | INFO     | N/A | ⏳ 等待 Profile 更新任务...
2026-07-22 13:37:05.579 | INFO     | N/A | ⏳ 等待 Profile 更新任务...
2026-07-22 13:37:10.607 | INFO     | N/A | ⏳ 等待 Profile 更新任务...
2026-07-22 13:37:15.630 | INFO     | N/A | ⏳ 等待 Profile 更新任务...
2026-07-22 13:37:20.653 | INFO     | N/A | ⏳ 等待 Profile 更新任务...
2026-07-22 13:37:25.676 | INFO     | N/A | ⏳ 等待 Profile 更新任务...
2026-07-22 13:37:30.701 | INFO     | N/A | ⏳ 等待 Profile 更新任务...
2026-07-22 13:37:35.723 | INFO     | N/A | ⏳ 等待 Profile 更新任务...
2026-07-22 13:37:40.751 | INFO     | N/A | ⏳ 等待 Profile 更新任务...
2026-07-22 13:37:45.777 | INFO     | N/A | ⏳ 等待 Profile 更新任务...
2026-07-22 13:37:50.800 | INFO     | N/A | ⏳ 等待 Profile 更新任务...
2026-07-22 13:37:55.825 | INFO     | N/A | ⏳ 等待 Profile 更新任务...
2026-07-22 13:38:00.851 | INFO     | N/A | ⏳ 等待 Profile 更新任务...
2026-07-22 13:38:05.876 | INFO     | N/A | ⏳ 等待 Profile 更新任务...
2026-07-22 13:38:10.902 | INFO     | N/A | ⏳ 等待 Profile 更新任务...
2026-07-22 13:38:15.929 | INFO     | N/A | ⏳ 等待 Profile 更新任务...
2026-07-22 13:38:20.951 | INFO     | N/A | ⏳ 等待 Profile 更新任务...
2026-07-22 13:38:25.976 | INFO     | N/A | ⏳ 等待 Profile 更新任务...
2026-07-22 13:38:31.001 | INFO     | N/A | ⏳ 等待 Profile 更新任务...
2026-07-22 13:38:36.025 | INFO     | N/A | ⏳ 等待 Profile 更新任务...
2026-07-22 13:38:41.052 | INFO     | N/A | ⏳ 等待 Profile 更新任务...
2026-07-22 13:38:46.075 | INFO     | N/A | ⏳ 等待 Profile 更新任务...
2026-07-22 13:38:51.098 | INFO     | N/A | ⏳ 等待 Profile 更新任务...
2026-07-22 13:38:56.121 | INFO     | N/A | ⏳ 等待 Profile 更新任务...
2026-07-22 13:39:01.147 | INFO     | N/A | ⏳ 等待 Profile 更新任务...
2026-07-22 13:39:06.171 | INFO     | N/A | ⏳ 等待 Profile 更新任务...
2026-07-22 13:39:11.203 | INFO     | N/A | ⏳ 等待 Profile 更新任务...
2026-07-22 13:39:16.249 | INFO     | N/A | ⏳ 等待 Profile 更新任务...
2026-07-22 13:39:21.274 | INFO     | N/A | ⏳ 等待 Profile 更新任务...
2026-07-22 13:39:26.300 | INFO     | N/A | ⏳ 等待 Profile 更新任务...
2026-07-22 13:39:31.324 | INFO     | N/A | ⏳ 等待 Profile 更新任务...
2026-07-22 13:39:36.350 | INFO     | N/A | ⏳ 等待 Profile 更新任务...
2026-07-22 13:39:41.376 | INFO     | N/A | ⏳ 等待 Profile 更新任务...
2026-07-22 13:39:46.401 | INFO     | N/A | ⏳ 等待 Profile 更新任务...
2026-07-22 13:39:51.425 | INFO     | N/A | ⏳ 等待 Profile 更新任务...
2026-07-22 13:39:56.447 | INFO     | N/A | ⏳ 等待 Profile 更新任务...
2026-07-22 13:40:01.485 | INFO     | N/A | ⏳ 等待 Profile 更新任务...
2026-07-22 13:40:06.511 | INFO     | N/A | ⏳ 等待 Profile 更新任务...
2026-07-22 13:40:11.539 | INFO     | N/A | ⏳ 等待 Profile 更新任务...
2026-07-22 13:40:16.565 | INFO     | N/A | ⏳ 等待 Profile 更新任务...
2026-07-22 13:40:21.588 | INFO     | N/A | ⏳ 等待 Profile 更新任务...
2026-07-22 13:40:26.621 | INFO     | N/A | ⏳ 等待 Profile 更新任务...
2026-07-22 13:40:31.646 | INFO     | N/A | ⏳ 等待 Profile 更新任务...
2026-07-22 13:40:36.670 | INFO     | N/A | ⏳ 等待 Profile 更新任务...
2026-07-22 13:40:41.700 | INFO     | N/A | ⏳ 等待 Profile 更新任务...
2026-07-22 13:40:46.722 | INFO     | N/A | ⏳ 等待 Profile 更新任务...
2026-07-22 13:40:51.747 | INFO     | N/A | ⏳ 等待 Profile 更新任务...
2026-07-22 13:40:56.773 | INFO     | N/A | ⏳ 等待 Profile 更新任务...
2026-07-22 13:41:01.796 | INFO     | N/A | ⏳ 等待 Profile 更新任务...
2026-07-22 13:41:06.819 | INFO     | N/A | ⏳ 等待 Profile 更新任务...
2026-07-22 13:41:11.847 | INFO     | N/A | ⏳ 等待 Profile 更新任务...
2026-07-22 13:41:16.872 | INFO     | N/A | ⏳ 等待 Profile 更新任务...
2026-07-22 13:41:21.896 | INFO     | N/A | ⏳ 等待 Profile 更新任务...
2026-07-22 13:41:26.919 | INFO     | N/A | ⏳ 等待 Profile 更新任务...
2026-07-22 13:41:31.941 | INFO     | N/A | ⏳ 等待 Profile 更新任务...
2026-07-22 13:41:36.966 | INFO     | N/A | ⏳ 等待 Profile 更新任务...
2026-07-22 13:41:41.990 | INFO     | N/A | ⏳ 等待 Profile 更新任务...
2026-07-22 13:41:47.014 | INFO     | N/A | ⏳ 等待 Profile 更新任务...
2026-07-22 13:41:52.036 | INFO     | N/A | ⏳ 等待 Profile 更新任务...
2026-07-22 13:41:57.060 | INFO     | N/A | ⏳ 等待 Profile 更新任务...
2026-07-22 13:42:02.081 | INFO     | N/A | ⏳ 等待 Profile 更新任务...
2026-07-22 13:42:07.104 | INFO     | N/A | ⏳ 等待 Profile 更新任务...
2026-07-22 13:42:12.130 | INFO     | N/A | ⏳ 等待 Profile 更新任务...
2026-07-22 13:42:17.153 | INFO     | N/A | ⏳ 等待 Profile 更新任务...
2026-07-22 13:42:22.175 | INFO     | N/A | ⏳ 等待 Profile 更新任务...
2026-07-22 13:42:27.199 | INFO     | N/A | ⏳ 等待 Profile 更新任务...
2026-07-22 13:42:32.225 | INFO     | N/A | ⏳ 等待 Profile 更新任务...
2026-07-22 13:42:37.251 | INFO     | N/A | ⏳ 等待 Profile 更新任务...
2026-07-22 13:42:42.280 | INFO     | N/A | ⏳ 等待 Profile 更新任务...
2026-07-22 13:42:47.302 | INFO     | N/A | ⏳ 等待 Profile 更新任务...
2026-07-22 13:42:52.325 | INFO     | N/A | ⏳ 等待 Profile 更新任务...
2026-07-22 13:42:57.349 | INFO     | N/A | ⏳ 等待 Profile 更新任务...
2026-07-22 13:43:02.372 | INFO     | N/A | ⏳ 等待 Profile 更新任务...
2026-07-22 13:43:07.396 | INFO     | N/A | ⏳ 等待 Profile 更新任务...
2026-07-22 13:43:12.422 | INFO     | N/A | ⏳ 等待 Profile 更新任务...
2026-07-22 13:43:17.445 | INFO     | N/A | ⏳ 等待 Profile 更新任务...
2026-07-22 13:43:22.469 | INFO     | N/A | ⏳ 等待 Profile 更新任务...
2026-07-22 13:43:27.494 | INFO     | N/A | ⏳ 等待 Profile 更新任务...
2026-07-22 13:43:32.522 | INFO     | N/A | ⏳ 等待 Profile 更新任务...
2026-07-22 13:43:37.547 | INFO     | N/A | ⏳ 等待 Profile 更新任务...
2026-07-22 13:43:42.577 | INFO     | N/A | ⏳ 等待 Profile 更新任务...
2026-07-22 13:43:47.600 | INFO     | N/A | ⏳ 等待 Profile 更新任务...
2026-07-22 13:43:52.624 | INFO     | N/A | ⏳ 等待 Profile 更新任务...
2026-07-22 13:43:57.648 | INFO     | N/A | ⏳ 等待 Profile 更新任务...
2026-07-22 13:44:02.671 | INFO     | N/A | ⏳ 等待 Profile 更新任务...
2026-07-22 13:44:07.697 | INFO     | N/A | ⏳ 等待 Profile 更新任务...
2026-07-22 13:44:12.723 | INFO     | N/A | ⏳ 等待 Profile 更新任务...
2026-07-22 13:44:17.748 | INFO     | N/A | ⏳ 等待 Profile 更新任务...
2026-07-22 13:44:22.772 | INFO     | N/A | ⏳ 等待 Profile 更新任务...
2026-07-22 13:44:27.795 | INFO     | N/A | ⏳ 等待 Profile 更新任务...
2026-07-22 13:44:32.820 | INFO     | N/A | ⏳ 等待 Profile 更新任务...
2026-07-22 13:44:37.846 | INFO     | N/A | ⏳ 等待 Profile 更新任务...
2026-07-22 13:44:42.872 | INFO     | N/A | ⏳ 等待 Profile 更新任务...
2026-07-22 13:44:47.898 | INFO     | N/A | ⏳ 等待 Profile 更新任务...
2026-07-22 13:44:52.924 | INFO     | N/A | ⏳ 等待 Profile 更新任务...
2026-07-22 13:44:57.946 | INFO     | N/A | ⏳ 等待 Profile 更新任务...
2026-07-22 13:45:02.971 | INFO     | N/A | ⏳ 等待 Profile 更新任务...
2026-07-22 13:45:07.993 | INFO     | N/A | ⏳ 等待 Profile 更新任务...
2026-07-22 13:45:13.020 | INFO     | N/A | ⏳ 等待 Profile 更新任务...
2026-07-22 13:45:18.045 | INFO     | N/A | ⏳ 等待 Profile 更新任务...
2026-07-22 13:45:23.070 | INFO     | N/A | ⏳ 等待 Profile 更新任务...
2026-07-22 13:45:28.092 | INFO     | N/A | ⏳ 等待 Profile 更新任务...
2026-07-22 13:45:33.117 | INFO     | N/A | ⏳ 等待 Profile 更新任务...
2026-07-22 13:45:38.141 | INFO     | N/A | ⏳ 等待 Profile 更新任务...
2026-07-22 13:45:43.169 | INFO     | N/A | ⏳ 等待 Profile 更新任务...
2026-07-22 13:45:48.194 | INFO     | N/A | ⏳ 等待 Profile 更新任务...
2026-07-22 13:45:53.218 | INFO     | N/A | ⏳ 等待 Profile 更新任务...
2026-07-22 13:45:58.240 | INFO     | N/A | ⏳ 等待 Profile 更新任务...
2026-07-22 13:46:03.267 | INFO     | N/A | ⏳ 等待 Profile 更新任务...
2026-07-22 13:46:08.292 | INFO     | N/A | ⏳ 等待 Profile 更新任务...
2026-07-22 13:46:13.319 | INFO     | N/A | ⏳ 等待 Profile 更新任务...
2026-07-22 13:46:18.341 | INFO     | N/A | ⏳ 等待 Profile 更新任务...
2026-07-22 13:46:23.370 | INFO     | N/A | ⏳ 等待 Profile 更新任务...
2026-07-22 13:46:28.393 | INFO     | N/A | ⏳ 等待 Profile 更新任务...
2026-07-22 13:46:33.416 | INFO     | N/A | ⏳ 等待 Profile 更新任务...
2026-07-22 13:46:38.443 | INFO     | N/A | ⏳ 等待 Profile 更新任务...
2026-07-22 13:46:43.473 | INFO     | N/A | ⏳ 等待 Profile 更新任务...
2026-07-22 13:46:48.496 | INFO     | N/A | ⏳ 等待 Profile 更新任务...
2026-07-22 13:46:53.521 | INFO     | N/A | ⏳ 等待 Profile 更新任务...
2026-07-22 13:46:58.545 | INFO     | N/A | ⏳ 等待 Profile 更新任务...
2026-07-22 13:47:03.569 | INFO     | N/A | ⏳ 等待 Profile 更新任务...
2026-07-22 13:47:08.593 | INFO     | N/A | ⏳ 等待 Profile 更新任务...
2026-07-22 13:47:13.620 | INFO     | N/A | ⏳ 等待 Profile 更新任务...
2026-07-22 13:47:18.644 | INFO     | N/A | ⏳ 等待 Profile 更新任务...
2026-07-22 13:47:23.668 | INFO     | N/A | ⏳ 等待 Profile 更新任务...
2026-07-22 13:47:28.692 | INFO     | N/A | ⏳ 等待 Profile 更新任务...
2026-07-22 13:47:33.718 | INFO     | N/A | ⏳ 等待 Profile 更新任务...
2026-07-22 13:47:38.740 | INFO     | N/A | ⏳ 等待 Profile 更新任务...
2026-07-22 13:47:43.770 | INFO     | N/A | ⏳ 等待 Profile 更新任务...
2026-07-22 13:47:48.795 | INFO     | N/A | ⏳ 等待 Profile 更新任务...
2026-07-22 13:47:53.821 | INFO     | N/A | ⏳ 等待 Profile 更新任务...
2026-07-22 13:47:58.845 | INFO     | N/A | ⏳ 等待 Profile 更新任务...
2026-07-22 13:48:03.868 | INFO     | N/A | ⏳ 等待 Profile 更新任务...
2026-07-22 13:48:08.893 | INFO     | N/A | ⏳ 等待 Profile 更新任务...
2026-07-22 13:48:13.921 | INFO     | N/A | ⏳ 等待 Profile 更新任务...
2026-07-22 13:48:18.946 | INFO     | N/A | ⏳ 等待 Profile 更新任务...
2026-07-22 13:48:23.966 | INFO     | N/A | ⏳ 等待 Profile 更新任务...
2026-07-22 13:48:28.989 | INFO     | N/A | ⏳ 等待 Profile 更新任务...
2026-07-22 13:48:34.012 | INFO     | N/A | ⏳ 等待 Profile 更新任务...
2026-07-22 13:48:39.036 | INFO     | N/A | ⏳ 等待 Profile 更新任务...
2026-07-22 13:48:44.061 | INFO     | N/A | ⏳ 等待 Profile 更新任务...
2026-07-22 13:48:49.086 | INFO     | N/A | ⏳ 等待 Profile 更新任务...
2026-07-22 13:48:54.112 | INFO     | N/A | ⏳ 等待 Profile 更新任务...
2026-07-22 13:48:59.138 | INFO     | N/A | ⏳ 等待 Profile 更新任务...
2026-07-22 13:49:04.161 | INFO     | N/A | ⏳ 等待 Profile 更新任务...
2026-07-22 13:49:09.188 | INFO     | N/A | ⏳ 等待 Profile 更新任务...
2026-07-22 13:49:14.216 | INFO     | N/A | ⏳ 等待 Profile 更新任务...
2026-07-22 13:49:19.240 | INFO     | N/A | ⏳ 等待 Profile 更新任务...
2026-07-22 13:49:24.264 | INFO     | N/A | ⏳ 等待 Profile 更新任务...
2026-07-22 13:49:29.285 | INFO     | N/A | ⏳ 等待 Profile 更新任务...
2026-07-22 13:49:34.308 | INFO     | N/A | ⏳ 等待 Profile 更新任务...
2026-07-22 13:49:39.332 | INFO     | N/A | ⏳ 等待 Profile 更新任务...
2026-07-22 13:49:44.358 | INFO     | N/A | ⏳ 等待 Profile 更新任务...
2026-07-22 13:49:49.383 | INFO     | N/A | ⏳ 等待 Profile 更新任务...
2026-07-22 13:49:54.406 | INFO     | N/A | ⏳ 等待 Profile 更新任务...
2026-07-22 13:49:59.432 | INFO     | N/A | ⏳ 等待 Profile 更新任务...
2026-07-22 13:50:04.460 | INFO     | N/A | ⏳ 等待 Profile 更新任务...
2026-07-22 13:50:09.482 | INFO     | N/A | ⏳ 等待 Profile 更新任务...
2026-07-22 13:50:14.508 | INFO     | N/A | ⏳ 等待 Profile 更新任务...
2026-07-22 13:50:19.532 | INFO     | N/A | ⏳ 等待 Profile 更新任务...
2026-07-22 13:50:24.558 | INFO     | N/A | ⏳ 等待 Profile 更新任务...
2026-07-22 13:50:29.581 | INFO     | N/A | ⏳ 等待 Profile 更新任务...
2026-07-22 13:50:34.604 | INFO     | N/A | ⏳ 等待 Profile 更新任务...
2026-07-22 13:50:39.632 | INFO     | N/A | ⏳ 等待 Profile 更新任务...
2026-07-22 13:50:44.654 | INFO     | N/A | ⏳ 等待 Profile 更新任务...
2026-07-22 13:50:49.677 | INFO     | N/A | ⏳ 等待 Profile 更新任务...
2026-07-22 13:50:54.699 | INFO     | N/A | ⏳ 等待 Profile 更新任务...
2026-07-22 13:50:59.725 | INFO     | N/A | ⏳ 等待 Profile 更新任务...
2026-07-22 13:51:04.750 | INFO     | N/A | ⏳ 等待 Profile 更新任务...
2026-07-22 13:51:09.775 | INFO     | N/A | ⏳ 等待 Profile 更新任务...
2026-07-22 13:51:14.805 | INFO     | N/A | ⏳ 等待 Profile 更新任务...
2026-07-22 13:51:19.829 | INFO     | N/A | ⏳ 等待 Profile 更新任务...
2026-07-22 13:51:24.852 | INFO     | N/A | ⏳ 等待 Profile 更新任务...
2026-07-22 13:51:29.890 | INFO     | N/A | ⏳ 等待 Profile 更新任务...
2026-07-22 13:51:34.912 | INFO     | N/A | ⏳ 等待 Profile 更新任务...
2026-07-22 13:51:39.936 | INFO     | N/A | ⏳ 等待 Profile 更新任务...
2026-07-22 13:51:44.964 | INFO     | N/A | ⏳ 等待 Profile 更新任务...
2026-07-22 13:51:49.988 | INFO     | N/A | ⏳ 等待 Profile 更新任务...
2026-07-22 13:51:55.012 | INFO     | N/A | ⏳ 等待 Profile 更新任务...
2026-07-22 13:52:00.035 | INFO     | N/A | ⏳ 等待 Profile 更新任务...
2026-07-22 13:52:05.060 | INFO     | N/A | ⏳ 等待 Profile 更新任务...
2026-07-22 13:52:10.084 | INFO     | N/A | ⏳ 等待 Profile 更新任务...
2026-07-22 13:52:15.110 | INFO     | N/A | ⏳ 等待 Profile 更新任务...
2026-07-22 13:52:20.137 | INFO     | N/A | ⏳ 等待 Profile 更新任务...
2026-07-22 13:52:25.160 | INFO     | N/A | ⏳ 等待 Profile 更新任务...
2026-07-22 13:52:30.185 | INFO     | N/A | ⏳ 等待 Profile 更新任务...
2026-07-22 13:52:35.211 | INFO     | N/A | ⏳ 等待 Profile 更新任务...
2026-07-22 13:52:40.232 | INFO     | N/A | ⏳ 等待 Profile 更新任务...
2026-07-22 13:52:45.259 | INFO     | N/A | ⏳ 等待 Profile 更新任务...
2026-07-22 13:52:50.281 | INFO     | N/A | ⏳ 等待 Profile 更新任务...
2026-07-22 13:52:55.307 | INFO     | N/A | ⏳ 等待 Profile 更新任务...
2026-07-22 13:53:00.329 | INFO     | N/A | ⏳ 等待 Profile 更新任务...
2026-07-22 13:53:05.354 | INFO     | N/A | ⏳ 等待 Profile 更新任务...
2026-07-22 13:53:10.378 | INFO     | N/A | ⏳ 等待 Profile 更新任务...
2026-07-22 13:53:15.410 | INFO     | N/A | ⏳ 等待 Profile 更新任务...
2026-07-22 13:53:20.436 | INFO     | N/A | ⏳ 等待 Profile 更新任务...
2026-07-22 13:53:25.458 | INFO     | N/A | ⏳ 等待 Profile 更新任务...
2026-07-22 13:53:30.481 | INFO     | N/A | ⏳ 等待 Profile 更新任务...
2026-07-22 13:53:35.506 | INFO     | N/A | ⏳ 等待 Profile 更新任务...
2026-07-22 13:53:40.529 | INFO     | N/A | ⏳ 等待 Profile 更新任务...
2026-07-22 13:53:45.558 | INFO     | N/A | ⏳ 等待 Profile 更新任务...
2026-07-22 13:53:50.582 | INFO     | N/A | ⏳ 等待 Profile 更新任务...
2026-07-22 13:53:55.606 | INFO     | N/A | ⏳ 等待 Profile 更新任务...
2026-07-22 13:54:00.629 | INFO     | N/A | ⏳ 等待 Profile 更新任务...
2026-07-22 13:54:05.653 | INFO     | N/A | ⏳ 等待 Profile 更新任务...
2026-07-22 13:54:10.677 | INFO     | N/A | ⏳ 等待 Profile 更新任务...
2026-07-22 13:54:15.704 | INFO     | N/A | ⏳ 等待 Profile 更新任务...
2026-07-22 13:54:20.729 | INFO     | N/A | ⏳ 等待 Profile 更新任务...
2026-07-22 13:54:25.752 | INFO     | N/A | ⏳ 等待 Profile 更新任务...
2026-07-22 13:54:30.775 | INFO     | N/A | ⏳ 等待 Profile 更新任务...
2026-07-22 13:54:35.800 | INFO     | N/A | ⏳ 等待 Profile 更新任务...
2026-07-22 13:54:40.824 | INFO     | N/A | ⏳ 等待 Profile 更新任务...
2026-07-22 13:54:45.852 | INFO     | N/A | ⏳ 等待 Profile 更新任务...
2026-07-22 13:54:50.876 | INFO     | N/A | ⏳ 等待 Profile 更新任务...
2026-07-22 13:54:55.903 | INFO     | N/A | ⏳ 等待 Profile 更新任务...
2026-07-22 13:55:00.926 | INFO     | N/A | ⏳ 等待 Profile 更新任务...
2026-07-22 13:55:05.953 | INFO     | N/A | ⏳ 等待 Profile 更新任务...
2026-07-22 13:55:10.976 | INFO     | N/A | ⏳ 等待 Profile 更新任务...
2026-07-22 13:55:16.004 | INFO     | N/A | ⏳ 等待 Profile 更新任务...
2026-07-22 13:55:21.028 | INFO     | N/A | ⏳ 等待 Profile 更新任务...
2026-07-22 13:55:26.051 | INFO     | N/A | ⏳ 等待 Profile 更新任务...
2026-07-22 13:55:31.071 | INFO     | N/A | ⏳ 等待 Profile 更新任务...
2026-07-22 13:55:36.097 | INFO     | N/A | ⏳ 等待 Profile 更新任务...
2026-07-22 13:55:41.125 | INFO     | N/A | ⏳ 等待 Profile 更新任务...
2026-07-22 13:55:46.153 | INFO     | N/A | ⏳ 等待 Profile 更新任务...
2026-07-22 13:55:51.192 | INFO     | N/A | ⏳ 等待 Profile 更新任务...
2026-07-22 13:55:56.215 | INFO     | N/A | ⏳ 等待 Profile 更新任务...
2026-07-22 13:56:01.238 | INFO     | N/A | ⏳ 等待 Profile 更新任务...
2026-07-22 13:56:06.262 | INFO     | N/A | ⏳ 等待 Profile 更新任务...
2026-07-22 13:56:11.286 | INFO     | N/A | ⏳ 等待 Profile 更新任务...
2026-07-22 13:56:16.318 | INFO     | N/A | ⏳ 等待 Profile 更新任务...
2026-07-22 13:56:21.340 | INFO     | N/A | ⏳ 等待 Profile 更新任务...
2026-07-22 13:56:26.363 | INFO     | N/A | ⏳ 等待 Profile 更新任务...
2026-07-22 13:56:31.389 | INFO     | N/A | ⏳ 等待 Profile 更新任务...
2026-07-22 13:56:36.411 | INFO     | N/A | ⏳ 等待 Profile 更新任务...
2026-07-22 13:56:41.433 | INFO     | N/A | ⏳ 等待 Profile 更新任务...
2026-07-22 13:56:46.461 | INFO     | N/A | ⏳ 等待 Profile 更新任务...
2026-07-22 13:56:51.483 | INFO     | N/A | ⏳ 等待 Profile 更新任务...
2026-07-22 13:56:56.509 | INFO     | N/A | ⏳ 等待 Profile 更新任务...
2026-07-22 13:57:01.533 | INFO     | N/A | ⏳ 等待 Profile 更新任务...
2026-07-22 13:57:06.563 | INFO     | N/A | ⏳ 等待 Profile 更新任务...
2026-07-22 13:57:11.585 | INFO     | N/A | ⏳ 等待 Profile 更新任务...
2026-07-22 13:57:16.616 | INFO     | N/A | ⏳ 等待 Profile 更新任务...
2026-07-22 13:57:21.641 | INFO     | N/A | ⏳ 等待 Profile 更新任务...
2026-07-22 13:57:26.668 | INFO     | N/A | ⏳ 等待 Profile 更新任务...
2026-07-22 13:57:31.692 | INFO     | N/A | ⏳ 等待 Profile 更新任务...
2026-07-22 13:57:36.716 | INFO     | N/A | ⏳ 等待 Profile 更新任务...
2026-07-22 13:57:41.740 | INFO     | N/A | ⏳ 等待 Profile 更新任务...
2026-07-22 13:57:46.767 | INFO     | N/A | ⏳ 等待 Profile 更新任务...
2026-07-22 13:57:51.793 | INFO     | N/A | ⏳ 等待 Profile 更新任务...
2026-07-22 13:57:56.821 | INFO     | N/A | ⏳ 等待 Profile 更新任务...
2026-07-22 13:58:01.846 | INFO     | N/A | ⏳ 等待 Profile 更新任务...
2026-07-22 13:58:06.870 | INFO     | N/A | ⏳ 等待 Profile 更新任务...
2026-07-22 13:58:11.894 | INFO     | N/A | ⏳ 等待 Profile 更新任务...
2026-07-22 13:58:16.922 | INFO     | N/A | ⏳ 等待 Profile 更新任务...
2026-07-22 13:58:21.945 | INFO     | N/A | ⏳ 等待 Profile 更新任务...
2026-07-22 13:58:26.969 | INFO     | N/A | ⏳ 等待 Profile 更新任务...
2026-07-22 13:58:31.993 | INFO     | N/A | ⏳ 等待 Profile 更新任务...
2026-07-22 13:58:37.016 | INFO     | N/A | ⏳ 等待 Profile 更新任务...
2026-07-22 13:58:42.042 | INFO     | N/A | ⏳ 等待 Profile 更新任务...
2026-07-22 13:58:47.070 | INFO     | N/A | ⏳ 等待 Profile 更新任务...
2026-07-22 13:58:52.095 | INFO     | N/A | ⏳ 等待 Profile 更新任务...
2026-07-22 13:58:57.119 | INFO     | N/A | ⏳ 等待 Profile 更新任务...
2026-07-22 13:59:02.145 | INFO     | N/A | ⏳ 等待 Profile 更新任务...
2026-07-22 13:59:07.167 | INFO     | N/A | ⏳ 等待 Profile 更新任务...
2026-07-22 13:59:12.191 | INFO     | N/A | ⏳ 等待 Profile 更新任务...
2026-07-22 13:59:17.231 | INFO     | N/A | ⏳ 等待 Profile 更新任务...
2026-07-22 13:59:22.256 | INFO     | N/A | ⏳ 等待 Profile 更新任务...
2026-07-22 13:59:27.280 | INFO     | N/A | ⏳ 等待 Profile 更新任务...
2026-07-22 13:59:32.304 | INFO     | N/A | ⏳ 等待 Profile 更新任务...
2026-07-22 13:59:37.329 | INFO     | N/A | ⏳ 等待 Profile 更新任务...
2026-07-22 13:59:42.353 | INFO     | N/A | ⏳ 等待 Profile 更新任务...
2026-07-22 13:59:47.380 | INFO     | N/A | ⏳ 等待 Profile 更新任务...
2026-07-22 13:59:52.402 | INFO     | N/A | ⏳ 等待 Profile 更新任务...
2026-07-22 13:59:57.428 | INFO     | N/A | ⏳ 等待 Profile 更新任务...
2026-07-22 14:00:02.452 | INFO     | N/A | ⏳ 等待 Profile 更新任务...
2026-07-22 14:00:07.475 | INFO     | N/A | ⏳ 等待 Profile 更新任务...
2026-07-22 14:00:12.501 | INFO     | N/A | ⏳ 等待 Profile 更新任务...
2026-07-22 14:00:17.529 | INFO     | N/A | ⏳ 等待 Profile 更新任务...
2026-07-22 14:00:22.552 | INFO     | N/A | ⏳ 等待 Profile 更新任务...
2026-07-22 14:00:27.574 | INFO     | N/A | ⏳ 等待 Profile 更新任务...
2026-07-22 14:00:32.596 | INFO     | N/A | ⏳ 等待 Profile 更新任务...
2026-07-22 14:00:37.622 | INFO     | N/A | ⏳ 等待 Profile 更新任务...
2026-07-22 14:00:42.647 | INFO     | N/A | ⏳ 等待 Profile 更新任务...
2026-07-22 14:00:47.674 | INFO     | N/A | ⏳ 等待 Profile 更新任务...
2026-07-22 14:00:52.697 | INFO     | N/A | ⏳ 等待 Profile 更新任务...
2026-07-22 14:00:57.719 | INFO     | N/A | ⏳ 等待 Profile 更新任务...
2026-07-22 14:01:02.743 | INFO     | N/A | ⏳ 等待 Profile 更新任务...
2026-07-22 14:01:07.769 | INFO     | N/A | ⏳ 等待 Profile 更新任务...
2026-07-22 14:01:12.791 | INFO     | N/A | ⏳ 等待 Profile 更新任务...
2026-07-22 14:01:17.817 | INFO     | N/A | ⏳ 等待 Profile 更新任务...
2026-07-22 14:01:22.841 | INFO     | N/A | ⏳ 等待 Profile 更新任务...
2026-07-22 14:01:27.869 | INFO     | N/A | ⏳ 等待 Profile 更新任务...
2026-07-22 14:01:32.893 | INFO     | N/A | ⏳ 等待 Profile 更新任务...
2026-07-22 14:01:37.917 | INFO     | N/A | ⏳ 等待 Profile 更新任务...
2026-07-22 14:01:42.940 | INFO     | N/A | ⏳ 等待 Profile 更新任务...
2026-07-22 14:01:47.966 | INFO     | N/A | ⏳ 等待 Profile 更新任务...
2026-07-22 14:01:52.990 | INFO     | N/A | ⏳ 等待 Profile 更新任务...
2026-07-22 14:01:58.017 | INFO     | N/A | ⏳ 等待 Profile 更新任务...
2026-07-22 14:02:03.041 | INFO     | N/A | ⏳ 等待 Profile 更新任务...
2026-07-22 14:02:08.066 | INFO     | N/A | ⏳ 等待 Profile 更新任务...
2026-07-22 14:02:13.094 | INFO     | N/A | ⏳ 等待 Profile 更新任务...
2026-07-22 14:02:18.120 | INFO     | N/A | ⏳ 等待 Profile 更新任务...
2026-07-22 14:02:23.143 | INFO     | N/A | ⏳ 等待 Profile 更新任务...
2026-07-22 14:02:28.168 | INFO     | N/A | ⏳ 等待 Profile 更新任务...
2026-07-22 14:02:33.192 | INFO     | N/A | ⏳ 等待 Profile 更新任务...
2026-07-22 14:02:38.215 | INFO     | N/A | ⏳ 等待 Profile 更新任务...
2026-07-22 14:02:43.238 | INFO     | N/A | ⏳ 等待 Profile 更新任务...
2026-07-22 14:02:48.264 | INFO     | N/A | ⏳ 等待 Profile 更新任务...
2026-07-22 14:02:53.288 | INFO     | N/A | ⏳ 等待 Profile 更新任务...
2026-07-22 14:02:58.312 | INFO     | N/A | ⏳ 等待 Profile 更新任务...
2026-07-22 14:03:03.336 | INFO     | N/A | ⏳ 等待 Profile 更新任务...
2026-07-22 14:03:08.360 | INFO     | N/A | ⏳ 等待 Profile 更新任务...
2026-07-22 14:03:13.384 | INFO     | N/A | ⏳ 等待 Profile 更新任务...
2026-07-22 14:03:18.409 | INFO     | N/A | ⏳ 等待 Profile 更新任务...
2026-07-22 14:03:23.429 | INFO     | N/A | ⏳ 等待 Profile 更新任务...
2026-07-22 14:03:28.452 | INFO     | N/A | ⏳ 等待 Profile 更新任务...
2026-07-22 14:03:33.478 | INFO     | N/A | ⏳ 等待 Profile 更新任务...
2026-07-22 14:03:38.501 | INFO     | N/A | ⏳ 等待 Profile 更新任务...
2026-07-22 14:03:43.525 | INFO     | N/A | ⏳ 等待 Profile 更新任务...
2026-07-22 14:03:48.555 | INFO     | N/A | ⏳ 等待 Profile 更新任务...
2026-07-22 14:03:53.579 | INFO     | N/A | ⏳ 等待 Profile 更新任务...
2026-07-22 14:03:58.605 | INFO     | N/A | ⏳ 等待 Profile 更新任务...
2026-07-22 14:04:03.631 | INFO     | N/A | ⏳ 等待 Profile 更新任务...
2026-07-22 14:04:08.654 | INFO     | N/A | ⏳ 等待 Profile 更新任务...
2026-07-22 14:04:13.680 | INFO     | N/A | ⏳ 等待 Profile 更新任务...
2026-07-22 14:04:18.704 | INFO     | N/A | ⏳ 等待 Profile 更新任务...
2026-07-22 14:04:23.728 | INFO     | N/A | ⏳ 等待 Profile 更新任务...
2026-07-22 14:04:28.752 | INFO     | N/A | ⏳ 等待 Profile 更新任务...
2026-07-22 14:04:33.776 | INFO     | N/A | ⏳ 等待 Profile 更新任务...
2026-07-22 14:04:38.801 | INFO     | N/A | ⏳ 等待 Profile 更新任务...
2026-07-22 14:04:43.825 | INFO     | N/A | ⏳ 等待 Profile 更新任务...
2026-07-22 14:04:48.852 | INFO     | N/A | ⏳ 等待 Profile 更新任务...
2026-07-22 14:04:53.876 | INFO     | N/A | ⏳ 等待 Profile 更新任务...
2026-07-22 14:04:58.899 | INFO     | N/A | ⏳ 等待 Profile 更新任务...
2026-07-22 14:05:03.922 | INFO     | N/A | ⏳ 等待 Profile 更新任务...
2026-07-22 14:05:08.947 | INFO     | N/A | ⏳ 等待 Profile 更新任务...
2026-07-22 14:05:13.971 | INFO     | N/A | ⏳ 等待 Profile 更新任务...
2026-07-22 14:05:19.002 | INFO     | N/A | ⏳ 等待 Profile 更新任务...
2026-07-22 14:05:24.023 | INFO     | N/A | ⏳ 等待 Profile 更新任务...
2026-07-22 14:05:29.046 | INFO     | N/A | ⏳ 等待 Profile 更新任务...
2026-07-22 14:05:34.070 | INFO     | N/A | ⏳ 等待 Profile 更新任务...
2026-07-22 14:05:39.096 | INFO     | N/A | ⏳ 等待 Profile 更新任务...
2026-07-22 14:05:44.118 | INFO     | N/A | ⏳ 等待 Profile 更新任务...
2026-07-22 14:05:49.146 | INFO     | N/A | ⏳ 等待 Profile 更新任务...
2026-07-22 14:05:54.170 | INFO     | N/A | ⏳ 等待 Profile 更新任务...
2026-07-22 14:05:59.193 | INFO     | N/A | ⏳ 等待 Profile 更新任务...
2026-07-22 14:06:04.218 | INFO     | N/A | ⏳ 等待 Profile 更新任务...
2026-07-22 14:06:09.242 | INFO     | N/A | ⏳ 等待 Profile 更新任务...
2026-07-22 14:06:14.265 | INFO     | N/A | ⏳ 等待 Profile 更新任务...
2026-07-22 14:06:19.297 | INFO     | N/A | ⏳ 等待 Profile 更新任务...
2026-07-22 14:06:24.320 | INFO     | N/A | ⏳ 等待 Profile 更新任务...
2026-07-22 14:06:29.345 | INFO     | N/A | ⏳ 等待 Profile 更新任务...
2026-07-22 14:06:34.368 | INFO     | N/A | ⏳ 等待 Profile 更新任务...
2026-07-22 14:06:39.393 | INFO     | N/A | ⏳ 等待 Profile 更新任务...
2026-07-22 14:06:44.418 | INFO     | N/A | ⏳ 等待 Profile 更新任务...
2026-07-22 14:06:49.445 | INFO     | N/A | ⏳ 等待 Profile 更新任务...
2026-07-22 14:06:54.469 | INFO     | N/A | ⏳ 等待 Profile 更新任务...
2026-07-22 14:06:59.493 | INFO     | N/A | ⏳ 等待 Profile 更新任务...
2026-07-22 14:07:04.516 | INFO     | N/A | ⏳ 等待 Profile 更新任务...
2026-07-22 14:07:09.540 | INFO     | N/A | ⏳ 等待 Profile 更新任务...
2026-07-22 14:07:14.566 | INFO     | N/A | ⏳ 等待 Profile 更新任务...
2026-07-22 14:07:19.595 | INFO     | N/A | ⏳ 等待 Profile 更新任务...
2026-07-22 14:07:24.618 | INFO     | N/A | ⏳ 等待 Profile 更新任务...
2026-07-22 14:07:29.641 | INFO     | N/A | ⏳ 等待 Profile 更新任务...
2026-07-22 14:07:34.664 | INFO     | N/A | ⏳ 等待 Profile 更新任务...
2026-07-22 14:07:39.691 | INFO     | N/A | ⏳ 等待 Profile 更新任务...
2026-07-22 14:07:44.714 | INFO     | N/A | ⏳ 等待 Profile 更新任务...
2026-07-22 14:07:49.739 | INFO     | N/A | ⏳ 等待 Profile 更新任务...
2026-07-22 14:07:54.762 | INFO     | N/A | ⏳ 等待 Profile 更新任务...
2026-07-22 14:07:59.788 | INFO     | N/A | ⏳ 等待 Profile 更新任务...
2026-07-22 14:08:04.811 | INFO     | N/A | ⏳ 等待 Profile 更新任务...
2026-07-22 14:08:09.834 | INFO     | N/A | ⏳ 等待 Profile 更新任务...
2026-07-22 14:08:14.856 | INFO     | N/A | ⏳ 等待 Profile 更新任务...
2026-07-22 14:08:19.885 | INFO     | N/A | ⏳ 等待 Profile 更新任务...
2026-07-22 14:08:24.909 | INFO     | N/A | ⏳ 等待 Profile 更新任务...
2026-07-22 14:08:29.935 | INFO     | N/A | ⏳ 等待 Profile 更新任务...
2026-07-22 14:08:34.960 | INFO     | N/A | ⏳ 等待 Profile 更新任务...
2026-07-22 14:08:39.983 | INFO     | N/A | ⏳ 等待 Profile 更新任务...
2026-07-22 14:08:45.008 | INFO     | N/A | ⏳ 等待 Profile 更新任务...
2026-07-22 14:08:50.033 | INFO     | N/A | ⏳ 等待 Profile 更新任务...
2026-07-22 14:08:55.058 | INFO     | N/A | ⏳ 等待 Profile 更新任务...
2026-07-22 14:09:00.081 | INFO     | N/A | ⏳ 等待 Profile 更新任务...
2026-07-22 14:09:05.105 | INFO     | N/A | ⏳ 等待 Profile 更新任务...
2026-07-22 14:09:10.130 | INFO     | N/A | ⏳ 等待 Profile 更新任务...
2026-07-22 14:09:15.155 | INFO     | N/A | ⏳ 等待 Profile 更新任务...
2026-07-22 14:09:20.182 | INFO     | N/A | ⏳ 等待 Profile 更新任务...
2026-07-22 14:09:25.205 | INFO     | N/A | ⏳ 等待 Profile 更新任务...
2026-07-22 14:09:30.229 | INFO     | N/A | ⏳ 等待 Profile 更新任务...
2026-07-22 14:09:35.254 | INFO     | N/A | ⏳ 等待 Profile 更新任务...
2026-07-22 14:09:40.277 | INFO     | N/A | ⏳ 等待 Profile 更新任务...
2026-07-22 14:09:45.301 | INFO     | N/A | ⏳ 等待 Profile 更新任务...
2026-07-22 14:09:50.327 | INFO     | N/A | ⏳ 等待 Profile 更新任务...
2026-07-22 14:09:55.353 | INFO     | N/A | ⏳ 等待 Profile 更新任务...
2026-07-22 14:10:00.375 | INFO     | N/A | ⏳ 等待 Profile 更新任务...
2026-07-22 14:10:05.400 | INFO     | N/A | ⏳ 等待 Profile 更新任务...
2026-07-22 14:10:10.421 | INFO     | N/A | ⏳ 等待 Profile 更新任务...
2026-07-22 14:10:15.444 | INFO     | N/A | ⏳ 等待 Profile 更新任务...
2026-07-22 14:10:20.476 | INFO     | N/A | ⏳ 等待 Profile 更新任务...
2026-07-22 14:10:25.498 | INFO     | N/A | ⏳ 等待 Profile 更新任务...
2026-07-22 14:10:30.521 | INFO     | N/A | ⏳ 等待 Profile 更新任务...
2026-07-22 14:10:35.541 | INFO     | N/A | ⏳ 等待 Profile 更新任务...
2026-07-22 14:10:40.564 | INFO     | N/A | ⏳ 等待 Profile 更新任务...
2026-07-22 14:10:45.589 | INFO     | N/A | ⏳ 等待 Profile 更新任务...
2026-07-22 14:10:50.619 | INFO     | N/A | ⏳ 等待 Profile 更新任务...
2026-07-22 14:10:55.643 | INFO     | N/A | ⏳ 等待 Profile 更新任务...
2026-07-22 14:11:00.667 | INFO     | N/A | ⏳ 等待 Profile 更新任务...
2026-07-22 14:11:05.691 | INFO     | N/A | ⏳ 等待 Profile 更新任务...
2026-07-22 14:11:10.714 | INFO     | N/A | ⏳ 等待 Profile 更新任务...
2026-07-22 14:11:15.739 | INFO     | N/A | ⏳ 等待 Profile 更新任务...
2026-07-22 14:11:20.768 | INFO     | N/A | ⏳ 等待 Profile 更新任务...
2026-07-22 14:11:25.792 | INFO     | N/A | ⏳ 等待 Profile 更新任务...
2026-07-22 14:11:30.816 | INFO     | N/A | ⏳ 等待 Profile 更新任务...
2026-07-22 14:11:35.839 | INFO     | N/A | ⏳ 等待 Profile 更新任务...
2026-07-22 14:11:40.862 | INFO     | N/A | ⏳ 等待 Profile 更新任务...
2026-07-22 14:11:45.884 | INFO     | N/A | ⏳ 等待 Profile 更新任务...
2026-07-22 14:11:50.913 | INFO     | N/A | ⏳ 等待 Profile 更新任务...
2026-07-22 14:11:55.938 | INFO     | N/A | ⏳ 等待 Profile 更新任务...
2026-07-22 14:12:00.964 | INFO     | N/A | ⏳ 等待 Profile 更新任务...
2026-07-22 14:12:05.989 | INFO     | N/A | ⏳ 等待 Profile 更新任务...
2026-07-22 14:12:11.013 | INFO     | N/A | ⏳ 等待 Profile 更新任务...
2026-07-22 14:12:16.038 | INFO     | N/A | ⏳ 等待 Profile 更新任务...
2026-07-22 14:12:21.063 | INFO     | N/A | ⏳ 等待 Profile 更新任务...
2026-07-22 14:12:26.086 | INFO     | N/A | ⏳ 等待 Profile 更新任务...
2026-07-22 14:12:31.106 | INFO     | N/A | ⏳ 等待 Profile 更新任务...
2026-07-22 14:12:36.128 | INFO     | N/A | ⏳ 等待 Profile 更新任务...
2026-07-22 14:12:41.150 | INFO     | N/A | ⏳ 等待 Profile 更新任务...
2026-07-22 14:12:46.176 | INFO     | N/A | ⏳ 等待 Profile 更新任务...
2026-07-22 14:12:51.200 | INFO     | N/A | ⏳ 等待 Profile 更新任务...
2026-07-22 14:12:56.223 | INFO     | N/A | ⏳ 等待 Profile 更新任务...
2026-07-22 14:13:01.245 | INFO     | N/A | ⏳ 等待 Profile 更新任务...
2026-07-22 14:13:06.270 | INFO     | N/A | ⏳ 等待 Profile 更新任务...
2026-07-22 14:13:11.293 | INFO     | N/A | ⏳ 等待 Profile 更新任务...
2026-07-22 14:13:16.324 | INFO     | N/A | ⏳ 等待 Profile 更新任务...
2026-07-22 14:13:21.350 | INFO     | N/A | ⏳ 等待 Profile 更新任务...
2026-07-22 14:13:26.373 | INFO     | N/A | ⏳ 等待 Profile 更新任务...
2026-07-22 14:13:31.398 | INFO     | N/A | ⏳ 等待 Profile 更新任务...
2026-07-22 14:13:36.419 | INFO     | N/A | ⏳ 等待 Profile 更新任务...
2026-07-22 14:13:41.444 | INFO     | N/A | ⏳ 等待 Profile 更新任务...
2026-07-22 14:13:46.467 | INFO     | N/A | ⏳ 等待 Profile 更新任务...
2026-07-22 14:13:51.494 | INFO     | N/A | ⏳ 等待 Profile 更新任务...
2026-07-22 14:13:56.518 | INFO     | N/A | ⏳ 等待 Profile 更新任务...
2026-07-22 14:14:01.543 | INFO     | N/A | ⏳ 等待 Profile 更新任务...
2026-07-22 14:14:06.567 | INFO     | N/A | ⏳ 等待 Profile 更新任务...
2026-07-22 14:14:11.591 | INFO     | N/A | ⏳ 等待 Profile 更新任务...
2026-07-22 14:14:16.617 | INFO     | N/A | ⏳ 等待 Profile 更新任务...
2026-07-22 14:14:21.646 | INFO     | N/A | ⏳ 等待 Profile 更新任务...
2026-07-22 14:14:26.670 | INFO     | N/A | ⏳ 等待 Profile 更新任务...
2026-07-22 14:14:31.693 | INFO     | N/A | ⏳ 等待 Profile 更新任务...
2026-07-22 14:14:36.715 | INFO     | N/A | ⏳ 等待 Profile 更新任务...
2026-07-22 14:14:41.739 | INFO     | N/A | ⏳ 等待 Profile 更新任务...
2026-07-22 14:14:46.764 | INFO     | N/A | ⏳ 等待 Profile 更新任务...
2026-07-22 14:14:51.788 | INFO     | N/A | ⏳ 等待 Profile 更新任务...
2026-07-22 14:14:56.814 | INFO     | N/A | ⏳ 等待 Profile 更新任务...
2026-07-22 14:15:01.837 | INFO     | N/A | ⏳ 等待 Profile 更新任务...
2026-07-22 14:15:06.860 | INFO     | N/A | ⏳ 等待 Profile 更新任务...
2026-07-22 14:15:11.884 | INFO     | N/A | ⏳ 等待 Profile 更新任务...
2026-07-22 14:15:16.910 | INFO     | N/A | ⏳ 等待 Profile 更新任务...
2026-07-22 14:15:21.938 | INFO     | N/A | ⏳ 等待 Profile 更新任务...
2026-07-22 14:15:26.962 | INFO     | N/A | ⏳ 等待 Profile 更新任务...
2026-07-22 14:15:31.984 | INFO     | N/A | ⏳ 等待 Profile 更新任务...
2026-07-22 14:15:37.009 | INFO     | N/A | ⏳ 等待 Profile 更新任务...
2026-07-22 14:15:42.034 | INFO     | N/A | ⏳ 等待 Profile 更新任务...
2026-07-22 14:15:47.058 | INFO     | N/A | ⏳ 等待 Profile 更新任务...
2026-07-22 14:15:52.086 | INFO     | N/A | ⏳ 等待 Profile 更新任务...
2026-07-22 14:15:57.110 | INFO     | N/A | ⏳ 等待 Profile 更新任务...
2026-07-22 14:16:02.135 | INFO     | N/A | ⏳ 等待 Profile 更新任务...
2026-07-22 14:16:07.160 | INFO     | N/A | ⏳ 等待 Profile 更新任务...
2026-07-22 14:16:12.186 | INFO     | N/A | ⏳ 等待 Profile 更新任务...
2026-07-22 14:16:17.208 | INFO     | N/A | ⏳ 等待 Profile 更新任务...
2026-07-22 14:16:22.233 | INFO     | N/A | ⏳ 等待 Profile 更新任务...
2026-07-22 14:16:27.257 | INFO     | N/A | ⏳ 等待 Profile 更新任务...
2026-07-22 14:16:32.279 | INFO     | N/A | ⏳ 等待 Profile 更新任务...
2026-07-22 14:16:37.302 | INFO     | N/A | ⏳ 等待 Profile 更新任务...
2026-07-22 14:16:42.326 | INFO     | N/A | ⏳ 等待 Profile 更新任务...
2026-07-22 14:16:47.351 | INFO     | N/A | ⏳ 等待 Profile 更新任务...
2026-07-22 14:16:52.377 | INFO     | N/A | ⏳ 等待 Profile 更新任务...
2026-07-22 14:16:57.403 | INFO     | N/A | ⏳ 等待 Profile 更新任务...
2026-07-22 14:17:02.425 | INFO     | N/A | ⏳ 等待 Profile 更新任务...
2026-07-22 14:17:07.451 | INFO     | N/A | ⏳ 等待 Profile 更新任务...
2026-07-22 14:17:12.474 | INFO     | N/A | ⏳ 等待 Profile 更新任务...
2026-07-22 14:17:17.498 | INFO     | N/A | ⏳ 等待 Profile 更新任务...
2026-07-22 14:17:22.522 | INFO     | N/A | ⏳ 等待 Profile 更新任务...
2026-07-22 14:17:27.557 | INFO     | N/A | ⏳ 等待 Profile 更新任务...
2026-07-22 14:17:32.584 | INFO     | N/A | ⏳ 等待 Profile 更新任务...
2026-07-22 14:17:37.608 | INFO     | N/A | ⏳ 等待 Profile 更新任务...
2026-07-22 14:17:42.631 | INFO     | N/A | ⏳ 等待 Profile 更新任务...
2026-07-22 14:17:47.655 | INFO     | N/A | ⏳ 等待 Profile 更新任务...
2026-07-22 14:17:52.681 | INFO     | N/A | ⏳ 等待 Profile 更新任务...
2026-07-22 14:17:57.703 | INFO     | N/A | ⏳ 等待 Profile 更新任务...
2026-07-22 14:18:02.729 | INFO     | N/A | ⏳ 等待 Profile 更新任务...
2026-07-22 14:18:07.752 | INFO     | N/A | ⏳ 等待 Profile 更新任务...
2026-07-22 14:18:12.776 | INFO     | N/A | ⏳ 等待 Profile 更新任务...
2026-07-22 14:18:17.789 | INFO     | N/A | ⏳ 等待 Profile 更新任务...
2026-07-22 14:18:22.824 | INFO     | N/A | ⏳ 等待 Profile 更新任务...
2026-07-22 14:18:27.852 | INFO     | N/A | ⏳ 等待 Profile 更新任务...
2026-07-22 14:18:32.873 | INFO     | N/A | ⏳ 等待 Profile 更新任务...
2026-07-22 14:18:37.896 | INFO     | N/A | ⏳ 等待 Profile 更新任务...
2026-07-22 14:18:42.918 | INFO     | N/A | ⏳ 等待 Profile 更新任务...
2026-07-22 14:18:47.946 | INFO     | N/A | ⏳ 等待 Profile 更新任务...
2026-07-22 14:18:52.970 | INFO     | N/A | ⏳ 等待 Profile 更新任务...
2026-07-22 14:18:57.994 | INFO     | N/A | ⏳ 等待 Profile 更新任务...
2026-07-22 14:19:03.021 | INFO     | N/A | ⏳ 等待 Profile 更新任务...
2026-07-22 14:19:08.044 | INFO     | N/A | ⏳ 等待 Profile 更新任务...
2026-07-22 14:19:13.066 | INFO     | N/A | ⏳ 等待 Profile 更新任务...
2026-07-22 14:19:18.087 | INFO     | N/A | ⏳ 等待 Profile 更新任务...
2026-07-22 14:19:23.116 | INFO     | N/A | ⏳ 等待 Profile 更新任务...
2026-07-22 14:19:28.141 | INFO     | N/A | ⏳ 等待 Profile 更新任务...
2026-07-22 14:19:33.164 | INFO     | N/A | ⏳ 等待 Profile 更新任务...
2026-07-22 14:19:38.190 | INFO     | N/A | ⏳ 等待 Profile 更新任务...
2026-07-22 14:19:43.212 | INFO     | N/A | ⏳ 等待 Profile 更新任务...
2026-07-22 14:19:48.238 | INFO     | N/A | ⏳ 等待 Profile 更新任务...
2026-07-22 14:19:53.264 | INFO     | N/A | ⏳ 等待 Profile 更新任务...
2026-07-22 14:19:58.292 | INFO     | N/A | ⏳ 等待 Profile 更新任务...
2026-07-22 14:20:03.320 | INFO     | N/A | ⏳ 等待 Profile 更新任务...
2026-07-22 14:20:08.345 | INFO     | N/A | ⏳ 等待 Profile 更新任务...
2026-07-22 14:20:13.368 | INFO     | N/A | ⏳ 等待 Profile 更新任务...
2026-07-22 14:20:18.394 | INFO     | N/A | ⏳ 等待 Profile 更新任务...
2026-07-22 14:20:23.417 | INFO     | N/A | ⏳ 等待 Profile 更新任务...
2026-07-22 14:20:28.443 | INFO     | N/A | ⏳ 等待 Profile 更新任务...
2026-07-22 14:20:33.468 | INFO     | N/A | ⏳ 等待 Profile 更新任务...
2026-07-22 14:20:38.490 | INFO     | N/A | ⏳ 等待 Profile 更新任务...
2026-07-22 14:20:43.515 | INFO     | N/A | ⏳ 等待 Profile 更新任务...
2026-07-22 14:20:48.543 | INFO     | N/A | ⏳ 等待 Profile 更新任务...
2026-07-22 14:20:53.568 | INFO     | N/A | ⏳ 等待 Profile 更新任务...
2026-07-22 14:20:58.592 | INFO     | N/A | ⏳ 等待 Profile 更新任务...
2026-07-22 14:21:03.616 | INFO     | N/A | ⏳ 等待 Profile 更新任务...
2026-07-22 14:21:08.640 | INFO     | N/A | ⏳ 等待 Profile 更新任务...
2026-07-22 14:21:13.663 | INFO     | N/A | ⏳ 等待 Profile 更新任务...
2026-07-22 14:21:18.688 | INFO     | N/A | ⏳ 等待 Profile 更新任务...
2026-07-22 14:21:23.711 | INFO     | N/A | ⏳ 等待 Profile 更新任务...
2026-07-22 14:21:28.733 | INFO     | N/A | ⏳ 等待 Profile 更新任务...
2026-07-22 14:21:33.759 | INFO     | N/A | ⏳ 等待 Profile 更新任务...
2026-07-22 14:21:38.782 | INFO     | N/A | ⏳ 等待 Profile 更新任务...
2026-07-22 14:21:43.809 | INFO     | N/A | ⏳ 等待 Profile 更新任务...
2026-07-22 14:21:48.835 | INFO     | N/A | ⏳ 等待 Profile 更新任务...
2026-07-22 14:21:53.860 | INFO     | N/A | ⏳ 等待 Profile 更新任务...
2026-07-22 14:21:58.895 | INFO     | N/A | ⏳ 等待 Profile 更新任务...
2026-07-22 14:22:03.917 | INFO     | N/A | ⏳ 等待 Profile 更新任务...
2026-07-22 14:22:08.939 | INFO     | N/A | ⏳ 等待 Profile 更新任务...
2026-07-22 14:22:13.963 | INFO     | N/A | ⏳ 等待 Profile 更新任务...
2026-07-22 14:22:18.988 | INFO     | N/A | ⏳ 等待 Profile 更新任务...
2026-07-22 14:22:24.012 | INFO     | N/A | ⏳ 等待 Profile 更新任务...
2026-07-22 14:22:29.036 | INFO     | N/A | ⏳ 等待 Profile 更新任务...
2026-07-22 14:22:34.059 | INFO     | N/A | ⏳ 等待 Profile 更新任务...
2026-07-22 14:22:39.082 | INFO     | N/A | ⏳ 等待 Profile 更新任务...
2026-07-22 14:22:44.106 | INFO     | N/A | ⏳ 等待 Profile 更新任务...
2026-07-22 14:22:49.132 | INFO     | N/A | ⏳ 等待 Profile 更新任务...
2026-07-22 14:22:54.156 | INFO     | N/A | ⏳ 等待 Profile 更新任务...
2026-07-22 14:22:59.181 | INFO     | N/A | ⏳ 等待 Profile 更新任务...
2026-07-22 14:23:04.205 | INFO     | N/A | ⏳ 等待 Profile 更新任务...
2026-07-22 14:23:09.229 | INFO     | N/A | ⏳ 等待 Profile 更新任务...
2026-07-22 14:23:14.255 | INFO     | N/A | ⏳ 等待 Profile 更新任务...
2026-07-22 14:23:19.282 | INFO     | N/A | ⏳ 等待 Profile 更新任务...
2026-07-22 14:23:24.306 | INFO     | N/A | ⏳ 等待 Profile 更新任务...
2026-07-22 14:23:29.330 | INFO     | N/A | ⏳ 等待 Profile 更新任务...
2026-07-22 14:23:34.353 | INFO     | N/A | ⏳ 等待 Profile 更新任务...
2026-07-22 14:23:39.377 | INFO     | N/A | ⏳ 等待 Profile 更新任务...
2026-07-22 14:23:44.400 | INFO     | N/A | ⏳ 等待 Profile 更新任务...
2026-07-22 14:23:49.427 | INFO     | N/A | ⏳ 等待 Profile 更新任务...
2026-07-22 14:23:54.452 | INFO     | N/A | ⏳ 等待 Profile 更新任务...
2026-07-22 14:23:59.479 | INFO     | N/A | ⏳ 等待 Profile 更新任务...
2026-07-22 14:24:04.505 | INFO     | N/A | ⏳ 等待 Profile 更新任务...
2026-07-22 14:24:09.530 | INFO     | N/A | ⏳ 等待 Profile 更新任务...
2026-07-22 14:24:14.554 | INFO     | N/A | ⏳ 等待 Profile 更新任务...
2026-07-22 14:24:19.586 | INFO     | N/A | ⏳ 等待 Profile 更新任务...
2026-07-22 14:24:24.611 | INFO     | N/A | ⏳ 等待 Profile 更新任务...
2026-07-22 14:24:29.637 | INFO     | N/A | ⏳ 等待 Profile 更新任务...
2026-07-22 14:24:34.662 | INFO     | N/A | ⏳ 等待 Profile 更新任务...
2026-07-22 14:24:39.686 | INFO     | N/A | ⏳ 等待 Profile 更新任务...
2026-07-22 14:24:44.708 | INFO     | N/A | ⏳ 等待 Profile 更新任务...
2026-07-22 14:24:49.736 | INFO     | N/A | ⏳ 等待 Profile 更新任务...
2026-07-22 14:24:54.759 | INFO     | N/A | ⏳ 等待 Profile 更新任务...
2026-07-22 14:24:59.783 | INFO     | N/A | ⏳ 等待 Profile 更新任务...
2026-07-22 14:25:04.807 | INFO     | N/A | ⏳ 等待 Profile 更新任务...
2026-07-22 14:25:09.830 | INFO     | N/A | ⏳ 等待 Profile 更新任务...
2026-07-22 14:25:14.854 | INFO     | N/A | ⏳ 等待 Profile 更新任务...
2026-07-22 14:25:19.885 | INFO     | N/A | ⏳ 等待 Profile 更新任务...
2026-07-22 14:25:24.909 | INFO     | N/A | ⏳ 等待 Profile 更新任务...
2026-07-22 14:25:29.932 | INFO     | N/A | ⏳ 等待 Profile 更新任务...
2026-07-22 14:25:34.956 | INFO     | N/A | ⏳ 等待 Profile 更新任务...
2026-07-22 14:25:39.979 | INFO     | N/A | ⏳ 等待 Profile 更新任务...
2026-07-22 14:25:45.002 | INFO     | N/A | ⏳ 等待 Profile 更新任务...
2026-07-22 14:25:50.031 | INFO     | N/A | ⏳ 等待 Profile 更新任务...
2026-07-22 14:25:55.057 | INFO     | N/A | ⏳ 等待 Profile 更新任务...
2026-07-22 14:26:00.081 | INFO     | N/A | ⏳ 等待 Profile 更新任务...
2026-07-22 14:26:05.103 | INFO     | N/A | ⏳ 等待 Profile 更新任务...
2026-07-22 14:26:10.127 | INFO     | N/A | ⏳ 等待 Profile 更新任务...
2026-07-22 14:26:15.149 | INFO     | N/A | ⏳ 等待 Profile 更新任务...
2026-07-22 14:26:20.174 | INFO     | N/A | ⏳ 等待 Profile 更新任务...
2026-07-22 14:26:25.198 | INFO     | N/A | ⏳ 等待 Profile 更新任务...
2026-07-22 14:26:30.223 | INFO     | N/A | ⏳ 等待 Profile 更新任务...
2026-07-22 14:26:35.249 | INFO     | N/A | ⏳ 等待 Profile 更新任务...
2026-07-22 14:26:40.272 | INFO     | N/A | ⏳ 等待 Profile 更新任务...
2026-07-22 14:26:45.296 | INFO     | N/A | ⏳ 等待 Profile 更新任务...
2026-07-22 14:26:50.325 | INFO     | N/A | ⏳ 等待 Profile 更新任务...
2026-07-22 14:26:55.349 | INFO     | N/A | ⏳ 等待 Profile 更新任务...
2026-07-22 14:27:00.373 | INFO     | N/A | ⏳ 等待 Profile 更新任务...
2026-07-22 14:27:05.398 | INFO     | N/A | ⏳ 等待 Profile 更新任务...
2026-07-22 14:27:10.421 | INFO     | N/A | ⏳ 等待 Profile 更新任务...
2026-07-22 14:27:15.446 | INFO     | N/A | ⏳ 等待 Profile 更新任务...
2026-07-22 14:27:20.475 | INFO     | N/A | ⏳ 等待 Profile 更新任务...
2026-07-22 14:27:25.501 | INFO     | N/A | ⏳ 等待 Profile 更新任务...
2026-07-22 14:27:30.523 | INFO     | N/A | ⏳ 等待 Profile 更新任务...
2026-07-22 14:27:35.545 | INFO     | N/A | ⏳ 等待 Profile 更新任务...
2026-07-22 14:27:40.569 | INFO     | N/A | ⏳ 等待 Profile 更新任务...
2026-07-22 14:27:45.592 | INFO     | N/A | ⏳ 等待 Profile 更新任务...
2026-07-22 14:27:50.619 | INFO     | N/A | ⏳ 等待 Profile 更新任务...
2026-07-22 14:27:55.645 | INFO     | N/A | ⏳ 等待 Profile 更新任务...
2026-07-22 14:28:00.668 | INFO     | N/A | ⏳ 等待 Profile 更新任务...
2026-07-22 14:28:05.691 | INFO     | N/A | ⏳ 等待 Profile 更新任务...
2026-07-22 14:28:10.714 | INFO     | N/A | ⏳ 等待 Profile 更新任务...
2026-07-22 14:28:15.738 | INFO     | N/A | ⏳ 等待 Profile 更新任务...
2026-07-22 14:28:20.762 | INFO     | N/A | ⏳ 等待 Profile 更新任务...
2026-07-22 14:28:25.788 | INFO     | N/A | ⏳ 等待 Profile 更新任务...
2026-07-22 14:28:30.813 | INFO     | N/A | ⏳ 等待 Profile 更新任务...
2026-07-22 14:28:35.837 | INFO     | N/A | ⏳ 等待 Profile 更新任务...
2026-07-22 14:28:40.861 | INFO     | N/A | ⏳ 等待 Profile 更新任务...
2026-07-22 14:28:45.883 | INFO     | N/A | ⏳ 等待 Profile 更新任务...
2026-07-22 14:28:50.913 | INFO     | N/A | ⏳ 等待 Profile 更新任务...
2026-07-22 14:28:55.938 | INFO     | N/A | ⏳ 等待 Profile 更新任务...
2026-07-22 14:29:00.961 | INFO     | N/A | ⏳ 等待 Profile 更新任务...
2026-07-22 14:29:05.986 | INFO     | N/A | ⏳ 等待 Profile 更新任务...
2026-07-22 14:29:11.010 | INFO     | N/A | ⏳ 等待 Profile 更新任务...
2026-07-22 14:29:16.032 | INFO     | N/A | ⏳ 等待 Profile 更新任务...
2026-07-22 14:29:21.061 | INFO     | N/A | ⏳ 等待 Profile 更新任务...
2026-07-22 14:29:26.086 | INFO     | N/A | ⏳ 等待 Profile 更新任务...
2026-07-22 14:29:31.109 | INFO     | N/A | ⏳ 等待 Profile 更新任务...
2026-07-22 14:29:36.133 | INFO     | N/A | ⏳ 等待 Profile 更新任务...
2026-07-22 14:29:41.157 | INFO     | N/A | ⏳ 等待 Profile 更新任务...
2026-07-22 14:29:46.180 | INFO     | N/A | ⏳ 等待 Profile 更新任务...
2026-07-22 14:29:51.207 | INFO     | N/A | ⏳ 等待 Profile 更新任务...
2026-07-22 14:29:56.231 | INFO     | N/A | ⏳ 等待 Profile 更新任务...
2026-07-22 14:30:01.256 | INFO     | N/A | ⏳ 等待 Profile 更新任务...
2026-07-22 14:30:06.281 | INFO     | N/A | ⏳ 等待 Profile 更新任务...
2026-07-22 14:30:11.304 | INFO     | N/A | ⏳ 等待 Profile 更新任务...
2026-07-22 14:30:16.326 | INFO     | N/A | ⏳ 等待 Profile 更新任务...
2026-07-22 14:30:21.356 | INFO     | N/A | ⏳ 等待 Profile 更新任务...
2026-07-22 14:30:26.381 | INFO     | N/A | ⏳ 等待 Profile 更新任务...
2026-07-22 14:30:31.405 | INFO     | N/A | ⏳ 等待 Profile 更新任务...
2026-07-22 14:30:36.429 | INFO     | N/A | ⏳ 等待 Profile 更新任务...
2026-07-22 14:30:41.452 | INFO     | N/A | ⏳ 等待 Profile 更新任务...
2026-07-22 14:30:46.476 | INFO     | N/A | ⏳ 等待 Profile 更新任务...
2026-07-22 14:30:51.503 | INFO     | N/A | ⏳ 等待 Profile 更新任务...
2026-07-22 14:30:56.526 | INFO     | N/A | ⏳ 等待 Profile 更新任务...
2026-07-22 14:31:01.551 | INFO     | N/A | ⏳ 等待 Profile 更新任务...
2026-07-22 14:31:06.573 | INFO     | N/A | ⏳ 等待 Profile 更新任务...
2026-07-22 14:31:11.598 | INFO     | N/A | ⏳ 等待 Profile 更新任务...
2026-07-22 14:31:16.621 | INFO     | N/A | ⏳ 等待 Profile 更新任务...
2026-07-22 14:31:21.647 | INFO     | N/A | ⏳ 等待 Profile 更新任务...
2026-07-22 14:31:26.670 | INFO     | N/A | ⏳ 等待 Profile 更新任务...
2026-07-22 14:31:31.694 | INFO     | N/A | ⏳ 等待 Profile 更新任务...
2026-07-22 14:31:36.718 | INFO     | N/A | ⏳ 等待 Profile 更新任务...
2026-07-22 14:31:41.744 | INFO     | N/A | ⏳ 等待 Profile 更新任务...
2026-07-22 14:31:46.770 | INFO     | N/A | ⏳ 等待 Profile 更新任务...
2026-07-22 14:31:51.796 | INFO     | N/A | ⏳ 等待 Profile 更新任务...
2026-07-22 14:31:56.820 | INFO     | N/A | ⏳ 等待 Profile 更新任务...
2026-07-22 14:32:01.844 | INFO     | N/A | ⏳ 等待 Profile 更新任务...
2026-07-22 14:32:06.867 | INFO     | N/A | ⏳ 等待 Profile 更新任务...
2026-07-22 14:32:11.891 | INFO     | N/A | ⏳ 等待 Profile 更新任务...
2026-07-22 14:32:16.913 | INFO     | N/A | ⏳ 等待 Profile 更新任务...
2026-07-22 14:32:21.940 | INFO     | N/A | ⏳ 等待 Profile 更新任务...
2026-07-22 14:32:26.964 | INFO     | N/A | ⏳ 等待 Profile 更新任务...
2026-07-22 14:32:31.989 | INFO     | N/A | ⏳ 等待 Profile 更新任务...
2026-07-22 14:32:37.024 | INFO     | N/A | ⏳ 等待 Profile 更新任务...
2026-07-22 14:32:42.048 | INFO     | N/A | ⏳ 等待 Profile 更新任务...
2026-07-22 14:32:47.073 | INFO     | N/A | ⏳ 等待 Profile 更新任务...
2026-07-22 14:32:52.101 | INFO     | N/A | ⏳ 等待 Profile 更新任务...
2026-07-22 14:32:57.125 | INFO     | N/A | ⏳ 等待 Profile 更新任务...
2026-07-22 14:33:02.149 | INFO     | N/A | ⏳ 等待 Profile 更新任务...
2026-07-22 14:33:07.173 | INFO     | N/A | ⏳ 等待 Profile 更新任务...
2026-07-22 14:33:12.201 | INFO     | N/A | ⏳ 等待 Profile 更新任务...
2026-07-22 14:33:17.226 | INFO     | N/A | ⏳ 等待 Profile 更新任务...
2026-07-22 14:33:22.253 | INFO     | N/A | ⏳ 等待 Profile 更新任务...
2026-07-22 14:33:27.279 | INFO     | N/A | ⏳ 等待 Profile 更新任务...
2026-07-22 14:33:32.301 | INFO     | N/A | ⏳ 等待 Profile 更新任务...
2026-07-22 14:33:37.325 | INFO     | N/A | ⏳ 等待 Profile 更新任务...
2026-07-22 14:33:42.349 | INFO     | N/A | ⏳ 等待 Profile 更新任务...
2026-07-22 14:33:47.373 | INFO     | N/A | ⏳ 等待 Profile 更新任务...
2026-07-22 14:33:52.401 | INFO     | N/A | ⏳ 等待 Profile 更新任务...
2026-07-22 14:33:57.428 | INFO     | N/A | ⏳ 等待 Profile 更新任务...
2026-07-22 14:34:02.451 | INFO     | N/A | ⏳ 等待 Profile 更新任务...
2026-07-22 14:34:07.474 | INFO     | N/A | ⏳ 等待 Profile 更新任务...
2026-07-22 14:34:12.497 | INFO     | N/A | ⏳ 等待 Profile 更新任务...
2026-07-22 14:34:17.521 | INFO     | N/A | ⏳ 等待 Profile 更新任务...
2026-07-22 14:34:22.550 | INFO     | N/A | ⏳ 等待 Profile 更新任务...
2026-07-22 14:34:27.575 | INFO     | N/A | ⏳ 等待 Profile 更新任务...
2026-07-22 14:34:32.598 | INFO     | N/A | ⏳ 等待 Profile 更新任务...
2026-07-22 14:34:37.620 | INFO     | N/A | ⏳ 等待 Profile 更新任务...
2026-07-22 14:34:42.641 | INFO     | N/A | ⏳ 等待 Profile 更新任务...
2026-07-22 14:34:47.665 | INFO     | N/A | ⏳ 等待 Profile 更新任务...
2026-07-22 14:34:52.691 | INFO     | N/A | ⏳ 等待 Profile 更新任务...
2026-07-22 14:34:57.715 | INFO     | N/A | ⏳ 等待 Profile 更新任务...
2026-07-22 14:35:02.739 | INFO     | N/A | ⏳ 等待 Profile 更新任务...
2026-07-22 14:35:07.763 | INFO     | N/A | ⏳ 等待 Profile 更新任务...
2026-07-22 14:35:12.787 | INFO     | N/A | ⏳ 等待 Profile 更新任务...
2026-07-22 14:35:17.810 | INFO     | N/A | ⏳ 等待 Profile 更新任务...
2026-07-22 14:35:22.837 | INFO     | N/A | ⏳ 等待 Profile 更新任务...
2026-07-22 14:35:27.861 | INFO     | N/A | ⏳ 等待 Profile 更新任务...
2026-07-22 14:35:32.886 | INFO     | N/A | ⏳ 等待 Profile 更新任务...
2026-07-22 14:35:37.909 | INFO     | N/A | ⏳ 等待 Profile 更新任务...
2026-07-22 14:35:42.930 | INFO     | N/A | ⏳ 等待 Profile 更新任务...
2026-07-22 14:35:47.954 | INFO     | N/A | ⏳ 等待 Profile 更新任务...
2026-07-22 14:35:52.980 | INFO     | N/A | ⏳ 等待 Profile 更新任务...
2026-07-22 14:35:58.003 | INFO     | N/A | ⏳ 等待 Profile 更新任务...
2026-07-22 14:36:03.027 | INFO     | N/A | ⏳ 等待 Profile 更新任务...
2026-07-22 14:36:08.052 | INFO     | N/A | ⏳ 等待 Profile 更新任务...
2026-07-22 14:36:13.075 | INFO     | N/A | ⏳ 等待 Profile 更新任务...
2026-07-22 14:36:18.096 | INFO     | N/A | ⏳ 等待 Profile 更新任务...
2026-07-22 14:36:23.123 | INFO     | N/A | ⏳ 等待 Profile 更新任务...
2026-07-22 14:36:28.147 | INFO     | N/A | ⏳ 等待 Profile 更新任务...
2026-07-22 14:36:33.172 | INFO     | N/A | ⏳ 等待 Profile 更新任务...
2026-07-22 14:36:38.194 | INFO     | N/A | ⏳ 等待 Profile 更新任务...
2026-07-22 14:36:43.218 | INFO     | N/A | ⏳ 等待 Profile 更新任务...
2026-07-22 14:36:48.238 | INFO     | N/A | ⏳ 等待 Profile 更新任务...
2026-07-22 14:36:53.268 | INFO     | N/A | ⏳ 等待 Profile 更新任务...
2026-07-22 14:36:58.292 | INFO     | N/A | ⏳ 等待 Profile 更新任务...
2026-07-22 14:37:03.316 | INFO     | N/A | ⏳ 等待 Profile 更新任务...
2026-07-22 14:37:08.343 | INFO     | N/A | ⏳ 等待 Profile 更新任务...
2026-07-22 14:37:13.367 | INFO     | N/A | ⏳ 等待 Profile 更新任务...
2026-07-22 14:37:18.390 | INFO     | N/A | ⏳ 等待 Profile 更新任务...
2026-07-22 14:37:23.419 | INFO     | N/A | ⏳ 等待 Profile 更新任务...
2026-07-22 14:37:28.444 | INFO     | N/A | ⏳ 等待 Profile 更新任务...
2026-07-22 14:37:33.467 | INFO     | N/A | ⏳ 等待 Profile 更新任务...
2026-07-22 14:37:38.493 | INFO     | N/A | ⏳ 等待 Profile 更新任务...
2026-07-22 14:37:43.520 | INFO     | N/A | ⏳ 等待 Profile 更新任务...
2026-07-22 14:37:48.546 | INFO     | N/A | ⏳ 等待 Profile 更新任务...
2026-07-22 14:37:53.575 | INFO     | N/A | ⏳ 等待 Profile 更新任务...
2026-07-22 14:37:58.596 | INFO     | N/A | ⏳ 等待 Profile 更新任务...
2026-07-22 14:38:03.622 | INFO     | N/A | ⏳ 等待 Profile 更新任务...
2026-07-22 14:38:08.644 | INFO     | N/A | ⏳ 等待 Profile 更新任务...
2026-07-22 14:38:13.669 | INFO     | N/A | ⏳ 等待 Profile 更新任务...
2026-07-22 14:38:18.694 | INFO     | N/A | ⏳ 等待 Profile 更新任务...
2026-07-22 14:38:23.733 | INFO     | N/A | ⏳ 等待 Profile 更新任务...
2026-07-22 14:38:28.758 | INFO     | N/A | ⏳ 等待 Profile 更新任务...
2026-07-22 14:38:33.783 | INFO     | N/A | ⏳ 等待 Profile 更新任务...
2026-07-22 14:38:38.806 | INFO     | N/A | ⏳ 等待 Profile 更新任务...
2026-07-22 14:38:43.830 | INFO     | N/A | ⏳ 等待 Profile 更新任务...
2026-07-22 14:38:48.853 | INFO     | N/A | ⏳ 等待 Profile 更新任务...
2026-07-22 14:38:53.881 | INFO     | N/A | ⏳ 等待 Profile 更新任务...
2026-07-22 14:38:58.905 | INFO     | N/A | ⏳ 等待 Profile 更新任务...
2026-07-22 14:39:03.927 | INFO     | N/A | ⏳ 等待 Profile 更新任务...
2026-07-22 14:39:08.952 | INFO     | N/A | ⏳ 等待 Profile 更新任务...
2026-07-22 14:39:13.976 | INFO     | N/A | ⏳ 等待 Profile 更新任务...
2026-07-22 14:39:18.999 | INFO     | N/A | ⏳ 等待 Profile 更新任务...
2026-07-22 14:39:24.027 | INFO     | N/A | ⏳ 等待 Profile 更新任务...
2026-07-22 14:39:29.051 | INFO     | N/A | ⏳ 等待 Profile 更新任务...
2026-07-22 14:39:34.075 | INFO     | N/A | ⏳ 等待 Profile 更新任务...
2026-07-22 14:39:39.098 | INFO     | N/A | ⏳ 等待 Profile 更新任务...
2026-07-22 14:39:44.122 | INFO     | N/A | ⏳ 等待 Profile 更新任务...
2026-07-22 14:39:49.146 | INFO     | N/A | ⏳ 等待 Profile 更新任务...
2026-07-22 14:39:54.173 | INFO     | N/A | ⏳ 等待 Profile 更新任务...
2026-07-22 14:39:59.199 | INFO     | N/A | ⏳ 等待 Profile 更新任务...
2026-07-22 14:40:04.224 | INFO     | N/A | ⏳ 等待 Profile 更新任务...
2026-07-22 14:40:09.245 | INFO     | N/A | ⏳ 等待 Profile 更新任务...
2026-07-22 14:40:14.269 | INFO     | N/A | ⏳ 等待 Profile 更新任务...
2026-07-22 14:40:19.296 | INFO     | N/A | ⏳ 等待 Profile 更新任务...
2026-07-22 14:40:24.323 | INFO     | N/A | ⏳ 等待 Profile 更新任务...
2026-07-22 14:40:29.348 | INFO     | N/A | ⏳ 等待 Profile 更新任务...
2026-07-22 14:40:34.370 | INFO     | N/A | ⏳ 等待 Profile 更新任务...
2026-07-22 14:40:39.402 | INFO     | N/A | ⏳ 等待 Profile 更新任务...
2026-07-22 14:40:44.427 | INFO     | N/A | ⏳ 等待 Profile 更新任务...
2026-07-22 14:40:49.450 | INFO     | N/A | ⏳ 等待 Profile 更新任务...
2026-07-22 14:40:54.478 | INFO     | N/A | ⏳ 等待 Profile 更新任务...
2026-07-22 14:40:59.504 | INFO     | N/A | ⏳ 等待 Profile 更新任务...
2026-07-22 14:41:04.527 | INFO     | N/A | ⏳ 等待 Profile 更新任务...
2026-07-22 14:41:09.552 | INFO     | N/A | ⏳ 等待 Profile 更新任务...
2026-07-22 14:41:14.575 | INFO     | N/A | ⏳ 等待 Profile 更新任务...
2026-07-22 14:41:19.598 | INFO     | N/A | ⏳ 等待 Profile 更新任务...
2026-07-22 14:41:24.623 | INFO     | N/A | ⏳ 等待 Profile 更新任务...
2026-07-22 14:41:29.648 | INFO     | N/A | ⏳ 等待 Profile 更新任务...
2026-07-22 14:41:34.670 | INFO     | N/A | ⏳ 等待 Profile 更新任务...
2026-07-22 14:41:39.696 | INFO     | N/A | ⏳ 等待 Profile 更新任务...
2026-07-22 14:41:44.718 | INFO     | N/A | ⏳ 等待 Profile 更新任务...
2026-07-22 14:41:49.741 | INFO     | N/A | ⏳ 等待 Profile 更新任务...
2026-07-22 14:41:54.769 | INFO     | N/A | ⏳ 等待 Profile 更新任务...
2026-07-22 14:41:59.812 | INFO     | N/A | ⏳ 等待 Profile 更新任务...
2026-07-22 14:42:04.835 | INFO     | N/A | ⏳ 等待 Profile 更新任务...
2026-07-22 14:42:09.861 | INFO     | N/A | ⏳ 等待 Profile 更新任务...
2026-07-22 14:42:14.884 | INFO     | N/A | ⏳ 等待 Profile 更新任务...
2026-07-22 14:42:19.907 | INFO     | N/A | ⏳ 等待 Profile 更新任务...
2026-07-22 14:42:24.957 | INFO     | N/A | ⏳ 等待 Profile 更新任务...
2026-07-22 14:42:29.979 | INFO     | N/A | ⏳ 等待 Profile 更新任务...
2026-07-22 14:42:35.025 | INFO     | N/A | ⏳ 等待 Profile 更新任务...
2026-07-22 14:42:40.048 | INFO     | N/A | ⏳ 等待 Profile 更新任务...
2026-07-22 14:42:45.070 | INFO     | N/A | ⏳ 等待 Profile 更新任务...
2026-07-22 14:42:50.094 | INFO     | N/A | ⏳ 等待 Profile 更新任务...
2026-07-22 14:42:55.124 | INFO     | N/A | ⏳ 等待 Profile 更新任务...
2026-07-22 14:43:00.148 | INFO     | N/A | ⏳ 等待 Profile 更新任务...
2026-07-22 14:43:05.174 | INFO     | N/A | ⏳ 等待 Profile 更新任务...
2026-07-22 14:43:10.196 | INFO     | N/A | ⏳ 等待 Profile 更新任务...
2026-07-22 14:43:15.219 | INFO     | N/A | ⏳ 等待 Profile 更新任务...
2026-07-22 14:43:20.244 | INFO     | N/A | ⏳ 等待 Profile 更新任务...
2026-07-22 14:43:25.269 | INFO     | N/A | ⏳ 等待 Profile 更新任务...
2026-07-22 14:43:30.292 | INFO     | N/A | ⏳ 等待 Profile 更新任务...
2026-07-22 14:43:35.315 | INFO     | N/A | ⏳ 等待 Profile 更新任务...
2026-07-22 14:43:40.341 | INFO     | N/A | ⏳ 等待 Profile 更新任务...
2026-07-22 14:43:45.365 | INFO     | N/A | ⏳ 等待 Profile 更新任务...
2026-07-22 14:43:50.391 | INFO     | N/A | ⏳ 等待 Profile 更新任务...
2026-07-22 14:43:55.419 | INFO     | N/A | ⏳ 等待 Profile 更新任务...
2026-07-22 14:44:00.444 | INFO     | N/A | ⏳ 等待 Profile 更新任务...
2026-07-22 14:44:05.471 | INFO     | N/A | ⏳ 等待 Profile 更新任务...
2026-07-22 14:44:10.497 | INFO     | N/A | ⏳ 等待 Profile 更新任务...
2026-07-22 14:44:15.520 | INFO     | N/A | ⏳ 等待 Profile 更新任务...
2026-07-22 14:44:20.546 | INFO     | N/A | ⏳ 等待 Profile 更新任务...
2026-07-22 14:44:25.576 | INFO     | N/A | ⏳ 等待 Profile 更新任务...
2026-07-22 14:44:30.599 | INFO     | N/A | ⏳ 等待 Profile 更新任务...
2026-07-22 14:44:35.623 | INFO     | N/A | ⏳ 等待 Profile 更新任务...
2026-07-22 14:44:40.645 | INFO     | N/A | ⏳ 等待 Profile 更新任务...
2026-07-22 14:44:45.668 | INFO     | N/A | ⏳ 等待 Profile 更新任务...
2026-07-22 14:44:50.692 | INFO     | N/A | ⏳ 等待 Profile 更新任务...
2026-07-22 14:44:55.718 | INFO     | N/A | ⏳ 等待 Profile 更新任务...
2026-07-22 14:45:00.744 | INFO     | N/A | ⏳ 等待 Profile 更新任务...
2026-07-22 14:45:05.775 | INFO     | N/A | ⏳ 等待 Profile 更新任务...
2026-07-22 14:45:10.800 | INFO     | N/A | ⏳ 等待 Profile 更新任务...
2026-07-22 14:45:15.824 | INFO     | N/A | ⏳ 等待 Profile 更新任务...
2026-07-22 14:45:20.845 | INFO     | N/A | ⏳ 等待 Profile 更新任务...
2026-07-22 14:45:25.874 | INFO     | N/A | ⏳ 等待 Profile 更新任务...
2026-07-22 14:45:30.899 | INFO     | N/A | ⏳ 等待 Profile 更新任务...
2026-07-22 14:45:35.923 | INFO     | N/A | ⏳ 等待 Profile 更新任务...
2026-07-22 14:45:40.947 | INFO     | N/A | ⏳ 等待 Profile 更新任务...
2026-07-22 14:45:45.971 | INFO     | N/A | ⏳ 等待 Profile 更新任务...
2026-07-22 14:45:50.996 | INFO     | N/A | ⏳ 等待 Profile 更新任务...
2026-07-22 14:45:56.023 | INFO     | N/A | ⏳ 等待 Profile 更新任务...
2026-07-22 14:46:01.047 | INFO     | N/A | ⏳ 等待 Profile 更新任务...
2026-07-22 14:46:06.072 | INFO     | N/A | ⏳ 等待 Profile 更新任务...
2026-07-22 14:46:11.095 | INFO     | N/A | ⏳ 等待 Profile 更新任务...
2026-07-22 14:46:16.130 | INFO     | N/A | ⏳ 等待 Profile 更新任务...
2026-07-22 14:46:21.154 | INFO     | N/A | ⏳ 等待 Profile 更新任务...
2026-07-22 14:46:26.185 | INFO     | N/A | ⏳ 等待 Profile 更新任务...
2026-07-22 14:46:31.208 | INFO     | N/A | ⏳ 等待 Profile 更新任务...
2026-07-22 14:46:36.231 | INFO     | N/A | ⏳ 等待 Profile 更新任务...
2026-07-22 14:46:41.255 | INFO     | N/A | ⏳ 等待 Profile 更新任务...
2026-07-22 14:46:46.278 | INFO     | N/A | ⏳ 等待 Profile 更新任务...
2026-07-22 14:46:51.303 | INFO     | N/A | ⏳ 等待 Profile 更新任务...
2026-07-22 14:46:56.328 | INFO     | N/A | ⏳ 等待 Profile 更新任务...
2026-07-22 14:47:01.353 | INFO     | N/A | ⏳ 等待 Profile 更新任务...
2026-07-22 14:47:06.377 | INFO     | N/A | ⏳ 等待 Profile 更新任务...
2026-07-22 14:47:11.405 | INFO     | N/A | ⏳ 等待 Profile 更新任务...
2026-07-22 14:47:16.431 | INFO     | N/A | ⏳ 等待 Profile 更新任务...
2026-07-22 14:47:21.459 | INFO     | N/A | ⏳ 等待 Profile 更新任务...
2026-07-22 14:47:26.484 | INFO     | N/A | ⏳ 等待 Profile 更新任务...
2026-07-22 14:47:31.511 | INFO     | N/A | ⏳ 等待 Profile 更新任务...
2026-07-22 14:47:36.535 | INFO     | N/A | ⏳ 等待 Profile 更新任务...
2026-07-22 14:47:41.560 | INFO     | N/A | ⏳ 等待 Profile 更新任务...
2026-07-22 14:47:46.585 | INFO     | N/A | ⏳ 等待 Profile 更新任务...
2026-07-22 14:47:51.611 | INFO     | N/A | ⏳ 等待 Profile 更新任务...
2026-07-22 14:47:56.635 | INFO     | N/A | ⏳ 等待 Profile 更新任务...
2026-07-22 14:48:01.659 | INFO     | N/A | ⏳ 等待 Profile 更新任务...
2026-07-22 14:48:06.681 | INFO     | N/A | ⏳ 等待 Profile 更新任务...
2026-07-22 14:48:11.704 | INFO     | N/A | ⏳ 等待 Profile 更新任务...
2026-07-22 14:48:16.730 | INFO     | N/A | ⏳ 等待 Profile 更新任务...
2026-07-22 14:48:21.752 | INFO     | N/A | ⏳ 等待 Profile 更新任务...
2026-07-22 14:48:26.779 | INFO     | N/A | ⏳ 等待 Profile 更新任务...
2026-07-22 14:48:31.804 | INFO     | N/A | ⏳ 等待 Profile 更新任务...
2026-07-22 14:48:36.833 | INFO     | N/A | ⏳ 等待 Profile 更新任务...
2026-07-22 14:48:41.856 | INFO     | N/A | ⏳ 等待 Profile 更新任务...
2026-07-22 14:48:46.883 | INFO     | N/A | ⏳ 等待 Profile 更新任务...
2026-07-22 14:48:51.908 | INFO     | N/A | ⏳ 等待 Profile 更新任务...
2026-07-22 14:48:56.932 | INFO     | N/A | ⏳ 等待 Profile 更新任务...
2026-07-22 14:49:01.957 | INFO     | N/A | ⏳ 等待 Profile 更新任务...
2026-07-22 14:49:06.982 | INFO     | N/A | ⏳ 等待 Profile 更新任务...
2026-07-22 14:49:12.005 | INFO     | N/A | ⏳ 等待 Profile 更新任务...
2026-07-22 14:49:17.028 | INFO     | N/A | ⏳ 等待 Profile 更新任务...
2026-07-22 14:49:22.051 | INFO     | N/A | ⏳ 等待 Profile 更新任务...
2026-07-22 14:49:27.077 | INFO     | N/A | ⏳ 等待 Profile 更新任务...
2026-07-22 14:49:32.101 | INFO     | N/A | ⏳ 等待 Profile 更新任务...
2026-07-22 14:49:37.127 | INFO     | N/A | ⏳ 等待 Profile 更新任务...
2026-07-22 14:49:42.150 | INFO     | N/A | ⏳ 等待 Profile 更新任务...
2026-07-22 14:49:47.174 | INFO     | N/A | ⏳ 等待 Profile 更新任务...
2026-07-22 14:49:52.201 | INFO     | N/A | ⏳ 等待 Profile 更新任务...
2026-07-22 14:49:57.228 | INFO     | N/A | ⏳ 等待 Profile 更新任务...
2026-07-22 14:50:02.254 | INFO     | N/A | ⏳ 等待 Profile 更新任务...
2026-07-22 14:50:07.282 | INFO     | N/A | ⏳ 等待 Profile 更新任务...
2026-07-22 14:50:12.305 | INFO     | N/A | ⏳ 等待 Profile 更新任务...
2026-07-22 14:50:17.330 | INFO     | N/A | ⏳ 等待 Profile 更新任务...
2026-07-22 14:50:22.353 | INFO     | N/A | ⏳ 等待 Profile 更新任务...
2026-07-22 14:50:27.380 | INFO     | N/A | ⏳ 等待 Profile 更新任务...
2026-07-22 14:50:32.404 | INFO     | N/A | ⏳ 等待 Profile 更新任务...
2026-07-22 14:50:37.427 | INFO     | N/A | ⏳ 等待 Profile 更新任务...
2026-07-22 14:50:42.454 | INFO     | N/A | ⏳ 等待 Profile 更新任务...
2026-07-22 14:50:47.479 | INFO     | N/A | ⏳ 等待 Profile 更新任务...
2026-07-22 14:50:52.504 | INFO     | N/A | ⏳ 等待 Profile 更新任务...
2026-07-22 14:50:57.533 | INFO     | N/A | ⏳ 等待 Profile 更新任务...
2026-07-22 14:51:02.559 | INFO     | N/A | ⏳ 等待 Profile 更新任务...
2026-07-22 14:51:07.582 | INFO     | N/A | ⏳ 等待 Profile 更新任务...
2026-07-22 14:51:12.605 | INFO     | N/A | ⏳ 等待 Profile 更新任务...
2026-07-22 14:51:17.632 | INFO     | N/A | ⏳ 等待 Profile 更新任务...
2026-07-22 14:51:22.654 | INFO     | N/A | ⏳ 等待 Profile 更新任务...
2026-07-22 14:51:27.683 | INFO     | N/A | ⏳ 等待 Profile 更新任务...
2026-07-22 14:51:32.705 | INFO     | N/A | ⏳ 等待 Profile 更新任务...
2026-07-22 14:51:37.730 | INFO     | N/A | ⏳ 等待 Profile 更新任务...
2026-07-22 14:51:42.753 | INFO     | N/A | ⏳ 等待 Profile 更新任务...
2026-07-22 14:51:47.776 | INFO     | N/A | ⏳ 等待 Profile 更新任务...
2026-07-22 14:51:52.802 | INFO     | N/A | ⏳ 等待 Profile 更新任务...
2026-07-22 14:51:57.828 | INFO     | N/A | ⏳ 等待 Profile 更新任务...
2026-07-22 14:52:02.852 | INFO     | N/A | ⏳ 等待 Profile 更新任务...
2026-07-22 14:52:07.876 | INFO     | N/A | ⏳ 等待 Profile 更新任务...
2026-07-22 14:52:12.901 | INFO     | N/A | ⏳ 等待 Profile 更新任务...
2026-07-22 14:52:17.935 | INFO     | N/A | ⏳ 等待 Profile 更新任务...
2026-07-22 14:52:22.958 | INFO     | N/A | ⏳ 等待 Profile 更新任务...
2026-07-22 14:52:27.983 | INFO     | N/A | ⏳ 等待 Profile 更新任务...
2026-07-22 14:52:33.006 | INFO     | N/A | ⏳ 等待 Profile 更新任务...
2026-07-22 14:52:38.030 | INFO     | N/A | ⏳ 等待 Profile 更新任务...
2026-07-22 14:52:43.056 | INFO     | N/A | ⏳ 等待 Profile 更新任务...
2026-07-22 14:52:48.080 | INFO     | N/A | ⏳ 等待 Profile 更新任务...
2026-07-22 14:52:53.103 | INFO     | N/A | ⏳ 等待 Profile 更新任务...
2026-07-22 14:52:58.131 | INFO     | N/A | ⏳ 等待 Profile 更新任务...
2026-07-22 14:53:03.157 | INFO     | N/A | ⏳ 等待 Profile 更新任务...
2026-07-22 14:53:08.179 | INFO     | N/A | ⏳ 等待 Profile 更新任务...
2026-07-22 14:53:13.202 | INFO     | N/A | ⏳ 等待 Profile 更新任务...
2026-07-22 14:53:18.223 | INFO     | N/A | ⏳ 等待 Profile 更新任务...
2026-07-22 14:53:23.248 | INFO     | N/A | ⏳ 等待 Profile 更新任务...
2026-07-22 14:53:28.273 | INFO     | N/A | ⏳ 等待 Profile 更新任务...
2026-07-22 14:53:33.295 | INFO     | N/A | ⏳ 等待 Profile 更新任务...
2026-07-22 14:53:38.319 | INFO     | N/A | ⏳ 等待 Profile 更新任务...
2026-07-22 14:53:43.345 | INFO     | N/A | ⏳ 等待 Profile 更新任务...
2026-07-22 14:53:48.399 | INFO     | N/A | ⏳ 等待 Profile 更新任务...
2026-07-22 14:53:53.423 | INFO     | N/A | ⏳ 等待 Profile 更新任务...
2026-07-22 14:53:58.449 | INFO     | N/A | ⏳ 等待 Profile 更新任务...
2026-07-22 14:54:03.473 | INFO     | N/A | ⏳ 等待 Profile 更新任务...
2026-07-22 14:54:08.496 | INFO     | N/A | ⏳ 等待 Profile 更新任务...
2026-07-22 14:54:13.522 | INFO     | N/A | ⏳ 等待 Profile 更新任务...
2026-07-22 14:54:18.545 | INFO     | N/A | ⏳ 等待 Profile 更新任务...
2026-07-22 14:54:23.567 | INFO     | N/A | ⏳ 等待 Profile 更新任务...
2026-07-22 14:54:28.592 | INFO     | N/A | ⏳ 等待 Profile 更新任务...
2026-07-22 14:54:33.618 | INFO     | N/A | ⏳ 等待 Profile 更新任务...
2026-07-22 14:54:38.642 | INFO     | N/A | ⏳ 等待 Profile 更新任务...
2026-07-22 14:54:43.664 | INFO     | N/A | ⏳ 等待 Profile 更新任务...
2026-07-22 14:54:48.690 | INFO     | N/A | ⏳ 等待 Profile 更新任务...
2026-07-22 14:54:53.713 | INFO     | N/A | ⏳ 等待 Profile 更新任务...
2026-07-22 14:54:58.739 | INFO     | N/A | ⏳ 等待 Profile 更新任务...
2026-07-22 14:55:03.762 | INFO     | N/A | ⏳ 等待 Profile 更新任务...
2026-07-22 14:55:08.785 | INFO     | N/A | ⏳ 等待 Profile 更新任务...
2026-07-22 14:55:13.809 | INFO     | N/A | ⏳ 等待 Profile 更新任务...
2026-07-22 14:55:18.834 | INFO     | N/A | ⏳ 等待 Profile 更新任务...
2026-07-22 14:55:23.858 | INFO     | N/A | ⏳ 等待 Profile 更新任务...
2026-07-22 14:55:28.883 | INFO     | N/A | ⏳ 等待 Profile 更新任务...
2026-07-22 14:55:33.905 | INFO     | N/A | ⏳ 等待 Profile 更新任务...
2026-07-22 14:55:38.932 | INFO     | N/A | ⏳ 等待 Profile 更新任务...
2026-07-22 14:55:43.954 | INFO     | N/A | ⏳ 等待 Profile 更新任务...
2026-07-22 14:55:48.978 | INFO     | N/A | ⏳ 等待 Profile 更新任务...
2026-07-22 14:55:53.998 | INFO     | N/A | ⏳ 等待 Profile 更新任务...
2026-07-22 14:55:59.024 | INFO     | N/A | ⏳ 等待 Profile 更新任务...
2026-07-22 14:56:04.050 | INFO     | N/A | ⏳ 等待 Profile 更新任务...
2026-07-22 14:56:09.074 | INFO     | N/A | ⏳ 等待 Profile 更新任务...
2026-07-22 14:56:14.097 | INFO     | N/A | ⏳ 等待 Profile 更新任务...
2026-07-22 14:56:19.120 | INFO     | N/A | ⏳ 等待 Profile 更新任务...
2026-07-22 14:56:24.144 | INFO     | N/A | ⏳ 等待 Profile 更新任务...
2026-07-22 14:56:29.175 | INFO     | N/A | ⏳ 等待 Profile 更新任务...
2026-07-22 14:56:34.199 | INFO     | N/A | ⏳ 等待 Profile 更新任务...
2026-07-22 14:56:39.221 | INFO     | N/A | ⏳ 等待 Profile 更新任务...
2026-07-22 14:56:44.246 | INFO     | N/A | ⏳ 等待 Profile 更新任务...
2026-07-22 14:56:49.270 | INFO     | N/A | ⏳ 等待 Profile 更新任务...
2026-07-22 14:56:54.296 | INFO     | N/A | ⏳ 等待 Profile 更新任务...
2026-07-22 14:56:59.325 | INFO     | N/A | ⏳ 等待 Profile 更新任务...
2026-07-22 14:57:04.351 | INFO     | N/A | ⏳ 等待 Profile 更新任务...
2026-07-22 14:57:09.374 | INFO     | N/A | ⏳ 等待 Profile 更新任务...
2026-07-22 14:57:14.398 | INFO     | N/A | ⏳ 等待 Profile 更新任务...
2026-07-22 14:57:19.422 | INFO     | N/A | ⏳ 等待 Profile 更新任务...
2026-07-22 14:57:24.446 | INFO     | N/A | ⏳ 等待 Profile 更新任务...
2026-07-22 14:57:29.472 | INFO     | N/A | ⏳ 等待 Profile 更新任务...
2026-07-22 14:57:34.496 | INFO     | N/A | ⏳ 等待 Profile 更新任务...
2026-07-22 14:57:39.521 | INFO     | N/A | ⏳ 等待 Profile 更新任务...
2026-07-22 14:57:44.545 | INFO     | N/A | ⏳ 等待 Profile 更新任务...
2026-07-22 14:57:49.568 | INFO     | N/A | ⏳ 等待 Profile 更新任务...
2026-07-22 14:57:54.590 | INFO     | N/A | ⏳ 等待 Profile 更新任务...
2026-07-22 14:57:59.619 | INFO     | N/A | ⏳ 等待 Profile 更新任务...
2026-07-22 14:58:04.642 | INFO     | N/A | ⏳ 等待 Profile 更新任务...
2026-07-22 14:58:09.665 | INFO     | N/A | ⏳ 等待 Profile 更新任务...
2026-07-22 14:58:14.690 | INFO     | N/A | ⏳ 等待 Profile 更新任务...
2026-07-22 14:58:19.713 | INFO     | N/A | ⏳ 等待 Profile 更新任务...
2026-07-22 14:58:24.737 | INFO     | N/A | ⏳ 等待 Profile 更新任务...
2026-07-22 14:58:29.763 | INFO     | N/A | ⏳ 等待 Profile 更新任务...
2026-07-22 14:58:34.983 | INFO     | N/A | ⏳ 等待 Profile 更新任务...
2026-07-22 14:58:40.006 | INFO     | N/A | ⏳ 等待 Profile 更新任务...
2026-07-22 14:58:45.032 | INFO     | N/A | ⏳ 等待 Profile 更新任务...
2026-07-22 14:58:50.056 | INFO     | N/A | ⏳ 等待 Profile 更新任务...
2026-07-22 14:58:55.078 | INFO     | N/A | ⏳ 等待 Profile 更新任务...
2026-07-22 14:59:00.102 | INFO     | N/A | ⏳ 等待 Profile 更新任务...
2026-07-22 14:59:05.127 | INFO     | N/A | ⏳ 等待 Profile 更新任务...
2026-07-22 14:59:10.149 | INFO     | N/A | ⏳ 等待 Profile 更新任务...
2026-07-22 14:59:15.173 | INFO     | N/A | ⏳ 等待 Profile 更新任务...
2026-07-22 14:59:20.196 | INFO     | N/A | ⏳ 等待 Profile 更新任务...
2026-07-22 14:59:25.222 | INFO     | N/A | ⏳ 等待 Profile 更新任务...
2026-07-22 14:59:30.255 | INFO     | N/A | ⏳ 等待 Profile 更新任务...
2026-07-22 14:59:35.279 | INFO     | N/A | ⏳ 等待 Profile 更新任务...
2026-07-22 14:59:40.304 | INFO     | N/A | ⏳ 等待 Profile 更新任务...
2026-07-22 14:59:45.326 | INFO     | N/A | ⏳ 等待 Profile 更新任务...
2026-07-22 14:59:50.348 | INFO     | N/A | ⏳ 等待 Profile 更新任务...
2026-07-22 14:59:55.371 | INFO     | N/A | ⏳ 等待 Profile 更新任务...
2026-07-22 15:00:00.396 | INFO     | N/A | ⏳ 等待 Profile 更新任务...
2026-07-22 15:00:05.423 | INFO     | N/A | ⏳ 等待 Profile 更新任务...
2026-07-22 15:00:10.449 | INFO     | N/A | ⏳ 等待 Profile 更新任务...
2026-07-22 15:00:15.474 | INFO     | N/A | ⏳ 等待 Profile 更新任务...
2026-07-22 15:00:20.499 | INFO     | N/A | ⏳ 等待 Profile 更新任务...
2026-07-22 15:00:25.523 | INFO     | N/A | ⏳ 等待 Profile 更新任务...
2026-07-22 15:00:30.549 | INFO     | N/A | ⏳ 等待 Profile 更新任务...
2026-07-22 15:00:35.573 | INFO     | N/A | ⏳ 等待 Profile 更新任务...
2026-07-22 15:00:40.600 | INFO     | N/A | ⏳ 等待 Profile 更新任务...
2026-07-22 15:00:45.621 | INFO     | N/A | ⏳ 等待 Profile 更新任务...
2026-07-22 15:00:50.648 | INFO     | N/A | ⏳ 等待 Profile 更新任务...
2026-07-22 15:00:55.674 | INFO     | N/A | ⏳ 等待 Profile 更新任务...
2026-07-22 15:01:00.699 | INFO     | N/A | ⏳ 等待 Profile 更新任务...
2026-07-22 15:01:05.725 | INFO     | N/A | ⏳ 等待 Profile 更新任务...
2026-07-22 15:01:10.749 | INFO     | N/A | ⏳ 等待 Profile 更新任务...
2026-07-22 15:01:15.774 | INFO     | N/A | ⏳ 等待 Profile 更新任务...
2026-07-22 15:01:20.798 | INFO     | N/A | ⏳ 等待 Profile 更新任务...
2026-07-22 15:01:25.821 | INFO     | N/A | ⏳ 等待 Profile 更新任务...
2026-07-22 15:01:30.848 | INFO     | N/A | ⏳ 等待 Profile 更新任务...
2026-07-22 15:01:35.874 | INFO     | N/A | ⏳ 等待 Profile 更新任务...
2026-07-22 15:01:40.900 | INFO     | N/A | ⏳ 等待 Profile 更新任务...
2026-07-22 15:01:45.922 | INFO     | N/A | ⏳ 等待 Profile 更新任务...
2026-07-22 15:01:50.947 | INFO     | N/A | ⏳ 等待 Profile 更新任务...
2026-07-22 15:01:55.972 | INFO     | N/A | ⏳ 等待 Profile 更新任务...
2026-07-22 15:02:01.002 | INFO     | N/A | ⏳ 等待 Profile 更新任务...
2026-07-22 15:02:06.026 | INFO     | N/A | ⏳ 等待 Profile 更新任务...
2026-07-22 15:02:11.051 | INFO     | N/A | ⏳ 等待 Profile 更新任务...
2026-07-22 15:02:16.074 | INFO     | N/A | ⏳ 等待 Profile 更新任务...
2026-07-22 15:02:21.096 | INFO     | N/A | ⏳ 等待 Profile 更新任务...
2026-07-22 15:02:26.121 | INFO     | N/A | ⏳ 等待 Profile 更新任务...
2026-07-22 15:02:31.147 | INFO     | N/A | ⏳ 等待 Profile 更新任务...
2026-07-22 15:02:36.172 | INFO     | N/A | ⏳ 等待 Profile 更新任务...
2026-07-22 15:02:41.194 | INFO     | N/A | ⏳ 等待 Profile 更新任务...
2026-07-22 15:02:46.217 | INFO     | N/A | ⏳ 等待 Profile 更新任务...
2026-07-22 15:02:51.241 | INFO     | N/A | ⏳ 等待 Profile 更新任务...
2026-07-22 15:02:56.264 | INFO     | N/A | ⏳ 等待 Profile 更新任务...
2026-07-22 15:03:01.291 | INFO     | N/A | ⏳ 等待 Profile 更新任务...
2026-07-22 15:03:06.315 | INFO     | N/A | ⏳ 等待 Profile 更新任务...
2026-07-22 15:03:11.337 | INFO     | N/A | ⏳ 等待 Profile 更新任务...
2026-07-22 15:03:16.358 | INFO     | N/A | ⏳ 等待 Profile 更新任务...
2026-07-22 15:03:21.380 | INFO     | N/A | ⏳ 等待 Profile 更新任务...
2026-07-22 15:03:26.405 | INFO     | N/A | ⏳ 等待 Profile 更新任务...
2026-07-22 15:03:31.433 | INFO     | N/A | ⏳ 等待 Profile 更新任务...
2026-07-22 15:03:36.457 | INFO     | N/A | ⏳ 等待 Profile 更新任务...
2026-07-22 15:03:41.481 | INFO     | N/A | ⏳ 等待 Profile 更新任务...
2026-07-22 15:03:46.508 | INFO     | N/A | ⏳ 等待 Profile 更新任务...
2026-07-22 15:03:51.532 | INFO     | N/A | ⏳ 等待 Profile 更新任务...
2026-07-22 15:03:56.556 | INFO     | N/A | ⏳ 等待 Profile 更新任务...
2026-07-22 15:04:01.586 | INFO     | N/A | ⏳ 等待 Profile 更新任务...
2026-07-22 15:04:06.611 | INFO     | N/A | ⏳ 等待 Profile 更新任务...
2026-07-22 15:04:11.633 | INFO     | N/A | ⏳ 等待 Profile 更新任务...
2026-07-22 15:04:16.658 | INFO     | N/A | ⏳ 等待 Profile 更新任务...
2026-07-22 15:04:21.681 | INFO     | N/A | ⏳ 等待 Profile 更新任务...
2026-07-22 15:04:26.705 | INFO     | N/A | ⏳ 等待 Profile 更新任务...
2026-07-22 15:04:31.730 | INFO     | N/A | ⏳ 等待 Profile 更新任务...
2026-07-22 15:04:36.753 | INFO     | N/A | ⏳ 等待 Profile 更新任务...
2026-07-22 15:04:41.778 | INFO     | N/A | ⏳ 等待 Profile 更新任务...
2026-07-22 15:04:46.800 | INFO     | N/A | ⏳ 等待 Profile 更新任务...
2026-07-22 15:04:51.824 | INFO     | N/A | ⏳ 等待 Profile 更新任务...
2026-07-22 15:04:56.847 | INFO     | N/A | ⏳ 等待 Profile 更新任务...
2026-07-22 15:05:01.882 | INFO     | N/A | ⏳ 等待 Profile 更新任务...
2026-07-22 15:05:06.906 | INFO     | N/A | ⏳ 等待 Profile 更新任务...
2026-07-22 15:05:11.929 | INFO     | N/A | ⏳ 等待 Profile 更新任务...
2026-07-22 15:05:16.953 | INFO     | N/A | ⏳ 等待 Profile 更新任务...
2026-07-22 15:05:21.974 | INFO     | N/A | ⏳ 等待 Profile 更新任务...
2026-07-22 15:05:26.999 | INFO     | N/A | ⏳ 等待 Profile 更新任务...
2026-07-22 15:05:32.025 | INFO     | N/A | ⏳ 等待 Profile 更新任务...
2026-07-22 15:05:37.047 | INFO     | N/A | ⏳ 等待 Profile 更新任务...
2026-07-22 15:05:42.070 | INFO     | N/A | ⏳ 等待 Profile 更新任务...
2026-07-22 15:05:47.128 | INFO     | N/A | ⏳ 等待 Profile 更新任务...
2026-07-22 15:05:52.150 | INFO     | N/A | ⏳ 等待 Profile 更新任务...
2026-07-22 15:05:57.171 | INFO     | N/A | ⏳ 等待 Profile 更新任务...
2026-07-22 15:06:02.197 | INFO     | N/A | ⏳ 等待 Profile 更新任务...
2026-07-22 15:06:07.220 | INFO     | N/A | ⏳ 等待 Profile 更新任务...
2026-07-22 15:06:12.245 | INFO     | N/A | ⏳ 等待 Profile 更新任务...
2026-07-22 15:06:17.268 | INFO     | N/A | ⏳ 等待 Profile 更新任务...
2026-07-22 15:06:22.292 | INFO     | N/A | ⏳ 等待 Profile 更新任务...
2026-07-22 15:06:27.318 | INFO     | N/A | ⏳ 等待 Profile 更新任务...
2026-07-22 15:06:32.342 | INFO     | N/A | ⏳ 等待 Profile 更新任务...
2026-07-22 15:06:37.366 | INFO     | N/A | ⏳ 等待 Profile 更新任务...
2026-07-22 15:06:42.391 | INFO     | N/A | ⏳ 等待 Profile 更新任务...
2026-07-22 15:06:47.416 | INFO     | N/A | ⏳ 等待 Profile 更新任务...
2026-07-22 15:06:52.440 | INFO     | N/A | ⏳ 等待 Profile 更新任务...
2026-07-22 15:06:57.464 | INFO     | N/A | ⏳ 等待 Profile 更新任务...
2026-07-22 15:07:02.490 | INFO     | N/A | ⏳ 等待 Profile 更新任务...
2026-07-22 15:07:07.512 | INFO     | N/A | ⏳ 等待 Profile 更新任务...
2026-07-22 15:07:12.534 | INFO     | N/A | ⏳ 等待 Profile 更新任务...
2026-07-22 15:07:17.568 | INFO     | N/A | ⏳ 等待 Profile 更新任务...
2026-07-22 15:07:22.589 | INFO     | N/A | ⏳ 等待 Profile 更新任务...
2026-07-22 15:07:27.613 | INFO     | N/A | ⏳ 等待 Profile 更新任务...
2026-07-22 15:07:32.637 | INFO     | N/A | ⏳ 等待 Profile 更新任务...
2026-07-22 15:07:37.660 | INFO     | N/A | ⏳ 等待 Profile 更新任务...
2026-07-22 15:07:42.683 | INFO     | N/A | ⏳ 等待 Profile 更新任务...
2026-07-22 15:07:47.707 | INFO     | N/A | ⏳ 等待 Profile 更新任务...
2026-07-22 15:07:52.732 | INFO     | N/A | ⏳ 等待 Profile 更新任务...
2026-07-22 15:07:57.760 | INFO     | N/A | ⏳ 等待 Profile 更新任务...
2026-07-22 15:08:02.787 | INFO     | N/A | ⏳ 等待 Profile 更新任务...
2026-07-22 15:08:07.811 | INFO     | N/A | ⏳ 等待 Profile 更新任务...
2026-07-22 15:08:12.837 | INFO     | N/A | ⏳ 等待 Profile 更新任务...
2026-07-22 15:08:17.860 | INFO     | N/A | ⏳ 等待 Profile 更新任务...
2026-07-22 15:08:22.886 | INFO     | N/A | ⏳ 等待 Profile 更新任务...
2026-07-22 15:08:27.912 | INFO     | N/A | ⏳ 等待 Profile 更新任务...
2026-07-22 15:08:32.936 | INFO     | N/A | ⏳ 等待 Profile 更新任务...
2026-07-22 15:08:37.959 | INFO     | N/A | ⏳ 等待 Profile 更新任务...
2026-07-22 15:08:42.984 | INFO     | N/A | ⏳ 等待 Profile 更新任务...
2026-07-22 15:08:48.007 | INFO     | N/A | ⏳ 等待 Profile 更新任务...
2026-07-22 15:08:53.030 | INFO     | N/A | ⏳ 等待 Profile 更新任务...
2026-07-22 15:08:58.058 | INFO     | N/A | ⏳ 等待 Profile 更新任务...
2026-07-22 15:09:03.082 | INFO     | N/A | ⏳ 等待 Profile 更新任务...
2026-07-22 15:09:08.106 | INFO     | N/A | ⏳ 等待 Profile 更新任务...
2026-07-22 15:09:13.127 | INFO     | N/A | ⏳ 等待 Profile 更新任务...
2026-07-22 15:09:18.150 | INFO     | N/A | ⏳ 等待 Profile 更新任务...
2026-07-22 15:09:23.171 | INFO     | N/A | ⏳ 等待 Profile 更新任务...
2026-07-22 15:09:28.198 | INFO     | N/A | ⏳ 等待 Profile 更新任务...
2026-07-22 15:09:33.221 | INFO     | N/A | ⏳ 等待 Profile 更新任务...
2026-07-22 15:09:38.244 | INFO     | N/A | ⏳ 等待 Profile 更新任务...
2026-07-22 15:09:43.268 | INFO     | N/A | ⏳ 等待 Profile 更新任务...
2026-07-22 15:09:48.291 | INFO     | N/A | ⏳ 等待 Profile 更新任务...
2026-07-22 15:09:53.316 | INFO     | N/A | ⏳ 等待 Profile 更新任务...
2026-07-22 15:09:58.344 | INFO     | N/A | ⏳ 等待 Profile 更新任务...
2026-07-22 15:10:03.374 | INFO     | N/A | ⏳ 等待 Profile 更新任务...
2026-07-22 15:10:08.397 | INFO     | N/A | ⏳ 等待 Profile 更新任务...
2026-07-22 15:10:13.419 | INFO     | N/A | ⏳ 等待 Profile 更新任务...
2026-07-22 15:10:18.443 | INFO     | N/A | ⏳ 等待 Profile 更新任务...
2026-07-22 15:10:23.465 | INFO     | N/A | ⏳ 等待 Profile 更新任务...
2026-07-22 15:10:28.496 | INFO     | N/A | ⏳ 等待 Profile 更新任务...
2026-07-22 15:10:33.522 | INFO     | N/A | ⏳ 等待 Profile 更新任务...
2026-07-22 15:10:38.546 | INFO     | N/A | ⏳ 等待 Profile 更新任务...
2026-07-22 15:10:43.568 | INFO     | N/A | ⏳ 等待 Profile 更新任务...
2026-07-22 15:10:48.593 | INFO     | N/A | ⏳ 等待 Profile 更新任务...
2026-07-22 15:10:53.616 | INFO     | N/A | ⏳ 等待 Profile 更新任务...
2026-07-22 15:10:58.645 | INFO     | N/A | ⏳ 等待 Profile 更新任务...
2026-07-22 15:11:03.668 | INFO     | N/A | ⏳ 等待 Profile 更新任务...
2026-07-22 15:11:08.691 | INFO     | N/A | ⏳ 等待 Profile 更新任务...
2026-07-22 15:11:13.718 | INFO     | N/A | ⏳ 等待 Profile 更新任务...
2026-07-22 15:11:18.741 | INFO     | N/A | ⏳ 等待 Profile 更新任务...
2026-07-22 15:11:23.765 | INFO     | N/A | ⏳ 等待 Profile 更新任务...
2026-07-22 15:11:28.792 | INFO     | N/A | ⏳ 等待 Profile 更新任务...
2026-07-22 15:11:33.815 | INFO     | N/A | ⏳ 等待 Profile 更新任务...
2026-07-22 15:11:38.840 | INFO     | N/A | ⏳ 等待 Profile 更新任务...
2026-07-22 15:11:43.862 | INFO     | N/A | ⏳ 等待 Profile 更新任务...
2026-07-22 15:11:48.885 | INFO     | N/A | ⏳ 等待 Profile 更新任务...
2026-07-22 15:11:53.908 | INFO     | N/A | ⏳ 等待 Profile 更新任务...
2026-07-22 15:11:58.935 | INFO     | N/A | ⏳ 等待 Profile 更新任务...
2026-07-22 15:12:03.961 | INFO     | N/A | ⏳ 等待 Profile 更新任务...
2026-07-22 15:12:08.986 | INFO     | N/A | ⏳ 等待 Profile 更新任务...
2026-07-22 15:12:14.016 | INFO     | N/A | ⏳ 等待 Profile 更新任务...
2026-07-22 15:12:19.036 | INFO     | N/A | ⏳ 等待 Profile 更新任务...
2026-07-22 15:12:24.060 | INFO     | N/A | ⏳ 等待 Profile 更新任务...
2026-07-22 15:12:29.084 | INFO     | N/A | ⏳ 等待 Profile 更新任务...
2026-07-22 15:12:34.108 | INFO     | N/A | ⏳ 等待 Profile 更新任务...
2026-07-22 15:12:39.129 | INFO     | N/A | ⏳ 等待 Profile 更新任务...
2026-07-22 15:12:44.154 | INFO     | N/A | ⏳ 等待 Profile 更新任务...
2026-07-22 15:12:49.179 | INFO     | N/A | ⏳ 等待 Profile 更新任务...
2026-07-22 15:12:54.202 | INFO     | N/A | ⏳ 等待 Profile 更新任务...
2026-07-22 15:12:59.230 | INFO     | N/A | ⏳ 等待 Profile 更新任务...
2026-07-22 15:13:04.254 | INFO     | N/A | ⏳ 等待 Profile 更新任务...
2026-07-22 15:13:09.277 | INFO     | N/A | ⏳ 等待 Profile 更新任务...
2026-07-22 15:13:14.299 | INFO     | N/A | ⏳ 等待 Profile 更新任务...
2026-07-22 15:13:19.323 | INFO     | N/A | ⏳ 等待 Profile 更新任务...
2026-07-22 15:13:24.346 | INFO     | N/A | ⏳ 等待 Profile 更新任务...
2026-07-22 15:13:29.374 | INFO     | N/A | ⏳ 等待 Profile 更新任务...
2026-07-22 15:13:34.396 | INFO     | N/A | ⏳ 等待 Profile 更新任务...
2026-07-22 15:13:39.421 | INFO     | N/A | ⏳ 等待 Profile 更新任务...
2026-07-22 15:13:44.445 | INFO     | N/A | ⏳ 等待 Profile 更新任务...
2026-07-22 15:13:49.470 | INFO     | N/A | ⏳ 等待 Profile 更新任务...
2026-07-22 15:13:54.494 | INFO     | N/A | ⏳ 等待 Profile 更新任务...
2026-07-22 15:13:59.527 | INFO     | N/A | ⏳ 等待 Profile 更新任务...
2026-07-22 15:14:04.553 | INFO     | N/A | ⏳ 等待 Profile 更新任务...
2026-07-22 15:14:09.577 | INFO     | N/A | ⏳ 等待 Profile 更新任务...
2026-07-22 15:14:14.603 | INFO     | N/A | ⏳ 等待 Profile 更新任务...
2026-07-22 15:14:19.626 | INFO     | N/A | ⏳ 等待 Profile 更新任务...
2026-07-22 15:14:24.648 | INFO     | N/A | ⏳ 等待 Profile 更新任务...
2026-07-22 15:14:29.679 | INFO     | N/A | ⏳ 等待 Profile 更新任务...
2026-07-22 15:14:34.702 | INFO     | N/A | ⏳ 等待 Profile 更新任务...
2026-07-22 15:14:39.726 | INFO     | N/A | ⏳ 等待 Profile 更新任务...
2026-07-22 15:14:44.750 | INFO     | N/A | ⏳ 等待 Profile 更新任务...
2026-07-22 15:14:49.774 | INFO     | N/A | ⏳ 等待 Profile 更新任务...
2026-07-22 15:14:54.799 | INFO     | N/A | ⏳ 等待 Profile 更新任务...
2026-07-22 15:14:59.827 | INFO     | N/A | ⏳ 等待 Profile 更新任务...
2026-07-22 15:15:04.851 | INFO     | N/A | ⏳ 等待 Profile 更新任务...
2026-07-22 15:15:09.879 | INFO     | N/A | ⏳ 等待 Profile 更新任务...
2026-07-22 15:15:14.900 | INFO     | N/A | ⏳ 等待 Profile 更新任务...
2026-07-22 15:15:19.922 | INFO     | N/A | ⏳ 等待 Profile 更新任务...
2026-07-22 15:15:24.950 | INFO     | N/A | ⏳ 等待 Profile 更新任务...
2026-07-22 15:15:29.976 | INFO     | N/A | ⏳ 等待 Profile 更新任务...
2026-07-22 15:15:35.000 | INFO     | N/A | ⏳ 等待 Profile 更新任务...
2026-07-22 15:15:40.024 | INFO     | N/A | ⏳ 等待 Profile 更新任务...
2026-07-22 15:15:45.047 | INFO     | N/A | ⏳ 等待 Profile 更新任务...
2026-07-22 15:15:50.069 | INFO     | N/A | ⏳ 等待 Profile 更新任务...
2026-07-22 15:15:55.094 | INFO     | N/A | ⏳ 等待 Profile 更新任务...
2026-07-22 15:16:00.123 | INFO     | N/A | ⏳ 等待 Profile 更新任务...
2026-07-22 15:16:05.148 | INFO     | N/A | ⏳ 等待 Profile 更新任务...
2026-07-22 15:16:10.174 | INFO     | N/A | ⏳ 等待 Profile 更新任务...
2026-07-22 15:16:15.197 | INFO     | N/A | ⏳ 等待 Profile 更新任务...
2026-07-22 15:16:20.219 | INFO     | N/A | ⏳ 等待 Profile 更新任务...
2026-07-22 15:16:25.245 | INFO     | N/A | ⏳ 等待 Profile 更新任务...
2026-07-22 15:16:30.270 | INFO     | N/A | ⏳ 等待 Profile 更新任务...
2026-07-22 15:16:35.293 | INFO     | N/A | ⏳ 等待 Profile 更新任务...
2026-07-22 15:16:40.316 | INFO     | N/A | ⏳ 等待 Profile 更新任务...
2026-07-22 15:16:45.338 | INFO     | N/A | ⏳ 等待 Profile 更新任务...
2026-07-22 15:16:50.359 | INFO     | N/A | ⏳ 等待 Profile 更新任务...
2026-07-22 15:16:55.382 | INFO     | N/A | ⏳ 等待 Profile 更新任务...
2026-07-22 15:17:00.413 | INFO     | N/A | ⏳ 等待 Profile 更新任务...
2026-07-22 15:17:05.439 | INFO     | N/A | ⏳ 等待 Profile 更新任务...
2026-07-22 15:17:10.465 | INFO     | N/A | ⏳ 等待 Profile 更新任务...
2026-07-22 15:17:15.489 | INFO     | N/A | ⏳ 等待 Profile 更新任务...
2026-07-22 15:17:20.511 | INFO     | N/A | ⏳ 等待 Profile 更新任务...
2026-07-22 15:17:25.534 | INFO     | N/A | ⏳ 等待 Profile 更新任务...
2026-07-22 15:17:30.565 | INFO     | N/A | ⏳ 等待 Profile 更新任务...
2026-07-22 15:17:35.587 | INFO     | N/A | ⏳ 等待 Profile 更新任务...
2026-07-22 15:17:40.613 | INFO     | N/A | ⏳ 等待 Profile 更新任务...
2026-07-22 15:17:45.639 | INFO     | N/A | ⏳ 等待 Profile 更新任务...
2026-07-22 15:17:50.663 | INFO     | N/A | ⏳ 等待 Profile 更新任务...
2026-07-22 15:17:55.687 | INFO     | N/A | ⏳ 等待 Profile 更新任务...
2026-07-22 15:18:00.715 | INFO     | N/A | ⏳ 等待 Profile 更新任务...
2026-07-22 15:18:05.737 | INFO     | N/A | ⏳ 等待 Profile 更新任务...
2026-07-22 15:18:10.760 | INFO     | N/A | ⏳ 等待 Profile 更新任务...
2026-07-22 15:18:15.783 | INFO     | N/A | ⏳ 等待 Profile 更新任务...
2026-07-22 15:18:20.806 | INFO     | N/A | ⏳ 等待 Profile 更新任务...
2026-07-22 15:18:25.831 | INFO     | N/A | ⏳ 等待 Profile 更新任务...
2026-07-22 15:18:30.859 | INFO     | N/A | ⏳ 等待 Profile 更新任务...
2026-07-22 15:18:35.882 | INFO     | N/A | ⏳ 等待 Profile 更新任务...
2026-07-22 15:18:40.905 | INFO     | N/A | ⏳ 等待 Profile 更新任务...
2026-07-22 15:18:45.929 | INFO     | N/A | ⏳ 等待 Profile 更新任务...
2026-07-22 15:18:50.955 | INFO     | N/A | ⏳ 等待 Profile 更新任务...
2026-07-22 15:18:55.980 | INFO     | N/A | ⏳ 等待 Profile 更新任务...
2026-07-22 15:19:01.007 | INFO     | N/A | ⏳ 等待 Profile 更新任务...
2026-07-22 15:19:06.031 | INFO     | N/A | ⏳ 等待 Profile 更新任务...
2026-07-22 15:19:11.056 | INFO     | N/A | ⏳ 等待 Profile 更新任务...
2026-07-22 15:19:16.080 | INFO     | N/A | ⏳ 等待 Profile 更新任务...
2026-07-22 15:19:21.103 | INFO     | N/A | ⏳ 等待 Profile 更新任务...
2026-07-22 15:19:26.126 | INFO     | N/A | ⏳ 等待 Profile 更新任务...
2026-07-22 15:19:31.157 | INFO     | N/A | ⏳ 等待 Profile 更新任务...
2026-07-22 15:19:36.181 | INFO     | N/A | ⏳ 等待 Profile 更新任务...
2026-07-22 15:19:41.206 | INFO     | N/A | ⏳ 等待 Profile 更新任务...
2026-07-22 15:19:46.229 | INFO     | N/A | ⏳ 等待 Profile 更新任务...
2026-07-22 15:19:51.255 | INFO     | N/A | ⏳ 等待 Profile 更新任务...
2026-07-22 15:19:56.279 | INFO     | N/A | ⏳ 等待 Profile 更新任务...
2026-07-22 15:20:01.306 | INFO     | N/A | ⏳ 等待 Profile 更新任务...
2026-07-22 15:20:06.352 | INFO     | N/A | ⏳ 等待 Profile 更新任务...
2026-07-22 15:20:11.377 | INFO     | N/A | ⏳ 等待 Profile 更新任务...
2026-07-22 15:20:16.401 | INFO     | N/A | ⏳ 等待 Profile 更新任务...
2026-07-22 15:20:21.456 | INFO     | N/A | ⏳ 等待 Profile 更新任务...
2026-07-22 15:20:26.479 | INFO     | N/A | ⏳ 等待 Profile 更新任务...
2026-07-22 15:20:31.506 | INFO     | N/A | ⏳ 等待 Profile 更新任务...
2026-07-22 15:20:36.534 | INFO     | N/A | ⏳ 等待 Profile 更新任务...
2026-07-22 15:20:41.558 | INFO     | N/A | ⏳ 等待 Profile 更新任务...
2026-07-22 15:20:46.581 | INFO     | N/A | ⏳ 等待 Profile 更新任务...
2026-07-22 15:20:51.604 | INFO     | N/A | ⏳ 等待 Profile 更新任务...
2026-07-22 15:20:56.629 | INFO     | N/A | ⏳ 等待 Profile 更新任务...
2026-07-22 15:21:01.656 | INFO     | N/A | ⏳ 等待 Profile 更新任务...
2026-07-22 15:21:06.680 | INFO     | N/A | ⏳ 等待 Profile 更新任务...
2026-07-22 15:21:11.706 | INFO     | N/A | ⏳ 等待 Profile 更新任务...
2026-07-22 15:21:16.728 | INFO     | N/A | ⏳ 等待 Profile 更新任务...
2026-07-22 15:21:21.752 | INFO     | N/A | ⏳ 等待 Profile 更新任务...
2026-07-22 15:21:26.775 | INFO     | N/A | ⏳ 等待 Profile 更新任务...
2026-07-22 15:21:31.803 | INFO     | N/A | ⏳ 等待 Profile 更新任务...
2026-07-22 15:21:36.827 | INFO     | N/A | ⏳ 等待 Profile 更新任务...
2026-07-22 15:21:41.852 | INFO     | N/A | ⏳ 等待 Profile 更新任务...
2026-07-22 15:21:46.876 | INFO     | N/A | ⏳ 等待 Profile 更新任务...
2026-07-22 15:21:51.898 | INFO     | N/A | ⏳ 等待 Profile 更新任务...
2026-07-22 15:21:56.921 | INFO     | N/A | ⏳ 等待 Profile 更新任务...
2026-07-22 15:22:01.945 | INFO     | N/A | ⏳ 等待 Profile 更新任务...
2026-07-22 15:22:06.972 | INFO     | N/A | ⏳ 等待 Profile 更新任务...
2026-07-22 15:22:11.996 | INFO     | N/A | ⏳ 等待 Profile 更新任务...
2026-07-22 15:22:17.021 | INFO     | N/A | ⏳ 等待 Profile 更新任务...
2026-07-22 15:22:22.047 | INFO     | N/A | ⏳ 等待 Profile 更新任务...
2026-07-22 15:22:27.071 | INFO     | N/A | ⏳ 等待 Profile 更新任务...
2026-07-22 15:22:32.101 | INFO     | N/A | ⏳ 等待 Profile 更新任务...
2026-07-22 15:22:37.125 | INFO     | N/A | ⏳ 等待 Profile 更新任务...
2026-07-22 15:22:42.147 | INFO     | N/A | ⏳ 等待 Profile 更新任务...
2026-07-22 15:22:47.172 | INFO     | N/A | ⏳ 等待 Profile 更新任务...
2026-07-22 15:22:52.199 | INFO     | N/A | ⏳ 等待 Profile 更新任务...
2026-07-22 15:22:57.226 | INFO     | N/A | ⏳ 等待 Profile 更新任务...
2026-07-22 15:23:02.254 | INFO     | N/A | ⏳ 等待 Profile 更新任务...
2026-07-22 15:23:07.279 | INFO     | N/A | ⏳ 等待 Profile 更新任务...
2026-07-22 15:23:12.302 | INFO     | N/A | ⏳ 等待 Profile 更新任务...
2026-07-22 15:23:17.327 | INFO     | N/A | ⏳ 等待 Profile 更新任务...
2026-07-22 15:23:22.354 | INFO     | N/A | ⏳ 等待 Profile 更新任务...
2026-07-22 15:23:27.378 | INFO     | N/A | ⏳ 等待 Profile 更新任务...
2026-07-22 15:23:32.405 | INFO     | N/A | ⏳ 等待 Profile 更新任务...
2026-07-22 15:23:37.431 | INFO     | N/A | ⏳ 等待 Profile 更新任务...
2026-07-22 15:23:42.454 | INFO     | N/A | ⏳ 等待 Profile 更新任务...
2026-07-22 15:23:47.477 | INFO     | N/A | ⏳ 等待 Profile 更新任务...
2026-07-22 15:23:52.501 | INFO     | N/A | ⏳ 等待 Profile 更新任务...
2026-07-22 15:23:57.524 | INFO     | N/A | ⏳ 等待 Profile 更新任务...
2026-07-22 15:24:02.552 | INFO     | N/A | ⏳ 等待 Profile 更新任务...
2026-07-22 15:24:07.578 | INFO     | N/A | ⏳ 等待 Profile 更新任务...
2026-07-22 15:24:12.609 | INFO     | N/A | ⏳ 等待 Profile 更新任务...
2026-07-22 15:24:17.632 | INFO     | N/A | ⏳ 等待 Profile 更新任务...
2026-07-22 15:24:22.657 | INFO     | N/A | ⏳ 等待 Profile 更新任务...
2026-07-22 15:24:27.681 | INFO     | N/A | ⏳ 等待 Profile 更新任务...
2026-07-22 15:24:32.713 | INFO     | N/A | ⏳ 等待 Profile 更新任务...
2026-07-22 15:24:37.736 | INFO     | N/A | ⏳ 等待 Profile 更新任务...
2026-07-22 15:24:42.761 | INFO     | N/A | ⏳ 等待 Profile 更新任务...
2026-07-22 15:24:47.784 | INFO     | N/A | ⏳ 等待 Profile 更新任务...
2026-07-22 15:24:52.808 | INFO     | N/A | ⏳ 等待 Profile 更新任务...
2026-07-22 15:24:57.834 | INFO     | N/A | ⏳ 等待 Profile 更新任务...
2026-07-22 15:25:02.865 | INFO     | N/A | ⏳ 等待 Profile 更新任务...
2026-07-22 15:25:07.890 | INFO     | N/A | ⏳ 等待 Profile 更新任务...
2026-07-22 15:25:12.915 | INFO     | N/A | ⏳ 等待 Profile 更新任务...
2026-07-22 15:25:17.939 | INFO     | N/A | ⏳ 等待 Profile 更新任务...
2026-07-22 15:25:22.962 | INFO     | N/A | ⏳ 等待 Profile 更新任务...
2026-07-22 15:25:27.984 | INFO     | N/A | ⏳ 等待 Profile 更新任务...
2026-07-22 15:25:33.011 | INFO     | N/A | ⏳ 等待 Profile 更新任务...
2026-07-22 15:25:38.037 | INFO     | N/A | ⏳ 等待 Profile 更新任务...
2026-07-22 15:25:43.062 | INFO     | N/A | ⏳ 等待 Profile 更新任务...
2026-07-22 15:25:48.085 | INFO     | N/A | ⏳ 等待 Profile 更新任务...
2026-07-22 15:25:53.110 | INFO     | N/A | ⏳ 等待 Profile 更新任务...
2026-07-22 15:25:58.134 | INFO     | N/A | ⏳ 等待 Profile 更新任务...
2026-07-22 15:26:03.162 | INFO     | N/A | ⏳ 等待 Profile 更新任务...
2026-07-22 15:26:08.186 | INFO     | N/A | ⏳ 等待 Profile 更新任务...
2026-07-22 15:26:13.210 | INFO     | N/A | ⏳ 等待 Profile 更新任务...
2026-07-22 15:26:18.235 | INFO     | N/A | ⏳ 等待 Profile 更新任务...
2026-07-22 15:26:23.257 | INFO     | N/A | ⏳ 等待 Profile 更新任务...
2026-07-22 15:26:28.283 | INFO     | N/A | ⏳ 等待 Profile 更新任务...
2026-07-22 15:26:33.312 | INFO     | N/A | ⏳ 等待 Profile 更新任务...
2026-07-22 15:26:38.337 | INFO     | N/A | ⏳ 等待 Profile 更新任务...
2026-07-22 15:26:43.362 | INFO     | N/A | ⏳ 等待 Profile 更新任务...
2026-07-22 15:26:48.386 | INFO     | N/A | ⏳ 等待 Profile 更新任务...
2026-07-22 15:26:53.408 | INFO     | N/A | ⏳ 等待 Profile 更新任务...
2026-07-22 15:26:58.435 | INFO     | N/A | ⏳ 等待 Profile 更新任务...
2026-07-22 15:27:03.462 | INFO     | N/A | ⏳ 等待 Profile 更新任务...
2026-07-22 15:27:08.488 | INFO     | N/A | ⏳ 等待 Profile 更新任务...
2026-07-22 15:27:13.514 | INFO     | N/A | ⏳ 等待 Profile 更新任务...
2026-07-22 15:27:18.538 | INFO     | N/A | ⏳ 等待 Profile 更新任务...
2026-07-22 15:27:23.564 | INFO     | N/A | ⏳ 等待 Profile 更新任务...
2026-07-22 15:27:28.587 | INFO     | N/A | ⏳ 等待 Profile 更新任务...
2026-07-22 15:27:33.612 | INFO     | N/A | ⏳ 等待 Profile 更新任务...
2026-07-22 15:27:38.635 | INFO     | N/A | ⏳ 等待 Profile 更新任务...
2026-07-22 15:27:43.657 | INFO     | N/A | ⏳ 等待 Profile 更新任务...
2026-07-22 15:27:48.681 | INFO     | N/A | ⏳ 等待 Profile 更新任务...
2026-07-22 15:27:53.705 | INFO     | N/A | ⏳ 等待 Profile 更新任务...
2026-07-22 15:27:58.727 | INFO     | N/A | ⏳ 等待 Profile 更新任务...
2026-07-22 15:28:03.757 | INFO     | N/A | ⏳ 等待 Profile 更新任务...
2026-07-22 15:28:08.783 | INFO     | N/A | ⏳ 等待 Profile 更新任务...
2026-07-22 15:28:13.806 | INFO     | N/A | ⏳ 等待 Profile 更新任务...
2026-07-22 15:28:18.831 | INFO     | N/A | ⏳ 等待 Profile 更新任务...
2026-07-22 15:28:23.854 | INFO     | N/A | ⏳ 等待 Profile 更新任务...
2026-07-22 15:28:28.877 | INFO     | N/A | ⏳ 等待 Profile 更新任务...
2026-07-22 15:28:33.904 | INFO     | N/A | ⏳ 等待 Profile 更新任务...
2026-07-22 15:28:38.930 | INFO     | N/A | ⏳ 等待 Profile 更新任务...
2026-07-22 15:28:43.953 | INFO     | N/A | ⏳ 等待 Profile 更新任务...
2026-07-22 15:28:48.978 | INFO     | N/A | ⏳ 等待 Profile 更新任务...
2026-07-22 15:28:53.999 | INFO     | N/A | ⏳ 等待 Profile 更新任务...
2026-07-22 15:28:59.022 | INFO     | N/A | ⏳ 等待 Profile 更新任务...
2026-07-22 15:29:04.049 | INFO     | N/A | ⏳ 等待 Profile 更新任务...
2026-07-22 15:29:09.073 | INFO     | N/A | ⏳ 等待 Profile 更新任务...
2026-07-22 15:29:14.095 | INFO     | N/A | ⏳ 等待 Profile 更新任务...
2026-07-22 15:29:19.119 | INFO     | N/A | ⏳ 等待 Profile 更新任务...
2026-07-22 15:29:24.144 | INFO     | N/A | ⏳ 等待 Profile 更新任务...
2026-07-22 15:29:29.167 | INFO     | N/A | ⏳ 等待 Profile 更新任务...
2026-07-22 15:29:34.192 | INFO     | N/A | ⏳ 等待 Profile 更新任务...
2026-07-22 15:29:39.215 | INFO     | N/A | ⏳ 等待 Profile 更新任务...
2026-07-22 15:29:44.239 | INFO     | N/A | ⏳ 等待 Profile 更新任务...
2026-07-22 15:29:49.261 | INFO     | N/A | ⏳ 等待 Profile 更新任务...
2026-07-22 15:29:54.284 | INFO     | N/A | ⏳ 等待 Profile 更新任务...
2026-07-22 15:29:59.310 | INFO     | N/A | ⏳ 等待 Profile 更新任务...
2026-07-22 15:30:04.336 | INFO     | N/A | ⏳ 等待 Profile 更新任务...
2026-07-22 15:30:09.360 | INFO     | N/A | ⏳ 等待 Profile 更新任务...
2026-07-22 15:30:14.381 | INFO     | N/A | ⏳ 等待 Profile 更新任务...
2026-07-22 15:30:19.405 | INFO     | N/A | ⏳ 等待 Profile 更新任务...
2026-07-22 15:30:24.429 | INFO     | N/A | ⏳ 等待 Profile 更新任务...
2026-07-22 15:30:29.453 | INFO     | N/A | ⏳ 等待 Profile 更新任务...
2026-07-22 15:30:34.488 | INFO     | N/A | ⏳ 等待 Profile 更新任务...
2026-07-22 15:30:39.513 | INFO     | N/A | ⏳ 等待 Profile 更新任务...
2026-07-22 15:30:44.535 | INFO     | N/A | ⏳ 等待 Profile 更新任务...
2026-07-22 15:30:49.558 | INFO     | N/A | ⏳ 等待 Profile 更新任务...
2026-07-22 15:30:54.583 | INFO     | N/A | ⏳ 等待 Profile 更新任务...
2026-07-22 15:30:59.606 | INFO     | N/A | ⏳ 等待 Profile 更新任务...
2026-07-22 15:31:04.638 | INFO     | N/A | ⏳ 等待 Profile 更新任务...
2026-07-22 15:31:09.663 | INFO     | N/A | ⏳ 等待 Profile 更新任务...
2026-07-22 15:31:14.686 | INFO     | N/A | ⏳ 等待 Profile 更新任务...
2026-07-22 15:31:19.710 | INFO     | N/A | ⏳ 等待 Profile 更新任务...
2026-07-22 15:31:24.735 | INFO     | N/A | ⏳ 等待 Profile 更新任务...
2026-07-22 15:31:29.760 | INFO     | N/A | ⏳ 等待 Profile 更新任务...
2026-07-22 15:31:34.788 | INFO     | N/A | ⏳ 等待 Profile 更新任务...
2026-07-22 15:31:39.812 | INFO     | N/A | ⏳ 等待 Profile 更新任务...
2026-07-22 15:31:44.834 | INFO     | N/A | ⏳ 等待 Profile 更新任务...
2026-07-22 15:31:49.857 | INFO     | N/A | ⏳ 等待 Profile 更新任务...
2026-07-22 15:31:54.882 | INFO     | N/A | ⏳ 等待 Profile 更新任务...
2026-07-22 15:31:59.905 | INFO     | N/A | ⏳ 等待 Profile 更新任务...
2026-07-22 15:32:04.939 | INFO     | N/A | ⏳ 等待 Profile 更新任务...
2026-07-22 15:32:09.963 | INFO     | N/A | ⏳ 等待 Profile 更新任务...
2026-07-22 15:32:14.986 | INFO     | N/A | ⏳ 等待 Profile 更新任务...
2026-07-22 15:32:20.009 | INFO     | N/A | ⏳ 等待 Profile 更新任务...
2026-07-22 15:32:25.031 | INFO     | N/A | ⏳ 等待 Profile 更新任务...
2026-07-22 15:32:30.055 | INFO     | N/A | ⏳ 等待 Profile 更新任务...
2026-07-22 15:32:35.081 | INFO     | N/A | ⏳ 等待 Profile 更新任务...
2026-07-22 15:32:40.104 | INFO     | N/A | ⏳ 等待 Profile 更新任务...
2026-07-22 15:32:45.127 | INFO     | N/A | ⏳ 等待 Profile 更新任务...
2026-07-22 15:32:50.149 | INFO     | N/A | ⏳ 等待 Profile 更新任务...
2026-07-22 15:32:55.173 | INFO     | N/A | ⏳ 等待 Profile 更新任务...
2026-07-22 15:33:00.198 | INFO     | N/A | ⏳ 等待 Profile 更新任务...
2026-07-22 15:33:05.226 | INFO     | N/A | ⏳ 等待 Profile 更新任务...
2026-07-22 15:33:10.250 | INFO     | N/A | ⏳ 等待 Profile 更新任务...
2026-07-22 15:33:15.273 | INFO     | N/A | ⏳ 等待 Profile 更新任务...
2026-07-22 15:33:20.298 | INFO     | N/A | ⏳ 等待 Profile 更新任务...
2026-07-22 15:33:25.321 | INFO     | N/A | ⏳ 等待 Profile 更新任务...
2026-07-22 15:33:30.344 | INFO     | N/A | ⏳ 等待 Profile 更新任务...
2026-07-22 15:33:35.371 | INFO     | N/A | ⏳ 等待 Profile 更新任务...
2026-07-22 15:33:40.396 | INFO     | N/A | ⏳ 等待 Profile 更新任务...
2026-07-22 15:33:45.420 | INFO     | N/A | ⏳ 等待 Profile 更新任务...
2026-07-22 15:33:50.444 | INFO     | N/A | ⏳ 等待 Profile 更新任务...
2026-07-22 15:33:55.468 | INFO     | N/A | ⏳ 等待 Profile 更新任务...
2026-07-22 15:34:00.492 | INFO     | N/A | ⏳ 等待 Profile 更新任务...
2026-07-22 15:34:05.518 | INFO     | N/A | ⏳ 等待 Profile 更新任务...
2026-07-22 15:34:10.542 | INFO     | N/A | ⏳ 等待 Profile 更新任务...
2026-07-22 15:34:15.566 | INFO     | N/A | ⏳ 等待 Profile 更新任务...
2026-07-22 15:34:20.591 | INFO     | N/A | ⏳ 等待 Profile 更新任务...
2026-07-22 15:34:25.616 | INFO     | N/A | ⏳ 等待 Profile 更新任务...
2026-07-22 15:34:30.638 | INFO     | N/A | ⏳ 等待 Profile 更新任务...
2026-07-22 15:34:35.669 | INFO     | N/A | ⏳ 等待 Profile 更新任务...
2026-07-22 15:34:40.695 | INFO     | N/A | ⏳ 等待 Profile 更新任务...
2026-07-22 15:34:45.719 | INFO     | N/A | ⏳ 等待 Profile 更新任务...
2026-07-22 15:34:50.743 | INFO     | N/A | ⏳ 等待 Profile 更新任务...
2026-07-22 15:34:55.769 | INFO     | N/A | ⏳ 等待 Profile 更新任务...
2026-07-22 15:35:00.793 | INFO     | N/A | ⏳ 等待 Profile 更新任务...
2026-07-22 15:35:05.822 | INFO     | N/A | ⏳ 等待 Profile 更新任务...
2026-07-22 15:35:10.845 | INFO     | N/A | ⏳ 等待 Profile 更新任务...
2026-07-22 15:35:15.869 | INFO     | N/A | ⏳ 等待 Profile 更新任务...
2026-07-22 15:35:20.892 | INFO     | N/A | ⏳ 等待 Profile 更新任务...
2026-07-22 15:35:25.915 | INFO     | N/A | ⏳ 等待 Profile 更新任务...
2026-07-22 15:35:30.937 | INFO     | N/A | ⏳ 等待 Profile 更新任务...
2026-07-22 15:35:35.962 | INFO     | N/A | ⏳ 等待 Profile 更新任务...
2026-07-22 15:35:40.989 | INFO     | N/A | ⏳ 等待 Profile 更新任务...
2026-07-22 15:35:46.012 | INFO     | N/A | ⏳ 等待 Profile 更新任务...
2026-07-22 15:35:51.036 | INFO     | N/A | ⏳ 等待 Profile 更新任务...
2026-07-22 15:35:56.062 | INFO     | N/A | ⏳ 等待 Profile 更新任务...
2026-07-22 15:36:01.086 | INFO     | N/A | ⏳ 等待 Profile 更新任务...
2026-07-22 15:36:06.113 | INFO     | N/A | ⏳ 等待 Profile 更新任务...
2026-07-22 15:36:11.137 | INFO     | N/A | ⏳ 等待 Profile 更新任务...
2026-07-22 15:36:16.161 | INFO     | N/A | ⏳ 等待 Profile 更新任务...
2026-07-22 15:36:21.189 | INFO     | N/A | ⏳ 等待 Profile 更新任务...
2026-07-22 15:36:26.212 | INFO     | N/A | ⏳ 等待 Profile 更新任务...
2026-07-22 15:36:31.235 | INFO     | N/A | ⏳ 等待 Profile 更新任务...
2026-07-22 15:36:36.263 | INFO     | N/A | ⏳ 等待 Profile 更新任务...
2026-07-22 15:36:41.289 | INFO     | N/A | ⏳ 等待 Profile 更新任务...
2026-07-22 15:36:46.312 | INFO     | N/A | ⏳ 等待 Profile 更新任务...
2026-07-22 15:36:51.337 | INFO     | N/A | ⏳ 等待 Profile 更新任务...
2026-07-22 15:36:56.360 | INFO     | N/A | ⏳ 等待 Profile 更新任务...
2026-07-22 15:37:01.383 | INFO     | N/A | ⏳ 等待 Profile 更新任务...
2026-07-22 15:37:06.411 | INFO     | N/A | ⏳ 等待 Profile 更新任务...
2026-07-22 15:37:11.440 | INFO     | N/A | ⏳ 等待 Profile 更新任务...
2026-07-22 15:37:16.464 | INFO     | N/A | ⏳ 等待 Profile 更新任务...
2026-07-22 15:37:21.486 | INFO     | N/A | ⏳ 等待 Profile 更新任务...
2026-07-22 15:37:26.511 | INFO     | N/A | ⏳ 等待 Profile 更新任务...
2026-07-22 15:37:31.534 | INFO     | N/A | ⏳ 等待 Profile 更新任务...
2026-07-22 15:37:36.561 | INFO     | N/A | ⏳ 等待 Profile 更新任务...
2026-07-22 15:37:41.584 | INFO     | N/A | ⏳ 等待 Profile 更新任务...
2026-07-22 15:37:46.611 | INFO     | N/A | ⏳ 等待 Profile 更新任务...
2026-07-22 15:37:51.637 | INFO     | N/A | ⏳ 等待 Profile 更新任务...
2026-07-22 15:37:56.660 | INFO     | N/A | ⏳ 等待 Profile 更新任务...
2026-07-22 15:38:01.684 | INFO     | N/A | ⏳ 等待 Profile 更新任务...
2026-07-22 15:38:06.710 | INFO     | N/A | ⏳ 等待 Profile 更新任务...
2026-07-22 15:38:11.732 | INFO     | N/A | ⏳ 等待 Profile 更新任务...
2026-07-22 15:38:16.756 | INFO     | N/A | ⏳ 等待 Profile 更新任务...
2026-07-22 15:38:21.780 | INFO     | N/A | ⏳ 等待 Profile 更新任务...
2026-07-22 15:38:26.805 | INFO     | N/A | ⏳ 等待 Profile 更新任务...
2026-07-22 15:38:31.828 | INFO     | N/A | ⏳ 等待 Profile 更新任务...
2026-07-22 15:38:36.859 | INFO     | N/A | ⏳ 等待 Profile 更新任务...
2026-07-22 15:38:41.881 | INFO     | N/A | ⏳ 等待 Profile 更新任务...
2026-07-22 15:38:46.906 | INFO     | N/A | ⏳ 等待 Profile 更新任务...
2026-07-22 15:38:51.928 | INFO     | N/A | ⏳ 等待 Profile 更新任务...
2026-07-22 15:38:56.952 | INFO     | N/A | ⏳ 等待 Profile 更新任务...
2026-07-22 15:39:01.978 | INFO     | N/A | ⏳ 等待 Profile 更新任务...
2026-07-22 15:39:07.006 | INFO     | N/A | ⏳ 等待 Profile 更新任务...
2026-07-22 15:39:12.029 | INFO     | N/A | ⏳ 等待 Profile 更新任务...
2026-07-22 15:39:17.053 | INFO     | N/A | ⏳ 等待 Profile 更新任务...
2026-07-22 15:39:22.077 | INFO     | N/A | ⏳ 等待 Profile 更新任务...
2026-07-22 15:39:27.101 | INFO     | N/A | ⏳ 等待 Profile 更新任务...
2026-07-22 15:39:32.125 | INFO     | N/A | ⏳ 等待 Profile 更新任务...
2026-07-22 15:39:37.150 | INFO     | N/A | ⏳ 等待 Profile 更新任务...
2026-07-22 15:39:42.175 | INFO     | N/A | ⏳ 等待 Profile 更新任务...
2026-07-22 15:39:47.200 | INFO     | N/A | ⏳ 等待 Profile 更新任务...
2026-07-22 15:39:52.221 | INFO     | N/A | ⏳ 等待 Profile 更新任务...
2026-07-22 15:39:57.244 | INFO     | N/A | ⏳ 等待 Profile 更新任务...
2026-07-22 15:40:02.270 | INFO     | N/A | ⏳ 等待 Profile 更新任务...
2026-07-22 15:40:07.294 | INFO     | N/A | ⏳ 等待 Profile 更新任务...
2026-07-22 15:40:12.320 | INFO     | N/A | ⏳ 等待 Profile 更新任务...
2026-07-22 15:40:17.343 | INFO     | N/A | ⏳ 等待 Profile 更新任务...
2026-07-22 15:40:22.368 | INFO     | N/A | ⏳ 等待 Profile 更新任务...
2026-07-22 15:40:27.391 | INFO     | N/A | ⏳ 等待 Profile 更新任务...
2026-07-22 15:40:32.414 | INFO     | N/A | ⏳ 等待 Profile 更新任务...
2026-07-22 15:40:37.444 | INFO     | N/A | ⏳ 等待 Profile 更新任务...
2026-07-22 15:40:42.467 | INFO     | N/A | ⏳ 等待 Profile 更新任务...
2026-07-22 15:40:47.491 | INFO     | N/A | ⏳ 等待 Profile 更新任务...
2026-07-22 15:40:52.514 | INFO     | N/A | ⏳ 等待 Profile 更新任务...
2026-07-22 15:40:57.541 | INFO     | N/A | ⏳ 等待 Profile 更新任务...
2026-07-22 15:41:02.570 | INFO     | N/A | ⏳ 等待 Profile 更新任务...
2026-07-22 15:41:07.597 | INFO     | N/A | ⏳ 等待 Profile 更新任务...
2026-07-22 15:41:12.621 | INFO     | N/A | ⏳ 等待 Profile 更新任务...
2026-07-22 15:41:17.646 | INFO     | N/A | ⏳ 等待 Profile 更新任务...
2026-07-22 15:41:22.669 | INFO     | N/A | ⏳ 等待 Profile 更新任务...
2026-07-22 15:41:27.693 | INFO     | N/A | ⏳ 等待 Profile 更新任务...
2026-07-22 15:41:32.718 | INFO     | N/A | ⏳ 等待 Profile 更新任务...
2026-07-22 15:41:37.747 | INFO     | N/A | ⏳ 等待 Profile 更新任务...
2026-07-22 15:41:42.772 | INFO     | N/A | ⏳ 等待 Profile 更新任务...
2026-07-22 15:41:47.793 | INFO     | N/A | ⏳ 等待 Profile 更新任务...
2026-07-22 15:41:52.817 | INFO     | N/A | ⏳ 等待 Profile 更新任务...
2026-07-22 15:41:57.839 | INFO     | N/A | ⏳ 等待 Profile 更新任务...
2026-07-22 15:42:02.863 | INFO     | N/A | ⏳ 等待 Profile 更新任务...
2026-07-22 15:42:07.888 | INFO     | N/A | ⏳ 等待 Profile 更新任务...
2026-07-22 15:42:12.910 | INFO     | N/A | ⏳ 等待 Profile 更新任务...
2026-07-22 15:42:17.934 | INFO     | N/A | ⏳ 等待 Profile 更新任务...
2026-07-22 15:42:22.960 | INFO     | N/A | ⏳ 等待 Profile 更新任务...
2026-07-22 15:42:27.982 | INFO     | N/A | ⏳ 等待 Profile 更新任务...
2026-07-22 15:42:33.007 | INFO     | N/A | ⏳ 等待 Profile 更新任务...
2026-07-22 15:42:38.035 | INFO     | N/A | ⏳ 等待 Profile 更新任务...
2026-07-22 15:42:43.061 | INFO     | N/A | ⏳ 等待 Profile 更新任务...
2026-07-22 15:42:48.086 | INFO     | N/A | ⏳ 等待 Profile 更新任务...
2026-07-22 15:42:53.110 | INFO     | N/A | ⏳ 等待 Profile 更新任务...
2026-07-22 15:42:58.134 | INFO     | N/A | ⏳ 等待 Profile 更新任务...
2026-07-22 15:43:03.157 | INFO     | N/A | ⏳ 等待 Profile 更新任务...
2026-07-22 15:43:08.185 | INFO     | N/A | ⏳ 等待 Profile 更新任务...
2026-07-22 15:43:13.210 | INFO     | N/A | ⏳ 等待 Profile 更新任务...
2026-07-22 15:43:18.234 | INFO     | N/A | ⏳ 等待 Profile 更新任务...
2026-07-22 15:43:23.257 | INFO     | N/A | ⏳ 等待 Profile 更新任务...
2026-07-22 15:43:28.281 | INFO     | N/A | ⏳ 等待 Profile 更新任务...
2026-07-22 15:43:33.305 | INFO     | N/A | ⏳ 等待 Profile 更新任务...
2026-07-22 15:43:38.332 | INFO     | N/A | ⏳ 等待 Profile 更新任务...
2026-07-22 15:43:43.355 | INFO     | N/A | ⏳ 等待 Profile 更新任务...
2026-07-22 15:43:48.379 | INFO     | N/A | ⏳ 等待 Profile 更新任务...
2026-07-22 15:43:53.403 | INFO     | N/A | ⏳ 等待 Profile 更新任务...
2026-07-22 15:43:58.426 | INFO     | N/A | ⏳ 等待 Profile 更新任务...
2026-07-22 15:44:03.450 | INFO     | N/A | ⏳ 等待 Profile 更新任务...
2026-07-22 15:44:08.480 | INFO     | N/A | ⏳ 等待 Profile 更新任务...
2026-07-22 15:44:13.504 | INFO     | N/A | ⏳ 等待 Profile 更新任务...
2026-07-22 15:44:18.526 | INFO     | N/A | ⏳ 等待 Profile 更新任务...
2026-07-22 15:44:23.549 | INFO     | N/A | ⏳ 等待 Profile 更新任务...
2026-07-22 15:44:28.572 | INFO     | N/A | ⏳ 等待 Profile 更新任务...
2026-07-22 15:44:33.594 | INFO     | N/A | ⏳ 等待 Profile 更新任务...
2026-07-22 15:44:38.619 | INFO     | N/A | ⏳ 等待 Profile 更新任务...
2026-07-22 15:44:43.642 | INFO     | N/A | ⏳ 等待 Profile 更新任务...
2026-07-22 15:44:48.664 | INFO     | N/A | ⏳ 等待 Profile 更新任务...
2026-07-22 15:44:53.688 | INFO     | N/A | ⏳ 等待 Profile 更新任务...
2026-07-22 15:44:58.712 | INFO     | N/A | ⏳ 等待 Profile 更新任务...
2026-07-22 15:45:03.734 | INFO     | N/A | ⏳ 等待 Profile 更新任务...
2026-07-22 15:45:08.764 | INFO     | N/A | ⏳ 等待 Profile 更新任务...
2026-07-22 15:45:13.789 | INFO     | N/A | ⏳ 等待 Profile 更新任务...
2026-07-22 15:45:18.812 | INFO     | N/A | ⏳ 等待 Profile 更新任务...
2026-07-22 15:45:23.836 | INFO     | N/A | ⏳ 等待 Profile 更新任务...
2026-07-22 15:45:28.861 | INFO     | N/A | ⏳ 等待 Profile 更新任务...
2026-07-22 15:45:33.886 | INFO     | N/A | ⏳ 等待 Profile 更新任务...
2026-07-22 15:45:38.911 | INFO     | N/A | ⏳ 等待 Profile 更新任务...
2026-07-22 15:45:43.936 | INFO     | N/A | ⏳ 等待 Profile 更新任务...
2026-07-22 15:45:48.961 | INFO     | N/A | ⏳ 等待 Profile 更新任务...
2026-07-22 15:45:53.988 | INFO     | N/A | ⏳ 等待 Profile 更新任务...
2026-07-22 15:45:59.011 | INFO     | N/A | ⏳ 等待 Profile 更新任务...
2026-07-22 15:46:04.034 | INFO     | N/A | ⏳ 等待 Profile 更新任务...
2026-07-22 15:46:09.066 | INFO     | N/A | ⏳ 等待 Profile 更新任务...
2026-07-22 15:46:14.089 | INFO     | N/A | ⏳ 等待 Profile 更新任务...
2026-07-22 15:46:19.115 | INFO     | N/A | ⏳ 等待 Profile 更新任务...
2026-07-22 15:46:24.138 | INFO     | N/A | ⏳ 等待 Profile 更新任务...
2026-07-22 15:46:29.160 | INFO     | N/A | ⏳ 等待 Profile 更新任务...
2026-07-22 15:46:34.185 | INFO     | N/A | ⏳ 等待 Profile 更新任务...
2026-07-22 15:46:39.215 | INFO     | N/A | ⏳ 等待 Profile 更新任务...
2026-07-22 15:46:44.239 | INFO     | N/A | ⏳ 等待 Profile 更新任务...
2026-07-22 15:46:49.262 | INFO     | N/A | ⏳ 等待 Profile 更新任务...
2026-07-22 15:46:54.287 | INFO     | N/A | ⏳ 等待 Profile 更新任务...
2026-07-22 15:46:59.310 | INFO     | N/A | ⏳ 等待 Profile 更新任务...
2026-07-22 15:47:04.355 | INFO     | N/A | ⏳ 等待 Profile 更新任务...
2026-07-22 15:47:09.404 | INFO     | N/A | ⏳ 等待 Profile 更新任务...
2026-07-22 15:47:14.429 | INFO     | N/A | ⏳ 等待 Profile 更新任务...
2026-07-22 15:47:19.455 | INFO     | N/A | ⏳ 等待 Profile 更新任务...
2026-07-22 15:47:24.478 | INFO     | N/A | ⏳ 等待 Profile 更新任务...
2026-07-22 15:47:29.502 | INFO     | N/A | ⏳ 等待 Profile 更新任务...
2026-07-22 15:47:34.525 | INFO     | N/A | ⏳ 等待 Profile 更新任务...
2026-07-22 15:47:39.552 | INFO     | N/A | ⏳ 等待 Profile 更新任务...
2026-07-22 15:47:44.575 | INFO     | N/A | ⏳ 等待 Profile 更新任务...
2026-07-22 15:47:49.599 | INFO     | N/A | ⏳ 等待 Profile 更新任务...
2026-07-22 15:47:54.625 | INFO     | N/A | ⏳ 等待 Profile 更新任务...
2026-07-22 15:47:59.647 | INFO     | N/A | ⏳ 等待 Profile 更新任务...
2026-07-22 15:48:04.670 | INFO     | N/A | ⏳ 等待 Profile 更新任务...
2026-07-22 15:48:09.697 | INFO     | N/A | ⏳ 等待 Profile 更新任务...
2026-07-22 15:48:14.723 | INFO     | N/A | ⏳ 等待 Profile 更新任务...
2026-07-22 15:48:19.745 | INFO     | N/A | ⏳ 等待 Profile 更新任务...
2026-07-22 15:48:24.766 | INFO     | N/A | ⏳ 等待 Profile 更新任务...
2026-07-22 15:48:29.792 | INFO     | N/A | ⏳ 等待 Profile 更新任务...
2026-07-22 15:48:34.813 | INFO     | N/A | ⏳ 等待 Profile 更新任务...
2026-07-22 15:48:39.839 | INFO     | N/A | ⏳ 等待 Profile 更新任务...
2026-07-22 15:48:44.864 | INFO     | N/A | ⏳ 等待 Profile 更新任务...
2026-07-22 15:48:49.889 | INFO     | N/A | ⏳ 等待 Profile 更新任务...
2026-07-22 15:48:54.914 | INFO     | N/A | ⏳ 等待 Profile 更新任务...
2026-07-22 15:48:59.939 | INFO     | N/A | ⏳ 等待 Profile 更新任务...
2026-07-22 15:49:04.967 | INFO     | N/A | ⏳ 等待 Profile 更新任务...
2026-07-22 15:49:09.993 | INFO     | N/A | ⏳ 等待 Profile 更新任务...
2026-07-22 15:49:15.016 | INFO     | N/A | ⏳ 等待 Profile 更新任务...
2026-07-22 15:49:20.039 | INFO     | N/A | ⏳ 等待 Profile 更新任务...
2026-07-22 15:49:25.063 | INFO     | N/A | ⏳ 等待 Profile 更新任务...
2026-07-22 15:49:30.106 | INFO     | N/A | ⏳ 等待 Profile 更新任务...
2026-07-22 15:49:35.128 | INFO     | N/A | ⏳ 等待 Profile 更新任务...
2026-07-22 15:49:40.157 | INFO     | N/A | ⏳ 等待 Profile 更新任务...
2026-07-22 15:49:45.184 | INFO     | N/A | ⏳ 等待 Profile 更新任务...
2026-07-22 15:49:50.205 | INFO     | N/A | ⏳ 等待 Profile 更新任务...
2026-07-22 15:49:55.231 | INFO     | N/A | ⏳ 等待 Profile 更新任务...
2026-07-22 15:50:00.257 | INFO     | N/A | ⏳ 等待 Profile 更新任务...
2026-07-22 15:50:05.282 | INFO     | N/A | ⏳ 等待 Profile 更新任务...
2026-07-22 15:50:10.306 | INFO     | N/A | ⏳ 等待 Profile 更新任务...
2026-07-22 15:50:15.330 | INFO     | N/A | ⏳ 等待 Profile 更新任务...
2026-07-22 15:50:20.354 | INFO     | N/A | ⏳ 等待 Profile 更新任务...
2026-07-22 15:50:25.377 | INFO     | N/A | ⏳ 等待 Profile 更新任务...
2026-07-22 15:50:30.450 | INFO     | N/A | ⏳ 等待 Profile 更新任务...
2026-07-22 15:50:35.473 | INFO     | N/A | ⏳ 等待 Profile 更新任务...
2026-07-22 15:50:40.500 | INFO     | N/A | ⏳ 等待 Profile 更新任务...
2026-07-22 15:50:45.522 | INFO     | N/A | ⏳ 等待 Profile 更新任务...
2026-07-22 15:50:50.545 | INFO     | N/A | ⏳ 等待 Profile 更新任务...
2026-07-22 15:50:55.571 | INFO     | N/A | ⏳ 等待 Profile 更新任务...
2026-07-22 15:51:00.595 | INFO     | N/A | ⏳ 等待 Profile 更新任务...
2026-07-22 15:51:05.627 | INFO     | N/A | ⏳ 等待 Profile 更新任务...
2026-07-22 15:51:10.654 | INFO     | N/A | ⏳ 等待 Profile 更新任务...
2026-07-22 15:51:15.679 | INFO     | N/A | ⏳ 等待 Profile 更新任务...
2026-07-22 15:51:20.704 | INFO     | N/A | ⏳ 等待 Profile 更新任务...
2026-07-22 15:51:25.728 | INFO     | N/A | ⏳ 等待 Profile 更新任务...
2026-07-22 15:51:30.752 | INFO     | N/A | ⏳ 等待 Profile 更新任务...
2026-07-22 15:51:35.778 | INFO     | N/A | ⏳ 等待 Profile 更新任务...
2026-07-22 15:51:40.805 | INFO     | N/A | ⏳ 等待 Profile 更新任务...
2026-07-22 15:51:45.827 | INFO     | N/A | ⏳ 等待 Profile 更新任务...
2026-07-22 15:51:50.851 | INFO     | N/A | ⏳ 等待 Profile 更新任务...
2026-07-22 15:51:55.872 | INFO     | N/A | ⏳ 等待 Profile 更新任务...
2026-07-22 15:52:00.898 | INFO     | N/A | ⏳ 等待 Profile 更新任务...
2026-07-22 15:52:05.923 | INFO     | N/A | ⏳ 等待 Profile 更新任务...
2026-07-22 15:52:10.947 | INFO     | N/A | ⏳ 等待 Profile 更新任务...
2026-07-22 15:52:15.971 | INFO     | N/A | ⏳ 等待 Profile 更新任务...
2026-07-22 15:52:20.997 | INFO     | N/A | ⏳ 等待 Profile 更新任务...
2026-07-22 15:52:26.021 | INFO     | N/A | ⏳ 等待 Profile 更新任务...
2026-07-22 15:52:31.043 | INFO     | N/A | ⏳ 等待 Profile 更新任务...
2026-07-22 15:52:36.067 | INFO     | N/A | ⏳ 等待 Profile 更新任务...
2026-07-22 15:52:41.096 | INFO     | N/A | ⏳ 等待 Profile 更新任务...
2026-07-22 15:52:46.119 | INFO     | N/A | ⏳ 等待 Profile 更新任务...
2026-07-22 15:52:51.141 | INFO     | N/A | ⏳ 等待 Profile 更新任务...
2026-07-22 15:52:56.165 | INFO     | N/A | ⏳ 等待 Profile 更新任务...
2026-07-22 15:53:01.188 | INFO     | N/A | ⏳ 等待 Profile 更新任务...
2026-07-22 15:53:06.213 | INFO     | N/A | ⏳ 等待 Profile 更新任务...
2026-07-22 15:53:11.242 | INFO     | N/A | ⏳ 等待 Profile 更新任务...
2026-07-22 15:53:16.264 | INFO     | N/A | ⏳ 等待 Profile 更新任务...
2026-07-22 15:53:21.288 | INFO     | N/A | ⏳ 等待 Profile 更新任务...
2026-07-22 15:53:26.315 | INFO     | N/A | ⏳ 等待 Profile 更新任务...
2026-07-22 15:53:31.364 | INFO     | N/A | ⏳ 等待 Profile 更新任务...
2026-07-22 15:53:36.387 | INFO     | N/A | ⏳ 等待 Profile 更新任务...
2026-07-22 15:53:41.419 | INFO     | N/A | ⏳ 等待 Profile 更新任务...
2026-07-22 15:53:46.444 | INFO     | N/A | ⏳ 等待 Profile 更新任务...
2026-07-22 15:53:51.468 | INFO     | N/A | ⏳ 等待 Profile 更新任务...
2026-07-22 15:53:56.494 | INFO     | N/A | ⏳ 等待 Profile 更新任务...
2026-07-22 15:54:01.517 | INFO     | N/A | ⏳ 等待 Profile 更新任务...
2026-07-22 15:54:06.541 | INFO     | N/A | ⏳ 等待 Profile 更新任务...
2026-07-22 15:54:11.567 | INFO     | N/A | ⏳ 等待 Profile 更新任务...
2026-07-22 15:54:16.592 | INFO     | N/A | ⏳ 等待 Profile 更新任务...
2026-07-22 15:54:21.614 | INFO     | N/A | ⏳ 等待 Profile 更新任务...
2026-07-22 15:54:26.639 | INFO     | N/A | ⏳ 等待 Profile 更新任务...
2026-07-22 15:54:31.663 | INFO     | N/A | ⏳ 等待 Profile 更新任务...
2026-07-22 15:54:36.689 | INFO     | N/A | ⏳ 等待 Profile 更新任务...
2026-07-22 15:54:41.719 | INFO     | N/A | ⏳ 等待 Profile 更新任务...
2026-07-22 15:54:46.744 | INFO     | N/A | ⏳ 等待 Profile 更新任务...
2026-07-22 15:54:51.766 | INFO     | N/A | ⏳ 等待 Profile 更新任务...
2026-07-22 15:54:56.792 | INFO     | N/A | ⏳ 等待 Profile 更新任务...
2026-07-22 15:55:01.815 | INFO     | N/A | ⏳ 等待 Profile 更新任务...
2026-07-22 15:55:06.839 | INFO     | N/A | ⏳ 等待 Profile 更新任务...
2026-07-22 15:55:11.866 | INFO     | N/A | ⏳ 等待 Profile 更新任务...
2026-07-22 15:55:16.890 | INFO     | N/A | ⏳ 等待 Profile 更新任务...
2026-07-22 15:55:21.915 | INFO     | N/A | ⏳ 等待 Profile 更新任务...
2026-07-22 15:55:26.939 | INFO     | N/A | ⏳ 等待 Profile 更新任务...
2026-07-22 15:55:31.964 | INFO     | N/A | ⏳ 等待 Profile 更新任务...
2026-07-22 15:55:36.986 | INFO     | N/A | ⏳ 等待 Profile 更新任务...
2026-07-22 15:55:42.018 | INFO     | N/A | ⏳ 等待 Profile 更新任务...
2026-07-22 15:55:47.043 | INFO     | N/A | ⏳ 等待 Profile 更新任务...
2026-07-22 15:55:52.069 | INFO     | N/A | ⏳ 等待 Profile 更新任务...
2026-07-22 15:55:57.096 | INFO     | N/A | ⏳ 等待 Profile 更新任务...
2026-07-22 15:56:02.119 | INFO     | N/A | ⏳ 等待 Profile 更新任务...
2026-07-22 15:56:07.145 | INFO     | N/A | ⏳ 等待 Profile 更新任务...
2026-07-22 15:56:12.174 | INFO     | N/A | ⏳ 等待 Profile 更新任务...
2026-07-22 15:56:17.195 | INFO     | N/A | ⏳ 等待 Profile 更新任务...
2026-07-22 15:56:22.217 | INFO     | N/A | ⏳ 等待 Profile 更新任务...
2026-07-22 15:56:27.241 | INFO     | N/A | ⏳ 等待 Profile 更新任务...
2026-07-22 15:56:32.267 | INFO     | N/A | ⏳ 等待 Profile 更新任务...
2026-07-22 15:56:37.292 | INFO     | N/A | ⏳ 等待 Profile 更新任务...
2026-07-22 15:56:42.318 | INFO     | N/A | ⏳ 等待 Profile 更新任务...
2026-07-22 15:56:47.341 | INFO     | N/A | ⏳ 等待 Profile 更新任务...
2026-07-22 15:56:52.365 | INFO     | N/A | ⏳ 等待 Profile 更新任务...
2026-07-22 15:56:57.389 | INFO     | N/A | ⏳ 等待 Profile 更新任务...
2026-07-22 15:57:02.413 | INFO     | N/A | ⏳ 等待 Profile 更新任务...
2026-07-22 15:57:07.437 | INFO     | N/A | ⏳ 等待 Profile 更新任务...
2026-07-22 15:57:12.464 | INFO     | N/A | ⏳ 等待 Profile 更新任务...
2026-07-22 15:57:17.489 | INFO     | N/A | ⏳ 等待 Profile 更新任务...
2026-07-22 15:57:22.515 | INFO     | N/A | ⏳ 等待 Profile 更新任务...
2026-07-22 15:57:27.540 | INFO     | N/A | ⏳ 等待 Profile 更新任务...
2026-07-22 15:57:32.565 | INFO     | N/A | ⏳ 等待 Profile 更新任务...
2026-07-22 15:57:37.586 | INFO     | N/A | ⏳ 等待 Profile 更新任务...
2026-07-22 15:57:42.622 | INFO     | N/A | ⏳ 等待 Profile 更新任务...
2026-07-22 15:57:47.646 | INFO     | N/A | ⏳ 等待 Profile 更新任务...
2026-07-22 15:57:52.670 | INFO     | N/A | ⏳ 等待 Profile 更新任务...
2026-07-22 15:57:57.695 | INFO     | N/A | ⏳ 等待 Profile 更新任务...
2026-07-22 15:58:02.718 | INFO     | N/A | ⏳ 等待 Profile 更新任务...
2026-07-22 15:58:07.743 | INFO     | N/A | ⏳ 等待 Profile 更新任务...
2026-07-22 15:58:12.767 | INFO     | N/A | ⏳ 等待 Profile 更新任务...
2026-07-22 15:58:17.792 | INFO     | N/A | ⏳ 等待 Profile 更新任务...
2026-07-22 15:58:22.815 | INFO     | N/A | ⏳ 等待 Profile 更新任务...
2026-07-22 15:58:27.837 | INFO     | N/A | ⏳ 等待 Profile 更新任务...
2026-07-22 15:58:32.861 | INFO     | N/A | ⏳ 等待 Profile 更新任务...
2026-07-22 15:58:37.885 | INFO     | N/A | ⏳ 等待 Profile 更新任务...
2026-07-22 15:58:42.912 | INFO     | N/A | ⏳ 等待 Profile 更新任务...
2026-07-22 15:58:47.936 | INFO     | N/A | ⏳ 等待 Profile 更新任务...
2026-07-22 15:58:52.961 | INFO     | N/A | ⏳ 等待 Profile 更新任务...
2026-07-22 15:58:57.987 | INFO     | N/A | ⏳ 等待 Profile 更新任务...
2026-07-22 15:59:03.011 | INFO     | N/A | ⏳ 等待 Profile 更新任务...
2026-07-22 15:59:08.037 | INFO     | N/A | ⏳ 等待 Profile 更新任务...
2026-07-22 15:59:13.065 | INFO     | N/A | ⏳ 等待 Profile 更新任务...
2026-07-22 15:59:18.089 | INFO     | N/A | ⏳ 等待 Profile 更新任务...
2026-07-22 15:59:23.112 | INFO     | N/A | ⏳ 等待 Profile 更新任务...
2026-07-22 15:59:28.136 | INFO     | N/A | ⏳ 等待 Profile 更新任务...
2026-07-22 15:59:33.160 | INFO     | N/A | ⏳ 等待 Profile 更新任务...
2026-07-22 15:59:38.184 | INFO     | N/A | ⏳ 等待 Profile 更新任务...
2026-07-22 15:59:43.208 | INFO     | N/A | ⏳ 等待 Profile 更新任务...
2026-07-22 15:59:48.232 | INFO     | N/A | ⏳ 等待 Profile 更新任务...
2026-07-22 15:59:53.254 | INFO     | N/A | ⏳ 等待 Profile 更新任务...
2026-07-22 15:59:58.278 | INFO     | N/A | ⏳ 等待 Profile 更新任务...
2026-07-22 16:00:03.305 | INFO     | N/A | ⏳ 等待 Profile 更新任务...
2026-07-22 16:00:08.332 | INFO     | N/A | ⏳ 等待 Profile 更新任务...
2026-07-22 16:00:13.358 | INFO     | N/A | ⏳ 等待 Profile 更新任务...
2026-07-22 16:00:18.381 | INFO     | N/A | ⏳ 等待 Profile 更新任务...
2026-07-22 16:00:23.405 | INFO     | N/A | ⏳ 等待 Profile 更新任务...
2026-07-22 16:00:28.430 | INFO     | N/A | ⏳ 等待 Profile 更新任务...
2026-07-22 16:00:33.452 | INFO     | N/A | ⏳ 等待 Profile 更新任务...
2026-07-22 16:00:38.480 | INFO     | N/A | ⏳ 等待 Profile 更新任务...
2026-07-22 16:00:43.505 | INFO     | N/A | ⏳ 等待 Profile 更新任务...
2026-07-22 16:00:48.529 | INFO     | N/A | ⏳ 等待 Profile 更新任务...
2026-07-22 16:00:53.553 | INFO     | N/A | ⏳ 等待 Profile 更新任务...
2026-07-22 16:00:58.578 | INFO     | N/A | ⏳ 等待 Profile 更新任务...
2026-07-22 16:01:03.603 | INFO     | N/A | ⏳ 等待 Profile 更新任务...
2026-07-22 16:01:08.627 | INFO     | N/A | ⏳ 等待 Profile 更新任务...
2026-07-22 16:01:13.652 | INFO     | N/A | ⏳ 等待 Profile 更新任务...
2026-07-22 16:01:18.676 | INFO     | N/A | ⏳ 等待 Profile 更新任务...
2026-07-22 16:01:23.700 | INFO     | N/A | ⏳ 等待 Profile 更新任务...
2026-07-22 16:01:28.723 | INFO     | N/A | ⏳ 等待 Profile 更新任务...
2026-07-22 16:01:33.745 | INFO     | N/A | ⏳ 等待 Profile 更新任务...
2026-07-22 16:01:38.773 | INFO     | N/A | ⏳ 等待 Profile 更新任务...
2026-07-22 16:01:43.797 | INFO     | N/A | ⏳ 等待 Profile 更新任务...
2026-07-22 16:01:48.819 | INFO     | N/A | ⏳ 等待 Profile 更新任务...
2026-07-22 16:01:53.843 | INFO     | N/A | ⏳ 等待 Profile 更新任务...
2026-07-22 16:01:58.865 | INFO     | N/A | ⏳ 等待 Profile 更新任务...
2026-07-22 16:02:03.889 | INFO     | N/A | ⏳ 等待 Profile 更新任务...
2026-07-22 16:02:08.916 | INFO     | N/A | ⏳ 等待 Profile 更新任务...
2026-07-22 16:02:13.940 | INFO     | N/A | ⏳ 等待 Profile 更新任务...
2026-07-22 16:02:18.964 | INFO     | N/A | ⏳ 等待 Profile 更新任务...
2026-07-22 16:02:23.991 | INFO     | N/A | ⏳ 等待 Profile 更新任务...
2026-07-22 16:02:29.016 | INFO     | N/A | ⏳ 等待 Profile 更新任务...
2026-07-22 16:02:34.040 | INFO     | N/A | ⏳ 等待 Profile 更新任务...
2026-07-22 16:02:39.066 | INFO     | N/A | ⏳ 等待 Profile 更新任务...
2026-07-22 16:02:44.087 | INFO     | N/A | ⏳ 等待 Profile 更新任务...
2026-07-22 16:02:49.111 | INFO     | N/A | ⏳ 等待 Profile 更新任务...
2026-07-22 16:02:54.137 | INFO     | N/A | ⏳ 等待 Profile 更新任务...
2026-07-22 16:02:59.161 | INFO     | N/A | ⏳ 等待 Profile 更新任务...
2026-07-22 16:03:04.185 | INFO     | N/A | ⏳ 等待 Profile 更新任务...
2026-07-22 16:03:09.213 | INFO     | N/A | ⏳ 等待 Profile 更新任务...
2026-07-22 16:03:14.241 | INFO     | N/A | ⏳ 等待 Profile 更新任务...
2026-07-22 16:03:19.264 | INFO     | N/A | ⏳ 等待 Profile 更新任务...
2026-07-22 16:03:24.289 | INFO     | N/A | ⏳ 等待 Profile 更新任务...
2026-07-22 16:03:29.312 | INFO     | N/A | ⏳ 等待 Profile 更新任务...
2026-07-22 16:03:34.337 | INFO     | N/A | ⏳ 等待 Profile 更新任务...
2026-07-22 16:03:39.362 | INFO     | N/A | ⏳ 等待 Profile 更新任务...
2026-07-22 16:03:44.386 | INFO     | N/A | ⏳ 等待 Profile 更新任务...
2026-07-22 16:03:49.411 | INFO     | N/A | ⏳ 等待 Profile 更新任务...
2026-07-22 16:03:54.436 | INFO     | N/A | ⏳ 等待 Profile 更新任务...
2026-07-22 16:03:59.458 | INFO     | N/A | ⏳ 等待 Profile 更新任务...
2026-07-22 16:04:04.483 | INFO     | N/A | ⏳ 等待 Profile 更新任务...
2026-07-22 16:04:09.512 | INFO     | N/A | ⏳ 等待 Profile 更新任务...
2026-07-22 16:04:14.535 | INFO     | N/A | ⏳ 等待 Profile 更新任务...
2026-07-22 16:04:19.557 | INFO     | N/A | ⏳ 等待 Profile 更新任务...
2026-07-22 16:04:24.580 | INFO     | N/A | ⏳ 等待 Profile 更新任务...
2026-07-22 16:04:29.603 | INFO     | N/A | ⏳ 等待 Profile 更新任务...
2026-07-22 16:04:34.626 | INFO     | N/A | ⏳ 等待 Profile 更新任务...
2026-07-22 16:04:39.652 | INFO     | N/A | ⏳ 等待 Profile 更新任务...
2026-07-22 16:04:44.675 | INFO     | N/A | ⏳ 等待 Profile 更新任务...
2026-07-22 16:04:49.696 | INFO     | N/A | ⏳ 等待 Profile 更新任务...
2026-07-22 16:04:54.718 | INFO     | N/A | ⏳ 等待 Profile 更新任务...
2026-07-22 16:04:59.742 | INFO     | N/A | ⏳ 等待 Profile 更新任务...
2026-07-22 16:05:04.767 | INFO     | N/A | ⏳ 等待 Profile 更新任务...
2026-07-22 16:05:09.794 | INFO     | N/A | ⏳ 等待 Profile 更新任务...
2026-07-22 16:05:14.817 | INFO     | N/A | ⏳ 等待 Profile 更新任务...
2026-07-22 16:05:19.841 | INFO     | N/A | ⏳ 等待 Profile 更新任务...
2026-07-22 16:05:24.864 | INFO     | N/A | ⏳ 等待 Profile 更新任务...
2026-07-22 16:05:29.886 | INFO     | N/A | ⏳ 等待 Profile 更新任务...
2026-07-22 16:05:34.909 | INFO     | N/A | ⏳ 等待 Profile 更新任务...
2026-07-22 16:05:39.938 | INFO     | N/A | ⏳ 等待 Profile 更新任务...
2026-07-22 16:05:44.961 | INFO     | N/A | ⏳ 等待 Profile 更新任务...
2026-07-22 16:05:49.985 | INFO     | N/A | ⏳ 等待 Profile 更新任务...
2026-07-22 16:05:55.010 | INFO     | N/A | ⏳ 等待 Profile 更新任务...
2026-07-22 16:06:00.033 | INFO     | N/A | ⏳ 等待 Profile 更新任务...
2026-07-22 16:06:05.056 | INFO     | N/A | ⏳ 等待 Profile 更新任务...
2026-07-22 16:06:10.084 | INFO     | N/A | ⏳ 等待 Profile 更新任务...
2026-07-22 16:06:15.110 | INFO     | N/A | ⏳ 等待 Profile 更新任务...
2026-07-22 16:06:20.133 | INFO     | N/A | ⏳ 等待 Profile 更新任务...
2026-07-22 16:06:25.160 | INFO     | N/A | ⏳ 等待 Profile 更新任务...
2026-07-22 16:06:30.185 | INFO     | N/A | ⏳ 等待 Profile 更新任务...
2026-07-22 16:06:35.208 | INFO     | N/A | ⏳ 等待 Profile 更新任务...
2026-07-22 16:06:40.237 | INFO     | N/A | ⏳ 等待 Profile 更新任务...
2026-07-22 16:06:45.260 | INFO     | N/A | ⏳ 等待 Profile 更新任务...
2026-07-22 16:06:50.283 | INFO     | N/A | ⏳ 等待 Profile 更新任务...
2026-07-22 16:06:55.308 | INFO     | N/A | ⏳ 等待 Profile 更新任务...
2026-07-22 16:07:00.332 | INFO     | N/A | ⏳ 等待 Profile 更新任务...
2026-07-22 16:07:05.355 | INFO     | N/A | ⏳ 等待 Profile 更新任务...
2026-07-22 16:07:10.382 | INFO     | N/A | ⏳ 等待 Profile 更新任务...
2026-07-22 16:07:15.406 | INFO     | N/A | ⏳ 等待 Profile 更新任务...
2026-07-22 16:07:20.429 | INFO     | N/A | ⏳ 等待 Profile 更新任务...
2026-07-22 16:07:25.451 | INFO     | N/A | ⏳ 等待 Profile 更新任务...
2026-07-22 16:07:30.473 | INFO     | N/A | ⏳ 等待 Profile 更新任务...
2026-07-22 16:07:35.498 | INFO     | N/A | ⏳ 等待 Profile 更新任务...
2026-07-22 16:07:40.524 | INFO     | N/A | ⏳ 等待 Profile 更新任务...
2026-07-22 16:07:45.547 | INFO     | N/A | ⏳ 等待 Profile 更新任务...
2026-07-22 16:07:50.573 | INFO     | N/A | ⏳ 等待 Profile 更新任务...
2026-07-22 16:07:55.595 | INFO     | N/A | ⏳ 等待 Profile 更新任务...
2026-07-22 16:08:00.618 | INFO     | N/A | ⏳ 等待 Profile 更新任务...
2026-07-22 16:08:05.643 | INFO     | N/A | ⏳ 等待 Profile 更新任务...
2026-07-22 16:08:10.672 | INFO     | N/A | ⏳ 等待 Profile 更新任务...
2026-07-22 16:08:15.694 | INFO     | N/A | ⏳ 等待 Profile 更新任务...
2026-07-22 16:08:20.720 | INFO     | N/A | ⏳ 等待 Profile 更新任务...
2026-07-22 16:08:25.742 | INFO     | N/A | ⏳ 等待 Profile 更新任务...
2026-07-22 16:08:30.767 | INFO     | N/A | ⏳ 等待 Profile 更新任务...
2026-07-22 16:08:35.794 | INFO     | N/A | ⏳ 等待 Profile 更新任务...
2026-07-22 16:08:40.823 | INFO     | N/A | ⏳ 等待 Profile 更新任务...
2026-07-22 16:08:45.847 | INFO     | N/A | ⏳ 等待 Profile 更新任务...
2026-07-22 16:08:50.870 | INFO     | N/A | ⏳ 等待 Profile 更新任务...
2026-07-22 16:08:55.894 | INFO     | N/A | ⏳ 等待 Profile 更新任务...
2026-07-22 16:09:00.919 | INFO     | N/A | ⏳ 等待 Profile 更新任务...
2026-07-22 16:09:05.941 | INFO     | N/A | ⏳ 等待 Profile 更新任务...
2026-07-22 16:09:10.971 | INFO     | N/A | ⏳ 等待 Profile 更新任务...
2026-07-22 16:09:15.995 | INFO     | N/A | ⏳ 等待 Profile 更新任务...
2026-07-22 16:09:21.017 | INFO     | N/A | ⏳ 等待 Profile 更新任务...
2026-07-22 16:09:26.042 | INFO     | N/A | ⏳ 等待 Profile 更新任务...
2026-07-22 16:09:31.065 | INFO     | N/A | ⏳ 等待 Profile 更新任务...
2026-07-22 16:09:36.091 | INFO     | N/A | ⏳ 等待 Profile 更新任务...
2026-07-22 16:09:41.118 | INFO     | N/A | ⏳ 等待 Profile 更新任务...
2026-07-22 16:09:46.141 | INFO     | N/A | ⏳ 等待 Profile 更新任务...
2026-07-22 16:09:51.162 | INFO     | N/A | ⏳ 等待 Profile 更新任务...
2026-07-22 16:09:56.186 | INFO     | N/A | ⏳ 等待 Profile 更新任务...
2026-07-22 16:10:01.214 | INFO     | N/A | ⏳ 等待 Profile 更新任务...
2026-07-22 16:10:06.235 | INFO     | N/A | ⏳ 等待 Profile 更新任务...
2026-07-22 16:10:11.267 | INFO     | N/A | ⏳ 等待 Profile 更新任务...
2026-07-22 16:10:16.289 | INFO     | N/A | ⏳ 等待 Profile 更新任务...
2026-07-22 16:10:21.315 | INFO     | N/A | ⏳ 等待 Profile 更新任务...
2026-07-22 16:10:26.337 | INFO     | N/A | ⏳ 等待 Profile 更新任务...
2026-07-22 16:10:31.360 | INFO     | N/A | ⏳ 等待 Profile 更新任务...
2026-07-22 16:10:36.384 | INFO     | N/A | ⏳ 等待 Profile 更新任务...
2026-07-22 16:10:41.412 | INFO     | N/A | ⏳ 等待 Profile 更新任务...
2026-07-22 16:10:46.435 | INFO     | N/A | ⏳ 等待 Profile 更新任务...
2026-07-22 16:10:51.460 | INFO     | N/A | ⏳ 等待 Profile 更新任务...
2026-07-22 16:10:56.484 | INFO     | N/A | ⏳ 等待 Profile 更新任务...
2026-07-22 16:11:01.507 | INFO     | N/A | ⏳ 等待 Profile 更新任务...
2026-07-22 16:11:06.532 | INFO     | N/A | ⏳ 等待 Profile 更新任务...
2026-07-22 16:11:11.556 | INFO     | N/A | ⏳ 等待 Profile 更新任务...
2026-07-22 16:11:16.579 | INFO     | N/A | ⏳ 等待 Profile 更新任务...
2026-07-22 16:11:21.605 | INFO     | N/A | ⏳ 等待 Profile 更新任务...
2026-07-22 16:11:26.628 | INFO     | N/A | ⏳ 等待 Profile 更新任务...
2026-07-22 16:11:31.651 | INFO     | N/A | ⏳ 等待 Profile 更新任务...
2026-07-22 16:11:36.675 | INFO     | N/A | ⏳ 等待 Profile 更新任务...
2026-07-22 16:11:41.705 | INFO     | N/A | ⏳ 等待 Profile 更新任务...
2026-07-22 16:11:46.729 | INFO     | N/A | ⏳ 等待 Profile 更新任务...
2026-07-22 16:11:51.753 | INFO     | N/A | ⏳ 等待 Profile 更新任务...
2026-07-22 16:11:56.778 | INFO     | N/A | ⏳ 等待 Profile 更新任务...
2026-07-22 16:12:01.802 | INFO     | N/A | ⏳ 等待 Profile 更新任务...
2026-07-22 16:12:06.826 | INFO     | N/A | ⏳ 等待 Profile 更新任务...
2026-07-22 16:12:11.853 | INFO     | N/A | ⏳ 等待 Profile 更新任务...
2026-07-22 16:12:16.879 | INFO     | N/A | ⏳ 等待 Profile 更新任务...
2026-07-22 16:12:21.904 | INFO     | N/A | ⏳ 等待 Profile 更新任务...
2026-07-22 16:12:26.928 | INFO     | N/A | ⏳ 等待 Profile 更新任务...
2026-07-22 16:12:31.953 | INFO     | N/A | ⏳ 等待 Profile 更新任务...
2026-07-22 16:12:36.977 | INFO     | N/A | ⏳ 等待 Profile 更新任务...
2026-07-22 16:12:42.008 | INFO     | N/A | ⏳ 等待 Profile 更新任务...
2026-07-22 16:12:47.034 | INFO     | N/A | ⏳ 等待 Profile 更新任务...
2026-07-22 16:12:52.058 | INFO     | N/A | ⏳ 等待 Profile 更新任务...
2026-07-22 16:12:57.082 | INFO     | N/A | ⏳ 等待 Profile 更新任务...
2026-07-22 16:13:02.107 | INFO     | N/A | ⏳ 等待 Profile 更新任务...
2026-07-22 16:13:07.128 | INFO     | N/A | ⏳ 等待 Profile 更新任务...
2026-07-22 16:13:12.156 | INFO     | N/A | ⏳ 等待 Profile 更新任务...
2026-07-22 16:13:17.180 | INFO     | N/A | ⏳ 等待 Profile 更新任务...
2026-07-22 16:13:22.206 | INFO     | N/A | ⏳ 等待 Profile 更新任务...
2026-07-22 16:13:27.229 | INFO     | N/A | ⏳ 等待 Profile 更新任务...
2026-07-22 16:13:32.252 | INFO     | N/A | ⏳ 等待 Profile 更新任务...
2026-07-22 16:13:37.275 | INFO     | N/A | ⏳ 等待 Profile 更新任务...
2026-07-22 16:13:42.302 | INFO     | N/A | ⏳ 等待 Profile 更新任务...
2026-07-22 16:13:47.325 | INFO     | N/A | ⏳ 等待 Profile 更新任务...
2026-07-22 16:13:52.350 | INFO     | N/A | ⏳ 等待 Profile 更新任务...
2026-07-22 16:13:57.374 | INFO     | N/A | ⏳ 等待 Profile 更新任务...
2026-07-22 16:14:02.397 | INFO     | N/A | ⏳ 等待 Profile 更新任务...
2026-07-22 16:14:07.421 | INFO     | N/A | ⏳ 等待 Profile 更新任务...
2026-07-22 16:14:12.448 | INFO     | N/A | ⏳ 等待 Profile 更新任务...
2026-07-22 16:14:17.473 | INFO     | N/A | ⏳ 等待 Profile 更新任务...
2026-07-22 16:14:22.496 | INFO     | N/A | ⏳ 等待 Profile 更新任务...
2026-07-22 16:14:27.521 | INFO     | N/A | ⏳ 等待 Profile 更新任务...
2026-07-22 16:14:32.546 | INFO     | N/A | ⏳ 等待 Profile 更新任务...
2026-07-22 16:14:37.570 | INFO     | N/A | ⏳ 等待 Profile 更新任务...
2026-07-22 16:14:42.599 | INFO     | N/A | ⏳ 等待 Profile 更新任务...
2026-07-22 16:14:47.621 | INFO     | N/A | ⏳ 等待 Profile 更新任务...
2026-07-22 16:14:52.646 | INFO     | N/A | ⏳ 等待 Profile 更新任务...
2026-07-22 16:14:57.670 | INFO     | N/A | ⏳ 等待 Profile 更新任务...
2026-07-22 16:15:02.695 | INFO     | N/A | ⏳ 等待 Profile 更新任务...
2026-07-22 16:15:07.719 | INFO     | N/A | ⏳ 等待 Profile 更新任务...
2026-07-22 16:15:12.745 | INFO     | N/A | ⏳ 等待 Profile 更新任务...
2026-07-22 16:15:17.769 | INFO     | N/A | ⏳ 等待 Profile 更新任务...
2026-07-22 16:15:22.793 | INFO     | N/A | ⏳ 等待 Profile 更新任务...
2026-07-22 16:15:27.816 | INFO     | N/A | ⏳ 等待 Profile 更新任务...
2026-07-22 16:15:32.841 | INFO     | N/A | ⏳ 等待 Profile 更新任务...
2026-07-22 16:15:37.866 | INFO     | N/A | ⏳ 等待 Profile 更新任务...
2026-07-22 16:15:42.891 | INFO     | N/A | ⏳ 等待 Profile 更新任务...
2026-07-22 16:15:47.916 | INFO     | N/A | ⏳ 等待 Profile 更新任务...
2026-07-22 16:15:52.965 | INFO     | N/A | ⏳ 等待 Profile 更新任务...
2026-07-22 16:15:57.988 | INFO     | N/A | ⏳ 等待 Profile 更新任务...
2026-07-22 16:16:03.011 | INFO     | N/A | ⏳ 等待 Profile 更新任务...
2026-07-22 16:16:08.040 | INFO     | N/A | ⏳ 等待 Profile 更新任务...
2026-07-22 16:16:13.071 | INFO     | N/A | ⏳ 等待 Profile 更新任务...
2026-07-22 16:16:18.098 | INFO     | N/A | ⏳ 等待 Profile 更新任务...
2026-07-22 16:16:23.120 | INFO     | N/A | ⏳ 等待 Profile 更新任务...
2026-07-22 16:16:28.142 | INFO     | N/A | ⏳ 等待 Profile 更新任务...
2026-07-22 16:16:33.165 | INFO     | N/A | ⏳ 等待 Profile 更新任务...
2026-07-22 16:16:38.191 | INFO     | N/A | ⏳ 等待 Profile 更新任务...
2026-07-22 16:16:43.219 | INFO     | N/A | ⏳ 等待 Profile 更新任务...
2026-07-22 16:16:48.243 | INFO     | N/A | ⏳ 等待 Profile 更新任务...
2026-07-22 16:16:53.266 | INFO     | N/A | ⏳ 等待 Profile 更新任务...
2026-07-22 16:16:58.290 | INFO     | N/A | ⏳ 等待 Profile 更新任务...
2026-07-22 16:17:03.315 | INFO     | N/A | ⏳ 等待 Profile 更新任务...
2026-07-22 16:17:08.339 | INFO     | N/A | ⏳ 等待 Profile 更新任务...
2026-07-22 16:17:13.369 | INFO     | N/A | ⏳ 等待 Profile 更新任务...
2026-07-22 16:17:18.393 | INFO     | N/A | ⏳ 等待 Profile 更新任务...
2026-07-22 16:17:23.415 | INFO     | N/A | ⏳ 等待 Profile 更新任务...
2026-07-22 16:17:28.441 | INFO     | N/A | ⏳ 等待 Profile 更新任务...
2026-07-22 16:17:33.481 | INFO     | N/A | ⏳ 等待 Profile 更新任务...
2026-07-22 16:17:38.503 | INFO     | N/A | ⏳ 等待 Profile 更新任务...
2026-07-22 16:17:43.530 | INFO     | N/A | ⏳ 等待 Profile 更新任务...
2026-07-22 16:17:48.555 | INFO     | N/A | ⏳ 等待 Profile 更新任务...
2026-07-22 16:17:53.580 | INFO     | N/A | ⏳ 等待 Profile 更新任务...
2026-07-22 16:17:58.604 | INFO     | N/A | ⏳ 等待 Profile 更新任务...
2026-07-22 16:18:03.629 | INFO     | N/A | ⏳ 等待 Profile 更新任务...
2026-07-22 16:18:08.653 | INFO     | N/A | ⏳ 等待 Profile 更新任务...
2026-07-22 16:18:13.682 | INFO     | N/A | ⏳ 等待 Profile 更新任务...
2026-07-22 16:18:18.706 | INFO     | N/A | ⏳ 等待 Profile 更新任务...
2026-07-22 16:18:23.730 | INFO     | N/A | ⏳ 等待 Profile 更新任务...
2026-07-22 16:18:28.753 | INFO     | N/A | ⏳ 等待 Profile 更新任务...
2026-07-22 16:18:33.779 | INFO     | N/A | ⏳ 等待 Profile 更新任务...
2026-07-22 16:18:38.802 | INFO     | N/A | ⏳ 等待 Profile 更新任务...
2026-07-22 16:18:43.827 | INFO     | N/A | ⏳ 等待 Profile 更新任务...
2026-07-22 16:18:48.851 | INFO     | N/A | ⏳ 等待 Profile 更新任务...
2026-07-22 16:18:53.874 | INFO     | N/A | ⏳ 等待 Profile 更新任务...
2026-07-22 16:18:58.896 | INFO     | N/A | ⏳ 等待 Profile 更新任务...
2026-07-22 16:19:03.920 | INFO     | N/A | ⏳ 等待 Profile 更新任务...
2026-07-22 16:19:08.943 | INFO     | N/A | ⏳ 等待 Profile 更新任务...
2026-07-22 16:19:13.975 | INFO     | N/A | ⏳ 等待 Profile 更新任务...
2026-07-22 16:19:18.997 | INFO     | N/A | ⏳ 等待 Profile 更新任务...
2026-07-22 16:19:24.020 | INFO     | N/A | ⏳ 等待 Profile 更新任务...
2026-07-22 16:19:29.042 | INFO     | N/A | ⏳ 等待 Profile 更新任务...
2026-07-22 16:19:34.064 | INFO     | N/A | ⏳ 等待 Profile 更新任务...
2026-07-22 16:19:39.087 | INFO     | N/A | ⏳ 等待 Profile 更新任务...
2026-07-22 16:19:44.115 | INFO     | N/A | ⏳ 等待 Profile 更新任务...
2026-07-22 16:19:49.140 | INFO     | N/A | ⏳ 等待 Profile 更新任务...
2026-07-22 16:19:54.162 | INFO     | N/A | ⏳ 等待 Profile 更新任务...
2026-07-22 16:19:59.186 | INFO     | N/A | ⏳ 等待 Profile 更新任务...
2026-07-22 16:20:04.210 | INFO     | N/A | ⏳ 等待 Profile 更新任务...
2026-07-22 16:20:09.233 | INFO     | N/A | ⏳ 等待 Profile 更新任务...
2026-07-22 16:20:14.263 | INFO     | N/A | ⏳ 等待 Profile 更新任务...
2026-07-22 16:20:19.284 | INFO     | N/A | ⏳ 等待 Profile 更新任务...
2026-07-22 16:20:24.307 | INFO     | N/A | ⏳ 等待 Profile 更新任务...
2026-07-22 16:20:29.331 | INFO     | N/A | ⏳ 等待 Profile 更新任务...
2026-07-22 16:20:34.355 | INFO     | N/A | ⏳ 等待 Profile 更新任务...
2026-07-22 16:20:39.379 | INFO     | N/A | ⏳ 等待 Profile 更新任务...
2026-07-22 16:20:44.407 | INFO     | N/A | ⏳ 等待 Profile 更新任务...
2026-07-22 16:20:49.430 | INFO     | N/A | ⏳ 等待 Profile 更新任务...
2026-07-22 16:20:54.453 | INFO     | N/A | ⏳ 等待 Profile 更新任务...
2026-07-22 16:20:59.477 | INFO     | N/A | ⏳ 等待 Profile 更新任务...
2026-07-22 16:21:04.500 | INFO     | N/A | ⏳ 等待 Profile 更新任务...
2026-07-22 16:21:09.525 | INFO     | N/A | ⏳ 等待 Profile 更新任务...
2026-07-22 16:21:14.555 | INFO     | N/A | ⏳ 等待 Profile 更新任务...
2026-07-22 16:21:19.583 | INFO     | N/A | ⏳ 等待 Profile 更新任务...
2026-07-22 16:21:24.606 | INFO     | N/A | ⏳ 等待 Profile 更新任务...
2026-07-22 16:21:29.628 | INFO     | N/A | ⏳ 等待 Profile 更新任务...
2026-07-22 16:21:34.653 | INFO     | N/A | ⏳ 等待 Profile 更新任务...
2026-07-22 16:21:39.675 | INFO     | N/A | ⏳ 等待 Profile 更新任务...
2026-07-22 16:21:44.703 | INFO     | N/A | ⏳ 等待 Profile 更新任务...
2026-07-22 16:21:49.725 | INFO     | N/A | ⏳ 等待 Profile 更新任务...
2026-07-22 16:21:54.753 | INFO     | N/A | ⏳ 等待 Profile 更新任务...
2026-07-22 16:21:59.777 | INFO     | N/A | ⏳ 等待 Profile 更新任务...
2026-07-22 16:22:04.801 | INFO     | N/A | ⏳ 等待 Profile 更新任务...
2026-07-22 16:22:09.826 | INFO     | N/A | ⏳ 等待 Profile 更新任务...
2026-07-22 16:22:14.856 | INFO     | N/A | ⏳ 等待 Profile 更新任务...
2026-07-22 16:22:19.880 | INFO     | N/A | ⏳ 等待 Profile 更新任务...
2026-07-22 16:22:24.904 | INFO     | N/A | ⏳ 等待 Profile 更新任务...
2026-07-22 16:22:29.953 | INFO     | N/A | ⏳ 等待 Profile 更新任务...
2026-07-22 16:22:35.054 | INFO     | N/A | ⏳ 等待 Profile 更新任务...
2026-07-22 16:22:40.083 | INFO     | N/A | ⏳ 等待 Profile 更新任务...
2026-07-22 16:22:45.153 | INFO     | N/A | ⏳ 等待 Profile 更新任务...
2026-07-22 16:22:50.233 | INFO     | N/A | ⏳ 等待 Profile 更新任务...
2026-07-22 16:22:55.373 | INFO     | N/A | ⏳ 等待 Profile 更新任务...
2026-07-22 16:23:00.400 | INFO     | N/A | ⏳ 等待 Profile 更新任务...
2026-07-22 16:23:05.469 | INFO     | N/A | ⏳ 等待 Profile 更新任务...
2026-07-22 16:23:10.508 | INFO     | N/A | ⏳ 等待 Profile 更新任务...
2026-07-22 16:23:15.540 | INFO     | N/A | ⏳ 等待 Profile 更新任务...
2026-07-22 16:23:20.574 | INFO     | N/A | ⏳ 等待 Profile 更新任务...
2026-07-22 16:23:25.602 | INFO     | N/A | ⏳ 等待 Profile 更新任务...
2026-07-22 16:23:30.630 | INFO     | N/A | ⏳ 等待 Profile 更新任务...
2026-07-22 16:23:35.660 | INFO     | N/A | ⏳ 等待 Profile 更新任务...
2026-07-22 16:23:40.686 | INFO     | N/A | ⏳ 等待 Profile 更新任务...
2026-07-22 16:23:45.750 | INFO     | N/A | ⏳ 等待 Profile 更新任务...
2026-07-22 16:23:50.777 | INFO     | N/A | ⏳ 等待 Profile 更新任务...
2026-07-22 16:23:55.812 | INFO     | N/A | ⏳ 等待 Profile 更新任务...
2026-07-22 16:24:00.842 | INFO     | N/A | ⏳ 等待 Profile 更新任务...
2026-07-22 16:24:05.874 | INFO     | N/A | ⏳ 等待 Profile 更新任务...
2026-07-22 16:24:10.883 | INFO     | N/A | ⏳ 等待 Profile 更新任务...
2026-07-22 16:24:15.916 | INFO     | N/A | ⏳ 等待 Profile 更新任务...
2026-07-22 16:24:20.948 | INFO     | N/A | ⏳ 等待 Profile 更新任务...
2026-07-22 16:24:25.985 | INFO     | N/A | ⏳ 等待 Profile 更新任务...
2026-07-22 16:24:31.035 | INFO     | N/A | ⏳ 等待 Profile 更新任务...
2026-07-22 16:24:36.067 | INFO     | N/A | ⏳ 等待 Profile 更新任务...
2026-07-22 16:24:41.098 | INFO     | N/A | ⏳ 等待 Profile 更新任务...
2026-07-22 16:24:46.132 | INFO     | N/A | ⏳ 等待 Profile 更新任务...
2026-07-22 16:24:51.165 | INFO     | N/A | ⏳ 等待 Profile 更新任务...
2026-07-22 16:24:56.202 | INFO     | N/A | ⏳ 等待 Profile 更新任务...
2026-07-22 16:25:01.232 | INFO     | N/A | ⏳ 等待 Profile 更新任务...
2026-07-22 16:25:06.263 | INFO     | N/A | ⏳ 等待 Profile 更新任务...
2026-07-22 16:25:11.357 | INFO     | N/A | ⏳ 等待 Profile 更新任务...
2026-07-22 16:25:16.399 | INFO     | N/A | ⏳ 等待 Profile 更新任务...
2026-07-22 16:25:21.434 | INFO     | N/A | ⏳ 等待 Profile 更新任务...
2026-07-22 16:25:26.504 | INFO     | N/A | ⏳ 等待 Profile 更新任务...
2026-07-22 16:25:31.539 | INFO     | N/A | ⏳ 等待 Profile 更新任务...
2026-07-22 16:25:36.571 | INFO     | N/A | ⏳ 等待 Profile 更新任务...
2026-07-22 16:25:41.608 | INFO     | N/A | ⏳ 等待 Profile 更新任务...
2026-07-22 16:25:46.642 | INFO     | N/A | ⏳ 等待 Profile 更新任务...
2026-07-22 16:25:51.670 | INFO     | N/A | ⏳ 等待 Profile 更新任务...
2026-07-22 16:25:56.704 | INFO     | N/A | ⏳ 等待 Profile 更新任务...
2026-07-22 16:26:01.731 | INFO     | N/A | ⏳ 等待 Profile 更新任务...
2026-07-22 16:26:06.760 | INFO     | N/A | ⏳ 等待 Profile 更新任务...
2026-07-22 16:26:11.787 | INFO     | N/A | ⏳ 等待 Profile 更新任务...
2026-07-22 16:26:16.828 | INFO     | N/A | ⏳ 等待 Profile 更新任务...
2026-07-22 16:26:21.855 | INFO     | N/A | ⏳ 等待 Profile 更新任务...
2026-07-22 16:26:26.883 | INFO     | N/A | ⏳ 等待 Profile 更新任务...
2026-07-22 16:26:31.911 | INFO     | N/A | ⏳ 等待 Profile 更新任务...
2026-07-22 16:26:36.942 | INFO     | N/A | ⏳ 等待 Profile 更新任务...
2026-07-22 16:26:41.969 | INFO     | N/A | ⏳ 等待 Profile 更新任务...
2026-07-22 16:26:47.002 | INFO     | N/A | ⏳ 等待 Profile 更新任务...
2026-07-22 16:26:52.067 | INFO     | N/A | ⏳ 等待 Profile 更新任务...
2026-07-22 16:26:57.076 | INFO     | N/A | ⏳ 等待 Profile 更新任务...
2026-07-22 16:27:02.106 | INFO     | N/A | ⏳ 等待 Profile 更新任务...
2026-07-22 16:27:07.202 | INFO     | N/A | ⏳ 等待 Profile 更新任务...
2026-07-22 16:27:12.281 | INFO     | N/A | ⏳ 等待 Profile 更新任务...
2026-07-22 16:27:17.313 | INFO     | N/A | ⏳ 等待 Profile 更新任务...
2026-07-22 16:27:22.344 | INFO     | N/A | ⏳ 等待 Profile 更新任务...
2026-07-22 16:27:27.370 | INFO     | N/A | ⏳ 等待 Profile 更新任务...
2026-07-22 16:27:32.400 | INFO     | N/A | ⏳ 等待 Profile 更新任务...
2026-07-22 16:27:37.432 | INFO     | N/A | ⏳ 等待 Profile 更新任务...
2026-07-22 16:27:42.469 | INFO     | N/A | ⏳ 等待 Profile 更新任务...
2026-07-22 16:27:47.504 | INFO     | N/A | ⏳ 等待 Profile 更新任务...
2026-07-22 16:27:52.531 | INFO     | N/A | ⏳ 等待 Profile 更新任务...
2026-07-22 16:27:57.631 | INFO     | N/A | ⏳ 等待 Profile 更新任务...
2026-07-22 16:28:02.655 | INFO     | N/A | ⏳ 等待 Profile 更新任务...
2026-07-22 16:28:07.681 | INFO     | N/A | ⏳ 等待 Profile 更新任务...
2026-07-22 16:28:12.707 | INFO     | N/A | ⏳ 等待 Profile 更新任务...
2026-07-22 16:28:17.737 | INFO     | N/A | ⏳ 等待 Profile 更新任务...
2026-07-22 16:28:22.809 | INFO     | N/A | ⏳ 等待 Profile 更新任务...
2026-07-22 16:28:27.835 | INFO     | N/A | ⏳ 等待 Profile 更新任务...
2026-07-22 16:28:32.867 | INFO     | N/A | ⏳ 等待 Profile 更新任务...
2026-07-22 16:28:37.891 | INFO     | N/A | ⏳ 等待 Profile 更新任务...
2026-07-22 16:28:42.921 | INFO     | N/A | ⏳ 等待 Profile 更新任务...
2026-07-22 16:28:47.957 | INFO     | N/A | ⏳ 等待 Profile 更新任务...
2026-07-22 16:28:52.986 | INFO     | N/A | ⏳ 等待 Profile 更新任务...
2026-07-22 16:28:58.051 | INFO     | N/A | ⏳ 等待 Profile 更新任务...
2026-07-22 16:29:03.091 | INFO     | N/A | ⏳ 等待 Profile 更新任务...
2026-07-22 16:29:08.190 | INFO     | N/A | ⏳ 等待 Profile 更新任务...
2026-07-22 16:29:13.224 | INFO     | N/A | ⏳ 等待 Profile 更新任务...
2026-07-22 16:29:18.265 | INFO     | N/A | ⏳ 等待 Profile 更新任务...
2026-07-22 16:29:23.299 | INFO     | N/A | ⏳ 等待 Profile 更新任务...
2026-07-22 16:29:34.906 | INFO     | N/A | ⏳ 等待 Profile 更新任务...
2026-07-22 16:29:39.976 | INFO     | N/A | ⏳ 等待 Profile 更新任务...
2026-07-22 16:29:45.011 | INFO     | N/A | ⏳ 等待 Profile 更新任务...
2026-07-22 16:29:50.044 | INFO     | N/A | ⏳ 等待 Profile 更新任务...
2026-07-22 16:29:55.079 | INFO     | N/A | ⏳ 等待 Profile 更新任务...
2026-07-22 16:30:00.113 | INFO     | N/A | ⏳ 等待 Profile 更新任务...
2026-07-22 16:30:05.148 | INFO     | N/A | ⏳ 等待 Profile 更新任务...
2026-07-22 16:30:10.186 | INFO     | N/A | ⏳ 等待 Profile 更新任务...
2026-07-22 16:30:15.219 | INFO     | N/A | ⏳ 等待 Profile 更新任务...
2026-07-22 16:30:20.254 | INFO     | N/A | ⏳ 等待 Profile 更新任务...
2026-07-22 16:30:25.285 | INFO     | N/A | ⏳ 等待 Profile 更新任务...
2026-07-22 16:30:30.327 | INFO     | N/A | ⏳ 等待 Profile 更新任务...
2026-07-22 16:30:35.338 | INFO     | N/A | ⏳ 等待 Profile 更新任务...
2026-07-22 16:30:40.370 | INFO     | N/A | ⏳ 等待 Profile 更新任务...
2026-07-22 16:30:46.512 | INFO     | N/A | ⏳ 等待 Profile 更新任务...
2026-07-22 16:30:51.535 | INFO     | N/A | ⏳ 等待 Profile 更新任务...
2026-07-22 16:30:56.572 | INFO     | N/A | ⏳ 等待 Profile 更新任务...
2026-07-22 16:31:01.607 | INFO     | N/A | ⏳ 等待 Profile 更新任务...
2026-07-22 16:31:06.642 | INFO     | N/A | ⏳ 等待 Profile 更新任务...
2026-07-22 16:31:11.714 | INFO     | N/A | ⏳ 等待 Profile 更新任务...
2026-07-22 16:31:16.753 | INFO     | N/A | ⏳ 等待 Profile 更新任务...
2026-07-22 16:31:21.787 | INFO     | N/A | ⏳ 等待 Profile 更新任务...
2026-07-22 16:31:26.821 | INFO     | N/A | ⏳ 等待 Profile 更新任务...
2026-07-22 16:31:31.857 | INFO     | N/A | ⏳ 等待 Profile 更新任务...
2026-07-22 16:31:36.892 | INFO     | N/A | ⏳ 等待 Profile 更新任务...
2026-07-22 16:31:41.926 | INFO     | N/A | ⏳ 等待 Profile 更新任务...
2026-07-22 16:31:46.962 | INFO     | N/A | ⏳ 等待 Profile 更新任务...
2026-07-22 16:31:52.002 | INFO     | N/A | ⏳ 等待 Profile 更新任务...
2026-07-22 16:31:57.043 | INFO     | N/A | ⏳ 等待 Profile 更新任务...
2026-07-22 16:32:02.078 | INFO     | N/A | ⏳ 等待 Profile 更新任务...
2026-07-22 16:32:07.114 | INFO     | N/A | ⏳ 等待 Profile 更新任务...
2026-07-22 16:32:12.147 | INFO     | N/A | ⏳ 等待 Profile 更新任务...
2026-07-22 16:32:17.189 | INFO     | N/A | ⏳ 等待 Profile 更新任务...
2026-07-22 16:32:22.225 | INFO     | N/A | ⏳ 等待 Profile 更新任务...
2026-07-22 16:32:27.254 | INFO     | N/A | ⏳ 等待 Profile 更新任务...
2026-07-22 16:32:32.372 | INFO     | N/A | ⏳ 等待 Profile 更新任务...
2026-07-22 16:32:37.407 | INFO     | N/A | ⏳ 等待 Profile 更新任务...
2026-07-22 16:32:42.433 | INFO     | N/A | ⏳ 等待 Profile 更新任务...
2026-07-22 16:32:47.483 | INFO     | N/A | ⏳ 等待 Profile 更新任务...
2026-07-22 16:32:52.517 | INFO     | N/A | ⏳ 等待 Profile 更新任务...
2026-07-22 16:32:57.552 | INFO     | N/A | ⏳ 等待 Profile 更新任务...
2026-07-22 16:33:02.590 | INFO     | N/A | ⏳ 等待 Profile 更新任务...
2026-07-22 16:33:07.626 | INFO     | N/A | ⏳ 等待 Profile 更新任务...
2026-07-22 16:33:12.731 | INFO     | N/A | ⏳ 等待 Profile 更新任务...
2026-07-22 16:33:17.762 | INFO     | N/A | ⏳ 等待 Profile 更新任务...
2026-07-22 16:33:22.799 | INFO     | N/A | ⏳ 等待 Profile 更新任务...
2026-07-22 16:33:27.834 | INFO     | N/A | ⏳ 等待 Profile 更新任务...
2026-07-22 16:33:32.867 | INFO     | N/A | ⏳ 等待 Profile 更新任务...
2026-07-22 16:33:37.901 | INFO     | N/A | ⏳ 等待 Profile 更新任务...
2026-07-22 16:33:42.936 | INFO     | N/A | ⏳ 等待 Profile 更新任务...
2026-07-22 16:33:47.975 | INFO     | N/A | ⏳ 等待 Profile 更新任务...
2026-07-22 16:33:53.012 | INFO     | N/A | ⏳ 等待 Profile 更新任务...
2026-07-22 16:33:58.048 | INFO     | N/A | ⏳ 等待 Profile 更新任务...
2026-07-22 16:34:03.080 | INFO     | N/A | ⏳ 等待 Profile 更新任务...
2026-07-22 16:34:08.116 | INFO     | N/A | ⏳ 等待 Profile 更新任务...
2026-07-22 16:34:13.150 | INFO     | N/A | ⏳ 等待 Profile 更新任务...
2026-07-22 16:34:18.192 | INFO     | N/A | ⏳ 等待 Profile 更新任务...
2026-07-22 16:34:23.227 | INFO     | N/A | ⏳ 等待 Profile 更新任务...
2026-07-22 16:34:28.261 | INFO     | N/A | ⏳ 等待 Profile 更新任务...
2026-07-22 16:34:33.310 | INFO     | N/A | ⏳ 等待 Profile 更新任务...
2026-07-22 16:34:38.345 | INFO     | N/A | ⏳ 等待 Profile 更新任务...
2026-07-22 16:34:43.381 | INFO     | N/A | ⏳ 等待 Profile 更新任务...
2026-07-22 16:34:48.417 | INFO     | N/A | ⏳ 等待 Profile 更新任务...
2026-07-22 16:34:53.455 | INFO     | N/A | ⏳ 等待 Profile 更新任务...
2026-07-22 16:34:58.491 | INFO     | N/A | ⏳ 等待 Profile 更新任务...
2026-07-22 16:35:03.528 | INFO     | N/A | ⏳ 等待 Profile 更新任务...
2026-07-22 16:35:08.567 | INFO     | N/A | ⏳ 等待 Profile 更新任务...
2026-07-22 16:35:13.627 | INFO     | N/A | ⏳ 等待 Profile 更新任务...
2026-07-22 16:35:18.663 | INFO     | N/A | ⏳ 等待 Profile 更新任务...
2026-07-22 16:35:23.713 | INFO     | N/A | ⏳ 等待 Profile 更新任务...
2026-07-22 16:35:28.768 | INFO     | N/A | ⏳ 等待 Profile 更新任务...
2026-07-22 16:35:33.804 | INFO     | N/A | ⏳ 等待 Profile 更新任务...
2026-07-22 16:35:38.864 | INFO     | N/A | ⏳ 等待 Profile 更新任务...
2026-07-22 16:35:43.897 | INFO     | N/A | ⏳ 等待 Profile 更新任务...
2026-07-22 16:35:48.939 | INFO     | N/A | ⏳ 等待 Profile 更新任务...
2026-07-22 16:35:53.973 | INFO     | N/A | ⏳ 等待 Profile 更新任务...
2026-07-22 16:35:59.010 | INFO     | N/A | ⏳ 等待 Profile 更新任务...
2026-07-22 16:36:04.048 | INFO     | N/A | ⏳ 等待 Profile 更新任务...
2026-07-22 16:36:09.085 | INFO     | N/A | ⏳ 等待 Profile 更新任务...
2026-07-22 16:36:14.118 | INFO     | N/A | ⏳ 等待 Profile 更新任务...
2026-07-22 16:36:19.180 | INFO     | N/A | ⏳ 等待 Profile 更新任务...
2026-07-22 16:36:24.217 | INFO     | N/A | ⏳ 等待 Profile 更新任务...
2026-07-22 16:36:29.259 | INFO     | N/A | ⏳ 等待 Profile 更新任务...
2026-07-22 16:36:34.313 | INFO     | N/A | ⏳ 等待 Profile 更新任务...
2026-07-22 16:36:39.350 | INFO     | N/A | ⏳ 等待 Profile 更新任务...
2026-07-22 16:36:44.432 | INFO     | N/A | ⏳ 等待 Profile 更新任务...
2026-07-22 16:36:49.464 | INFO     | N/A | ⏳ 等待 Profile 更新任务...
2026-07-22 16:36:54.498 | INFO     | N/A | ⏳ 等待 Profile 更新任务...
2026-07-22 16:36:59.529 | INFO     | N/A | ⏳ 等待 Profile 更新任务...
2026-07-22 16:37:04.565 | INFO     | N/A | ⏳ 等待 Profile 更新任务...
2026-07-22 16:37:09.600 | INFO     | N/A | ⏳ 等待 Profile 更新任务...
2026-07-22 16:37:14.697 | INFO     | N/A | ⏳ 等待 Profile 更新任务...
2026-07-22 16:37:19.736 | INFO     | N/A | ⏳ 等待 Profile 更新任务...
2026-07-22 16:37:24.771 | INFO     | N/A | ⏳ 等待 Profile 更新任务...
2026-07-22 16:37:29.810 | INFO     | N/A | ⏳ 等待 Profile 更新任务...
2026-07-22 16:37:34.849 | INFO     | N/A | ⏳ 等待 Profile 更新任务...
2026-07-22 16:37:39.903 | INFO     | N/A | ⏳ 等待 Profile 更新任务...
2026-07-22 16:37:44.967 | INFO     | N/A | ⏳ 等待 Profile 更新任务...
2026-07-22 16:37:50.007 | INFO     | N/A | ⏳ 等待 Profile 更新任务...
2026-07-22 16:37:55.046 | INFO     | N/A | ⏳ 等待 Profile 更新任务...
2026-07-22 16:38:00.080 | INFO     | N/A | ⏳ 等待 Profile 更新任务...
2026-07-22 16:38:05.118 | INFO     | N/A | ⏳ 等待 Profile 更新任务...
2026-07-22 16:38:10.155 | INFO     | N/A | ⏳ 等待 Profile 更新任务...
2026-07-22 16:38:15.189 | INFO     | N/A | ⏳ 等待 Profile 更新任务...
2026-07-22 16:38:20.231 | INFO     | N/A | ⏳ 等待 Profile 更新任务...
2026-07-22 16:38:25.266 | INFO     | N/A | ⏳ 等待 Profile 更新任务...
2026-07-22 16:38:30.303 | INFO     | N/A | ⏳ 等待 Profile 更新任务...
2026-07-22 16:38:35.337 | INFO     | N/A | ⏳ 等待 Profile 更新任务...
2026-07-22 16:38:40.372 | INFO     | N/A | ⏳ 等待 Profile 更新任务...
2026-07-22 16:38:45.410 | INFO     | N/A | ⏳ 等待 Profile 更新任务...
2026-07-22 16:38:50.450 | INFO     | N/A | ⏳ 等待 Profile 更新任务...
2026-07-22 16:38:55.485 | INFO     | N/A | ⏳ 等待 Profile 更新任务...
2026-07-22 16:39:00.520 | INFO     | N/A | ⏳ 等待 Profile 更新任务...
2026-07-22 16:39:05.559 | INFO     | N/A | ⏳ 等待 Profile 更新任务...
2026-07-22 16:39:10.589 | INFO     | N/A | ⏳ 等待 Profile 更新任务...
2026-07-22 16:39:15.601 | INFO     | N/A | ⏳ 等待 Profile 更新任务...
2026-07-22 16:39:20.657 | INFO     | N/A | ⏳ 等待 Profile 更新任务...
2026-07-22 16:39:25.698 | INFO     | N/A | ⏳ 等待 Profile 更新任务...
2026-07-22 16:39:30.735 | INFO     | N/A | ⏳ 等待 Profile 更新任务...
2026-07-22 16:39:35.771 | INFO     | N/A | ⏳ 等待 Profile 更新任务...
2026-07-22 16:39:40.812 | INFO     | N/A | ⏳ 等待 Profile 更新任务...
2026-07-22 16:39:45.842 | INFO     | N/A | ⏳ 等待 Profile 更新任务...
2026-07-22 16:39:50.878 | INFO     | N/A | ⏳ 等待 Profile 更新任务...
2026-07-22 16:39:55.917 | INFO     | N/A | ⏳ 等待 Profile 更新任务...
2026-07-22 16:40:00.955 | INFO     | N/A | ⏳ 等待 Profile 更新任务...
2026-07-22 16:40:05.988 | INFO     | N/A | ⏳ 等待 Profile 更新任务...
2026-07-22 16:40:11.023 | INFO     | N/A | ⏳ 等待 Profile 更新任务...
2026-07-22 16:40:16.056 | INFO     | N/A | ⏳ 等待 Profile 更新任务...
2026-07-22 16:40:21.092 | INFO     | N/A | ⏳ 等待 Profile 更新任务...
2026-07-22 16:40:26.131 | INFO     | N/A | ⏳ 等待 Profile 更新任务...
2026-07-22 16:40:31.172 | INFO     | N/A | ⏳ 等待 Profile 更新任务...
2026-07-22 16:40:36.211 | INFO     | N/A | ⏳ 等待 Profile 更新任务...
2026-07-22 16:40:41.255 | INFO     | N/A | ⏳ 等待 Profile 更新任务...
2026-07-22 16:40:46.282 | INFO     | N/A | ⏳ 等待 Profile 更新任务...
2026-07-22 16:40:51.326 | INFO     | N/A | ⏳ 等待 Profile 更新任务...
2026-07-22 16:40:56.359 | INFO     | N/A | ⏳ 等待 Profile 更新任务...
2026-07-22 16:41:01.400 | INFO     | N/A | ⏳ 等待 Profile 更新任务...
2026-07-22 16:41:06.437 | INFO     | N/A | ⏳ 等待 Profile 更新任务...
2026-07-22 16:41:11.468 | INFO     | N/A | ⏳ 等待 Profile 更新任务...
2026-07-22 16:41:16.564 | INFO     | N/A | ⏳ 等待 Profile 更新任务...
2026-07-22 16:41:21.654 | INFO     | N/A | ⏳ 等待 Profile 更新任务...
2026-07-22 16:41:26.688 | INFO     | N/A | ⏳ 等待 Profile 更新任务...
2026-07-22 16:41:31.727 | INFO     | N/A | ⏳ 等待 Profile 更新任务...
2026-07-22 16:41:36.763 | INFO     | N/A | ⏳ 等待 Profile 更新任务...
2026-07-22 16:41:41.802 | INFO     | N/A | ⏳ 等待 Profile 更新任务...
2026-07-22 16:41:46.839 | INFO     | N/A | ⏳ 等待 Profile 更新任务...
2026-07-22 16:41:51.879 | INFO     | N/A | ⏳ 等待 Profile 更新任务...
2026-07-22 16:41:56.919 | INFO     | N/A | ⏳ 等待 Profile 更新任务...
2026-07-22 16:42:01.958 | INFO     | N/A | ⏳ 等待 Profile 更新任务...
2026-07-22 16:42:07.033 | INFO     | N/A | ⏳ 等待 Profile 更新任务...
2026-07-22 16:42:12.085 | INFO     | N/A | ⏳ 等待 Profile 更新任务...
2026-07-22 16:42:17.185 | INFO     | N/A | ⏳ 等待 Profile 更新任务...
2026-07-22 16:42:22.226 | INFO     | N/A | ⏳ 等待 Profile 更新任务...
2026-07-22 16:42:27.275 | INFO     | N/A | ⏳ 等待 Profile 更新任务...
2026-07-22 16:42:32.314 | INFO     | N/A | ⏳ 等待 Profile 更新任务...
2026-07-22 16:42:37.356 | INFO     | N/A | ⏳ 等待 Profile 更新任务...
2026-07-22 16:42:42.388 | INFO     | N/A | ⏳ 等待 Profile 更新任务...
2026-07-22 16:42:47.432 | INFO     | N/A | ⏳ 等待 Profile 更新任务...
2026-07-22 16:42:52.467 | INFO     | N/A | ⏳ 等待 Profile 更新任务...
2026-07-22 16:42:57.568 | INFO     | N/A | ⏳ 等待 Profile 更新任务...
2026-07-22 16:43:02.614 | INFO     | N/A | ⏳ 等待 Profile 更新任务...
2026-07-22 16:43:07.651 | INFO     | N/A | ⏳ 等待 Profile 更新任务...
2026-07-22 16:43:12.690 | INFO     | N/A | ⏳ 等待 Profile 更新任务...
2026-07-22 16:43:17.744 | INFO     | N/A | ⏳ 等待 Profile 更新任务...
2026-07-22 16:43:22.879 | INFO     | N/A | ⏳ 等待 Profile 更新任务...
2026-07-22 16:43:27.917 | INFO     | N/A | ⏳ 等待 Profile 更新任务...
2026-07-22 16:43:32.979 | INFO     | N/A | ⏳ 等待 Profile 更新任务...
2026-07-22 16:43:38.040 | INFO     | N/A | ⏳ 等待 Profile 更新任务...
2026-07-22 16:43:43.074 | INFO     | N/A | ⏳ 等待 Profile 更新任务...
2026-07-22 16:43:48.114 | INFO     | N/A | ⏳ 等待 Profile 更新任务...
2026-07-22 16:43:53.150 | INFO     | N/A | ⏳ 等待 Profile 更新任务...
2026-07-22 16:43:58.182 | INFO     | N/A | ⏳ 等待 Profile 更新任务...
2026-07-22 16:44:03.217 | INFO     | N/A | ⏳ 等待 Profile 更新任务...
2026-07-22 16:44:08.251 | INFO     | N/A | ⏳ 等待 Profile 更新任务...
2026-07-22 16:44:13.289 | INFO     | N/A | ⏳ 等待 Profile 更新任务...
2026-07-22 16:44:18.325 | INFO     | N/A | ⏳ 等待 Profile 更新任务...
2026-07-22 16:44:23.362 | INFO     | N/A | ⏳ 等待 Profile 更新任务...
2026-07-22 16:44:28.395 | INFO     | N/A | ⏳ 等待 Profile 更新任务...
2026-07-22 16:44:33.431 | INFO     | N/A | ⏳ 等待 Profile 更新任务...
2026-07-22 16:44:38.468 | INFO     | N/A | ⏳ 等待 Profile 更新任务...
2026-07-22 16:44:43.503 | INFO     | N/A | ⏳ 等待 Profile 更新任务...
2026-07-22 16:44:48.542 | INFO     | N/A | ⏳ 等待 Profile 更新任务...
2026-07-22 16:44:53.577 | INFO     | N/A | ⏳ 等待 Profile 更新任务...
2026-07-22 16:44:58.616 | INFO     | N/A | ⏳ 等待 Profile 更新任务...
2026-07-22 16:45:03.655 | INFO     | N/A | ⏳ 等待 Profile 更新任务...
2026-07-22 16:45:08.690 | INFO     | N/A | ⏳ 等待 Profile 更新任务...
2026-07-22 16:45:13.726 | INFO     | N/A | ⏳ 等待 Profile 更新任务...
2026-07-22 16:45:18.900 | INFO     | N/A | ⏳ 等待 Profile 更新任务...
2026-07-22 16:45:23.918 | INFO     | N/A | ⏳ 等待 Profile 更新任务...
2026-07-22 16:45:28.956 | INFO     | N/A | ⏳ 等待 Profile 更新任务...
2026-07-22 16:45:33.989 | INFO     | N/A | ⏳ 等待 Profile 更新任务...
2026-07-22 16:45:39.048 | INFO     | N/A | ⏳ 等待 Profile 更新任务...
2026-07-22 16:45:44.080 | INFO     | N/A | ⏳ 等待 Profile 更新任务...
2026-07-22 16:45:49.122 | INFO     | N/A | ⏳ 等待 Profile 更新任务...
2026-07-22 16:45:54.161 | INFO     | N/A | ⏳ 等待 Profile 更新任务...
2026-07-22 16:45:59.200 | INFO     | N/A | ⏳ 等待 Profile 更新任务...
2026-07-22 16:46:04.236 | INFO     | N/A | ⏳ 等待 Profile 更新任务...
2026-07-22 16:46:09.273 | INFO     | N/A | ⏳ 等待 Profile 更新任务...
2026-07-22 16:46:14.316 | INFO     | N/A | ⏳ 等待 Profile 更新任务...
2026-07-22 16:46:19.355 | INFO     | N/A | ⏳ 等待 Profile 更新任务...
2026-07-22 16:46:24.390 | INFO     | N/A | ⏳ 等待 Profile 更新任务...
2026-07-22 16:46:29.430 | INFO     | N/A | ⏳ 等待 Profile 更新任务...
2026-07-22 16:46:34.466 | INFO     | N/A | ⏳ 等待 Profile 更新任务...
2026-07-22 16:46:39.505 | INFO     | N/A | ⏳ 等待 Profile 更新任务...
2026-07-22 16:46:44.536 | INFO     | N/A | ⏳ 等待 Profile 更新任务...
2026-07-22 16:46:49.571 | INFO     | N/A | ⏳ 等待 Profile 更新任务...
2026-07-22 16:46:54.610 | INFO     | N/A | ⏳ 等待 Profile 更新任务...
2026-07-22 16:46:59.649 | INFO     | N/A | ⏳ 等待 Profile 更新任务...
2026-07-22 16:47:04.692 | INFO     | N/A | ⏳ 等待 Profile 更新任务...
2026-07-22 16:47:09.726 | INFO     | N/A | ⏳ 等待 Profile 更新任务...
2026-07-22 16:47:14.758 | INFO     | N/A | ⏳ 等待 Profile 更新任务...
2026-07-22 16:47:19.857 | INFO     | N/A | ⏳ 等待 Profile 更新任务...
2026-07-22 16:47:24.891 | INFO     | N/A | ⏳ 等待 Profile 更新任务...
2026-07-22 16:47:29.925 | INFO     | N/A | ⏳ 等待 Profile 更新任务...
2026-07-22 16:47:34.936 | INFO     | N/A | ⏳ 等待 Profile 更新任务...
2026-07-22 16:47:39.973 | INFO     | N/A | ⏳ 等待 Profile 更新任务...
2026-07-22 16:47:45.009 | INFO     | N/A | ⏳ 等待 Profile 更新任务...
2026-07-22 16:47:50.046 | INFO     | N/A | ⏳ 等待 Profile 更新任务...
2026-07-22 16:47:55.085 | INFO     | N/A | ⏳ 等待 Profile 更新任务...
2026-07-22 16:48:00.119 | INFO     | N/A | ⏳ 等待 Profile 更新任务...
2026-07-22 16:48:05.186 | INFO     | N/A | ⏳ 等待 Profile 更新任务...
2026-07-22 16:48:10.237 | INFO     | N/A | ⏳ 等待 Profile 更新任务...
2026-07-22 16:48:15.285 | INFO     | N/A | ⏳ 等待 Profile 更新任务...
2026-07-22 16:48:20.320 | INFO     | N/A | ⏳ 等待 Profile 更新任务...
2026-07-22 16:48:25.356 | INFO     | N/A | ⏳ 等待 Profile 更新任务...
2026-07-22 16:48:30.392 | INFO     | N/A | ⏳ 等待 Profile 更新任务...
2026-07-22 16:48:35.436 | INFO     | N/A | ⏳ 等待 Profile 更新任务...
2026-07-22 16:48:40.469 | INFO     | N/A | ⏳ 等待 Profile 更新任务...
2026-07-22 16:48:45.507 | INFO     | N/A | ⏳ 等待 Profile 更新任务...
2026-07-22 16:48:50.548 | INFO     | N/A | ⏳ 等待 Profile 更新任务...
2026-07-22 16:48:55.591 | INFO     | N/A | ⏳ 等待 Profile 更新任务...
2026-07-22 16:49:00.627 | INFO     | N/A | ⏳ 等待 Profile 更新任务...
2026-07-22 16:49:05.664 | INFO     | N/A | ⏳ 等待 Profile 更新任务...
2026-07-22 16:49:10.697 | INFO     | N/A | ⏳ 等待 Profile 更新任务...
2026-07-22 16:49:15.741 | INFO     | N/A | ⏳ 等待 Profile 更新任务...
2026-07-22 16:49:20.748 | INFO     | N/A | ⏳ 等待 Profile 更新任务...
2026-07-22 16:49:25.784 | INFO     | N/A | ⏳ 等待 Profile 更新任务...
2026-07-22 16:49:30.819 | INFO     | N/A | ⏳ 等待 Profile 更新任务...
2026-07-22 16:49:35.856 | INFO     | N/A | ⏳ 等待 Profile 更新任务...
2026-07-22 16:49:40.892 | INFO     | N/A | ⏳ 等待 Profile 更新任务...
2026-07-22 16:49:45.931 | INFO     | N/A | ⏳ 等待 Profile 更新任务...
2026-07-22 16:49:50.974 | INFO     | N/A | ⏳ 等待 Profile 更新任务...
2026-07-22 16:49:56.013 | INFO     | N/A | ⏳ 等待 Profile 更新任务...
2026-07-22 16:50:01.048 | INFO     | N/A | ⏳ 等待 Profile 更新任务...
2026-07-22 16:50:06.083 | INFO     | N/A | ⏳ 等待 Profile 更新任务...
2026-07-22 16:50:11.118 | INFO     | N/A | ⏳ 等待 Profile 更新任务...
2026-07-22 16:50:16.152 | INFO     | N/A | ⏳ 等待 Profile 更新任务...
2026-07-22 16:50:21.187 | INFO     | N/A | ⏳ 等待 Profile 更新任务...
2026-07-22 16:50:26.220 | INFO     | N/A | ⏳ 等待 Profile 更新任务...
2026-07-22 16:50:31.256 | INFO     | N/A | ⏳ 等待 Profile 更新任务...
2026-07-22 16:50:36.293 | INFO     | N/A | ⏳ 等待 Profile 更新任务...
2026-07-22 16:50:41.330 | INFO     | N/A | ⏳ 等待 Profile 更新任务...
2026-07-22 16:50:46.363 | INFO     | N/A | ⏳ 等待 Profile 更新任务...
2026-07-22 16:50:51.399 | INFO     | N/A | ⏳ 等待 Profile 更新任务...
2026-07-22 16:50:56.437 | INFO     | N/A | ⏳ 等待 Profile 更新任务...
2026-07-22 16:51:01.473 | INFO     | N/A | ⏳ 等待 Profile 更新任务...
2026-07-22 16:51:06.508 | INFO     | N/A | ⏳ 等待 Profile 更新任务...
2026-07-22 16:51:11.585 | INFO     | N/A | ⏳ 等待 Profile 更新任务...
2026-07-22 16:51:16.621 | INFO     | N/A | ⏳ 等待 Profile 更新任务...
2026-07-22 16:51:21.635 | INFO     | N/A | ⏳ 等待 Profile 更新任务...
2026-07-22 16:51:26.678 | INFO     | N/A | ⏳ 等待 Profile 更新任务...
2026-07-22 16:51:31.715 | INFO     | N/A | ⏳ 等待 Profile 更新任务...
2026-07-22 16:51:36.754 | INFO     | N/A | ⏳ 等待 Profile 更新任务...
2026-07-22 16:51:41.792 | INFO     | N/A | ⏳ 等待 Profile 更新任务...
2026-07-22 16:51:46.825 | INFO     | N/A | ⏳ 等待 Profile 更新任务...
2026-07-22 16:51:51.863 | INFO     | N/A | ⏳ 等待 Profile 更新任务...
2026-07-22 16:51:56.915 | INFO     | N/A | ⏳ 等待 Profile 更新任务...
2026-07-22 16:52:01.951 | INFO     | N/A | ⏳ 等待 Profile 更新任务...
2026-07-22 16:52:06.986 | INFO     | N/A | ⏳ 等待 Profile 更新任务...
2026-07-22 16:52:12.021 | INFO     | N/A | ⏳ 等待 Profile 更新任务...
2026-07-22 16:52:17.064 | INFO     | N/A | ⏳ 等待 Profile 更新任务...
2026-07-22 16:52:22.101 | INFO     | N/A | ⏳ 等待 Profile 更新任务...
2026-07-22 16:52:27.133 | INFO     | N/A | ⏳ 等待 Profile 更新任务...
2026-07-22 16:52:32.171 | INFO     | N/A | ⏳ 等待 Profile 更新任务...
2026-07-22 16:52:37.214 | INFO     | N/A | ⏳ 等待 Profile 更新任务...
2026-07-22 16:52:42.249 | INFO     | N/A | ⏳ 等待 Profile 更新任务...
2026-07-22 16:52:47.285 | INFO     | N/A | ⏳ 等待 Profile 更新任务...
2026-07-22 16:52:52.324 | INFO     | N/A | ⏳ 等待 Profile 更新任务...
2026-07-22 16:52:57.360 | INFO     | N/A | ⏳ 等待 Profile 更新任务...
2026-07-22 16:53:02.393 | INFO     | N/A | ⏳ 等待 Profile 更新任务...
2026-07-22 16:53:07.457 | INFO     | N/A | ⏳ 等待 Profile 更新任务...
2026-07-22 16:53:12.494 | INFO     | N/A | ⏳ 等待 Profile 更新任务...
2026-07-22 16:53:17.528 | INFO     | N/A | ⏳ 等待 Profile 更新任务...
2026-07-22 16:53:22.573 | INFO     | N/A | ⏳ 等待 Profile 更新任务...
2026-07-22 16:53:27.613 | INFO     | N/A | ⏳ 等待 Profile 更新任务...
2026-07-22 16:53:32.650 | INFO     | N/A | ⏳ 等待 Profile 更新任务...
2026-07-22 16:53:37.683 | INFO     | N/A | ⏳ 等待 Profile 更新任务...
2026-07-22 16:53:42.721 | INFO     | N/A | ⏳ 等待 Profile 更新任务...
2026-07-22 16:53:47.756 | INFO     | N/A | ⏳ 等待 Profile 更新任务...
2026-07-22 16:53:52.793 | INFO     | N/A | ⏳ 等待 Profile 更新任务...
2026-07-22 16:53:57.832 | INFO     | N/A | ⏳ 等待 Profile 更新任务...
2026-07-22 16:54:02.896 | INFO     | N/A | ⏳ 等待 Profile 更新任务...
2026-07-22 16:54:07.933 | INFO     | N/A | ⏳ 等待 Profile 更新任务...
2026-07-22 16:54:12.979 | INFO     | N/A | ⏳ 等待 Profile 更新任务...
2026-07-22 16:54:18.021 | INFO     | N/A | ⏳ 等待 Profile 更新任务...
2026-07-22 16:54:23.057 | INFO     | N/A | ⏳ 等待 Profile 更新任务...
2026-07-22 16:54:28.094 | INFO     | N/A | ⏳ 等待 Profile 更新任务...
2026-07-22 16:54:33.133 | INFO     | N/A | ⏳ 等待 Profile 更新任务...
2026-07-22 16:54:38.170 | INFO     | N/A | ⏳ 等待 Profile 更新任务...
2026-07-22 16:54:43.206 | INFO     | N/A | ⏳ 等待 Profile 更新任务...
2026-07-22 16:54:48.240 | INFO     | N/A | ⏳ 等待 Profile 更新任务...
2026-07-22 16:54:53.277 | INFO     | N/A | ⏳ 等待 Profile 更新任务...
2026-07-22 16:54:58.311 | INFO     | N/A | ⏳ 等待 Profile 更新任务...
2026-07-22 16:55:03.350 | INFO     | N/A | ⏳ 等待 Profile 更新任务...
2026-07-22 16:55:08.384 | INFO     | N/A | ⏳ 等待 Profile 更新任务...
2026-07-22 16:55:13.420 | INFO     | N/A | ⏳ 等待 Profile 更新任务...
2026-07-22 16:55:18.459 | INFO     | N/A | ⏳ 等待 Profile 更新任务...
2026-07-22 16:55:23.526 | INFO     | N/A | ⏳ 等待 Profile 更新任务...
2026-07-22 16:55:28.620 | INFO     | N/A | ⏳ 等待 Profile 更新任务...
2026-07-22 16:55:33.655 | INFO     | N/A | ⏳ 等待 Profile 更新任务...
2026-07-22 16:55:38.689 | INFO     | N/A | ⏳ 等待 Profile 更新任务...
2026-07-22 16:55:43.729 | INFO     | N/A | ⏳ 等待 Profile 更新任务...
2026-07-22 16:55:48.765 | INFO     | N/A | ⏳ 等待 Profile 更新任务...
2026-07-22 16:55:53.800 | INFO     | N/A | ⏳ 等待 Profile 更新任务...
2026-07-22 16:55:58.835 | INFO     | N/A | ⏳ 等待 Profile 更新任务...
2026-07-22 16:56:03.874 | INFO     | N/A | ⏳ 等待 Profile 更新任务...
2026-07-22 16:56:08.914 | INFO     | N/A | ⏳ 等待 Profile 更新任务...
2026-07-22 16:56:13.949 | INFO     | N/A | ⏳ 等待 Profile 更新任务...
2026-07-22 16:56:18.991 | INFO     | N/A | ⏳ 等待 Profile 更新任务...
2026-07-22 16:56:24.031 | INFO     | N/A | ⏳ 等待 Profile 更新任务...
2026-07-22 16:56:29.076 | INFO     | N/A | ⏳ 等待 Profile 更新任务...
2026-07-22 16:56:34.120 | INFO     | N/A | ⏳ 等待 Profile 更新任务...
2026-07-22 16:56:39.155 | INFO     | N/A | ⏳ 等待 Profile 更新任务...
2026-07-22 16:56:44.163 | INFO     | N/A | ⏳ 等待 Profile 更新任务...
2026-07-22 16:56:49.198 | INFO     | N/A | ⏳ 等待 Profile 更新任务...
2026-07-22 16:56:54.237 | INFO     | N/A | ⏳ 等待 Profile 更新任务...
2026-07-22 16:56:59.278 | INFO     | N/A | ⏳ 等待 Profile 更新任务...
2026-07-22 16:57:04.313 | INFO     | N/A | ⏳ 等待 Profile 更新任务...
2026-07-22 16:57:09.349 | INFO     | N/A | ⏳ 等待 Profile 更新任务...
2026-07-22 16:57:14.386 | INFO     | N/A | ⏳ 等待 Profile 更新任务...
2026-07-22 16:57:19.427 | INFO     | N/A | ⏳ 等待 Profile 更新任务...
2026-07-22 16:57:24.449 | INFO     | N/A | ⏳ 等待 Profile 更新任务...
2026-07-22 16:57:29.500 | INFO     | N/A | ⏳ 等待 Profile 更新任务...
2026-07-22 16:57:34.533 | INFO     | N/A | ⏳ 等待 Profile 更新任务...
2026-07-22 16:57:39.568 | INFO     | N/A | ⏳ 等待 Profile 更新任务...
2026-07-22 16:57:44.610 | INFO     | N/A | ⏳ 等待 Profile 更新任务...
2026-07-22 16:57:49.659 | INFO     | N/A | ⏳ 等待 Profile 更新任务...
2026-07-22 16:57:54.693 | INFO     | N/A | ⏳ 等待 Profile 更新任务...
2026-07-22 16:57:59.793 | INFO     | N/A | ⏳ 等待 Profile 更新任务...
2026-07-22 16:58:04.831 | INFO     | N/A | ⏳ 等待 Profile 更新任务...
2026-07-22 16:58:09.869 | INFO     | N/A | ⏳ 等待 Profile 更新任务...
2026-07-22 16:58:15.066 | INFO     | N/A | ⏳ 等待 Profile 更新任务...
2026-07-22 16:58:20.142 | INFO     | N/A | ⏳ 等待 Profile 更新任务...
2026-07-22 16:58:25.185 | INFO     | N/A | ⏳ 等待 Profile 更新任务...
2026-07-22 16:58:30.216 | INFO     | N/A | ⏳ 等待 Profile 更新任务...
2026-07-22 16:58:35.251 | INFO     | N/A | ⏳ 等待 Profile 更新任务...
2026-07-22 16:58:40.295 | INFO     | N/A | ⏳ 等待 Profile 更新任务...
2026-07-22 16:58:45.363 | INFO     | N/A | ⏳ 等待 Profile 更新任务...
2026-07-22 16:58:50.386 | INFO     | N/A | ⏳ 等待 Profile 更新任务...
2026-07-22 16:58:55.421 | INFO     | N/A | ⏳ 等待 Profile 更新任务...
2026-07-22 16:59:00.456 | INFO     | N/A | ⏳ 等待 Profile 更新任务...
2026-07-22 16:59:05.499 | INFO     | N/A | ⏳ 等待 Profile 更新任务...
2026-07-22 16:59:10.536 | INFO     | N/A | ⏳ 等待 Profile 更新任务...
2026-07-22 16:59:15.578 | INFO     | N/A | ⏳ 等待 Profile 更新任务...
2026-07-22 16:59:20.614 | INFO     | N/A | ⏳ 等待 Profile 更新任务...
2026-07-22 16:59:25.620 | INFO     | N/A | ⏳ 等待 Profile 更新任务...
2026-07-22 16:59:30.659 | INFO     | N/A | ⏳ 等待 Profile 更新任务...
2026-07-22 16:59:35.698 | INFO     | N/A | ⏳ 等待 Profile 更新任务...
2026-07-22 16:59:40.736 | INFO     | N/A | ⏳ 等待 Profile 更新任务...
2026-07-22 16:59:45.776 | INFO     | N/A | ⏳ 等待 Profile 更新任务...
2026-07-22 16:59:50.817 | INFO     | N/A | ⏳ 等待 Profile 更新任务...
2026-07-22 16:59:55.855 | INFO     | N/A | ⏳ 等待 Profile 更新任务...
2026-07-22 17:00:00.893 | INFO     | N/A | ⏳ 等待 Profile 更新任务...
2026-07-22 17:00:05.917 | INFO     | N/A | ⏳ 等待 Profile 更新任务...
2026-07-22 17:00:10.998 | INFO     | N/A | ⏳ 等待 Profile 更新任务...
2026-07-22 17:00:16.033 | INFO     | N/A | ⏳ 等待 Profile 更新任务...
2026-07-22 17:00:21.083 | INFO     | N/A | ⏳ 等待 Profile 更新任务...
2026-07-22 17:00:26.121 | INFO     | N/A | ⏳ 等待 Profile 更新任务...
2026-07-22 17:00:31.162 | INFO     | N/A | ⏳ 等待 Profile 更新任务...
2026-07-22 17:00:36.202 | INFO     | N/A | ⏳ 等待 Profile 更新任务...
2026-07-22 17:00:41.238 | INFO     | N/A | ⏳ 等待 Profile 更新任务...
2026-07-22 17:00:46.272 | INFO     | N/A | ⏳ 等待 Profile 更新任务...
2026-07-22 17:00:51.312 | INFO     | N/A | ⏳ 等待 Profile 更新任务...
2026-07-22 17:00:56.385 | INFO     | N/A | ⏳ 等待 Profile 更新任务...
2026-07-22 17:01:01.424 | INFO     | N/A | ⏳ 等待 Profile 更新任务...
2026-07-22 17:01:06.458 | INFO     | N/A | ⏳ 等待 Profile 更新任务...
2026-07-22 17:01:11.463 | INFO     | N/A | ⏳ 等待 Profile 更新任务...
2026-07-22 17:01:16.502 | INFO     | N/A | ⏳ 等待 Profile 更新任务...
2026-07-22 17:01:21.526 | INFO     | N/A | ⏳ 等待 Profile 更新任务...
2026-07-22 17:01:26.588 | INFO     | N/A | ⏳ 等待 Profile 更新任务...
2026-07-22 17:01:31.615 | INFO     | N/A | ⏳ 等待 Profile 更新任务...
2026-07-22 17:01:36.698 | INFO     | N/A | ⏳ 等待 Profile 更新任务...
2026-07-22 17:01:41.733 | INFO     | N/A | ⏳ 等待 Profile 更新任务...
2026-07-22 17:01:46.775 | INFO     | N/A | ⏳ 等待 Profile 更新任务...
2026-07-22 17:01:51.780 | INFO     | N/A | ⏳ 等待 Profile 更新任务...
2026-07-22 17:01:56.830 | INFO     | N/A | ⏳ 等待 Profile 更新任务...
2026-07-22 17:02:01.868 | INFO     | N/A | ⏳ 等待 Profile 更新任务...
2026-07-22 17:02:06.942 | INFO     | N/A | ⏳ 等待 Profile 更新任务...
2026-07-22 17:02:11.977 | INFO     | N/A | ⏳ 等待 Profile 更新任务...
2026-07-22 17:02:17.034 | INFO     | N/A | ⏳ 等待 Profile 更新任务...
2026-07-22 17:02:22.076 | INFO     | N/A | ⏳ 等待 Profile 更新任务...
2026-07-22 17:02:27.144 | INFO     | N/A | ⏳ 等待 Profile 更新任务...
2026-07-22 17:02:32.196 | INFO     | N/A | ⏳ 等待 Profile 更新任务...
2026-07-22 17:02:37.280 | INFO     | N/A | ⏳ 等待 Profile 更新任务...
2026-07-22 17:02:42.316 | INFO     | N/A | ⏳ 等待 Profile 更新任务...
2026-07-22 17:02:47.352 | INFO     | N/A | ⏳ 等待 Profile 更新任务...
2026-07-22 17:02:52.382 | INFO     | N/A | ⏳ 等待 Profile 更新任务...
2026-07-22 17:02:57.476 | INFO     | N/A | ⏳ 等待 Profile 更新任务...
2026-07-22 17:03:02.509 | INFO     | N/A | ⏳ 等待 Profile 更新任务...
2026-07-22 17:03:07.543 | INFO     | N/A | ⏳ 等待 Profile 更新任务...
2026-07-22 17:03:12.577 | INFO     | N/A | ⏳ 等待 Profile 更新任务...
2026-07-22 17:03:17.657 | INFO     | N/A | ⏳ 等待 Profile 更新任务...
2026-07-22 17:03:22.731 | INFO     | N/A | ⏳ 等待 Profile 更新任务...
2026-07-22 17:03:27.812 | INFO     | N/A | ⏳ 等待 Profile 更新任务...
2026-07-22 17:03:32.836 | INFO     | N/A | ⏳ 等待 Profile 更新任务...
2026-07-22 17:03:37.877 | INFO     | N/A | ⏳ 等待 Profile 更新任务...
2026-07-22 17:03:42.915 | INFO     | N/A | ⏳ 等待 Profile 更新任务...
2026-07-22 17:03:48.007 | INFO     | N/A | ⏳ 等待 Profile 更新任务...
2026-07-22 17:03:53.050 | INFO     | N/A | ⏳ 等待 Profile 更新任务...
2026-07-22 17:03:58.147 | INFO     | N/A | ⏳ 等待 Profile 更新任务...
2026-07-22 17:04:03.247 | INFO     | N/A | ⏳ 等待 Profile 更新任务...
2026-07-22 17:04:08.274 | INFO     | N/A | ⏳ 等待 Profile 更新任务...
2026-07-22 17:04:13.363 | INFO     | N/A | ⏳ 等待 Profile 更新任务...
2026-07-22 17:04:18.452 | INFO     | N/A | ⏳ 等待 Profile 更新任务...
2026-07-22 17:04:23.484 | INFO     | N/A | ⏳ 等待 Profile 更新任务...
2026-07-22 17:04:28.528 | INFO     | N/A | ⏳ 等待 Profile 更新任务...
2026-07-22 17:04:33.611 | INFO     | N/A | ⏳ 等待 Profile 更新任务...
2026-07-22 17:04:38.670 | INFO     | N/A | ⏳ 等待 Profile 更新任务...
2026-07-22 17:04:43.765 | INFO     | N/A | ⏳ 等待 Profile 更新任务...
2026-07-22 17:04:48.790 | INFO     | N/A | ⏳ 等待 Profile 更新任务...
2026-07-22 17:04:53.824 | INFO     | N/A | ⏳ 等待 Profile 更新任务...
2026-07-22 17:04:58.902 | INFO     | N/A | ⏳ 等待 Profile 更新任务...
2026-07-22 17:05:03.926 | INFO     | N/A | ⏳ 等待 Profile 更新任务...
2026-07-22 17:05:08.954 | INFO     | N/A | ⏳ 等待 Profile 更新任务...
2026-07-22 17:05:13.983 | INFO     | N/A | ⏳ 等待 Profile 更新任务...
2026-07-22 17:05:19.039 | INFO     | N/A | ⏳ 等待 Profile 更新任务...
2026-07-22 17:05:24.081 | INFO     | N/A | ⏳ 等待 Profile 更新任务...
2026-07-22 17:05:29.165 | INFO     | N/A | ⏳ 等待 Profile 更新任务...
2026-07-22 17:05:34.180 | INFO     | N/A | ⏳ 等待 Profile 更新任务...
2026-07-22 17:05:39.217 | INFO     | N/A | ⏳ 等待 Profile 更新任务...
2026-07-22 17:05:44.256 | INFO     | N/A | ⏳ 等待 Profile 更新任务...
2026-07-22 17:05:49.298 | INFO     | N/A | ⏳ 等待 Profile 更新任务...
2026-07-22 17:05:54.327 | INFO     | N/A | ⏳ 等待 Profile 更新任务...
2026-07-22 17:05:59.359 | INFO     | N/A | ⏳ 等待 Profile 更新任务...
2026-07-22 17:06:04.413 | INFO     | N/A | ⏳ 等待 Profile 更新任务...
2026-07-22 17:06:09.435 | INFO     | N/A | ⏳ 等待 Profile 更新任务...
2026-07-22 17:06:14.457 | INFO     | N/A | ⏳ 等待 Profile 更新任务...
2026-07-22 17:06:19.474 | INFO     | N/A | ⏳ 等待 Profile 更新任务...
2026-07-22 17:06:24.510 | INFO     | N/A | ⏳ 等待 Profile 更新任务...
2026-07-22 17:06:29.557 | INFO     | N/A | ⏳ 等待 Profile 更新任务...
2026-07-22 17:06:34.641 | INFO     | N/A | ⏳ 等待 Profile 更新任务...
2026-07-22 17:06:39.679 | INFO     | N/A | ⏳ 等待 Profile 更新任务...
2026-07-22 17:06:44.711 | INFO     | N/A | ⏳ 等待 Profile 更新任务...
2026-07-22 17:06:49.746 | INFO     | N/A | ⏳ 等待 Profile 更新任务...
2026-07-22 17:06:54.776 | INFO     | N/A | ⏳ 等待 Profile 更新任务...
2026-07-22 17:06:59.805 | INFO     | N/A | ⏳ 等待 Profile 更新任务...
2026-07-22 17:07:04.833 | INFO     | N/A | ⏳ 等待 Profile 更新任务...
2026-07-22 17:07:09.862 | INFO     | N/A | ⏳ 等待 Profile 更新任务...
2026-07-22 17:07:14.889 | INFO     | N/A | ⏳ 等待 Profile 更新任务...
2026-07-22 17:07:19.989 | INFO     | N/A | ⏳ 等待 Profile 更新任务...
2026-07-22 17:07:25.015 | INFO     | N/A | ⏳ 等待 Profile 更新任务...
2026-07-22 17:07:30.034 | INFO     | N/A | ⏳ 等待 Profile 更新任务...
2026-07-22 17:07:35.040 | INFO     | N/A | ⏳ 等待 Profile 更新任务...
2026-07-22 17:07:40.089 | INFO     | N/A | ⏳ 等待 Profile 更新任务...
2026-07-22 17:07:45.120 | INFO     | N/A | ⏳ 等待 Profile 更新任务...
2026-07-22 17:07:50.165 | INFO     | N/A | ⏳ 等待 Profile 更新任务...
2026-07-22 17:07:55.227 | INFO     | N/A | ⏳ 等待 Profile 更新任务...
2026-07-22 17:08:00.246 | INFO     | N/A | ⏳ 等待 Profile 更新任务...
2026-07-22 17:08:05.277 | INFO     | N/A | ⏳ 等待 Profile 更新任务...
2026-07-22 17:08:10.308 | INFO     | N/A | ⏳ 等待 Profile 更新任务...
2026-07-22 17:08:15.324 | INFO     | N/A | ⏳ 等待 Profile 更新任务...
2026-07-22 17:08:20.349 | INFO     | N/A | ⏳ 等待 Profile 更新任务...
2026-07-22 17:08:25.384 | INFO     | N/A | ⏳ 等待 Profile 更新任务...
2026-07-22 17:08:30.409 | INFO     | N/A | ⏳ 等待 Profile 更新任务...
2026-07-22 17:08:35.451 | INFO     | N/A | ⏳ 等待 Profile 更新任务...
2026-07-22 17:08:40.487 | INFO     | N/A | ⏳ 等待 Profile 更新任务...
2026-07-22 17:08:45.533 | INFO     | N/A | ⏳ 等待 Profile 更新任务...
2026-07-22 17:08:50.565 | INFO     | N/A | ⏳ 等待 Profile 更新任务...
2026-07-22 17:08:55.600 | INFO     | N/A | ⏳ 等待 Profile 更新任务...
2026-07-22 17:09:00.663 | INFO     | N/A | ⏳ 等待 Profile 更新任务...
2026-07-22 17:09:05.692 | INFO     | N/A | ⏳ 等待 Profile 更新任务...
2026-07-22 17:09:10.729 | INFO     | N/A | ⏳ 等待 Profile 更新任务...
2026-07-22 17:09:15.758 | INFO     | N/A | ⏳ 等待 Profile 更新任务...
2026-07-22 17:09:20.790 | INFO     | N/A | ⏳ 等待 Profile 更新任务...
2026-07-22 17:09:25.826 | INFO     | N/A | ⏳ 等待 Profile 更新任务...
2026-07-22 17:09:30.927 | INFO     | N/A | ⏳ 等待 Profile 更新任务...
2026-07-22 17:09:35.957 | INFO     | N/A | ⏳ 等待 Profile 更新任务...
2026-07-22 17:09:40.982 | INFO     | N/A | ⏳ 等待 Profile 更新任务...
2026-07-22 17:09:46.012 | INFO     | N/A | ⏳ 等待 Profile 更新任务...
2026-07-22 17:09:51.064 | INFO     | N/A | ⏳ 等待 Profile 更新任务...
2026-07-22 17:09:56.120 | INFO     | N/A | ⏳ 等待 Profile 更新任务...
2026-07-22 17:10:01.153 | INFO     | N/A | ⏳ 等待 Profile 更新任务...
2026-07-22 17:10:06.181 | INFO     | N/A | ⏳ 等待 Profile 更新任务...
2026-07-22 17:10:11.209 | INFO     | N/A | ⏳ 等待 Profile 更新任务...
2026-07-22 17:10:16.263 | INFO     | N/A | ⏳ 等待 Profile 更新任务...
2026-07-22 17:10:21.292 | INFO     | N/A | ⏳ 等待 Profile 更新任务...
2026-07-22 17:10:26.356 | INFO     | N/A | ⏳ 等待 Profile 更新任务...
2026-07-22 17:10:31.387 | INFO     | N/A | ⏳ 等待 Profile 更新任务...
2026-07-22 17:10:36.416 | INFO     | N/A | ⏳ 等待 Profile 更新任务...
2026-07-22 17:10:41.444 | INFO     | N/A | ⏳ 等待 Profile 更新任务...
2026-07-22 17:10:46.469 | INFO     | N/A | ⏳ 等待 Profile 更新任务...
2026-07-22 17:10:51.498 | INFO     | N/A | ⏳ 等待 Profile 更新任务...
2026-07-22 17:10:56.528 | INFO     | N/A | ⏳ 等待 Profile 更新任务...
2026-07-22 17:11:01.557 | INFO     | N/A | ⏳ 等待 Profile 更新任务...
2026-07-22 17:11:06.586 | INFO     | N/A | ⏳ 等待 Profile 更新任务...
2026-07-22 17:11:11.630 | INFO     | N/A | ⏳ 等待 Profile 更新任务...
2026-07-22 17:11:16.664 | INFO     | N/A | ⏳ 等待 Profile 更新任务...
2026-07-22 17:11:21.696 | INFO     | N/A | ⏳ 等待 Profile 更新任务...
2026-07-22 17:11:26.725 | INFO     | N/A | ⏳ 等待 Profile 更新任务...
2026-07-22 17:11:31.766 | INFO     | N/A | ⏳ 等待 Profile 更新任务...
2026-07-22 17:11:36.799 | INFO     | N/A | ⏳ 等待 Profile 更新任务...
2026-07-22 17:11:41.827 | INFO     | N/A | ⏳ 等待 Profile 更新任务...
2026-07-22 17:11:46.866 | INFO     | N/A | ⏳ 等待 Profile 更新任务...
2026-07-22 17:11:51.905 | INFO     | N/A | ⏳ 等待 Profile 更新任务...
2026-07-22 17:11:56.970 | INFO     | N/A | ⏳ 等待 Profile 更新任务...
2026-07-22 17:12:02.000 | INFO     | N/A | ⏳ 等待 Profile 更新任务...
2026-07-22 17:12:07.036 | INFO     | N/A | ⏳ 等待 Profile 更新任务...
2026-07-22 17:12:12.071 | INFO     | N/A | ⏳ 等待 Profile 更新任务...
2026-07-22 17:12:17.105 | INFO     | N/A | ⏳ 等待 Profile 更新任务...
2026-07-22 17:12:22.152 | INFO     | N/A | ⏳ 等待 Profile 更新任务...
2026-07-22 17:12:27.197 | INFO     | N/A | ⏳ 等待 Profile 更新任务...
2026-07-22 17:12:32.231 | INFO     | N/A | ⏳ 等待 Profile 更新任务...
2026-07-22 17:12:37.263 | INFO     | N/A | ⏳ 等待 Profile 更新任务...
2026-07-22 17:12:42.300 | INFO     | N/A | ⏳ 等待 Profile 更新任务...
2026-07-22 17:12:47.331 | INFO     | N/A | ⏳ 等待 Profile 更新任务...
2026-07-22 17:12:52.363 | INFO     | N/A | ⏳ 等待 Profile 更新任务...
2026-07-22 17:12:57.398 | INFO     | N/A | ⏳ 等待 Profile 更新任务...
2026-07-22 17:13:02.431 | INFO     | N/A | ⏳ 等待 Profile 更新任务...
2026-07-22 17:13:07.464 | INFO     | N/A | ⏳ 等待 Profile 更新任务...
2026-07-22 17:13:12.489 | INFO     | N/A | ⏳ 等待 Profile 更新任务...
2026-07-22 17:13:17.516 | INFO     | N/A | ⏳ 等待 Profile 更新任务...
2026-07-22 17:13:22.542 | INFO     | N/A | ⏳ 等待 Profile 更新任务...
2026-07-22 17:13:27.576 | INFO     | N/A | ⏳ 等待 Profile 更新任务...
2026-07-22 17:13:32.602 | INFO     | N/A | ⏳ 等待 Profile 更新任务...
2026-07-22 17:13:37.635 | INFO     | N/A | ⏳ 等待 Profile 更新任务...
2026-07-22 17:13:42.667 | INFO     | N/A | ⏳ 等待 Profile 更新任务...
2026-07-22 17:13:47.729 | INFO     | N/A | ⏳ 等待 Profile 更新任务...
2026-07-22 17:13:52.755 | INFO     | N/A | ⏳ 等待 Profile 更新任务...
2026-07-22 17:13:57.790 | INFO     | N/A | ⏳ 等待 Profile 更新任务...
2026-07-22 17:14:02.818 | INFO     | N/A | ⏳ 等待 Profile 更新任务...
2026-07-22 17:14:07.865 | INFO     | N/A | ⏳ 等待 Profile 更新任务...
2026-07-22 17:14:12.894 | INFO     | N/A | ⏳ 等待 Profile 更新任务...
2026-07-22 17:14:17.939 | INFO     | N/A | ⏳ 等待 Profile 更新任务...
2026-07-22 17:14:22.963 | INFO     | N/A | ⏳ 等待 Profile 更新任务...
2026-07-22 17:14:27.998 | INFO     | N/A | ⏳ 等待 Profile 更新任务...
2026-07-22 17:14:33.032 | INFO     | N/A | ⏳ 等待 Profile 更新任务...
2026-07-22 17:14:38.060 | INFO     | N/A | ⏳ 等待 Profile 更新任务...
2026-07-22 17:14:43.094 | INFO     | N/A | ⏳ 等待 Profile 更新任务...
2026-07-22 17:14:48.143 | INFO     | N/A | ⏳ 等待 Profile 更新任务...
2026-07-22 17:14:53.169 | INFO     | N/A | ⏳ 等待 Profile 更新任务...
2026-07-22 17:14:58.229 | INFO     | N/A | ⏳ 等待 Profile 更新任务...
2026-07-22 17:15:03.255 | INFO     | N/A | ⏳ 等待 Profile 更新任务...
2026-07-22 17:15:08.290 | INFO     | N/A | ⏳ 等待 Profile 更新任务...
2026-07-22 17:15:13.320 | INFO     | N/A | ⏳ 等待 Profile 更新任务...
2026-07-22 17:15:18.342 | INFO     | N/A | ⏳ 等待 Profile 更新任务...
2026-07-22 17:15:23.439 | INFO     | N/A | ⏳ 等待 Profile 更新任务...
2026-07-22 17:15:28.487 | INFO     | N/A | ⏳ 等待 Profile 更新任务...
2026-07-22 17:15:33.548 | INFO     | N/A | ⏳ 等待 Profile 更新任务...
2026-07-22 17:15:38.605 | INFO     | N/A | ⏳ 等待 Profile 更新任务...
2026-07-22 17:15:43.681 | INFO     | N/A | ⏳ 等待 Profile 更新任务...
2026-07-22 17:15:48.753 | INFO     | N/A | ⏳ 等待 Profile 更新任务...
2026-07-22 17:15:53.783 | INFO     | N/A | ⏳ 等待 Profile 更新任务...
2026-07-22 17:15:58.867 | INFO     | N/A | ⏳ 等待 Profile 更新任务...
2026-07-22 17:16:03.895 | INFO     | N/A | ⏳ 等待 Profile 更新任务...
2026-07-22 17:16:08.986 | INFO     | N/A | ⏳ 等待 Profile 更新任务...
2026-07-22 17:16:14.019 | INFO     | N/A | ⏳ 等待 Profile 更新任务...
2026-07-22 17:16:19.061 | INFO     | N/A | ⏳ 等待 Profile 更新任务...
2026-07-22 17:16:24.095 | INFO     | N/A | ⏳ 等待 Profile 更新任务...
2026-07-22 17:16:29.147 | INFO     | N/A | ⏳ 等待 Profile 更新任务...
2026-07-22 17:16:34.182 | INFO     | N/A | ⏳ 等待 Profile 更新任务...
2026-07-22 17:16:39.213 | INFO     | N/A | ⏳ 等待 Profile 更新任务...
2026-07-22 17:16:44.243 | INFO     | N/A | ⏳ 等待 Profile 更新任务...
2026-07-22 17:16:49.263 | INFO     | N/A | ⏳ 等待 Profile 更新任务...
2026-07-22 17:16:54.293 | INFO     | N/A | ⏳ 等待 Profile 更新任务...
2026-07-22 17:16:59.318 | INFO     | N/A | ⏳ 等待 Profile 更新任务...
2026-07-22 17:17:04.346 | INFO     | N/A | ⏳ 等待 Profile 更新任务...
2026-07-22 17:17:09.353 | INFO     | N/A | ⏳ 等待 Profile 更新任务...
2026-07-22 17:17:14.406 | INFO     | N/A | ⏳ 等待 Profile 更新任务...
2026-07-22 17:17:19.460 | INFO     | N/A | ⏳ 等待 Profile 更新任务...
2026-07-22 17:17:24.477 | INFO     | N/A | ⏳ 等待 Profile 更新任务...
2026-07-22 17:17:29.583 | INFO     | N/A | ⏳ 等待 Profile 更新任务...
2026-07-22 17:17:34.611 | INFO     | N/A | ⏳ 等待 Profile 更新任务...
2026-07-22 17:17:39.707 | INFO     | N/A | ⏳ 等待 Profile 更新任务...
2026-07-22 17:17:44.760 | INFO     | N/A | ⏳ 等待 Profile 更新任务...
2026-07-22 17:17:49.856 | INFO     | N/A | ⏳ 等待 Profile 更新任务...
2026-07-22 17:17:54.955 | INFO     | N/A | ⏳ 等待 Profile 更新任务...
2026-07-22 17:17:59.988 | INFO     | N/A | ⏳ 等待 Profile 更新任务...
2026-07-22 17:18:05.017 | INFO     | N/A | ⏳ 等待 Profile 更新任务...
2026-07-22 17:18:10.056 | INFO     | N/A | ⏳ 等待 Profile 更新任务...
2026-07-22 17:18:15.137 | INFO     | N/A | ⏳ 等待 Profile 更新任务...
2026-07-22 17:18:20.202 | INFO     | N/A | ⏳ 等待 Profile 更新任务...
2026-07-22 17:18:25.273 | INFO     | N/A | ⏳ 等待 Profile 更新任务...
2026-07-22 17:18:30.322 | INFO     | N/A | ⏳ 等待 Profile 更新任务...
2026-07-22 17:18:35.393 | INFO     | N/A | ⏳ 等待 Profile 更新任务...
2026-07-22 17:18:40.418 | INFO     | N/A | ⏳ 等待 Profile 更新任务...
2026-07-22 17:18:45.445 | INFO     | N/A | ⏳ 等待 Profile 更新任务...
2026-07-22 17:18:50.548 | INFO     | N/A | ⏳ 等待 Profile 更新任务...
2026-07-22 17:18:55.580 | INFO     | N/A | ⏳ 等待 Profile 更新任务...
2026-07-22 17:19:00.607 | INFO     | N/A | ⏳ 等待 Profile 更新任务...
2026-07-22 17:19:05.649 | INFO     | N/A | ⏳ 等待 Profile 更新任务...
2026-07-22 17:19:10.696 | INFO     | N/A | ⏳ 等待 Profile 更新任务...
2026-07-22 17:19:15.732 | INFO     | N/A | ⏳ 等待 Profile 更新任务...
2026-07-22 17:19:20.790 | INFO     | N/A | ⏳ 等待 Profile 更新任务...
2026-07-22 17:19:25.818 | INFO     | N/A | ⏳ 等待 Profile 更新任务...
2026-07-22 17:19:30.851 | INFO     | N/A | ⏳ 等待 Profile 更新任务...
2026-07-22 17:19:35.926 | INFO     | N/A | ⏳ 等待 Profile 更新任务...
2026-07-22 17:19:40.987 | INFO     | N/A | ⏳ 等待 Profile 更新任务...
2026-07-22 17:19:46.019 | INFO     | N/A | ⏳ 等待 Profile 更新任务...
2026-07-22 17:19:51.085 | INFO     | N/A | ⏳ 等待 Profile 更新任务...
2026-07-22 17:19:56.161 | INFO     | N/A | ⏳ 等待 Profile 更新任务...
2026-07-22 17:20:01.192 | INFO     | N/A | ⏳ 等待 Profile 更新任务...
2026-07-22 17:20:06.226 | INFO     | N/A | ⏳ 等待 Profile 更新任务...
2026-07-22 17:20:11.257 | INFO     | N/A | ⏳ 等待 Profile 更新任务...
2026-07-22 17:20:16.295 | INFO     | N/A | ⏳ 等待 Profile 更新任务...
2026-07-22 17:20:21.356 | INFO     | N/A | ⏳ 等待 Profile 更新任务...
2026-07-22 17:20:26.399 | INFO     | N/A | ⏳ 等待 Profile 更新任务...
2026-07-22 17:20:31.435 | INFO     | N/A | ⏳ 等待 Profile 更新任务...
2026-07-22 17:20:36.473 | INFO     | N/A | ⏳ 等待 Profile 更新任务...
2026-07-22 17:20:41.514 | INFO     | N/A | ⏳ 等待 Profile 更新任务...
2026-07-22 17:20:46.541 | INFO     | N/A | ⏳ 等待 Profile 更新任务...
2026-07-22 17:20:51.568 | INFO     | N/A | ⏳ 等待 Profile 更新任务...
2026-07-22 17:20:56.600 | INFO     | N/A | ⏳ 等待 Profile 更新任务...
2026-07-22 17:21:01.644 | INFO     | N/A | ⏳ 等待 Profile 更新任务...
2026-07-22 17:21:06.674 | INFO     | N/A | ⏳ 等待 Profile 更新任务...
2026-07-22 17:21:11.701 | INFO     | N/A | ⏳ 等待 Profile 更新任务...
2026-07-22 17:21:16.712 | INFO     | N/A | ⏳ 等待 Profile 更新任务...
2026-07-22 17:21:21.737 | INFO     | N/A | ⏳ 等待 Profile 更新任务...
2026-07-22 17:21:26.772 | INFO     | N/A | ⏳ 等待 Profile 更新任务...
2026-07-22 17:21:31.815 | INFO     | N/A | ⏳ 等待 Profile 更新任务...
2026-07-22 17:21:36.892 | INFO     | N/A | ⏳ 等待 Profile 更新任务...
2026-07-22 17:21:41.944 | INFO     | N/A | ⏳ 等待 Profile 更新任务...
2026-07-22 17:21:46.965 | INFO     | N/A | ⏳ 等待 Profile 更新任务...
2026-07-22 17:21:51.988 | INFO     | N/A | ⏳ 等待 Profile 更新任务...
2026-07-22 17:21:57.008 | INFO     | N/A | ⏳ 等待 Profile 更新任务...
2026-07-22 17:22:02.035 | INFO     | N/A | ⏳ 等待 Profile 更新任务...
2026-07-22 17:22:07.066 | INFO     | N/A | ⏳ 等待 Profile 更新任务...
2026-07-22 17:22:12.218 | INFO     | N/A | ⏳ 等待 Profile 更新任务...
2026-07-22 17:22:17.229 | INFO     | N/A | ⏳ 等待 Profile 更新任务...
2026-07-22 17:22:22.258 | INFO     | N/A | ⏳ 等待 Profile 更新任务...
2026-07-22 17:22:27.287 | INFO     | N/A | ⏳ 等待 Profile 更新任务...
2026-07-22 17:22:32.318 | INFO     | N/A | ⏳ 等待 Profile 更新任务...
2026-07-22 17:22:37.362 | INFO     | N/A | ⏳ 等待 Profile 更新任务...
2026-07-22 17:22:42.396 | INFO     | N/A | ⏳ 等待 Profile 更新任务...
2026-07-22 17:22:47.424 | INFO     | N/A | ⏳ 等待 Profile 更新任务...
2026-07-22 17:22:52.457 | INFO     | N/A | ⏳ 等待 Profile 更新任务...
2026-07-22 17:22:57.506 | INFO     | N/A | ⏳ 等待 Profile 更新任务...
2026-07-22 17:23:02.536 | INFO     | N/A | ⏳ 等待 Profile 更新任务...
2026-07-22 17:23:07.628 | INFO     | N/A | ⏳ 等待 Profile 更新任务...
2026-07-22 17:23:12.679 | INFO     | N/A | ⏳ 等待 Profile 更新任务...
2026-07-22 17:23:17.712 | INFO     | N/A | ⏳ 等待 Profile 更新任务...
2026-07-22 17:23:22.762 | INFO     | N/A | ⏳ 等待 Profile 更新任务...
2026-07-22 17:23:27.790 | INFO     | N/A | ⏳ 等待 Profile 更新任务...
2026-07-22 17:23:32.811 | INFO     | N/A | ⏳ 等待 Profile 更新任务...
2026-07-22 17:23:37.870 | INFO     | N/A | ⏳ 等待 Profile 更新任务...
2026-07-22 17:23:42.896 | INFO     | N/A | ⏳ 等待 Profile 更新任务...
2026-07-22 17:23:47.927 | INFO     | N/A | ⏳ 等待 Profile 更新任务...
2026-07-22 17:23:52.955 | INFO     | N/A | ⏳ 等待 Profile 更新任务...
2026-07-22 17:23:57.985 | INFO     | N/A | ⏳ 等待 Profile 更新任务...
2026-07-22 17:24:03.012 | INFO     | N/A | ⏳ 等待 Profile 更新任务...
2026-07-22 17:24:08.039 | INFO     | N/A | ⏳ 等待 Profile 更新任务...
2026-07-22 17:24:13.064 | INFO     | N/A | ⏳ 等待 Profile 更新任务...
2026-07-22 17:24:18.128 | INFO     | N/A | ⏳ 等待 Profile 更新任务...
2026-07-22 17:24:23.155 | INFO     | N/A | ⏳ 等待 Profile 更新任务...
2026-07-22 17:24:28.190 | INFO     | N/A | ⏳ 等待 Profile 更新任务...
2026-07-22 17:24:33.219 | INFO     | N/A | ⏳ 等待 Profile 更新任务...
2026-07-22 17:24:38.245 | INFO     | N/A | ⏳ 等待 Profile 更新任务...
2026-07-22 17:24:43.305 | INFO     | N/A | ⏳ 等待 Profile 更新任务...
2026-07-22 17:24:48.345 | INFO     | N/A | ⏳ 等待 Profile 更新任务...
2026-07-22 17:24:53.378 | INFO     | N/A | ⏳ 等待 Profile 更新任务...
2026-07-22 17:24:58.445 | INFO     | N/A | ⏳ 等待 Profile 更新任务...
2026-07-22 17:25:03.482 | INFO     | N/A | ⏳ 等待 Profile 更新任务...
2026-07-22 17:25:08.517 | INFO     | N/A | ⏳ 等待 Profile 更新任务...
2026-07-22 17:25:13.554 | INFO     | N/A | ⏳ 等待 Profile 更新任务...
2026-07-22 17:25:18.584 | INFO     | N/A | ⏳ 等待 Profile 更新任务...
2026-07-22 17:25:23.618 | INFO     | N/A | ⏳ 等待 Profile 更新任务...
2026-07-22 17:25:28.659 | INFO     | N/A | ⏳ 等待 Profile 更新任务...
2026-07-22 17:25:33.675 | INFO     | N/A | ⏳ 等待 Profile 更新任务...
2026-07-22 17:25:38.709 | INFO     | N/A | ⏳ 等待 Profile 更新任务...
2026-07-22 17:25:43.745 | INFO     | N/A | ⏳ 等待 Profile 更新任务...
2026-07-22 17:25:48.770 | INFO     | N/A | ⏳ 等待 Profile 更新任务...
2026-07-22 17:25:53.801 | INFO     | N/A | ⏳ 等待 Profile 更新任务...
2026-07-22 17:25:58.837 | INFO     | N/A | ⏳ 等待 Profile 更新任务...
2026-07-22 17:26:03.873 | INFO     | N/A | ⏳ 等待 Profile 更新任务...
2026-07-22 17:26:08.903 | INFO     | N/A | ⏳ 等待 Profile 更新任务...
2026-07-22 17:26:13.930 | INFO     | N/A | ⏳ 等待 Profile 更新任务...
2026-07-22 17:26:18.959 | INFO     | N/A | ⏳ 等待 Profile 更新任务...
2026-07-22 17:26:23.986 | INFO     | N/A | ⏳ 等待 Profile 更新任务...
2026-07-22 17:26:29.022 | INFO     | N/A | ⏳ 等待 Profile 更新任务...
2026-07-22 17:26:34.055 | INFO     | N/A | ⏳ 等待 Profile 更新任务...
2026-07-22 17:26:39.082 | INFO     | N/A | ⏳ 等待 Profile 更新任务...
2026-07-22 17:26:44.111 | INFO     | N/A | ⏳ 等待 Profile 更新任务...
2026-07-22 17:26:49.137 | INFO     | N/A | ⏳ 等待 Profile 更新任务...
2026-07-22 17:26:54.162 | INFO     | N/A | ⏳ 等待 Profile 更新任务...
2026-07-22 17:26:59.235 | INFO     | N/A | ⏳ 等待 Profile 更新任务...
2026-07-22 17:27:04.264 | INFO     | N/A | ⏳ 等待 Profile 更新任务...
2026-07-22 17:27:09.291 | INFO     | N/A | ⏳ 等待 Profile 更新任务...
2026-07-22 17:27:14.320 | INFO     | N/A | ⏳ 等待 Profile 更新任务...
2026-07-22 17:27:19.351 | INFO     | N/A | ⏳ 等待 Profile 更新任务...
2026-07-22 17:27:24.378 | INFO     | N/A | ⏳ 等待 Profile 更新任务...
2026-07-22 17:27:29.407 | INFO     | N/A | ⏳ 等待 Profile 更新任务...
2026-07-22 17:27:34.441 | INFO     | N/A | ⏳ 等待 Profile 更新任务...
2026-07-22 17:27:39.532 | INFO     | N/A | ⏳ 等待 Profile 更新任务...
2026-07-22 17:27:44.558 | INFO     | N/A | ⏳ 等待 Profile 更新任务...
2026-07-22 17:27:49.595 | INFO     | N/A | ⏳ 等待 Profile 更新任务...
2026-07-22 17:27:54.651 | INFO     | N/A | ⏳ 等待 Profile 更新任务...
2026-07-22 17:27:59.684 | INFO     | N/A | ⏳ 等待 Profile 更新任务...
2026-07-22 17:28:04.713 | INFO     | N/A | ⏳ 等待 Profile 更新任务...
2026-07-22 17:28:09.741 | INFO     | N/A | ⏳ 等待 Profile 更新任务...
2026-07-22 17:28:14.774 | INFO     | N/A | ⏳ 等待 Profile 更新任务...
2026-07-22 17:28:19.808 | INFO     | N/A | ⏳ 等待 Profile 更新任务...
2026-07-22 17:28:24.847 | INFO     | N/A | ⏳ 等待 Profile 更新任务...
2026-07-22 17:28:29.884 | INFO     | N/A | ⏳ 等待 Profile 更新任务...
2026-07-22 17:28:34.918 | INFO     | N/A | ⏳ 等待 Profile 更新任务...
2026-07-22 17:28:39.955 | INFO     | N/A | ⏳ 等待 Profile 更新任务...
2026-07-22 17:28:45.003 | INFO     | N/A | ⏳ 等待 Profile 更新任务...
2026-07-22 17:28:50.041 | INFO     | N/A | ⏳ 等待 Profile 更新任务...
2026-07-22 17:28:55.078 | INFO     | N/A | ⏳ 等待 Profile 更新任务...
2026-07-22 17:29:00.114 | INFO     | N/A | ⏳ 等待 Profile 更新任务...
2026-07-22 17:29:05.145 | INFO     | N/A | ⏳ 等待 Profile 更新任务...
2026-07-22 17:29:10.196 | INFO     | N/A | ⏳ 等待 Profile 更新任务...
2026-07-22 17:29:15.231 | INFO     | N/A | ⏳ 等待 Profile 更新任务...
2026-07-22 17:29:20.262 | INFO     | N/A | ⏳ 等待 Profile 更新任务...
2026-07-22 17:29:25.291 | INFO     | N/A | ⏳ 等待 Profile 更新任务...
2026-07-22 17:29:30.324 | INFO     | N/A | ⏳ 等待 Profile 更新任务...
2026-07-22 17:29:35.356 | INFO     | N/A | ⏳ 等待 Profile 更新任务...
2026-07-22 17:29:40.419 | INFO     | N/A | ⏳ 等待 Profile 更新任务...
2026-07-22 17:29:45.458 | INFO     | N/A | ⏳ 等待 Profile 更新任务...
2026-07-22 17:29:50.490 | INFO     | N/A | ⏳ 等待 Profile 更新任务...
2026-07-22 17:29:55.522 | INFO     | N/A | ⏳ 等待 Profile 更新任务...
2026-07-22 17:30:00.552 | INFO     | N/A | ⏳ 等待 Profile 更新任务...
2026-07-22 17:30:05.579 | INFO     | N/A | ⏳ 等待 Profile 更新任务...
2026-07-22 17:30:10.610 | INFO     | N/A | ⏳ 等待 Profile 更新任务...
2026-07-22 17:30:15.636 | INFO     | N/A | ⏳ 等待 Profile 更新任务...
2026-07-22 17:30:20.662 | INFO     | N/A | ⏳ 等待 Profile 更新任务...
2026-07-22 17:30:25.694 | INFO     | N/A | ⏳ 等待 Profile 更新任务...
2026-07-22 17:30:30.725 | INFO     | N/A | ⏳ 等待 Profile 更新任务...
2026-07-22 17:30:35.758 | INFO     | N/A | ⏳ 等待 Profile 更新任务...
2026-07-22 17:30:40.785 | INFO     | N/A | ⏳ 等待 Profile 更新任务...
2026-07-22 17:30:45.813 | INFO     | N/A | ⏳ 等待 Profile 更新任务...
2026-07-22 17:30:50.854 | INFO     | N/A | ⏳ 等待 Profile 更新任务...
2026-07-22 17:30:55.879 | INFO     | N/A | ⏳ 等待 Profile 更新任务...
2026-07-22 17:31:00.904 | INFO     | N/A | ⏳ 等待 Profile 更新任务...
2026-07-22 17:31:05.936 | INFO     | N/A | ⏳ 等待 Profile 更新任务...
2026-07-22 17:31:10.969 | INFO     | N/A | ⏳ 等待 Profile 更新任务...
2026-07-22 17:31:15.999 | INFO     | N/A | ⏳ 等待 Profile 更新任务...
2026-07-22 17:31:21.027 | INFO     | N/A | ⏳ 等待 Profile 更新任务...
2026-07-22 17:31:26.060 | INFO     | N/A | ⏳ 等待 Profile 更新任务...
2026-07-22 17:31:31.113 | INFO     | N/A | ⏳ 等待 Profile 更新任务...
2026-07-22 17:31:36.176 | INFO     | N/A | ⏳ 等待 Profile 更新任务...
2026-07-22 17:31:41.248 | INFO     | N/A | ⏳ 等待 Profile 更新任务...
2026-07-22 17:31:46.305 | INFO     | N/A | ⏳ 等待 Profile 更新任务...
2026-07-22 17:31:51.354 | INFO     | N/A | ⏳ 等待 Profile 更新任务...
2026-07-22 17:31:56.391 | INFO     | N/A | ⏳ 等待 Profile 更新任务...
2026-07-22 17:32:01.419 | INFO     | N/A | ⏳ 等待 Profile 更新任务...
2026-07-22 17:32:06.569 | INFO     | N/A | ⏳ 等待 Profile 更新任务...
2026-07-22 17:32:11.601 | INFO     | N/A | ⏳ 等待 Profile 更新任务...
2026-07-22 17:32:16.661 | INFO     | N/A | ⏳ 等待 Profile 更新任务...
2026-07-22 17:32:21.740 | INFO     | N/A | ⏳ 等待 Profile 更新任务...
2026-07-22 17:32:26.780 | INFO     | N/A | ⏳ 等待 Profile 更新任务...
2026-07-22 17:32:31.810 | INFO     | N/A | ⏳ 等待 Profile 更新任务...
2026-07-22 17:32:36.848 | INFO     | N/A | ⏳ 等待 Profile 更新任务...
2026-07-22 17:32:41.896 | INFO     | N/A | ⏳ 等待 Profile 更新任务...
2026-07-22 17:32:46.938 | INFO     | N/A | ⏳ 等待 Profile 更新任务...
2026-07-22 17:32:51.981 | INFO     | N/A | ⏳ 等待 Profile 更新任务...
2026-07-22 17:32:57.022 | INFO     | N/A | ⏳ 等待 Profile 更新任务...
2026-07-22 17:33:02.108 | INFO     | N/A | ⏳ 等待 Profile 更新任务...
2026-07-22 17:33:07.151 | INFO     | N/A | ⏳ 等待 Profile 更新任务...
2026-07-22 17:33:12.226 | INFO     | N/A | ⏳ 等待 Profile 更新任务...
2026-07-22 17:33:17.257 | INFO     | N/A | ⏳ 等待 Profile 更新任务...
2026-07-22 17:33:22.353 | INFO     | N/A | ⏳ 等待 Profile 更新任务...
2026-07-22 17:33:27.415 | INFO     | N/A | ⏳ 等待 Profile 更新任务...
2026-07-22 17:33:32.457 | INFO     | N/A | ⏳ 等待 Profile 更新任务...
2026-07-22 17:33:37.752 | INFO     | N/A | ⏳ 等待 Profile 更新任务...
2026-07-22 17:33:42.776 | INFO     | N/A | ⏳ 等待 Profile 更新任务...
2026-07-22 17:33:47.805 | INFO     | N/A | ⏳ 等待 Profile 更新任务...
2026-07-22 17:33:52.834 | INFO     | N/A | ⏳ 等待 Profile 更新任务...
2026-07-22 17:33:57.881 | INFO     | N/A | ⏳ 等待 Profile 更新任务...
2026-07-22 17:34:02.923 | INFO     | N/A | ⏳ 等待 Profile 更新任务...
2026-07-22 17:34:07.957 | INFO     | N/A | ⏳ 等待 Profile 更新任务...
2026-07-22 17:34:12.995 | INFO     | N/A | ⏳ 等待 Profile 更新任务...
2026-07-22 17:34:18.025 | INFO     | N/A | ⏳ 等待 Profile 更新任务...
2026-07-22 17:34:23.091 | INFO     | N/A | ⏳ 等待 Profile 更新任务...
2026-07-22 17:34:28.121 | INFO     | N/A | ⏳ 等待 Profile 更新任务...
2026-07-22 17:34:33.173 | INFO     | N/A | ⏳ 等待 Profile 更新任务...
2026-07-22 17:34:38.216 | INFO     | N/A | ⏳ 等待 Profile 更新任务...
2026-07-22 17:34:43.249 | INFO     | N/A | ⏳ 等待 Profile 更新任务...
2026-07-22 17:34:48.279 | INFO     | N/A | ⏳ 等待 Profile 更新任务...
2026-07-22 17:34:53.310 | INFO     | N/A | ⏳ 等待 Profile 更新任务...
2026-07-22 17:34:58.343 | INFO     | N/A | ⏳ 等待 Profile 更新任务...
2026-07-22 17:35:03.378 | INFO     | N/A | ⏳ 等待 Profile 更新任务...
2026-07-22 17:35:08.422 | INFO     | N/A | ⏳ 等待 Profile 更新任务...
2026-07-22 17:35:13.487 | INFO     | N/A | ⏳ 等待 Profile 更新任务...
2026-07-22 17:35:18.520 | INFO     | N/A | ⏳ 等待 Profile 更新任务...
2026-07-22 17:35:23.550 | INFO     | N/A | ⏳ 等待 Profile 更新任务...
2026-07-22 17:35:28.644 | INFO     | N/A | ⏳ 等待 Profile 更新任务...
2026-07-22 17:35:33.701 | INFO     | N/A | ⏳ 等待 Profile 更新任务...
2026-07-22 17:35:38.732 | INFO     | N/A | ⏳ 等待 Profile 更新任务...
2026-07-22 17:35:43.759 | INFO     | N/A | ⏳ 等待 Profile 更新任务...
2026-07-22 17:35:48.795 | INFO     | N/A | ⏳ 等待 Profile 更新任务...
2026-07-22 17:35:53.829 | INFO     | N/A | ⏳ 等待 Profile 更新任务...
2026-07-22 17:35:58.888 | INFO     | N/A | ⏳ 等待 Profile 更新任务...
2026-07-22 17:36:03.933 | INFO     | N/A | ⏳ 等待 Profile 更新任务...
2026-07-22 17:36:08.992 | INFO     | N/A | ⏳ 等待 Profile 更新任务...
2026-07-22 17:36:14.018 | INFO     | N/A | ⏳ 等待 Profile 更新任务...
2026-07-22 17:36:19.053 | INFO     | N/A | ⏳ 等待 Profile 更新任务...
2026-07-22 17:36:24.153 | INFO     | N/A | ⏳ 等待 Profile 更新任务...
2026-07-22 17:36:29.253 | INFO     | N/A | ⏳ 等待 Profile 更新任务...
2026-07-22 17:36:34.309 | INFO     | N/A | ⏳ 等待 Profile 更新任务...
2026-07-22 17:36:39.337 | INFO     | N/A | ⏳ 等待 Profile 更新任务...
2026-07-22 17:36:44.375 | INFO     | N/A | ⏳ 等待 Profile 更新任务...
2026-07-22 17:36:49.412 | INFO     | N/A | ⏳ 等待 Profile 更新任务...
2026-07-22 17:36:54.441 | INFO     | N/A | ⏳ 等待 Profile 更新任务...
2026-07-22 17:36:59.472 | INFO     | N/A | ⏳ 等待 Profile 更新任务...
2026-07-22 17:37:04.504 | INFO     | N/A | ⏳ 等待 Profile 更新任务...
2026-07-22 17:37:09.532 | INFO     | N/A | ⏳ 等待 Profile 更新任务...
2026-07-22 17:37:14.564 | INFO     | N/A | ⏳ 等待 Profile 更新任务...
2026-07-22 17:37:19.593 | INFO     | N/A | ⏳ 等待 Profile 更新任务...
2026-07-22 17:37:24.625 | INFO     | N/A | ⏳ 等待 Profile 更新任务...
2026-07-22 17:37:29.660 | INFO     | N/A | ⏳ 等待 Profile 更新任务...
2026-07-22 17:37:34.689 | INFO     | N/A | ⏳ 等待 Profile 更新任务...
2026-07-22 17:37:39.756 | INFO     | N/A | ⏳ 等待 Profile 更新任务...
2026-07-22 17:37:44.810 | INFO     | N/A | ⏳ 等待 Profile 更新任务...
2026-07-22 17:37:49.842 | INFO     | N/A | ⏳ 等待 Profile 更新任务...
2026-07-22 17:37:54.879 | INFO     | N/A | ⏳ 等待 Profile 更新任务...
2026-07-22 17:37:59.907 | INFO     | N/A | ⏳ 等待 Profile 更新任务...
2026-07-22 17:38:05.013 | INFO     | N/A | ⏳ 等待 Profile 更新任务...
2026-07-22 17:38:10.071 | INFO     | N/A | ⏳ 等待 Profile 更新任务...
2026-07-22 17:38:15.102 | INFO     | N/A | ⏳ 等待 Profile 更新任务...
2026-07-22 17:38:20.133 | INFO     | N/A | ⏳ 等待 Profile 更新任务...
2026-07-22 17:38:25.175 | INFO     | N/A | ⏳ 等待 Profile 更新任务...
2026-07-22 17:38:30.254 | INFO     | N/A | ⏳ 等待 Profile 更新任务...
2026-07-22 17:38:35.282 | INFO     | N/A | ⏳ 等待 Profile 更新任务...
2026-07-22 17:38:40.356 | INFO     | N/A | ⏳ 等待 Profile 更新任务...
2026-07-22 17:38:45.411 | INFO     | N/A | ⏳ 等待 Profile 更新任务...
2026-07-22 17:38:50.441 | INFO     | N/A | ⏳ 等待 Profile 更新任务...
2026-07-22 17:38:55.468 | INFO     | N/A | ⏳ 等待 Profile 更新任务...
2026-07-22 17:39:00.501 | INFO     | N/A | ⏳ 等待 Profile 更新任务...
2026-07-22 17:39:05.531 | INFO     | N/A | ⏳ 等待 Profile 更新任务...
2026-07-22 17:39:10.571 | INFO     | N/A | ⏳ 等待 Profile 更新任务...
2026-07-22 17:39:15.626 | INFO     | N/A | ⏳ 等待 Profile 更新任务...
2026-07-22 17:39:20.710 | INFO     | N/A | ⏳ 等待 Profile 更新任务...
2026-07-22 17:39:25.752 | INFO     | N/A | ⏳ 等待 Profile 更新任务...
2026-07-22 17:39:30.772 | INFO     | N/A | ⏳ 等待 Profile 更新任务...
2026-07-22 17:39:35.810 | INFO     | N/A | ⏳ 等待 Profile 更新任务...
2026-07-22 17:39:40.817 | INFO     | N/A | ⏳ 等待 Profile 更新任务...
2026-07-22 17:39:45.845 | INFO     | N/A | ⏳ 等待 Profile 更新任务...
2026-07-22 17:39:50.926 | INFO     | N/A | ⏳ 等待 Profile 更新任务...
2026-07-22 17:39:55.950 | INFO     | N/A | ⏳ 等待 Profile 更新任务...
2026-07-22 17:40:00.979 | INFO     | N/A | ⏳ 等待 Profile 更新任务...
2026-07-22 17:40:06.007 | INFO     | N/A | ⏳ 等待 Profile 更新任务...
2026-07-22 17:40:11.036 | INFO     | N/A | ⏳ 等待 Profile 更新任务...
2026-07-22 17:40:16.065 | INFO     | N/A | ⏳ 等待 Profile 更新任务...
2026-07-22 17:40:21.102 | INFO     | N/A | ⏳ 等待 Profile 更新任务...
2026-07-22 17:40:26.133 | INFO     | N/A | ⏳ 等待 Profile 更新任务...
2026-07-22 17:40:31.170 | INFO     | N/A | ⏳ 等待 Profile 更新任务...
2026-07-22 17:40:36.207 | INFO     | N/A | ⏳ 等待 Profile 更新任务...
2026-07-22 17:40:41.242 | INFO     | N/A | ⏳ 等待 Profile 更新任务...
2026-07-22 17:40:46.273 | INFO     | N/A | ⏳ 等待 Profile 更新任务...
2026-07-22 17:40:51.298 | INFO     | N/A | ⏳ 等待 Profile 更新任务...
2026-07-22 17:40:56.328 | INFO     | N/A | ⏳ 等待 Profile 更新任务...
2026-07-22 17:41:01.356 | INFO     | N/A | ⏳ 等待 Profile 更新任务...
2026-07-22 17:41:06.431 | INFO     | N/A | ⏳ 等待 Profile 更新任务...
2026-07-22 17:41:11.457 | INFO     | N/A | ⏳ 等待 Profile 更新任务...
2026-07-22 17:41:16.487 | INFO     | N/A | ⏳ 等待 Profile 更新任务...
2026-07-22 17:41:21.518 | INFO     | N/A | ⏳ 等待 Profile 更新任务...
2026-07-22 17:41:26.558 | INFO     | N/A | ⏳ 等待 Profile 更新任务...
2026-07-22 17:41:31.595 | INFO     | N/A | ⏳ 等待 Profile 更新任务...
2026-07-22 17:41:36.625 | INFO     | N/A | ⏳ 等待 Profile 更新任务...
2026-07-22 17:41:41.702 | INFO     | N/A | ⏳ 等待 Profile 更新任务...
2026-07-22 17:41:46.729 | INFO     | N/A | ⏳ 等待 Profile 更新任务...
2026-07-22 17:41:51.796 | INFO     | N/A | ⏳ 等待 Profile 更新任务...
2026-07-22 17:41:56.840 | INFO     | N/A | ⏳ 等待 Profile 更新任务...
2026-07-22 17:42:01.866 | INFO     | N/A | ⏳ 等待 Profile 更新任务...
2026-07-22 17:42:06.892 | INFO     | N/A | ⏳ 等待 Profile 更新任务...
2026-07-22 17:42:11.920 | INFO     | N/A | ⏳ 等待 Profile 更新任务...
2026-07-22 17:42:16.959 | INFO     | N/A | ⏳ 等待 Profile 更新任务...
2026-07-22 17:42:21.991 | INFO     | N/A | ⏳ 等待 Profile 更新任务...
2026-07-22 17:42:27.018 | INFO     | N/A | ⏳ 等待 Profile 更新任务...
2026-07-22 17:42:32.052 | INFO     | N/A | ⏳ 等待 Profile 更新任务...
2026-07-22 17:42:37.085 | INFO     | N/A | ⏳ 等待 Profile 更新任务...
2026-07-22 17:42:42.120 | INFO     | N/A | ⏳ 等待 Profile 更新任务...
2026-07-22 17:42:47.170 | INFO     | N/A | ⏳ 等待 Profile 更新任务...
2026-07-22 17:42:52.206 | INFO     | N/A | ⏳ 等待 Profile 更新任务...
2026-07-22 17:42:57.239 | INFO     | N/A | ⏳ 等待 Profile 更新任务...
2026-07-22 17:43:02.284 | INFO     | N/A | ⏳ 等待 Profile 更新任务...
2026-07-22 17:43:07.308 | INFO     | N/A | ⏳ 等待 Profile 更新任务...
2026-07-22 17:43:12.357 | INFO     | N/A | ⏳ 等待 Profile 更新任务...
2026-07-22 17:43:17.387 | INFO     | N/A | ⏳ 等待 Profile 更新任务...
2026-07-22 17:43:22.419 | INFO     | N/A | ⏳ 等待 Profile 更新任务...
2026-07-22 17:43:27.451 | INFO     | N/A | ⏳ 等待 Profile 更新任务...
2026-07-22 17:43:32.484 | INFO     | N/A | ⏳ 等待 Profile 更新任务...
2026-07-22 17:43:37.511 | INFO     | N/A | ⏳ 等待 Profile 更新任务...
2026-07-22 17:43:42.614 | INFO     | N/A | ⏳ 等待 Profile 更新任务...
2026-07-22 17:43:47.646 | INFO     | N/A | ⏳ 等待 Profile 更新任务...
2026-07-22 17:43:52.748 | INFO     | N/A | ⏳ 等待 Profile 更新任务...
2026-07-22 17:43:57.775 | INFO     | N/A | ⏳ 等待 Profile 更新任务...
2026-07-22 17:44:02.823 | INFO     | N/A | ⏳ 等待 Profile 更新任务...
2026-07-22 17:44:07.849 | INFO     | N/A | ⏳ 等待 Profile 更新任务...
2026-07-22 17:44:12.872 | INFO     | N/A | ⏳ 等待 Profile 更新任务...
2026-07-22 17:44:17.878 | INFO     | N/A | ⏳ 等待 Profile 更新任务...
2026-07-22 17:44:22.939 | INFO     | N/A | ⏳ 等待 Profile 更新任务...
2026-07-22 17:44:28.015 | INFO     | N/A | ⏳ 等待 Profile 更新任务...
2026-07-22 17:44:33.051 | INFO     | N/A | ⏳ 等待 Profile 更新任务...
2026-07-22 17:44:38.105 | INFO     | N/A | ⏳ 等待 Profile 更新任务...
2026-07-22 17:44:43.142 | INFO     | N/A | ⏳ 等待 Profile 更新任务...
2026-07-22 17:44:48.178 | INFO     | N/A | ⏳ 等待 Profile 更新任务...
2026-07-22 17:44:53.212 | INFO     | N/A | ⏳ 等待 Profile 更新任务...
2026-07-22 17:44:58.280 | INFO     | N/A | ⏳ 等待 Profile 更新任务...
2026-07-22 17:45:03.312 | INFO     | N/A | ⏳ 等待 Profile 更新任务...
2026-07-22 17:45:08.332 | INFO     | N/A | ⏳ 等待 Profile 更新任务...
2026-07-22 17:45:13.409 | INFO     | N/A | ⏳ 等待 Profile 更新任务...
2026-07-22 17:45:18.510 | INFO     | N/A | ⏳ 等待 Profile 更新任务...
2026-07-22 17:45:23.563 | INFO     | N/A | ⏳ 等待 Profile 更新任务...
2026-07-22 17:45:28.598 | INFO     | N/A | ⏳ 等待 Profile 更新任务...
2026-07-22 17:45:33.627 | INFO     | N/A | ⏳ 等待 Profile 更新任务...
2026-07-22 17:45:38.682 | INFO     | N/A | ⏳ 等待 Profile 更新任务...
2026-07-22 17:45:43.697 | INFO     | N/A | ⏳ 等待 Profile 更新任务...
2026-07-22 17:45:48.725 | INFO     | N/A | ⏳ 等待 Profile 更新任务...
2026-07-22 17:45:53.758 | INFO     | N/A | ⏳ 等待 Profile 更新任务...
2026-07-22 17:45:58.783 | INFO     | N/A | ⏳ 等待 Profile 更新任务...
2026-07-22 17:46:03.870 | INFO     | N/A | ⏳ 等待 Profile 更新任务...
2026-07-22 17:46:08.897 | INFO     | N/A | ⏳ 等待 Profile 更新任务...
2026-07-22 17:46:13.929 | INFO     | N/A | ⏳ 等待 Profile 更新任务...
2026-07-22 17:46:18.964 | INFO     | N/A | ⏳ 等待 Profile 更新任务...
2026-07-22 17:46:24.003 | INFO     | N/A | ⏳ 等待 Profile 更新任务...
2026-07-22 17:46:29.031 | INFO     | N/A | ⏳ 等待 Profile 更新任务...
2026-07-22 17:46:34.068 | INFO     | N/A | ⏳ 等待 Profile 更新任务...
2026-07-22 17:46:39.090 | INFO     | N/A | ⏳ 等待 Profile 更新任务...
2026-07-22 17:46:44.125 | INFO     | N/A | ⏳ 等待 Profile 更新任务...
2026-07-22 17:46:49.161 | INFO     | N/A | ⏳ 等待 Profile 更新任务...
2026-07-22 17:46:54.202 | INFO     | N/A | ⏳ 等待 Profile 更新任务...
2026-07-22 17:46:59.245 | INFO     | N/A | ⏳ 等待 Profile 更新任务...
2026-07-22 17:47:04.258 | INFO     | N/A | ⏳ 等待 Profile 更新任务...
2026-07-22 17:47:09.294 | INFO     | N/A | ⏳ 等待 Profile 更新任务...
2026-07-22 17:47:14.333 | INFO     | N/A | ⏳ 等待 Profile 更新任务...
2026-07-22 17:47:19.359 | INFO     | N/A | ⏳ 等待 Profile 更新任务...
2026-07-22 17:47:24.386 | INFO     | N/A | ⏳ 等待 Profile 更新任务...
2026-07-22 17:47:29.424 | INFO     | N/A | ⏳ 等待 Profile 更新任务...
2026-07-22 17:47:34.463 | INFO     | N/A | ⏳ 等待 Profile 更新任务...
2026-07-22 17:47:39.548 | INFO     | N/A | ⏳ 等待 Profile 更新任务...
2026-07-22 17:47:44.597 | INFO     | N/A | ⏳ 等待 Profile 更新任务...
2026-07-22 17:47:49.633 | INFO     | N/A | ⏳ 等待 Profile 更新任务...
2026-07-22 17:47:54.660 | INFO     | N/A | ⏳ 等待 Profile 更新任务...
2026-07-22 17:47:59.686 | INFO     | N/A | ⏳ 等待 Profile 更新任务...
2026-07-22 17:48:04.718 | INFO     | N/A | ⏳ 等待 Profile 更新任务...
2026-07-22 17:48:09.743 | INFO     | N/A | ⏳ 等待 Profile 更新任务...
2026-07-22 17:48:14.807 | INFO     | N/A | ⏳ 等待 Profile 更新任务...
2026-07-22 17:48:19.836 | INFO     | N/A | ⏳ 等待 Profile 更新任务...
2026-07-22 17:48:24.871 | INFO     | N/A | ⏳ 等待 Profile 更新任务...
2026-07-22 17:48:29.929 | INFO     | N/A | ⏳ 等待 Profile 更新任务...
2026-07-22 17:48:34.956 | INFO     | N/A | ⏳ 等待 Profile 更新任务...
2026-07-22 17:48:39.985 | INFO     | N/A | ⏳ 等待 Profile 更新任务...
2026-07-22 17:48:45.024 | INFO     | N/A | ⏳ 等待 Profile 更新任务...
2026-07-22 17:48:50.058 | INFO     | N/A | ⏳ 等待 Profile 更新任务...
2026-07-22 17:48:55.090 | INFO     | N/A | ⏳ 等待 Profile 更新任务...
2026-07-22 17:49:00.126 | INFO     | N/A | ⏳ 等待 Profile 更新任务...
2026-07-22 17:49:05.159 | INFO     | N/A | ⏳ 等待 Profile 更新任务...
2026-07-22 17:49:10.183 | INFO     | N/A | ⏳ 等待 Profile 更新任务...
2026-07-22 17:49:15.224 | INFO     | N/A | ⏳ 等待 Profile 更新任务...
2026-07-22 17:49:20.257 | INFO     | N/A | ⏳ 等待 Profile 更新任务...
2026-07-22 17:49:25.296 | INFO     | N/A | ⏳ 等待 Profile 更新任务...
2026-07-22 17:49:32.001 | INFO     | N/A | ⏳ 等待 Profile 更新任务...
2026-07-22 17:49:37.025 | INFO     | N/A | ⏳ 等待 Profile 更新任务...
2026-07-22 17:49:42.093 | INFO     | N/A | ⏳ 等待 Profile 更新任务...
2026-07-22 17:49:47.124 | INFO     | N/A | ⏳ 等待 Profile 更新任务...
2026-07-22 17:49:52.162 | INFO     | N/A | ⏳ 等待 Profile 更新任务...
2026-07-22 17:49:57.196 | INFO     | N/A | ⏳ 等待 Profile 更新任务...
2026-07-22 17:50:02.230 | INFO     | N/A | ⏳ 等待 Profile 更新任务...
2026-07-22 17:50:07.260 | INFO     | N/A | ⏳ 等待 Profile 更新任务...
2026-07-22 17:50:12.288 | INFO     | N/A | ⏳ 等待 Profile 更新任务...
2026-07-22 17:50:17.314 | INFO     | N/A | ⏳ 等待 Profile 更新任务...
2026-07-22 17:50:22.343 | INFO     | N/A | ⏳ 等待 Profile 更新任务...
2026-07-22 17:50:27.370 | INFO     | N/A | ⏳ 等待 Profile 更新任务...
2026-07-22 17:50:32.413 | INFO     | N/A | ⏳ 等待 Profile 更新任务...
2026-07-22 17:50:37.443 | INFO     | N/A | ⏳ 等待 Profile 更新任务...
2026-07-22 17:50:42.465 | INFO     | N/A | ⏳ 等待 Profile 更新任务...
2026-07-22 17:50:47.503 | INFO     | N/A | ⏳ 等待 Profile 更新任务...
2026-07-22 17:50:52.528 | INFO     | N/A | ⏳ 等待 Profile 更新任务...
2026-07-22 17:50:57.555 | INFO     | N/A | ⏳ 等待 Profile 更新任务...
2026-07-22 17:51:02.587 | INFO     | N/A | ⏳ 等待 Profile 更新任务...
2026-07-22 17:51:07.614 | INFO     | N/A | ⏳ 等待 Profile 更新任务...
2026-07-22 17:51:12.642 | INFO     | N/A | ⏳ 等待 Profile 更新任务...
2026-07-22 17:51:17.677 | INFO     | N/A | ⏳ 等待 Profile 更新任务...
2026-07-22 17:51:22.708 | INFO     | N/A | ⏳ 等待 Profile 更新任务...
2026-07-22 17:51:27.735 | INFO     | N/A | ⏳ 等待 Profile 更新任务...
2026-07-22 17:51:32.765 | INFO     | N/A | ⏳ 等待 Profile 更新任务...
2026-07-22 17:51:37.807 | INFO     | N/A | ⏳ 等待 Profile 更新任务...
2026-07-22 17:51:42.845 | INFO     | N/A | ⏳ 等待 Profile 更新任务...
2026-07-22 17:51:47.879 | INFO     | N/A | ⏳ 等待 Profile 更新任务...
2026-07-22 17:51:52.907 | INFO     | N/A | ⏳ 等待 Profile 更新任务...
2026-07-22 17:51:57.990 | INFO     | N/A | ⏳ 等待 Profile 更新任务...
2026-07-22 17:52:03.026 | INFO     | N/A | ⏳ 等待 Profile 更新任务...
2026-07-22 17:52:08.072 | INFO     | N/A | ⏳ 等待 Profile 更新任务...
2026-07-22 17:52:13.133 | INFO     | N/A | ⏳ 等待 Profile 更新任务...
2026-07-22 17:52:18.167 | INFO     | N/A | ⏳ 等待 Profile 更新任务...
2026-07-22 17:52:23.194 | INFO     | N/A | ⏳ 等待 Profile 更新任务...
2026-07-22 17:52:28.219 | INFO     | N/A | ⏳ 等待 Profile 更新任务...
2026-07-22 17:52:33.258 | INFO     | N/A | ⏳ 等待 Profile 更新任务...
2026-07-22 17:52:38.287 | INFO     | N/A | ⏳ 等待 Profile 更新任务...
2026-07-22 17:52:43.318 | INFO     | N/A | ⏳ 等待 Profile 更新任务...
2026-07-22 17:52:48.345 | INFO     | N/A | ⏳ 等待 Profile 更新任务...
2026-07-22 17:52:53.371 | INFO     | N/A | ⏳ 等待 Profile 更新任务...
2026-07-22 17:52:58.399 | INFO     | N/A | ⏳ 等待 Profile 更新任务...
2026-07-22 17:53:03.427 | INFO     | N/A | ⏳ 等待 Profile 更新任务...
2026-07-22 17:53:08.454 | INFO     | N/A | ⏳ 等待 Profile 更新任务...
2026-07-22 17:53:13.482 | INFO     | N/A | ⏳ 等待 Profile 更新任务...
2026-07-22 17:53:18.526 | INFO     | N/A | ⏳ 等待 Profile 更新任务...
2026-07-22 17:53:23.552 | INFO     | N/A | ⏳ 等待 Profile 更新任务...
2026-07-22 17:53:28.577 | INFO     | N/A | ⏳ 等待 Profile 更新任务...
2026-07-22 17:53:33.612 | INFO     | N/A | ⏳ 等待 Profile 更新任务...
2026-07-22 17:53:38.707 | INFO     | N/A | ⏳ 等待 Profile 更新任务...
2026-07-22 17:53:43.754 | INFO     | N/A | ⏳ 等待 Profile 更新任务...
2026-07-22 17:53:48.786 | INFO     | N/A | ⏳ 等待 Profile 更新任务...
2026-07-22 17:53:53.819 | INFO     | N/A | ⏳ 等待 Profile 更新任务...
2026-07-22 17:53:58.851 | INFO     | N/A | ⏳ 等待 Profile 更新任务...
2026-07-22 17:54:03.889 | INFO     | N/A | ⏳ 等待 Profile 更新任务...
2026-07-22 17:54:08.924 | INFO     | N/A | ⏳ 等待 Profile 更新任务...
2026-07-22 17:54:13.959 | INFO     | N/A | ⏳ 等待 Profile 更新任务...
2026-07-22 17:54:18.990 | INFO     | N/A | ⏳ 等待 Profile 更新任务...
2026-07-22 17:54:24.022 | INFO     | N/A | ⏳ 等待 Profile 更新任务...
2026-07-22 17:54:29.057 | INFO     | N/A | ⏳ 等待 Profile 更新任务...
2026-07-22 17:54:34.091 | INFO     | N/A | ⏳ 等待 Profile 更新任务...
2026-07-22 17:54:39.118 | INFO     | N/A | ⏳ 等待 Profile 更新任务...
2026-07-22 17:54:44.152 | INFO     | N/A | ⏳ 等待 Profile 更新任务...
2026-07-22 17:54:49.216 | INFO     | N/A | ⏳ 等待 Profile 更新任务...
2026-07-22 17:54:54.251 | INFO     | N/A | ⏳ 等待 Profile 更新任务...
2026-07-22 17:54:59.283 | INFO     | N/A | ⏳ 等待 Profile 更新任务...
2026-07-22 17:55:04.383 | INFO     | N/A | ⏳ 等待 Profile 更新任务...
2026-07-22 17:55:09.413 | INFO     | N/A | ⏳ 等待 Profile 更新任务...
2026-07-22 17:55:14.442 | INFO     | N/A | ⏳ 等待 Profile 更新任务...
2026-07-22 17:55:19.471 | INFO     | N/A | ⏳ 等待 Profile 更新任务...
2026-07-22 17:55:24.554 | INFO     | N/A | ⏳ 等待 Profile 更新任务...
2026-07-22 17:55:29.636 | INFO     | N/A | ⏳ 等待 Profile 更新任务...
2026-07-22 17:55:34.667 | INFO     | N/A | ⏳ 等待 Profile 更新任务...
2026-07-22 17:55:39.692 | INFO     | N/A | ⏳ 等待 Profile 更新任务...
2026-07-22 17:55:44.716 | INFO     | N/A | ⏳ 等待 Profile 更新任务...
2026-07-22 17:55:49.747 | INFO     | N/A | ⏳ 等待 Profile 更新任务...
2026-07-22 17:55:54.782 | INFO     | N/A | ⏳ 等待 Profile 更新任务...
2026-07-22 17:55:59.851 | INFO     | N/A | ⏳ 等待 Profile 更新任务...
2026-07-22 17:56:04.885 | INFO     | N/A | ⏳ 等待 Profile 更新任务...
2026-07-22 17:56:10.245 | INFO     | N/A | ⏳ 等待 Profile 更新任务...
2026-07-22 17:56:15.255 | INFO     | N/A | ⏳ 等待 Profile 更新任务...
2026-07-22 17:56:20.286 | INFO     | N/A | ⏳ 等待 Profile 更新任务...
2026-07-22 17:56:25.317 | INFO     | N/A | ⏳ 等待 Profile 更新任务...
2026-07-22 17:56:30.342 | INFO     | N/A | ⏳ 等待 Profile 更新任务...
2026-07-22 17:56:35.369 | INFO     | N/A | ⏳ 等待 Profile 更新任务...
2026-07-22 17:56:40.402 | INFO     | N/A | ⏳ 等待 Profile 更新任务...
2026-07-22 17:56:45.433 | INFO     | N/A | ⏳ 等待 Profile 更新任务...
2026-07-22 17:56:50.470 | INFO     | N/A | ⏳ 等待 Profile 更新任务...
2026-07-22 17:56:55.505 | INFO     | N/A | ⏳ 等待 Profile 更新任务...
2026-07-22 17:57:00.540 | INFO     | N/A | ⏳ 等待 Profile 更新任务...
2026-07-22 17:57:05.575 | INFO     | N/A | ⏳ 等待 Profile 更新任务...
2026-07-22 17:57:10.603 | INFO     | N/A | ⏳ 等待 Profile 更新任务...
2026-07-22 17:57:15.634 | INFO     | N/A | ⏳ 等待 Profile 更新任务...
2026-07-22 17:57:20.664 | INFO     | N/A | ⏳ 等待 Profile 更新任务...
2026-07-22 17:57:25.690 | INFO     | N/A | ⏳ 等待 Profile 更新任务...
2026-07-22 17:57:30.719 | INFO     | N/A | ⏳ 等待 Profile 更新任务...
2026-07-22 17:57:35.749 | INFO     | N/A | ⏳ 等待 Profile 更新任务...
2026-07-22 17:57:40.778 | INFO     | N/A | ⏳ 等待 Profile 更新任务...
2026-07-22 17:57:45.803 | INFO     | N/A | ⏳ 等待 Profile 更新任务...
2026-07-22 17:57:50.843 | INFO     | N/A | ⏳ 等待 Profile 更新任务...
2026-07-22 17:57:55.873 | INFO     | N/A | ⏳ 等待 Profile 更新任务...
2026-07-22 17:58:00.903 | INFO     | N/A | ⏳ 等待 Profile 更新任务...
2026-07-22 17:58:05.940 | INFO     | N/A | ⏳ 等待 Profile 更新任务...
2026-07-22 17:58:10.978 | INFO     | N/A | ⏳ 等待 Profile 更新任务...
2026-07-22 17:58:16.026 | INFO     | N/A | ⏳ 等待 Profile 更新任务...
2026-07-22 17:58:21.081 | INFO     | N/A | ⏳ 等待 Profile 更新任务...
2026-07-22 17:58:26.112 | INFO     | N/A | ⏳ 等待 Profile 更新任务...
2026-07-22 17:58:31.144 | INFO     | N/A | ⏳ 等待 Profile 更新任务...
2026-07-22 17:58:36.178 | INFO     | N/A | ⏳ 等待 Profile 更新任务...
2026-07-22 17:58:41.212 | INFO     | N/A | ⏳ 等待 Profile 更新任务...
2026-07-22 17:58:46.258 | INFO     | N/A | ⏳ 等待 Profile 更新任务...
2026-07-22 17:58:51.285 | INFO     | N/A | ⏳ 等待 Profile 更新任务...
2026-07-22 17:58:56.318 | INFO     | N/A | ⏳ 等待 Profile 更新任务...
2026-07-22 17:59:01.351 | INFO     | N/A | ⏳ 等待 Profile 更新任务...
2026-07-22 17:59:06.388 | INFO     | N/A | ⏳ 等待 Profile 更新任务...
2026-07-22 17:59:11.422 | INFO     | N/A | ⏳ 等待 Profile 更新任务...
2026-07-22 17:59:16.449 | INFO     | N/A | ⏳ 等待 Profile 更新任务...
2026-07-22 17:59:21.544 | INFO     | N/A | ⏳ 等待 Profile 更新任务...
2026-07-22 17:59:26.569 | INFO     | N/A | ⏳ 等待 Profile 更新任务...
2026-07-22 17:59:31.619 | INFO     | N/A | ⏳ 等待 Profile 更新任务...
2026-07-22 17:59:36.654 | INFO     | N/A | ⏳ 等待 Profile 更新任务...
2026-07-22 17:59:41.686 | INFO     | N/A | ⏳ 等待 Profile 更新任务...
2026-07-22 17:59:46.779 | INFO     | N/A | ⏳ 等待 Profile 更新任务...
2026-07-22 17:59:51.815 | INFO     | N/A | ⏳ 等待 Profile 更新任务...
2026-07-22 17:59:56.847 | INFO     | N/A | ⏳ 等待 Profile 更新任务...
2026-07-22 18:00:01.924 | INFO     | N/A | ⏳ 等待 Profile 更新任务...
2026-07-22 18:00:06.952 | INFO     | N/A | ⏳ 等待 Profile 更新任务...
2026-07-22 18:00:11.997 | INFO     | N/A | ⏳ 等待 Profile 更新任务...
2026-07-22 18:00:17.043 | INFO     | N/A | ⏳ 等待 Profile 更新任务...
2026-07-22 18:00:22.067 | INFO     | N/A | ⏳ 等待 Profile 更新任务...
2026-07-22 18:00:27.094 | INFO     | N/A | ⏳ 等待 Profile 更新任务...
2026-07-22 18:00:32.120 | INFO     | N/A | ⏳ 等待 Profile 更新任务...
2026-07-22 18:00:37.154 | INFO     | N/A | ⏳ 等待 Profile 更新任务...
2026-07-22 18:00:42.186 | INFO     | N/A | ⏳ 等待 Profile 更新任务...
2026-07-22 18:00:47.216 | INFO     | N/A | ⏳ 等待 Profile 更新任务...
2026-07-22 18:00:52.245 | INFO     | N/A | ⏳ 等待 Profile 更新任务...
2026-07-22 18:00:57.273 | INFO     | N/A | ⏳ 等待 Profile 更新任务...
2026-07-22 18:01:02.279 | INFO     | N/A | ⏳ 等待 Profile 更新任务...
2026-07-22 18:01:07.365 | INFO     | N/A | ⏳ 等待 Profile 更新任务...
2026-07-22 18:01:12.399 | INFO     | N/A | ⏳ 等待 Profile 更新任务...
2026-07-22 18:01:17.441 | INFO     | N/A | ⏳ 等待 Profile 更新任务...
2026-07-22 18:01:22.474 | INFO     | N/A | ⏳ 等待 Profile 更新任务...
2026-07-22 18:01:27.504 | INFO     | N/A | ⏳ 等待 Profile 更新任务...
2026-07-22 18:01:32.532 | INFO     | N/A | ⏳ 等待 Profile 更新任务...
2026-07-22 18:01:37.560 | INFO     | N/A | ⏳ 等待 Profile 更新任务...
2026-07-22 18:01:42.588 | INFO     | N/A | ⏳ 等待 Profile 更新任务...
2026-07-22 18:01:47.595 | INFO     | N/A | ⏳ 等待 Profile 更新任务...
2026-07-22 18:01:52.634 | INFO     | N/A | ⏳ 等待 Profile 更新任务...
2026-07-22 18:01:57.663 | INFO     | N/A | ⏳ 等待 Profile 更新任务...
2026-07-22 18:02:02.694 | INFO     | N/A | ⏳ 等待 Profile 更新任务...
2026-07-22 18:02:07.725 | INFO     | N/A | ⏳ 等待 Profile 更新任务...
2026-07-22 18:02:12.754 | INFO     | N/A | ⏳ 等待 Profile 更新任务...
2026-07-22 18:02:17.781 | INFO     | N/A | ⏳ 等待 Profile 更新任务...
2026-07-22 18:02:22.831 | INFO     | N/A | ⏳ 等待 Profile 更新任务...
2026-07-22 18:02:27.860 | INFO     | N/A | ⏳ 等待 Profile 更新任务...
2026-07-22 18:02:32.887 | INFO     | N/A | ⏳ 等待 Profile 更新任务...
2026-07-22 18:02:37.913 | INFO     | N/A | ⏳ 等待 Profile 更新任务...
2026-07-22 18:02:42.956 | INFO     | N/A | ⏳ 等待 Profile 更新任务...
2026-07-22 18:02:47.988 | INFO     | N/A | ⏳ 等待 Profile 更新任务...
2026-07-22 18:02:53.083 | INFO     | N/A | ⏳ 等待 Profile 更新任务...
2026-07-22 18:02:58.114 | INFO     | N/A | ⏳ 等待 Profile 更新任务...
2026-07-22 18:03:03.140 | INFO     | N/A | ⏳ 等待 Profile 更新任务...
2026-07-22 18:03:08.173 | INFO     | N/A | ⏳ 等待 Profile 更新任务...
2026-07-22 18:03:13.203 | INFO     | N/A | ⏳ 等待 Profile 更新任务...
2026-07-22 18:03:18.229 | INFO     | N/A | ⏳ 等待 Profile 更新任务...
2026-07-22 18:03:23.258 | INFO     | N/A | ⏳ 等待 Profile 更新任务...
2026-07-22 18:03:28.285 | INFO     | N/A | ⏳ 等待 Profile 更新任务...
2026-07-22 18:03:33.319 | INFO     | N/A | ⏳ 等待 Profile 更新任务...
2026-07-22 18:03:38.350 | INFO     | N/A | ⏳ 等待 Profile 更新任务...
2026-07-22 18:03:43.379 | INFO     | N/A | ⏳ 等待 Profile 更新任务...
2026-07-22 18:03:48.409 | INFO     | N/A | ⏳ 等待 Profile 更新任务...
2026-07-22 18:03:53.440 | INFO     | N/A | ⏳ 等待 Profile 更新任务...
2026-07-22 18:03:58.475 | INFO     | N/A | ⏳ 等待 Profile 更新任务...
2026-07-22 18:04:03.513 | INFO     | N/A | ⏳ 等待 Profile 更新任务...
2026-07-22 18:04:08.540 | INFO     | N/A | ⏳ 等待 Profile 更新任务...
2026-07-22 18:04:13.568 | INFO     | N/A | ⏳ 等待 Profile 更新任务...
2026-07-22 18:04:18.595 | INFO     | N/A | ⏳ 等待 Profile 更新任务...
2026-07-22 18:04:23.628 | INFO     | N/A | ⏳ 等待 Profile 更新任务...
2026-07-22 18:04:28.659 | INFO     | N/A | ⏳ 等待 Profile 更新任务...
2026-07-22 18:04:33.694 | INFO     | N/A | ⏳ 等待 Profile 更新任务...
2026-07-22 18:04:38.734 | INFO     | N/A | ⏳ 等待 Profile 更新任务...
2026-07-22 18:04:43.778 | INFO     | N/A | ⏳ 等待 Profile 更新任务...
2026-07-22 18:04:48.833 | INFO     | N/A | ⏳ 等待 Profile 更新任务...
2026-07-22 18:04:53.856 | INFO     | N/A | ⏳ 等待 Profile 更新任务...
2026-07-22 18:04:58.894 | INFO     | N/A | ⏳ 等待 Profile 更新任务...
2026-07-22 18:05:03.924 | INFO     | N/A | ⏳ 等待 Profile 更新任务...
2026-07-22 18:05:08.972 | INFO     | N/A | ⏳ 等待 Profile 更新任务...
2026-07-22 18:05:14.000 | INFO     | N/A | ⏳ 等待 Profile 更新任务...
2026-07-22 18:05:19.039 | INFO     | N/A | ⏳ 等待 Profile 更新任务...
2026-07-22 18:05:24.068 | INFO     | N/A | ⏳ 等待 Profile 更新任务...
2026-07-22 18:05:29.100 | INFO     | N/A | ⏳ 等待 Profile 更新任务...
2026-07-22 18:05:34.148 | INFO     | N/A | ⏳ 等待 Profile 更新任务...
2026-07-22 18:05:39.177 | INFO     | N/A | ⏳ 等待 Profile 更新任务...
2026-07-22 18:05:44.209 | INFO     | N/A | ⏳ 等待 Profile 更新任务...
2026-07-22 18:05:49.256 | INFO     | N/A | ⏳ 等待 Profile 更新任务...
2026-07-22 18:05:54.288 | INFO     | N/A | ⏳ 等待 Profile 更新任务...
2026-07-22 18:05:59.326 | INFO     | N/A | ⏳ 等待 Profile 更新任务...
2026-07-22 18:06:04.369 | INFO     | N/A | ⏳ 等待 Profile 更新任务...
2026-07-22 18:06:09.394 | INFO     | N/A | ⏳ 等待 Profile 更新任务...
2026-07-22 18:06:14.425 | INFO     | N/A | ⏳ 等待 Profile 更新任务...
2026-07-22 18:06:19.457 | INFO     | N/A | ⏳ 等待 Profile 更新任务...
2026-07-22 18:06:24.485 | INFO     | N/A | ⏳ 等待 Profile 更新任务...
2026-07-22 18:06:29.518 | INFO     | N/A | ⏳ 等待 Profile 更新任务...
2026-07-22 18:06:34.555 | INFO     | N/A | ⏳ 等待 Profile 更新任务...
2026-07-22 18:06:39.590 | INFO     | N/A | ⏳ 等待 Profile 更新任务...
2026-07-22 18:06:44.629 | INFO     | N/A | ⏳ 等待 Profile 更新任务...
2026-07-22 18:06:49.660 | INFO     | N/A | ⏳ 等待 Profile 更新任务...
2026-07-22 18:06:54.724 | INFO     | N/A | ⏳ 等待 Profile 更新任务...
2026-07-22 18:06:59.815 | INFO     | N/A | ⏳ 等待 Profile 更新任务...
2026-07-22 18:07:04.892 | INFO     | N/A | ⏳ 等待 Profile 更新任务...
2026-07-22 18:07:09.943 | INFO     | N/A | ⏳ 等待 Profile 更新任务...
2026-07-22 18:07:14.975 | INFO     | N/A | ⏳ 等待 Profile 更新任务...
2026-07-22 18:07:20.008 | INFO     | N/A | ⏳ 等待 Profile 更新任务...
2026-07-22 18:07:25.044 | INFO     | N/A | ⏳ 等待 Profile 更新任务...
2026-07-22 18:07:30.073 | INFO     | N/A | ⏳ 等待 Profile 更新任务...
2026-07-22 18:07:35.106 | INFO     | N/A | ⏳ 等待 Profile 更新任务...
2026-07-22 18:07:40.135 | INFO     | N/A | ⏳ 等待 Profile 更新任务...
2026-07-22 18:07:45.165 | INFO     | N/A | ⏳ 等待 Profile 更新任务...
2026-07-22 18:07:50.194 | INFO     | N/A | ⏳ 等待 Profile 更新任务...
2026-07-22 18:07:55.225 | INFO     | N/A | ⏳ 等待 Profile 更新任务...
2026-07-22 18:08:00.271 | INFO     | N/A | ⏳ 等待 Profile 更新任务...
2026-07-22 18:08:05.307 | INFO     | N/A | ⏳ 等待 Profile 更新任务...
2026-07-22 18:08:10.338 | INFO     | N/A | ⏳ 等待 Profile 更新任务...
2026-07-22 18:08:15.386 | INFO     | N/A | ⏳ 等待 Profile 更新任务...
2026-07-22 18:08:20.464 | INFO     | N/A | ⏳ 等待 Profile 更新任务...
2026-07-22 18:08:25.497 | INFO     | N/A | ⏳ 等待 Profile 更新任务...
2026-07-22 18:08:30.528 | INFO     | N/A | ⏳ 等待 Profile 更新任务...
2026-07-22 18:08:35.548 | INFO     | N/A | ⏳ 等待 Profile 更新任务...
2026-07-22 18:08:40.578 | INFO     | N/A | ⏳ 等待 Profile 更新任务...
2026-07-22 18:08:45.656 | INFO     | N/A | ⏳ 等待 Profile 更新任务...
2026-07-22 18:08:50.692 | INFO     | N/A | ⏳ 等待 Profile 更新任务...
2026-07-22 18:08:55.725 | INFO     | N/A | ⏳ 等待 Profile 更新任务...
2026-07-22 18:09:00.755 | INFO     | N/A | ⏳ 等待 Profile 更新任务...
2026-07-22 18:09:05.794 | INFO     | N/A | ⏳ 等待 Profile 更新任务...
2026-07-22 18:09:10.833 | INFO     | N/A | ⏳ 等待 Profile 更新任务...
2026-07-22 18:09:15.868 | INFO     | N/A | ⏳ 等待 Profile 更新任务...
2026-07-22 18:09:20.899 | INFO     | N/A | ⏳ 等待 Profile 更新任务...
2026-07-22 18:09:25.941 | INFO     | N/A | ⏳ 等待 Profile 更新任务...
2026-07-22 18:09:30.971 | INFO     | N/A | ⏳ 等待 Profile 更新任务...
2026-07-22 18:09:36.005 | INFO     | N/A | ⏳ 等待 Profile 更新任务...
2026-07-22 18:09:41.065 | INFO     | N/A | ⏳ 等待 Profile 更新任务...
2026-07-22 18:09:46.095 | INFO     | N/A | ⏳ 等待 Profile 更新任务...
2026-07-22 18:09:51.149 | INFO     | N/A | ⏳ 等待 Profile 更新任务...
2026-07-22 18:09:56.184 | INFO     | N/A | ⏳ 等待 Profile 更新任务...
2026-07-22 18:10:01.221 | INFO     | N/A | ⏳ 等待 Profile 更新任务...
2026-07-22 18:10:06.274 | INFO     | N/A | ⏳ 等待 Profile 更新任务...
2026-07-22 18:10:11.310 | INFO     | N/A | ⏳ 等待 Profile 更新任务...
2026-07-22 18:10:16.345 | INFO     | N/A | ⏳ 等待 Profile 更新任务...
2026-07-22 18:10:21.378 | INFO     | N/A | ⏳ 等待 Profile 更新任务...
2026-07-22 18:10:26.397 | INFO     | N/A | ⏳ 等待 Profile 更新任务...
2026-07-22 18:10:31.530 | INFO     | N/A | ⏳ 等待 Profile 更新任务...
2026-07-22 18:10:36.581 | INFO     | N/A | ⏳ 等待 Profile 更新任务...
2026-07-22 18:10:41.615 | INFO     | N/A | ⏳ 等待 Profile 更新任务...
2026-07-22 18:10:46.642 | INFO     | N/A | ⏳ 等待 Profile 更新任务...
2026-07-22 18:10:51.666 | INFO     | N/A | ⏳ 等待 Profile 更新任务...
2026-07-22 18:10:56.703 | INFO     | N/A | ⏳ 等待 Profile 更新任务...
2026-07-22 18:11:01.755 | INFO     | N/A | ⏳ 等待 Profile 更新任务...
2026-07-22 18:11:06.782 | INFO     | N/A | ⏳ 等待 Profile 更新任务...
2026-07-22 18:11:11.881 | INFO     | N/A | ⏳ 等待 Profile 更新任务...
2026-07-22 18:11:16.929 | INFO     | N/A | ⏳ 等待 Profile 更新任务...
2026-07-22 18:11:21.958 | INFO     | N/A | ⏳ 等待 Profile 更新任务...
2026-07-22 18:11:26.989 | INFO     | N/A | ⏳ 等待 Profile 更新任务...
2026-07-22 18:11:32.045 | INFO     | N/A | ⏳ 等待 Profile 更新任务...
2026-07-22 18:11:37.080 | INFO     | N/A | ⏳ 等待 Profile 更新任务...
2026-07-22 18:11:42.110 | INFO     | N/A | ⏳ 等待 Profile 更新任务...
2026-07-22 18:11:47.205 | INFO     | N/A | ⏳ 等待 Profile 更新任务...
2026-07-22 18:11:52.231 | INFO     | N/A | ⏳ 等待 Profile 更新任务...
2026-07-22 18:11:57.266 | INFO     | N/A | ⏳ 等待 Profile 更新任务...
2026-07-22 18:12:02.321 | INFO     | N/A | ⏳ 等待 Profile 更新任务...
2026-07-22 18:12:07.351 | INFO     | N/A | ⏳ 等待 Profile 更新任务...
2026-07-22 18:12:12.380 | INFO     | N/A | ⏳ 等待 Profile 更新任务...
2026-07-22 18:12:17.440 | INFO     | N/A | ⏳ 等待 Profile 更新任务...
2026-07-22 18:12:22.473 | INFO     | N/A | ⏳ 等待 Profile 更新任务...
2026-07-22 18:12:27.498 | INFO     | N/A | ⏳ 等待 Profile 更新任务...
2026-07-22 18:12:32.536 | INFO     | N/A | ⏳ 等待 Profile 更新任务...
2026-07-22 18:12:37.567 | INFO     | N/A | ⏳ 等待 Profile 更新任务...
2026-07-22 18:12:42.589 | INFO     | N/A | ⏳ 等待 Profile 更新任务...
2026-07-22 18:12:47.614 | INFO     | N/A | ⏳ 等待 Profile 更新任务...
2026-07-22 18:12:52.624 | INFO     | N/A | ⏳ 等待 Profile 更新任务...
2026-07-22 18:12:57.717 | INFO     | N/A | ⏳ 等待 Profile 更新任务...
2026-07-22 18:13:02.800 | INFO     | N/A | ⏳ 等待 Profile 更新任务...
2026-07-22 18:13:07.830 | INFO     | N/A | ⏳ 等待 Profile 更新任务...
2026-07-22 18:13:12.863 | INFO     | N/A | ⏳ 等待 Profile 更新任务...
2026-07-22 18:13:17.895 | INFO     | N/A | ⏳ 等待 Profile 更新任务...
2026-07-22 18:13:22.934 | INFO     | N/A | ⏳ 等待 Profile 更新任务...
2026-07-22 18:13:27.971 | INFO     | N/A | ⏳ 等待 Profile 更新任务...
2026-07-22 18:13:33.009 | INFO     | N/A | ⏳ 等待 Profile 更新任务...
2026-07-22 18:13:38.047 | INFO     | N/A | ⏳ 等待 Profile 更新任务...
2026-07-22 18:13:43.079 | INFO     | N/A | ⏳ 等待 Profile 更新任务...
2026-07-22 18:13:48.152 | INFO     | N/A | ⏳ 等待 Profile 更新任务...
2026-07-22 18:13:53.180 | INFO     | N/A | ⏳ 等待 Profile 更新任务...
2026-07-22 18:13:58.217 | INFO     | N/A | ⏳ 等待 Profile 更新任务...
2026-07-22 18:14:03.252 | INFO     | N/A | ⏳ 等待 Profile 更新任务...
2026-07-22 18:14:08.296 | INFO     | N/A | ⏳ 等待 Profile 更新任务...
2026-07-22 18:14:13.328 | INFO     | N/A | ⏳ 等待 Profile 更新任务...
2026-07-22 18:14:18.347 | INFO     | N/A | ⏳ 等待 Profile 更新任务...
2026-07-22 18:14:23.390 | INFO     | N/A | ⏳ 等待 Profile 更新任务...
2026-07-22 18:14:28.437 | INFO     | N/A | ⏳ 等待 Profile 更新任务...
2026-07-22 18:14:33.448 | INFO     | N/A | ⏳ 等待 Profile 更新任务...
2026-07-22 18:14:38.466 | INFO     | N/A | ⏳ 等待 Profile 更新任务...
2026-07-22 18:14:43.489 | INFO     | N/A | ⏳ 等待 Profile 更新任务...
2026-07-22 18:14:48.524 | INFO     | N/A | ⏳ 等待 Profile 更新任务...
2026-07-22 18:14:53.560 | INFO     | N/A | ⏳ 等待 Profile 更新任务...
2026-07-22 18:14:58.585 | INFO     | N/A | ⏳ 等待 Profile 更新任务...
2026-07-22 18:15:03.611 | INFO     | N/A | ⏳ 等待 Profile 更新任务...
2026-07-22 18:15:08.659 | INFO     | N/A | ⏳ 等待 Profile 更新任务...
2026-07-22 18:15:13.686 | INFO     | N/A | ⏳ 等待 Profile 更新任务...
2026-07-22 18:15:18.713 | INFO     | N/A | ⏳ 等待 Profile 更新任务...
2026-07-22 18:15:23.761 | INFO     | N/A | ⏳ 等待 Profile 更新任务...
2026-07-22 18:15:28.777 | INFO     | N/A | ⏳ 等待 Profile 更新任务...
2026-07-22 18:15:33.804 | INFO     | N/A | ⏳ 等待 Profile 更新任务...
2026-07-22 18:15:38.834 | INFO     | N/A | ⏳ 等待 Profile 更新任务...
2026-07-22 18:15:43.861 | INFO     | N/A | ⏳ 等待 Profile 更新任务...
2026-07-22 18:15:48.921 | INFO     | N/A | ⏳ 等待 Profile 更新任务...
2026-07-22 18:15:53.951 | INFO     | N/A | ⏳ 等待 Profile 更新任务...
2026-07-22 18:15:58.992 | INFO     | N/A | ⏳ 等待 Profile 更新任务...
2026-07-22 18:16:04.095 | INFO     | N/A | ⏳ 等待 Profile 更新任务...
2026-07-22 18:16:09.113 | INFO     | N/A | ⏳ 等待 Profile 更新任务...
2026-07-22 18:16:14.144 | INFO     | N/A | ⏳ 等待 Profile 更新任务...
2026-07-22 18:16:19.185 | INFO     | N/A | ⏳ 等待 Profile 更新任务...
2026-07-22 18:16:24.208 | INFO     | N/A | ⏳ 等待 Profile 更新任务...
2026-07-22 18:16:29.300 | INFO     | N/A | ⏳ 等待 Profile 更新任务...
2026-07-22 18:16:34.338 | INFO     | N/A | ⏳ 等待 Profile 更新任务...
2026-07-22 18:16:39.366 | INFO     | N/A | ⏳ 等待 Profile 更新任务...
2026-07-22 18:16:44.406 | INFO     | N/A | ⏳ 等待 Profile 更新任务...
2026-07-22 18:16:49.440 | INFO     | N/A | ⏳ 等待 Profile 更新任务...
2026-07-22 18:16:54.477 | INFO     | N/A | ⏳ 等待 Profile 更新任务...
2026-07-22 18:16:59.504 | INFO     | N/A | ⏳ 等待 Profile 更新任务...
2026-07-22 18:17:04.566 | INFO     | N/A | ⏳ 等待 Profile 更新任务...
2026-07-22 18:17:09.599 | INFO     | N/A | ⏳ 等待 Profile 更新任务...
2026-07-22 18:17:14.687 | INFO     | N/A | ⏳ 等待 Profile 更新任务...
2026-07-22 18:17:19.715 | INFO     | N/A | ⏳ 等待 Profile 更新任务...
2026-07-22 18:17:24.739 | INFO     | N/A | ⏳ 等待 Profile 更新任务...
2026-07-22 18:17:29.766 | INFO     | N/A | ⏳ 等待 Profile 更新任务...
2026-07-22 18:17:34.794 | INFO     | N/A | ⏳ 等待 Profile 更新任务...
2026-07-22 18:17:39.823 | INFO     | N/A | ⏳ 等待 Profile 更新任务...
2026-07-22 18:17:44.855 | INFO     | N/A | ⏳ 等待 Profile 更新任务...
2026-07-22 18:17:49.928 | INFO     | N/A | ⏳ 等待 Profile 更新任务...
2026-07-22 18:17:54.977 | INFO     | N/A | ⏳ 等待 Profile 更新任务...
2026-07-22 18:18:00.001 | INFO     | N/A | ⏳ 等待 Profile 更新任务...
2026-07-22 18:18:05.028 | INFO     | N/A | ⏳ 等待 Profile 更新任务...
2026-07-22 18:18:10.054 | INFO     | N/A | ⏳ 等待 Profile 更新任务...
2026-07-22 18:18:15.091 | INFO     | N/A | ⏳ 等待 Profile 更新任务...
2026-07-22 18:18:20.121 | INFO     | N/A | ⏳ 等待 Profile 更新任务...
2026-07-22 18:18:25.205 | INFO     | N/A | ⏳ 等待 Profile 更新任务...
2026-07-22 18:18:30.241 | INFO     | N/A | ⏳ 等待 Profile 更新任务...
2026-07-22 18:18:35.274 | INFO     | N/A | ⏳ 等待 Profile 更新任务...
2026-07-22 18:18:40.328 | INFO     | N/A | ⏳ 等待 Profile 更新任务...
2026-07-22 18:18:45.358 | INFO     | N/A | ⏳ 等待 Profile 更新任务...
2026-07-22 18:18:50.386 | INFO     | N/A | ⏳ 等待 Profile 更新任务...
2026-07-22 18:18:55.412 | INFO     | N/A | ⏳ 等待 Profile 更新任务...
2026-07-22 18:19:00.422 | INFO     | N/A | ⏳ 等待 Profile 更新任务...
2026-07-22 18:19:05.452 | INFO     | N/A | ⏳ 等待 Profile 更新任务...
2026-07-22 18:19:10.484 | INFO     | N/A | ⏳ 等待 Profile 更新任务...
2026-07-22 18:19:15.519 | INFO     | N/A | ⏳ 等待 Profile 更新任务...
2026-07-22 18:19:20.555 | INFO     | N/A | ⏳ 等待 Profile 更新任务...
2026-07-22 18:19:25.589 | INFO     | N/A | ⏳ 等待 Profile 更新任务...
2026-07-22 18:19:30.622 | INFO     | N/A | ⏳ 等待 Profile 更新任务...
2026-07-22 18:19:35.652 | INFO     | N/A | ⏳ 等待 Profile 更新任务...
2026-07-22 18:19:40.686 | INFO     | N/A | ⏳ 等待 Profile 更新任务...
2026-07-22 18:19:45.717 | INFO     | N/A | ⏳ 等待 Profile 更新任务...
2026-07-22 18:19:50.787 | INFO     | N/A | ⏳ 等待 Profile 更新任务...
2026-07-22 18:19:55.821 | INFO     | N/A | ⏳ 等待 Profile 更新任务...
2026-07-22 18:20:00.855 | INFO     | N/A | ⏳ 等待 Profile 更新任务...
2026-07-22 18:20:05.886 | INFO     | N/A | ⏳ 等待 Profile 更新任务...
2026-07-22 18:20:10.915 | INFO     | N/A | ⏳ 等待 Profile 更新任务...
2026-07-22 18:20:15.949 | INFO     | N/A | ⏳ 等待 Profile 更新任务...
2026-07-22 18:20:20.980 | INFO     | N/A | ⏳ 等待 Profile 更新任务...
2026-07-22 18:20:26.006 | INFO     | N/A | ⏳ 等待 Profile 更新任务...
2026-07-22 18:20:31.036 | INFO     | N/A | ⏳ 等待 Profile 更新任务...
2026-07-22 18:20:36.074 | INFO     | N/A | ⏳ 等待 Profile 更新任务...
2026-07-22 18:20:41.107 | INFO     | N/A | ⏳ 等待 Profile 更新任务...
2026-07-22 18:20:46.134 | INFO     | N/A | ⏳ 等待 Profile 更新任务...
2026-07-22 18:20:51.168 | INFO     | N/A | ⏳ 等待 Profile 更新任务...
2026-07-22 18:20:56.197 | INFO     | N/A | ⏳ 等待 Profile 更新任务...
2026-07-22 18:21:01.226 | INFO     | N/A | ⏳ 等待 Profile 更新任务...
2026-07-22 18:21:06.254 | INFO     | N/A | ⏳ 等待 Profile 更新任务...
2026-07-22 18:21:11.281 | INFO     | N/A | ⏳ 等待 Profile 更新任务...
2026-07-22 18:21:16.314 | INFO     | N/A | ⏳ 等待 Profile 更新任务...
2026-07-22 18:21:21.345 | INFO     | N/A | ⏳ 等待 Profile 更新任务...
2026-07-22 18:21:26.433 | INFO     | N/A | ⏳ 等待 Profile 更新任务...
2026-07-22 18:21:31.466 | INFO     | N/A | ⏳ 等待 Profile 更新任务...
2026-07-22 18:21:36.497 | INFO     | N/A | ⏳ 等待 Profile 更新任务...
2026-07-22 18:21:41.534 | INFO     | N/A | ⏳ 等待 Profile 更新任务...
2026-07-22 18:21:46.576 | INFO     | N/A | ⏳ 等待 Profile 更新任务...
2026-07-22 18:21:51.635 | INFO     | N/A | ⏳ 等待 Profile 更新任务...
2026-07-22 18:21:56.670 | INFO     | N/A | ⏳ 等待 Profile 更新任务...
2026-07-22 18:22:01.705 | INFO     | N/A | ⏳ 等待 Profile 更新任务...
2026-07-22 18:22:06.738 | INFO     | N/A | ⏳ 等待 Profile 更新任务...
2026-07-22 18:22:11.783 | INFO     | N/A | ⏳ 等待 Profile 更新任务...
2026-07-22 18:22:16.819 | INFO     | N/A | ⏳ 等待 Profile 更新任务...
2026-07-22 18:22:21.850 | INFO     | N/A | ⏳ 等待 Profile 更新任务...
2026-07-22 18:22:26.878 | INFO     | N/A | ⏳ 等待 Profile 更新任务...
2026-07-22 18:22:31.928 | INFO     | N/A | ⏳ 等待 Profile 更新任务...
2026-07-22 18:22:36.959 | INFO     | N/A | ⏳ 等待 Profile 更新任务...
2026-07-22 18:22:41.993 | INFO     | N/A | ⏳ 等待 Profile 更新任务...
2026-07-22 18:22:47.029 | INFO     | N/A | ⏳ 等待 Profile 更新任务...
2026-07-22 18:22:52.064 | INFO     | N/A | ⏳ 等待 Profile 更新任务...
2026-07-22 18:22:57.097 | INFO     | N/A | ⏳ 等待 Profile 更新任务...
2026-07-22 18:23:02.172 | INFO     | N/A | ⏳ 等待 Profile 更新任务...
2026-07-22 18:23:07.210 | INFO     | N/A | ⏳ 等待 Profile 更新任务...
2026-07-22 18:23:12.246 | INFO     | N/A | ⏳ 等待 Profile 更新任务...
2026-07-22 18:23:17.335 | INFO     | N/A | ⏳ 等待 Profile 更新任务...
2026-07-22 18:23:22.367 | INFO     | N/A | ⏳ 等待 Profile 更新任务...
2026-07-22 18:23:27.407 | INFO     | N/A | ⏳ 等待 Profile 更新任务...
2026-07-22 18:23:32.421 | INFO     | N/A | ⏳ 等待 Profile 更新任务...
2026-07-22 18:23:37.463 | INFO     | N/A | ⏳ 等待 Profile 更新任务...
2026-07-22 18:23:42.528 | INFO     | N/A | ⏳ 等待 Profile 更新任务...
2026-07-22 18:23:47.564 | INFO     | N/A | ⏳ 等待 Profile 更新任务...
2026-07-22 18:23:52.618 | INFO     | N/A | ⏳ 等待 Profile 更新任务...
2026-07-22 18:23:57.650 | INFO     | N/A | ⏳ 等待 Profile 更新任务...
2026-07-22 18:24:02.683 | INFO     | N/A | ⏳ 等待 Profile 更新任务...
2026-07-22 18:24:07.717 | INFO     | N/A | ⏳ 等待 Profile 更新任务...
2026-07-22 18:24:12.751 | INFO     | N/A | ⏳ 等待 Profile 更新任务...
2026-07-22 18:24:17.780 | INFO     | N/A | ⏳ 等待 Profile 更新任务...
2026-07-22 18:24:22.825 | INFO     | N/A | ⏳ 等待 Profile 更新任务...
2026-07-22 18:24:27.858 | INFO     | N/A | ⏳ 等待 Profile 更新任务...
2026-07-22 18:24:32.892 | INFO     | N/A | ⏳ 等待 Profile 更新任务...
2026-07-22 18:24:37.925 | INFO     | N/A | ⏳ 等待 Profile 更新任务...
2026-07-22 18:24:42.953 | INFO     | N/A | ⏳ 等待 Profile 更新任务...
2026-07-22 18:24:47.987 | INFO     | N/A | ⏳ 等待 Profile 更新任务...
2026-07-22 18:24:53.016 | INFO     | N/A | ⏳ 等待 Profile 更新任务...
2026-07-22 18:24:58.045 | INFO     | N/A | ⏳ 等待 Profile 更新任务...
2026-07-22 18:25:03.082 | INFO     | N/A | ⏳ 等待 Profile 更新任务...
2026-07-22 18:25:08.122 | INFO     | N/A | ⏳ 等待 Profile 更新任务...
2026-07-22 18:25:13.187 | INFO     | N/A | ⏳ 等待 Profile 更新任务...
2026-07-22 18:25:18.255 | INFO     | N/A | ⏳ 等待 Profile 更新任务...
2026-07-22 18:25:23.298 | INFO     | N/A | ⏳ 等待 Profile 更新任务...
2026-07-22 18:25:28.329 | INFO     | N/A | ⏳ 等待 Profile 更新任务...
2026-07-22 18:25:33.362 | INFO     | N/A | ⏳ 等待 Profile 更新任务...
2026-07-22 18:25:38.396 | INFO     | N/A | ⏳ 等待 Profile 更新任务...
2026-07-22 18:25:43.433 | INFO     | N/A | ⏳ 等待 Profile 更新任务...
2026-07-22 18:25:48.471 | INFO     | N/A | ⏳ 等待 Profile 更新任务...
2026-07-22 18:25:53.533 | INFO     | N/A | ⏳ 等待 Profile 更新任务...
2026-07-22 18:25:58.566 | INFO     | N/A | ⏳ 等待 Profile 更新任务...
2026-07-22 18:26:03.605 | INFO     | N/A | ⏳ 等待 Profile 更新任务...
2026-07-22 18:26:08.638 | INFO     | N/A | ⏳ 等待 Profile 更新任务...
2026-07-22 18:26:13.674 | INFO     | N/A | ⏳ 等待 Profile 更新任务...
2026-07-22 18:26:18.716 | INFO     | N/A | ⏳ 等待 Profile 更新任务...
2026-07-22 18:26:23.750 | INFO     | N/A | ⏳ 等待 Profile 更新任务...
2026-07-22 18:26:28.802 | INFO     | N/A | ⏳ 等待 Profile 更新任务...
2026-07-22 18:26:33.839 | INFO     | N/A | ⏳ 等待 Profile 更新任务...
2026-07-22 18:26:38.876 | INFO     | N/A | ⏳ 等待 Profile 更新任务...
2026-07-22 18:26:43.910 | INFO     | N/A | ⏳ 等待 Profile 更新任务...
2026-07-22 18:26:48.944 | INFO     | N/A | ⏳ 等待 Profile 更新任务...
2026-07-22 18:26:53.978 | INFO     | N/A | ⏳ 等待 Profile 更新任务...
2026-07-22 18:26:59.013 | INFO     | N/A | ⏳ 等待 Profile 更新任务...
2026-07-22 18:27:04.046 | INFO     | N/A | ⏳ 等待 Profile 更新任务...
2026-07-22 18:27:09.085 | INFO     | N/A | ⏳ 等待 Profile 更新任务...
2026-07-22 18:27:14.117 | INFO     | N/A | ⏳ 等待 Profile 更新任务...
2026-07-22 18:27:19.147 | INFO     | N/A | ⏳ 等待 Profile 更新任务...
2026-07-22 18:27:24.180 | INFO     | N/A | ⏳ 等待 Profile 更新任务...
2026-07-22 18:27:29.215 | INFO     | N/A | ⏳ 等待 Profile 更新任务...
2026-07-22 18:27:34.247 | INFO     | N/A | ⏳ 等待 Profile 更新任务...
2026-07-22 18:27:39.307 | INFO     | N/A | ⏳ 等待 Profile 更新任务...
2026-07-22 18:27:44.348 | INFO     | N/A | ⏳ 等待 Profile 更新任务...
2026-07-22 18:27:49.422 | INFO     | N/A | ⏳ 等待 Profile 更新任务...
2026-07-22 18:27:54.515 | INFO     | N/A | ⏳ 等待 Profile 更新任务...
2026-07-22 18:27:59.551 | INFO     | N/A | ⏳ 等待 Profile 更新任务...
2026-07-22 18:28:04.592 | INFO     | N/A | ⏳ 等待 Profile 更新任务...
2026-07-22 18:28:09.649 | INFO     | N/A | ⏳ 等待 Profile 更新任务...
2026-07-22 18:28:14.695 | INFO     | N/A | ⏳ 等待 Profile 更新任务...
2026-07-22 18:28:19.733 | INFO     | N/A | ⏳ 等待 Profile 更新任务...
2026-07-22 18:28:24.760 | INFO     | N/A | ⏳ 等待 Profile 更新任务...
2026-07-22 18:28:29.796 | INFO     | N/A | ⏳ 等待 Profile 更新任务...
2026-07-22 18:28:34.841 | INFO     | N/A | ⏳ 等待 Profile 更新任务...
2026-07-22 18:28:39.869 | INFO     | N/A | ⏳ 等待 Profile 更新任务...
2026-07-22 18:28:44.904 | INFO     | N/A | ⏳ 等待 Profile 更新任务...
2026-07-22 18:28:49.932 | INFO     | N/A | ⏳ 等待 Profile 更新任务...
2026-07-22 18:28:54.969 | INFO     | N/A | ⏳ 等待 Profile 更新任务...
2026-07-22 18:29:00.024 | INFO     | N/A | ⏳ 等待 Profile 更新任务...
2026-07-22 18:29:05.077 | INFO     | N/A | ⏳ 等待 Profile 更新任务...
2026-07-22 18:29:10.123 | INFO     | N/A | ⏳ 等待 Profile 更新任务...
2026-07-22 18:29:15.204 | INFO     | N/A | ⏳ 等待 Profile 更新任务...
2026-07-22 18:29:20.372 | INFO     | N/A | ⏳ 等待 Profile 更新任务...
2026-07-22 18:29:25.449 | INFO     | N/A | ⏳ 等待 Profile 更新任务...
2026-07-22 18:29:30.480 | INFO     | N/A | ⏳ 等待 Profile 更新任务...
2026-07-22 18:29:35.514 | INFO     | N/A | ⏳ 等待 Profile 更新任务...
2026-07-22 18:29:40.541 | INFO     | N/A | ⏳ 等待 Profile 更新任务...
2026-07-22 18:29:45.571 | INFO     | N/A | ⏳ 等待 Profile 更新任务...
2026-07-22 18:29:50.647 | INFO     | N/A | ⏳ 等待 Profile 更新任务...
2026-07-22 18:29:55.694 | INFO     | N/A | ⏳ 等待 Profile 更新任务...
2026-07-22 18:30:00.754 | INFO     | N/A | ⏳ 等待 Profile 更新任务...
2026-07-22 18:30:05.785 | INFO     | N/A | ⏳ 等待 Profile 更新任务...
2026-07-22 18:30:10.829 | INFO     | N/A | ⏳ 等待 Profile 更新任务...
2026-07-22 18:30:15.867 | INFO     | N/A | ⏳ 等待 Profile 更新任务...
2026-07-22 18:30:20.901 | INFO     | N/A | ⏳ 等待 Profile 更新任务...
2026-07-22 18:30:25.934 | INFO     | N/A | ⏳ 等待 Profile 更新任务...
2026-07-22 18:30:30.988 | INFO     | N/A | ⏳ 等待 Profile 更新任务...
2026-07-22 18:30:36.032 | INFO     | N/A | ⏳ 等待 Profile 更新任务...
2026-07-22 18:30:41.071 | INFO     | N/A | ⏳ 等待 Profile 更新任务...
2026-07-22 18:30:46.108 | INFO     | N/A | ⏳ 等待 Profile 更新任务...
2026-07-22 18:30:51.138 | INFO     | N/A | ⏳ 等待 Profile 更新任务...
2026-07-22 18:30:56.171 | INFO     | N/A | ⏳ 等待 Profile 更新任务...
2026-07-22 18:31:01.214 | INFO     | N/A | ⏳ 等待 Profile 更新任务...
2026-07-22 18:31:06.245 | INFO     | N/A | ⏳ 等待 Profile 更新任务...
2026-07-22 18:31:11.271 | INFO     | N/A | ⏳ 等待 Profile 更新任务...
2026-07-22 18:31:16.297 | INFO     | N/A | ⏳ 等待 Profile 更新任务...
2026-07-22 18:31:21.332 | INFO     | N/A | ⏳ 等待 Profile 更新任务...
2026-07-22 18:31:26.368 | INFO     | N/A | ⏳ 等待 Profile 更新任务...
2026-07-22 18:31:31.407 | INFO     | N/A | ⏳ 等待 Profile 更新任务...
2026-07-22 18:31:36.440 | INFO     | N/A | ⏳ 等待 Profile 更新任务...
2026-07-22 18:31:41.475 | INFO     | N/A | ⏳ 等待 Profile 更新任务...
2026-07-22 18:31:46.509 | INFO     | N/A | ⏳ 等待 Profile 更新任务...
2026-07-22 18:31:51.549 | INFO     | N/A | ⏳ 等待 Profile 更新任务...
2026-07-22 18:31:56.595 | INFO     | N/A | ⏳ 等待 Profile 更新任务...
2026-07-22 18:32:01.635 | INFO     | N/A | ⏳ 等待 Profile 更新任务...
2026-07-22 18:32:06.670 | INFO     | N/A | ⏳ 等待 Profile 更新任务...
2026-07-22 18:32:11.702 | INFO     | N/A | ⏳ 等待 Profile 更新任务...
2026-07-22 18:32:16.744 | INFO     | N/A | ⏳ 等待 Profile 更新任务...
2026-07-22 18:32:21.826 | INFO     | N/A | ⏳ 等待 Profile 更新任务...
2026-07-22 18:32:26.862 | INFO     | N/A | ⏳ 等待 Profile 更新任务...
2026-07-22 18:32:31.895 | INFO     | N/A | ⏳ 等待 Profile 更新任务...
2026-07-22 18:32:36.931 | INFO     | N/A | ⏳ 等待 Profile 更新任务...
2026-07-22 18:32:41.975 | INFO     | N/A | ⏳ 等待 Profile 更新任务...
2026-07-22 18:32:47.000 | INFO     | N/A | ⏳ 等待 Profile 更新任务...
2026-07-22 18:32:52.032 | INFO     | N/A | ⏳ 等待 Profile 更新任务...
2026-07-22 18:32:57.113 | INFO     | N/A | ⏳ 等待 Profile 更新任务...
2026-07-22 18:33:02.146 | INFO     | N/A | ⏳ 等待 Profile 更新任务...
2026-07-22 18:33:07.186 | INFO     | N/A | ⏳ 等待 Profile 更新任务...
2026-07-22 18:33:12.232 | INFO     | N/A | ⏳ 等待 Profile 更新任务...
2026-07-22 18:33:17.322 | INFO     | N/A | ⏳ 等待 Profile 更新任务...
2026-07-22 18:33:22.357 | INFO     | N/A | ⏳ 等待 Profile 更新任务...
2026-07-22 18:33:27.422 | INFO     | N/A | ⏳ 等待 Profile 更新任务...
2026-07-22 18:33:32.458 | INFO     | N/A | ⏳ 等待 Profile 更新任务...
2026-07-22 18:33:37.492 | INFO     | N/A | ⏳ 等待 Profile 更新任务...
2026-07-22 18:33:42.522 | INFO     | N/A | ⏳ 等待 Profile 更新任务...
2026-07-22 18:33:47.561 | INFO     | N/A | ⏳ 等待 Profile 更新任务...
2026-07-22 18:33:52.616 | INFO     | N/A | ⏳ 等待 Profile 更新任务...
2026-07-22 18:33:57.678 | INFO     | N/A | ⏳ 等待 Profile 更新任务...
2026-07-22 18:34:02.716 | INFO     | N/A | ⏳ 等待 Profile 更新任务...
2026-07-22 18:34:07.750 | INFO     | N/A | ⏳ 等待 Profile 更新任务...
2026-07-22 18:34:12.846 | INFO     | N/A | ⏳ 等待 Profile 更新任务...
2026-07-22 18:34:17.920 | INFO     | N/A | ⏳ 等待 Profile 更新任务...
2026-07-22 18:34:22.981 | INFO     | N/A | ⏳ 等待 Profile 更新任务...
2026-07-22 18:34:28.004 | INFO     | N/A | ⏳ 等待 Profile 更新任务...
2026-07-22 18:34:33.029 | INFO     | N/A | ⏳ 等待 Profile 更新任务...
2026-07-22 18:34:38.055 | INFO     | N/A | ⏳ 等待 Profile 更新任务...
2026-07-22 18:34:43.090 | INFO     | N/A | ⏳ 等待 Profile 更新任务...
2026-07-22 18:34:48.123 | INFO     | N/A | ⏳ 等待 Profile 更新任务...
2026-07-22 18:34:53.159 | INFO     | N/A | ⏳ 等待 Profile 更新任务...
2026-07-22 18:34:58.199 | INFO     | N/A | ⏳ 等待 Profile 更新任务...
2026-07-22 18:35:03.247 | INFO     | N/A | ⏳ 等待 Profile 更新任务...
2026-07-22 18:35:08.287 | INFO     | N/A | ⏳ 等待 Profile 更新任务...
2026-07-22 18:35:13.324 | INFO     | N/A | ⏳ 等待 Profile 更新任务...
2026-07-22 18:35:18.364 | INFO     | N/A | ⏳ 等待 Profile 更新任务...
2026-07-22 18:35:23.410 | INFO     | N/A | ⏳ 等待 Profile 更新任务...
2026-07-22 18:35:28.443 | INFO     | N/A | ⏳ 等待 Profile 更新任务...
2026-07-22 18:35:33.476 | INFO     | N/A | ⏳ 等待 Profile 更新任务...
2026-07-22 18:35:38.523 | INFO     | N/A | ⏳ 等待 Profile 更新任务...
2026-07-22 18:35:43.561 | INFO     | N/A | ⏳ 等待 Profile 更新任务...
2026-07-22 18:35:48.594 | INFO     | N/A | ⏳ 等待 Profile 更新任务...
2026-07-22 18:35:53.691 | INFO     | N/A | ⏳ 等待 Profile 更新任务...
2026-07-22 18:35:58.709 | INFO     | N/A | ⏳ 等待 Profile 更新任务...
2026-07-22 18:36:03.748 | INFO     | N/A | ⏳ 等待 Profile 更新任务...
2026-07-22 18:36:08.781 | INFO     | N/A | ⏳ 等待 Profile 更新任务...
2026-07-22 18:36:13.856 | INFO     | N/A | ⏳ 等待 Profile 更新任务...
2026-07-22 18:36:18.893 | INFO     | N/A | ⏳ 等待 Profile 更新任务...
2026-07-22 18:36:23.931 | INFO     | N/A | ⏳ 等待 Profile 更新任务...
2026-07-22 18:36:28.970 | INFO     | N/A | ⏳ 等待 Profile 更新任务...
2026-07-22 18:36:34.012 | INFO     | N/A | ⏳ 等待 Profile 更新任务...
2026-07-22 18:36:39.052 | INFO     | N/A | ⏳ 等待 Profile 更新任务...
2026-07-22 18:36:44.085 | INFO     | N/A | ⏳ 等待 Profile 更新任务...
2026-07-22 18:36:49.125 | INFO     | N/A | ⏳ 等待 Profile 更新任务...
2026-07-22 18:36:54.161 | INFO     | N/A | ⏳ 等待 Profile 更新任务...
2026-07-22 18:36:59.197 | INFO     | N/A | ⏳ 等待 Profile 更新任务...
2026-07-22 18:37:04.269 | INFO     | N/A | ⏳ 等待 Profile 更新任务...
2026-07-22 18:37:09.307 | INFO     | N/A | ⏳ 等待 Profile 更新任务...
2026-07-22 18:37:14.352 | INFO     | N/A | ⏳ 等待 Profile 更新任务...
2026-07-22 18:37:19.393 | INFO     | N/A | ⏳ 等待 Profile 更新任务...
2026-07-22 18:37:24.432 | INFO     | N/A | ⏳ 等待 Profile 更新任务...
2026-07-22 18:37:29.496 | INFO     | N/A | ⏳ 等待 Profile 更新任务...
2026-07-22 18:37:34.534 | INFO     | N/A | ⏳ 等待 Profile 更新任务...
2026-07-22 18:37:39.571 | INFO     | N/A | ⏳ 等待 Profile 更新任务...
2026-07-22 18:37:44.605 | INFO     | N/A | ⏳ 等待 Profile 更新任务...
2026-07-22 18:37:49.640 | INFO     | N/A | ⏳ 等待 Profile 更新任务...
2026-07-22 18:37:54.733 | INFO     | N/A | ⏳ 等待 Profile 更新任务...
2026-07-22 18:37:59.766 | INFO     | N/A | ⏳ 等待 Profile 更新任务...
2026-07-22 18:38:04.799 | INFO     | N/A | ⏳ 等待 Profile 更新任务...
2026-07-22 18:38:09.839 | INFO     | N/A | ⏳ 等待 Profile 更新任务...
2026-07-22 18:38:14.902 | INFO     | N/A | ⏳ 等待 Profile 更新任务...
2026-07-22 18:38:20.012 | INFO     | N/A | ⏳ 等待 Profile 更新任务...
2026-07-22 18:38:25.053 | INFO     | N/A | ⏳ 等待 Profile 更新任务...
2026-07-22 18:38:30.089 | INFO     | N/A | ⏳ 等待 Profile 更新任务...
2026-07-22 18:38:35.144 | INFO     | N/A | ⏳ 等待 Profile 更新任务...
2026-07-22 18:38:40.180 | INFO     | N/A | ⏳ 等待 Profile 更新任务...
2026-07-22 18:38:45.215 | INFO     | N/A | ⏳ 等待 Profile 更新任务...
2026-07-22 18:38:50.249 | INFO     | N/A | ⏳ 等待 Profile 更新任务...
2026-07-22 18:38:55.306 | INFO     | N/A | ⏳ 等待 Profile 更新任务...
2026-07-22 18:39:00.342 | INFO     | N/A | ⏳ 等待 Profile 更新任务...
2026-07-22 18:39:05.375 | INFO     | N/A | ⏳ 等待 Profile 更新任务...
2026-07-22 18:39:10.412 | INFO     | N/A | ⏳ 等待 Profile 更新任务...
2026-07-22 18:39:15.449 | INFO     | N/A | ⏳ 等待 Profile 更新任务...
2026-07-22 18:39:20.487 | INFO     | N/A | ⏳ 等待 Profile 更新任务...
2026-07-22 18:39:25.521 | INFO     | N/A | ⏳ 等待 Profile 更新任务...
2026-07-22 18:39:30.555 | INFO     | N/A | ⏳ 等待 Profile 更新任务...
2026-07-22 18:39:35.592 | INFO     | N/A | ⏳ 等待 Profile 更新任务...
2026-07-22 18:39:40.636 | INFO     | N/A | ⏳ 等待 Profile 更新任务...
2026-07-22 18:39:45.677 | INFO     | N/A | ⏳ 等待 Profile 更新任务...
2026-07-22 18:39:50.713 | INFO     | N/A | ⏳ 等待 Profile 更新任务...
2026-07-22 18:39:55.832 | INFO     | N/A | ⏳ 等待 Profile 更新任务...
2026-07-22 18:40:00.871 | INFO     | N/A | ⏳ 等待 Profile 更新任务...
2026-07-22 18:40:05.912 | INFO     | N/A | ⏳ 等待 Profile 更新任务...
2026-07-22 18:40:10.951 | INFO     | N/A | ⏳ 等待 Profile 更新任务...
2026-07-22 18:40:16.009 | INFO     | N/A | ⏳ 等待 Profile 更新任务...
2026-07-22 18:40:21.048 | INFO     | N/A | ⏳ 等待 Profile 更新任务...
2026-07-22 18:40:26.085 | INFO     | N/A | ⏳ 等待 Profile 更新任务...
2026-07-22 18:40:31.149 | INFO     | N/A | ⏳ 等待 Profile 更新任务...
2026-07-22 18:40:36.192 | INFO     | N/A | ⏳ 等待 Profile 更新任务...
2026-07-22 18:40:41.230 | INFO     | N/A | ⏳ 等待 Profile 更新任务...
2026-07-22 18:40:46.268 | INFO     | N/A | ⏳ 等待 Profile 更新任务...
2026-07-22 18:40:51.303 | INFO     | N/A | ⏳ 等待 Profile 更新任务...
2026-07-22 18:40:56.341 | INFO     | N/A | ⏳ 等待 Profile 更新任务...
2026-07-22 18:41:01.376 | INFO     | N/A | ⏳ 等待 Profile 更新任务...
2026-07-22 18:41:06.409 | INFO     | N/A | ⏳ 等待 Profile 更新任务...
2026-07-22 18:41:11.440 | INFO     | N/A | ⏳ 等待 Profile 更新任务...
2026-07-22 18:41:16.475 | INFO     | N/A | ⏳ 等待 Profile 更新任务...
2026-07-22 18:41:21.510 | INFO     | N/A | ⏳ 等待 Profile 更新任务...
2026-07-22 18:41:26.546 | INFO     | N/A | ⏳ 等待 Profile 更新任务...
2026-07-22 18:41:31.584 | INFO     | N/A | ⏳ 等待 Profile 更新任务...
2026-07-22 18:41:36.631 | INFO     | N/A | ⏳ 等待 Profile 更新任务...
2026-07-22 18:41:41.672 | INFO     | N/A | ⏳ 等待 Profile 更新任务...
2026-07-22 18:41:46.706 | INFO     | N/A | ⏳ 等待 Profile 更新任务...
2026-07-22 18:41:51.784 | INFO     | N/A | ⏳ 等待 Profile 更新任务...
2026-07-22 18:41:56.847 | INFO     | N/A | ⏳ 等待 Profile 更新任务...
2026-07-22 18:42:01.882 | INFO     | N/A | ⏳ 等待 Profile 更新任务...
2026-07-22 18:42:06.919 | INFO     | N/A | ⏳ 等待 Profile 更新任务...
2026-07-22 18:42:11.983 | INFO     | N/A | ⏳ 等待 Profile 更新任务...
2026-07-22 18:42:17.019 | INFO     | N/A | ⏳ 等待 Profile 更新任务...
2026-07-22 18:42:22.056 | INFO     | N/A | ⏳ 等待 Profile 更新任务...
2026-07-22 18:42:27.087 | INFO     | N/A | ⏳ 等待 Profile 更新任务...
2026-07-22 18:42:32.121 | INFO     | N/A | ⏳ 等待 Profile 更新任务...
2026-07-22 18:42:37.158 | INFO     | N/A | ⏳ 等待 Profile 更新任务...
2026-07-22 18:42:42.218 | INFO     | N/A | ⏳ 等待 Profile 更新任务...
2026-07-22 18:42:47.273 | INFO     | N/A | ⏳ 等待 Profile 更新任务...
2026-07-22 18:42:52.316 | INFO     | N/A | ⏳ 等待 Profile 更新任务...
2026-07-22 18:42:57.351 | INFO     | N/A | ⏳ 等待 Profile 更新任务...
2026-07-22 18:43:02.387 | INFO     | N/A | ⏳ 等待 Profile 更新任务...
2026-07-22 18:43:07.423 | INFO     | N/A | ⏳ 等待 Profile 更新任务...
2026-07-22 18:43:12.458 | INFO     | N/A | ⏳ 等待 Profile 更新任务...
2026-07-22 18:43:17.502 | INFO     | N/A | ⏳ 等待 Profile 更新任务...
2026-07-22 18:43:22.541 | INFO     | N/A | ⏳ 等待 Profile 更新任务...
2026-07-22 18:43:27.575 | INFO     | N/A | ⏳ 等待 Profile 更新任务...
2026-07-22 18:43:32.610 | INFO     | N/A | ⏳ 等待 Profile 更新任务...
2026-07-22 18:43:37.645 | INFO     | N/A | ⏳ 等待 Profile 更新任务...
2026-07-22 18:43:42.683 | INFO     | N/A | ⏳ 等待 Profile 更新任务...
2026-07-22 18:43:47.762 | INFO     | N/A | ⏳ 等待 Profile 更新任务...
2026-07-22 18:43:52.828 | INFO     | N/A | ⏳ 等待 Profile 更新任务...
2026-07-22 18:43:57.840 | INFO     | N/A | ⏳ 等待 Profile 更新任务...
2026-07-22 18:44:02.874 | INFO     | N/A | ⏳ 等待 Profile 更新任务...
2026-07-22 18:44:07.912 | INFO     | N/A | ⏳ 等待 Profile 更新任务...
2026-07-22 18:44:12.955 | INFO     | N/A | ⏳ 等待 Profile 更新任务...
2026-07-22 18:44:17.993 | INFO     | N/A | ⏳ 等待 Profile 更新任务...
2026-07-22 18:44:23.035 | INFO     | N/A | ⏳ 等待 Profile 更新任务...
2026-07-22 18:44:28.070 | INFO     | N/A | ⏳ 等待 Profile 更新任务...
2026-07-22 18:44:33.103 | INFO     | N/A | ⏳ 等待 Profile 更新任务...
2026-07-22 18:44:38.140 | INFO     | N/A | ⏳ 等待 Profile 更新任务...
2026-07-22 18:44:43.183 | INFO     | N/A | ⏳ 等待 Profile 更新任务...
2026-07-22 18:44:48.217 | INFO     | N/A | ⏳ 等待 Profile 更新任务...
2026-07-22 18:44:53.253 | INFO     | N/A | ⏳ 等待 Profile 更新任务...
2026-07-22 18:44:58.297 | INFO     | N/A | ⏳ 等待 Profile 更新任务...
2026-07-22 18:45:03.329 | INFO     | N/A | ⏳ 等待 Profile 更新任务...
2026-07-22 18:45:08.369 | INFO     | N/A | ⏳ 等待 Profile 更新任务...
2026-07-22 18:45:13.409 | INFO     | N/A | ⏳ 等待 Profile 更新任务...
2026-07-22 18:45:18.446 | INFO     | N/A | ⏳ 等待 Profile 更新任务...
2026-07-22 18:45:23.484 | INFO     | N/A | ⏳ 等待 Profile 更新任务...
2026-07-22 18:45:28.520 | INFO     | N/A | ⏳ 等待 Profile 更新任务...
2026-07-22 18:45:33.557 | INFO     | N/A | ⏳ 等待 Profile 更新任务...
2026-07-22 18:45:38.591 | INFO     | N/A | ⏳ 等待 Profile 更新任务...
2026-07-22 18:45:43.625 | INFO     | N/A | ⏳ 等待 Profile 更新任务...
2026-07-22 18:45:48.668 | INFO     | N/A | ⏳ 等待 Profile 更新任务...
2026-07-22 18:45:53.703 | INFO     | N/A | ⏳ 等待 Profile 更新任务...
2026-07-22 18:45:58.779 | INFO     | N/A | ⏳ 等待 Profile 更新任务...
2026-07-22 18:46:03.811 | INFO     | N/A | ⏳ 等待 Profile 更新任务...
2026-07-22 18:46:08.850 | INFO     | N/A | ⏳ 等待 Profile 更新任务...
2026-07-22 18:46:13.887 | INFO     | N/A | ⏳ 等待 Profile 更新任务...
2026-07-22 18:46:18.928 | INFO     | N/A | ⏳ 等待 Profile 更新任务...
2026-07-22 18:46:23.967 | INFO     | N/A | ⏳ 等待 Profile 更新任务...
2026-07-22 18:46:29.005 | INFO     | N/A | ⏳ 等待 Profile 更新任务...
2026-07-22 18:46:34.044 | INFO     | N/A | ⏳ 等待 Profile 更新任务...
2026-07-22 18:46:39.077 | INFO     | N/A | ⏳ 等待 Profile 更新任务...
2026-07-22 18:46:44.163 | INFO     | N/A | ⏳ 等待 Profile 更新任务...
2026-07-22 18:46:49.202 | INFO     | N/A | ⏳ 等待 Profile 更新任务...
2026-07-22 18:46:54.237 | INFO     | N/A | ⏳ 等待 Profile 更新任务...
2026-07-22 18:46:59.273 | INFO     | N/A | ⏳ 等待 Profile 更新任务...
2026-07-22 18:47:04.306 | INFO     | N/A | ⏳ 等待 Profile 更新任务...
2026-07-22 18:47:09.339 | INFO     | N/A | ⏳ 等待 Profile 更新任务...
2026-07-22 18:47:14.379 | INFO     | N/A | ⏳ 等待 Profile 更新任务...
2026-07-22 18:47:19.415 | INFO     | N/A | ⏳ 等待 Profile 更新任务...
2026-07-22 18:47:24.454 | INFO     | N/A | ⏳ 等待 Profile 更新任务...
2026-07-22 18:47:29.505 | INFO     | N/A | ⏳ 等待 Profile 更新任务...
2026-07-22 18:47:34.541 | INFO     | N/A | ⏳ 等待 Profile 更新任务...
2026-07-22 18:47:39.577 | INFO     | N/A | ⏳ 等待 Profile 更新任务...
2026-07-22 18:47:44.617 | INFO     | N/A | ⏳ 等待 Profile 更新任务...
2026-07-22 18:47:49.660 | INFO     | N/A | ⏳ 等待 Profile 更新任务...
2026-07-22 18:47:54.696 | INFO     | N/A | ⏳ 等待 Profile 更新任务...
2026-07-22 18:47:59.722 | INFO     | N/A | ⏳ 等待 Profile 更新任务...
2026-07-22 18:48:04.763 | INFO     | N/A | ⏳ 等待 Profile 更新任务...
2026-07-22 18:48:09.807 | INFO     | N/A | ⏳ 等待 Profile 更新任务...
2026-07-22 18:48:14.844 | INFO     | N/A | ⏳ 等待 Profile 更新任务...
2026-07-22 18:48:19.860 | INFO     | N/A | ⏳ 等待 Profile 更新任务...
2026-07-22 18:48:24.900 | INFO     | N/A | ⏳ 等待 Profile 更新任务...
2026-07-22 18:48:29.937 | INFO     | N/A | ⏳ 等待 Profile 更新任务...
2026-07-22 18:48:34.971 | INFO     | N/A | ⏳ 等待 Profile 更新任务...
2026-07-22 18:48:40.008 | INFO     | N/A | ⏳ 等待 Profile 更新任务...
2026-07-22 18:48:45.047 | INFO     | N/A | ⏳ 等待 Profile 更新任务...
2026-07-22 18:48:50.086 | INFO     | N/A | ⏳ 等待 Profile 更新任务...
2026-07-22 18:48:55.117 | INFO     | N/A | ⏳ 等待 Profile 更新任务...
2026-07-22 18:49:00.153 | INFO     | N/A | ⏳ 等待 Profile 更新任务...
2026-07-22 18:49:05.189 | INFO     | N/A | ⏳ 等待 Profile 更新任务...
2026-07-22 18:49:10.223 | INFO     | N/A | ⏳ 等待 Profile 更新任务...
2026-07-22 18:49:15.261 | INFO     | N/A | ⏳ 等待 Profile 更新任务...
2026-07-22 18:49:20.299 | INFO     | N/A | ⏳ 等待 Profile 更新任务...
2026-07-22 18:49:25.339 | INFO     | N/A | ⏳ 等待 Profile 更新任务...
2026-07-22 18:49:30.379 | INFO     | N/A | ⏳ 等待 Profile 更新任务...
2026-07-22 18:49:35.417 | INFO     | N/A | ⏳ 等待 Profile 更新任务...
2026-07-22 18:49:40.454 | INFO     | N/A | ⏳ 等待 Profile 更新任务...
2026-07-22 18:49:45.493 | INFO     | N/A | ⏳ 等待 Profile 更新任务...
2026-07-22 18:49:50.534 | INFO     | N/A | ⏳ 等待 Profile 更新任务...
2026-07-22 18:49:55.572 | INFO     | N/A | ⏳ 等待 Profile 更新任务...
2026-07-22 18:50:00.595 | INFO     | N/A | ⏳ 等待 Profile 更新任务...
2026-07-22 18:50:05.637 | INFO     | N/A | ⏳ 等待 Profile 更新任务...
2026-07-22 18:50:10.677 | INFO     | N/A | ⏳ 等待 Profile 更新任务...
2026-07-22 18:50:15.720 | INFO     | N/A | ⏳ 等待 Profile 更新任务...
2026-07-22 18:50:20.761 | INFO     | N/A | ⏳ 等待 Profile 更新任务...
2026-07-22 18:50:25.797 | INFO     | N/A | ⏳ 等待 Profile 更新任务...
2026-07-22 18:50:30.835 | INFO     | N/A | ⏳ 等待 Profile 更新任务...
2026-07-22 18:50:35.874 | INFO     | N/A | ⏳ 等待 Profile 更新任务...
2026-07-22 18:50:40.915 | INFO     | N/A | ⏳ 等待 Profile 更新任务...
2026-07-22 18:50:45.950 | INFO     | N/A | ⏳ 等待 Profile 更新任务...
2026-07-22 18:50:50.986 | INFO     | N/A | ⏳ 等待 Profile 更新任务...
2026-07-22 18:50:56.023 | INFO     | N/A | ⏳ 等待 Profile 更新任务...
2026-07-22 18:51:01.061 | INFO     | N/A | ⏳ 等待 Profile 更新任务...
2026-07-22 18:51:06.099 | INFO     | N/A | ⏳ 等待 Profile 更新任务...
2026-07-22 18:51:11.128 | INFO     | N/A | ⏳ 等待 Profile 更新任务...
2026-07-22 18:51:16.161 | INFO     | N/A | ⏳ 等待 Profile 更新任务...
2026-07-22 18:51:21.200 | INFO     | N/A | ⏳ 等待 Profile 更新任务...
2026-07-22 18:51:26.236 | INFO     | N/A | ⏳ 等待 Profile 更新任务...
2026-07-22 18:51:31.275 | INFO     | N/A | ⏳ 等待 Profile 更新任务...
2026-07-22 18:51:36.311 | INFO     | N/A | ⏳ 等待 Profile 更新任务...
2026-07-22 18:51:41.347 | INFO     | N/A | ⏳ 等待 Profile 更新任务...
2026-07-22 18:51:46.382 | INFO     | N/A | ⏳ 等待 Profile 更新任务...
2026-07-22 18:51:51.425 | INFO     | N/A | ⏳ 等待 Profile 更新任务...
2026-07-22 18:51:56.457 | INFO     | N/A | ⏳ 等待 Profile 更新任务...
2026-07-22 18:52:01.483 | INFO     | N/A | ⏳ 等待 Profile 更新任务...
2026-07-22 18:52:06.518 | INFO     | N/A | ⏳ 等待 Profile 更新任务...
2026-07-22 18:52:11.555 | INFO     | N/A | ⏳ 等待 Profile 更新任务...
2026-07-22 18:52:16.589 | INFO     | N/A | ⏳ 等待 Profile 更新任务...
2026-07-22 18:52:21.629 | INFO     | N/A | ⏳ 等待 Profile 更新任务...
2026-07-22 18:52:26.666 | INFO     | N/A | ⏳ 等待 Profile 更新任务...
2026-07-22 18:52:31.768 | INFO     | N/A | ⏳ 等待 Profile 更新任务...
2026-07-22 18:52:36.808 | INFO     | N/A | ⏳ 等待 Profile 更新任务...
2026-07-22 18:52:41.852 | INFO     | N/A | ⏳ 等待 Profile 更新任务...
2026-07-22 18:52:46.889 | INFO     | N/A | ⏳ 等待 Profile 更新任务...
2026-07-22 18:52:51.929 | INFO     | N/A | ⏳ 等待 Profile 更新任务...
2026-07-22 18:52:56.968 | INFO     | N/A | ⏳ 等待 Profile 更新任务...
2026-07-22 18:53:02.006 | INFO     | N/A | ⏳ 等待 Profile 更新任务...
2026-07-22 18:53:07.039 | INFO     | N/A | ⏳ 等待 Profile 更新任务...
2026-07-22 18:53:12.076 | INFO     | N/A | ⏳ 等待 Profile 更新任务...
2026-07-22 18:53:17.103 | INFO     | N/A | ⏳ 等待 Profile 更新任务...
2026-07-22 18:53:22.188 | INFO     | N/A | ⏳ 等待 Profile 更新任务...
2026-07-22 18:53:27.215 | INFO     | N/A | ⏳ 等待 Profile 更新任务...
2026-07-22 18:53:32.256 | INFO     | N/A | ⏳ 等待 Profile 更新任务...
2026-07-22 18:53:37.294 | INFO     | N/A | ⏳ 等待 Profile 更新任务...
2026-07-22 18:53:42.330 | INFO     | N/A | ⏳ 等待 Profile 更新任务...
2026-07-22 18:53:47.367 | INFO     | N/A | ⏳ 等待 Profile 更新任务...
2026-07-22 18:53:52.437 | INFO     | N/A | ⏳ 等待 Profile 更新任务...
2026-07-22 18:53:57.484 | INFO     | N/A | ⏳ 等待 Profile 更新任务...
2026-07-22 18:54:02.546 | INFO     | N/A | ⏳ 等待 Profile 更新任务...
2026-07-22 18:54:07.607 | INFO     | N/A | ⏳ 等待 Profile 更新任务...
2026-07-22 18:54:12.640 | INFO     | N/A | ⏳ 等待 Profile 更新任务...
2026-07-22 18:54:17.680 | INFO     | N/A | ⏳ 等待 Profile 更新任务...
2026-07-22 18:54:22.724 | INFO     | N/A | ⏳ 等待 Profile 更新任务...
2026-07-22 18:54:27.756 | INFO     | N/A | ⏳ 等待 Profile 更新任务...
2026-07-22 18:54:32.794 | INFO     | N/A | ⏳ 等待 Profile 更新任务...
2026-07-22 18:54:37.830 | INFO     | N/A | ⏳ 等待 Profile 更新任务...
2026-07-22 18:54:42.869 | INFO     | N/A | ⏳ 等待 Profile 更新任务...
2026-07-22 18:54:47.906 | INFO     | N/A | ⏳ 等待 Profile 更新任务...
2026-07-22 18:54:52.943 | INFO     | N/A | ⏳ 等待 Profile 更新任务...
2026-07-22 18:54:57.976 | INFO     | N/A | ⏳ 等待 Profile 更新任务...
2026-07-22 18:55:03.013 | INFO     | N/A | ⏳ 等待 Profile 更新任务...
2026-07-22 18:55:08.054 | INFO     | N/A | ⏳ 等待 Profile 更新任务...
2026-07-22 18:55:13.093 | INFO     | N/A | ⏳ 等待 Profile 更新任务...
2026-07-22 18:55:18.130 | INFO     | N/A | ⏳ 等待 Profile 更新任务...
2026-07-22 18:55:23.167 | INFO     | N/A | ⏳ 等待 Profile 更新任务...
2026-07-22 18:55:28.207 | INFO     | N/A | ⏳ 等待 Profile 更新任务...
2026-07-22 18:55:33.247 | INFO     | N/A | ⏳ 等待 Profile 更新任务...
2026-07-22 18:55:38.281 | INFO     | N/A | ⏳ 等待 Profile 更新任务...
2026-07-22 18:55:43.322 | INFO     | N/A | ⏳ 等待 Profile 更新任务...
2026-07-22 18:55:48.362 | INFO     | N/A | ⏳ 等待 Profile 更新任务...
2026-07-22 18:55:53.419 | INFO     | N/A | ⏳ 等待 Profile 更新任务...
2026-07-22 18:55:58.461 | INFO     | N/A | ⏳ 等待 Profile 更新任务...
2026-07-22 18:56:03.528 | INFO     | N/A | ⏳ 等待 Profile 更新任务...
2026-07-22 18:56:08.570 | INFO     | N/A | ⏳ 等待 Profile 更新任务...
2026-07-22 18:56:13.609 | INFO     | N/A | ⏳ 等待 Profile 更新任务...
2026-07-22 18:56:18.679 | INFO     | N/A | ⏳ 等待 Profile 更新任务...
2026-07-22 18:56:23.716 | INFO     | N/A | ⏳ 等待 Profile 更新任务...
2026-07-22 18:56:28.747 | INFO     | N/A | ⏳ 等待 Profile 更新任务...
2026-07-22 18:56:33.782 | INFO     | N/A | ⏳ 等待 Profile 更新任务...
2026-07-22 18:56:38.817 | INFO     | N/A | ⏳ 等待 Profile 更新任务...
2026-07-22 18:56:43.853 | INFO     | N/A | ⏳ 等待 Profile 更新任务...
2026-07-22 18:56:48.893 | INFO     | N/A | ⏳ 等待 Profile 更新任务...
2026-07-22 18:56:53.938 | INFO     | N/A | ⏳ 等待 Profile 更新任务...
2026-07-22 18:56:58.976 | INFO     | N/A | ⏳ 等待 Profile 更新任务...
2026-07-22 18:57:04.013 | INFO     | N/A | ⏳ 等待 Profile 更新任务...
2026-07-22 18:57:09.050 | INFO     | N/A | ⏳ 等待 Profile 更新任务...
2026-07-22 18:57:14.085 | INFO     | N/A | ⏳ 等待 Profile 更新任务...
2026-07-22 18:57:19.122 | INFO     | N/A | ⏳ 等待 Profile 更新任务...
2026-07-22 18:57:24.161 | INFO     | N/A | ⏳ 等待 Profile 更新任务...
2026-07-22 18:57:29.198 | INFO     | N/A | ⏳ 等待 Profile 更新任务...
2026-07-22 18:57:34.233 | INFO     | N/A | ⏳ 等待 Profile 更新任务...
2026-07-22 18:57:39.273 | INFO     | N/A | ⏳ 等待 Profile 更新任务...
2026-07-22 18:57:44.308 | INFO     | N/A | ⏳ 等待 Profile 更新任务...
2026-07-22 18:57:49.346 | INFO     | N/A | ⏳ 等待 Profile 更新任务...
2026-07-22 18:57:54.385 | INFO     | N/A | ⏳ 等待 Profile 更新任务...
2026-07-22 18:57:59.424 | INFO     | N/A | ⏳ 等待 Profile 更新任务...
2026-07-22 18:58:04.516 | INFO     | N/A | ⏳ 等待 Profile 更新任务...
2026-07-22 18:58:09.551 | INFO     | N/A | ⏳ 等待 Profile 更新任务...
2026-07-22 18:58:14.600 | INFO     | N/A | ⏳ 等待 Profile 更新任务...
2026-07-22 18:58:19.635 | INFO     | N/A | ⏳ 等待 Profile 更新任务...
2026-07-22 18:58:24.673 | INFO     | N/A | ⏳ 等待 Profile 更新任务...
2026-07-22 18:58:29.711 | INFO     | N/A | ⏳ 等待 Profile 更新任务...
2026-07-22 18:58:34.787 | INFO     | N/A | ⏳ 等待 Profile 更新任务...
2026-07-22 18:58:39.821 | INFO     | N/A | ⏳ 等待 Profile 更新任务...
2026-07-22 18:58:44.857 | INFO     | N/A | ⏳ 等待 Profile 更新任务...
2026-07-22 18:58:49.894 | INFO     | N/A | ⏳ 等待 Profile 更新任务...
2026-07-22 18:58:54.957 | INFO     | N/A | ⏳ 等待 Profile 更新任务...
2026-07-22 18:58:59.992 | INFO     | N/A | ⏳ 等待 Profile 更新任务...
2026-07-22 18:59:05.026 | INFO     | N/A | ⏳ 等待 Profile 更新任务...
2026-07-22 18:59:10.081 | INFO     | N/A | ⏳ 等待 Profile 更新任务...
2026-07-22 18:59:15.121 | INFO     | N/A | ⏳ 等待 Profile 更新任务...
2026-07-22 18:59:20.156 | INFO     | N/A | ⏳ 等待 Profile 更新任务...
2026-07-22 18:59:25.191 | INFO     | N/A | ⏳ 等待 Profile 更新任务...
2026-07-22 18:59:30.227 | INFO     | N/A | ⏳ 等待 Profile 更新任务...
2026-07-22 18:59:35.264 | INFO     | N/A | ⏳ 等待 Profile 更新任务...
2026-07-22 18:59:40.302 | INFO     | N/A | ⏳ 等待 Profile 更新任务...
2026-07-22 18:59:45.341 | INFO     | N/A | ⏳ 等待 Profile 更新任务...
2026-07-22 18:59:50.377 | INFO     | N/A | ⏳ 等待 Profile 更新任务...
2026-07-22 18:59:55.417 | INFO     | N/A | ⏳ 等待 Profile 更新任务...
2026-07-22 19:00:00.500 | INFO     | N/A | ⏳ 等待 Profile 更新任务...
2026-07-22 19:00:05.544 | INFO     | N/A | ⏳ 等待 Profile 更新任务...
2026-07-22 19:00:10.584 | INFO     | N/A | ⏳ 等待 Profile 更新任务...
2026-07-22 19:00:15.622 | INFO     | N/A | ⏳ 等待 Profile 更新任务...
2026-07-22 19:00:20.658 | INFO     | N/A | ⏳ 等待 Profile 更新任务...
2026-07-22 19:00:25.705 | INFO     | N/A | ⏳ 等待 Profile 更新任务...
2026-07-22 19:00:30.745 | INFO     | N/A | ⏳ 等待 Profile 更新任务...
2026-07-22 19:00:35.781 | INFO     | N/A | ⏳ 等待 Profile 更新任务...
2026-07-22 19:00:40.813 | INFO     | N/A | ⏳ 等待 Profile 更新任务...
2026-07-22 19:00:45.852 | INFO     | N/A | ⏳ 等待 Profile 更新任务...
2026-07-22 19:00:50.890 | INFO     | N/A | ⏳ 等待 Profile 更新任务...
2026-07-22 19:00:55.963 | INFO     | N/A | ⏳ 等待 Profile 更新任务...
2026-07-22 19:01:01.061 | INFO     | N/A | ⏳ 等待 Profile 更新任务...
2026-07-22 19:01:06.091 | INFO     | N/A | ⏳ 等待 Profile 更新任务...
2026-07-22 19:01:11.126 | INFO     | N/A | ⏳ 等待 Profile 更新任务...
2026-07-22 19:01:16.165 | INFO     | N/A | ⏳ 等待 Profile 更新任务...
2026-07-22 19:01:21.202 | INFO     | N/A | ⏳ 等待 Profile 更新任务...
2026-07-22 19:01:26.240 | INFO     | N/A | ⏳ 等待 Profile 更新任务...
2026-07-22 19:01:31.276 | INFO     | N/A | ⏳ 等待 Profile 更新任务...
2026-07-22 19:01:36.321 | INFO     | N/A | ⏳ 等待 Profile 更新任务...
2026-07-22 19:01:41.354 | INFO     | N/A | ⏳ 等待 Profile 更新任务...
2026-07-22 19:01:46.390 | INFO     | N/A | ⏳ 等待 Profile 更新任务...
2026-07-22 19:01:51.432 | INFO     | N/A | ⏳ 等待 Profile 更新任务...
2026-07-22 19:01:56.469 | INFO     | N/A | ⏳ 等待 Profile 更新任务...
2026-07-22 19:02:01.563 | INFO     | N/A | ⏳ 等待 Profile 更新任务...
2026-07-22 19:02:06.609 | INFO     | N/A | ⏳ 等待 Profile 更新任务...
2026-07-22 19:02:11.663 | INFO     | N/A | ⏳ 等待 Profile 更新任务...
2026-07-22 19:02:16.707 | INFO     | N/A | ⏳ 等待 Profile 更新任务...
2026-07-22 19:02:21.748 | INFO     | N/A | ⏳ 等待 Profile 更新任务...
2026-07-22 19:02:26.785 | INFO     | N/A | ⏳ 等待 Profile 更新任务...
2026-07-22 19:02:31.850 | INFO     | N/A | ⏳ 等待 Profile 更新任务...
2026-07-22 19:02:36.890 | INFO     | N/A | ⏳ 等待 Profile 更新任务...
2026-07-22 19:02:41.916 | INFO     | N/A | ⏳ 等待 Profile 更新任务...
2026-07-22 19:02:46.949 | INFO     | N/A | ⏳ 等待 Profile 更新任务...
2026-07-22 19:02:51.988 | INFO     | N/A | ⏳ 等待 Profile 更新任务...
2026-07-22 19:02:57.029 | INFO     | N/A | ⏳ 等待 Profile 更新任务...
2026-07-22 19:03:02.066 | INFO     | N/A | ⏳ 等待 Profile 更新任务...
2026-07-22 19:03:07.103 | INFO     | N/A | ⏳ 等待 Profile 更新任务...
2026-07-22 19:03:12.141 | INFO     | N/A | ⏳ 等待 Profile 更新任务...
2026-07-22 19:03:17.193 | INFO     | N/A | ⏳ 等待 Profile 更新任务...
2026-07-22 19:03:22.259 | INFO     | N/A | ⏳ 等待 Profile 更新任务...
2026-07-22 19:03:27.303 | INFO     | N/A | ⏳ 等待 Profile 更新任务...
2026-07-22 19:03:32.340 | INFO     | N/A | ⏳ 等待 Profile 更新任务...
2026-07-22 19:03:37.382 | INFO     | N/A | ⏳ 等待 Profile 更新任务...
2026-07-22 19:03:42.417 | INFO     | N/A | ⏳ 等待 Profile 更新任务...
2026-07-22 19:03:47.457 | INFO     | N/A | ⏳ 等待 Profile 更新任务...
2026-07-22 19:03:52.505 | INFO     | N/A | ⏳ 等待 Profile 更新任务...
2026-07-22 19:03:57.546 | INFO     | N/A | ⏳ 等待 Profile 更新任务...
2026-07-22 19:04:02.594 | INFO     | N/A | ⏳ 等待 Profile 更新任务...
2026-07-22 19:04:07.636 | INFO     | N/A | ⏳ 等待 Profile 更新任务...
2026-07-22 19:04:12.673 | INFO     | N/A | ⏳ 等待 Profile 更新任务...
2026-07-22 19:04:17.761 | INFO     | N/A | ⏳ 等待 Profile 更新任务...
2026-07-22 19:04:22.799 | INFO     | N/A | ⏳ 等待 Profile 更新任务...
2026-07-22 19:04:27.835 | INFO     | N/A | ⏳ 等待 Profile 更新任务...
2026-07-22 19:04:32.870 | INFO     | N/A | ⏳ 等待 Profile 更新任务...
2026-07-22 19:04:37.906 | INFO     | N/A | ⏳ 等待 Profile 更新任务...
2026-07-22 19:04:42.944 | INFO     | N/A | ⏳ 等待 Profile 更新任务...
2026-07-22 19:04:47.979 | INFO     | N/A | ⏳ 等待 Profile 更新任务...
2026-07-22 19:04:53.013 | INFO     | N/A | ⏳ 等待 Profile 更新任务...
2026-07-22 19:04:58.050 | INFO     | N/A | ⏳ 等待 Profile 更新任务...
2026-07-22 19:05:03.099 | INFO     | N/A | ⏳ 等待 Profile 更新任务...
2026-07-22 19:05:08.142 | INFO     | N/A | ⏳ 等待 Profile 更新任务...
2026-07-22 19:05:13.179 | INFO     | N/A | ⏳ 等待 Profile 更新任务...
2026-07-22 19:05:18.259 | INFO     | N/A | ⏳ 等待 Profile 更新任务...
2026-07-22 19:05:23.298 | INFO     | N/A | ⏳ 等待 Profile 更新任务...
2026-07-22 19:05:28.337 | INFO     | N/A | ⏳ 等待 Profile 更新任务...
2026-07-22 19:05:33.370 | INFO     | N/A | ⏳ 等待 Profile 更新任务...
2026-07-22 19:05:38.404 | INFO     | N/A | ⏳ 等待 Profile 更新任务...
2026-07-22 19:05:43.438 | INFO     | N/A | ⏳ 等待 Profile 更新任务...
2026-07-22 19:05:48.477 | INFO     | N/A | ⏳ 等待 Profile 更新任务...
2026-07-22 19:05:53.512 | INFO     | N/A | ⏳ 等待 Profile 更新任务...
2026-07-22 19:05:58.555 | INFO     | N/A | ⏳ 等待 Profile 更新任务...
2026-07-22 19:06:03.572 | INFO     | N/A | ⏳ 等待 Profile 更新任务...
2026-07-22 19:06:08.608 | INFO     | N/A | ⏳ 等待 Profile 更新任务...
2026-07-22 19:06:13.646 | INFO     | N/A | ⏳ 等待 Profile 更新任务...
2026-07-22 19:06:18.681 | INFO     | N/A | ⏳ 等待 Profile 更新任务...
2026-07-22 19:06:23.723 | INFO     | N/A | ⏳ 等待 Profile 更新任务...
2026-07-22 19:06:28.763 | INFO     | N/A | ⏳ 等待 Profile 更新任务...
2026-07-22 19:06:33.811 | INFO     | N/A | ⏳ 等待 Profile 更新任务...
2026-07-22 19:06:38.845 | INFO     | N/A | ⏳ 等待 Profile 更新任务...
2026-07-22 19:06:43.884 | INFO     | N/A | ⏳ 等待 Profile 更新任务...
2026-07-22 19:06:48.922 | INFO     | N/A | ⏳ 等待 Profile 更新任务...
2026-07-22 19:06:53.962 | INFO     | N/A | ⏳ 等待 Profile 更新任务...
2026-07-22 19:06:59.002 | INFO     | N/A | ⏳ 等待 Profile 更新任务...
2026-07-22 19:07:04.039 | INFO     | N/A | ⏳ 等待 Profile 更新任务...
2026-07-22 19:07:09.073 | INFO     | N/A | ⏳ 等待 Profile 更新任务...
2026-07-22 19:07:14.106 | INFO     | N/A | ⏳ 等待 Profile 更新任务...
2026-07-22 19:07:19.142 | INFO     | N/A | ⏳ 等待 Profile 更新任务...
2026-07-22 19:07:24.182 | INFO     | N/A | ⏳ 等待 Profile 更新任务...
2026-07-22 19:07:29.219 | INFO     | N/A | ⏳ 等待 Profile 更新任务...
2026-07-22 19:07:34.255 | INFO     | N/A | ⏳ 等待 Profile 更新任务...
2026-07-22 19:07:39.290 | INFO     | N/A | ⏳ 等待 Profile 更新任务...
2026-07-22 19:07:44.300 | INFO     | N/A | ⏳ 等待 Profile 更新任务...
2026-07-22 19:07:49.336 | INFO     | N/A | ⏳ 等待 Profile 更新任务...
2026-07-22 19:07:54.373 | INFO     | N/A | ⏳ 等待 Profile 更新任务...
2026-07-22 19:07:59.414 | INFO     | N/A | ⏳ 等待 Profile 更新任务...
2026-07-22 19:08:04.453 | INFO     | N/A | ⏳ 等待 Profile 更新任务...
2026-07-22 19:08:09.490 | INFO     | N/A | ⏳ 等待 Profile 更新任务...
2026-07-22 19:08:14.517 | INFO     | N/A | ⏳ 等待 Profile 更新任务...
2026-07-22 19:08:19.576 | INFO     | N/A | ⏳ 等待 Profile 更新任务...
2026-07-22 19:08:24.615 | INFO     | N/A | ⏳ 等待 Profile 更新任务...
2026-07-22 19:08:29.685 | INFO     | N/A | ⏳ 等待 Profile 更新任务...
2026-07-22 19:08:34.724 | INFO     | N/A | ⏳ 等待 Profile 更新任务...
2026-07-22 19:08:39.828 | INFO     | N/A | ⏳ 等待 Profile 更新任务...
2026-07-22 19:08:44.862 | INFO     | N/A | ⏳ 等待 Profile 更新任务...
2026-07-22 19:08:49.897 | INFO     | N/A | ⏳ 等待 Profile 更新任务...
2026-07-22 19:08:54.933 | INFO     | N/A | ⏳ 等待 Profile 更新任务...
2026-07-22 19:09:00.009 | INFO     | N/A | ⏳ 等待 Profile 更新任务...
2026-07-22 19:09:05.045 | INFO     | N/A | ⏳ 等待 Profile 更新任务...
2026-07-22 19:09:10.083 | INFO     | N/A | ⏳ 等待 Profile 更新任务...
2026-07-22 19:09:15.181 | INFO     | N/A | ⏳ 等待 Profile 更新任务...
2026-07-22 19:09:20.225 | INFO     | N/A | ⏳ 等待 Profile 更新任务...
2026-07-22 19:09:25.264 | INFO     | N/A | ⏳ 等待 Profile 更新任务...
2026-07-22 19:09:30.340 | INFO     | N/A | ⏳ 等待 Profile 更新任务...
2026-07-22 19:09:35.377 | INFO     | N/A | ⏳ 等待 Profile 更新任务...
2026-07-22 19:09:40.412 | INFO     | N/A | ⏳ 等待 Profile 更新任务...
2026-07-22 19:09:45.444 | INFO     | N/A | ⏳ 等待 Profile 更新任务...
2026-07-22 19:09:50.480 | INFO     | N/A | ⏳ 等待 Profile 更新任务...
2026-07-22 19:09:55.513 | INFO     | N/A | ⏳ 等待 Profile 更新任务...
2026-07-22 19:10:00.587 | INFO     | N/A | ⏳ 等待 Profile 更新任务...
2026-07-22 19:10:05.649 | INFO     | N/A | ⏳ 等待 Profile 更新任务...
2026-07-22 19:10:10.689 | INFO     | N/A | ⏳ 等待 Profile 更新任务...
2026-07-22 19:10:15.736 | INFO     | N/A | ⏳ 等待 Profile 更新任务...
2026-07-22 19:10:20.773 | INFO     | N/A | ⏳ 等待 Profile 更新任务...
2026-07-22 19:10:25.812 | INFO     | N/A | ⏳ 等待 Profile 更新任务...
2026-07-22 19:10:30.852 | INFO     | N/A | ⏳ 等待 Profile 更新任务...
2026-07-22 19:10:35.894 | INFO     | N/A | ⏳ 等待 Profile 更新任务...
2026-07-22 19:10:40.929 | INFO     | N/A | ⏳ 等待 Profile 更新任务...
2026-07-22 19:10:45.963 | INFO     | N/A | ⏳ 等待 Profile 更新任务...
2026-07-22 19:10:51.001 | INFO     | N/A | ⏳ 等待 Profile 更新任务...
2026-07-22 19:10:56.078 | INFO     | N/A | ⏳ 等待 Profile 更新任务...
2026-07-22 19:11:01.116 | INFO     | N/A | ⏳ 等待 Profile 更新任务...
2026-07-22 19:11:06.156 | INFO     | N/A | ⏳ 等待 Profile 更新任务...
2026-07-22 19:11:11.189 | INFO     | N/A | ⏳ 等待 Profile 更新任务...
2026-07-22 19:11:16.225 | INFO     | N/A | ⏳ 等待 Profile 更新任务...
2026-07-22 19:11:21.274 | INFO     | N/A | ⏳ 等待 Profile 更新任务...
2026-07-22 19:11:26.299 | INFO     | N/A | ⏳ 等待 Profile 更新任务...
2026-07-22 19:11:31.337 | INFO     | N/A | ⏳ 等待 Profile 更新任务...
2026-07-22 19:11:36.376 | INFO     | N/A | ⏳ 等待 Profile 更新任务...
2026-07-22 19:11:41.412 | INFO     | N/A | ⏳ 等待 Profile 更新任务...
2026-07-22 19:11:46.451 | INFO     | N/A | ⏳ 等待 Profile 更新任务...
2026-07-22 19:11:51.490 | INFO     | N/A | ⏳ 等待 Profile 更新任务...
2026-07-22 19:11:56.568 | INFO     | N/A | ⏳ 等待 Profile 更新任务...
2026-07-22 19:12:01.603 | INFO     | N/A | ⏳ 等待 Profile 更新任务...
2026-07-22 19:12:06.649 | INFO     | N/A | ⏳ 等待 Profile 更新任务...
2026-07-22 19:12:11.686 | INFO     | N/A | ⏳ 等待 Profile 更新任务...
2026-07-22 19:12:16.748 | INFO     | N/A | ⏳ 等待 Profile 更新任务...
2026-07-22 19:12:21.783 | INFO     | N/A | ⏳ 等待 Profile 更新任务...
2026-07-22 19:12:26.811 | INFO     | N/A | ⏳ 等待 Profile 更新任务...
2026-07-22 19:12:31.856 | INFO     | N/A | ⏳ 等待 Profile 更新任务...
2026-07-22 19:12:36.893 | INFO     | N/A | ⏳ 等待 Profile 更新任务...
2026-07-22 19:12:41.929 | INFO     | N/A | ⏳ 等待 Profile 更新任务...
2026-07-22 19:12:46.964 | INFO     | N/A | ⏳ 等待 Profile 更新任务...
2026-07-22 19:12:52.005 | INFO     | N/A | ⏳ 等待 Profile 更新任务...
2026-07-22 19:12:57.047 | INFO     | N/A | ⏳ 等待 Profile 更新任务...
2026-07-22 19:13:02.083 | INFO     | N/A | ⏳ 等待 Profile 更新任务...
2026-07-22 19:13:07.122 | INFO     | N/A | ⏳ 等待 Profile 更新任务...
2026-07-22 19:13:12.162 | INFO     | N/A | ⏳ 等待 Profile 更新任务...
2026-07-22 19:13:17.198 | INFO     | N/A | ⏳ 等待 Profile 更新任务...
2026-07-22 19:13:22.234 | INFO     | N/A | ⏳ 等待 Profile 更新任务...
2026-07-22 19:13:27.269 | INFO     | N/A | ⏳ 等待 Profile 更新任务...
2026-07-22 19:13:32.306 | INFO     | N/A | ⏳ 等待 Profile 更新任务...
2026-07-22 19:13:37.345 | INFO     | N/A | ⏳ 等待 Profile 更新任务...
2026-07-22 19:13:42.426 | INFO     | N/A | ⏳ 等待 Profile 更新任务...
2026-07-22 19:13:47.462 | INFO     | N/A | ⏳ 等待 Profile 更新任务...
2026-07-22 19:13:52.502 | INFO     | N/A | ⏳ 等待 Profile 更新任务...
2026-07-22 19:13:57.543 | INFO     | N/A | ⏳ 等待 Profile 更新任务...
2026-07-22 19:14:02.580 | INFO     | N/A | ⏳ 等待 Profile 更新任务...
2026-07-22 19:14:07.672 | INFO     | N/A | ⏳ 等待 Profile 更新任务...
2026-07-22 19:14:12.713 | INFO     | N/A | ⏳ 等待 Profile 更新任务...
2026-07-22 19:14:17.749 | INFO     | N/A | ⏳ 等待 Profile 更新任务...
2026-07-22 19:14:22.787 | INFO     | N/A | ⏳ 等待 Profile 更新任务...
2026-07-22 19:14:27.833 | INFO     | N/A | ⏳ 等待 Profile 更新任务...
2026-07-22 19:14:32.868 | INFO     | N/A | ⏳ 等待 Profile 更新任务...
2026-07-22 19:14:37.891 | INFO     | N/A | ⏳ 等待 Profile 更新任务...
2026-07-22 19:14:42.927 | INFO     | N/A | ⏳ 等待 Profile 更新任务...
2026-07-22 19:14:47.961 | INFO     | N/A | ⏳ 等待 Profile 更新任务...
2026-07-22 19:14:53.001 | INFO     | N/A | ⏳ 等待 Profile 更新任务...
2026-07-22 19:14:58.039 | INFO     | N/A | ⏳ 等待 Profile 更新任务...
2026-07-22 19:15:03.073 | INFO     | N/A | ⏳ 等待 Profile 更新任务...
2026-07-22 19:15:08.113 | INFO     | N/A | ⏳ 等待 Profile 更新任务...
2026-07-22 19:15:13.151 | INFO     | N/A | ⏳ 等待 Profile 更新任务...
2026-07-22 19:15:18.188 | INFO     | N/A | ⏳ 等待 Profile 更新任务...
2026-07-22 19:15:23.224 | INFO     | N/A | ⏳ 等待 Profile 更新任务...
2026-07-22 19:15:28.264 | INFO     | N/A | ⏳ 等待 Profile 更新任务...
2026-07-22 19:15:33.298 | INFO     | N/A | ⏳ 等待 Profile 更新任务...
2026-07-22 19:15:38.335 | INFO     | N/A | ⏳ 等待 Profile 更新任务...
2026-07-22 19:15:43.371 | INFO     | N/A | ⏳ 等待 Profile 更新任务...
2026-07-22 19:15:48.406 | INFO     | N/A | ⏳ 等待 Profile 更新任务...
2026-07-22 19:15:53.442 | INFO     | N/A | ⏳ 等待 Profile 更新任务...
2026-07-22 19:15:58.482 | INFO     | N/A | ⏳ 等待 Profile 更新任务...
2026-07-22 19:16:03.518 | INFO     | N/A | ⏳ 等待 Profile 更新任务...
2026-07-22 19:16:08.555 | INFO     | N/A | ⏳ 等待 Profile 更新任务...
2026-07-22 19:16:13.591 | INFO     | N/A | ⏳ 等待 Profile 更新任务...
2026-07-22 19:16:18.627 | INFO     | N/A | ⏳ 等待 Profile 更新任务...
2026-07-22 19:16:23.700 | INFO     | N/A | ⏳ 等待 Profile 更新任务...
2026-07-22 19:16:28.738 | INFO     | N/A | ⏳ 等待 Profile 更新任务...
2026-07-22 19:16:33.775 | INFO     | N/A | ⏳ 等待 Profile 更新任务...
2026-07-22 19:16:38.868 | INFO     | N/A | ⏳ 等待 Profile 更新任务...
2026-07-22 19:16:43.901 | INFO     | N/A | ⏳ 等待 Profile 更新任务...
2026-07-22 19:16:49.001 | INFO     | N/A | ⏳ 等待 Profile 更新任务...
2026-07-22 19:16:54.035 | INFO     | N/A | ⏳ 等待 Profile 更新任务...
2026-07-22 19:16:59.071 | INFO     | N/A | ⏳ 等待 Profile 更新任务...
2026-07-22 19:17:04.106 | INFO     | N/A | ⏳ 等待 Profile 更新任务...
2026-07-22 19:17:09.145 | INFO     | N/A | ⏳ 等待 Profile 更新任务...
2026-07-22 19:17:14.184 | INFO     | N/A | ⏳ 等待 Profile 更新任务...
2026-07-22 19:17:19.221 | INFO     | N/A | ⏳ 等待 Profile 更新任务...
2026-07-22 19:17:24.280 | INFO     | N/A | ⏳ 等待 Profile 更新任务...
2026-07-22 19:17:29.286 | INFO     | N/A | ⏳ 等待 Profile 更新任务...
2026-07-22 19:17:34.323 | INFO     | N/A | ⏳ 等待 Profile 更新任务...
2026-07-22 19:17:39.360 | INFO     | N/A | ⏳ 等待 Profile 更新任务...
2026-07-22 19:17:44.397 | INFO     | N/A | ⏳ 等待 Profile 更新任务...
2026-07-22 19:17:49.434 | INFO     | N/A | ⏳ 等待 Profile 更新任务...
2026-07-22 19:17:54.470 | INFO     | N/A | ⏳ 等待 Profile 更新任务...
2026-07-22 19:17:59.509 | INFO     | N/A | ⏳ 等待 Profile 更新任务...
2026-07-22 19:18:04.544 | INFO     | N/A | ⏳ 等待 Profile 更新任务...
2026-07-22 19:18:09.577 | INFO     | N/A | ⏳ 等待 Profile 更新任务...
2026-07-22 19:18:14.614 | INFO     | N/A | ⏳ 等待 Profile 更新任务...
2026-07-22 19:18:19.647 | INFO     | N/A | ⏳ 等待 Profile 更新任务...
2026-07-22 19:18:24.686 | INFO     | N/A | ⏳ 等待 Profile 更新任务...
2026-07-22 19:18:29.728 | INFO     | N/A | ⏳ 等待 Profile 更新任务...
2026-07-22 19:18:34.765 | INFO     | N/A | ⏳ 等待 Profile 更新任务...
2026-07-22 19:18:39.815 | INFO     | N/A | ⏳ 等待 Profile 更新任务...
2026-07-22 19:18:44.851 | INFO     | N/A | ⏳ 等待 Profile 更新任务...
2026-07-22 19:18:49.891 | INFO     | N/A | ⏳ 等待 Profile 更新任务...
2026-07-22 19:18:54.928 | INFO     | N/A | ⏳ 等待 Profile 更新任务...
2026-07-22 19:18:59.964 | INFO     | N/A | ⏳ 等待 Profile 更新任务...
2026-07-22 19:19:05.018 | INFO     | N/A | ⏳ 等待 Profile 更新任务...
2026-07-22 19:19:10.054 | INFO     | N/A | ⏳ 等待 Profile 更新任务...
2026-07-22 19:19:15.086 | INFO     | N/A | ⏳ 等待 Profile 更新任务...
2026-07-22 19:19:20.124 | INFO     | N/A | ⏳ 等待 Profile 更新任务...
2026-07-22 19:19:25.166 | INFO     | N/A | ⏳ 等待 Profile 更新任务...
2026-07-22 19:19:30.207 | INFO     | N/A | ⏳ 等待 Profile 更新任务...
2026-07-22 19:19:35.244 | INFO     | N/A | ⏳ 等待 Profile 更新任务...
2026-07-22 19:19:40.281 | INFO     | N/A | ⏳ 等待 Profile 更新任务...
2026-07-22 19:19:45.321 | INFO     | N/A | ⏳ 等待 Profile 更新任务...
2026-07-22 19:19:50.359 | INFO     | N/A | ⏳ 等待 Profile 更新任务...
2026-07-22 19:19:55.394 | INFO     | N/A | ⏳ 等待 Profile 更新任务...
2026-07-22 19:20:00.436 | INFO     | N/A | ⏳ 等待 Profile 更新任务...
2026-07-22 19:20:05.470 | INFO     | N/A | ⏳ 等待 Profile 更新任务...
2026-07-22 19:20:10.558 | INFO     | N/A | ⏳ 等待 Profile 更新任务...
2026-07-22 19:20:15.594 | INFO     | N/A | ⏳ 等待 Profile 更新任务...
2026-07-22 19:20:20.603 | INFO     | N/A | ⏳ 等待 Profile 更新任务...
2026-07-22 19:20:25.644 | INFO     | N/A | ⏳ 等待 Profile 更新任务...
2026-07-22 19:20:30.687 | INFO     | N/A | ⏳ 等待 Profile 更新任务...
2026-07-22 19:20:35.750 | INFO     | N/A | ⏳ 等待 Profile 更新任务...
2026-07-22 19:20:40.788 | INFO     | N/A | ⏳ 等待 Profile 更新任务...
2026-07-22 19:20:45.798 | INFO     | N/A | ⏳ 等待 Profile 更新任务...
2026-07-22 19:20:50.833 | INFO     | N/A | ⏳ 等待 Profile 更新任务...
2026-07-22 19:20:55.869 | INFO     | N/A | ⏳ 等待 Profile 更新任务...
2026-07-22 19:21:00.909 | INFO     | N/A | ⏳ 等待 Profile 更新任务...
2026-07-22 19:21:05.946 | INFO     | N/A | ⏳ 等待 Profile 更新任务...
2026-07-22 19:21:10.983 | INFO     | N/A | ⏳ 等待 Profile 更新任务...
2026-07-22 19:21:16.022 | INFO     | N/A | ⏳ 等待 Profile 更新任务...
2026-07-22 19:21:21.058 | INFO     | N/A | ⏳ 等待 Profile 更新任务...
2026-07-22 19:21:26.094 | INFO     | N/A | ⏳ 等待 Profile 更新任务...
2026-07-22 19:21:31.130 | INFO     | N/A | ⏳ 等待 Profile 更新任务...
2026-07-22 19:21:36.166 | INFO     | N/A | ⏳ 等待 Profile 更新任务...
2026-07-22 19:21:41.198 | INFO     | N/A | ⏳ 等待 Profile 更新任务...
2026-07-22 19:21:46.238 | INFO     | N/A | ⏳ 等待 Profile 更新任务...
2026-07-22 19:21:51.274 | INFO     | N/A | ⏳ 等待 Profile 更新任务...
2026-07-22 19:21:56.310 | INFO     | N/A | ⏳ 等待 Profile 更新任务...
2026-07-22 19:22:01.344 | INFO     | N/A | ⏳ 等待 Profile 更新任务...
2026-07-22 19:22:06.380 | INFO     | N/A | ⏳ 等待 Profile 更新任务...
2026-07-22 19:22:11.402 | INFO     | N/A | ⏳ 等待 Profile 更新任务...
2026-07-22 19:22:16.438 | INFO     | N/A | ⏳ 等待 Profile 更新任务...
2026-07-22 19:22:21.477 | INFO     | N/A | ⏳ 等待 Profile 更新任务...
2026-07-22 19:22:26.515 | INFO     | N/A | ⏳ 等待 Profile 更新任务...
2026-07-22 19:22:31.564 | INFO     | N/A | ⏳ 等待 Profile 更新任务...
2026-07-22 19:22:36.622 | INFO     | N/A | ⏳ 等待 Profile 更新任务...
2026-07-22 19:22:41.662 | INFO     | N/A | ⏳ 等待 Profile 更新任务...
2026-07-22 19:22:46.699 | INFO     | N/A | ⏳ 等待 Profile 更新任务...
2026-07-22 19:22:51.736 | INFO     | N/A | ⏳ 等待 Profile 更新任务...
2026-07-22 19:22:56.810 | INFO     | N/A | ⏳ 等待 Profile 更新任务...
2026-07-22 19:23:01.846 | INFO     | N/A | ⏳ 等待 Profile 更新任务...
2026-07-22 19:23:06.874 | INFO     | N/A | ⏳ 等待 Profile 更新任务...
2026-07-22 19:23:11.909 | INFO     | N/A | ⏳ 等待 Profile 更新任务...
2026-07-22 19:23:16.936 | INFO     | N/A | ⏳ 等待 Profile 更新任务...
2026-07-22 19:23:21.979 | INFO     | N/A | ⏳ 等待 Profile 更新任务...
2026-07-22 19:23:27.022 | INFO     | N/A | ⏳ 等待 Profile 更新任务...
2026-07-22 19:23:32.058 | INFO     | N/A | ⏳ 等待 Profile 更新任务...
2026-07-22 19:23:37.094 | INFO     | N/A | ⏳ 等待 Profile 更新任务...
2026-07-22 19:23:42.127 | INFO     | N/A | ⏳ 等待 Profile 更新任务...
2026-07-22 19:23:47.179 | INFO     | N/A | ⏳ 等待 Profile 更新任务...
2026-07-22 19:23:52.217 | INFO     | N/A | ⏳ 等待 Profile 更新任务...
2026-07-22 19:23:57.252 | INFO     | N/A | ⏳ 等待 Profile 更新任务...
2026-07-22 19:24:02.287 | INFO     | N/A | ⏳ 等待 Profile 更新任务...
2026-07-22 19:24:07.329 | INFO     | N/A | ⏳ 等待 Profile 更新任务...
2026-07-22 19:24:12.366 | INFO     | N/A | ⏳ 等待 Profile 更新任务...
2026-07-22 19:24:17.403 | INFO     | N/A | ⏳ 等待 Profile 更新任务...
2026-07-22 19:24:22.436 | INFO     | N/A | ⏳ 等待 Profile 更新任务...
2026-07-22 19:24:27.478 | INFO     | N/A | ⏳ 等待 Profile 更新任务...
2026-07-22 19:24:32.515 | INFO     | N/A | ⏳ 等待 Profile 更新任务...
2026-07-22 19:24:37.609 | INFO     | N/A | ⏳ 等待 Profile 更新任务...
2026-07-22 19:24:42.641 | INFO     | N/A | ⏳ 等待 Profile 更新任务...
2026-07-22 19:24:47.681 | INFO     | N/A | ⏳ 等待 Profile 更新任务...
2026-07-22 19:24:52.717 | INFO     | N/A | ⏳ 等待 Profile 更新任务...
2026-07-22 19:24:57.817 | INFO     | N/A | ⏳ 等待 Profile 更新任务...
2026-07-22 19:25:02.848 | INFO     | N/A | ⏳ 等待 Profile 更新任务...
2026-07-22 19:25:07.881 | INFO     | N/A | ⏳ 等待 Profile 更新任务...
2026-07-22 19:25:12.920 | INFO     | N/A | ⏳ 等待 Profile 更新任务...
2026-07-22 19:25:17.954 | INFO     | N/A | ⏳ 等待 Profile 更新任务...
2026-07-22 19:25:22.987 | INFO     | N/A | ⏳ 等待 Profile 更新任务...
2026-07-22 19:25:28.027 | INFO     | N/A | ⏳ 等待 Profile 更新任务...
2026-07-22 19:25:33.060 | INFO     | N/A | ⏳ 等待 Profile 更新任务...
2026-07-22 19:25:38.096 | INFO     | N/A | ⏳ 等待 Profile 更新任务...
2026-07-22 19:25:43.131 | INFO     | N/A | ⏳ 等待 Profile 更新任务...
2026-07-22 19:25:48.164 | INFO     | N/A | ⏳ 等待 Profile 更新任务...
2026-07-22 19:25:53.207 | INFO     | N/A | ⏳ 等待 Profile 更新任务...
2026-07-22 19:25:58.243 | INFO     | N/A | ⏳ 等待 Profile 更新任务...
2026-07-22 19:26:03.281 | INFO     | N/A | ⏳ 等待 Profile 更新任务...
2026-07-22 19:26:08.356 | INFO     | N/A | ⏳ 等待 Profile 更新任务...
2026-07-22 19:26:13.392 | INFO     | N/A | ⏳ 等待 Profile 更新任务...
2026-07-22 19:26:18.427 | INFO     | N/A | ⏳ 等待 Profile 更新任务...
2026-07-22 19:26:23.457 | INFO     | N/A | ⏳ 等待 Profile 更新任务...
2026-07-22 19:26:28.495 | INFO     | N/A | ⏳ 等待 Profile 更新任务...
2026-07-22 19:26:33.532 | INFO     | N/A | ⏳ 等待 Profile 更新任务...
2026-07-22 19:26:38.569 | INFO     | N/A | ⏳ 等待 Profile 更新任务...
2026-07-22 19:26:43.604 | INFO     | N/A | ⏳ 等待 Profile 更新任务...
2026-07-22 19:26:48.639 | INFO     | N/A | ⏳ 等待 Profile 更新任务...
2026-07-22 19:26:53.694 | INFO     | N/A | ⏳ 等待 Profile 更新任务...
2026-07-22 19:26:58.797 | INFO     | N/A | ⏳ 等待 Profile 更新任务...
2026-07-22 19:27:03.835 | INFO     | N/A | ⏳ 等待 Profile 更新任务...
2026-07-22 19:27:08.873 | INFO     | N/A | ⏳ 等待 Profile 更新任务...
2026-07-22 19:27:13.910 | INFO     | N/A | ⏳ 等待 Profile 更新任务...
2026-07-22 19:27:18.955 | INFO     | N/A | ⏳ 等待 Profile 更新任务...
2026-07-22 19:27:23.990 | INFO     | N/A | ⏳ 等待 Profile 更新任务...
2026-07-22 19:27:29.025 | INFO     | N/A | ⏳ 等待 Profile 更新任务...
2026-07-22 19:27:34.056 | INFO     | N/A | ⏳ 等待 Profile 更新任务...
2026-07-22 19:27:39.091 | INFO     | N/A | ⏳ 等待 Profile 更新任务...
2026-07-22 19:27:44.126 | INFO     | N/A | ⏳ 等待 Profile 更新任务...
2026-07-22 19:27:49.161 | INFO     | N/A | ⏳ 等待 Profile 更新任务...
2026-07-22 19:27:54.193 | INFO     | N/A | ⏳ 等待 Profile 更新任务...
2026-07-22 19:27:59.235 | INFO     | N/A | ⏳ 等待 Profile 更新任务...
2026-07-22 19:28:04.270 | INFO     | N/A | ⏳ 等待 Profile 更新任务...
2026-07-22 19:28:09.335 | INFO     | N/A | ⏳ 等待 Profile 更新任务...
2026-07-22 19:28:14.350 | INFO     | N/A | ⏳ 等待 Profile 更新任务...
2026-07-22 19:28:19.368 | INFO     | N/A | ⏳ 等待 Profile 更新任务...
2026-07-22 19:28:24.401 | INFO     | N/A | ⏳ 等待 Profile 更新任务...
2026-07-22 19:28:29.440 | INFO     | N/A | ⏳ 等待 Profile 更新任务...
2026-07-22 19:28:34.477 | INFO     | N/A | ⏳ 等待 Profile 更新任务...
2026-07-22 19:28:39.518 | INFO     | N/A | ⏳ 等待 Profile 更新任务...
2026-07-22 19:28:44.555 | INFO     | N/A | ⏳ 等待 Profile 更新任务...
2026-07-22 19:28:49.587 | INFO     | N/A | ⏳ 等待 Profile 更新任务...
2026-07-22 19:28:54.649 | INFO     | N/A | ⏳ 等待 Profile 更新任务...
2026-07-22 19:28:59.708 | INFO     | N/A | ⏳ 等待 Profile 更新任务...
2026-07-22 19:29:04.753 | INFO     | N/A | ⏳ 等待 Profile 更新任务...
2026-07-22 19:29:09.788 | INFO     | N/A | ⏳ 等待 Profile 更新任务...
2026-07-22 19:29:14.831 | INFO     | N/A | ⏳ 等待 Profile 更新任务...
2026-07-22 19:29:19.865 | INFO     | N/A | ⏳ 等待 Profile 更新任务...
2026-07-22 19:29:24.899 | INFO     | N/A | ⏳ 等待 Profile 更新任务...
2026-07-22 19:29:29.936 | INFO     | N/A | ⏳ 等待 Profile 更新任务...
2026-07-22 19:29:34.991 | INFO     | N/A | ⏳ 等待 Profile 更新任务...
2026-07-22 19:29:40.024 | INFO     | N/A | ⏳ 等待 Profile 更新任务...
2026-07-22 19:29:45.057 | INFO     | N/A | ⏳ 等待 Profile 更新任务...
2026-07-22 19:29:50.094 | INFO     | N/A | ⏳ 等待 Profile 更新任务...
2026-07-22 19:29:55.155 | INFO     | N/A | ⏳ 等待 Profile 更新任务...
2026-07-22 19:30:00.193 | INFO     | N/A | ⏳ 等待 Profile 更新任务...
2026-07-22 19:30:05.228 | INFO     | N/A | ⏳ 等待 Profile 更新任务...
2026-07-22 19:30:10.243 | INFO     | N/A | ⏳ 等待 Profile 更新任务...
2026-07-22 19:30:15.276 | INFO     | N/A | ⏳ 等待 Profile 更新任务...
2026-07-22 19:30:20.315 | INFO     | N/A | ⏳ 等待 Profile 更新任务...
2026-07-22 19:30:25.354 | INFO     | N/A | ⏳ 等待 Profile 更新任务...
2026-07-22 19:30:30.393 | INFO     | N/A | ⏳ 等待 Profile 更新任务...
2026-07-22 19:30:35.438 | INFO     | N/A | ⏳ 等待 Profile 更新任务...
2026-07-22 19:30:40.478 | INFO     | N/A | ⏳ 等待 Profile 更新任务...
2026-07-22 19:30:45.514 | INFO     | N/A | ⏳ 等待 Profile 更新任务...
2026-07-22 19:30:50.521 | INFO     | N/A | ⏳ 等待 Profile 更新任务...
2026-07-22 19:30:55.557 | INFO     | N/A | ⏳ 等待 Profile 更新任务...
2026-07-22 19:31:00.601 | INFO     | N/A | ⏳ 等待 Profile 更新任务...
2026-07-22 19:31:05.638 | INFO     | N/A | ⏳ 等待 Profile 更新任务...
2026-07-22 19:31:10.681 | INFO     | N/A | ⏳ 等待 Profile 更新任务...
2026-07-22 19:31:15.716 | INFO     | N/A | ⏳ 等待 Profile 更新任务...
2026-07-22 19:31:20.754 | INFO     | N/A | ⏳ 等待 Profile 更新任务...
2026-07-22 19:31:25.794 | INFO     | N/A | ⏳ 等待 Profile 更新任务...
2026-07-22 19:31:30.831 | INFO     | N/A | ⏳ 等待 Profile 更新任务...
2026-07-22 19:31:35.870 | INFO     | N/A | ⏳ 等待 Profile 更新任务...
2026-07-22 19:31:40.909 | INFO     | N/A | ⏳ 等待 Profile 更新任务...
2026-07-22 19:31:45.944 | INFO     | N/A | ⏳ 等待 Profile 更新任务...
2026-07-22 19:31:50.976 | INFO     | N/A | ⏳ 等待 Profile 更新任务...
2026-07-22 19:31:56.010 | INFO     | N/A | ⏳ 等待 Profile 更新任务...
2026-07-22 19:32:01.049 | INFO     | N/A | ⏳ 等待 Profile 更新任务...
2026-07-22 19:32:06.084 | INFO     | N/A | ⏳ 等待 Profile 更新任务...
2026-07-22 19:32:11.117 | INFO     | N/A | ⏳ 等待 Profile 更新任务...
2026-07-22 19:32:16.156 | INFO     | N/A | ⏳ 等待 Profile 更新任务...
2026-07-22 19:32:21.195 | INFO     | N/A | ⏳ 等待 Profile 更新任务...
2026-07-22 19:32:26.229 | INFO     | N/A | ⏳ 等待 Profile 更新任务...
2026-07-22 19:32:31.280 | INFO     | N/A | ⏳ 等待 Profile 更新任务...
2026-07-22 19:32:36.315 | INFO     | N/A | ⏳ 等待 Profile 更新任务...
2026-07-22 19:32:41.359 | INFO     | N/A | ⏳ 等待 Profile 更新任务...
2026-07-22 19:32:46.395 | INFO     | N/A | ⏳ 等待 Profile 更新任务...
2026-07-22 19:32:51.429 | INFO     | N/A | ⏳ 等待 Profile 更新任务...
2026-07-22 19:32:56.467 | INFO     | N/A | ⏳ 等待 Profile 更新任务...
2026-07-22 19:33:01.504 | INFO     | N/A | ⏳ 等待 Profile 更新任务...
2026-07-22 19:33:06.542 | INFO     | N/A | ⏳ 等待 Profile 更新任务...
2026-07-22 19:33:11.584 | INFO     | N/A | ⏳ 等待 Profile 更新任务...
2026-07-22 19:33:16.639 | INFO     | N/A | ⏳ 等待 Profile 更新任务...
2026-07-22 19:33:21.667 | INFO     | N/A | ⏳ 等待 Profile 更新任务...
2026-07-22 19:33:26.703 | INFO     | N/A | ⏳ 等待 Profile 更新任务...
2026-07-22 19:33:31.741 | INFO     | N/A | ⏳ 等待 Profile 更新任务...
2026-07-22 19:33:36.774 | INFO     | N/A | ⏳ 等待 Profile 更新任务...
2026-07-22 19:33:41.811 | INFO     | N/A | ⏳ 等待 Profile 更新任务...
2026-07-22 19:33:46.851 | INFO     | N/A | ⏳ 等待 Profile 更新任务...
2026-07-22 19:33:51.886 | INFO     | N/A | ⏳ 等待 Profile 更新任务...
2026-07-22 19:33:56.917 | INFO     | N/A | ⏳ 等待 Profile 更新任务...
2026-07-22 19:34:01.954 | INFO     | N/A | ⏳ 等待 Profile 更新任务...
2026-07-22 19:34:06.990 | INFO     | N/A | ⏳ 等待 Profile 更新任务...
2026-07-22 19:34:12.036 | INFO     | N/A | ⏳ 等待 Profile 更新任务...
2026-07-22 19:34:17.114 | INFO     | N/A | ⏳ 等待 Profile 更新任务...
2026-07-22 19:34:22.149 | INFO     | N/A | ⏳ 等待 Profile 更新任务...
2026-07-22 19:34:27.185 | INFO     | N/A | ⏳ 等待 Profile 更新任务...
2026-07-22 19:34:32.288 | INFO     | N/A | ⏳ 等待 Profile 更新任务...
2026-07-22 19:34:37.327 | INFO     | N/A | ⏳ 等待 Profile 更新任务...
2026-07-22 19:34:42.363 | INFO     | N/A | ⏳ 等待 Profile 更新任务...
2026-07-22 19:34:47.401 | INFO     | N/A | ⏳ 等待 Profile 更新任务...
2026-07-22 19:34:52.433 | INFO     | N/A | ⏳ 等待 Profile 更新任务...
2026-07-22 19:34:57.474 | INFO     | N/A | ⏳ 等待 Profile 更新任务...
2026-07-22 19:35:02.520 | INFO     | N/A | ⏳ 等待 Profile 更新任务...
2026-07-22 19:35:07.556 | INFO     | N/A | ⏳ 等待 Profile 更新任务...
2026-07-22 19:35:12.592 | INFO     | N/A | ⏳ 等待 Profile 更新任务...
2026-07-22 19:35:17.680 | INFO     | N/A | ⏳ 等待 Profile 更新任务...
2026-07-22 19:35:22.746 | INFO     | N/A | ⏳ 等待 Profile 更新任务...
2026-07-22 19:35:27.850 | INFO     | N/A | ⏳ 等待 Profile 更新任务...
2026-07-22 19:35:32.893 | INFO     | N/A | ⏳ 等待 Profile 更新任务...
2026-07-22 19:35:37.932 | INFO     | N/A | ⏳ 等待 Profile 更新任务...
2026-07-22 19:35:42.967 | INFO     | N/A | ⏳ 等待 Profile 更新任务...
2026-07-22 19:35:48.005 | INFO     | N/A | ⏳ 等待 Profile 更新任务...
2026-07-22 19:35:53.042 | INFO     | N/A | ⏳ 等待 Profile 更新任务...
2026-07-22 19:35:58.077 | INFO     | N/A | ⏳ 等待 Profile 更新任务...
2026-07-22 19:36:03.115 | INFO     | N/A | ⏳ 等待 Profile 更新任务...
2026-07-22 19:36:08.152 | INFO     | N/A | ⏳ 等待 Profile 更新任务...
2026-07-22 19:36:13.246 | INFO     | N/A | ⏳ 等待 Profile 更新任务...
2026-07-22 19:36:18.315 | INFO     | N/A | ⏳ 等待 Profile 更新任务...
2026-07-22 19:36:23.350 | INFO     | N/A | ⏳ 等待 Profile 更新任务...
2026-07-22 19:36:28.388 | INFO     | N/A | ⏳ 等待 Profile 更新任务...
2026-07-22 19:36:33.446 | INFO     | N/A | ⏳ 等待 Profile 更新任务...
2026-07-22 19:36:38.480 | INFO     | N/A | ⏳ 等待 Profile 更新任务...
2026-07-22 19:36:43.519 | INFO     | N/A | ⏳ 等待 Profile 更新任务...
2026-07-22 19:36:48.552 | INFO     | N/A | ⏳ 等待 Profile 更新任务...
2026-07-22 19:36:53.594 | INFO     | N/A | ⏳ 等待 Profile 更新任务...
2026-07-22 19:36:58.636 | INFO     | N/A | ⏳ 等待 Profile 更新任务...
2026-07-22 19:37:03.684 | INFO     | N/A | ⏳ 等待 Profile 更新任务...
2026-07-22 19:37:08.720 | INFO     | N/A | ⏳ 等待 Profile 更新任务...
2026-07-22 19:37:13.760 | INFO     | N/A | ⏳ 等待 Profile 更新任务...
2026-07-22 19:37:18.795 | INFO     | N/A | ⏳ 等待 Profile 更新任务...
2026-07-22 19:37:23.833 | INFO     | N/A | ⏳ 等待 Profile 更新任务...
2026-07-22 19:37:28.867 | INFO     | N/A | ⏳ 等待 Profile 更新任务...
2026-07-22 19:37:33.906 | INFO     | N/A | ⏳ 等待 Profile 更新任务...
2026-07-22 19:37:38.945 | INFO     | N/A | ⏳ 等待 Profile 更新任务...
2026-07-22 19:37:43.983 | INFO     | N/A | ⏳ 等待 Profile 更新任务...
2026-07-22 19:37:49.020 | INFO     | N/A | ⏳ 等待 Profile 更新任务...
2026-07-22 19:37:54.054 | INFO     | N/A | ⏳ 等待 Profile 更新任务...
2026-07-22 19:37:59.142 | INFO     | N/A | ⏳ 等待 Profile 更新任务...
2026-07-22 19:38:04.180 | INFO     | N/A | ⏳ 等待 Profile 更新任务...
2026-07-22 19:38:09.217 | INFO     | N/A | ⏳ 等待 Profile 更新任务...
2026-07-22 19:38:14.276 | INFO     | N/A | ⏳ 等待 Profile 更新任务...
2026-07-22 19:38:19.314 | INFO     | N/A | ⏳ 等待 Profile 更新任务...
2026-07-22 19:38:24.349 | INFO     | N/A | ⏳ 等待 Profile 更新任务...
2026-07-22 19:38:29.382 | INFO     | N/A | ⏳ 等待 Profile 更新任务...
2026-07-22 19:38:34.425 | INFO     | N/A | ⏳ 等待 Profile 更新任务...
2026-07-22 19:38:39.459 | INFO     | N/A | ⏳ 等待 Profile 更新任务...
2026-07-22 19:38:44.491 | INFO     | N/A | ⏳ 等待 Profile 更新任务...
2026-07-22 19:38:49.536 | INFO     | N/A | ⏳ 等待 Profile 更新任务...
2026-07-22 19:38:54.623 | INFO     | N/A | ⏳ 等待 Profile 更新任务...
2026-07-22 19:38:59.702 | INFO     | N/A | ⏳ 等待 Profile 更新任务...
2026-07-22 19:39:04.743 | INFO     | N/A | ⏳ 等待 Profile 更新任务...
2026-07-22 19:39:09.784 | INFO     | N/A | ⏳ 等待 Profile 更新任务...
2026-07-22 19:39:14.820 | INFO     | N/A | ⏳ 等待 Profile 更新任务...
2026-07-22 19:39:19.882 | INFO     | N/A | ⏳ 等待 Profile 更新任务...
2026-07-22 19:39:24.914 | INFO     | N/A | ⏳ 等待 Profile 更新任务...
2026-07-22 19:39:29.954 | INFO     | N/A | ⏳ 等待 Profile 更新任务...
2026-07-22 19:39:34.992 | INFO     | N/A | ⏳ 等待 Profile 更新任务...
2026-07-22 19:39:40.024 | INFO     | N/A | ⏳ 等待 Profile 更新任务...
2026-07-22 19:39:45.064 | INFO     | N/A | ⏳ 等待 Profile 更新任务...
2026-07-22 19:39:50.153 | INFO     | N/A | ⏳ 等待 Profile 更新任务...
2026-07-22 19:39:55.188 | INFO     | N/A | ⏳ 等待 Profile 更新任务...
2026-07-22 19:40:00.232 | INFO     | N/A | ⏳ 等待 Profile 更新任务...
2026-07-22 19:40:05.275 | INFO     | N/A | ⏳ 等待 Profile 更新任务...
2026-07-22 19:40:10.315 | INFO     | N/A | ⏳ 等待 Profile 更新任务...
2026-07-22 19:40:15.325 | INFO     | N/A | ⏳ 等待 Profile 更新任务...
2026-07-22 19:40:20.359 | INFO     | N/A | ⏳ 等待 Profile 更新任务...
2026-07-22 19:40:25.398 | INFO     | N/A | ⏳ 等待 Profile 更新任务...
2026-07-22 19:40:30.446 | INFO     | N/A | ⏳ 等待 Profile 更新任务...
2026-07-22 19:40:35.495 | INFO     | N/A | ⏳ 等待 Profile 更新任务...
2026-07-22 19:40:40.532 | INFO     | N/A | ⏳ 等待 Profile 更新任务...
2026-07-22 19:40:45.571 | INFO     | N/A | ⏳ 等待 Profile 更新任务...
2026-07-22 19:40:50.611 | INFO     | N/A | ⏳ 等待 Profile 更新任务...
2026-07-22 19:40:55.650 | INFO     | N/A | ⏳ 等待 Profile 更新任务...
2026-07-22 19:41:00.685 | INFO     | N/A | ⏳ 等待 Profile 更新任务...
2026-07-22 19:41:05.725 | INFO     | N/A | ⏳ 等待 Profile 更新任务...
2026-07-22 19:41:10.763 | INFO     | N/A | ⏳ 等待 Profile 更新任务...
2026-07-22 19:41:15.800 | INFO     | N/A | ⏳ 等待 Profile 更新任务...
2026-07-22 19:41:20.837 | INFO     | N/A | ⏳ 等待 Profile 更新任务...
2026-07-22 19:41:25.875 | INFO     | N/A | ⏳ 等待 Profile 更新任务...
2026-07-22 19:41:30.922 | INFO     | N/A | ⏳ 等待 Profile 更新任务...
2026-07-22 19:41:35.957 | INFO     | N/A | ⏳ 等待 Profile 更新任务...
2026-07-22 19:41:40.989 | INFO     | N/A | ⏳ 等待 Profile 更新任务...
2026-07-22 19:41:46.021 | INFO     | N/A | ⏳ 等待 Profile 更新任务...
2026-07-22 19:41:51.060 | INFO     | N/A | ⏳ 等待 Profile 更新任务...
2026-07-22 19:41:56.097 | INFO     | N/A | ⏳ 等待 Profile 更新任务...
2026-07-22 19:42:01.134 | INFO     | N/A | ⏳ 等待 Profile 更新任务...
2026-07-22 19:42:06.171 | INFO     | N/A | ⏳ 等待 Profile 更新任务...
2026-07-22 19:42:11.207 | INFO     | N/A | ⏳ 等待 Profile 更新任务...
2026-07-22 19:42:16.247 | INFO     | N/A | ⏳ 等待 Profile 更新任务...
2026-07-22 19:42:21.347 | INFO     | N/A | ⏳ 等待 Profile 更新任务...
2026-07-22 19:42:26.386 | INFO     | N/A | ⏳ 等待 Profile 更新任务...
2026-07-22 19:42:31.425 | INFO     | N/A | ⏳ 等待 Profile 更新任务...
2026-07-22 19:42:36.466 | INFO     | N/A | ⏳ 等待 Profile 更新任务...
2026-07-22 19:42:41.502 | INFO     | N/A | ⏳ 等待 Profile 更新任务...
2026-07-22 19:42:46.537 | INFO     | N/A | ⏳ 等待 Profile 更新任务...
2026-07-22 19:42:51.570 | INFO     | N/A | ⏳ 等待 Profile 更新任务...
2026-07-22 19:42:56.603 | INFO     | N/A | ⏳ 等待 Profile 更新任务...
2026-07-22 19:43:01.639 | INFO     | N/A | ⏳ 等待 Profile 更新任务...
2026-07-22 19:43:06.673 | INFO     | N/A | ⏳ 等待 Profile 更新任务...
2026-07-22 19:43:11.702 | INFO     | N/A | ⏳ 等待 Profile 更新任务...
2026-07-22 19:43:16.732 | INFO     | N/A | ⏳ 等待 Profile 更新任务...
2026-07-22 19:43:21.767 | INFO     | N/A | ⏳ 等待 Profile 更新任务...
2026-07-22 19:43:26.804 | INFO     | N/A | ⏳ 等待 Profile 更新任务...
2026-07-22 19:43:31.842 | INFO     | N/A | ⏳ 等待 Profile 更新任务...
2026-07-22 19:43:36.880 | INFO     | N/A | ⏳ 等待 Profile 更新任务...
2026-07-22 19:43:41.920 | INFO     | N/A | ⏳ 等待 Profile 更新任务...
2026-07-22 19:43:46.953 | INFO     | N/A | ⏳ 等待 Profile 更新任务...
2026-07-22 19:43:51.990 | INFO     | N/A | ⏳ 等待 Profile 更新任务...
2026-07-22 19:43:57.023 | INFO     | N/A | ⏳ 等待 Profile 更新任务...
2026-07-22 19:44:02.106 | INFO     | N/A | ⏳ 等待 Profile 更新任务...
2026-07-22 19:44:07.146 | INFO     | N/A | ⏳ 等待 Profile 更新任务...
2026-07-22 19:44:12.184 | INFO     | N/A | ⏳ 等待 Profile 更新任务...
2026-07-22 19:44:17.289 | INFO     | N/A | ⏳ 等待 Profile 更新任务...
2026-07-22 19:44:22.329 | INFO     | N/A | ⏳ 等待 Profile 更新任务...
2026-07-22 19:44:27.363 | INFO     | N/A | ⏳ 等待 Profile 更新任务...
2026-07-22 19:44:32.399 | INFO     | N/A | ⏳ 等待 Profile 更新任务...
2026-07-22 19:44:37.436 | INFO     | N/A | ⏳ 等待 Profile 更新任务...
2026-07-22 19:44:42.471 | INFO     | N/A | ⏳ 等待 Profile 更新任务...
2026-07-22 19:44:47.506 | INFO     | N/A | ⏳ 等待 Profile 更新任务...
2026-07-22 19:44:52.545 | INFO     | N/A | ⏳ 等待 Profile 更新任务...
2026-07-22 19:44:57.644 | INFO     | N/A | ⏳ 等待 Profile 更新任务...
2026-07-22 19:45:02.725 | INFO     | N/A | ⏳ 等待 Profile 更新任务...
2026-07-22 19:45:07.760 | INFO     | N/A | ⏳ 等待 Profile 更新任务...
2026-07-22 19:45:12.802 | INFO     | N/A | ⏳ 等待 Profile 更新任务...
2026-07-22 19:45:17.845 | INFO     | N/A | ⏳ 等待 Profile 更新任务...
2026-07-22 19:45:22.879 | INFO     | N/A | ⏳ 等待 Profile 更新任务...
2026-07-22 19:45:27.919 | INFO     | N/A | ⏳ 等待 Profile 更新任务...
2026-07-22 19:45:32.962 | INFO     | N/A | ⏳ 等待 Profile 更新任务...
2026-07-22 19:45:37.998 | INFO     | N/A | ⏳ 等待 Profile 更新任务...
2026-07-22 19:45:43.035 | INFO     | N/A | ⏳ 等待 Profile 更新任务...
2026-07-22 19:45:48.070 | INFO     | N/A | ⏳ 等待 Profile 更新任务...
2026-07-22 19:45:53.098 | INFO     | N/A | ⏳ 等待 Profile 更新任务...
2026-07-22 19:45:58.135 | INFO     | N/A | ⏳ 等待 Profile 更新任务...
2026-07-22 19:46:03.173 | INFO     | N/A | ⏳ 等待 Profile 更新任务...
2026-07-22 19:46:08.208 | INFO     | N/A | ⏳ 等待 Profile 更新任务...
2026-07-22 19:46:13.246 | INFO     | N/A | ⏳ 等待 Profile 更新任务...
2026-07-22 19:46:18.287 | INFO     | N/A | ⏳ 等待 Profile 更新任务...
2026-07-22 19:46:23.319 | INFO     | N/A | ⏳ 等待 Profile 更新任务...
2026-07-22 19:46:28.355 | INFO     | N/A | ⏳ 等待 Profile 更新任务...
2026-07-22 19:46:33.388 | INFO     | N/A | ⏳ 等待 Profile 更新任务...
2026-07-22 19:46:38.421 | INFO     | N/A | ⏳ 等待 Profile 更新任务...
2026-07-22 19:46:43.466 | INFO     | N/A | ⏳ 等待 Profile 更新任务...
2026-07-22 19:46:48.501 | INFO     | N/A | ⏳ 等待 Profile 更新任务...
2026-07-22 19:46:53.538 | INFO     | N/A | ⏳ 等待 Profile 更新任务...
2026-07-22 19:46:58.577 | INFO     | N/A | ⏳ 等待 Profile 更新任务...
2026-07-22 19:47:03.615 | INFO     | N/A | ⏳ 等待 Profile 更新任务...
2026-07-22 19:47:08.650 | INFO     | N/A | ⏳ 等待 Profile 更新任务...
2026-07-22 19:47:13.688 | INFO     | N/A | ⏳ 等待 Profile 更新任务...
2026-07-22 19:47:18.720 | INFO     | N/A | ⏳ 等待 Profile 更新任务...
2026-07-22 19:47:23.763 | INFO     | N/A | ⏳ 等待 Profile 更新任务...
2026-07-22 19:47:28.831 | INFO     | N/A | ⏳ 等待 Profile 更新任务...
2026-07-22 19:47:33.867 | INFO     | N/A | ⏳ 等待 Profile 更新任务...
2026-07-22 19:47:38.943 | INFO     | N/A | ⏳ 等待 Profile 更新任务...
2026-07-22 19:47:43.977 | INFO     | N/A | ⏳ 等待 Profile 更新任务...
2026-07-22 19:47:49.009 | INFO     | N/A | ⏳ 等待 Profile 更新任务...
2026-07-22 19:47:54.053 | INFO     | N/A | ⏳ 等待 Profile 更新任务...
2026-07-22 19:47:59.088 | INFO     | N/A | ⏳ 等待 Profile 更新任务...
2026-07-22 19:48:04.126 | INFO     | N/A | ⏳ 等待 Profile 更新任务...
2026-07-22 19:48:09.170 | INFO     | N/A | ⏳ 等待 Profile 更新任务...
2026-07-22 19:48:14.220 | INFO     | N/A | ⏳ 等待 Profile 更新任务...
2026-07-22 19:48:19.253 | INFO     | N/A | ⏳ 等待 Profile 更新任务...
2026-07-22 19:48:24.297 | INFO     | N/A | ⏳ 等待 Profile 更新任务...
2026-07-22 19:48:29.331 | INFO     | N/A | ⏳ 等待 Profile 更新任务...
2026-07-22 19:48:34.414 | INFO     | N/A | ⏳ 等待 Profile 更新任务...
2026-07-22 19:48:39.450 | INFO     | N/A | ⏳ 等待 Profile 更新任务...
2026-07-22 19:48:44.473 | INFO     | N/A | ⏳ 等待 Profile 更新任务...
2026-07-22 19:48:49.506 | INFO     | N/A | ⏳ 等待 Profile 更新任务...
2026-07-22 19:48:54.545 | INFO     | N/A | ⏳ 等待 Profile 更新任务...
2026-07-22 19:48:59.583 | INFO     | N/A | ⏳ 等待 Profile 更新任务...
2026-07-22 19:49:04.590 | INFO     | N/A | ⏳ 等待 Profile 更新任务...
2026-07-22 19:49:09.624 | INFO     | N/A | ⏳ 等待 Profile 更新任务...
2026-07-22 19:49:14.646 | INFO     | N/A | ⏳ 等待 Profile 更新任务...
2026-07-22 19:49:19.679 | INFO     | N/A | ⏳ 等待 Profile 更新任务...
2026-07-22 19:49:24.719 | INFO     | N/A | ⏳ 等待 Profile 更新任务...
2026-07-22 19:49:29.757 | INFO     | N/A | ⏳ 等待 Profile 更新任务...
2026-07-22 19:49:34.790 | INFO     | N/A | ⏳ 等待 Profile 更新任务...
2026-07-22 19:49:39.826 | INFO     | N/A | ⏳ 等待 Profile 更新任务...
2026-07-22 19:49:44.926 | INFO     | N/A | ⏳ 等待 Profile 更新任务...
2026-07-22 19:49:49.966 | INFO     | N/A | ⏳ 等待 Profile 更新任务...
2026-07-22 19:49:54.999 | INFO     | N/A | ⏳ 等待 Profile 更新任务...
2026-07-22 19:50:00.036 | INFO     | N/A | ⏳ 等待 Profile 更新任务...
2026-07-22 19:50:05.087 | INFO     | N/A | ⏳ 等待 Profile 更新任务...
2026-07-22 19:50:10.127 | INFO     | N/A | ⏳ 等待 Profile 更新任务...
2026-07-22 19:50:15.139 | INFO     | N/A | ⏳ 等待 Profile 更新任务...
2026-07-22 19:50:20.173 | INFO     | N/A | ⏳ 等待 Profile 更新任务...
2026-07-22 19:50:25.262 | INFO     | N/A | ⏳ 等待 Profile 更新任务...
2026-07-22 19:50:30.296 | INFO     | N/A | ⏳ 等待 Profile 更新任务...
2026-07-22 19:50:35.331 | INFO     | N/A | ⏳ 等待 Profile 更新任务...
2026-07-22 19:50:40.369 | INFO     | N/A | ⏳ 等待 Profile 更新任务...
2026-07-22 19:50:45.409 | INFO     | N/A | ⏳ 等待 Profile 更新任务...
2026-07-22 19:50:50.446 | INFO     | N/A | ⏳ 等待 Profile 更新任务...
2026-07-22 19:50:55.491 | INFO     | N/A | ⏳ 等待 Profile 更新任务...
2026-07-22 19:51:00.525 | INFO     | N/A | ⏳ 等待 Profile 更新任务...
2026-07-22 19:51:05.568 | INFO     | N/A | ⏳ 等待 Profile 更新任务...
2026-07-22 19:51:10.610 | INFO     | N/A | ⏳ 等待 Profile 更新任务...
2026-07-22 19:51:15.646 | INFO     | N/A | ⏳ 等待 Profile 更新任务...
2026-07-22 19:51:20.660 | INFO     | N/A | ⏳ 等待 Profile 更新任务...
2026-07-22 19:51:25.695 | INFO     | N/A | ⏳ 等待 Profile 更新任务...
2026-07-22 19:51:30.733 | INFO     | N/A | ⏳ 等待 Profile 更新任务...
2026-07-22 19:51:35.773 | INFO     | N/A | ⏳ 等待 Profile 更新任务...
2026-07-22 19:51:40.805 | INFO     | N/A | ⏳ 等待 Profile 更新任务...
2026-07-22 19:51:45.847 | INFO     | N/A | ⏳ 等待 Profile 更新任务...
2026-07-22 19:51:50.883 | INFO     | N/A | ⏳ 等待 Profile 更新任务...
2026-07-22 19:51:55.918 | INFO     | N/A | ⏳ 等待 Profile 更新任务...
2026-07-22 19:52:00.956 | INFO     | N/A | ⏳ 等待 Profile 更新任务...
2026-07-22 19:52:05.996 | INFO     | N/A | ⏳ 等待 Profile 更新任务...
2026-07-22 19:52:11.035 | INFO     | N/A | ⏳ 等待 Profile 更新任务...
2026-07-22 19:52:16.106 | INFO     | N/A | ⏳ 等待 Profile 更新任务...
2026-07-22 19:52:21.162 | INFO     | N/A | ⏳ 等待 Profile 更新任务...
2026-07-22 19:52:26.200 | INFO     | N/A | ⏳ 等待 Profile 更新任务...
2026-07-22 19:52:31.242 | INFO     | N/A | ⏳ 等待 Profile 更新任务...
2026-07-22 19:52:36.282 | INFO     | N/A | ⏳ 等待 Profile 更新任务...
2026-07-22 19:52:41.318 | INFO     | N/A | ⏳ 等待 Profile 更新任务...
2026-07-22 19:52:46.335 | INFO     | N/A | ⏳ 等待 Profile 更新任务...
2026-07-22 19:52:51.370 | INFO     | N/A | ⏳ 等待 Profile 更新任务...
2026-07-22 19:52:56.411 | INFO     | N/A | ⏳ 等待 Profile 更新任务...
2026-07-22 19:53:01.451 | INFO     | N/A | ⏳ 等待 Profile 更新任务...
2026-07-22 19:53:06.548 | INFO     | N/A | ⏳ 等待 Profile 更新任务...
2026-07-22 19:53:11.589 | INFO     | N/A | ⏳ 等待 Profile 更新任务...
2026-07-22 19:53:16.628 | INFO     | N/A | ⏳ 等待 Profile 更新任务...
2026-07-22 19:53:21.665 | INFO     | N/A | ⏳ 等待 Profile 更新任务...
2026-07-22 19:53:26.705 | INFO     | N/A | ⏳ 等待 Profile 更新任务...
2026-07-22 19:53:31.744 | INFO     | N/A | ⏳ 等待 Profile 更新任务...
2026-07-22 19:53:36.817 | INFO     | N/A | ⏳ 等待 Profile 更新任务...
2026-07-22 19:53:41.849 | INFO     | N/A | ⏳ 等待 Profile 更新任务...
2026-07-22 19:53:46.890 | INFO     | N/A | ⏳ 等待 Profile 更新任务...
2026-07-22 19:53:51.930 | INFO     | N/A | ⏳ 等待 Profile 更新任务...
2026-07-22 19:53:56.979 | INFO     | N/A | ⏳ 等待 Profile 更新任务...
2026-07-22 19:54:02.014 | INFO     | N/A | ⏳ 等待 Profile 更新任务...
2026-07-22 19:54:07.054 | INFO     | N/A | ⏳ 等待 Profile 更新任务...
2026-07-22 19:54:12.087 | INFO     | N/A | ⏳ 等待 Profile 更新任务...
2026-07-22 19:54:17.122 | INFO     | N/A | ⏳ 等待 Profile 更新任务...
2026-07-22 19:54:22.205 | INFO     | N/A | ⏳ 等待 Profile 更新任务...
2026-07-22 19:54:27.240 | INFO     | N/A | ⏳ 等待 Profile 更新任务...
2026-07-22 19:54:32.277 | INFO     | N/A | ⏳ 等待 Profile 更新任务...
2026-07-22 19:54:37.317 | INFO     | N/A | ⏳ 等待 Profile 更新任务...
2026-07-22 19:54:42.353 | INFO     | N/A | ⏳ 等待 Profile 更新任务...
2026-07-22 19:54:47.415 | INFO     | N/A | ⏳ 等待 Profile 更新任务...
2026-07-22 19:54:52.449 | INFO     | N/A | ⏳ 等待 Profile 更新任务...
2026-07-22 19:54:57.490 | INFO     | N/A | ⏳ 等待 Profile 更新任务...
2026-07-22 19:55:02.529 | INFO     | N/A | ⏳ 等待 Profile 更新任务...
2026-07-22 19:55:07.598 | INFO     | N/A | ⏳ 等待 Profile 更新任务...
2026-07-22 19:55:12.630 | INFO     | N/A | ⏳ 等待 Profile 更新任务...
2026-07-22 19:55:17.662 | INFO     | N/A | ⏳ 等待 Profile 更新任务...
2026-07-22 19:55:22.698 | INFO     | N/A | ⏳ 等待 Profile 更新任务...
2026-07-22 19:55:27.738 | INFO     | N/A | ⏳ 等待 Profile 更新任务...
2026-07-22 19:55:32.780 | INFO     | N/A | ⏳ 等待 Profile 更新任务...
2026-07-22 19:55:37.820 | INFO     | N/A | ⏳ 等待 Profile 更新任务...
2026-07-22 19:55:42.855 | INFO     | N/A | ⏳ 等待 Profile 更新任务...
2026-07-22 19:55:47.887 | INFO     | N/A | ⏳ 等待 Profile 更新任务...
2026-07-22 19:55:52.928 | INFO     | N/A | ⏳ 等待 Profile 更新任务...
2026-07-22 19:55:57.962 | INFO     | N/A | ⏳ 等待 Profile 更新任务...
2026-07-22 19:56:02.998 | INFO     | N/A | ⏳ 等待 Profile 更新任务...
2026-07-22 19:56:08.033 | INFO     | N/A | ⏳ 等待 Profile 更新任务...
2026-07-22 19:56:13.070 | INFO     | N/A | ⏳ 等待 Profile 更新任务...
2026-07-22 19:56:18.119 | INFO     | N/A | ⏳ 等待 Profile 更新任务...
2026-07-22 19:56:23.153 | INFO     | N/A | ⏳ 等待 Profile 更新任务...
2026-07-22 19:56:28.190 | INFO     | N/A | ⏳ 等待 Profile 更新任务...
2026-07-22 19:56:33.226 | INFO     | N/A | ⏳ 等待 Profile 更新任务...
2026-07-22 19:56:38.270 | INFO     | N/A | ⏳ 等待 Profile 更新任务...
2026-07-22 19:56:43.305 | INFO     | N/A | ⏳ 等待 Profile 更新任务...
2026-07-22 19:56:48.339 | INFO     | N/A | ⏳ 等待 Profile 更新任务...
2026-07-22 19:56:53.376 | INFO     | N/A | ⏳ 等待 Profile 更新任务...
2026-07-22 19:56:58.411 | INFO     | N/A | ⏳ 等待 Profile 更新任务...
2026-07-22 19:57:03.481 | INFO     | N/A | ⏳ 等待 Profile 更新任务...
2026-07-22 19:57:08.524 | INFO     | N/A | ⏳ 等待 Profile 更新任务...
2026-07-22 19:57:13.563 | INFO     | N/A | ⏳ 等待 Profile 更新任务...
2026-07-22 19:57:18.601 | INFO     | N/A | ⏳ 等待 Profile 更新任务...
2026-07-22 19:57:23.640 | INFO     | N/A | ⏳ 等待 Profile 更新任务...
2026-07-22 19:57:28.678 | INFO     | N/A | ⏳ 等待 Profile 更新任务...
2026-07-22 19:57:33.750 | INFO     | N/A | ⏳ 等待 Profile 更新任务...
2026-07-22 19:57:38.791 | INFO     | N/A | ⏳ 等待 Profile 更新任务...
2026-07-22 19:57:43.827 | INFO     | N/A | ⏳ 等待 Profile 更新任务...
2026-07-22 19:57:48.863 | INFO     | N/A | ⏳ 等待 Profile 更新任务...
2026-07-22 19:57:53.895 | INFO     | N/A | ⏳ 等待 Profile 更新任务...
2026-07-22 19:57:58.936 | INFO     | N/A | ⏳ 等待 Profile 更新任务...
2026-07-22 19:58:03.983 | INFO     | N/A | ⏳ 等待 Profile 更新任务...
2026-07-22 19:58:09.010 | INFO     | N/A | ⏳ 等待 Profile 更新任务...
2026-07-22 19:58:14.049 | INFO     | N/A | ⏳ 等待 Profile 更新任务...
2026-07-22 19:58:19.073 | INFO     | N/A | ⏳ 等待 Profile 更新任务...
2026-07-22 19:58:24.107 | INFO     | N/A | ⏳ 等待 Profile 更新任务...
2026-07-22 19:58:29.141 | INFO     | N/A | ⏳ 等待 Profile 更新任务...
2026-07-22 19:58:34.179 | INFO     | N/A | ⏳ 等待 Profile 更新任务...
2026-07-22 19:58:39.216 | INFO     | N/A | ⏳ 等待 Profile 更新任务...
2026-07-22 19:58:44.251 | INFO     | N/A | ⏳ 等待 Profile 更新任务...
2026-07-22 19:58:49.287 | INFO     | N/A | ⏳ 等待 Profile 更新任务...
2026-07-22 19:58:54.320 | INFO     | N/A | ⏳ 等待 Profile 更新任务...
2026-07-22 19:58:59.363 | INFO     | N/A | ⏳ 等待 Profile 更新任务...
2026-07-22 19:59:04.398 | INFO     | N/A | ⏳ 等待 Profile 更新任务...
2026-07-22 19:59:09.444 | INFO     | N/A | ⏳ 等待 Profile 更新任务...
2026-07-22 19:59:14.477 | INFO     | N/A | ⏳ 等待 Profile 更新任务...
2026-07-22 19:59:19.531 | INFO     | N/A | ⏳ 等待 Profile 更新任务...
2026-07-22 19:59:24.571 | INFO     | N/A | ⏳ 等待 Profile 更新任务...
2026-07-22 19:59:29.625 | INFO     | N/A | ⏳ 等待 Profile 更新任务...
2026-07-22 19:59:34.671 | INFO     | N/A | ⏳ 等待 Profile 更新任务...
2026-07-22 19:59:39.708 | INFO     | N/A | ⏳ 等待 Profile 更新任务...
2026-07-22 19:59:44.743 | INFO     | N/A | ⏳ 等待 Profile 更新任务...
2026-07-22 19:59:49.783 | INFO     | N/A | ⏳ 等待 Profile 更新任务...
2026-07-22 19:59:54.822 | INFO     | N/A | ⏳ 等待 Profile 更新任务...
2026-07-22 19:59:59.860 | INFO     | N/A | ⏳ 等待 Profile 更新任务...
2026-07-22 20:00:04.914 | INFO     | N/A | ⏳ 等待 Profile 更新任务...
2026-07-22 20:00:09.963 | INFO     | N/A | ⏳ 等待 Profile 更新任务...
2026-07-22 20:00:14.995 | INFO     | N/A | ⏳ 等待 Profile 更新任务...
2026-07-22 20:00:20.028 | INFO     | N/A | ⏳ 等待 Profile 更新任务...
2026-07-22 20:00:25.064 | INFO     | N/A | ⏳ 等待 Profile 更新任务...
2026-07-22 20:00:30.102 | INFO     | N/A | ⏳ 等待 Profile 更新任务...
2026-07-22 20:00:35.138 | INFO     | N/A | ⏳ 等待 Profile 更新任务...
2026-07-22 20:00:40.172 | INFO     | N/A | ⏳ 等待 Profile 更新任务...
2026-07-22 20:00:45.210 | INFO     | N/A | ⏳ 等待 Profile 更新任务...
2026-07-22 20:00:50.249 | INFO     | N/A | ⏳ 等待 Profile 更新任务...
2026-07-22 20:00:55.285 | INFO     | N/A | ⏳ 等待 Profile 更新任务...
2026-07-22 20:01:00.325 | INFO     | N/A | ⏳ 等待 Profile 更新任务...
2026-07-22 20:01:05.373 | INFO     | N/A | ⏳ 等待 Profile 更新任务...
2026-07-22 20:01:10.407 | INFO     | N/A | ⏳ 等待 Profile 更新任务...
2026-07-22 20:01:15.445 | INFO     | N/A | ⏳ 等待 Profile 更新任务...
2026-07-22 20:01:20.478 | INFO     | N/A | ⏳ 等待 Profile 更新任务...
2026-07-22 20:01:25.513 | INFO     | N/A | ⏳ 等待 Profile 更新任务...
2026-07-22 20:01:30.618 | INFO     | N/A | ⏳ 等待 Profile 更新任务...
2026-07-22 20:01:35.652 | INFO     | N/A | ⏳ 等待 Profile 更新任务...
2026-07-22 20:01:40.691 | INFO     | N/A | ⏳ 等待 Profile 更新任务...
2026-07-22 20:01:45.729 | INFO     | N/A | ⏳ 等待 Profile 更新任务...
2026-07-22 20:01:50.767 | INFO     | N/A | ⏳ 等待 Profile 更新任务...
2026-07-22 20:01:55.806 | INFO     | N/A | ⏳ 等待 Profile 更新任务...
2026-07-22 20:02:00.841 | INFO     | N/A | ⏳ 等待 Profile 更新任务...
2026-07-22 20:02:05.936 | INFO     | N/A | ⏳ 等待 Profile 更新任务...
2026-07-22 20:02:11.002 | INFO     | N/A | ⏳ 等待 Profile 更新任务...
2026-07-22 20:02:16.039 | INFO     | N/A | ⏳ 等待 Profile 更新任务...
2026-07-22 20:02:21.102 | INFO     | N/A | ⏳ 等待 Profile 更新任务...
2026-07-22 20:02:26.150 | INFO     | N/A | ⏳ 等待 Profile 更新任务...
2026-07-22 20:02:31.182 | INFO     | N/A | ⏳ 等待 Profile 更新任务...
2026-07-22 20:02:36.230 | INFO     | N/A | ⏳ 等待 Profile 更新任务...
2026-07-22 20:02:41.313 | INFO     | N/A | ⏳ 等待 Profile 更新任务...
2026-07-22 20:02:46.349 | INFO     | N/A | ⏳ 等待 Profile 更新任务...
2026-07-22 20:02:51.391 | INFO     | N/A | ⏳ 等待 Profile 更新任务...
2026-07-22 20:02:56.432 | INFO     | N/A | ⏳ 等待 Profile 更新任务...
2026-07-22 20:03:01.464 | INFO     | N/A | ⏳ 等待 Profile 更新任务...
2026-07-22 20:03:06.510 | INFO     | N/A | ⏳ 等待 Profile 更新任务...
2026-07-22 20:03:11.545 | INFO     | N/A | ⏳ 等待 Profile 更新任务...
2026-07-22 20:03:16.626 | INFO     | N/A | ⏳ 等待 Profile 更新任务...
2026-07-22 20:03:21.667 | INFO     | N/A | ⏳ 等待 Profile 更新任务...
2026-07-22 20:03:26.706 | INFO     | N/A | ⏳ 等待 Profile 更新任务...
2026-07-22 20:03:31.745 | INFO     | N/A | ⏳ 等待 Profile 更新任务...
2026-07-22 20:03:36.793 | INFO     | N/A | ⏳ 等待 Profile 更新任务...
2026-07-22 20:03:41.838 | INFO     | N/A | ⏳ 等待 Profile 更新任务...
2026-07-22 20:03:46.872 | INFO     | N/A | ⏳ 等待 Profile 更新任务...
2026-07-22 20:03:51.909 | INFO     | N/A | ⏳ 等待 Profile 更新任务...
2026-07-22 20:03:56.947 | INFO     | N/A | ⏳ 等待 Profile 更新任务...
2026-07-22 20:04:01.978 | INFO     | N/A | ⏳ 等待 Profile 更新任务...
2026-07-22 20:04:07.023 | INFO     | N/A | ⏳ 等待 Profile 更新任务...
2026-07-22 20:04:12.064 | INFO     | N/A | ⏳ 等待 Profile 更新任务...
2026-07-22 20:04:17.105 | INFO     | N/A | ⏳ 等待 Profile 更新任务...
2026-07-22 20:04:22.190 | INFO     | N/A | ⏳ 等待 Profile 更新任务...
2026-07-22 20:04:27.215 | INFO     | N/A | ⏳ 等待 Profile 更新任务...
2026-07-22 20:04:32.268 | INFO     | N/A | ⏳ 等待 Profile 更新任务...
2026-07-22 20:04:37.308 | INFO     | N/A | ⏳ 等待 Profile 更新任务...
2026-07-22 20:04:42.342 | INFO     | N/A | ⏳ 等待 Profile 更新任务...
2026-07-22 20:04:47.379 | INFO     | N/A | ⏳ 等待 Profile 更新任务...
2026-07-22 20:04:52.414 | INFO     | N/A | ⏳ 等待 Profile 更新任务...
2026-07-22 20:04:57.448 | INFO     | N/A | ⏳ 等待 Profile 更新任务...
2026-07-22 20:05:02.485 | INFO     | N/A | ⏳ 等待 Profile 更新任务...
2026-07-22 20:05:07.524 | INFO     | N/A | ⏳ 等待 Profile 更新任务...
2026-07-22 20:05:12.561 | INFO     | N/A | ⏳ 等待 Profile 更新任务...
2026-07-22 20:05:17.599 | INFO     | N/A | ⏳ 等待 Profile 更新任务...
2026-07-22 20:05:22.635 | INFO     | N/A | ⏳ 等待 Profile 更新任务...
2026-07-22 20:05:27.670 | INFO     | N/A | ⏳ 等待 Profile 更新任务...
2026-07-22 20:05:32.706 | INFO     | N/A | ⏳ 等待 Profile 更新任务...
2026-07-22 20:05:37.744 | INFO     | N/A | ⏳ 等待 Profile 更新任务...
2026-07-22 20:05:42.783 | INFO     | N/A | ⏳ 等待 Profile 更新任务...
2026-07-22 20:05:47.825 | INFO     | N/A | ⏳ 等待 Profile 更新任务...
2026-07-22 20:05:52.861 | INFO     | N/A | ⏳ 等待 Profile 更新任务...
2026-07-22 20:05:57.896 | INFO     | N/A | ⏳ 等待 Profile 更新任务...
2026-07-22 20:06:02.931 | INFO     | N/A | ⏳ 等待 Profile 更新任务...
2026-07-22 20:06:07.970 | INFO     | N/A | ⏳ 等待 Profile 更新任务...
2026-07-22 20:06:13.003 | INFO     | N/A | ⏳ 等待 Profile 更新任务...
2026-07-22 20:06:18.040 | INFO     | N/A | ⏳ 等待 Profile 更新任务...
2026-07-22 20:06:23.086 | INFO     | N/A | ⏳ 等待 Profile 更新任务...
2026-07-22 20:06:28.121 | INFO     | N/A | ⏳ 等待 Profile 更新任务...
2026-07-22 20:06:33.158 | INFO     | N/A | ⏳ 等待 Profile 更新任务...
2026-07-22 20:06:38.199 | INFO     | N/A | ⏳ 等待 Profile 更新任务...
2026-07-22 20:06:43.240 | INFO     | N/A | ⏳ 等待 Profile 更新任务...
2026-07-22 20:06:48.283 | INFO     | N/A | ⏳ 等待 Profile 更新任务...
2026-07-22 20:06:53.338 | INFO     | N/A | ⏳ 等待 Profile 更新任务...
2026-07-22 20:06:58.376 | INFO     | N/A | ⏳ 等待 Profile 更新任务...
2026-07-22 20:07:03.411 | INFO     | N/A | ⏳ 等待 Profile 更新任务...
2026-07-22 20:07:08.455 | INFO     | N/A | ⏳ 等待 Profile 更新任务...
2026-07-22 20:07:13.501 | INFO     | N/A | ⏳ 等待 Profile 更新任务...
2026-07-22 20:07:18.553 | INFO     | N/A | ⏳ 等待 Profile 更新任务...
2026-07-22 20:07:23.590 | INFO     | N/A | ⏳ 等待 Profile 更新任务...
2026-07-22 20:07:28.623 | INFO     | N/A | ⏳ 等待 Profile 更新任务...
2026-07-22 20:07:33.658 | INFO     | N/A | ⏳ 等待 Profile 更新任务...
2026-07-22 20:07:38.704 | INFO     | N/A | ⏳ 等待 Profile 更新任务...
2026-07-22 20:07:43.744 | INFO     | N/A | ⏳ 等待 Profile 更新任务...
2026-07-22 20:07:48.780 | INFO     | N/A | ⏳ 等待 Profile 更新任务...
2026-07-22 20:07:53.814 | INFO     | N/A | ⏳ 等待 Profile 更新任务...
2026-07-22 20:07:58.849 | INFO     | N/A | ⏳ 等待 Profile 更新任务...
2026-07-22 20:08:03.884 | INFO     | N/A | ⏳ 等待 Profile 更新任务...
2026-07-22 20:08:08.921 | INFO     | N/A | ⏳ 等待 Profile 更新任务...
2026-07-22 20:08:13.955 | INFO     | N/A | ⏳ 等待 Profile 更新任务...
2026-07-22 20:08:18.990 | INFO     | N/A | ⏳ 等待 Profile 更新任务...
2026-07-22 20:08:24.055 | INFO     | N/A | ⏳ 等待 Profile 更新任务...
2026-07-22 20:08:29.091 | INFO     | N/A | ⏳ 等待 Profile 更新任务...
2026-07-22 20:08:34.128 | INFO     | N/A | ⏳ 等待 Profile 更新任务...
2026-07-22 20:08:39.170 | INFO     | N/A | ⏳ 等待 Profile 更新任务...
2026-07-22 20:08:44.205 | INFO     | N/A | ⏳ 等待 Profile 更新任务...
2026-07-22 20:08:49.250 | INFO     | N/A | ⏳ 等待 Profile 更新任务...
2026-07-22 20:08:54.287 | INFO     | N/A | ⏳ 等待 Profile 更新任务...
2026-07-22 20:08:59.322 | INFO     | N/A | ⏳ 等待 Profile 更新任务...
2026-07-22 20:09:04.388 | INFO     | N/A | ⏳ 等待 Profile 更新任务...
2026-07-22 20:09:09.431 | INFO     | N/A | ⏳ 等待 Profile 更新任务...
2026-07-22 20:09:14.471 | INFO     | N/A | ⏳ 等待 Profile 更新任务...
2026-07-22 20:09:19.511 | INFO     | N/A | ⏳ 等待 Profile 更新任务...
2026-07-22 20:09:24.549 | INFO     | N/A | ⏳ 等待 Profile 更新任务...
2026-07-22 20:09:29.586 | INFO     | N/A | ⏳ 等待 Profile 更新任务...
2026-07-22 20:09:34.629 | INFO     | N/A | ⏳ 等待 Profile 更新任务...
2026-07-22 20:09:39.664 | INFO     | N/A | ⏳ 等待 Profile 更新任务...
2026-07-22 20:09:44.703 | INFO     | N/A | ⏳ 等待 Profile 更新任务...
2026-07-22 20:09:49.744 | INFO     | N/A | ⏳ 等待 Profile 更新任务...
2026-07-22 20:09:54.786 | INFO     | N/A | ⏳ 等待 Profile 更新任务...
2026-07-22 20:09:59.825 | INFO     | N/A | ⏳ 等待 Profile 更新任务...
2026-07-22 20:10:04.874 | INFO     | N/A | ⏳ 等待 Profile 更新任务...
2026-07-22 20:10:09.912 | INFO     | N/A | ⏳ 等待 Profile 更新任务...
2026-07-22 20:10:14.949 | INFO     | N/A | ⏳ 等待 Profile 更新任务...
2026-07-22 20:10:19.991 | INFO     | N/A | ⏳ 等待 Profile 更新任务...
2026-07-22 20:10:25.059 | INFO     | N/A | ⏳ 等待 Profile 更新任务...
2026-07-22 20:10:30.119 | INFO     | N/A | ⏳ 等待 Profile 更新任务...
2026-07-22 20:10:35.156 | INFO     | N/A | ⏳ 等待 Profile 更新任务...
2026-07-22 20:10:40.162 | INFO     | N/A | ⏳ 等待 Profile 更新任务...
2026-07-22 20:10:45.195 | INFO     | N/A | ⏳ 等待 Profile 更新任务...
2026-07-22 20:10:50.257 | INFO     | N/A | ⏳ 等待 Profile 更新任务...
2026-07-22 20:10:55.285 | INFO     | N/A | ⏳ 等待 Profile 更新任务...
2026-07-22 20:11:00.322 | INFO     | N/A | ⏳ 等待 Profile 更新任务...
2026-07-22 20:11:05.352 | INFO     | N/A | ⏳ 等待 Profile 更新任务...
2026-07-22 20:11:10.380 | INFO     | N/A | ⏳ 等待 Profile 更新任务...
2026-07-22 20:11:15.449 | INFO     | N/A | ⏳ 等待 Profile 更新任务...
2026-07-22 20:11:20.473 | INFO     | N/A | ⏳ 等待 Profile 更新任务...
2026-07-22 20:11:25.500 | INFO     | N/A | ⏳ 等待 Profile 更新任务...
2026-07-22 20:11:30.523 | INFO     | N/A | ⏳ 等待 Profile 更新任务...
2026-07-22 20:11:35.547 | INFO     | N/A | ⏳ 等待 Profile 更新任务...
2026-07-22 20:11:40.572 | INFO     | N/A | ⏳ 等待 Profile 更新任务...
2026-07-22 20:11:45.642 | INFO     | N/A | ⏳ 等待 Profile 更新任务...
2026-07-22 20:11:50.670 | INFO     | N/A | ⏳ 等待 Profile 更新任务...
2026-07-22 20:11:55.696 | INFO     | N/A | ⏳ 等待 Profile 更新任务...
2026-07-22 20:12:00.727 | INFO     | N/A | ⏳ 等待 Profile 更新任务...
2026-07-22 20:12:05.753 | INFO     | N/A | ⏳ 等待 Profile 更新任务...
2026-07-22 20:12:10.780 | INFO     | N/A | ⏳ 等待 Profile 更新任务...
2026-07-22 20:12:15.805 | INFO     | N/A | ⏳ 等待 Profile 更新任务...
2026-07-22 20:12:20.828 | INFO     | N/A | ⏳ 等待 Profile 更新任务...
2026-07-22 20:12:25.853 | INFO     | N/A | ⏳ 等待 Profile 更新任务...
2026-07-22 20:12:30.877 | INFO     | N/A | ⏳ 等待 Profile 更新任务...
2026-07-22 20:12:35.902 | INFO     | N/A | ⏳ 等待 Profile 更新任务...
2026-07-22 20:12:40.929 | INFO     | N/A | ⏳ 等待 Profile 更新任务...
2026-07-22 20:12:45.955 | INFO     | N/A | ⏳ 等待 Profile 更新任务...
2026-07-22 20:12:50.981 | INFO     | N/A | ⏳ 等待 Profile 更新任务...
2026-07-22 20:12:56.009 | INFO     | N/A | ⏳ 等待 Profile 更新任务...
2026-07-22 20:13:01.037 | INFO     | N/A | ⏳ 等待 Profile 更新任务...
2026-07-22 20:13:06.061 | INFO     | N/A | ⏳ 等待 Profile 更新任务...
2026-07-22 20:13:11.093 | INFO     | N/A | ⏳ 等待 Profile 更新任务...
2026-07-22 20:13:16.121 | INFO     | N/A | ⏳ 等待 Profile 更新任务...
2026-07-22 20:13:21.147 | INFO     | N/A | ⏳ 等待 Profile 更新任务...
2026-07-22 20:13:26.175 | INFO     | N/A | ⏳ 等待 Profile 更新任务...
2026-07-22 20:13:31.202 | INFO     | N/A | ⏳ 等待 Profile 更新任务...
2026-07-22 20:13:36.228 | INFO     | N/A | ⏳ 等待 Profile 更新任务...
2026-07-22 20:13:41.256 | INFO     | N/A | ⏳ 等待 Profile 更新任务...
2026-07-22 20:13:46.286 | INFO     | N/A | ⏳ 等待 Profile 更新任务...
2026-07-22 20:13:51.313 | INFO     | N/A | ⏳ 等待 Profile 更新任务...
2026-07-22 20:13:56.340 | INFO     | N/A | ⏳ 等待 Profile 更新任务...
2026-07-22 20:14:01.366 | INFO     | N/A | ⏳ 等待 Profile 更新任务...
2026-07-22 20:14:06.394 | INFO     | N/A | ⏳ 等待 Profile 更新任务...
2026-07-22 20:14:11.426 | INFO     | N/A | ⏳ 等待 Profile 更新任务...
2026-07-22 20:14:16.454 | INFO     | N/A | ⏳ 等待 Profile 更新任务...
2026-07-22 20:14:21.482 | INFO     | N/A | ⏳ 等待 Profile 更新任务...
2026-07-22 20:14:26.509 | INFO     | N/A | ⏳ 等待 Profile 更新任务...
2026-07-22 20:14:31.536 | INFO     | N/A | ⏳ 等待 Profile 更新任务...
2026-07-22 20:14:36.563 | INFO     | N/A | ⏳ 等待 Profile 更新任务...
2026-07-22 20:14:41.593 | INFO     | N/A | ⏳ 等待 Profile 更新任务...
2026-07-22 20:14:46.643 | INFO     | N/A | ⏳ 等待 Profile 更新任务...
2026-07-22 20:14:51.667 | INFO     | N/A | ⏳ 等待 Profile 更新任务...
2026-07-22 20:14:56.695 | INFO     | N/A | ⏳ 等待 Profile 更新任务...
2026-07-22 20:15:01.723 | INFO     | N/A | ⏳ 等待 Profile 更新任务...
2026-07-22 20:15:06.752 | INFO     | N/A | ⏳ 等待 Profile 更新任务...
2026-07-22 20:15:11.782 | INFO     | N/A | ⏳ 等待 Profile 更新任务...
2026-07-22 20:15:16.810 | INFO     | N/A | ⏳ 等待 Profile 更新任务...
2026-07-22 20:15:21.834 | INFO     | N/A | ⏳ 等待 Profile 更新任务...
2026-07-22 20:15:26.861 | INFO     | N/A | ⏳ 等待 Profile 更新任务...
2026-07-22 20:15:31.911 | INFO     | N/A | ⏳ 等待 Profile 更新任务...
2026-07-22 20:15:36.938 | INFO     | N/A | ⏳ 等待 Profile 更新任务...
2026-07-22 20:15:41.966 | INFO     | N/A | ⏳ 等待 Profile 更新任务...
2026-07-22 20:15:46.992 | INFO     | N/A | ⏳ 等待 Profile 更新任务...
2026-07-22 20:15:52.019 | INFO     | N/A | ⏳ 等待 Profile 更新任务...
2026-07-22 20:15:57.045 | INFO     | N/A | ⏳ 等待 Profile 更新任务...
2026-07-22 20:16:02.071 | INFO     | N/A | ⏳ 等待 Profile 更新任务...
2026-07-22 20:16:07.165 | INFO     | N/A | ⏳ 等待 Profile 更新任务...
2026-07-22 20:16:12.195 | INFO     | N/A | ⏳ 等待 Profile 更新任务...
2026-07-22 20:16:17.225 | INFO     | N/A | ⏳ 等待 Profile 更新任务...
2026-07-22 20:16:22.255 | INFO     | N/A | ⏳ 等待 Profile 更新任务...
2026-07-22 20:16:27.283 | INFO     | N/A | ⏳ 等待 Profile 更新任务...
2026-07-22 20:16:32.309 | INFO     | N/A | ⏳ 等待 Profile 更新任务...
2026-07-22 20:16:37.336 | INFO     | N/A | ⏳ 等待 Profile 更新任务...
2026-07-22 20:16:42.364 | INFO     | N/A | ⏳ 等待 Profile 更新任务...
2026-07-22 20:16:47.392 | INFO     | N/A | ⏳ 等待 Profile 更新任务...
2026-07-22 20:16:52.421 | INFO     | N/A | ⏳ 等待 Profile 更新任务...
2026-07-22 20:16:57.447 | INFO     | N/A | ⏳ 等待 Profile 更新任务...
2026-07-22 20:17:02.473 | INFO     | N/A | ⏳ 等待 Profile 更新任务...
2026-07-22 20:17:07.501 | INFO     | N/A | ⏳ 等待 Profile 更新任务...
2026-07-22 20:17:12.533 | INFO     | N/A | ⏳ 等待 Profile 更新任务...
2026-07-22 20:17:17.560 | INFO     | N/A | ⏳ 等待 Profile 更新任务...
2026-07-22 20:17:22.584 | INFO     | N/A | ⏳ 等待 Profile 更新任务...
2026-07-22 20:17:27.609 | INFO     | N/A | ⏳ 等待 Profile 更新任务...
2026-07-22 20:17:32.631 | INFO     | N/A | ⏳ 等待 Profile 更新任务...
2026-07-22 20:17:37.658 | INFO     | N/A | ⏳ 等待 Profile 更新任务...
2026-07-22 20:17:42.688 | INFO     | N/A | ⏳ 等待 Profile 更新任务...
2026-07-22 20:17:47.717 | INFO     | N/A | ⏳ 等待 Profile 更新任务...
2026-07-22 20:17:52.745 | INFO     | N/A | ⏳ 等待 Profile 更新任务...
2026-07-22 20:17:57.775 | INFO     | N/A | ⏳ 等待 Profile 更新任务...
2026-07-22 20:18:02.803 | INFO     | N/A | ⏳ 等待 Profile 更新任务...
2026-07-22 20:18:07.831 | INFO     | N/A | ⏳ 等待 Profile 更新任务...
2026-07-22 20:18:12.862 | INFO     | N/A | ⏳ 等待 Profile 更新任务...
2026-07-22 20:18:17.893 | INFO     | N/A | ⏳ 等待 Profile 更新任务...
2026-07-22 20:18:22.919 | INFO     | N/A | ⏳ 等待 Profile 更新任务...
2026-07-22 20:18:27.949 | INFO     | N/A | ⏳ 等待 Profile 更新任务...
2026-07-22 20:18:32.977 | INFO     | N/A | ⏳ 等待 Profile 更新任务...
2026-07-22 20:18:38.004 | INFO     | N/A | ⏳ 等待 Profile 更新任务...
2026-07-22 20:18:43.033 | INFO     | N/A | ⏳ 等待 Profile 更新任务...
2026-07-22 20:18:48.061 | INFO     | N/A | ⏳ 等待 Profile 更新任务...
2026-07-22 20:18:53.089 | INFO     | N/A | ⏳ 等待 Profile 更新任务...
2026-07-22 20:18:58.116 | INFO     | N/A | ⏳ 等待 Profile 更新任务...
2026-07-22 20:19:03.144 | INFO     | N/A | ⏳ 等待 Profile 更新任务...
2026-07-22 20:19:08.171 | INFO     | N/A | ⏳ 等待 Profile 更新任务...
2026-07-22 20:19:13.199 | INFO     | N/A | ⏳ 等待 Profile 更新任务...
2026-07-22 20:19:18.228 | INFO     | N/A | ⏳ 等待 Profile 更新任务...
2026-07-22 20:19:23.257 | INFO     | N/A | ⏳ 等待 Profile 更新任务...
2026-07-22 20:19:28.281 | INFO     | N/A | ⏳ 等待 Profile 更新任务...
2026-07-22 20:19:33.309 | INFO     | N/A | ⏳ 等待 Profile 更新任务...
2026-07-22 20:19:38.352 | INFO     | N/A | ⏳ 等待 Profile 更新任务...
2026-07-22 20:19:43.386 | INFO     | N/A | ⏳ 等待 Profile 更新任务...
2026-07-22 20:19:48.414 | INFO     | N/A | ⏳ 等待 Profile 更新任务...
2026-07-22 20:19:53.442 | INFO     | N/A | ⏳ 等待 Profile 更新任务...
2026-07-22 20:19:58.468 | INFO     | N/A | ⏳ 等待 Profile 更新任务...
2026-07-22 20:20:03.496 | INFO     | N/A | ⏳ 等待 Profile 更新任务...
2026-07-22 20:20:08.543 | INFO     | N/A | ⏳ 等待 Profile 更新任务...
2026-07-22 20:20:13.570 | INFO     | N/A | ⏳ 等待 Profile 更新任务...
2026-07-22 20:20:18.598 | INFO     | N/A | ⏳ 等待 Profile 更新任务...
2026-07-22 20:20:23.624 | INFO     | N/A | ⏳ 等待 Profile 更新任务...
2026-07-22 20:20:28.652 | INFO     | N/A | ⏳ 等待 Profile 更新任务...
2026-07-22 20:20:33.675 | INFO     | N/A | ⏳ 等待 Profile 更新任务...
2026-07-22 20:20:38.702 | INFO     | N/A | ⏳ 等待 Profile 更新任务...
2026-07-22 20:20:43.728 | INFO     | N/A | ⏳ 等待 Profile 更新任务...
2026-07-22 20:20:48.756 | INFO     | N/A | ⏳ 等待 Profile 更新任务...
2026-07-22 20:20:53.785 | INFO     | N/A | ⏳ 等待 Profile 更新任务...
2026-07-22 20:20:58.812 | INFO     | N/A | ⏳ 等待 Profile 更新任务...
2026-07-22 20:21:03.841 | INFO     | N/A | ⏳ 等待 Profile 更新任务...
2026-07-22 20:21:08.870 | INFO     | N/A | ⏳ 等待 Profile 更新任务...
2026-07-22 20:21:13.895 | INFO     | N/A | ⏳ 等待 Profile 更新任务...
2026-07-22 20:21:18.921 | INFO     | N/A | ⏳ 等待 Profile 更新任务...
2026-07-22 20:21:23.947 | INFO     | N/A | ⏳ 等待 Profile 更新任务...
2026-07-22 20:21:28.973 | INFO     | N/A | ⏳ 等待 Profile 更新任务...
2026-07-22 20:21:34.022 | INFO     | N/A | ⏳ 等待 Profile 更新任务...
2026-07-22 20:21:39.054 | INFO     | N/A | ⏳ 等待 Profile 更新任务...
2026-07-22 20:21:44.122 | INFO     | N/A | ⏳ 等待 Profile 更新任务...
2026-07-22 20:21:49.151 | INFO     | N/A | ⏳ 等待 Profile 更新任务...
2026-07-22 20:21:54.180 | INFO     | N/A | ⏳ 等待 Profile 更新任务...
2026-07-22 20:21:59.209 | INFO     | N/A | ⏳ 等待 Profile 更新任务...
2026-07-22 20:22:04.237 | INFO     | N/A | ⏳ 等待 Profile 更新任务...
2026-07-22 20:22:09.264 | INFO     | N/A | ⏳ 等待 Profile 更新任务...
2026-07-22 20:22:14.294 | INFO     | N/A | ⏳ 等待 Profile 更新任务...
2026-07-22 20:22:19.320 | INFO     | N/A | ⏳ 等待 Profile 更新任务...
2026-07-22 20:22:24.349 | INFO     | N/A | ⏳ 等待 Profile 更新任务...
2026-07-22 20:22:29.411 | INFO     | N/A | ⏳ 等待 Profile 更新任务...
2026-07-22 20:22:34.439 | INFO     | N/A | ⏳ 等待 Profile 更新任务...
2026-07-22 20:22:39.470 | INFO     | N/A | ⏳ 等待 Profile 更新任务...
2026-07-22 20:22:44.500 | INFO     | N/A | ⏳ 等待 Profile 更新任务...
2026-07-22 20:22:49.525 | INFO     | N/A | ⏳ 等待 Profile 更新任务...
2026-07-22 20:22:54.551 | INFO     | N/A | ⏳ 等待 Profile 更新任务...
2026-07-22 20:22:59.577 | INFO     | N/A | ⏳ 等待 Profile 更新任务...
2026-07-22 20:23:04.605 | INFO     | N/A | ⏳ 等待 Profile 更新任务...
2026-07-22 20:23:09.635 | INFO     | N/A | ⏳ 等待 Profile 更新任务...
2026-07-22 20:23:14.663 | INFO     | N/A | ⏳ 等待 Profile 更新任务...
2026-07-22 20:23:19.686 | INFO     | N/A | ⏳ 等待 Profile 更新任务...
2026-07-22 20:23:24.784 | INFO     | N/A | ⏳ 等待 Profile 更新任务...
2026-07-22 20:23:29.810 | INFO     | N/A | ⏳ 等待 Profile 更新任务...
2026-07-22 20:23:34.835 | INFO     | N/A | ⏳ 等待 Profile 更新任务...
2026-07-22 20:23:39.909 | INFO     | N/A | ⏳ 等待 Profile 更新任务...
2026-07-22 20:23:44.937 | INFO     | N/A | ⏳ 等待 Profile 更新任务...
2026-07-22 20:23:49.963 | INFO     | N/A | ⏳ 等待 Profile 更新任务...
2026-07-22 20:23:54.991 | INFO     | N/A | ⏳ 等待 Profile 更新任务...
2026-07-22 20:24:00.019 | INFO     | N/A | ⏳ 等待 Profile 更新任务...
2026-07-22 20:24:05.044 | INFO     | N/A | ⏳ 等待 Profile 更新任务...
2026-07-22 20:24:10.076 | INFO     | N/A | ⏳ 等待 Profile 更新任务...
2026-07-22 20:24:15.104 | INFO     | N/A | ⏳ 等待 Profile 更新任务...
2026-07-22 20:24:20.130 | INFO     | N/A | ⏳ 等待 Profile 更新任务...
2026-07-22 20:24:25.174 | INFO     | N/A | ⏳ 等待 Profile 更新任务...
2026-07-22 20:24:30.202 | INFO     | N/A | ⏳ 等待 Profile 更新任务...
2026-07-22 20:24:35.233 | INFO     | N/A | ⏳ 等待 Profile 更新任务...
2026-07-22 20:24:40.261 | INFO     | N/A | ⏳ 等待 Profile 更新任务...
2026-07-22 20:24:45.285 | INFO     | N/A | ⏳ 等待 Profile 更新任务...
2026-07-22 20:24:50.311 | INFO     | N/A | ⏳ 等待 Profile 更新任务...
2026-07-22 20:24:55.344 | INFO     | N/A | ⏳ 等待 Profile 更新任务...
2026-07-22 20:25:00.371 | INFO     | N/A | ⏳ 等待 Profile 更新任务...
2026-07-22 20:25:05.399 | INFO     | N/A | ⏳ 等待 Profile 更新任务...
2026-07-22 20:25:10.429 | INFO     | N/A | ⏳ 等待 Profile 更新任务...
2026-07-22 20:25:15.459 | INFO     | N/A | ⏳ 等待 Profile 更新任务...
2026-07-22 20:25:20.487 | INFO     | N/A | ⏳ 等待 Profile 更新任务...
2026-07-22 20:25:25.513 | INFO     | N/A | ⏳ 等待 Profile 更新任务...
2026-07-22 20:25:30.540 | INFO     | N/A | ⏳ 等待 Profile 更新任务...
2026-07-22 20:25:35.569 | INFO     | N/A | ⏳ 等待 Profile 更新任务...
2026-07-22 20:25:40.596 | INFO     | N/A | ⏳ 等待 Profile 更新任务...
2026-07-22 20:25:45.623 | INFO     | N/A | ⏳ 等待 Profile 更新任务...
2026-07-22 20:25:50.650 | INFO     | N/A | ⏳ 等待 Profile 更新任务...
2026-07-22 20:25:55.677 | INFO     | N/A | ⏳ 等待 Profile 更新任务...
2026-07-22 20:26:00.703 | INFO     | N/A | ⏳ 等待 Profile 更新任务...
2026-07-22 20:26:05.733 | INFO     | N/A | ⏳ 等待 Profile 更新任务...
2026-07-22 20:26:10.763 | INFO     | N/A | ⏳ 等待 Profile 更新任务...
2026-07-22 20:26:15.789 | INFO     | N/A | ⏳ 等待 Profile 更新任务...
2026-07-22 20:26:20.817 | INFO     | N/A | ⏳ 等待 Profile 更新任务...
2026-07-22 20:26:25.854 | INFO     | N/A | ⏳ 等待 Profile 更新任务...
2026-07-22 20:26:30.882 | INFO     | N/A | ⏳ 等待 Profile 更新任务...
2026-07-22 20:26:35.907 | INFO     | N/A | ⏳ 等待 Profile 更新任务...
2026-07-22 20:26:40.933 | INFO     | N/A | ⏳ 等待 Profile 更新任务...
2026-07-22 20:26:45.962 | INFO     | N/A | ⏳ 等待 Profile 更新任务...
2026-07-22 20:26:50.990 | INFO     | N/A | ⏳ 等待 Profile 更新任务...
2026-07-22 20:26:56.048 | INFO     | N/A | ⏳ 等待 Profile 更新任务...
2026-07-22 20:27:01.072 | INFO     | N/A | ⏳ 等待 Profile 更新任务...
2026-07-22 20:27:06.100 | INFO     | N/A | ⏳ 等待 Profile 更新任务...
2026-07-22 20:27:11.128 | INFO     | N/A | ⏳ 等待 Profile 更新任务...
2026-07-22 20:27:16.157 | INFO     | N/A | ⏳ 等待 Profile 更新任务...
2026-07-22 20:27:21.184 | INFO     | N/A | ⏳ 等待 Profile 更新任务...
2026-07-22 20:27:26.233 | INFO     | N/A | ⏳ 等待 Profile 更新任务...
2026-07-22 20:27:31.264 | INFO     | N/A | ⏳ 等待 Profile 更新任务...
2026-07-22 20:27:36.292 | INFO     | N/A | ⏳ 等待 Profile 更新任务...
2026-07-22 20:27:41.320 | INFO     | N/A | ⏳ 等待 Profile 更新任务...
2026-07-22 20:27:46.346 | INFO     | N/A | ⏳ 等待 Profile 更新任务...
2026-07-22 20:27:51.374 | INFO     | N/A | ⏳ 等待 Profile 更新任务...
2026-07-22 20:27:56.401 | INFO     | N/A | ⏳ 等待 Profile 更新任务...
2026-07-22 20:28:01.427 | INFO     | N/A | ⏳ 等待 Profile 更新任务...
2026-07-22 20:28:06.453 | INFO     | N/A | ⏳ 等待 Profile 更新任务...
2026-07-22 20:28:11.482 | INFO     | N/A | ⏳ 等待 Profile 更新任务...
2026-07-22 20:28:16.511 | INFO     | N/A | ⏳ 等待 Profile 更新任务...
2026-07-22 20:28:21.539 | INFO     | N/A | ⏳ 等待 Profile 更新任务...
2026-07-22 20:28:26.579 | INFO     | N/A | ⏳ 等待 Profile 更新任务...
2026-07-22 20:28:31.606 | INFO     | N/A | ⏳ 等待 Profile 更新任务...
2026-07-22 20:28:36.633 | INFO     | N/A | ⏳ 等待 Profile 更新任务...
2026-07-22 20:28:41.731 | INFO     | N/A | ⏳ 等待 Profile 更新任务...
2026-07-22 20:28:46.757 | INFO     | N/A | ⏳ 等待 Profile 更新任务...
2026-07-22 20:28:51.786 | INFO     | N/A | ⏳ 等待 Profile 更新任务...
2026-07-22 20:28:56.815 | INFO     | N/A | ⏳ 等待 Profile 更新任务...
2026-07-22 20:29:01.839 | INFO     | N/A | ⏳ 等待 Profile 更新任务...
2026-07-22 20:29:06.864 | INFO     | N/A | ⏳ 等待 Profile 更新任务...
2026-07-22 20:29:11.894 | INFO     | N/A | ⏳ 等待 Profile 更新任务...
2026-07-22 20:29:16.920 | INFO     | N/A | ⏳ 等待 Profile 更新任务...
2026-07-22 20:29:21.948 | INFO     | N/A | ⏳ 等待 Profile 更新任务...
2026-07-22 20:29:26.978 | INFO     | N/A | ⏳ 等待 Profile 更新任务...
2026-07-22 20:29:32.005 | INFO     | N/A | ⏳ 等待 Profile 更新任务...
2026-07-22 20:29:37.031 | INFO     | N/A | ⏳ 等待 Profile 更新任务...
2026-07-22 20:29:42.060 | INFO     | N/A | ⏳ 等待 Profile 更新任务...
2026-07-22 20:29:47.087 | INFO     | N/A | ⏳ 等待 Profile 更新任务...
2026-07-22 20:29:52.113 | INFO     | N/A | ⏳ 等待 Profile 更新任务...
2026-07-22 20:29:57.140 | INFO     | N/A | ⏳ 等待 Profile 更新任务...
2026-07-22 20:30:02.168 | INFO     | N/A | ⏳ 等待 Profile 更新任务...
2026-07-22 20:30:07.178 | INFO     | N/A | ⏳ 等待 Profile 更新任务...
2026-07-22 20:30:12.207 | INFO     | N/A | ⏳ 等待 Profile 更新任务...
2026-07-22 20:30:17.232 | INFO     | N/A | ⏳ 等待 Profile 更新任务...
2026-07-22 20:30:22.259 | INFO     | N/A | ⏳ 等待 Profile 更新任务...
2026-07-22 20:30:27.286 | INFO     | N/A | ⏳ 等待 Profile 更新任务...
2026-07-22 20:30:32.315 | INFO     | N/A | ⏳ 等待 Profile 更新任务...
2026-07-22 20:30:37.342 | INFO     | N/A | ⏳ 等待 Profile 更新任务...
2026-07-22 20:30:42.370 | INFO     | N/A | ⏳ 等待 Profile 更新任务...
2026-07-22 20:30:47.396 | INFO     | N/A | ⏳ 等待 Profile 更新任务...
2026-07-22 20:30:52.422 | INFO     | N/A | ⏳ 等待 Profile 更新任务...
2026-07-22 20:30:57.451 | INFO     | N/A | ⏳ 等待 Profile 更新任务...
2026-07-22 20:31:02.476 | INFO     | N/A | ⏳ 等待 Profile 更新任务...
2026-07-22 20:31:07.503 | INFO     | N/A | ⏳ 等待 Profile 更新任务...
2026-07-22 20:31:12.530 | INFO     | N/A | ⏳ 等待 Profile 更新任务...
2026-07-22 20:31:17.558 | INFO     | N/A | ⏳ 等待 Profile 更新任务...
2026-07-22 20:31:22.586 | INFO     | N/A | ⏳ 等待 Profile 更新任务...
2026-07-22 20:31:27.614 | INFO     | N/A | ⏳ 等待 Profile 更新任务...
2026-07-22 20:31:32.641 | INFO     | N/A | ⏳ 等待 Profile 更新任务...
2026-07-22 20:31:37.646 | INFO     | N/A | ⏳ 等待 Profile 更新任务...
2026-07-22 20:31:42.673 | INFO     | N/A | ⏳ 等待 Profile 更新任务...
2026-07-22 20:31:47.701 | INFO     | N/A | ⏳ 等待 Profile 更新任务...
2026-07-22 20:31:52.727 | INFO     | N/A | ⏳ 等待 Profile 更新任务...
2026-07-22 20:31:57.758 | INFO     | N/A | ⏳ 等待 Profile 更新任务...
2026-07-22 20:32:02.786 | INFO     | N/A | ⏳ 等待 Profile 更新任务...
2026-07-22 20:32:07.815 | INFO     | N/A | ⏳ 等待 Profile 更新任务...
2026-07-22 20:32:12.842 | INFO     | N/A | ⏳ 等待 Profile 更新任务...
2026-07-22 20:32:17.867 | INFO     | N/A | ⏳ 等待 Profile 更新任务...
2026-07-22 20:32:22.893 | INFO     | N/A | ⏳ 等待 Profile 更新任务...
2026-07-22 20:32:27.983 | INFO     | N/A | ⏳ 等待 Profile 更新任务...
2026-07-22 20:32:33.010 | INFO     | N/A | ⏳ 等待 Profile 更新任务...
2026-07-22 20:32:38.038 | INFO     | N/A | ⏳ 等待 Profile 更新任务...
2026-07-22 20:32:43.064 | INFO     | N/A | ⏳ 等待 Profile 更新任务...
2026-07-22 20:32:48.090 | INFO     | N/A | ⏳ 等待 Profile 更新任务...
2026-07-22 20:32:53.116 | INFO     | N/A | ⏳ 等待 Profile 更新任务...
2026-07-22 20:32:58.144 | INFO     | N/A | ⏳ 等待 Profile 更新任务...
2026-07-22 20:33:03.172 | INFO     | N/A | ⏳ 等待 Profile 更新任务...
2026-07-22 20:33:08.200 | INFO     | N/A | ⏳ 等待 Profile 更新任务...
2026-07-22 20:33:13.230 | INFO     | N/A | ⏳ 等待 Profile 更新任务...
2026-07-22 20:33:18.257 | INFO     | N/A | ⏳ 等待 Profile 更新任务...
2026-07-22 20:33:23.282 | INFO     | N/A | ⏳ 等待 Profile 更新任务...
2026-07-22 20:33:28.307 | INFO     | N/A | ⏳ 等待 Profile 更新任务...
2026-07-22 20:33:33.336 | INFO     | N/A | ⏳ 等待 Profile 更新任务...
2026-07-22 20:33:38.363 | INFO     | N/A | ⏳ 等待 Profile 更新任务...
2026-07-22 20:33:43.397 | INFO     | N/A | ⏳ 等待 Profile 更新任务...
2026-07-22 20:33:48.424 | INFO     | N/A | ⏳ 等待 Profile 更新任务...
2026-07-22 20:33:53.451 | INFO     | N/A | ⏳ 等待 Profile 更新任务...
2026-07-22 20:33:58.479 | INFO     | N/A | ⏳ 等待 Profile 更新任务...
2026-07-22 20:34:03.509 | INFO     | N/A | ⏳ 等待 Profile 更新任务...
2026-07-22 20:34:08.535 | INFO     | N/A | ⏳ 等待 Profile 更新任务...
2026-07-22 20:34:13.562 | INFO     | N/A | ⏳ 等待 Profile 更新任务...
2026-07-22 20:34:18.589 | INFO     | N/A | ⏳ 等待 Profile 更新任务...
2026-07-22 20:34:23.615 | INFO     | N/A | ⏳ 等待 Profile 更新任务...
2026-07-22 20:34:28.652 | INFO     | N/A | ⏳ 等待 Profile 更新任务...
2026-07-22 20:34:33.678 | INFO     | N/A | ⏳ 等待 Profile 更新任务...
2026-07-22 20:34:38.700 | INFO     | N/A | ⏳ 等待 Profile 更新任务...
2026-07-22 20:34:43.730 | INFO     | N/A | ⏳ 等待 Profile 更新任务...
2026-07-22 20:34:48.757 | INFO     | N/A | ⏳ 等待 Profile 更新任务...
2026-07-22 20:34:53.784 | INFO     | N/A | ⏳ 等待 Profile 更新任务...
2026-07-22 20:34:58.809 | INFO     | N/A | ⏳ 等待 Profile 更新任务...
2026-07-22 20:35:03.837 | INFO     | N/A | ⏳ 等待 Profile 更新任务...
2026-07-22 20:35:08.865 | INFO     | N/A | ⏳ 等待 Profile 更新任务...
2026-07-22 20:35:13.894 | INFO     | N/A | ⏳ 等待 Profile 更新任务...
2026-07-22 20:35:18.924 | INFO     | N/A | ⏳ 等待 Profile 更新任务...
2026-07-22 20:35:23.953 | INFO     | N/A | ⏳ 等待 Profile 更新任务...
2026-07-22 20:35:28.982 | INFO     | N/A | ⏳ 等待 Profile 更新任务...
2026-07-22 20:35:34.081 | INFO     | N/A | ⏳ 等待 Profile 更新任务...
2026-07-22 20:35:39.108 | INFO     | N/A | ⏳ 等待 Profile 更新任务...
2026-07-22 20:35:44.137 | INFO     | N/A | ⏳ 等待 Profile 更新任务...
2026-07-22 20:35:49.165 | INFO     | N/A | ⏳ 等待 Profile 更新任务...
2026-07-22 20:35:54.190 | INFO     | N/A | ⏳ 等待 Profile 更新任务...
2026-07-22 20:35:59.268 | INFO     | N/A | ⏳ 等待 Profile 更新任务...
2026-07-22 20:36:04.296 | INFO     | N/A | ⏳ 等待 Profile 更新任务...
2026-07-22 20:36:09.323 | INFO     | N/A | ⏳ 等待 Profile 更新任务...
2026-07-22 20:36:14.350 | INFO     | N/A | ⏳ 等待 Profile 更新任务...
2026-07-22 20:36:19.377 | INFO     | N/A | ⏳ 等待 Profile 更新任务...
2026-07-22 20:36:24.406 | INFO     | N/A | ⏳ 等待 Profile 更新任务...
2026-07-22 20:36:29.430 | INFO     | N/A | ⏳ 等待 Profile 更新任务...
2026-07-22 20:36:34.457 | INFO     | N/A | ⏳ 等待 Profile 更新任务...
2026-07-22 20:36:39.486 | INFO     | N/A | ⏳ 等待 Profile 更新任务...
2026-07-22 20:36:44.513 | INFO     | N/A | ⏳ 等待 Profile 更新任务...
2026-07-22 20:36:49.539 | INFO     | N/A | ⏳ 等待 Profile 更新任务...
2026-07-22 20:36:54.569 | INFO     | N/A | ⏳ 等待 Profile 更新任务...
2026-07-22 20:36:59.595 | INFO     | N/A | ⏳ 等待 Profile 更新任务...
2026-07-22 20:37:04.625 | INFO     | N/A | ⏳ 等待 Profile 更新任务...
2026-07-22 20:37:09.650 | INFO     | N/A | ⏳ 等待 Profile 更新任务...
2026-07-22 20:37:14.679 | INFO     | N/A | ⏳ 等待 Profile 更新任务...
2026-07-22 20:37:19.706 | INFO     | N/A | ⏳ 等待 Profile 更新任务...
2026-07-22 20:37:24.733 | INFO     | N/A | ⏳ 等待 Profile 更新任务...
2026-07-22 20:37:29.762 | INFO     | N/A | ⏳ 等待 Profile 更新任务...
2026-07-22 20:37:34.790 | INFO     | N/A | ⏳ 等待 Profile 更新任务...
2026-07-22 20:37:39.818 | INFO     | N/A | ⏳ 等待 Profile 更新任务...
2026-07-22 20:37:44.848 | INFO     | N/A | ⏳ 等待 Profile 更新任务...
2026-07-22 20:37:49.875 | INFO     | N/A | ⏳ 等待 Profile 更新任务...
2026-07-22 20:37:54.911 | INFO     | N/A | ⏳ 等待 Profile 更新任务...
2026-07-22 20:37:59.938 | INFO     | N/A | ⏳ 等待 Profile 更新任务...
2026-07-22 20:38:04.967 | INFO     | N/A | ⏳ 等待 Profile 更新任务...
2026-07-22 20:38:09.979 | INFO     | N/A | ⏳ 等待 Profile 更新任务...
2026-07-22 20:38:15.006 | INFO     | N/A | ⏳ 等待 Profile 更新任务...
2026-07-22 20:38:20.034 | INFO     | N/A | ⏳ 等待 Profile 更新任务...
2026-07-22 20:38:25.062 | INFO     | N/A | ⏳ 等待 Profile 更新任务...
2026-07-22 20:38:30.091 | INFO     | N/A | ⏳ 等待 Profile 更新任务...
2026-07-22 20:38:35.118 | INFO     | N/A | ⏳ 等待 Profile 更新任务...
2026-07-22 20:38:40.144 | INFO     | N/A | ⏳ 等待 Profile 更新任务...
2026-07-22 20:38:45.221 | INFO     | N/A | ⏳ 等待 Profile 更新任务...
2026-07-22 20:38:50.308 | INFO     | N/A | ⏳ 等待 Profile 更新任务...
2026-07-22 20:38:55.335 | INFO     | N/A | ⏳ 等待 Profile 更新任务...
2026-07-22 20:39:00.361 | INFO     | N/A | ⏳ 等待 Profile 更新任务...
2026-07-22 20:39:05.435 | INFO     | N/A | ⏳ 等待 Profile 更新任务...
2026-07-22 20:39:10.463 | INFO     | N/A | ⏳ 等待 Profile 更新任务...
2026-07-22 20:39:15.491 | INFO     | N/A | ⏳ 等待 Profile 更新任务...
2026-07-22 20:39:20.520 | INFO     | N/A | ⏳ 等待 Profile 更新任务...
2026-07-22 20:39:25.548 | INFO     | N/A | ⏳ 等待 Profile 更新任务...
2026-07-22 20:39:30.576 | INFO     | N/A | ⏳ 等待 Profile 更新任务...
2026-07-22 20:39:35.603 | INFO     | N/A | ⏳ 等待 Profile 更新任务...
2026-07-22 20:39:40.631 | INFO     | N/A | ⏳ 等待 Profile 更新任务...
2026-07-22 20:39:45.661 | INFO     | N/A | ⏳ 等待 Profile 更新任务...
2026-07-22 20:39:50.689 | INFO     | N/A | ⏳ 等待 Profile 更新任务...
2026-07-22 20:39:55.777 | INFO     | N/A | ⏳ 等待 Profile 更新任务...
2026-07-22 20:40:00.802 | INFO     | N/A | ⏳ 等待 Profile 更新任务...
2026-07-22 20:40:05.831 | INFO     | N/A | ⏳ 等待 Profile 更新任务...
2026-07-22 20:40:10.860 | INFO     | N/A | ⏳ 等待 Profile 更新任务...
2026-07-22 20:40:15.889 | INFO     | N/A | ⏳ 等待 Profile 更新任务...
2026-07-22 20:40:20.917 | INFO     | N/A | ⏳ 等待 Profile 更新任务...
2026-07-22 20:40:25.944 | INFO     | N/A | ⏳ 等待 Profile 更新任务...
2026-07-22 20:40:30.975 | INFO     | N/A | ⏳ 等待 Profile 更新任务...
2026-07-22 20:40:36.003 | INFO     | N/A | ⏳ 等待 Profile 更新任务...
2026-07-22 20:40:41.030 | INFO     | N/A | ⏳ 等待 Profile 更新任务...
2026-07-22 20:40:46.059 | INFO     | N/A | ⏳ 等待 Profile 更新任务...
2026-07-22 20:40:51.085 | INFO     | N/A | ⏳ 等待 Profile 更新任务...
2026-07-22 20:40:56.113 | INFO     | N/A | ⏳ 等待 Profile 更新任务...
2026-07-22 20:41:01.142 | INFO     | N/A | ⏳ 等待 Profile 更新任务...
2026-07-22 20:41:06.166 | INFO     | N/A | ⏳ 等待 Profile 更新任务...
2026-07-22 20:41:11.191 | INFO     | N/A | ⏳ 等待 Profile 更新任务...
2026-07-22 20:41:16.221 | INFO     | N/A | ⏳ 等待 Profile 更新任务...
2026-07-22 20:41:21.251 | INFO     | N/A | ⏳ 等待 Profile 更新任务...
2026-07-22 20:41:26.281 | INFO     | N/A | ⏳ 等待 Profile 更新任务...
2026-07-22 20:41:31.308 | INFO     | N/A | ⏳ 等待 Profile 更新任务...
2026-07-22 20:41:36.335 | INFO     | N/A | ⏳ 等待 Profile 更新任务...
2026-07-22 20:41:41.365 | INFO     | N/A | ⏳ 等待 Profile 更新任务...
2026-07-22 20:41:46.393 | INFO     | N/A | ⏳ 等待 Profile 更新任务...
2026-07-22 20:41:51.420 | INFO     | N/A | ⏳ 等待 Profile 更新任务...
2026-07-22 20:41:56.448 | INFO     | N/A | ⏳ 等待 Profile 更新任务...
2026-07-22 20:42:01.474 | INFO     | N/A | ⏳ 等待 Profile 更新任务...
2026-07-22 20:42:06.504 | INFO     | N/A | ⏳ 等待 Profile 更新任务...
2026-07-22 20:42:11.532 | INFO     | N/A | ⏳ 等待 Profile 更新任务...
2026-07-22 20:42:16.560 | INFO     | N/A | ⏳ 等待 Profile 更新任务...
2026-07-22 20:42:21.587 | INFO     | N/A | ⏳ 等待 Profile 更新任务...
2026-07-22 20:42:26.615 | INFO     | N/A | ⏳ 等待 Profile 更新任务...
2026-07-22 20:42:31.643 | INFO     | N/A | ⏳ 等待 Profile 更新任务...
2026-07-22 20:42:36.669 | INFO     | N/A | ⏳ 等待 Profile 更新任务...
2026-07-22 20:42:41.694 | INFO     | N/A | ⏳ 等待 Profile 更新任务...
2026-07-22 20:42:46.721 | INFO     | N/A | ⏳ 等待 Profile 更新任务...
2026-07-22 20:42:51.749 | INFO     | N/A | ⏳ 等待 Profile 更新任务...
2026-07-22 20:42:56.778 | INFO     | N/A | ⏳ 等待 Profile 更新任务...
2026-07-22 20:43:01.808 | INFO     | N/A | ⏳ 等待 Profile 更新任务...
2026-07-22 20:43:06.834 | INFO     | N/A | ⏳ 等待 Profile 更新任务...
2026-07-22 20:43:11.862 | INFO     | N/A | ⏳ 等待 Profile 更新任务...
2026-07-22 20:43:16.956 | INFO     | N/A | ⏳ 等待 Profile 更新任务...
2026-07-22 20:43:21.982 | INFO     | N/A | ⏳ 等待 Profile 更新任务...
2026-07-22 20:43:27.007 | INFO     | N/A | ⏳ 等待 Profile 更新任务...
2026-07-22 20:43:32.035 | INFO     | N/A | ⏳ 等待 Profile 更新任务...
2026-07-22 20:43:37.061 | INFO     | N/A | ⏳ 等待 Profile 更新任务...
2026-07-22 20:43:42.087 | INFO     | N/A | ⏳ 等待 Profile 更新任务...
2026-07-22 20:43:47.114 | INFO     | N/A | ⏳ 等待 Profile 更新任务...
2026-07-22 20:43:52.141 | INFO     | N/A | ⏳ 等待 Profile 更新任务...
2026-07-22 20:43:57.166 | INFO     | N/A | ⏳ 等待 Profile 更新任务...
2026-07-22 20:44:02.196 | INFO     | N/A | ⏳ 等待 Profile 更新任务...
2026-07-22 20:44:07.221 | INFO     | N/A | ⏳ 等待 Profile 更新任务...
2026-07-22 20:44:12.248 | INFO     | N/A | ⏳ 等待 Profile 更新任务...
2026-07-22 20:44:17.346 | INFO     | N/A | ⏳ 等待 Profile 更新任务...
2026-07-22 20:44:22.374 | INFO     | N/A | ⏳ 等待 Profile 更新任务...
2026-07-22 20:44:27.401 | INFO     | N/A | ⏳ 等待 Profile 更新任务...
2026-07-22 20:44:32.425 | INFO     | N/A | ⏳ 等待 Profile 更新任务...
2026-07-22 20:44:37.451 | INFO     | N/A | ⏳ 等待 Profile 更新任务...
2026-07-22 20:44:42.478 | INFO     | N/A | ⏳ 等待 Profile 更新任务...
2026-07-22 20:44:47.507 | INFO     | N/A | ⏳ 等待 Profile 更新任务...
2026-07-22 20:44:52.534 | INFO     | N/A | ⏳ 等待 Profile 更新任务...
2026-07-22 20:44:57.561 | INFO     | N/A | ⏳ 等待 Profile 更新任务...
2026-07-22 20:45:02.593 | INFO     | N/A | ⏳ 等待 Profile 更新任务...
2026-07-22 20:45:07.620 | INFO     | N/A | ⏳ 等待 Profile 更新任务...
2026-07-22 20:45:12.648 | INFO     | N/A | ⏳ 等待 Profile 更新任务...
2026-07-22 20:45:17.678 | INFO     | N/A | ⏳ 等待 Profile 更新任务...
2026-07-22 20:45:22.707 | INFO     | N/A | ⏳ 等待 Profile 更新任务...
2026-07-22 20:45:27.734 | INFO     | N/A | ⏳ 等待 Profile 更新任务...
2026-07-22 20:45:32.762 | INFO     | N/A | ⏳ 等待 Profile 更新任务...
2026-07-22 20:45:37.789 | INFO     | N/A | ⏳ 等待 Profile 更新任务...
2026-07-22 20:45:42.816 | INFO     | N/A | ⏳ 等待 Profile 更新任务...
2026-07-22 20:45:47.842 | INFO     | N/A | ⏳ 等待 Profile 更新任务...
2026-07-22 20:45:52.869 | INFO     | N/A | ⏳ 等待 Profile 更新任务...
2026-07-22 20:45:57.896 | INFO     | N/A | ⏳ 等待 Profile 更新任务...
2026-07-22 20:46:02.924 | INFO     | N/A | ⏳ 等待 Profile 更新任务...
2026-07-22 20:46:07.952 | INFO     | N/A | ⏳ 等待 Profile 更新任务...
2026-07-22 20:46:12.988 | INFO     | N/A | ⏳ 等待 Profile 更新任务...
2026-07-22 20:46:18.016 | INFO     | N/A | ⏳ 等待 Profile 更新任务...
2026-07-22 20:46:23.043 | INFO     | N/A | ⏳ 等待 Profile 更新任务...
2026-07-22 20:46:28.073 | INFO     | N/A | ⏳ 等待 Profile 更新任务...
2026-07-22 20:46:33.100 | INFO     | N/A | ⏳ 等待 Profile 更新任务...
2026-07-22 20:46:38.129 | INFO     | N/A | ⏳ 等待 Profile 更新任务...
2026-07-22 20:46:43.156 | INFO     | N/A | ⏳ 等待 Profile 更新任务...
2026-07-22 20:46:48.196 | INFO     | N/A | ⏳ 等待 Profile 更新任务...
2026-07-22 20:46:53.223 | INFO     | N/A | ⏳ 等待 Profile 更新任务...
2026-07-22 20:46:58.257 | INFO     | N/A | ⏳ 等待 Profile 更新任务...
2026-07-22 20:47:03.272 | INFO     | N/A | ⏳ 等待 Profile 更新任务...
2026-07-22 20:47:08.296 | INFO     | N/A | ⏳ 等待 Profile 更新任务...
2026-07-22 20:47:13.324 | INFO     | N/A | ⏳ 等待 Profile 更新任务...
2026-07-22 20:47:18.351 | INFO     | N/A | ⏳ 等待 Profile 更新任务...
2026-07-22 20:47:23.376 | INFO     | N/A | ⏳ 等待 Profile 更新任务...
2026-07-22 20:47:28.404 | INFO     | N/A | ⏳ 等待 Profile 更新任务...
2026-07-22 20:47:33.427 | INFO     | N/A | ⏳ 等待 Profile 更新任务...
2026-07-22 20:47:38.452 | INFO     | N/A | ⏳ 等待 Profile 更新任务...
2026-07-22 20:47:43.477 | INFO     | N/A | ⏳ 等待 Profile 更新任务...
2026-07-22 20:47:48.503 | INFO     | N/A | ⏳ 等待 Profile 更新任务...
2026-07-22 20:47:53.528 | INFO     | N/A | ⏳ 等待 Profile 更新任务...
2026-07-22 20:47:58.583 | INFO     | N/A | ⏳ 等待 Profile 更新任务...
2026-07-22 20:48:03.675 | INFO     | N/A | ⏳ 等待 Profile 更新任务...
2026-07-22 20:48:08.700 | INFO     | N/A | ⏳ 等待 Profile 更新任务...
2026-07-22 20:48:13.728 | INFO     | N/A | ⏳ 等待 Profile 更新任务...
2026-07-22 20:48:18.754 | INFO     | N/A | ⏳ 等待 Profile 更新任务...
2026-07-22 20:48:23.780 | INFO     | N/A | ⏳ 等待 Profile 更新任务...
2026-07-22 20:48:28.807 | INFO     | N/A | ⏳ 等待 Profile 更新任务...
2026-07-22 20:48:33.834 | INFO     | N/A | ⏳ 等待 Profile 更新任务...
2026-07-22 20:48:38.859 | INFO     | N/A | ⏳ 等待 Profile 更新任务...
2026-07-22 20:48:43.884 | INFO     | N/A | ⏳ 等待 Profile 更新任务...
2026-07-22 20:48:48.911 | INFO     | N/A | ⏳ 等待 Profile 更新任务...
2026-07-22 20:48:53.935 | INFO     | N/A | ⏳ 等待 Profile 更新任务...
2026-07-22 20:48:58.961 | INFO     | N/A | ⏳ 等待 Profile 更新任务...
2026-07-22 20:49:03.988 | INFO     | N/A | ⏳ 等待 Profile 更新任务...
2026-07-22 20:49:09.013 | INFO     | N/A | ⏳ 等待 Profile 更新任务...
2026-07-22 20:49:14.038 | INFO     | N/A | ⏳ 等待 Profile 更新任务...
2026-07-22 20:49:19.065 | INFO     | N/A | ⏳ 等待 Profile 更新任务...
2026-07-22 20:49:24.089 | INFO     | N/A | ⏳ 等待 Profile 更新任务...
2026-07-22 20:49:29.114 | INFO     | N/A | ⏳ 等待 Profile 更新任务...
2026-07-22 20:49:34.143 | INFO     | N/A | ⏳ 等待 Profile 更新任务...
2026-07-22 20:49:39.171 | INFO     | N/A | ⏳ 等待 Profile 更新任务...
2026-07-22 20:49:44.196 | INFO     | N/A | ⏳ 等待 Profile 更新任务...
2026-07-22 20:49:49.226 | INFO     | N/A | ⏳ 等待 Profile 更新任务...
2026-07-22 20:49:54.254 | INFO     | N/A | ⏳ 等待 Profile 更新任务...
2026-07-22 20:49:59.281 | INFO     | N/A | ⏳ 等待 Profile 更新任务...
2026-07-22 20:50:04.309 | INFO     | N/A | ⏳ 等待 Profile 更新任务...
2026-07-22 20:50:09.337 | INFO     | N/A | ⏳ 等待 Profile 更新任务...
2026-07-22 20:50:14.362 | INFO     | N/A | ⏳ 等待 Profile 更新任务...
2026-07-22 20:50:19.389 | INFO     | N/A | ⏳ 等待 Profile 更新任务...
2026-07-22 20:50:24.440 | INFO     | N/A | ⏳ 等待 Profile 更新任务...
2026-07-22 20:50:29.464 | INFO     | N/A | ⏳ 等待 Profile 更新任务...
2026-07-22 20:50:34.489 | INFO     | N/A | ⏳ 等待 Profile 更新任务...
2026-07-22 20:50:39.513 | INFO     | N/A | ⏳ 等待 Profile 更新任务...
2026-07-22 20:50:44.537 | INFO     | N/A | ⏳ 等待 Profile 更新任务...
2026-07-22 20:50:49.563 | INFO     | N/A | ⏳ 等待 Profile 更新任务...
2026-07-22 20:50:54.590 | INFO     | N/A | ⏳ 等待 Profile 更新任务...
2026-07-22 20:50:59.616 | INFO     | N/A | ⏳ 等待 Profile 更新任务...
2026-07-22 20:51:04.642 | INFO     | N/A | ⏳ 等待 Profile 更新任务...
2026-07-22 20:51:09.667 | INFO     | N/A | ⏳ 等待 Profile 更新任务...
2026-07-22 20:51:14.692 | INFO     | N/A | ⏳ 等待 Profile 更新任务...
2026-07-22 20:51:19.719 | INFO     | N/A | ⏳ 等待 Profile 更新任务...
2026-07-22 20:51:24.743 | INFO     | N/A | ⏳ 等待 Profile 更新任务...
2026-07-22 20:51:29.761 | INFO     | N/A | ⏳ 等待 Profile 更新任务...
2026-07-22 20:51:34.788 | INFO     | N/A | ⏳ 等待 Profile 更新任务...
2026-07-22 20:51:39.813 | INFO     | N/A | ⏳ 等待 Profile 更新任务...
2026-07-22 20:51:44.841 | INFO     | N/A | ⏳ 等待 Profile 更新任务...
2026-07-22 20:51:49.867 | INFO     | N/A | ⏳ 等待 Profile 更新任务...
2026-07-22 20:51:54.894 | INFO     | N/A | ⏳ 等待 Profile 更新任务...
2026-07-22 20:51:59.920 | INFO     | N/A | ⏳ 等待 Profile 更新任务...
2026-07-22 20:52:04.946 | INFO     | N/A | ⏳ 等待 Profile 更新任务...
2026-07-22 20:52:09.970 | INFO     | N/A | ⏳ 等待 Profile 更新任务...
2026-07-22 20:52:14.994 | INFO     | N/A | ⏳ 等待 Profile 更新任务...
2026-07-22 20:52:20.019 | INFO     | N/A | ⏳ 等待 Profile 更新任务...
2026-07-22 20:52:25.044 | INFO     | N/A | ⏳ 等待 Profile 更新任务...
2026-07-22 20:52:30.109 | INFO     | N/A | ⏳ 等待 Profile 更新任务...
2026-07-22 20:52:35.196 | INFO     | N/A | ⏳ 等待 Profile 更新任务...
2026-07-22 20:52:40.222 | INFO     | N/A | ⏳ 等待 Profile 更新任务...
2026-07-22 20:52:45.249 | INFO     | N/A | ⏳ 等待 Profile 更新任务...
2026-07-22 20:52:50.275 | INFO     | N/A | ⏳ 等待 Profile 更新任务...
2026-07-22 20:52:55.303 | INFO     | N/A | ⏳ 等待 Profile 更新任务...
2026-07-22 20:53:00.326 | INFO     | N/A | ⏳ 等待 Profile 更新任务...
2026-07-22 20:53:05.349 | INFO     | N/A | ⏳ 等待 Profile 更新任务...
2026-07-22 20:53:10.409 | INFO     | N/A | ⏳ 等待 Profile 更新任务...
2026-07-22 20:53:15.436 | INFO     | N/A | ⏳ 等待 Profile 更新任务...
2026-07-22 20:53:20.459 | INFO     | N/A | ⏳ 等待 Profile 更新任务...
2026-07-22 20:53:25.483 | INFO     | N/A | ⏳ 等待 Profile 更新任务...
2026-07-22 20:53:30.506 | INFO     | N/A | ⏳ 等待 Profile 更新任务...
2026-07-22 20:53:35.530 | INFO     | N/A | ⏳ 等待 Profile 更新任务...
2026-07-22 20:53:40.554 | INFO     | N/A | ⏳ 等待 Profile 更新任务...
2026-07-22 20:53:45.580 | INFO     | N/A | ⏳ 等待 Profile 更新任务...
2026-07-22 20:53:50.605 | INFO     | N/A | ⏳ 等待 Profile 更新任务...
2026-07-22 20:53:55.631 | INFO     | N/A | ⏳ 等待 Profile 更新任务...
2026-07-22 20:54:00.657 | INFO     | N/A | ⏳ 等待 Profile 更新任务...
2026-07-22 20:54:05.683 | INFO     | N/A | ⏳ 等待 Profile 更新任务...
2026-07-22 20:54:10.706 | INFO     | N/A | ⏳ 等待 Profile 更新任务...
2026-07-22 20:54:15.732 | INFO     | N/A | ⏳ 等待 Profile 更新任务...
2026-07-22 20:54:20.757 | INFO     | N/A | ⏳ 等待 Profile 更新任务...
2026-07-22 20:54:25.782 | INFO     | N/A | ⏳ 等待 Profile 更新任务...
2026-07-22 20:54:30.807 | INFO     | N/A | ⏳ 等待 Profile 更新任务...
2026-07-22 20:54:35.836 | INFO     | N/A | ⏳ 等待 Profile 更新任务...
2026-07-22 20:54:40.862 | INFO     | N/A | ⏳ 等待 Profile 更新任务...
2026-07-22 20:54:45.888 | INFO     | N/A | ⏳ 等待 Profile 更新任务...
2026-07-22 20:54:50.934 | INFO     | N/A | ⏳ 等待 Profile 更新任务...
2026-07-22 20:54:55.962 | INFO     | N/A | ⏳ 等待 Profile 更新任务...
2026-07-22 20:55:01.055 | INFO     | N/A | ⏳ 等待 Profile 更新任务...
2026-07-22 20:55:06.082 | INFO     | N/A | ⏳ 等待 Profile 更新任务...
2026-07-22 20:55:11.109 | INFO     | N/A | ⏳ 等待 Profile 更新任务...
2026-07-22 20:55:16.139 | INFO     | N/A | ⏳ 等待 Profile 更新任务...
2026-07-22 20:55:21.165 | INFO     | N/A | ⏳ 等待 Profile 更新任务...
2026-07-22 20:55:26.191 | INFO     | N/A | ⏳ 等待 Profile 更新任务...
2026-07-22 20:55:31.217 | INFO     | N/A | ⏳ 等待 Profile 更新任务...
2026-07-22 20:55:36.241 | INFO     | N/A | ⏳ 等待 Profile 更新任务...
2026-07-22 20:55:41.265 | INFO     | N/A | ⏳ 等待 Profile 更新任务...
2026-07-22 20:55:46.290 | INFO     | N/A | ⏳ 等待 Profile 更新任务...
2026-07-22 20:55:51.324 | INFO     | N/A | ⏳ 等待 Profile 更新任务...
2026-07-22 20:55:56.351 | INFO     | N/A | ⏳ 等待 Profile 更新任务...
2026-07-22 20:56:01.377 | INFO     | N/A | ⏳ 等待 Profile 更新任务...
2026-07-22 20:56:06.402 | INFO     | N/A | ⏳ 等待 Profile 更新任务...
2026-07-22 20:56:11.427 | INFO     | N/A | ⏳ 等待 Profile 更新任务...
2026-07-22 20:56:16.501 | INFO     | N/A | ⏳ 等待 Profile 更新任务...
2026-07-22 20:56:21.524 | INFO     | N/A | ⏳ 等待 Profile 更新任务...
2026-07-22 20:56:26.552 | INFO     | N/A | ⏳ 等待 Profile 更新任务...
2026-07-22 20:56:31.621 | INFO     | N/A | ⏳ 等待 Profile 更新任务...
2026-07-22 20:56:36.649 | INFO     | N/A | ⏳ 等待 Profile 更新任务...
2026-07-22 20:56:41.672 | INFO     | N/A | ⏳ 等待 Profile 更新任务...
2026-07-22 20:56:46.694 | INFO     | N/A | ⏳ 等待 Profile 更新任务...
2026-07-22 20:56:51.719 | INFO     | N/A | ⏳ 等待 Profile 更新任务...
2026-07-22 20:56:56.721 | INFO     | N/A | ⏳ 等待 Profile 更新任务...
2026-07-22 20:57:01.747 | INFO     | N/A | ⏳ 等待 Profile 更新任务...
2026-07-22 20:57:06.779 | INFO     | N/A | ⏳ 等待 Profile 更新任务...
2026-07-22 20:57:11.806 | INFO     | N/A | ⏳ 等待 Profile 更新任务...
2026-07-22 20:57:16.834 | INFO     | N/A | ⏳ 等待 Profile 更新任务...
2026-07-22 20:57:21.898 | INFO     | N/A | ⏳ 等待 Profile 更新任务...
2026-07-22 20:57:26.925 | INFO     | N/A | ⏳ 等待 Profile 更新任务...
2026-07-22 20:57:31.953 | INFO     | N/A | ⏳ 等待 Profile 更新任务...
2026-07-22 20:57:36.979 | INFO     | N/A | ⏳ 等待 Profile 更新任务...
2026-07-22 20:57:42.006 | INFO     | N/A | ⏳ 等待 Profile 更新任务...
2026-07-22 20:57:47.043 | INFO     | N/A | ⏳ 等待 Profile 更新任务...
2026-07-22 20:57:52.069 | INFO     | N/A | ⏳ 等待 Profile 更新任务...
2026-07-22 20:57:57.096 | INFO     | N/A | ⏳ 等待 Profile 更新任务...
2026-07-22 20:58:02.122 | INFO     | N/A | ⏳ 等待 Profile 更新任务...
2026-07-22 20:58:07.149 | INFO     | N/A | ⏳ 等待 Profile 更新任务...
2026-07-22 20:58:12.176 | INFO     | N/A | ⏳ 等待 Profile 更新任务...
2026-07-22 20:58:17.205 | INFO     | N/A | ⏳ 等待 Profile 更新任务...
2026-07-22 20:58:22.234 | INFO     | N/A | ⏳ 等待 Profile 更新任务...
2026-07-22 20:58:27.260 | INFO     | N/A | ⏳ 等待 Profile 更新任务...
2026-07-22 20:58:32.290 | INFO     | N/A | ⏳ 等待 Profile 更新任务...
2026-07-22 20:58:37.315 | INFO     | N/A | ⏳ 等待 Profile 更新任务...
2026-07-22 20:58:42.343 | INFO     | N/A | ⏳ 等待 Profile 更新任务...
2026-07-22 20:58:47.369 | INFO     | N/A | ⏳ 等待 Profile 更新任务...
2026-07-22 20:58:52.392 | INFO     | N/A | ⏳ 等待 Profile 更新任务...
2026-07-22 20:58:57.418 | INFO     | N/A | ⏳ 等待 Profile 更新任务...
2026-07-22 20:59:02.444 | INFO     | N/A | ⏳ 等待 Profile 更新任务...
2026-07-22 20:59:07.470 | INFO     | N/A | ⏳ 等待 Profile 更新任务...
2026-07-22 20:59:12.494 | INFO     | N/A | ⏳ 等待 Profile 更新任务...
2026-07-22 20:59:17.520 | INFO     | N/A | ⏳ 等待 Profile 更新任务...
2026-07-22 20:59:22.546 | INFO     | N/A | ⏳ 等待 Profile 更新任务...
2026-07-22 20:59:27.573 | INFO     | N/A | ⏳ 等待 Profile 更新任务...
2026-07-22 20:59:32.597 | INFO     | N/A | ⏳ 等待 Profile 更新任务...
2026-07-22 20:59:37.620 | INFO     | N/A | ⏳ 等待 Profile 更新任务...
2026-07-22 20:59:42.644 | INFO     | N/A | ⏳ 等待 Profile 更新任务...
2026-07-22 20:59:47.672 | INFO     | N/A | ⏳ 等待 Profile 更新任务...
2026-07-22 20:59:52.699 | INFO     | N/A | ⏳ 等待 Profile 更新任务...
2026-07-22 20:59:57.726 | INFO     | N/A | ⏳ 等待 Profile 更新任务...
2026-07-22 21:00:02.755 | INFO     | N/A | ⏳ 等待 Profile 更新任务...
2026-07-22 21:00:07.780 | INFO     | N/A | ⏳ 等待 Profile 更新任务...
2026-07-22 21:00:12.806 | INFO     | N/A | ⏳ 等待 Profile 更新任务...
2026-07-22 21:00:17.830 | INFO     | N/A | ⏳ 等待 Profile 更新任务...
2026-07-22 21:00:22.857 | INFO     | N/A | ⏳ 等待 Profile 更新任务...
2026-07-22 21:00:27.884 | INFO     | N/A | ⏳ 等待 Profile 更新任务...
2026-07-22 21:00:32.910 | INFO     | N/A | ⏳ 等待 Profile 更新任务...
2026-07-22 21:00:37.936 | INFO     | N/A | ⏳ 等待 Profile 更新任务...
2026-07-22 21:00:42.963 | INFO     | N/A | ⏳ 等待 Profile 更新任务...
2026-07-22 21:00:47.995 | INFO     | N/A | ⏳ 等待 Profile 更新任务...
2026-07-22 21:00:53.023 | INFO     | N/A | ⏳ 等待 Profile 更新任务...
2026-07-22 21:00:58.044 | INFO     | N/A | ⏳ 等待 Profile 更新任务...
2026-07-22 21:01:03.070 | INFO     | N/A | ⏳ 等待 Profile 更新任务...
2026-07-22 21:01:08.096 | INFO     | N/A | ⏳ 等待 Profile 更新任务...
2026-07-22 21:01:13.139 | INFO     | N/A | ⏳ 等待 Profile 更新任务...
2026-07-22 21:01:18.224 | INFO     | N/A | ⏳ 等待 Profile 更新任务...
2026-07-22 21:01:23.252 | INFO     | N/A | ⏳ 等待 Profile 更新任务...
2026-07-22 21:01:28.348 | INFO     | N/A | ⏳ 等待 Profile 更新任务...
2026-07-22 21:01:33.376 | INFO     | N/A | ⏳ 等待 Profile 更新任务...
2026-07-22 21:01:38.402 | INFO     | N/A | ⏳ 等待 Profile 更新任务...
2026-07-22 21:01:43.428 | INFO     | N/A | ⏳ 等待 Profile 更新任务...
2026-07-22 21:01:48.458 | INFO     | N/A | ⏳ 等待 Profile 更新任务...
2026-07-22 21:01:53.487 | INFO     | N/A | ⏳ 等待 Profile 更新任务...
2026-07-22 21:01:58.514 | INFO     | N/A | ⏳ 等待 Profile 更新任务...
2026-07-22 21:02:03.540 | INFO     | N/A | ⏳ 等待 Profile 更新任务...
2026-07-22 21:02:08.564 | INFO     | N/A | ⏳ 等待 Profile 更新任务...
2026-07-22 21:02:13.592 | INFO     | N/A | ⏳ 等待 Profile 更新任务...
2026-07-22 21:02:18.618 | INFO     | N/A | ⏳ 等待 Profile 更新任务...
2026-07-22 21:02:23.643 | INFO     | N/A | ⏳ 等待 Profile 更新任务...
2026-07-22 21:02:28.669 | INFO     | N/A | ⏳ 等待 Profile 更新任务...
2026-07-22 21:02:33.763 | INFO     | N/A | ⏳ 等待 Profile 更新任务...
2026-07-22 21:02:38.788 | INFO     | N/A | ⏳ 等待 Profile 更新任务...
2026-07-22 21:02:43.813 | INFO     | N/A | ⏳ 等待 Profile 更新任务...
2026-07-22 21:02:48.842 | INFO     | N/A | ⏳ 等待 Profile 更新任务...
2026-07-22 21:02:53.866 | INFO     | N/A | ⏳ 等待 Profile 更新任务...
2026-07-22 21:02:58.892 | INFO     | N/A | ⏳ 等待 Profile 更新任务...
2026-07-22 21:03:03.918 | INFO     | N/A | ⏳ 等待 Profile 更新任务...
2026-07-22 21:03:08.945 | INFO     | N/A | ⏳ 等待 Profile 更新任务...
2026-07-22 21:03:13.974 | INFO     | N/A | ⏳ 等待 Profile 更新任务...
2026-07-22 21:03:19.001 | INFO     | N/A | ⏳ 等待 Profile 更新任务...
2026-07-22 21:03:24.029 | INFO     | N/A | ⏳ 等待 Profile 更新任务...
2026-07-22 21:03:29.059 | INFO     | N/A | ⏳ 等待 Profile 更新任务...
2026-07-22 21:03:34.087 | INFO     | N/A | ⏳ 等待 Profile 更新任务...
2026-07-22 21:03:39.113 | INFO     | N/A | ⏳ 等待 Profile 更新任务...
2026-07-22 21:03:44.141 | INFO     | N/A | ⏳ 等待 Profile 更新任务...
2026-07-22 21:03:49.172 | INFO     | N/A | ⏳ 等待 Profile 更新任务...
2026-07-22 21:03:54.200 | INFO     | N/A | ⏳ 等待 Profile 更新任务...
2026-07-22 21:03:59.225 | INFO     | N/A | ⏳ 等待 Profile 更新任务...
2026-07-22 21:04:04.253 | INFO     | N/A | ⏳ 等待 Profile 更新任务...
2026-07-22 21:04:09.279 | INFO     | N/A | ⏳ 等待 Profile 更新任务...
2026-07-22 21:04:14.306 | INFO     | N/A | ⏳ 等待 Profile 更新任务...
2026-07-22 21:04:19.336 | INFO     | N/A | ⏳ 等待 Profile 更新任务...
2026-07-22 21:04:24.364 | INFO     | N/A | ⏳ 等待 Profile 更新任务...
2026-07-22 21:04:29.389 | INFO     | N/A | ⏳ 等待 Profile 更新任务...
2026-07-22 21:04:34.414 | INFO     | N/A | ⏳ 等待 Profile 更新任务...
2026-07-22 21:04:39.443 | INFO     | N/A | ⏳ 等待 Profile 更新任务...
2026-07-22 21:04:44.470 | INFO     | N/A | ⏳ 等待 Profile 更新任务...
2026-07-22 21:04:49.614 | INFO     | N/A | ⏳ 等待 Profile 更新任务...
2026-07-22 21:04:54.654 | INFO     | N/A | ⏳ 等待 Profile 更新任务...
2026-07-22 21:04:59.680 | INFO     | N/A | ⏳ 等待 Profile 更新任务...
2026-07-22 21:05:04.706 | INFO     | N/A | ⏳ 等待 Profile 更新任务...
2026-07-22 21:05:09.734 | INFO     | N/A | ⏳ 等待 Profile 更新任务...
2026-07-22 21:05:14.761 | INFO     | N/A | ⏳ 等待 Profile 更新任务...
2026-07-22 21:05:19.788 | INFO     | N/A | ⏳ 等待 Profile 更新任务...
2026-07-22 21:05:24.816 | INFO     | N/A | ⏳ 等待 Profile 更新任务...
2026-07-22 21:05:29.843 | INFO     | N/A | ⏳ 等待 Profile 更新任务...
2026-07-22 21:05:34.870 | INFO     | N/A | ⏳ 等待 Profile 更新任务...
2026-07-22 21:05:39.897 | INFO     | N/A | ⏳ 等待 Profile 更新任务...
2026-07-22 21:05:44.923 | INFO     | N/A | ⏳ 等待 Profile 更新任务...
2026-07-22 21:05:49.954 | INFO     | N/A | ⏳ 等待 Profile 更新任务...
2026-07-22 21:05:54.981 | INFO     | N/A | ⏳ 等待 Profile 更新任务...
2026-07-22 21:06:00.009 | INFO     | N/A | ⏳ 等待 Profile 更新任务...
2026-07-22 21:06:05.035 | INFO     | N/A | ⏳ 等待 Profile 更新任务...
2026-07-22 21:06:10.061 | INFO     | N/A | ⏳ 等待 Profile 更新任务...
2026-07-22 21:06:15.088 | INFO     | N/A | ⏳ 等待 Profile 更新任务...
2026-07-22 21:06:20.116 | INFO     | N/A | ⏳ 等待 Profile 更新任务...
2026-07-22 21:06:25.143 | INFO     | N/A | ⏳ 等待 Profile 更新任务...
2026-07-22 21:06:30.169 | INFO     | N/A | ⏳ 等待 Profile 更新任务...
2026-07-22 21:06:35.197 | INFO     | N/A | ⏳ 等待 Profile 更新任务...
2026-07-22 21:06:40.277 | INFO     | N/A | ⏳ 等待 Profile 更新任务...
2026-07-22 21:06:45.306 | INFO     | N/A | ⏳ 等待 Profile 更新任务...
2026-07-22 21:06:50.341 | INFO     | N/A | ⏳ 等待 Profile 更新任务...
2026-07-22 21:06:55.369 | INFO     | N/A | ⏳ 等待 Profile 更新任务...
2026-07-22 21:07:00.393 | INFO     | N/A | ⏳ 等待 Profile 更新任务...
2026-07-22 21:07:05.419 | INFO     | N/A | ⏳ 等待 Profile 更新任务...
2026-07-22 21:07:10.467 | INFO     | N/A | ⏳ 等待 Profile 更新任务...
2026-07-22 21:07:15.492 | INFO     | N/A | ⏳ 等待 Profile 更新任务...
2026-07-22 21:07:20.522 | INFO     | N/A | ⏳ 等待 Profile 更新任务...
2026-07-22 21:07:25.551 | INFO     | N/A | ⏳ 等待 Profile 更新任务...
2026-07-22 21:07:30.577 | INFO     | N/A | ⏳ 等待 Profile 更新任务...
2026-07-22 21:07:35.604 | INFO     | N/A | ⏳ 等待 Profile 更新任务...
2026-07-22 21:07:40.627 | INFO     | N/A | ⏳ 等待 Profile 更新任务...
2026-07-22 21:07:45.658 | INFO     | N/A | ⏳ 等待 Profile 更新任务...
2026-07-22 21:07:50.686 | INFO     | N/A | ⏳ 等待 Profile 更新任务...
2026-07-22 21:07:55.714 | INFO     | N/A | ⏳ 等待 Profile 更新任务...
2026-07-22 21:08:00.739 | INFO     | N/A | ⏳ 等待 Profile 更新任务...
2026-07-22 21:08:05.765 | INFO     | N/A | ⏳ 等待 Profile 更新任务...
2026-07-22 21:08:10.822 | INFO     | N/A | ⏳ 等待 Profile 更新任务...
2026-07-22 21:08:15.850 | INFO     | N/A | ⏳ 等待 Profile 更新任务...
2026-07-22 21:08:20.907 | INFO     | N/A | ⏳ 等待 Profile 更新任务...
2026-07-22 21:08:25.933 | INFO     | N/A | ⏳ 等待 Profile 更新任务...
2026-07-22 21:08:30.968 | INFO     | N/A | ⏳ 等待 Profile 更新任务...
2026-07-22 21:08:36.007 | INFO     | N/A | ⏳ 等待 Profile 更新任务...
2026-07-22 21:08:41.031 | INFO     | N/A | ⏳ 等待 Profile 更新任务...
2026-07-22 21:08:46.057 | INFO     | N/A | ⏳ 等待 Profile 更新任务...
2026-07-22 21:08:51.149 | INFO     | N/A | ⏳ 等待 Profile 更新任务...
2026-07-22 21:08:56.176 | INFO     | N/A | ⏳ 等待 Profile 更新任务...
2026-07-22 21:09:01.200 | INFO     | N/A | ⏳ 等待 Profile 更新任务...
2026-07-22 21:09:06.257 | INFO     | N/A | ⏳ 等待 Profile 更新任务...
2026-07-22 21:09:11.284 | INFO     | N/A | ⏳ 等待 Profile 更新任务...
2026-07-22 21:09:16.310 | INFO     | N/A | ⏳ 等待 Profile 更新任务...
2026-07-22 21:09:21.339 | INFO     | N/A | ⏳ 等待 Profile 更新任务...
2026-07-22 21:09:26.368 | INFO     | N/A | ⏳ 等待 Profile 更新任务...
2026-07-22 21:09:31.397 | INFO     | N/A | ⏳ 等待 Profile 更新任务...
2026-07-22 21:09:36.459 | INFO     | N/A | ⏳ 等待 Profile 更新任务...
2026-07-22 21:09:41.486 | INFO     | N/A | ⏳ 等待 Profile 更新任务...
2026-07-22 21:09:46.512 | INFO     | N/A | ⏳ 等待 Profile 更新任务...
2026-07-22 21:09:51.607 | INFO     | N/A | ⏳ 等待 Profile 更新任务...
2026-07-22 21:09:56.634 | INFO     | N/A | ⏳ 等待 Profile 更新任务...
2026-07-22 21:10:01.667 | INFO     | N/A | ⏳ 等待 Profile 更新任务...
2026-07-22 21:10:06.705 | INFO     | N/A | ⏳ 等待 Profile 更新任务...
2026-07-22 21:10:11.719 | INFO     | N/A | ⏳ 等待 Profile 更新任务...
2026-07-22 21:10:16.746 | INFO     | N/A | ⏳ 等待 Profile 更新任务...
2026-07-22 21:10:21.776 | INFO     | N/A | ⏳ 等待 Profile 更新任务...
2026-07-22 21:10:26.803 | INFO     | N/A | ⏳ 等待 Profile 更新任务...
2026-07-22 21:10:31.833 | INFO     | N/A | ⏳ 等待 Profile 更新任务...
2026-07-22 21:10:36.861 | INFO     | N/A | ⏳ 等待 Profile 更新任务...
2026-07-22 21:10:41.889 | INFO     | N/A | ⏳ 等待 Profile 更新任务...
2026-07-22 21:10:46.918 | INFO     | N/A | ⏳ 等待 Profile 更新任务...
2026-07-22 21:10:51.948 | INFO     | N/A | ⏳ 等待 Profile 更新任务...
2026-07-22 21:10:56.971 | INFO     | N/A | ⏳ 等待 Profile 更新任务...
2026-07-22 21:11:01.996 | INFO     | N/A | ⏳ 等待 Profile 更新任务...
2026-07-22 21:11:07.059 | INFO     | N/A | ⏳ 等待 Profile 更新任务...
2026-07-22 21:11:12.086 | INFO     | N/A | ⏳ 等待 Profile 更新任务...
2026-07-22 21:11:17.110 | INFO     | N/A | ⏳ 等待 Profile 更新任务...
2026-07-22 21:11:22.140 | INFO     | N/A | ⏳ 等待 Profile 更新任务...
2026-07-22 21:11:27.168 | INFO     | N/A | ⏳ 等待 Profile 更新任务...
2026-07-22 21:11:32.194 | INFO     | N/A | ⏳ 等待 Profile 更新任务...
2026-07-22 21:11:37.223 | INFO     | N/A | ⏳ 等待 Profile 更新任务...
2026-07-22 21:11:42.228 | INFO     | N/A | ⏳ 等待 Profile 更新任务...
2026-07-22 21:11:47.253 | INFO     | N/A | ⏳ 等待 Profile 更新任务...
2026-07-22 21:11:52.283 | INFO     | N/A | ⏳ 等待 Profile 更新任务...
2026-07-22 21:11:57.306 | INFO     | N/A | ⏳ 等待 Profile 更新任务...
2026-07-22 21:12:02.331 | INFO     | N/A | ⏳ 等待 Profile 更新任务...
2026-07-22 21:12:07.357 | INFO     | N/A | ⏳ 等待 Profile 更新任务...
2026-07-22 21:12:12.383 | INFO     | N/A | ⏳ 等待 Profile 更新任务...
2026-07-22 21:12:17.407 | INFO     | N/A | ⏳ 等待 Profile 更新任务...
2026-07-22 21:12:22.462 | INFO     | N/A | ⏳ 等待 Profile 更新任务...
2026-07-22 21:12:27.482 | INFO     | N/A | ⏳ 等待 Profile 更新任务...
2026-07-22 21:12:32.505 | INFO     | N/A | ⏳ 等待 Profile 更新任务...
2026-07-22 21:12:37.532 | INFO     | N/A | ⏳ 等待 Profile 更新任务...
2026-07-22 21:12:42.559 | INFO     | N/A | ⏳ 等待 Profile 更新任务...
2026-07-22 21:12:47.583 | INFO     | N/A | ⏳ 等待 Profile 更新任务...
2026-07-22 21:12:52.593 | INFO     | N/A | ⏳ 等待 Profile 更新任务...
2026-07-22 21:12:57.645 | INFO     | N/A | ⏳ 等待 Profile 更新任务...
2026-07-22 21:13:02.668 | INFO     | N/A | ⏳ 等待 Profile 更新任务...
2026-07-22 21:13:07.691 | INFO     | N/A | ⏳ 等待 Profile 更新任务...
2026-07-22 21:13:12.717 | INFO     | N/A | ⏳ 等待 Profile 更新任务...
2026-07-22 21:13:17.744 | INFO     | N/A | ⏳ 等待 Profile 更新任务...
2026-07-22 21:13:22.772 | INFO     | N/A | ⏳ 等待 Profile 更新任务...
2026-07-22 21:13:27.799 | INFO     | N/A | ⏳ 等待 Profile 更新任务...
2026-07-22 21:13:32.827 | INFO     | N/A | ⏳ 等待 Profile 更新任务...
2026-07-22 21:13:37.854 | INFO     | N/A | ⏳ 等待 Profile 更新任务...
2026-07-22 21:13:42.900 | INFO     | N/A | ⏳ 等待 Profile 更新任务...
2026-07-22 21:13:47.929 | INFO     | N/A | ⏳ 等待 Profile 更新任务...
2026-07-22 21:13:52.958 | INFO     | N/A | ⏳ 等待 Profile 更新任务...
2026-07-22 21:13:57.985 | INFO     | N/A | ⏳ 等待 Profile 更新任务...
2026-07-22 21:14:03.011 | INFO     | N/A | ⏳ 等待 Profile 更新任务...
2026-07-22 21:14:08.037 | INFO     | N/A | ⏳ 等待 Profile 更新任务...
2026-07-22 21:14:13.064 | INFO     | N/A | ⏳ 等待 Profile 更新任务...
2026-07-22 21:14:18.163 | INFO     | N/A | ⏳ 等待 Profile 更新任务...
2026-07-22 21:14:23.190 | INFO     | N/A | ⏳ 等待 Profile 更新任务...
2026-07-22 21:14:28.217 | INFO     | N/A | ⏳ 等待 Profile 更新任务...
2026-07-22 21:14:33.243 | INFO     | N/A | ⏳ 等待 Profile 更新任务...
2026-07-22 21:14:38.266 | INFO     | N/A | ⏳ 等待 Profile 更新任务...
2026-07-22 21:14:43.293 | INFO     | N/A | ⏳ 等待 Profile 更新任务...
2026-07-22 21:14:48.317 | INFO     | N/A | ⏳ 等待 Profile 更新任务...
2026-07-22 21:14:53.346 | INFO     | N/A | ⏳ 等待 Profile 更新任务...
2026-07-22 21:14:58.372 | INFO     | N/A | ⏳ 等待 Profile 更新任务...
2026-07-22 21:15:03.397 | INFO     | N/A | ⏳ 等待 Profile 更新任务...
2026-07-22 21:15:08.425 | INFO     | N/A | ⏳ 等待 Profile 更新任务...
2026-07-22 21:15:13.449 | INFO     | N/A | ⏳ 等待 Profile 更新任务...
2026-07-22 21:15:18.473 | INFO     | N/A | ⏳ 等待 Profile 更新任务...
2026-07-22 21:15:23.503 | INFO     | N/A | ⏳ 等待 Profile 更新任务...
2026-07-22 21:15:28.530 | INFO     | N/A | ⏳ 等待 Profile 更新任务...
2026-07-22 21:15:33.557 | INFO     | N/A | ⏳ 等待 Profile 更新任务...
2026-07-22 21:15:38.586 | INFO     | N/A | ⏳ 等待 Profile 更新任务...
2026-07-22 21:15:43.611 | INFO     | N/A | ⏳ 等待 Profile 更新任务...
2026-07-22 21:15:48.636 | INFO     | N/A | ⏳ 等待 Profile 更新任务...
2026-07-22 21:15:53.664 | INFO     | N/A | ⏳ 等待 Profile 更新任务...
2026-07-22 21:15:58.706 | INFO     | N/A | ⏳ 等待 Profile 更新任务...
2026-07-22 21:16:03.730 | INFO     | N/A | ⏳ 等待 Profile 更新任务...
2026-07-22 21:16:08.759 | INFO     | N/A | ⏳ 等待 Profile 更新任务...
2026-07-22 21:16:13.786 | INFO     | N/A | ⏳ 等待 Profile 更新任务...
2026-07-22 21:16:18.816 | INFO     | N/A | ⏳ 等待 Profile 更新任务...
2026-07-22 21:16:23.838 | INFO     | N/A | ⏳ 等待 Profile 更新任务...
2026-07-22 21:16:28.866 | INFO     | N/A | ⏳ 等待 Profile 更新任务...
2026-07-22 21:16:33.891 | INFO     | N/A | ⏳ 等待 Profile 更新任务...
2026-07-22 21:16:38.916 | INFO     | N/A | ⏳ 等待 Profile 更新任务...
2026-07-22 21:16:43.941 | INFO     | N/A | ⏳ 等待 Profile 更新任务...
2026-07-22 21:16:48.960 | INFO     | N/A | ⏳ 等待 Profile 更新任务...
2026-07-22 21:16:53.988 | INFO     | N/A | ⏳ 等待 Profile 更新任务...
2026-07-22 21:16:59.014 | INFO     | N/A | ⏳ 等待 Profile 更新任务...
2026-07-22 21:17:04.042 | INFO     | N/A | ⏳ 等待 Profile 更新任务...
2026-07-22 21:17:09.068 | INFO     | N/A | ⏳ 等待 Profile 更新任务...
2026-07-22 21:17:14.095 | INFO     | N/A | ⏳ 等待 Profile 更新任务...
2026-07-22 21:17:19.124 | INFO     | N/A | ⏳ 等待 Profile 更新任务...
2026-07-22 21:17:24.155 | INFO     | N/A | ⏳ 等待 Profile 更新任务...
2026-07-22 21:17:29.181 | INFO     | N/A | ⏳ 等待 Profile 更新任务...
2026-07-22 21:17:34.207 | INFO     | N/A | ⏳ 等待 Profile 更新任务...
2026-07-22 21:17:39.236 | INFO     | N/A | ⏳ 等待 Profile 更新任务...
2026-07-22 21:17:44.261 | INFO     | N/A | ⏳ 等待 Profile 更新任务...
2026-07-22 21:17:49.285 | INFO     | N/A | ⏳ 等待 Profile 更新任务...
2026-07-22 21:17:54.356 | INFO     | N/A | ⏳ 等待 Profile 更新任务...
2026-07-22 21:17:59.383 | INFO     | N/A | ⏳ 等待 Profile 更新任务...
2026-07-22 21:18:04.416 | INFO     | N/A | ⏳ 等待 Profile 更新任务...
2026-07-22 21:18:09.444 | INFO     | N/A | ⏳ 等待 Profile 更新任务...
2026-07-22 21:18:14.470 | INFO     | N/A | ⏳ 等待 Profile 更新任务...
2026-07-22 21:18:19.496 | INFO     | N/A | ⏳ 等待 Profile 更新任务...
2026-07-22 21:18:24.526 | INFO     | N/A | ⏳ 等待 Profile 更新任务...
2026-07-22 21:18:29.550 | INFO     | N/A | ⏳ 等待 Profile 更新任务...
2026-07-22 21:18:34.575 | INFO     | N/A | ⏳ 等待 Profile 更新任务...
2026-07-22 21:18:39.598 | INFO     | N/A | ⏳ 等待 Profile 更新任务...
2026-07-22 21:18:44.636 | INFO     | N/A | ⏳ 等待 Profile 更新任务...
2026-07-22 21:18:49.661 | INFO     | N/A | ⏳ 等待 Profile 更新任务...
2026-07-22 21:18:54.686 | INFO     | N/A | ⏳ 等待 Profile 更新任务...
2026-07-22 21:18:59.715 | INFO     | N/A | ⏳ 等待 Profile 更新任务...
2026-07-22 21:19:04.738 | INFO     | N/A | ⏳ 等待 Profile 更新任务...
2026-07-22 21:19:09.760 | INFO     | N/A | ⏳ 等待 Profile 更新任务...
2026-07-22 21:19:14.784 | INFO     | N/A | ⏳ 等待 Profile 更新任务...
2026-07-22 21:19:19.808 | INFO     | N/A | ⏳ 等待 Profile 更新任务...
2026-07-22 21:19:24.869 | INFO     | N/A | ⏳ 等待 Profile 更新任务...
2026-07-22 21:19:29.894 | INFO     | N/A | ⏳ 等待 Profile 更新任务...
2026-07-22 21:19:34.921 | INFO     | N/A | ⏳ 等待 Profile 更新任务...
2026-07-22 21:19:39.944 | INFO     | N/A | ⏳ 等待 Profile 更新任务...
2026-07-22 21:19:44.969 | INFO     | N/A | ⏳ 等待 Profile 更新任务...
2026-07-22 21:19:49.992 | INFO     | N/A | ⏳ 等待 Profile 更新任务...
2026-07-22 21:19:55.028 | INFO     | N/A | ⏳ 等待 Profile 更新任务...
2026-07-22 21:20:00.117 | INFO     | N/A | ⏳ 等待 Profile 更新任务...
2026-07-22 21:20:05.142 | INFO     | N/A | ⏳ 等待 Profile 更新任务...
2026-07-22 21:20:10.166 | INFO     | N/A | ⏳ 等待 Profile 更新任务...
2026-07-22 21:20:15.188 | INFO     | N/A | ⏳ 等待 Profile 更新任务...
2026-07-22 21:20:20.211 | INFO     | N/A | ⏳ 等待 Profile 更新任务...
2026-07-22 21:20:25.234 | INFO     | N/A | ⏳ 等待 Profile 更新任务...
2026-07-22 21:20:30.260 | INFO     | N/A | ⏳ 等待 Profile 更新任务...
2026-07-22 21:20:35.287 | INFO     | N/A | ⏳ 等待 Profile 更新任务...
2026-07-22 21:20:40.329 | INFO     | N/A | ⏳ 等待 Profile 更新任务...
2026-07-22 21:20:45.355 | INFO     | N/A | ⏳ 等待 Profile 更新任务...
2026-07-22 21:20:50.363 | INFO     | N/A | ⏳ 等待 Profile 更新任务...
2026-07-22 21:20:55.392 | INFO     | N/A | ⏳ 等待 Profile 更新任务...
2026-07-22 21:21:00.449 | INFO     | N/A | ⏳ 等待 Profile 更新任务...
2026-07-22 21:21:05.471 | INFO     | N/A | ⏳ 等待 Profile 更新任务...
2026-07-22 21:21:10.503 | INFO     | N/A | ⏳ 等待 Profile 更新任务...
2026-07-22 21:21:15.518 | INFO     | N/A | ⏳ 等待 Profile 更新任务...
2026-07-22 21:21:20.544 | INFO     | N/A | ⏳ 等待 Profile 更新任务...
2026-07-22 21:21:25.570 | INFO     | N/A | ⏳ 等待 Profile 更新任务...
2026-07-22 21:21:30.595 | INFO     | N/A | ⏳ 等待 Profile 更新任务...
2026-07-22 21:21:35.622 | INFO     | N/A | ⏳ 等待 Profile 更新任务...
2026-07-22 21:21:40.650 | INFO     | N/A | ⏳ 等待 Profile 更新任务...
2026-07-22 21:21:45.706 | INFO     | N/A | ⏳ 等待 Profile 更新任务...
2026-07-22 21:21:50.733 | INFO     | N/A | ⏳ 等待 Profile 更新任务...
2026-07-22 21:21:55.759 | INFO     | N/A | ⏳ 等待 Profile 更新任务...
2026-07-22 21:22:00.783 | INFO     | N/A | ⏳ 等待 Profile 更新任务...
2026-07-22 21:22:05.811 | INFO     | N/A | ⏳ 等待 Profile 更新任务...
2026-07-22 21:22:10.839 | INFO     | N/A | ⏳ 等待 Profile 更新任务...
2026-07-22 21:22:15.866 | INFO     | N/A | ⏳ 等待 Profile 更新任务...
2026-07-22 21:22:20.892 | INFO     | N/A | ⏳ 等待 Profile 更新任务...
2026-07-22 21:22:25.921 | INFO     | N/A | ⏳ 等待 Profile 更新任务...
2026-07-22 21:22:30.948 | INFO     | N/A | ⏳ 等待 Profile 更新任务...
2026-07-22 21:22:35.975 | INFO     | N/A | ⏳ 等待 Profile 更新任务...
2026-07-22 21:22:41.041 | INFO     | N/A | ⏳ 等待 Profile 更新任务...
2026-07-22 21:22:46.069 | INFO     | N/A | ⏳ 等待 Profile 更新任务...
2026-07-22 21:22:51.099 | INFO     | N/A | ⏳ 等待 Profile 更新任务...
2026-07-22 21:22:56.125 | INFO     | N/A | ⏳ 等待 Profile 更新任务...
2026-07-22 21:23:01.153 | INFO     | N/A | ⏳ 等待 Profile 更新任务...
2026-07-22 21:23:06.188 | INFO     | N/A | ⏳ 等待 Profile 更新任务...
2026-07-22 21:23:11.213 | INFO     | N/A | ⏳ 等待 Profile 更新任务...
2026-07-22 21:23:16.239 | INFO     | N/A | ⏳ 等待 Profile 更新任务...
2026-07-22 21:23:21.268 | INFO     | N/A | ⏳ 等待 Profile 更新任务...
2026-07-22 21:23:26.291 | INFO     | N/A | ⏳ 等待 Profile 更新任务...
2026-07-22 21:23:31.316 | INFO     | N/A | ⏳ 等待 Profile 更新任务...
2026-07-22 21:23:36.417 | INFO     | N/A | ⏳ 等待 Profile 更新任务...
2026-07-22 21:23:41.444 | INFO     | N/A | ⏳ 等待 Profile 更新任务...
2026-07-22 21:23:46.465 | INFO     | N/A | ⏳ 等待 Profile 更新任务...
2026-07-22 21:23:51.496 | INFO     | N/A | ⏳ 等待 Profile 更新任务...
2026-07-22 21:23:56.525 | INFO     | N/A | ⏳ 等待 Profile 更新任务...
2026-07-22 21:24:01.553 | INFO     | N/A | ⏳ 等待 Profile 更新任务...
2026-07-22 21:24:06.576 | INFO     | N/A | ⏳ 等待 Profile 更新任务...
2026-07-22 21:24:11.604 | INFO     | N/A | ⏳ 等待 Profile 更新任务...
2026-07-22 21:24:16.629 | INFO     | N/A | ⏳ 等待 Profile 更新任务...
2026-07-22 21:24:21.659 | INFO     | N/A | ⏳ 等待 Profile 更新任务...
2026-07-22 21:24:26.687 | INFO     | N/A | ⏳ 等待 Profile 更新任务...
2026-07-22 21:24:31.715 | INFO     | N/A | ⏳ 等待 Profile 更新任务...
2026-07-22 21:24:36.742 | INFO     | N/A | ⏳ 等待 Profile 更新任务...
2026-07-22 21:24:41.769 | INFO     | N/A | ⏳ 等待 Profile 更新任务...
2026-07-22 21:24:46.797 | INFO     | N/A | ⏳ 等待 Profile 更新任务...
2026-07-22 21:24:51.843 | INFO     | N/A | ⏳ 等待 Profile 更新任务...
2026-07-22 21:24:56.870 | INFO     | N/A | ⏳ 等待 Profile 更新任务...
2026-07-22 21:25:01.909 | INFO     | N/A | ⏳ 等待 Profile 更新任务...
2026-07-22 21:25:06.935 | INFO     | N/A | ⏳ 等待 Profile 更新任务...
2026-07-22 21:25:11.962 | INFO     | N/A | ⏳ 等待 Profile 更新任务...
2026-07-22 21:25:16.990 | INFO     | N/A | ⏳ 等待 Profile 更新任务...
2026-07-22 21:25:22.019 | INFO     | N/A | ⏳ 等待 Profile 更新任务...
2026-07-22 21:25:27.091 | INFO     | N/A | ⏳ 等待 Profile 更新任务...
2026-07-22 21:25:32.120 | INFO     | N/A | ⏳ 等待 Profile 更新任务...
2026-07-22 21:25:37.149 | INFO     | N/A | ⏳ 等待 Profile 更新任务...
2026-07-22 21:25:42.175 | INFO     | N/A | ⏳ 等待 Profile 更新任务...
2026-07-22 21:25:47.201 | INFO     | N/A | ⏳ 等待 Profile 更新任务...
2026-07-22 21:25:52.230 | INFO     | N/A | ⏳ 等待 Profile 更新任务...
2026-07-22 21:25:57.257 | INFO     | N/A | ⏳ 等待 Profile 更新任务...
2026-07-22 21:26:02.280 | INFO     | N/A | ⏳ 等待 Profile 更新任务...
2026-07-22 21:26:07.308 | INFO     | N/A | ⏳ 等待 Profile 更新任务...
2026-07-22 21:26:12.335 | INFO     | N/A | ⏳ 等待 Profile 更新任务...
2026-07-22 21:26:17.363 | INFO     | N/A | ⏳ 等待 Profile 更新任务...
2026-07-22 21:26:22.393 | INFO     | N/A | ⏳ 等待 Profile 更新任务...
2026-07-22 21:26:27.418 | INFO     | N/A | ⏳ 等待 Profile 更新任务...
2026-07-22 21:26:32.446 | INFO     | N/A | ⏳ 等待 Profile 更新任务...
2026-07-22 21:26:37.473 | INFO     | N/A | ⏳ 等待 Profile 更新任务...
2026-07-22 21:26:42.500 | INFO     | N/A | ⏳ 等待 Profile 更新任务...
2026-07-22 21:26:47.527 | INFO     | N/A | ⏳ 等待 Profile 更新任务...
2026-07-22 21:26:52.588 | INFO     | N/A | ⏳ 等待 Profile 更新任务...
2026-07-22 21:26:57.616 | INFO     | N/A | ⏳ 等待 Profile 更新任务...
2026-07-22 21:27:02.643 | INFO     | N/A | ⏳ 等待 Profile 更新任务...
2026-07-22 21:27:07.673 | INFO     | N/A | ⏳ 等待 Profile 更新任务...
2026-07-22 21:27:12.701 | INFO     | N/A | ⏳ 等待 Profile 更新任务...
2026-07-22 21:27:17.793 | INFO     | N/A | ⏳ 等待 Profile 更新任务...
2026-07-22 21:27:22.822 | INFO     | N/A | ⏳ 等待 Profile 更新任务...
2026-07-22 21:27:27.848 | INFO     | N/A | ⏳ 等待 Profile 更新任务...
2026-07-22 21:27:32.877 | INFO     | N/A | ⏳ 等待 Profile 更新任务...
2026-07-22 21:27:37.942 | INFO     | N/A | ⏳ 等待 Profile 更新任务...
2026-07-22 21:27:42.970 | INFO     | N/A | ⏳ 等待 Profile 更新任务...
2026-07-22 21:27:47.996 | INFO     | N/A | ⏳ 等待 Profile 更新任务...
2026-07-22 21:27:53.027 | INFO     | N/A | ⏳ 等待 Profile 更新任务...
2026-07-22 21:27:58.053 | INFO     | N/A | ⏳ 等待 Profile 更新任务...
2026-07-22 21:28:03.081 | INFO     | N/A | ⏳ 等待 Profile 更新任务...
2026-07-22 21:28:08.109 | INFO     | N/A | ⏳ 等待 Profile 更新任务...
2026-07-22 21:28:13.131 | INFO     | N/A | ⏳ 等待 Profile 更新任务...
2026-07-22 21:28:18.157 | INFO     | N/A | ⏳ 等待 Profile 更新任务...
2026-07-22 21:28:23.188 | INFO     | N/A | ⏳ 等待 Profile 更新任务...
2026-07-22 21:28:28.215 | INFO     | N/A | ⏳ 等待 Profile 更新任务...
2026-07-22 21:28:33.241 | INFO     | N/A | ⏳ 等待 Profile 更新任务...
2026-07-22 21:28:38.269 | INFO     | N/A | ⏳ 等待 Profile 更新任务...
2026-07-22 21:28:43.295 | INFO     | N/A | ⏳ 等待 Profile 更新任务...
2026-07-22 21:28:48.323 | INFO     | N/A | ⏳ 等待 Profile 更新任务...
2026-07-22 21:28:53.350 | INFO     | N/A | ⏳ 等待 Profile 更新任务...
2026-07-22 21:28:58.376 | INFO     | N/A | ⏳ 等待 Profile 更新任务...
2026-07-22 21:29:03.403 | INFO     | N/A | ⏳ 等待 Profile 更新任务...
2026-07-22 21:29:08.428 | INFO     | N/A | ⏳ 等待 Profile 更新任务...
2026-07-22 21:29:13.456 | INFO     | N/A | ⏳ 等待 Profile 更新任务...
2026-07-22 21:29:18.482 | INFO     | N/A | ⏳ 等待 Profile 更新任务...
2026-07-22 21:29:23.510 | INFO     | N/A | ⏳ 等待 Profile 更新任务...
2026-07-22 21:29:28.538 | INFO     | N/A | ⏳ 等待 Profile 更新任务...
2026-07-22 21:29:33.566 | INFO     | N/A | ⏳ 等待 Profile 更新任务...
2026-07-22 21:29:38.593 | INFO     | N/A | ⏳ 等待 Profile 更新任务...
2026-07-22 21:29:43.619 | INFO     | N/A | ⏳ 等待 Profile 更新任务...
2026-07-22 21:29:48.648 | INFO     | N/A | ⏳ 等待 Profile 更新任务...
2026-07-22 21:29:53.679 | INFO     | N/A | ⏳ 等待 Profile 更新任务...
2026-07-22 21:29:58.703 | INFO     | N/A | ⏳ 等待 Profile 更新任务...
2026-07-22 21:30:03.769 | INFO     | N/A | ⏳ 等待 Profile 更新任务...
2026-07-22 21:30:08.794 | INFO     | N/A | ⏳ 等待 Profile 更新任务...
2026-07-22 21:30:13.818 | INFO     | N/A | ⏳ 等待 Profile 更新任务...
2026-07-22 21:30:18.845 | INFO     | N/A | ⏳ 等待 Profile 更新任务...
2026-07-22 21:30:23.872 | INFO     | N/A | ⏳ 等待 Profile 更新任务...
2026-07-22 21:30:28.897 | INFO     | N/A | ⏳ 等待 Profile 更新任务...
2026-07-22 21:30:33.925 | INFO     | N/A | ⏳ 等待 Profile 更新任务...
2026-07-22 21:30:38.953 | INFO     | N/A | ⏳ 等待 Profile 更新任务...
2026-07-22 21:30:43.979 | INFO     | N/A | ⏳ 等待 Profile 更新任务...
2026-07-22 21:30:49.007 | INFO     | N/A | ⏳ 等待 Profile 更新任务...
2026-07-22 21:30:54.034 | INFO     | N/A | ⏳ 等待 Profile 更新任务...
2026-07-22 21:30:59.059 | INFO     | N/A | ⏳ 等待 Profile 更新任务...
2026-07-22 21:31:04.084 | INFO     | N/A | ⏳ 等待 Profile 更新任务...
2026-07-22 21:31:09.127 | INFO     | N/A | ⏳ 等待 Profile 更新任务...
2026-07-22 21:31:14.158 | INFO     | N/A | ⏳ 等待 Profile 更新任务...
2026-07-22 21:31:19.186 | INFO     | N/A | ⏳ 等待 Profile 更新任务...
2026-07-22 21:31:24.211 | INFO     | N/A | ⏳ 等待 Profile 更新任务...
2026-07-22 21:31:29.239 | INFO     | N/A | ⏳ 等待 Profile 更新任务...
2026-07-22 21:31:34.265 | INFO     | N/A | ⏳ 等待 Profile 更新任务...
2026-07-22 21:31:39.291 | INFO     | N/A | ⏳ 等待 Profile 更新任务...
2026-07-22 21:31:44.319 | INFO     | N/A | ⏳ 等待 Profile 更新任务...
2026-07-22 21:31:49.342 | INFO     | N/A | ⏳ 等待 Profile 更新任务...
2026-07-22 21:31:54.366 | INFO     | N/A | ⏳ 等待 Profile 更新任务...
2026-07-22 21:31:59.393 | INFO     | N/A | ⏳ 等待 Profile 更新任务...
2026-07-22 21:32:04.418 | INFO     | N/A | ⏳ 等待 Profile 更新任务...
2026-07-22 21:32:09.445 | INFO     | N/A | ⏳ 等待 Profile 更新任务...
2026-07-22 21:32:14.485 | INFO     | N/A | ⏳ 等待 Profile 更新任务...
2026-07-22 21:32:19.513 | INFO     | N/A | ⏳ 等待 Profile 更新任务...
2026-07-22 21:32:24.542 | INFO     | N/A | ⏳ 等待 Profile 更新任务...
2026-07-22 21:32:29.570 | INFO     | N/A | ⏳ 等待 Profile 更新任务...
2026-07-22 21:32:34.595 | INFO     | N/A | ⏳ 等待 Profile 更新任务...
2026-07-22 21:32:39.620 | INFO     | N/A | ⏳ 等待 Profile 更新任务...
2026-07-22 21:32:44.647 | INFO     | N/A | ⏳ 等待 Profile 更新任务...
2026-07-22 21:32:49.673 | INFO     | N/A | ⏳ 等待 Profile 更新任务...
2026-07-22 21:32:54.702 | INFO     | N/A | ⏳ 等待 Profile 更新任务...
2026-07-22 21:32:59.731 | INFO     | N/A | ⏳ 等待 Profile 更新任务...
2026-07-22 21:33:04.758 | INFO     | N/A | ⏳ 等待 Profile 更新任务...
2026-07-22 21:33:09.785 | INFO     | N/A | ⏳ 等待 Profile 更新任务...
2026-07-22 21:33:14.809 | INFO     | N/A | ⏳ 等待 Profile 更新任务...
2026-07-22 21:33:19.836 | INFO     | N/A | ⏳ 等待 Profile 更新任务...
2026-07-22 21:33:24.864 | INFO     | N/A | ⏳ 等待 Profile 更新任务...
2026-07-22 21:33:29.894 | INFO     | N/A | ⏳ 等待 Profile 更新任务...
2026-07-22 21:33:34.921 | INFO     | N/A | ⏳ 等待 Profile 更新任务...
2026-07-22 21:33:39.949 | INFO     | N/A | ⏳ 等待 Profile 更新任务...
2026-07-22 21:33:44.975 | INFO     | N/A | ⏳ 等待 Profile 更新任务...
2026-07-22 21:33:50.000 | INFO     | N/A | ⏳ 等待 Profile 更新任务...
2026-07-22 21:33:55.031 | INFO     | N/A | ⏳ 等待 Profile 更新任务...
2026-07-22 21:34:00.059 | INFO     | N/A | ⏳ 等待 Profile 更新任务...
2026-07-22 21:34:05.085 | INFO     | N/A | ⏳ 等待 Profile 更新任务...
2026-07-22 21:34:10.112 | INFO     | N/A | ⏳ 等待 Profile 更新任务...
2026-07-22 21:34:15.140 | INFO     | N/A | ⏳ 等待 Profile 更新任务...
2026-07-22 21:34:20.164 | INFO     | N/A | ⏳ 等待 Profile 更新任务...
2026-07-22 21:34:25.193 | INFO     | N/A | ⏳ 等待 Profile 更新任务...
2026-07-22 21:34:30.218 | INFO     | N/A | ⏳ 等待 Profile 更新任务...
2026-07-22 21:34:35.247 | INFO     | N/A | ⏳ 等待 Profile 更新任务...
2026-07-22 21:34:40.277 | INFO     | N/A | ⏳ 等待 Profile 更新任务...
2026-07-22 21:34:45.314 | INFO     | N/A | ⏳ 等待 Profile 更新任务...
2026-07-22 21:34:50.322 | INFO     | N/A | ⏳ 等待 Profile 更新任务...
2026-07-22 21:34:55.349 | INFO     | N/A | ⏳ 等待 Profile 更新任务...
2026-07-22 21:35:00.375 | INFO     | N/A | ⏳ 等待 Profile 更新任务...
2026-07-22 21:35:05.453 | INFO     | N/A | ⏳ 等待 Profile 更新任务...
2026-07-22 21:35:10.478 | INFO     | N/A | ⏳ 等待 Profile 更新任务...
2026-07-22 21:35:15.505 | INFO     | N/A | ⏳ 等待 Profile 更新任务...
2026-07-22 21:35:20.533 | INFO     | N/A | ⏳ 等待 Profile 更新任务...
2026-07-22 21:35:25.562 | INFO     | N/A | ⏳ 等待 Profile 更新任务...
2026-07-22 21:35:30.590 | INFO     | N/A | ⏳ 等待 Profile 更新任务...
2026-07-22 21:35:35.616 | INFO     | N/A | ⏳ 等待 Profile 更新任务...
2026-07-22 21:35:40.643 | INFO     | N/A | ⏳ 等待 Profile 更新任务...
2026-07-22 21:35:45.669 | INFO     | N/A | ⏳ 等待 Profile 更新任务...
2026-07-22 21:35:50.695 | INFO     | N/A | ⏳ 等待 Profile 更新任务...
2026-07-22 21:35:55.722 | INFO     | N/A | ⏳ 等待 Profile 更新任务...
2026-07-22 21:36:00.748 | INFO     | N/A | ⏳ 等待 Profile 更新任务...
2026-07-22 21:36:05.775 | INFO     | N/A | ⏳ 等待 Profile 更新任务...
2026-07-22 21:36:10.802 | INFO     | N/A | ⏳ 等待 Profile 更新任务...
2026-07-22 21:36:15.827 | INFO     | N/A | ⏳ 等待 Profile 更新任务...
2026-07-22 21:36:20.855 | INFO     | N/A | ⏳ 等待 Profile 更新任务...
2026-07-22 21:36:25.887 | INFO     | N/A | ⏳ 等待 Profile 更新任务...
2026-07-22 21:36:30.910 | INFO     | N/A | ⏳ 等待 Profile 更新任务...
2026-07-22 21:36:35.938 | INFO     | N/A | ⏳ 等待 Profile 更新任务...
2026-07-22 21:36:40.965 | INFO     | N/A | ⏳ 等待 Profile 更新任务...
2026-07-22 21:36:45.990 | INFO     | N/A | ⏳ 等待 Profile 更新任务...
2026-07-22 21:36:51.080 | INFO     | N/A | ⏳ 等待 Profile 更新任务...
2026-07-22 21:36:56.106 | INFO     | N/A | ⏳ 等待 Profile 更新任务...
2026-07-22 21:37:01.130 | INFO     | N/A | ⏳ 等待 Profile 更新任务...
2026-07-22 21:37:06.158 | INFO     | N/A | ⏳ 等待 Profile 更新任务...
2026-07-22 21:37:11.183 | INFO     | N/A | ⏳ 等待 Profile 更新任务...
2026-07-22 21:37:16.209 | INFO     | N/A | ⏳ 等待 Profile 更新任务...
2026-07-22 21:37:21.236 | INFO     | N/A | ⏳ 等待 Profile 更新任务...
2026-07-22 21:37:26.266 | INFO     | N/A | ⏳ 等待 Profile 更新任务...
2026-07-22 21:37:31.343 | INFO     | N/A | ⏳ 等待 Profile 更新任务...
2026-07-22 21:37:36.368 | INFO     | N/A | ⏳ 等待 Profile 更新任务...
2026-07-22 21:37:41.400 | INFO     | N/A | ⏳ 等待 Profile 更新任务...
2026-07-22 21:37:46.459 | INFO     | N/A | ⏳ 等待 Profile 更新任务...
2026-07-22 21:37:51.488 | INFO     | N/A | ⏳ 等待 Profile 更新任务...
2026-07-22 21:37:56.516 | INFO     | N/A | ⏳ 等待 Profile 更新任务...
2026-07-22 21:38:01.540 | INFO     | N/A | ⏳ 等待 Profile 更新任务...
2026-07-22 21:38:06.568 | INFO     | N/A | ⏳ 等待 Profile 更新任务...
2026-07-22 21:38:11.595 | INFO     | N/A | ⏳ 等待 Profile 更新任务...
2026-07-22 21:38:16.626 | INFO     | N/A | ⏳ 等待 Profile 更新任务...
2026-07-22 21:38:21.652 | INFO     | N/A | ⏳ 等待 Profile 更新任务...
2026-07-22 21:38:26.683 | INFO     | N/A | ⏳ 等待 Profile 更新任务...
2026-07-22 21:38:31.712 | INFO     | N/A | ⏳ 等待 Profile 更新任务...
2026-07-22 21:38:36.763 | INFO     | N/A | ⏳ 等待 Profile 更新任务...
2026-07-22 21:38:41.790 | INFO     | N/A | ⏳ 等待 Profile 更新任务...
2026-07-22 21:38:46.818 | INFO     | N/A | ⏳ 等待 Profile 更新任务...
2026-07-22 21:38:51.852 | INFO     | N/A | ⏳ 等待 Profile 更新任务...
2026-07-22 21:38:56.879 | INFO     | N/A | ⏳ 等待 Profile 更新任务...
2026-07-22 21:39:01.906 | INFO     | N/A | ⏳ 等待 Profile 更新任务...
2026-07-22 21:39:06.931 | INFO     | N/A | ⏳ 等待 Profile 更新任务...
2026-07-22 21:39:11.959 | INFO     | N/A | ⏳ 等待 Profile 更新任务...
2026-07-22 21:39:16.988 | INFO     | N/A | ⏳ 等待 Profile 更新任务...
2026-07-22 21:39:22.014 | INFO     | N/A | ⏳ 等待 Profile 更新任务...
2026-07-22 21:39:27.043 | INFO     | N/A | ⏳ 等待 Profile 更新任务...
2026-07-22 21:39:32.069 | INFO     | N/A | ⏳ 等待 Profile 更新任务...
2026-07-22 21:39:37.099 | INFO     | N/A | ⏳ 等待 Profile 更新任务...
2026-07-22 21:39:42.123 | INFO     | N/A | ⏳ 等待 Profile 更新任务...
2026-07-22 21:39:47.150 | INFO     | N/A | ⏳ 等待 Profile 更新任务...
2026-07-22 21:39:52.177 | INFO     | N/A | ⏳ 等待 Profile 更新任务...
2026-07-22 21:39:57.208 | INFO     | N/A | ⏳ 等待 Profile 更新任务...
2026-07-22 21:40:02.237 | INFO     | N/A | ⏳ 等待 Profile 更新任务...
2026-07-22 21:40:07.262 | INFO     | N/A | ⏳ 等待 Profile 更新任务...
2026-07-22 21:40:12.312 | INFO     | N/A | ⏳ 等待 Profile 更新任务...
2026-07-22 21:40:17.339 | INFO     | N/A | ⏳ 等待 Profile 更新任务...
2026-07-22 21:40:22.365 | INFO     | N/A | ⏳ 等待 Profile 更新任务...
2026-07-22 21:40:27.395 | INFO     | N/A | ⏳ 等待 Profile 更新任务...
2026-07-22 21:40:32.478 | INFO     | N/A | ⏳ 等待 Profile 更新任务...
2026-07-22 21:40:37.504 | INFO     | N/A | ⏳ 等待 Profile 更新任务...
2026-07-22 21:40:42.528 | INFO     | N/A | ⏳ 等待 Profile 更新任务...
2026-07-22 21:40:47.560 | INFO     | N/A | ⏳ 等待 Profile 更新任务...
2026-07-22 21:40:52.585 | INFO     | N/A | ⏳ 等待 Profile 更新任务...
2026-07-22 21:40:57.613 | INFO     | N/A | ⏳ 等待 Profile 更新任务...
2026-07-22 21:41:02.637 | INFO     | N/A | ⏳ 等待 Profile 更新任务...
2026-07-22 21:41:07.659 | INFO     | N/A | ⏳ 等待 Profile 更新任务...
2026-07-22 21:41:12.686 | INFO     | N/A | ⏳ 等待 Profile 更新任务...
2026-07-22 21:41:17.711 | INFO     | N/A | ⏳ 等待 Profile 更新任务...
2026-07-22 21:41:22.735 | INFO     | N/A | ⏳ 等待 Profile 更新任务...
2026-07-22 21:41:27.763 | INFO     | N/A | ⏳ 等待 Profile 更新任务...
2026-07-22 21:41:32.790 | INFO     | N/A | ⏳ 等待 Profile 更新任务...
2026-07-22 21:41:37.819 | INFO     | N/A | ⏳ 等待 Profile 更新任务...
2026-07-22 21:41:42.845 | INFO     | N/A | ⏳ 等待 Profile 更新任务...
2026-07-22 21:41:47.871 | INFO     | N/A | ⏳ 等待 Profile 更新任务...
2026-07-22 21:41:52.900 | INFO     | N/A | ⏳ 等待 Profile 更新任务...
2026-07-22 21:41:57.929 | INFO     | N/A | ⏳ 等待 Profile 更新任务...
2026-07-22 21:42:02.957 | INFO     | N/A | ⏳ 等待 Profile 更新任务...
2026-07-22 21:42:07.985 | INFO     | N/A | ⏳ 等待 Profile 更新任务...
2026-07-22 21:42:13.013 | INFO     | N/A | ⏳ 等待 Profile 更新任务...
2026-07-22 21:42:18.084 | INFO     | N/A | ⏳ 等待 Profile 更新任务...
2026-07-22 21:42:23.110 | INFO     | N/A | ⏳ 等待 Profile 更新任务...
2026-07-22 21:42:28.137 | INFO     | N/A | ⏳ 等待 Profile 更新任务...
2026-07-22 21:42:33.164 | INFO     | N/A | ⏳ 等待 Profile 更新任务...
2026-07-22 21:42:38.191 | INFO     | N/A | ⏳ 等待 Profile 更新任务...
2026-07-22 21:42:43.218 | INFO     | N/A | ⏳ 等待 Profile 更新任务...
2026-07-22 21:42:48.245 | INFO     | N/A | ⏳ 等待 Profile 更新任务...
2026-07-22 21:42:53.271 | INFO     | N/A | ⏳ 等待 Profile 更新任务...
2026-07-22 21:42:58.299 | INFO     | N/A | ⏳ 等待 Profile 更新任务...
2026-07-22 21:43:03.326 | INFO     | N/A | ⏳ 等待 Profile 更新任务...
2026-07-22 21:43:08.356 | INFO     | N/A | ⏳ 等待 Profile 更新任务...
2026-07-22 21:43:13.381 | INFO     | N/A | ⏳ 等待 Profile 更新任务...
2026-07-22 21:43:18.427 | INFO     | N/A | ⏳ 等待 Profile 更新任务...
2026-07-22 21:43:23.452 | INFO     | N/A | ⏳ 等待 Profile 更新任务...
2026-07-22 21:43:28.481 | INFO     | N/A | ⏳ 等待 Profile 更新任务...
2026-07-22 21:43:33.507 | INFO     | N/A | ⏳ 等待 Profile 更新任务...
2026-07-22 21:43:38.532 | INFO     | N/A | ⏳ 等待 Profile 更新任务...
2026-07-22 21:43:43.591 | INFO     | N/A | ⏳ 等待 Profile 更新任务...
2026-07-22 21:43:48.619 | INFO     | N/A | ⏳ 等待 Profile 更新任务...
2026-07-22 21:43:53.645 | INFO     | N/A | ⏳ 等待 Profile 更新任务...
2026-07-22 21:43:58.673 | INFO     | N/A | ⏳ 等待 Profile 更新任务...
2026-07-22 21:44:03.698 | INFO     | N/A | ⏳ 等待 Profile 更新任务...
2026-07-22 21:44:08.723 | INFO     | N/A | ⏳ 等待 Profile 更新任务...
2026-07-22 21:44:13.751 | INFO     | N/A | ⏳ 等待 Profile 更新任务...
2026-07-22 21:44:18.778 | INFO     | N/A | ⏳ 等待 Profile 更新任务...
2026-07-22 21:44:23.804 | INFO     | N/A | ⏳ 等待 Profile 更新任务...
2026-07-22 21:44:28.837 | INFO     | N/A | ⏳ 等待 Profile 更新任务...
2026-07-22 21:44:33.867 | INFO     | N/A | ⏳ 等待 Profile 更新任务...
2026-07-22 21:44:38.895 | INFO     | N/A | ⏳ 等待 Profile 更新任务...
2026-07-22 21:44:43.923 | INFO     | N/A | ⏳ 等待 Profile 更新任务...
2026-07-22 21:44:48.950 | INFO     | N/A | ⏳ 等待 Profile 更新任务...
2026-07-22 21:44:53.974 | INFO     | N/A | ⏳ 等待 Profile 更新任务...
2026-07-22 21:44:59.004 | INFO     | N/A | ⏳ 等待 Profile 更新任务...
2026-07-22 21:45:04.073 | INFO     | N/A | ⏳ 等待 Profile 更新任务...
2026-07-22 21:45:09.100 | INFO     | N/A | ⏳ 等待 Profile 更新任务...
2026-07-22 21:45:14.126 | INFO     | N/A | ⏳ 等待 Profile 更新任务...
2026-07-22 21:45:19.152 | INFO     | N/A | ⏳ 等待 Profile 更新任务...
2026-07-22 21:45:24.181 | INFO     | N/A | ⏳ 等待 Profile 更新任务...
2026-07-22 21:45:29.209 | INFO     | N/A | ⏳ 等待 Profile 更新任务...
2026-07-22 21:45:34.235 | INFO     | N/A | ⏳ 等待 Profile 更新任务...
2026-07-22 21:45:39.262 | INFO     | N/A | ⏳ 等待 Profile 更新任务...
2026-07-22 21:45:44.289 | INFO     | N/A | ⏳ 等待 Profile 更新任务...
2026-07-22 21:45:49.318 | INFO     | N/A | ⏳ 等待 Profile 更新任务...
2026-07-22 21:45:54.348 | INFO     | N/A | ⏳ 等待 Profile 更新任务...
2026-07-22 21:45:59.373 | INFO     | N/A | ⏳ 等待 Profile 更新任务...
2026-07-22 21:46:04.397 | INFO     | N/A | ⏳ 等待 Profile 更新任务...
2026-07-22 21:46:09.421 | INFO     | N/A | ⏳ 等待 Profile 更新任务...
2026-07-22 21:46:14.458 | INFO     | N/A | ⏳ 等待 Profile 更新任务...
2026-07-22 21:46:19.486 | INFO     | N/A | ⏳ 等待 Profile 更新任务...
2026-07-22 21:46:24.512 | INFO     | N/A | ⏳ 等待 Profile 更新任务...
2026-07-22 21:46:29.542 | INFO     | N/A | ⏳ 等待 Profile 更新任务...
2026-07-22 21:46:34.569 | INFO     | N/A | ⏳ 等待 Profile 更新任务...
2026-07-22 21:46:39.595 | INFO     | N/A | ⏳ 等待 Profile 更新任务...
2026-07-22 21:46:44.625 | INFO     | N/A | ⏳ 等待 Profile 更新任务...
2026-07-22 21:46:49.654 | INFO     | N/A | ⏳ 等待 Profile 更新任务...
2026-07-22 21:46:54.693 | INFO     | N/A | ⏳ 等待 Profile 更新任务...
2026-07-22 21:46:59.719 | INFO     | N/A | ⏳ 等待 Profile 更新任务...
2026-07-22 21:47:04.745 | INFO     | N/A | ⏳ 等待 Profile 更新任务...
2026-07-22 21:47:09.773 | INFO     | N/A | ⏳ 等待 Profile 更新任务...
2026-07-22 21:47:14.799 | INFO     | N/A | ⏳ 等待 Profile 更新任务...
2026-07-22 21:47:19.829 | INFO     | N/A | ⏳ 等待 Profile 更新任务...
2026-07-22 21:47:24.854 | INFO     | N/A | ⏳ 等待 Profile 更新任务...
2026-07-22 21:47:29.883 | INFO     | N/A | ⏳ 等待 Profile 更新任务...
2026-07-22 21:47:34.910 | INFO     | N/A | ⏳ 等待 Profile 更新任务...
2026-07-22 21:47:39.939 | INFO     | N/A | ⏳ 等待 Profile 更新任务...
2026-07-22 21:47:44.989 | INFO     | N/A | ⏳ 等待 Profile 更新任务...
2026-07-22 21:47:50.017 | INFO     | N/A | ⏳ 等待 Profile 更新任务...
2026-07-22 21:47:55.043 | INFO     | N/A | ⏳ 等待 Profile 更新任务...
2026-07-22 21:48:00.073 | INFO     | N/A | ⏳ 等待 Profile 更新任务...
2026-07-22 21:48:05.100 | INFO     | N/A | ⏳ 等待 Profile 更新任务...
2026-07-22 21:48:10.127 | INFO     | N/A | ⏳ 等待 Profile 更新任务...
2026-07-22 21:48:15.152 | INFO     | N/A | ⏳ 等待 Profile 更新任务...
2026-07-22 21:48:20.180 | INFO     | N/A | ⏳ 等待 Profile 更新任务...
2026-07-22 21:48:25.207 | INFO     | N/A | ⏳ 等待 Profile 更新任务...
2026-07-22 21:48:30.241 | INFO     | N/A | ⏳ 等待 Profile 更新任务...
2026-07-22 21:48:35.269 | INFO     | N/A | ⏳ 等待 Profile 更新任务...
2026-07-22 21:48:40.298 | INFO     | N/A | ⏳ 等待 Profile 更新任务...
2026-07-22 21:48:45.323 | INFO     | N/A | ⏳ 等待 Profile 更新任务...
2026-07-22 21:48:50.358 | INFO     | N/A | ⏳ 等待 Profile 更新任务...
2026-07-22 21:48:55.385 | INFO     | N/A | ⏳ 等待 Profile 更新任务...
2026-07-22 21:49:00.415 | INFO     | N/A | ⏳ 等待 Profile 更新任务...
2026-07-22 21:49:05.442 | INFO     | N/A | ⏳ 等待 Profile 更新任务...
2026-07-22 21:49:10.469 | INFO     | N/A | ⏳ 等待 Profile 更新任务...
2026-07-22 21:49:15.494 | INFO     | N/A | ⏳ 等待 Profile 更新任务...
2026-07-22 21:49:20.519 | INFO     | N/A | ⏳ 等待 Profile 更新任务...
2026-07-22 21:49:25.546 | INFO     | N/A | ⏳ 等待 Profile 更新任务...
2026-07-22 21:49:30.575 | INFO     | N/A | ⏳ 等待 Profile 更新任务...
2026-07-22 21:49:35.603 | INFO     | N/A | ⏳ 等待 Profile 更新任务...
2026-07-22 21:49:40.632 | INFO     | N/A | ⏳ 等待 Profile 更新任务...
2026-07-22 21:49:45.658 | INFO     | N/A | ⏳ 等待 Profile 更新任务...
2026-07-22 21:49:50.685 | INFO     | N/A | ⏳ 等待 Profile 更新任务...
2026-07-22 21:49:55.710 | INFO     | N/A | ⏳ 等待 Profile 更新任务...
2026-07-22 21:50:00.738 | INFO     | N/A | ⏳ 等待 Profile 更新任务...
2026-07-22 21:50:05.769 | INFO     | N/A | ⏳ 等待 Profile 更新任务...
2026-07-22 21:50:10.796 | INFO     | N/A | ⏳ 等待 Profile 更新任务...
2026-07-22 21:50:15.822 | INFO     | N/A | ⏳ 等待 Profile 更新任务...
2026-07-22 21:50:20.850 | INFO     | N/A | ⏳ 等待 Profile 更新任务...
2026-07-22 21:50:25.877 | INFO     | N/A | ⏳ 等待 Profile 更新任务...
2026-07-22 21:50:30.906 | INFO     | N/A | ⏳ 等待 Profile 更新任务...
2026-07-22 21:50:35.934 | INFO     | N/A | ⏳ 等待 Profile 更新任务...
2026-07-22 21:50:40.960 | INFO     | N/A | ⏳ 等待 Profile 更新任务...
2026-07-22 21:50:45.988 | INFO     | N/A | ⏳ 等待 Profile 更新任务...
2026-07-22 21:50:51.013 | INFO     | N/A | ⏳ 等待 Profile 更新任务...
2026-07-22 21:50:56.041 | INFO     | N/A | ⏳ 等待 Profile 更新任务...
2026-07-22 21:51:01.072 | INFO     | N/A | ⏳ 等待 Profile 更新任务...
2026-07-22 21:51:06.100 | INFO     | N/A | ⏳ 等待 Profile 更新任务...
2026-07-22 21:51:11.127 | INFO     | N/A | ⏳ 等待 Profile 更新任务...
2026-07-22 21:51:16.153 | INFO     | N/A | ⏳ 等待 Profile 更新任务...
2026-07-22 21:51:21.180 | INFO     | N/A | ⏳ 等待 Profile 更新任务...
2026-07-22 21:51:26.207 | INFO     | N/A | ⏳ 等待 Profile 更新任务...
2026-07-22 21:51:31.239 | INFO     | N/A | ⏳ 等待 Profile 更新任务...
2026-07-22 21:51:36.328 | INFO     | N/A | ⏳ 等待 Profile 更新任务...
2026-07-22 21:51:41.356 | INFO     | N/A | ⏳ 等待 Profile 更新任务...
2026-07-22 21:51:46.392 | INFO     | N/A | ⏳ 等待 Profile 更新任务...
2026-07-22 21:51:51.417 | INFO     | N/A | ⏳ 等待 Profile 更新任务...
2026-07-22 21:51:56.446 | INFO     | N/A | ⏳ 等待 Profile 更新任务...
2026-07-22 21:52:01.471 | INFO     | N/A | ⏳ 等待 Profile 更新任务...
2026-07-22 21:52:06.499 | INFO     | N/A | ⏳ 等待 Profile 更新任务...
2026-07-22 21:52:11.527 | INFO     | N/A | ⏳ 等待 Profile 更新任务...
2026-07-22 21:52:16.553 | INFO     | N/A | ⏳ 等待 Profile 更新任务...
2026-07-22 21:52:21.580 | INFO     | N/A | ⏳ 等待 Profile 更新任务...
2026-07-22 21:52:26.605 | INFO     | N/A | ⏳ 等待 Profile 更新任务...
2026-07-22 21:52:31.635 | INFO     | N/A | ⏳ 等待 Profile 更新任务...
2026-07-22 21:52:36.662 | INFO     | N/A | ⏳ 等待 Profile 更新任务...
2026-07-22 21:52:41.686 | INFO     | N/A | ⏳ 等待 Profile 更新任务...
2026-07-22 21:52:46.711 | INFO     | N/A | ⏳ 等待 Profile 更新任务...
2026-07-22 21:52:51.749 | INFO     | N/A | ⏳ 等待 Profile 更新任务...
2026-07-22 21:52:56.774 | INFO     | N/A | ⏳ 等待 Profile 更新任务...
2026-07-22 21:53:01.872 | INFO     | N/A | ⏳ 等待 Profile 更新任务...
2026-07-22 21:53:06.902 | INFO     | N/A | ⏳ 等待 Profile 更新任务...
2026-07-22 21:53:11.930 | INFO     | N/A | ⏳ 等待 Profile 更新任务...
2026-07-22 21:53:16.957 | INFO     | N/A | ⏳ 等待 Profile 更新任务...
2026-07-22 21:53:21.985 | INFO     | N/A | ⏳ 等待 Profile 更新任务...
2026-07-22 21:53:27.013 | INFO     | N/A | ⏳ 等待 Profile 更新任务...
2026-07-22 21:53:32.040 | INFO     | N/A | ⏳ 等待 Profile 更新任务...
2026-07-22 21:53:37.089 | INFO     | N/A | ⏳ 等待 Profile 更新任务...
2026-07-22 21:53:42.115 | INFO     | N/A | ⏳ 等待 Profile 更新任务...
2026-07-22 21:53:47.143 | INFO     | N/A | ⏳ 等待 Profile 更新任务...
2026-07-22 21:53:52.170 | INFO     | N/A | ⏳ 等待 Profile 更新任务...
2026-07-22 21:53:57.199 | INFO     | N/A | ⏳ 等待 Profile 更新任务...
2026-07-22 21:54:02.224 | INFO     | N/A | ⏳ 等待 Profile 更新任务...
2026-07-22 21:54:07.311 | INFO     | N/A | ⏳ 等待 Profile 更新任务...
2026-07-22 21:54:12.337 | INFO     | N/A | ⏳ 等待 Profile 更新任务...
2026-07-22 21:54:17.365 | INFO     | N/A | ⏳ 等待 Profile 更新任务...
2026-07-22 21:54:22.393 | INFO     | N/A | ⏳ 等待 Profile 更新任务...
2026-07-22 21:54:27.422 | INFO     | N/A | ⏳ 等待 Profile 更新任务...
2026-07-22 21:54:32.450 | INFO     | N/A | ⏳ 等待 Profile 更新任务...
2026-07-22 21:54:37.478 | INFO     | N/A | ⏳ 等待 Profile 更新任务...
2026-07-22 21:54:42.503 | INFO     | N/A | ⏳ 等待 Profile 更新任务...
2026-07-22 21:54:47.530 | INFO     | N/A | ⏳ 等待 Profile 更新任务...
2026-07-22 21:54:52.555 | INFO     | N/A | ⏳ 等待 Profile 更新任务...
2026-07-22 21:54:57.583 | INFO     | N/A | ⏳ 等待 Profile 更新任务...
2026-07-22 21:55:02.622 | INFO     | N/A | ⏳ 等待 Profile 更新任务...
2026-07-22 21:55:07.649 | INFO     | N/A | ⏳ 等待 Profile 更新任务...
2026-07-22 21:55:12.676 | INFO     | N/A | ⏳ 等待 Profile 更新任务...
2026-07-22 21:55:17.702 | INFO     | N/A | ⏳ 等待 Profile 更新任务...
2026-07-22 21:55:22.791 | INFO     | N/A | ⏳ 等待 Profile 更新任务...
2026-07-22 21:55:27.819 | INFO     | N/A | ⏳ 等待 Profile 更新任务...
2026-07-22 21:55:32.847 | INFO     | N/A | ⏳ 等待 Profile 更新任务...
2026-07-22 21:55:37.875 | INFO     | N/A | ⏳ 等待 Profile 更新任务...
2026-07-22 21:55:42.902 | INFO     | N/A | ⏳ 等待 Profile 更新任务...
2026-07-22 21:55:47.931 | INFO     | N/A | ⏳ 等待 Profile 更新任务...
2026-07-22 21:55:52.958 | INFO     | N/A | ⏳ 等待 Profile 更新任务...
2026-07-22 21:55:57.987 | INFO     | N/A | ⏳ 等待 Profile 更新任务...
2026-07-22 21:56:03.013 | INFO     | N/A | ⏳ 等待 Profile 更新任务...
2026-07-22 21:56:08.040 | INFO     | N/A | ⏳ 等待 Profile 更新任务...
2026-07-22 21:56:13.065 | INFO     | N/A | ⏳ 等待 Profile 更新任务...
2026-07-22 21:56:18.091 | INFO     | N/A | ⏳ 等待 Profile 更新任务...
2026-07-22 21:56:23.121 | INFO     | N/A | ⏳ 等待 Profile 更新任务...
2026-07-22 21:56:28.151 | INFO     | N/A | ⏳ 等待 Profile 更新任务...
2026-07-22 21:56:33.177 | INFO     | N/A | ⏳ 等待 Profile 更新任务...
2026-07-22 21:56:38.201 | INFO     | N/A | ⏳ 等待 Profile 更新任务...
2026-07-22 21:56:43.229 | INFO     | N/A | ⏳ 等待 Profile 更新任务...
2026-07-22 21:56:48.256 | INFO     | N/A | ⏳ 等待 Profile 更新任务...
2026-07-22 21:56:53.283 | INFO     | N/A | ⏳ 等待 Profile 更新任务...
2026-07-22 21:56:58.311 | INFO     | N/A | ⏳ 等待 Profile 更新任务...
2026-07-22 21:57:03.327 | INFO     | N/A | ⏳ 等待 Profile 更新任务...
2026-07-22 21:57:08.352 | INFO     | N/A | ⏳ 等待 Profile 更新任务...
2026-07-22 21:57:13.383 | INFO     | N/A | ⏳ 等待 Profile 更新任务...
2026-07-22 21:57:18.412 | INFO     | N/A | ⏳ 等待 Profile 更新任务...
2026-07-22 21:57:23.439 | INFO     | N/A | ⏳ 等待 Profile 更新任务...
2026-07-22 21:57:28.466 | INFO     | N/A | ⏳ 等待 Profile 更新任务...
2026-07-22 21:57:33.490 | INFO     | N/A | ⏳ 等待 Profile 更新任务...
2026-07-22 21:57:38.513 | INFO     | N/A | ⏳ 等待 Profile 更新任务...
2026-07-22 21:57:43.539 | INFO     | N/A | ⏳ 等待 Profile 更新任务...
2026-07-22 21:57:48.562 | INFO     | N/A | ⏳ 等待 Profile 更新任务...
2026-07-22 21:57:53.588 | INFO     | N/A | ⏳ 等待 Profile 更新任务...
2026-07-22 21:57:58.612 | INFO     | N/A | ⏳ 等待 Profile 更新任务...
2026-07-22 21:58:03.640 | INFO     | N/A | ⏳ 等待 Profile 更新任务...
2026-07-22 21:58:08.668 | INFO     | N/A | ⏳ 等待 Profile 更新任务...
2026-07-22 21:58:13.696 | INFO     | N/A | ⏳ 等待 Profile 更新任务...
2026-07-22 21:58:18.721 | INFO     | N/A | ⏳ 等待 Profile 更新任务...
2026-07-22 21:58:23.745 | INFO     | N/A | ⏳ 等待 Profile 更新任务...
2026-07-22 21:58:28.772 | INFO     | N/A | ⏳ 等待 Profile 更新任务...
2026-07-22 21:58:33.794 | INFO     | N/A | ⏳ 等待 Profile 更新任务...
2026-07-22 21:58:38.818 | INFO     | N/A | ⏳ 等待 Profile 更新任务...
2026-07-22 21:58:43.844 | INFO     | N/A | ⏳ 等待 Profile 更新任务...
2026-07-22 21:58:48.867 | INFO     | N/A | ⏳ 等待 Profile 更新任务...
2026-07-22 21:58:53.891 | INFO     | N/A | ⏳ 等待 Profile 更新任务...
2026-07-22 21:58:58.920 | INFO     | N/A | ⏳ 等待 Profile 更新任务...
2026-07-22 21:59:03.944 | INFO     | N/A | ⏳ 等待 Profile 更新任务...
2026-07-22 21:59:08.970 | INFO     | N/A | ⏳ 等待 Profile 更新任务...
2026-07-22 21:59:13.993 | INFO     | N/A | ⏳ 等待 Profile 更新任务...
2026-07-22 21:59:19.018 | INFO     | N/A | ⏳ 等待 Profile 更新任务...
2026-07-22 21:59:24.055 | INFO     | N/A | ⏳ 等待 Profile 更新任务...
2026-07-22 21:59:29.081 | INFO     | N/A | ⏳ 等待 Profile 更新任务...
2026-07-22 21:59:34.108 | INFO     | N/A | ⏳ 等待 Profile 更新任务...
2026-07-22 21:59:39.135 | INFO     | N/A | ⏳ 等待 Profile 更新任务...
2026-07-22 21:59:44.161 | INFO     | N/A | ⏳ 等待 Profile 更新任务...
2026-07-22 21:59:49.188 | INFO     | N/A | ⏳ 等待 Profile 更新任务...
2026-07-22 21:59:54.217 | INFO     | N/A | ⏳ 等待 Profile 更新任务...
2026-07-22 21:59:59.246 | INFO     | N/A | ⏳ 等待 Profile 更新任务...
2026-07-22 22:00:04.275 | INFO     | N/A | ⏳ 等待 Profile 更新任务...
2026-07-22 22:00:09.303 | INFO     | N/A | ⏳ 等待 Profile 更新任务...
2026-07-22 22:00:14.330 | INFO     | N/A | ⏳ 等待 Profile 更新任务...
2026-07-22 22:00:19.369 | INFO     | N/A | ⏳ 等待 Profile 更新任务...
2026-07-22 22:00:24.394 | INFO     | N/A | ⏳ 等待 Profile 更新任务...
2026-07-22 22:00:29.422 | INFO     | N/A | ⏳ 等待 Profile 更新任务...
2026-07-22 22:00:34.450 | INFO     | N/A | ⏳ 等待 Profile 更新任务...
2026-07-22 22:00:39.479 | INFO     | N/A | ⏳ 等待 Profile 更新任务...
2026-07-22 22:00:44.508 | INFO     | N/A | ⏳ 等待 Profile 更新任务...
2026-07-22 22:00:49.535 | INFO     | N/A | ⏳ 等待 Profile 更新任务...
2026-07-22 22:00:54.561 | INFO     | N/A | ⏳ 等待 Profile 更新任务...
2026-07-22 22:00:59.587 | INFO     | N/A | ⏳ 等待 Profile 更新任务...
2026-07-22 22:01:04.615 | INFO     | N/A | ⏳ 等待 Profile 更新任务...
2026-07-22 22:01:09.640 | INFO     | N/A | ⏳ 等待 Profile 更新任务...
2026-07-22 22:01:14.663 | INFO     | N/A | ⏳ 等待 Profile 更新任务...
2026-07-22 22:01:19.689 | INFO     | N/A | ⏳ 等待 Profile 更新任务...
2026-07-22 22:01:24.713 | INFO     | N/A | ⏳ 等待 Profile 更新任务...
2026-07-22 22:01:29.740 | INFO     | N/A | ⏳ 等待 Profile 更新任务...
2026-07-22 22:01:34.765 | INFO     | N/A | ⏳ 等待 Profile 更新任务...
2026-07-22 22:01:39.792 | INFO     | N/A | ⏳ 等待 Profile 更新任务...
2026-07-22 22:01:44.849 | INFO     | N/A | ⏳ 等待 Profile 更新任务...
2026-07-22 22:01:49.879 | INFO     | N/A | ⏳ 等待 Profile 更新任务...
2026-07-22 22:01:54.904 | INFO     | N/A | ⏳ 等待 Profile 更新任务...
2026-07-22 22:01:59.931 | INFO     | N/A | ⏳ 等待 Profile 更新任务...
2026-07-22 22:02:04.957 | INFO     | N/A | ⏳ 等待 Profile 更新任务...
2026-07-22 22:02:09.981 | INFO     | N/A | ⏳ 等待 Profile 更新任务...
2026-07-22 22:02:15.010 | INFO     | N/A | ⏳ 等待 Profile 更新任务...
2026-07-22 22:02:20.035 | INFO     | N/A | ⏳ 等待 Profile 更新任务...
2026-07-22 22:02:25.085 | INFO     | N/A | ⏳ 等待 Profile 更新任务...
2026-07-22 22:02:30.111 | INFO     | N/A | ⏳ 等待 Profile 更新任务...
2026-07-22 22:02:35.137 | INFO     | N/A | ⏳ 等待 Profile 更新任务...
2026-07-22 22:02:40.162 | INFO     | N/A | ⏳ 等待 Profile 更新任务...
2026-07-22 22:02:45.187 | INFO     | N/A | ⏳ 等待 Profile 更新任务...
2026-07-22 22:02:50.226 | INFO     | N/A | ⏳ 等待 Profile 更新任务...
2026-07-22 22:02:55.253 | INFO     | N/A | ⏳ 等待 Profile 更新任务...
2026-07-22 22:03:00.279 | INFO     | N/A | ⏳ 等待 Profile 更新任务...
2026-07-22 22:03:05.307 | INFO     | N/A | ⏳ 等待 Profile 更新任务...
2026-07-22 22:03:10.393 | INFO     | N/A | ⏳ 等待 Profile 更新任务...
2026-07-22 22:03:15.418 | INFO     | N/A | ⏳ 等待 Profile 更新任务...
2026-07-22 22:03:20.446 | INFO     | N/A | ⏳ 等待 Profile 更新任务...
2026-07-22 22:03:25.471 | INFO     | N/A | ⏳ 等待 Profile 更新任务...
2026-07-22 22:03:30.495 | INFO     | N/A | ⏳ 等待 Profile 更新任务...
2026-07-22 22:03:35.522 | INFO     | N/A | ⏳ 等待 Profile 更新任务...
2026-07-22 22:03:40.547 | INFO     | N/A | ⏳ 等待 Profile 更新任务...
2026-07-22 22:03:45.612 | INFO     | N/A | ⏳ 等待 Profile 更新任务...
2026-07-22 22:03:50.637 | INFO     | N/A | ⏳ 等待 Profile 更新任务...
2026-07-22 22:03:55.661 | INFO     | N/A | ⏳ 等待 Profile 更新任务...
2026-07-22 22:04:00.690 | INFO     | N/A | ⏳ 等待 Profile 更新任务...
2026-07-22 22:04:05.716 | INFO     | N/A | ⏳ 等待 Profile 更新任务...
2026-07-22 22:04:10.744 | INFO     | N/A | ⏳ 等待 Profile 更新任务...
2026-07-22 22:04:15.770 | INFO     | N/A | ⏳ 等待 Profile 更新任务...
2026-07-22 22:04:20.798 | INFO     | N/A | ⏳ 等待 Profile 更新任务...
2026-07-22 22:04:25.824 | INFO     | N/A | ⏳ 等待 Profile 更新任务...
2026-07-22 22:04:30.852 | INFO     | N/A | ⏳ 等待 Profile 更新任务...
2026-07-22 22:04:35.880 | INFO     | N/A | ⏳ 等待 Profile 更新任务...
2026-07-22 22:04:40.937 | INFO     | N/A | ⏳ 等待 Profile 更新任务...
2026-07-22 22:04:45.964 | INFO     | N/A | ⏳ 等待 Profile 更新任务...
2026-07-22 22:04:50.988 | INFO     | N/A | ⏳ 等待 Profile 更新任务...
2026-07-22 22:04:56.023 | INFO     | N/A | ⏳ 等待 Profile 更新任务...
2026-07-22 22:05:01.052 | INFO     | N/A | ⏳ 等待 Profile 更新任务...
2026-07-22 22:05:06.080 | INFO     | N/A | ⏳ 等待 Profile 更新任务...
2026-07-22 22:05:11.108 | INFO     | N/A | ⏳ 等待 Profile 更新任务...
2026-07-22 22:05:16.132 | INFO     | N/A | ⏳ 等待 Profile 更新任务...
2026-07-22 22:05:21.159 | INFO     | N/A | ⏳ 等待 Profile 更新任务...
2026-07-22 22:05:26.188 | INFO     | N/A | ⏳ 等待 Profile 更新任务...
2026-07-22 22:05:31.217 | INFO     | N/A | ⏳ 等待 Profile 更新任务...
2026-07-22 22:05:36.246 | INFO     | N/A | ⏳ 等待 Profile 更新任务...
2026-07-22 22:05:41.272 | INFO     | N/A | ⏳ 等待 Profile 更新任务...
2026-07-22 22:05:46.299 | INFO     | N/A | ⏳ 等待 Profile 更新任务...
2026-07-22 22:05:51.325 | INFO     | N/A | ⏳ 等待 Profile 更新任务...
2026-07-22 22:05:56.352 | INFO     | N/A | ⏳ 等待 Profile 更新任务...
2026-07-22 22:06:01.378 | INFO     | N/A | ⏳ 等待 Profile 更新任务...
2026-07-22 22:06:06.404 | INFO     | N/A | ⏳ 等待 Profile 更新任务...
2026-07-22 22:06:11.428 | INFO     | N/A | ⏳ 等待 Profile 更新任务...
2026-07-22 22:06:16.455 | INFO     | N/A | ⏳ 等待 Profile 更新任务...
2026-07-22 22:06:21.481 | INFO     | N/A | ⏳ 等待 Profile 更新任务...
2026-07-22 22:06:26.509 | INFO     | N/A | ⏳ 等待 Profile 更新任务...
2026-07-22 22:06:31.535 | INFO     | N/A | ⏳ 等待 Profile 更新任务...
2026-07-22 22:06:36.561 | INFO     | N/A | ⏳ 等待 Profile 更新任务...
2026-07-22 22:06:41.586 | INFO     | N/A | ⏳ 等待 Profile 更新任务...
2026-07-22 22:06:46.614 | INFO     | N/A | ⏳ 等待 Profile 更新任务...
2026-07-22 22:06:51.651 | INFO     | N/A | ⏳ 等待 Profile 更新任务...
2026-07-22 22:06:56.678 | INFO     | N/A | ⏳ 等待 Profile 更新任务...
2026-07-22 22:07:01.705 | INFO     | N/A | ⏳ 等待 Profile 更新任务...
2026-07-22 22:07:06.731 | INFO     | N/A | ⏳ 等待 Profile 更新任务...
2026-07-22 22:07:11.825 | INFO     | N/A | ⏳ 等待 Profile 更新任务...
2026-07-22 22:07:16.850 | INFO     | N/A | ⏳ 等待 Profile 更新任务...
2026-07-22 22:07:21.879 | INFO     | N/A | ⏳ 等待 Profile 更新任务...
2026-07-22 22:07:26.907 | INFO     | N/A | ⏳ 等待 Profile 更新任务...
2026-07-22 22:07:31.938 | INFO     | N/A | ⏳ 等待 Profile 更新任务...
2026-07-22 22:07:36.962 | INFO     | N/A | ⏳ 等待 Profile 更新任务...
2026-07-22 22:07:41.989 | INFO     | N/A | ⏳ 等待 Profile 更新任务...
2026-07-22 22:07:47.016 | INFO     | N/A | ⏳ 等待 Profile 更新任务...
2026-07-22 22:07:52.042 | INFO     | N/A | ⏳ 等待 Profile 更新任务...
2026-07-22 22:07:57.067 | INFO     | N/A | ⏳ 等待 Profile 更新任务...
2026-07-22 22:08:02.096 | INFO     | N/A | ⏳ 等待 Profile 更新任务...
2026-07-22 22:08:07.122 | INFO     | N/A | ⏳ 等待 Profile 更新任务...
2026-07-22 22:08:12.150 | INFO     | N/A | ⏳ 等待 Profile 更新任务...
2026-07-22 22:08:17.176 | INFO     | N/A | ⏳ 等待 Profile 更新任务...
2026-07-22 22:08:22.202 | INFO     | N/A | ⏳ 等待 Profile 更新任务...
2026-07-22 22:08:27.227 | INFO     | N/A | ⏳ 等待 Profile 更新任务...
2026-07-22 22:08:32.257 | INFO     | N/A | ⏳ 等待 Profile 更新任务...
2026-07-22 22:08:37.281 | INFO     | N/A | ⏳ 等待 Profile 更新任务...
2026-07-22 22:08:42.307 | INFO     | N/A | ⏳ 等待 Profile 更新任务...
2026-07-22 22:08:47.336 | INFO     | N/A | ⏳ 等待 Profile 更新任务...
2026-07-22 22:08:52.364 | INFO     | N/A | ⏳ 等待 Profile 更新任务...
2026-07-22 22:08:57.390 | INFO     | N/A | ⏳ 等待 Profile 更新任务...
2026-07-22 22:09:02.418 | INFO     | N/A | ⏳ 等待 Profile 更新任务...
2026-07-22 22:09:07.445 | INFO     | N/A | ⏳ 等待 Profile 更新任务...
2026-07-22 22:09:12.469 | INFO     | N/A | ⏳ 等待 Profile 更新任务...
2026-07-22 22:09:17.497 | INFO     | N/A | ⏳ 等待 Profile 更新任务...
2026-07-22 22:09:22.524 | INFO     | N/A | ⏳ 等待 Profile 更新任务...
2026-07-22 22:09:27.551 | INFO     | N/A | ⏳ 等待 Profile 更新任务...
2026-07-22 22:09:32.578 | INFO     | N/A | ⏳ 等待 Profile 更新任务...
2026-07-22 22:09:37.598 | INFO     | N/A | ⏳ 等待 Profile 更新任务...
2026-07-22 22:09:42.624 | INFO     | N/A | ⏳ 等待 Profile 更新任务...
2026-07-22 22:09:47.653 | INFO     | N/A | ⏳ 等待 Profile 更新任务...
2026-07-22 22:09:52.682 | INFO     | N/A | ⏳ 等待 Profile 更新任务...
2026-07-22 22:09:57.708 | INFO     | N/A | ⏳ 等待 Profile 更新任务...
2026-07-22 22:10:02.735 | INFO     | N/A | ⏳ 等待 Profile 更新任务...
2026-07-22 22:10:07.764 | INFO     | N/A | ⏳ 等待 Profile 更新任务...
2026-07-22 22:10:12.791 | INFO     | N/A | ⏳ 等待 Profile 更新任务...
2026-07-22 22:10:17.817 | INFO     | N/A | ⏳ 等待 Profile 更新任务...
2026-07-22 22:10:22.844 | INFO     | N/A | ⏳ 等待 Profile 更新任务...
2026-07-22 22:10:27.883 | INFO     | N/A | ⏳ 等待 Profile 更新任务...
2026-07-22 22:10:32.910 | INFO     | N/A | ⏳ 等待 Profile 更新任务...
2026-07-22 22:10:37.935 | INFO     | N/A | ⏳ 等待 Profile 更新任务...
2026-07-22 22:10:42.958 | INFO     | N/A | ⏳ 等待 Profile 更新任务...
2026-07-22 22:10:47.985 | INFO     | N/A | ⏳ 等待 Profile 更新任务...
2026-07-22 22:10:53.009 | INFO     | N/A | ⏳ 等待 Profile 更新任务...
2026-07-22 22:10:58.034 | INFO     | N/A | ⏳ 等待 Profile 更新任务...
2026-07-22 22:11:03.066 | INFO     | N/A | ⏳ 等待 Profile 更新任务...
2026-07-22 22:11:08.091 | INFO     | N/A | ⏳ 等待 Profile 更新任务...
2026-07-22 22:11:13.114 | INFO     | N/A | ⏳ 等待 Profile 更新任务...
2026-07-22 22:11:18.160 | INFO     | N/A | ⏳ 等待 Profile 更新任务...
2026-07-22 22:11:23.186 | INFO     | N/A | ⏳ 等待 Profile 更新任务...
2026-07-22 22:11:28.211 | INFO     | N/A | ⏳ 等待 Profile 更新任务...
2026-07-22 22:11:33.238 | INFO     | N/A | ⏳ 等待 Profile 更新任务...
2026-07-22 22:11:38.262 | INFO     | N/A | ⏳ 等待 Profile 更新任务...
2026-07-22 22:11:43.288 | INFO     | N/A | ⏳ 等待 Profile 更新任务...
2026-07-22 22:11:48.317 | INFO     | N/A | ⏳ 等待 Profile 更新任务...
2026-07-22 22:11:53.340 | INFO     | N/A | ⏳ 等待 Profile 更新任务...
2026-07-22 22:11:58.365 | INFO     | N/A | ⏳ 等待 Profile 更新任务...
2026-07-22 22:12:03.392 | INFO     | N/A | ⏳ 等待 Profile 更新任务...
2026-07-22 22:12:08.415 | INFO     | N/A | ⏳ 等待 Profile 更新任务...
2026-07-22 22:12:13.439 | INFO     | N/A | ⏳ 等待 Profile 更新任务...
2026-07-22 22:12:18.463 | INFO     | N/A | ⏳ 等待 Profile 更新任务...
2026-07-22 22:12:23.488 | INFO     | N/A | ⏳ 等待 Profile 更新任务...
2026-07-22 22:12:28.511 | INFO     | N/A | ⏳ 等待 Profile 更新任务...
2026-07-22 22:12:33.537 | INFO     | N/A | ⏳ 等待 Profile 更新任务...
2026-07-22 22:12:38.562 | INFO     | N/A | ⏳ 等待 Profile 更新任务...
2026-07-22 22:12:43.590 | INFO     | N/A | ⏳ 等待 Profile 更新任务...
2026-07-22 22:12:48.614 | INFO     | N/A | ⏳ 等待 Profile 更新任务...
2026-07-22 22:12:53.619 | INFO     | N/A | ⏳ 等待 Profile 更新任务...
2026-07-22 22:12:58.641 | INFO     | N/A | ⏳ 等待 Profile 更新任务...
2026-07-22 22:13:03.666 | INFO     | N/A | ⏳ 等待 Profile 更新任务...
2026-07-22 22:13:08.691 | INFO     | N/A | ⏳ 等待 Profile 更新任务...
2026-07-22 22:13:13.720 | INFO     | N/A | ⏳ 等待 Profile 更新任务...
2026-07-22 22:13:18.742 | INFO     | N/A | ⏳ 等待 Profile 更新任务...
2026-07-22 22:13:23.766 | INFO     | N/A | ⏳ 等待 Profile 更新任务...
2026-07-22 22:13:28.792 | INFO     | N/A | ⏳ 等待 Profile 更新任务...
2026-07-22 22:13:33.826 | INFO     | N/A | ⏳ 等待 Profile 更新任务...
2026-07-22 22:13:38.851 | INFO     | N/A | ⏳ 等待 Profile 更新任务...
2026-07-22 22:13:43.877 | INFO     | N/A | ⏳ 等待 Profile 更新任务...
2026-07-22 22:13:48.926 | INFO     | N/A | ⏳ 等待 Profile 更新任务...
2026-07-22 22:13:53.949 | INFO     | N/A | ⏳ 等待 Profile 更新任务...
2026-07-22 22:13:58.971 | INFO     | N/A | ⏳ 等待 Profile 更新任务...
2026-07-22 22:14:03.996 | INFO     | N/A | ⏳ 等待 Profile 更新任务...
2026-07-22 22:14:09.026 | INFO     | N/A | ⏳ 等待 Profile 更新任务...
2026-07-22 22:14:14.058 | INFO     | N/A | ⏳ 等待 Profile 更新任务...
2026-07-22 22:14:19.080 | INFO     | N/A | ⏳ 等待 Profile 更新任务...
2026-07-22 22:14:24.106 | INFO     | N/A | ⏳ 等待 Profile 更新任务...
2026-07-22 22:14:29.130 | INFO     | N/A | ⏳ 等待 Profile 更新任务...
2026-07-22 22:14:34.157 | INFO     | N/A | ⏳ 等待 Profile 更新任务...
2026-07-22 22:14:39.181 | INFO     | N/A | ⏳ 等待 Profile 更新任务...
2026-07-22 22:14:44.205 | INFO     | N/A | ⏳ 等待 Profile 更新任务...
2026-07-22 22:14:49.230 | INFO     | N/A | ⏳ 等待 Profile 更新任务...
2026-07-22 22:14:54.275 | INFO     | N/A | ⏳ 等待 Profile 更新任务...
2026-07-22 22:14:59.298 | INFO     | N/A | ⏳ 等待 Profile 更新任务...
2026-07-22 22:15:04.323 | INFO     | N/A | ⏳ 等待 Profile 更新任务...
2026-07-22 22:15:09.346 | INFO     | N/A | ⏳ 等待 Profile 更新任务...
2026-07-22 22:15:14.370 | INFO     | N/A | ⏳ 等待 Profile 更新任务...
2026-07-22 22:15:19.394 | INFO     | N/A | ⏳ 等待 Profile 更新任务...
2026-07-22 22:15:24.417 | INFO     | N/A | ⏳ 等待 Profile 更新任务...
2026-07-22 22:15:29.440 | INFO     | N/A | ⏳ 等待 Profile 更新任务...
2026-07-22 22:15:34.466 | INFO     | N/A | ⏳ 等待 Profile 更新任务...
2026-07-22 22:15:39.490 | INFO     | N/A | ⏳ 等待 Profile 更新任务...
2026-07-22 22:15:44.516 | INFO     | N/A | ⏳ 等待 Profile 更新任务...
2026-07-22 22:15:49.540 | INFO     | N/A | ⏳ 等待 Profile 更新任务...
2026-07-22 22:15:54.564 | INFO     | N/A | ⏳ 等待 Profile 更新任务...
2026-07-22 22:15:59.588 | INFO     | N/A | ⏳ 等待 Profile 更新任务...
2026-07-22 22:16:04.614 | INFO     | N/A | ⏳ 等待 Profile 更新任务...
2026-07-22 22:16:09.641 | INFO     | N/A | ⏳ 等待 Profile 更新任务...
2026-07-22 22:16:14.664 | INFO     | N/A | ⏳ 等待 Profile 更新任务...
2026-07-22 22:16:19.688 | INFO     | N/A | ⏳ 等待 Profile 更新任务...
2026-07-22 22:16:24.714 | INFO     | N/A | ⏳ 等待 Profile 更新任务...
2026-07-22 22:16:29.739 | INFO     | N/A | ⏳ 等待 Profile 更新任务...
2026-07-22 22:16:34.766 | INFO     | N/A | ⏳ 等待 Profile 更新任务...
2026-07-22 22:16:39.791 | INFO     | N/A | ⏳ 等待 Profile 更新任务...
2026-07-22 22:16:44.821 | INFO     | N/A | ⏳ 等待 Profile 更新任务...
2026-07-22 22:16:49.872 | INFO     | N/A | ⏳ 等待 Profile 更新任务...
2026-07-22 22:16:54.895 | INFO     | N/A | ⏳ 等待 Profile 更新任务...
2026-07-22 22:16:59.964 | INFO     | N/A | ⏳ 等待 Profile 更新任务...
2026-07-22 22:17:04.990 | INFO     | N/A | ⏳ 等待 Profile 更新任务...
2026-07-22 22:17:10.018 | INFO     | N/A | ⏳ 等待 Profile 更新任务...
2026-07-22 22:17:15.043 | INFO     | N/A | ⏳ 等待 Profile 更新任务...
2026-07-22 22:17:20.068 | INFO     | N/A | ⏳ 等待 Profile 更新任务...
2026-07-22 22:17:25.097 | INFO     | N/A | ⏳ 等待 Profile 更新任务...
2026-07-22 22:17:30.122 | INFO     | N/A | ⏳ 等待 Profile 更新任务...
2026-07-22 22:17:35.147 | INFO     | N/A | ⏳ 等待 Profile 更新任务...
2026-07-22 22:17:40.172 | INFO     | N/A | ⏳ 等待 Profile 更新任务...
2026-07-22 22:17:45.195 | INFO     | N/A | ⏳ 等待 Profile 更新任务...
2026-07-22 22:17:50.225 | INFO     | N/A | ⏳ 等待 Profile 更新任务...
2026-07-22 22:17:55.250 | INFO     | N/A | ⏳ 等待 Profile 更新任务...
2026-07-22 22:18:00.277 | INFO     | N/A | ⏳ 等待 Profile 更新任务...
2026-07-22 22:18:05.302 | INFO     | N/A | ⏳ 等待 Profile 更新任务...
2026-07-22 22:18:10.331 | INFO     | N/A | ⏳ 等待 Profile 更新任务...
2026-07-22 22:18:15.401 | INFO     | N/A | ⏳ 等待 Profile 更新任务...
2026-07-22 22:18:20.427 | INFO     | N/A | ⏳ 等待 Profile 更新任务...
2026-07-22 22:18:25.453 | INFO     | N/A | ⏳ 等待 Profile 更新任务...
2026-07-22 22:18:30.481 | INFO     | N/A | ⏳ 等待 Profile 更新任务...
2026-07-22 22:18:35.504 | INFO     | N/A | ⏳ 等待 Profile 更新任务...
2026-07-22 22:18:40.530 | INFO     | N/A | ⏳ 等待 Profile 更新任务...
2026-07-22 22:18:45.554 | INFO     | N/A | ⏳ 等待 Profile 更新任务...
2026-07-22 22:18:50.581 | INFO     | N/A | ⏳ 等待 Profile 更新任务...
2026-07-22 22:18:55.608 | INFO     | N/A | ⏳ 等待 Profile 更新任务...
2026-07-22 22:19:00.630 | INFO     | N/A | ⏳ 等待 Profile 更新任务...
2026-07-22 22:19:05.654 | INFO     | N/A | ⏳ 等待 Profile 更新任务...
2026-07-22 22:19:10.701 | INFO     | N/A | ⏳ 等待 Profile 更新任务...
2026-07-22 22:19:15.724 | INFO     | N/A | ⏳ 等待 Profile 更新任务...
2026-07-22 22:19:20.752 | INFO     | N/A | ⏳ 等待 Profile 更新任务...
2026-07-22 22:19:25.777 | INFO     | N/A | ⏳ 等待 Profile 更新任务...
2026-07-22 22:19:30.841 | INFO     | N/A | ⏳ 等待 Profile 更新任务...
2026-07-22 22:19:35.867 | INFO     | N/A | ⏳ 等待 Profile 更新任务...
2026-07-22 22:19:40.953 | INFO     | N/A | ⏳ 等待 Profile 更新任务...
2026-07-22 22:19:45.981 | INFO     | N/A | ⏳ 等待 Profile 更新任务...
2026-07-22 22:19:51.061 | INFO     | N/A | ⏳ 等待 Profile 更新任务...
2026-07-22 22:19:56.084 | INFO     | N/A | ⏳ 等待 Profile 更新任务...
2026-07-22 22:20:01.110 | INFO     | N/A | ⏳ 等待 Profile 更新任务...
2026-07-22 22:20:06.138 | INFO     | N/A | ⏳ 等待 Profile 更新任务...
2026-07-22 22:20:11.162 | INFO     | N/A | ⏳ 等待 Profile 更新任务...
2026-07-22 22:20:16.187 | INFO     | N/A | ⏳ 等待 Profile 更新任务...
2026-07-22 22:20:21.212 | INFO     | N/A | ⏳ 等待 Profile 更新任务...
2026-07-22 22:20:26.237 | INFO     | N/A | ⏳ 等待 Profile 更新任务...
2026-07-22 22:20:31.264 | INFO     | N/A | ⏳ 等待 Profile 更新任务...
2026-07-22 22:20:36.291 | INFO     | N/A | ⏳ 等待 Profile 更新任务...
2026-07-22 22:20:41.349 | INFO     | N/A | ⏳ 等待 Profile 更新任务...
2026-07-22 22:20:46.378 | INFO     | N/A | ⏳ 等待 Profile 更新任务...
2026-07-22 22:20:51.403 | INFO     | N/A | ⏳ 等待 Profile 更新任务...
2026-07-22 22:20:56.436 | INFO     | N/A | ⏳ 等待 Profile 更新任务...
2026-07-22 22:21:01.488 | INFO     | N/A | ⏳ 等待 Profile 更新任务...
2026-07-22 22:21:06.514 | INFO     | N/A | ⏳ 等待 Profile 更新任务...
2026-07-22 22:21:11.540 | INFO     | N/A | ⏳ 等待 Profile 更新任务...
2026-07-22 22:21:16.571 | INFO     | N/A | ⏳ 等待 Profile 更新任务...
2026-07-22 22:21:21.594 | INFO     | N/A | ⏳ 等待 Profile 更新任务...
2026-07-22 22:21:26.620 | INFO     | N/A | ⏳ 等待 Profile 更新任务...
2026-07-22 22:21:31.643 | INFO     | N/A | ⏳ 等待 Profile 更新任务...
2026-07-22 22:21:36.672 | INFO     | N/A | ⏳ 等待 Profile 更新任务...
2026-07-22 22:21:41.697 | INFO     | N/A | ⏳ 等待 Profile 更新任务...
2026-07-22 22:21:46.721 | INFO     | N/A | ⏳ 等待 Profile 更新任务...
2026-07-22 22:21:51.744 | INFO     | N/A | ⏳ 等待 Profile 更新任务...
2026-07-22 22:21:56.770 | INFO     | N/A | ⏳ 等待 Profile 更新任务...
2026-07-22 22:22:01.795 | INFO     | N/A | ⏳ 等待 Profile 更新任务...
2026-07-22 22:22:06.824 | INFO     | N/A | ⏳ 等待 Profile 更新任务...
2026-07-22 22:22:11.849 | INFO     | N/A | ⏳ 等待 Profile 更新任务...
2026-07-22 22:22:16.873 | INFO     | N/A | ⏳ 等待 Profile 更新任务...
2026-07-22 22:22:21.948 | INFO     | N/A | ⏳ 等待 Profile 更新任务...
2026-07-22 22:22:26.972 | INFO     | N/A | ⏳ 等待 Profile 更新任务...
2026-07-22 22:22:31.998 | INFO     | N/A | ⏳ 等待 Profile 更新任务...
2026-07-22 22:22:37.022 | INFO     | N/A | ⏳ 等待 Profile 更新任务...
2026-07-22 22:22:42.046 | INFO     | N/A | ⏳ 等待 Profile 更新任务...
2026-07-22 22:22:47.071 | INFO     | N/A | ⏳ 等待 Profile 更新任务...
2026-07-22 22:22:52.098 | INFO     | N/A | ⏳ 等待 Profile 更新任务...
2026-07-22 22:22:57.121 | INFO     | N/A | ⏳ 等待 Profile 更新任务...
2026-07-22 22:23:02.148 | INFO     | N/A | ⏳ 等待 Profile 更新任务...
2026-07-22 22:23:07.178 | INFO     | N/A | ⏳ 等待 Profile 更新任务...
2026-07-22 22:23:12.202 | INFO     | N/A | ⏳ 等待 Profile 更新任务...
2026-07-22 22:23:17.229 | INFO     | N/A | ⏳ 等待 Profile 更新任务...
2026-07-22 22:23:22.245 | INFO     | N/A | ⏳ 等待 Profile 更新任务...
2026-07-22 22:23:27.269 | INFO     | N/A | ⏳ 等待 Profile 更新任务...
2026-07-22 22:23:32.325 | INFO     | N/A | ⏳ 等待 Profile 更新任务...
2026-07-22 22:23:37.349 | INFO     | N/A | ⏳ 等待 Profile 更新任务...
2026-07-22 22:23:42.379 | INFO     | N/A | ⏳ 等待 Profile 更新任务...
2026-07-22 22:23:47.401 | INFO     | N/A | ⏳ 等待 Profile 更新任务...
2026-07-22 22:23:52.486 | INFO     | N/A | ⏳ 等待 Profile 更新任务...
2026-07-22 22:23:57.552 | INFO     | N/A | ⏳ 等待 Profile 更新任务...
2026-07-22 22:24:02.575 | INFO     | N/A | ⏳ 等待 Profile 更新任务...
2026-07-22 22:24:07.600 | INFO     | N/A | ⏳ 等待 Profile 更新任务...
2026-07-22 22:24:12.623 | INFO     | N/A | ⏳ 等待 Profile 更新任务...
2026-07-22 22:24:17.644 | INFO     | N/A | ⏳ 等待 Profile 更新任务...
2026-07-22 22:24:22.670 | INFO     | N/A | ⏳ 等待 Profile 更新任务...
2026-07-22 22:24:27.695 | INFO     | N/A | ⏳ 等待 Profile 更新任务...
2026-07-22 22:24:32.733 | INFO     | N/A | ⏳ 等待 Profile 更新任务...
2026-07-22 22:24:37.762 | INFO     | N/A | ⏳ 等待 Profile 更新任务...
2026-07-22 22:24:42.785 | INFO     | N/A | ⏳ 等待 Profile 更新任务...
2026-07-22 22:24:47.808 | INFO     | N/A | ⏳ 等待 Profile 更新任务...
2026-07-22 22:24:52.830 | INFO     | N/A | ⏳ 等待 Profile 更新任务...
2026-07-22 22:24:57.864 | INFO     | N/A | ⏳ 等待 Profile 更新任务...
2026-07-22 22:25:02.891 | INFO     | N/A | ⏳ 等待 Profile 更新任务...
2026-07-22 22:25:07.916 | INFO     | N/A | ⏳ 等待 Profile 更新任务...
2026-07-22 22:25:12.942 | INFO     | N/A | ⏳ 等待 Profile 更新任务...
2026-07-22 22:25:17.966 | INFO     | N/A | ⏳ 等待 Profile 更新任务...
2026-07-22 22:25:22.989 | INFO     | N/A | ⏳ 等待 Profile 更新任务...
2026-07-22 22:25:28.017 | INFO     | N/A | ⏳ 等待 Profile 更新任务...
2026-07-22 22:25:33.044 | INFO     | N/A | ⏳ 等待 Profile 更新任务...
2026-07-22 22:25:38.071 | INFO     | N/A | ⏳ 等待 Profile 更新任务...
2026-07-22 22:25:43.094 | INFO     | N/A | ⏳ 等待 Profile 更新任务...
2026-07-22 22:25:48.122 | INFO     | N/A | ⏳ 等待 Profile 更新任务...
2026-07-22 22:25:53.145 | INFO     | N/A | ⏳ 等待 Profile 更新任务...
2026-07-22 22:25:58.169 | INFO     | N/A | ⏳ 等待 Profile 更新任务...
2026-07-22 22:26:03.192 | INFO     | N/A | ⏳ 等待 Profile 更新任务...
2026-07-22 22:26:08.218 | INFO     | N/A | ⏳ 等待 Profile 更新任务...
2026-07-22 22:26:13.243 | INFO     | N/A | ⏳ 等待 Profile 更新任务...
2026-07-22 22:26:18.270 | INFO     | N/A | ⏳ 等待 Profile 更新任务...
2026-07-22 22:26:23.292 | INFO     | N/A | ⏳ 等待 Profile 更新任务...
2026-07-22 22:26:28.315 | INFO     | N/A | ⏳ 等待 Profile 更新任务...
2026-07-22 22:26:33.340 | INFO     | N/A | ⏳ 等待 Profile 更新任务...
2026-07-22 22:26:38.366 | INFO     | N/A | ⏳ 等待 Profile 更新任务...
2026-07-22 22:26:43.389 | INFO     | N/A | ⏳ 等待 Profile 更新任务...
2026-07-22 22:26:48.414 | INFO     | N/A | ⏳ 等待 Profile 更新任务...
2026-07-22 22:26:53.437 | INFO     | N/A | ⏳ 等待 Profile 更新任务...
2026-07-22 22:26:58.476 | INFO     | N/A | ⏳ 等待 Profile 更新任务...
2026-07-22 22:27:03.499 | INFO     | N/A | ⏳ 等待 Profile 更新任务...
2026-07-22 22:27:08.560 | INFO     | N/A | ⏳ 等待 Profile 更新任务...
2026-07-22 22:27:13.587 | INFO     | N/A | ⏳ 等待 Profile 更新任务...
2026-07-22 22:27:18.614 | INFO     | N/A | ⏳ 等待 Profile 更新任务...
2026-07-22 22:27:23.639 | INFO     | N/A | ⏳ 等待 Profile 更新任务...
2026-07-22 22:27:28.661 | INFO     | N/A | ⏳ 等待 Profile 更新任务...
2026-07-22 22:27:33.689 | INFO     | N/A | ⏳ 等待 Profile 更新任务...
2026-07-22 22:27:38.716 | INFO     | N/A | ⏳ 等待 Profile 更新任务...
2026-07-22 22:27:43.742 | INFO     | N/A | ⏳ 等待 Profile 更新任务...
2026-07-22 22:27:48.766 | INFO     | N/A | ⏳ 等待 Profile 更新任务...
2026-07-22 22:27:53.791 | INFO     | N/A | ⏳ 等待 Profile 更新任务...
2026-07-22 22:27:58.815 | INFO     | N/A | ⏳ 等待 Profile 更新任务...
2026-07-22 22:28:03.842 | INFO     | N/A | ⏳ 等待 Profile 更新任务...
2026-07-22 22:28:08.869 | INFO     | N/A | ⏳ 等待 Profile 更新任务...
2026-07-22 22:28:13.896 | INFO     | N/A | ⏳ 等待 Profile 更新任务...
2026-07-22 22:28:18.919 | INFO     | N/A | ⏳ 等待 Profile 更新任务...
2026-07-22 22:28:23.947 | INFO     | N/A | ⏳ 等待 Profile 更新任务...
2026-07-22 22:28:28.974 | INFO     | N/A | ⏳ 等待 Profile 更新任务...
2026-07-22 22:28:34.002 | INFO     | N/A | ⏳ 等待 Profile 更新任务...
2026-07-22 22:28:39.031 | INFO     | N/A | ⏳ 等待 Profile 更新任务...
2026-07-22 22:28:44.057 | INFO     | N/A | ⏳ 等待 Profile 更新任务...
2026-07-22 22:28:49.085 | INFO     | N/A | ⏳ 等待 Profile 更新任务...
2026-07-22 22:28:54.180 | INFO     | N/A | ⏳ 等待 Profile 更新任务...
2026-07-22 22:28:59.206 | INFO     | N/A | ⏳ 等待 Profile 更新任务...
2026-07-22 22:29:04.234 | INFO     | N/A | ⏳ 等待 Profile 更新任务...
2026-07-22 22:29:09.260 | INFO     | N/A | ⏳ 等待 Profile 更新任务...
2026-07-22 22:29:14.287 | INFO     | N/A | ⏳ 等待 Profile 更新任务...
2026-07-22 22:29:19.314 | INFO     | N/A | ⏳ 等待 Profile 更新任务...
2026-07-22 22:29:24.341 | INFO     | N/A | ⏳ 等待 Profile 更新任务...
2026-07-22 22:29:29.368 | INFO     | N/A | ⏳ 等待 Profile 更新任务...
2026-07-22 22:29:34.395 | INFO     | N/A | ⏳ 等待 Profile 更新任务...
2026-07-22 22:29:39.422 | INFO     | N/A | ⏳ 等待 Profile 更新任务...
2026-07-22 22:29:44.445 | INFO     | N/A | ⏳ 等待 Profile 更新任务...
2026-07-22 22:29:49.471 | INFO     | N/A | ⏳ 等待 Profile 更新任务...
2026-07-22 22:29:54.496 | INFO     | N/A | ⏳ 等待 Profile 更新任务...
2026-07-22 22:29:59.522 | INFO     | N/A | ⏳ 等待 Profile 更新任务...
2026-07-22 22:30:04.551 | INFO     | N/A | ⏳ 等待 Profile 更新任务...
2026-07-22 22:30:09.574 | INFO     | N/A | ⏳ 等待 Profile 更新任务...
2026-07-22 22:30:14.602 | INFO     | N/A | ⏳ 等待 Profile 更新任务...
2026-07-22 22:30:19.623 | INFO     | N/A | ⏳ 等待 Profile 更新任务...
2026-07-22 22:30:24.646 | INFO     | N/A | ⏳ 等待 Profile 更新任务...
2026-07-22 22:30:29.669 | INFO     | N/A | ⏳ 等待 Profile 更新任务...
2026-07-22 22:30:34.694 | INFO     | N/A | ⏳ 等待 Profile 更新任务...
2026-07-22 22:30:39.717 | INFO     | N/A | ⏳ 等待 Profile 更新任务...
2026-07-22 22:30:44.742 | INFO     | N/A | ⏳ 等待 Profile 更新任务...
2026-07-22 22:30:49.768 | INFO     | N/A | ⏳ 等待 Profile 更新任务...
2026-07-22 22:30:54.806 | INFO     | N/A | ⏳ 等待 Profile 更新任务...
2026-07-22 22:30:59.831 | INFO     | N/A | ⏳ 等待 Profile 更新任务...
2026-07-22 22:31:04.861 | INFO     | N/A | ⏳ 等待 Profile 更新任务...
2026-07-22 22:31:09.886 | INFO     | N/A | ⏳ 等待 Profile 更新任务...
2026-07-22 22:31:14.910 | INFO     | N/A | ⏳ 等待 Profile 更新任务...
2026-07-22 22:31:19.961 | INFO     | N/A | ⏳ 等待 Profile 更新任务...
2026-07-22 22:31:24.988 | INFO     | N/A | ⏳ 等待 Profile 更新任务...
2026-07-22 22:31:30.012 | INFO     | N/A | ⏳ 等待 Profile 更新任务...
2026-07-22 22:31:35.040 | INFO     | N/A | ⏳ 等待 Profile 更新任务...
2026-07-22 22:31:40.068 | INFO     | N/A | ⏳ 等待 Profile 更新任务...
2026-07-22 22:31:45.096 | INFO     | N/A | ⏳ 等待 Profile 更新任务...
2026-07-22 22:31:50.129 | INFO     | N/A | ⏳ 等待 Profile 更新任务...
2026-07-22 22:31:55.155 | INFO     | N/A | ⏳ 等待 Profile 更新任务...
2026-07-22 22:32:00.182 | INFO     | N/A | ⏳ 等待 Profile 更新任务...
2026-07-22 22:32:05.210 | INFO     | N/A | ⏳ 等待 Profile 更新任务...
2026-07-22 22:32:10.239 | INFO     | N/A | ⏳ 等待 Profile 更新任务...
2026-07-22 22:32:15.266 | INFO     | N/A | ⏳ 等待 Profile 更新任务...
2026-07-22 22:32:20.328 | INFO     | N/A | ⏳ 等待 Profile 更新任务...
2026-07-22 22:32:25.354 | INFO     | N/A | ⏳ 等待 Profile 更新任务...
2026-07-22 22:32:30.380 | INFO     | N/A | ⏳ 等待 Profile 更新任务...
2026-07-22 22:32:35.409 | INFO     | N/A | ⏳ 等待 Profile 更新任务...
2026-07-22 22:32:40.437 | INFO     | N/A | ⏳ 等待 Profile 更新任务...
2026-07-22 22:32:45.461 | INFO     | N/A | ⏳ 等待 Profile 更新任务...
2026-07-22 22:32:50.485 | INFO     | N/A | ⏳ 等待 Profile 更新任务...
2026-07-22 22:32:55.514 | INFO     | N/A | ⏳ 等待 Profile 更新任务...
2026-07-22 22:33:00.540 | INFO     | N/A | ⏳ 等待 Profile 更新任务...
2026-07-22 22:33:05.608 | INFO     | N/A | ⏳ 等待 Profile 更新任务...
2026-07-22 22:33:10.635 | INFO     | N/A | ⏳ 等待 Profile 更新任务...
2026-07-22 22:33:15.660 | INFO     | N/A | ⏳ 等待 Profile 更新任务...
2026-07-22 22:33:20.687 | INFO     | N/A | ⏳ 等待 Profile 更新任务...
2026-07-22 22:33:25.712 | INFO     | N/A | ⏳ 等待 Profile 更新任务...
2026-07-22 22:33:30.736 | INFO     | N/A | ⏳ 等待 Profile 更新任务...
2026-07-22 22:33:35.760 | INFO     | N/A | ⏳ 等待 Profile 更新任务...
2026-07-22 22:33:40.785 | INFO     | N/A | ⏳ 等待 Profile 更新任务...
2026-07-22 22:33:45.810 | INFO     | N/A | ⏳ 等待 Profile 更新任务...
2026-07-22 22:33:50.836 | INFO     | N/A | ⏳ 等待 Profile 更新任务...
2026-07-22 22:33:55.861 | INFO     | N/A | ⏳ 等待 Profile 更新任务...
2026-07-22 22:34:00.886 | INFO     | N/A | ⏳ 等待 Profile 更新任务...
2026-07-22 22:34:05.979 | INFO     | N/A | ⏳ 等待 Profile 更新任务...
2026-07-22 22:34:11.003 | INFO     | N/A | ⏳ 等待 Profile 更新任务...
2026-07-22 22:34:16.029 | INFO     | N/A | ⏳ 等待 Profile 更新任务...
2026-07-22 22:34:21.053 | INFO     | N/A | ⏳ 等待 Profile 更新任务...
2026-07-22 22:34:26.075 | INFO     | N/A | ⏳ 等待 Profile 更新任务...
2026-07-22 22:34:31.097 | INFO     | N/A | ⏳ 等待 Profile 更新任务...
2026-07-22 22:34:36.122 | INFO     | N/A | ⏳ 等待 Profile 更新任务...
2026-07-22 22:34:41.145 | INFO     | N/A | ⏳ 等待 Profile 更新任务...
2026-07-22 22:34:46.171 | INFO     | N/A | ⏳ 等待 Profile 更新任务...
2026-07-22 22:34:51.196 | INFO     | N/A | ⏳ 等待 Profile 更新任务...
2026-07-22 22:34:56.221 | INFO     | N/A | ⏳ 等待 Profile 更新任务...
2026-07-22 22:35:01.248 | INFO     | N/A | ⏳ 等待 Profile 更新任务...
2026-07-22 22:35:06.273 | INFO     | N/A | ⏳ 等待 Profile 更新任务...
2026-07-22 22:35:11.310 | INFO     | N/A | ⏳ 等待 Profile 更新任务...
2026-07-22 22:35:16.353 | INFO     | N/A | ⏳ 等待 Profile 更新任务...
2026-07-22 22:35:21.402 | INFO     | N/A | ⏳ 等待 Profile 更新任务...
2026-07-22 22:35:26.448 | INFO     | N/A | ⏳ 等待 Profile 更新任务...
2026-07-22 22:35:31.472 | INFO     | N/A | ⏳ 等待 Profile 更新任务...
2026-07-22 22:35:36.519 | INFO     | N/A | ⏳ 等待 Profile 更新任务...
2026-07-22 22:35:41.544 | INFO     | N/A | ⏳ 等待 Profile 更新任务...
2026-07-22 22:35:46.572 | INFO     | N/A | ⏳ 等待 Profile 更新任务...
2026-07-22 22:35:51.598 | INFO     | N/A | ⏳ 等待 Profile 更新任务...
2026-07-22 22:35:56.626 | INFO     | N/A | ⏳ 等待 Profile 更新任务...
2026-07-22 22:36:01.652 | INFO     | N/A | ⏳ 等待 Profile 更新任务...
2026-07-22 22:36:06.681 | INFO     | N/A | ⏳ 等待 Profile 更新任务...
2026-07-22 22:36:11.709 | INFO     | N/A | ⏳ 等待 Profile 更新任务...
2026-07-22 22:36:16.735 | INFO     | N/A | ⏳ 等待 Profile 更新任务...
2026-07-22 22:36:21.761 | INFO     | N/A | ⏳ 等待 Profile 更新任务...
2026-07-22 22:36:26.787 | INFO     | N/A | ⏳ 等待 Profile 更新任务...
2026-07-22 22:36:31.851 | INFO     | N/A | ⏳ 等待 Profile 更新任务...
2026-07-22 22:36:36.876 | INFO     | N/A | ⏳ 等待 Profile 更新任务...
2026-07-22 22:36:41.902 | INFO     | N/A | ⏳ 等待 Profile 更新任务...
2026-07-22 22:36:46.926 | INFO     | N/A | ⏳ 等待 Profile 更新任务...
2026-07-22 22:36:51.948 | INFO     | N/A | ⏳ 等待 Profile 更新任务...
2026-07-22 22:36:56.975 | INFO     | N/A | ⏳ 等待 Profile 更新任务...
2026-07-22 22:37:02.001 | INFO     | N/A | ⏳ 等待 Profile 更新任务...
2026-07-22 22:37:07.028 | INFO     | N/A | ⏳ 等待 Profile 更新任务...
2026-07-22 22:37:12.056 | INFO     | N/A | ⏳ 等待 Profile 更新任务...
2026-07-22 22:37:17.081 | INFO     | N/A | ⏳ 等待 Profile 更新任务...
2026-07-22 22:37:22.107 | INFO     | N/A | ⏳ 等待 Profile 更新任务...
2026-07-22 22:37:27.134 | INFO     | N/A | ⏳ 等待 Profile 更新任务...
2026-07-22 22:37:32.185 | INFO     | N/A | ⏳ 等待 Profile 更新任务...
2026-07-22 22:37:37.214 | INFO     | N/A | ⏳ 等待 Profile 更新任务...
2026-07-22 22:37:42.250 | INFO     | N/A | ⏳ 等待 Profile 更新任务...
2026-07-22 22:37:47.278 | INFO     | N/A | ⏳ 等待 Profile 更新任务...
2026-07-22 22:37:52.304 | INFO     | N/A | ⏳ 等待 Profile 更新任务...
2026-07-22 22:37:57.328 | INFO     | N/A | ⏳ 等待 Profile 更新任务...
2026-07-22 22:38:02.354 | INFO     | N/A | ⏳ 等待 Profile 更新任务...
2026-07-22 22:38:07.381 | INFO     | N/A | ⏳ 等待 Profile 更新任务...
2026-07-22 22:38:12.409 | INFO     | N/A | ⏳ 等待 Profile 更新任务...
2026-07-22 22:38:17.432 | INFO     | N/A | ⏳ 等待 Profile 更新任务...
2026-07-22 22:38:22.459 | INFO     | N/A | ⏳ 等待 Profile 更新任务...
2026-07-22 22:38:27.483 | INFO     | N/A | ⏳ 等待 Profile 更新任务...
2026-07-22 22:38:32.507 | INFO     | N/A | ⏳ 等待 Profile 更新任务...
2026-07-22 22:38:37.531 | INFO     | N/A | ⏳ 等待 Profile 更新任务...
2026-07-22 22:38:42.557 | INFO     | N/A | ⏳ 等待 Profile 更新任务...
2026-07-22 22:38:47.581 | INFO     | N/A | ⏳ 等待 Profile 更新任务...
2026-07-22 22:38:52.604 | INFO     | N/A | ⏳ 等待 Profile 更新任务...
2026-07-22 22:38:57.627 | INFO     | N/A | ⏳ 等待 Profile 更新任务...
2026-07-22 22:39:02.652 | INFO     | N/A | ⏳ 等待 Profile 更新任务...
2026-07-22 22:39:07.678 | INFO     | N/A | ⏳ 等待 Profile 更新任务...
2026-07-22 22:39:12.702 | INFO     | N/A | ⏳ 等待 Profile 更新任务...
2026-07-22 22:39:17.728 | INFO     | N/A | ⏳ 等待 Profile 更新任务...
2026-07-22 22:39:22.750 | INFO     | N/A | ⏳ 等待 Profile 更新任务...
2026-07-22 22:39:27.777 | INFO     | N/A | ⏳ 等待 Profile 更新任务...
2026-07-22 22:39:32.803 | INFO     | N/A | ⏳ 等待 Profile 更新任务...
2026-07-22 22:39:37.829 | INFO     | N/A | ⏳ 等待 Profile 更新任务...
2026-07-22 22:39:42.854 | INFO     | N/A | ⏳ 等待 Profile 更新任务...
2026-07-22 22:39:47.880 | INFO     | N/A | ⏳ 等待 Profile 更新任务...
2026-07-22 22:39:52.906 | INFO     | N/A | ⏳ 等待 Profile 更新任务...
2026-07-22 22:39:57.932 | INFO     | N/A | ⏳ 等待 Profile 更新任务...
2026-07-22 22:40:02.958 | INFO     | N/A | ⏳ 等待 Profile 更新任务...
2026-07-22 22:40:07.982 | INFO     | N/A | ⏳ 等待 Profile 更新任务...
2026-07-22 22:40:13.008 | INFO     | N/A | ⏳ 等待 Profile 更新任务...
2026-07-22 22:40:18.035 | INFO     | N/A | ⏳ 等待 Profile 更新任务...
2026-07-22 22:40:23.061 | INFO     | N/A | ⏳ 等待 Profile 更新任务...
2026-07-22 22:40:28.088 | INFO     | N/A | ⏳ 等待 Profile 更新任务...
2026-07-22 22:40:33.116 | INFO     | N/A | ⏳ 等待 Profile 更新任务...
2026-07-22 22:40:38.142 | INFO     | N/A | ⏳ 等待 Profile 更新任务...
2026-07-22 22:40:43.168 | INFO     | N/A | ⏳ 等待 Profile 更新任务...
2026-07-22 22:40:48.194 | INFO     | N/A | ⏳ 等待 Profile 更新任务...
2026-07-22 22:40:53.219 | INFO     | N/A | ⏳ 等待 Profile 更新任务...
2026-07-22 22:40:58.246 | INFO     | N/A | ⏳ 等待 Profile 更新任务...
2026-07-22 22:41:03.255 | INFO     | N/A | ⏳ 等待 Profile 更新任务...
2026-07-22 22:41:08.296 | INFO     | N/A | ⏳ 等待 Profile 更新任务...
2026-07-22 22:41:13.320 | INFO     | N/A | ⏳ 等待 Profile 更新任务...
2026-07-22 22:41:18.344 | INFO     | N/A | ⏳ 等待 Profile 更新任务...
2026-07-22 22:41:23.409 | INFO     | N/A | ⏳ 等待 Profile 更新任务...
2026-07-22 22:41:28.435 | INFO     | N/A | ⏳ 等待 Profile 更新任务...
2026-07-22 22:41:33.461 | INFO     | N/A | ⏳ 等待 Profile 更新任务...
2026-07-22 22:41:38.487 | INFO     | N/A | ⏳ 等待 Profile 更新任务...
2026-07-22 22:41:43.512 | INFO     | N/A | ⏳ 等待 Profile 更新任务...
2026-07-22 22:41:48.542 | INFO     | N/A | ⏳ 等待 Profile 更新任务...
2026-07-22 22:41:53.569 | INFO     | N/A | ⏳ 等待 Profile 更新任务...
2026-07-22 22:41:58.594 | INFO     | N/A | ⏳ 等待 Profile 更新任务...
2026-07-22 22:42:03.619 | INFO     | N/A | ⏳ 等待 Profile 更新任务...
2026-07-22 22:42:08.644 | INFO     | N/A | ⏳ 等待 Profile 更新任务...
2026-07-22 22:42:13.667 | INFO     | N/A | ⏳ 等待 Profile 更新任务...
2026-07-22 22:42:18.689 | INFO     | N/A | ⏳ 等待 Profile 更新任务...
2026-07-22 22:42:23.713 | INFO     | N/A | ⏳ 等待 Profile 更新任务...
2026-07-22 22:42:28.739 | INFO     | N/A | ⏳ 等待 Profile 更新任务...
2026-07-22 22:42:33.763 | INFO     | N/A | ⏳ 等待 Profile 更新任务...
2026-07-22 22:42:38.791 | INFO     | N/A | ⏳ 等待 Profile 更新任务...
2026-07-22 22:42:43.812 | INFO     | N/A | ⏳ 等待 Profile 更新任务...
2026-07-22 22:42:48.889 | INFO     | N/A | ⏳ 等待 Profile 更新任务...
2026-07-22 22:42:53.917 | INFO     | N/A | ⏳ 等待 Profile 更新任务...
2026-07-22 22:42:58.941 | INFO     | N/A | ⏳ 等待 Profile 更新任务...
2026-07-22 22:43:03.956 | INFO     | N/A | ⏳ 等待 Profile 更新任务...
2026-07-22 22:43:08.982 | INFO     | N/A | ⏳ 等待 Profile 更新任务...
2026-07-22 22:43:14.008 | INFO     | N/A | ⏳ 等待 Profile 更新任务...
2026-07-22 22:43:19.036 | INFO     | N/A | ⏳ 等待 Profile 更新任务...
2026-07-22 22:43:24.063 | INFO     | N/A | ⏳ 等待 Profile 更新任务...
2026-07-22 22:43:29.090 | INFO     | N/A | ⏳ 等待 Profile 更新任务...
2026-07-22 22:43:34.115 | INFO     | N/A | ⏳ 等待 Profile 更新任务...
2026-07-22 22:43:39.141 | INFO     | N/A | ⏳ 等待 Profile 更新任务...
2026-07-22 22:43:44.219 | INFO     | N/A | ⏳ 等待 Profile 更新任务...
2026-07-22 22:43:49.245 | INFO     | N/A | ⏳ 等待 Profile 更新任务...
2026-07-22 22:43:54.270 | INFO     | N/A | ⏳ 等待 Profile 更新任务...
2026-07-22 22:43:59.296 | INFO     | N/A | ⏳ 等待 Profile 更新任务...
2026-07-22 22:44:04.328 | INFO     | N/A | ⏳ 等待 Profile 更新任务...
2026-07-22 22:44:09.356 | INFO     | N/A | ⏳ 等待 Profile 更新任务...
2026-07-22 22:44:14.407 | INFO     | N/A | ⏳ 等待 Profile 更新任务...
2026-07-22 22:44:19.435 | INFO     | N/A | ⏳ 等待 Profile 更新任务...
2026-07-22 22:44:24.457 | INFO     | N/A | ⏳ 等待 Profile 更新任务...
2026-07-22 22:44:29.484 | INFO     | N/A | ⏳ 等待 Profile 更新任务...
2026-07-22 22:44:34.526 | INFO     | N/A | ⏳ 等待 Profile 更新任务...
2026-07-22 22:44:39.552 | INFO     | N/A | ⏳ 等待 Profile 更新任务...
2026-07-22 22:44:44.580 | INFO     | N/A | ⏳ 等待 Profile 更新任务...
2026-07-22 22:44:49.608 | INFO     | N/A | ⏳ 等待 Profile 更新任务...
2026-07-22 22:44:54.634 | INFO     | N/A | ⏳ 等待 Profile 更新任务...
2026-07-22 22:44:59.659 | INFO     | N/A | ⏳ 等待 Profile 更新任务...
2026-07-22 22:45:04.685 | INFO     | N/A | ⏳ 等待 Profile 更新任务...
2026-07-22 22:45:09.711 | INFO     | N/A | ⏳ 等待 Profile 更新任务...
2026-07-22 22:45:14.739 | INFO     | N/A | ⏳ 等待 Profile 更新任务...
2026-07-22 22:45:19.766 | INFO     | N/A | ⏳ 等待 Profile 更新任务...
2026-07-22 22:45:24.793 | INFO     | N/A | ⏳ 等待 Profile 更新任务...
2026-07-22 22:45:29.822 | INFO     | N/A | ⏳ 等待 Profile 更新任务...
2026-07-22 22:45:34.848 | INFO     | N/A | ⏳ 等待 Profile 更新任务...
2026-07-22 22:45:39.872 | INFO     | N/A | ⏳ 等待 Profile 更新任务...
2026-07-22 22:45:44.897 | INFO     | N/A | ⏳ 等待 Profile 更新任务...
2026-07-22 22:45:49.924 | INFO     | N/A | ⏳ 等待 Profile 更新任务...
2026-07-22 22:45:54.951 | INFO     | N/A | ⏳ 等待 Profile 更新任务...
2026-07-22 22:45:59.976 | INFO     | N/A | ⏳ 等待 Profile 更新任务...
2026-07-22 22:46:04.999 | INFO     | N/A | ⏳ 等待 Profile 更新任务...
2026-07-22 22:46:10.026 | INFO     | N/A | ⏳ 等待 Profile 更新任务...
2026-07-22 22:46:15.074 | INFO     | N/A | ⏳ 等待 Profile 更新任务...
2026-07-22 22:46:20.102 | INFO     | N/A | ⏳ 等待 Profile 更新任务...
2026-07-22 22:46:25.197 | INFO     | N/A | ⏳ 等待 Profile 更新任务...
2026-07-22 22:46:30.225 | INFO     | N/A | ⏳ 等待 Profile 更新任务...
2026-07-22 22:46:35.249 | INFO     | N/A | ⏳ 等待 Profile 更新任务...
2026-07-22 22:46:40.276 | INFO     | N/A | ⏳ 等待 Profile 更新任务...
2026-07-22 22:46:45.302 | INFO     | N/A | ⏳ 等待 Profile 更新任务...
2026-07-22 22:46:50.328 | INFO     | N/A | ⏳ 等待 Profile 更新任务...
2026-07-22 22:46:55.355 | INFO     | N/A | ⏳ 等待 Profile 更新任务...
2026-07-22 22:47:00.380 | INFO     | N/A | ⏳ 等待 Profile 更新任务...
2026-07-22 22:47:05.407 | INFO     | N/A | ⏳ 等待 Profile 更新任务...
2026-07-22 22:47:10.438 | INFO     | N/A | ⏳ 等待 Profile 更新任务...
2026-07-22 22:47:15.464 | INFO     | N/A | ⏳ 等待 Profile 更新任务...
2026-07-22 22:47:20.487 | INFO     | N/A | ⏳ 等待 Profile 更新任务...
2026-07-22 22:47:25.512 | INFO     | N/A | ⏳ 等待 Profile 更新任务...
2026-07-22 22:47:30.537 | INFO     | N/A | ⏳ 等待 Profile 更新任务...
2026-07-22 22:47:35.562 | INFO     | N/A | ⏳ 等待 Profile 更新任务...
2026-07-22 22:47:40.591 | INFO     | N/A | ⏳ 等待 Profile 更新任务...
2026-07-22 22:47:45.618 | INFO     | N/A | ⏳ 等待 Profile 更新任务...
2026-07-22 22:47:50.644 | INFO     | N/A | ⏳ 等待 Profile 更新任务...
2026-07-22 22:47:55.670 | INFO     | N/A | ⏳ 等待 Profile 更新任务...
2026-07-22 22:48:00.747 | INFO     | N/A | ⏳ 等待 Profile 更新任务...
2026-07-22 22:48:05.771 | INFO     | N/A | ⏳ 等待 Profile 更新任务...
2026-07-22 22:48:10.800 | INFO     | N/A | ⏳ 等待 Profile 更新任务...
2026-07-22 22:48:15.824 | INFO     | N/A | ⏳ 等待 Profile 更新任务...
2026-07-22 22:48:20.852 | INFO     | N/A | ⏳ 等待 Profile 更新任务...
2026-07-22 22:48:25.876 | INFO     | N/A | ⏳ 等待 Profile 更新任务...
2026-07-22 22:48:30.900 | INFO     | N/A | ⏳ 等待 Profile 更新任务...
2026-07-22 22:48:35.924 | INFO     | N/A | ⏳ 等待 Profile 更新任务...
2026-07-22 22:48:40.952 | INFO     | N/A | ⏳ 等待 Profile 更新任务...
2026-07-22 22:48:45.978 | INFO     | N/A | ⏳ 等待 Profile 更新任务...
2026-07-22 22:48:51.004 | INFO     | N/A | ⏳ 等待 Profile 更新任务...
2026-07-22 22:48:56.029 | INFO     | N/A | ⏳ 等待 Profile 更新任务...
2026-07-22 22:49:01.055 | INFO     | N/A | ⏳ 等待 Profile 更新任务...
2026-07-22 22:49:06.082 | INFO     | N/A | ⏳ 等待 Profile 更新任务...
2026-07-22 22:49:11.111 | INFO     | N/A | ⏳ 等待 Profile 更新任务...
2026-07-22 22:49:16.138 | INFO     | N/A | ⏳ 等待 Profile 更新任务...
2026-07-22 22:49:21.165 | INFO     | N/A | ⏳ 等待 Profile 更新任务...
2026-07-22 22:49:26.194 | INFO     | N/A | ⏳ 等待 Profile 更新任务...
2026-07-22 22:49:31.219 | INFO     | N/A | ⏳ 等待 Profile 更新任务...
2026-07-22 22:49:36.244 | INFO     | N/A | ⏳ 等待 Profile 更新任务...
2026-07-22 22:49:41.275 | INFO     | N/A | ⏳ 等待 Profile 更新任务...
2026-07-22 22:49:46.302 | INFO     | N/A | ⏳ 等待 Profile 更新任务...
2026-07-22 22:49:51.330 | INFO     | N/A | ⏳ 等待 Profile 更新任务...
2026-07-22 22:49:56.354 | INFO     | N/A | ⏳ 等待 Profile 更新任务...
2026-07-22 22:50:01.414 | INFO     | N/A | ⏳ 等待 Profile 更新任务...
2026-07-22 22:50:06.437 | INFO     | N/A | ⏳ 等待 Profile 更新任务...
2026-07-22 22:50:11.464 | INFO     | N/A | ⏳ 等待 Profile 更新任务...
2026-07-22 22:50:16.484 | INFO     | N/A | ⏳ 等待 Profile 更新任务...
2026-07-22 22:50:21.510 | INFO     | N/A | ⏳ 等待 Profile 更新任务...
2026-07-22 22:50:26.536 | INFO     | N/A | ⏳ 等待 Profile 更新任务...
2026-07-22 22:50:31.558 | INFO     | N/A | ⏳ 等待 Profile 更新任务...
2026-07-22 22:50:36.582 | INFO     | N/A | ⏳ 等待 Profile 更新任务...
2026-07-22 22:50:41.606 | INFO     | N/A | ⏳ 等待 Profile 更新任务...
2026-07-22 22:50:46.628 | INFO     | N/A | ⏳ 等待 Profile 更新任务...
2026-07-22 22:50:51.652 | INFO     | N/A | ⏳ 等待 Profile 更新任务...
2026-07-22 22:50:56.676 | INFO     | N/A | ⏳ 等待 Profile 更新任务...
2026-07-22 22:51:01.699 | INFO     | N/A | ⏳ 等待 Profile 更新任务...
2026-07-22 22:51:06.726 | INFO     | N/A | ⏳ 等待 Profile 更新任务...
2026-07-22 22:51:11.752 | INFO     | N/A | ⏳ 等待 Profile 更新任务...
2026-07-22 22:51:16.778 | INFO     | N/A | ⏳ 等待 Profile 更新任务...
2026-07-22 22:51:21.804 | INFO     | N/A | ⏳ 等待 Profile 更新任务...
2026-07-22 22:51:26.828 | INFO     | N/A | ⏳ 等待 Profile 更新任务...
2026-07-22 22:51:31.852 | INFO     | N/A | ⏳ 等待 Profile 更新任务...
2026-07-22 22:51:36.872 | INFO     | N/A | ⏳ 等待 Profile 更新任务...
2026-07-22 22:51:41.896 | INFO     | N/A | ⏳ 等待 Profile 更新任务...
2026-07-22 22:51:46.920 | INFO     | N/A | ⏳ 等待 Profile 更新任务...
2026-07-22 22:51:51.993 | INFO     | N/A | ⏳ 等待 Profile 更新任务...
2026-07-22 22:51:57.018 | INFO     | N/A | ⏳ 等待 Profile 更新任务...
2026-07-22 22:52:02.045 | INFO     | N/A | ⏳ 等待 Profile 更新任务...
2026-07-22 22:52:07.070 | INFO     | N/A | ⏳ 等待 Profile 更新任务...
2026-07-22 22:52:12.168 | INFO     | N/A | ⏳ 等待 Profile 更新任务...
2026-07-22 22:52:17.225 | INFO     | N/A | ⏳ 等待 Profile 更新任务...
2026-07-22 22:52:22.270 | INFO     | N/A | ⏳ 等待 Profile 更新任务...
2026-07-22 22:52:27.293 | INFO     | N/A | ⏳ 等待 Profile 更新任务...
2026-07-22 22:52:32.387 | INFO     | N/A | ⏳ 等待 Profile 更新任务...
2026-07-22 22:52:37.409 | INFO     | N/A | ⏳ 等待 Profile 更新任务...
2026-07-22 22:52:42.433 | INFO     | N/A | ⏳ 等待 Profile 更新任务...
2026-07-22 22:52:47.457 | INFO     | N/A | ⏳ 等待 Profile 更新任务...
2026-07-22 22:52:52.483 | INFO     | N/A | ⏳ 等待 Profile 更新任务...
2026-07-22 22:52:57.518 | INFO     | N/A | ⏳ 等待 Profile 更新任务...
2026-07-22 22:53:02.562 | INFO     | N/A | ⏳ 等待 Profile 更新任务...
2026-07-22 22:53:07.599 | INFO     | N/A | ⏳ 等待 Profile 更新任务...
2026-07-22 22:53:12.666 | INFO     | N/A | ⏳ 等待 Profile 更新任务...
2026-07-22 22:53:17.728 | INFO     | N/A | ⏳ 等待 Profile 更新任务...
2026-07-22 22:53:22.754 | INFO     | N/A | ⏳ 等待 Profile 更新任务...
2026-07-22 22:53:27.777 | INFO     | N/A | ⏳ 等待 Profile 更新任务...
2026-07-22 22:53:32.844 | INFO     | N/A | ⏳ 等待 Profile 更新任务...
2026-07-22 22:53:37.867 | INFO     | N/A | ⏳ 等待 Profile 更新任务...
2026-07-22 22:53:42.895 | INFO     | N/A | ⏳ 等待 Profile 更新任务...
2026-07-22 22:53:47.936 | INFO     | N/A | ⏳ 等待 Profile 更新任务...
2026-07-22 22:53:52.962 | INFO     | N/A | ⏳ 等待 Profile 更新任务...
2026-07-22 22:53:58.001 | INFO     | N/A | ⏳ 等待 Profile 更新任务...
2026-07-22 22:54:03.099 | INFO     | N/A | ⏳ 等待 Profile 更新任务...
2026-07-22 22:54:08.122 | INFO     | N/A | ⏳ 等待 Profile 更新任务...
2026-07-22 22:54:13.150 | INFO     | N/A | ⏳ 等待 Profile 更新任务...
2026-07-22 22:54:18.189 | INFO     | N/A | ⏳ 等待 Profile 更新任务...
2026-07-22 22:54:23.216 | INFO     | N/A | ⏳ 等待 Profile 更新任务...
2026-07-22 22:54:28.242 | INFO     | N/A | ⏳ 等待 Profile 更新任务...
2026-07-22 22:54:33.290 | INFO     | N/A | ⏳ 等待 Profile 更新任务...
2026-07-22 22:54:38.315 | INFO     | N/A | ⏳ 等待 Profile 更新任务...
2026-07-22 22:54:43.341 | INFO     | N/A | ⏳ 等待 Profile 更新任务...
2026-07-22 22:54:48.364 | INFO     | N/A | ⏳ 等待 Profile 更新任务...
2026-07-22 22:54:53.386 | INFO     | N/A | ⏳ 等待 Profile 更新任务...
2026-07-22 22:54:58.411 | INFO     | N/A | ⏳ 等待 Profile 更新任务...
2026-07-22 22:55:03.494 | INFO     | N/A | ⏳ 等待 Profile 更新任务...
2026-07-22 22:55:08.532 | INFO     | N/A | ⏳ 等待 Profile 更新任务...
2026-07-22 22:55:13.556 | INFO     | N/A | ⏳ 等待 Profile 更新任务...
2026-07-22 22:55:18.561 | INFO     | N/A | ⏳ 等待 Profile 更新任务...
2026-07-22 22:55:23.584 | INFO     | N/A | ⏳ 等待 Profile 更新任务...
2026-07-22 22:55:28.608 | INFO     | N/A | ⏳ 等待 Profile 更新任务...
2026-07-22 22:55:33.710 | INFO     | N/A | ⏳ 等待 Profile 更新任务...
2026-07-22 22:55:38.734 | INFO     | N/A | ⏳ 等待 Profile 更新任务...
2026-07-22 22:55:43.762 | INFO     | N/A | ⏳ 等待 Profile 更新任务...
2026-07-22 22:55:48.840 | INFO     | N/A | ⏳ 等待 Profile 更新任务...
2026-07-22 22:55:53.864 | INFO     | N/A | ⏳ 等待 Profile 更新任务...
2026-07-22 22:55:58.921 | INFO     | N/A | ⏳ 等待 Profile 更新任务...
2026-07-22 22:56:03.950 | INFO     | N/A | ⏳ 等待 Profile 更新任务...
2026-07-22 22:56:08.976 | INFO     | N/A | ⏳ 等待 Profile 更新任务...
2026-07-22 22:56:14.002 | INFO     | N/A | ⏳ 等待 Profile 更新任务...
2026-07-22 22:56:19.017 | INFO     | N/A | ⏳ 等待 Profile 更新任务...
2026-07-22 22:56:24.046 | INFO     | N/A | ⏳ 等待 Profile 更新任务...
2026-07-22 22:56:29.072 | INFO     | N/A | ⏳ 等待 Profile 更新任务...
2026-07-22 22:56:34.142 | INFO     | N/A | ⏳ 等待 Profile 更新任务...
2026-07-22 22:56:39.165 | INFO     | N/A | ⏳ 等待 Profile 更新任务...
2026-07-22 22:56:44.196 | INFO     | N/A | ⏳ 等待 Profile 更新任务...
2026-07-22 22:56:49.225 | INFO     | N/A | ⏳ 等待 Profile 更新任务...
2026-07-22 22:56:54.250 | INFO     | N/A | ⏳ 等待 Profile 更新任务...
2026-07-22 22:56:59.279 | INFO     | N/A | ⏳ 等待 Profile 更新任务...
2026-07-22 22:57:04.311 | INFO     | N/A | ⏳ 等待 Profile 更新任务...
2026-07-22 22:57:09.345 | INFO     | N/A | ⏳ 等待 Profile 更新任务...
2026-07-22 22:57:14.375 | INFO     | N/A | ⏳ 等待 Profile 更新任务...
2026-07-22 22:57:19.476 | INFO     | N/A | ⏳ 等待 Profile 更新任务...
2026-07-22 22:57:24.501 | INFO     | N/A | ⏳ 等待 Profile 更新任务...
2026-07-22 22:57:29.526 | INFO     | N/A | ⏳ 等待 Profile 更新任务...
2026-07-22 22:57:34.553 | INFO     | N/A | ⏳ 等待 Profile 更新任务...
2026-07-22 22:57:39.577 | INFO     | N/A | ⏳ 等待 Profile 更新任务...
2026-07-22 22:57:44.670 | INFO     | N/A | ⏳ 等待 Profile 更新任务...
2026-07-22 22:57:49.718 | INFO     | N/A | ⏳ 等待 Profile 更新任务...
2026-07-22 22:57:54.778 | INFO     | N/A | ⏳ 等待 Profile 更新任务...
2026-07-22 22:57:59.805 | INFO     | N/A | ⏳ 等待 Profile 更新任务...
2026-07-22 22:58:04.832 | INFO     | N/A | ⏳ 等待 Profile 更新任务...
2026-07-22 22:58:09.859 | INFO     | N/A | ⏳ 等待 Profile 更新任务...
2026-07-22 22:58:14.927 | INFO     | N/A | ⏳ 等待 Profile 更新任务...
2026-07-22 22:58:19.992 | INFO     | N/A | ⏳ 等待 Profile 更新任务...
2026-07-22 22:58:25.070 | INFO     | N/A | ⏳ 等待 Profile 更新任务...
2026-07-22 22:58:30.097 | INFO     | N/A | ⏳ 等待 Profile 更新任务...
2026-07-22 22:58:35.171 | INFO     | N/A | ⏳ 等待 Profile 更新任务...
2026-07-22 22:58:40.199 | INFO     | N/A | ⏳ 等待 Profile 更新任务...
2026-07-22 22:58:45.224 | INFO     | N/A | ⏳ 等待 Profile 更新任务...
2026-07-22 22:58:50.284 | INFO     | N/A | ⏳ 等待 Profile 更新任务...
2026-07-22 22:58:55.311 | INFO     | N/A | ⏳ 等待 Profile 更新任务...
2026-07-22 22:59:00.337 | INFO     | N/A | ⏳ 等待 Profile 更新任务...
2026-07-22 22:59:05.366 | INFO     | N/A | ⏳ 等待 Profile 更新任务...
2026-07-22 22:59:10.425 | INFO     | N/A | ⏳ 等待 Profile 更新任务...
2026-07-22 22:59:15.454 | INFO     | N/A | ⏳ 等待 Profile 更新任务...
2026-07-22 22:59:20.503 | INFO     | N/A | ⏳ 等待 Profile 更新任务...
2026-07-22 22:59:25.531 | INFO     | N/A | ⏳ 等待 Profile 更新任务...
2026-07-22 22:59:30.558 | INFO     | N/A | ⏳ 等待 Profile 更新任务...
2026-07-22 22:59:35.583 | INFO     | N/A | ⏳ 等待 Profile 更新任务...
2026-07-22 22:59:40.610 | INFO     | N/A | ⏳ 等待 Profile 更新任务...
2026-07-22 22:59:45.638 | INFO     | N/A | ⏳ 等待 Profile 更新任务...
2026-07-22 22:59:50.689 | INFO     | N/A | ⏳ 等待 Profile 更新任务...
2026-07-22 22:59:55.716 | INFO     | N/A | ⏳ 等待 Profile 更新任务...
2026-07-22 23:00:00.743 | INFO     | N/A | ⏳ 等待 Profile 更新任务...
2026-07-22 23:00:05.798 | INFO     | N/A | ⏳ 等待 Profile 更新任务...
2026-07-22 23:00:10.878 | INFO     | N/A | ⏳ 等待 Profile 更新任务...
2026-07-22 23:00:15.905 | INFO     | N/A | ⏳ 等待 Profile 更新任务...
2026-07-22 23:00:20.979 | INFO     | N/A | ⏳ 等待 Profile 更新任务...
2026-07-22 23:00:26.004 | INFO     | N/A | ⏳ 等待 Profile 更新任务...
2026-07-22 23:00:31.032 | INFO     | N/A | ⏳ 等待 Profile 更新任务...
2026-07-22 23:00:36.066 | INFO     | N/A | ⏳ 等待 Profile 更新任务...
2026-07-22 23:00:41.096 | INFO     | N/A | ⏳ 等待 Profile 更新任务...
2026-07-22 23:00:46.137 | INFO     | N/A | ⏳ 等待 Profile 更新任务...
2026-07-22 23:00:51.180 | INFO     | N/A | ⏳ 等待 Profile 更新任务...
2026-07-22 23:00:56.207 | INFO     | N/A | ⏳ 等待 Profile 更新任务...
2026-07-22 23:01:01.233 | INFO     | N/A | ⏳ 等待 Profile 更新任务...
2026-07-22 23:01:06.257 | INFO     | N/A | ⏳ 等待 Profile 更新任务...
2026-07-22 23:01:11.283 | INFO     | N/A | ⏳ 等待 Profile 更新任务...
2026-07-22 23:01:16.348 | INFO     | N/A | ⏳ 等待 Profile 更新任务...
2026-07-22 23:01:21.455 | INFO     | N/A | ⏳ 等待 Profile 更新任务...
2026-07-22 23:01:26.483 | INFO     | N/A | ⏳ 等待 Profile 更新任务...
2026-07-22 23:01:31.553 | INFO     | N/A | ⏳ 等待 Profile 更新任务...
2026-07-22 23:01:36.573 | INFO     | N/A | ⏳ 等待 Profile 更新任务...
2026-07-22 23:01:41.599 | INFO     | N/A | ⏳ 等待 Profile 更新任务...
2026-07-22 23:01:46.683 | INFO     | N/A | ⏳ 等待 Profile 更新任务...
2026-07-22 23:01:51.764 | INFO     | N/A | ⏳ 等待 Profile 更新任务...
2026-07-22 23:01:56.793 | INFO     | N/A | ⏳ 等待 Profile 更新任务...
2026-07-22 23:02:01.831 | INFO     | N/A | ⏳ 等待 Profile 更新任务...
2026-07-22 23:02:06.912 | INFO     | N/A | ⏳ 等待 Profile 更新任务...
2026-07-22 23:02:11.942 | INFO     | N/A | ⏳ 等待 Profile 更新任务...
2026-07-22 23:02:16.970 | INFO     | N/A | ⏳ 等待 Profile 更新任务...
2026-07-22 23:02:21.980 | INFO     | N/A | ⏳ 等待 Profile 更新任务...
2026-07-22 23:02:27.007 | INFO     | N/A | ⏳ 等待 Profile 更新任务...
2026-07-22 23:02:32.100 | INFO     | N/A | ⏳ 等待 Profile 更新任务...
2026-07-22 23:02:37.127 | INFO     | N/A | ⏳ 等待 Profile 更新任务...
2026-07-22 23:02:42.158 | INFO     | N/A | ⏳ 等待 Profile 更新任务...
2026-07-22 23:02:47.208 | INFO     | N/A | ⏳ 等待 Profile 更新任务...
2026-07-22 23:02:52.254 | INFO     | N/A | ⏳ 等待 Profile 更新任务...
2026-07-22 23:02:57.277 | INFO     | N/A | ⏳ 等待 Profile 更新任务...
2026-07-22 23:03:02.315 | INFO     | N/A | ⏳ 等待 Profile 更新任务...
2026-07-22 23:03:07.401 | INFO     | N/A | ⏳ 等待 Profile 更新任务...
2026-07-22 23:03:12.429 | INFO     | N/A | ⏳ 等待 Profile 更新任务...
2026-07-22 23:03:17.462 | INFO     | N/A | ⏳ 等待 Profile 更新任务...
2026-07-22 23:03:22.488 | INFO     | N/A | ⏳ 等待 Profile 更新任务...
2026-07-22 23:03:27.517 | INFO     | N/A | ⏳ 等待 Profile 更新任务...
2026-07-22 23:03:32.542 | INFO     | N/A | ⏳ 等待 Profile 更新任务...
2026-07-22 23:03:37.573 | INFO     | N/A | ⏳ 等待 Profile 更新任务...
2026-07-22 23:03:42.600 | INFO     | N/A | ⏳ 等待 Profile 更新任务...
2026-07-22 23:03:47.643 | INFO     | N/A | ⏳ 等待 Profile 更新任务...
2026-07-22 23:03:52.669 | INFO     | N/A | ⏳ 等待 Profile 更新任务...
2026-07-22 23:03:57.697 | INFO     | N/A | ⏳ 等待 Profile 更新任务...
2026-07-22 23:04:02.721 | INFO     | N/A | ⏳ 等待 Profile 更新任务...
2026-07-22 23:04:07.746 | INFO     | N/A | ⏳ 等待 Profile 更新任务...
2026-07-22 23:04:12.775 | INFO     | N/A | ⏳ 等待 Profile 更新任务...
2026-07-22 23:04:17.810 | INFO     | N/A | ⏳ 等待 Profile 更新任务...
2026-07-22 23:04:22.837 | INFO     | N/A | ⏳ 等待 Profile 更新任务...
2026-07-22 23:04:27.864 | INFO     | N/A | ⏳ 等待 Profile 更新任务...
2026-07-22 23:04:32.921 | INFO     | N/A | ⏳ 等待 Profile 更新任务...
2026-07-22 23:04:37.944 | INFO     | N/A | ⏳ 等待 Profile 更新任务...
2026-07-22 23:04:42.976 | INFO     | N/A | ⏳ 等待 Profile 更新任务...
2026-07-22 23:04:48.041 | INFO     | N/A | ⏳ 等待 Profile 更新任务...
2026-07-22 23:04:53.068 | INFO     | N/A | ⏳ 等待 Profile 更新任务...
2026-07-22 23:04:58.094 | INFO     | N/A | ⏳ 等待 Profile 更新任务...
2026-07-22 23:05:03.137 | INFO     | N/A | ⏳ 等待 Profile 更新任务...
2026-07-22 23:05:08.192 | INFO     | N/A | ⏳ 等待 Profile 更新任务...
2026-07-22 23:05:13.221 | INFO     | N/A | ⏳ 等待 Profile 更新任务...
2026-07-22 23:05:18.269 | INFO     | N/A | ⏳ 等待 Profile 更新任务...
2026-07-22 23:05:23.295 | INFO     | N/A | ⏳ 等待 Profile 更新任务...
2026-07-22 23:05:28.322 | INFO     | N/A | ⏳ 等待 Profile 更新任务...
2026-07-22 23:05:33.419 | INFO     | N/A | ⏳ 等待 Profile 更新任务...
2026-07-22 23:05:38.445 | INFO     | N/A | ⏳ 等待 Profile 更新任务...
2026-07-22 23:05:43.474 | INFO     | N/A | ⏳ 等待 Profile 更新任务...
2026-07-22 23:05:48.502 | INFO     | N/A | ⏳ 等待 Profile 更新任务...
2026-07-22 23:05:53.529 | INFO     | N/A | ⏳ 等待 Profile 更新任务...
2026-07-22 23:05:58.559 | INFO     | N/A | ⏳ 等待 Profile 更新任务...
2026-07-22 23:06:03.628 | INFO     | N/A | ⏳ 等待 Profile 更新任务...
2026-07-22 23:06:08.654 | INFO     | N/A | ⏳ 等待 Profile 更新任务...
2026-07-22 23:06:13.753 | INFO     | N/A | ⏳ 等待 Profile 更新任务...
2026-07-22 23:06:18.802 | INFO     | N/A | ⏳ 等待 Profile 更新任务...
2026-07-22 23:06:23.830 | INFO     | N/A | ⏳ 等待 Profile 更新任务...
2026-07-22 23:06:28.859 | INFO     | N/A | ⏳ 等待 Profile 更新任务...
2026-07-22 23:06:33.870 | INFO     | N/A | ⏳ 等待 Profile 更新任务...
2026-07-22 23:06:38.897 | INFO     | N/A | ⏳ 等待 Profile 更新任务...
2026-07-22 23:06:43.925 | INFO     | N/A | ⏳ 等待 Profile 更新任务...
2026-07-22 23:06:48.969 | INFO     | N/A | ⏳ 等待 Profile 更新任务...
2026-07-22 23:06:53.993 | INFO     | N/A | ⏳ 等待 Profile 更新任务...
2026-07-22 23:06:59.020 | INFO     | N/A | ⏳ 等待 Profile 更新任务...
2026-07-22 23:07:04.054 | INFO     | N/A | ⏳ 等待 Profile 更新任务...
2026-07-22 23:07:09.140 | INFO     | N/A | ⏳ 等待 Profile 更新任务...
2026-07-22 23:07:14.183 | INFO     | N/A | ⏳ 等待 Profile 更新任务...
2026-07-22 23:07:19.237 | INFO     | N/A | ⏳ 等待 Profile 更新任务...
2026-07-22 23:07:24.265 | INFO     | N/A | ⏳ 等待 Profile 更新任务...
2026-07-22 23:07:29.292 | INFO     | N/A | ⏳ 等待 Profile 更新任务...
2026-07-22 23:07:34.315 | INFO     | N/A | ⏳ 等待 Profile 更新任务...
2026-07-22 23:07:39.340 | INFO     | N/A | ⏳ 等待 Profile 更新任务...
2026-07-22 23:07:44.370 | INFO     | N/A | ⏳ 等待 Profile 更新任务...
2026-07-22 23:07:49.403 | INFO     | N/A | ⏳ 等待 Profile 更新任务...
2026-07-22 23:07:54.433 | INFO     | N/A | ⏳ 等待 Profile 更新任务...
2026-07-22 23:07:59.460 | INFO     | N/A | ⏳ 等待 Profile 更新任务...
2026-07-22 23:08:04.480 | INFO     | N/A | ⏳ 等待 Profile 更新任务...
2026-07-22 23:08:09.506 | INFO     | N/A | ⏳ 等待 Profile 更新任务...
2026-07-22 23:08:14.537 | INFO     | N/A | ⏳ 等待 Profile 更新任务...
2026-07-22 23:08:19.588 | INFO     | N/A | ⏳ 等待 Profile 更新任务...
2026-07-22 23:08:24.616 | INFO     | N/A | ⏳ 等待 Profile 更新任务...
2026-07-22 23:08:29.642 | INFO     | N/A | ⏳ 等待 Profile 更新任务...
2026-07-22 23:08:34.699 | INFO     | N/A | ⏳ 等待 Profile 更新任务...
2026-07-22 23:08:39.724 | INFO     | N/A | ⏳ 等待 Profile 更新任务...
2026-07-22 23:08:44.753 | INFO     | N/A | ⏳ 等待 Profile 更新任务...
2026-07-22 23:08:49.793 | INFO     | N/A | ⏳ 等待 Profile 更新任务...
2026-07-22 23:08:54.821 | INFO     | N/A | ⏳ 等待 Profile 更新任务...
2026-07-22 23:08:59.847 | INFO     | N/A | ⏳ 等待 Profile 更新任务...
2026-07-22 23:09:04.867 | INFO     | N/A | ⏳ 等待 Profile 更新任务...
2026-07-22 23:09:09.888 | INFO     | N/A | ⏳ 等待 Profile 更新任务...
2026-07-22 23:09:14.919 | INFO     | N/A | ⏳ 等待 Profile 更新任务...
2026-07-22 23:09:19.982 | INFO     | N/A | ⏳ 等待 Profile 更新任务...
2026-07-22 23:09:25.012 | INFO     | N/A | ⏳ 等待 Profile 更新任务...
2026-07-22 23:09:30.041 | INFO     | N/A | ⏳ 等待 Profile 更新任务...
2026-07-22 23:09:35.074 | INFO     | N/A | ⏳ 等待 Profile 更新任务...
2026-07-22 23:09:40.102 | INFO     | N/A | ⏳ 等待 Profile 更新任务...
2026-07-22 23:09:45.130 | INFO     | N/A | ⏳ 等待 Profile 更新任务...
2026-07-22 23:09:50.161 | INFO     | N/A | ⏳ 等待 Profile 更新任务...
2026-07-22 23:09:55.189 | INFO     | N/A | ⏳ 等待 Profile 更新任务...
2026-07-22 23:10:00.216 | INFO     | N/A | ⏳ 等待 Profile 更新任务...
2026-07-22 23:10:05.319 | INFO     | N/A | ⏳ 等待 Profile 更新任务...
2026-07-22 23:10:10.347 | INFO     | N/A | ⏳ 等待 Profile 更新任务...
2026-07-22 23:10:15.376 | INFO     | N/A | ⏳ 等待 Profile 更新任务...
2026-07-22 23:10:20.402 | INFO     | N/A | ⏳ 等待 Profile 更新任务...
2026-07-22 23:10:25.430 | INFO     | N/A | ⏳ 等待 Profile 更新任务...
2026-07-22 23:10:30.457 | INFO     | N/A | ⏳ 等待 Profile 更新任务...
2026-07-22 23:10:35.466 | INFO     | N/A | ⏳ 等待 Profile 更新任务...
2026-07-22 23:10:40.493 | INFO     | N/A | ⏳ 等待 Profile 更新任务...
2026-07-22 23:10:45.523 | INFO     | N/A | ⏳ 等待 Profile 更新任务...
2026-07-22 23:10:50.555 | INFO     | N/A | ⏳ 等待 Profile 更新任务...
2026-07-22 23:10:55.580 | INFO     | N/A | ⏳ 等待 Profile 更新任务...
2026-07-22 23:11:00.645 | INFO     | N/A | ⏳ 等待 Profile 更新任务...
2026-07-22 23:11:05.677 | INFO     | N/A | ⏳ 等待 Profile 更新任务...
2026-07-22 23:11:10.702 | INFO     | N/A | ⏳ 等待 Profile 更新任务...
2026-07-22 23:11:15.733 | INFO     | N/A | ⏳ 等待 Profile 更新任务...
2026-07-22 23:11:20.818 | INFO     | N/A | ⏳ 等待 Profile 更新任务...
2026-07-22 23:11:25.845 | INFO     | N/A | ⏳ 等待 Profile 更新任务...
2026-07-22 23:11:30.871 | INFO     | N/A | ⏳ 等待 Profile 更新任务...
2026-07-22 23:11:35.900 | INFO     | N/A | ⏳ 等待 Profile 更新任务...
2026-07-22 23:11:40.926 | INFO     | N/A | ⏳ 等待 Profile 更新任务...
2026-07-22 23:11:45.956 | INFO     | N/A | ⏳ 等待 Profile 更新任务...
2026-07-22 23:11:50.991 | INFO     | N/A | ⏳ 等待 Profile 更新任务...
2026-07-22 23:11:56.020 | INFO     | N/A | ⏳ 等待 Profile 更新任务...
2026-07-22 23:12:01.048 | INFO     | N/A | ⏳ 等待 Profile 更新任务...
2026-07-22 23:12:06.099 | INFO     | N/A | ⏳ 等待 Profile 更新任务...
2026-07-22 23:12:11.127 | INFO     | N/A | ⏳ 等待 Profile 更新任务...
2026-07-22 23:12:16.172 | INFO     | N/A | ⏳ 等待 Profile 更新任务...
2026-07-22 23:12:21.205 | INFO     | N/A | ⏳ 等待 Profile 更新任务...
2026-07-22 23:12:26.236 | INFO     | N/A | ⏳ 等待 Profile 更新任务...
2026-07-22 23:12:31.263 | INFO     | N/A | ⏳ 等待 Profile 更新任务...
2026-07-22 23:12:36.299 | INFO     | N/A | ⏳ 等待 Profile 更新任务...
2026-07-22 23:12:41.328 | INFO     | N/A | ⏳ 等待 Profile 更新任务...
2026-07-22 23:12:46.360 | INFO     | N/A | ⏳ 等待 Profile 更新任务...
2026-07-22 23:12:51.385 | INFO     | N/A | ⏳ 等待 Profile 更新任务...
2026-07-22 23:12:56.412 | INFO     | N/A | ⏳ 等待 Profile 更新任务...
2026-07-22 23:13:01.437 | INFO     | N/A | ⏳ 等待 Profile 更新任务...
2026-07-22 23:13:06.469 | INFO     | N/A | ⏳ 等待 Profile 更新任务...
2026-07-22 23:13:11.553 | INFO     | N/A | ⏳ 等待 Profile 更新任务...
2026-07-22 23:13:16.583 | INFO     | N/A | ⏳ 等待 Profile 更新任务...
2026-07-22 23:13:21.609 | INFO     | N/A | ⏳ 等待 Profile 更新任务...
2026-07-22 23:13:26.636 | INFO     | N/A | ⏳ 等待 Profile 更新任务...
2026-07-22 23:13:31.663 | INFO     | N/A | ⏳ 等待 Profile 更新任务...
2026-07-22 23:13:36.725 | INFO     | N/A | ⏳ 等待 Profile 更新任务...
2026-07-22 23:13:41.815 | INFO     | N/A | ⏳ 等待 Profile 更新任务...
2026-07-22 23:13:46.844 | INFO     | N/A | ⏳ 等待 Profile 更新任务...
2026-07-22 23:13:51.869 | INFO     | N/A | ⏳ 等待 Profile 更新任务...
2026-07-22 23:13:56.898 | INFO     | N/A | ⏳ 等待 Profile 更新任务...
2026-07-22 23:14:01.926 | INFO     | N/A | ⏳ 等待 Profile 更新任务...
2026-07-22 23:14:07.022 | INFO     | N/A | ⏳ 等待 Profile 更新任务...
2026-07-22 23:14:12.047 | INFO     | N/A | ⏳ 等待 Profile 更新任务...
2026-07-22 23:14:17.075 | INFO     | N/A | ⏳ 等待 Profile 更新任务...
2026-07-22 23:14:22.142 | INFO     | N/A | ⏳ 等待 Profile 更新任务...
2026-07-22 23:14:27.165 | INFO     | N/A | ⏳ 等待 Profile 更新任务...
2026-07-22 23:14:32.191 | INFO     | N/A | ⏳ 等待 Profile 更新任务...
2026-07-22 23:14:37.241 | INFO     | N/A | ⏳ 等待 Profile 更新任务...
2026-07-22 23:14:42.267 | INFO     | N/A | ⏳ 等待 Profile 更新任务...
2026-07-22 23:14:47.294 | INFO     | N/A | ⏳ 等待 Profile 更新任务...
2026-07-22 23:14:52.383 | INFO     | N/A | ⏳ 等待 Profile 更新任务...
2026-07-22 23:14:57.412 | INFO     | N/A | ⏳ 等待 Profile 更新任务...
2026-07-22 23:15:02.439 | INFO     | N/A | ⏳ 等待 Profile 更新任务...
2026-07-22 23:15:07.514 | INFO     | N/A | ⏳ 等待 Profile 更新任务...
2026-07-22 23:15:12.540 | INFO     | N/A | ⏳ 等待 Profile 更新任务...
2026-07-22 23:15:17.573 | INFO     | N/A | ⏳ 等待 Profile 更新任务...
2026-07-22 23:15:22.604 | INFO     | N/A | ⏳ 等待 Profile 更新任务...
2026-07-22 23:15:27.629 | INFO     | N/A | ⏳ 等待 Profile 更新任务...
2026-07-22 23:15:32.655 | INFO     | N/A | ⏳ 等待 Profile 更新任务...
2026-07-22 23:15:37.675 | INFO     | N/A | ⏳ 等待 Profile 更新任务...
2026-07-22 23:15:42.701 | INFO     | N/A | ⏳ 等待 Profile 更新任务...
2026-07-22 23:15:47.732 | INFO     | N/A | ⏳ 等待 Profile 更新任务...
2026-07-22 23:15:52.758 | INFO     | N/A | ⏳ 等待 Profile 更新任务...
2026-07-22 23:15:57.785 | INFO     | N/A | ⏳ 等待 Profile 更新任务...
2026-07-22 23:16:02.884 | INFO     | N/A | ⏳ 等待 Profile 更新任务...
2026-07-22 23:16:07.923 | INFO     | N/A | ⏳ 等待 Profile 更新任务...
2026-07-22 23:16:12.981 | INFO     | N/A | ⏳ 等待 Profile 更新任务...
2026-07-22 23:16:18.008 | INFO     | N/A | ⏳ 等待 Profile 更新任务...
2026-07-22 23:16:23.086 | INFO     | N/A | ⏳ 等待 Profile 更新任务...
2026-07-22 23:16:28.113 | INFO     | N/A | ⏳ 等待 Profile 更新任务...
2026-07-22 23:16:33.143 | INFO     | N/A | ⏳ 等待 Profile 更新任务...
2026-07-22 23:16:38.209 | INFO     | N/A | ⏳ 等待 Profile 更新任务...
2026-07-22 23:16:43.236 | INFO     | N/A | ⏳ 等待 Profile 更新任务...
2026-07-22 23:16:48.264 | INFO     | N/A | ⏳ 等待 Profile 更新任务...
2026-07-22 23:16:53.300 | INFO     | N/A | ⏳ 等待 Profile 更新任务...
2026-07-22 23:16:58.326 | INFO     | N/A | ⏳ 等待 Profile 更新任务...
2026-07-22 23:17:03.397 | INFO     | N/A | ⏳ 等待 Profile 更新任务...
2026-07-22 23:17:08.422 | INFO     | N/A | ⏳ 等待 Profile 更新任务...
2026-07-22 23:17:13.498 | INFO     | N/A | ⏳ 等待 Profile 更新任务...
2026-07-22 23:17:18.533 | INFO     | N/A | ⏳ 等待 Profile 更新任务...
2026-07-22 23:17:23.571 | INFO     | N/A | ⏳ 等待 Profile 更新任务...
2026-07-22 23:17:28.596 | INFO     | N/A | ⏳ 等待 Profile 更新任务...
2026-07-22 23:17:33.622 | INFO     | N/A | ⏳ 等待 Profile 更新任务...
2026-07-22 23:17:38.635 | INFO     | N/A | ⏳ 等待 Profile 更新任务...
2026-07-22 23:17:43.663 | INFO     | N/A | ⏳ 等待 Profile 更新任务...
2026-07-22 23:17:48.691 | INFO     | N/A | ⏳ 等待 Profile 更新任务...
2026-07-22 23:17:53.769 | INFO     | N/A | ⏳ 等待 Profile 更新任务...
2026-07-22 23:17:58.793 | INFO     | N/A | ⏳ 等待 Profile 更新任务...
2026-07-22 23:18:03.874 | INFO     | N/A | ⏳ 等待 Profile 更新任务...
2026-07-22 23:18:08.941 | INFO     | N/A | ⏳ 等待 Profile 更新任务...
2026-07-22 23:18:13.967 | INFO     | N/A | ⏳ 等待 Profile 更新任务...
2026-07-22 23:18:19.031 | INFO     | N/A | ⏳ 等待 Profile 更新任务...
2026-07-22 23:18:24.117 | INFO     | N/A | ⏳ 等待 Profile 更新任务...
2026-07-22 23:18:29.143 | INFO     | N/A | ⏳ 等待 Profile 更新任务...
2026-07-22 23:18:34.266 | INFO     | N/A | ⏳ 等待 Profile 更新任务...
2026-07-22 23:18:39.319 | INFO     | N/A | ⏳ 等待 Profile 更新任务...
2026-07-22 23:18:44.349 | INFO     | N/A | ⏳ 等待 Profile 更新任务...
2026-07-22 23:18:49.419 | INFO     | N/A | ⏳ 等待 Profile 更新任务...
2026-07-22 23:18:54.449 | INFO     | N/A | ⏳ 等待 Profile 更新任务...
2026-07-22 23:18:59.474 | INFO     | N/A | ⏳ 等待 Profile 更新任务...
2026-07-22 23:19:04.527 | INFO     | N/A | ⏳ 等待 Profile 更新任务...
2026-07-22 23:19:09.745 | INFO     | N/A | ⏳ 等待 Profile 更新任务...
2026-07-22 23:19:14.828 | INFO     | N/A | ⏳ 等待 Profile 更新任务...
2026-07-22 23:19:19.906 | INFO     | N/A | ⏳ 等待 Profile 更新任务...
2026-07-22 23:19:24.932 | INFO     | N/A | ⏳ 等待 Profile 更新任务...
2026-07-22 23:19:29.959 | INFO     | N/A | ⏳ 等待 Profile 更新任务...
2026-07-22 23:19:35.035 | INFO     | N/A | ⏳ 等待 Profile 更新任务...
2026-07-22 23:19:40.059 | INFO     | N/A | ⏳ 等待 Profile 更新任务...
2026-07-22 23:19:45.089 | INFO     | N/A | ⏳ 等待 Profile 更新任务...
2026-07-22 23:19:50.137 | INFO     | N/A | ⏳ 等待 Profile 更新任务...
2026-07-22 23:19:55.163 | INFO     | N/A | ⏳ 等待 Profile 更新任务...
2026-07-22 23:20:00.190 | INFO     | N/A | ⏳ 等待 Profile 更新任务...
2026-07-22 23:20:05.197 | INFO     | N/A | ⏳ 等待 Profile 更新任务...
2026-07-22 23:20:10.221 | INFO     | N/A | ⏳ 等待 Profile 更新任务...
2026-07-22 23:20:15.250 | INFO     | N/A | ⏳ 等待 Profile 更新任务...
2026-07-22 23:20:20.289 | INFO     | N/A | ⏳ 等待 Profile 更新任务...
2026-07-22 23:20:25.316 | INFO     | N/A | ⏳ 等待 Profile 更新任务...
2026-07-22 23:20:30.408 | INFO     | N/A | ⏳ 等待 Profile 更新任务...
2026-07-22 23:20:35.426 | INFO     | N/A | ⏳ 等待 Profile 更新任务...
2026-07-22 23:20:40.455 | INFO     | N/A | ⏳ 等待 Profile 更新任务...
2026-07-22 23:20:45.473 | INFO     | N/A | ⏳ 等待 Profile 更新任务...
2026-07-22 23:20:50.500 | INFO     | N/A | ⏳ 等待 Profile 更新任务...
2026-07-22 23:20:55.527 | INFO     | N/A | ⏳ 等待 Profile 更新任务...
2026-07-22 23:21:00.555 | INFO     | N/A | ⏳ 等待 Profile 更新任务...
2026-07-22 23:21:05.585 | INFO     | N/A | ⏳ 等待 Profile 更新任务...
2026-07-22 23:21:10.669 | INFO     | N/A | ⏳ 等待 Profile 更新任务...
2026-07-22 23:21:15.698 | INFO     | N/A | ⏳ 等待 Profile 更新任务...
2026-07-22 23:21:20.762 | INFO     | N/A | ⏳ 等待 Profile 更新任务...
2026-07-22 23:21:25.790 | INFO     | N/A | ⏳ 等待 Profile 更新任务...
2026-07-22 23:21:30.835 | INFO     | N/A | ⏳ 等待 Profile 更新任务...
2026-07-22 23:21:35.862 | INFO     | N/A | ⏳ 等待 Profile 更新任务...
2026-07-22 23:21:40.888 | INFO     | N/A | ⏳ 等待 Profile 更新任务...
2026-07-22 23:21:45.918 | INFO     | N/A | ⏳ 等待 Profile 更新任务...
2026-07-22 23:21:50.965 | INFO     | N/A | ⏳ 等待 Profile 更新任务...
2026-07-22 23:21:55.992 | INFO     | N/A | ⏳ 等待 Profile 更新任务...
2026-07-22 23:22:01.017 | INFO     | N/A | ⏳ 等待 Profile 更新任务...
2026-07-22 23:22:06.044 | INFO     | N/A | ⏳ 等待 Profile 更新任务...
2026-07-22 23:22:11.070 | INFO     | N/A | ⏳ 等待 Profile 更新任务...
2026-07-22 23:22:16.099 | INFO     | N/A | ⏳ 等待 Profile 更新任务...
2026-07-22 23:22:21.148 | INFO     | N/A | ⏳ 等待 Profile 更新任务...
2026-07-22 23:22:26.174 | INFO     | N/A | ⏳ 等待 Profile 更新任务...
2026-07-22 23:22:31.200 | INFO     | N/A | ⏳ 等待 Profile 更新任务...
2026-07-22 23:22:36.230 | INFO     | N/A | ⏳ 等待 Profile 更新任务...
2026-07-22 23:22:41.256 | INFO     | N/A | ⏳ 等待 Profile 更新任务...
2026-07-22 23:22:46.282 | INFO     | N/A | ⏳ 等待 Profile 更新任务...
2026-07-22 23:22:51.342 | INFO     | N/A | ⏳ 等待 Profile 更新任务...
2026-07-22 23:22:56.368 | INFO     | N/A | ⏳ 等待 Profile 更新任务...
2026-07-22 23:23:01.399 | INFO     | N/A | ⏳ 等待 Profile 更新任务...
2026-07-22 23:23:06.423 | INFO     | N/A | ⏳ 等待 Profile 更新任务...
2026-07-22 23:23:11.441 | INFO     | N/A | ⏳ 等待 Profile 更新任务...
2026-07-22 23:23:16.469 | INFO     | N/A | ⏳ 等待 Profile 更新任务...
2026-07-22 23:23:21.500 | INFO     | N/A | ⏳ 等待 Profile 更新任务...
2026-07-22 23:23:26.526 | INFO     | N/A | ⏳ 等待 Profile 更新任务...
2026-07-22 23:23:31.552 | INFO     | N/A | ⏳ 等待 Profile 更新任务...
2026-07-22 23:23:36.581 | INFO     | N/A | ⏳ 等待 Profile 更新任务...
2026-07-22 23:23:41.665 | INFO     | N/A | ⏳ 等待 Profile 更新任务...
2026-07-22 23:23:46.695 | INFO     | N/A | ⏳ 等待 Profile 更新任务...
2026-07-22 23:23:51.722 | INFO     | N/A | ⏳ 等待 Profile 更新任务...
2026-07-22 23:23:56.748 | INFO     | N/A | ⏳ 等待 Profile 更新任务...
2026-07-22 23:24:01.775 | INFO     | N/A | ⏳ 等待 Profile 更新任务...
2026-07-22 23:24:06.800 | INFO     | N/A | ⏳ 等待 Profile 更新任务...
2026-07-22 23:24:11.825 | INFO     | N/A | ⏳ 等待 Profile 更新任务...
2026-07-22 23:24:16.853 | INFO     | N/A | ⏳ 等待 Profile 更新任务...
2026-07-22 23:24:21.880 | INFO     | N/A | ⏳ 等待 Profile 更新任务...
2026-07-22 23:24:26.927 | INFO     | N/A | ⏳ 等待 Profile 更新任务...
2026-07-22 23:24:31.954 | INFO     | N/A | ⏳ 等待 Profile 更新任务...
2026-07-22 23:24:37.001 | INFO     | N/A | ⏳ 等待 Profile 更新任务...
2026-07-22 23:24:42.051 | INFO     | N/A | ⏳ 等待 Profile 更新任务...
2026-07-22 23:24:47.079 | INFO     | N/A | ⏳ 等待 Profile 更新任务...
2026-07-22 23:24:52.167 | INFO     | N/A | ⏳ 等待 Profile 更新任务...
2026-07-22 23:24:57.190 | INFO     | N/A | ⏳ 等待 Profile 更新任务...
2026-07-22 23:25:02.216 | INFO     | N/A | ⏳ 等待 Profile 更新任务...
2026-07-22 23:25:07.255 | INFO     | N/A | ⏳ 等待 Profile 更新任务...
2026-07-22 23:25:12.328 | INFO     | N/A | ⏳ 等待 Profile 更新任务...
2026-07-22 23:25:17.357 | INFO     | N/A | ⏳ 等待 Profile 更新任务...
2026-07-22 23:25:22.383 | INFO     | N/A | ⏳ 等待 Profile 更新任务...
2026-07-22 23:25:27.409 | INFO     | N/A | ⏳ 等待 Profile 更新任务...
2026-07-22 23:25:32.437 | INFO     | N/A | ⏳ 等待 Profile 更新任务...
2026-07-22 23:25:37.445 | INFO     | N/A | ⏳ 等待 Profile 更新任务...
2026-07-22 23:25:42.471 | INFO     | N/A | ⏳ 等待 Profile 更新任务...
2026-07-22 23:25:47.500 | INFO     | N/A | ⏳ 等待 Profile 更新任务...
2026-07-22 23:25:52.524 | INFO     | N/A | ⏳ 等待 Profile 更新任务...
2026-07-22 23:25:57.550 | INFO     | N/A | ⏳ 等待 Profile 更新任务...
2026-07-22 23:26:02.577 | INFO     | N/A | ⏳ 等待 Profile 更新任务...
2026-07-22 23:26:07.615 | INFO     | N/A | ⏳ 等待 Profile 更新任务...
2026-07-22 23:26:12.642 | INFO     | N/A | ⏳ 等待 Profile 更新任务...
2026-07-22 23:26:17.717 | INFO     | N/A | ⏳ 等待 Profile 更新任务...
2026-07-22 23:26:22.721 | INFO     | N/A | ⏳ 等待 Profile 更新任务...
2026-07-22 23:26:27.750 | INFO     | N/A | ⏳ 等待 Profile 更新任务...
2026-07-22 23:26:32.776 | INFO     | N/A | ⏳ 等待 Profile 更新任务...
2026-07-22 23:26:37.811 | INFO     | N/A | ⏳ 等待 Profile 更新任务...
2026-07-22 23:26:42.839 | INFO     | N/A | ⏳ 等待 Profile 更新任务...
2026-07-22 23:26:47.867 | INFO     | N/A | ⏳ 等待 Profile 更新任务...
2026-07-22 23:26:52.930 | INFO     | N/A | ⏳ 等待 Profile 更新任务...
2026-07-22 23:26:57.954 | INFO     | N/A | ⏳ 等待 Profile 更新任务...
2026-07-22 23:27:02.981 | INFO     | N/A | ⏳ 等待 Profile 更新任务...
2026-07-22 23:27:08.008 | INFO     | N/A | ⏳ 等待 Profile 更新任务...
2026-07-22 23:27:13.032 | INFO     | N/A | ⏳ 等待 Profile 更新任务...
2026-07-22 23:27:18.061 | INFO     | N/A | ⏳ 等待 Profile 更新任务...
2026-07-22 23:27:23.148 | INFO     | N/A | ⏳ 等待 Profile 更新任务...
2026-07-22 23:27:28.173 | INFO     | N/A | ⏳ 等待 Profile 更新任务...
2026-07-22 23:27:33.267 | INFO     | N/A | ⏳ 等待 Profile 更新任务...
2026-07-22 23:27:38.328 | INFO     | N/A | ⏳ 等待 Profile 更新任务...
2026-07-22 23:27:43.382 | INFO     | N/A | ⏳ 等待 Profile 更新任务...
2026-07-22 23:27:48.412 | INFO     | N/A | ⏳ 等待 Profile 更新任务...
2026-07-22 23:27:53.486 | INFO     | N/A | ⏳ 等待 Profile 更新任务...
2026-07-22 23:27:58.513 | INFO     | N/A | ⏳ 等待 Profile 更新任务...
2026-07-22 23:28:03.538 | INFO     | N/A | ⏳ 等待 Profile 更新任务...
2026-07-22 23:28:08.584 | INFO     | N/A | ⏳ 等待 Profile 更新任务...
2026-07-22 23:28:13.611 | INFO     | N/A | ⏳ 等待 Profile 更新任务...
2026-07-22 23:28:18.641 | INFO     | N/A | ⏳ 等待 Profile 更新任务...
2026-07-22 23:28:23.728 | INFO     | N/A | ⏳ 等待 Profile 更新任务...
2026-07-22 23:28:28.755 | INFO     | N/A | ⏳ 等待 Profile 更新任务...
2026-07-22 23:28:33.782 | INFO     | N/A | ⏳ 等待 Profile 更新任务...
2026-07-22 23:28:38.811 | INFO     | N/A | ⏳ 等待 Profile 更新任务...
2026-07-22 23:28:43.837 | INFO     | N/A | ⏳ 等待 Profile 更新任务...
2026-07-22 23:28:48.865 | INFO     | N/A | ⏳ 等待 Profile 更新任务...
2026-07-22 23:28:53.964 | INFO     | N/A | ⏳ 等待 Profile 更新任务...
2026-07-22 23:28:58.989 | INFO     | N/A | ⏳ 等待 Profile 更新任务...
2026-07-22 23:29:04.016 | INFO     | N/A | ⏳ 等待 Profile 更新任务...
2026-07-22 23:29:09.077 | INFO     | N/A | ⏳ 等待 Profile 更新任务...
2026-07-22 23:29:14.117 | INFO     | N/A | ⏳ 等待 Profile 更新任务...
2026-07-22 23:29:19.143 | INFO     | N/A | ⏳ 等待 Profile 更新任务...
2026-07-22 23:29:24.230 | INFO     | N/A | ⏳ 等待 Profile 更新任务...
2026-07-22 23:29:29.258 | INFO     | N/A | ⏳ 等待 Profile 更新任务...
2026-07-22 23:29:34.303 | INFO     | N/A | ⏳ 等待 Profile 更新任务...
2026-07-22 23:29:39.335 | INFO     | N/A | ⏳ 等待 Profile 更新任务...
2026-07-22 23:29:44.362 | INFO     | N/A | ⏳ 等待 Profile 更新任务...
2026-07-22 23:29:49.397 | INFO     | N/A | ⏳ 等待 Profile 更新任务...
2026-07-22 23:29:54.483 | INFO     | N/A | ⏳ 等待 Profile 更新任务...
2026-07-22 23:29:59.510 | INFO     | N/A | ⏳ 等待 Profile 更新任务...
2026-07-22 23:30:04.539 | INFO     | N/A | ⏳ 等待 Profile 更新任务...
2026-07-22 23:30:09.556 | INFO     | N/A | ⏳ 等待 Profile 更新任务...
2026-07-22 23:30:14.576 | INFO     | N/A | ⏳ 等待 Profile 更新任务...
2026-07-22 23:30:19.603 | INFO     | N/A | ⏳ 等待 Profile 更新任务...
2026-07-22 23:30:24.649 | INFO     | N/A | ⏳ 等待 Profile 更新任务...
2026-07-22 23:30:29.675 | INFO     | N/A | ⏳ 等待 Profile 更新任务...
2026-07-22 23:30:34.701 | INFO     | N/A | ⏳ 等待 Profile 更新任务...
2026-07-22 23:30:39.767 | INFO     | N/A | ⏳ 等待 Profile 更新任务...
2026-07-22 23:30:44.796 | INFO     | N/A | ⏳ 等待 Profile 更新任务...
2026-07-22 23:30:49.826 | INFO     | N/A | ⏳ 等待 Profile 更新任务...
2026-07-22 23:30:54.914 | INFO     | N/A | ⏳ 等待 Profile 更新任务...
2026-07-22 23:30:59.940 | INFO     | N/A | ⏳ 等待 Profile 更新任务...
2026-07-22 23:31:04.967 | INFO     | N/A | ⏳ 等待 Profile 更新任务...
2026-07-22 23:31:10.036 | INFO     | N/A | ⏳ 等待 Profile 更新任务...
2026-07-22 23:31:15.062 | INFO     | N/A | ⏳ 等待 Profile 更新任务...
2026-07-22 23:31:20.117 | INFO     | N/A | ⏳ 等待 Profile 更新任务...
2026-07-22 23:31:25.140 | INFO     | N/A | ⏳ 等待 Profile 更新任务...
2026-07-22 23:31:30.178 | INFO     | N/A | ⏳ 等待 Profile 更新任务...
2026-07-22 23:31:35.241 | INFO     | N/A | ⏳ 等待 Profile 更新任务...
2026-07-22 23:31:40.290 | INFO     | N/A | ⏳ 等待 Profile 更新任务...
2026-07-22 23:31:45.315 | INFO     | N/A | ⏳ 等待 Profile 更新任务...
2026-07-22 23:31:50.343 | INFO     | N/A | ⏳ 等待 Profile 更新任务...
2026-07-22 23:31:55.411 | INFO     | N/A | ⏳ 等待 Profile 更新任务...
2026-07-22 23:32:00.439 | INFO     | N/A | ⏳ 等待 Profile 更新任务...
2026-07-22 23:32:05.467 | INFO     | N/A | ⏳ 等待 Profile 更新任务...
2026-07-22 23:32:10.493 | INFO     | N/A | ⏳ 等待 Profile 更新任务...
2026-07-22 23:32:15.518 | INFO     | N/A | ⏳ 等待 Profile 更新任务...
2026-07-22 23:32:20.549 | INFO     | N/A | ⏳ 等待 Profile 更新任务...
2026-07-22 23:32:25.649 | INFO     | N/A | ⏳ 等待 Profile 更新任务...
2026-07-22 23:32:30.674 | INFO     | N/A | ⏳ 等待 Profile 更新任务...
2026-07-22 23:32:35.703 | INFO     | N/A | ⏳ 等待 Profile 更新任务...
2026-07-22 23:32:40.740 | INFO     | N/A | ⏳ 等待 Profile 更新任务...
2026-07-22 23:32:45.767 | INFO     | N/A | ⏳ 等待 Profile 更新任务...
2026-07-22 23:32:50.794 | INFO     | N/A | ⏳ 等待 Profile 更新任务...
2026-07-22 23:32:55.820 | INFO     | N/A | ⏳ 等待 Profile 更新任务...
2026-07-22 23:33:00.847 | INFO     | N/A | ⏳ 等待 Profile 更新任务...
2026-07-22 23:33:05.875 | INFO     | N/A | ⏳ 等待 Profile 更新任务...
2026-07-22 23:33:10.945 | INFO     | N/A | ⏳ 等待 Profile 更新任务...
2026-07-22 23:33:15.970 | INFO     | N/A | ⏳ 等待 Profile 更新任务...
2026-07-22 23:33:21.046 | INFO     | N/A | ⏳ 等待 Profile 更新任务...
2026-07-22 23:33:26.073 | INFO     | N/A | ⏳ 等待 Profile 更新任务...
2026-07-22 23:33:31.129 | INFO     | N/A | ⏳ 等待 Profile 更新任务...
2026-07-22 23:33:36.221 | INFO     | N/A | ⏳ 等待 Profile 更新任务...
2026-07-22 23:33:41.318 | INFO     | N/A | ⏳ 等待 Profile 更新任务...
2026-07-22 23:33:46.347 | INFO     | N/A | ⏳ 等待 Profile 更新任务...
2026-07-22 23:33:51.374 | INFO     | N/A | ⏳ 等待 Profile 更新任务...
2026-07-22 23:33:56.414 | INFO     | N/A | ⏳ 等待 Profile 更新任务...
2026-07-22 23:34:01.441 | INFO     | N/A | ⏳ 等待 Profile 更新任务...
2026-07-22 23:34:06.465 | INFO     | N/A | ⏳ 等待 Profile 更新任务...
2026-07-22 23:34:11.525 | INFO     | N/A | ⏳ 等待 Profile 更新任务...
2026-07-22 23:34:16.626 | INFO     | N/A | ⏳ 等待 Profile 更新任务...
2026-07-22 23:34:21.656 | INFO     | N/A | ⏳ 等待 Profile 更新任务...
2026-07-22 23:34:26.705 | INFO     | N/A | ⏳ 等待 Profile 更新任务...
2026-07-22 23:34:31.764 | INFO     | N/A | ⏳ 等待 Profile 更新任务...
2026-07-22 23:34:36.788 | INFO     | N/A | ⏳ 等待 Profile 更新任务...
2026-07-22 23:34:41.885 | INFO     | N/A | ⏳ 等待 Profile 更新任务...
2026-07-22 23:34:46.912 | INFO     | N/A | ⏳ 等待 Profile 更新任务...
2026-07-22 23:34:51.942 | INFO     | N/A | ⏳ 等待 Profile 更新任务...
2026-07-22 23:34:56.970 | INFO     | N/A | ⏳ 等待 Profile 更新任务...
2026-07-22 23:35:01.996 | INFO     | N/A | ⏳ 等待 Profile 更新任务...
2026-07-22 23:35:07.089 | INFO     | N/A | ⏳ 等待 Profile 更新任务...
2026-07-22 23:35:12.178 | INFO     | N/A | ⏳ 等待 Profile 更新任务...
2026-07-22 23:35:17.207 | INFO     | N/A | ⏳ 等待 Profile 更新任务...
2026-07-22 23:35:22.261 | INFO     | N/A | ⏳ 等待 Profile 更新任务...
2026-07-22 23:35:27.290 | INFO     | N/A | ⏳ 等待 Profile 更新任务...
2026-07-22 23:35:32.318 | INFO     | N/A | ⏳ 等待 Profile 更新任务...
2026-07-22 23:35:37.391 | INFO     | N/A | ⏳ 等待 Profile 更新任务...
2026-07-22 23:35:42.427 | INFO     | N/A | ⏳ 等待 Profile 更新任务...
2026-07-22 23:35:47.435 | INFO     | N/A | ⏳ 等待 Profile 更新任务...
2026-07-22 23:35:52.483 | INFO     | N/A | ⏳ 等待 Profile 更新任务...
2026-07-22 23:35:57.508 | INFO     | N/A | ⏳ 等待 Profile 更新任务...
2026-07-22 23:36:02.536 | INFO     | N/A | ⏳ 等待 Profile 更新任务...
