2026-07-12 00:00:04.507 | INFO     | N/A | ⏳ 等待 Profile 更新任务...
2026-07-12 00:00:09.556 | INFO     | N/A | ⏳ 等待 Profile 更新任务...
2026-07-12 00:00:14.588 | INFO     | N/A | ⏳ 等待 Profile 更新任务...
2026-07-12 00:00:19.620 | INFO     | N/A | ⏳ 等待 Profile 更新任务...
2026-07-12 00:00:24.653 | INFO     | N/A | ⏳ 等待 Profile 更新任务...
2026-07-12 00:00:29.684 | INFO     | N/A | ⏳ 等待 Profile 更新任务...
2026-07-12 00:00:34.717 | INFO     | N/A | ⏳ 等待 Profile 更新任务...
2026-07-12 00:00:39.760 | INFO     | N/A | ⏳ 等待 Profile 更新任务...
2026-07-12 03:00:24.446 | ERROR    | N/A | Worker 主循环异常: Timeout reading from socket
Traceback (most recent call last):

  File "D:\毕业设计\Travel_python\.venv\Lib\site-packages\redis\_parsers\socket.py", line 64, in _read_from_socket
    data = sock.recv(socket_read_size)

TimeoutError: timed out


During handling of the above exception, another exception occurred:


Traceback (most recent call last):

  File "D:\毕业设计\Travel_python\travel_ai_python\app\service\profile_worker.py", line 194, in <module>
    run_worker()

> File "D:\毕业设计\Travel_python\travel_ai_python\app\service\profile_worker.py", line 169, in run_worker
    task_data = pop_profile_update_task(block=True, timeout=5)

  File "D:\毕业设计\Travel_python\travel_ai_python\app\utils\redis_client.py", line 43, in pop_profile_update_task
    result = redis_client.brpop(PROFILE_UPDATE_QUEUE, timeout=timeout)

  File "D:\毕业设计\Travel_python\.venv\Lib\site-packages\redis\commands\core.py", line 4751, in brpop
    return self.execute_command("BRPOP", *keys)
  File "D:\毕业设计\Travel_python\.venv\Lib\site-packages\redis\client.py", line 787, in execute_command
    return self._execute_command(*args, **options)
  File "D:\毕业设计\Travel_python\.venv\Lib\site-packages\redis\client.py", line 809, in _execute_command
    result = conn.retry.call_with_retry(
  File "D:\毕业设计\Travel_python\.venv\Lib\site-packages\redis\retry.py", line 132, in call_with_retry
    raise error
  File "D:\毕业设计\Travel_python\.venv\Lib\site-packages\redis\retry.py", line 120, in call_with_retry
    return do()
  File "D:\毕业设计\Travel_python\.venv\Lib\site-packages\redis\client.py", line 810, in <lambda>
    lambda: self._send_command_parse_response(
  File "D:\毕业设计\Travel_python\.venv\Lib\site-packages\redis\client.py", line 753, in _send_command_parse_response
    return self.parse_response(conn, command_name, **options)
  File "D:\毕业设计\Travel_python\.venv\Lib\site-packages\redis\client.py", line 853, in parse_response
    response = connection.read_response()
  File "D:\毕业设计\Travel_python\.venv\Lib\site-packages\redis\connection.py", line 1371, in read_response
    response = self._parser.read_response(
  File "D:\毕业设计\Travel_python\.venv\Lib\site-packages\redis\_parsers\resp3.py", line 40, in read_response
    result = self._read_response(
  File "D:\毕业设计\Travel_python\.venv\Lib\site-packages\redis\_parsers\resp3.py", line 65, in _read_response
    raw = self._buffer.readline(timeout=timeout)
  File "D:\毕业设计\Travel_python\.venv\Lib\site-packages\redis\_parsers\socket.py", line 117, in readline
    self._read_from_socket(timeout=timeout)
  File "D:\毕业设计\Travel_python\.venv\Lib\site-packages\redis\_parsers\socket.py", line 77, in _read_from_socket
    raise TimeoutError("Timeout reading from socket")

redis.exceptions.TimeoutError: Timeout reading from socket
2026-07-12 03:00:25.462 | INFO     | N/A | ⏳ 等待 Profile 更新任务...
2026-07-12 03:00:41.555 | ERROR    | N/A | Worker 主循环异常: Timeout connecting to server
Traceback (most recent call last):

  File "D:\毕业设计\Travel_python\.venv\Lib\site-packages\redis\connection.py", line 1033, in connect_check_health
    sock = self._connect()
  File "D:\毕业设计\Travel_python\.venv\Lib\site-packages\redis\connection.py", line 1581, in _connect
    raise err
  File "D:\毕业设计\Travel_python\.venv\Lib\site-packages\redis\connection.py", line 1565, in _connect
    sock.connect(socket_address)

TimeoutError: timed out


During handling of the above exception, another exception occurred:


Traceback (most recent call last):

  File "D:\毕业设计\Travel_python\travel_ai_python\app\service\profile_worker.py", line 194, in <module>
    run_worker()

> File "D:\毕业设计\Travel_python\travel_ai_python\app\service\profile_worker.py", line 169, in run_worker
    task_data = pop_profile_update_task(block=True, timeout=5)

  File "D:\毕业设计\Travel_python\travel_ai_python\app\utils\redis_client.py", line 43, in pop_profile_update_task
    result = redis_client.brpop(PROFILE_UPDATE_QUEUE, timeout=timeout)

  File "D:\毕业设计\Travel_python\.venv\Lib\site-packages\redis\commands\core.py", line 4751, in brpop
    return self.execute_command("BRPOP", *keys)
  File "D:\毕业设计\Travel_python\.venv\Lib\site-packages\redis\client.py", line 787, in execute_command
    return self._execute_command(*args, **options)
  File "D:\毕业设计\Travel_python\.venv\Lib\site-packages\redis\client.py", line 793, in _execute_command
    conn = self.connection or pool.get_connection()
  File "D:\毕业设计\Travel_python\.venv\Lib\site-packages\redis\utils.py", line 258, in wrapper
    return func(*args, **kwargs)
  File "D:\毕业设计\Travel_python\.venv\Lib\site-packages\redis\connection.py", line 3139, in get_connection
    connection.connect()
  File "D:\毕业设计\Travel_python\.venv\Lib\site-packages\redis\connection.py", line 1006, in connect
    self.retry.call_with_retry(
  File "D:\毕业设计\Travel_python\.venv\Lib\site-packages\redis\retry.py", line 132, in call_with_retry
    raise error
  File "D:\毕业设计\Travel_python\.venv\Lib\site-packages\redis\retry.py", line 120, in call_with_retry
    return do()
  File "D:\毕业设计\Travel_python\.venv\Lib\site-packages\redis\connection.py", line 1007, in <lambda>
    lambda: self.connect_check_health(
  File "D:\毕业设计\Travel_python\.venv\Lib\site-packages\redis\connection.py", line 1044, in connect_check_health
    raise e

redis.exceptions.TimeoutError: Timeout connecting to server
2026-07-12 03:00:42.618 | INFO     | N/A | ⏳ 等待 Profile 更新任务...
2026-07-12 03:00:46.154 | ERROR    | N/A | Worker 主循环异常: Error 10053 connecting to 192.168.71.140:6379. 你的主机中的软件中止了一个已建立的连接。.
Traceback (most recent call last):

  File "D:\毕业设计\Travel_python\.venv\Lib\site-packages\redis\connection.py", line 1033, in connect_check_health
    sock = self._connect()
  File "D:\毕业设计\Travel_python\.venv\Lib\site-packages\redis\connection.py", line 1581, in _connect
    raise err
  File "D:\毕业设计\Travel_python\.venv\Lib\site-packages\redis\connection.py", line 1565, in _connect
    sock.connect(socket_address)

ConnectionAbortedError: [WinError 10053] 你的主机中的软件中止了一个已建立的连接。


During handling of the above exception, another exception occurred:


Traceback (most recent call last):

  File "D:\毕业设计\Travel_python\travel_ai_python\app\service\profile_worker.py", line 194, in <module>
    run_worker()

> File "D:\毕业设计\Travel_python\travel_ai_python\app\service\profile_worker.py", line 169, in run_worker
    task_data = pop_profile_update_task(block=True, timeout=5)

  File "D:\毕业设计\Travel_python\travel_ai_python\app\utils\redis_client.py", line 43, in pop_profile_update_task
    result = redis_client.brpop(PROFILE_UPDATE_QUEUE, timeout=timeout)

  File "D:\毕业设计\Travel_python\.venv\Lib\site-packages\redis\commands\core.py", line 4751, in brpop
    return self.execute_command("BRPOP", *keys)
  File "D:\毕业设计\Travel_python\.venv\Lib\site-packages\redis\client.py", line 787, in execute_command
    return self._execute_command(*args, **options)
  File "D:\毕业设计\Travel_python\.venv\Lib\site-packages\redis\client.py", line 793, in _execute_command
    conn = self.connection or pool.get_connection()
  File "D:\毕业设计\Travel_python\.venv\Lib\site-packages\redis\utils.py", line 258, in wrapper
    return func(*args, **kwargs)
  File "D:\毕业设计\Travel_python\.venv\Lib\site-packages\redis\connection.py", line 3139, in get_connection
    connection.connect()
  File "D:\毕业设计\Travel_python\.venv\Lib\site-packages\redis\connection.py", line 1006, in connect
    self.retry.call_with_retry(
  File "D:\毕业设计\Travel_python\.venv\Lib\site-packages\redis\retry.py", line 132, in call_with_retry
    raise error
  File "D:\毕业设计\Travel_python\.venv\Lib\site-packages\redis\retry.py", line 120, in call_with_retry
    return do()
  File "D:\毕业设计\Travel_python\.venv\Lib\site-packages\redis\connection.py", line 1007, in <lambda>
    lambda: self.connect_check_health(
  File "D:\毕业设计\Travel_python\.venv\Lib\site-packages\redis\connection.py", line 1055, in connect_check_health
    raise e

redis.exceptions.ConnectionError: Error 10053 connecting to 192.168.71.140:6379. 你的主机中的软件中止了一个已建立的连接。.
2026-07-12 10:32:55.952 | INFO     | N/A | ⏳ 等待 Profile 更新任务...
2026-07-12 10:32:55.978 | ERROR    | N/A | Worker 主循环异常: Error 10065 connecting to 192.168.71.140:6379. 套接字操作尝试一个无法连接的主机。.
Traceback (most recent call last):

  File "D:\毕业设计\Travel_python\.venv\Lib\site-packages\redis\connection.py", line 1033, in connect_check_health
    sock = self._connect()
  File "D:\毕业设计\Travel_python\.venv\Lib\site-packages\redis\connection.py", line 1581, in _connect
    raise err
  File "D:\毕业设计\Travel_python\.venv\Lib\site-packages\redis\connection.py", line 1565, in _connect
    sock.connect(socket_address)

OSError: [WinError 10065] 套接字操作尝试一个无法连接的主机。


During handling of the above exception, another exception occurred:


Traceback (most recent call last):

  File "D:\毕业设计\Travel_python\travel_ai_python\app\service\profile_worker.py", line 194, in <module>
    run_worker()

> File "D:\毕业设计\Travel_python\travel_ai_python\app\service\profile_worker.py", line 169, in run_worker
    task_data = pop_profile_update_task(block=True, timeout=5)

  File "D:\毕业设计\Travel_python\travel_ai_python\app\utils\redis_client.py", line 43, in pop_profile_update_task
    result = redis_client.brpop(PROFILE_UPDATE_QUEUE, timeout=timeout)

  File "D:\毕业设计\Travel_python\.venv\Lib\site-packages\redis\commands\core.py", line 4751, in brpop
    return self.execute_command("BRPOP", *keys)
  File "D:\毕业设计\Travel_python\.venv\Lib\site-packages\redis\client.py", line 787, in execute_command
    return self._execute_command(*args, **options)
  File "D:\毕业设计\Travel_python\.venv\Lib\site-packages\redis\client.py", line 793, in _execute_command
    conn = self.connection or pool.get_connection()
  File "D:\毕业设计\Travel_python\.venv\Lib\site-packages\redis\utils.py", line 258, in wrapper
    return func(*args, **kwargs)
  File "D:\毕业设计\Travel_python\.venv\Lib\site-packages\redis\connection.py", line 3139, in get_connection
    connection.connect()
  File "D:\毕业设计\Travel_python\.venv\Lib\site-packages\redis\connection.py", line 1006, in connect
    self.retry.call_with_retry(
  File "D:\毕业设计\Travel_python\.venv\Lib\site-packages\redis\retry.py", line 132, in call_with_retry
    raise error
  File "D:\毕业设计\Travel_python\.venv\Lib\site-packages\redis\retry.py", line 120, in call_with_retry
    return do()
  File "D:\毕业设计\Travel_python\.venv\Lib\site-packages\redis\connection.py", line 1007, in <lambda>
    lambda: self.connect_check_health(
  File "D:\毕业设计\Travel_python\.venv\Lib\site-packages\redis\connection.py", line 1055, in connect_check_health
    raise e

redis.exceptions.ConnectionError: Error 10065 connecting to 192.168.71.140:6379. 套接字操作尝试一个无法连接的主机。.
2026-07-12 10:32:57.023 | INFO     | N/A | ⏳ 等待 Profile 更新任务...
2026-07-12 10:32:57.041 | ERROR    | N/A | Worker 主循环异常: Error 10051 connecting to 192.168.71.140:6379. 向一个无法连接的网络尝试了一个套接字操作。.
Traceback (most recent call last):

  File "D:\毕业设计\Travel_python\.venv\Lib\site-packages\redis\connection.py", line 1033, in connect_check_health
    sock = self._connect()
  File "D:\毕业设计\Travel_python\.venv\Lib\site-packages\redis\connection.py", line 1581, in _connect
    raise err
  File "D:\毕业设计\Travel_python\.venv\Lib\site-packages\redis\connection.py", line 1565, in _connect
    sock.connect(socket_address)

OSError: [WinError 10051] 向一个无法连接的网络尝试了一个套接字操作。


During handling of the above exception, another exception occurred:


Traceback (most recent call last):

  File "D:\毕业设计\Travel_python\travel_ai_python\app\service\profile_worker.py", line 194, in <module>
    run_worker()

> File "D:\毕业设计\Travel_python\travel_ai_python\app\service\profile_worker.py", line 169, in run_worker
    task_data = pop_profile_update_task(block=True, timeout=5)

  File "D:\毕业设计\Travel_python\travel_ai_python\app\utils\redis_client.py", line 43, in pop_profile_update_task
    result = redis_client.brpop(PROFILE_UPDATE_QUEUE, timeout=timeout)

  File "D:\毕业设计\Travel_python\.venv\Lib\site-packages\redis\commands\core.py", line 4751, in brpop
    return self.execute_command("BRPOP", *keys)
  File "D:\毕业设计\Travel_python\.venv\Lib\site-packages\redis\client.py", line 787, in execute_command
    return self._execute_command(*args, **options)
  File "D:\毕业设计\Travel_python\.venv\Lib\site-packages\redis\client.py", line 793, in _execute_command
    conn = self.connection or pool.get_connection()
  File "D:\毕业设计\Travel_python\.venv\Lib\site-packages\redis\utils.py", line 258, in wrapper
    return func(*args, **kwargs)
  File "D:\毕业设计\Travel_python\.venv\Lib\site-packages\redis\connection.py", line 3139, in get_connection
    connection.connect()
  File "D:\毕业设计\Travel_python\.venv\Lib\site-packages\redis\connection.py", line 1006, in connect
    self.retry.call_with_retry(
  File "D:\毕业设计\Travel_python\.venv\Lib\site-packages\redis\retry.py", line 132, in call_with_retry
    raise error
  File "D:\毕业设计\Travel_python\.venv\Lib\site-packages\redis\retry.py", line 120, in call_with_retry
    return do()
  File "D:\毕业设计\Travel_python\.venv\Lib\site-packages\redis\connection.py", line 1007, in <lambda>
    lambda: self.connect_check_health(
  File "D:\毕业设计\Travel_python\.venv\Lib\site-packages\redis\connection.py", line 1055, in connect_check_health
    raise e

redis.exceptions.ConnectionError: Error 10051 connecting to 192.168.71.140:6379. 向一个无法连接的网络尝试了一个套接字操作。.
2026-07-12 10:32:58.055 | INFO     | N/A | ⏳ 等待 Profile 更新任务...
2026-07-12 10:33:03.066 | ERROR    | N/A | Worker 主循环异常: Timeout connecting to server
Traceback (most recent call last):

  File "D:\毕业设计\Travel_python\.venv\Lib\site-packages\redis\connection.py", line 1033, in connect_check_health
    sock = self._connect()
  File "D:\毕业设计\Travel_python\.venv\Lib\site-packages\redis\connection.py", line 1581, in _connect
    raise err
  File "D:\毕业设计\Travel_python\.venv\Lib\site-packages\redis\connection.py", line 1565, in _connect
    sock.connect(socket_address)

TimeoutError: timed out


During handling of the above exception, another exception occurred:


Traceback (most recent call last):

  File "D:\毕业设计\Travel_python\travel_ai_python\app\service\profile_worker.py", line 194, in <module>
    run_worker()

> File "D:\毕业设计\Travel_python\travel_ai_python\app\service\profile_worker.py", line 169, in run_worker
    task_data = pop_profile_update_task(block=True, timeout=5)

  File "D:\毕业设计\Travel_python\travel_ai_python\app\utils\redis_client.py", line 43, in pop_profile_update_task
    result = redis_client.brpop(PROFILE_UPDATE_QUEUE, timeout=timeout)

  File "D:\毕业设计\Travel_python\.venv\Lib\site-packages\redis\commands\core.py", line 4751, in brpop
    return self.execute_command("BRPOP", *keys)
  File "D:\毕业设计\Travel_python\.venv\Lib\site-packages\redis\client.py", line 787, in execute_command
    return self._execute_command(*args, **options)
  File "D:\毕业设计\Travel_python\.venv\Lib\site-packages\redis\client.py", line 793, in _execute_command
    conn = self.connection or pool.get_connection()
  File "D:\毕业设计\Travel_python\.venv\Lib\site-packages\redis\utils.py", line 258, in wrapper
    return func(*args, **kwargs)
  File "D:\毕业设计\Travel_python\.venv\Lib\site-packages\redis\connection.py", line 3139, in get_connection
    connection.connect()
  File "D:\毕业设计\Travel_python\.venv\Lib\site-packages\redis\connection.py", line 1006, in connect
    self.retry.call_with_retry(
  File "D:\毕业设计\Travel_python\.venv\Lib\site-packages\redis\retry.py", line 132, in call_with_retry
    raise error
  File "D:\毕业设计\Travel_python\.venv\Lib\site-packages\redis\retry.py", line 120, in call_with_retry
    return do()
  File "D:\毕业设计\Travel_python\.venv\Lib\site-packages\redis\connection.py", line 1007, in <lambda>
    lambda: self.connect_check_health(
  File "D:\毕业设计\Travel_python\.venv\Lib\site-packages\redis\connection.py", line 1044, in connect_check_health
    raise e

redis.exceptions.TimeoutError: Timeout connecting to server
2026-07-12 10:33:04.078 | INFO     | N/A | ⏳ 等待 Profile 更新任务...
2026-07-12 10:33:09.146 | INFO     | N/A | ⏳ 等待 Profile 更新任务...
2026-07-12 10:33:14.169 | INFO     | N/A | ⏳ 等待 Profile 更新任务...
2026-07-12 10:33:19.189 | INFO     | N/A | ⏳ 等待 Profile 更新任务...
2026-07-12 10:33:24.205 | INFO     | N/A | ⏳ 等待 Profile 更新任务...
2026-07-12 10:33:29.222 | INFO     | N/A | ⏳ 等待 Profile 更新任务...
2026-07-12 10:33:34.241 | INFO     | N/A | ⏳ 等待 Profile 更新任务...
2026-07-12 10:33:39.259 | INFO     | N/A | ⏳ 等待 Profile 更新任务...
2026-07-12 10:33:44.278 | INFO     | N/A | ⏳ 等待 Profile 更新任务...
2026-07-12 10:33:49.298 | INFO     | N/A | ⏳ 等待 Profile 更新任务...
2026-07-12 10:33:54.316 | INFO     | N/A | ⏳ 等待 Profile 更新任务...
2026-07-12 10:33:59.333 | INFO     | N/A | ⏳ 等待 Profile 更新任务...
2026-07-12 10:34:04.350 | INFO     | N/A | ⏳ 等待 Profile 更新任务...
2026-07-12 10:34:09.369 | INFO     | N/A | ⏳ 等待 Profile 更新任务...
2026-07-12 10:34:14.387 | INFO     | N/A | ⏳ 等待 Profile 更新任务...
2026-07-12 10:34:19.405 | INFO     | N/A | ⏳ 等待 Profile 更新任务...
2026-07-12 10:34:24.424 | INFO     | N/A | ⏳ 等待 Profile 更新任务...
2026-07-12 10:34:29.446 | INFO     | N/A | ⏳ 等待 Profile 更新任务...
2026-07-12 10:34:34.472 | INFO     | N/A | ⏳ 等待 Profile 更新任务...
2026-07-12 10:34:39.500 | INFO     | N/A | ⏳ 等待 Profile 更新任务...
2026-07-12 10:34:44.527 | INFO     | N/A | ⏳ 等待 Profile 更新任务...
2026-07-12 10:34:49.555 | INFO     | N/A | ⏳ 等待 Profile 更新任务...
2026-07-12 10:34:54.579 | INFO     | N/A | ⏳ 等待 Profile 更新任务...
2026-07-12 10:34:59.606 | INFO     | N/A | ⏳ 等待 Profile 更新任务...
2026-07-12 10:35:04.632 | INFO     | N/A | ⏳ 等待 Profile 更新任务...
2026-07-12 10:35:09.663 | INFO     | N/A | ⏳ 等待 Profile 更新任务...
2026-07-12 10:35:14.689 | INFO     | N/A | ⏳ 等待 Profile 更新任务...
2026-07-12 10:35:19.714 | INFO     | N/A | ⏳ 等待 Profile 更新任务...
2026-07-12 10:35:24.738 | INFO     | N/A | ⏳ 等待 Profile 更新任务...
2026-07-12 10:35:29.762 | INFO     | N/A | ⏳ 等待 Profile 更新任务...
2026-07-12 10:35:34.787 | INFO     | N/A | ⏳ 等待 Profile 更新任务...
2026-07-12 10:35:39.813 | INFO     | N/A | ⏳ 等待 Profile 更新任务...
2026-07-12 10:35:44.837 | INFO     | N/A | ⏳ 等待 Profile 更新任务...
2026-07-12 10:35:49.861 | INFO     | N/A | ⏳ 等待 Profile 更新任务...
2026-07-12 10:35:54.887 | INFO     | N/A | ⏳ 等待 Profile 更新任务...
2026-07-12 10:35:59.911 | INFO     | N/A | ⏳ 等待 Profile 更新任务...
2026-07-12 10:36:04.970 | INFO     | N/A | ⏳ 等待 Profile 更新任务...
2026-07-12 10:36:09.996 | INFO     | N/A | ⏳ 等待 Profile 更新任务...
2026-07-12 10:36:15.020 | INFO     | N/A | ⏳ 等待 Profile 更新任务...
2026-07-12 10:36:19.794 | INFO     | N/A | ⏳ 等待 Profile 更新任务...
2026-07-12 10:36:24.539 | INFO     | N/A | ⏳ 等待 Profile 更新任务...
2026-07-12 10:36:29.564 | INFO     | N/A | ⏳ 等待 Profile 更新任务...
2026-07-12 10:36:34.587 | INFO     | N/A | ⏳ 等待 Profile 更新任务...
2026-07-12 10:36:39.611 | INFO     | N/A | ⏳ 等待 Profile 更新任务...
2026-07-12 10:36:44.637 | INFO     | N/A | ⏳ 等待 Profile 更新任务...
2026-07-12 10:36:49.663 | INFO     | N/A | ⏳ 等待 Profile 更新任务...
2026-07-12 10:36:54.699 | INFO     | N/A | ⏳ 等待 Profile 更新任务...
2026-07-12 10:36:59.724 | INFO     | N/A | ⏳ 等待 Profile 更新任务...
2026-07-12 10:37:04.749 | INFO     | N/A | ⏳ 等待 Profile 更新任务...
2026-07-12 10:37:09.772 | INFO     | N/A | ⏳ 等待 Profile 更新任务...
2026-07-12 10:37:14.796 | INFO     | N/A | ⏳ 等待 Profile 更新任务...
2026-07-12 10:37:19.818 | INFO     | N/A | ⏳ 等待 Profile 更新任务...
2026-07-12 10:37:24.843 | INFO     | N/A | ⏳ 等待 Profile 更新任务...
2026-07-12 10:37:29.867 | INFO     | N/A | ⏳ 等待 Profile 更新任务...
2026-07-12 10:37:34.893 | INFO     | N/A | ⏳ 等待 Profile 更新任务...
2026-07-12 10:37:39.919 | INFO     | N/A | ⏳ 等待 Profile 更新任务...
2026-07-12 10:37:44.945 | INFO     | N/A | ⏳ 等待 Profile 更新任务...
2026-07-12 10:37:49.970 | INFO     | N/A | ⏳ 等待 Profile 更新任务...
2026-07-12 10:37:54.993 | INFO     | N/A | ⏳ 等待 Profile 更新任务...
2026-07-12 10:38:00.018 | INFO     | N/A | ⏳ 等待 Profile 更新任务...
2026-07-12 10:38:05.041 | INFO     | N/A | ⏳ 等待 Profile 更新任务...
2026-07-12 10:38:10.067 | INFO     | N/A | ⏳ 等待 Profile 更新任务...
2026-07-12 10:38:15.091 | INFO     | N/A | ⏳ 等待 Profile 更新任务...
2026-07-12 10:38:20.116 | INFO     | N/A | ⏳ 等待 Profile 更新任务...
2026-07-12 10:38:25.139 | INFO     | N/A | ⏳ 等待 Profile 更新任务...
2026-07-12 10:38:30.163 | INFO     | N/A | ⏳ 等待 Profile 更新任务...
2026-07-12 10:38:35.189 | INFO     | N/A | ⏳ 等待 Profile 更新任务...
2026-07-12 10:38:40.211 | INFO     | N/A | ⏳ 等待 Profile 更新任务...
2026-07-12 10:38:45.235 | INFO     | N/A | ⏳ 等待 Profile 更新任务...
2026-07-12 10:38:50.262 | INFO     | N/A | ⏳ 等待 Profile 更新任务...
2026-07-12 10:38:55.286 | INFO     | N/A | ⏳ 等待 Profile 更新任务...
2026-07-12 10:39:00.311 | INFO     | N/A | ⏳ 等待 Profile 更新任务...
2026-07-12 10:39:05.337 | INFO     | N/A | ⏳ 等待 Profile 更新任务...
2026-07-12 10:39:10.363 | INFO     | N/A | ⏳ 等待 Profile 更新任务...
2026-07-12 10:39:15.389 | INFO     | N/A | ⏳ 等待 Profile 更新任务...
2026-07-12 10:39:20.415 | INFO     | N/A | ⏳ 等待 Profile 更新任务...
2026-07-12 10:39:25.439 | INFO     | N/A | ⏳ 等待 Profile 更新任务...
2026-07-12 10:39:30.465 | INFO     | N/A | ⏳ 等待 Profile 更新任务...
2026-07-12 10:39:35.489 | INFO     | N/A | ⏳ 等待 Profile 更新任务...
2026-07-12 10:39:40.516 | INFO     | N/A | ⏳ 等待 Profile 更新任务...
2026-07-12 10:39:45.541 | INFO     | N/A | ⏳ 等待 Profile 更新任务...
2026-07-12 10:39:50.567 | INFO     | N/A | ⏳ 等待 Profile 更新任务...
2026-07-12 10:39:55.593 | INFO     | N/A | ⏳ 等待 Profile 更新任务...
2026-07-12 10:40:00.618 | INFO     | N/A | ⏳ 等待 Profile 更新任务...
2026-07-12 10:40:05.649 | INFO     | N/A | ⏳ 等待 Profile 更新任务...
2026-07-12 10:40:10.671 | INFO     | N/A | ⏳ 等待 Profile 更新任务...
2026-07-12 10:40:15.697 | INFO     | N/A | ⏳ 等待 Profile 更新任务...
2026-07-12 10:40:20.721 | INFO     | N/A | ⏳ 等待 Profile 更新任务...
2026-07-12 10:40:25.747 | INFO     | N/A | ⏳ 等待 Profile 更新任务...
2026-07-12 10:40:30.773 | INFO     | N/A | ⏳ 等待 Profile 更新任务...
2026-07-12 10:40:35.799 | INFO     | N/A | ⏳ 等待 Profile 更新任务...
2026-07-12 10:40:40.823 | INFO     | N/A | ⏳ 等待 Profile 更新任务...
2026-07-12 10:40:45.848 | INFO     | N/A | ⏳ 等待 Profile 更新任务...
2026-07-12 10:40:50.874 | INFO     | N/A | ⏳ 等待 Profile 更新任务...
2026-07-12 10:40:55.900 | INFO     | N/A | ⏳ 等待 Profile 更新任务...
2026-07-12 10:41:00.927 | INFO     | N/A | ⏳ 等待 Profile 更新任务...
2026-07-12 10:41:05.953 | INFO     | N/A | ⏳ 等待 Profile 更新任务...
2026-07-12 10:41:10.978 | INFO     | N/A | ⏳ 等待 Profile 更新任务...
2026-07-12 10:41:16.003 | INFO     | N/A | ⏳ 等待 Profile 更新任务...
2026-07-12 10:41:21.026 | INFO     | N/A | ⏳ 等待 Profile 更新任务...
2026-07-12 10:41:26.051 | INFO     | N/A | ⏳ 等待 Profile 更新任务...
2026-07-12 10:41:31.076 | INFO     | N/A | ⏳ 等待 Profile 更新任务...
2026-07-12 10:41:36.102 | INFO     | N/A | ⏳ 等待 Profile 更新任务...
2026-07-12 10:41:41.129 | INFO     | N/A | ⏳ 等待 Profile 更新任务...
2026-07-12 10:41:46.154 | INFO     | N/A | ⏳ 等待 Profile 更新任务...
2026-07-12 10:41:51.178 | INFO     | N/A | ⏳ 等待 Profile 更新任务...
2026-07-12 10:41:56.202 | INFO     | N/A | ⏳ 等待 Profile 更新任务...
2026-07-12 10:42:01.226 | INFO     | N/A | ⏳ 等待 Profile 更新任务...
2026-07-12 10:42:06.251 | INFO     | N/A | ⏳ 等待 Profile 更新任务...
2026-07-12 10:42:11.279 | INFO     | N/A | ⏳ 等待 Profile 更新任务...
2026-07-12 10:42:16.303 | INFO     | N/A | ⏳ 等待 Profile 更新任务...
2026-07-12 10:42:21.329 | INFO     | N/A | ⏳ 等待 Profile 更新任务...
2026-07-12 10:42:26.354 | INFO     | N/A | ⏳ 等待 Profile 更新任务...
2026-07-12 10:42:31.378 | INFO     | N/A | ⏳ 等待 Profile 更新任务...
2026-07-12 10:42:36.403 | INFO     | N/A | ⏳ 等待 Profile 更新任务...
2026-07-12 10:42:41.428 | INFO     | N/A | ⏳ 等待 Profile 更新任务...
2026-07-12 10:42:46.452 | INFO     | N/A | ⏳ 等待 Profile 更新任务...
2026-07-12 10:42:51.478 | INFO     | N/A | ⏳ 等待 Profile 更新任务...
2026-07-12 10:42:56.503 | INFO     | N/A | ⏳ 等待 Profile 更新任务...
2026-07-12 10:43:01.528 | INFO     | N/A | ⏳ 等待 Profile 更新任务...
2026-07-12 10:43:06.553 | INFO     | N/A | ⏳ 等待 Profile 更新任务...
2026-07-12 10:43:11.582 | INFO     | N/A | ⏳ 等待 Profile 更新任务...
2026-07-12 10:43:16.608 | INFO     | N/A | ⏳ 等待 Profile 更新任务...
2026-07-12 10:43:21.635 | INFO     | N/A | ⏳ 等待 Profile 更新任务...
2026-07-12 10:43:26.661 | INFO     | N/A | ⏳ 等待 Profile 更新任务...
2026-07-12 10:43:31.685 | INFO     | N/A | ⏳ 等待 Profile 更新任务...
2026-07-12 10:43:36.713 | INFO     | N/A | ⏳ 等待 Profile 更新任务...
2026-07-12 10:43:41.739 | INFO     | N/A | ⏳ 等待 Profile 更新任务...
2026-07-12 10:43:46.763 | INFO     | N/A | ⏳ 等待 Profile 更新任务...
2026-07-12 10:43:51.788 | INFO     | N/A | ⏳ 等待 Profile 更新任务...
2026-07-12 10:43:56.814 | INFO     | N/A | ⏳ 等待 Profile 更新任务...
2026-07-12 10:44:01.838 | INFO     | N/A | ⏳ 等待 Profile 更新任务...
2026-07-12 10:44:06.864 | INFO     | N/A | ⏳ 等待 Profile 更新任务...
2026-07-12 10:44:11.895 | INFO     | N/A | ⏳ 等待 Profile 更新任务...
2026-07-12 10:44:16.921 | INFO     | N/A | ⏳ 等待 Profile 更新任务...
2026-07-12 10:44:21.946 | INFO     | N/A | ⏳ 等待 Profile 更新任务...
2026-07-12 10:44:26.972 | INFO     | N/A | ⏳ 等待 Profile 更新任务...
2026-07-12 10:44:31.997 | INFO     | N/A | ⏳ 等待 Profile 更新任务...
2026-07-12 10:44:37.021 | INFO     | N/A | ⏳ 等待 Profile 更新任务...
2026-07-12 10:44:42.048 | INFO     | N/A | ⏳ 等待 Profile 更新任务...
2026-07-12 10:44:47.075 | INFO     | N/A | ⏳ 等待 Profile 更新任务...
2026-07-12 10:44:52.101 | INFO     | N/A | ⏳ 等待 Profile 更新任务...
2026-07-12 10:44:57.128 | INFO     | N/A | ⏳ 等待 Profile 更新任务...
2026-07-12 10:45:02.155 | INFO     | N/A | ⏳ 等待 Profile 更新任务...
2026-07-12 10:45:07.181 | INFO     | N/A | ⏳ 等待 Profile 更新任务...
2026-07-12 10:45:12.210 | INFO     | N/A | ⏳ 等待 Profile 更新任务...
2026-07-12 10:45:17.234 | INFO     | N/A | ⏳ 等待 Profile 更新任务...
2026-07-12 10:45:22.260 | INFO     | N/A | ⏳ 等待 Profile 更新任务...
2026-07-12 10:45:27.284 | INFO     | N/A | ⏳ 等待 Profile 更新任务...
2026-07-12 10:45:32.310 | INFO     | N/A | ⏳ 等待 Profile 更新任务...
2026-07-12 10:45:37.337 | INFO     | N/A | ⏳ 等待 Profile 更新任务...
2026-07-12 10:45:42.367 | INFO     | N/A | ⏳ 等待 Profile 更新任务...
2026-07-12 10:45:47.392 | INFO     | N/A | ⏳ 等待 Profile 更新任务...
2026-07-12 10:45:52.416 | INFO     | N/A | ⏳ 等待 Profile 更新任务...
2026-07-12 10:45:57.442 | INFO     | N/A | ⏳ 等待 Profile 更新任务...
2026-07-12 10:46:02.465 | INFO     | N/A | ⏳ 等待 Profile 更新任务...
2026-07-12 10:46:07.488 | INFO     | N/A | ⏳ 等待 Profile 更新任务...
2026-07-12 10:46:12.514 | INFO     | N/A | ⏳ 等待 Profile 更新任务...
2026-07-12 10:46:17.540 | INFO     | N/A | ⏳ 等待 Profile 更新任务...
2026-07-12 10:46:22.563 | INFO     | N/A | ⏳ 等待 Profile 更新任务...
2026-07-12 10:46:27.590 | INFO     | N/A | ⏳ 等待 Profile 更新任务...
2026-07-12 10:46:32.615 | INFO     | N/A | ⏳ 等待 Profile 更新任务...
2026-07-12 10:46:37.641 | INFO     | N/A | ⏳ 等待 Profile 更新任务...
2026-07-12 10:46:42.663 | INFO     | N/A | ⏳ 等待 Profile 更新任务...
2026-07-12 10:46:47.687 | INFO     | N/A | ⏳ 等待 Profile 更新任务...
2026-07-12 10:46:52.711 | INFO     | N/A | ⏳ 等待 Profile 更新任务...
2026-07-12 10:46:57.736 | INFO     | N/A | ⏳ 等待 Profile 更新任务...
2026-07-12 10:47:02.760 | INFO     | N/A | ⏳ 等待 Profile 更新任务...
2026-07-12 10:47:07.782 | INFO     | N/A | ⏳ 等待 Profile 更新任务...
2026-07-12 10:47:12.819 | INFO     | N/A | ⏳ 等待 Profile 更新任务...
2026-07-12 10:47:17.843 | INFO     | N/A | ⏳ 等待 Profile 更新任务...
2026-07-12 10:47:22.868 | INFO     | N/A | ⏳ 等待 Profile 更新任务...
2026-07-12 10:47:27.895 | INFO     | N/A | ⏳ 等待 Profile 更新任务...
2026-07-12 10:47:32.921 | INFO     | N/A | ⏳ 等待 Profile 更新任务...
2026-07-12 10:47:37.947 | INFO     | N/A | ⏳ 等待 Profile 更新任务...
2026-07-12 10:47:42.970 | INFO     | N/A | ⏳ 等待 Profile 更新任务...
2026-07-12 10:47:47.995 | INFO     | N/A | ⏳ 等待 Profile 更新任务...
2026-07-12 10:47:53.018 | INFO     | N/A | ⏳ 等待 Profile 更新任务...
2026-07-12 10:47:58.043 | INFO     | N/A | ⏳ 等待 Profile 更新任务...
2026-07-12 10:48:03.068 | INFO     | N/A | ⏳ 等待 Profile 更新任务...
2026-07-12 10:48:08.093 | INFO     | N/A | ⏳ 等待 Profile 更新任务...
2026-07-12 10:48:13.120 | INFO     | N/A | ⏳ 等待 Profile 更新任务...
2026-07-12 10:48:18.144 | INFO     | N/A | ⏳ 等待 Profile 更新任务...
2026-07-12 10:48:23.170 | INFO     | N/A | ⏳ 等待 Profile 更新任务...
2026-07-12 10:48:28.194 | INFO     | N/A | ⏳ 等待 Profile 更新任务...
2026-07-12 10:48:33.217 | INFO     | N/A | ⏳ 等待 Profile 更新任务...
2026-07-12 10:48:38.241 | INFO     | N/A | ⏳ 等待 Profile 更新任务...
2026-07-12 10:48:43.264 | INFO     | N/A | ⏳ 等待 Profile 更新任务...
2026-07-12 10:48:48.288 | INFO     | N/A | ⏳ 等待 Profile 更新任务...
2026-07-12 10:48:53.312 | INFO     | N/A | ⏳ 等待 Profile 更新任务...
2026-07-12 10:48:58.335 | INFO     | N/A | ⏳ 等待 Profile 更新任务...
2026-07-12 10:49:03.359 | INFO     | N/A | ⏳ 等待 Profile 更新任务...
2026-07-12 10:49:08.384 | INFO     | N/A | ⏳ 等待 Profile 更新任务...
2026-07-12 10:49:13.411 | INFO     | N/A | ⏳ 等待 Profile 更新任务...
2026-07-12 10:49:18.435 | INFO     | N/A | ⏳ 等待 Profile 更新任务...
2026-07-12 10:49:23.459 | INFO     | N/A | ⏳ 等待 Profile 更新任务...
2026-07-12 10:49:28.485 | INFO     | N/A | ⏳ 等待 Profile 更新任务...
2026-07-12 10:49:33.510 | INFO     | N/A | ⏳ 等待 Profile 更新任务...
2026-07-12 10:49:38.534 | INFO     | N/A | ⏳ 等待 Profile 更新任务...
2026-07-12 10:49:43.563 | INFO     | N/A | ⏳ 等待 Profile 更新任务...
2026-07-12 10:49:48.588 | INFO     | N/A | ⏳ 等待 Profile 更新任务...
2026-07-12 10:49:53.612 | INFO     | N/A | ⏳ 等待 Profile 更新任务...
2026-07-12 10:49:58.638 | INFO     | N/A | ⏳ 等待 Profile 更新任务...
2026-07-12 10:50:03.662 | INFO     | N/A | ⏳ 等待 Profile 更新任务...
2026-07-12 10:50:08.687 | INFO     | N/A | ⏳ 等待 Profile 更新任务...
2026-07-12 10:50:13.720 | INFO     | N/A | ⏳ 等待 Profile 更新任务...
2026-07-12 10:50:18.742 | INFO     | N/A | ⏳ 等待 Profile 更新任务...
2026-07-12 10:50:23.770 | INFO     | N/A | ⏳ 等待 Profile 更新任务...
2026-07-12 10:50:28.792 | INFO     | N/A | ⏳ 等待 Profile 更新任务...
2026-07-12 10:50:33.820 | INFO     | N/A | ⏳ 等待 Profile 更新任务...
2026-07-12 10:50:38.842 | INFO     | N/A | ⏳ 等待 Profile 更新任务...
2026-07-12 10:50:43.869 | INFO     | N/A | ⏳ 等待 Profile 更新任务...
2026-07-12 10:50:48.891 | INFO     | N/A | ⏳ 等待 Profile 更新任务...
2026-07-12 10:50:53.916 | INFO     | N/A | ⏳ 等待 Profile 更新任务...
2026-07-12 10:50:58.939 | INFO     | N/A | ⏳ 等待 Profile 更新任务...
2026-07-12 10:51:03.963 | INFO     | N/A | ⏳ 等待 Profile 更新任务...
2026-07-12 10:51:08.986 | INFO     | N/A | ⏳ 等待 Profile 更新任务...
2026-07-12 10:51:14.014 | INFO     | N/A | ⏳ 等待 Profile 更新任务...
2026-07-12 10:51:19.037 | INFO     | N/A | ⏳ 等待 Profile 更新任务...
2026-07-12 10:51:24.061 | INFO     | N/A | ⏳ 等待 Profile 更新任务...
2026-07-12 10:51:29.084 | INFO     | N/A | ⏳ 等待 Profile 更新任务...
2026-07-12 10:51:34.106 | INFO     | N/A | ⏳ 等待 Profile 更新任务...
2026-07-12 10:51:39.131 | INFO     | N/A | ⏳ 等待 Profile 更新任务...
2026-07-12 10:51:44.156 | INFO     | N/A | ⏳ 等待 Profile 更新任务...
2026-07-12 10:51:49.180 | INFO     | N/A | ⏳ 等待 Profile 更新任务...
2026-07-12 10:51:54.206 | INFO     | N/A | ⏳ 等待 Profile 更新任务...
2026-07-12 10:51:59.231 | INFO     | N/A | ⏳ 等待 Profile 更新任务...
2026-07-12 10:52:04.254 | INFO     | N/A | ⏳ 等待 Profile 更新任务...
2026-07-12 10:52:09.279 | INFO     | N/A | ⏳ 等待 Profile 更新任务...
2026-07-12 10:52:14.307 | INFO     | N/A | ⏳ 等待 Profile 更新任务...
2026-07-12 10:52:19.330 | INFO     | N/A | ⏳ 等待 Profile 更新任务...
2026-07-12 10:52:24.356 | INFO     | N/A | ⏳ 等待 Profile 更新任务...
2026-07-12 10:52:29.379 | INFO     | N/A | ⏳ 等待 Profile 更新任务...
2026-07-12 10:52:34.404 | INFO     | N/A | ⏳ 等待 Profile 更新任务...
2026-07-12 10:52:39.429 | INFO     | N/A | ⏳ 等待 Profile 更新任务...
2026-07-12 10:52:44.459 | INFO     | N/A | ⏳ 等待 Profile 更新任务...
2026-07-12 10:52:49.482 | INFO     | N/A | ⏳ 等待 Profile 更新任务...
2026-07-12 10:52:54.507 | INFO     | N/A | ⏳ 等待 Profile 更新任务...
2026-07-12 10:52:59.532 | INFO     | N/A | ⏳ 等待 Profile 更新任务...
2026-07-12 10:53:04.557 | INFO     | N/A | ⏳ 等待 Profile 更新任务...
2026-07-12 10:53:09.582 | INFO     | N/A | ⏳ 等待 Profile 更新任务...
2026-07-12 10:53:14.612 | INFO     | N/A | ⏳ 等待 Profile 更新任务...
2026-07-12 10:53:19.637 | INFO     | N/A | ⏳ 等待 Profile 更新任务...
2026-07-12 10:53:24.662 | INFO     | N/A | ⏳ 等待 Profile 更新任务...
2026-07-12 10:53:29.687 | INFO     | N/A | ⏳ 等待 Profile 更新任务...
2026-07-12 10:53:34.710 | INFO     | N/A | ⏳ 等待 Profile 更新任务...
2026-07-12 10:53:39.739 | INFO     | N/A | ⏳ 等待 Profile 更新任务...
2026-07-12 10:53:44.763 | INFO     | N/A | ⏳ 等待 Profile 更新任务...
2026-07-12 10:53:49.788 | INFO     | N/A | ⏳ 等待 Profile 更新任务...
2026-07-12 10:53:54.812 | INFO     | N/A | ⏳ 等待 Profile 更新任务...
2026-07-12 10:53:59.836 | INFO     | N/A | ⏳ 等待 Profile 更新任务...
2026-07-12 10:54:04.858 | INFO     | N/A | ⏳ 等待 Profile 更新任务...
2026-07-12 10:54:09.882 | INFO     | N/A | ⏳ 等待 Profile 更新任务...
2026-07-12 10:54:14.912 | INFO     | N/A | ⏳ 等待 Profile 更新任务...
2026-07-12 10:54:19.935 | INFO     | N/A | ⏳ 等待 Profile 更新任务...
2026-07-12 10:54:24.960 | INFO     | N/A | ⏳ 等待 Profile 更新任务...
2026-07-12 10:54:29.985 | INFO     | N/A | ⏳ 等待 Profile 更新任务...
2026-07-12 10:54:35.010 | INFO     | N/A | ⏳ 等待 Profile 更新任务...
2026-07-12 10:54:40.034 | INFO     | N/A | ⏳ 等待 Profile 更新任务...
2026-07-12 10:54:45.061 | INFO     | N/A | ⏳ 等待 Profile 更新任务...
2026-07-12 10:54:50.085 | INFO     | N/A | ⏳ 等待 Profile 更新任务...
2026-07-12 10:54:55.109 | INFO     | N/A | ⏳ 等待 Profile 更新任务...
2026-07-12 10:55:00.136 | INFO     | N/A | ⏳ 等待 Profile 更新任务...
2026-07-12 10:55:05.160 | INFO     | N/A | ⏳ 等待 Profile 更新任务...
2026-07-12 10:55:10.184 | INFO     | N/A | ⏳ 等待 Profile 更新任务...
2026-07-12 10:55:15.215 | INFO     | N/A | ⏳ 等待 Profile 更新任务...
2026-07-12 10:55:20.241 | INFO     | N/A | ⏳ 等待 Profile 更新任务...
2026-07-12 10:55:25.266 | INFO     | N/A | ⏳ 等待 Profile 更新任务...
2026-07-12 10:55:30.291 | INFO     | N/A | ⏳ 等待 Profile 更新任务...
2026-07-12 10:55:35.316 | INFO     | N/A | ⏳ 等待 Profile 更新任务...
2026-07-12 10:55:40.339 | INFO     | N/A | ⏳ 等待 Profile 更新任务...
2026-07-12 10:55:45.364 | INFO     | N/A | ⏳ 等待 Profile 更新任务...
2026-07-12 10:55:50.388 | INFO     | N/A | ⏳ 等待 Profile 更新任务...
2026-07-12 10:55:55.411 | INFO     | N/A | ⏳ 等待 Profile 更新任务...
2026-07-12 10:56:00.437 | INFO     | N/A | ⏳ 等待 Profile 更新任务...
2026-07-12 10:56:05.461 | INFO     | N/A | ⏳ 等待 Profile 更新任务...
2026-07-12 10:56:10.485 | INFO     | N/A | ⏳ 等待 Profile 更新任务...
2026-07-12 10:56:15.512 | INFO     | N/A | ⏳ 等待 Profile 更新任务...
2026-07-12 10:56:20.537 | INFO     | N/A | ⏳ 等待 Profile 更新任务...
2026-07-12 10:56:25.561 | INFO     | N/A | ⏳ 等待 Profile 更新任务...
2026-07-12 10:56:30.586 | INFO     | N/A | ⏳ 等待 Profile 更新任务...
2026-07-12 10:56:35.609 | INFO     | N/A | ⏳ 等待 Profile 更新任务...
2026-07-12 10:56:40.634 | INFO     | N/A | ⏳ 等待 Profile 更新任务...
2026-07-12 10:56:45.658 | INFO     | N/A | ⏳ 等待 Profile 更新任务...
2026-07-12 10:56:50.684 | INFO     | N/A | ⏳ 等待 Profile 更新任务...
2026-07-12 10:56:55.710 | INFO     | N/A | ⏳ 等待 Profile 更新任务...
2026-07-12 10:57:00.735 | INFO     | N/A | ⏳ 等待 Profile 更新任务...
2026-07-12 10:57:05.760 | INFO     | N/A | ⏳ 等待 Profile 更新任务...
2026-07-12 10:57:10.784 | INFO     | N/A | ⏳ 等待 Profile 更新任务...
2026-07-12 10:57:15.807 | INFO     | N/A | ⏳ 等待 Profile 更新任务...
2026-07-12 10:57:20.832 | INFO     | N/A | ⏳ 等待 Profile 更新任务...
2026-07-12 10:57:25.856 | INFO     | N/A | ⏳ 等待 Profile 更新任务...
2026-07-12 10:57:30.882 | INFO     | N/A | ⏳ 等待 Profile 更新任务...
2026-07-12 10:57:35.909 | INFO     | N/A | ⏳ 等待 Profile 更新任务...
2026-07-12 10:57:40.934 | INFO     | N/A | ⏳ 等待 Profile 更新任务...
2026-07-12 10:57:45.959 | INFO     | N/A | ⏳ 等待 Profile 更新任务...
2026-07-12 10:57:50.981 | INFO     | N/A | ⏳ 等待 Profile 更新任务...
2026-07-12 10:57:56.005 | INFO     | N/A | ⏳ 等待 Profile 更新任务...
2026-07-12 10:58:01.029 | INFO     | N/A | ⏳ 等待 Profile 更新任务...
2026-07-12 10:58:06.054 | INFO     | N/A | ⏳ 等待 Profile 更新任务...
2026-07-12 10:58:11.079 | INFO     | N/A | ⏳ 等待 Profile 更新任务...
2026-07-12 10:58:16.104 | INFO     | N/A | ⏳ 等待 Profile 更新任务...
2026-07-12 10:58:21.128 | INFO     | N/A | ⏳ 等待 Profile 更新任务...
2026-07-12 10:58:26.153 | INFO     | N/A | ⏳ 等待 Profile 更新任务...
2026-07-12 10:58:31.177 | INFO     | N/A | ⏳ 等待 Profile 更新任务...
2026-07-12 10:58:36.204 | INFO     | N/A | ⏳ 等待 Profile 更新任务...
2026-07-12 10:58:41.226 | INFO     | N/A | ⏳ 等待 Profile 更新任务...
2026-07-12 10:58:46.254 | INFO     | N/A | ⏳ 等待 Profile 更新任务...
2026-07-12 10:58:51.278 | INFO     | N/A | ⏳ 等待 Profile 更新任务...
2026-07-12 10:58:56.302 | INFO     | N/A | ⏳ 等待 Profile 更新任务...
2026-07-12 10:59:01.326 | INFO     | N/A | ⏳ 等待 Profile 更新任务...
2026-07-12 10:59:06.350 | INFO     | N/A | ⏳ 等待 Profile 更新任务...
2026-07-12 10:59:11.375 | INFO     | N/A | ⏳ 等待 Profile 更新任务...
2026-07-12 10:59:16.401 | INFO     | N/A | ⏳ 等待 Profile 更新任务...
2026-07-12 10:59:21.427 | INFO     | N/A | ⏳ 等待 Profile 更新任务...
2026-07-12 10:59:26.451 | INFO     | N/A | ⏳ 等待 Profile 更新任务...
2026-07-12 10:59:31.478 | INFO     | N/A | ⏳ 等待 Profile 更新任务...
2026-07-12 10:59:36.502 | INFO     | N/A | ⏳ 等待 Profile 更新任务...
2026-07-12 10:59:41.526 | INFO     | N/A | ⏳ 等待 Profile 更新任务...
2026-07-12 10:59:46.550 | INFO     | N/A | ⏳ 等待 Profile 更新任务...
2026-07-12 10:59:51.576 | INFO     | N/A | ⏳ 等待 Profile 更新任务...
2026-07-12 10:59:56.599 | INFO     | N/A | ⏳ 等待 Profile 更新任务...
2026-07-12 11:00:01.624 | INFO     | N/A | ⏳ 等待 Profile 更新任务...
2026-07-12 11:00:06.645 | INFO     | N/A | ⏳ 等待 Profile 更新任务...
2026-07-12 11:00:11.670 | INFO     | N/A | ⏳ 等待 Profile 更新任务...
2026-07-12 11:00:16.699 | INFO     | N/A | ⏳ 等待 Profile 更新任务...
2026-07-12 11:00:21.725 | INFO     | N/A | ⏳ 等待 Profile 更新任务...
2026-07-12 11:00:26.748 | INFO     | N/A | ⏳ 等待 Profile 更新任务...
2026-07-12 11:00:31.772 | INFO     | N/A | ⏳ 等待 Profile 更新任务...
2026-07-12 11:00:36.800 | INFO     | N/A | ⏳ 等待 Profile 更新任务...
2026-07-12 11:00:41.823 | INFO     | N/A | ⏳ 等待 Profile 更新任务...
2026-07-12 11:00:46.848 | INFO     | N/A | ⏳ 等待 Profile 更新任务...
2026-07-12 11:00:51.871 | INFO     | N/A | ⏳ 等待 Profile 更新任务...
2026-07-12 11:00:56.896 | INFO     | N/A | ⏳ 等待 Profile 更新任务...
2026-07-12 11:01:01.922 | INFO     | N/A | ⏳ 等待 Profile 更新任务...
2026-07-12 11:01:06.947 | INFO     | N/A | ⏳ 等待 Profile 更新任务...
2026-07-12 11:01:11.971 | INFO     | N/A | ⏳ 等待 Profile 更新任务...
2026-07-12 11:01:16.998 | INFO     | N/A | ⏳ 等待 Profile 更新任务...
2026-07-12 11:01:22.024 | INFO     | N/A | ⏳ 等待 Profile 更新任务...
2026-07-12 11:01:27.049 | INFO     | N/A | ⏳ 等待 Profile 更新任务...
2026-07-12 11:01:32.076 | INFO     | N/A | ⏳ 等待 Profile 更新任务...
2026-07-12 11:01:37.100 | INFO     | N/A | ⏳ 等待 Profile 更新任务...
2026-07-12 11:01:42.124 | INFO     | N/A | ⏳ 等待 Profile 更新任务...
2026-07-12 11:01:47.150 | INFO     | N/A | ⏳ 等待 Profile 更新任务...
2026-07-12 11:01:52.174 | INFO     | N/A | ⏳ 等待 Profile 更新任务...
2026-07-12 11:01:57.198 | INFO     | N/A | ⏳ 等待 Profile 更新任务...
2026-07-12 11:02:02.223 | INFO     | N/A | ⏳ 等待 Profile 更新任务...
2026-07-12 11:02:07.249 | INFO     | N/A | ⏳ 等待 Profile 更新任务...
2026-07-12 11:02:12.272 | INFO     | N/A | ⏳ 等待 Profile 更新任务...
2026-07-12 11:02:17.297 | INFO     | N/A | ⏳ 等待 Profile 更新任务...
2026-07-12 11:02:22.326 | INFO     | N/A | ⏳ 等待 Profile 更新任务...
2026-07-12 11:02:27.350 | INFO     | N/A | ⏳ 等待 Profile 更新任务...
2026-07-12 11:02:32.375 | INFO     | N/A | ⏳ 等待 Profile 更新任务...
2026-07-12 11:02:37.442 | INFO     | N/A | ⏳ 等待 Profile 更新任务...
2026-07-12 11:02:42.466 | INFO     | N/A | ⏳ 等待 Profile 更新任务...
2026-07-12 11:02:47.495 | INFO     | N/A | ⏳ 等待 Profile 更新任务...
2026-07-12 11:02:52.519 | INFO     | N/A | ⏳ 等待 Profile 更新任务...
2026-07-12 11:02:57.544 | INFO     | N/A | ⏳ 等待 Profile 更新任务...
2026-07-12 11:03:02.569 | INFO     | N/A | ⏳ 等待 Profile 更新任务...
2026-07-12 11:03:07.593 | INFO     | N/A | ⏳ 等待 Profile 更新任务...
2026-07-12 11:03:12.618 | INFO     | N/A | ⏳ 等待 Profile 更新任务...
2026-07-12 11:03:17.642 | INFO     | N/A | ⏳ 等待 Profile 更新任务...
2026-07-12 11:03:22.675 | INFO     | N/A | ⏳ 等待 Profile 更新任务...
2026-07-12 11:03:27.698 | INFO     | N/A | ⏳ 等待 Profile 更新任务...
2026-07-12 11:03:32.723 | INFO     | N/A | ⏳ 等待 Profile 更新任务...
2026-07-12 11:03:37.748 | INFO     | N/A | ⏳ 等待 Profile 更新任务...
2026-07-12 11:03:42.772 | INFO     | N/A | ⏳ 等待 Profile 更新任务...
2026-07-12 11:03:47.798 | INFO     | N/A | ⏳ 等待 Profile 更新任务...
2026-07-12 11:03:52.822 | INFO     | N/A | ⏳ 等待 Profile 更新任务...
2026-07-12 11:03:57.848 | INFO     | N/A | ⏳ 等待 Profile 更新任务...
2026-07-12 11:04:02.873 | INFO     | N/A | ⏳ 等待 Profile 更新任务...
2026-07-12 11:04:07.896 | INFO     | N/A | ⏳ 等待 Profile 更新任务...
2026-07-12 11:04:12.922 | INFO     | N/A | ⏳ 等待 Profile 更新任务...
2026-07-12 11:04:17.947 | INFO     | N/A | ⏳ 等待 Profile 更新任务...
2026-07-12 11:04:22.972 | INFO     | N/A | ⏳ 等待 Profile 更新任务...
2026-07-12 11:04:27.996 | INFO     | N/A | ⏳ 等待 Profile 更新任务...
2026-07-12 11:04:33.020 | INFO     | N/A | ⏳ 等待 Profile 更新任务...
2026-07-12 11:04:38.045 | INFO     | N/A | ⏳ 等待 Profile 更新任务...
2026-07-12 11:04:43.071 | INFO     | N/A | ⏳ 等待 Profile 更新任务...
2026-07-12 11:04:48.095 | INFO     | N/A | ⏳ 等待 Profile 更新任务...
2026-07-12 11:04:53.119 | INFO     | N/A | ⏳ 等待 Profile 更新任务...
2026-07-12 11:04:58.143 | INFO     | N/A | ⏳ 等待 Profile 更新任务...
2026-07-12 11:05:03.167 | INFO     | N/A | ⏳ 等待 Profile 更新任务...
2026-07-12 11:05:08.190 | INFO     | N/A | ⏳ 等待 Profile 更新任务...
2026-07-12 11:05:13.215 | INFO     | N/A | ⏳ 等待 Profile 更新任务...
2026-07-12 11:05:18.238 | INFO     | N/A | ⏳ 等待 Profile 更新任务...
2026-07-12 11:05:23.266 | INFO     | N/A | ⏳ 等待 Profile 更新任务...
2026-07-12 11:05:28.291 | INFO     | N/A | ⏳ 等待 Profile 更新任务...
2026-07-12 11:05:33.319 | INFO     | N/A | ⏳ 等待 Profile 更新任务...
2026-07-12 11:05:38.343 | INFO     | N/A | ⏳ 等待 Profile 更新任务...
2026-07-12 11:05:43.367 | INFO     | N/A | ⏳ 等待 Profile 更新任务...
2026-07-12 11:05:48.392 | INFO     | N/A | ⏳ 等待 Profile 更新任务...
2026-07-12 11:05:53.414 | INFO     | N/A | ⏳ 等待 Profile 更新任务...
2026-07-12 11:05:58.437 | INFO     | N/A | ⏳ 等待 Profile 更新任务...
2026-07-12 11:06:03.462 | INFO     | N/A | ⏳ 等待 Profile 更新任务...
2026-07-12 11:06:08.485 | INFO     | N/A | ⏳ 等待 Profile 更新任务...
2026-07-12 11:06:13.510 | INFO     | N/A | ⏳ 等待 Profile 更新任务...
2026-07-12 11:06:18.535 | INFO     | N/A | ⏳ 等待 Profile 更新任务...
2026-07-12 11:06:23.562 | INFO     | N/A | ⏳ 等待 Profile 更新任务...
2026-07-12 11:06:28.585 | INFO     | N/A | ⏳ 等待 Profile 更新任务...
2026-07-12 11:06:33.610 | INFO     | N/A | ⏳ 等待 Profile 更新任务...
2026-07-12 11:06:38.636 | INFO     | N/A | ⏳ 等待 Profile 更新任务...
2026-07-12 11:06:43.660 | INFO     | N/A | ⏳ 等待 Profile 更新任务...
2026-07-12 11:06:48.683 | INFO     | N/A | ⏳ 等待 Profile 更新任务...
2026-07-12 11:06:53.707 | INFO     | N/A | ⏳ 等待 Profile 更新任务...
2026-07-12 11:06:58.731 | INFO     | N/A | ⏳ 等待 Profile 更新任务...
2026-07-12 11:07:03.755 | INFO     | N/A | ⏳ 等待 Profile 更新任务...
2026-07-12 11:07:08.781 | INFO     | N/A | ⏳ 等待 Profile 更新任务...
2026-07-12 11:07:13.806 | INFO     | N/A | ⏳ 等待 Profile 更新任务...
2026-07-12 11:07:18.830 | INFO     | N/A | ⏳ 等待 Profile 更新任务...
2026-07-12 11:07:23.868 | INFO     | N/A | ⏳ 等待 Profile 更新任务...
2026-07-12 11:07:28.893 | INFO     | N/A | ⏳ 等待 Profile 更新任务...
2026-07-12 11:07:33.917 | INFO     | N/A | ⏳ 等待 Profile 更新任务...
2026-07-12 11:07:38.942 | INFO     | N/A | ⏳ 等待 Profile 更新任务...
2026-07-12 11:07:43.967 | INFO     | N/A | ⏳ 等待 Profile 更新任务...
2026-07-12 11:07:48.991 | INFO     | N/A | ⏳ 等待 Profile 更新任务...
2026-07-12 11:07:54.016 | INFO     | N/A | ⏳ 等待 Profile 更新任务...
2026-07-12 11:07:59.040 | INFO     | N/A | ⏳ 等待 Profile 更新任务...
2026-07-12 11:08:04.065 | INFO     | N/A | ⏳ 等待 Profile 更新任务...
2026-07-12 11:08:09.090 | INFO     | N/A | ⏳ 等待 Profile 更新任务...
2026-07-12 11:08:14.113 | INFO     | N/A | ⏳ 等待 Profile 更新任务...
2026-07-12 11:08:19.138 | INFO     | N/A | ⏳ 等待 Profile 更新任务...
2026-07-12 11:08:24.162 | INFO     | N/A | ⏳ 等待 Profile 更新任务...
2026-07-12 11:08:29.190 | INFO     | N/A | ⏳ 等待 Profile 更新任务...
2026-07-12 11:08:34.216 | INFO     | N/A | ⏳ 等待 Profile 更新任务...
2026-07-12 11:08:39.241 | INFO     | N/A | ⏳ 等待 Profile 更新任务...
2026-07-12 11:08:44.264 | INFO     | N/A | ⏳ 等待 Profile 更新任务...
2026-07-12 11:08:49.289 | INFO     | N/A | ⏳ 等待 Profile 更新任务...
2026-07-12 11:08:54.314 | INFO     | N/A | ⏳ 等待 Profile 更新任务...
2026-07-12 11:08:59.336 | INFO     | N/A | ⏳ 等待 Profile 更新任务...
2026-07-12 11:09:04.360 | INFO     | N/A | ⏳ 等待 Profile 更新任务...
2026-07-12 11:09:09.384 | INFO     | N/A | ⏳ 等待 Profile 更新任务...
2026-07-12 11:09:14.407 | INFO     | N/A | ⏳ 等待 Profile 更新任务...
2026-07-12 11:09:19.433 | INFO     | N/A | ⏳ 等待 Profile 更新任务...
2026-07-12 11:09:24.458 | INFO     | N/A | ⏳ 等待 Profile 更新任务...
2026-07-12 11:09:29.482 | INFO     | N/A | ⏳ 等待 Profile 更新任务...
2026-07-12 11:09:34.505 | INFO     | N/A | ⏳ 等待 Profile 更新任务...
2026-07-12 11:09:39.529 | INFO     | N/A | ⏳ 等待 Profile 更新任务...
2026-07-12 11:09:44.553 | INFO     | N/A | ⏳ 等待 Profile 更新任务...
2026-07-12 11:09:49.580 | INFO     | N/A | ⏳ 等待 Profile 更新任务...
2026-07-12 11:09:54.605 | INFO     | N/A | ⏳ 等待 Profile 更新任务...
2026-07-12 11:09:59.628 | INFO     | N/A | ⏳ 等待 Profile 更新任务...
2026-07-12 11:10:04.654 | INFO     | N/A | ⏳ 等待 Profile 更新任务...
2026-07-12 11:10:09.680 | INFO     | N/A | ⏳ 等待 Profile 更新任务...
2026-07-12 11:10:14.706 | INFO     | N/A | ⏳ 等待 Profile 更新任务...
2026-07-12 11:10:19.732 | INFO     | N/A | ⏳ 等待 Profile 更新任务...
2026-07-12 11:10:24.756 | INFO     | N/A | ⏳ 等待 Profile 更新任务...
2026-07-12 11:10:29.781 | INFO     | N/A | ⏳ 等待 Profile 更新任务...
2026-07-12 11:10:34.805 | INFO     | N/A | ⏳ 等待 Profile 更新任务...
2026-07-12 11:10:39.829 | INFO     | N/A | ⏳ 等待 Profile 更新任务...
2026-07-12 11:10:44.853 | INFO     | N/A | ⏳ 等待 Profile 更新任务...
2026-07-12 11:10:49.880 | INFO     | N/A | ⏳ 等待 Profile 更新任务...
2026-07-12 11:10:54.903 | INFO     | N/A | ⏳ 等待 Profile 更新任务...
2026-07-12 11:10:59.929 | INFO     | N/A | ⏳ 等待 Profile 更新任务...
2026-07-12 11:11:04.954 | INFO     | N/A | ⏳ 等待 Profile 更新任务...
2026-07-12 11:11:09.979 | INFO     | N/A | ⏳ 等待 Profile 更新任务...
2026-07-12 11:11:15.005 | INFO     | N/A | ⏳ 等待 Profile 更新任务...
2026-07-12 11:11:20.030 | INFO     | N/A | ⏳ 等待 Profile 更新任务...
2026-07-12 11:11:25.055 | INFO     | N/A | ⏳ 等待 Profile 更新任务...
2026-07-12 11:11:30.080 | INFO     | N/A | ⏳ 等待 Profile 更新任务...
2026-07-12 11:11:35.105 | INFO     | N/A | ⏳ 等待 Profile 更新任务...
2026-07-12 11:11:40.129 | INFO     | N/A | ⏳ 等待 Profile 更新任务...
2026-07-12 11:11:45.153 | INFO     | N/A | ⏳ 等待 Profile 更新任务...
2026-07-12 11:11:50.180 | INFO     | N/A | ⏳ 等待 Profile 更新任务...
2026-07-12 11:11:55.204 | INFO     | N/A | ⏳ 等待 Profile 更新任务...
2026-07-12 11:12:00.228 | INFO     | N/A | ⏳ 等待 Profile 更新任务...
2026-07-12 11:12:05.252 | INFO     | N/A | ⏳ 等待 Profile 更新任务...
2026-07-12 11:12:10.277 | INFO     | N/A | ⏳ 等待 Profile 更新任务...
2026-07-12 11:12:15.300 | INFO     | N/A | ⏳ 等待 Profile 更新任务...
2026-07-12 11:12:20.324 | INFO     | N/A | ⏳ 等待 Profile 更新任务...
2026-07-12 11:12:25.350 | INFO     | N/A | ⏳ 等待 Profile 更新任务...
2026-07-12 11:12:30.376 | INFO     | N/A | ⏳ 等待 Profile 更新任务...
2026-07-12 11:12:35.401 | INFO     | N/A | ⏳ 等待 Profile 更新任务...
2026-07-12 11:12:40.426 | INFO     | N/A | ⏳ 等待 Profile 更新任务...
2026-07-12 11:12:45.450 | INFO     | N/A | ⏳ 等待 Profile 更新任务...
2026-07-12 11:12:50.477 | INFO     | N/A | ⏳ 等待 Profile 更新任务...
2026-07-12 11:12:55.502 | INFO     | N/A | ⏳ 等待 Profile 更新任务...
2026-07-12 11:13:00.525 | INFO     | N/A | ⏳ 等待 Profile 更新任务...
2026-07-12 11:13:05.551 | INFO     | N/A | ⏳ 等待 Profile 更新任务...
2026-07-12 11:13:10.576 | INFO     | N/A | ⏳ 等待 Profile 更新任务...
2026-07-12 11:13:15.601 | INFO     | N/A | ⏳ 等待 Profile 更新任务...
2026-07-12 11:13:20.626 | INFO     | N/A | ⏳ 等待 Profile 更新任务...
2026-07-12 11:13:25.651 | INFO     | N/A | ⏳ 等待 Profile 更新任务...
2026-07-12 11:13:30.674 | INFO     | N/A | ⏳ 等待 Profile 更新任务...
2026-07-12 11:13:35.729 | INFO     | N/A | ⏳ 等待 Profile 更新任务...
2026-07-12 11:13:40.754 | INFO     | N/A | ⏳ 等待 Profile 更新任务...
2026-07-12 11:13:45.779 | INFO     | N/A | ⏳ 等待 Profile 更新任务...
2026-07-12 11:13:50.806 | INFO     | N/A | ⏳ 等待 Profile 更新任务...
2026-07-12 11:13:55.830 | INFO     | N/A | ⏳ 等待 Profile 更新任务...
2026-07-12 11:14:00.855 | INFO     | N/A | ⏳ 等待 Profile 更新任务...
2026-07-12 11:14:05.879 | INFO     | N/A | ⏳ 等待 Profile 更新任务...
2026-07-12 11:14:10.904 | INFO     | N/A | ⏳ 等待 Profile 更新任务...
2026-07-12 11:14:15.929 | INFO     | N/A | ⏳ 等待 Profile 更新任务...
2026-07-12 11:14:20.953 | INFO     | N/A | ⏳ 等待 Profile 更新任务...
2026-07-12 11:14:25.976 | INFO     | N/A | ⏳ 等待 Profile 更新任务...
2026-07-12 11:14:31.005 | INFO     | N/A | ⏳ 等待 Profile 更新任务...
2026-07-12 11:14:36.029 | INFO     | N/A | ⏳ 等待 Profile 更新任务...
2026-07-12 11:14:41.054 | INFO     | N/A | ⏳ 等待 Profile 更新任务...
2026-07-12 11:14:46.079 | INFO     | N/A | ⏳ 等待 Profile 更新任务...
2026-07-12 11:14:51.104 | INFO     | N/A | ⏳ 等待 Profile 更新任务...
2026-07-12 11:14:56.128 | INFO     | N/A | ⏳ 等待 Profile 更新任务...
2026-07-12 11:15:01.153 | INFO     | N/A | ⏳ 等待 Profile 更新任务...
2026-07-12 11:15:06.179 | INFO     | N/A | ⏳ 等待 Profile 更新任务...
2026-07-12 11:15:11.203 | INFO     | N/A | ⏳ 等待 Profile 更新任务...
2026-07-12 11:15:16.227 | INFO     | N/A | ⏳ 等待 Profile 更新任务...
2026-07-12 11:15:21.252 | INFO     | N/A | ⏳ 等待 Profile 更新任务...
2026-07-12 11:15:26.276 | INFO     | N/A | ⏳ 等待 Profile 更新任务...
2026-07-12 11:15:31.302 | INFO     | N/A | ⏳ 等待 Profile 更新任务...
2026-07-12 11:15:36.327 | INFO     | N/A | ⏳ 等待 Profile 更新任务...
2026-07-12 11:15:41.351 | INFO     | N/A | ⏳ 等待 Profile 更新任务...
2026-07-12 11:15:46.375 | INFO     | N/A | ⏳ 等待 Profile 更新任务...
2026-07-12 11:15:51.398 | INFO     | N/A | ⏳ 等待 Profile 更新任务...
2026-07-12 11:15:56.423 | INFO     | N/A | ⏳ 等待 Profile 更新任务...
2026-07-12 11:16:01.447 | INFO     | N/A | ⏳ 等待 Profile 更新任务...
2026-07-12 11:16:06.471 | INFO     | N/A | ⏳ 等待 Profile 更新任务...
2026-07-12 11:16:11.495 | INFO     | N/A | ⏳ 等待 Profile 更新任务...
2026-07-12 11:16:16.519 | INFO     | N/A | ⏳ 等待 Profile 更新任务...
2026-07-12 11:16:21.544 | INFO     | N/A | ⏳ 等待 Profile 更新任务...
2026-07-12 11:16:26.569 | INFO     | N/A | ⏳ 等待 Profile 更新任务...
2026-07-12 11:16:31.593 | INFO     | N/A | ⏳ 等待 Profile 更新任务...
2026-07-12 11:16:36.617 | INFO     | N/A | ⏳ 等待 Profile 更新任务...
2026-07-12 11:16:41.641 | INFO     | N/A | ⏳ 等待 Profile 更新任务...
2026-07-12 11:16:46.668 | INFO     | N/A | ⏳ 等待 Profile 更新任务...
2026-07-12 11:16:51.692 | INFO     | N/A | ⏳ 等待 Profile 更新任务...
2026-07-12 11:16:56.718 | INFO     | N/A | ⏳ 等待 Profile 更新任务...
2026-07-12 11:17:01.742 | INFO     | N/A | ⏳ 等待 Profile 更新任务...
2026-07-12 11:17:06.766 | INFO     | N/A | ⏳ 等待 Profile 更新任务...
2026-07-12 11:17:11.792 | INFO     | N/A | ⏳ 等待 Profile 更新任务...
2026-07-12 11:17:16.815 | INFO     | N/A | ⏳ 等待 Profile 更新任务...
2026-07-12 11:17:21.843 | INFO     | N/A | ⏳ 等待 Profile 更新任务...
2026-07-12 11:17:26.864 | INFO     | N/A | ⏳ 等待 Profile 更新任务...
2026-07-12 11:17:31.888 | INFO     | N/A | ⏳ 等待 Profile 更新任务...
2026-07-12 11:17:36.912 | INFO     | N/A | ⏳ 等待 Profile 更新任务...
2026-07-12 11:17:41.938 | INFO     | N/A | ⏳ 等待 Profile 更新任务...
2026-07-12 11:17:46.962 | INFO     | N/A | ⏳ 等待 Profile 更新任务...
2026-07-12 11:17:51.987 | INFO     | N/A | ⏳ 等待 Profile 更新任务...
2026-07-12 11:17:57.011 | INFO     | N/A | ⏳ 等待 Profile 更新任务...
2026-07-12 11:18:02.036 | INFO     | N/A | ⏳ 等待 Profile 更新任务...
2026-07-12 11:18:07.060 | INFO     | N/A | ⏳ 等待 Profile 更新任务...
2026-07-12 11:18:12.085 | INFO     | N/A | ⏳ 等待 Profile 更新任务...
2026-07-12 11:18:17.110 | INFO     | N/A | ⏳ 等待 Profile 更新任务...
2026-07-12 11:18:22.135 | INFO     | N/A | ⏳ 等待 Profile 更新任务...
2026-07-12 11:18:27.160 | INFO     | N/A | ⏳ 等待 Profile 更新任务...
2026-07-12 11:18:32.188 | INFO     | N/A | ⏳ 等待 Profile 更新任务...
2026-07-12 11:18:37.214 | INFO     | N/A | ⏳ 等待 Profile 更新任务...
2026-07-12 11:18:42.238 | INFO     | N/A | ⏳ 等待 Profile 更新任务...
2026-07-12 11:18:47.262 | INFO     | N/A | ⏳ 等待 Profile 更新任务...
2026-07-12 11:18:52.288 | INFO     | N/A | ⏳ 等待 Profile 更新任务...
2026-07-12 11:18:57.313 | INFO     | N/A | ⏳ 等待 Profile 更新任务...
2026-07-12 11:19:02.337 | INFO     | N/A | ⏳ 等待 Profile 更新任务...
2026-07-12 11:19:07.362 | INFO     | N/A | ⏳ 等待 Profile 更新任务...
2026-07-12 11:19:12.388 | INFO     | N/A | ⏳ 等待 Profile 更新任务...
2026-07-12 11:19:17.414 | INFO     | N/A | ⏳ 等待 Profile 更新任务...
2026-07-12 11:19:22.442 | INFO     | N/A | ⏳ 等待 Profile 更新任务...
2026-07-12 11:19:27.466 | INFO     | N/A | ⏳ 等待 Profile 更新任务...
2026-07-12 11:19:32.492 | INFO     | N/A | ⏳ 等待 Profile 更新任务...
2026-07-12 11:19:37.518 | INFO     | N/A | ⏳ 等待 Profile 更新任务...
2026-07-12 11:19:42.542 | INFO     | N/A | ⏳ 等待 Profile 更新任务...
2026-07-12 11:19:47.567 | INFO     | N/A | ⏳ 等待 Profile 更新任务...
2026-07-12 11:19:52.590 | INFO     | N/A | ⏳ 等待 Profile 更新任务...
2026-07-12 11:19:57.614 | INFO     | N/A | ⏳ 等待 Profile 更新任务...
2026-07-12 11:20:02.638 | INFO     | N/A | ⏳ 等待 Profile 更新任务...
2026-07-12 11:20:07.664 | INFO     | N/A | ⏳ 等待 Profile 更新任务...
2026-07-12 11:20:12.688 | INFO     | N/A | ⏳ 等待 Profile 更新任务...
2026-07-12 11:20:17.712 | INFO     | N/A | ⏳ 等待 Profile 更新任务...
2026-07-12 11:20:22.736 | INFO     | N/A | ⏳ 等待 Profile 更新任务...
2026-07-12 11:20:27.760 | INFO     | N/A | ⏳ 等待 Profile 更新任务...
2026-07-12 11:20:32.786 | INFO     | N/A | ⏳ 等待 Profile 更新任务...
2026-07-12 11:20:37.812 | INFO     | N/A | ⏳ 等待 Profile 更新任务...
2026-07-12 11:20:42.836 | INFO     | N/A | ⏳ 等待 Profile 更新任务...
2026-07-12 11:20:47.861 | INFO     | N/A | ⏳ 等待 Profile 更新任务...
2026-07-12 11:20:52.886 | INFO     | N/A | ⏳ 等待 Profile 更新任务...
2026-07-12 11:20:57.911 | INFO     | N/A | ⏳ 等待 Profile 更新任务...
2026-07-12 11:21:02.936 | INFO     | N/A | ⏳ 等待 Profile 更新任务...
2026-07-12 11:21:07.959 | INFO     | N/A | ⏳ 等待 Profile 更新任务...
2026-07-12 11:21:12.984 | INFO     | N/A | ⏳ 等待 Profile 更新任务...
2026-07-12 11:21:18.008 | INFO     | N/A | ⏳ 等待 Profile 更新任务...
2026-07-12 11:21:23.037 | INFO     | N/A | ⏳ 等待 Profile 更新任务...
2026-07-12 11:21:28.061 | INFO     | N/A | ⏳ 等待 Profile 更新任务...
2026-07-12 11:21:33.088 | INFO     | N/A | ⏳ 等待 Profile 更新任务...
2026-07-12 11:21:38.113 | INFO     | N/A | ⏳ 等待 Profile 更新任务...
2026-07-12 11:21:43.138 | INFO     | N/A | ⏳ 等待 Profile 更新任务...
2026-07-12 11:21:48.162 | INFO     | N/A | ⏳ 等待 Profile 更新任务...
2026-07-12 11:21:53.186 | INFO     | N/A | ⏳ 等待 Profile 更新任务...
2026-07-12 11:21:58.209 | INFO     | N/A | ⏳ 等待 Profile 更新任务...
2026-07-12 11:22:03.232 | INFO     | N/A | ⏳ 等待 Profile 更新任务...
2026-07-12 11:22:08.257 | INFO     | N/A | ⏳ 等待 Profile 更新任务...
2026-07-12 11:22:13.282 | INFO     | N/A | ⏳ 等待 Profile 更新任务...
2026-07-12 11:22:18.306 | INFO     | N/A | ⏳ 等待 Profile 更新任务...
2026-07-12 11:22:23.332 | INFO     | N/A | ⏳ 等待 Profile 更新任务...
2026-07-12 11:22:28.350 | INFO     | N/A | ⏳ 等待 Profile 更新任务...
2026-07-12 11:22:33.370 | INFO     | N/A | ⏳ 等待 Profile 更新任务...
2026-07-12 11:22:38.395 | INFO     | N/A | ⏳ 等待 Profile 更新任务...
2026-07-12 11:22:43.419 | INFO     | N/A | ⏳ 等待 Profile 更新任务...
2026-07-12 11:22:48.445 | INFO     | N/A | ⏳ 等待 Profile 更新任务...
2026-07-12 11:22:53.469 | INFO     | N/A | ⏳ 等待 Profile 更新任务...
2026-07-12 11:22:58.494 | INFO     | N/A | ⏳ 等待 Profile 更新任务...
2026-07-12 11:23:03.519 | INFO     | N/A | ⏳ 等待 Profile 更新任务...
2026-07-12 11:23:08.543 | INFO     | N/A | ⏳ 等待 Profile 更新任务...
2026-07-12 11:23:13.567 | INFO     | N/A | ⏳ 等待 Profile 更新任务...
2026-07-12 11:23:18.591 | INFO     | N/A | ⏳ 等待 Profile 更新任务...
2026-07-12 11:23:23.621 | INFO     | N/A | ⏳ 等待 Profile 更新任务...
2026-07-12 11:23:28.645 | INFO     | N/A | ⏳ 等待 Profile 更新任务...
2026-07-12 11:23:33.670 | INFO     | N/A | ⏳ 等待 Profile 更新任务...
2026-07-12 11:23:38.694 | INFO     | N/A | ⏳ 等待 Profile 更新任务...
2026-07-12 11:23:43.717 | INFO     | N/A | ⏳ 等待 Profile 更新任务...
2026-07-12 11:23:48.743 | INFO     | N/A | ⏳ 等待 Profile 更新任务...
2026-07-12 11:23:53.767 | INFO     | N/A | ⏳ 等待 Profile 更新任务...
2026-07-12 11:23:58.792 | INFO     | N/A | ⏳ 等待 Profile 更新任务...
2026-07-12 11:24:03.816 | INFO     | N/A | ⏳ 等待 Profile 更新任务...
2026-07-12 11:24:08.842 | INFO     | N/A | ⏳ 等待 Profile 更新任务...
2026-07-12 11:24:13.865 | INFO     | N/A | ⏳ 等待 Profile 更新任务...
2026-07-12 11:24:18.889 | INFO     | N/A | ⏳ 等待 Profile 更新任务...
2026-07-12 11:24:23.915 | INFO     | N/A | ⏳ 等待 Profile 更新任务...
2026-07-12 11:24:28.939 | INFO     | N/A | ⏳ 等待 Profile 更新任务...
2026-07-12 11:24:33.965 | INFO     | N/A | ⏳ 等待 Profile 更新任务...
2026-07-12 11:24:38.991 | INFO     | N/A | ⏳ 等待 Profile 更新任务...
2026-07-12 11:24:44.015 | INFO     | N/A | ⏳ 等待 Profile 更新任务...
2026-07-12 11:24:49.039 | INFO     | N/A | ⏳ 等待 Profile 更新任务...
2026-07-12 11:24:54.063 | INFO     | N/A | ⏳ 等待 Profile 更新任务...
2026-07-12 11:24:59.089 | INFO     | N/A | ⏳ 等待 Profile 更新任务...
2026-07-12 11:25:04.113 | INFO     | N/A | ⏳ 等待 Profile 更新任务...
2026-07-12 11:25:09.137 | INFO     | N/A | ⏳ 等待 Profile 更新任务...
2026-07-12 11:25:14.162 | INFO     | N/A | ⏳ 等待 Profile 更新任务...
2026-07-12 11:25:19.186 | INFO     | N/A | ⏳ 等待 Profile 更新任务...
2026-07-12 11:25:24.211 | INFO     | N/A | ⏳ 等待 Profile 更新任务...
2026-07-12 11:25:29.235 | INFO     | N/A | ⏳ 等待 Profile 更新任务...
2026-07-12 11:25:34.261 | INFO     | N/A | ⏳ 等待 Profile 更新任务...
2026-07-12 11:25:39.285 | INFO     | N/A | ⏳ 等待 Profile 更新任务...
2026-07-12 11:25:44.308 | INFO     | N/A | ⏳ 等待 Profile 更新任务...
2026-07-12 11:25:49.336 | INFO     | N/A | ⏳ 等待 Profile 更新任务...
2026-07-12 11:25:54.360 | INFO     | N/A | ⏳ 等待 Profile 更新任务...
2026-07-12 11:25:59.386 | INFO     | N/A | ⏳ 等待 Profile 更新任务...
2026-07-12 11:26:04.410 | INFO     | N/A | ⏳ 等待 Profile 更新任务...
2026-07-12 11:26:09.435 | INFO     | N/A | ⏳ 等待 Profile 更新任务...
2026-07-12 11:26:14.460 | INFO     | N/A | ⏳ 等待 Profile 更新任务...
2026-07-12 11:26:19.484 | INFO     | N/A | ⏳ 等待 Profile 更新任务...
2026-07-12 11:26:24.511 | INFO     | N/A | ⏳ 等待 Profile 更新任务...
2026-07-12 11:26:29.534 | INFO     | N/A | ⏳ 等待 Profile 更新任务...
2026-07-12 11:26:34.560 | INFO     | N/A | ⏳ 等待 Profile 更新任务...
2026-07-12 11:26:39.587 | INFO     | N/A | ⏳ 等待 Profile 更新任务...
2026-07-12 11:26:44.613 | INFO     | N/A | ⏳ 等待 Profile 更新任务...
2026-07-12 11:26:49.637 | INFO     | N/A | ⏳ 等待 Profile 更新任务...
2026-07-12 11:26:54.663 | INFO     | N/A | ⏳ 等待 Profile 更新任务...
2026-07-12 11:26:59.687 | INFO     | N/A | ⏳ 等待 Profile 更新任务...
2026-07-12 11:27:04.711 | INFO     | N/A | ⏳ 等待 Profile 更新任务...
2026-07-12 11:27:09.735 | INFO     | N/A | ⏳ 等待 Profile 更新任务...
2026-07-12 11:27:14.759 | INFO     | N/A | ⏳ 等待 Profile 更新任务...
2026-07-12 11:27:19.786 | INFO     | N/A | ⏳ 等待 Profile 更新任务...
2026-07-12 11:27:24.811 | INFO     | N/A | ⏳ 等待 Profile 更新任务...
2026-07-12 11:27:29.835 | INFO     | N/A | ⏳ 等待 Profile 更新任务...
2026-07-12 11:27:34.858 | INFO     | N/A | ⏳ 等待 Profile 更新任务...
2026-07-12 11:27:39.886 | INFO     | N/A | ⏳ 等待 Profile 更新任务...
2026-07-12 11:27:44.911 | INFO     | N/A | ⏳ 等待 Profile 更新任务...
2026-07-12 11:27:49.935 | INFO     | N/A | ⏳ 等待 Profile 更新任务...
2026-07-12 11:27:54.959 | INFO     | N/A | ⏳ 等待 Profile 更新任务...
2026-07-12 11:27:59.983 | INFO     | N/A | ⏳ 等待 Profile 更新任务...
2026-07-12 11:28:05.009 | INFO     | N/A | ⏳ 等待 Profile 更新任务...
2026-07-12 11:28:10.034 | INFO     | N/A | ⏳ 等待 Profile 更新任务...
2026-07-12 11:28:15.057 | INFO     | N/A | ⏳ 等待 Profile 更新任务...
2026-07-12 11:28:20.080 | INFO     | N/A | ⏳ 等待 Profile 更新任务...
2026-07-12 11:28:25.106 | INFO     | N/A | ⏳ 等待 Profile 更新任务...
2026-07-12 11:28:30.129 | INFO     | N/A | ⏳ 等待 Profile 更新任务...
2026-07-12 11:28:35.152 | INFO     | N/A | ⏳ 等待 Profile 更新任务...
2026-07-12 11:28:40.178 | INFO     | N/A | ⏳ 等待 Profile 更新任务...
2026-07-12 11:28:45.202 | INFO     | N/A | ⏳ 等待 Profile 更新任务...
2026-07-12 11:28:50.226 | INFO     | N/A | ⏳ 等待 Profile 更新任务...
2026-07-12 11:28:55.250 | INFO     | N/A | ⏳ 等待 Profile 更新任务...
2026-07-12 11:29:00.274 | INFO     | N/A | ⏳ 等待 Profile 更新任务...
2026-07-12 11:29:05.298 | INFO     | N/A | ⏳ 等待 Profile 更新任务...
2026-07-12 11:29:10.324 | INFO     | N/A | ⏳ 等待 Profile 更新任务...
2026-07-12 11:29:15.349 | INFO     | N/A | ⏳ 等待 Profile 更新任务...
2026-07-12 11:29:20.373 | INFO     | N/A | ⏳ 等待 Profile 更新任务...
2026-07-12 11:29:25.397 | INFO     | N/A | ⏳ 等待 Profile 更新任务...
2026-07-12 11:29:30.423 | INFO     | N/A | ⏳ 等待 Profile 更新任务...
2026-07-12 11:29:35.447 | INFO     | N/A | ⏳ 等待 Profile 更新任务...
2026-07-12 11:29:40.472 | INFO     | N/A | ⏳ 等待 Profile 更新任务...
2026-07-12 11:29:45.498 | INFO     | N/A | ⏳ 等待 Profile 更新任务...
2026-07-12 11:29:50.522 | INFO     | N/A | ⏳ 等待 Profile 更新任务...
2026-07-12 11:29:55.547 | INFO     | N/A | ⏳ 等待 Profile 更新任务...
2026-07-12 11:30:00.572 | INFO     | N/A | ⏳ 等待 Profile 更新任务...
2026-07-12 11:30:05.600 | INFO     | N/A | ⏳ 等待 Profile 更新任务...
2026-07-12 11:30:10.624 | INFO     | N/A | ⏳ 等待 Profile 更新任务...
2026-07-12 11:30:15.648 | INFO     | N/A | ⏳ 等待 Profile 更新任务...
2026-07-12 11:30:20.670 | INFO     | N/A | ⏳ 等待 Profile 更新任务...
2026-07-12 11:30:25.695 | INFO     | N/A | ⏳ 等待 Profile 更新任务...
2026-07-12 11:30:30.718 | INFO     | N/A | ⏳ 等待 Profile 更新任务...
2026-07-12 11:30:35.744 | INFO     | N/A | ⏳ 等待 Profile 更新任务...
2026-07-12 11:30:40.771 | INFO     | N/A | ⏳ 等待 Profile 更新任务...
2026-07-12 11:30:45.795 | INFO     | N/A | ⏳ 等待 Profile 更新任务...
2026-07-12 11:30:50.820 | INFO     | N/A | ⏳ 等待 Profile 更新任务...
2026-07-12 11:30:55.846 | INFO     | N/A | ⏳ 等待 Profile 更新任务...
2026-07-12 11:31:00.871 | INFO     | N/A | ⏳ 等待 Profile 更新任务...
2026-07-12 11:31:05.895 | INFO     | N/A | ⏳ 等待 Profile 更新任务...
2026-07-12 11:31:10.918 | INFO     | N/A | ⏳ 等待 Profile 更新任务...
2026-07-12 11:31:15.940 | INFO     | N/A | ⏳ 等待 Profile 更新任务...
2026-07-12 11:31:20.964 | INFO     | N/A | ⏳ 等待 Profile 更新任务...
2026-07-12 11:31:25.989 | INFO     | N/A | ⏳ 等待 Profile 更新任务...
2026-07-12 11:31:31.032 | INFO     | N/A | ⏳ 等待 Profile 更新任务...
2026-07-12 11:31:36.056 | INFO     | N/A | ⏳ 等待 Profile 更新任务...
2026-07-12 11:31:41.085 | INFO     | N/A | ⏳ 等待 Profile 更新任务...
2026-07-12 11:31:46.111 | INFO     | N/A | ⏳ 等待 Profile 更新任务...
2026-07-12 11:31:51.136 | INFO     | N/A | ⏳ 等待 Profile 更新任务...
2026-07-12 11:31:56.160 | INFO     | N/A | ⏳ 等待 Profile 更新任务...
2026-07-12 11:32:01.185 | INFO     | N/A | ⏳ 等待 Profile 更新任务...
2026-07-12 11:32:06.211 | INFO     | N/A | ⏳ 等待 Profile 更新任务...
2026-07-12 11:32:11.235 | INFO     | N/A | ⏳ 等待 Profile 更新任务...
2026-07-12 11:32:16.259 | INFO     | N/A | ⏳ 等待 Profile 更新任务...
2026-07-12 11:32:21.285 | INFO     | N/A | ⏳ 等待 Profile 更新任务...
2026-07-12 11:32:26.311 | INFO     | N/A | ⏳ 等待 Profile 更新任务...
2026-07-12 11:32:31.334 | INFO     | N/A | ⏳ 等待 Profile 更新任务...
2026-07-12 11:32:36.360 | INFO     | N/A | ⏳ 等待 Profile 更新任务...
2026-07-12 11:32:41.389 | INFO     | N/A | ⏳ 等待 Profile 更新任务...
2026-07-12 11:32:46.414 | INFO     | N/A | ⏳ 等待 Profile 更新任务...
2026-07-12 11:32:51.440 | INFO     | N/A | ⏳ 等待 Profile 更新任务...
2026-07-12 11:32:56.467 | INFO     | N/A | ⏳ 等待 Profile 更新任务...
2026-07-12 11:33:01.490 | INFO     | N/A | ⏳ 等待 Profile 更新任务...
2026-07-12 11:33:06.514 | INFO     | N/A | ⏳ 等待 Profile 更新任务...
2026-07-12 11:33:11.539 | INFO     | N/A | ⏳ 等待 Profile 更新任务...
2026-07-12 11:33:16.564 | INFO     | N/A | ⏳ 等待 Profile 更新任务...
2026-07-12 11:33:21.587 | INFO     | N/A | ⏳ 等待 Profile 更新任务...
2026-07-12 11:33:26.615 | INFO     | N/A | ⏳ 等待 Profile 更新任务...
2026-07-12 11:33:31.640 | INFO     | N/A | ⏳ 等待 Profile 更新任务...
2026-07-12 11:33:36.663 | INFO     | N/A | ⏳ 等待 Profile 更新任务...
2026-07-12 11:33:41.688 | INFO     | N/A | ⏳ 等待 Profile 更新任务...
2026-07-12 11:33:46.712 | INFO     | N/A | ⏳ 等待 Profile 更新任务...
2026-07-12 11:33:51.737 | INFO     | N/A | ⏳ 等待 Profile 更新任务...
2026-07-12 11:33:56.763 | INFO     | N/A | ⏳ 等待 Profile 更新任务...
2026-07-12 11:34:01.788 | INFO     | N/A | ⏳ 等待 Profile 更新任务...
2026-07-12 11:34:06.811 | INFO     | N/A | ⏳ 等待 Profile 更新任务...
2026-07-12 11:34:11.836 | INFO     | N/A | ⏳ 等待 Profile 更新任务...
2026-07-12 11:34:16.859 | INFO     | N/A | ⏳ 等待 Profile 更新任务...
2026-07-12 11:34:21.882 | INFO     | N/A | ⏳ 等待 Profile 更新任务...
2026-07-12 11:34:26.909 | INFO     | N/A | ⏳ 等待 Profile 更新任务...
2026-07-12 11:34:31.933 | INFO     | N/A | ⏳ 等待 Profile 更新任务...
2026-07-12 11:34:36.957 | INFO     | N/A | ⏳ 等待 Profile 更新任务...
2026-07-12 11:34:41.980 | INFO     | N/A | ⏳ 等待 Profile 更新任务...
2026-07-12 11:34:47.008 | INFO     | N/A | ⏳ 等待 Profile 更新任务...
2026-07-12 11:34:52.032 | INFO     | N/A | ⏳ 等待 Profile 更新任务...
2026-07-12 11:34:57.056 | INFO     | N/A | ⏳ 等待 Profile 更新任务...
2026-07-12 11:35:02.083 | INFO     | N/A | ⏳ 等待 Profile 更新任务...
2026-07-12 11:35:07.106 | INFO     | N/A | ⏳ 等待 Profile 更新任务...
2026-07-12 11:35:12.129 | INFO     | N/A | ⏳ 等待 Profile 更新任务...
2026-07-12 11:35:17.153 | INFO     | N/A | ⏳ 等待 Profile 更新任务...
2026-07-12 11:35:22.179 | INFO     | N/A | ⏳ 等待 Profile 更新任务...
2026-07-12 11:35:27.208 | INFO     | N/A | ⏳ 等待 Profile 更新任务...
2026-07-12 11:35:32.232 | INFO     | N/A | ⏳ 等待 Profile 更新任务...
2026-07-12 11:35:37.257 | INFO     | N/A | ⏳ 等待 Profile 更新任务...
2026-07-12 11:35:42.282 | INFO     | N/A | ⏳ 等待 Profile 更新任务...
2026-07-12 11:35:47.309 | INFO     | N/A | ⏳ 等待 Profile 更新任务...
2026-07-12 11:35:52.333 | INFO     | N/A | ⏳ 等待 Profile 更新任务...
2026-07-12 11:35:57.358 | INFO     | N/A | ⏳ 等待 Profile 更新任务...
2026-07-12 11:36:02.383 | INFO     | N/A | ⏳ 等待 Profile 更新任务...
2026-07-12 11:36:07.406 | INFO     | N/A | ⏳ 等待 Profile 更新任务...
2026-07-12 11:36:12.430 | INFO     | N/A | ⏳ 等待 Profile 更新任务...
2026-07-12 11:36:17.456 | INFO     | N/A | ⏳ 等待 Profile 更新任务...
2026-07-12 11:36:22.481 | INFO     | N/A | ⏳ 等待 Profile 更新任务...
2026-07-12 11:36:27.510 | INFO     | N/A | ⏳ 等待 Profile 更新任务...
2026-07-12 11:36:32.533 | INFO     | N/A | ⏳ 等待 Profile 更新任务...
2026-07-12 11:36:37.558 | INFO     | N/A | ⏳ 等待 Profile 更新任务...
2026-07-12 11:36:42.583 | INFO     | N/A | ⏳ 等待 Profile 更新任务...
2026-07-12 11:36:47.606 | INFO     | N/A | ⏳ 等待 Profile 更新任务...
2026-07-12 11:36:52.629 | INFO     | N/A | ⏳ 等待 Profile 更新任务...
2026-07-12 11:36:57.654 | INFO     | N/A | ⏳ 等待 Profile 更新任务...
2026-07-12 11:37:02.678 | INFO     | N/A | ⏳ 等待 Profile 更新任务...
2026-07-12 11:37:07.700 | INFO     | N/A | ⏳ 等待 Profile 更新任务...
2026-07-12 11:37:12.725 | INFO     | N/A | ⏳ 等待 Profile 更新任务...
2026-07-12 11:37:17.751 | INFO     | N/A | ⏳ 等待 Profile 更新任务...
2026-07-12 11:37:22.775 | INFO     | N/A | ⏳ 等待 Profile 更新任务...
2026-07-12 11:37:27.800 | INFO     | N/A | ⏳ 等待 Profile 更新任务...
2026-07-12 11:37:32.825 | INFO     | N/A | ⏳ 等待 Profile 更新任务...
2026-07-12 11:37:37.849 | INFO     | N/A | ⏳ 等待 Profile 更新任务...
2026-07-12 11:37:42.872 | INFO     | N/A | ⏳ 等待 Profile 更新任务...
2026-07-12 11:37:47.900 | INFO     | N/A | ⏳ 等待 Profile 更新任务...
2026-07-12 11:37:52.924 | INFO     | N/A | ⏳ 等待 Profile 更新任务...
2026-07-12 11:37:57.951 | INFO     | N/A | ⏳ 等待 Profile 更新任务...
2026-07-12 11:38:02.976 | INFO     | N/A | ⏳ 等待 Profile 更新任务...
2026-07-12 11:38:07.999 | INFO     | N/A | ⏳ 等待 Profile 更新任务...
2026-07-12 11:38:13.023 | INFO     | N/A | ⏳ 等待 Profile 更新任务...
2026-07-12 11:38:18.045 | INFO     | N/A | ⏳ 等待 Profile 更新任务...
2026-07-12 11:38:23.071 | INFO     | N/A | ⏳ 等待 Profile 更新任务...
2026-07-12 11:38:28.097 | INFO     | N/A | ⏳ 等待 Profile 更新任务...
2026-07-12 11:38:33.122 | INFO     | N/A | ⏳ 等待 Profile 更新任务...
2026-07-12 11:38:38.145 | INFO     | N/A | ⏳ 等待 Profile 更新任务...
2026-07-12 11:38:43.171 | INFO     | N/A | ⏳ 等待 Profile 更新任务...
2026-07-12 11:38:48.196 | INFO     | N/A | ⏳ 等待 Profile 更新任务...
2026-07-12 11:38:53.221 | INFO     | N/A | ⏳ 等待 Profile 更新任务...
2026-07-12 11:38:58.247 | INFO     | N/A | ⏳ 等待 Profile 更新任务...
2026-07-12 11:39:03.272 | INFO     | N/A | ⏳ 等待 Profile 更新任务...
2026-07-12 11:39:08.295 | INFO     | N/A | ⏳ 等待 Profile 更新任务...
2026-07-12 11:39:13.321 | INFO     | N/A | ⏳ 等待 Profile 更新任务...
2026-07-12 11:39:18.344 | INFO     | N/A | ⏳ 等待 Profile 更新任务...
2026-07-12 11:39:23.369 | INFO     | N/A | ⏳ 等待 Profile 更新任务...
2026-07-12 11:39:28.392 | INFO     | N/A | ⏳ 等待 Profile 更新任务...
2026-07-12 11:39:33.416 | INFO     | N/A | ⏳ 等待 Profile 更新任务...
2026-07-12 11:39:38.442 | INFO     | N/A | ⏳ 等待 Profile 更新任务...
2026-07-12 11:39:43.467 | INFO     | N/A | ⏳ 等待 Profile 更新任务...
2026-07-12 11:39:48.492 | INFO     | N/A | ⏳ 等待 Profile 更新任务...
2026-07-12 11:39:53.518 | INFO     | N/A | ⏳ 等待 Profile 更新任务...
2026-07-12 11:39:58.541 | INFO     | N/A | ⏳ 等待 Profile 更新任务...
2026-07-12 11:40:03.568 | INFO     | N/A | ⏳ 等待 Profile 更新任务...
2026-07-12 11:40:08.593 | INFO     | N/A | ⏳ 等待 Profile 更新任务...
2026-07-12 11:40:13.618 | INFO     | N/A | ⏳ 等待 Profile 更新任务...
2026-07-12 11:40:18.641 | INFO     | N/A | ⏳ 等待 Profile 更新任务...
2026-07-12 11:40:23.667 | INFO     | N/A | ⏳ 等待 Profile 更新任务...
2026-07-12 11:40:28.692 | INFO     | N/A | ⏳ 等待 Profile 更新任务...
2026-07-12 11:40:33.718 | INFO     | N/A | ⏳ 等待 Profile 更新任务...
2026-07-12 11:40:38.743 | INFO     | N/A | ⏳ 等待 Profile 更新任务...
2026-07-12 11:40:43.767 | INFO     | N/A | ⏳ 等待 Profile 更新任务...
2026-07-12 11:40:48.791 | INFO     | N/A | ⏳ 等待 Profile 更新任务...
2026-07-12 11:40:53.818 | INFO     | N/A | ⏳ 等待 Profile 更新任务...
2026-07-12 11:40:58.845 | INFO     | N/A | ⏳ 等待 Profile 更新任务...
2026-07-12 11:41:03.868 | INFO     | N/A | ⏳ 等待 Profile 更新任务...
2026-07-12 11:41:08.891 | INFO     | N/A | ⏳ 等待 Profile 更新任务...
2026-07-12 11:41:13.915 | INFO     | N/A | ⏳ 等待 Profile 更新任务...
2026-07-12 11:41:18.940 | INFO     | N/A | ⏳ 等待 Profile 更新任务...
2026-07-12 11:41:23.966 | INFO     | N/A | ⏳ 等待 Profile 更新任务...
2026-07-12 11:41:28.990 | INFO     | N/A | ⏳ 等待 Profile 更新任务...
2026-07-12 11:41:34.015 | INFO     | N/A | ⏳ 等待 Profile 更新任务...
2026-07-12 11:41:39.040 | INFO     | N/A | ⏳ 等待 Profile 更新任务...
2026-07-12 11:41:44.065 | INFO     | N/A | ⏳ 等待 Profile 更新任务...
2026-07-12 11:41:49.099 | INFO     | N/A | ⏳ 等待 Profile 更新任务...
2026-07-12 11:41:54.125 | INFO     | N/A | ⏳ 等待 Profile 更新任务...
2026-07-12 11:41:59.171 | INFO     | N/A | ⏳ 等待 Profile 更新任务...
2026-07-12 11:42:04.197 | INFO     | N/A | ⏳ 等待 Profile 更新任务...
2026-07-12 11:42:09.221 | INFO     | N/A | ⏳ 等待 Profile 更新任务...
2026-07-12 11:42:14.246 | INFO     | N/A | ⏳ 等待 Profile 更新任务...
2026-07-12 11:42:19.277 | INFO     | N/A | ⏳ 等待 Profile 更新任务...
2026-07-12 11:42:24.301 | INFO     | N/A | ⏳ 等待 Profile 更新任务...
2026-07-12 11:42:29.325 | INFO     | N/A | ⏳ 等待 Profile 更新任务...
2026-07-12 11:42:34.351 | INFO     | N/A | ⏳ 等待 Profile 更新任务...
2026-07-12 11:42:39.374 | INFO     | N/A | ⏳ 等待 Profile 更新任务...
2026-07-12 11:42:44.398 | INFO     | N/A | ⏳ 等待 Profile 更新任务...
2026-07-12 11:42:49.421 | INFO     | N/A | ⏳ 等待 Profile 更新任务...
2026-07-12 11:42:54.446 | INFO     | N/A | ⏳ 等待 Profile 更新任务...
2026-07-12 11:42:59.471 | INFO     | N/A | ⏳ 等待 Profile 更新任务...
2026-07-12 11:43:04.494 | INFO     | N/A | ⏳ 等待 Profile 更新任务...
2026-07-12 11:43:09.518 | INFO     | N/A | ⏳ 等待 Profile 更新任务...
2026-07-12 11:43:14.542 | INFO     | N/A | ⏳ 等待 Profile 更新任务...
2026-07-12 11:43:19.566 | INFO     | N/A | ⏳ 等待 Profile 更新任务...
2026-07-12 11:43:24.589 | INFO     | N/A | ⏳ 等待 Profile 更新任务...
2026-07-12 11:43:29.614 | INFO     | N/A | ⏳ 等待 Profile 更新任务...
2026-07-12 11:43:34.638 | INFO     | N/A | ⏳ 等待 Profile 更新任务...
2026-07-12 11:43:39.663 | INFO     | N/A | ⏳ 等待 Profile 更新任务...
2026-07-12 11:43:44.687 | INFO     | N/A | ⏳ 等待 Profile 更新任务...
2026-07-12 11:43:49.717 | INFO     | N/A | ⏳ 等待 Profile 更新任务...
2026-07-12 11:43:54.740 | INFO     | N/A | ⏳ 等待 Profile 更新任务...
2026-07-12 11:43:59.762 | INFO     | N/A | ⏳ 等待 Profile 更新任务...
2026-07-12 11:44:04.787 | INFO     | N/A | ⏳ 等待 Profile 更新任务...
2026-07-12 11:44:09.812 | INFO     | N/A | ⏳ 等待 Profile 更新任务...
2026-07-12 11:44:14.835 | INFO     | N/A | ⏳ 等待 Profile 更新任务...
2026-07-12 11:44:19.858 | INFO     | N/A | ⏳ 等待 Profile 更新任务...
2026-07-12 11:44:24.916 | INFO     | N/A | ⏳ 等待 Profile 更新任务...
2026-07-12 11:44:29.940 | INFO     | N/A | ⏳ 等待 Profile 更新任务...
2026-07-12 11:44:34.963 | INFO     | N/A | ⏳ 等待 Profile 更新任务...
2026-07-12 11:44:39.987 | INFO     | N/A | ⏳ 等待 Profile 更新任务...
2026-07-12 11:44:45.012 | INFO     | N/A | ⏳ 等待 Profile 更新任务...
2026-07-12 11:44:50.036 | INFO     | N/A | ⏳ 等待 Profile 更新任务...
2026-07-12 11:44:55.061 | INFO     | N/A | ⏳ 等待 Profile 更新任务...
2026-07-12 11:45:00.086 | INFO     | N/A | ⏳ 等待 Profile 更新任务...
2026-07-12 11:45:05.109 | INFO     | N/A | ⏳ 等待 Profile 更新任务...
2026-07-12 11:45:10.135 | INFO     | N/A | ⏳ 等待 Profile 更新任务...
2026-07-12 11:45:15.159 | INFO     | N/A | ⏳ 等待 Profile 更新任务...
2026-07-12 11:45:20.184 | INFO     | N/A | ⏳ 等待 Profile 更新任务...
2026-07-12 11:45:25.209 | INFO     | N/A | ⏳ 等待 Profile 更新任务...
2026-07-12 11:45:30.239 | INFO     | N/A | ⏳ 等待 Profile 更新任务...
2026-07-12 11:45:35.263 | INFO     | N/A | ⏳ 等待 Profile 更新任务...
2026-07-12 11:45:40.287 | INFO     | N/A | ⏳ 等待 Profile 更新任务...
2026-07-12 11:45:45.311 | INFO     | N/A | ⏳ 等待 Profile 更新任务...
2026-07-12 11:45:50.340 | INFO     | N/A | ⏳ 等待 Profile 更新任务...
2026-07-12 11:45:55.363 | INFO     | N/A | ⏳ 等待 Profile 更新任务...
2026-07-12 11:46:00.392 | INFO     | N/A | ⏳ 等待 Profile 更新任务...
2026-07-12 11:46:05.416 | INFO     | N/A | ⏳ 等待 Profile 更新任务...
2026-07-12 11:46:10.440 | INFO     | N/A | ⏳ 等待 Profile 更新任务...
2026-07-12 11:46:15.464 | INFO     | N/A | ⏳ 等待 Profile 更新任务...
2026-07-12 11:46:20.489 | INFO     | N/A | ⏳ 等待 Profile 更新任务...
2026-07-12 11:46:25.513 | INFO     | N/A | ⏳ 等待 Profile 更新任务...
2026-07-12 11:46:30.568 | INFO     | N/A | ⏳ 等待 Profile 更新任务...
2026-07-12 11:46:35.594 | INFO     | N/A | ⏳ 等待 Profile 更新任务...
2026-07-12 11:46:40.621 | INFO     | N/A | ⏳ 等待 Profile 更新任务...
2026-07-12 11:46:45.643 | INFO     | N/A | ⏳ 等待 Profile 更新任务...
2026-07-12 11:46:50.671 | INFO     | N/A | ⏳ 等待 Profile 更新任务...
2026-07-12 11:46:55.696 | INFO     | N/A | ⏳ 等待 Profile 更新任务...
2026-07-12 11:47:00.724 | INFO     | N/A | ⏳ 等待 Profile 更新任务...
2026-07-12 11:47:05.749 | INFO     | N/A | ⏳ 等待 Profile 更新任务...
2026-07-12 11:47:10.775 | INFO     | N/A | ⏳ 等待 Profile 更新任务...
2026-07-12 11:47:15.800 | INFO     | N/A | ⏳ 等待 Profile 更新任务...
2026-07-12 11:47:20.824 | INFO     | N/A | ⏳ 等待 Profile 更新任务...
2026-07-12 11:47:25.850 | INFO     | N/A | ⏳ 等待 Profile 更新任务...
2026-07-12 11:47:30.875 | INFO     | N/A | ⏳ 等待 Profile 更新任务...
2026-07-12 11:47:35.901 | INFO     | N/A | ⏳ 等待 Profile 更新任务...
2026-07-12 11:47:40.926 | INFO     | N/A | ⏳ 等待 Profile 更新任务...
2026-07-12 11:47:45.950 | INFO     | N/A | ⏳ 等待 Profile 更新任务...
2026-07-12 11:47:50.976 | INFO     | N/A | ⏳ 等待 Profile 更新任务...
2026-07-12 11:47:56.003 | INFO     | N/A | ⏳ 等待 Profile 更新任务...
2026-07-12 11:48:01.029 | INFO     | N/A | ⏳ 等待 Profile 更新任务...
2026-07-12 11:48:06.054 | INFO     | N/A | ⏳ 等待 Profile 更新任务...
2026-07-12 11:48:11.078 | INFO     | N/A | ⏳ 等待 Profile 更新任务...
2026-07-12 11:48:16.102 | INFO     | N/A | ⏳ 等待 Profile 更新任务...
2026-07-12 11:48:21.126 | INFO     | N/A | ⏳ 等待 Profile 更新任务...
2026-07-12 11:48:26.150 | INFO     | N/A | ⏳ 等待 Profile 更新任务...
2026-07-12 11:48:31.182 | INFO     | N/A | ⏳ 等待 Profile 更新任务...
2026-07-12 11:48:36.206 | INFO     | N/A | ⏳ 等待 Profile 更新任务...
2026-07-12 11:48:41.229 | INFO     | N/A | ⏳ 等待 Profile 更新任务...
2026-07-12 11:48:46.258 | INFO     | N/A | ⏳ 等待 Profile 更新任务...
2026-07-12 11:48:51.282 | INFO     | N/A | ⏳ 等待 Profile 更新任务...
2026-07-12 11:48:56.309 | INFO     | N/A | ⏳ 等待 Profile 更新任务...
2026-07-12 11:49:01.333 | INFO     | N/A | ⏳ 等待 Profile 更新任务...
2026-07-12 11:49:06.358 | INFO     | N/A | ⏳ 等待 Profile 更新任务...
2026-07-12 11:49:11.383 | INFO     | N/A | ⏳ 等待 Profile 更新任务...
2026-07-12 11:49:16.407 | INFO     | N/A | ⏳ 等待 Profile 更新任务...
2026-07-12 11:49:21.430 | INFO     | N/A | ⏳ 等待 Profile 更新任务...
2026-07-12 11:49:26.455 | INFO     | N/A | ⏳ 等待 Profile 更新任务...
2026-07-12 11:49:31.481 | INFO     | N/A | ⏳ 等待 Profile 更新任务...
2026-07-12 11:49:36.506 | INFO     | N/A | ⏳ 等待 Profile 更新任务...
2026-07-12 11:49:41.532 | INFO     | N/A | ⏳ 等待 Profile 更新任务...
2026-07-12 11:49:46.556 | INFO     | N/A | ⏳ 等待 Profile 更新任务...
2026-07-12 11:49:51.581 | INFO     | N/A | ⏳ 等待 Profile 更新任务...
2026-07-12 11:49:56.607 | INFO     | N/A | ⏳ 等待 Profile 更新任务...
2026-07-12 11:50:01.634 | INFO     | N/A | ⏳ 等待 Profile 更新任务...
2026-07-12 11:50:06.658 | INFO     | N/A | ⏳ 等待 Profile 更新任务...
2026-07-12 11:50:11.682 | INFO     | N/A | ⏳ 等待 Profile 更新任务...
2026-07-12 11:50:16.705 | INFO     | N/A | ⏳ 等待 Profile 更新任务...
2026-07-12 11:50:21.729 | INFO     | N/A | ⏳ 等待 Profile 更新任务...
2026-07-12 11:50:26.754 | INFO     | N/A | ⏳ 等待 Profile 更新任务...
2026-07-12 11:50:31.779 | INFO     | N/A | ⏳ 等待 Profile 更新任务...
2026-07-12 11:50:36.803 | INFO     | N/A | ⏳ 等待 Profile 更新任务...
2026-07-12 11:50:41.829 | INFO     | N/A | ⏳ 等待 Profile 更新任务...
2026-07-12 11:50:46.854 | INFO     | N/A | ⏳ 等待 Profile 更新任务...
2026-07-12 11:50:51.880 | INFO     | N/A | ⏳ 等待 Profile 更新任务...
2026-07-12 11:50:56.908 | INFO     | N/A | ⏳ 等待 Profile 更新任务...
2026-07-12 11:51:01.934 | INFO     | N/A | ⏳ 等待 Profile 更新任务...
2026-07-12 11:51:06.958 | INFO     | N/A | ⏳ 等待 Profile 更新任务...
2026-07-12 11:51:11.981 | INFO     | N/A | ⏳ 等待 Profile 更新任务...
2026-07-12 11:51:17.005 | INFO     | N/A | ⏳ 等待 Profile 更新任务...
2026-07-12 11:51:22.029 | INFO     | N/A | ⏳ 等待 Profile 更新任务...
2026-07-12 11:51:27.053 | INFO     | N/A | ⏳ 等待 Profile 更新任务...
2026-07-12 11:51:32.076 | INFO     | N/A | ⏳ 等待 Profile 更新任务...
2026-07-12 11:51:37.100 | INFO     | N/A | ⏳ 等待 Profile 更新任务...
2026-07-12 11:51:42.125 | INFO     | N/A | ⏳ 等待 Profile 更新任务...
2026-07-12 11:51:47.149 | INFO     | N/A | ⏳ 等待 Profile 更新任务...
2026-07-12 11:51:52.174 | INFO     | N/A | ⏳ 等待 Profile 更新任务...
2026-07-12 11:51:57.202 | INFO     | N/A | ⏳ 等待 Profile 更新任务...
2026-07-12 11:52:02.226 | INFO     | N/A | ⏳ 等待 Profile 更新任务...
2026-07-12 11:52:07.252 | INFO     | N/A | ⏳ 等待 Profile 更新任务...
2026-07-12 11:52:12.276 | INFO     | N/A | ⏳ 等待 Profile 更新任务...
2026-07-12 11:52:17.300 | INFO     | N/A | ⏳ 等待 Profile 更新任务...
2026-07-12 11:52:22.326 | INFO     | N/A | ⏳ 等待 Profile 更新任务...
2026-07-12 11:52:27.352 | INFO     | N/A | ⏳ 等待 Profile 更新任务...
2026-07-12 11:52:32.376 | INFO     | N/A | ⏳ 等待 Profile 更新任务...
2026-07-12 11:52:37.400 | INFO     | N/A | ⏳ 等待 Profile 更新任务...
2026-07-12 11:52:42.426 | INFO     | N/A | ⏳ 等待 Profile 更新任务...
2026-07-12 11:52:47.453 | INFO     | N/A | ⏳ 等待 Profile 更新任务...
2026-07-12 11:52:52.476 | INFO     | N/A | ⏳ 等待 Profile 更新任务...
2026-07-12 11:52:57.503 | INFO     | N/A | ⏳ 等待 Profile 更新任务...
2026-07-12 11:53:02.534 | INFO     | N/A | ⏳ 等待 Profile 更新任务...
2026-07-12 11:53:07.558 | INFO     | N/A | ⏳ 等待 Profile 更新任务...
2026-07-12 11:53:12.581 | INFO     | N/A | ⏳ 等待 Profile 更新任务...
2026-07-12 11:53:17.605 | INFO     | N/A | ⏳ 等待 Profile 更新任务...
2026-07-12 11:53:22.629 | INFO     | N/A | ⏳ 等待 Profile 更新任务...
2026-07-12 11:53:27.655 | INFO     | N/A | ⏳ 等待 Profile 更新任务...
2026-07-12 11:53:32.680 | INFO     | N/A | ⏳ 等待 Profile 更新任务...
2026-07-12 11:53:37.704 | INFO     | N/A | ⏳ 等待 Profile 更新任务...
2026-07-12 11:53:42.728 | INFO     | N/A | ⏳ 等待 Profile 更新任务...
2026-07-12 11:53:47.753 | INFO     | N/A | ⏳ 等待 Profile 更新任务...
2026-07-12 11:53:52.776 | INFO     | N/A | ⏳ 等待 Profile 更新任务...
2026-07-12 11:53:57.802 | INFO     | N/A | ⏳ 等待 Profile 更新任务...
2026-07-12 11:54:02.826 | INFO     | N/A | ⏳ 等待 Profile 更新任务...
2026-07-12 11:54:07.851 | INFO     | N/A | ⏳ 等待 Profile 更新任务...
2026-07-12 11:54:12.875 | INFO     | N/A | ⏳ 等待 Profile 更新任务...
2026-07-12 11:54:17.899 | INFO     | N/A | ⏳ 等待 Profile 更新任务...
2026-07-12 11:54:22.923 | INFO     | N/A | ⏳ 等待 Profile 更新任务...
2026-07-12 11:54:27.947 | INFO     | N/A | ⏳ 等待 Profile 更新任务...
2026-07-12 11:54:32.972 | INFO     | N/A | ⏳ 等待 Profile 更新任务...
2026-07-12 11:54:37.995 | INFO     | N/A | ⏳ 等待 Profile 更新任务...
2026-07-12 11:54:43.019 | INFO     | N/A | ⏳ 等待 Profile 更新任务...
2026-07-12 11:54:48.045 | INFO     | N/A | ⏳ 等待 Profile 更新任务...
2026-07-12 11:54:53.071 | INFO     | N/A | ⏳ 等待 Profile 更新任务...
2026-07-12 11:54:58.096 | INFO     | N/A | ⏳ 等待 Profile 更新任务...
2026-07-12 11:55:03.121 | INFO     | N/A | ⏳ 等待 Profile 更新任务...
2026-07-12 11:55:08.145 | INFO     | N/A | ⏳ 等待 Profile 更新任务...
2026-07-12 11:55:13.169 | INFO     | N/A | ⏳ 等待 Profile 更新任务...
2026-07-12 11:55:18.193 | INFO     | N/A | ⏳ 等待 Profile 更新任务...
2026-07-12 11:55:23.217 | INFO     | N/A | ⏳ 等待 Profile 更新任务...
2026-07-12 11:55:28.240 | INFO     | N/A | ⏳ 等待 Profile 更新任务...
2026-07-12 11:55:33.264 | INFO     | N/A | ⏳ 等待 Profile 更新任务...
2026-07-12 11:55:38.290 | INFO     | N/A | ⏳ 等待 Profile 更新任务...
2026-07-12 11:55:43.316 | INFO     | N/A | ⏳ 等待 Profile 更新任务...
2026-07-12 11:55:48.341 | INFO     | N/A | ⏳ 等待 Profile 更新任务...
2026-07-12 11:55:53.365 | INFO     | N/A | ⏳ 等待 Profile 更新任务...
2026-07-12 11:55:58.396 | INFO     | N/A | ⏳ 等待 Profile 更新任务...
2026-07-12 11:56:03.420 | INFO     | N/A | ⏳ 等待 Profile 更新任务...
2026-07-12 11:56:08.444 | INFO     | N/A | ⏳ 等待 Profile 更新任务...
2026-07-12 11:56:13.467 | INFO     | N/A | ⏳ 等待 Profile 更新任务...
2026-07-12 11:56:18.491 | INFO     | N/A | ⏳ 等待 Profile 更新任务...
2026-07-12 11:56:23.516 | INFO     | N/A | ⏳ 等待 Profile 更新任务...
2026-07-12 11:56:28.539 | INFO     | N/A | ⏳ 等待 Profile 更新任务...
2026-07-12 11:56:33.564 | INFO     | N/A | ⏳ 等待 Profile 更新任务...
2026-07-12 11:56:38.589 | INFO     | N/A | ⏳ 等待 Profile 更新任务...
2026-07-12 11:56:43.613 | INFO     | N/A | ⏳ 等待 Profile 更新任务...
2026-07-12 11:56:48.638 | INFO     | N/A | ⏳ 等待 Profile 更新任务...
2026-07-12 11:56:53.663 | INFO     | N/A | ⏳ 等待 Profile 更新任务...
2026-07-12 11:56:58.687 | INFO     | N/A | ⏳ 等待 Profile 更新任务...
2026-07-12 11:57:03.711 | INFO     | N/A | ⏳ 等待 Profile 更新任务...
2026-07-12 11:57:08.735 | INFO     | N/A | ⏳ 等待 Profile 更新任务...
2026-07-12 11:57:13.760 | INFO     | N/A | ⏳ 等待 Profile 更新任务...
2026-07-12 11:57:18.784 | INFO     | N/A | ⏳ 等待 Profile 更新任务...
2026-07-12 11:57:23.808 | INFO     | N/A | ⏳ 等待 Profile 更新任务...
2026-07-12 11:57:28.831 | INFO     | N/A | ⏳ 等待 Profile 更新任务...
2026-07-12 11:57:33.855 | INFO     | N/A | ⏳ 等待 Profile 更新任务...
2026-07-12 11:57:38.879 | INFO     | N/A | ⏳ 等待 Profile 更新任务...
2026-07-12 11:57:43.906 | INFO     | N/A | ⏳ 等待 Profile 更新任务...
2026-07-12 11:57:48.931 | INFO     | N/A | ⏳ 等待 Profile 更新任务...
2026-07-12 11:57:53.956 | INFO     | N/A | ⏳ 等待 Profile 更新任务...
2026-07-12 11:57:58.979 | INFO     | N/A | ⏳ 等待 Profile 更新任务...
2026-07-12 11:58:04.005 | INFO     | N/A | ⏳ 等待 Profile 更新任务...
2026-07-12 11:58:09.028 | INFO     | N/A | ⏳ 等待 Profile 更新任务...
2026-07-12 11:58:14.052 | INFO     | N/A | ⏳ 等待 Profile 更新任务...
2026-07-12 11:58:19.075 | INFO     | N/A | ⏳ 等待 Profile 更新任务...
2026-07-12 11:58:24.097 | INFO     | N/A | ⏳ 等待 Profile 更新任务...
2026-07-12 11:58:29.120 | INFO     | N/A | ⏳ 等待 Profile 更新任务...
2026-07-12 11:58:34.144 | INFO     | N/A | ⏳ 等待 Profile 更新任务...
2026-07-12 11:58:39.167 | INFO     | N/A | ⏳ 等待 Profile 更新任务...
2026-07-12 11:58:44.192 | INFO     | N/A | ⏳ 等待 Profile 更新任务...
2026-07-12 11:58:49.217 | INFO     | N/A | ⏳ 等待 Profile 更新任务...
2026-07-12 11:58:54.241 | INFO     | N/A | ⏳ 等待 Profile 更新任务...
2026-07-12 11:58:59.267 | INFO     | N/A | ⏳ 等待 Profile 更新任务...
2026-07-12 11:59:04.290 | INFO     | N/A | ⏳ 等待 Profile 更新任务...
2026-07-12 11:59:09.314 | INFO     | N/A | ⏳ 等待 Profile 更新任务...
2026-07-12 11:59:14.339 | INFO     | N/A | ⏳ 等待 Profile 更新任务...
2026-07-12 11:59:19.363 | INFO     | N/A | ⏳ 等待 Profile 更新任务...
2026-07-12 11:59:24.388 | INFO     | N/A | ⏳ 等待 Profile 更新任务...
2026-07-12 11:59:29.416 | INFO     | N/A | ⏳ 等待 Profile 更新任务...
2026-07-12 11:59:34.440 | INFO     | N/A | ⏳ 等待 Profile 更新任务...
2026-07-12 11:59:39.464 | INFO     | N/A | ⏳ 等待 Profile 更新任务...
2026-07-12 11:59:44.488 | INFO     | N/A | ⏳ 等待 Profile 更新任务...
2026-07-12 11:59:49.514 | INFO     | N/A | ⏳ 等待 Profile 更新任务...
2026-07-12 11:59:54.539 | INFO     | N/A | ⏳ 等待 Profile 更新任务...
2026-07-12 11:59:59.564 | INFO     | N/A | ⏳ 等待 Profile 更新任务...
2026-07-12 12:00:04.588 | INFO     | N/A | ⏳ 等待 Profile 更新任务...
2026-07-12 12:00:09.611 | INFO     | N/A | ⏳ 等待 Profile 更新任务...
2026-07-12 12:00:14.636 | INFO     | N/A | ⏳ 等待 Profile 更新任务...
2026-07-12 12:00:19.660 | INFO     | N/A | ⏳ 等待 Profile 更新任务...
2026-07-12 12:00:24.684 | INFO     | N/A | ⏳ 等待 Profile 更新任务...
2026-07-12 12:00:29.707 | INFO     | N/A | ⏳ 等待 Profile 更新任务...
2026-07-12 12:00:34.730 | INFO     | N/A | ⏳ 等待 Profile 更新任务...
2026-07-12 12:00:39.757 | INFO     | N/A | ⏳ 等待 Profile 更新任务...
2026-07-12 12:00:44.780 | INFO     | N/A | ⏳ 等待 Profile 更新任务...
2026-07-12 12:00:49.806 | INFO     | N/A | ⏳ 等待 Profile 更新任务...
2026-07-12 12:00:54.831 | INFO     | N/A | ⏳ 等待 Profile 更新任务...
2026-07-12 12:00:59.854 | INFO     | N/A | ⏳ 等待 Profile 更新任务...
2026-07-12 12:01:04.885 | INFO     | N/A | ⏳ 等待 Profile 更新任务...
2026-07-12 12:01:09.909 | INFO     | N/A | ⏳ 等待 Profile 更新任务...
2026-07-12 12:01:14.934 | INFO     | N/A | ⏳ 等待 Profile 更新任务...
2026-07-12 12:01:19.958 | INFO     | N/A | ⏳ 等待 Profile 更新任务...
2026-07-12 12:01:24.984 | INFO     | N/A | ⏳ 等待 Profile 更新任务...
2026-07-12 12:01:30.007 | INFO     | N/A | ⏳ 等待 Profile 更新任务...
2026-07-12 12:01:35.032 | INFO     | N/A | ⏳ 等待 Profile 更新任务...
2026-07-12 12:01:40.057 | INFO     | N/A | ⏳ 等待 Profile 更新任务...
2026-07-12 12:01:45.082 | INFO     | N/A | ⏳ 等待 Profile 更新任务...
2026-07-12 12:01:50.106 | INFO     | N/A | ⏳ 等待 Profile 更新任务...
2026-07-12 12:01:55.130 | INFO     | N/A | ⏳ 等待 Profile 更新任务...
2026-07-12 12:02:00.156 | INFO     | N/A | ⏳ 等待 Profile 更新任务...
2026-07-12 12:02:05.183 | INFO     | N/A | ⏳ 等待 Profile 更新任务...
2026-07-12 12:02:10.209 | INFO     | N/A | ⏳ 等待 Profile 更新任务...
2026-07-12 12:02:15.233 | INFO     | N/A | ⏳ 等待 Profile 更新任务...
2026-07-12 12:02:20.261 | INFO     | N/A | ⏳ 等待 Profile 更新任务...
2026-07-12 12:02:25.284 | INFO     | N/A | ⏳ 等待 Profile 更新任务...
2026-07-12 12:02:30.307 | INFO     | N/A | ⏳ 等待 Profile 更新任务...
2026-07-12 12:02:35.331 | INFO     | N/A | ⏳ 等待 Profile 更新任务...
2026-07-12 12:02:40.357 | INFO     | N/A | ⏳ 等待 Profile 更新任务...
2026-07-12 12:02:45.381 | INFO     | N/A | ⏳ 等待 Profile 更新任务...
2026-07-12 12:02:50.406 | INFO     | N/A | ⏳ 等待 Profile 更新任务...
2026-07-12 12:02:55.428 | INFO     | N/A | ⏳ 等待 Profile 更新任务...
2026-07-12 12:03:00.454 | INFO     | N/A | ⏳ 等待 Profile 更新任务...
2026-07-12 12:03:05.480 | INFO     | N/A | ⏳ 等待 Profile 更新任务...
2026-07-12 12:03:10.504 | INFO     | N/A | ⏳ 等待 Profile 更新任务...
2026-07-12 12:03:15.527 | INFO     | N/A | ⏳ 等待 Profile 更新任务...
2026-07-12 12:03:20.551 | INFO     | N/A | ⏳ 等待 Profile 更新任务...
2026-07-12 12:03:25.575 | INFO     | N/A | ⏳ 等待 Profile 更新任务...
2026-07-12 12:03:30.599 | INFO     | N/A | ⏳ 等待 Profile 更新任务...
2026-07-12 12:03:35.622 | INFO     | N/A | ⏳ 等待 Profile 更新任务...
2026-07-12 12:03:40.647 | INFO     | N/A | ⏳ 等待 Profile 更新任务...
2026-07-12 12:03:45.670 | INFO     | N/A | ⏳ 等待 Profile 更新任务...
2026-07-12 12:03:50.694 | INFO     | N/A | ⏳ 等待 Profile 更新任务...
2026-07-12 12:03:55.718 | INFO     | N/A | ⏳ 等待 Profile 更新任务...
2026-07-12 12:04:00.742 | INFO     | N/A | ⏳ 等待 Profile 更新任务...
2026-07-12 12:04:05.769 | INFO     | N/A | ⏳ 等待 Profile 更新任务...
2026-07-12 12:04:10.793 | INFO     | N/A | ⏳ 等待 Profile 更新任务...
2026-07-12 12:04:15.818 | INFO     | N/A | ⏳ 等待 Profile 更新任务...
2026-07-12 12:04:20.841 | INFO     | N/A | ⏳ 等待 Profile 更新任务...
2026-07-12 12:04:25.867 | INFO     | N/A | ⏳ 等待 Profile 更新任务...
2026-07-12 12:04:30.892 | INFO     | N/A | ⏳ 等待 Profile 更新任务...
2026-07-12 12:04:35.917 | INFO     | N/A | ⏳ 等待 Profile 更新任务...
2026-07-12 12:04:40.942 | INFO     | N/A | ⏳ 等待 Profile 更新任务...
2026-07-12 12:04:45.967 | INFO     | N/A | ⏳ 等待 Profile 更新任务...
2026-07-12 12:04:50.991 | INFO     | N/A | ⏳ 等待 Profile 更新任务...
2026-07-12 12:04:56.015 | INFO     | N/A | ⏳ 等待 Profile 更新任务...
2026-07-12 12:05:01.040 | INFO     | N/A | ⏳ 等待 Profile 更新任务...
2026-07-12 12:05:06.068 | INFO     | N/A | ⏳ 等待 Profile 更新任务...
2026-07-12 12:05:11.093 | INFO     | N/A | ⏳ 等待 Profile 更新任务...
2026-07-12 12:05:16.119 | INFO     | N/A | ⏳ 等待 Profile 更新任务...
2026-07-12 12:05:21.144 | INFO     | N/A | ⏳ 等待 Profile 更新任务...
2026-07-12 12:05:26.167 | INFO     | N/A | ⏳ 等待 Profile 更新任务...
2026-07-12 12:05:31.193 | INFO     | N/A | ⏳ 等待 Profile 更新任务...
2026-07-12 12:05:36.218 | INFO     | N/A | ⏳ 等待 Profile 更新任务...
2026-07-12 12:05:41.244 | INFO     | N/A | ⏳ 等待 Profile 更新任务...
2026-07-12 12:05:46.267 | INFO     | N/A | ⏳ 等待 Profile 更新任务...
2026-07-12 12:05:51.291 | INFO     | N/A | ⏳ 等待 Profile 更新任务...
2026-07-12 12:05:56.315 | INFO     | N/A | ⏳ 等待 Profile 更新任务...
2026-07-12 12:06:01.342 | INFO     | N/A | ⏳ 等待 Profile 更新任务...
2026-07-12 12:06:06.369 | INFO     | N/A | ⏳ 等待 Profile 更新任务...
2026-07-12 12:06:11.393 | INFO     | N/A | ⏳ 等待 Profile 更新任务...
2026-07-12 12:06:16.417 | INFO     | N/A | ⏳ 等待 Profile 更新任务...
2026-07-12 12:06:21.442 | INFO     | N/A | ⏳ 等待 Profile 更新任务...
2026-07-12 12:06:26.465 | INFO     | N/A | ⏳ 等待 Profile 更新任务...
2026-07-12 12:06:31.491 | INFO     | N/A | ⏳ 等待 Profile 更新任务...
2026-07-12 12:06:36.512 | INFO     | N/A | ⏳ 等待 Profile 更新任务...
2026-07-12 12:06:41.536 | INFO     | N/A | ⏳ 等待 Profile 更新任务...
2026-07-12 12:06:46.559 | INFO     | N/A | ⏳ 等待 Profile 更新任务...
2026-07-12 12:06:51.584 | INFO     | N/A | ⏳ 等待 Profile 更新任务...
2026-07-12 12:06:56.609 | INFO     | N/A | ⏳ 等待 Profile 更新任务...
2026-07-12 12:07:01.634 | INFO     | N/A | ⏳ 等待 Profile 更新任务...
2026-07-12 12:07:06.659 | INFO     | N/A | ⏳ 等待 Profile 更新任务...
2026-07-12 12:07:11.682 | INFO     | N/A | ⏳ 等待 Profile 更新任务...
2026-07-12 12:07:16.706 | INFO     | N/A | ⏳ 等待 Profile 更新任务...
2026-07-12 12:07:21.731 | INFO     | N/A | ⏳ 等待 Profile 更新任务...
2026-07-12 12:07:26.755 | INFO     | N/A | ⏳ 等待 Profile 更新任务...
2026-07-12 12:07:31.780 | INFO     | N/A | ⏳ 等待 Profile 更新任务...
2026-07-12 12:07:36.804 | INFO     | N/A | ⏳ 等待 Profile 更新任务...
2026-07-12 12:07:41.829 | INFO     | N/A | ⏳ 等待 Profile 更新任务...
2026-07-12 12:07:46.853 | INFO     | N/A | ⏳ 等待 Profile 更新任务...
2026-07-12 12:07:51.878 | INFO     | N/A | ⏳ 等待 Profile 更新任务...
2026-07-12 12:07:56.903 | INFO     | N/A | ⏳ 等待 Profile 更新任务...
2026-07-12 12:08:01.927 | INFO     | N/A | ⏳ 等待 Profile 更新任务...
2026-07-12 12:08:06.956 | INFO     | N/A | ⏳ 等待 Profile 更新任务...
2026-07-12 12:08:11.980 | INFO     | N/A | ⏳ 等待 Profile 更新任务...
2026-07-12 12:08:17.005 | INFO     | N/A | ⏳ 等待 Profile 更新任务...
2026-07-12 12:08:22.028 | INFO     | N/A | ⏳ 等待 Profile 更新任务...
2026-07-12 12:08:27.051 | INFO     | N/A | ⏳ 等待 Profile 更新任务...
2026-07-12 12:08:32.075 | INFO     | N/A | ⏳ 等待 Profile 更新任务...
2026-07-12 12:08:37.103 | INFO     | N/A | ⏳ 等待 Profile 更新任务...
2026-07-12 12:08:42.128 | INFO     | N/A | ⏳ 等待 Profile 更新任务...
2026-07-12 12:08:47.153 | INFO     | N/A | ⏳ 等待 Profile 更新任务...
2026-07-12 12:08:52.178 | INFO     | N/A | ⏳ 等待 Profile 更新任务...
2026-07-12 12:08:57.202 | INFO     | N/A | ⏳ 等待 Profile 更新任务...
2026-07-12 12:09:02.231 | INFO     | N/A | ⏳ 等待 Profile 更新任务...
2026-07-12 12:09:07.253 | INFO     | N/A | ⏳ 等待 Profile 更新任务...
2026-07-12 12:09:12.276 | INFO     | N/A | ⏳ 等待 Profile 更新任务...
2026-07-12 12:09:17.302 | INFO     | N/A | ⏳ 等待 Profile 更新任务...
2026-07-12 12:09:22.325 | INFO     | N/A | ⏳ 等待 Profile 更新任务...
2026-07-12 12:09:27.349 | INFO     | N/A | ⏳ 等待 Profile 更新任务...
2026-07-12 12:09:32.374 | INFO     | N/A | ⏳ 等待 Profile 更新任务...
2026-07-12 12:09:37.399 | INFO     | N/A | ⏳ 等待 Profile 更新任务...
2026-07-12 12:09:42.424 | INFO     | N/A | ⏳ 等待 Profile 更新任务...
2026-07-12 12:09:47.448 | INFO     | N/A | ⏳ 等待 Profile 更新任务...
2026-07-12 12:09:52.474 | INFO     | N/A | ⏳ 等待 Profile 更新任务...
2026-07-12 12:09:57.498 | INFO     | N/A | ⏳ 等待 Profile 更新任务...
2026-07-12 12:10:02.526 | INFO     | N/A | ⏳ 等待 Profile 更新任务...
2026-07-12 12:10:07.547 | INFO     | N/A | ⏳ 等待 Profile 更新任务...
2026-07-12 12:10:12.573 | INFO     | N/A | ⏳ 等待 Profile 更新任务...
2026-07-12 12:10:17.597 | INFO     | N/A | ⏳ 等待 Profile 更新任务...
2026-07-12 12:10:22.619 | INFO     | N/A | ⏳ 等待 Profile 更新任务...
2026-07-12 12:10:27.644 | INFO     | N/A | ⏳ 等待 Profile 更新任务...
2026-07-12 12:10:32.670 | INFO     | N/A | ⏳ 等待 Profile 更新任务...
2026-07-12 12:10:37.695 | INFO     | N/A | ⏳ 等待 Profile 更新任务...
2026-07-12 12:10:42.719 | INFO     | N/A | ⏳ 等待 Profile 更新任务...
2026-07-12 12:10:47.747 | INFO     | N/A | ⏳ 等待 Profile 更新任务...
2026-07-12 12:10:52.771 | INFO     | N/A | ⏳ 等待 Profile 更新任务...
2026-07-12 12:10:57.795 | INFO     | N/A | ⏳ 等待 Profile 更新任务...
2026-07-12 12:11:02.820 | INFO     | N/A | ⏳ 等待 Profile 更新任务...
2026-07-12 12:11:07.844 | INFO     | N/A | ⏳ 等待 Profile 更新任务...
2026-07-12 12:11:12.866 | INFO     | N/A | ⏳ 等待 Profile 更新任务...
2026-07-12 12:11:17.888 | INFO     | N/A | ⏳ 等待 Profile 更新任务...
2026-07-12 12:11:22.911 | INFO     | N/A | ⏳ 等待 Profile 更新任务...
2026-07-12 12:11:27.935 | INFO     | N/A | ⏳ 等待 Profile 更新任务...
2026-07-12 12:11:32.960 | INFO     | N/A | ⏳ 等待 Profile 更新任务...
2026-07-12 12:11:37.984 | INFO     | N/A | ⏳ 等待 Profile 更新任务...
2026-07-12 12:11:43.009 | INFO     | N/A | ⏳ 等待 Profile 更新任务...
2026-07-12 12:11:48.033 | INFO     | N/A | ⏳ 等待 Profile 更新任务...
2026-07-12 12:11:53.057 | INFO     | N/A | ⏳ 等待 Profile 更新任务...
2026-07-12 12:11:58.079 | INFO     | N/A | ⏳ 等待 Profile 更新任务...
2026-07-12 12:12:03.102 | INFO     | N/A | ⏳ 等待 Profile 更新任务...
2026-07-12 12:12:08.127 | INFO     | N/A | ⏳ 等待 Profile 更新任务...
2026-07-12 12:12:13.150 | INFO     | N/A | ⏳ 等待 Profile 更新任务...
2026-07-12 12:12:18.173 | INFO     | N/A | ⏳ 等待 Profile 更新任务...
2026-07-12 12:12:23.197 | INFO     | N/A | ⏳ 等待 Profile 更新任务...
2026-07-12 12:12:28.219 | INFO     | N/A | ⏳ 等待 Profile 更新任务...
2026-07-12 12:12:33.244 | INFO     | N/A | ⏳ 等待 Profile 更新任务...
2026-07-12 12:12:38.270 | INFO     | N/A | ⏳ 等待 Profile 更新任务...
2026-07-12 12:12:43.294 | INFO     | N/A | ⏳ 等待 Profile 更新任务...
2026-07-12 12:12:48.317 | INFO     | N/A | ⏳ 等待 Profile 更新任务...
2026-07-12 12:12:53.342 | INFO     | N/A | ⏳ 等待 Profile 更新任务...
2026-07-12 12:12:58.365 | INFO     | N/A | ⏳ 等待 Profile 更新任务...
2026-07-12 12:13:03.388 | INFO     | N/A | ⏳ 等待 Profile 更新任务...
2026-07-12 12:13:08.411 | INFO     | N/A | ⏳ 等待 Profile 更新任务...
2026-07-12 12:13:13.438 | INFO     | N/A | ⏳ 等待 Profile 更新任务...
2026-07-12 12:13:18.463 | INFO     | N/A | ⏳ 等待 Profile 更新任务...
2026-07-12 12:13:23.485 | INFO     | N/A | ⏳ 等待 Profile 更新任务...
2026-07-12 12:13:28.509 | INFO     | N/A | ⏳ 等待 Profile 更新任务...
2026-07-12 12:13:33.532 | INFO     | N/A | ⏳ 等待 Profile 更新任务...
2026-07-12 12:13:38.555 | INFO     | N/A | ⏳ 等待 Profile 更新任务...
2026-07-12 12:13:43.578 | INFO     | N/A | ⏳ 等待 Profile 更新任务...
2026-07-12 12:13:48.601 | INFO     | N/A | ⏳ 等待 Profile 更新任务...
2026-07-12 12:13:53.626 | INFO     | N/A | ⏳ 等待 Profile 更新任务...
2026-07-12 12:13:58.650 | INFO     | N/A | ⏳ 等待 Profile 更新任务...
2026-07-12 12:14:03.672 | INFO     | N/A | ⏳ 等待 Profile 更新任务...
2026-07-12 12:14:08.697 | INFO     | N/A | ⏳ 等待 Profile 更新任务...
2026-07-12 12:14:13.721 | INFO     | N/A | ⏳ 等待 Profile 更新任务...
2026-07-12 12:14:18.745 | INFO     | N/A | ⏳ 等待 Profile 更新任务...
2026-07-12 12:14:23.769 | INFO     | N/A | ⏳ 等待 Profile 更新任务...
2026-07-12 12:14:28.791 | INFO     | N/A | ⏳ 等待 Profile 更新任务...
2026-07-12 12:14:33.818 | INFO     | N/A | ⏳ 等待 Profile 更新任务...
2026-07-12 12:14:38.844 | INFO     | N/A | ⏳ 等待 Profile 更新任务...
2026-07-12 12:14:43.868 | INFO     | N/A | ⏳ 等待 Profile 更新任务...
2026-07-12 12:14:48.891 | INFO     | N/A | ⏳ 等待 Profile 更新任务...
2026-07-12 12:14:53.914 | INFO     | N/A | ⏳ 等待 Profile 更新任务...
2026-07-12 12:14:58.938 | INFO     | N/A | ⏳ 等待 Profile 更新任务...
2026-07-12 12:15:03.961 | INFO     | N/A | ⏳ 等待 Profile 更新任务...
2026-07-12 12:15:08.985 | INFO     | N/A | ⏳ 等待 Profile 更新任务...
2026-07-12 12:15:14.009 | INFO     | N/A | ⏳ 等待 Profile 更新任务...
2026-07-12 12:15:19.033 | INFO     | N/A | ⏳ 等待 Profile 更新任务...
2026-07-12 12:15:24.055 | INFO     | N/A | ⏳ 等待 Profile 更新任务...
2026-07-12 12:15:29.082 | INFO     | N/A | ⏳ 等待 Profile 更新任务...
2026-07-12 12:15:34.106 | INFO     | N/A | ⏳ 等待 Profile 更新任务...
2026-07-12 12:15:39.132 | INFO     | N/A | ⏳ 等待 Profile 更新任务...
2026-07-12 12:15:44.157 | INFO     | N/A | ⏳ 等待 Profile 更新任务...
2026-07-12 12:15:49.182 | INFO     | N/A | ⏳ 等待 Profile 更新任务...
2026-07-12 12:15:54.207 | INFO     | N/A | ⏳ 等待 Profile 更新任务...
2026-07-12 12:15:59.231 | INFO     | N/A | ⏳ 等待 Profile 更新任务...
2026-07-12 12:16:04.256 | INFO     | N/A | ⏳ 等待 Profile 更新任务...
2026-07-12 12:16:09.280 | INFO     | N/A | ⏳ 等待 Profile 更新任务...
2026-07-12 12:16:14.307 | INFO     | N/A | ⏳ 等待 Profile 更新任务...
2026-07-12 12:16:19.332 | INFO     | N/A | ⏳ 等待 Profile 更新任务...
2026-07-12 12:16:24.357 | INFO     | N/A | ⏳ 等待 Profile 更新任务...
2026-07-12 12:16:29.380 | INFO     | N/A | ⏳ 等待 Profile 更新任务...
2026-07-12 12:16:34.405 | INFO     | N/A | ⏳ 等待 Profile 更新任务...
2026-07-12 12:16:39.431 | INFO     | N/A | ⏳ 等待 Profile 更新任务...
2026-07-12 12:16:44.453 | INFO     | N/A | ⏳ 等待 Profile 更新任务...
2026-07-12 12:16:49.478 | INFO     | N/A | ⏳ 等待 Profile 更新任务...
2026-07-12 12:16:54.503 | INFO     | N/A | ⏳ 等待 Profile 更新任务...
2026-07-12 12:16:59.526 | INFO     | N/A | ⏳ 等待 Profile 更新任务...
2026-07-12 12:17:04.550 | INFO     | N/A | ⏳ 等待 Profile 更新任务...
2026-07-12 12:17:09.576 | INFO     | N/A | ⏳ 等待 Profile 更新任务...
2026-07-12 12:17:14.611 | INFO     | N/A | ⏳ 等待 Profile 更新任务...
2026-07-12 12:17:19.633 | INFO     | N/A | ⏳ 等待 Profile 更新任务...
2026-07-12 12:17:24.657 | INFO     | N/A | ⏳ 等待 Profile 更新任务...
2026-07-12 12:17:29.684 | INFO     | N/A | ⏳ 等待 Profile 更新任务...
2026-07-12 12:17:34.707 | INFO     | N/A | ⏳ 等待 Profile 更新任务...
2026-07-12 12:17:39.732 | INFO     | N/A | ⏳ 等待 Profile 更新任务...
2026-07-12 12:17:44.756 | INFO     | N/A | ⏳ 等待 Profile 更新任务...
2026-07-12 12:17:49.779 | INFO     | N/A | ⏳ 等待 Profile 更新任务...
2026-07-12 12:17:54.804 | INFO     | N/A | ⏳ 等待 Profile 更新任务...
2026-07-12 12:17:59.828 | INFO     | N/A | ⏳ 等待 Profile 更新任务...
2026-07-12 12:18:04.851 | INFO     | N/A | ⏳ 等待 Profile 更新任务...
2026-07-12 12:18:09.874 | INFO     | N/A | ⏳ 等待 Profile 更新任务...
2026-07-12 12:18:14.901 | INFO     | N/A | ⏳ 等待 Profile 更新任务...
2026-07-12 12:18:19.927 | INFO     | N/A | ⏳ 等待 Profile 更新任务...
2026-07-12 12:18:24.952 | INFO     | N/A | ⏳ 等待 Profile 更新任务...
2026-07-12 12:18:29.975 | INFO     | N/A | ⏳ 等待 Profile 更新任务...
2026-07-12 12:18:34.997 | INFO     | N/A | ⏳ 等待 Profile 更新任务...
2026-07-12 12:18:40.021 | INFO     | N/A | ⏳ 等待 Profile 更新任务...
2026-07-12 12:18:45.045 | INFO     | N/A | ⏳ 等待 Profile 更新任务...
2026-07-12 12:18:50.072 | INFO     | N/A | ⏳ 等待 Profile 更新任务...
2026-07-12 12:18:55.096 | INFO     | N/A | ⏳ 等待 Profile 更新任务...
2026-07-12 12:19:00.119 | INFO     | N/A | ⏳ 等待 Profile 更新任务...
2026-07-12 12:19:05.143 | INFO     | N/A | ⏳ 等待 Profile 更新任务...
2026-07-12 12:19:10.171 | INFO     | N/A | ⏳ 等待 Profile 更新任务...
2026-07-12 12:19:15.195 | INFO     | N/A | ⏳ 等待 Profile 更新任务...
2026-07-12 12:19:20.220 | INFO     | N/A | ⏳ 等待 Profile 更新任务...
2026-07-12 12:19:25.243 | INFO     | N/A | ⏳ 等待 Profile 更新任务...
2026-07-12 12:19:30.267 | INFO     | N/A | ⏳ 等待 Profile 更新任务...
2026-07-12 12:19:35.292 | INFO     | N/A | ⏳ 等待 Profile 更新任务...
2026-07-12 12:19:40.315 | INFO     | N/A | ⏳ 等待 Profile 更新任务...
2026-07-12 12:19:45.340 | INFO     | N/A | ⏳ 等待 Profile 更新任务...
2026-07-12 12:19:50.366 | INFO     | N/A | ⏳ 等待 Profile 更新任务...
2026-07-12 12:19:55.393 | INFO     | N/A | ⏳ 等待 Profile 更新任务...
2026-07-12 12:20:00.416 | INFO     | N/A | ⏳ 等待 Profile 更新任务...
2026-07-12 12:20:05.442 | INFO     | N/A | ⏳ 等待 Profile 更新任务...
2026-07-12 12:20:10.465 | INFO     | N/A | ⏳ 等待 Profile 更新任务...
2026-07-12 12:20:15.488 | INFO     | N/A | ⏳ 等待 Profile 更新任务...
2026-07-12 12:20:20.512 | INFO     | N/A | ⏳ 等待 Profile 更新任务...
2026-07-12 12:20:25.536 | INFO     | N/A | ⏳ 等待 Profile 更新任务...
2026-07-12 12:20:30.559 | INFO     | N/A | ⏳ 等待 Profile 更新任务...
2026-07-12 12:20:35.583 | INFO     | N/A | ⏳ 等待 Profile 更新任务...
2026-07-12 12:20:40.606 | INFO     | N/A | ⏳ 等待 Profile 更新任务...
2026-07-12 12:20:45.631 | INFO     | N/A | ⏳ 等待 Profile 更新任务...
2026-07-12 12:20:50.655 | INFO     | N/A | ⏳ 等待 Profile 更新任务...
2026-07-12 12:20:55.678 | INFO     | N/A | ⏳ 等待 Profile 更新任务...
2026-07-12 12:21:00.706 | INFO     | N/A | ⏳ 等待 Profile 更新任务...
2026-07-12 12:21:05.729 | INFO     | N/A | ⏳ 等待 Profile 更新任务...
2026-07-12 12:21:10.754 | INFO     | N/A | ⏳ 等待 Profile 更新任务...
2026-07-12 12:21:15.778 | INFO     | N/A | ⏳ 等待 Profile 更新任务...
2026-07-12 12:21:20.800 | INFO     | N/A | ⏳ 等待 Profile 更新任务...
2026-07-12 12:21:25.823 | INFO     | N/A | ⏳ 等待 Profile 更新任务...
2026-07-12 12:21:30.848 | INFO     | N/A | ⏳ 等待 Profile 更新任务...
2026-07-12 12:21:35.871 | INFO     | N/A | ⏳ 等待 Profile 更新任务...
2026-07-12 12:21:40.894 | INFO     | N/A | ⏳ 等待 Profile 更新任务...
2026-07-12 12:21:45.918 | INFO     | N/A | ⏳ 等待 Profile 更新任务...
2026-07-12 12:21:50.941 | INFO     | N/A | ⏳ 等待 Profile 更新任务...
2026-07-12 12:21:55.966 | INFO     | N/A | ⏳ 等待 Profile 更新任务...
2026-07-12 12:22:00.991 | INFO     | N/A | ⏳ 等待 Profile 更新任务...
2026-07-12 12:22:06.014 | INFO     | N/A | ⏳ 等待 Profile 更新任务...
2026-07-12 12:22:11.038 | INFO     | N/A | ⏳ 等待 Profile 更新任务...
2026-07-12 12:22:16.062 | INFO     | N/A | ⏳ 等待 Profile 更新任务...
2026-07-12 12:22:21.086 | INFO     | N/A | ⏳ 等待 Profile 更新任务...
2026-07-12 12:22:26.110 | INFO     | N/A | ⏳ 等待 Profile 更新任务...
2026-07-12 12:22:31.133 | INFO     | N/A | ⏳ 等待 Profile 更新任务...
2026-07-12 12:22:36.155 | INFO     | N/A | ⏳ 等待 Profile 更新任务...
2026-07-12 12:22:41.178 | INFO     | N/A | ⏳ 等待 Profile 更新任务...
2026-07-12 12:22:46.203 | INFO     | N/A | ⏳ 等待 Profile 更新任务...
2026-07-12 12:22:51.226 | INFO     | N/A | ⏳ 等待 Profile 更新任务...
2026-07-12 12:22:56.251 | INFO     | N/A | ⏳ 等待 Profile 更新任务...
2026-07-12 12:23:01.273 | INFO     | N/A | ⏳ 等待 Profile 更新任务...
2026-07-12 12:23:06.297 | INFO     | N/A | ⏳ 等待 Profile 更新任务...
2026-07-12 12:23:11.319 | INFO     | N/A | ⏳ 等待 Profile 更新任务...
2026-07-12 12:23:16.345 | INFO     | N/A | ⏳ 等待 Profile 更新任务...
2026-07-12 12:23:21.369 | INFO     | N/A | ⏳ 等待 Profile 更新任务...
2026-07-12 12:23:26.392 | INFO     | N/A | ⏳ 等待 Profile 更新任务...
2026-07-12 12:23:31.417 | INFO     | N/A | ⏳ 等待 Profile 更新任务...
2026-07-12 12:23:36.440 | INFO     | N/A | ⏳ 等待 Profile 更新任务...
2026-07-12 12:23:41.465 | INFO     | N/A | ⏳ 等待 Profile 更新任务...
2026-07-12 12:23:46.489 | INFO     | N/A | ⏳ 等待 Profile 更新任务...
2026-07-12 12:23:51.512 | INFO     | N/A | ⏳ 等待 Profile 更新任务...
2026-07-12 12:23:56.537 | INFO     | N/A | ⏳ 等待 Profile 更新任务...
2026-07-12 12:24:01.560 | INFO     | N/A | ⏳ 等待 Profile 更新任务...
2026-07-12 12:24:06.583 | INFO     | N/A | ⏳ 等待 Profile 更新任务...
2026-07-12 12:24:11.606 | INFO     | N/A | ⏳ 等待 Profile 更新任务...
2026-07-12 12:24:16.629 | INFO     | N/A | ⏳ 等待 Profile 更新任务...
2026-07-12 12:24:21.653 | INFO     | N/A | ⏳ 等待 Profile 更新任务...
2026-07-12 12:24:26.676 | INFO     | N/A | ⏳ 等待 Profile 更新任务...
2026-07-12 12:24:31.700 | INFO     | N/A | ⏳ 等待 Profile 更新任务...
2026-07-12 12:24:36.724 | INFO     | N/A | ⏳ 等待 Profile 更新任务...
2026-07-12 12:24:41.749 | INFO     | N/A | ⏳ 等待 Profile 更新任务...
2026-07-12 12:24:46.773 | INFO     | N/A | ⏳ 等待 Profile 更新任务...
2026-07-12 12:24:51.798 | INFO     | N/A | ⏳ 等待 Profile 更新任务...
2026-07-12 12:24:56.822 | INFO     | N/A | ⏳ 等待 Profile 更新任务...
2026-07-12 12:25:01.846 | INFO     | N/A | ⏳ 等待 Profile 更新任务...
2026-07-12 12:25:06.869 | INFO     | N/A | ⏳ 等待 Profile 更新任务...
2026-07-12 12:25:11.893 | INFO     | N/A | ⏳ 等待 Profile 更新任务...
2026-07-12 12:25:16.917 | INFO     | N/A | ⏳ 等待 Profile 更新任务...
2026-07-12 12:25:21.944 | INFO     | N/A | ⏳ 等待 Profile 更新任务...
2026-07-12 12:25:26.967 | INFO     | N/A | ⏳ 等待 Profile 更新任务...
2026-07-12 12:25:31.989 | INFO     | N/A | ⏳ 等待 Profile 更新任务...
2026-07-12 12:25:37.012 | INFO     | N/A | ⏳ 等待 Profile 更新任务...
2026-07-12 12:25:42.037 | INFO     | N/A | ⏳ 等待 Profile 更新任务...
2026-07-12 12:25:47.062 | INFO     | N/A | ⏳ 等待 Profile 更新任务...
2026-07-12 12:25:52.088 | INFO     | N/A | ⏳ 等待 Profile 更新任务...
2026-07-12 12:25:57.111 | INFO     | N/A | ⏳ 等待 Profile 更新任务...
2026-07-12 12:26:02.137 | INFO     | N/A | ⏳ 等待 Profile 更新任务...
2026-07-12 12:26:07.162 | INFO     | N/A | ⏳ 等待 Profile 更新任务...
2026-07-12 12:26:12.186 | INFO     | N/A | ⏳ 等待 Profile 更新任务...
2026-07-12 12:26:17.209 | INFO     | N/A | ⏳ 等待 Profile 更新任务...
2026-07-12 12:26:22.235 | INFO     | N/A | ⏳ 等待 Profile 更新任务...
2026-07-12 12:26:27.258 | INFO     | N/A | ⏳ 等待 Profile 更新任务...
2026-07-12 12:26:32.283 | INFO     | N/A | ⏳ 等待 Profile 更新任务...
2026-07-12 12:26:37.314 | INFO     | N/A | ⏳ 等待 Profile 更新任务...
2026-07-12 12:26:42.336 | INFO     | N/A | ⏳ 等待 Profile 更新任务...
2026-07-12 12:26:47.360 | INFO     | N/A | ⏳ 等待 Profile 更新任务...
2026-07-12 12:26:52.386 | INFO     | N/A | ⏳ 等待 Profile 更新任务...
2026-07-12 12:26:57.408 | INFO     | N/A | ⏳ 等待 Profile 更新任务...
2026-07-12 12:27:02.432 | INFO     | N/A | ⏳ 等待 Profile 更新任务...
2026-07-12 12:27:07.461 | INFO     | N/A | ⏳ 等待 Profile 更新任务...
2026-07-12 12:27:12.481 | INFO     | N/A | ⏳ 等待 Profile 更新任务...
2026-07-12 12:27:17.506 | INFO     | N/A | ⏳ 等待 Profile 更新任务...
2026-07-12 12:27:22.531 | INFO     | N/A | ⏳ 等待 Profile 更新任务...
2026-07-12 12:27:27.556 | INFO     | N/A | ⏳ 等待 Profile 更新任务...
2026-07-12 12:27:32.581 | INFO     | N/A | ⏳ 等待 Profile 更新任务...
2026-07-12 12:27:37.604 | INFO     | N/A | ⏳ 等待 Profile 更新任务...
2026-07-12 12:27:42.630 | INFO     | N/A | ⏳ 等待 Profile 更新任务...
2026-07-12 12:27:47.653 | INFO     | N/A | ⏳ 等待 Profile 更新任务...
2026-07-12 12:27:52.677 | INFO     | N/A | ⏳ 等待 Profile 更新任务...
2026-07-12 12:27:57.701 | INFO     | N/A | ⏳ 等待 Profile 更新任务...
2026-07-12 12:28:02.726 | INFO     | N/A | ⏳ 等待 Profile 更新任务...
2026-07-12 12:28:07.748 | INFO     | N/A | ⏳ 等待 Profile 更新任务...
2026-07-12 12:28:12.772 | INFO     | N/A | ⏳ 等待 Profile 更新任务...
2026-07-12 12:28:17.796 | INFO     | N/A | ⏳ 等待 Profile 更新任务...
2026-07-12 12:28:22.824 | INFO     | N/A | ⏳ 等待 Profile 更新任务...
2026-07-12 12:28:27.847 | INFO     | N/A | ⏳ 等待 Profile 更新任务...
2026-07-12 12:28:32.873 | INFO     | N/A | ⏳ 等待 Profile 更新任务...
2026-07-12 12:28:37.897 | INFO     | N/A | ⏳ 等待 Profile 更新任务...
2026-07-12 12:28:42.921 | INFO     | N/A | ⏳ 等待 Profile 更新任务...
2026-07-12 12:28:47.944 | INFO     | N/A | ⏳ 等待 Profile 更新任务...
2026-07-12 12:28:52.967 | INFO     | N/A | ⏳ 等待 Profile 更新任务...
2026-07-12 12:28:57.992 | INFO     | N/A | ⏳ 等待 Profile 更新任务...
2026-07-12 12:29:03.017 | INFO     | N/A | ⏳ 等待 Profile 更新任务...
2026-07-12 12:29:08.041 | INFO     | N/A | ⏳ 等待 Profile 更新任务...
2026-07-12 12:29:13.065 | INFO     | N/A | ⏳ 等待 Profile 更新任务...
2026-07-12 12:29:18.089 | INFO     | N/A | ⏳ 等待 Profile 更新任务...
2026-07-12 12:29:23.114 | INFO     | N/A | ⏳ 等待 Profile 更新任务...
2026-07-12 12:29:28.139 | INFO     | N/A | ⏳ 等待 Profile 更新任务...
2026-07-12 12:29:33.166 | INFO     | N/A | ⏳ 等待 Profile 更新任务...
2026-07-12 12:29:38.188 | INFO     | N/A | ⏳ 等待 Profile 更新任务...
2026-07-12 12:29:43.213 | INFO     | N/A | ⏳ 等待 Profile 更新任务...
2026-07-12 12:29:48.238 | INFO     | N/A | ⏳ 等待 Profile 更新任务...
2026-07-12 12:29:53.262 | INFO     | N/A | ⏳ 等待 Profile 更新任务...
2026-07-12 12:29:58.287 | INFO     | N/A | ⏳ 等待 Profile 更新任务...
2026-07-12 12:30:03.311 | INFO     | N/A | ⏳ 等待 Profile 更新任务...
2026-07-12 12:30:08.336 | INFO     | N/A | ⏳ 等待 Profile 更新任务...
2026-07-12 12:30:13.364 | INFO     | N/A | ⏳ 等待 Profile 更新任务...
2026-07-12 12:30:18.389 | INFO     | N/A | ⏳ 等待 Profile 更新任务...
2026-07-12 12:30:23.411 | INFO     | N/A | ⏳ 等待 Profile 更新任务...
2026-07-12 12:30:28.435 | INFO     | N/A | ⏳ 等待 Profile 更新任务...
2026-07-12 12:30:33.460 | INFO     | N/A | ⏳ 等待 Profile 更新任务...
2026-07-12 12:30:38.483 | INFO     | N/A | ⏳ 等待 Profile 更新任务...
2026-07-12 12:30:43.510 | INFO     | N/A | ⏳ 等待 Profile 更新任务...
2026-07-12 12:30:48.534 | INFO     | N/A | ⏳ 等待 Profile 更新任务...
2026-07-12 12:30:53.558 | INFO     | N/A | ⏳ 等待 Profile 更新任务...
2026-07-12 12:30:58.581 | INFO     | N/A | ⏳ 等待 Profile 更新任务...
2026-07-12 12:31:03.606 | INFO     | N/A | ⏳ 等待 Profile 更新任务...
2026-07-12 12:31:08.629 | INFO     | N/A | ⏳ 等待 Profile 更新任务...
2026-07-12 12:31:13.654 | INFO     | N/A | ⏳ 等待 Profile 更新任务...
2026-07-12 12:31:18.679 | INFO     | N/A | ⏳ 等待 Profile 更新任务...
2026-07-12 12:31:23.709 | INFO     | N/A | ⏳ 等待 Profile 更新任务...
2026-07-12 12:31:28.733 | INFO     | N/A | ⏳ 等待 Profile 更新任务...
2026-07-12 12:31:33.757 | INFO     | N/A | ⏳ 等待 Profile 更新任务...
2026-07-12 12:31:38.784 | INFO     | N/A | ⏳ 等待 Profile 更新任务...
2026-07-12 12:31:43.807 | INFO     | N/A | ⏳ 等待 Profile 更新任务...
2026-07-12 12:31:48.832 | INFO     | N/A | ⏳ 等待 Profile 更新任务...
2026-07-12 12:31:53.855 | INFO     | N/A | ⏳ 等待 Profile 更新任务...
2026-07-12 12:31:58.878 | INFO     | N/A | ⏳ 等待 Profile 更新任务...
2026-07-12 12:32:03.904 | INFO     | N/A | ⏳ 等待 Profile 更新任务...
2026-07-12 12:32:08.930 | INFO     | N/A | ⏳ 等待 Profile 更新任务...
2026-07-12 12:32:13.955 | INFO     | N/A | ⏳ 等待 Profile 更新任务...
2026-07-12 12:32:18.977 | INFO     | N/A | ⏳ 等待 Profile 更新任务...
2026-07-12 12:32:24.003 | INFO     | N/A | ⏳ 等待 Profile 更新任务...
2026-07-12 12:32:29.026 | INFO     | N/A | ⏳ 等待 Profile 更新任务...
2026-07-12 12:32:34.051 | INFO     | N/A | ⏳ 等待 Profile 更新任务...
2026-07-12 12:32:39.074 | INFO     | N/A | ⏳ 等待 Profile 更新任务...
2026-07-12 12:32:44.100 | INFO     | N/A | ⏳ 等待 Profile 更新任务...
2026-07-12 12:32:49.124 | INFO     | N/A | ⏳ 等待 Profile 更新任务...
2026-07-12 12:32:54.148 | INFO     | N/A | ⏳ 等待 Profile 更新任务...
2026-07-12 12:32:59.172 | INFO     | N/A | ⏳ 等待 Profile 更新任务...
2026-07-12 12:33:04.195 | INFO     | N/A | ⏳ 等待 Profile 更新任务...
2026-07-12 12:33:09.222 | INFO     | N/A | ⏳ 等待 Profile 更新任务...
2026-07-12 12:33:14.249 | INFO     | N/A | ⏳ 等待 Profile 更新任务...
2026-07-12 12:33:19.273 | INFO     | N/A | ⏳ 等待 Profile 更新任务...
2026-07-12 12:33:24.298 | INFO     | N/A | ⏳ 等待 Profile 更新任务...
2026-07-12 12:33:29.322 | INFO     | N/A | ⏳ 等待 Profile 更新任务...
2026-07-12 12:33:34.346 | INFO     | N/A | ⏳ 等待 Profile 更新任务...
2026-07-12 12:33:39.369 | INFO     | N/A | ⏳ 等待 Profile 更新任务...
2026-07-12 12:33:44.395 | INFO     | N/A | ⏳ 等待 Profile 更新任务...
2026-07-12 12:33:49.419 | INFO     | N/A | ⏳ 等待 Profile 更新任务...
2026-07-12 12:33:54.442 | INFO     | N/A | ⏳ 等待 Profile 更新任务...
2026-07-12 12:33:59.466 | INFO     | N/A | ⏳ 等待 Profile 更新任务...
2026-07-12 12:34:04.492 | INFO     | N/A | ⏳ 等待 Profile 更新任务...
2026-07-12 12:34:09.515 | INFO     | N/A | ⏳ 等待 Profile 更新任务...
2026-07-12 12:34:14.539 | INFO     | N/A | ⏳ 等待 Profile 更新任务...
2026-07-12 12:34:19.563 | INFO     | N/A | ⏳ 等待 Profile 更新任务...
2026-07-12 12:34:24.589 | INFO     | N/A | ⏳ 等待 Profile 更新任务...
2026-07-12 12:34:29.612 | INFO     | N/A | ⏳ 等待 Profile 更新任务...
2026-07-12 12:34:34.636 | INFO     | N/A | ⏳ 等待 Profile 更新任务...
2026-07-12 12:34:39.660 | INFO     | N/A | ⏳ 等待 Profile 更新任务...
2026-07-12 12:34:44.686 | INFO     | N/A | ⏳ 等待 Profile 更新任务...
2026-07-12 12:34:49.710 | INFO     | N/A | ⏳ 等待 Profile 更新任务...
2026-07-12 12:34:54.734 | INFO     | N/A | ⏳ 等待 Profile 更新任务...
2026-07-12 12:34:59.758 | INFO     | N/A | ⏳ 等待 Profile 更新任务...
2026-07-12 12:35:04.784 | INFO     | N/A | ⏳ 等待 Profile 更新任务...
2026-07-12 12:35:09.808 | INFO     | N/A | ⏳ 等待 Profile 更新任务...
2026-07-12 12:35:14.833 | INFO     | N/A | ⏳ 等待 Profile 更新任务...
2026-07-12 12:35:19.858 | INFO     | N/A | ⏳ 等待 Profile 更新任务...
2026-07-12 12:35:24.884 | INFO     | N/A | ⏳ 等待 Profile 更新任务...
2026-07-12 12:35:29.908 | INFO     | N/A | ⏳ 等待 Profile 更新任务...
2026-07-12 12:35:34.934 | INFO     | N/A | ⏳ 等待 Profile 更新任务...
2026-07-12 12:35:39.958 | INFO     | N/A | ⏳ 等待 Profile 更新任务...
2026-07-12 12:35:44.982 | INFO     | N/A | ⏳ 等待 Profile 更新任务...
2026-07-12 12:35:50.006 | INFO     | N/A | ⏳ 等待 Profile 更新任务...
2026-07-12 12:35:55.033 | INFO     | N/A | ⏳ 等待 Profile 更新任务...
2026-07-12 12:36:00.057 | INFO     | N/A | ⏳ 等待 Profile 更新任务...
2026-07-12 12:36:05.080 | INFO     | N/A | ⏳ 等待 Profile 更新任务...
2026-07-12 12:36:10.104 | INFO     | N/A | ⏳ 等待 Profile 更新任务...
2026-07-12 12:36:15.132 | INFO     | N/A | ⏳ 等待 Profile 更新任务...
2026-07-12 12:36:20.156 | INFO     | N/A | ⏳ 等待 Profile 更新任务...
2026-07-12 12:36:25.182 | INFO     | N/A | ⏳ 等待 Profile 更新任务...
2026-07-12 12:36:30.208 | INFO     | N/A | ⏳ 等待 Profile 更新任务...
2026-07-12 12:36:35.232 | INFO     | N/A | ⏳ 等待 Profile 更新任务...
2026-07-12 12:36:40.255 | INFO     | N/A | ⏳ 等待 Profile 更新任务...
2026-07-12 12:36:45.281 | INFO     | N/A | ⏳ 等待 Profile 更新任务...
2026-07-12 12:36:50.305 | INFO     | N/A | ⏳ 等待 Profile 更新任务...
2026-07-12 12:36:55.331 | INFO     | N/A | ⏳ 等待 Profile 更新任务...
2026-07-12 12:37:00.353 | INFO     | N/A | ⏳ 等待 Profile 更新任务...
2026-07-12 12:37:05.378 | INFO     | N/A | ⏳ 等待 Profile 更新任务...
2026-07-12 12:37:10.405 | INFO     | N/A | ⏳ 等待 Profile 更新任务...
2026-07-12 12:37:15.428 | INFO     | N/A | ⏳ 等待 Profile 更新任务...
2026-07-12 12:37:20.453 | INFO     | N/A | ⏳ 等待 Profile 更新任务...
2026-07-12 12:37:25.477 | INFO     | N/A | ⏳ 等待 Profile 更新任务...
2026-07-12 12:37:30.502 | INFO     | N/A | ⏳ 等待 Profile 更新任务...
2026-07-12 12:37:35.526 | INFO     | N/A | ⏳ 等待 Profile 更新任务...
2026-07-12 12:37:40.550 | INFO     | N/A | ⏳ 等待 Profile 更新任务...
2026-07-12 12:37:45.574 | INFO     | N/A | ⏳ 等待 Profile 更新任务...
2026-07-12 12:37:50.599 | INFO     | N/A | ⏳ 等待 Profile 更新任务...
2026-07-12 12:37:55.624 | INFO     | N/A | ⏳ 等待 Profile 更新任务...
2026-07-12 12:38:00.648 | INFO     | N/A | ⏳ 等待 Profile 更新任务...
2026-07-12 12:38:05.675 | INFO     | N/A | ⏳ 等待 Profile 更新任务...
2026-07-12 12:38:10.698 | INFO     | N/A | ⏳ 等待 Profile 更新任务...
2026-07-12 12:38:15.723 | INFO     | N/A | ⏳ 等待 Profile 更新任务...
2026-07-12 12:38:20.747 | INFO     | N/A | ⏳ 等待 Profile 更新任务...
2026-07-12 12:38:25.772 | INFO     | N/A | ⏳ 等待 Profile 更新任务...
2026-07-12 12:38:30.797 | INFO     | N/A | ⏳ 等待 Profile 更新任务...
2026-07-12 12:38:35.821 | INFO     | N/A | ⏳ 等待 Profile 更新任务...
2026-07-12 12:38:40.846 | INFO     | N/A | ⏳ 等待 Profile 更新任务...
2026-07-12 12:38:45.873 | INFO     | N/A | ⏳ 等待 Profile 更新任务...
2026-07-12 12:38:50.897 | INFO     | N/A | ⏳ 等待 Profile 更新任务...
2026-07-12 12:38:55.922 | INFO     | N/A | ⏳ 等待 Profile 更新任务...
2026-07-12 12:39:00.946 | INFO     | N/A | ⏳ 等待 Profile 更新任务...
2026-07-12 12:39:05.970 | INFO     | N/A | ⏳ 等待 Profile 更新任务...
2026-07-12 12:39:10.996 | INFO     | N/A | ⏳ 等待 Profile 更新任务...
2026-07-12 12:39:16.017 | INFO     | N/A | ⏳ 等待 Profile 更新任务...
2026-07-12 12:39:21.044 | INFO     | N/A | ⏳ 等待 Profile 更新任务...
2026-07-12 12:39:26.067 | INFO     | N/A | ⏳ 等待 Profile 更新任务...
2026-07-12 12:39:31.093 | INFO     | N/A | ⏳ 等待 Profile 更新任务...
2026-07-12 12:39:36.116 | INFO     | N/A | ⏳ 等待 Profile 更新任务...
2026-07-12 12:39:41.141 | INFO     | N/A | ⏳ 等待 Profile 更新任务...
2026-07-12 12:39:46.165 | INFO     | N/A | ⏳ 等待 Profile 更新任务...
2026-07-12 12:39:51.190 | INFO     | N/A | ⏳ 等待 Profile 更新任务...
2026-07-12 12:39:56.213 | INFO     | N/A | ⏳ 等待 Profile 更新任务...
2026-07-12 12:40:01.238 | INFO     | N/A | ⏳ 等待 Profile 更新任务...
2026-07-12 12:40:06.261 | INFO     | N/A | ⏳ 等待 Profile 更新任务...
2026-07-12 12:40:11.286 | INFO     | N/A | ⏳ 等待 Profile 更新任务...
2026-07-12 12:40:16.310 | INFO     | N/A | ⏳ 等待 Profile 更新任务...
2026-07-12 12:40:21.336 | INFO     | N/A | ⏳ 等待 Profile 更新任务...
2026-07-12 12:40:26.361 | INFO     | N/A | ⏳ 等待 Profile 更新任务...
2026-07-12 12:40:31.388 | INFO     | N/A | ⏳ 等待 Profile 更新任务...
2026-07-12 12:40:36.412 | INFO     | N/A | ⏳ 等待 Profile 更新任务...
2026-07-12 12:40:41.436 | INFO     | N/A | ⏳ 等待 Profile 更新任务...
2026-07-12 12:40:46.460 | INFO     | N/A | ⏳ 等待 Profile 更新任务...
2026-07-12 12:40:51.484 | INFO     | N/A | ⏳ 等待 Profile 更新任务...
2026-07-12 12:40:56.509 | INFO     | N/A | ⏳ 等待 Profile 更新任务...
2026-07-12 12:41:01.534 | INFO     | N/A | ⏳ 等待 Profile 更新任务...
2026-07-12 12:41:06.557 | INFO     | N/A | ⏳ 等待 Profile 更新任务...
2026-07-12 12:41:11.581 | INFO     | N/A | ⏳ 等待 Profile 更新任务...
2026-07-12 12:41:16.605 | INFO     | N/A | ⏳ 等待 Profile 更新任务...
2026-07-12 12:41:21.628 | INFO     | N/A | ⏳ 等待 Profile 更新任务...
2026-07-12 12:41:26.653 | INFO     | N/A | ⏳ 等待 Profile 更新任务...
2026-07-12 12:41:31.678 | INFO     | N/A | ⏳ 等待 Profile 更新任务...
2026-07-12 12:41:36.707 | INFO     | N/A | ⏳ 等待 Profile 更新任务...
2026-07-12 12:41:41.732 | INFO     | N/A | ⏳ 等待 Profile 更新任务...
2026-07-12 12:41:46.756 | INFO     | N/A | ⏳ 等待 Profile 更新任务...
2026-07-12 12:41:51.778 | INFO     | N/A | ⏳ 等待 Profile 更新任务...
2026-07-12 12:41:56.803 | INFO     | N/A | ⏳ 等待 Profile 更新任务...
2026-07-12 12:42:01.828 | INFO     | N/A | ⏳ 等待 Profile 更新任务...
2026-07-12 12:42:06.851 | INFO     | N/A | ⏳ 等待 Profile 更新任务...
2026-07-12 12:42:11.876 | INFO     | N/A | ⏳ 等待 Profile 更新任务...
2026-07-12 12:42:16.900 | INFO     | N/A | ⏳ 等待 Profile 更新任务...
2026-07-12 12:42:21.922 | INFO     | N/A | ⏳ 等待 Profile 更新任务...
2026-07-12 12:42:26.945 | INFO     | N/A | ⏳ 等待 Profile 更新任务...
2026-07-12 12:42:31.972 | INFO     | N/A | ⏳ 等待 Profile 更新任务...
2026-07-12 12:42:36.999 | INFO     | N/A | ⏳ 等待 Profile 更新任务...
2026-07-12 12:42:42.031 | INFO     | N/A | ⏳ 等待 Profile 更新任务...
2026-07-12 12:42:47.053 | INFO     | N/A | ⏳ 等待 Profile 更新任务...
2026-07-12 12:42:52.076 | INFO     | N/A | ⏳ 等待 Profile 更新任务...
2026-07-12 12:42:57.099 | INFO     | N/A | ⏳ 等待 Profile 更新任务...
2026-07-12 12:43:02.123 | INFO     | N/A | ⏳ 等待 Profile 更新任务...
2026-07-12 12:43:07.146 | INFO     | N/A | ⏳ 等待 Profile 更新任务...
2026-07-12 12:43:12.169 | INFO     | N/A | ⏳ 等待 Profile 更新任务...
2026-07-12 12:43:17.193 | INFO     | N/A | ⏳ 等待 Profile 更新任务...
2026-07-12 12:43:22.217 | INFO     | N/A | ⏳ 等待 Profile 更新任务...
2026-07-12 12:43:27.240 | INFO     | N/A | ⏳ 等待 Profile 更新任务...
2026-07-12 12:43:32.265 | INFO     | N/A | ⏳ 等待 Profile 更新任务...
2026-07-12 12:43:37.288 | INFO     | N/A | ⏳ 等待 Profile 更新任务...
2026-07-12 12:43:42.311 | INFO     | N/A | ⏳ 等待 Profile 更新任务...
2026-07-12 12:43:47.335 | INFO     | N/A | ⏳ 等待 Profile 更新任务...
2026-07-12 12:43:52.359 | INFO     | N/A | ⏳ 等待 Profile 更新任务...
2026-07-12 12:43:57.415 | INFO     | N/A | ⏳ 等待 Profile 更新任务...
2026-07-12 12:44:02.439 | INFO     | N/A | ⏳ 等待 Profile 更新任务...
2026-07-12 12:44:07.462 | INFO     | N/A | ⏳ 等待 Profile 更新任务...
2026-07-12 12:44:12.492 | INFO     | N/A | ⏳ 等待 Profile 更新任务...
2026-07-12 12:44:17.515 | INFO     | N/A | ⏳ 等待 Profile 更新任务...
2026-07-12 12:44:22.539 | INFO     | N/A | ⏳ 等待 Profile 更新任务...
2026-07-12 12:44:27.566 | INFO     | N/A | ⏳ 等待 Profile 更新任务...
2026-07-12 12:44:32.593 | INFO     | N/A | ⏳ 等待 Profile 更新任务...
2026-07-12 12:44:37.617 | INFO     | N/A | ⏳ 等待 Profile 更新任务...
2026-07-12 12:44:42.640 | INFO     | N/A | ⏳ 等待 Profile 更新任务...
2026-07-12 12:44:47.664 | INFO     | N/A | ⏳ 等待 Profile 更新任务...
2026-07-12 12:44:52.689 | INFO     | N/A | ⏳ 等待 Profile 更新任务...
2026-07-12 12:44:57.714 | INFO     | N/A | ⏳ 等待 Profile 更新任务...
2026-07-12 12:45:02.740 | INFO     | N/A | ⏳ 等待 Profile 更新任务...
2026-07-12 12:45:07.763 | INFO     | N/A | ⏳ 等待 Profile 更新任务...
2026-07-12 12:45:12.787 | INFO     | N/A | ⏳ 等待 Profile 更新任务...
2026-07-12 12:45:17.810 | INFO     | N/A | ⏳ 等待 Profile 更新任务...
2026-07-12 12:45:22.833 | INFO     | N/A | ⏳ 等待 Profile 更新任务...
2026-07-12 12:45:27.856 | INFO     | N/A | ⏳ 等待 Profile 更新任务...
2026-07-12 12:45:32.889 | INFO     | N/A | ⏳ 等待 Profile 更新任务...
2026-07-12 12:45:37.912 | INFO     | N/A | ⏳ 等待 Profile 更新任务...
2026-07-12 12:45:42.935 | INFO     | N/A | ⏳ 等待 Profile 更新任务...
2026-07-12 12:45:47.961 | INFO     | N/A | ⏳ 等待 Profile 更新任务...
2026-07-12 12:45:52.985 | INFO     | N/A | ⏳ 等待 Profile 更新任务...
2026-07-12 12:45:58.009 | INFO     | N/A | ⏳ 等待 Profile 更新任务...
2026-07-12 12:46:03.034 | INFO     | N/A | ⏳ 等待 Profile 更新任务...
2026-07-12 12:46:08.057 | INFO     | N/A | ⏳ 等待 Profile 更新任务...
2026-07-12 12:46:13.081 | INFO     | N/A | ⏳ 等待 Profile 更新任务...
2026-07-12 12:46:18.105 | INFO     | N/A | ⏳ 等待 Profile 更新任务...
2026-07-12 12:46:23.129 | INFO     | N/A | ⏳ 等待 Profile 更新任务...
2026-07-12 12:46:28.152 | INFO     | N/A | ⏳ 等待 Profile 更新任务...
2026-07-12 12:46:33.175 | INFO     | N/A | ⏳ 等待 Profile 更新任务...
2026-07-12 12:46:38.198 | INFO     | N/A | ⏳ 等待 Profile 更新任务...
2026-07-12 12:46:43.224 | INFO     | N/A | ⏳ 等待 Profile 更新任务...
2026-07-12 12:46:48.246 | INFO     | N/A | ⏳ 等待 Profile 更新任务...
2026-07-12 12:46:53.270 | INFO     | N/A | ⏳ 等待 Profile 更新任务...
2026-07-12 12:46:58.295 | INFO     | N/A | ⏳ 等待 Profile 更新任务...
2026-07-12 12:47:03.320 | INFO     | N/A | ⏳ 等待 Profile 更新任务...
2026-07-12 12:47:08.343 | INFO     | N/A | ⏳ 等待 Profile 更新任务...
2026-07-12 12:47:13.366 | INFO     | N/A | ⏳ 等待 Profile 更新任务...
2026-07-12 12:47:18.391 | INFO     | N/A | ⏳ 等待 Profile 更新任务...
2026-07-12 12:47:23.414 | INFO     | N/A | ⏳ 等待 Profile 更新任务...
2026-07-12 12:47:28.438 | INFO     | N/A | ⏳ 等待 Profile 更新任务...
2026-07-12 12:47:33.467 | INFO     | N/A | ⏳ 等待 Profile 更新任务...
2026-07-12 12:47:38.490 | INFO     | N/A | ⏳ 等待 Profile 更新任务...
2026-07-12 12:47:43.514 | INFO     | N/A | ⏳ 等待 Profile 更新任务...
2026-07-12 12:47:48.541 | INFO     | N/A | ⏳ 等待 Profile 更新任务...
2026-07-12 12:47:53.564 | INFO     | N/A | ⏳ 等待 Profile 更新任务...
2026-07-12 12:47:58.589 | INFO     | N/A | ⏳ 等待 Profile 更新任务...
2026-07-12 12:48:03.612 | INFO     | N/A | ⏳ 等待 Profile 更新任务...
2026-07-12 12:48:08.634 | INFO     | N/A | ⏳ 等待 Profile 更新任务...
2026-07-12 12:48:13.656 | INFO     | N/A | ⏳ 等待 Profile 更新任务...
2026-07-12 12:48:18.679 | INFO     | N/A | ⏳ 等待 Profile 更新任务...
2026-07-12 12:48:23.703 | INFO     | N/A | ⏳ 等待 Profile 更新任务...
2026-07-12 12:48:28.727 | INFO     | N/A | ⏳ 等待 Profile 更新任务...
2026-07-12 12:48:33.751 | INFO     | N/A | ⏳ 等待 Profile 更新任务...
2026-07-12 12:48:38.775 | INFO     | N/A | ⏳ 等待 Profile 更新任务...
2026-07-12 12:48:43.799 | INFO     | N/A | ⏳ 等待 Profile 更新任务...
2026-07-12 12:48:48.823 | INFO     | N/A | ⏳ 等待 Profile 更新任务...
2026-07-12 12:48:53.846 | INFO     | N/A | ⏳ 等待 Profile 更新任务...
2026-07-12 12:48:58.872 | INFO     | N/A | ⏳ 等待 Profile 更新任务...
2026-07-12 12:49:03.896 | INFO     | N/A | ⏳ 等待 Profile 更新任务...
2026-07-12 12:49:08.919 | INFO     | N/A | ⏳ 等待 Profile 更新任务...
2026-07-12 12:49:13.943 | INFO     | N/A | ⏳ 等待 Profile 更新任务...
2026-07-12 12:49:18.970 | INFO     | N/A | ⏳ 等待 Profile 更新任务...
2026-07-12 12:49:23.993 | INFO     | N/A | ⏳ 等待 Profile 更新任务...
2026-07-12 12:49:29.017 | INFO     | N/A | ⏳ 等待 Profile 更新任务...
2026-07-12 12:49:34.040 | INFO     | N/A | ⏳ 等待 Profile 更新任务...
2026-07-12 12:49:39.063 | INFO     | N/A | ⏳ 等待 Profile 更新任务...
2026-07-12 12:49:44.090 | INFO     | N/A | ⏳ 等待 Profile 更新任务...
2026-07-12 12:49:49.114 | INFO     | N/A | ⏳ 等待 Profile 更新任务...
2026-07-12 12:49:54.137 | INFO     | N/A | ⏳ 等待 Profile 更新任务...
2026-07-12 12:49:59.161 | INFO     | N/A | ⏳ 等待 Profile 更新任务...
2026-07-12 12:50:04.186 | INFO     | N/A | ⏳ 等待 Profile 更新任务...
2026-07-12 12:50:09.207 | INFO     | N/A | ⏳ 等待 Profile 更新任务...
2026-07-12 12:50:14.231 | INFO     | N/A | ⏳ 等待 Profile 更新任务...
2026-07-12 12:50:19.254 | INFO     | N/A | ⏳ 等待 Profile 更新任务...
2026-07-12 12:50:24.276 | INFO     | N/A | ⏳ 等待 Profile 更新任务...
2026-07-12 12:50:29.301 | INFO     | N/A | ⏳ 等待 Profile 更新任务...
2026-07-12 12:50:34.324 | INFO     | N/A | ⏳ 等待 Profile 更新任务...
2026-07-12 12:50:39.353 | INFO     | N/A | ⏳ 等待 Profile 更新任务...
2026-07-12 12:50:44.378 | INFO     | N/A | ⏳ 等待 Profile 更新任务...
2026-07-12 12:50:49.403 | INFO     | N/A | ⏳ 等待 Profile 更新任务...
2026-07-12 12:50:54.428 | INFO     | N/A | ⏳ 等待 Profile 更新任务...
2026-07-12 12:50:59.450 | INFO     | N/A | ⏳ 等待 Profile 更新任务...
2026-07-12 12:51:04.482 | INFO     | N/A | ⏳ 等待 Profile 更新任务...
2026-07-12 12:51:09.508 | INFO     | N/A | ⏳ 等待 Profile 更新任务...
2026-07-12 12:51:14.534 | INFO     | N/A | ⏳ 等待 Profile 更新任务...
2026-07-12 12:51:19.558 | INFO     | N/A | ⏳ 等待 Profile 更新任务...
2026-07-12 12:51:24.581 | INFO     | N/A | ⏳ 等待 Profile 更新任务...
2026-07-12 12:51:29.608 | INFO     | N/A | ⏳ 等待 Profile 更新任务...
2026-07-12 12:51:34.631 | INFO     | N/A | ⏳ 等待 Profile 更新任务...
2026-07-12 12:51:39.657 | INFO     | N/A | ⏳ 等待 Profile 更新任务...
2026-07-12 12:51:44.682 | INFO     | N/A | ⏳ 等待 Profile 更新任务...
2026-07-12 12:51:49.705 | INFO     | N/A | ⏳ 等待 Profile 更新任务...
2026-07-12 12:51:54.728 | INFO     | N/A | ⏳ 等待 Profile 更新任务...
2026-07-12 12:51:59.752 | INFO     | N/A | ⏳ 等待 Profile 更新任务...
2026-07-12 12:52:04.776 | INFO     | N/A | ⏳ 等待 Profile 更新任务...
2026-07-12 12:52:09.800 | INFO     | N/A | ⏳ 等待 Profile 更新任务...
2026-07-12 12:52:14.823 | INFO     | N/A | ⏳ 等待 Profile 更新任务...
2026-07-12 12:52:19.847 | INFO     | N/A | ⏳ 等待 Profile 更新任务...
2026-07-12 12:52:24.873 | INFO     | N/A | ⏳ 等待 Profile 更新任务...
2026-07-12 12:52:29.895 | INFO     | N/A | ⏳ 等待 Profile 更新任务...
2026-07-12 12:52:34.917 | INFO     | N/A | ⏳ 等待 Profile 更新任务...
2026-07-12 12:52:39.939 | INFO     | N/A | ⏳ 等待 Profile 更新任务...
2026-07-12 12:52:44.964 | INFO     | N/A | ⏳ 等待 Profile 更新任务...
2026-07-12 12:52:49.989 | INFO     | N/A | ⏳ 等待 Profile 更新任务...
2026-07-12 12:52:55.014 | INFO     | N/A | ⏳ 等待 Profile 更新任务...
2026-07-12 12:53:00.038 | INFO     | N/A | ⏳ 等待 Profile 更新任务...
2026-07-12 12:53:05.061 | INFO     | N/A | ⏳ 等待 Profile 更新任务...
2026-07-12 12:53:10.084 | INFO     | N/A | ⏳ 等待 Profile 更新任务...
2026-07-12 12:53:15.107 | INFO     | N/A | ⏳ 等待 Profile 更新任务...
2026-07-12 12:53:20.129 | INFO     | N/A | ⏳ 等待 Profile 更新任务...
2026-07-12 12:53:25.151 | INFO     | N/A | ⏳ 等待 Profile 更新任务...
2026-07-12 12:53:30.173 | INFO     | N/A | ⏳ 等待 Profile 更新任务...
2026-07-12 12:53:35.197 | INFO     | N/A | ⏳ 等待 Profile 更新任务...
2026-07-12 12:53:40.221 | INFO     | N/A | ⏳ 等待 Profile 更新任务...
2026-07-12 12:53:45.245 | INFO     | N/A | ⏳ 等待 Profile 更新任务...
2026-07-12 12:53:50.270 | INFO     | N/A | ⏳ 等待 Profile 更新任务...
2026-07-12 12:53:55.295 | INFO     | N/A | ⏳ 等待 Profile 更新任务...
2026-07-12 12:54:00.319 | INFO     | N/A | ⏳ 等待 Profile 更新任务...
2026-07-12 12:54:05.341 | INFO     | N/A | ⏳ 等待 Profile 更新任务...
2026-07-12 12:54:10.363 | INFO     | N/A | ⏳ 等待 Profile 更新任务...
2026-07-12 12:54:15.386 | INFO     | N/A | ⏳ 等待 Profile 更新任务...
2026-07-12 12:54:20.413 | INFO     | N/A | ⏳ 等待 Profile 更新任务...
2026-07-12 12:54:25.437 | INFO     | N/A | ⏳ 等待 Profile 更新任务...
2026-07-12 12:54:30.460 | INFO     | N/A | ⏳ 等待 Profile 更新任务...
2026-07-12 12:54:35.483 | INFO     | N/A | ⏳ 等待 Profile 更新任务...
2026-07-12 12:54:40.508 | INFO     | N/A | ⏳ 等待 Profile 更新任务...
2026-07-12 12:54:45.532 | INFO     | N/A | ⏳ 等待 Profile 更新任务...
2026-07-12 12:54:50.556 | INFO     | N/A | ⏳ 等待 Profile 更新任务...
2026-07-12 12:54:55.580 | INFO     | N/A | ⏳ 等待 Profile 更新任务...
2026-07-12 12:55:00.604 | INFO     | N/A | ⏳ 等待 Profile 更新任务...
2026-07-12 12:55:05.628 | INFO     | N/A | ⏳ 等待 Profile 更新任务...
2026-07-12 12:55:10.651 | INFO     | N/A | ⏳ 等待 Profile 更新任务...
2026-07-12 12:55:15.679 | INFO     | N/A | ⏳ 等待 Profile 更新任务...
2026-07-12 12:55:20.703 | INFO     | N/A | ⏳ 等待 Profile 更新任务...
2026-07-12 12:55:25.730 | INFO     | N/A | ⏳ 等待 Profile 更新任务...
2026-07-12 12:55:30.752 | INFO     | N/A | ⏳ 等待 Profile 更新任务...
2026-07-12 12:55:35.776 | INFO     | N/A | ⏳ 等待 Profile 更新任务...
2026-07-12 12:55:40.800 | INFO     | N/A | ⏳ 等待 Profile 更新任务...
2026-07-12 12:55:45.826 | INFO     | N/A | ⏳ 等待 Profile 更新任务...
2026-07-12 12:55:50.850 | INFO     | N/A | ⏳ 等待 Profile 更新任务...
2026-07-12 12:55:55.874 | INFO     | N/A | ⏳ 等待 Profile 更新任务...
2026-07-12 12:56:00.899 | INFO     | N/A | ⏳ 等待 Profile 更新任务...
2026-07-12 12:56:05.924 | INFO     | N/A | ⏳ 等待 Profile 更新任务...
2026-07-12 12:56:10.947 | INFO     | N/A | ⏳ 等待 Profile 更新任务...
2026-07-12 12:56:15.970 | INFO     | N/A | ⏳ 等待 Profile 更新任务...
2026-07-12 12:56:20.994 | INFO     | N/A | ⏳ 等待 Profile 更新任务...
2026-07-12 12:56:26.018 | INFO     | N/A | ⏳ 等待 Profile 更新任务...
2026-07-12 12:56:31.042 | INFO     | N/A | ⏳ 等待 Profile 更新任务...
2026-07-12 12:56:36.065 | INFO     | N/A | ⏳ 等待 Profile 更新任务...
2026-07-12 12:56:41.089 | INFO     | N/A | ⏳ 等待 Profile 更新任务...
2026-07-12 12:56:46.115 | INFO     | N/A | ⏳ 等待 Profile 更新任务...
2026-07-12 12:56:51.140 | INFO     | N/A | ⏳ 等待 Profile 更新任务...
2026-07-12 12:56:56.162 | INFO     | N/A | ⏳ 等待 Profile 更新任务...
2026-07-12 12:57:01.187 | INFO     | N/A | ⏳ 等待 Profile 更新任务...
2026-07-12 12:57:06.210 | INFO     | N/A | ⏳ 等待 Profile 更新任务...
2026-07-12 12:57:11.234 | INFO     | N/A | ⏳ 等待 Profile 更新任务...
2026-07-12 12:57:16.260 | INFO     | N/A | ⏳ 等待 Profile 更新任务...
2026-07-12 12:57:21.285 | INFO     | N/A | ⏳ 等待 Profile 更新任务...
2026-07-12 12:57:26.308 | INFO     | N/A | ⏳ 等待 Profile 更新任务...
2026-07-12 12:57:31.330 | INFO     | N/A | ⏳ 等待 Profile 更新任务...
2026-07-12 12:57:36.355 | INFO     | N/A | ⏳ 等待 Profile 更新任务...
2026-07-12 12:57:41.383 | INFO     | N/A | ⏳ 等待 Profile 更新任务...
2026-07-12 12:57:46.412 | INFO     | N/A | ⏳ 等待 Profile 更新任务...
2026-07-12 12:57:51.437 | INFO     | N/A | ⏳ 等待 Profile 更新任务...
2026-07-12 12:57:56.461 | INFO     | N/A | ⏳ 等待 Profile 更新任务...
2026-07-12 12:58:01.485 | INFO     | N/A | ⏳ 等待 Profile 更新任务...
2026-07-12 12:58:06.509 | INFO     | N/A | ⏳ 等待 Profile 更新任务...
2026-07-12 12:58:11.533 | INFO     | N/A | ⏳ 等待 Profile 更新任务...
2026-07-12 12:58:16.557 | INFO     | N/A | ⏳ 等待 Profile 更新任务...
2026-07-12 12:58:21.580 | INFO     | N/A | ⏳ 等待 Profile 更新任务...
2026-07-12 12:58:26.604 | INFO     | N/A | ⏳ 等待 Profile 更新任务...
2026-07-12 12:58:31.626 | INFO     | N/A | ⏳ 等待 Profile 更新任务...
2026-07-12 12:58:36.650 | INFO     | N/A | ⏳ 等待 Profile 更新任务...
2026-07-12 12:58:41.677 | INFO     | N/A | ⏳ 等待 Profile 更新任务...
2026-07-12 12:58:46.702 | INFO     | N/A | ⏳ 等待 Profile 更新任务...
2026-07-12 12:58:51.725 | INFO     | N/A | ⏳ 等待 Profile 更新任务...
2026-07-12 12:58:56.750 | INFO     | N/A | ⏳ 等待 Profile 更新任务...
2026-07-12 12:59:01.773 | INFO     | N/A | ⏳ 等待 Profile 更新任务...
2026-07-12 12:59:06.797 | INFO     | N/A | ⏳ 等待 Profile 更新任务...
2026-07-12 12:59:11.819 | INFO     | N/A | ⏳ 等待 Profile 更新任务...
2026-07-12 12:59:16.843 | INFO     | N/A | ⏳ 等待 Profile 更新任务...
2026-07-12 12:59:21.867 | INFO     | N/A | ⏳ 等待 Profile 更新任务...
2026-07-12 12:59:26.892 | INFO     | N/A | ⏳ 等待 Profile 更新任务...
2026-07-12 12:59:31.914 | INFO     | N/A | ⏳ 等待 Profile 更新任务...
2026-07-12 12:59:36.938 | INFO     | N/A | ⏳ 等待 Profile 更新任务...
2026-07-12 12:59:41.960 | INFO     | N/A | ⏳ 等待 Profile 更新任务...
2026-07-12 12:59:46.985 | INFO     | N/A | ⏳ 等待 Profile 更新任务...
2026-07-12 12:59:52.010 | INFO     | N/A | ⏳ 等待 Profile 更新任务...
2026-07-12 12:59:57.035 | INFO     | N/A | ⏳ 等待 Profile 更新任务...
2026-07-12 13:00:02.061 | INFO     | N/A | ⏳ 等待 Profile 更新任务...
2026-07-12 13:00:07.085 | INFO     | N/A | ⏳ 等待 Profile 更新任务...
2026-07-12 13:00:12.108 | INFO     | N/A | ⏳ 等待 Profile 更新任务...
2026-07-12 13:00:17.131 | INFO     | N/A | ⏳ 等待 Profile 更新任务...
2026-07-12 13:00:22.156 | INFO     | N/A | ⏳ 等待 Profile 更新任务...
2026-07-12 13:00:27.181 | INFO     | N/A | ⏳ 等待 Profile 更新任务...
2026-07-12 13:00:32.203 | INFO     | N/A | ⏳ 等待 Profile 更新任务...
2026-07-12 13:00:37.227 | INFO     | N/A | ⏳ 等待 Profile 更新任务...
2026-07-12 13:00:42.255 | INFO     | N/A | ⏳ 等待 Profile 更新任务...
2026-07-12 13:00:47.277 | INFO     | N/A | ⏳ 等待 Profile 更新任务...
2026-07-12 13:00:52.300 | INFO     | N/A | ⏳ 等待 Profile 更新任务...
2026-07-12 13:00:57.327 | INFO     | N/A | ⏳ 等待 Profile 更新任务...
2026-07-12 13:01:02.352 | INFO     | N/A | ⏳ 等待 Profile 更新任务...
2026-07-12 13:01:07.375 | INFO     | N/A | ⏳ 等待 Profile 更新任务...
2026-07-12 13:01:12.399 | INFO     | N/A | ⏳ 等待 Profile 更新任务...
2026-07-12 13:01:17.425 | INFO     | N/A | ⏳ 等待 Profile 更新任务...
2026-07-12 13:01:22.448 | INFO     | N/A | ⏳ 等待 Profile 更新任务...
2026-07-12 13:01:27.473 | INFO     | N/A | ⏳ 等待 Profile 更新任务...
2026-07-12 13:01:32.497 | INFO     | N/A | ⏳ 等待 Profile 更新任务...
2026-07-12 13:01:37.519 | INFO     | N/A | ⏳ 等待 Profile 更新任务...
2026-07-12 13:01:42.545 | INFO     | N/A | ⏳ 等待 Profile 更新任务...
2026-07-12 13:01:47.569 | INFO     | N/A | ⏳ 等待 Profile 更新任务...
2026-07-12 13:01:52.593 | INFO     | N/A | ⏳ 等待 Profile 更新任务...
2026-07-12 13:01:57.616 | INFO     | N/A | ⏳ 等待 Profile 更新任务...
2026-07-12 13:02:02.640 | INFO     | N/A | ⏳ 等待 Profile 更新任务...
2026-07-12 13:02:07.664 | INFO     | N/A | ⏳ 等待 Profile 更新任务...
2026-07-12 13:02:12.687 | INFO     | N/A | ⏳ 等待 Profile 更新任务...
2026-07-12 13:02:17.710 | INFO     | N/A | ⏳ 等待 Profile 更新任务...
2026-07-12 13:02:22.733 | INFO     | N/A | ⏳ 等待 Profile 更新任务...
2026-07-12 13:02:27.757 | INFO     | N/A | ⏳ 等待 Profile 更新任务...
2026-07-12 13:02:32.781 | INFO     | N/A | ⏳ 等待 Profile 更新任务...
2026-07-12 13:02:37.802 | INFO     | N/A | ⏳ 等待 Profile 更新任务...
2026-07-12 13:02:42.824 | INFO     | N/A | ⏳ 等待 Profile 更新任务...
2026-07-12 13:02:47.850 | INFO     | N/A | ⏳ 等待 Profile 更新任务...
2026-07-12 13:02:52.873 | INFO     | N/A | ⏳ 等待 Profile 更新任务...
2026-07-12 13:02:57.901 | INFO     | N/A | ⏳ 等待 Profile 更新任务...
2026-07-12 13:03:02.925 | INFO     | N/A | ⏳ 等待 Profile 更新任务...
2026-07-12 13:03:07.948 | INFO     | N/A | ⏳ 等待 Profile 更新任务...
2026-07-12 13:03:12.970 | INFO     | N/A | ⏳ 等待 Profile 更新任务...
2026-07-12 13:03:17.992 | INFO     | N/A | ⏳ 等待 Profile 更新任务...
2026-07-12 13:03:23.015 | INFO     | N/A | ⏳ 等待 Profile 更新任务...
2026-07-12 13:03:28.037 | INFO     | N/A | ⏳ 等待 Profile 更新任务...
2026-07-12 13:03:33.059 | INFO     | N/A | ⏳ 等待 Profile 更新任务...
2026-07-12 13:03:38.084 | INFO     | N/A | ⏳ 等待 Profile 更新任务...
2026-07-12 13:03:43.107 | INFO     | N/A | ⏳ 等待 Profile 更新任务...
2026-07-12 13:03:48.132 | INFO     | N/A | ⏳ 等待 Profile 更新任务...
2026-07-12 13:03:53.154 | INFO     | N/A | ⏳ 等待 Profile 更新任务...
2026-07-12 13:03:58.177 | INFO     | N/A | ⏳ 等待 Profile 更新任务...
2026-07-12 13:04:03.201 | INFO     | N/A | ⏳ 等待 Profile 更新任务...
2026-07-12 13:04:08.225 | INFO     | N/A | ⏳ 等待 Profile 更新任务...
2026-07-12 13:04:13.248 | INFO     | N/A | ⏳ 等待 Profile 更新任务...
2026-07-12 13:04:18.276 | INFO     | N/A | ⏳ 等待 Profile 更新任务...
2026-07-12 13:04:23.300 | INFO     | N/A | ⏳ 等待 Profile 更新任务...
2026-07-12 13:04:28.324 | INFO     | N/A | ⏳ 等待 Profile 更新任务...
2026-07-12 13:04:33.347 | INFO     | N/A | ⏳ 等待 Profile 更新任务...
2026-07-12 13:04:38.371 | INFO     | N/A | ⏳ 等待 Profile 更新任务...
2026-07-12 13:04:43.397 | INFO     | N/A | ⏳ 等待 Profile 更新任务...
2026-07-12 13:04:48.424 | INFO     | N/A | ⏳ 等待 Profile 更新任务...
2026-07-12 13:04:53.448 | INFO     | N/A | ⏳ 等待 Profile 更新任务...
2026-07-12 13:04:58.474 | INFO     | N/A | ⏳ 等待 Profile 更新任务...
2026-07-12 13:05:03.498 | INFO     | N/A | ⏳ 等待 Profile 更新任务...
2026-07-12 13:05:08.523 | INFO     | N/A | ⏳ 等待 Profile 更新任务...
2026-07-12 13:05:13.548 | INFO     | N/A | ⏳ 等待 Profile 更新任务...
2026-07-12 13:05:18.573 | INFO     | N/A | ⏳ 等待 Profile 更新任务...
2026-07-12 13:05:23.599 | INFO     | N/A | ⏳ 等待 Profile 更新任务...
2026-07-12 13:05:28.623 | INFO     | N/A | ⏳ 等待 Profile 更新任务...
2026-07-12 13:05:33.648 | INFO     | N/A | ⏳ 等待 Profile 更新任务...
2026-07-12 13:05:38.674 | INFO     | N/A | ⏳ 等待 Profile 更新任务...
2026-07-12 13:05:43.699 | INFO     | N/A | ⏳ 等待 Profile 更新任务...
2026-07-12 13:05:48.732 | INFO     | N/A | ⏳ 等待 Profile 更新任务...
2026-07-12 13:05:53.757 | INFO     | N/A | ⏳ 等待 Profile 更新任务...
2026-07-12 13:05:58.782 | INFO     | N/A | ⏳ 等待 Profile 更新任务...
2026-07-12 13:06:03.807 | INFO     | N/A | ⏳ 等待 Profile 更新任务...
2026-07-12 13:06:08.831 | INFO     | N/A | ⏳ 等待 Profile 更新任务...
2026-07-12 13:06:13.856 | INFO     | N/A | ⏳ 等待 Profile 更新任务...
2026-07-12 13:06:18.878 | INFO     | N/A | ⏳ 等待 Profile 更新任务...
2026-07-12 13:06:23.904 | INFO     | N/A | ⏳ 等待 Profile 更新任务...
2026-07-12 13:06:28.927 | INFO     | N/A | ⏳ 等待 Profile 更新任务...
2026-07-12 13:06:33.951 | INFO     | N/A | ⏳ 等待 Profile 更新任务...
2026-07-12 13:06:38.976 | INFO     | N/A | ⏳ 等待 Profile 更新任务...
2026-07-12 13:06:44.000 | INFO     | N/A | ⏳ 等待 Profile 更新任务...
2026-07-12 13:06:49.028 | INFO     | N/A | ⏳ 等待 Profile 更新任务...
2026-07-12 13:06:54.051 | INFO     | N/A | ⏳ 等待 Profile 更新任务...
2026-07-12 13:06:59.075 | INFO     | N/A | ⏳ 等待 Profile 更新任务...
2026-07-12 13:07:04.099 | INFO     | N/A | ⏳ 等待 Profile 更新任务...
2026-07-12 13:07:09.125 | INFO     | N/A | ⏳ 等待 Profile 更新任务...
2026-07-12 13:07:14.151 | INFO     | N/A | ⏳ 等待 Profile 更新任务...
2026-07-12 13:07:19.177 | INFO     | N/A | ⏳ 等待 Profile 更新任务...
2026-07-12 13:07:24.204 | INFO     | N/A | ⏳ 等待 Profile 更新任务...
2026-07-12 13:07:29.229 | INFO     | N/A | ⏳ 等待 Profile 更新任务...
2026-07-12 13:07:34.255 | INFO     | N/A | ⏳ 等待 Profile 更新任务...
2026-07-12 13:07:39.278 | INFO     | N/A | ⏳ 等待 Profile 更新任务...
2026-07-12 13:07:44.304 | INFO     | N/A | ⏳ 等待 Profile 更新任务...
2026-07-12 13:07:49.329 | INFO     | N/A | ⏳ 等待 Profile 更新任务...
2026-07-12 13:07:54.356 | INFO     | N/A | ⏳ 等待 Profile 更新任务...
2026-07-12 13:07:59.382 | INFO     | N/A | ⏳ 等待 Profile 更新任务...
2026-07-12 13:08:04.406 | INFO     | N/A | ⏳ 等待 Profile 更新任务...
2026-07-12 13:08:09.432 | INFO     | N/A | ⏳ 等待 Profile 更新任务...
2026-07-12 13:08:14.456 | INFO     | N/A | ⏳ 等待 Profile 更新任务...
2026-07-12 13:08:19.483 | INFO     | N/A | ⏳ 等待 Profile 更新任务...
2026-07-12 13:08:24.507 | INFO     | N/A | ⏳ 等待 Profile 更新任务...
2026-07-12 13:08:29.532 | INFO     | N/A | ⏳ 等待 Profile 更新任务...
2026-07-12 13:08:34.556 | INFO     | N/A | ⏳ 等待 Profile 更新任务...
2026-07-12 13:08:39.580 | INFO     | N/A | ⏳ 等待 Profile 更新任务...
2026-07-12 13:08:44.607 | INFO     | N/A | ⏳ 等待 Profile 更新任务...
2026-07-12 13:08:49.635 | INFO     | N/A | ⏳ 等待 Profile 更新任务...
2026-07-12 13:08:54.658 | INFO     | N/A | ⏳ 等待 Profile 更新任务...
2026-07-12 13:08:59.684 | INFO     | N/A | ⏳ 等待 Profile 更新任务...
2026-07-12 13:09:04.708 | INFO     | N/A | ⏳ 等待 Profile 更新任务...
2026-07-12 13:09:09.734 | INFO     | N/A | ⏳ 等待 Profile 更新任务...
2026-07-12 13:09:14.760 | INFO     | N/A | ⏳ 等待 Profile 更新任务...
2026-07-12 13:09:19.784 | INFO     | N/A | ⏳ 等待 Profile 更新任务...
2026-07-12 13:09:24.813 | INFO     | N/A | ⏳ 等待 Profile 更新任务...
2026-07-12 13:09:29.837 | INFO     | N/A | ⏳ 等待 Profile 更新任务...
2026-07-12 13:09:34.860 | INFO     | N/A | ⏳ 等待 Profile 更新任务...
2026-07-12 13:09:39.885 | INFO     | N/A | ⏳ 等待 Profile 更新任务...
2026-07-12 13:09:44.910 | INFO     | N/A | ⏳ 等待 Profile 更新任务...
2026-07-12 13:09:49.936 | INFO     | N/A | ⏳ 等待 Profile 更新任务...
2026-07-12 13:09:54.961 | INFO     | N/A | ⏳ 等待 Profile 更新任务...
2026-07-12 13:09:59.985 | INFO     | N/A | ⏳ 等待 Profile 更新任务...
2026-07-12 13:10:05.011 | INFO     | N/A | ⏳ 等待 Profile 更新任务...
2026-07-12 13:10:10.034 | INFO     | N/A | ⏳ 等待 Profile 更新任务...
2026-07-12 13:10:15.057 | INFO     | N/A | ⏳ 等待 Profile 更新任务...
2026-07-12 13:10:20.082 | INFO     | N/A | ⏳ 等待 Profile 更新任务...
2026-07-12 13:10:25.106 | INFO     | N/A | ⏳ 等待 Profile 更新任务...
2026-07-12 13:10:30.132 | INFO     | N/A | ⏳ 等待 Profile 更新任务...
2026-07-12 13:10:35.157 | INFO     | N/A | ⏳ 等待 Profile 更新任务...
2026-07-12 13:10:40.180 | INFO     | N/A | ⏳ 等待 Profile 更新任务...
2026-07-12 13:10:45.205 | INFO     | N/A | ⏳ 等待 Profile 更新任务...
2026-07-12 13:10:50.236 | INFO     | N/A | ⏳ 等待 Profile 更新任务...
2026-07-12 13:10:55.262 | INFO     | N/A | ⏳ 等待 Profile 更新任务...
2026-07-12 13:11:00.287 | INFO     | N/A | ⏳ 等待 Profile 更新任务...
2026-07-12 13:11:05.312 | INFO     | N/A | ⏳ 等待 Profile 更新任务...
2026-07-12 13:11:10.358 | INFO     | N/A | ⏳ 等待 Profile 更新任务...
2026-07-12 13:11:15.383 | INFO     | N/A | ⏳ 等待 Profile 更新任务...
2026-07-12 13:11:20.409 | INFO     | N/A | ⏳ 等待 Profile 更新任务...
2026-07-12 13:11:25.434 | INFO     | N/A | ⏳ 等待 Profile 更新任务...
2026-07-12 13:11:30.456 | INFO     | N/A | ⏳ 等待 Profile 更新任务...
2026-07-12 13:11:35.480 | INFO     | N/A | ⏳ 等待 Profile 更新任务...
2026-07-12 13:11:40.506 | INFO     | N/A | ⏳ 等待 Profile 更新任务...
2026-07-12 13:11:45.529 | INFO     | N/A | ⏳ 等待 Profile 更新任务...
2026-07-12 13:11:50.556 | INFO     | N/A | ⏳ 等待 Profile 更新任务...
2026-07-12 13:11:55.583 | INFO     | N/A | ⏳ 等待 Profile 更新任务...
2026-07-12 13:12:00.607 | INFO     | N/A | ⏳ 等待 Profile 更新任务...
2026-07-12 13:12:05.631 | INFO     | N/A | ⏳ 等待 Profile 更新任务...
2026-07-12 13:12:10.654 | INFO     | N/A | ⏳ 等待 Profile 更新任务...
2026-07-12 13:12:15.678 | INFO     | N/A | ⏳ 等待 Profile 更新任务...
2026-07-12 13:12:20.703 | INFO     | N/A | ⏳ 等待 Profile 更新任务...
2026-07-12 13:12:25.728 | INFO     | N/A | ⏳ 等待 Profile 更新任务...
2026-07-12 13:12:30.753 | INFO     | N/A | ⏳ 等待 Profile 更新任务...
2026-07-12 13:12:35.779 | INFO     | N/A | ⏳ 等待 Profile 更新任务...
2026-07-12 13:12:40.803 | INFO     | N/A | ⏳ 等待 Profile 更新任务...
2026-07-12 13:12:45.831 | INFO     | N/A | ⏳ 等待 Profile 更新任务...
2026-07-12 13:12:50.857 | INFO     | N/A | ⏳ 等待 Profile 更新任务...
2026-07-12 13:12:55.882 | INFO     | N/A | ⏳ 等待 Profile 更新任务...
2026-07-12 13:13:00.905 | INFO     | N/A | ⏳ 等待 Profile 更新任务...
2026-07-12 13:13:05.929 | INFO     | N/A | ⏳ 等待 Profile 更新任务...
2026-07-12 13:13:10.952 | INFO     | N/A | ⏳ 等待 Profile 更新任务...
2026-07-12 13:13:15.977 | INFO     | N/A | ⏳ 等待 Profile 更新任务...
2026-07-12 13:13:21.001 | INFO     | N/A | ⏳ 等待 Profile 更新任务...
2026-07-12 13:13:26.025 | INFO     | N/A | ⏳ 等待 Profile 更新任务...
2026-07-12 13:13:31.051 | INFO     | N/A | ⏳ 等待 Profile 更新任务...
2026-07-12 13:13:36.076 | INFO     | N/A | ⏳ 等待 Profile 更新任务...
2026-07-12 13:13:41.100 | INFO     | N/A | ⏳ 等待 Profile 更新任务...
2026-07-12 13:13:46.125 | INFO     | N/A | ⏳ 等待 Profile 更新任务...
2026-07-12 13:13:51.148 | INFO     | N/A | ⏳ 等待 Profile 更新任务...
2026-07-12 13:13:56.172 | INFO     | N/A | ⏳ 等待 Profile 更新任务...
2026-07-12 13:14:01.199 | INFO     | N/A | ⏳ 等待 Profile 更新任务...
2026-07-12 13:14:06.223 | INFO     | N/A | ⏳ 等待 Profile 更新任务...
2026-07-12 13:14:11.248 | INFO     | N/A | ⏳ 等待 Profile 更新任务...
2026-07-12 13:14:16.273 | INFO     | N/A | ⏳ 等待 Profile 更新任务...
2026-07-12 13:14:21.299 | INFO     | N/A | ⏳ 等待 Profile 更新任务...
2026-07-12 13:14:26.321 | INFO     | N/A | ⏳ 等待 Profile 更新任务...
2026-07-12 13:14:31.363 | INFO     | N/A | ⏳ 等待 Profile 更新任务...
2026-07-12 13:14:36.386 | INFO     | N/A | ⏳ 等待 Profile 更新任务...
2026-07-12 13:14:41.409 | INFO     | N/A | ⏳ 等待 Profile 更新任务...
2026-07-12 13:14:46.433 | INFO     | N/A | ⏳ 等待 Profile 更新任务...
2026-07-12 13:14:51.457 | INFO     | N/A | ⏳ 等待 Profile 更新任务...
2026-07-12 13:14:56.482 | INFO     | N/A | ⏳ 等待 Profile 更新任务...
2026-07-12 13:15:01.507 | INFO     | N/A | ⏳ 等待 Profile 更新任务...
2026-07-12 13:15:06.531 | INFO     | N/A | ⏳ 等待 Profile 更新任务...
2026-07-12 13:15:11.553 | INFO     | N/A | ⏳ 等待 Profile 更新任务...
2026-07-12 13:15:16.576 | INFO     | N/A | ⏳ 等待 Profile 更新任务...
2026-07-12 13:15:21.599 | INFO     | N/A | ⏳ 等待 Profile 更新任务...
2026-07-12 13:15:26.620 | INFO     | N/A | ⏳ 等待 Profile 更新任务...
2026-07-12 13:15:31.641 | INFO     | N/A | ⏳ 等待 Profile 更新任务...
2026-07-12 13:15:36.662 | INFO     | N/A | ⏳ 等待 Profile 更新任务...
2026-07-12 13:15:41.685 | INFO     | N/A | ⏳ 等待 Profile 更新任务...
2026-07-12 13:15:46.709 | INFO     | N/A | ⏳ 等待 Profile 更新任务...
2026-07-12 13:15:51.734 | INFO     | N/A | ⏳ 等待 Profile 更新任务...
2026-07-12 13:15:56.775 | INFO     | N/A | ⏳ 等待 Profile 更新任务...
2026-07-12 13:16:01.797 | INFO     | N/A | ⏳ 等待 Profile 更新任务...
2026-07-12 13:16:06.820 | INFO     | N/A | ⏳ 等待 Profile 更新任务...
2026-07-12 13:16:11.841 | INFO     | N/A | ⏳ 等待 Profile 更新任务...
2026-07-12 13:16:16.864 | INFO     | N/A | ⏳ 等待 Profile 更新任务...
2026-07-12 13:16:21.886 | INFO     | N/A | ⏳ 等待 Profile 更新任务...
2026-07-12 13:16:26.909 | INFO     | N/A | ⏳ 等待 Profile 更新任务...
2026-07-12 13:16:31.932 | INFO     | N/A | ⏳ 等待 Profile 更新任务...
2026-07-12 13:16:36.954 | INFO     | N/A | ⏳ 等待 Profile 更新任务...
2026-07-12 13:16:41.975 | INFO     | N/A | ⏳ 等待 Profile 更新任务...
2026-07-12 13:16:46.999 | INFO     | N/A | ⏳ 等待 Profile 更新任务...
2026-07-12 13:16:52.019 | INFO     | N/A | ⏳ 等待 Profile 更新任务...
2026-07-12 13:16:57.050 | INFO     | N/A | ⏳ 等待 Profile 更新任务...
2026-07-12 13:17:02.076 | INFO     | N/A | ⏳ 等待 Profile 更新任务...
2026-07-12 13:17:07.099 | INFO     | N/A | ⏳ 等待 Profile 更新任务...
2026-07-12 13:17:12.123 | INFO     | N/A | ⏳ 等待 Profile 更新任务...
2026-07-12 13:17:17.144 | INFO     | N/A | ⏳ 等待 Profile 更新任务...
2026-07-12 13:17:22.166 | INFO     | N/A | ⏳ 等待 Profile 更新任务...
2026-07-12 13:17:27.188 | INFO     | N/A | ⏳ 等待 Profile 更新任务...
2026-07-12 13:17:32.209 | INFO     | N/A | ⏳ 等待 Profile 更新任务...
2026-07-12 13:17:37.233 | INFO     | N/A | ⏳ 等待 Profile 更新任务...
2026-07-12 13:17:42.255 | INFO     | N/A | ⏳ 等待 Profile 更新任务...
2026-07-12 13:17:47.278 | INFO     | N/A | ⏳ 等待 Profile 更新任务...
2026-07-12 13:17:52.304 | INFO     | N/A | ⏳ 等待 Profile 更新任务...
2026-07-12 13:17:57.329 | INFO     | N/A | ⏳ 等待 Profile 更新任务...
2026-07-12 13:18:02.352 | INFO     | N/A | ⏳ 等待 Profile 更新任务...
2026-07-12 13:18:07.374 | INFO     | N/A | ⏳ 等待 Profile 更新任务...
2026-07-12 13:18:12.395 | INFO     | N/A | ⏳ 等待 Profile 更新任务...
2026-07-12 13:18:17.416 | INFO     | N/A | ⏳ 等待 Profile 更新任务...
2026-07-12 13:18:22.438 | INFO     | N/A | ⏳ 等待 Profile 更新任务...
2026-07-12 13:18:27.461 | INFO     | N/A | ⏳ 等待 Profile 更新任务...
2026-07-12 13:18:32.484 | INFO     | N/A | ⏳ 等待 Profile 更新任务...
2026-07-12 13:18:37.507 | INFO     | N/A | ⏳ 等待 Profile 更新任务...
2026-07-12 13:18:42.531 | INFO     | N/A | ⏳ 等待 Profile 更新任务...
2026-07-12 13:18:47.556 | INFO     | N/A | ⏳ 等待 Profile 更新任务...
2026-07-12 13:18:52.579 | INFO     | N/A | ⏳ 等待 Profile 更新任务...
2026-07-12 13:18:57.605 | INFO     | N/A | ⏳ 等待 Profile 更新任务...
2026-07-12 13:19:02.629 | INFO     | N/A | ⏳ 等待 Profile 更新任务...
2026-07-12 13:19:07.652 | INFO     | N/A | ⏳ 等待 Profile 更新任务...
2026-07-12 13:19:12.673 | INFO     | N/A | ⏳ 等待 Profile 更新任务...
2026-07-12 13:19:17.696 | INFO     | N/A | ⏳ 等待 Profile 更新任务...
2026-07-12 13:19:22.717 | INFO     | N/A | ⏳ 等待 Profile 更新任务...
2026-07-12 13:19:27.740 | INFO     | N/A | ⏳ 等待 Profile 更新任务...
2026-07-12 13:19:32.761 | INFO     | N/A | ⏳ 等待 Profile 更新任务...
2026-07-12 13:19:37.783 | INFO     | N/A | ⏳ 等待 Profile 更新任务...
2026-07-12 13:19:42.807 | INFO     | N/A | ⏳ 等待 Profile 更新任务...
2026-07-12 13:19:47.832 | INFO     | N/A | ⏳ 等待 Profile 更新任务...
2026-07-12 13:19:52.854 | INFO     | N/A | ⏳ 等待 Profile 更新任务...
2026-07-12 13:19:57.874 | INFO     | N/A | ⏳ 等待 Profile 更新任务...
2026-07-12 13:20:02.898 | INFO     | N/A | ⏳ 等待 Profile 更新任务...
2026-07-12 13:20:07.920 | INFO     | N/A | ⏳ 等待 Profile 更新任务...
2026-07-12 13:20:12.941 | INFO     | N/A | ⏳ 等待 Profile 更新任务...
2026-07-12 13:20:17.967 | INFO     | N/A | ⏳ 等待 Profile 更新任务...
2026-07-12 13:20:22.990 | INFO     | N/A | ⏳ 等待 Profile 更新任务...
2026-07-12 13:20:28.013 | INFO     | N/A | ⏳ 等待 Profile 更新任务...
2026-07-12 13:20:33.034 | INFO     | N/A | ⏳ 等待 Profile 更新任务...
2026-07-12 13:20:38.057 | INFO     | N/A | ⏳ 等待 Profile 更新任务...
2026-07-12 13:20:43.078 | INFO     | N/A | ⏳ 等待 Profile 更新任务...
2026-07-12 13:20:48.102 | INFO     | N/A | ⏳ 等待 Profile 更新任务...
2026-07-12 13:20:53.131 | INFO     | N/A | ⏳ 等待 Profile 更新任务...
2026-07-12 13:20:58.155 | INFO     | N/A | ⏳ 等待 Profile 更新任务...
2026-07-12 13:21:03.182 | INFO     | N/A | ⏳ 等待 Profile 更新任务...
2026-07-12 13:21:08.203 | INFO     | N/A | ⏳ 等待 Profile 更新任务...
2026-07-12 13:21:13.225 | INFO     | N/A | ⏳ 等待 Profile 更新任务...
2026-07-12 13:21:18.247 | INFO     | N/A | ⏳ 等待 Profile 更新任务...
2026-07-12 13:21:23.268 | INFO     | N/A | ⏳ 等待 Profile 更新任务...
2026-07-12 13:21:28.367 | INFO     | N/A | ⏳ 等待 Profile 更新任务...
2026-07-12 13:21:33.388 | INFO     | N/A | ⏳ 等待 Profile 更新任务...
2026-07-12 13:21:38.411 | INFO     | N/A | ⏳ 等待 Profile 更新任务...
2026-07-12 13:21:43.432 | INFO     | N/A | ⏳ 等待 Profile 更新任务...
2026-07-12 13:21:48.460 | INFO     | N/A | ⏳ 等待 Profile 更新任务...
2026-07-12 13:21:53.483 | INFO     | N/A | ⏳ 等待 Profile 更新任务...
2026-07-12 13:21:58.510 | INFO     | N/A | ⏳ 等待 Profile 更新任务...
2026-07-12 13:22:03.533 | INFO     | N/A | ⏳ 等待 Profile 更新任务...
2026-07-12 13:22:08.556 | INFO     | N/A | ⏳ 等待 Profile 更新任务...
2026-07-12 13:22:13.579 | INFO     | N/A | ⏳ 等待 Profile 更新任务...
2026-07-12 13:22:18.603 | INFO     | N/A | ⏳ 等待 Profile 更新任务...
2026-07-12 13:22:23.626 | INFO     | N/A | ⏳ 等待 Profile 更新任务...
2026-07-12 13:22:28.649 | INFO     | N/A | ⏳ 等待 Profile 更新任务...
2026-07-12 13:22:33.672 | INFO     | N/A | ⏳ 等待 Profile 更新任务...
2026-07-12 13:22:38.695 | INFO     | N/A | ⏳ 等待 Profile 更新任务...
2026-07-12 13:22:43.718 | INFO     | N/A | ⏳ 等待 Profile 更新任务...
2026-07-12 13:22:48.740 | INFO     | N/A | ⏳ 等待 Profile 更新任务...
2026-07-12 13:22:53.765 | INFO     | N/A | ⏳ 等待 Profile 更新任务...
2026-07-12 13:22:58.790 | INFO     | N/A | ⏳ 等待 Profile 更新任务...
2026-07-12 13:23:03.812 | INFO     | N/A | ⏳ 等待 Profile 更新任务...
2026-07-12 13:23:08.836 | INFO     | N/A | ⏳ 等待 Profile 更新任务...
2026-07-12 13:23:13.858 | INFO     | N/A | ⏳ 等待 Profile 更新任务...
2026-07-12 13:23:18.881 | INFO     | N/A | ⏳ 等待 Profile 更新任务...
2026-07-12 13:23:23.901 | INFO     | N/A | ⏳ 等待 Profile 更新任务...
2026-07-12 13:23:28.923 | INFO     | N/A | ⏳ 等待 Profile 更新任务...
2026-07-12 13:23:33.954 | INFO     | N/A | ⏳ 等待 Profile 更新任务...
2026-07-12 13:23:38.978 | INFO     | N/A | ⏳ 等待 Profile 更新任务...
2026-07-12 13:23:44.001 | INFO     | N/A | ⏳ 等待 Profile 更新任务...
2026-07-12 13:23:49.025 | INFO     | N/A | ⏳ 等待 Profile 更新任务...
2026-07-12 13:23:54.048 | INFO     | N/A | ⏳ 等待 Profile 更新任务...
2026-07-12 13:23:59.076 | INFO     | N/A | ⏳ 等待 Profile 更新任务...
2026-07-12 13:24:04.099 | INFO     | N/A | ⏳ 等待 Profile 更新任务...
2026-07-12 13:24:09.123 | INFO     | N/A | ⏳ 等待 Profile 更新任务...
2026-07-12 13:24:14.146 | INFO     | N/A | ⏳ 等待 Profile 更新任务...
2026-07-12 13:24:19.170 | INFO     | N/A | ⏳ 等待 Profile 更新任务...
2026-07-12 13:24:24.195 | INFO     | N/A | ⏳ 等待 Profile 更新任务...
2026-07-12 13:24:29.220 | INFO     | N/A | ⏳ 等待 Profile 更新任务...
2026-07-12 13:24:34.243 | INFO     | N/A | ⏳ 等待 Profile 更新任务...
2026-07-12 13:24:39.268 | INFO     | N/A | ⏳ 等待 Profile 更新任务...
2026-07-12 13:24:44.290 | INFO     | N/A | ⏳ 等待 Profile 更新任务...
2026-07-12 13:24:49.313 | INFO     | N/A | ⏳ 等待 Profile 更新任务...
2026-07-12 13:24:54.339 | INFO     | N/A | ⏳ 等待 Profile 更新任务...
2026-07-12 13:24:59.367 | INFO     | N/A | ⏳ 等待 Profile 更新任务...
2026-07-12 13:25:04.388 | INFO     | N/A | ⏳ 等待 Profile 更新任务...
2026-07-12 13:25:09.413 | INFO     | N/A | ⏳ 等待 Profile 更新任务...
2026-07-12 13:25:14.439 | INFO     | N/A | ⏳ 等待 Profile 更新任务...
2026-07-12 13:25:19.462 | INFO     | N/A | ⏳ 等待 Profile 更新任务...
2026-07-12 13:25:24.483 | INFO     | N/A | ⏳ 等待 Profile 更新任务...
2026-07-12 13:25:29.509 | INFO     | N/A | ⏳ 等待 Profile 更新任务...
2026-07-12 13:25:34.529 | INFO     | N/A | ⏳ 等待 Profile 更新任务...
2026-07-12 13:25:39.553 | INFO     | N/A | ⏳ 等待 Profile 更新任务...
2026-07-12 13:25:44.576 | INFO     | N/A | ⏳ 等待 Profile 更新任务...
2026-07-12 13:25:49.602 | INFO     | N/A | ⏳ 等待 Profile 更新任务...
2026-07-12 13:25:54.624 | INFO     | N/A | ⏳ 等待 Profile 更新任务...
2026-07-12 13:25:59.649 | INFO     | N/A | ⏳ 等待 Profile 更新任务...
2026-07-12 13:26:04.672 | INFO     | N/A | ⏳ 等待 Profile 更新任务...
2026-07-12 13:26:09.695 | INFO     | N/A | ⏳ 等待 Profile 更新任务...
2026-07-12 13:26:14.719 | INFO     | N/A | ⏳ 等待 Profile 更新任务...
2026-07-12 13:26:19.744 | INFO     | N/A | ⏳ 等待 Profile 更新任务...
2026-07-12 13:26:24.766 | INFO     | N/A | ⏳ 等待 Profile 更新任务...
2026-07-12 13:26:29.789 | INFO     | N/A | ⏳ 等待 Profile 更新任务...
2026-07-12 13:26:34.812 | INFO     | N/A | ⏳ 等待 Profile 更新任务...
2026-07-12 13:26:39.836 | INFO     | N/A | ⏳ 等待 Profile 更新任务...
2026-07-12 13:26:44.861 | INFO     | N/A | ⏳ 等待 Profile 更新任务...
2026-07-12 13:26:49.884 | INFO     | N/A | ⏳ 等待 Profile 更新任务...
2026-07-12 13:26:54.908 | INFO     | N/A | ⏳ 等待 Profile 更新任务...
2026-07-12 13:26:59.930 | INFO     | N/A | ⏳ 等待 Profile 更新任务...
2026-07-12 13:27:04.957 | INFO     | N/A | ⏳ 等待 Profile 更新任务...
2026-07-12 13:27:09.981 | INFO     | N/A | ⏳ 等待 Profile 更新任务...
2026-07-12 13:27:15.003 | INFO     | N/A | ⏳ 等待 Profile 更新任务...
2026-07-12 13:27:20.026 | INFO     | N/A | ⏳ 等待 Profile 更新任务...
2026-07-12 13:27:25.051 | INFO     | N/A | ⏳ 等待 Profile 更新任务...
2026-07-12 13:27:30.075 | INFO     | N/A | ⏳ 等待 Profile 更新任务...
2026-07-12 13:27:35.100 | INFO     | N/A | ⏳ 等待 Profile 更新任务...
2026-07-12 13:27:40.124 | INFO     | N/A | ⏳ 等待 Profile 更新任务...
2026-07-12 13:27:45.150 | INFO     | N/A | ⏳ 等待 Profile 更新任务...
2026-07-12 13:27:50.176 | INFO     | N/A | ⏳ 等待 Profile 更新任务...
2026-07-12 13:27:55.200 | INFO     | N/A | ⏳ 等待 Profile 更新任务...
2026-07-12 13:28:00.225 | INFO     | N/A | ⏳ 等待 Profile 更新任务...
2026-07-12 13:28:05.251 | INFO     | N/A | ⏳ 等待 Profile 更新任务...
2026-07-12 13:28:10.274 | INFO     | N/A | ⏳ 等待 Profile 更新任务...
2026-07-12 13:28:15.297 | INFO     | N/A | ⏳ 等待 Profile 更新任务...
2026-07-12 13:28:20.323 | INFO     | N/A | ⏳ 等待 Profile 更新任务...
2026-07-12 13:28:25.347 | INFO     | N/A | ⏳ 等待 Profile 更新任务...
2026-07-12 13:28:30.370 | INFO     | N/A | ⏳ 等待 Profile 更新任务...
2026-07-12 13:28:35.396 | INFO     | N/A | ⏳ 等待 Profile 更新任务...
2026-07-12 13:28:40.420 | INFO     | N/A | ⏳ 等待 Profile 更新任务...
2026-07-12 13:28:45.442 | INFO     | N/A | ⏳ 等待 Profile 更新任务...
2026-07-12 13:28:50.466 | INFO     | N/A | ⏳ 等待 Profile 更新任务...
2026-07-12 13:28:55.488 | INFO     | N/A | ⏳ 等待 Profile 更新任务...
2026-07-12 13:29:00.513 | INFO     | N/A | ⏳ 等待 Profile 更新任务...
2026-07-12 13:29:05.536 | INFO     | N/A | ⏳ 等待 Profile 更新任务...
2026-07-12 13:29:10.559 | INFO     | N/A | ⏳ 等待 Profile 更新任务...
2026-07-12 13:29:15.584 | INFO     | N/A | ⏳ 等待 Profile 更新任务...
2026-07-12 13:29:20.608 | INFO     | N/A | ⏳ 等待 Profile 更新任务...
2026-07-12 13:29:25.633 | INFO     | N/A | ⏳ 等待 Profile 更新任务...
2026-07-12 13:29:30.655 | INFO     | N/A | ⏳ 等待 Profile 更新任务...
2026-07-12 13:29:35.679 | INFO     | N/A | ⏳ 等待 Profile 更新任务...
2026-07-12 13:29:40.701 | INFO     | N/A | ⏳ 等待 Profile 更新任务...
2026-07-12 13:29:45.724 | INFO     | N/A | ⏳ 等待 Profile 更新任务...
2026-07-12 13:29:50.746 | INFO     | N/A | ⏳ 等待 Profile 更新任务...
2026-07-12 13:29:55.769 | INFO     | N/A | ⏳ 等待 Profile 更新任务...
2026-07-12 13:30:00.791 | INFO     | N/A | ⏳ 等待 Profile 更新任务...
2026-07-12 13:30:05.817 | INFO     | N/A | ⏳ 等待 Profile 更新任务...
2026-07-12 13:30:10.841 | INFO     | N/A | ⏳ 等待 Profile 更新任务...
2026-07-12 13:30:15.865 | INFO     | N/A | ⏳ 等待 Profile 更新任务...
2026-07-12 13:30:20.889 | INFO     | N/A | ⏳ 等待 Profile 更新任务...
2026-07-12 13:30:25.910 | INFO     | N/A | ⏳ 等待 Profile 更新任务...
2026-07-12 13:30:30.931 | INFO     | N/A | ⏳ 等待 Profile 更新任务...
2026-07-12 13:30:35.954 | INFO     | N/A | ⏳ 等待 Profile 更新任务...
2026-07-12 13:30:40.985 | INFO     | N/A | ⏳ 等待 Profile 更新任务...
2026-07-12 13:30:46.006 | INFO     | N/A | ⏳ 等待 Profile 更新任务...
2026-07-12 13:30:51.029 | INFO     | N/A | ⏳ 等待 Profile 更新任务...
2026-07-12 13:30:56.053 | INFO     | N/A | ⏳ 等待 Profile 更新任务...
2026-07-12 13:31:01.077 | INFO     | N/A | ⏳ 等待 Profile 更新任务...
2026-07-12 13:31:06.105 | INFO     | N/A | ⏳ 等待 Profile 更新任务...
2026-07-12 13:31:11.128 | INFO     | N/A | ⏳ 等待 Profile 更新任务...
2026-07-12 13:31:16.150 | INFO     | N/A | ⏳ 等待 Profile 更新任务...
2026-07-12 13:31:21.173 | INFO     | N/A | ⏳ 等待 Profile 更新任务...
2026-07-12 13:31:26.195 | INFO     | N/A | ⏳ 等待 Profile 更新任务...
2026-07-12 13:31:31.219 | INFO     | N/A | ⏳ 等待 Profile 更新任务...
2026-07-12 13:31:36.243 | INFO     | N/A | ⏳ 等待 Profile 更新任务...
2026-07-12 13:31:41.266 | INFO     | N/A | ⏳ 等待 Profile 更新任务...
2026-07-12 13:31:46.288 | INFO     | N/A | ⏳ 等待 Profile 更新任务...
2026-07-12 13:31:51.312 | INFO     | N/A | ⏳ 等待 Profile 更新任务...
2026-07-12 13:31:56.335 | INFO     | N/A | ⏳ 等待 Profile 更新任务...
2026-07-12 13:32:01.357 | INFO     | N/A | ⏳ 等待 Profile 更新任务...
2026-07-12 13:32:06.384 | INFO     | N/A | ⏳ 等待 Profile 更新任务...
2026-07-12 13:32:11.408 | INFO     | N/A | ⏳ 等待 Profile 更新任务...
2026-07-12 13:32:16.432 | INFO     | N/A | ⏳ 等待 Profile 更新任务...
2026-07-12 13:32:21.453 | INFO     | N/A | ⏳ 等待 Profile 更新任务...
2026-07-12 13:32:26.479 | INFO     | N/A | ⏳ 等待 Profile 更新任务...
2026-07-12 13:32:31.498 | INFO     | N/A | ⏳ 等待 Profile 更新任务...
2026-07-12 13:32:36.517 | INFO     | N/A | ⏳ 等待 Profile 更新任务...
2026-07-12 13:32:41.540 | INFO     | N/A | ⏳ 等待 Profile 更新任务...
2026-07-12 13:32:46.567 | INFO     | N/A | ⏳ 等待 Profile 更新任务...
2026-07-12 13:32:51.590 | INFO     | N/A | ⏳ 等待 Profile 更新任务...
2026-07-12 13:32:56.615 | INFO     | N/A | ⏳ 等待 Profile 更新任务...
2026-07-12 13:33:01.638 | INFO     | N/A | ⏳ 等待 Profile 更新任务...
2026-07-12 13:33:06.664 | INFO     | N/A | ⏳ 等待 Profile 更新任务...
2026-07-12 13:33:11.687 | INFO     | N/A | ⏳ 等待 Profile 更新任务...
2026-07-12 13:33:16.712 | INFO     | N/A | ⏳ 等待 Profile 更新任务...
2026-07-12 13:33:21.735 | INFO     | N/A | ⏳ 等待 Profile 更新任务...
2026-07-12 13:33:26.759 | INFO     | N/A | ⏳ 等待 Profile 更新任务...
2026-07-12 13:33:31.782 | INFO     | N/A | ⏳ 等待 Profile 更新任务...
2026-07-12 13:33:36.807 | INFO     | N/A | ⏳ 等待 Profile 更新任务...
2026-07-12 13:33:41.833 | INFO     | N/A | ⏳ 等待 Profile 更新任务...
2026-07-12 13:33:46.856 | INFO     | N/A | ⏳ 等待 Profile 更新任务...
2026-07-12 13:33:51.880 | INFO     | N/A | ⏳ 等待 Profile 更新任务...
2026-07-12 13:33:56.906 | INFO     | N/A | ⏳ 等待 Profile 更新任务...
2026-07-12 13:34:01.931 | INFO     | N/A | ⏳ 等待 Profile 更新任务...
2026-07-12 13:34:06.955 | INFO     | N/A | ⏳ 等待 Profile 更新任务...
2026-07-12 13:34:11.979 | INFO     | N/A | ⏳ 等待 Profile 更新任务...
2026-07-12 13:34:17.002 | INFO     | N/A | ⏳ 等待 Profile 更新任务...
2026-07-12 13:34:22.025 | INFO     | N/A | ⏳ 等待 Profile 更新任务...
2026-07-12 13:34:27.046 | INFO     | N/A | ⏳ 等待 Profile 更新任务...
2026-07-12 13:34:32.070 | INFO     | N/A | ⏳ 等待 Profile 更新任务...
2026-07-12 13:34:37.091 | INFO     | N/A | ⏳ 等待 Profile 更新任务...
2026-07-12 13:34:42.116 | INFO     | N/A | ⏳ 等待 Profile 更新任务...
2026-07-12 13:34:47.141 | INFO     | N/A | ⏳ 等待 Profile 更新任务...
2026-07-12 13:34:52.166 | INFO     | N/A | ⏳ 等待 Profile 更新任务...
2026-07-12 13:34:57.190 | INFO     | N/A | ⏳ 等待 Profile 更新任务...
2026-07-12 13:35:02.213 | INFO     | N/A | ⏳ 等待 Profile 更新任务...
2026-07-12 13:35:07.242 | INFO     | N/A | ⏳ 等待 Profile 更新任务...
2026-07-12 13:35:12.268 | INFO     | N/A | ⏳ 等待 Profile 更新任务...
2026-07-12 13:35:17.291 | INFO     | N/A | ⏳ 等待 Profile 更新任务...
2026-07-12 13:35:22.313 | INFO     | N/A | ⏳ 等待 Profile 更新任务...
2026-07-12 13:35:27.336 | INFO     | N/A | ⏳ 等待 Profile 更新任务...
2026-07-12 13:35:32.360 | INFO     | N/A | ⏳ 等待 Profile 更新任务...
2026-07-12 13:35:37.385 | INFO     | N/A | ⏳ 等待 Profile 更新任务...
2026-07-12 13:35:42.408 | INFO     | N/A | ⏳ 等待 Profile 更新任务...
2026-07-12 13:35:47.432 | INFO     | N/A | ⏳ 等待 Profile 更新任务...
2026-07-12 13:35:52.456 | INFO     | N/A | ⏳ 等待 Profile 更新任务...
2026-07-12 13:35:57.481 | INFO     | N/A | ⏳ 等待 Profile 更新任务...
2026-07-12 13:36:02.504 | INFO     | N/A | ⏳ 等待 Profile 更新任务...
2026-07-12 13:36:07.528 | INFO     | N/A | ⏳ 等待 Profile 更新任务...
2026-07-12 13:36:12.552 | INFO     | N/A | ⏳ 等待 Profile 更新任务...
2026-07-12 13:36:17.577 | INFO     | N/A | ⏳ 等待 Profile 更新任务...
2026-07-12 13:36:22.600 | INFO     | N/A | ⏳ 等待 Profile 更新任务...
2026-07-12 13:36:27.625 | INFO     | N/A | ⏳ 等待 Profile 更新任务...
2026-07-12 13:36:32.646 | INFO     | N/A | ⏳ 等待 Profile 更新任务...
2026-07-12 13:36:37.669 | INFO     | N/A | ⏳ 等待 Profile 更新任务...
2026-07-12 13:36:42.693 | INFO     | N/A | ⏳ 等待 Profile 更新任务...
2026-07-12 13:36:47.717 | INFO     | N/A | ⏳ 等待 Profile 更新任务...
2026-07-12 13:36:52.738 | INFO     | N/A | ⏳ 等待 Profile 更新任务...
2026-07-12 13:36:57.763 | INFO     | N/A | ⏳ 等待 Profile 更新任务...
2026-07-12 13:37:02.787 | INFO     | N/A | ⏳ 等待 Profile 更新任务...
2026-07-12 13:37:07.812 | INFO     | N/A | ⏳ 等待 Profile 更新任务...
2026-07-12 13:37:12.835 | INFO     | N/A | ⏳ 等待 Profile 更新任务...
2026-07-12 13:37:17.860 | INFO     | N/A | ⏳ 等待 Profile 更新任务...
2026-07-12 13:37:22.888 | INFO     | N/A | ⏳ 等待 Profile 更新任务...
2026-07-12 13:37:27.910 | INFO     | N/A | ⏳ 等待 Profile 更新任务...
2026-07-12 13:37:32.941 | INFO     | N/A | ⏳ 等待 Profile 更新任务...
2026-07-12 13:37:37.966 | INFO     | N/A | ⏳ 等待 Profile 更新任务...
2026-07-12 13:37:42.990 | INFO     | N/A | ⏳ 等待 Profile 更新任务...
2026-07-12 13:37:48.012 | INFO     | N/A | ⏳ 等待 Profile 更新任务...
2026-07-12 13:37:53.037 | INFO     | N/A | ⏳ 等待 Profile 更新任务...
2026-07-12 13:37:58.059 | INFO     | N/A | ⏳ 等待 Profile 更新任务...
2026-07-12 13:38:03.083 | INFO     | N/A | ⏳ 等待 Profile 更新任务...
2026-07-12 13:38:08.107 | INFO     | N/A | ⏳ 等待 Profile 更新任务...
2026-07-12 13:38:13.131 | INFO     | N/A | ⏳ 等待 Profile 更新任务...
2026-07-12 13:38:18.156 | INFO     | N/A | ⏳ 等待 Profile 更新任务...
2026-07-12 13:38:23.179 | INFO     | N/A | ⏳ 等待 Profile 更新任务...
2026-07-12 13:38:28.204 | INFO     | N/A | ⏳ 等待 Profile 更新任务...
2026-07-12 13:38:33.227 | INFO     | N/A | ⏳ 等待 Profile 更新任务...
2026-07-12 13:38:38.251 | INFO     | N/A | ⏳ 等待 Profile 更新任务...
2026-07-12 13:38:43.273 | INFO     | N/A | ⏳ 等待 Profile 更新任务...
2026-07-12 13:38:48.298 | INFO     | N/A | ⏳ 等待 Profile 更新任务...
2026-07-12 13:38:53.321 | INFO     | N/A | ⏳ 等待 Profile 更新任务...
2026-07-12 13:38:58.343 | INFO     | N/A | ⏳ 等待 Profile 更新任务...
2026-07-12 13:39:03.367 | INFO     | N/A | ⏳ 等待 Profile 更新任务...
2026-07-12 13:39:08.390 | INFO     | N/A | ⏳ 等待 Profile 更新任务...
2026-07-12 13:39:13.411 | INFO     | N/A | ⏳ 等待 Profile 更新任务...
2026-07-12 13:39:18.440 | INFO     | N/A | ⏳ 等待 Profile 更新任务...
2026-07-12 13:39:23.463 | INFO     | N/A | ⏳ 等待 Profile 更新任务...
2026-07-12 13:39:28.488 | INFO     | N/A | ⏳ 等待 Profile 更新任务...
2026-07-12 13:39:33.512 | INFO     | N/A | ⏳ 等待 Profile 更新任务...
2026-07-12 13:39:38.538 | INFO     | N/A | ⏳ 等待 Profile 更新任务...
2026-07-12 13:39:43.562 | INFO     | N/A | ⏳ 等待 Profile 更新任务...
2026-07-12 13:39:48.585 | INFO     | N/A | ⏳ 等待 Profile 更新任务...
2026-07-12 13:39:53.609 | INFO     | N/A | ⏳ 等待 Profile 更新任务...
2026-07-12 13:39:58.633 | INFO     | N/A | ⏳ 等待 Profile 更新任务...
2026-07-12 13:40:03.658 | INFO     | N/A | ⏳ 等待 Profile 更新任务...
2026-07-12 13:40:08.683 | INFO     | N/A | ⏳ 等待 Profile 更新任务...
2026-07-12 13:40:13.706 | INFO     | N/A | ⏳ 等待 Profile 更新任务...
2026-07-12 13:40:18.729 | INFO     | N/A | ⏳ 等待 Profile 更新任务...
2026-07-12 13:40:23.754 | INFO     | N/A | ⏳ 等待 Profile 更新任务...
2026-07-12 13:40:28.779 | INFO     | N/A | ⏳ 等待 Profile 更新任务...
2026-07-12 13:40:33.801 | INFO     | N/A | ⏳ 等待 Profile 更新任务...
2026-07-12 13:40:38.823 | INFO     | N/A | ⏳ 等待 Profile 更新任务...
2026-07-12 13:40:43.848 | INFO     | N/A | ⏳ 等待 Profile 更新任务...
2026-07-12 13:40:48.872 | INFO     | N/A | ⏳ 等待 Profile 更新任务...
2026-07-12 13:40:53.894 | INFO     | N/A | ⏳ 等待 Profile 更新任务...
2026-07-12 13:40:58.919 | INFO     | N/A | ⏳ 等待 Profile 更新任务...
2026-07-12 13:41:03.944 | INFO     | N/A | ⏳ 等待 Profile 更新任务...
2026-07-12 13:41:08.967 | INFO     | N/A | ⏳ 等待 Profile 更新任务...
2026-07-12 13:41:13.993 | INFO     | N/A | ⏳ 等待 Profile 更新任务...
2026-07-12 13:41:19.016 | INFO     | N/A | ⏳ 等待 Profile 更新任务...
2026-07-12 13:41:24.042 | INFO     | N/A | ⏳ 等待 Profile 更新任务...
2026-07-12 13:41:29.064 | INFO     | N/A | ⏳ 等待 Profile 更新任务...
2026-07-12 13:41:34.085 | INFO     | N/A | ⏳ 等待 Profile 更新任务...
2026-07-12 13:41:39.108 | INFO     | N/A | ⏳ 等待 Profile 更新任务...
2026-07-12 13:41:44.134 | INFO     | N/A | ⏳ 等待 Profile 更新任务...
2026-07-12 13:41:49.160 | INFO     | N/A | ⏳ 等待 Profile 更新任务...
2026-07-12 13:41:54.184 | INFO     | N/A | ⏳ 等待 Profile 更新任务...
2026-07-12 13:41:59.208 | INFO     | N/A | ⏳ 等待 Profile 更新任务...
2026-07-12 13:42:04.229 | INFO     | N/A | ⏳ 等待 Profile 更新任务...
2026-07-12 13:42:09.251 | INFO     | N/A | ⏳ 等待 Profile 更新任务...
2026-07-12 13:42:14.275 | INFO     | N/A | ⏳ 等待 Profile 更新任务...
2026-07-12 13:42:19.297 | INFO     | N/A | ⏳ 等待 Profile 更新任务...
2026-07-12 13:42:24.321 | INFO     | N/A | ⏳ 等待 Profile 更新任务...
2026-07-12 13:42:29.344 | INFO     | N/A | ⏳ 等待 Profile 更新任务...
2026-07-12 13:42:34.369 | INFO     | N/A | ⏳ 等待 Profile 更新任务...
2026-07-12 13:42:39.391 | INFO     | N/A | ⏳ 等待 Profile 更新任务...
2026-07-12 13:42:44.417 | INFO     | N/A | ⏳ 等待 Profile 更新任务...
2026-07-12 13:42:49.440 | INFO     | N/A | ⏳ 等待 Profile 更新任务...
2026-07-12 13:42:54.463 | INFO     | N/A | ⏳ 等待 Profile 更新任务...
2026-07-12 13:42:59.486 | INFO     | N/A | ⏳ 等待 Profile 更新任务...
2026-07-12 13:43:04.534 | INFO     | N/A | ⏳ 等待 Profile 更新任务...
2026-07-12 13:43:09.557 | INFO     | N/A | ⏳ 等待 Profile 更新任务...
2026-07-12 13:43:14.579 | INFO     | N/A | ⏳ 等待 Profile 更新任务...
2026-07-12 13:43:19.605 | INFO     | N/A | ⏳ 等待 Profile 更新任务...
2026-07-12 13:43:24.630 | INFO     | N/A | ⏳ 等待 Profile 更新任务...
2026-07-12 13:43:29.652 | INFO     | N/A | ⏳ 等待 Profile 更新任务...
2026-07-12 13:43:34.675 | INFO     | N/A | ⏳ 等待 Profile 更新任务...
2026-07-12 13:43:39.702 | INFO     | N/A | ⏳ 等待 Profile 更新任务...
2026-07-12 13:43:44.723 | INFO     | N/A | ⏳ 等待 Profile 更新任务...
2026-07-12 13:43:49.747 | INFO     | N/A | ⏳ 等待 Profile 更新任务...
2026-07-12 13:43:54.768 | INFO     | N/A | ⏳ 等待 Profile 更新任务...
2026-07-12 13:43:59.790 | INFO     | N/A | ⏳ 等待 Profile 更新任务...
2026-07-12 13:44:04.815 | INFO     | N/A | ⏳ 等待 Profile 更新任务...
2026-07-12 13:44:09.837 | INFO     | N/A | ⏳ 等待 Profile 更新任务...
2026-07-12 13:44:14.861 | INFO     | N/A | ⏳ 等待 Profile 更新任务...
2026-07-12 13:44:19.883 | INFO     | N/A | ⏳ 等待 Profile 更新任务...
2026-07-12 13:44:24.904 | INFO     | N/A | ⏳ 等待 Profile 更新任务...
2026-07-12 13:44:29.926 | INFO     | N/A | ⏳ 等待 Profile 更新任务...
2026-07-12 13:44:34.946 | INFO     | N/A | ⏳ 等待 Profile 更新任务...
2026-07-12 13:44:39.969 | INFO     | N/A | ⏳ 等待 Profile 更新任务...
2026-07-12 13:44:44.990 | INFO     | N/A | ⏳ 等待 Profile 更新任务...
2026-07-12 13:44:50.013 | INFO     | N/A | ⏳ 等待 Profile 更新任务...
2026-07-12 13:44:55.035 | INFO     | N/A | ⏳ 等待 Profile 更新任务...
2026-07-12 13:45:00.057 | INFO     | N/A | ⏳ 等待 Profile 更新任务...
2026-07-12 13:45:05.080 | INFO     | N/A | ⏳ 等待 Profile 更新任务...
2026-07-12 13:45:10.104 | INFO     | N/A | ⏳ 等待 Profile 更新任务...
2026-07-12 13:45:15.129 | INFO     | N/A | ⏳ 等待 Profile 更新任务...
2026-07-12 13:45:20.152 | INFO     | N/A | ⏳ 等待 Profile 更新任务...
2026-07-12 13:45:25.173 | INFO     | N/A | ⏳ 等待 Profile 更新任务...
2026-07-12 13:45:30.194 | INFO     | N/A | ⏳ 等待 Profile 更新任务...
2026-07-12 13:45:35.216 | INFO     | N/A | ⏳ 等待 Profile 更新任务...
2026-07-12 13:45:40.239 | INFO     | N/A | ⏳ 等待 Profile 更新任务...
2026-07-12 13:45:45.261 | INFO     | N/A | ⏳ 等待 Profile 更新任务...
2026-07-12 13:45:50.284 | INFO     | N/A | ⏳ 等待 Profile 更新任务...
2026-07-12 13:45:55.306 | INFO     | N/A | ⏳ 等待 Profile 更新任务...
2026-07-12 13:46:00.332 | INFO     | N/A | ⏳ 等待 Profile 更新任务...
2026-07-12 13:46:05.354 | INFO     | N/A | ⏳ 等待 Profile 更新任务...
2026-07-12 13:46:10.377 | INFO     | N/A | ⏳ 等待 Profile 更新任务...
2026-07-12 13:46:15.404 | INFO     | N/A | ⏳ 等待 Profile 更新任务...
2026-07-12 13:46:20.429 | INFO     | N/A | ⏳ 等待 Profile 更新任务...
2026-07-12 13:46:25.450 | INFO     | N/A | ⏳ 等待 Profile 更新任务...
2026-07-12 13:46:30.471 | INFO     | N/A | ⏳ 等待 Profile 更新任务...
2026-07-12 13:46:35.494 | INFO     | N/A | ⏳ 等待 Profile 更新任务...
2026-07-12 13:46:40.518 | INFO     | N/A | ⏳ 等待 Profile 更新任务...
2026-07-12 13:46:45.541 | INFO     | N/A | ⏳ 等待 Profile 更新任务...
2026-07-12 13:46:50.563 | INFO     | N/A | ⏳ 等待 Profile 更新任务...
2026-07-12 13:46:55.586 | INFO     | N/A | ⏳ 等待 Profile 更新任务...
2026-07-12 13:47:00.610 | INFO     | N/A | ⏳ 等待 Profile 更新任务...
2026-07-12 13:47:05.632 | INFO     | N/A | ⏳ 等待 Profile 更新任务...
2026-07-12 13:47:10.656 | INFO     | N/A | ⏳ 等待 Profile 更新任务...
2026-07-12 13:47:15.683 | INFO     | N/A | ⏳ 等待 Profile 更新任务...
2026-07-12 13:47:20.706 | INFO     | N/A | ⏳ 等待 Profile 更新任务...
2026-07-12 13:47:25.729 | INFO     | N/A | ⏳ 等待 Profile 更新任务...
2026-07-12 13:47:30.753 | INFO     | N/A | ⏳ 等待 Profile 更新任务...
2026-07-12 13:47:35.778 | INFO     | N/A | ⏳ 等待 Profile 更新任务...
2026-07-12 13:47:40.800 | INFO     | N/A | ⏳ 等待 Profile 更新任务...
2026-07-12 13:47:45.826 | INFO     | N/A | ⏳ 等待 Profile 更新任务...
2026-07-12 13:47:50.849 | INFO     | N/A | ⏳ 等待 Profile 更新任务...
2026-07-12 13:47:55.872 | INFO     | N/A | ⏳ 等待 Profile 更新任务...
2026-07-12 13:48:00.900 | INFO     | N/A | ⏳ 等待 Profile 更新任务...
2026-07-12 13:48:05.925 | INFO     | N/A | ⏳ 等待 Profile 更新任务...
2026-07-12 13:48:10.947 | INFO     | N/A | ⏳ 等待 Profile 更新任务...
2026-07-12 13:48:15.975 | INFO     | N/A | ⏳ 等待 Profile 更新任务...
2026-07-12 13:48:20.999 | INFO     | N/A | ⏳ 等待 Profile 更新任务...
2026-07-12 13:48:26.022 | INFO     | N/A | ⏳ 等待 Profile 更新任务...
2026-07-12 13:48:31.048 | INFO     | N/A | ⏳ 等待 Profile 更新任务...
2026-07-12 13:48:36.097 | INFO     | N/A | ⏳ 等待 Profile 更新任务...
2026-07-12 13:48:41.119 | INFO     | N/A | ⏳ 等待 Profile 更新任务...
2026-07-12 13:48:46.143 | INFO     | N/A | ⏳ 等待 Profile 更新任务...
2026-07-12 13:48:51.166 | INFO     | N/A | ⏳ 等待 Profile 更新任务...
2026-07-12 13:48:56.189 | INFO     | N/A | ⏳ 等待 Profile 更新任务...
2026-07-12 13:49:01.215 | INFO     | N/A | ⏳ 等待 Profile 更新任务...
2026-07-12 13:49:06.239 | INFO     | N/A | ⏳ 等待 Profile 更新任务...
2026-07-12 13:49:11.262 | INFO     | N/A | ⏳ 等待 Profile 更新任务...
2026-07-12 13:49:16.283 | INFO     | N/A | ⏳ 等待 Profile 更新任务...
2026-07-12 13:49:21.305 | INFO     | N/A | ⏳ 等待 Profile 更新任务...
2026-07-12 13:49:26.327 | INFO     | N/A | ⏳ 等待 Profile 更新任务...
2026-07-12 13:49:31.350 | INFO     | N/A | ⏳ 等待 Profile 更新任务...
2026-07-12 13:49:36.372 | INFO     | N/A | ⏳ 等待 Profile 更新任务...
2026-07-12 13:49:41.396 | INFO     | N/A | ⏳ 等待 Profile 更新任务...
2026-07-12 13:49:46.418 | INFO     | N/A | ⏳ 等待 Profile 更新任务...
2026-07-12 13:49:51.440 | INFO     | N/A | ⏳ 等待 Profile 更新任务...
2026-07-12 13:49:56.463 | INFO     | N/A | ⏳ 等待 Profile 更新任务...
2026-07-12 13:50:01.489 | INFO     | N/A | ⏳ 等待 Profile 更新任务...
2026-07-12 13:50:06.509 | INFO     | N/A | ⏳ 等待 Profile 更新任务...
2026-07-12 13:50:11.530 | INFO     | N/A | ⏳ 等待 Profile 更新任务...
2026-07-12 13:50:16.567 | INFO     | N/A | ⏳ 等待 Profile 更新任务...
2026-07-12 13:50:21.590 | INFO     | N/A | ⏳ 等待 Profile 更新任务...
2026-07-12 13:50:26.621 | INFO     | N/A | ⏳ 等待 Profile 更新任务...
2026-07-12 13:50:31.641 | INFO     | N/A | ⏳ 等待 Profile 更新任务...
2026-07-12 13:50:36.674 | INFO     | N/A | ⏳ 等待 Profile 更新任务...
2026-07-12 13:50:41.694 | INFO     | N/A | ⏳ 等待 Profile 更新任务...
2026-07-12 13:50:46.717 | INFO     | N/A | ⏳ 等待 Profile 更新任务...
2026-07-12 13:50:51.740 | INFO     | N/A | ⏳ 等待 Profile 更新任务...
2026-07-12 13:50:56.763 | INFO     | N/A | ⏳ 等待 Profile 更新任务...
2026-07-12 13:51:01.791 | INFO     | N/A | ⏳ 等待 Profile 更新任务...
2026-07-12 13:51:06.814 | INFO     | N/A | ⏳ 等待 Profile 更新任务...
2026-07-12 13:51:11.836 | INFO     | N/A | ⏳ 等待 Profile 更新任务...
2026-07-12 13:51:16.858 | INFO     | N/A | ⏳ 等待 Profile 更新任务...
2026-07-12 13:51:21.882 | INFO     | N/A | ⏳ 等待 Profile 更新任务...
2026-07-12 13:51:26.906 | INFO     | N/A | ⏳ 等待 Profile 更新任务...
2026-07-12 13:51:31.928 | INFO     | N/A | ⏳ 等待 Profile 更新任务...
2026-07-12 13:51:36.948 | INFO     | N/A | ⏳ 等待 Profile 更新任务...
2026-07-12 13:51:41.970 | INFO     | N/A | ⏳ 等待 Profile 更新任务...
2026-07-12 13:51:46.993 | INFO     | N/A | ⏳ 等待 Profile 更新任务...
2026-07-12 13:51:52.016 | INFO     | N/A | ⏳ 等待 Profile 更新任务...
2026-07-12 13:51:57.038 | INFO     | N/A | ⏳ 等待 Profile 更新任务...
2026-07-12 13:52:02.060 | INFO     | N/A | ⏳ 等待 Profile 更新任务...
2026-07-12 13:52:07.081 | INFO     | N/A | ⏳ 等待 Profile 更新任务...
2026-07-12 13:52:12.102 | INFO     | N/A | ⏳ 等待 Profile 更新任务...
2026-07-12 13:52:17.126 | INFO     | N/A | ⏳ 等待 Profile 更新任务...
2026-07-12 13:52:22.146 | INFO     | N/A | ⏳ 等待 Profile 更新任务...
2026-07-12 13:52:27.167 | INFO     | N/A | ⏳ 等待 Profile 更新任务...
2026-07-12 13:52:32.189 | INFO     | N/A | ⏳ 等待 Profile 更新任务...
2026-07-12 13:52:37.212 | INFO     | N/A | ⏳ 等待 Profile 更新任务...
2026-07-12 13:52:42.235 | INFO     | N/A | ⏳ 等待 Profile 更新任务...
2026-07-12 13:52:47.260 | INFO     | N/A | ⏳ 等待 Profile 更新任务...
2026-07-12 13:52:52.282 | INFO     | N/A | ⏳ 等待 Profile 更新任务...
2026-07-12 13:52:57.306 | INFO     | N/A | ⏳ 等待 Profile 更新任务...
2026-07-12 13:53:02.327 | INFO     | N/A | ⏳ 等待 Profile 更新任务...
2026-07-12 13:53:07.352 | INFO     | N/A | ⏳ 等待 Profile 更新任务...
2026-07-12 13:53:12.375 | INFO     | N/A | ⏳ 等待 Profile 更新任务...
2026-07-12 13:53:17.399 | INFO     | N/A | ⏳ 等待 Profile 更新任务...
2026-07-12 13:53:22.427 | INFO     | N/A | ⏳ 等待 Profile 更新任务...
2026-07-12 13:53:27.450 | INFO     | N/A | ⏳ 等待 Profile 更新任务...
2026-07-12 13:53:32.472 | INFO     | N/A | ⏳ 等待 Profile 更新任务...
2026-07-12 13:53:37.494 | INFO     | N/A | ⏳ 等待 Profile 更新任务...
2026-07-12 13:53:42.517 | INFO     | N/A | ⏳ 等待 Profile 更新任务...
2026-07-12 13:53:47.538 | INFO     | N/A | ⏳ 等待 Profile 更新任务...
2026-07-12 13:53:52.559 | INFO     | N/A | ⏳ 等待 Profile 更新任务...
2026-07-12 13:53:57.581 | INFO     | N/A | ⏳ 等待 Profile 更新任务...
2026-07-12 13:54:02.603 | INFO     | N/A | ⏳ 等待 Profile 更新任务...
2026-07-12 13:54:07.626 | INFO     | N/A | ⏳ 等待 Profile 更新任务...
2026-07-12 13:54:12.647 | INFO     | N/A | ⏳ 等待 Profile 更新任务...
2026-07-12 13:54:17.668 | INFO     | N/A | ⏳ 等待 Profile 更新任务...
2026-07-12 13:54:22.691 | INFO     | N/A | ⏳ 等待 Profile 更新任务...
2026-07-12 13:54:27.714 | INFO     | N/A | ⏳ 等待 Profile 更新任务...
2026-07-12 13:54:32.734 | INFO     | N/A | ⏳ 等待 Profile 更新任务...
2026-07-12 13:54:37.755 | INFO     | N/A | ⏳ 等待 Profile 更新任务...
2026-07-12 13:54:42.776 | INFO     | N/A | ⏳ 等待 Profile 更新任务...
2026-07-12 13:54:47.799 | INFO     | N/A | ⏳ 等待 Profile 更新任务...
2026-07-12 13:54:52.822 | INFO     | N/A | ⏳ 等待 Profile 更新任务...
2026-07-12 13:54:57.845 | INFO     | N/A | ⏳ 等待 Profile 更新任务...
2026-07-12 13:55:02.869 | INFO     | N/A | ⏳ 等待 Profile 更新任务...
2026-07-12 13:55:07.892 | INFO     | N/A | ⏳ 等待 Profile 更新任务...
2026-07-12 13:55:12.912 | INFO     | N/A | ⏳ 等待 Profile 更新任务...
2026-07-12 13:55:17.938 | INFO     | N/A | ⏳ 等待 Profile 更新任务...
2026-07-12 13:55:22.960 | INFO     | N/A | ⏳ 等待 Profile 更新任务...
2026-07-12 13:55:27.980 | INFO     | N/A | ⏳ 等待 Profile 更新任务...
2026-07-12 13:55:33.003 | INFO     | N/A | ⏳ 等待 Profile 更新任务...
2026-07-12 13:55:38.026 | INFO     | N/A | ⏳ 等待 Profile 更新任务...
2026-07-12 13:55:43.047 | INFO     | N/A | ⏳ 等待 Profile 更新任务...
2026-07-12 13:55:48.073 | INFO     | N/A | ⏳ 等待 Profile 更新任务...
2026-07-12 13:55:53.096 | INFO     | N/A | ⏳ 等待 Profile 更新任务...
2026-07-12 13:55:58.116 | INFO     | N/A | ⏳ 等待 Profile 更新任务...
2026-07-12 13:56:03.142 | INFO     | N/A | ⏳ 等待 Profile 更新任务...
2026-07-12 13:56:08.162 | INFO     | N/A | ⏳ 等待 Profile 更新任务...
2026-07-12 13:56:13.184 | INFO     | N/A | ⏳ 等待 Profile 更新任务...
2026-07-12 13:56:18.205 | INFO     | N/A | ⏳ 等待 Profile 更新任务...
2026-07-12 13:56:23.226 | INFO     | N/A | ⏳ 等待 Profile 更新任务...
2026-07-12 13:56:28.247 | INFO     | N/A | ⏳ 等待 Profile 更新任务...
2026-07-12 13:56:33.268 | INFO     | N/A | ⏳ 等待 Profile 更新任务...
2026-07-12 13:56:38.289 | INFO     | N/A | ⏳ 等待 Profile 更新任务...
2026-07-12 13:56:43.312 | INFO     | N/A | ⏳ 等待 Profile 更新任务...
2026-07-12 13:56:48.333 | INFO     | N/A | ⏳ 等待 Profile 更新任务...
2026-07-12 13:56:53.355 | INFO     | N/A | ⏳ 等待 Profile 更新任务...
2026-07-12 13:56:58.376 | INFO     | N/A | ⏳ 等待 Profile 更新任务...
2026-07-12 13:57:03.399 | INFO     | N/A | ⏳ 等待 Profile 更新任务...
2026-07-12 13:57:08.422 | INFO     | N/A | ⏳ 等待 Profile 更新任务...
2026-07-12 13:57:13.443 | INFO     | N/A | ⏳ 等待 Profile 更新任务...
2026-07-12 13:57:18.464 | INFO     | N/A | ⏳ 等待 Profile 更新任务...
2026-07-12 13:57:23.488 | INFO     | N/A | ⏳ 等待 Profile 更新任务...
2026-07-12 13:57:28.512 | INFO     | N/A | ⏳ 等待 Profile 更新任务...
2026-07-12 13:57:33.534 | INFO     | N/A | ⏳ 等待 Profile 更新任务...
2026-07-12 13:57:38.556 | INFO     | N/A | ⏳ 等待 Profile 更新任务...
2026-07-12 13:57:43.579 | INFO     | N/A | ⏳ 等待 Profile 更新任务...
2026-07-12 13:57:48.602 | INFO     | N/A | ⏳ 等待 Profile 更新任务...
2026-07-12 13:57:53.623 | INFO     | N/A | ⏳ 等待 Profile 更新任务...
2026-07-12 13:57:58.647 | INFO     | N/A | ⏳ 等待 Profile 更新任务...
2026-07-12 13:58:03.670 | INFO     | N/A | ⏳ 等待 Profile 更新任务...
2026-07-12 13:58:08.691 | INFO     | N/A | ⏳ 等待 Profile 更新任务...
2026-07-12 13:58:13.716 | INFO     | N/A | ⏳ 等待 Profile 更新任务...
2026-07-12 13:58:18.738 | INFO     | N/A | ⏳ 等待 Profile 更新任务...
2026-07-12 13:58:23.760 | INFO     | N/A | ⏳ 等待 Profile 更新任务...
2026-07-12 13:58:28.784 | INFO     | N/A | ⏳ 等待 Profile 更新任务...
2026-07-12 13:58:33.807 | INFO     | N/A | ⏳ 等待 Profile 更新任务...
2026-07-12 13:58:38.830 | INFO     | N/A | ⏳ 等待 Profile 更新任务...
2026-07-12 13:58:43.850 | INFO     | N/A | ⏳ 等待 Profile 更新任务...
2026-07-12 13:58:48.872 | INFO     | N/A | ⏳ 等待 Profile 更新任务...
2026-07-12 13:58:53.894 | INFO     | N/A | ⏳ 等待 Profile 更新任务...
2026-07-12 13:58:58.919 | INFO     | N/A | ⏳ 等待 Profile 更新任务...
2026-07-12 13:59:03.942 | INFO     | N/A | ⏳ 等待 Profile 更新任务...
2026-07-12 13:59:08.966 | INFO     | N/A | ⏳ 等待 Profile 更新任务...
2026-07-12 13:59:13.987 | INFO     | N/A | ⏳ 等待 Profile 更新任务...
2026-07-12 13:59:19.008 | INFO     | N/A | ⏳ 等待 Profile 更新任务...
2026-07-12 13:59:24.032 | INFO     | N/A | ⏳ 等待 Profile 更新任务...
2026-07-12 13:59:29.053 | INFO     | N/A | ⏳ 等待 Profile 更新任务...
2026-07-12 13:59:34.078 | INFO     | N/A | ⏳ 等待 Profile 更新任务...
2026-07-12 13:59:39.104 | INFO     | N/A | ⏳ 等待 Profile 更新任务...
2026-07-12 13:59:44.126 | INFO     | N/A | ⏳ 等待 Profile 更新任务...
2026-07-12 13:59:49.146 | INFO     | N/A | ⏳ 等待 Profile 更新任务...
2026-07-12 13:59:54.170 | INFO     | N/A | ⏳ 等待 Profile 更新任务...
2026-07-12 13:59:59.193 | INFO     | N/A | ⏳ 等待 Profile 更新任务...
2026-07-12 14:00:04.217 | INFO     | N/A | ⏳ 等待 Profile 更新任务...
2026-07-12 14:00:09.239 | INFO     | N/A | ⏳ 等待 Profile 更新任务...
2026-07-12 14:00:14.261 | INFO     | N/A | ⏳ 等待 Profile 更新任务...
2026-07-12 14:00:19.285 | INFO     | N/A | ⏳ 等待 Profile 更新任务...
2026-07-12 14:00:24.310 | INFO     | N/A | ⏳ 等待 Profile 更新任务...
2026-07-12 14:00:29.333 | INFO     | N/A | ⏳ 等待 Profile 更新任务...
2026-07-12 14:00:34.359 | INFO     | N/A | ⏳ 等待 Profile 更新任务...
2026-07-12 14:00:39.384 | INFO     | N/A | ⏳ 等待 Profile 更新任务...
2026-07-12 14:00:44.406 | INFO     | N/A | ⏳ 等待 Profile 更新任务...
2026-07-12 14:00:49.442 | INFO     | N/A | ⏳ 等待 Profile 更新任务...
2026-07-12 14:00:54.463 | INFO     | N/A | ⏳ 等待 Profile 更新任务...
2026-07-12 14:00:59.488 | INFO     | N/A | ⏳ 等待 Profile 更新任务...
2026-07-12 14:01:04.514 | INFO     | N/A | ⏳ 等待 Profile 更新任务...
2026-07-12 14:01:09.537 | INFO     | N/A | ⏳ 等待 Profile 更新任务...
2026-07-12 14:01:14.560 | INFO     | N/A | ⏳ 等待 Profile 更新任务...
2026-07-12 14:01:19.582 | INFO     | N/A | ⏳ 等待 Profile 更新任务...
2026-07-12 14:01:24.610 | INFO     | N/A | ⏳ 等待 Profile 更新任务...
2026-07-12 14:01:29.630 | INFO     | N/A | ⏳ 等待 Profile 更新任务...
2026-07-12 14:01:34.652 | INFO     | N/A | ⏳ 等待 Profile 更新任务...
2026-07-12 14:01:39.675 | INFO     | N/A | ⏳ 等待 Profile 更新任务...
2026-07-12 14:01:44.696 | INFO     | N/A | ⏳ 等待 Profile 更新任务...
2026-07-12 14:01:49.720 | INFO     | N/A | ⏳ 等待 Profile 更新任务...
2026-07-12 14:01:54.743 | INFO     | N/A | ⏳ 等待 Profile 更新任务...
2026-07-12 14:01:59.764 | INFO     | N/A | ⏳ 等待 Profile 更新任务...
2026-07-12 14:02:04.787 | INFO     | N/A | ⏳ 等待 Profile 更新任务...
2026-07-12 14:02:09.807 | INFO     | N/A | ⏳ 等待 Profile 更新任务...
2026-07-12 14:02:14.830 | INFO     | N/A | ⏳ 等待 Profile 更新任务...
2026-07-12 14:02:19.852 | INFO     | N/A | ⏳ 等待 Profile 更新任务...
2026-07-12 14:02:24.878 | INFO     | N/A | ⏳ 等待 Profile 更新任务...
2026-07-12 14:02:29.903 | INFO     | N/A | ⏳ 等待 Profile 更新任务...
2026-07-12 14:02:34.925 | INFO     | N/A | ⏳ 等待 Profile 更新任务...
2026-07-12 14:02:39.947 | INFO     | N/A | ⏳ 等待 Profile 更新任务...
2026-07-12 14:02:44.969 | INFO     | N/A | ⏳ 等待 Profile 更新任务...
2026-07-12 14:02:49.994 | INFO     | N/A | ⏳ 等待 Profile 更新任务...
2026-07-12 14:02:55.017 | INFO     | N/A | ⏳ 等待 Profile 更新任务...
2026-07-12 14:03:00.039 | INFO     | N/A | ⏳ 等待 Profile 更新任务...
2026-07-12 14:03:05.063 | INFO     | N/A | ⏳ 等待 Profile 更新任务...
2026-07-12 14:03:10.087 | INFO     | N/A | ⏳ 等待 Profile 更新任务...
2026-07-12 14:03:15.110 | INFO     | N/A | ⏳ 等待 Profile 更新任务...
2026-07-12 14:03:20.133 | INFO     | N/A | ⏳ 等待 Profile 更新任务...
2026-07-12 14:03:25.156 | INFO     | N/A | ⏳ 等待 Profile 更新任务...
2026-07-12 14:03:30.179 | INFO     | N/A | ⏳ 等待 Profile 更新任务...
2026-07-12 14:03:35.207 | INFO     | N/A | ⏳ 等待 Profile 更新任务...
2026-07-12 14:03:40.229 | INFO     | N/A | ⏳ 等待 Profile 更新任务...
2026-07-12 14:03:45.253 | INFO     | N/A | ⏳ 等待 Profile 更新任务...
2026-07-12 14:03:50.275 | INFO     | N/A | ⏳ 等待 Profile 更新任务...
2026-07-12 14:03:55.299 | INFO     | N/A | ⏳ 等待 Profile 更新任务...
2026-07-12 14:04:00.322 | INFO     | N/A | ⏳ 等待 Profile 更新任务...
2026-07-12 14:04:05.343 | INFO     | N/A | ⏳ 等待 Profile 更新任务...
2026-07-12 14:04:10.365 | INFO     | N/A | ⏳ 等待 Profile 更新任务...
2026-07-12 14:04:15.387 | INFO     | N/A | ⏳ 等待 Profile 更新任务...
2026-07-12 14:04:20.409 | INFO     | N/A | ⏳ 等待 Profile 更新任务...
2026-07-12 14:04:25.440 | INFO     | N/A | ⏳ 等待 Profile 更新任务...
2026-07-12 14:04:30.463 | INFO     | N/A | ⏳ 等待 Profile 更新任务...
2026-07-12 14:04:35.487 | INFO     | N/A | ⏳ 等待 Profile 更新任务...
2026-07-12 14:04:40.510 | INFO     | N/A | ⏳ 等待 Profile 更新任务...
2026-07-12 14:04:45.533 | INFO     | N/A | ⏳ 等待 Profile 更新任务...
2026-07-12 14:04:50.554 | INFO     | N/A | ⏳ 等待 Profile 更新任务...
2026-07-12 14:04:55.577 | INFO     | N/A | ⏳ 等待 Profile 更新任务...
2026-07-12 14:05:00.603 | INFO     | N/A | ⏳ 等待 Profile 更新任务...
2026-07-12 14:05:05.629 | INFO     | N/A | ⏳ 等待 Profile 更新任务...
2026-07-12 14:05:10.652 | INFO     | N/A | ⏳ 等待 Profile 更新任务...
2026-07-12 14:05:15.673 | INFO     | N/A | ⏳ 等待 Profile 更新任务...
2026-07-12 14:05:20.697 | INFO     | N/A | ⏳ 等待 Profile 更新任务...
2026-07-12 14:05:25.720 | INFO     | N/A | ⏳ 等待 Profile 更新任务...
2026-07-12 14:05:30.740 | INFO     | N/A | ⏳ 等待 Profile 更新任务...
2026-07-12 14:05:35.762 | INFO     | N/A | ⏳ 等待 Profile 更新任务...
2026-07-12 14:05:40.785 | INFO     | N/A | ⏳ 等待 Profile 更新任务...
2026-07-12 14:05:45.809 | INFO     | N/A | ⏳ 等待 Profile 更新任务...
2026-07-12 14:05:50.835 | INFO     | N/A | ⏳ 等待 Profile 更新任务...
2026-07-12 14:05:55.857 | INFO     | N/A | ⏳ 等待 Profile 更新任务...
2026-07-12 14:06:00.880 | INFO     | N/A | ⏳ 等待 Profile 更新任务...
2026-07-12 14:06:05.904 | INFO     | N/A | ⏳ 等待 Profile 更新任务...
2026-07-12 14:06:10.927 | INFO     | N/A | ⏳ 等待 Profile 更新任务...
2026-07-12 14:06:15.951 | INFO     | N/A | ⏳ 等待 Profile 更新任务...
2026-07-12 14:06:20.976 | INFO     | N/A | ⏳ 等待 Profile 更新任务...
2026-07-12 14:06:26.010 | INFO     | N/A | ⏳ 等待 Profile 更新任务...
2026-07-12 14:06:31.028 | INFO     | N/A | ⏳ 等待 Profile 更新任务...
2026-07-12 14:06:36.050 | INFO     | N/A | ⏳ 等待 Profile 更新任务...
2026-07-12 14:06:41.074 | INFO     | N/A | ⏳ 等待 Profile 更新任务...
2026-07-12 14:06:46.098 | INFO     | N/A | ⏳ 等待 Profile 更新任务...
2026-07-12 14:06:51.122 | INFO     | N/A | ⏳ 等待 Profile 更新任务...
2026-07-12 14:06:56.145 | INFO     | N/A | ⏳ 等待 Profile 更新任务...
2026-07-12 14:07:01.168 | INFO     | N/A | ⏳ 等待 Profile 更新任务...
2026-07-12 14:07:06.190 | INFO     | N/A | ⏳ 等待 Profile 更新任务...
2026-07-12 14:07:11.213 | INFO     | N/A | ⏳ 等待 Profile 更新任务...
2026-07-12 14:07:16.236 | INFO     | N/A | ⏳ 等待 Profile 更新任务...
2026-07-12 14:07:21.261 | INFO     | N/A | ⏳ 等待 Profile 更新任务...
2026-07-12 14:07:26.287 | INFO     | N/A | ⏳ 等待 Profile 更新任务...
2026-07-12 14:07:31.311 | INFO     | N/A | ⏳ 等待 Profile 更新任务...
2026-07-12 14:07:36.336 | INFO     | N/A | ⏳ 等待 Profile 更新任务...
2026-07-12 14:07:41.362 | INFO     | N/A | ⏳ 等待 Profile 更新任务...
2026-07-12 14:07:46.388 | INFO     | N/A | ⏳ 等待 Profile 更新任务...
2026-07-12 14:07:51.414 | INFO     | N/A | ⏳ 等待 Profile 更新任务...
2026-07-12 14:07:56.440 | INFO     | N/A | ⏳ 等待 Profile 更新任务...
2026-07-12 14:08:01.463 | INFO     | N/A | ⏳ 等待 Profile 更新任务...
2026-07-12 14:08:06.486 | INFO     | N/A | ⏳ 等待 Profile 更新任务...
2026-07-12 14:08:11.508 | INFO     | N/A | ⏳ 等待 Profile 更新任务...
2026-07-12 14:08:16.530 | INFO     | N/A | ⏳ 等待 Profile 更新任务...
2026-07-12 14:08:21.554 | INFO     | N/A | ⏳ 等待 Profile 更新任务...
2026-07-12 14:08:26.577 | INFO     | N/A | ⏳ 等待 Profile 更新任务...
2026-07-12 14:08:31.600 | INFO     | N/A | ⏳ 等待 Profile 更新任务...
2026-07-12 14:08:36.623 | INFO     | N/A | ⏳ 等待 Profile 更新任务...
2026-07-12 14:08:41.646 | INFO     | N/A | ⏳ 等待 Profile 更新任务...
2026-07-12 14:08:46.669 | INFO     | N/A | ⏳ 等待 Profile 更新任务...
2026-07-12 14:08:51.694 | INFO     | N/A | ⏳ 等待 Profile 更新任务...
2026-07-12 14:08:56.718 | INFO     | N/A | ⏳ 等待 Profile 更新任务...
2026-07-12 14:09:01.742 | INFO     | N/A | ⏳ 等待 Profile 更新任务...
2026-07-12 14:09:06.768 | INFO     | N/A | ⏳ 等待 Profile 更新任务...
2026-07-12 14:09:11.791 | INFO     | N/A | ⏳ 等待 Profile 更新任务...
2026-07-12 14:09:16.814 | INFO     | N/A | ⏳ 等待 Profile 更新任务...
2026-07-12 14:09:21.837 | INFO     | N/A | ⏳ 等待 Profile 更新任务...
2026-07-12 14:09:26.859 | INFO     | N/A | ⏳ 等待 Profile 更新任务...
2026-07-12 14:09:31.885 | INFO     | N/A | ⏳ 等待 Profile 更新任务...
2026-07-12 14:09:36.911 | INFO     | N/A | ⏳ 等待 Profile 更新任务...
2026-07-12 14:09:41.934 | INFO     | N/A | ⏳ 等待 Profile 更新任务...
2026-07-12 14:09:46.956 | INFO     | N/A | ⏳ 等待 Profile 更新任务...
2026-07-12 14:09:51.980 | INFO     | N/A | ⏳ 等待 Profile 更新任务...
2026-07-12 14:09:57.003 | INFO     | N/A | ⏳ 等待 Profile 更新任务...
2026-07-12 14:10:02.025 | INFO     | N/A | ⏳ 等待 Profile 更新任务...
2026-07-12 14:10:07.047 | INFO     | N/A | ⏳ 等待 Profile 更新任务...
2026-07-12 14:10:12.069 | INFO     | N/A | ⏳ 等待 Profile 更新任务...
2026-07-12 14:10:17.092 | INFO     | N/A | ⏳ 等待 Profile 更新任务...
2026-07-12 14:10:22.113 | INFO     | N/A | ⏳ 等待 Profile 更新任务...
2026-07-12 14:10:27.135 | INFO     | N/A | ⏳ 等待 Profile 更新任务...
2026-07-12 14:10:32.164 | INFO     | N/A | ⏳ 等待 Profile 更新任务...
2026-07-12 14:10:37.184 | INFO     | N/A | ⏳ 等待 Profile 更新任务...
2026-07-12 14:10:42.207 | INFO     | N/A | ⏳ 等待 Profile 更新任务...
2026-07-12 14:10:47.231 | INFO     | N/A | ⏳ 等待 Profile 更新任务...
2026-07-12 14:10:52.253 | INFO     | N/A | ⏳ 等待 Profile 更新任务...
2026-07-12 14:10:57.276 | INFO     | N/A | ⏳ 等待 Profile 更新任务...
2026-07-12 14:11:02.300 | INFO     | N/A | ⏳ 等待 Profile 更新任务...
2026-07-12 14:11:07.323 | INFO     | N/A | ⏳ 等待 Profile 更新任务...
2026-07-12 14:11:12.346 | INFO     | N/A | ⏳ 等待 Profile 更新任务...
2026-07-12 14:11:17.367 | INFO     | N/A | ⏳ 等待 Profile 更新任务...
2026-07-12 14:11:22.387 | INFO     | N/A | ⏳ 等待 Profile 更新任务...
2026-07-12 14:11:27.409 | INFO     | N/A | ⏳ 等待 Profile 更新任务...
2026-07-12 14:11:32.434 | INFO     | N/A | ⏳ 等待 Profile 更新任务...
2026-07-12 14:11:37.460 | INFO     | N/A | ⏳ 等待 Profile 更新任务...
2026-07-12 14:11:42.484 | INFO     | N/A | ⏳ 等待 Profile 更新任务...
2026-07-12 14:11:47.509 | INFO     | N/A | ⏳ 等待 Profile 更新任务...
2026-07-12 14:11:52.533 | INFO     | N/A | ⏳ 等待 Profile 更新任务...
2026-07-12 14:11:57.556 | INFO     | N/A | ⏳ 等待 Profile 更新任务...
2026-07-12 14:12:02.579 | INFO     | N/A | ⏳ 等待 Profile 更新任务...
2026-07-12 14:12:07.605 | INFO     | N/A | ⏳ 等待 Profile 更新任务...
2026-07-12 14:12:12.640 | INFO     | N/A | ⏳ 等待 Profile 更新任务...
2026-07-12 14:12:17.664 | INFO     | N/A | ⏳ 等待 Profile 更新任务...
2026-07-12 14:12:22.688 | INFO     | N/A | ⏳ 等待 Profile 更新任务...
2026-07-12 14:12:27.711 | INFO     | N/A | ⏳ 等待 Profile 更新任务...
2026-07-12 14:12:32.735 | INFO     | N/A | ⏳ 等待 Profile 更新任务...
2026-07-12 14:12:37.761 | INFO     | N/A | ⏳ 等待 Profile 更新任务...
2026-07-12 14:12:42.782 | INFO     | N/A | ⏳ 等待 Profile 更新任务...
2026-07-12 14:12:47.805 | INFO     | N/A | ⏳ 等待 Profile 更新任务...
2026-07-12 14:12:52.829 | INFO     | N/A | ⏳ 等待 Profile 更新任务...
2026-07-12 14:12:57.854 | INFO     | N/A | ⏳ 等待 Profile 更新任务...
2026-07-12 14:13:02.876 | INFO     | N/A | ⏳ 等待 Profile 更新任务...
2026-07-12 14:13:07.899 | INFO     | N/A | ⏳ 等待 Profile 更新任务...
2026-07-12 14:13:12.922 | INFO     | N/A | ⏳ 等待 Profile 更新任务...
2026-07-12 14:13:17.946 | INFO     | N/A | ⏳ 等待 Profile 更新任务...
2026-07-12 14:13:22.968 | INFO     | N/A | ⏳ 等待 Profile 更新任务...
2026-07-12 14:13:27.990 | INFO     | N/A | ⏳ 等待 Profile 更新任务...
2026-07-12 14:13:33.010 | INFO     | N/A | ⏳ 等待 Profile 更新任务...
2026-07-12 14:13:38.082 | INFO     | N/A | ⏳ 等待 Profile 更新任务...
2026-07-12 14:13:43.105 | INFO     | N/A | ⏳ 等待 Profile 更新任务...
2026-07-12 14:13:48.132 | INFO     | N/A | ⏳ 等待 Profile 更新任务...
2026-07-12 14:13:53.155 | INFO     | N/A | ⏳ 等待 Profile 更新任务...
2026-07-12 14:13:58.178 | INFO     | N/A | ⏳ 等待 Profile 更新任务...
2026-07-12 14:14:03.200 | INFO     | N/A | ⏳ 等待 Profile 更新任务...
2026-07-12 14:14:08.226 | INFO     | N/A | ⏳ 等待 Profile 更新任务...
2026-07-12 14:14:13.249 | INFO     | N/A | ⏳ 等待 Profile 更新任务...
2026-07-12 14:14:18.272 | INFO     | N/A | ⏳ 等待 Profile 更新任务...
2026-07-12 14:14:23.296 | INFO     | N/A | ⏳ 等待 Profile 更新任务...
2026-07-12 14:14:28.321 | INFO     | N/A | ⏳ 等待 Profile 更新任务...
2026-07-12 14:14:33.344 | INFO     | N/A | ⏳ 等待 Profile 更新任务...
2026-07-12 14:14:38.368 | INFO     | N/A | ⏳ 等待 Profile 更新任务...
2026-07-12 14:14:43.393 | INFO     | N/A | ⏳ 等待 Profile 更新任务...
2026-07-12 14:14:48.415 | INFO     | N/A | ⏳ 等待 Profile 更新任务...
2026-07-12 14:14:53.436 | INFO     | N/A | ⏳ 等待 Profile 更新任务...
2026-07-12 14:14:58.459 | INFO     | N/A | ⏳ 等待 Profile 更新任务...
2026-07-12 14:15:03.483 | INFO     | N/A | ⏳ 等待 Profile 更新任务...
2026-07-12 14:15:08.506 | INFO     | N/A | ⏳ 等待 Profile 更新任务...
2026-07-12 14:15:13.527 | INFO     | N/A | ⏳ 等待 Profile 更新任务...
2026-07-12 14:15:18.551 | INFO     | N/A | ⏳ 等待 Profile 更新任务...
2026-07-12 14:15:23.575 | INFO     | N/A | ⏳ 等待 Profile 更新任务...
2026-07-12 14:15:28.599 | INFO     | N/A | ⏳ 等待 Profile 更新任务...
2026-07-12 14:15:33.624 | INFO     | N/A | ⏳ 等待 Profile 更新任务...
2026-07-12 14:15:38.648 | INFO     | N/A | ⏳ 等待 Profile 更新任务...
2026-07-12 14:15:43.669 | INFO     | N/A | ⏳ 等待 Profile 更新任务...
2026-07-12 14:15:48.692 | INFO     | N/A | ⏳ 等待 Profile 更新任务...
2026-07-12 14:15:53.714 | INFO     | N/A | ⏳ 等待 Profile 更新任务...
2026-07-12 14:15:58.735 | INFO     | N/A | ⏳ 等待 Profile 更新任务...
2026-07-12 14:16:03.757 | INFO     | N/A | ⏳ 等待 Profile 更新任务...
2026-07-12 14:16:08.779 | INFO     | N/A | ⏳ 等待 Profile 更新任务...
2026-07-12 14:16:13.802 | INFO     | N/A | ⏳ 等待 Profile 更新任务...
2026-07-12 14:16:18.824 | INFO     | N/A | ⏳ 等待 Profile 更新任务...
2026-07-12 14:16:23.846 | INFO     | N/A | ⏳ 等待 Profile 更新任务...
2026-07-12 14:16:28.868 | INFO     | N/A | ⏳ 等待 Profile 更新任务...
2026-07-12 14:16:33.892 | INFO     | N/A | ⏳ 等待 Profile 更新任务...
2026-07-12 14:16:38.914 | INFO     | N/A | ⏳ 等待 Profile 更新任务...
2026-07-12 14:16:43.937 | INFO     | N/A | ⏳ 等待 Profile 更新任务...
2026-07-12 14:16:48.959 | INFO     | N/A | ⏳ 等待 Profile 更新任务...
2026-07-12 14:16:53.980 | INFO     | N/A | ⏳ 等待 Profile 更新任务...
2026-07-12 14:16:59.004 | INFO     | N/A | ⏳ 等待 Profile 更新任务...
2026-07-12 14:17:04.028 | INFO     | N/A | ⏳ 等待 Profile 更新任务...
2026-07-12 14:17:09.054 | INFO     | N/A | ⏳ 等待 Profile 更新任务...
2026-07-12 14:17:14.076 | INFO     | N/A | ⏳ 等待 Profile 更新任务...
2026-07-12 14:17:19.101 | INFO     | N/A | ⏳ 等待 Profile 更新任务...
2026-07-12 14:17:24.124 | INFO     | N/A | ⏳ 等待 Profile 更新任务...
2026-07-12 14:17:29.147 | INFO     | N/A | ⏳ 等待 Profile 更新任务...
2026-07-12 14:17:34.169 | INFO     | N/A | ⏳ 等待 Profile 更新任务...
2026-07-12 14:17:39.191 | INFO     | N/A | ⏳ 等待 Profile 更新任务...
2026-07-12 14:17:44.215 | INFO     | N/A | ⏳ 等待 Profile 更新任务...
2026-07-12 14:17:49.239 | INFO     | N/A | ⏳ 等待 Profile 更新任务...
2026-07-12 14:17:54.260 | INFO     | N/A | ⏳ 等待 Profile 更新任务...
2026-07-12 14:17:59.282 | INFO     | N/A | ⏳ 等待 Profile 更新任务...
2026-07-12 14:18:04.306 | INFO     | N/A | ⏳ 等待 Profile 更新任务...
2026-07-12 14:18:09.328 | INFO     | N/A | ⏳ 等待 Profile 更新任务...
2026-07-12 14:18:14.353 | INFO     | N/A | ⏳ 等待 Profile 更新任务...
2026-07-12 14:18:19.375 | INFO     | N/A | ⏳ 等待 Profile 更新任务...
2026-07-12 14:18:24.399 | INFO     | N/A | ⏳ 等待 Profile 更新任务...
2026-07-12 14:18:29.421 | INFO     | N/A | ⏳ 等待 Profile 更新任务...
2026-07-12 14:18:34.446 | INFO     | N/A | ⏳ 等待 Profile 更新任务...
2026-07-12 14:18:39.469 | INFO     | N/A | ⏳ 等待 Profile 更新任务...
2026-07-12 14:18:44.494 | INFO     | N/A | ⏳ 等待 Profile 更新任务...
2026-07-12 14:18:49.520 | INFO     | N/A | ⏳ 等待 Profile 更新任务...
2026-07-12 14:18:54.543 | INFO     | N/A | ⏳ 等待 Profile 更新任务...
2026-07-12 14:18:59.565 | INFO     | N/A | ⏳ 等待 Profile 更新任务...
2026-07-12 14:19:04.590 | INFO     | N/A | ⏳ 等待 Profile 更新任务...
2026-07-12 14:19:09.613 | INFO     | N/A | ⏳ 等待 Profile 更新任务...
2026-07-12 14:19:14.638 | INFO     | N/A | ⏳ 等待 Profile 更新任务...
2026-07-12 14:19:19.663 | INFO     | N/A | ⏳ 等待 Profile 更新任务...
2026-07-12 14:19:24.684 | INFO     | N/A | ⏳ 等待 Profile 更新任务...
2026-07-12 14:19:29.707 | INFO     | N/A | ⏳ 等待 Profile 更新任务...
2026-07-12 14:19:34.731 | INFO     | N/A | ⏳ 等待 Profile 更新任务...
2026-07-12 14:19:39.754 | INFO     | N/A | ⏳ 等待 Profile 更新任务...
2026-07-12 14:19:44.776 | INFO     | N/A | ⏳ 等待 Profile 更新任务...
2026-07-12 14:19:49.801 | INFO     | N/A | ⏳ 等待 Profile 更新任务...
2026-07-12 14:19:54.823 | INFO     | N/A | ⏳ 等待 Profile 更新任务...
2026-07-12 14:19:59.845 | INFO     | N/A | ⏳ 等待 Profile 更新任务...
2026-07-12 14:20:04.874 | INFO     | N/A | ⏳ 等待 Profile 更新任务...
2026-07-12 14:20:09.898 | INFO     | N/A | ⏳ 等待 Profile 更新任务...
2026-07-12 14:20:14.923 | INFO     | N/A | ⏳ 等待 Profile 更新任务...
2026-07-12 14:20:19.945 | INFO     | N/A | ⏳ 等待 Profile 更新任务...
2026-07-12 14:20:24.968 | INFO     | N/A | ⏳ 等待 Profile 更新任务...
2026-07-12 14:20:29.990 | INFO     | N/A | ⏳ 等待 Profile 更新任务...
2026-07-12 14:20:35.012 | INFO     | N/A | ⏳ 等待 Profile 更新任务...
2026-07-12 14:20:40.040 | INFO     | N/A | ⏳ 等待 Profile 更新任务...
2026-07-12 14:20:45.063 | INFO     | N/A | ⏳ 等待 Profile 更新任务...
2026-07-12 14:20:50.086 | INFO     | N/A | ⏳ 等待 Profile 更新任务...
2026-07-12 14:20:55.107 | INFO     | N/A | ⏳ 等待 Profile 更新任务...
2026-07-12 14:21:00.128 | INFO     | N/A | ⏳ 等待 Profile 更新任务...
2026-07-12 14:21:05.150 | INFO     | N/A | ⏳ 等待 Profile 更新任务...
2026-07-12 14:21:10.171 | INFO     | N/A | ⏳ 等待 Profile 更新任务...
2026-07-12 14:21:15.192 | INFO     | N/A | ⏳ 等待 Profile 更新任务...
2026-07-12 14:21:20.214 | INFO     | N/A | ⏳ 等待 Profile 更新任务...
2026-07-12 14:21:25.236 | INFO     | N/A | ⏳ 等待 Profile 更新任务...
2026-07-12 14:21:30.259 | INFO     | N/A | ⏳ 等待 Profile 更新任务...
2026-07-12 14:21:35.280 | INFO     | N/A | ⏳ 等待 Profile 更新任务...
2026-07-12 14:21:40.303 | INFO     | N/A | ⏳ 等待 Profile 更新任务...
2026-07-12 14:21:45.326 | INFO     | N/A | ⏳ 等待 Profile 更新任务...
2026-07-12 14:21:50.348 | INFO     | N/A | ⏳ 等待 Profile 更新任务...
2026-07-12 14:21:55.370 | INFO     | N/A | ⏳ 等待 Profile 更新任务...
2026-07-12 14:22:00.391 | INFO     | N/A | ⏳ 等待 Profile 更新任务...
2026-07-12 14:22:05.413 | INFO     | N/A | ⏳ 等待 Profile 更新任务...
2026-07-12 14:22:10.440 | INFO     | N/A | ⏳ 等待 Profile 更新任务...
2026-07-12 14:22:15.459 | INFO     | N/A | ⏳ 等待 Profile 更新任务...
2026-07-12 14:22:20.482 | INFO     | N/A | ⏳ 等待 Profile 更新任务...
2026-07-12 14:22:25.504 | INFO     | N/A | ⏳ 等待 Profile 更新任务...
2026-07-12 14:22:30.525 | INFO     | N/A | ⏳ 等待 Profile 更新任务...
2026-07-12 14:22:35.548 | INFO     | N/A | ⏳ 等待 Profile 更新任务...
2026-07-12 14:22:40.575 | INFO     | N/A | ⏳ 等待 Profile 更新任务...
2026-07-12 14:22:45.599 | INFO     | N/A | ⏳ 等待 Profile 更新任务...
2026-07-12 14:22:50.620 | INFO     | N/A | ⏳ 等待 Profile 更新任务...
2026-07-12 14:22:55.642 | INFO     | N/A | ⏳ 等待 Profile 更新任务...
2026-07-12 14:23:00.664 | INFO     | N/A | ⏳ 等待 Profile 更新任务...
2026-07-12 14:23:05.687 | INFO     | N/A | ⏳ 等待 Profile 更新任务...
2026-07-12 14:23:10.712 | INFO     | N/A | ⏳ 等待 Profile 更新任务...
2026-07-12 14:23:15.734 | INFO     | N/A | ⏳ 等待 Profile 更新任务...
2026-07-12 14:23:20.758 | INFO     | N/A | ⏳ 等待 Profile 更新任务...
2026-07-12 14:23:25.781 | INFO     | N/A | ⏳ 等待 Profile 更新任务...
2026-07-12 14:23:30.804 | INFO     | N/A | ⏳ 等待 Profile 更新任务...
2026-07-12 14:23:35.824 | INFO     | N/A | ⏳ 等待 Profile 更新任务...
2026-07-12 14:23:40.849 | INFO     | N/A | ⏳ 等待 Profile 更新任务...
2026-07-12 14:23:45.870 | INFO     | N/A | ⏳ 等待 Profile 更新任务...
2026-07-12 14:23:50.894 | INFO     | N/A | ⏳ 等待 Profile 更新任务...
2026-07-12 14:23:55.916 | INFO     | N/A | ⏳ 等待 Profile 更新任务...
2026-07-12 14:24:00.939 | INFO     | N/A | ⏳ 等待 Profile 更新任务...
2026-07-12 14:24:05.960 | INFO     | N/A | ⏳ 等待 Profile 更新任务...
2026-07-12 14:24:10.982 | INFO     | N/A | ⏳ 等待 Profile 更新任务...
2026-07-12 14:24:16.004 | INFO     | N/A | ⏳ 等待 Profile 更新任务...
2026-07-12 14:24:21.029 | INFO     | N/A | ⏳ 等待 Profile 更新任务...
2026-07-12 14:24:26.049 | INFO     | N/A | ⏳ 等待 Profile 更新任务...
2026-07-12 14:24:31.070 | INFO     | N/A | ⏳ 等待 Profile 更新任务...
2026-07-12 14:24:36.090 | INFO     | N/A | ⏳ 等待 Profile 更新任务...
2026-07-12 14:24:41.113 | INFO     | N/A | ⏳ 等待 Profile 更新任务...
2026-07-12 14:24:46.136 | INFO     | N/A | ⏳ 等待 Profile 更新任务...
2026-07-12 14:24:51.159 | INFO     | N/A | ⏳ 等待 Profile 更新任务...
2026-07-12 14:24:56.181 | INFO     | N/A | ⏳ 等待 Profile 更新任务...
2026-07-12 14:25:01.205 | INFO     | N/A | ⏳ 等待 Profile 更新任务...
2026-07-12 14:25:06.227 | INFO     | N/A | ⏳ 等待 Profile 更新任务...
2026-07-12 14:25:11.250 | INFO     | N/A | ⏳ 等待 Profile 更新任务...
2026-07-12 14:25:16.273 | INFO     | N/A | ⏳ 等待 Profile 更新任务...
2026-07-12 14:25:21.298 | INFO     | N/A | ⏳ 等待 Profile 更新任务...
2026-07-12 14:25:26.319 | INFO     | N/A | ⏳ 等待 Profile 更新任务...
2026-07-12 14:25:31.341 | INFO     | N/A | ⏳ 等待 Profile 更新任务...
2026-07-12 14:25:36.363 | INFO     | N/A | ⏳ 等待 Profile 更新任务...
2026-07-12 14:25:41.385 | INFO     | N/A | ⏳ 等待 Profile 更新任务...
2026-07-12 14:25:46.408 | INFO     | N/A | ⏳ 等待 Profile 更新任务...
2026-07-12 14:25:51.433 | INFO     | N/A | ⏳ 等待 Profile 更新任务...
2026-07-12 14:25:56.454 | INFO     | N/A | ⏳ 等待 Profile 更新任务...
2026-07-12 14:26:01.478 | INFO     | N/A | ⏳ 等待 Profile 更新任务...
2026-07-12 14:26:06.500 | INFO     | N/A | ⏳ 等待 Profile 更新任务...
2026-07-12 14:26:11.521 | INFO     | N/A | ⏳ 等待 Profile 更新任务...
2026-07-12 14:26:16.555 | INFO     | N/A | ⏳ 等待 Profile 更新任务...
2026-07-12 14:26:21.577 | INFO     | N/A | ⏳ 等待 Profile 更新任务...
2026-07-12 14:26:26.597 | INFO     | N/A | ⏳ 等待 Profile 更新任务...
2026-07-12 14:26:31.619 | INFO     | N/A | ⏳ 等待 Profile 更新任务...
2026-07-12 14:26:36.640 | INFO     | N/A | ⏳ 等待 Profile 更新任务...
2026-07-12 14:26:41.665 | INFO     | N/A | ⏳ 等待 Profile 更新任务...
2026-07-12 14:26:46.688 | INFO     | N/A | ⏳ 等待 Profile 更新任务...
2026-07-12 14:26:51.710 | INFO     | N/A | ⏳ 等待 Profile 更新任务...
2026-07-12 14:26:56.734 | INFO     | N/A | ⏳ 等待 Profile 更新任务...
2026-07-12 14:27:01.755 | INFO     | N/A | ⏳ 等待 Profile 更新任务...
2026-07-12 14:27:06.777 | INFO     | N/A | ⏳ 等待 Profile 更新任务...
2026-07-12 14:27:11.800 | INFO     | N/A | ⏳ 等待 Profile 更新任务...
2026-07-12 14:27:16.822 | INFO     | N/A | ⏳ 等待 Profile 更新任务...
2026-07-12 14:27:21.843 | INFO     | N/A | ⏳ 等待 Profile 更新任务...
2026-07-12 14:27:26.866 | INFO     | N/A | ⏳ 等待 Profile 更新任务...
2026-07-12 14:27:31.888 | INFO     | N/A | ⏳ 等待 Profile 更新任务...
2026-07-12 14:27:36.908 | INFO     | N/A | ⏳ 等待 Profile 更新任务...
2026-07-12 14:27:41.932 | INFO     | N/A | ⏳ 等待 Profile 更新任务...
2026-07-12 14:27:46.954 | INFO     | N/A | ⏳ 等待 Profile 更新任务...
2026-07-12 14:27:51.977 | INFO     | N/A | ⏳ 等待 Profile 更新任务...
2026-07-12 14:27:56.998 | INFO     | N/A | ⏳ 等待 Profile 更新任务...
2026-07-12 14:28:02.019 | INFO     | N/A | ⏳ 等待 Profile 更新任务...
2026-07-12 14:28:07.048 | INFO     | N/A | ⏳ 等待 Profile 更新任务...
2026-07-12 14:28:12.070 | INFO     | N/A | ⏳ 等待 Profile 更新任务...
2026-07-12 14:28:17.093 | INFO     | N/A | ⏳ 等待 Profile 更新任务...
2026-07-12 14:28:22.115 | INFO     | N/A | ⏳ 等待 Profile 更新任务...
2026-07-12 14:28:27.139 | INFO     | N/A | ⏳ 等待 Profile 更新任务...
2026-07-12 14:28:32.161 | INFO     | N/A | ⏳ 等待 Profile 更新任务...
2026-07-12 14:28:37.183 | INFO     | N/A | ⏳ 等待 Profile 更新任务...
2026-07-12 14:28:42.210 | INFO     | N/A | ⏳ 等待 Profile 更新任务...
2026-07-12 14:28:47.232 | INFO     | N/A | ⏳ 等待 Profile 更新任务...
2026-07-12 14:28:52.254 | INFO     | N/A | ⏳ 等待 Profile 更新任务...
2026-07-12 14:28:57.276 | INFO     | N/A | ⏳ 等待 Profile 更新任务...
2026-07-12 14:29:02.297 | INFO     | N/A | ⏳ 等待 Profile 更新任务...
2026-07-12 14:29:07.323 | INFO     | N/A | ⏳ 等待 Profile 更新任务...
2026-07-12 14:29:12.345 | INFO     | N/A | ⏳ 等待 Profile 更新任务...
2026-07-12 14:29:17.367 | INFO     | N/A | ⏳ 等待 Profile 更新任务...
2026-07-12 14:29:22.390 | INFO     | N/A | ⏳ 等待 Profile 更新任务...
2026-07-12 14:29:27.414 | INFO     | N/A | ⏳ 等待 Profile 更新任务...
2026-07-12 14:29:32.437 | INFO     | N/A | ⏳ 等待 Profile 更新任务...
2026-07-12 14:29:37.459 | INFO     | N/A | ⏳ 等待 Profile 更新任务...
2026-07-12 14:29:42.485 | INFO     | N/A | ⏳ 等待 Profile 更新任务...
2026-07-12 14:29:47.508 | INFO     | N/A | ⏳ 等待 Profile 更新任务...
2026-07-12 14:29:52.532 | INFO     | N/A | ⏳ 等待 Profile 更新任务...
2026-07-12 14:29:57.554 | INFO     | N/A | ⏳ 等待 Profile 更新任务...
2026-07-12 14:30:02.578 | INFO     | N/A | ⏳ 等待 Profile 更新任务...
2026-07-12 14:30:07.603 | INFO     | N/A | ⏳ 等待 Profile 更新任务...
2026-07-12 14:30:12.626 | INFO     | N/A | ⏳ 等待 Profile 更新任务...
2026-07-12 14:30:17.650 | INFO     | N/A | ⏳ 等待 Profile 更新任务...
2026-07-12 14:30:22.673 | INFO     | N/A | ⏳ 等待 Profile 更新任务...
2026-07-12 14:30:27.695 | INFO     | N/A | ⏳ 等待 Profile 更新任务...
2026-07-12 14:30:32.721 | INFO     | N/A | ⏳ 等待 Profile 更新任务...
2026-07-12 14:30:37.739 | INFO     | N/A | ⏳ 等待 Profile 更新任务...
2026-07-12 14:30:42.770 | INFO     | N/A | ⏳ 等待 Profile 更新任务...
2026-07-12 14:30:47.795 | INFO     | N/A | ⏳ 等待 Profile 更新任务...
2026-07-12 14:30:52.819 | INFO     | N/A | ⏳ 等待 Profile 更新任务...
2026-07-12 14:30:57.845 | INFO     | N/A | ⏳ 等待 Profile 更新任务...
2026-07-12 14:31:02.870 | INFO     | N/A | ⏳ 等待 Profile 更新任务...
2026-07-12 14:31:07.891 | INFO     | N/A | ⏳ 等待 Profile 更新任务...
2026-07-12 14:31:12.915 | INFO     | N/A | ⏳ 等待 Profile 更新任务...
2026-07-12 14:31:17.939 | INFO     | N/A | ⏳ 等待 Profile 更新任务...
2026-07-12 14:31:22.961 | INFO     | N/A | ⏳ 等待 Profile 更新任务...
2026-07-12 14:31:27.984 | INFO     | N/A | ⏳ 等待 Profile 更新任务...
2026-07-12 14:31:33.004 | INFO     | N/A | ⏳ 等待 Profile 更新任务...
2026-07-12 14:31:38.026 | INFO     | N/A | ⏳ 等待 Profile 更新任务...
2026-07-12 14:31:43.053 | INFO     | N/A | ⏳ 等待 Profile 更新任务...
2026-07-12 14:31:48.076 | INFO     | N/A | ⏳ 等待 Profile 更新任务...
2026-07-12 14:31:53.101 | INFO     | N/A | ⏳ 等待 Profile 更新任务...
2026-07-12 14:31:58.124 | INFO     | N/A | ⏳ 等待 Profile 更新任务...
2026-07-12 14:32:03.147 | INFO     | N/A | ⏳ 等待 Profile 更新任务...
2026-07-12 14:32:08.170 | INFO     | N/A | ⏳ 等待 Profile 更新任务...
2026-07-12 14:32:13.191 | INFO     | N/A | ⏳ 等待 Profile 更新任务...
2026-07-12 14:32:18.214 | INFO     | N/A | ⏳ 等待 Profile 更新任务...
2026-07-12 14:32:23.238 | INFO     | N/A | ⏳ 等待 Profile 更新任务...
2026-07-12 14:32:28.261 | INFO     | N/A | ⏳ 等待 Profile 更新任务...
2026-07-12 14:32:33.282 | INFO     | N/A | ⏳ 等待 Profile 更新任务...
2026-07-12 14:32:38.302 | INFO     | N/A | ⏳ 等待 Profile 更新任务...
2026-07-12 14:32:43.325 | INFO     | N/A | ⏳ 等待 Profile 更新任务...
2026-07-12 14:32:48.348 | INFO     | N/A | ⏳ 等待 Profile 更新任务...
2026-07-12 14:32:53.370 | INFO     | N/A | ⏳ 等待 Profile 更新任务...
2026-07-12 14:32:58.392 | INFO     | N/A | ⏳ 等待 Profile 更新任务...
2026-07-12 14:33:03.413 | INFO     | N/A | ⏳ 等待 Profile 更新任务...
2026-07-12 14:33:08.440 | INFO     | N/A | ⏳ 等待 Profile 更新任务...
2026-07-12 14:33:13.459 | INFO     | N/A | ⏳ 等待 Profile 更新任务...
2026-07-12 14:33:18.478 | INFO     | N/A | ⏳ 等待 Profile 更新任务...
2026-07-12 14:33:23.499 | INFO     | N/A | ⏳ 等待 Profile 更新任务...
2026-07-12 14:33:28.520 | INFO     | N/A | ⏳ 等待 Profile 更新任务...
2026-07-12 14:33:33.542 | INFO     | N/A | ⏳ 等待 Profile 更新任务...
2026-07-12 14:33:38.563 | INFO     | N/A | ⏳ 等待 Profile 更新任务...
2026-07-12 14:33:43.605 | INFO     | N/A | ⏳ 等待 Profile 更新任务...
2026-07-12 14:33:48.630 | INFO     | N/A | ⏳ 等待 Profile 更新任务...
2026-07-12 14:33:53.653 | INFO     | N/A | ⏳ 等待 Profile 更新任务...
2026-07-12 14:33:58.676 | INFO     | N/A | ⏳ 等待 Profile 更新任务...
2026-07-12 14:34:03.701 | INFO     | N/A | ⏳ 等待 Profile 更新任务...
2026-07-12 14:34:08.723 | INFO     | N/A | ⏳ 等待 Profile 更新任务...
2026-07-12 14:34:13.748 | INFO     | N/A | ⏳ 等待 Profile 更新任务...
2026-07-12 14:34:18.771 | INFO     | N/A | ⏳ 等待 Profile 更新任务...
2026-07-12 14:34:23.795 | INFO     | N/A | ⏳ 等待 Profile 更新任务...
2026-07-12 14:34:28.819 | INFO     | N/A | ⏳ 等待 Profile 更新任务...
2026-07-12 14:34:33.836 | INFO     | N/A | ⏳ 等待 Profile 更新任务...
2026-07-12 14:34:38.856 | INFO     | N/A | ⏳ 等待 Profile 更新任务...
2026-07-12 14:34:43.876 | INFO     | N/A | ⏳ 等待 Profile 更新任务...
2026-07-12 14:34:48.898 | INFO     | N/A | ⏳ 等待 Profile 更新任务...
2026-07-12 14:34:53.922 | INFO     | N/A | ⏳ 等待 Profile 更新任务...
2026-07-12 14:34:58.943 | INFO     | N/A | ⏳ 等待 Profile 更新任务...
2026-07-12 14:35:03.965 | INFO     | N/A | ⏳ 等待 Profile 更新任务...
2026-07-12 14:35:08.985 | INFO     | N/A | ⏳ 等待 Profile 更新任务...
2026-07-12 14:35:14.005 | INFO     | N/A | ⏳ 等待 Profile 更新任务...
2026-07-12 14:35:19.028 | INFO     | N/A | ⏳ 等待 Profile 更新任务...
2026-07-12 14:35:24.050 | INFO     | N/A | ⏳ 等待 Profile 更新任务...
2026-07-12 14:35:29.072 | INFO     | N/A | ⏳ 等待 Profile 更新任务...
2026-07-12 14:35:34.095 | INFO     | N/A | ⏳ 等待 Profile 更新任务...
2026-07-12 14:35:39.117 | INFO     | N/A | ⏳ 等待 Profile 更新任务...
2026-07-12 14:35:44.147 | INFO     | N/A | ⏳ 等待 Profile 更新任务...
2026-07-12 14:35:49.173 | INFO     | N/A | ⏳ 等待 Profile 更新任务...
2026-07-12 14:35:54.195 | INFO     | N/A | ⏳ 等待 Profile 更新任务...
2026-07-12 14:35:59.218 | INFO     | N/A | ⏳ 等待 Profile 更新任务...
2026-07-12 14:36:04.240 | INFO     | N/A | ⏳ 等待 Profile 更新任务...
2026-07-12 14:36:09.261 | INFO     | N/A | ⏳ 等待 Profile 更新任务...
2026-07-12 14:36:14.284 | INFO     | N/A | ⏳ 等待 Profile 更新任务...
2026-07-12 14:36:19.306 | INFO     | N/A | ⏳ 等待 Profile 更新任务...
2026-07-12 14:36:24.329 | INFO     | N/A | ⏳ 等待 Profile 更新任务...
2026-07-12 14:36:29.350 | INFO     | N/A | ⏳ 等待 Profile 更新任务...
2026-07-12 14:36:34.374 | INFO     | N/A | ⏳ 等待 Profile 更新任务...
2026-07-12 14:36:39.398 | INFO     | N/A | ⏳ 等待 Profile 更新任务...
2026-07-12 14:36:44.418 | INFO     | N/A | ⏳ 等待 Profile 更新任务...
2026-07-12 14:36:49.441 | INFO     | N/A | ⏳ 等待 Profile 更新任务...
2026-07-12 14:36:54.462 | INFO     | N/A | ⏳ 等待 Profile 更新任务...
2026-07-12 14:36:59.485 | INFO     | N/A | ⏳ 等待 Profile 更新任务...
2026-07-12 14:37:04.539 | INFO     | N/A | ⏳ 等待 Profile 更新任务...
2026-07-12 14:37:09.563 | INFO     | N/A | ⏳ 等待 Profile 更新任务...
2026-07-12 14:37:14.584 | INFO     | N/A | ⏳ 等待 Profile 更新任务...
2026-07-12 14:37:19.609 | INFO     | N/A | ⏳ 等待 Profile 更新任务...
2026-07-12 14:37:24.634 | INFO     | N/A | ⏳ 等待 Profile 更新任务...
2026-07-12 14:37:29.665 | INFO     | N/A | ⏳ 等待 Profile 更新任务...
2026-07-12 14:37:34.701 | INFO     | N/A | ⏳ 等待 Profile 更新任务...
2026-07-12 14:37:39.744 | INFO     | N/A | ⏳ 等待 Profile 更新任务...
2026-07-12 14:37:44.774 | INFO     | N/A | ⏳ 等待 Profile 更新任务...
2026-07-12 14:37:49.805 | INFO     | N/A | ⏳ 等待 Profile 更新任务...
2026-07-12 14:37:54.836 | INFO     | N/A | ⏳ 等待 Profile 更新任务...
2026-07-12 14:37:59.868 | INFO     | N/A | ⏳ 等待 Profile 更新任务...
2026-07-12 14:38:04.897 | INFO     | N/A | ⏳ 等待 Profile 更新任务...
2026-07-12 14:38:09.926 | INFO     | N/A | ⏳ 等待 Profile 更新任务...
2026-07-12 14:38:14.957 | INFO     | N/A | ⏳ 等待 Profile 更新任务...
2026-07-12 14:38:19.987 | INFO     | N/A | ⏳ 等待 Profile 更新任务...
2026-07-12 14:38:25.020 | INFO     | N/A | ⏳ 等待 Profile 更新任务...
2026-07-12 14:38:30.057 | INFO     | N/A | ⏳ 等待 Profile 更新任务...
2026-07-12 14:38:35.090 | INFO     | N/A | ⏳ 等待 Profile 更新任务...
2026-07-12 14:38:40.118 | INFO     | N/A | ⏳ 等待 Profile 更新任务...
2026-07-12 14:38:45.158 | INFO     | N/A | ⏳ 等待 Profile 更新任务...
2026-07-12 14:38:50.192 | INFO     | N/A | ⏳ 等待 Profile 更新任务...
2026-07-12 14:38:55.228 | INFO     | N/A | ⏳ 等待 Profile 更新任务...
2026-07-12 14:38:59.949 | INFO     | N/A | 📦 取出任务: user_id=1
2026-07-12 14:39:03.377 | INFO     | N/A | LLM 偏好提取结果: {'dietary_restrictions': ['不吃辣', '素食'], 'preferred_foods': [], 'accommodation_preference': '舒适型', 'travel_style': ['文化游']}
2026-07-12 14:39:03.402 | INFO     | N/A | ✅ Profile 更新成功: user_id=1, profile={'preferred_destinations': ['北京', '桂林', '杭州', '上海', '海南', '济南', '淄博', '清远', '广州', '青岛', '茂名', '茂名高州'], 'preferred_budgets': ['未指定', '中等', '宽裕'], 'preferred_paces': ['适中'], 'travel_style': ['文化游'], 'last_updated': '2026-07-12T14:39:03.381226', 'preferred_foods': ['桂林米粉', '啤酒鱼', '龙井虾仁', '知味观糕点', '海鲜'], 'dietary_restrictions': ['素食', '不吃辣'], 'accommodation_preference': '舒适型'}
2026-07-12 14:39:03.407 | INFO     | N/A | 
╔════════════════════════════════════════╗
║  ✅ Profile 更新完成。                   ║
║  用户ID: 1                                             ║
║  目的地: 广州                          。                    ║
╚════════════════════════════════════════╝
2026-07-12 14:39:03.411 | INFO     | N/A | ⏳ 等待 Profile 更新任务...
2026-07-12 14:39:08.425 | INFO     | N/A | ⏳ 等待 Profile 更新任务...
2026-07-12 14:39:13.465 | INFO     | N/A | ⏳ 等待 Profile 更新任务...
2026-07-12 14:39:18.497 | INFO     | N/A | ⏳ 等待 Profile 更新任务...
2026-07-12 14:39:23.523 | INFO     | N/A | ⏳ 等待 Profile 更新任务...
2026-07-12 14:39:28.556 | INFO     | N/A | ⏳ 等待 Profile 更新任务...
2026-07-12 14:39:33.592 | INFO     | N/A | ⏳ 等待 Profile 更新任务...
2026-07-12 14:39:38.625 | INFO     | N/A | ⏳ 等待 Profile 更新任务...
2026-07-12 14:39:43.658 | INFO     | N/A | ⏳ 等待 Profile 更新任务...
2026-07-12 14:39:48.697 | INFO     | N/A | ⏳ 等待 Profile 更新任务...
2026-07-12 14:39:53.732 | INFO     | N/A | ⏳ 等待 Profile 更新任务...
2026-07-12 14:39:58.811 | INFO     | N/A | ⏳ 等待 Profile 更新任务...
2026-07-12 14:40:03.841 | INFO     | N/A | ⏳ 等待 Profile 更新任务...
2026-07-12 14:40:08.871 | INFO     | N/A | ⏳ 等待 Profile 更新任务...
2026-07-12 14:40:13.921 | INFO     | N/A | ⏳ 等待 Profile 更新任务...
2026-07-12 14:40:18.951 | INFO     | N/A | ⏳ 等待 Profile 更新任务...
2026-07-12 14:40:23.975 | INFO     | N/A | ⏳ 等待 Profile 更新任务...
2026-07-12 14:40:29.010 | INFO     | N/A | ⏳ 等待 Profile 更新任务...
2026-07-12 14:40:34.036 | INFO     | N/A | ⏳ 等待 Profile 更新任务...
2026-07-12 14:40:39.062 | INFO     | N/A | ⏳ 等待 Profile 更新任务...
2026-07-12 14:40:44.088 | INFO     | N/A | ⏳ 等待 Profile 更新任务...
2026-07-12 14:40:49.187 | INFO     | N/A | ⏳ 等待 Profile 更新任务...
2026-07-12 14:40:54.236 | INFO     | N/A | ⏳ 等待 Profile 更新任务...
2026-07-12 14:40:59.289 | INFO     | N/A | ⏳ 等待 Profile 更新任务...
2026-07-12 14:41:04.324 | INFO     | N/A | ⏳ 等待 Profile 更新任务...
2026-07-12 14:41:09.361 | INFO     | N/A | ⏳ 等待 Profile 更新任务...
2026-07-12 14:41:14.410 | INFO     | N/A | ⏳ 等待 Profile 更新任务...
2026-07-12 14:41:19.442 | INFO     | N/A | ⏳ 等待 Profile 更新任务...
2026-07-12 14:41:24.470 | INFO     | N/A | ⏳ 等待 Profile 更新任务...
2026-07-12 14:41:29.497 | INFO     | N/A | ⏳ 等待 Profile 更新任务...
2026-07-12 14:41:34.529 | INFO     | N/A | ⏳ 等待 Profile 更新任务...
2026-07-12 14:41:39.553 | INFO     | N/A | ⏳ 等待 Profile 更新任务...
2026-07-12 14:41:44.635 | INFO     | N/A | ⏳ 等待 Profile 更新任务...
2026-07-12 14:41:49.659 | INFO     | N/A | ⏳ 等待 Profile 更新任务...
2026-07-12 14:41:54.695 | INFO     | N/A | ⏳ 等待 Profile 更新任务...
2026-07-12 14:41:59.737 | INFO     | N/A | ⏳ 等待 Profile 更新任务...
2026-07-12 14:42:04.772 | INFO     | N/A | ⏳ 等待 Profile 更新任务...
2026-07-12 14:42:09.801 | INFO     | N/A | ⏳ 等待 Profile 更新任务...
2026-07-12 14:42:14.830 | INFO     | N/A | ⏳ 等待 Profile 更新任务...
2026-07-12 14:42:19.856 | INFO     | N/A | ⏳ 等待 Profile 更新任务...
2026-07-12 14:42:24.884 | INFO     | N/A | ⏳ 等待 Profile 更新任务...
2026-07-12 14:42:29.916 | INFO     | N/A | ⏳ 等待 Profile 更新任务...
2026-07-12 14:42:34.989 | INFO     | N/A | ⏳ 等待 Profile 更新任务...
2026-07-12 14:42:40.024 | INFO     | N/A | ⏳ 等待 Profile 更新任务...
2026-07-12 14:42:45.029 | INFO     | N/A | ⏳ 等待 Profile 更新任务...
2026-07-12 14:42:50.044 | INFO     | N/A | ⏳ 等待 Profile 更新任务...
2026-07-12 14:42:55.283 | INFO     | N/A | ⏳ 等待 Profile 更新任务...
2026-07-12 14:43:00.312 | INFO     | N/A | ⏳ 等待 Profile 更新任务...
2026-07-12 14:43:05.340 | INFO     | N/A | ⏳ 等待 Profile 更新任务...
2026-07-12 14:43:10.383 | INFO     | N/A | ⏳ 等待 Profile 更新任务...
2026-07-12 14:43:15.413 | INFO     | N/A | ⏳ 等待 Profile 更新任务...
2026-07-12 14:43:20.436 | INFO     | N/A | ⏳ 等待 Profile 更新任务...
2026-07-12 14:43:25.507 | INFO     | N/A | ⏳ 等待 Profile 更新任务...
2026-07-12 14:43:30.533 | INFO     | N/A | ⏳ 等待 Profile 更新任务...
2026-07-12 14:43:35.566 | INFO     | N/A | ⏳ 等待 Profile 更新任务...
2026-07-12 14:43:40.593 | INFO     | N/A | ⏳ 等待 Profile 更新任务...
2026-07-12 14:43:45.684 | INFO     | N/A | ⏳ 等待 Profile 更新任务...
2026-07-12 14:43:50.711 | INFO     | N/A | ⏳ 等待 Profile 更新任务...
2026-07-12 14:43:55.744 | INFO     | N/A | ⏳ 等待 Profile 更新任务...
2026-07-12 14:44:00.771 | INFO     | N/A | ⏳ 等待 Profile 更新任务...
2026-07-12 14:44:05.852 | INFO     | N/A | ⏳ 等待 Profile 更新任务...
2026-07-12 14:44:10.883 | INFO     | N/A | ⏳ 等待 Profile 更新任务...
2026-07-12 14:44:15.919 | INFO     | N/A | ⏳ 等待 Profile 更新任务...
2026-07-12 14:44:20.942 | INFO     | N/A | ⏳ 等待 Profile 更新任务...
2026-07-12 14:44:25.975 | INFO     | N/A | ⏳ 等待 Profile 更新任务...
2026-07-12 14:44:31.027 | INFO     | N/A | ⏳ 等待 Profile 更新任务...
2026-07-12 14:44:36.062 | INFO     | N/A | ⏳ 等待 Profile 更新任务...
2026-07-12 14:44:41.101 | INFO     | N/A | ⏳ 等待 Profile 更新任务...
2026-07-12 14:44:46.134 | INFO     | N/A | ⏳ 等待 Profile 更新任务...
2026-07-12 14:44:51.166 | INFO     | N/A | ⏳ 等待 Profile 更新任务...
2026-07-12 14:44:56.201 | INFO     | N/A | ⏳ 等待 Profile 更新任务...
2026-07-12 14:45:01.232 | INFO     | N/A | ⏳ 等待 Profile 更新任务...
2026-07-12 14:45:06.261 | INFO     | N/A | ⏳ 等待 Profile 更新任务...
2026-07-12 14:45:11.292 | INFO     | N/A | ⏳ 等待 Profile 更新任务...
2026-07-12 14:45:16.325 | INFO     | N/A | ⏳ 等待 Profile 更新任务...
2026-07-12 14:45:21.354 | INFO     | N/A | ⏳ 等待 Profile 更新任务...
2026-07-12 14:45:26.381 | INFO     | N/A | ⏳ 等待 Profile 更新任务...
2026-07-12 14:45:31.407 | INFO     | N/A | ⏳ 等待 Profile 更新任务...
2026-07-12 14:45:36.447 | INFO     | N/A | ⏳ 等待 Profile 更新任务...
2026-07-12 14:45:41.470 | INFO     | N/A | ⏳ 等待 Profile 更新任务...
2026-07-12 14:45:46.512 | INFO     | N/A | ⏳ 等待 Profile 更新任务...
2026-07-12 14:45:51.540 | INFO     | N/A | ⏳ 等待 Profile 更新任务...
2026-07-12 14:45:56.642 | INFO     | N/A | ⏳ 等待 Profile 更新任务...
2026-07-12 14:46:01.674 | INFO     | N/A | ⏳ 等待 Profile 更新任务...
2026-07-12 14:46:06.712 | INFO     | N/A | ⏳ 等待 Profile 更新任务...
2026-07-12 14:46:11.749 | INFO     | N/A | ⏳ 等待 Profile 更新任务...
2026-07-12 14:46:16.792 | INFO     | N/A | ⏳ 等待 Profile 更新任务...
2026-07-12 14:46:21.824 | INFO     | N/A | ⏳ 等待 Profile 更新任务...
2026-07-12 14:46:26.855 | INFO     | N/A | ⏳ 等待 Profile 更新任务...
2026-07-12 14:46:31.886 | INFO     | N/A | ⏳ 等待 Profile 更新任务...
2026-07-12 14:46:36.918 | INFO     | N/A | ⏳ 等待 Profile 更新任务...
2026-07-12 14:46:41.949 | INFO     | N/A | ⏳ 等待 Profile 更新任务...
2026-07-12 14:46:46.982 | INFO     | N/A | ⏳ 等待 Profile 更新任务...
2026-07-12 14:46:52.014 | INFO     | N/A | ⏳ 等待 Profile 更新任务...
2026-07-12 14:46:57.048 | INFO     | N/A | ⏳ 等待 Profile 更新任务...
2026-07-12 14:47:02.082 | INFO     | N/A | ⏳ 等待 Profile 更新任务...
2026-07-12 14:47:07.120 | INFO     | N/A | ⏳ 等待 Profile 更新任务...
2026-07-12 14:47:12.153 | INFO     | N/A | ⏳ 等待 Profile 更新任务...
2026-07-12 14:47:17.187 | INFO     | N/A | ⏳ 等待 Profile 更新任务...
2026-07-12 14:47:22.228 | INFO     | N/A | ⏳ 等待 Profile 更新任务...
2026-07-12 14:47:27.259 | INFO     | N/A | ⏳ 等待 Profile 更新任务...
2026-07-12 14:47:32.294 | INFO     | N/A | ⏳ 等待 Profile 更新任务...
2026-07-12 14:47:37.397 | INFO     | N/A | ⏳ 等待 Profile 更新任务...
2026-07-12 14:47:42.429 | INFO     | N/A | ⏳ 等待 Profile 更新任务...
2026-07-12 14:47:43.297 | INFO     | N/A | 📦 取出任务: user_id=1
2026-07-12 14:47:46.671 | INFO     | N/A | LLM 偏好提取结果: {'dietary_restrictions': ['不吃辣', '素食'], 'preferred_foods': [], 'accommodation_preference': '', 'travel_style': ['文化游']}
2026-07-12 14:47:46.678 | INFO     | N/A | ✅ Profile 更新成功: user_id=1, profile={'preferred_destinations': ['北京', '桂林', '杭州', '上海', '海南', '济南', '淄博', '清远', '广州', '青岛', '茂名', '茂名高州'], 'preferred_budgets': ['未指定', '中等', '宽裕'], 'preferred_paces': ['适中'], 'travel_style': ['文化游'], 'last_updated': '2026-07-12T14:47:46.673788', 'preferred_foods': ['桂林米粉', '啤酒鱼', '龙井虾仁', '知味观糕点', '海鲜'], 'dietary_restrictions': ['素食', '不吃辣'], 'accommodation_preference': '舒适型'}
2026-07-12 14:47:46.681 | INFO     | N/A | 
╔════════════════════════════════════════╗
║  ✅ Profile 更新完成。                   ║
║  用户ID: 1                                             ║
║  目的地: 广州                          。                    ║
╚════════════════════════════════════════╝
2026-07-12 14:47:46.683 | INFO     | N/A | ⏳ 等待 Profile 更新任务...
2026-07-12 14:47:51.715 | INFO     | N/A | ⏳ 等待 Profile 更新任务...
2026-07-12 14:47:56.751 | INFO     | N/A | ⏳ 等待 Profile 更新任务...
2026-07-12 14:48:01.779 | INFO     | N/A | ⏳ 等待 Profile 更新任务...
2026-07-12 14:48:06.812 | INFO     | N/A | ⏳ 等待 Profile 更新任务...
2026-07-12 14:48:11.845 | INFO     | N/A | ⏳ 等待 Profile 更新任务...
2026-07-12 14:48:16.881 | INFO     | N/A | ⏳ 等待 Profile 更新任务...
2026-07-12 14:48:21.910 | INFO     | N/A | ⏳ 等待 Profile 更新任务...
2026-07-12 14:48:26.942 | INFO     | N/A | ⏳ 等待 Profile 更新任务...
2026-07-12 14:48:31.978 | INFO     | N/A | ⏳ 等待 Profile 更新任务...
2026-07-12 14:48:37.015 | INFO     | N/A | ⏳ 等待 Profile 更新任务...
2026-07-12 14:48:42.046 | INFO     | N/A | ⏳ 等待 Profile 更新任务...
2026-07-12 14:48:47.092 | INFO     | N/A | ⏳ 等待 Profile 更新任务...
2026-07-12 14:48:52.123 | INFO     | N/A | ⏳ 等待 Profile 更新任务...
2026-07-12 14:48:57.163 | INFO     | N/A | ⏳ 等待 Profile 更新任务...
2026-07-12 14:49:02.195 | INFO     | N/A | ⏳ 等待 Profile 更新任务...
2026-07-12 14:49:07.228 | INFO     | N/A | ⏳ 等待 Profile 更新任务...
2026-07-12 14:49:12.301 | INFO     | N/A | ⏳ 等待 Profile 更新任务...
2026-07-12 14:49:17.390 | INFO     | N/A | ⏳ 等待 Profile 更新任务...
2026-07-12 14:49:22.414 | INFO     | N/A | ⏳ 等待 Profile 更新任务...
2026-07-12 14:49:27.422 | INFO     | N/A | ⏳ 等待 Profile 更新任务...
2026-07-12 14:49:32.444 | INFO     | N/A | ⏳ 等待 Profile 更新任务...
2026-07-12 14:49:37.477 | INFO     | N/A | ⏳ 等待 Profile 更新任务...
2026-07-12 14:49:42.516 | INFO     | N/A | ⏳ 等待 Profile 更新任务...
2026-07-12 14:49:47.549 | INFO     | N/A | ⏳ 等待 Profile 更新任务...
2026-07-12 14:49:52.578 | INFO     | N/A | ⏳ 等待 Profile 更新任务...
2026-07-12 14:49:57.613 | INFO     | N/A | ⏳ 等待 Profile 更新任务...
2026-07-12 14:50:02.646 | INFO     | N/A | ⏳ 等待 Profile 更新任务...
2026-07-12 14:50:07.691 | INFO     | N/A | ⏳ 等待 Profile 更新任务...
2026-07-12 14:50:12.795 | INFO     | N/A | ⏳ 等待 Profile 更新任务...
2026-07-12 14:50:17.858 | INFO     | N/A | ⏳ 等待 Profile 更新任务...
2026-07-12 14:50:22.934 | INFO     | N/A | ⏳ 等待 Profile 更新任务...
2026-07-12 14:50:27.961 | INFO     | N/A | ⏳ 等待 Profile 更新任务...
2026-07-12 14:50:32.997 | INFO     | N/A | ⏳ 等待 Profile 更新任务...
2026-07-12 14:50:38.021 | INFO     | N/A | ⏳ 等待 Profile 更新任务...
2026-07-12 14:50:43.047 | INFO     | N/A | ⏳ 等待 Profile 更新任务...
2026-07-12 14:50:48.081 | INFO     | N/A | ⏳ 等待 Profile 更新任务...
2026-07-12 14:50:53.112 | INFO     | N/A | ⏳ 等待 Profile 更新任务...
2026-07-12 14:50:58.139 | INFO     | N/A | ⏳ 等待 Profile 更新任务...
2026-07-12 14:51:03.166 | INFO     | N/A | ⏳ 等待 Profile 更新任务...
2026-07-12 14:51:08.193 | INFO     | N/A | ⏳ 等待 Profile 更新任务...
2026-07-12 14:51:13.246 | INFO     | N/A | ⏳ 等待 Profile 更新任务...
2026-07-12 14:51:18.275 | INFO     | N/A | ⏳ 等待 Profile 更新任务...
2026-07-12 14:51:23.311 | INFO     | N/A | ⏳ 等待 Profile 更新任务...
2026-07-12 14:51:28.345 | INFO     | N/A | ⏳ 等待 Profile 更新任务...
2026-07-12 14:51:33.378 | INFO     | N/A | ⏳ 等待 Profile 更新任务...
2026-07-12 14:51:38.413 | INFO     | N/A | ⏳ 等待 Profile 更新任务...
2026-07-12 14:51:43.458 | INFO     | N/A | ⏳ 等待 Profile 更新任务...
2026-07-12 14:51:48.498 | INFO     | N/A | ⏳ 等待 Profile 更新任务...
2026-07-12 14:51:53.538 | INFO     | N/A | ⏳ 等待 Profile 更新任务...
2026-07-12 14:51:58.628 | INFO     | N/A | ⏳ 等待 Profile 更新任务...
2026-07-12 14:52:03.668 | INFO     | N/A | ⏳ 等待 Profile 更新任务...
2026-07-12 14:52:08.697 | INFO     | N/A | ⏳ 等待 Profile 更新任务...
2026-07-12 14:52:13.731 | INFO     | N/A | ⏳ 等待 Profile 更新任务...
2026-07-12 14:52:18.774 | INFO     | N/A | ⏳ 等待 Profile 更新任务...
2026-07-12 14:52:23.807 | INFO     | N/A | ⏳ 等待 Profile 更新任务...
2026-07-12 14:52:28.841 | INFO     | N/A | ⏳ 等待 Profile 更新任务...
2026-07-12 14:52:33.872 | INFO     | N/A | ⏳ 等待 Profile 更新任务...
2026-07-12 14:52:38.904 | INFO     | N/A | ⏳ 等待 Profile 更新任务...
2026-07-12 14:52:43.939 | INFO     | N/A | ⏳ 等待 Profile 更新任务...
2026-07-12 14:52:48.970 | INFO     | N/A | ⏳ 等待 Profile 更新任务...
2026-07-12 14:52:54.002 | INFO     | N/A | ⏳ 等待 Profile 更新任务...
2026-07-12 14:52:59.035 | INFO     | N/A | ⏳ 等待 Profile 更新任务...
2026-07-12 14:53:04.069 | INFO     | N/A | ⏳ 等待 Profile 更新任务...
2026-07-12 14:53:09.100 | INFO     | N/A | ⏳ 等待 Profile 更新任务...
2026-07-12 14:53:14.129 | INFO     | N/A | ⏳ 等待 Profile 更新任务...
2026-07-12 14:53:19.169 | INFO     | N/A | ⏳ 等待 Profile 更新任务...
2026-07-12 14:53:24.202 | INFO     | N/A | ⏳ 等待 Profile 更新任务...
2026-07-12 14:53:29.236 | INFO     | N/A | ⏳ 等待 Profile 更新任务...
2026-07-12 14:53:34.265 | INFO     | N/A | ⏳ 等待 Profile 更新任务...
2026-07-12 14:53:35.634 | INFO     | N/A | 📦 取出任务: user_id=1
2026-07-12 14:53:38.764 | INFO     | N/A | LLM 偏好提取结果: {'dietary_restrictions': ['不吃辣', '素食'], 'preferred_foods': [], 'accommodation_preference': '', 'travel_style': ['文化游']}
2026-07-12 14:53:38.768 | INFO     | N/A | ✅ Profile 更新成功: user_id=1, profile={'preferred_destinations': ['北京', '桂林', '杭州', '上海', '海南', '济南', '淄博', '清远', '广州', '青岛', '茂名', '茂名高州'], 'preferred_budgets': ['未指定', '中等', '宽裕'], 'preferred_paces': ['适中'], 'travel_style': ['文化游'], 'last_updated': '2026-07-12T14:53:38.765648', 'preferred_foods': ['桂林米粉', '啤酒鱼', '龙井虾仁', '知味观糕点', '海鲜'], 'dietary_restrictions': ['素食', '不吃辣'], 'accommodation_preference': '舒适型'}
2026-07-12 14:53:38.769 | INFO     | N/A | 
╔════════════════════════════════════════╗
║  ✅ Profile 更新完成。                   ║
║  用户ID: 1                                             ║
║  目的地: 广州                          。                    ║
╚════════════════════════════════════════╝
2026-07-12 14:53:38.770 | INFO     | N/A | ⏳ 等待 Profile 更新任务...
2026-07-12 14:53:43.874 | INFO     | N/A | ⏳ 等待 Profile 更新任务...
2026-07-12 14:53:48.962 | INFO     | N/A | ⏳ 等待 Profile 更新任务...
2026-07-12 14:53:53.987 | INFO     | N/A | ⏳ 等待 Profile 更新任务...
2026-07-12 14:53:59.012 | INFO     | N/A | ⏳ 等待 Profile 更新任务...
2026-07-12 14:54:04.039 | INFO     | N/A | ⏳ 等待 Profile 更新任务...
2026-07-12 14:54:09.065 | INFO     | N/A | ⏳ 等待 Profile 更新任务...
2026-07-12 14:54:14.096 | INFO     | N/A | ⏳ 等待 Profile 更新任务...
2026-07-12 14:54:19.121 | INFO     | N/A | ⏳ 等待 Profile 更新任务...
2026-07-12 14:54:24.146 | INFO     | N/A | ⏳ 等待 Profile 更新任务...
2026-07-12 14:54:29.177 | INFO     | N/A | ⏳ 等待 Profile 更新任务...
2026-07-12 14:54:34.204 | INFO     | N/A | ⏳ 等待 Profile 更新任务...
2026-07-12 14:54:39.231 | INFO     | N/A | ⏳ 等待 Profile 更新任务...
2026-07-12 14:54:44.259 | INFO     | N/A | ⏳ 等待 Profile 更新任务...
2026-07-12 14:54:49.324 | INFO     | N/A | ⏳ 等待 Profile 更新任务...
2026-07-12 14:54:54.357 | INFO     | N/A | ⏳ 等待 Profile 更新任务...
2026-07-12 14:54:59.391 | INFO     | N/A | ⏳ 等待 Profile 更新任务...
2026-07-12 14:55:04.420 | INFO     | N/A | ⏳ 等待 Profile 更新任务...
2026-07-12 14:55:09.445 | INFO     | N/A | ⏳ 等待 Profile 更新任务...
2026-07-12 14:55:14.545 | INFO     | N/A | ⏳ 等待 Profile 更新任务...
2026-07-12 14:55:19.577 | INFO     | N/A | ⏳ 等待 Profile 更新任务...
2026-07-12 14:55:24.604 | INFO     | N/A | ⏳ 等待 Profile 更新任务...
2026-07-12 14:55:29.631 | INFO     | N/A | ⏳ 等待 Profile 更新任务...
2026-07-12 14:55:34.661 | INFO     | N/A | ⏳ 等待 Profile 更新任务...
2026-07-12 14:55:39.689 | INFO     | N/A | ⏳ 等待 Profile 更新任务...
2026-07-12 14:55:44.721 | INFO     | N/A | ⏳ 等待 Profile 更新任务...
2026-07-12 14:55:49.753 | INFO     | N/A | ⏳ 等待 Profile 更新任务...
2026-07-12 14:55:54.786 | INFO     | N/A | ⏳ 等待 Profile 更新任务...
2026-07-12 14:55:59.818 | INFO     | N/A | ⏳ 等待 Profile 更新任务...
2026-07-12 14:56:04.849 | INFO     | N/A | ⏳ 等待 Profile 更新任务...
2026-07-12 14:56:09.924 | INFO     | N/A | ⏳ 等待 Profile 更新任务...
2026-07-12 14:56:14.971 | INFO     | N/A | ⏳ 等待 Profile 更新任务...
2026-07-12 14:56:20.006 | INFO     | N/A | ⏳ 等待 Profile 更新任务...
2026-07-12 14:56:25.037 | INFO     | N/A | ⏳ 等待 Profile 更新任务...
2026-07-12 14:56:30.069 | INFO     | N/A | ⏳ 等待 Profile 更新任务...
2026-07-12 14:56:35.102 | INFO     | N/A | ⏳ 等待 Profile 更新任务...
2026-07-12 14:56:40.137 | INFO     | N/A | ⏳ 等待 Profile 更新任务...
2026-07-12 14:56:45.169 | INFO     | N/A | ⏳ 等待 Profile 更新任务...
2026-07-12 14:56:50.201 | INFO     | N/A | ⏳ 等待 Profile 更新任务...
2026-07-12 14:56:55.233 | INFO     | N/A | ⏳ 等待 Profile 更新任务...
2026-07-12 14:57:00.269 | INFO     | N/A | ⏳ 等待 Profile 更新任务...
2026-07-12 14:57:05.307 | INFO     | N/A | ⏳ 等待 Profile 更新任务...
2026-07-12 14:57:10.375 | INFO     | N/A | ⏳ 等待 Profile 更新任务...
2026-07-12 14:57:15.408 | INFO     | N/A | ⏳ 等待 Profile 更新任务...
2026-07-12 14:57:20.465 | INFO     | N/A | ⏳ 等待 Profile 更新任务...
2026-07-12 14:57:25.498 | INFO     | N/A | ⏳ 等待 Profile 更新任务...
2026-07-12 14:57:30.531 | INFO     | N/A | ⏳ 等待 Profile 更新任务...
2026-07-12 14:57:35.565 | INFO     | N/A | ⏳ 等待 Profile 更新任务...
2026-07-12 14:57:40.601 | INFO     | N/A | ⏳ 等待 Profile 更新任务...
2026-07-12 14:57:45.632 | INFO     | N/A | ⏳ 等待 Profile 更新任务...
2026-07-12 14:57:50.661 | INFO     | N/A | ⏳ 等待 Profile 更新任务...
2026-07-12 14:57:55.695 | INFO     | N/A | ⏳ 等待 Profile 更新任务...
2026-07-12 14:58:00.731 | INFO     | N/A | ⏳ 等待 Profile 更新任务...
2026-07-12 14:58:05.765 | INFO     | N/A | ⏳ 等待 Profile 更新任务...
2026-07-12 14:58:10.795 | INFO     | N/A | ⏳ 等待 Profile 更新任务...
2026-07-12 14:58:15.825 | INFO     | N/A | ⏳ 等待 Profile 更新任务...
2026-07-12 14:58:20.858 | INFO     | N/A | ⏳ 等待 Profile 更新任务...
2026-07-12 14:58:25.891 | INFO     | N/A | ⏳ 等待 Profile 更新任务...
2026-07-12 14:58:30.921 | INFO     | N/A | ⏳ 等待 Profile 更新任务...
2026-07-12 14:58:35.954 | INFO     | N/A | ⏳ 等待 Profile 更新任务...
2026-07-12 14:58:41.015 | INFO     | N/A | ⏳ 等待 Profile 更新任务...
2026-07-12 14:58:46.046 | INFO     | N/A | ⏳ 等待 Profile 更新任务...
2026-07-12 14:58:51.082 | INFO     | N/A | ⏳ 等待 Profile 更新任务...
2026-07-12 14:58:56.122 | INFO     | N/A | ⏳ 等待 Profile 更新任务...
2026-07-12 14:59:01.152 | INFO     | N/A | ⏳ 等待 Profile 更新任务...
2026-07-12 14:59:06.190 | INFO     | N/A | ⏳ 等待 Profile 更新任务...
2026-07-12 14:59:11.221 | INFO     | N/A | ⏳ 等待 Profile 更新任务...
2026-07-12 14:59:16.252 | INFO     | N/A | ⏳ 等待 Profile 更新任务...
2026-07-12 14:59:21.284 | INFO     | N/A | ⏳ 等待 Profile 更新任务...
2026-07-12 14:59:26.316 | INFO     | N/A | ⏳ 等待 Profile 更新任务...
2026-07-12 14:59:31.345 | INFO     | N/A | ⏳ 等待 Profile 更新任务...
2026-07-12 14:59:36.376 | INFO     | N/A | ⏳ 等待 Profile 更新任务...
2026-07-12 14:59:41.408 | INFO     | N/A | ⏳ 等待 Profile 更新任务...
2026-07-12 14:59:46.441 | INFO     | N/A | ⏳ 等待 Profile 更新任务...
2026-07-12 14:59:51.473 | INFO     | N/A | ⏳ 等待 Profile 更新任务...
2026-07-12 14:59:56.505 | INFO     | N/A | ⏳ 等待 Profile 更新任务...
2026-07-12 15:00:01.538 | INFO     | N/A | ⏳ 等待 Profile 更新任务...
2026-07-12 15:00:06.569 | INFO     | N/A | ⏳ 等待 Profile 更新任务...
2026-07-12 15:00:11.601 | INFO     | N/A | ⏳ 等待 Profile 更新任务...
2026-07-12 15:00:16.635 | INFO     | N/A | ⏳ 等待 Profile 更新任务...
2026-07-12 15:00:21.699 | INFO     | N/A | ⏳ 等待 Profile 更新任务...
2026-07-12 15:00:26.731 | INFO     | N/A | ⏳ 等待 Profile 更新任务...
2026-07-12 15:00:31.762 | INFO     | N/A | ⏳ 等待 Profile 更新任务...
2026-07-12 15:00:36.797 | INFO     | N/A | ⏳ 等待 Profile 更新任务...
2026-07-12 15:00:41.831 | INFO     | N/A | ⏳ 等待 Profile 更新任务...
2026-07-12 15:00:46.863 | INFO     | N/A | ⏳ 等待 Profile 更新任务...
2026-07-12 15:00:51.895 | INFO     | N/A | ⏳ 等待 Profile 更新任务...
2026-07-12 15:00:56.924 | INFO     | N/A | ⏳ 等待 Profile 更新任务...
2026-07-12 15:01:01.957 | INFO     | N/A | ⏳ 等待 Profile 更新任务...
2026-07-12 15:01:06.987 | INFO     | N/A | ⏳ 等待 Profile 更新任务...
2026-07-12 15:01:12.054 | INFO     | N/A | ⏳ 等待 Profile 更新任务...
2026-07-12 15:01:17.086 | INFO     | N/A | ⏳ 等待 Profile 更新任务...
2026-07-12 15:01:22.117 | INFO     | N/A | ⏳ 等待 Profile 更新任务...
2026-07-12 15:01:27.150 | INFO     | N/A | ⏳ 等待 Profile 更新任务...
2026-07-12 15:01:32.184 | INFO     | N/A | ⏳ 等待 Profile 更新任务...
2026-07-12 15:01:37.218 | INFO     | N/A | ⏳ 等待 Profile 更新任务...
2026-07-12 15:01:42.250 | INFO     | N/A | ⏳ 等待 Profile 更新任务...
2026-07-12 15:01:47.284 | INFO     | N/A | ⏳ 等待 Profile 更新任务...
2026-07-12 15:01:52.311 | INFO     | N/A | ⏳ 等待 Profile 更新任务...
2026-07-12 15:01:57.345 | INFO     | N/A | ⏳ 等待 Profile 更新任务...
2026-07-12 15:02:02.379 | INFO     | N/A | ⏳ 等待 Profile 更新任务...
2026-07-12 15:02:07.418 | INFO     | N/A | ⏳ 等待 Profile 更新任务...
2026-07-12 15:02:12.447 | INFO     | N/A | ⏳ 等待 Profile 更新任务...
2026-07-12 15:02:17.478 | INFO     | N/A | ⏳ 等待 Profile 更新任务...
2026-07-12 15:02:22.510 | INFO     | N/A | ⏳ 等待 Profile 更新任务...
2026-07-12 15:02:27.546 | INFO     | N/A | ⏳ 等待 Profile 更新任务...
2026-07-12 15:02:32.575 | INFO     | N/A | ⏳ 等待 Profile 更新任务...
2026-07-12 15:02:37.605 | INFO     | N/A | ⏳ 等待 Profile 更新任务...
2026-07-12 15:02:42.635 | INFO     | N/A | ⏳ 等待 Profile 更新任务...
2026-07-12 15:02:47.667 | INFO     | N/A | ⏳ 等待 Profile 更新任务...
2026-07-12 15:02:52.701 | INFO     | N/A | ⏳ 等待 Profile 更新任务...
2026-07-12 15:02:57.737 | INFO     | N/A | ⏳ 等待 Profile 更新任务...
2026-07-12 15:03:02.764 | INFO     | N/A | ⏳ 等待 Profile 更新任务...
2026-07-12 15:03:07.802 | INFO     | N/A | ⏳ 等待 Profile 更新任务...
2026-07-12 15:03:12.834 | INFO     | N/A | ⏳ 等待 Profile 更新任务...
2026-07-12 15:03:17.864 | INFO     | N/A | ⏳ 等待 Profile 更新任务...
2026-07-12 15:03:22.896 | INFO     | N/A | ⏳ 等待 Profile 更新任务...
2026-07-12 15:03:27.927 | INFO     | N/A | ⏳ 等待 Profile 更新任务...
2026-07-12 15:03:32.957 | INFO     | N/A | ⏳ 等待 Profile 更新任务...
2026-07-12 15:03:37.993 | INFO     | N/A | ⏳ 等待 Profile 更新任务...
2026-07-12 15:03:43.024 | INFO     | N/A | ⏳ 等待 Profile 更新任务...
2026-07-12 15:03:48.059 | INFO     | N/A | ⏳ 等待 Profile 更新任务...
2026-07-12 15:03:53.091 | INFO     | N/A | ⏳ 等待 Profile 更新任务...
2026-07-12 15:03:58.124 | INFO     | N/A | ⏳ 等待 Profile 更新任务...
2026-07-12 15:04:03.159 | INFO     | N/A | ⏳ 等待 Profile 更新任务...
2026-07-12 15:04:08.196 | INFO     | N/A | ⏳ 等待 Profile 更新任务...
2026-07-12 15:04:13.225 | INFO     | N/A | ⏳ 等待 Profile 更新任务...
2026-07-12 15:04:18.256 | INFO     | N/A | ⏳ 等待 Profile 更新任务...
2026-07-12 15:04:23.289 | INFO     | N/A | ⏳ 等待 Profile 更新任务...
2026-07-12 15:04:28.321 | INFO     | N/A | ⏳ 等待 Profile 更新任务...
2026-07-12 15:04:33.351 | INFO     | N/A | ⏳ 等待 Profile 更新任务...
2026-07-12 15:04:38.381 | INFO     | N/A | ⏳ 等待 Profile 更新任务...
2026-07-12 15:04:43.413 | INFO     | N/A | ⏳ 等待 Profile 更新任务...
2026-07-12 15:04:48.447 | INFO     | N/A | ⏳ 等待 Profile 更新任务...
2026-07-12 15:04:53.475 | INFO     | N/A | ⏳ 等待 Profile 更新任务...
2026-07-12 15:04:58.514 | INFO     | N/A | ⏳ 等待 Profile 更新任务...
2026-07-12 15:05:03.552 | INFO     | N/A | ⏳ 等待 Profile 更新任务...
2026-07-12 15:05:08.604 | INFO     | N/A | ⏳ 等待 Profile 更新任务...
2026-07-12 15:05:13.632 | INFO     | N/A | ⏳ 等待 Profile 更新任务...
2026-07-12 15:05:18.661 | INFO     | N/A | ⏳ 等待 Profile 更新任务...
2026-07-12 15:05:23.696 | INFO     | N/A | ⏳ 等待 Profile 更新任务...
2026-07-12 15:05:28.729 | INFO     | N/A | ⏳ 等待 Profile 更新任务...
2026-07-12 15:05:33.760 | INFO     | N/A | ⏳ 等待 Profile 更新任务...
2026-07-12 15:05:38.790 | INFO     | N/A | ⏳ 等待 Profile 更新任务...
2026-07-12 15:05:43.818 | INFO     | N/A | ⏳ 等待 Profile 更新任务...
2026-07-12 15:05:48.849 | INFO     | N/A | ⏳ 等待 Profile 更新任务...
2026-07-12 15:05:53.883 | INFO     | N/A | ⏳ 等待 Profile 更新任务...
2026-07-12 15:05:58.913 | INFO     | N/A | ⏳ 等待 Profile 更新任务...
2026-07-12 15:06:03.947 | INFO     | N/A | ⏳ 等待 Profile 更新任务...
2026-07-12 15:06:08.986 | INFO     | N/A | ⏳ 等待 Profile 更新任务...
2026-07-12 15:06:14.017 | INFO     | N/A | ⏳ 等待 Profile 更新任务...
2026-07-12 15:06:19.050 | INFO     | N/A | ⏳ 等待 Profile 更新任务...
2026-07-12 15:06:24.083 | INFO     | N/A | ⏳ 等待 Profile 更新任务...
2026-07-12 15:06:29.115 | INFO     | N/A | ⏳ 等待 Profile 更新任务...
2026-07-12 15:06:34.145 | INFO     | N/A | ⏳ 等待 Profile 更新任务...
2026-07-12 15:06:39.177 | INFO     | N/A | ⏳ 等待 Profile 更新任务...
2026-07-12 15:06:44.212 | INFO     | N/A | ⏳ 等待 Profile 更新任务...
2026-07-12 15:06:49.244 | INFO     | N/A | ⏳ 等待 Profile 更新任务...
2026-07-12 15:06:54.274 | INFO     | N/A | ⏳ 等待 Profile 更新任务...
2026-07-12 15:06:59.308 | INFO     | N/A | ⏳ 等待 Profile 更新任务...
2026-07-12 15:07:04.340 | INFO     | N/A | ⏳ 等待 Profile 更新任务...
2026-07-12 15:07:09.374 | INFO     | N/A | ⏳ 等待 Profile 更新任务...
2026-07-12 15:07:14.405 | INFO     | N/A | ⏳ 等待 Profile 更新任务...
2026-07-12 15:07:19.438 | INFO     | N/A | ⏳ 等待 Profile 更新任务...
2026-07-12 15:07:24.471 | INFO     | N/A | ⏳ 等待 Profile 更新任务...
2026-07-12 15:07:29.504 | INFO     | N/A | ⏳ 等待 Profile 更新任务...
2026-07-12 15:07:34.537 | INFO     | N/A | ⏳ 等待 Profile 更新任务...
2026-07-12 15:07:39.567 | INFO     | N/A | ⏳ 等待 Profile 更新任务...
2026-07-12 15:07:44.599 | INFO     | N/A | ⏳ 等待 Profile 更新任务...
2026-07-12 15:07:49.635 | INFO     | N/A | ⏳ 等待 Profile 更新任务...
2026-07-12 15:07:54.664 | INFO     | N/A | ⏳ 等待 Profile 更新任务...
2026-07-12 15:07:59.691 | INFO     | N/A | ⏳ 等待 Profile 更新任务...
2026-07-12 15:08:04.724 | INFO     | N/A | ⏳ 等待 Profile 更新任务...
2026-07-12 15:08:09.755 | INFO     | N/A | ⏳ 等待 Profile 更新任务...
2026-07-12 15:08:14.787 | INFO     | N/A | ⏳ 等待 Profile 更新任务...
2026-07-12 15:08:19.820 | INFO     | N/A | ⏳ 等待 Profile 更新任务...
2026-07-12 15:08:24.852 | INFO     | N/A | ⏳ 等待 Profile 更新任务...
2026-07-12 15:08:29.883 | INFO     | N/A | ⏳ 等待 Profile 更新任务...
2026-07-12 15:08:34.916 | INFO     | N/A | ⏳ 等待 Profile 更新任务...
2026-07-12 15:08:39.946 | INFO     | N/A | ⏳ 等待 Profile 更新任务...
2026-07-12 15:08:44.976 | INFO     | N/A | ⏳ 等待 Profile 更新任务...
2026-07-12 15:08:50.007 | INFO     | N/A | ⏳ 等待 Profile 更新任务...
2026-07-12 15:08:55.044 | INFO     | N/A | ⏳ 等待 Profile 更新任务...
2026-07-12 15:09:00.074 | INFO     | N/A | ⏳ 等待 Profile 更新任务...
2026-07-12 15:09:05.111 | INFO     | N/A | ⏳ 等待 Profile 更新任务...
2026-07-12 15:09:10.143 | INFO     | N/A | ⏳ 等待 Profile 更新任务...
2026-07-12 15:09:15.204 | INFO     | N/A | ⏳ 等待 Profile 更新任务...
2026-07-12 15:09:20.235 | INFO     | N/A | ⏳ 等待 Profile 更新任务...
2026-07-12 15:09:25.266 | INFO     | N/A | ⏳ 等待 Profile 更新任务...
2026-07-12 15:09:30.302 | INFO     | N/A | ⏳ 等待 Profile 更新任务...
2026-07-12 15:09:35.331 | INFO     | N/A | ⏳ 等待 Profile 更新任务...
2026-07-12 15:09:40.368 | INFO     | N/A | ⏳ 等待 Profile 更新任务...
2026-07-12 15:09:45.399 | INFO     | N/A | ⏳ 等待 Profile 更新任务...
2026-07-12 15:09:50.431 | INFO     | N/A | ⏳ 等待 Profile 更新任务...
2026-07-12 15:09:55.462 | INFO     | N/A | ⏳ 等待 Profile 更新任务...
2026-07-12 15:10:00.492 | INFO     | N/A | ⏳ 等待 Profile 更新任务...
2026-07-12 15:10:05.521 | INFO     | N/A | ⏳ 等待 Profile 更新任务...
2026-07-12 15:10:10.559 | INFO     | N/A | ⏳ 等待 Profile 更新任务...
2026-07-12 15:10:15.590 | INFO     | N/A | ⏳ 等待 Profile 更新任务...
2026-07-12 15:10:20.624 | INFO     | N/A | ⏳ 等待 Profile 更新任务...
2026-07-12 15:10:25.656 | INFO     | N/A | ⏳ 等待 Profile 更新任务...
2026-07-12 15:10:30.687 | INFO     | N/A | ⏳ 等待 Profile 更新任务...
2026-07-12 15:10:35.722 | INFO     | N/A | ⏳ 等待 Profile 更新任务...
2026-07-12 15:10:40.754 | INFO     | N/A | ⏳ 等待 Profile 更新任务...
2026-07-12 15:10:45.791 | INFO     | N/A | ⏳ 等待 Profile 更新任务...
2026-07-12 15:10:50.821 | INFO     | N/A | ⏳ 等待 Profile 更新任务...
2026-07-12 15:10:55.855 | INFO     | N/A | ⏳ 等待 Profile 更新任务...
2026-07-12 15:11:00.886 | INFO     | N/A | ⏳ 等待 Profile 更新任务...
2026-07-12 15:11:05.922 | INFO     | N/A | ⏳ 等待 Profile 更新任务...
2026-07-12 15:11:10.964 | INFO     | N/A | ⏳ 等待 Profile 更新任务...
2026-07-12 15:11:15.997 | INFO     | N/A | ⏳ 等待 Profile 更新任务...
2026-07-12 15:11:21.033 | INFO     | N/A | ⏳ 等待 Profile 更新任务...
2026-07-12 15:11:26.068 | INFO     | N/A | ⏳ 等待 Profile 更新任务...
2026-07-12 15:11:31.101 | INFO     | N/A | ⏳ 等待 Profile 更新任务...
2026-07-12 15:11:36.133 | INFO     | N/A | ⏳ 等待 Profile 更新任务...
2026-07-12 15:11:41.165 | INFO     | N/A | ⏳ 等待 Profile 更新任务...
2026-07-12 15:11:46.201 | INFO     | N/A | ⏳ 等待 Profile 更新任务...
2026-07-12 15:11:51.234 | INFO     | N/A | ⏳ 等待 Profile 更新任务...
2026-07-12 15:11:56.281 | INFO     | N/A | ⏳ 等待 Profile 更新任务...
2026-07-12 15:12:01.314 | INFO     | N/A | ⏳ 等待 Profile 更新任务...
2026-07-12 15:12:06.346 | INFO     | N/A | ⏳ 等待 Profile 更新任务...
2026-07-12 15:12:11.381 | INFO     | N/A | ⏳ 等待 Profile 更新任务...
2026-07-12 15:12:16.411 | INFO     | N/A | ⏳ 等待 Profile 更新任务...
2026-07-12 15:12:21.446 | INFO     | N/A | ⏳ 等待 Profile 更新任务...
2026-07-12 15:12:26.480 | INFO     | N/A | ⏳ 等待 Profile 更新任务...
2026-07-12 15:12:31.510 | INFO     | N/A | ⏳ 等待 Profile 更新任务...
2026-07-12 15:12:36.541 | INFO     | N/A | ⏳ 等待 Profile 更新任务...
2026-07-12 15:12:41.570 | INFO     | N/A | ⏳ 等待 Profile 更新任务...
2026-07-12 15:12:46.603 | INFO     | N/A | ⏳ 等待 Profile 更新任务...
2026-07-12 15:12:51.637 | INFO     | N/A | ⏳ 等待 Profile 更新任务...
2026-07-12 15:12:56.664 | INFO     | N/A | ⏳ 等待 Profile 更新任务...
2026-07-12 15:13:01.697 | INFO     | N/A | ⏳ 等待 Profile 更新任务...
2026-07-12 15:13:06.730 | INFO     | N/A | ⏳ 等待 Profile 更新任务...
2026-07-12 15:13:11.763 | INFO     | N/A | ⏳ 等待 Profile 更新任务...
2026-07-12 15:13:16.798 | INFO     | N/A | ⏳ 等待 Profile 更新任务...
2026-07-12 15:13:21.839 | INFO     | N/A | ⏳ 等待 Profile 更新任务...
2026-07-12 15:13:26.869 | INFO     | N/A | ⏳ 等待 Profile 更新任务...
2026-07-12 15:13:31.903 | INFO     | N/A | ⏳ 等待 Profile 更新任务...
2026-07-12 15:13:36.933 | INFO     | N/A | ⏳ 等待 Profile 更新任务...
2026-07-12 15:13:41.965 | INFO     | N/A | ⏳ 等待 Profile 更新任务...
2026-07-12 15:13:46.996 | INFO     | N/A | ⏳ 等待 Profile 更新任务...
2026-07-12 15:13:52.027 | INFO     | N/A | ⏳ 等待 Profile 更新任务...
2026-07-12 15:13:57.068 | INFO     | N/A | ⏳ 等待 Profile 更新任务...
2026-07-12 15:14:02.099 | INFO     | N/A | ⏳ 等待 Profile 更新任务...
2026-07-12 15:14:07.127 | INFO     | N/A | ⏳ 等待 Profile 更新任务...
2026-07-12 15:14:12.161 | INFO     | N/A | ⏳ 等待 Profile 更新任务...
2026-07-12 15:14:17.192 | INFO     | N/A | ⏳ 等待 Profile 更新任务...
2026-07-12 15:14:22.224 | INFO     | N/A | ⏳ 等待 Profile 更新任务...
2026-07-12 15:14:27.259 | INFO     | N/A | ⏳ 等待 Profile 更新任务...
2026-07-12 15:14:32.291 | INFO     | N/A | ⏳ 等待 Profile 更新任务...
2026-07-12 15:14:37.325 | INFO     | N/A | ⏳ 等待 Profile 更新任务...
2026-07-12 15:14:42.355 | INFO     | N/A | ⏳ 等待 Profile 更新任务...
2026-07-12 15:14:47.387 | INFO     | N/A | ⏳ 等待 Profile 更新任务...
2026-07-12 15:14:52.419 | INFO     | N/A | ⏳ 等待 Profile 更新任务...
2026-07-12 15:14:57.466 | INFO     | N/A | ⏳ 等待 Profile 更新任务...
2026-07-12 15:15:02.497 | INFO     | N/A | ⏳ 等待 Profile 更新任务...
2026-07-12 15:15:07.530 | INFO     | N/A | ⏳ 等待 Profile 更新任务...
2026-07-12 15:15:12.562 | INFO     | N/A | ⏳ 等待 Profile 更新任务...
2026-07-12 15:15:17.593 | INFO     | N/A | ⏳ 等待 Profile 更新任务...
2026-07-12 15:15:22.639 | INFO     | N/A | ⏳ 等待 Profile 更新任务...
2026-07-12 15:15:27.671 | INFO     | N/A | ⏳ 等待 Profile 更新任务...
2026-07-12 15:15:32.705 | INFO     | N/A | ⏳ 等待 Profile 更新任务...
2026-07-12 15:15:37.738 | INFO     | N/A | ⏳ 等待 Profile 更新任务...
2026-07-12 15:15:42.771 | INFO     | N/A | ⏳ 等待 Profile 更新任务...
2026-07-12 15:15:47.806 | INFO     | N/A | ⏳ 等待 Profile 更新任务...
2026-07-12 15:15:52.836 | INFO     | N/A | ⏳ 等待 Profile 更新任务...
2026-07-12 15:15:57.867 | INFO     | N/A | ⏳ 等待 Profile 更新任务...
2026-07-12 15:16:02.897 | INFO     | N/A | ⏳ 等待 Profile 更新任务...
2026-07-12 15:16:07.928 | INFO     | N/A | ⏳ 等待 Profile 更新任务...
2026-07-12 15:16:12.971 | INFO     | N/A | ⏳ 等待 Profile 更新任务...
2026-07-12 15:16:17.991 | INFO     | N/A | ⏳ 等待 Profile 更新任务...
2026-07-12 15:16:23.022 | INFO     | N/A | ⏳ 等待 Profile 更新任务...
2026-07-12 15:16:28.056 | INFO     | N/A | ⏳ 等待 Profile 更新任务...
2026-07-12 15:16:33.122 | INFO     | N/A | ⏳ 等待 Profile 更新任务...
2026-07-12 15:16:38.154 | INFO     | N/A | ⏳ 等待 Profile 更新任务...
2026-07-12 15:16:43.187 | INFO     | N/A | ⏳ 等待 Profile 更新任务...
2026-07-12 15:16:48.221 | INFO     | N/A | ⏳ 等待 Profile 更新任务...
2026-07-12 15:16:53.270 | INFO     | N/A | ⏳ 等待 Profile 更新任务...
2026-07-12 15:16:58.301 | INFO     | N/A | ⏳ 等待 Profile 更新任务...
2026-07-12 15:17:03.334 | INFO     | N/A | ⏳ 等待 Profile 更新任务...
2026-07-12 15:17:08.366 | INFO     | N/A | ⏳ 等待 Profile 更新任务...
2026-07-12 15:17:13.400 | INFO     | N/A | ⏳ 等待 Profile 更新任务...
2026-07-12 15:17:18.440 | INFO     | N/A | ⏳ 等待 Profile 更新任务...
2026-07-12 15:17:23.472 | INFO     | N/A | ⏳ 等待 Profile 更新任务...
2026-07-12 15:17:28.506 | INFO     | N/A | ⏳ 等待 Profile 更新任务...
2026-07-12 15:17:33.539 | INFO     | N/A | ⏳ 等待 Profile 更新任务...
2026-07-12 15:17:38.572 | INFO     | N/A | ⏳ 等待 Profile 更新任务...
2026-07-12 15:17:43.600 | INFO     | N/A | ⏳ 等待 Profile 更新任务...
2026-07-12 15:17:48.633 | INFO     | N/A | ⏳ 等待 Profile 更新任务...
2026-07-12 15:17:53.665 | INFO     | N/A | ⏳ 等待 Profile 更新任务...
2026-07-12 15:17:58.708 | INFO     | N/A | ⏳ 等待 Profile 更新任务...
2026-07-12 15:18:03.739 | INFO     | N/A | ⏳ 等待 Profile 更新任务...
2026-07-12 15:18:08.771 | INFO     | N/A | ⏳ 等待 Profile 更新任务...
2026-07-12 15:18:13.808 | INFO     | N/A | ⏳ 等待 Profile 更新任务...
2026-07-12 15:18:18.852 | INFO     | N/A | ⏳ 等待 Profile 更新任务...
2026-07-12 15:18:23.884 | INFO     | N/A | ⏳ 等待 Profile 更新任务...
2026-07-12 15:18:28.913 | INFO     | N/A | ⏳ 等待 Profile 更新任务...
2026-07-12 15:18:33.949 | INFO     | N/A | ⏳ 等待 Profile 更新任务...
2026-07-12 15:18:38.983 | INFO     | N/A | ⏳ 等待 Profile 更新任务...
2026-07-12 15:18:44.039 | INFO     | N/A | ⏳ 等待 Profile 更新任务...
2026-07-12 15:18:49.065 | INFO     | N/A | ⏳ 等待 Profile 更新任务...
2026-07-12 15:18:54.092 | INFO     | N/A | ⏳ 等待 Profile 更新任务...
2026-07-12 15:18:59.168 | INFO     | N/A | ⏳ 等待 Profile 更新任务...
2026-07-12 15:19:04.193 | INFO     | N/A | ⏳ 等待 Profile 更新任务...
2026-07-12 15:19:09.220 | INFO     | N/A | ⏳ 等待 Profile 更新任务...
2026-07-12 15:19:14.249 | INFO     | N/A | ⏳ 等待 Profile 更新任务...
2026-07-12 15:19:19.253 | INFO     | N/A | ⏳ 等待 Profile 更新任务...
2026-07-12 15:19:24.322 | INFO     | N/A | ⏳ 等待 Profile 更新任务...
2026-07-12 15:19:29.352 | INFO     | N/A | ⏳ 等待 Profile 更新任务...
2026-07-12 15:19:34.380 | INFO     | N/A | ⏳ 等待 Profile 更新任务...
2026-07-12 15:19:39.418 | INFO     | N/A | ⏳ 等待 Profile 更新任务...
2026-07-12 15:19:44.450 | INFO     | N/A | ⏳ 等待 Profile 更新任务...
2026-07-12 15:19:49.485 | INFO     | N/A | ⏳ 等待 Profile 更新任务...
2026-07-12 15:19:54.515 | INFO     | N/A | ⏳ 等待 Profile 更新任务...
2026-07-12 15:19:59.545 | INFO     | N/A | ⏳ 等待 Profile 更新任务...
2026-07-12 15:20:04.572 | INFO     | N/A | ⏳ 等待 Profile 更新任务...
2026-07-12 15:20:09.603 | INFO     | N/A | ⏳ 等待 Profile 更新任务...
2026-07-12 15:20:14.636 | INFO     | N/A | ⏳ 等待 Profile 更新任务...
2026-07-12 15:20:19.672 | INFO     | N/A | ⏳ 等待 Profile 更新任务...
2026-07-12 15:20:24.702 | INFO     | N/A | ⏳ 等待 Profile 更新任务...
2026-07-12 15:20:29.740 | INFO     | N/A | ⏳ 等待 Profile 更新任务...
2026-07-12 15:20:34.771 | INFO     | N/A | ⏳ 等待 Profile 更新任务...
2026-07-12 15:20:39.806 | INFO     | N/A | ⏳ 等待 Profile 更新任务...
2026-07-12 15:20:44.832 | INFO     | N/A | ⏳ 等待 Profile 更新任务...
2026-07-12 15:20:49.864 | INFO     | N/A | ⏳ 等待 Profile 更新任务...
2026-07-12 15:20:54.896 | INFO     | N/A | ⏳ 等待 Profile 更新任务...
2026-07-12 15:20:59.928 | INFO     | N/A | ⏳ 等待 Profile 更新任务...
2026-07-12 15:21:04.939 | INFO     | N/A | ⏳ 等待 Profile 更新任务...
2026-07-12 15:21:09.976 | INFO     | N/A | ⏳ 等待 Profile 更新任务...
2026-07-12 15:21:15.033 | INFO     | N/A | ⏳ 等待 Profile 更新任务...
2026-07-12 15:21:20.110 | INFO     | N/A | ⏳ 等待 Profile 更新任务...
2026-07-12 15:21:25.141 | INFO     | N/A | ⏳ 等待 Profile 更新任务...
2026-07-12 15:21:30.173 | INFO     | N/A | ⏳ 等待 Profile 更新任务...
2026-07-12 15:21:35.224 | INFO     | N/A | ⏳ 等待 Profile 更新任务...
2026-07-12 15:21:40.261 | INFO     | N/A | ⏳ 等待 Profile 更新任务...
2026-07-12 15:21:45.282 | INFO     | N/A | ⏳ 等待 Profile 更新任务...
2026-07-12 15:21:50.318 | INFO     | N/A | ⏳ 等待 Profile 更新任务...
2026-07-12 15:21:55.354 | INFO     | N/A | ⏳ 等待 Profile 更新任务...
2026-07-12 15:22:00.389 | INFO     | N/A | ⏳ 等待 Profile 更新任务...
2026-07-12 15:22:05.421 | INFO     | N/A | ⏳ 等待 Profile 更新任务...
2026-07-12 15:22:10.487 | INFO     | N/A | ⏳ 等待 Profile 更新任务...
2026-07-12 15:22:15.519 | INFO     | N/A | ⏳ 等待 Profile 更新任务...
2026-07-12 15:22:20.554 | INFO     | N/A | ⏳ 等待 Profile 更新任务...
2026-07-12 15:22:25.587 | INFO     | N/A | ⏳ 等待 Profile 更新任务...
2026-07-12 15:22:30.620 | INFO     | N/A | ⏳ 等待 Profile 更新任务...
2026-07-12 15:22:35.759 | INFO     | N/A | ⏳ 等待 Profile 更新任务...
2026-07-12 15:22:40.888 | INFO     | N/A | ⏳ 等待 Profile 更新任务...
2026-07-12 15:22:45.919 | INFO     | N/A | ⏳ 等待 Profile 更新任务...
2026-07-12 15:22:50.964 | INFO     | N/A | ⏳ 等待 Profile 更新任务...
2026-07-12 15:22:55.997 | INFO     | N/A | ⏳ 等待 Profile 更新任务...
2026-07-12 15:23:01.081 | INFO     | N/A | ⏳ 等待 Profile 更新任务...
2026-07-12 15:23:06.138 | INFO     | N/A | ⏳ 等待 Profile 更新任务...
2026-07-12 15:23:11.174 | INFO     | N/A | ⏳ 等待 Profile 更新任务...
2026-07-12 15:23:16.207 | INFO     | N/A | ⏳ 等待 Profile 更新任务...
2026-07-12 15:23:21.253 | INFO     | N/A | ⏳ 等待 Profile 更新任务...
2026-07-12 15:23:26.295 | INFO     | N/A | ⏳ 等待 Profile 更新任务...
2026-07-12 15:23:31.330 | INFO     | N/A | ⏳ 等待 Profile 更新任务...
2026-07-12 15:23:36.361 | INFO     | N/A | ⏳ 等待 Profile 更新任务...
2026-07-12 15:23:41.394 | INFO     | N/A | ⏳ 等待 Profile 更新任务...
2026-07-12 15:23:46.429 | INFO     | N/A | ⏳ 等待 Profile 更新任务...
2026-07-12 15:23:51.463 | INFO     | N/A | ⏳ 等待 Profile 更新任务...
2026-07-12 15:23:56.494 | INFO     | N/A | ⏳ 等待 Profile 更新任务...
2026-07-12 15:24:01.544 | INFO     | N/A | ⏳ 等待 Profile 更新任务...
2026-07-12 15:24:06.578 | INFO     | N/A | ⏳ 等待 Profile 更新任务...
2026-07-12 15:24:11.635 | INFO     | N/A | ⏳ 等待 Profile 更新任务...
2026-07-12 15:24:16.668 | INFO     | N/A | ⏳ 等待 Profile 更新任务...
2026-07-12 15:24:21.697 | INFO     | N/A | ⏳ 等待 Profile 更新任务...
2026-07-12 15:24:26.723 | INFO     | N/A | ⏳ 等待 Profile 更新任务...
2026-07-12 15:24:31.760 | INFO     | N/A | ⏳ 等待 Profile 更新任务...
2026-07-12 15:24:36.819 | INFO     | N/A | ⏳ 等待 Profile 更新任务...
2026-07-12 15:24:41.848 | INFO     | N/A | ⏳ 等待 Profile 更新任务...
2026-07-12 15:24:46.878 | INFO     | N/A | ⏳ 等待 Profile 更新任务...
2026-07-12 15:24:51.907 | INFO     | N/A | ⏳ 等待 Profile 更新任务...
2026-07-12 15:24:56.934 | INFO     | N/A | ⏳ 等待 Profile 更新任务...
2026-07-12 15:25:01.980 | INFO     | N/A | ⏳ 等待 Profile 更新任务...
2026-07-12 15:25:07.011 | INFO     | N/A | ⏳ 等待 Profile 更新任务...
2026-07-12 15:25:12.042 | INFO     | N/A | ⏳ 等待 Profile 更新任务...
2026-07-12 15:25:17.074 | INFO     | N/A | ⏳ 等待 Profile 更新任务...
2026-07-12 15:25:22.120 | INFO     | N/A | ⏳ 等待 Profile 更新任务...
2026-07-12 15:25:27.151 | INFO     | N/A | ⏳ 等待 Profile 更新任务...
2026-07-12 15:25:32.181 | INFO     | N/A | ⏳ 等待 Profile 更新任务...
2026-07-12 15:25:37.221 | INFO     | N/A | ⏳ 等待 Profile 更新任务...
2026-07-12 15:25:42.252 | INFO     | N/A | ⏳ 等待 Profile 更新任务...
2026-07-12 15:25:47.300 | INFO     | N/A | ⏳ 等待 Profile 更新任务...
2026-07-12 15:25:52.334 | INFO     | N/A | ⏳ 等待 Profile 更新任务...
2026-07-12 15:25:57.421 | INFO     | N/A | ⏳ 等待 Profile 更新任务...
2026-07-12 15:26:02.458 | INFO     | N/A | ⏳ 等待 Profile 更新任务...
2026-07-12 15:26:07.491 | INFO     | N/A | ⏳ 等待 Profile 更新任务...
2026-07-12 15:26:12.523 | INFO     | N/A | ⏳ 等待 Profile 更新任务...
2026-07-12 15:26:17.574 | INFO     | N/A | ⏳ 等待 Profile 更新任务...
2026-07-12 15:26:22.620 | INFO     | N/A | ⏳ 等待 Profile 更新任务...
2026-07-12 15:26:27.698 | INFO     | N/A | ⏳ 等待 Profile 更新任务...
2026-07-12 15:26:32.756 | INFO     | N/A | ⏳ 等待 Profile 更新任务...
2026-07-12 15:26:37.783 | INFO     | N/A | ⏳ 等待 Profile 更新任务...
2026-07-12 15:26:42.808 | INFO     | N/A | ⏳ 等待 Profile 更新任务...
2026-07-12 15:26:47.837 | INFO     | N/A | ⏳ 等待 Profile 更新任务...
2026-07-12 15:26:52.863 | INFO     | N/A | ⏳ 等待 Profile 更新任务...
2026-07-12 15:26:57.890 | INFO     | N/A | ⏳ 等待 Profile 更新任务...
2026-07-12 15:27:02.917 | INFO     | N/A | ⏳ 等待 Profile 更新任务...
2026-07-12 15:27:07.944 | INFO     | N/A | ⏳ 等待 Profile 更新任务...
2026-07-12 15:27:12.972 | INFO     | N/A | ⏳ 等待 Profile 更新任务...
2026-07-12 15:27:18.002 | INFO     | N/A | ⏳ 等待 Profile 更新任务...
2026-07-12 15:27:23.029 | INFO     | N/A | ⏳ 等待 Profile 更新任务...
2026-07-12 15:27:28.058 | INFO     | N/A | ⏳ 等待 Profile 更新任务...
2026-07-12 15:27:33.090 | INFO     | N/A | ⏳ 等待 Profile 更新任务...
2026-07-12 15:27:38.122 | INFO     | N/A | ⏳ 等待 Profile 更新任务...
2026-07-12 15:27:43.153 | INFO     | N/A | ⏳ 等待 Profile 更新任务...
2026-07-12 15:27:48.189 | INFO     | N/A | ⏳ 等待 Profile 更新任务...
2026-07-12 15:27:53.226 | INFO     | N/A | ⏳ 等待 Profile 更新任务...
2026-07-12 15:27:58.258 | INFO     | N/A | ⏳ 等待 Profile 更新任务...
2026-07-12 15:28:03.291 | INFO     | N/A | ⏳ 等待 Profile 更新任务...
2026-07-12 15:28:08.321 | INFO     | N/A | ⏳ 等待 Profile 更新任务...
2026-07-12 15:28:13.355 | INFO     | N/A | ⏳ 等待 Profile 更新任务...
2026-07-12 15:28:18.431 | INFO     | N/A | ⏳ 等待 Profile 更新任务...
2026-07-12 15:28:23.460 | INFO     | N/A | ⏳ 等待 Profile 更新任务...
2026-07-12 15:28:28.490 | INFO     | N/A | ⏳ 等待 Profile 更新任务...
2026-07-12 15:28:33.521 | INFO     | N/A | ⏳ 等待 Profile 更新任务...
2026-07-12 15:28:38.556 | INFO     | N/A | ⏳ 等待 Profile 更新任务...
2026-07-12 15:28:43.587 | INFO     | N/A | ⏳ 等待 Profile 更新任务...
2026-07-12 15:28:48.637 | INFO     | N/A | ⏳ 等待 Profile 更新任务...
2026-07-12 15:28:53.671 | INFO     | N/A | ⏳ 等待 Profile 更新任务...
2026-07-12 15:28:58.698 | INFO     | N/A | ⏳ 等待 Profile 更新任务...
2026-07-12 15:29:03.725 | INFO     | N/A | ⏳ 等待 Profile 更新任务...
2026-07-12 15:29:08.755 | INFO     | N/A | ⏳ 等待 Profile 更新任务...
2026-07-12 15:29:13.812 | INFO     | N/A | ⏳ 等待 Profile 更新任务...
2026-07-12 15:29:18.839 | INFO     | N/A | ⏳ 等待 Profile 更新任务...
2026-07-12 15:29:23.870 | INFO     | N/A | ⏳ 等待 Profile 更新任务...
2026-07-12 15:29:28.901 | INFO     | N/A | ⏳ 等待 Profile 更新任务...
2026-07-12 15:29:33.935 | INFO     | N/A | ⏳ 等待 Profile 更新任务...
2026-07-12 15:29:38.968 | INFO     | N/A | ⏳ 等待 Profile 更新任务...
2026-07-12 15:29:44.002 | INFO     | N/A | ⏳ 等待 Profile 更新任务...
2026-07-12 15:29:49.035 | INFO     | N/A | ⏳ 等待 Profile 更新任务...
2026-07-12 15:29:54.067 | INFO     | N/A | ⏳ 等待 Profile 更新任务...
2026-07-12 15:29:59.097 | INFO     | N/A | ⏳ 等待 Profile 更新任务...
2026-07-12 15:30:04.127 | INFO     | N/A | ⏳ 等待 Profile 更新任务...
2026-07-12 15:30:09.157 | INFO     | N/A | ⏳ 等待 Profile 更新任务...
2026-07-12 15:30:14.189 | INFO     | N/A | ⏳ 等待 Profile 更新任务...
2026-07-12 15:30:19.225 | INFO     | N/A | ⏳ 等待 Profile 更新任务...
2026-07-12 15:30:24.261 | INFO     | N/A | ⏳ 等待 Profile 更新任务...
2026-07-12 15:30:29.292 | INFO     | N/A | ⏳ 等待 Profile 更新任务...
2026-07-12 15:30:34.323 | INFO     | N/A | ⏳ 等待 Profile 更新任务...
2026-07-12 15:30:39.363 | INFO     | N/A | ⏳ 等待 Profile 更新任务...
2026-07-12 15:30:44.394 | INFO     | N/A | ⏳ 等待 Profile 更新任务...
2026-07-12 15:30:49.424 | INFO     | N/A | ⏳ 等待 Profile 更新任务...
2026-07-12 15:30:54.455 | INFO     | N/A | ⏳ 等待 Profile 更新任务...
2026-07-12 15:30:59.490 | INFO     | N/A | ⏳ 等待 Profile 更新任务...
2026-07-12 15:31:04.536 | INFO     | N/A | ⏳ 等待 Profile 更新任务...
2026-07-12 15:31:09.600 | INFO     | N/A | ⏳ 等待 Profile 更新任务...
2026-07-12 15:31:14.630 | INFO     | N/A | ⏳ 等待 Profile 更新任务...
2026-07-12 15:31:19.657 | INFO     | N/A | ⏳ 等待 Profile 更新任务...
2026-07-12 15:31:24.691 | INFO     | N/A | ⏳ 等待 Profile 更新任务...
2026-07-12 15:31:29.721 | INFO     | N/A | ⏳ 等待 Profile 更新任务...
2026-07-12 15:31:34.754 | INFO     | N/A | ⏳ 等待 Profile 更新任务...
2026-07-12 15:31:39.785 | INFO     | N/A | ⏳ 等待 Profile 更新任务...
2026-07-12 15:31:44.817 | INFO     | N/A | ⏳ 等待 Profile 更新任务...
2026-07-12 15:31:49.861 | INFO     | N/A | ⏳ 等待 Profile 更新任务...
2026-07-12 15:31:54.893 | INFO     | N/A | ⏳ 等待 Profile 更新任务...
2026-07-12 15:31:59.925 | INFO     | N/A | ⏳ 等待 Profile 更新任务...
2026-07-12 15:32:04.961 | INFO     | N/A | ⏳ 等待 Profile 更新任务...
2026-07-12 15:32:09.991 | INFO     | N/A | ⏳ 等待 Profile 更新任务...
2026-07-12 15:32:15.024 | INFO     | N/A | ⏳ 等待 Profile 更新任务...
2026-07-12 15:32:20.064 | INFO     | N/A | ⏳ 等待 Profile 更新任务...
2026-07-12 15:32:25.087 | INFO     | N/A | ⏳ 等待 Profile 更新任务...
2026-07-12 15:32:30.142 | INFO     | N/A | ⏳ 等待 Profile 更新任务...
2026-07-12 15:32:35.168 | INFO     | N/A | ⏳ 等待 Profile 更新任务...
2026-07-12 15:32:40.203 | INFO     | N/A | ⏳ 等待 Profile 更新任务...
2026-07-12 15:32:45.235 | INFO     | N/A | ⏳ 等待 Profile 更新任务...
2026-07-12 15:32:50.274 | INFO     | N/A | ⏳ 等待 Profile 更新任务...
2026-07-12 15:32:55.299 | INFO     | N/A | ⏳ 等待 Profile 更新任务...
2026-07-12 15:33:00.344 | INFO     | N/A | ⏳ 等待 Profile 更新任务...
2026-07-12 15:33:05.376 | INFO     | N/A | ⏳ 等待 Profile 更新任务...
2026-07-12 15:33:10.400 | INFO     | N/A | ⏳ 等待 Profile 更新任务...
2026-07-12 15:33:15.425 | INFO     | N/A | ⏳ 等待 Profile 更新任务...
2026-07-12 15:33:20.458 | INFO     | N/A | ⏳ 等待 Profile 更新任务...
2026-07-12 15:33:25.485 | INFO     | N/A | ⏳ 等待 Profile 更新任务...
2026-07-12 15:33:30.510 | INFO     | N/A | ⏳ 等待 Profile 更新任务...
2026-07-12 15:33:35.539 | INFO     | N/A | ⏳ 等待 Profile 更新任务...
2026-07-12 15:33:40.572 | INFO     | N/A | ⏳ 等待 Profile 更新任务...
2026-07-12 15:33:45.604 | INFO     | N/A | ⏳ 等待 Profile 更新任务...
2026-07-12 15:33:50.635 | INFO     | N/A | ⏳ 等待 Profile 更新任务...
2026-07-12 15:33:55.668 | INFO     | N/A | ⏳ 等待 Profile 更新任务...
2026-07-12 15:34:00.700 | INFO     | N/A | ⏳ 等待 Profile 更新任务...
2026-07-12 15:34:05.732 | INFO     | N/A | ⏳ 等待 Profile 更新任务...
2026-07-12 15:34:10.764 | INFO     | N/A | ⏳ 等待 Profile 更新任务...
2026-07-12 15:34:15.795 | INFO     | N/A | ⏳ 等待 Profile 更新任务...
2026-07-12 15:34:20.828 | INFO     | N/A | ⏳ 等待 Profile 更新任务...
2026-07-12 15:34:25.861 | INFO     | N/A | ⏳ 等待 Profile 更新任务...
2026-07-12 15:34:30.899 | INFO     | N/A | ⏳ 等待 Profile 更新任务...
2026-07-12 15:34:35.933 | INFO     | N/A | ⏳ 等待 Profile 更新任务...
2026-07-12 15:34:40.966 | INFO     | N/A | ⏳ 等待 Profile 更新任务...
2026-07-12 15:34:45.998 | INFO     | N/A | ⏳ 等待 Profile 更新任务...
2026-07-12 15:34:51.030 | INFO     | N/A | ⏳ 等待 Profile 更新任务...
2026-07-12 15:34:56.067 | INFO     | N/A | ⏳ 等待 Profile 更新任务...
2026-07-12 15:35:01.100 | INFO     | N/A | ⏳ 等待 Profile 更新任务...
2026-07-12 15:35:06.148 | INFO     | N/A | ⏳ 等待 Profile 更新任务...
2026-07-12 15:35:11.194 | INFO     | N/A | ⏳ 等待 Profile 更新任务...
2026-07-12 15:35:16.225 | INFO     | N/A | ⏳ 等待 Profile 更新任务...
2026-07-12 15:35:21.259 | INFO     | N/A | ⏳ 等待 Profile 更新任务...
2026-07-12 15:35:26.285 | INFO     | N/A | ⏳ 等待 Profile 更新任务...
2026-07-12 15:35:31.329 | INFO     | N/A | ⏳ 等待 Profile 更新任务...
2026-07-12 15:35:36.350 | INFO     | N/A | ⏳ 等待 Profile 更新任务...
2026-07-12 15:35:41.377 | INFO     | N/A | ⏳ 等待 Profile 更新任务...
2026-07-12 15:35:46.406 | INFO     | N/A | ⏳ 等待 Profile 更新任务...
2026-07-12 15:35:51.435 | INFO     | N/A | ⏳ 等待 Profile 更新任务...
2026-07-12 15:35:56.465 | INFO     | N/A | ⏳ 等待 Profile 更新任务...
2026-07-12 15:36:01.496 | INFO     | N/A | ⏳ 等待 Profile 更新任务...
2026-07-12 15:36:06.525 | INFO     | N/A | ⏳ 等待 Profile 更新任务...
2026-07-12 15:36:11.554 | INFO     | N/A | ⏳ 等待 Profile 更新任务...
2026-07-12 15:36:16.584 | INFO     | N/A | ⏳ 等待 Profile 更新任务...
2026-07-12 15:36:21.617 | INFO     | N/A | ⏳ 等待 Profile 更新任务...
2026-07-12 15:36:26.649 | INFO     | N/A | ⏳ 等待 Profile 更新任务...
2026-07-12 15:36:31.682 | INFO     | N/A | ⏳ 等待 Profile 更新任务...
2026-07-12 15:36:36.713 | INFO     | N/A | ⏳ 等待 Profile 更新任务...
2026-07-12 15:36:41.745 | INFO     | N/A | ⏳ 等待 Profile 更新任务...
2026-07-12 15:36:46.779 | INFO     | N/A | ⏳ 等待 Profile 更新任务...
2026-07-12 15:36:51.815 | INFO     | N/A | ⏳ 等待 Profile 更新任务...
2026-07-12 15:36:56.848 | INFO     | N/A | ⏳ 等待 Profile 更新任务...
2026-07-12 15:37:01.888 | INFO     | N/A | ⏳ 等待 Profile 更新任务...
2026-07-12 15:37:06.921 | INFO     | N/A | ⏳ 等待 Profile 更新任务...
2026-07-12 15:37:11.950 | INFO     | N/A | ⏳ 等待 Profile 更新任务...
2026-07-12 15:37:16.998 | INFO     | N/A | ⏳ 等待 Profile 更新任务...
2026-07-12 15:37:22.041 | INFO     | N/A | ⏳ 等待 Profile 更新任务...
2026-07-12 15:37:27.083 | INFO     | N/A | ⏳ 等待 Profile 更新任务...
2026-07-12 15:37:32.112 | INFO     | N/A | ⏳ 等待 Profile 更新任务...
2026-07-12 15:37:37.138 | INFO     | N/A | ⏳ 等待 Profile 更新任务...
2026-07-12 15:37:42.170 | INFO     | N/A | ⏳ 等待 Profile 更新任务...
2026-07-12 15:37:47.196 | INFO     | N/A | ⏳ 等待 Profile 更新任务...
2026-07-12 15:37:52.221 | INFO     | N/A | ⏳ 等待 Profile 更新任务...
2026-07-12 15:37:57.259 | INFO     | N/A | ⏳ 等待 Profile 更新任务...
2026-07-12 15:38:02.308 | INFO     | N/A | ⏳ 等待 Profile 更新任务...
2026-07-12 15:38:07.367 | INFO     | N/A | ⏳ 等待 Profile 更新任务...
2026-07-12 15:38:12.393 | INFO     | N/A | ⏳ 等待 Profile 更新任务...
2026-07-12 15:38:17.420 | INFO     | N/A | ⏳ 等待 Profile 更新任务...
2026-07-12 15:38:22.443 | INFO     | N/A | ⏳ 等待 Profile 更新任务...
2026-07-12 15:38:27.469 | INFO     | N/A | ⏳ 等待 Profile 更新任务...
2026-07-12 15:38:32.498 | INFO     | N/A | ⏳ 等待 Profile 更新任务...
2026-07-12 15:38:37.524 | INFO     | N/A | ⏳ 等待 Profile 更新任务...
2026-07-12 15:38:42.558 | INFO     | N/A | ⏳ 等待 Profile 更新任务...
2026-07-12 15:38:47.590 | INFO     | N/A | ⏳ 等待 Profile 更新任务...
2026-07-12 15:38:52.625 | INFO     | N/A | ⏳ 等待 Profile 更新任务...
2026-07-12 15:38:57.658 | INFO     | N/A | ⏳ 等待 Profile 更新任务...
2026-07-12 15:39:02.694 | INFO     | N/A | ⏳ 等待 Profile 更新任务...
2026-07-12 15:39:07.734 | INFO     | N/A | ⏳ 等待 Profile 更新任务...
2026-07-12 15:39:12.770 | INFO     | N/A | ⏳ 等待 Profile 更新任务...
2026-07-12 15:39:17.801 | INFO     | N/A | ⏳ 等待 Profile 更新任务...
2026-07-12 15:39:22.830 | INFO     | N/A | ⏳ 等待 Profile 更新任务...
2026-07-12 15:39:27.867 | INFO     | N/A | ⏳ 等待 Profile 更新任务...
2026-07-12 15:39:32.901 | INFO     | N/A | ⏳ 等待 Profile 更新任务...
2026-07-12 15:39:37.928 | INFO     | N/A | ⏳ 等待 Profile 更新任务...
2026-07-12 15:39:42.962 | INFO     | N/A | ⏳ 等待 Profile 更新任务...
2026-07-12 15:39:47.996 | INFO     | N/A | ⏳ 等待 Profile 更新任务...
2026-07-12 15:39:53.034 | INFO     | N/A | ⏳ 等待 Profile 更新任务...
2026-07-12 15:39:58.069 | INFO     | N/A | ⏳ 等待 Profile 更新任务...
2026-07-12 15:40:03.107 | INFO     | N/A | ⏳ 等待 Profile 更新任务...
2026-07-12 15:40:08.144 | INFO     | N/A | ⏳ 等待 Profile 更新任务...
2026-07-12 15:40:13.179 | INFO     | N/A | ⏳ 等待 Profile 更新任务...
2026-07-12 15:40:18.212 | INFO     | N/A | ⏳ 等待 Profile 更新任务...
2026-07-12 15:40:23.255 | INFO     | N/A | ⏳ 等待 Profile 更新任务...
2026-07-12 15:40:28.287 | INFO     | N/A | ⏳ 等待 Profile 更新任务...
2026-07-12 15:40:33.329 | INFO     | N/A | ⏳ 等待 Profile 更新任务...
2026-07-12 15:40:38.361 | INFO     | N/A | ⏳ 等待 Profile 更新任务...
2026-07-12 15:40:43.393 | INFO     | N/A | ⏳ 等待 Profile 更新任务...
2026-07-12 15:40:48.432 | INFO     | N/A | ⏳ 等待 Profile 更新任务...
2026-07-12 15:40:53.466 | INFO     | N/A | ⏳ 等待 Profile 更新任务...
2026-07-12 15:40:58.502 | INFO     | N/A | ⏳ 等待 Profile 更新任务...
2026-07-12 15:41:03.534 | INFO     | N/A | ⏳ 等待 Profile 更新任务...
2026-07-12 15:41:08.573 | INFO     | N/A | ⏳ 等待 Profile 更新任务...
2026-07-12 15:41:13.610 | INFO     | N/A | ⏳ 等待 Profile 更新任务...
2026-07-12 15:41:18.635 | INFO     | N/A | ⏳ 等待 Profile 更新任务...
2026-07-12 15:41:23.661 | INFO     | N/A | ⏳ 等待 Profile 更新任务...
2026-07-12 15:41:28.691 | INFO     | N/A | ⏳ 等待 Profile 更新任务...
2026-07-12 15:41:33.733 | INFO     | N/A | ⏳ 等待 Profile 更新任务...
2026-07-12 15:41:38.767 | INFO     | N/A | ⏳ 等待 Profile 更新任务...
2026-07-12 15:41:43.798 | INFO     | N/A | ⏳ 等待 Profile 更新任务...
2026-07-12 15:41:48.833 | INFO     | N/A | ⏳ 等待 Profile 更新任务...
2026-07-12 15:41:53.888 | INFO     | N/A | ⏳ 等待 Profile 更新任务...
2026-07-12 15:41:58.917 | INFO     | N/A | ⏳ 等待 Profile 更新任务...
2026-07-12 15:42:03.950 | INFO     | N/A | ⏳ 等待 Profile 更新任务...
2026-07-12 15:42:08.982 | INFO     | N/A | ⏳ 等待 Profile 更新任务...
2026-07-12 15:42:14.022 | INFO     | N/A | ⏳ 等待 Profile 更新任务...
2026-07-12 15:42:19.060 | INFO     | N/A | ⏳ 等待 Profile 更新任务...
2026-07-12 15:42:24.094 | INFO     | N/A | ⏳ 等待 Profile 更新任务...
2026-07-12 15:42:29.128 | INFO     | N/A | ⏳ 等待 Profile 更新任务...
2026-07-12 15:42:34.161 | INFO     | N/A | ⏳ 等待 Profile 更新任务...
2026-07-12 15:42:39.195 | INFO     | N/A | ⏳ 等待 Profile 更新任务...
2026-07-12 15:42:44.283 | INFO     | N/A | ⏳ 等待 Profile 更新任务...
2026-07-12 15:42:49.315 | INFO     | N/A | ⏳ 等待 Profile 更新任务...
2026-07-12 15:42:54.387 | INFO     | N/A | ⏳ 等待 Profile 更新任务...
2026-07-12 15:42:59.421 | INFO     | N/A | ⏳ 等待 Profile 更新任务...
2026-07-12 15:43:04.452 | INFO     | N/A | ⏳ 等待 Profile 更新任务...
2026-07-12 15:43:09.489 | INFO     | N/A | ⏳ 等待 Profile 更新任务...
2026-07-12 15:43:14.529 | INFO     | N/A | ⏳ 等待 Profile 更新任务...
2026-07-12 15:43:19.569 | INFO     | N/A | ⏳ 等待 Profile 更新任务...
2026-07-12 15:43:24.599 | INFO     | N/A | ⏳ 等待 Profile 更新任务...
2026-07-12 15:43:29.633 | INFO     | N/A | ⏳ 等待 Profile 更新任务...
2026-07-12 15:43:34.674 | INFO     | N/A | ⏳ 等待 Profile 更新任务...
2026-07-12 15:43:39.706 | INFO     | N/A | ⏳ 等待 Profile 更新任务...
2026-07-12 15:43:44.742 | INFO     | N/A | ⏳ 等待 Profile 更新任务...
2026-07-12 15:43:49.778 | INFO     | N/A | ⏳ 等待 Profile 更新任务...
2026-07-12 15:43:54.809 | INFO     | N/A | ⏳ 等待 Profile 更新任务...
2026-07-12 15:43:59.841 | INFO     | N/A | ⏳ 等待 Profile 更新任务...
2026-07-12 15:44:04.884 | INFO     | N/A | ⏳ 等待 Profile 更新任务...
2026-07-12 15:44:09.918 | INFO     | N/A | ⏳ 等待 Profile 更新任务...
2026-07-12 15:44:14.987 | INFO     | N/A | ⏳ 等待 Profile 更新任务...
2026-07-12 15:44:20.020 | INFO     | N/A | ⏳ 等待 Profile 更新任务...
2026-07-12 15:44:25.053 | INFO     | N/A | ⏳ 等待 Profile 更新任务...
2026-07-12 15:44:30.078 | INFO     | N/A | ⏳ 等待 Profile 更新任务...
2026-07-12 15:44:35.115 | INFO     | N/A | ⏳ 等待 Profile 更新任务...
2026-07-12 15:44:40.145 | INFO     | N/A | ⏳ 等待 Profile 更新任务...
2026-07-12 15:44:45.196 | INFO     | N/A | ⏳ 等待 Profile 更新任务...
2026-07-12 15:44:50.261 | INFO     | N/A | ⏳ 等待 Profile 更新任务...
2026-07-12 15:44:55.294 | INFO     | N/A | ⏳ 等待 Profile 更新任务...
2026-07-12 15:45:00.329 | INFO     | N/A | ⏳ 等待 Profile 更新任务...
2026-07-12 15:45:05.360 | INFO     | N/A | ⏳ 等待 Profile 更新任务...
2026-07-12 15:45:10.393 | INFO     | N/A | ⏳ 等待 Profile 更新任务...
2026-07-12 15:45:15.429 | INFO     | N/A | ⏳ 等待 Profile 更新任务...
2026-07-12 15:45:20.464 | INFO     | N/A | ⏳ 等待 Profile 更新任务...
2026-07-12 15:45:25.496 | INFO     | N/A | ⏳ 等待 Profile 更新任务...
2026-07-12 15:45:30.531 | INFO     | N/A | ⏳ 等待 Profile 更新任务...
2026-07-12 15:45:35.564 | INFO     | N/A | ⏳ 等待 Profile 更新任务...
2026-07-12 15:45:40.596 | INFO     | N/A | ⏳ 等待 Profile 更新任务...
2026-07-12 15:45:45.629 | INFO     | N/A | ⏳ 等待 Profile 更新任务...
2026-07-12 15:45:50.663 | INFO     | N/A | ⏳ 等待 Profile 更新任务...
2026-07-12 15:45:55.697 | INFO     | N/A | ⏳ 等待 Profile 更新任务...
2026-07-12 15:46:00.726 | INFO     | N/A | ⏳ 等待 Profile 更新任务...
2026-07-12 15:46:05.764 | INFO     | N/A | ⏳ 等待 Profile 更新任务...
2026-07-12 15:46:10.795 | INFO     | N/A | ⏳ 等待 Profile 更新任务...
2026-07-12 15:46:15.825 | INFO     | N/A | ⏳ 等待 Profile 更新任务...
2026-07-12 15:46:20.857 | INFO     | N/A | ⏳ 等待 Profile 更新任务...
2026-07-12 15:46:25.892 | INFO     | N/A | ⏳ 等待 Profile 更新任务...
2026-07-12 15:46:30.926 | INFO     | N/A | ⏳ 等待 Profile 更新任务...
2026-07-12 15:46:35.960 | INFO     | N/A | ⏳ 等待 Profile 更新任务...
2026-07-12 15:46:40.993 | INFO     | N/A | ⏳ 等待 Profile 更新任务...
2026-07-12 15:46:46.026 | INFO     | N/A | ⏳ 等待 Profile 更新任务...
2026-07-12 15:46:51.057 | INFO     | N/A | ⏳ 等待 Profile 更新任务...
2026-07-12 15:46:56.092 | INFO     | N/A | ⏳ 等待 Profile 更新任务...
2026-07-12 15:47:01.125 | INFO     | N/A | ⏳ 等待 Profile 更新任务...
2026-07-12 15:47:06.156 | INFO     | N/A | ⏳ 等待 Profile 更新任务...
2026-07-12 15:47:11.187 | INFO     | N/A | ⏳ 等待 Profile 更新任务...
2026-07-12 15:47:16.220 | INFO     | N/A | ⏳ 等待 Profile 更新任务...
2026-07-12 15:47:21.254 | INFO     | N/A | ⏳ 等待 Profile 更新任务...
2026-07-12 15:47:26.287 | INFO     | N/A | ⏳ 等待 Profile 更新任务...
2026-07-12 15:47:31.321 | INFO     | N/A | ⏳ 等待 Profile 更新任务...
2026-07-12 15:47:36.354 | INFO     | N/A | ⏳ 等待 Profile 更新任务...
2026-07-12 15:47:41.388 | INFO     | N/A | ⏳ 等待 Profile 更新任务...
2026-07-12 15:47:46.421 | INFO     | N/A | ⏳ 等待 Profile 更新任务...
2026-07-12 15:47:51.452 | INFO     | N/A | ⏳ 等待 Profile 更新任务...
2026-07-12 15:47:56.483 | INFO     | N/A | ⏳ 等待 Profile 更新任务...
2026-07-12 15:48:01.518 | INFO     | N/A | ⏳ 等待 Profile 更新任务...
2026-07-12 15:48:06.556 | INFO     | N/A | ⏳ 等待 Profile 更新任务...
2026-07-12 15:48:11.588 | INFO     | N/A | ⏳ 等待 Profile 更新任务...
2026-07-12 15:48:16.623 | INFO     | N/A | ⏳ 等待 Profile 更新任务...
2026-07-12 15:48:21.660 | INFO     | N/A | ⏳ 等待 Profile 更新任务...
2026-07-12 15:48:26.692 | INFO     | N/A | ⏳ 等待 Profile 更新任务...
2026-07-12 15:48:31.722 | INFO     | N/A | ⏳ 等待 Profile 更新任务...
2026-07-12 15:48:36.751 | INFO     | N/A | ⏳ 等待 Profile 更新任务...
2026-07-12 15:48:41.790 | INFO     | N/A | ⏳ 等待 Profile 更新任务...
2026-07-12 15:48:46.824 | INFO     | N/A | ⏳ 等待 Profile 更新任务...
2026-07-12 15:48:51.856 | INFO     | N/A | ⏳ 等待 Profile 更新任务...
2026-07-12 15:48:56.891 | INFO     | N/A | ⏳ 等待 Profile 更新任务...
2026-07-12 15:49:01.925 | INFO     | N/A | ⏳ 等待 Profile 更新任务...
2026-07-12 15:49:06.966 | INFO     | N/A | ⏳ 等待 Profile 更新任务...
2026-07-12 15:49:12.001 | INFO     | N/A | ⏳ 等待 Profile 更新任务...
2026-07-12 15:49:17.062 | INFO     | N/A | ⏳ 等待 Profile 更新任务...
2026-07-12 15:49:22.122 | INFO     | N/A | ⏳ 等待 Profile 更新任务...
2026-07-12 15:49:27.156 | INFO     | N/A | ⏳ 等待 Profile 更新任务...
2026-07-12 15:49:32.251 | INFO     | N/A | ⏳ 等待 Profile 更新任务...
2026-07-12 15:49:37.287 | INFO     | N/A | ⏳ 等待 Profile 更新任务...
2026-07-12 15:49:42.324 | INFO     | N/A | ⏳ 等待 Profile 更新任务...
2026-07-12 15:49:47.388 | INFO     | N/A | ⏳ 等待 Profile 更新任务...
2026-07-12 15:49:52.430 | INFO     | N/A | ⏳ 等待 Profile 更新任务...
2026-07-12 15:49:57.459 | INFO     | N/A | ⏳ 等待 Profile 更新任务...
2026-07-12 15:50:02.489 | INFO     | N/A | ⏳ 等待 Profile 更新任务...
2026-07-12 15:50:07.519 | INFO     | N/A | ⏳ 等待 Profile 更新任务...
2026-07-12 15:50:12.546 | INFO     | N/A | ⏳ 等待 Profile 更新任务...
2026-07-12 15:50:17.582 | INFO     | N/A | ⏳ 等待 Profile 更新任务...
2026-07-12 15:50:22.615 | INFO     | N/A | ⏳ 等待 Profile 更新任务...
2026-07-12 15:50:27.644 | INFO     | N/A | ⏳ 等待 Profile 更新任务...
2026-07-12 15:50:32.681 | INFO     | N/A | ⏳ 等待 Profile 更新任务...
2026-07-12 15:50:37.712 | INFO     | N/A | ⏳ 等待 Profile 更新任务...
2026-07-12 15:50:42.766 | INFO     | N/A | ⏳ 等待 Profile 更新任务...
2026-07-12 15:50:47.814 | INFO     | N/A | ⏳ 等待 Profile 更新任务...
2026-07-12 15:50:52.941 | INFO     | N/A | ⏳ 等待 Profile 更新任务...
2026-07-12 15:50:58.027 | INFO     | N/A | ⏳ 等待 Profile 更新任务...
2026-07-12 15:51:03.055 | INFO     | N/A | ⏳ 等待 Profile 更新任务...
2026-07-12 15:51:08.082 | INFO     | N/A | ⏳ 等待 Profile 更新任务...
2026-07-12 15:51:13.166 | INFO     | N/A | ⏳ 等待 Profile 更新任务...
2026-07-12 15:51:18.205 | INFO     | N/A | ⏳ 等待 Profile 更新任务...
2026-07-12 15:51:23.241 | INFO     | N/A | ⏳ 等待 Profile 更新任务...
2026-07-12 15:51:28.273 | INFO     | N/A | ⏳ 等待 Profile 更新任务...
2026-07-12 15:51:33.300 | INFO     | N/A | ⏳ 等待 Profile 更新任务...
2026-07-12 15:51:38.334 | INFO     | N/A | ⏳ 等待 Profile 更新任务...
2026-07-12 15:51:43.368 | INFO     | N/A | ⏳ 等待 Profile 更新任务...
2026-07-12 15:51:48.397 | INFO     | N/A | ⏳ 等待 Profile 更新任务...
2026-07-12 15:51:53.473 | INFO     | N/A | ⏳ 等待 Profile 更新任务...
2026-07-12 15:51:58.512 | INFO     | N/A | ⏳ 等待 Profile 更新任务...
2026-07-12 15:52:03.548 | INFO     | N/A | ⏳ 等待 Profile 更新任务...
2026-07-12 15:52:08.582 | INFO     | N/A | ⏳ 等待 Profile 更新任务...
2026-07-12 15:52:13.617 | INFO     | N/A | ⏳ 等待 Profile 更新任务...
2026-07-12 15:52:18.649 | INFO     | N/A | ⏳ 等待 Profile 更新任务...
2026-07-12 15:52:23.682 | INFO     | N/A | ⏳ 等待 Profile 更新任务...
2026-07-12 15:52:28.717 | INFO     | N/A | ⏳ 等待 Profile 更新任务...
2026-07-12 15:52:33.748 | INFO     | N/A | ⏳ 等待 Profile 更新任务...
2026-07-12 15:52:38.782 | INFO     | N/A | ⏳ 等待 Profile 更新任务...
2026-07-12 15:52:43.812 | INFO     | N/A | ⏳ 等待 Profile 更新任务...
2026-07-12 15:52:48.847 | INFO     | N/A | ⏳ 等待 Profile 更新任务...
2026-07-12 15:52:53.880 | INFO     | N/A | ⏳ 等待 Profile 更新任务...
2026-07-12 15:52:58.910 | INFO     | N/A | ⏳ 等待 Profile 更新任务...
2026-07-12 15:53:03.972 | INFO     | N/A | ⏳ 等待 Profile 更新任务...
2026-07-12 15:53:09.004 | INFO     | N/A | ⏳ 等待 Profile 更新任务...
2026-07-12 15:53:14.055 | INFO     | N/A | ⏳ 等待 Profile 更新任务...
2026-07-12 15:53:19.085 | INFO     | N/A | ⏳ 等待 Profile 更新任务...
2026-07-12 15:53:24.121 | INFO     | N/A | ⏳ 等待 Profile 更新任务...
2026-07-12 15:53:29.162 | INFO     | N/A | ⏳ 等待 Profile 更新任务...
2026-07-12 15:53:34.196 | INFO     | N/A | ⏳ 等待 Profile 更新任务...
2026-07-12 15:53:39.236 | INFO     | N/A | ⏳ 等待 Profile 更新任务...
2026-07-12 15:53:44.266 | INFO     | N/A | ⏳ 等待 Profile 更新任务...
2026-07-12 15:53:49.303 | INFO     | N/A | ⏳ 等待 Profile 更新任务...
2026-07-12 15:53:54.339 | INFO     | N/A | ⏳ 等待 Profile 更新任务...
2026-07-12 15:53:59.372 | INFO     | N/A | ⏳ 等待 Profile 更新任务...
2026-07-12 15:54:04.411 | INFO     | N/A | ⏳ 等待 Profile 更新任务...
2026-07-12 15:54:09.443 | INFO     | N/A | ⏳ 等待 Profile 更新任务...
2026-07-12 15:54:14.478 | INFO     | N/A | ⏳ 等待 Profile 更新任务...
2026-07-12 15:54:19.575 | INFO     | N/A | ⏳ 等待 Profile 更新任务...
2026-07-12 15:54:24.605 | INFO     | N/A | ⏳ 等待 Profile 更新任务...
2026-07-12 15:54:29.639 | INFO     | N/A | ⏳ 等待 Profile 更新任务...
2026-07-12 15:54:34.673 | INFO     | N/A | ⏳ 等待 Profile 更新任务...
2026-07-12 15:54:39.707 | INFO     | N/A | ⏳ 等待 Profile 更新任务...
2026-07-12 15:54:44.740 | INFO     | N/A | ⏳ 等待 Profile 更新任务...
2026-07-12 15:54:49.773 | INFO     | N/A | ⏳ 等待 Profile 更新任务...
2026-07-12 15:54:54.808 | INFO     | N/A | ⏳ 等待 Profile 更新任务...
2026-07-12 15:54:59.839 | INFO     | N/A | ⏳ 等待 Profile 更新任务...
2026-07-12 15:55:04.872 | INFO     | N/A | ⏳ 等待 Profile 更新任务...
2026-07-12 15:55:09.903 | INFO     | N/A | ⏳ 等待 Profile 更新任务...
2026-07-12 15:55:14.934 | INFO     | N/A | ⏳ 等待 Profile 更新任务...
2026-07-12 15:55:19.966 | INFO     | N/A | ⏳ 等待 Profile 更新任务...
2026-07-12 15:55:25.001 | INFO     | N/A | ⏳ 等待 Profile 更新任务...
2026-07-12 15:55:30.036 | INFO     | N/A | ⏳ 等待 Profile 更新任务...
2026-07-12 15:55:35.066 | INFO     | N/A | ⏳ 等待 Profile 更新任务...
2026-07-12 15:55:40.104 | INFO     | N/A | ⏳ 等待 Profile 更新任务...
2026-07-12 15:55:45.136 | INFO     | N/A | ⏳ 等待 Profile 更新任务...
2026-07-12 15:55:50.169 | INFO     | N/A | ⏳ 等待 Profile 更新任务...
2026-07-12 15:55:55.203 | INFO     | N/A | ⏳ 等待 Profile 更新任务...
2026-07-12 15:56:00.237 | INFO     | N/A | ⏳ 等待 Profile 更新任务...
2026-07-12 15:56:05.277 | INFO     | N/A | ⏳ 等待 Profile 更新任务...
2026-07-12 15:56:10.302 | INFO     | N/A | ⏳ 等待 Profile 更新任务...
2026-07-12 15:56:15.332 | INFO     | N/A | ⏳ 等待 Profile 更新任务...
2026-07-12 15:56:20.385 | INFO     | N/A | ⏳ 等待 Profile 更新任务...
2026-07-12 15:56:25.413 | INFO     | N/A | ⏳ 等待 Profile 更新任务...
2026-07-12 15:56:30.442 | INFO     | N/A | ⏳ 等待 Profile 更新任务...
2026-07-12 15:56:35.467 | INFO     | N/A | ⏳ 等待 Profile 更新任务...
2026-07-12 15:56:40.497 | INFO     | N/A | ⏳ 等待 Profile 更新任务...
2026-07-12 15:56:45.523 | INFO     | N/A | ⏳ 等待 Profile 更新任务...
2026-07-12 15:56:50.553 | INFO     | N/A | ⏳ 等待 Profile 更新任务...
2026-07-12 15:56:55.582 | INFO     | N/A | ⏳ 等待 Profile 更新任务...
2026-07-12 15:57:00.607 | INFO     | N/A | ⏳ 等待 Profile 更新任务...
2026-07-12 15:57:05.640 | INFO     | N/A | ⏳ 等待 Profile 更新任务...
2026-07-12 15:57:10.674 | INFO     | N/A | ⏳ 等待 Profile 更新任务...
2026-07-12 15:57:15.748 | INFO     | N/A | ⏳ 等待 Profile 更新任务...
2026-07-12 15:57:20.779 | INFO     | N/A | ⏳ 等待 Profile 更新任务...
2026-07-12 15:57:25.873 | INFO     | N/A | ⏳ 等待 Profile 更新任务...
2026-07-12 15:57:30.903 | INFO     | N/A | ⏳ 等待 Profile 更新任务...
2026-07-12 15:57:35.915 | INFO     | N/A | ⏳ 等待 Profile 更新任务...
2026-07-12 15:57:40.949 | INFO     | N/A | ⏳ 等待 Profile 更新任务...
2026-07-12 15:57:45.980 | INFO     | N/A | ⏳ 等待 Profile 更新任务...
2026-07-12 15:57:51.016 | INFO     | N/A | ⏳ 等待 Profile 更新任务...
2026-07-12 15:57:56.089 | INFO     | N/A | ⏳ 等待 Profile 更新任务...
2026-07-12 15:58:01.124 | INFO     | N/A | ⏳ 等待 Profile 更新任务...
2026-07-12 15:58:06.162 | INFO     | N/A | ⏳ 等待 Profile 更新任务...
2026-07-12 15:58:11.191 | INFO     | N/A | ⏳ 等待 Profile 更新任务...
2026-07-12 15:58:16.224 | INFO     | N/A | ⏳ 等待 Profile 更新任务...
2026-07-12 15:58:21.259 | INFO     | N/A | ⏳ 等待 Profile 更新任务...
2026-07-12 15:58:26.293 | INFO     | N/A | ⏳ 等待 Profile 更新任务...
2026-07-12 15:58:31.322 | INFO     | N/A | ⏳ 等待 Profile 更新任务...
2026-07-12 15:58:36.359 | INFO     | N/A | ⏳ 等待 Profile 更新任务...
2026-07-12 15:58:41.391 | INFO     | N/A | ⏳ 等待 Profile 更新任务...
2026-07-12 15:58:46.431 | INFO     | N/A | ⏳ 等待 Profile 更新任务...
2026-07-12 15:58:51.459 | INFO     | N/A | ⏳ 等待 Profile 更新任务...
2026-07-12 15:58:56.492 | INFO     | N/A | ⏳ 等待 Profile 更新任务...
2026-07-12 15:59:01.529 | INFO     | N/A | ⏳ 等待 Profile 更新任务...
2026-07-12 15:59:06.562 | INFO     | N/A | ⏳ 等待 Profile 更新任务...
2026-07-12 15:59:11.598 | INFO     | N/A | ⏳ 等待 Profile 更新任务...
2026-07-12 15:59:16.632 | INFO     | N/A | ⏳ 等待 Profile 更新任务...
2026-07-12 15:59:21.665 | INFO     | N/A | ⏳ 等待 Profile 更新任务...
2026-07-12 15:59:26.678 | INFO     | N/A | ⏳ 等待 Profile 更新任务...
2026-07-12 15:59:31.714 | INFO     | N/A | ⏳ 等待 Profile 更新任务...
2026-07-12 15:59:36.745 | INFO     | N/A | ⏳ 等待 Profile 更新任务...
2026-07-12 15:59:41.779 | INFO     | N/A | ⏳ 等待 Profile 更新任务...
2026-07-12 15:59:46.812 | INFO     | N/A | ⏳ 等待 Profile 更新任务...
2026-07-12 15:59:51.844 | INFO     | N/A | ⏳ 等待 Profile 更新任务...
2026-07-12 15:59:56.880 | INFO     | N/A | ⏳ 等待 Profile 更新任务...
2026-07-12 16:00:01.917 | INFO     | N/A | ⏳ 等待 Profile 更新任务...
2026-07-12 16:00:06.948 | INFO     | N/A | ⏳ 等待 Profile 更新任务...
2026-07-12 16:00:11.980 | INFO     | N/A | ⏳ 等待 Profile 更新任务...
2026-07-12 16:00:17.028 | INFO     | N/A | ⏳ 等待 Profile 更新任务...
2026-07-12 16:00:22.062 | INFO     | N/A | ⏳ 等待 Profile 更新任务...
2026-07-12 16:00:27.091 | INFO     | N/A | ⏳ 等待 Profile 更新任务...
2026-07-12 16:00:32.140 | INFO     | N/A | ⏳ 等待 Profile 更新任务...
2026-07-12 16:00:37.176 | INFO     | N/A | ⏳ 等待 Profile 更新任务...
2026-07-12 16:00:42.211 | INFO     | N/A | ⏳ 等待 Profile 更新任务...
2026-07-12 16:00:47.275 | INFO     | N/A | ⏳ 等待 Profile 更新任务...
2026-07-12 16:00:52.303 | INFO     | N/A | ⏳ 等待 Profile 更新任务...
2026-07-12 16:00:57.340 | INFO     | N/A | ⏳ 等待 Profile 更新任务...
2026-07-12 16:01:02.428 | INFO     | N/A | ⏳ 等待 Profile 更新任务...
2026-07-12 16:01:07.467 | INFO     | N/A | ⏳ 等待 Profile 更新任务...
2026-07-12 16:01:12.503 | INFO     | N/A | ⏳ 等待 Profile 更新任务...
2026-07-12 16:01:17.537 | INFO     | N/A | ⏳ 等待 Profile 更新任务...
2026-07-12 16:01:22.571 | INFO     | N/A | ⏳ 等待 Profile 更新任务...
2026-07-12 16:01:27.610 | INFO     | N/A | ⏳ 等待 Profile 更新任务...
2026-07-12 16:01:32.643 | INFO     | N/A | ⏳ 等待 Profile 更新任务...
2026-07-12 16:01:37.680 | INFO     | N/A | ⏳ 等待 Profile 更新任务...
2026-07-12 16:01:42.712 | INFO     | N/A | ⏳ 等待 Profile 更新任务...
2026-07-12 16:01:47.754 | INFO     | N/A | ⏳ 等待 Profile 更新任务...
2026-07-12 16:01:52.789 | INFO     | N/A | ⏳ 等待 Profile 更新任务...
2026-07-12 16:01:57.823 | INFO     | N/A | ⏳ 等待 Profile 更新任务...
2026-07-12 16:02:02.914 | INFO     | N/A | ⏳ 等待 Profile 更新任务...
2026-07-12 16:02:07.964 | INFO     | N/A | ⏳ 等待 Profile 更新任务...
2026-07-12 16:02:13.002 | INFO     | N/A | ⏳ 等待 Profile 更新任务...
2026-07-12 16:02:18.054 | INFO     | N/A | ⏳ 等待 Profile 更新任务...
2026-07-12 16:02:23.088 | INFO     | N/A | ⏳ 等待 Profile 更新任务...
2026-07-12 16:02:28.122 | INFO     | N/A | ⏳ 等待 Profile 更新任务...
2026-07-12 16:02:33.158 | INFO     | N/A | ⏳ 等待 Profile 更新任务...
2026-07-12 16:02:38.192 | INFO     | N/A | ⏳ 等待 Profile 更新任务...
2026-07-12 16:02:43.207 | INFO     | N/A | ⏳ 等待 Profile 更新任务...
2026-07-12 16:02:48.239 | INFO     | N/A | ⏳ 等待 Profile 更新任务...
2026-07-12 16:02:53.330 | INFO     | N/A | ⏳ 等待 Profile 更新任务...
2026-07-12 16:02:58.365 | INFO     | N/A | ⏳ 等待 Profile 更新任务...
2026-07-12 16:03:03.398 | INFO     | N/A | ⏳ 等待 Profile 更新任务...
2026-07-12 16:03:08.430 | INFO     | N/A | ⏳ 等待 Profile 更新任务...
2026-07-12 16:03:13.522 | INFO     | N/A | ⏳ 等待 Profile 更新任务...
2026-07-12 16:03:18.614 | INFO     | N/A | ⏳ 等待 Profile 更新任务...
2026-07-12 16:03:23.622 | INFO     | N/A | ⏳ 等待 Profile 更新任务...
2026-07-12 16:03:28.653 | INFO     | N/A | ⏳ 等待 Profile 更新任务...
2026-07-12 16:03:33.687 | INFO     | N/A | ⏳ 等待 Profile 更新任务...
2026-07-12 16:03:38.721 | INFO     | N/A | ⏳ 等待 Profile 更新任务...
2026-07-12 16:03:43.762 | INFO     | N/A | ⏳ 等待 Profile 更新任务...
2026-07-12 16:03:48.795 | INFO     | N/A | ⏳ 等待 Profile 更新任务...
2026-07-12 16:03:53.856 | INFO     | N/A | ⏳ 等待 Profile 更新任务...
2026-07-12 16:03:58.885 | INFO     | N/A | ⏳ 等待 Profile 更新任务...
2026-07-12 16:04:03.916 | INFO     | N/A | ⏳ 等待 Profile 更新任务...
2026-07-12 16:04:08.953 | INFO     | N/A | ⏳ 等待 Profile 更新任务...
2026-07-12 16:04:13.985 | INFO     | N/A | ⏳ 等待 Profile 更新任务...
2026-07-12 16:04:19.018 | INFO     | N/A | ⏳ 等待 Profile 更新任务...
2026-07-12 16:04:24.052 | INFO     | N/A | ⏳ 等待 Profile 更新任务...
2026-07-12 16:04:29.088 | INFO     | N/A | ⏳ 等待 Profile 更新任务...
2026-07-12 16:04:34.118 | INFO     | N/A | ⏳ 等待 Profile 更新任务...
2026-07-12 16:04:39.153 | INFO     | N/A | ⏳ 等待 Profile 更新任务...
2026-07-12 16:04:44.200 | INFO     | N/A | ⏳ 等待 Profile 更新任务...
2026-07-12 16:04:49.236 | INFO     | N/A | ⏳ 等待 Profile 更新任务...
2026-07-12 16:04:54.271 | INFO     | N/A | ⏳ 等待 Profile 更新任务...
2026-07-12 16:04:59.305 | INFO     | N/A | ⏳ 等待 Profile 更新任务...
2026-07-12 16:05:04.335 | INFO     | N/A | ⏳ 等待 Profile 更新任务...
2026-07-12 16:05:09.370 | INFO     | N/A | ⏳ 等待 Profile 更新任务...
2026-07-12 16:05:14.403 | INFO     | N/A | ⏳ 等待 Profile 更新任务...
2026-07-12 16:05:19.435 | INFO     | N/A | ⏳ 等待 Profile 更新任务...
2026-07-12 16:05:24.492 | INFO     | N/A | ⏳ 等待 Profile 更新任务...
2026-07-12 16:05:29.527 | INFO     | N/A | ⏳ 等待 Profile 更新任务...
2026-07-12 16:05:34.544 | INFO     | N/A | ⏳ 等待 Profile 更新任务...
2026-07-12 16:05:39.555 | INFO     | N/A | ⏳ 等待 Profile 更新任务...
2026-07-12 16:05:44.586 | INFO     | N/A | ⏳ 等待 Profile 更新任务...
2026-07-12 16:05:49.615 | INFO     | N/A | ⏳ 等待 Profile 更新任务...
2026-07-12 16:05:54.647 | INFO     | N/A | ⏳ 等待 Profile 更新任务...
2026-07-12 16:05:59.681 | INFO     | N/A | ⏳ 等待 Profile 更新任务...
2026-07-12 16:06:04.715 | INFO     | N/A | ⏳ 等待 Profile 更新任务...
2026-07-12 16:06:09.747 | INFO     | N/A | ⏳ 等待 Profile 更新任务...
2026-07-12 16:06:14.779 | INFO     | N/A | ⏳ 等待 Profile 更新任务...
2026-07-12 16:06:19.818 | INFO     | N/A | ⏳ 等待 Profile 更新任务...
2026-07-12 16:06:24.847 | INFO     | N/A | ⏳ 等待 Profile 更新任务...
2026-07-12 16:06:29.883 | INFO     | N/A | ⏳ 等待 Profile 更新任务...
2026-07-12 16:06:34.914 | INFO     | N/A | ⏳ 等待 Profile 更新任务...
2026-07-12 16:06:39.946 | INFO     | N/A | ⏳ 等待 Profile 更新任务...
2026-07-12 16:06:44.983 | INFO     | N/A | ⏳ 等待 Profile 更新任务...
2026-07-12 16:06:50.019 | INFO     | N/A | ⏳ 等待 Profile 更新任务...
2026-07-12 16:06:55.050 | INFO     | N/A | ⏳ 等待 Profile 更新任务...
2026-07-12 16:07:00.060 | INFO     | N/A | ⏳ 等待 Profile 更新任务...
2026-07-12 16:07:05.094 | INFO     | N/A | ⏳ 等待 Profile 更新任务...
2026-07-12 16:07:10.128 | INFO     | N/A | ⏳ 等待 Profile 更新任务...
2026-07-12 16:07:15.160 | INFO     | N/A | ⏳ 等待 Profile 更新任务...
2026-07-12 16:07:20.197 | INFO     | N/A | ⏳ 等待 Profile 更新任务...
2026-07-12 16:07:25.226 | INFO     | N/A | ⏳ 等待 Profile 更新任务...
2026-07-12 16:07:30.258 | INFO     | N/A | ⏳ 等待 Profile 更新任务...
2026-07-12 16:07:35.295 | INFO     | N/A | ⏳ 等待 Profile 更新任务...
2026-07-12 16:07:40.331 | INFO     | N/A | ⏳ 等待 Profile 更新任务...
2026-07-12 16:07:45.362 | INFO     | N/A | ⏳ 等待 Profile 更新任务...
2026-07-12 16:07:50.396 | INFO     | N/A | ⏳ 等待 Profile 更新任务...
2026-07-12 16:07:55.426 | INFO     | N/A | ⏳ 等待 Profile 更新任务...
2026-07-12 16:08:00.460 | INFO     | N/A | ⏳ 等待 Profile 更新任务...
2026-07-12 16:08:05.521 | INFO     | N/A | ⏳ 等待 Profile 更新任务...
2026-07-12 16:08:10.562 | INFO     | N/A | ⏳ 等待 Profile 更新任务...
2026-07-12 16:08:15.595 | INFO     | N/A | ⏳ 等待 Profile 更新任务...
2026-07-12 16:08:20.635 | INFO     | N/A | ⏳ 等待 Profile 更新任务...
2026-07-12 16:08:25.672 | INFO     | N/A | ⏳ 等待 Profile 更新任务...
2026-07-12 16:08:30.707 | INFO     | N/A | ⏳ 等待 Profile 更新任务...
2026-07-12 16:08:35.741 | INFO     | N/A | ⏳ 等待 Profile 更新任务...
2026-07-12 16:08:40.779 | INFO     | N/A | ⏳ 等待 Profile 更新任务...
2026-07-12 16:08:45.814 | INFO     | N/A | ⏳ 等待 Profile 更新任务...
2026-07-12 16:08:50.848 | INFO     | N/A | ⏳ 等待 Profile 更新任务...
2026-07-12 16:08:55.881 | INFO     | N/A | ⏳ 等待 Profile 更新任务...
2026-07-12 16:09:00.978 | INFO     | N/A | ⏳ 等待 Profile 更新任务...
2026-07-12 16:09:06.013 | INFO     | N/A | ⏳ 等待 Profile 更新任务...
2026-07-12 16:09:11.049 | INFO     | N/A | ⏳ 等待 Profile 更新任务...
2026-07-12 16:09:16.086 | INFO     | N/A | ⏳ 等待 Profile 更新任务...
2026-07-12 16:09:21.117 | INFO     | N/A | ⏳ 等待 Profile 更新任务...
2026-07-12 16:09:26.151 | INFO     | N/A | ⏳ 等待 Profile 更新任务...
2026-07-12 16:09:31.190 | INFO     | N/A | ⏳ 等待 Profile 更新任务...
2026-07-12 16:09:36.220 | INFO     | N/A | ⏳ 等待 Profile 更新任务...
2026-07-12 16:09:41.255 | INFO     | N/A | ⏳ 等待 Profile 更新任务...
2026-07-12 16:09:46.296 | INFO     | N/A | ⏳ 等待 Profile 更新任务...
2026-07-12 16:09:51.322 | INFO     | N/A | ⏳ 等待 Profile 更新任务...
2026-07-12 16:09:56.348 | INFO     | N/A | ⏳ 等待 Profile 更新任务...
2026-07-12 16:10:01.376 | INFO     | N/A | ⏳ 等待 Profile 更新任务...
2026-07-12 16:10:06.406 | INFO     | N/A | ⏳ 等待 Profile 更新任务...
2026-07-12 16:10:11.437 | INFO     | N/A | ⏳ 等待 Profile 更新任务...
2026-07-12 16:10:16.467 | INFO     | N/A | ⏳ 等待 Profile 更新任务...
2026-07-12 16:10:21.497 | INFO     | N/A | ⏳ 等待 Profile 更新任务...
2026-07-12 16:10:26.528 | INFO     | N/A | ⏳ 等待 Profile 更新任务...
2026-07-12 16:10:31.559 | INFO     | N/A | ⏳ 等待 Profile 更新任务...
2026-07-12 16:10:36.593 | INFO     | N/A | ⏳ 等待 Profile 更新任务...
2026-07-12 16:10:41.623 | INFO     | N/A | ⏳ 等待 Profile 更新任务...
2026-07-12 16:10:46.658 | INFO     | N/A | ⏳ 等待 Profile 更新任务...
2026-07-12 16:10:51.689 | INFO     | N/A | ⏳ 等待 Profile 更新任务...
2026-07-12 16:10:56.722 | INFO     | N/A | ⏳ 等待 Profile 更新任务...
2026-07-12 16:11:01.758 | INFO     | N/A | ⏳ 等待 Profile 更新任务...
2026-07-12 16:11:06.793 | INFO     | N/A | ⏳ 等待 Profile 更新任务...
2026-07-12 16:11:11.837 | INFO     | N/A | ⏳ 等待 Profile 更新任务...
2026-07-12 16:11:16.871 | INFO     | N/A | ⏳ 等待 Profile 更新任务...
2026-07-12 16:11:21.901 | INFO     | N/A | ⏳ 等待 Profile 更新任务...
2026-07-12 16:11:26.941 | INFO     | N/A | ⏳ 等待 Profile 更新任务...
2026-07-12 16:11:31.976 | INFO     | N/A | ⏳ 等待 Profile 更新任务...
2026-07-12 16:11:37.008 | INFO     | N/A | ⏳ 等待 Profile 更新任务...
2026-07-12 16:11:42.036 | INFO     | N/A | ⏳ 等待 Profile 更新任务...
2026-07-12 16:11:47.068 | INFO     | N/A | ⏳ 等待 Profile 更新任务...
2026-07-12 16:11:52.088 | INFO     | N/A | ⏳ 等待 Profile 更新任务...
2026-07-12 16:11:57.124 | INFO     | N/A | ⏳ 等待 Profile 更新任务...
2026-07-12 16:12:02.155 | INFO     | N/A | ⏳ 等待 Profile 更新任务...
2026-07-12 16:12:07.207 | INFO     | N/A | ⏳ 等待 Profile 更新任务...
2026-07-12 16:12:12.238 | INFO     | N/A | ⏳ 等待 Profile 更新任务...
2026-07-12 16:12:17.272 | INFO     | N/A | ⏳ 等待 Profile 更新任务...
2026-07-12 16:12:22.305 | INFO     | N/A | ⏳ 等待 Profile 更新任务...
2026-07-12 16:12:27.338 | INFO     | N/A | ⏳ 等待 Profile 更新任务...
2026-07-12 16:12:32.372 | INFO     | N/A | ⏳ 等待 Profile 更新任务...
2026-07-12 16:12:37.399 | INFO     | N/A | ⏳ 等待 Profile 更新任务...
2026-07-12 16:12:42.433 | INFO     | N/A | ⏳ 等待 Profile 更新任务...
2026-07-12 16:12:47.466 | INFO     | N/A | ⏳ 等待 Profile 更新任务...
2026-07-12 16:12:52.502 | INFO     | N/A | ⏳ 等待 Profile 更新任务...
2026-07-12 16:12:57.537 | INFO     | N/A | ⏳ 等待 Profile 更新任务...
2026-07-12 16:13:02.624 | INFO     | N/A | ⏳ 等待 Profile 更新任务...
2026-07-12 16:13:07.712 | INFO     | N/A | ⏳ 等待 Profile 更新任务...
2026-07-12 16:13:12.764 | INFO     | N/A | ⏳ 等待 Profile 更新任务...
2026-07-12 16:13:17.798 | INFO     | N/A | ⏳ 等待 Profile 更新任务...
2026-07-12 16:13:22.876 | INFO     | N/A | ⏳ 等待 Profile 更新任务...
2026-07-12 16:13:27.905 | INFO     | N/A | ⏳ 等待 Profile 更新任务...
2026-07-12 16:13:32.939 | INFO     | N/A | ⏳ 等待 Profile 更新任务...
2026-07-12 16:13:37.971 | INFO     | N/A | ⏳ 等待 Profile 更新任务...
2026-07-12 16:13:43.006 | INFO     | N/A | ⏳ 等待 Profile 更新任务...
2026-07-12 16:13:48.040 | INFO     | N/A | ⏳ 等待 Profile 更新任务...
2026-07-12 16:13:53.077 | INFO     | N/A | ⏳ 等待 Profile 更新任务...
2026-07-12 16:13:58.107 | INFO     | N/A | ⏳ 等待 Profile 更新任务...
2026-07-12 16:14:03.142 | INFO     | N/A | ⏳ 等待 Profile 更新任务...
2026-07-12 16:14:08.176 | INFO     | N/A | ⏳ 等待 Profile 更新任务...
2026-07-12 16:14:13.213 | INFO     | N/A | ⏳ 等待 Profile 更新任务...
2026-07-12 16:14:18.247 | INFO     | N/A | ⏳ 等待 Profile 更新任务...
2026-07-12 16:14:23.283 | INFO     | N/A | ⏳ 等待 Profile 更新任务...
2026-07-12 16:14:28.314 | INFO     | N/A | ⏳ 等待 Profile 更新任务...
2026-07-12 16:14:33.346 | INFO     | N/A | ⏳ 等待 Profile 更新任务...
2026-07-12 16:14:38.376 | INFO     | N/A | ⏳ 等待 Profile 更新任务...
2026-07-12 16:14:43.406 | INFO     | N/A | ⏳ 等待 Profile 更新任务...
2026-07-12 16:14:48.436 | INFO     | N/A | ⏳ 等待 Profile 更新任务...
2026-07-12 16:14:53.467 | INFO     | N/A | ⏳ 等待 Profile 更新任务...
2026-07-12 16:14:58.503 | INFO     | N/A | ⏳ 等待 Profile 更新任务...
2026-07-12 16:15:03.537 | INFO     | N/A | ⏳ 等待 Profile 更新任务...
2026-07-12 16:15:08.556 | INFO     | N/A | ⏳ 等待 Profile 更新任务...
2026-07-12 17:02:43.013 | ERROR    | N/A | Worker 主循环异常: Timeout reading from socket
Traceback (most recent call last):

  File "D:\毕业设计\Travel_python\.venv\Lib\site-packages\redis\_parsers\socket.py", line 64, in _read_from_socket
    data = sock.recv(socket_read_size)

TimeoutError: timed out


During handling of the above exception, another exception occurred:


Traceback (most recent call last):

  File "D:\毕业设计\Travel_python\travel_ai_python\app\service\profile_worker.py", line 194, in <module>
    run_worker()

> File "D:\毕业设计\Travel_python\travel_ai_python\app\service\profile_worker.py", line 169, in run_worker
    task_data = pop_profile_update_task(block=True, timeout=5)

  File "D:\毕业设计\Travel_python\travel_ai_python\app\utils\redis_client.py", line 43, in pop_profile_update_task
    result = redis_client.brpop(PROFILE_UPDATE_QUEUE, timeout=timeout)

  File "D:\毕业设计\Travel_python\.venv\Lib\site-packages\redis\commands\core.py", line 4751, in brpop
    return self.execute_command("BRPOP", *keys)
  File "D:\毕业设计\Travel_python\.venv\Lib\site-packages\redis\client.py", line 787, in execute_command
    return self._execute_command(*args, **options)
  File "D:\毕业设计\Travel_python\.venv\Lib\site-packages\redis\client.py", line 809, in _execute_command
    result = conn.retry.call_with_retry(
  File "D:\毕业设计\Travel_python\.venv\Lib\site-packages\redis\retry.py", line 132, in call_with_retry
    raise error
  File "D:\毕业设计\Travel_python\.venv\Lib\site-packages\redis\retry.py", line 120, in call_with_retry
    return do()
  File "D:\毕业设计\Travel_python\.venv\Lib\site-packages\redis\client.py", line 810, in <lambda>
    lambda: self._send_command_parse_response(
  File "D:\毕业设计\Travel_python\.venv\Lib\site-packages\redis\client.py", line 753, in _send_command_parse_response
    return self.parse_response(conn, command_name, **options)
  File "D:\毕业设计\Travel_python\.venv\Lib\site-packages\redis\client.py", line 853, in parse_response
    response = connection.read_response()
  File "D:\毕业设计\Travel_python\.venv\Lib\site-packages\redis\connection.py", line 1371, in read_response
    response = self._parser.read_response(
  File "D:\毕业设计\Travel_python\.venv\Lib\site-packages\redis\_parsers\resp3.py", line 40, in read_response
    result = self._read_response(
  File "D:\毕业设计\Travel_python\.venv\Lib\site-packages\redis\_parsers\resp3.py", line 65, in _read_response
    raw = self._buffer.readline(timeout=timeout)
  File "D:\毕业设计\Travel_python\.venv\Lib\site-packages\redis\_parsers\socket.py", line 117, in readline
    self._read_from_socket(timeout=timeout)
  File "D:\毕业设计\Travel_python\.venv\Lib\site-packages\redis\_parsers\socket.py", line 77, in _read_from_socket
    raise TimeoutError("Timeout reading from socket")

redis.exceptions.TimeoutError: Timeout reading from socket
2026-07-12 17:02:44.512 | INFO     | N/A | ⏳ 等待 Profile 更新任务...
2026-07-12 17:10:34.289 | ERROR    | N/A | Worker 主循环异常: Timeout reading from socket
Traceback (most recent call last):

  File "D:\毕业设计\Travel_python\.venv\Lib\site-packages\redis\_parsers\socket.py", line 64, in _read_from_socket
    data = sock.recv(socket_read_size)

TimeoutError: timed out


During handling of the above exception, another exception occurred:


Traceback (most recent call last):

  File "D:\毕业设计\Travel_python\travel_ai_python\app\service\profile_worker.py", line 194, in <module>
    run_worker()

> File "D:\毕业设计\Travel_python\travel_ai_python\app\service\profile_worker.py", line 169, in run_worker
    task_data = pop_profile_update_task(block=True, timeout=5)

  File "D:\毕业设计\Travel_python\travel_ai_python\app\utils\redis_client.py", line 43, in pop_profile_update_task
    result = redis_client.brpop(PROFILE_UPDATE_QUEUE, timeout=timeout)

  File "D:\毕业设计\Travel_python\.venv\Lib\site-packages\redis\commands\core.py", line 4751, in brpop
    return self.execute_command("BRPOP", *keys)
  File "D:\毕业设计\Travel_python\.venv\Lib\site-packages\redis\client.py", line 787, in execute_command
    return self._execute_command(*args, **options)
  File "D:\毕业设计\Travel_python\.venv\Lib\site-packages\redis\client.py", line 809, in _execute_command
    result = conn.retry.call_with_retry(
  File "D:\毕业设计\Travel_python\.venv\Lib\site-packages\redis\retry.py", line 132, in call_with_retry
    raise error
  File "D:\毕业设计\Travel_python\.venv\Lib\site-packages\redis\retry.py", line 120, in call_with_retry
    return do()
  File "D:\毕业设计\Travel_python\.venv\Lib\site-packages\redis\client.py", line 810, in <lambda>
    lambda: self._send_command_parse_response(
  File "D:\毕业设计\Travel_python\.venv\Lib\site-packages\redis\client.py", line 753, in _send_command_parse_response
    return self.parse_response(conn, command_name, **options)
  File "D:\毕业设计\Travel_python\.venv\Lib\site-packages\redis\client.py", line 853, in parse_response
    response = connection.read_response()
  File "D:\毕业设计\Travel_python\.venv\Lib\site-packages\redis\connection.py", line 1371, in read_response
    response = self._parser.read_response(
  File "D:\毕业设计\Travel_python\.venv\Lib\site-packages\redis\_parsers\resp3.py", line 40, in read_response
    result = self._read_response(
  File "D:\毕业设计\Travel_python\.venv\Lib\site-packages\redis\_parsers\resp3.py", line 65, in _read_response
    raw = self._buffer.readline(timeout=timeout)
  File "D:\毕业设计\Travel_python\.venv\Lib\site-packages\redis\_parsers\socket.py", line 117, in readline
    self._read_from_socket(timeout=timeout)
  File "D:\毕业设计\Travel_python\.venv\Lib\site-packages\redis\_parsers\socket.py", line 77, in _read_from_socket
    raise TimeoutError("Timeout reading from socket")

redis.exceptions.TimeoutError: Timeout reading from socket
2026-07-12 17:10:35.737 | INFO     | N/A | ⏳ 等待 Profile 更新任务...
2026-07-12 17:10:41.173 | INFO     | N/A | ⏳ 等待 Profile 更新任务...
2026-07-12 17:10:46.255 | INFO     | N/A | ⏳ 等待 Profile 更新任务...
2026-07-12 17:10:51.285 | INFO     | N/A | ⏳ 等待 Profile 更新任务...
2026-07-12 17:10:56.321 | INFO     | N/A | ⏳ 等待 Profile 更新任务...
2026-07-12 17:11:01.354 | INFO     | N/A | ⏳ 等待 Profile 更新任务...
2026-07-12 17:11:06.429 | INFO     | N/A | ⏳ 等待 Profile 更新任务...
2026-07-12 17:11:11.484 | INFO     | N/A | ⏳ 等待 Profile 更新任务...
2026-07-12 17:11:16.515 | INFO     | N/A | ⏳ 等待 Profile 更新任务...
2026-07-12 17:11:21.543 | INFO     | N/A | ⏳ 等待 Profile 更新任务...
2026-07-12 17:11:26.598 | INFO     | N/A | ⏳ 等待 Profile 更新任务...
2026-07-12 17:11:31.634 | INFO     | N/A | ⏳ 等待 Profile 更新任务...
2026-07-12 17:11:36.720 | INFO     | N/A | ⏳ 等待 Profile 更新任务...
2026-07-12 17:11:41.746 | INFO     | N/A | ⏳ 等待 Profile 更新任务...
2026-07-12 17:11:46.773 | INFO     | N/A | ⏳ 等待 Profile 更新任务...
2026-07-12 17:11:51.803 | INFO     | N/A | ⏳ 等待 Profile 更新任务...
2026-07-12 17:11:56.833 | INFO     | N/A | ⏳ 等待 Profile 更新任务...
2026-07-12 17:12:01.864 | INFO     | N/A | ⏳ 等待 Profile 更新任务...
2026-07-12 17:12:06.895 | INFO     | N/A | ⏳ 等待 Profile 更新任务...
2026-07-12 17:12:11.926 | INFO     | N/A | ⏳ 等待 Profile 更新任务...
2026-07-12 17:12:16.934 | INFO     | N/A | ⏳ 等待 Profile 更新任务...
2026-07-12 17:12:21.971 | INFO     | N/A | ⏳ 等待 Profile 更新任务...
2026-07-12 17:12:27.005 | INFO     | N/A | ⏳ 等待 Profile 更新任务...
2026-07-12 17:12:32.039 | INFO     | N/A | ⏳ 等待 Profile 更新任务...
2026-07-12 17:12:37.077 | INFO     | N/A | ⏳ 等待 Profile 更新任务...
2026-07-12 17:12:42.113 | INFO     | N/A | ⏳ 等待 Profile 更新任务...
2026-07-12 17:12:47.203 | INFO     | N/A | ⏳ 等待 Profile 更新任务...
2026-07-12 17:12:52.295 | INFO     | N/A | ⏳ 等待 Profile 更新任务...
2026-07-12 17:12:57.325 | INFO     | N/A | ⏳ 等待 Profile 更新任务...
2026-07-12 17:13:02.366 | INFO     | N/A | ⏳ 等待 Profile 更新任务...
2026-07-12 17:13:07.405 | INFO     | N/A | ⏳ 等待 Profile 更新任务...
2026-07-12 17:13:12.436 | INFO     | N/A | ⏳ 等待 Profile 更新任务...
2026-07-12 17:13:17.483 | INFO     | N/A | ⏳ 等待 Profile 更新任务...
2026-07-12 17:13:22.528 | INFO     | N/A | ⏳ 等待 Profile 更新任务...
2026-07-12 17:13:27.564 | INFO     | N/A | ⏳ 等待 Profile 更新任务...
2026-07-12 17:13:32.664 | INFO     | N/A | ⏳ 等待 Profile 更新任务...
2026-07-12 17:13:37.703 | INFO     | N/A | ⏳ 等待 Profile 更新任务...
2026-07-12 17:13:42.736 | INFO     | N/A | ⏳ 等待 Profile 更新任务...
2026-07-12 17:13:47.790 | INFO     | N/A | ⏳ 等待 Profile 更新任务...
2026-07-12 17:13:52.830 | INFO     | N/A | ⏳ 等待 Profile 更新任务...
2026-07-12 17:13:57.858 | INFO     | N/A | ⏳ 等待 Profile 更新任务...
2026-07-12 17:14:02.888 | INFO     | N/A | ⏳ 等待 Profile 更新任务...
2026-07-12 17:14:07.914 | INFO     | N/A | ⏳ 等待 Profile 更新任务...
2026-07-12 17:14:12.939 | INFO     | N/A | ⏳ 等待 Profile 更新任务...
2026-07-12 17:14:17.967 | INFO     | N/A | ⏳ 等待 Profile 更新任务...
2026-07-12 17:14:23.002 | INFO     | N/A | ⏳ 等待 Profile 更新任务...
2026-07-12 17:14:28.042 | INFO     | N/A | ⏳ 等待 Profile 更新任务...
2026-07-12 17:14:33.082 | INFO     | N/A | ⏳ 等待 Profile 更新任务...
2026-07-12 17:14:38.109 | INFO     | N/A | ⏳ 等待 Profile 更新任务...
2026-07-12 17:14:43.150 | INFO     | N/A | ⏳ 等待 Profile 更新任务...
2026-07-12 17:14:48.184 | INFO     | N/A | ⏳ 等待 Profile 更新任务...
2026-07-12 17:14:53.236 | INFO     | N/A | ⏳ 等待 Profile 更新任务...
2026-07-12 17:14:58.268 | INFO     | N/A | ⏳ 等待 Profile 更新任务...
2026-07-12 17:15:03.302 | INFO     | N/A | ⏳ 等待 Profile 更新任务...
2026-07-12 17:15:08.338 | INFO     | N/A | ⏳ 等待 Profile 更新任务...
2026-07-12 17:15:13.374 | INFO     | N/A | ⏳ 等待 Profile 更新任务...
2026-07-12 17:15:18.408 | INFO     | N/A | ⏳ 等待 Profile 更新任务...
2026-07-12 17:15:23.444 | INFO     | N/A | ⏳ 等待 Profile 更新任务...
2026-07-12 17:15:28.478 | INFO     | N/A | ⏳ 等待 Profile 更新任务...
2026-07-12 17:15:33.508 | INFO     | N/A | ⏳ 等待 Profile 更新任务...
2026-07-12 17:15:38.542 | INFO     | N/A | ⏳ 等待 Profile 更新任务...
2026-07-12 17:15:43.572 | INFO     | N/A | ⏳ 等待 Profile 更新任务...
2026-07-12 17:15:48.606 | INFO     | N/A | ⏳ 等待 Profile 更新任务...
2026-07-12 17:15:53.639 | INFO     | N/A | ⏳ 等待 Profile 更新任务...
2026-07-12 17:15:58.671 | INFO     | N/A | ⏳ 等待 Profile 更新任务...
2026-07-12 17:16:03.703 | INFO     | N/A | ⏳ 等待 Profile 更新任务...
2026-07-12 17:16:08.742 | INFO     | N/A | ⏳ 等待 Profile 更新任务...
2026-07-12 17:16:13.773 | INFO     | N/A | ⏳ 等待 Profile 更新任务...
2026-07-12 17:16:18.803 | INFO     | N/A | ⏳ 等待 Profile 更新任务...
2026-07-12 17:16:23.834 | INFO     | N/A | ⏳ 等待 Profile 更新任务...
2026-07-12 17:16:28.924 | INFO     | N/A | ⏳ 等待 Profile 更新任务...
2026-07-12 17:16:33.968 | INFO     | N/A | ⏳ 等待 Profile 更新任务...
2026-07-12 17:16:39.033 | INFO     | N/A | ⏳ 等待 Profile 更新任务...
2026-07-12 17:16:44.072 | INFO     | N/A | ⏳ 等待 Profile 更新任务...
2026-07-12 17:16:49.104 | INFO     | N/A | ⏳ 等待 Profile 更新任务...
2026-07-12 17:16:54.138 | INFO     | N/A | ⏳ 等待 Profile 更新任务...
2026-07-12 17:16:59.193 | INFO     | N/A | ⏳ 等待 Profile 更新任务...
2026-07-12 17:17:04.232 | INFO     | N/A | ⏳ 等待 Profile 更新任务...
2026-07-12 17:17:09.272 | INFO     | N/A | ⏳ 等待 Profile 更新任务...
2026-07-12 17:17:14.302 | INFO     | N/A | ⏳ 等待 Profile 更新任务...
2026-07-12 17:17:19.334 | INFO     | N/A | ⏳ 等待 Profile 更新任务...
2026-07-12 17:17:24.366 | INFO     | N/A | ⏳ 等待 Profile 更新任务...
2026-07-12 17:17:29.458 | INFO     | N/A | ⏳ 等待 Profile 更新任务...
2026-07-12 17:17:34.499 | INFO     | N/A | ⏳ 等待 Profile 更新任务...
2026-07-12 17:17:39.555 | INFO     | N/A | ⏳ 等待 Profile 更新任务...
2026-07-12 17:17:44.600 | INFO     | N/A | ⏳ 等待 Profile 更新任务...
2026-07-12 17:17:49.628 | INFO     | N/A | ⏳ 等待 Profile 更新任务...
2026-07-12 17:17:54.684 | INFO     | N/A | ⏳ 等待 Profile 更新任务...
2026-07-12 17:17:59.718 | INFO     | N/A | ⏳ 等待 Profile 更新任务...
2026-07-12 17:18:04.761 | INFO     | N/A | ⏳ 等待 Profile 更新任务...
2026-07-12 17:18:09.795 | INFO     | N/A | ⏳ 等待 Profile 更新任务...
2026-07-12 17:18:14.826 | INFO     | N/A | ⏳ 等待 Profile 更新任务...
2026-07-12 17:18:19.858 | INFO     | N/A | ⏳ 等待 Profile 更新任务...
2026-07-12 17:18:24.891 | INFO     | N/A | ⏳ 等待 Profile 更新任务...
2026-07-12 17:18:29.924 | INFO     | N/A | ⏳ 等待 Profile 更新任务...
2026-07-12 17:18:34.957 | INFO     | N/A | ⏳ 等待 Profile 更新任务...
2026-07-12 17:18:39.991 | INFO     | N/A | ⏳ 等待 Profile 更新任务...
2026-07-12 17:18:45.022 | INFO     | N/A | ⏳ 等待 Profile 更新任务...
2026-07-12 17:18:50.054 | INFO     | N/A | ⏳ 等待 Profile 更新任务...
2026-07-12 17:18:55.083 | INFO     | N/A | ⏳ 等待 Profile 更新任务...
2026-07-12 17:19:00.115 | INFO     | N/A | ⏳ 等待 Profile 更新任务...
2026-07-12 17:19:05.150 | INFO     | N/A | ⏳ 等待 Profile 更新任务...
2026-07-12 17:19:10.184 | INFO     | N/A | ⏳ 等待 Profile 更新任务...
2026-07-12 17:19:15.214 | INFO     | N/A | ⏳ 等待 Profile 更新任务...
2026-07-12 17:19:20.245 | INFO     | N/A | ⏳ 等待 Profile 更新任务...
2026-07-12 17:19:25.277 | INFO     | N/A | ⏳ 等待 Profile 更新任务...
2026-07-12 17:19:30.312 | INFO     | N/A | ⏳ 等待 Profile 更新任务...
2026-07-12 17:19:35.345 | INFO     | N/A | ⏳ 等待 Profile 更新任务...
2026-07-12 17:19:40.381 | INFO     | N/A | ⏳ 等待 Profile 更新任务...
2026-07-12 17:19:45.418 | INFO     | N/A | ⏳ 等待 Profile 更新任务...
2026-07-12 17:19:50.453 | INFO     | N/A | ⏳ 等待 Profile 更新任务...
2026-07-12 17:19:55.482 | INFO     | N/A | ⏳ 等待 Profile 更新任务...
2026-07-12 17:20:00.516 | INFO     | N/A | ⏳ 等待 Profile 更新任务...
2026-07-12 17:20:05.545 | INFO     | N/A | ⏳ 等待 Profile 更新任务...
2026-07-12 17:20:10.594 | INFO     | N/A | ⏳ 等待 Profile 更新任务...
2026-07-12 17:20:15.624 | INFO     | N/A | ⏳ 等待 Profile 更新任务...
2026-07-12 17:20:20.642 | INFO     | N/A | ⏳ 等待 Profile 更新任务...
2026-07-12 17:20:25.670 | INFO     | N/A | ⏳ 等待 Profile 更新任务...
2026-07-12 17:20:30.700 | INFO     | N/A | ⏳ 等待 Profile 更新任务...
2026-07-12 17:20:35.592 | INFO     | N/A | ⏳ 等待 Profile 更新任务...
2026-07-12 17:20:40.246 | INFO     | N/A | ⏳ 等待 Profile 更新任务...
2026-07-12 17:20:44.899 | INFO     | N/A | ⏳ 等待 Profile 更新任务...
2026-07-12 17:20:49.804 | INFO     | N/A | ⏳ 等待 Profile 更新任务...
2026-07-12 17:20:54.836 | INFO     | N/A | ⏳ 等待 Profile 更新任务...
2026-07-12 17:20:59.866 | INFO     | N/A | ⏳ 等待 Profile 更新任务...
2026-07-12 17:21:04.895 | INFO     | N/A | ⏳ 等待 Profile 更新任务...
2026-07-12 17:21:09.924 | INFO     | N/A | ⏳ 等待 Profile 更新任务...
2026-07-12 17:21:14.938 | INFO     | N/A | ⏳ 等待 Profile 更新任务...
2026-07-12 17:21:19.965 | INFO     | N/A | ⏳ 等待 Profile 更新任务...
2026-07-12 17:21:24.990 | INFO     | N/A | ⏳ 等待 Profile 更新任务...
2026-07-12 17:21:30.020 | INFO     | N/A | ⏳ 等待 Profile 更新任务...
2026-07-12 17:21:35.045 | INFO     | N/A | ⏳ 等待 Profile 更新任务...
2026-07-12 17:21:40.078 | INFO     | N/A | ⏳ 等待 Profile 更新任务...
2026-07-12 17:21:45.105 | INFO     | N/A | ⏳ 等待 Profile 更新任务...
2026-07-12 17:21:50.135 | INFO     | N/A | ⏳ 等待 Profile 更新任务...
2026-07-12 17:21:55.165 | INFO     | N/A | ⏳ 等待 Profile 更新任务...
2026-07-12 17:22:00.194 | INFO     | N/A | ⏳ 等待 Profile 更新任务...
2026-07-12 17:22:05.230 | INFO     | N/A | ⏳ 等待 Profile 更新任务...
2026-07-12 17:22:10.264 | INFO     | N/A | ⏳ 等待 Profile 更新任务...
2026-07-12 17:22:15.291 | INFO     | N/A | ⏳ 等待 Profile 更新任务...
2026-07-12 17:22:20.315 | INFO     | N/A | ⏳ 等待 Profile 更新任务...
2026-07-12 17:22:25.346 | INFO     | N/A | ⏳ 等待 Profile 更新任务...
2026-07-12 17:22:30.385 | INFO     | N/A | ⏳ 等待 Profile 更新任务...
2026-07-12 17:22:35.415 | INFO     | N/A | ⏳ 等待 Profile 更新任务...
2026-07-12 17:22:40.443 | INFO     | N/A | ⏳ 等待 Profile 更新任务...
2026-07-12 17:22:45.468 | INFO     | N/A | ⏳ 等待 Profile 更新任务...
2026-07-12 17:22:50.492 | INFO     | N/A | ⏳ 等待 Profile 更新任务...
2026-07-12 17:22:55.519 | INFO     | N/A | ⏳ 等待 Profile 更新任务...
2026-07-12 17:23:00.546 | INFO     | N/A | ⏳ 等待 Profile 更新任务...
2026-07-12 17:23:05.575 | INFO     | N/A | ⏳ 等待 Profile 更新任务...
2026-07-12 17:23:10.601 | INFO     | N/A | ⏳ 等待 Profile 更新任务...
2026-07-12 17:23:15.635 | INFO     | N/A | ⏳ 等待 Profile 更新任务...
2026-07-12 17:23:20.671 | INFO     | N/A | ⏳ 等待 Profile 更新任务...
2026-07-12 17:23:25.732 | INFO     | N/A | ⏳ 等待 Profile 更新任务...
2026-07-12 17:23:30.765 | INFO     | N/A | ⏳ 等待 Profile 更新任务...
2026-07-12 17:23:35.800 | INFO     | N/A | ⏳ 等待 Profile 更新任务...
2026-07-12 17:23:40.832 | INFO     | N/A | ⏳ 等待 Profile 更新任务...
2026-07-12 17:23:45.868 | INFO     | N/A | ⏳ 等待 Profile 更新任务...
2026-07-12 17:23:50.901 | INFO     | N/A | ⏳ 等待 Profile 更新任务...
2026-07-12 17:23:55.931 | INFO     | N/A | ⏳ 等待 Profile 更新任务...
2026-07-12 17:24:00.965 | INFO     | N/A | ⏳ 等待 Profile 更新任务...
2026-07-12 17:24:05.993 | INFO     | N/A | ⏳ 等待 Profile 更新任务...
2026-07-12 17:24:11.029 | INFO     | N/A | ⏳ 等待 Profile 更新任务...
2026-07-12 17:24:16.058 | INFO     | N/A | ⏳ 等待 Profile 更新任务...
2026-07-12 17:24:21.102 | INFO     | N/A | ⏳ 等待 Profile 更新任务...
2026-07-12 17:24:26.136 | INFO     | N/A | ⏳ 等待 Profile 更新任务...
2026-07-12 17:24:31.171 | INFO     | N/A | ⏳ 等待 Profile 更新任务...
2026-07-12 17:24:36.200 | INFO     | N/A | ⏳ 等待 Profile 更新任务...
2026-07-12 17:24:41.226 | INFO     | N/A | ⏳ 等待 Profile 更新任务...
2026-07-12 17:24:46.254 | INFO     | N/A | ⏳ 等待 Profile 更新任务...
2026-07-12 17:24:51.288 | INFO     | N/A | ⏳ 等待 Profile 更新任务...
2026-07-12 17:24:56.325 | INFO     | N/A | ⏳ 等待 Profile 更新任务...
2026-07-12 17:25:01.358 | INFO     | N/A | ⏳ 等待 Profile 更新任务...
2026-07-12 17:25:06.389 | INFO     | N/A | ⏳ 等待 Profile 更新任务...
2026-07-12 17:25:11.426 | INFO     | N/A | ⏳ 等待 Profile 更新任务...
2026-07-12 17:25:16.463 | INFO     | N/A | ⏳ 等待 Profile 更新任务...
2026-07-12 17:25:21.491 | INFO     | N/A | ⏳ 等待 Profile 更新任务...
2026-07-12 17:25:26.524 | INFO     | N/A | ⏳ 等待 Profile 更新任务...
2026-07-12 17:25:31.560 | INFO     | N/A | ⏳ 等待 Profile 更新任务...
2026-07-12 17:25:36.593 | INFO     | N/A | ⏳ 等待 Profile 更新任务...
2026-07-12 17:25:41.629 | INFO     | N/A | ⏳ 等待 Profile 更新任务...
2026-07-12 17:25:46.662 | INFO     | N/A | ⏳ 等待 Profile 更新任务...
2026-07-12 17:25:51.681 | INFO     | N/A | ⏳ 等待 Profile 更新任务...
2026-07-12 17:25:56.713 | INFO     | N/A | ⏳ 等待 Profile 更新任务...
2026-07-12 17:26:01.762 | INFO     | N/A | ⏳ 等待 Profile 更新任务...
2026-07-12 17:26:06.832 | INFO     | N/A | ⏳ 等待 Profile 更新任务...
2026-07-12 17:26:11.864 | INFO     | N/A | ⏳ 等待 Profile 更新任务...
2026-07-12 17:26:16.931 | INFO     | N/A | ⏳ 等待 Profile 更新任务...
2026-07-12 17:26:21.965 | INFO     | N/A | ⏳ 等待 Profile 更新任务...
2026-07-12 17:26:26.999 | INFO     | N/A | ⏳ 等待 Profile 更新任务...
2026-07-12 17:26:32.035 | INFO     | N/A | ⏳ 等待 Profile 更新任务...
2026-07-12 17:26:37.068 | INFO     | N/A | ⏳ 等待 Profile 更新任务...
2026-07-12 17:26:42.103 | INFO     | N/A | ⏳ 等待 Profile 更新任务...
2026-07-12 17:26:47.135 | INFO     | N/A | ⏳ 等待 Profile 更新任务...
2026-07-12 17:26:52.173 | INFO     | N/A | ⏳ 等待 Profile 更新任务...
2026-07-12 17:26:57.209 | INFO     | N/A | ⏳ 等待 Profile 更新任务...
2026-07-12 17:27:02.252 | INFO     | N/A | ⏳ 等待 Profile 更新任务...
2026-07-12 17:27:07.316 | INFO     | N/A | ⏳ 等待 Profile 更新任务...
2026-07-12 17:27:12.352 | INFO     | N/A | ⏳ 等待 Profile 更新任务...
2026-07-12 17:27:17.387 | INFO     | N/A | ⏳ 等待 Profile 更新任务...
2026-07-12 17:27:22.422 | INFO     | N/A | ⏳ 等待 Profile 更新任务...
2026-07-12 17:27:27.454 | INFO     | N/A | ⏳ 等待 Profile 更新任务...
2026-07-12 17:27:32.488 | INFO     | N/A | ⏳ 等待 Profile 更新任务...
2026-07-12 17:27:37.525 | INFO     | N/A | ⏳ 等待 Profile 更新任务...
2026-07-12 17:27:42.559 | INFO     | N/A | ⏳ 等待 Profile 更新任务...
2026-07-12 17:27:47.589 | INFO     | N/A | ⏳ 等待 Profile 更新任务...
2026-07-12 17:27:52.625 | INFO     | N/A | ⏳ 等待 Profile 更新任务...
2026-07-12 17:27:57.659 | INFO     | N/A | ⏳ 等待 Profile 更新任务...
2026-07-12 17:28:02.693 | INFO     | N/A | ⏳ 等待 Profile 更新任务...
2026-07-12 17:28:07.785 | INFO     | N/A | ⏳ 等待 Profile 更新任务...
2026-07-12 17:28:12.818 | INFO     | N/A | ⏳ 等待 Profile 更新任务...
2026-07-12 17:28:17.852 | INFO     | N/A | ⏳ 等待 Profile 更新任务...
2026-07-12 17:28:22.939 | INFO     | N/A | ⏳ 等待 Profile 更新任务...
2026-07-12 17:28:27.944 | INFO     | N/A | ⏳ 等待 Profile 更新任务...
2026-07-12 17:28:32.982 | INFO     | N/A | ⏳ 等待 Profile 更新任务...
2026-07-12 17:28:38.018 | INFO     | N/A | ⏳ 等待 Profile 更新任务...
2026-07-12 17:28:43.050 | INFO     | N/A | ⏳ 等待 Profile 更新任务...
2026-07-12 17:28:48.083 | INFO     | N/A | ⏳ 等待 Profile 更新任务...
2026-07-12 17:28:53.119 | INFO     | N/A | ⏳ 等待 Profile 更新任务...
2026-07-12 17:28:58.187 | INFO     | N/A | ⏳ 等待 Profile 更新任务...
2026-07-12 17:29:03.223 | INFO     | N/A | ⏳ 等待 Profile 更新任务...
2026-07-12 17:29:08.269 | INFO     | N/A | ⏳ 等待 Profile 更新任务...
2026-07-12 17:29:13.303 | INFO     | N/A | ⏳ 等待 Profile 更新任务...
2026-07-12 17:29:18.353 | INFO     | N/A | ⏳ 等待 Profile 更新任务...
2026-07-12 17:29:23.431 | INFO     | N/A | ⏳ 等待 Profile 更新任务...
2026-07-12 17:29:28.467 | INFO     | N/A | ⏳ 等待 Profile 更新任务...
2026-07-12 17:29:33.498 | INFO     | N/A | ⏳ 等待 Profile 更新任务...
2026-07-12 17:29:38.539 | INFO     | N/A | ⏳ 等待 Profile 更新任务...
2026-07-12 17:29:43.571 | INFO     | N/A | ⏳ 等待 Profile 更新任务...
2026-07-12 17:29:48.638 | INFO     | N/A | ⏳ 等待 Profile 更新任务...
2026-07-12 17:29:53.671 | INFO     | N/A | ⏳ 等待 Profile 更新任务...
2026-07-12 17:29:58.704 | INFO     | N/A | ⏳ 等待 Profile 更新任务...
2026-07-12 17:30:03.756 | INFO     | N/A | ⏳ 等待 Profile 更新任务...
2026-07-12 17:30:08.779 | INFO     | N/A | ⏳ 等待 Profile 更新任务...
2026-07-12 17:30:13.812 | INFO     | N/A | ⏳ 等待 Profile 更新任务...
2026-07-12 17:30:18.847 | INFO     | N/A | ⏳ 等待 Profile 更新任务...
2026-07-12 17:30:23.876 | INFO     | N/A | ⏳ 等待 Profile 更新任务...
2026-07-12 17:30:28.910 | INFO     | N/A | ⏳ 等待 Profile 更新任务...
2026-07-12 17:30:33.945 | INFO     | N/A | ⏳ 等待 Profile 更新任务...
2026-07-12 17:30:38.976 | INFO     | N/A | ⏳ 等待 Profile 更新任务...
2026-07-12 17:30:44.008 | INFO     | N/A | ⏳ 等待 Profile 更新任务...
2026-07-12 17:30:49.038 | INFO     | N/A | ⏳ 等待 Profile 更新任务...
2026-07-12 17:30:54.110 | INFO     | N/A | ⏳ 等待 Profile 更新任务...
2026-07-12 17:30:59.201 | INFO     | N/A | ⏳ 等待 Profile 更新任务...
2026-07-12 17:31:04.233 | INFO     | N/A | ⏳ 等待 Profile 更新任务...
2026-07-12 17:31:09.268 | INFO     | N/A | ⏳ 等待 Profile 更新任务...
2026-07-12 17:31:14.302 | INFO     | N/A | ⏳ 等待 Profile 更新任务...
2026-07-12 17:31:19.363 | INFO     | N/A | ⏳ 等待 Profile 更新任务...
2026-07-12 17:31:24.395 | INFO     | N/A | ⏳ 等待 Profile 更新任务...
2026-07-12 17:31:29.428 | INFO     | N/A | ⏳ 等待 Profile 更新任务...
2026-07-12 17:31:34.463 | INFO     | N/A | ⏳ 等待 Profile 更新任务...
2026-07-12 17:31:39.500 | INFO     | N/A | ⏳ 等待 Profile 更新任务...
2026-07-12 17:31:44.532 | INFO     | N/A | ⏳ 等待 Profile 更新任务...
2026-07-12 17:31:49.566 | INFO     | N/A | ⏳ 等待 Profile 更新任务...
2026-07-12 17:31:54.602 | INFO     | N/A | ⏳ 等待 Profile 更新任务...
2026-07-12 17:31:59.699 | INFO     | N/A | ⏳ 等待 Profile 更新任务...
2026-07-12 17:32:04.738 | INFO     | N/A | ⏳ 等待 Profile 更新任务...
2026-07-12 17:32:09.772 | INFO     | N/A | ⏳ 等待 Profile 更新任务...
2026-07-12 17:32:14.816 | INFO     | N/A | ⏳ 等待 Profile 更新任务...
2026-07-12 17:32:19.848 | INFO     | N/A | ⏳ 等待 Profile 更新任务...
2026-07-12 17:32:24.886 | INFO     | N/A | ⏳ 等待 Profile 更新任务...
2026-07-12 17:32:29.918 | INFO     | N/A | ⏳ 等待 Profile 更新任务...
2026-07-12 17:32:34.957 | INFO     | N/A | ⏳ 等待 Profile 更新任务...
2026-07-12 17:32:40.095 | INFO     | N/A | ⏳ 等待 Profile 更新任务...
2026-07-12 17:32:45.200 | INFO     | N/A | ⏳ 等待 Profile 更新任务...
2026-07-12 17:32:50.229 | INFO     | N/A | ⏳ 等待 Profile 更新任务...
2026-07-12 17:32:55.259 | INFO     | N/A | ⏳ 等待 Profile 更新任务...
2026-07-12 17:33:00.291 | INFO     | N/A | ⏳ 等待 Profile 更新任务...
2026-07-12 17:33:05.318 | INFO     | N/A | ⏳ 等待 Profile 更新任务...
2026-07-12 17:33:10.400 | INFO     | N/A | ⏳ 等待 Profile 更新任务...
2026-07-12 17:33:15.428 | INFO     | N/A | ⏳ 等待 Profile 更新任务...
2026-07-12 17:33:20.457 | INFO     | N/A | ⏳ 等待 Profile 更新任务...
2026-07-12 17:33:25.484 | INFO     | N/A | ⏳ 等待 Profile 更新任务...
2026-07-12 17:33:30.526 | INFO     | N/A | ⏳ 等待 Profile 更新任务...
2026-07-12 17:33:35.562 | INFO     | N/A | ⏳ 等待 Profile 更新任务...
2026-07-12 17:33:40.584 | INFO     | N/A | ⏳ 等待 Profile 更新任务...
2026-07-12 17:33:45.612 | INFO     | N/A | ⏳ 等待 Profile 更新任务...
2026-07-12 17:33:50.639 | INFO     | N/A | ⏳ 等待 Profile 更新任务...
2026-07-12 17:33:55.673 | INFO     | N/A | ⏳ 等待 Profile 更新任务...
2026-07-12 17:34:00.697 | INFO     | N/A | ⏳ 等待 Profile 更新任务...
2026-07-12 17:34:05.723 | INFO     | N/A | ⏳ 等待 Profile 更新任务...
2026-07-12 17:34:10.749 | INFO     | N/A | ⏳ 等待 Profile 更新任务...
2026-07-12 17:34:15.779 | INFO     | N/A | ⏳ 等待 Profile 更新任务...
2026-07-12 17:34:20.805 | INFO     | N/A | ⏳ 等待 Profile 更新任务...
2026-07-12 17:34:25.839 | INFO     | N/A | ⏳ 等待 Profile 更新任务...
2026-07-12 17:34:30.864 | INFO     | N/A | ⏳ 等待 Profile 更新任务...
2026-07-12 17:34:35.901 | INFO     | N/A | ⏳ 等待 Profile 更新任务...
2026-07-12 17:34:40.930 | INFO     | N/A | ⏳ 等待 Profile 更新任务...
2026-07-12 17:34:45.960 | INFO     | N/A | ⏳ 等待 Profile 更新任务...
2026-07-12 17:34:50.986 | INFO     | N/A | ⏳ 等待 Profile 更新任务...
2026-07-12 17:34:56.016 | INFO     | N/A | ⏳ 等待 Profile 更新任务...
2026-07-12 17:35:01.048 | INFO     | N/A | ⏳ 等待 Profile 更新任务...
2026-07-12 17:35:06.076 | INFO     | N/A | ⏳ 等待 Profile 更新任务...
2026-07-12 17:35:11.109 | INFO     | N/A | ⏳ 等待 Profile 更新任务...
2026-07-12 17:35:16.142 | INFO     | N/A | ⏳ 等待 Profile 更新任务...
2026-07-12 17:35:21.184 | INFO     | N/A | ⏳ 等待 Profile 更新任务...
2026-07-12 17:35:26.214 | INFO     | N/A | ⏳ 等待 Profile 更新任务...
2026-07-12 17:35:31.247 | INFO     | N/A | ⏳ 等待 Profile 更新任务...
2026-07-12 17:35:36.283 | INFO     | N/A | ⏳ 等待 Profile 更新任务...
2026-07-12 17:35:41.334 | INFO     | N/A | ⏳ 等待 Profile 更新任务...
2026-07-12 17:35:46.370 | INFO     | N/A | ⏳ 等待 Profile 更新任务...
2026-07-12 17:35:51.405 | INFO     | N/A | ⏳ 等待 Profile 更新任务...
2026-07-12 17:35:56.438 | INFO     | N/A | ⏳ 等待 Profile 更新任务...
2026-07-12 17:36:01.470 | INFO     | N/A | ⏳ 等待 Profile 更新任务...
2026-07-12 17:36:06.505 | INFO     | N/A | ⏳ 等待 Profile 更新任务...
2026-07-12 17:36:11.563 | INFO     | N/A | ⏳ 等待 Profile 更新任务...
2026-07-12 17:36:16.599 | INFO     | N/A | ⏳ 等待 Profile 更新任务...
2026-07-12 17:36:21.633 | INFO     | N/A | ⏳ 等待 Profile 更新任务...
2026-07-12 17:36:26.666 | INFO     | N/A | ⏳ 等待 Profile 更新任务...
2026-07-12 17:36:31.700 | INFO     | N/A | ⏳ 等待 Profile 更新任务...
2026-07-12 17:36:36.736 | INFO     | N/A | ⏳ 等待 Profile 更新任务...
2026-07-12 17:36:41.815 | INFO     | N/A | ⏳ 等待 Profile 更新任务...
2026-07-12 17:36:46.843 | INFO     | N/A | ⏳ 等待 Profile 更新任务...
2026-07-12 17:36:51.875 | INFO     | N/A | ⏳ 等待 Profile 更新任务...
2026-07-12 17:36:56.912 | INFO     | N/A | ⏳ 等待 Profile 更新任务...
2026-07-12 17:37:01.949 | INFO     | N/A | ⏳ 等待 Profile 更新任务...
2026-07-12 17:37:06.981 | INFO     | N/A | ⏳ 等待 Profile 更新任务...
2026-07-12 17:37:12.021 | INFO     | N/A | ⏳ 等待 Profile 更新任务...
2026-07-12 17:37:17.053 | INFO     | N/A | ⏳ 等待 Profile 更新任务...
2026-07-12 17:37:22.084 | INFO     | N/A | ⏳ 等待 Profile 更新任务...
2026-07-12 17:37:27.119 | INFO     | N/A | ⏳ 等待 Profile 更新任务...
2026-07-12 17:37:32.152 | INFO     | N/A | ⏳ 等待 Profile 更新任务...
2026-07-12 17:37:37.188 | INFO     | N/A | ⏳ 等待 Profile 更新任务...
2026-07-12 17:37:42.221 | INFO     | N/A | ⏳ 等待 Profile 更新任务...
2026-07-12 17:37:47.256 | INFO     | N/A | ⏳ 等待 Profile 更新任务...
2026-07-12 17:37:52.289 | INFO     | N/A | ⏳ 等待 Profile 更新任务...
2026-07-12 17:37:57.325 | INFO     | N/A | ⏳ 等待 Profile 更新任务...
2026-07-12 17:38:02.357 | INFO     | N/A | ⏳ 等待 Profile 更新任务...
2026-07-12 17:38:07.395 | INFO     | N/A | ⏳ 等待 Profile 更新任务...
2026-07-12 17:38:12.426 | INFO     | N/A | ⏳ 等待 Profile 更新任务...
2026-07-12 17:38:17.459 | INFO     | N/A | ⏳ 等待 Profile 更新任务...
2026-07-12 17:38:22.492 | INFO     | N/A | ⏳ 等待 Profile 更新任务...
2026-07-12 17:38:27.526 | INFO     | N/A | ⏳ 等待 Profile 更新任务...
2026-07-12 17:38:32.556 | INFO     | N/A | ⏳ 等待 Profile 更新任务...
2026-07-12 17:38:37.588 | INFO     | N/A | ⏳ 等待 Profile 更新任务...
2026-07-12 17:38:42.621 | INFO     | N/A | ⏳ 等待 Profile 更新任务...
2026-07-12 17:38:47.656 | INFO     | N/A | ⏳ 等待 Profile 更新任务...
2026-07-12 17:38:52.686 | INFO     | N/A | ⏳ 等待 Profile 更新任务...
2026-07-12 17:38:57.712 | INFO     | N/A | ⏳ 等待 Profile 更新任务...
2026-07-12 17:39:02.750 | INFO     | N/A | ⏳ 等待 Profile 更新任务...
2026-07-12 17:39:07.790 | INFO     | N/A | ⏳ 等待 Profile 更新任务...
2026-07-12 17:39:12.821 | INFO     | N/A | ⏳ 等待 Profile 更新任务...
2026-07-12 17:39:17.851 | INFO     | N/A | ⏳ 等待 Profile 更新任务...
2026-07-12 17:39:22.885 | INFO     | N/A | ⏳ 等待 Profile 更新任务...
2026-07-12 17:39:27.918 | INFO     | N/A | ⏳ 等待 Profile 更新任务...
2026-07-12 17:39:32.954 | INFO     | N/A | ⏳ 等待 Profile 更新任务...
2026-07-12 17:39:37.988 | INFO     | N/A | ⏳ 等待 Profile 更新任务...
2026-07-12 17:39:43.019 | INFO     | N/A | ⏳ 等待 Profile 更新任务...
2026-07-12 17:39:48.051 | INFO     | N/A | ⏳ 等待 Profile 更新任务...
2026-07-12 17:39:53.081 | INFO     | N/A | ⏳ 等待 Profile 更新任务...
2026-07-12 17:39:58.112 | INFO     | N/A | ⏳ 等待 Profile 更新任务...
2026-07-12 17:40:03.150 | INFO     | N/A | ⏳ 等待 Profile 更新任务...
2026-07-12 17:40:08.184 | INFO     | N/A | ⏳ 等待 Profile 更新任务...
2026-07-12 17:40:13.216 | INFO     | N/A | ⏳ 等待 Profile 更新任务...
2026-07-12 17:40:18.251 | INFO     | N/A | ⏳ 等待 Profile 更新任务...
2026-07-12 17:40:23.282 | INFO     | N/A | ⏳ 等待 Profile 更新任务...
2026-07-12 17:40:28.316 | INFO     | N/A | ⏳ 等待 Profile 更新任务...
2026-07-12 17:40:33.349 | INFO     | N/A | ⏳ 等待 Profile 更新任务...
2026-07-12 17:40:38.384 | INFO     | N/A | ⏳ 等待 Profile 更新任务...
2026-07-12 17:40:43.417 | INFO     | N/A | ⏳ 等待 Profile 更新任务...
2026-07-12 17:40:48.448 | INFO     | N/A | ⏳ 等待 Profile 更新任务...
2026-07-12 17:40:53.482 | INFO     | N/A | ⏳ 等待 Profile 更新任务...
2026-07-12 17:40:58.518 | INFO     | N/A | ⏳ 等待 Profile 更新任务...
2026-07-12 17:41:03.552 | INFO     | N/A | ⏳ 等待 Profile 更新任务...
2026-07-12 17:41:08.584 | INFO     | N/A | ⏳ 等待 Profile 更新任务...
2026-07-12 17:41:13.614 | INFO     | N/A | ⏳ 等待 Profile 更新任务...
2026-07-12 17:41:18.650 | INFO     | N/A | ⏳ 等待 Profile 更新任务...
2026-07-12 17:41:23.684 | INFO     | N/A | ⏳ 等待 Profile 更新任务...
2026-07-12 17:41:28.716 | INFO     | N/A | ⏳ 等待 Profile 更新任务...
2026-07-12 17:41:33.750 | INFO     | N/A | ⏳ 等待 Profile 更新任务...
2026-07-12 17:41:38.787 | INFO     | N/A | ⏳ 等待 Profile 更新任务...
2026-07-12 17:41:43.818 | INFO     | N/A | ⏳ 等待 Profile 更新任务...
2026-07-12 17:41:48.849 | INFO     | N/A | ⏳ 等待 Profile 更新任务...
2026-07-12 17:41:53.880 | INFO     | N/A | ⏳ 等待 Profile 更新任务...
2026-07-12 17:41:58.917 | INFO     | N/A | ⏳ 等待 Profile 更新任务...
2026-07-12 17:42:03.950 | INFO     | N/A | ⏳ 等待 Profile 更新任务...
2026-07-12 17:42:08.977 | INFO     | N/A | ⏳ 等待 Profile 更新任务...
2026-07-12 17:42:14.030 | INFO     | N/A | ⏳ 等待 Profile 更新任务...
2026-07-12 17:42:19.055 | INFO     | N/A | ⏳ 等待 Profile 更新任务...
2026-07-12 17:42:24.083 | INFO     | N/A | ⏳ 等待 Profile 更新任务...
2026-07-12 17:42:29.121 | INFO     | N/A | ⏳ 等待 Profile 更新任务...
2026-07-12 17:42:34.149 | INFO     | N/A | ⏳ 等待 Profile 更新任务...
2026-07-12 17:42:39.194 | INFO     | N/A | ⏳ 等待 Profile 更新任务...
2026-07-12 17:42:44.319 | INFO     | N/A | ⏳ 等待 Profile 更新任务...
2026-07-12 17:42:49.385 | INFO     | N/A | ⏳ 等待 Profile 更新任务...
2026-07-12 17:42:54.415 | INFO     | N/A | ⏳ 等待 Profile 更新任务...
2026-07-12 17:42:59.444 | INFO     | N/A | ⏳ 等待 Profile 更新任务...
2026-07-12 17:43:04.474 | INFO     | N/A | ⏳ 等待 Profile 更新任务...
2026-07-12 17:43:09.516 | INFO     | N/A | ⏳ 等待 Profile 更新任务...
2026-07-12 17:43:14.547 | INFO     | N/A | ⏳ 等待 Profile 更新任务...
2026-07-12 17:43:19.578 | INFO     | N/A | ⏳ 等待 Profile 更新任务...
2026-07-12 17:43:24.608 | INFO     | N/A | ⏳ 等待 Profile 更新任务...
2026-07-12 17:43:29.633 | INFO     | N/A | ⏳ 等待 Profile 更新任务...
2026-07-12 17:43:34.663 | INFO     | N/A | ⏳ 等待 Profile 更新任务...
2026-07-12 17:43:39.693 | INFO     | N/A | ⏳ 等待 Profile 更新任务...
2026-07-12 17:43:44.699 | INFO     | N/A | ⏳ 等待 Profile 更新任务...
2026-07-12 17:43:49.725 | INFO     | N/A | ⏳ 等待 Profile 更新任务...
2026-07-12 17:43:54.754 | INFO     | N/A | ⏳ 等待 Profile 更新任务...
2026-07-12 17:43:59.784 | INFO     | N/A | ⏳ 等待 Profile 更新任务...
2026-07-12 17:44:04.817 | INFO     | N/A | ⏳ 等待 Profile 更新任务...
2026-07-12 17:44:09.852 | INFO     | N/A | ⏳ 等待 Profile 更新任务...
2026-07-12 17:44:14.892 | INFO     | N/A | ⏳ 等待 Profile 更新任务...
2026-07-12 17:44:19.923 | INFO     | N/A | ⏳ 等待 Profile 更新任务...
2026-07-12 17:44:24.951 | INFO     | N/A | ⏳ 等待 Profile 更新任务...
2026-07-12 17:44:30.003 | INFO     | N/A | ⏳ 等待 Profile 更新任务...
2026-07-12 17:44:35.035 | INFO     | N/A | ⏳ 等待 Profile 更新任务...
2026-07-12 17:44:40.072 | INFO     | N/A | ⏳ 等待 Profile 更新任务...
2026-07-12 17:44:45.143 | INFO     | N/A | ⏳ 等待 Profile 更新任务...
2026-07-12 17:44:50.175 | INFO     | N/A | ⏳ 等待 Profile 更新任务...
2026-07-12 17:44:55.215 | INFO     | N/A | ⏳ 等待 Profile 更新任务...
2026-07-12 17:45:00.245 | INFO     | N/A | ⏳ 等待 Profile 更新任务...
2026-07-12 17:45:05.275 | INFO     | N/A | ⏳ 等待 Profile 更新任务...
2026-07-12 17:45:10.307 | INFO     | N/A | ⏳ 等待 Profile 更新任务...
2026-07-12 17:45:15.348 | INFO     | N/A | ⏳ 等待 Profile 更新任务...
2026-07-12 17:45:20.376 | INFO     | N/A | ⏳ 等待 Profile 更新任务...
2026-07-12 17:45:25.405 | INFO     | N/A | ⏳ 等待 Profile 更新任务...
2026-07-12 17:45:30.439 | INFO     | N/A | ⏳ 等待 Profile 更新任务...
2026-07-12 17:45:35.469 | INFO     | N/A | ⏳ 等待 Profile 更新任务...
2026-07-12 17:45:40.479 | INFO     | N/A | ⏳ 等待 Profile 更新任务...
2026-07-12 17:45:45.510 | INFO     | N/A | ⏳ 等待 Profile 更新任务...
2026-07-12 17:45:50.544 | INFO     | N/A | ⏳ 等待 Profile 更新任务...
2026-07-12 17:45:55.569 | INFO     | N/A | ⏳ 等待 Profile 更新任务...
2026-07-12 17:46:00.608 | INFO     | N/A | ⏳ 等待 Profile 更新任务...
2026-07-12 17:46:05.637 | INFO     | N/A | ⏳ 等待 Profile 更新任务...
2026-07-12 17:46:10.669 | INFO     | N/A | ⏳ 等待 Profile 更新任务...
2026-07-12 17:46:15.706 | INFO     | N/A | ⏳ 等待 Profile 更新任务...
2026-07-12 17:46:20.742 | INFO     | N/A | ⏳ 等待 Profile 更新任务...
2026-07-12 17:46:25.780 | INFO     | N/A | ⏳ 等待 Profile 更新任务...
2026-07-12 17:46:30.857 | INFO     | N/A | ⏳ 等待 Profile 更新任务...
2026-07-12 17:46:35.884 | INFO     | N/A | ⏳ 等待 Profile 更新任务...
2026-07-12 17:46:40.914 | INFO     | N/A | ⏳ 等待 Profile 更新任务...
2026-07-12 17:46:45.948 | INFO     | N/A | ⏳ 等待 Profile 更新任务...
2026-07-12 17:46:50.982 | INFO     | N/A | ⏳ 等待 Profile 更新任务...
2026-07-12 17:46:56.013 | INFO     | N/A | ⏳ 等待 Profile 更新任务...
2026-07-12 17:47:01.052 | INFO     | N/A | ⏳ 等待 Profile 更新任务...
2026-07-12 17:47:06.085 | INFO     | N/A | ⏳ 等待 Profile 更新任务...
2026-07-12 17:47:11.135 | INFO     | N/A | ⏳ 等待 Profile 更新任务...
2026-07-12 17:47:16.182 | INFO     | N/A | ⏳ 等待 Profile 更新任务...
2026-07-12 17:47:21.212 | INFO     | N/A | ⏳ 等待 Profile 更新任务...
2026-07-12 17:47:26.244 | INFO     | N/A | ⏳ 等待 Profile 更新任务...
2026-07-12 17:47:31.274 | INFO     | N/A | ⏳ 等待 Profile 更新任务...
2026-07-12 17:47:36.333 | INFO     | N/A | ⏳ 等待 Profile 更新任务...
2026-07-12 17:47:41.367 | INFO     | N/A | ⏳ 等待 Profile 更新任务...
2026-07-12 17:47:46.398 | INFO     | N/A | ⏳ 等待 Profile 更新任务...
2026-07-12 17:47:51.487 | INFO     | N/A | ⏳ 等待 Profile 更新任务...
2026-07-12 17:47:56.519 | INFO     | N/A | ⏳ 等待 Profile 更新任务...
2026-07-12 17:48:01.576 | INFO     | N/A | ⏳ 等待 Profile 更新任务...
2026-07-12 17:48:06.610 | INFO     | N/A | ⏳ 等待 Profile 更新任务...
2026-07-12 17:48:11.639 | INFO     | N/A | ⏳ 等待 Profile 更新任务...
2026-07-12 17:48:16.668 | INFO     | N/A | ⏳ 等待 Profile 更新任务...
2026-07-12 17:48:21.699 | INFO     | N/A | ⏳ 等待 Profile 更新任务...
2026-07-12 17:48:26.741 | INFO     | N/A | ⏳ 等待 Profile 更新任务...
2026-07-12 17:48:31.769 | INFO     | N/A | ⏳ 等待 Profile 更新任务...
2026-07-12 17:48:36.856 | INFO     | N/A | ⏳ 等待 Profile 更新任务...
2026-07-12 17:48:41.886 | INFO     | N/A | ⏳ 等待 Profile 更新任务...
2026-07-12 17:48:46.912 | INFO     | N/A | ⏳ 等待 Profile 更新任务...
2026-07-12 17:48:51.944 | INFO     | N/A | ⏳ 等待 Profile 更新任务...
2026-07-12 17:48:56.976 | INFO     | N/A | ⏳ 等待 Profile 更新任务...
2026-07-12 17:49:02.009 | INFO     | N/A | ⏳ 等待 Profile 更新任务...
2026-07-12 17:49:07.049 | INFO     | N/A | ⏳ 等待 Profile 更新任务...
2026-07-12 17:49:12.078 | INFO     | N/A | ⏳ 等待 Profile 更新任务...
2026-07-12 17:49:17.107 | INFO     | N/A | ⏳ 等待 Profile 更新任务...
2026-07-12 17:49:22.141 | INFO     | N/A | ⏳ 等待 Profile 更新任务...
2026-07-12 17:49:27.168 | INFO     | N/A | ⏳ 等待 Profile 更新任务...
2026-07-12 17:49:32.196 | INFO     | N/A | ⏳ 等待 Profile 更新任务...
2026-07-12 17:49:37.228 | INFO     | N/A | ⏳ 等待 Profile 更新任务...
2026-07-12 17:49:42.259 | INFO     | N/A | ⏳ 等待 Profile 更新任务...
2026-07-12 17:49:47.294 | INFO     | N/A | ⏳ 等待 Profile 更新任务...
2026-07-12 17:49:52.324 | INFO     | N/A | ⏳ 等待 Profile 更新任务...
2026-07-12 17:49:57.353 | INFO     | N/A | ⏳ 等待 Profile 更新任务...
2026-07-12 17:50:02.380 | INFO     | N/A | ⏳ 等待 Profile 更新任务...
2026-07-12 17:50:07.409 | INFO     | N/A | ⏳ 等待 Profile 更新任务...
2026-07-12 17:50:12.433 | INFO     | N/A | ⏳ 等待 Profile 更新任务...
2026-07-12 17:50:17.468 | INFO     | N/A | ⏳ 等待 Profile 更新任务...
2026-07-12 17:50:22.503 | INFO     | N/A | ⏳ 等待 Profile 更新任务...
2026-07-12 17:50:27.530 | INFO     | N/A | ⏳ 等待 Profile 更新任务...
2026-07-12 17:50:32.556 | INFO     | N/A | ⏳ 等待 Profile 更新任务...
2026-07-12 17:50:37.584 | INFO     | N/A | ⏳ 等待 Profile 更新任务...
2026-07-12 17:50:42.618 | INFO     | N/A | ⏳ 等待 Profile 更新任务...
2026-07-12 17:50:47.647 | INFO     | N/A | ⏳ 等待 Profile 更新任务...
2026-07-12 17:50:52.687 | INFO     | N/A | ⏳ 等待 Profile 更新任务...
2026-07-12 17:50:57.719 | INFO     | N/A | ⏳ 等待 Profile 更新任务...
2026-07-12 17:51:02.749 | INFO     | N/A | ⏳ 等待 Profile 更新任务...
2026-07-12 17:51:07.785 | INFO     | N/A | ⏳ 等待 Profile 更新任务...
2026-07-12 17:51:12.813 | INFO     | N/A | ⏳ 等待 Profile 更新任务...
2026-07-12 17:51:17.843 | INFO     | N/A | ⏳ 等待 Profile 更新任务...
2026-07-12 17:51:22.873 | INFO     | N/A | ⏳ 等待 Profile 更新任务...
2026-07-12 17:51:27.902 | INFO     | N/A | ⏳ 等待 Profile 更新任务...
2026-07-12 17:51:32.938 | INFO     | N/A | ⏳ 等待 Profile 更新任务...
2026-07-12 17:51:37.971 | INFO     | N/A | ⏳ 等待 Profile 更新任务...
2026-07-12 17:51:43.008 | INFO     | N/A | ⏳ 等待 Profile 更新任务...
2026-07-12 17:51:48.044 | INFO     | N/A | ⏳ 等待 Profile 更新任务...
2026-07-12 17:51:53.077 | INFO     | N/A | ⏳ 等待 Profile 更新任务...
2026-07-12 17:51:58.110 | INFO     | N/A | ⏳ 等待 Profile 更新任务...
2026-07-12 17:52:03.149 | INFO     | N/A | ⏳ 等待 Profile 更新任务...
2026-07-12 17:52:08.185 | INFO     | N/A | ⏳ 等待 Profile 更新任务...
2026-07-12 17:52:13.216 | INFO     | N/A | ⏳ 等待 Profile 更新任务...
2026-07-12 17:52:18.254 | INFO     | N/A | ⏳ 等待 Profile 更新任务...
2026-07-12 17:52:23.295 | INFO     | N/A | ⏳ 等待 Profile 更新任务...
2026-07-12 17:52:28.326 | INFO     | N/A | ⏳ 等待 Profile 更新任务...
2026-07-12 17:52:33.365 | INFO     | N/A | ⏳ 等待 Profile 更新任务...
2026-07-12 17:52:38.401 | INFO     | N/A | ⏳ 等待 Profile 更新任务...
2026-07-12 17:52:43.435 | INFO     | N/A | ⏳ 等待 Profile 更新任务...
2026-07-12 17:52:48.464 | INFO     | N/A | ⏳ 等待 Profile 更新任务...
2026-07-12 17:52:53.497 | INFO     | N/A | ⏳ 等待 Profile 更新任务...
2026-07-12 17:52:58.526 | INFO     | N/A | ⏳ 等待 Profile 更新任务...
2026-07-12 17:53:03.556 | INFO     | N/A | ⏳ 等待 Profile 更新任务...
2026-07-12 17:53:08.588 | INFO     | N/A | ⏳ 等待 Profile 更新任务...
2026-07-12 17:53:13.625 | INFO     | N/A | ⏳ 等待 Profile 更新任务...
2026-07-12 17:53:18.656 | INFO     | N/A | ⏳ 等待 Profile 更新任务...
2026-07-12 17:53:23.695 | INFO     | N/A | ⏳ 等待 Profile 更新任务...
2026-07-12 17:53:28.730 | INFO     | N/A | ⏳ 等待 Profile 更新任务...
2026-07-12 17:53:33.763 | INFO     | N/A | ⏳ 等待 Profile 更新任务...
2026-07-12 17:53:38.795 | INFO     | N/A | ⏳ 等待 Profile 更新任务...
2026-07-12 17:53:43.832 | INFO     | N/A | ⏳ 等待 Profile 更新任务...
2026-07-12 17:53:48.869 | INFO     | N/A | ⏳ 等待 Profile 更新任务...
2026-07-12 17:53:53.899 | INFO     | N/A | ⏳ 等待 Profile 更新任务...
2026-07-12 17:53:58.936 | INFO     | N/A | ⏳ 等待 Profile 更新任务...
2026-07-12 17:54:03.972 | INFO     | N/A | ⏳ 等待 Profile 更新任务...
2026-07-12 17:54:09.007 | INFO     | N/A | ⏳ 等待 Profile 更新任务...
2026-07-12 17:54:14.040 | INFO     | N/A | ⏳ 等待 Profile 更新任务...
2026-07-12 17:54:19.121 | INFO     | N/A | ⏳ 等待 Profile 更新任务...
2026-07-12 17:54:24.155 | INFO     | N/A | ⏳ 等待 Profile 更新任务...
2026-07-12 17:54:29.295 | INFO     | N/A | ⏳ 等待 Profile 更新任务...
2026-07-12 17:54:34.343 | INFO     | N/A | ⏳ 等待 Profile 更新任务...
2026-07-12 17:54:39.376 | INFO     | N/A | ⏳ 等待 Profile 更新任务...
2026-07-12 17:54:44.405 | INFO     | N/A | ⏳ 等待 Profile 更新任务...
2026-07-12 17:54:49.502 | INFO     | N/A | ⏳ 等待 Profile 更新任务...
2026-07-12 17:54:54.527 | INFO     | N/A | ⏳ 等待 Profile 更新任务...
2026-07-12 17:54:59.556 | INFO     | N/A | ⏳ 等待 Profile 更新任务...
2026-07-12 17:55:04.588 | INFO     | N/A | ⏳ 等待 Profile 更新任务...
2026-07-12 17:55:09.619 | INFO     | N/A | ⏳ 等待 Profile 更新任务...
2026-07-12 17:55:14.646 | INFO     | N/A | ⏳ 等待 Profile 更新任务...
2026-07-12 17:55:19.676 | INFO     | N/A | ⏳ 等待 Profile 更新任务...
2026-07-12 17:55:24.710 | INFO     | N/A | ⏳ 等待 Profile 更新任务...
2026-07-12 17:55:29.731 | INFO     | N/A | ⏳ 等待 Profile 更新任务...
2026-07-12 17:55:34.755 | INFO     | N/A | ⏳ 等待 Profile 更新任务...
2026-07-12 17:55:39.780 | INFO     | N/A | ⏳ 等待 Profile 更新任务...
2026-07-12 17:55:44.792 | INFO     | N/A | ⏳ 等待 Profile 更新任务...
2026-07-12 17:55:49.892 | INFO     | N/A | ⏳ 等待 Profile 更新任务...
2026-07-12 17:55:54.916 | INFO     | N/A | ⏳ 等待 Profile 更新任务...
2026-07-12 17:55:59.940 | INFO     | N/A | ⏳ 等待 Profile 更新任务...
2026-07-12 17:56:04.964 | INFO     | N/A | ⏳ 等待 Profile 更新任务...
2026-07-12 17:56:09.999 | INFO     | N/A | ⏳ 等待 Profile 更新任务...
2026-07-12 17:56:15.025 | INFO     | N/A | ⏳ 等待 Profile 更新任务...
2026-07-12 17:56:20.052 | INFO     | N/A | ⏳ 等待 Profile 更新任务...
2026-07-12 17:56:25.093 | INFO     | N/A | ⏳ 等待 Profile 更新任务...
2026-07-12 17:56:30.159 | INFO     | N/A | ⏳ 等待 Profile 更新任务...
2026-07-12 17:56:35.192 | INFO     | N/A | ⏳ 等待 Profile 更新任务...
2026-07-12 17:56:40.226 | INFO     | N/A | ⏳ 等待 Profile 更新任务...
2026-07-12 17:56:45.274 | INFO     | N/A | ⏳ 等待 Profile 更新任务...
2026-07-12 17:56:50.316 | INFO     | N/A | ⏳ 等待 Profile 更新任务...
2026-07-12 17:56:55.405 | INFO     | N/A | ⏳ 等待 Profile 更新任务...
2026-07-12 17:57:00.434 | INFO     | N/A | ⏳ 等待 Profile 更新任务...
2026-07-12 17:57:05.475 | INFO     | N/A | ⏳ 等待 Profile 更新任务...
2026-07-12 17:57:10.507 | INFO     | N/A | ⏳ 等待 Profile 更新任务...
2026-07-12 17:57:15.538 | INFO     | N/A | ⏳ 等待 Profile 更新任务...
2026-07-12 17:57:20.571 | INFO     | N/A | ⏳ 等待 Profile 更新任务...
2026-07-12 17:57:25.641 | INFO     | N/A | ⏳ 等待 Profile 更新任务...
2026-07-12 17:57:30.676 | INFO     | N/A | ⏳ 等待 Profile 更新任务...
2026-07-12 17:57:35.712 | INFO     | N/A | ⏳ 等待 Profile 更新任务...
2026-07-12 17:57:40.747 | INFO     | N/A | ⏳ 等待 Profile 更新任务...
2026-07-12 17:57:45.781 | INFO     | N/A | ⏳ 等待 Profile 更新任务...
2026-07-12 17:57:50.813 | INFO     | N/A | ⏳ 等待 Profile 更新任务...
2026-07-12 17:57:55.844 | INFO     | N/A | ⏳ 等待 Profile 更新任务...
2026-07-12 17:58:00.879 | INFO     | N/A | ⏳ 等待 Profile 更新任务...
2026-07-12 17:58:05.917 | INFO     | N/A | ⏳ 等待 Profile 更新任务...
2026-07-12 17:58:10.955 | INFO     | N/A | ⏳ 等待 Profile 更新任务...
2026-07-12 17:58:15.986 | INFO     | N/A | ⏳ 等待 Profile 更新任务...
2026-07-12 17:58:21.019 | INFO     | N/A | ⏳ 等待 Profile 更新任务...
2026-07-12 17:58:26.050 | INFO     | N/A | ⏳ 等待 Profile 更新任务...
2026-07-12 17:58:31.078 | INFO     | N/A | ⏳ 等待 Profile 更新任务...
2026-07-12 17:58:36.106 | INFO     | N/A | ⏳ 等待 Profile 更新任务...
2026-07-12 17:58:41.141 | INFO     | N/A | ⏳ 等待 Profile 更新任务...
2026-07-12 17:58:46.177 | INFO     | N/A | ⏳ 等待 Profile 更新任务...
2026-07-12 17:58:51.210 | INFO     | N/A | ⏳ 等待 Profile 更新任务...
2026-07-12 17:58:56.246 | INFO     | N/A | ⏳ 等待 Profile 更新任务...
2026-07-12 17:59:01.280 | INFO     | N/A | ⏳ 等待 Profile 更新任务...
2026-07-12 17:59:06.319 | INFO     | N/A | ⏳ 等待 Profile 更新任务...
2026-07-12 17:59:11.355 | INFO     | N/A | ⏳ 等待 Profile 更新任务...
2026-07-12 17:59:16.388 | INFO     | N/A | ⏳ 等待 Profile 更新任务...
2026-07-12 17:59:21.419 | INFO     | N/A | ⏳ 等待 Profile 更新任务...
2026-07-12 17:59:26.450 | INFO     | N/A | ⏳ 等待 Profile 更新任务...
2026-07-12 17:59:31.492 | INFO     | N/A | ⏳ 等待 Profile 更新任务...
2026-07-12 17:59:36.528 | INFO     | N/A | ⏳ 等待 Profile 更新任务...
2026-07-12 17:59:41.562 | INFO     | N/A | ⏳ 等待 Profile 更新任务...
2026-07-12 17:59:46.596 | INFO     | N/A | ⏳ 等待 Profile 更新任务...
2026-07-12 17:59:51.629 | INFO     | N/A | ⏳ 等待 Profile 更新任务...
2026-07-12 17:59:56.661 | INFO     | N/A | ⏳ 等待 Profile 更新任务...
2026-07-12 18:00:01.691 | INFO     | N/A | ⏳ 等待 Profile 更新任务...
2026-07-12 18:00:06.726 | INFO     | N/A | ⏳ 等待 Profile 更新任务...
2026-07-12 18:00:11.758 | INFO     | N/A | ⏳ 等待 Profile 更新任务...
2026-07-12 18:00:16.791 | INFO     | N/A | ⏳ 等待 Profile 更新任务...
2026-07-12 18:00:21.825 | INFO     | N/A | ⏳ 等待 Profile 更新任务...
2026-07-12 18:00:26.856 | INFO     | N/A | ⏳ 等待 Profile 更新任务...
2026-07-12 18:00:31.891 | INFO     | N/A | ⏳ 等待 Profile 更新任务...
2026-07-12 18:00:36.925 | INFO     | N/A | ⏳ 等待 Profile 更新任务...
2026-07-12 18:00:41.958 | INFO     | N/A | ⏳ 等待 Profile 更新任务...
2026-07-12 18:00:46.991 | INFO     | N/A | ⏳ 等待 Profile 更新任务...
2026-07-12 18:00:52.022 | INFO     | N/A | ⏳ 等待 Profile 更新任务...
2026-07-12 18:00:57.055 | INFO     | N/A | ⏳ 等待 Profile 更新任务...
2026-07-12 18:01:02.084 | INFO     | N/A | ⏳ 等待 Profile 更新任务...
2026-07-12 18:01:07.122 | INFO     | N/A | ⏳ 等待 Profile 更新任务...
2026-07-12 18:01:12.160 | INFO     | N/A | ⏳ 等待 Profile 更新任务...
2026-07-12 18:01:17.194 | INFO     | N/A | ⏳ 等待 Profile 更新任务...
2026-07-12 18:01:22.228 | INFO     | N/A | ⏳ 等待 Profile 更新任务...
2026-07-12 18:01:27.265 | INFO     | N/A | ⏳ 等待 Profile 更新任务...
2026-07-12 18:01:32.300 | INFO     | N/A | ⏳ 等待 Profile 更新任务...
2026-07-12 18:01:37.329 | INFO     | N/A | ⏳ 等待 Profile 更新任务...
2026-07-12 18:01:42.360 | INFO     | N/A | ⏳ 等待 Profile 更新任务...
2026-07-12 18:01:47.393 | INFO     | N/A | ⏳ 等待 Profile 更新任务...
2026-07-12 18:01:52.424 | INFO     | N/A | ⏳ 等待 Profile 更新任务...
2026-07-12 18:01:57.457 | INFO     | N/A | ⏳ 等待 Profile 更新任务...
2026-07-12 18:02:02.493 | INFO     | N/A | ⏳ 等待 Profile 更新任务...
2026-07-12 18:02:07.523 | INFO     | N/A | ⏳ 等待 Profile 更新任务...
2026-07-12 18:02:12.567 | INFO     | N/A | ⏳ 等待 Profile 更新任务...
2026-07-12 18:02:17.597 | INFO     | N/A | ⏳ 等待 Profile 更新任务...
2026-07-12 18:02:22.629 | INFO     | N/A | ⏳ 等待 Profile 更新任务...
2026-07-12 18:02:27.661 | INFO     | N/A | ⏳ 等待 Profile 更新任务...
2026-07-12 18:02:32.699 | INFO     | N/A | ⏳ 等待 Profile 更新任务...
2026-07-12 18:02:37.732 | INFO     | N/A | ⏳ 等待 Profile 更新任务...
2026-07-12 18:02:42.765 | INFO     | N/A | ⏳ 等待 Profile 更新任务...
2026-07-12 18:02:47.784 | INFO     | N/A | ⏳ 等待 Profile 更新任务...
2026-07-12 18:02:52.834 | INFO     | N/A | ⏳ 等待 Profile 更新任务...
2026-07-12 18:02:57.894 | INFO     | N/A | ⏳ 等待 Profile 更新任务...
2026-07-12 18:03:02.912 | INFO     | N/A | ⏳ 等待 Profile 更新任务...
2026-07-12 18:03:07.942 | INFO     | N/A | ⏳ 等待 Profile 更新任务...
2026-07-12 18:03:13.006 | INFO     | N/A | ⏳ 等待 Profile 更新任务...
2026-07-12 18:03:18.038 | INFO     | N/A | ⏳ 等待 Profile 更新任务...
2026-07-12 18:03:23.072 | INFO     | N/A | ⏳ 等待 Profile 更新任务...
2026-07-12 18:03:28.120 | INFO     | N/A | ⏳ 等待 Profile 更新任务...
2026-07-12 18:03:33.155 | INFO     | N/A | ⏳ 等待 Profile 更新任务...
2026-07-12 18:48:10.512 | ERROR    | N/A | Worker 主循环异常: Timeout reading from socket
Traceback (most recent call last):

  File "D:\毕业设计\Travel_python\.venv\Lib\site-packages\redis\_parsers\socket.py", line 64, in _read_from_socket
    data = sock.recv(socket_read_size)

TimeoutError: timed out


During handling of the above exception, another exception occurred:


Traceback (most recent call last):

  File "D:\毕业设计\Travel_python\travel_ai_python\app\service\profile_worker.py", line 194, in <module>
    run_worker()

> File "D:\毕业设计\Travel_python\travel_ai_python\app\service\profile_worker.py", line 169, in run_worker
    task_data = pop_profile_update_task(block=True, timeout=5)

  File "D:\毕业设计\Travel_python\travel_ai_python\app\utils\redis_client.py", line 43, in pop_profile_update_task
    result = redis_client.brpop(PROFILE_UPDATE_QUEUE, timeout=timeout)

  File "D:\毕业设计\Travel_python\.venv\Lib\site-packages\redis\commands\core.py", line 4751, in brpop
    return self.execute_command("BRPOP", *keys)
  File "D:\毕业设计\Travel_python\.venv\Lib\site-packages\redis\client.py", line 787, in execute_command
    return self._execute_command(*args, **options)
  File "D:\毕业设计\Travel_python\.venv\Lib\site-packages\redis\client.py", line 809, in _execute_command
    result = conn.retry.call_with_retry(
  File "D:\毕业设计\Travel_python\.venv\Lib\site-packages\redis\retry.py", line 132, in call_with_retry
    raise error
  File "D:\毕业设计\Travel_python\.venv\Lib\site-packages\redis\retry.py", line 120, in call_with_retry
    return do()
  File "D:\毕业设计\Travel_python\.venv\Lib\site-packages\redis\client.py", line 810, in <lambda>
    lambda: self._send_command_parse_response(
  File "D:\毕业设计\Travel_python\.venv\Lib\site-packages\redis\client.py", line 753, in _send_command_parse_response
    return self.parse_response(conn, command_name, **options)
  File "D:\毕业设计\Travel_python\.venv\Lib\site-packages\redis\client.py", line 853, in parse_response
    response = connection.read_response()
  File "D:\毕业设计\Travel_python\.venv\Lib\site-packages\redis\connection.py", line 1371, in read_response
    response = self._parser.read_response(
  File "D:\毕业设计\Travel_python\.venv\Lib\site-packages\redis\_parsers\resp3.py", line 40, in read_response
    result = self._read_response(
  File "D:\毕业设计\Travel_python\.venv\Lib\site-packages\redis\_parsers\resp3.py", line 65, in _read_response
    raw = self._buffer.readline(timeout=timeout)
  File "D:\毕业设计\Travel_python\.venv\Lib\site-packages\redis\_parsers\socket.py", line 117, in readline
    self._read_from_socket(timeout=timeout)
  File "D:\毕业设计\Travel_python\.venv\Lib\site-packages\redis\_parsers\socket.py", line 77, in _read_from_socket
    raise TimeoutError("Timeout reading from socket")

redis.exceptions.TimeoutError: Timeout reading from socket
2026-07-12 18:48:11.826 | INFO     | N/A | ⏳ 等待 Profile 更新任务...
2026-07-12 18:48:16.890 | INFO     | N/A | ⏳ 等待 Profile 更新任务...
2026-07-12 18:48:21.915 | INFO     | N/A | ⏳ 等待 Profile 更新任务...
2026-07-12 18:48:26.941 | INFO     | N/A | ⏳ 等待 Profile 更新任务...
2026-07-12 18:48:31.968 | INFO     | N/A | ⏳ 等待 Profile 更新任务...
2026-07-12 18:48:36.996 | INFO     | N/A | ⏳ 等待 Profile 更新任务...
2026-07-12 18:48:42.072 | INFO     | N/A | ⏳ 等待 Profile 更新任务...
2026-07-12 18:48:47.102 | INFO     | N/A | ⏳ 等待 Profile 更新任务...
2026-07-12 18:48:52.135 | INFO     | N/A | ⏳ 等待 Profile 更新任务...
2026-07-12 18:48:57.166 | INFO     | N/A | ⏳ 等待 Profile 更新任务...
2026-07-12 18:49:02.199 | INFO     | N/A | ⏳ 等待 Profile 更新任务...
2026-07-12 18:49:07.230 | INFO     | N/A | ⏳ 等待 Profile 更新任务...
2026-07-12 18:49:12.260 | INFO     | N/A | ⏳ 等待 Profile 更新任务...
2026-07-12 18:49:17.294 | INFO     | N/A | ⏳ 等待 Profile 更新任务...
2026-07-12 18:49:22.325 | INFO     | N/A | ⏳ 等待 Profile 更新任务...
2026-07-12 18:49:27.358 | INFO     | N/A | ⏳ 等待 Profile 更新任务...
2026-07-12 18:49:32.388 | INFO     | N/A | ⏳ 等待 Profile 更新任务...
2026-07-12 18:49:37.423 | INFO     | N/A | ⏳ 等待 Profile 更新任务...
2026-07-12 18:49:42.454 | INFO     | N/A | ⏳ 等待 Profile 更新任务...
2026-07-12 18:49:47.497 | INFO     | N/A | ⏳ 等待 Profile 更新任务...
2026-07-12 18:49:52.535 | INFO     | N/A | ⏳ 等待 Profile 更新任务...
2026-07-12 18:49:57.567 | INFO     | N/A | ⏳ 等待 Profile 更新任务...
2026-07-12 18:50:02.599 | INFO     | N/A | ⏳ 等待 Profile 更新任务...
2026-07-12 18:50:07.630 | INFO     | N/A | ⏳ 等待 Profile 更新任务...
2026-07-12 18:50:12.661 | INFO     | N/A | ⏳ 等待 Profile 更新任务...
2026-07-12 18:50:17.693 | INFO     | N/A | ⏳ 等待 Profile 更新任务...
2026-07-12 18:50:22.723 | INFO     | N/A | ⏳ 等待 Profile 更新任务...
2026-07-12 18:50:27.759 | INFO     | N/A | ⏳ 等待 Profile 更新任务...
2026-07-12 18:50:32.791 | INFO     | N/A | ⏳ 等待 Profile 更新任务...
2026-07-12 18:50:37.817 | INFO     | N/A | ⏳ 等待 Profile 更新任务...
2026-07-12 18:50:42.843 | INFO     | N/A | ⏳ 等待 Profile 更新任务...
2026-07-12 18:50:47.870 | INFO     | N/A | ⏳ 等待 Profile 更新任务...
2026-07-12 18:50:52.897 | INFO     | N/A | ⏳ 等待 Profile 更新任务...
2026-07-12 18:50:57.923 | INFO     | N/A | ⏳ 等待 Profile 更新任务...
2026-07-12 18:51:02.953 | INFO     | N/A | ⏳ 等待 Profile 更新任务...
2026-07-12 18:51:07.980 | INFO     | N/A | ⏳ 等待 Profile 更新任务...
2026-07-12 18:51:13.010 | INFO     | N/A | ⏳ 等待 Profile 更新任务...
2026-07-12 18:51:18.042 | INFO     | N/A | ⏳ 等待 Profile 更新任务...
2026-07-12 18:51:23.069 | INFO     | N/A | ⏳ 等待 Profile 更新任务...
2026-07-12 18:51:28.098 | INFO     | N/A | ⏳ 等待 Profile 更新任务...
2026-07-12 18:51:33.130 | INFO     | N/A | ⏳ 等待 Profile 更新任务...
2026-07-12 18:51:38.162 | INFO     | N/A | ⏳ 等待 Profile 更新任务...
2026-07-12 18:51:43.194 | INFO     | N/A | ⏳ 等待 Profile 更新任务...
2026-07-12 18:51:48.224 | INFO     | N/A | ⏳ 等待 Profile 更新任务...
2026-07-12 18:51:53.253 | INFO     | N/A | ⏳ 等待 Profile 更新任务...
2026-07-12 18:51:58.282 | INFO     | N/A | ⏳ 等待 Profile 更新任务...
2026-07-12 18:52:03.311 | INFO     | N/A | ⏳ 等待 Profile 更新任务...
2026-07-12 18:52:08.342 | INFO     | N/A | ⏳ 等待 Profile 更新任务...
2026-07-12 18:52:13.372 | INFO     | N/A | ⏳ 等待 Profile 更新任务...
2026-07-12 18:52:18.400 | INFO     | N/A | ⏳ 等待 Profile 更新任务...
2026-07-12 18:52:23.430 | INFO     | N/A | ⏳ 等待 Profile 更新任务...
2026-07-12 18:52:28.463 | INFO     | N/A | ⏳ 等待 Profile 更新任务...
2026-07-12 18:52:33.492 | INFO     | N/A | ⏳ 等待 Profile 更新任务...
2026-07-12 18:52:38.525 | INFO     | N/A | ⏳ 等待 Profile 更新任务...
2026-07-12 18:52:43.555 | INFO     | N/A | ⏳ 等待 Profile 更新任务...
2026-07-12 18:52:48.588 | INFO     | N/A | ⏳ 等待 Profile 更新任务...
2026-07-12 18:52:53.627 | INFO     | N/A | ⏳ 等待 Profile 更新任务...
2026-07-12 18:52:58.659 | INFO     | N/A | ⏳ 等待 Profile 更新任务...
2026-07-12 18:53:03.691 | INFO     | N/A | ⏳ 等待 Profile 更新任务...
2026-07-12 18:53:08.726 | INFO     | N/A | ⏳ 等待 Profile 更新任务...
2026-07-12 18:53:13.758 | INFO     | N/A | ⏳ 等待 Profile 更新任务...
2026-07-12 18:53:18.792 | INFO     | N/A | ⏳ 等待 Profile 更新任务...
2026-07-12 18:53:23.823 | INFO     | N/A | ⏳ 等待 Profile 更新任务...
2026-07-12 18:53:28.860 | INFO     | N/A | ⏳ 等待 Profile 更新任务...
2026-07-12 18:53:33.891 | INFO     | N/A | ⏳ 等待 Profile 更新任务...
2026-07-12 18:53:38.814 | INFO     | N/A | ⏳ 等待 Profile 更新任务...
2026-07-12 18:53:43.468 | INFO     | N/A | ⏳ 等待 Profile 更新任务...
2026-07-12 18:53:48.122 | INFO     | N/A | ⏳ 等待 Profile 更新任务...
2026-07-12 18:53:52.901 | INFO     | N/A | ⏳ 等待 Profile 更新任务...
2026-07-12 18:53:57.936 | INFO     | N/A | ⏳ 等待 Profile 更新任务...
2026-07-12 18:54:02.968 | INFO     | N/A | ⏳ 等待 Profile 更新任务...
2026-07-12 18:54:08.001 | INFO     | N/A | ⏳ 等待 Profile 更新任务...
2026-07-12 18:54:13.032 | INFO     | N/A | ⏳ 等待 Profile 更新任务...
2026-07-12 18:54:18.064 | INFO     | N/A | ⏳ 等待 Profile 更新任务...
2026-07-12 18:54:23.097 | INFO     | N/A | ⏳ 等待 Profile 更新任务...
2026-07-12 18:54:28.128 | INFO     | N/A | ⏳ 等待 Profile 更新任务...
2026-07-12 18:54:33.160 | INFO     | N/A | ⏳ 等待 Profile 更新任务...
2026-07-12 18:54:38.192 | INFO     | N/A | ⏳ 等待 Profile 更新任务...
2026-07-12 18:54:43.222 | INFO     | N/A | ⏳ 等待 Profile 更新任务...
2026-07-12 18:54:48.252 | INFO     | N/A | ⏳ 等待 Profile 更新任务...
2026-07-12 18:54:53.283 | INFO     | N/A | ⏳ 等待 Profile 更新任务...
2026-07-12 18:54:58.316 | INFO     | N/A | ⏳ 等待 Profile 更新任务...
2026-07-12 18:55:03.349 | INFO     | N/A | ⏳ 等待 Profile 更新任务...
2026-07-12 18:55:08.381 | INFO     | N/A | ⏳ 等待 Profile 更新任务...
2026-07-12 18:55:13.414 | INFO     | N/A | ⏳ 等待 Profile 更新任务...
2026-07-12 18:55:18.445 | INFO     | N/A | ⏳ 等待 Profile 更新任务...
2026-07-12 18:55:23.477 | INFO     | N/A | ⏳ 等待 Profile 更新任务...
2026-07-12 18:55:28.512 | INFO     | N/A | ⏳ 等待 Profile 更新任务...
2026-07-12 18:55:33.548 | INFO     | N/A | ⏳ 等待 Profile 更新任务...
2026-07-12 18:55:38.580 | INFO     | N/A | ⏳ 等待 Profile 更新任务...
2026-07-12 18:55:43.612 | INFO     | N/A | ⏳ 等待 Profile 更新任务...
2026-07-12 18:55:48.645 | INFO     | N/A | ⏳ 等待 Profile 更新任务...
2026-07-12 18:55:53.678 | INFO     | N/A | ⏳ 等待 Profile 更新任务...
2026-07-12 18:55:58.715 | INFO     | N/A | ⏳ 等待 Profile 更新任务...
2026-07-12 18:56:03.746 | INFO     | N/A | ⏳ 等待 Profile 更新任务...
2026-07-12 18:56:08.777 | INFO     | N/A | ⏳ 等待 Profile 更新任务...
2026-07-12 18:56:13.809 | INFO     | N/A | ⏳ 等待 Profile 更新任务...
2026-07-12 18:56:18.840 | INFO     | N/A | ⏳ 等待 Profile 更新任务...
2026-07-12 18:56:23.871 | INFO     | N/A | ⏳ 等待 Profile 更新任务...
2026-07-12 18:56:28.907 | INFO     | N/A | ⏳ 等待 Profile 更新任务...
2026-07-12 18:56:33.939 | INFO     | N/A | ⏳ 等待 Profile 更新任务...
2026-07-12 18:56:38.968 | INFO     | N/A | ⏳ 等待 Profile 更新任务...
2026-07-12 18:56:44.000 | INFO     | N/A | ⏳ 等待 Profile 更新任务...
2026-07-12 18:56:49.030 | INFO     | N/A | ⏳ 等待 Profile 更新任务...
2026-07-12 18:56:54.065 | INFO     | N/A | ⏳ 等待 Profile 更新任务...
2026-07-12 18:56:59.100 | INFO     | N/A | ⏳ 等待 Profile 更新任务...
2026-07-12 18:57:04.127 | INFO     | N/A | ⏳ 等待 Profile 更新任务...
2026-07-12 18:57:09.163 | INFO     | N/A | ⏳ 等待 Profile 更新任务...
2026-07-12 18:57:14.194 | INFO     | N/A | ⏳ 等待 Profile 更新任务...
2026-07-12 18:57:19.226 | INFO     | N/A | ⏳ 等待 Profile 更新任务...
2026-07-12 18:57:24.258 | INFO     | N/A | ⏳ 等待 Profile 更新任务...
2026-07-12 18:57:29.287 | INFO     | N/A | ⏳ 等待 Profile 更新任务...
2026-07-12 18:57:34.319 | INFO     | N/A | ⏳ 等待 Profile 更新任务...
2026-07-12 18:57:39.350 | INFO     | N/A | ⏳ 等待 Profile 更新任务...
2026-07-12 18:57:44.384 | INFO     | N/A | ⏳ 等待 Profile 更新任务...
2026-07-12 18:57:49.419 | INFO     | N/A | ⏳ 等待 Profile 更新任务...
2026-07-12 18:57:54.451 | INFO     | N/A | ⏳ 等待 Profile 更新任务...
2026-07-12 18:57:59.489 | INFO     | N/A | ⏳ 等待 Profile 更新任务...
2026-07-12 18:58:04.521 | INFO     | N/A | ⏳ 等待 Profile 更新任务...
2026-07-12 18:58:09.552 | INFO     | N/A | ⏳ 等待 Profile 更新任务...
2026-07-12 18:58:14.581 | INFO     | N/A | ⏳ 等待 Profile 更新任务...
2026-07-12 18:58:19.612 | INFO     | N/A | ⏳ 等待 Profile 更新任务...
2026-07-12 18:58:24.646 | INFO     | N/A | ⏳ 等待 Profile 更新任务...
2026-07-12 18:58:29.680 | INFO     | N/A | ⏳ 等待 Profile 更新任务...
2026-07-12 18:58:34.711 | INFO     | N/A | ⏳ 等待 Profile 更新任务...
2026-07-12 18:58:39.741 | INFO     | N/A | ⏳ 等待 Profile 更新任务...
2026-07-12 18:58:44.774 | INFO     | N/A | ⏳ 等待 Profile 更新任务...
2026-07-12 18:58:49.806 | INFO     | N/A | ⏳ 等待 Profile 更新任务...
2026-07-12 18:58:54.839 | INFO     | N/A | ⏳ 等待 Profile 更新任务...
2026-07-12 18:58:59.872 | INFO     | N/A | ⏳ 等待 Profile 更新任务...
2026-07-12 18:59:04.902 | INFO     | N/A | ⏳ 等待 Profile 更新任务...
2026-07-12 18:59:09.936 | INFO     | N/A | ⏳ 等待 Profile 更新任务...
2026-07-12 18:59:14.970 | INFO     | N/A | ⏳ 等待 Profile 更新任务...
2026-07-12 18:59:20.002 | INFO     | N/A | ⏳ 等待 Profile 更新任务...
2026-07-12 18:59:25.032 | INFO     | N/A | ⏳ 等待 Profile 更新任务...
2026-07-12 18:59:30.063 | INFO     | N/A | ⏳ 等待 Profile 更新任务...
2026-07-12 18:59:35.094 | INFO     | N/A | ⏳ 等待 Profile 更新任务...
2026-07-12 18:59:40.126 | INFO     | N/A | ⏳ 等待 Profile 更新任务...
2026-07-12 18:59:45.158 | INFO     | N/A | ⏳ 等待 Profile 更新任务...
2026-07-12 18:59:50.193 | INFO     | N/A | ⏳ 等待 Profile 更新任务...
2026-07-12 18:59:55.227 | INFO     | N/A | ⏳ 等待 Profile 更新任务...
2026-07-12 19:00:00.264 | INFO     | N/A | ⏳ 等待 Profile 更新任务...
2026-07-12 19:00:05.298 | INFO     | N/A | ⏳ 等待 Profile 更新任务...
2026-07-12 19:00:10.328 | INFO     | N/A | ⏳ 等待 Profile 更新任务...
2026-07-12 19:00:15.361 | INFO     | N/A | ⏳ 等待 Profile 更新任务...
2026-07-12 19:00:20.392 | INFO     | N/A | ⏳ 等待 Profile 更新任务...
2026-07-12 19:00:25.428 | INFO     | N/A | ⏳ 等待 Profile 更新任务...
2026-07-12 19:00:30.456 | INFO     | N/A | ⏳ 等待 Profile 更新任务...
2026-07-12 19:00:35.487 | INFO     | N/A | ⏳ 等待 Profile 更新任务...
2026-07-12 19:00:40.518 | INFO     | N/A | ⏳ 等待 Profile 更新任务...
2026-07-12 19:00:45.552 | INFO     | N/A | ⏳ 等待 Profile 更新任务...
2026-07-12 19:00:50.584 | INFO     | N/A | ⏳ 等待 Profile 更新任务...
2026-07-12 19:00:55.611 | INFO     | N/A | ⏳ 等待 Profile 更新任务...
2026-07-12 19:01:00.649 | INFO     | N/A | ⏳ 等待 Profile 更新任务...
2026-07-12 19:01:05.679 | INFO     | N/A | ⏳ 等待 Profile 更新任务...
2026-07-12 19:01:10.711 | INFO     | N/A | ⏳ 等待 Profile 更新任务...
2026-07-12 19:01:15.744 | INFO     | N/A | ⏳ 等待 Profile 更新任务...
2026-07-12 19:01:20.775 | INFO     | N/A | ⏳ 等待 Profile 更新任务...
2026-07-12 19:01:25.807 | INFO     | N/A | ⏳ 等待 Profile 更新任务...
2026-07-12 19:01:30.843 | INFO     | N/A | ⏳ 等待 Profile 更新任务...
2026-07-12 19:01:35.874 | INFO     | N/A | ⏳ 等待 Profile 更新任务...
2026-07-12 19:01:40.911 | INFO     | N/A | ⏳ 等待 Profile 更新任务...
2026-07-12 19:01:45.945 | INFO     | N/A | ⏳ 等待 Profile 更新任务...
2026-07-12 19:01:50.976 | INFO     | N/A | ⏳ 等待 Profile 更新任务...
2026-07-12 19:01:56.007 | INFO     | N/A | ⏳ 等待 Profile 更新任务...
2026-07-12 19:02:01.043 | INFO     | N/A | ⏳ 等待 Profile 更新任务...
2026-07-12 19:02:06.074 | INFO     | N/A | ⏳ 等待 Profile 更新任务...
2026-07-12 19:02:11.104 | INFO     | N/A | ⏳ 等待 Profile 更新任务...
2026-07-12 19:02:16.138 | INFO     | N/A | ⏳ 等待 Profile 更新任务...
2026-07-12 19:02:21.169 | INFO     | N/A | ⏳ 等待 Profile 更新任务...
2026-07-12 19:02:26.202 | INFO     | N/A | ⏳ 等待 Profile 更新任务...
2026-07-12 19:02:31.234 | INFO     | N/A | ⏳ 等待 Profile 更新任务...
2026-07-12 19:02:36.266 | INFO     | N/A | ⏳ 等待 Profile 更新任务...
2026-07-12 19:02:41.297 | INFO     | N/A | ⏳ 等待 Profile 更新任务...
2026-07-12 19:02:46.327 | INFO     | N/A | ⏳ 等待 Profile 更新任务...
2026-07-12 19:02:51.359 | INFO     | N/A | ⏳ 等待 Profile 更新任务...
2026-07-12 19:02:56.395 | INFO     | N/A | ⏳ 等待 Profile 更新任务...
2026-07-12 19:03:01.429 | INFO     | N/A | ⏳ 等待 Profile 更新任务...
2026-07-12 19:03:06.462 | INFO     | N/A | ⏳ 等待 Profile 更新任务...
2026-07-12 19:03:11.492 | INFO     | N/A | ⏳ 等待 Profile 更新任务...
2026-07-12 19:03:16.523 | INFO     | N/A | ⏳ 等待 Profile 更新任务...
2026-07-12 19:03:21.555 | INFO     | N/A | ⏳ 等待 Profile 更新任务...
2026-07-12 19:03:26.585 | INFO     | N/A | ⏳ 等待 Profile 更新任务...
2026-07-12 19:03:31.625 | INFO     | N/A | ⏳ 等待 Profile 更新任务...
2026-07-12 19:03:36.657 | INFO     | N/A | ⏳ 等待 Profile 更新任务...
2026-07-12 19:03:41.689 | INFO     | N/A | ⏳ 等待 Profile 更新任务...
2026-07-12 19:03:46.720 | INFO     | N/A | ⏳ 等待 Profile 更新任务...
2026-07-12 19:03:51.751 | INFO     | N/A | ⏳ 等待 Profile 更新任务...
2026-07-12 19:03:56.784 | INFO     | N/A | ⏳ 等待 Profile 更新任务...
2026-07-12 19:04:01.815 | INFO     | N/A | ⏳ 等待 Profile 更新任务...
2026-07-12 19:04:06.848 | INFO     | N/A | ⏳ 等待 Profile 更新任务...
2026-07-12 19:04:11.879 | INFO     | N/A | ⏳ 等待 Profile 更新任务...
2026-07-12 19:04:16.910 | INFO     | N/A | ⏳ 等待 Profile 更新任务...
2026-07-12 19:04:21.943 | INFO     | N/A | ⏳ 等待 Profile 更新任务...
2026-07-12 19:04:26.976 | INFO     | N/A | ⏳ 等待 Profile 更新任务...
2026-07-12 19:04:32.007 | INFO     | N/A | ⏳ 等待 Profile 更新任务...
2026-07-12 19:04:37.037 | INFO     | N/A | ⏳ 等待 Profile 更新任务...
2026-07-12 19:04:42.068 | INFO     | N/A | ⏳ 等待 Profile 更新任务...
2026-07-12 19:04:47.100 | INFO     | N/A | ⏳ 等待 Profile 更新任务...
2026-07-12 19:04:52.130 | INFO     | N/A | ⏳ 等待 Profile 更新任务...
2026-07-12 19:04:57.162 | INFO     | N/A | ⏳ 等待 Profile 更新任务...
2026-07-12 19:05:02.193 | INFO     | N/A | ⏳ 等待 Profile 更新任务...
2026-07-12 19:05:07.231 | INFO     | N/A | ⏳ 等待 Profile 更新任务...
2026-07-12 19:05:12.264 | INFO     | N/A | ⏳ 等待 Profile 更新任务...
2026-07-12 19:05:17.295 | INFO     | N/A | ⏳ 等待 Profile 更新任务...
2026-07-12 19:05:22.326 | INFO     | N/A | ⏳ 等待 Profile 更新任务...
2026-07-12 19:05:27.359 | INFO     | N/A | ⏳ 等待 Profile 更新任务...
2026-07-12 19:05:32.389 | INFO     | N/A | ⏳ 等待 Profile 更新任务...
2026-07-12 19:05:37.421 | INFO     | N/A | ⏳ 等待 Profile 更新任务...
2026-07-12 19:05:42.453 | INFO     | N/A | ⏳ 等待 Profile 更新任务...
2026-07-12 19:05:47.485 | INFO     | N/A | ⏳ 等待 Profile 更新任务...
2026-07-12 19:05:52.517 | INFO     | N/A | ⏳ 等待 Profile 更新任务...
2026-07-12 19:05:57.548 | INFO     | N/A | ⏳ 等待 Profile 更新任务...
2026-07-12 19:06:02.581 | INFO     | N/A | ⏳ 等待 Profile 更新任务...
2026-07-12 19:06:07.614 | INFO     | N/A | ⏳ 等待 Profile 更新任务...
2026-07-12 19:06:12.647 | INFO     | N/A | ⏳ 等待 Profile 更新任务...
2026-07-12 19:06:17.679 | INFO     | N/A | ⏳ 等待 Profile 更新任务...
2026-07-12 19:06:22.712 | INFO     | N/A | ⏳ 等待 Profile 更新任务...
2026-07-12 19:06:27.746 | INFO     | N/A | ⏳ 等待 Profile 更新任务...
2026-07-12 19:06:32.775 | INFO     | N/A | ⏳ 等待 Profile 更新任务...
2026-07-12 19:06:37.807 | INFO     | N/A | ⏳ 等待 Profile 更新任务...
2026-07-12 19:06:42.842 | INFO     | N/A | ⏳ 等待 Profile 更新任务...
2026-07-12 19:06:47.877 | INFO     | N/A | ⏳ 等待 Profile 更新任务...
2026-07-12 19:06:52.909 | INFO     | N/A | ⏳ 等待 Profile 更新任务...
2026-07-12 19:06:57.940 | INFO     | N/A | ⏳ 等待 Profile 更新任务...
2026-07-12 19:07:02.970 | INFO     | N/A | ⏳ 等待 Profile 更新任务...
2026-07-12 19:07:08.006 | INFO     | N/A | ⏳ 等待 Profile 更新任务...
2026-07-12 19:07:13.039 | INFO     | N/A | ⏳ 等待 Profile 更新任务...
2026-07-12 19:07:18.070 | INFO     | N/A | ⏳ 等待 Profile 更新任务...
2026-07-12 19:07:23.102 | INFO     | N/A | ⏳ 等待 Profile 更新任务...
2026-07-12 19:07:28.133 | INFO     | N/A | ⏳ 等待 Profile 更新任务...
2026-07-12 19:07:33.167 | INFO     | N/A | ⏳ 等待 Profile 更新任务...
2026-07-12 19:07:38.199 | INFO     | N/A | ⏳ 等待 Profile 更新任务...
2026-07-12 19:07:43.233 | INFO     | N/A | ⏳ 等待 Profile 更新任务...
2026-07-12 19:07:48.265 | INFO     | N/A | ⏳ 等待 Profile 更新任务...
2026-07-12 19:07:53.295 | INFO     | N/A | ⏳ 等待 Profile 更新任务...
2026-07-12 19:07:58.328 | INFO     | N/A | ⏳ 等待 Profile 更新任务...
2026-07-12 19:08:03.361 | INFO     | N/A | ⏳ 等待 Profile 更新任务...
2026-07-12 19:08:08.397 | INFO     | N/A | ⏳ 等待 Profile 更新任务...
2026-07-12 19:08:13.424 | INFO     | N/A | ⏳ 等待 Profile 更新任务...
2026-07-12 19:08:18.455 | INFO     | N/A | ⏳ 等待 Profile 更新任务...
2026-07-12 19:08:23.488 | INFO     | N/A | ⏳ 等待 Profile 更新任务...
2026-07-12 19:08:28.520 | INFO     | N/A | ⏳ 等待 Profile 更新任务...
2026-07-12 19:08:33.551 | INFO     | N/A | ⏳ 等待 Profile 更新任务...
2026-07-12 19:08:38.583 | INFO     | N/A | ⏳ 等待 Profile 更新任务...
2026-07-12 19:08:43.616 | INFO     | N/A | ⏳ 等待 Profile 更新任务...
2026-07-12 19:08:48.649 | INFO     | N/A | ⏳ 等待 Profile 更新任务...
2026-07-12 19:08:53.681 | INFO     | N/A | ⏳ 等待 Profile 更新任务...
2026-07-12 19:08:58.713 | INFO     | N/A | ⏳ 等待 Profile 更新任务...
2026-07-12 19:09:03.746 | INFO     | N/A | ⏳ 等待 Profile 更新任务...
2026-07-12 19:09:08.783 | INFO     | N/A | ⏳ 等待 Profile 更新任务...
2026-07-12 19:09:13.816 | INFO     | N/A | ⏳ 等待 Profile 更新任务...
2026-07-12 19:09:18.848 | INFO     | N/A | ⏳ 等待 Profile 更新任务...
2026-07-12 19:09:23.879 | INFO     | N/A | ⏳ 等待 Profile 更新任务...
2026-07-12 19:09:28.911 | INFO     | N/A | ⏳ 等待 Profile 更新任务...
2026-07-12 19:09:33.942 | INFO     | N/A | ⏳ 等待 Profile 更新任务...
2026-07-12 19:09:38.976 | INFO     | N/A | ⏳ 等待 Profile 更新任务...
2026-07-12 19:09:44.010 | INFO     | N/A | ⏳ 等待 Profile 更新任务...
2026-07-12 19:09:49.043 | INFO     | N/A | ⏳ 等待 Profile 更新任务...
2026-07-12 19:09:54.074 | INFO     | N/A | ⏳ 等待 Profile 更新任务...
2026-07-12 19:09:59.106 | INFO     | N/A | ⏳ 等待 Profile 更新任务...
2026-07-12 19:10:04.139 | INFO     | N/A | ⏳ 等待 Profile 更新任务...
2026-07-12 19:10:09.169 | INFO     | N/A | ⏳ 等待 Profile 更新任务...
2026-07-12 19:10:14.202 | INFO     | N/A | ⏳ 等待 Profile 更新任务...
2026-07-12 19:10:19.235 | INFO     | N/A | ⏳ 等待 Profile 更新任务...
2026-07-12 19:10:24.267 | INFO     | N/A | ⏳ 等待 Profile 更新任务...
2026-07-12 19:10:29.297 | INFO     | N/A | ⏳ 等待 Profile 更新任务...
2026-07-12 19:10:34.328 | INFO     | N/A | ⏳ 等待 Profile 更新任务...
2026-07-12 19:10:39.360 | INFO     | N/A | ⏳ 等待 Profile 更新任务...
2026-07-12 19:10:44.394 | INFO     | N/A | ⏳ 等待 Profile 更新任务...
2026-07-12 19:10:49.424 | INFO     | N/A | ⏳ 等待 Profile 更新任务...
2026-07-12 19:10:54.453 | INFO     | N/A | ⏳ 等待 Profile 更新任务...
2026-07-12 19:10:59.486 | INFO     | N/A | ⏳ 等待 Profile 更新任务...
2026-07-12 19:11:04.519 | INFO     | N/A | ⏳ 等待 Profile 更新任务...
2026-07-12 19:11:09.551 | INFO     | N/A | ⏳ 等待 Profile 更新任务...
2026-07-12 19:11:14.582 | INFO     | N/A | ⏳ 等待 Profile 更新任务...
2026-07-12 19:11:19.611 | INFO     | N/A | ⏳ 等待 Profile 更新任务...
2026-07-12 19:11:24.642 | INFO     | N/A | ⏳ 等待 Profile 更新任务...
2026-07-12 19:11:29.674 | INFO     | N/A | ⏳ 等待 Profile 更新任务...
2026-07-12 19:11:34.706 | INFO     | N/A | ⏳ 等待 Profile 更新任务...
2026-07-12 19:11:39.739 | INFO     | N/A | ⏳ 等待 Profile 更新任务...
2026-07-12 19:11:44.775 | INFO     | N/A | ⏳ 等待 Profile 更新任务...
2026-07-12 19:11:49.807 | INFO     | N/A | ⏳ 等待 Profile 更新任务...
2026-07-12 19:11:54.837 | INFO     | N/A | ⏳ 等待 Profile 更新任务...
2026-07-12 19:11:59.867 | INFO     | N/A | ⏳ 等待 Profile 更新任务...
2026-07-12 19:12:04.898 | INFO     | N/A | ⏳ 等待 Profile 更新任务...
2026-07-12 19:12:09.931 | INFO     | N/A | ⏳ 等待 Profile 更新任务...
2026-07-12 19:12:14.968 | INFO     | N/A | ⏳ 等待 Profile 更新任务...
2026-07-12 19:12:20.010 | INFO     | N/A | ⏳ 等待 Profile 更新任务...
2026-07-12 19:12:25.041 | INFO     | N/A | ⏳ 等待 Profile 更新任务...
2026-07-12 19:12:30.071 | INFO     | N/A | ⏳ 等待 Profile 更新任务...
2026-07-12 19:12:35.106 | INFO     | N/A | ⏳ 等待 Profile 更新任务...
2026-07-12 19:12:40.138 | INFO     | N/A | ⏳ 等待 Profile 更新任务...
2026-07-12 19:12:45.169 | INFO     | N/A | ⏳ 等待 Profile 更新任务...
2026-07-12 19:12:50.200 | INFO     | N/A | ⏳ 等待 Profile 更新任务...
2026-07-12 19:12:55.232 | INFO     | N/A | ⏳ 等待 Profile 更新任务...
2026-07-12 19:13:00.263 | INFO     | N/A | ⏳ 等待 Profile 更新任务...
2026-07-12 19:13:05.296 | INFO     | N/A | ⏳ 等待 Profile 更新任务...
2026-07-12 19:13:10.331 | INFO     | N/A | ⏳ 等待 Profile 更新任务...
2026-07-12 19:13:15.360 | INFO     | N/A | ⏳ 等待 Profile 更新任务...
2026-07-12 19:13:20.387 | INFO     | N/A | ⏳ 等待 Profile 更新任务...
2026-07-12 19:13:25.418 | INFO     | N/A | ⏳ 等待 Profile 更新任务...
2026-07-12 19:13:30.450 | INFO     | N/A | ⏳ 等待 Profile 更新任务...
2026-07-12 19:13:35.481 | INFO     | N/A | ⏳ 等待 Profile 更新任务...
2026-07-12 19:13:40.513 | INFO     | N/A | ⏳ 等待 Profile 更新任务...
2026-07-12 19:13:45.547 | INFO     | N/A | ⏳ 等待 Profile 更新任务...
2026-07-12 19:13:50.578 | INFO     | N/A | ⏳ 等待 Profile 更新任务...
2026-07-12 19:13:55.609 | INFO     | N/A | ⏳ 等待 Profile 更新任务...
2026-07-12 19:14:00.641 | INFO     | N/A | ⏳ 等待 Profile 更新任务...
2026-07-12 19:14:05.674 | INFO     | N/A | ⏳ 等待 Profile 更新任务...
2026-07-12 19:14:10.707 | INFO     | N/A | ⏳ 等待 Profile 更新任务...
2026-07-12 19:14:15.739 | INFO     | N/A | ⏳ 等待 Profile 更新任务...
2026-07-12 19:14:20.770 | INFO     | N/A | ⏳ 等待 Profile 更新任务...
2026-07-12 19:14:25.803 | INFO     | N/A | ⏳ 等待 Profile 更新任务...
2026-07-12 19:14:30.834 | INFO     | N/A | ⏳ 等待 Profile 更新任务...
2026-07-12 19:14:35.868 | INFO     | N/A | ⏳ 等待 Profile 更新任务...
2026-07-12 19:14:40.901 | INFO     | N/A | ⏳ 等待 Profile 更新任务...
2026-07-12 19:14:45.935 | INFO     | N/A | ⏳ 等待 Profile 更新任务...
2026-07-12 19:14:50.967 | INFO     | N/A | ⏳ 等待 Profile 更新任务...
2026-07-12 19:14:55.999 | INFO     | N/A | ⏳ 等待 Profile 更新任务...
2026-07-12 19:15:01.031 | INFO     | N/A | ⏳ 等待 Profile 更新任务...
2026-07-12 19:15:06.066 | INFO     | N/A | ⏳ 等待 Profile 更新任务...
2026-07-12 19:15:11.100 | INFO     | N/A | ⏳ 等待 Profile 更新任务...
2026-07-12 19:15:16.133 | INFO     | N/A | ⏳ 等待 Profile 更新任务...
2026-07-12 19:15:21.166 | INFO     | N/A | ⏳ 等待 Profile 更新任务...
2026-07-12 19:15:26.199 | INFO     | N/A | ⏳ 等待 Profile 更新任务...
2026-07-12 19:15:31.231 | INFO     | N/A | ⏳ 等待 Profile 更新任务...
2026-07-12 19:15:36.262 | INFO     | N/A | ⏳ 等待 Profile 更新任务...
2026-07-12 19:15:41.295 | INFO     | N/A | ⏳ 等待 Profile 更新任务...
2026-07-12 19:15:46.327 | INFO     | N/A | ⏳ 等待 Profile 更新任务...
2026-07-12 19:15:51.361 | INFO     | N/A | ⏳ 等待 Profile 更新任务...
2026-07-12 19:15:56.392 | INFO     | N/A | ⏳ 等待 Profile 更新任务...
2026-07-12 19:16:01.424 | INFO     | N/A | ⏳ 等待 Profile 更新任务...
2026-07-12 19:16:06.457 | INFO     | N/A | ⏳ 等待 Profile 更新任务...
2026-07-12 19:16:11.489 | INFO     | N/A | ⏳ 等待 Profile 更新任务...
2026-07-12 19:16:16.524 | INFO     | N/A | ⏳ 等待 Profile 更新任务...
2026-07-12 19:16:21.558 | INFO     | N/A | ⏳ 等待 Profile 更新任务...
2026-07-12 19:16:26.589 | INFO     | N/A | ⏳ 等待 Profile 更新任务...
2026-07-12 19:16:31.619 | INFO     | N/A | ⏳ 等待 Profile 更新任务...
2026-07-12 19:16:36.651 | INFO     | N/A | ⏳ 等待 Profile 更新任务...
2026-07-12 19:16:41.685 | INFO     | N/A | ⏳ 等待 Profile 更新任务...
2026-07-12 19:16:46.717 | INFO     | N/A | ⏳ 等待 Profile 更新任务...
2026-07-12 19:16:51.749 | INFO     | N/A | ⏳ 等待 Profile 更新任务...
2026-07-12 19:16:56.782 | INFO     | N/A | ⏳ 等待 Profile 更新任务...
2026-07-12 19:17:01.816 | INFO     | N/A | ⏳ 等待 Profile 更新任务...
2026-07-12 19:17:06.846 | INFO     | N/A | ⏳ 等待 Profile 更新任务...
2026-07-12 19:17:11.877 | INFO     | N/A | ⏳ 等待 Profile 更新任务...
2026-07-12 19:17:16.911 | INFO     | N/A | ⏳ 等待 Profile 更新任务...
2026-07-12 19:17:21.943 | INFO     | N/A | ⏳ 等待 Profile 更新任务...
2026-07-12 19:17:26.973 | INFO     | N/A | ⏳ 等待 Profile 更新任务...
2026-07-12 19:17:32.005 | INFO     | N/A | ⏳ 等待 Profile 更新任务...
2026-07-12 19:17:37.038 | INFO     | N/A | ⏳ 等待 Profile 更新任务...
2026-07-12 19:17:42.071 | INFO     | N/A | ⏳ 等待 Profile 更新任务...
2026-07-12 19:17:47.102 | INFO     | N/A | ⏳ 等待 Profile 更新任务...
2026-07-12 19:17:52.135 | INFO     | N/A | ⏳ 等待 Profile 更新任务...
2026-07-12 19:17:57.166 | INFO     | N/A | ⏳ 等待 Profile 更新任务...
2026-07-12 19:18:02.199 | INFO     | N/A | ⏳ 等待 Profile 更新任务...
2026-07-12 19:18:07.235 | INFO     | N/A | ⏳ 等待 Profile 更新任务...
2026-07-12 19:18:12.269 | INFO     | N/A | ⏳ 等待 Profile 更新任务...
2026-07-12 19:18:17.299 | INFO     | N/A | ⏳ 等待 Profile 更新任务...
2026-07-12 19:18:22.329 | INFO     | N/A | ⏳ 等待 Profile 更新任务...
2026-07-12 19:18:27.358 | INFO     | N/A | ⏳ 等待 Profile 更新任务...
2026-07-12 19:18:32.388 | INFO     | N/A | ⏳ 等待 Profile 更新任务...
2026-07-12 19:18:37.423 | INFO     | N/A | ⏳ 等待 Profile 更新任务...
2026-07-12 19:18:42.454 | INFO     | N/A | ⏳ 等待 Profile 更新任务...
2026-07-12 19:18:47.487 | INFO     | N/A | ⏳ 等待 Profile 更新任务...
2026-07-12 19:18:52.517 | INFO     | N/A | ⏳ 等待 Profile 更新任务...
2026-07-12 19:18:57.548 | INFO     | N/A | ⏳ 等待 Profile 更新任务...
2026-07-12 19:19:02.579 | INFO     | N/A | ⏳ 等待 Profile 更新任务...
2026-07-12 19:19:07.612 | INFO     | N/A | ⏳ 等待 Profile 更新任务...
2026-07-12 19:19:12.642 | INFO     | N/A | ⏳ 等待 Profile 更新任务...
2026-07-12 19:19:17.672 | INFO     | N/A | ⏳ 等待 Profile 更新任务...
2026-07-12 19:19:22.706 | INFO     | N/A | ⏳ 等待 Profile 更新任务...
2026-07-12 19:19:27.738 | INFO     | N/A | ⏳ 等待 Profile 更新任务...
2026-07-12 19:19:32.772 | INFO     | N/A | ⏳ 等待 Profile 更新任务...
2026-07-12 19:19:37.803 | INFO     | N/A | ⏳ 等待 Profile 更新任务...
2026-07-12 19:19:42.834 | INFO     | N/A | ⏳ 等待 Profile 更新任务...
2026-07-12 19:19:47.864 | INFO     | N/A | ⏳ 等待 Profile 更新任务...
2026-07-12 19:19:52.898 | INFO     | N/A | ⏳ 等待 Profile 更新任务...
2026-07-12 19:19:57.930 | INFO     | N/A | ⏳ 等待 Profile 更新任务...
2026-07-12 19:20:02.965 | INFO     | N/A | ⏳ 等待 Profile 更新任务...
2026-07-12 19:20:07.999 | INFO     | N/A | ⏳ 等待 Profile 更新任务...
2026-07-12 19:20:13.031 | INFO     | N/A | ⏳ 等待 Profile 更新任务...
2026-07-12 19:20:18.064 | INFO     | N/A | ⏳ 等待 Profile 更新任务...
2026-07-12 19:20:23.101 | INFO     | N/A | ⏳ 等待 Profile 更新任务...
2026-07-12 19:20:28.133 | INFO     | N/A | ⏳ 等待 Profile 更新任务...
2026-07-12 19:20:33.163 | INFO     | N/A | ⏳ 等待 Profile 更新任务...
2026-07-12 19:20:38.194 | INFO     | N/A | ⏳ 等待 Profile 更新任务...
2026-07-12 19:20:43.228 | INFO     | N/A | ⏳ 等待 Profile 更新任务...
2026-07-12 19:20:48.258 | INFO     | N/A | ⏳ 等待 Profile 更新任务...
2026-07-12 19:20:53.290 | INFO     | N/A | ⏳ 等待 Profile 更新任务...
2026-07-12 19:20:58.322 | INFO     | N/A | ⏳ 等待 Profile 更新任务...
2026-07-12 19:21:03.354 | INFO     | N/A | ⏳ 等待 Profile 更新任务...
2026-07-12 19:21:08.387 | INFO     | N/A | ⏳ 等待 Profile 更新任务...
2026-07-12 19:21:13.419 | INFO     | N/A | ⏳ 等待 Profile 更新任务...
2026-07-12 19:21:18.454 | INFO     | N/A | ⏳ 等待 Profile 更新任务...
2026-07-12 19:21:23.484 | INFO     | N/A | ⏳ 等待 Profile 更新任务...
2026-07-12 19:21:28.523 | INFO     | N/A | ⏳ 等待 Profile 更新任务...
2026-07-12 19:21:33.557 | INFO     | N/A | ⏳ 等待 Profile 更新任务...
2026-07-12 19:21:38.589 | INFO     | N/A | ⏳ 等待 Profile 更新任务...
2026-07-12 19:21:43.621 | INFO     | N/A | ⏳ 等待 Profile 更新任务...
2026-07-12 19:21:48.653 | INFO     | N/A | ⏳ 等待 Profile 更新任务...
2026-07-12 19:21:53.684 | INFO     | N/A | ⏳ 等待 Profile 更新任务...
2026-07-12 19:21:58.715 | INFO     | N/A | ⏳ 等待 Profile 更新任务...
2026-07-12 19:22:03.749 | INFO     | N/A | ⏳ 等待 Profile 更新任务...
2026-07-12 19:22:08.781 | INFO     | N/A | ⏳ 等待 Profile 更新任务...
2026-07-12 19:22:13.814 | INFO     | N/A | ⏳ 等待 Profile 更新任务...
2026-07-12 19:22:18.845 | INFO     | N/A | ⏳ 等待 Profile 更新任务...
2026-07-12 19:22:23.877 | INFO     | N/A | ⏳ 等待 Profile 更新任务...
2026-07-12 19:22:28.907 | INFO     | N/A | ⏳ 等待 Profile 更新任务...
2026-07-12 19:22:33.937 | INFO     | N/A | ⏳ 等待 Profile 更新任务...
2026-07-12 19:22:38.972 | INFO     | N/A | ⏳ 等待 Profile 更新任务...
2026-07-12 19:22:44.005 | INFO     | N/A | ⏳ 等待 Profile 更新任务...
2026-07-12 19:22:49.037 | INFO     | N/A | ⏳ 等待 Profile 更新任务...
2026-07-12 19:22:54.071 | INFO     | N/A | ⏳ 等待 Profile 更新任务...
2026-07-12 19:22:59.102 | INFO     | N/A | ⏳ 等待 Profile 更新任务...
2026-07-12 19:23:04.131 | INFO     | N/A | ⏳ 等待 Profile 更新任务...
2026-07-12 19:23:09.162 | INFO     | N/A | ⏳ 等待 Profile 更新任务...
2026-07-12 19:23:14.192 | INFO     | N/A | ⏳ 等待 Profile 更新任务...
2026-07-12 19:23:19.226 | INFO     | N/A | ⏳ 等待 Profile 更新任务...
2026-07-12 19:23:24.257 | INFO     | N/A | ⏳ 等待 Profile 更新任务...
2026-07-12 19:23:29.290 | INFO     | N/A | ⏳ 等待 Profile 更新任务...
2026-07-12 19:23:34.320 | INFO     | N/A | ⏳ 等待 Profile 更新任务...
2026-07-12 19:23:39.353 | INFO     | N/A | ⏳ 等待 Profile 更新任务...
2026-07-12 19:23:44.386 | INFO     | N/A | ⏳ 等待 Profile 更新任务...
2026-07-12 19:23:49.417 | INFO     | N/A | ⏳ 等待 Profile 更新任务...
2026-07-12 19:23:54.450 | INFO     | N/A | ⏳ 等待 Profile 更新任务...
2026-07-12 19:23:59.484 | INFO     | N/A | ⏳ 等待 Profile 更新任务...
2026-07-12 19:24:04.513 | INFO     | N/A | ⏳ 等待 Profile 更新任务...
2026-07-12 19:24:09.545 | INFO     | N/A | ⏳ 等待 Profile 更新任务...
2026-07-12 19:24:14.576 | INFO     | N/A | ⏳ 等待 Profile 更新任务...
2026-07-12 19:24:19.610 | INFO     | N/A | ⏳ 等待 Profile 更新任务...
2026-07-12 19:24:24.643 | INFO     | N/A | ⏳ 等待 Profile 更新任务...
2026-07-12 19:24:29.675 | INFO     | N/A | ⏳ 等待 Profile 更新任务...
2026-07-12 19:24:34.707 | INFO     | N/A | ⏳ 等待 Profile 更新任务...
2026-07-12 19:24:39.744 | INFO     | N/A | ⏳ 等待 Profile 更新任务...
2026-07-12 19:24:44.777 | INFO     | N/A | ⏳ 等待 Profile 更新任务...
2026-07-12 19:24:49.808 | INFO     | N/A | ⏳ 等待 Profile 更新任务...
2026-07-12 19:24:54.841 | INFO     | N/A | ⏳ 等待 Profile 更新任务...
2026-07-12 19:24:59.873 | INFO     | N/A | ⏳ 等待 Profile 更新任务...
2026-07-12 19:25:04.905 | INFO     | N/A | ⏳ 等待 Profile 更新任务...
2026-07-12 19:25:09.940 | INFO     | N/A | ⏳ 等待 Profile 更新任务...
2026-07-12 19:25:14.975 | INFO     | N/A | ⏳ 等待 Profile 更新任务...
2026-07-12 19:25:20.013 | INFO     | N/A | ⏳ 等待 Profile 更新任务...
2026-07-12 19:25:25.043 | INFO     | N/A | ⏳ 等待 Profile 更新任务...
2026-07-12 19:25:30.072 | INFO     | N/A | ⏳ 等待 Profile 更新任务...
2026-07-12 19:25:35.103 | INFO     | N/A | ⏳ 等待 Profile 更新任务...
2026-07-12 19:25:40.136 | INFO     | N/A | ⏳ 等待 Profile 更新任务...
2026-07-12 19:25:45.172 | INFO     | N/A | ⏳ 等待 Profile 更新任务...
2026-07-12 19:25:50.203 | INFO     | N/A | ⏳ 等待 Profile 更新任务...
2026-07-12 19:25:55.234 | INFO     | N/A | ⏳ 等待 Profile 更新任务...
2026-07-12 19:26:00.266 | INFO     | N/A | ⏳ 等待 Profile 更新任务...
2026-07-12 19:26:05.299 | INFO     | N/A | ⏳ 等待 Profile 更新任务...
2026-07-12 19:26:10.332 | INFO     | N/A | ⏳ 等待 Profile 更新任务...
2026-07-12 19:26:15.363 | INFO     | N/A | ⏳ 等待 Profile 更新任务...
2026-07-12 19:26:20.397 | INFO     | N/A | ⏳ 等待 Profile 更新任务...
2026-07-12 19:26:25.429 | INFO     | N/A | ⏳ 等待 Profile 更新任务...
2026-07-12 19:26:30.461 | INFO     | N/A | ⏳ 等待 Profile 更新任务...
2026-07-12 19:26:35.491 | INFO     | N/A | ⏳ 等待 Profile 更新任务...
2026-07-12 19:26:40.526 | INFO     | N/A | ⏳ 等待 Profile 更新任务...
2026-07-12 19:26:45.554 | INFO     | N/A | ⏳ 等待 Profile 更新任务...
2026-07-12 19:26:50.586 | INFO     | N/A | ⏳ 等待 Profile 更新任务...
2026-07-12 19:26:55.621 | INFO     | N/A | ⏳ 等待 Profile 更新任务...
2026-07-12 19:27:00.652 | INFO     | N/A | ⏳ 等待 Profile 更新任务...
2026-07-12 19:27:05.685 | INFO     | N/A | ⏳ 等待 Profile 更新任务...
2026-07-12 19:27:10.725 | INFO     | N/A | ⏳ 等待 Profile 更新任务...
2026-07-12 19:27:15.759 | INFO     | N/A | ⏳ 等待 Profile 更新任务...
2026-07-12 19:27:20.791 | INFO     | N/A | ⏳ 等待 Profile 更新任务...
2026-07-12 19:27:25.822 | INFO     | N/A | ⏳ 等待 Profile 更新任务...
2026-07-12 19:27:30.856 | INFO     | N/A | ⏳ 等待 Profile 更新任务...
2026-07-12 19:27:35.888 | INFO     | N/A | ⏳ 等待 Profile 更新任务...
2026-07-12 19:27:40.919 | INFO     | N/A | ⏳ 等待 Profile 更新任务...
2026-07-12 19:27:45.953 | INFO     | N/A | ⏳ 等待 Profile 更新任务...
2026-07-12 19:27:50.985 | INFO     | N/A | ⏳ 等待 Profile 更新任务...
2026-07-12 19:27:56.017 | INFO     | N/A | ⏳ 等待 Profile 更新任务...
2026-07-12 19:28:01.049 | INFO     | N/A | ⏳ 等待 Profile 更新任务...
2026-07-12 19:28:06.082 | INFO     | N/A | ⏳ 等待 Profile 更新任务...
2026-07-12 19:28:11.114 | INFO     | N/A | ⏳ 等待 Profile 更新任务...
2026-07-12 19:28:16.146 | INFO     | N/A | ⏳ 等待 Profile 更新任务...
2026-07-12 19:28:21.181 | INFO     | N/A | ⏳ 等待 Profile 更新任务...
2026-07-12 19:28:26.214 | INFO     | N/A | ⏳ 等待 Profile 更新任务...
2026-07-12 19:28:31.245 | INFO     | N/A | ⏳ 等待 Profile 更新任务...
2026-07-12 19:28:36.276 | INFO     | N/A | ⏳ 等待 Profile 更新任务...
2026-07-12 19:28:41.307 | INFO     | N/A | ⏳ 等待 Profile 更新任务...
2026-07-12 19:28:46.337 | INFO     | N/A | ⏳ 等待 Profile 更新任务...
2026-07-12 19:28:51.368 | INFO     | N/A | ⏳ 等待 Profile 更新任务...
2026-07-12 19:28:56.399 | INFO     | N/A | ⏳ 等待 Profile 更新任务...
2026-07-12 19:29:01.430 | INFO     | N/A | ⏳ 等待 Profile 更新任务...
2026-07-12 19:29:06.463 | INFO     | N/A | ⏳ 等待 Profile 更新任务...
2026-07-12 19:29:11.499 | INFO     | N/A | ⏳ 等待 Profile 更新任务...
2026-07-12 19:29:16.532 | INFO     | N/A | ⏳ 等待 Profile 更新任务...
2026-07-12 19:29:21.566 | INFO     | N/A | ⏳ 等待 Profile 更新任务...
2026-07-12 19:29:26.597 | INFO     | N/A | ⏳ 等待 Profile 更新任务...
2026-07-12 19:29:31.629 | INFO     | N/A | ⏳ 等待 Profile 更新任务...
2026-07-12 19:29:36.660 | INFO     | N/A | ⏳ 等待 Profile 更新任务...
2026-07-12 19:29:41.693 | INFO     | N/A | ⏳ 等待 Profile 更新任务...
2026-07-12 19:29:46.724 | INFO     | N/A | ⏳ 等待 Profile 更新任务...
2026-07-12 19:29:51.756 | INFO     | N/A | ⏳ 等待 Profile 更新任务...
2026-07-12 19:29:56.792 | INFO     | N/A | ⏳ 等待 Profile 更新任务...
2026-07-12 19:30:01.826 | INFO     | N/A | ⏳ 等待 Profile 更新任务...
2026-07-12 19:30:06.858 | INFO     | N/A | ⏳ 等待 Profile 更新任务...
2026-07-12 19:30:11.890 | INFO     | N/A | ⏳ 等待 Profile 更新任务...
2026-07-12 19:30:16.920 | INFO     | N/A | ⏳ 等待 Profile 更新任务...
2026-07-12 19:30:21.949 | INFO     | N/A | ⏳ 等待 Profile 更新任务...
2026-07-12 19:30:26.981 | INFO     | N/A | ⏳ 等待 Profile 更新任务...
2026-07-12 19:30:32.012 | INFO     | N/A | ⏳ 等待 Profile 更新任务...
2026-07-12 19:30:37.044 | INFO     | N/A | ⏳ 等待 Profile 更新任务...
2026-07-12 19:30:42.081 | INFO     | N/A | ⏳ 等待 Profile 更新任务...
2026-07-12 19:30:47.115 | INFO     | N/A | ⏳ 等待 Profile 更新任务...
2026-07-12 19:30:52.145 | INFO     | N/A | ⏳ 等待 Profile 更新任务...
2026-07-12 19:30:57.174 | INFO     | N/A | ⏳ 等待 Profile 更新任务...
2026-07-12 19:31:02.205 | INFO     | N/A | ⏳ 等待 Profile 更新任务...
2026-07-12 19:31:07.235 | INFO     | N/A | ⏳ 等待 Profile 更新任务...
2026-07-12 19:31:12.267 | INFO     | N/A | ⏳ 等待 Profile 更新任务...
2026-07-12 19:31:17.300 | INFO     | N/A | ⏳ 等待 Profile 更新任务...
2026-07-12 19:31:22.331 | INFO     | N/A | ⏳ 等待 Profile 更新任务...
2026-07-12 19:31:27.360 | INFO     | N/A | ⏳ 等待 Profile 更新任务...
2026-07-12 19:31:32.392 | INFO     | N/A | ⏳ 等待 Profile 更新任务...
2026-07-12 19:31:37.424 | INFO     | N/A | ⏳ 等待 Profile 更新任务...
2026-07-12 19:31:42.454 | INFO     | N/A | ⏳ 等待 Profile 更新任务...
2026-07-12 19:31:47.482 | INFO     | N/A | ⏳ 等待 Profile 更新任务...
2026-07-12 19:31:52.517 | INFO     | N/A | ⏳ 等待 Profile 更新任务...
2026-07-12 19:31:57.550 | INFO     | N/A | ⏳ 等待 Profile 更新任务...
2026-07-12 19:32:02.581 | INFO     | N/A | ⏳ 等待 Profile 更新任务...
2026-07-12 19:32:07.613 | INFO     | N/A | ⏳ 等待 Profile 更新任务...
2026-07-12 19:32:12.649 | INFO     | N/A | ⏳ 等待 Profile 更新任务...
2026-07-12 19:32:17.681 | INFO     | N/A | ⏳ 等待 Profile 更新任务...
2026-07-12 19:32:22.713 | INFO     | N/A | ⏳ 等待 Profile 更新任务...
2026-07-12 19:32:27.748 | INFO     | N/A | ⏳ 等待 Profile 更新任务...
2026-07-12 19:32:32.782 | INFO     | N/A | ⏳ 等待 Profile 更新任务...
2026-07-12 19:32:37.814 | INFO     | N/A | ⏳ 等待 Profile 更新任务...
2026-07-12 19:32:42.852 | INFO     | N/A | ⏳ 等待 Profile 更新任务...
2026-07-12 19:32:47.885 | INFO     | N/A | ⏳ 等待 Profile 更新任务...
2026-07-12 19:32:52.918 | INFO     | N/A | ⏳ 等待 Profile 更新任务...
2026-07-12 19:32:57.948 | INFO     | N/A | ⏳ 等待 Profile 更新任务...
2026-07-12 19:33:02.983 | INFO     | N/A | ⏳ 等待 Profile 更新任务...
2026-07-12 19:33:08.011 | INFO     | N/A | ⏳ 等待 Profile 更新任务...
2026-07-12 19:33:13.042 | INFO     | N/A | ⏳ 等待 Profile 更新任务...
2026-07-12 19:33:18.073 | INFO     | N/A | ⏳ 等待 Profile 更新任务...
2026-07-12 19:33:23.107 | INFO     | N/A | ⏳ 等待 Profile 更新任务...
2026-07-12 19:33:28.140 | INFO     | N/A | ⏳ 等待 Profile 更新任务...
2026-07-12 19:33:33.173 | INFO     | N/A | ⏳ 等待 Profile 更新任务...
2026-07-12 19:33:38.204 | INFO     | N/A | ⏳ 等待 Profile 更新任务...
2026-07-12 19:33:43.242 | INFO     | N/A | ⏳ 等待 Profile 更新任务...
2026-07-12 19:33:48.275 | INFO     | N/A | ⏳ 等待 Profile 更新任务...
2026-07-12 19:33:53.305 | INFO     | N/A | ⏳ 等待 Profile 更新任务...
2026-07-12 19:33:58.339 | INFO     | N/A | ⏳ 等待 Profile 更新任务...
2026-07-12 19:34:03.371 | INFO     | N/A | ⏳ 等待 Profile 更新任务...
2026-07-12 19:34:08.406 | INFO     | N/A | ⏳ 等待 Profile 更新任务...
2026-07-12 19:34:13.441 | INFO     | N/A | ⏳ 等待 Profile 更新任务...
2026-07-12 19:34:18.471 | INFO     | N/A | ⏳ 等待 Profile 更新任务...
2026-07-12 19:34:23.503 | INFO     | N/A | ⏳ 等待 Profile 更新任务...
2026-07-12 19:34:28.537 | INFO     | N/A | ⏳ 等待 Profile 更新任务...
2026-07-12 19:34:33.569 | INFO     | N/A | ⏳ 等待 Profile 更新任务...
2026-07-12 19:34:38.602 | INFO     | N/A | ⏳ 等待 Profile 更新任务...
2026-07-12 19:34:43.634 | INFO     | N/A | ⏳ 等待 Profile 更新任务...
2026-07-12 19:34:48.665 | INFO     | N/A | ⏳ 等待 Profile 更新任务...
2026-07-12 19:34:53.698 | INFO     | N/A | ⏳ 等待 Profile 更新任务...
2026-07-12 19:34:58.729 | INFO     | N/A | ⏳ 等待 Profile 更新任务...
2026-07-12 19:35:03.759 | INFO     | N/A | ⏳ 等待 Profile 更新任务...
2026-07-12 19:35:08.791 | INFO     | N/A | ⏳ 等待 Profile 更新任务...
2026-07-12 19:35:13.822 | INFO     | N/A | ⏳ 等待 Profile 更新任务...
2026-07-12 19:35:18.855 | INFO     | N/A | ⏳ 等待 Profile 更新任务...
2026-07-12 19:35:23.888 | INFO     | N/A | ⏳ 等待 Profile 更新任务...
2026-07-12 19:35:28.924 | INFO     | N/A | ⏳ 等待 Profile 更新任务...
2026-07-12 19:35:33.953 | INFO     | N/A | ⏳ 等待 Profile 更新任务...
2026-07-12 19:35:38.985 | INFO     | N/A | ⏳ 等待 Profile 更新任务...
2026-07-12 19:35:44.016 | INFO     | N/A | ⏳ 等待 Profile 更新任务...
2026-07-12 19:35:49.049 | INFO     | N/A | ⏳ 等待 Profile 更新任务...
2026-07-12 19:35:54.083 | INFO     | N/A | ⏳ 等待 Profile 更新任务...
2026-07-12 19:35:59.114 | INFO     | N/A | ⏳ 等待 Profile 更新任务...
2026-07-12 19:36:04.148 | INFO     | N/A | ⏳ 等待 Profile 更新任务...
2026-07-12 19:36:09.178 | INFO     | N/A | ⏳ 等待 Profile 更新任务...
2026-07-12 19:36:14.224 | INFO     | N/A | ⏳ 等待 Profile 更新任务...
2026-07-12 19:36:19.255 | INFO     | N/A | ⏳ 等待 Profile 更新任务...
2026-07-12 19:36:24.288 | INFO     | N/A | ⏳ 等待 Profile 更新任务...
2026-07-12 19:36:29.321 | INFO     | N/A | ⏳ 等待 Profile 更新任务...
2026-07-12 19:36:34.353 | INFO     | N/A | ⏳ 等待 Profile 更新任务...
2026-07-12 19:36:39.386 | INFO     | N/A | ⏳ 等待 Profile 更新任务...
2026-07-12 19:36:44.419 | INFO     | N/A | ⏳ 等待 Profile 更新任务...
2026-07-12 19:36:49.452 | INFO     | N/A | ⏳ 等待 Profile 更新任务...
2026-07-12 19:36:54.483 | INFO     | N/A | ⏳ 等待 Profile 更新任务...
2026-07-12 19:36:59.514 | INFO     | N/A | ⏳ 等待 Profile 更新任务...
2026-07-12 19:37:04.545 | INFO     | N/A | ⏳ 等待 Profile 更新任务...
2026-07-12 19:37:09.576 | INFO     | N/A | ⏳ 等待 Profile 更新任务...
2026-07-12 19:37:14.612 | INFO     | N/A | ⏳ 等待 Profile 更新任务...
2026-07-12 19:37:19.645 | INFO     | N/A | ⏳ 等待 Profile 更新任务...
2026-07-12 19:37:24.677 | INFO     | N/A | ⏳ 等待 Profile 更新任务...
2026-07-12 19:37:29.713 | INFO     | N/A | ⏳ 等待 Profile 更新任务...
2026-07-12 19:37:34.742 | INFO     | N/A | ⏳ 等待 Profile 更新任务...
2026-07-12 19:37:39.773 | INFO     | N/A | ⏳ 等待 Profile 更新任务...
2026-07-12 19:37:44.806 | INFO     | N/A | ⏳ 等待 Profile 更新任务...
2026-07-12 19:37:49.837 | INFO     | N/A | ⏳ 等待 Profile 更新任务...
2026-07-12 19:37:54.870 | INFO     | N/A | ⏳ 等待 Profile 更新任务...
2026-07-12 19:37:59.902 | INFO     | N/A | ⏳ 等待 Profile 更新任务...
2026-07-12 19:38:04.934 | INFO     | N/A | ⏳ 等待 Profile 更新任务...
2026-07-12 19:38:09.969 | INFO     | N/A | ⏳ 等待 Profile 更新任务...
2026-07-12 19:38:15.000 | INFO     | N/A | ⏳ 等待 Profile 更新任务...
2026-07-12 19:38:20.035 | INFO     | N/A | ⏳ 等待 Profile 更新任务...
2026-07-12 19:38:25.070 | INFO     | N/A | ⏳ 等待 Profile 更新任务...
2026-07-12 19:38:30.101 | INFO     | N/A | ⏳ 等待 Profile 更新任务...
2026-07-12 19:38:35.132 | INFO     | N/A | ⏳ 等待 Profile 更新任务...
2026-07-12 19:38:40.167 | INFO     | N/A | ⏳ 等待 Profile 更新任务...
2026-07-12 19:38:45.196 | INFO     | N/A | ⏳ 等待 Profile 更新任务...
2026-07-12 19:38:50.227 | INFO     | N/A | ⏳ 等待 Profile 更新任务...
2026-07-12 19:38:55.259 | INFO     | N/A | ⏳ 等待 Profile 更新任务...
2026-07-12 19:39:00.293 | INFO     | N/A | ⏳ 等待 Profile 更新任务...
2026-07-12 19:39:05.323 | INFO     | N/A | ⏳ 等待 Profile 更新任务...
2026-07-12 19:39:10.355 | INFO     | N/A | ⏳ 等待 Profile 更新任务...
2026-07-12 19:39:15.389 | INFO     | N/A | ⏳ 等待 Profile 更新任务...
2026-07-12 19:39:20.421 | INFO     | N/A | ⏳ 等待 Profile 更新任务...
2026-07-12 19:39:25.455 | INFO     | N/A | ⏳ 等待 Profile 更新任务...
2026-07-12 19:39:30.486 | INFO     | N/A | ⏳ 等待 Profile 更新任务...
2026-07-12 19:39:35.517 | INFO     | N/A | ⏳ 等待 Profile 更新任务...
2026-07-12 19:39:41.778 | INFO     | N/A | ⏳ 等待 Profile 更新任务...
2026-07-12 19:39:46.818 | INFO     | N/A | ⏳ 等待 Profile 更新任务...
2026-07-12 19:39:51.853 | INFO     | N/A | ⏳ 等待 Profile 更新任务...
2026-07-12 19:39:56.885 | INFO     | N/A | ⏳ 等待 Profile 更新任务...
2026-07-12 19:40:01.921 | INFO     | N/A | ⏳ 等待 Profile 更新任务...
2026-07-12 19:40:06.953 | INFO     | N/A | ⏳ 等待 Profile 更新任务...
2026-07-12 19:40:11.988 | INFO     | N/A | ⏳ 等待 Profile 更新任务...
2026-07-12 19:40:17.017 | INFO     | N/A | ⏳ 等待 Profile 更新任务...
2026-07-12 19:40:22.049 | INFO     | N/A | ⏳ 等待 Profile 更新任务...
2026-07-12 19:40:27.082 | INFO     | N/A | ⏳ 等待 Profile 更新任务...
2026-07-12 19:40:32.115 | INFO     | N/A | ⏳ 等待 Profile 更新任务...
2026-07-12 19:40:37.145 | INFO     | N/A | ⏳ 等待 Profile 更新任务...
2026-07-12 19:40:42.177 | INFO     | N/A | ⏳ 等待 Profile 更新任务...
2026-07-12 19:40:47.213 | INFO     | N/A | ⏳ 等待 Profile 更新任务...
2026-07-12 19:40:52.244 | INFO     | N/A | ⏳ 等待 Profile 更新任务...
2026-07-12 19:40:57.278 | INFO     | N/A | ⏳ 等待 Profile 更新任务...
2026-07-12 19:41:02.309 | INFO     | N/A | ⏳ 等待 Profile 更新任务...
2026-07-12 19:41:07.345 | INFO     | N/A | ⏳ 等待 Profile 更新任务...
2026-07-12 19:41:12.381 | INFO     | N/A | ⏳ 等待 Profile 更新任务...
2026-07-12 19:41:17.415 | INFO     | N/A | ⏳ 等待 Profile 更新任务...
2026-07-12 19:41:22.446 | INFO     | N/A | ⏳ 等待 Profile 更新任务...
2026-07-12 19:41:27.480 | INFO     | N/A | ⏳ 等待 Profile 更新任务...
2026-07-12 19:41:32.512 | INFO     | N/A | ⏳ 等待 Profile 更新任务...
2026-07-12 19:41:37.543 | INFO     | N/A | ⏳ 等待 Profile 更新任务...
2026-07-12 19:41:42.573 | INFO     | N/A | ⏳ 等待 Profile 更新任务...
2026-07-12 19:41:47.608 | INFO     | N/A | ⏳ 等待 Profile 更新任务...
2026-07-12 19:41:52.640 | INFO     | N/A | ⏳ 等待 Profile 更新任务...
2026-07-12 19:41:57.670 | INFO     | N/A | ⏳ 等待 Profile 更新任务...
2026-07-12 19:42:02.700 | INFO     | N/A | ⏳ 等待 Profile 更新任务...
2026-07-12 19:42:07.733 | INFO     | N/A | ⏳ 等待 Profile 更新任务...
2026-07-12 19:42:12.765 | INFO     | N/A | ⏳ 等待 Profile 更新任务...
2026-07-12 19:42:17.802 | INFO     | N/A | ⏳ 等待 Profile 更新任务...
2026-07-12 19:42:22.835 | INFO     | N/A | ⏳ 等待 Profile 更新任务...
2026-07-12 19:42:27.866 | INFO     | N/A | ⏳ 等待 Profile 更新任务...
2026-07-12 19:42:32.898 | INFO     | N/A | ⏳ 等待 Profile 更新任务...
2026-07-12 19:42:37.935 | INFO     | N/A | ⏳ 等待 Profile 更新任务...
2026-07-12 19:42:43.009 | INFO     | N/A | ⏳ 等待 Profile 更新任务...
2026-07-12 19:42:48.042 | INFO     | N/A | ⏳ 等待 Profile 更新任务...
2026-07-12 19:42:53.076 | INFO     | N/A | ⏳ 等待 Profile 更新任务...
2026-07-12 19:42:58.109 | INFO     | N/A | ⏳ 等待 Profile 更新任务...
2026-07-12 19:43:03.140 | INFO     | N/A | ⏳ 等待 Profile 更新任务...
2026-07-12 19:43:08.172 | INFO     | N/A | ⏳ 等待 Profile 更新任务...
2026-07-12 19:43:13.204 | INFO     | N/A | ⏳ 等待 Profile 更新任务...
2026-07-12 19:43:18.234 | INFO     | N/A | ⏳ 等待 Profile 更新任务...
2026-07-12 19:43:23.266 | INFO     | N/A | ⏳ 等待 Profile 更新任务...
2026-07-12 19:43:28.299 | INFO     | N/A | ⏳ 等待 Profile 更新任务...
2026-07-12 19:43:33.333 | INFO     | N/A | ⏳ 等待 Profile 更新任务...
2026-07-12 19:43:38.366 | INFO     | N/A | ⏳ 等待 Profile 更新任务...
2026-07-12 19:43:43.399 | INFO     | N/A | ⏳ 等待 Profile 更新任务...
2026-07-12 19:43:48.434 | INFO     | N/A | ⏳ 等待 Profile 更新任务...
2026-07-12 19:43:53.467 | INFO     | N/A | ⏳ 等待 Profile 更新任务...
2026-07-12 19:43:58.498 | INFO     | N/A | ⏳ 等待 Profile 更新任务...
2026-07-12 19:44:03.529 | INFO     | N/A | ⏳ 等待 Profile 更新任务...
2026-07-12 19:44:08.562 | INFO     | N/A | ⏳ 等待 Profile 更新任务...
2026-07-12 19:44:13.591 | INFO     | N/A | ⏳ 等待 Profile 更新任务...
2026-07-12 19:44:18.623 | INFO     | N/A | ⏳ 等待 Profile 更新任务...
2026-07-12 19:44:23.656 | INFO     | N/A | ⏳ 等待 Profile 更新任务...
2026-07-12 19:44:28.687 | INFO     | N/A | ⏳ 等待 Profile 更新任务...
2026-07-12 19:44:33.718 | INFO     | N/A | ⏳ 等待 Profile 更新任务...
2026-07-12 19:44:38.752 | INFO     | N/A | ⏳ 等待 Profile 更新任务...
2026-07-12 19:44:43.783 | INFO     | N/A | ⏳ 等待 Profile 更新任务...
2026-07-12 19:44:48.824 | INFO     | N/A | ⏳ 等待 Profile 更新任务...
2026-07-12 19:44:53.859 | INFO     | N/A | ⏳ 等待 Profile 更新任务...
2026-07-12 19:44:58.892 | INFO     | N/A | ⏳ 等待 Profile 更新任务...
2026-07-12 19:45:03.924 | INFO     | N/A | ⏳ 等待 Profile 更新任务...
2026-07-12 19:45:08.957 | INFO     | N/A | ⏳ 等待 Profile 更新任务...
2026-07-12 19:45:13.988 | INFO     | N/A | ⏳ 等待 Profile 更新任务...
2026-07-12 19:45:19.021 | INFO     | N/A | ⏳ 等待 Profile 更新任务...
2026-07-12 19:45:24.052 | INFO     | N/A | ⏳ 等待 Profile 更新任务...
2026-07-12 19:45:29.086 | INFO     | N/A | ⏳ 等待 Profile 更新任务...
2026-07-12 19:45:34.118 | INFO     | N/A | ⏳ 等待 Profile 更新任务...
2026-07-12 19:45:39.153 | INFO     | N/A | ⏳ 等待 Profile 更新任务...
2026-07-12 19:45:44.183 | INFO     | N/A | ⏳ 等待 Profile 更新任务...
2026-07-12 19:45:49.219 | INFO     | N/A | ⏳ 等待 Profile 更新任务...
2026-07-12 19:45:54.251 | INFO     | N/A | ⏳ 等待 Profile 更新任务...
2026-07-12 19:45:59.281 | INFO     | N/A | ⏳ 等待 Profile 更新任务...
2026-07-12 19:46:04.313 | INFO     | N/A | ⏳ 等待 Profile 更新任务...
2026-07-12 19:46:09.345 | INFO     | N/A | ⏳ 等待 Profile 更新任务...
2026-07-12 19:46:14.379 | INFO     | N/A | ⏳ 等待 Profile 更新任务...
2026-07-12 19:46:19.410 | INFO     | N/A | ⏳ 等待 Profile 更新任务...
2026-07-12 19:46:24.443 | INFO     | N/A | ⏳ 等待 Profile 更新任务...
2026-07-12 19:46:29.473 | INFO     | N/A | ⏳ 等待 Profile 更新任务...
2026-07-12 19:46:34.503 | INFO     | N/A | ⏳ 等待 Profile 更新任务...
2026-07-12 19:46:39.537 | INFO     | N/A | ⏳ 等待 Profile 更新任务...
2026-07-12 19:46:44.571 | INFO     | N/A | ⏳ 等待 Profile 更新任务...
2026-07-12 19:46:49.604 | INFO     | N/A | ⏳ 等待 Profile 更新任务...
2026-07-12 19:46:54.637 | INFO     | N/A | ⏳ 等待 Profile 更新任务...
2026-07-12 19:46:59.669 | INFO     | N/A | ⏳ 等待 Profile 更新任务...
2026-07-12 19:47:04.700 | INFO     | N/A | ⏳ 等待 Profile 更新任务...
2026-07-12 19:47:09.730 | INFO     | N/A | ⏳ 等待 Profile 更新任务...
2026-07-12 19:47:14.764 | INFO     | N/A | ⏳ 等待 Profile 更新任务...
2026-07-12 19:47:19.796 | INFO     | N/A | ⏳ 等待 Profile 更新任务...
2026-07-12 19:47:24.828 | INFO     | N/A | ⏳ 等待 Profile 更新任务...
2026-07-12 19:47:29.859 | INFO     | N/A | ⏳ 等待 Profile 更新任务...
2026-07-12 19:47:34.890 | INFO     | N/A | ⏳ 等待 Profile 更新任务...
2026-07-12 19:47:39.923 | INFO     | N/A | ⏳ 等待 Profile 更新任务...
2026-07-12 19:47:44.954 | INFO     | N/A | ⏳ 等待 Profile 更新任务...
2026-07-12 19:47:49.990 | INFO     | N/A | ⏳ 等待 Profile 更新任务...
2026-07-12 19:47:55.021 | INFO     | N/A | ⏳ 等待 Profile 更新任务...
2026-07-12 19:48:00.053 | INFO     | N/A | ⏳ 等待 Profile 更新任务...
2026-07-12 19:48:05.084 | INFO     | N/A | ⏳ 等待 Profile 更新任务...
2026-07-12 19:48:10.114 | INFO     | N/A | ⏳ 等待 Profile 更新任务...
2026-07-12 19:48:15.146 | INFO     | N/A | ⏳ 等待 Profile 更新任务...
2026-07-12 19:48:20.181 | INFO     | N/A | ⏳ 等待 Profile 更新任务...
2026-07-12 19:48:25.213 | INFO     | N/A | ⏳ 等待 Profile 更新任务...
2026-07-12 19:48:30.245 | INFO     | N/A | ⏳ 等待 Profile 更新任务...
2026-07-12 19:48:35.279 | INFO     | N/A | ⏳ 等待 Profile 更新任务...
2026-07-12 19:48:40.313 | INFO     | N/A | ⏳ 等待 Profile 更新任务...
2026-07-12 19:48:45.343 | INFO     | N/A | ⏳ 等待 Profile 更新任务...
2026-07-12 19:48:50.383 | INFO     | N/A | ⏳ 等待 Profile 更新任务...
2026-07-12 19:48:55.413 | INFO     | N/A | ⏳ 等待 Profile 更新任务...
2026-07-12 19:49:00.443 | INFO     | N/A | ⏳ 等待 Profile 更新任务...
2026-07-12 19:49:05.477 | INFO     | N/A | ⏳ 等待 Profile 更新任务...
2026-07-12 19:49:10.507 | INFO     | N/A | ⏳ 等待 Profile 更新任务...
2026-07-12 19:49:15.540 | INFO     | N/A | ⏳ 等待 Profile 更新任务...
2026-07-12 19:49:20.572 | INFO     | N/A | ⏳ 等待 Profile 更新任务...
2026-07-12 19:49:25.603 | INFO     | N/A | ⏳ 等待 Profile 更新任务...
2026-07-12 19:49:30.636 | INFO     | N/A | ⏳ 等待 Profile 更新任务...
2026-07-12 19:49:35.665 | INFO     | N/A | ⏳ 等待 Profile 更新任务...
2026-07-12 19:49:40.698 | INFO     | N/A | ⏳ 等待 Profile 更新任务...
2026-07-12 19:49:45.730 | INFO     | N/A | ⏳ 等待 Profile 更新任务...
2026-07-12 19:49:50.762 | INFO     | N/A | ⏳ 等待 Profile 更新任务...
2026-07-12 19:49:55.793 | INFO     | N/A | ⏳ 等待 Profile 更新任务...
2026-07-12 19:50:00.824 | INFO     | N/A | ⏳ 等待 Profile 更新任务...
2026-07-12 19:50:05.857 | INFO     | N/A | ⏳ 等待 Profile 更新任务...
2026-07-12 19:50:10.886 | INFO     | N/A | ⏳ 等待 Profile 更新任务...
2026-07-12 19:50:15.919 | INFO     | N/A | ⏳ 等待 Profile 更新任务...
2026-07-12 19:50:20.950 | INFO     | N/A | ⏳ 等待 Profile 更新任务...
2026-07-12 19:50:25.981 | INFO     | N/A | ⏳ 等待 Profile 更新任务...
2026-07-12 19:50:31.017 | INFO     | N/A | ⏳ 等待 Profile 更新任务...
2026-07-12 19:50:36.046 | INFO     | N/A | ⏳ 等待 Profile 更新任务...
2026-07-12 19:50:41.081 | INFO     | N/A | ⏳ 等待 Profile 更新任务...
2026-07-12 19:50:46.113 | INFO     | N/A | ⏳ 等待 Profile 更新任务...
2026-07-12 19:50:51.147 | INFO     | N/A | ⏳ 等待 Profile 更新任务...
2026-07-12 19:50:56.179 | INFO     | N/A | ⏳ 等待 Profile 更新任务...
2026-07-12 19:51:01.208 | INFO     | N/A | ⏳ 等待 Profile 更新任务...
2026-07-12 19:51:06.241 | INFO     | N/A | ⏳ 等待 Profile 更新任务...
2026-07-12 19:51:11.272 | INFO     | N/A | ⏳ 等待 Profile 更新任务...
2026-07-12 19:51:16.305 | INFO     | N/A | ⏳ 等待 Profile 更新任务...
2026-07-12 19:51:21.337 | INFO     | N/A | ⏳ 等待 Profile 更新任务...
2026-07-12 19:51:26.394 | INFO     | N/A | ⏳ 等待 Profile 更新任务...
2026-07-12 19:51:31.424 | INFO     | N/A | ⏳ 等待 Profile 更新任务...
2026-07-12 19:51:36.456 | INFO     | N/A | ⏳ 等待 Profile 更新任务...
2026-07-12 19:51:41.487 | INFO     | N/A | ⏳ 等待 Profile 更新任务...
2026-07-12 19:51:46.523 | INFO     | N/A | ⏳ 等待 Profile 更新任务...
2026-07-12 19:51:51.558 | INFO     | N/A | ⏳ 等待 Profile 更新任务...
2026-07-12 19:51:56.586 | INFO     | N/A | ⏳ 等待 Profile 更新任务...
2026-07-12 19:52:01.615 | INFO     | N/A | ⏳ 等待 Profile 更新任务...
2026-07-12 19:52:06.648 | INFO     | N/A | ⏳ 等待 Profile 更新任务...
2026-07-12 19:52:11.678 | INFO     | N/A | ⏳ 等待 Profile 更新任务...
2026-07-12 19:52:16.707 | INFO     | N/A | ⏳ 等待 Profile 更新任务...
2026-07-12 19:52:21.740 | INFO     | N/A | ⏳ 等待 Profile 更新任务...
2026-07-12 19:52:26.773 | INFO     | N/A | ⏳ 等待 Profile 更新任务...
2026-07-12 19:52:31.804 | INFO     | N/A | ⏳ 等待 Profile 更新任务...
2026-07-12 19:52:36.836 | INFO     | N/A | ⏳ 等待 Profile 更新任务...
2026-07-12 19:52:41.866 | INFO     | N/A | ⏳ 等待 Profile 更新任务...
2026-07-12 19:52:46.901 | INFO     | N/A | ⏳ 等待 Profile 更新任务...
2026-07-12 19:52:51.933 | INFO     | N/A | ⏳ 等待 Profile 更新任务...
2026-07-12 19:52:56.963 | INFO     | N/A | ⏳ 等待 Profile 更新任务...
2026-07-12 19:53:01.994 | INFO     | N/A | ⏳ 等待 Profile 更新任务...
2026-07-12 19:53:07.025 | INFO     | N/A | ⏳ 等待 Profile 更新任务...
2026-07-12 19:53:12.058 | INFO     | N/A | ⏳ 等待 Profile 更新任务...
2026-07-12 19:53:17.091 | INFO     | N/A | ⏳ 等待 Profile 更新任务...
2026-07-12 19:53:22.123 | INFO     | N/A | ⏳ 等待 Profile 更新任务...
2026-07-12 19:53:27.156 | INFO     | N/A | ⏳ 等待 Profile 更新任务...
2026-07-12 19:53:32.186 | INFO     | N/A | ⏳ 等待 Profile 更新任务...
2026-07-12 19:53:37.219 | INFO     | N/A | ⏳ 等待 Profile 更新任务...
2026-07-12 19:53:42.250 | INFO     | N/A | ⏳ 等待 Profile 更新任务...
2026-07-12 19:53:47.292 | INFO     | N/A | ⏳ 等待 Profile 更新任务...
2026-07-12 19:53:52.327 | INFO     | N/A | ⏳ 等待 Profile 更新任务...
2026-07-12 19:53:57.362 | INFO     | N/A | ⏳ 等待 Profile 更新任务...
2026-07-12 19:54:02.393 | INFO     | N/A | ⏳ 等待 Profile 更新任务...
2026-07-12 19:54:07.422 | INFO     | N/A | ⏳ 等待 Profile 更新任务...
2026-07-12 19:54:12.455 | INFO     | N/A | ⏳ 等待 Profile 更新任务...
2026-07-12 19:54:17.485 | INFO     | N/A | ⏳ 等待 Profile 更新任务...
2026-07-12 19:54:22.517 | INFO     | N/A | ⏳ 等待 Profile 更新任务...
2026-07-12 19:54:27.547 | INFO     | N/A | ⏳ 等待 Profile 更新任务...
2026-07-12 19:54:32.580 | INFO     | N/A | ⏳ 等待 Profile 更新任务...
2026-07-12 19:54:37.611 | INFO     | N/A | ⏳ 等待 Profile 更新任务...
2026-07-12 19:54:42.642 | INFO     | N/A | ⏳ 等待 Profile 更新任务...
2026-07-12 19:54:47.673 | INFO     | N/A | ⏳ 等待 Profile 更新任务...
2026-07-12 19:54:52.706 | INFO     | N/A | ⏳ 等待 Profile 更新任务...
2026-07-12 19:54:57.737 | INFO     | N/A | ⏳ 等待 Profile 更新任务...
2026-07-12 19:55:02.765 | INFO     | N/A | ⏳ 等待 Profile 更新任务...
2026-07-12 19:55:07.796 | INFO     | N/A | ⏳ 等待 Profile 更新任务...
2026-07-12 19:55:12.825 | INFO     | N/A | ⏳ 等待 Profile 更新任务...
2026-07-12 19:55:17.857 | INFO     | N/A | ⏳ 等待 Profile 更新任务...
2026-07-12 19:55:22.890 | INFO     | N/A | ⏳ 等待 Profile 更新任务...
2026-07-12 19:55:27.920 | INFO     | N/A | ⏳ 等待 Profile 更新任务...
2026-07-12 19:55:32.953 | INFO     | N/A | ⏳ 等待 Profile 更新任务...
2026-07-12 19:55:37.983 | INFO     | N/A | ⏳ 等待 Profile 更新任务...
2026-07-12 19:55:43.015 | INFO     | N/A | ⏳ 等待 Profile 更新任务...
2026-07-12 19:55:48.049 | INFO     | N/A | ⏳ 等待 Profile 更新任务...
2026-07-12 19:55:53.083 | INFO     | N/A | ⏳ 等待 Profile 更新任务...
2026-07-12 19:55:58.112 | INFO     | N/A | ⏳ 等待 Profile 更新任务...
2026-07-12 19:56:03.143 | INFO     | N/A | ⏳ 等待 Profile 更新任务...
2026-07-12 19:56:08.173 | INFO     | N/A | ⏳ 等待 Profile 更新任务...
2026-07-12 19:56:13.203 | INFO     | N/A | ⏳ 等待 Profile 更新任务...
2026-07-12 19:56:18.231 | INFO     | N/A | ⏳ 等待 Profile 更新任务...
2026-07-12 19:56:23.263 | INFO     | N/A | ⏳ 等待 Profile 更新任务...
2026-07-12 19:56:28.288 | INFO     | N/A | ⏳ 等待 Profile 更新任务...
2026-07-12 19:56:33.314 | INFO     | N/A | ⏳ 等待 Profile 更新任务...
2026-07-12 19:56:38.340 | INFO     | N/A | ⏳ 等待 Profile 更新任务...
2026-07-12 19:56:43.365 | INFO     | N/A | ⏳ 等待 Profile 更新任务...
2026-07-12 19:56:48.397 | INFO     | N/A | ⏳ 等待 Profile 更新任务...
2026-07-12 19:56:53.428 | INFO     | N/A | ⏳ 等待 Profile 更新任务...
2026-07-12 19:56:58.459 | INFO     | N/A | ⏳ 等待 Profile 更新任务...
2026-07-12 19:57:03.489 | INFO     | N/A | ⏳ 等待 Profile 更新任务...
2026-07-12 19:57:08.521 | INFO     | N/A | ⏳ 等待 Profile 更新任务...
2026-07-12 19:57:13.550 | INFO     | N/A | ⏳ 等待 Profile 更新任务...
2026-07-12 19:57:18.583 | INFO     | N/A | ⏳ 等待 Profile 更新任务...
2026-07-12 19:57:23.612 | INFO     | N/A | ⏳ 等待 Profile 更新任务...
2026-07-12 19:57:28.643 | INFO     | N/A | ⏳ 等待 Profile 更新任务...
2026-07-12 19:57:33.675 | INFO     | N/A | ⏳ 等待 Profile 更新任务...
2026-07-12 19:57:38.705 | INFO     | N/A | ⏳ 等待 Profile 更新任务...
2026-07-12 19:57:43.738 | INFO     | N/A | ⏳ 等待 Profile 更新任务...
2026-07-12 19:57:48.769 | INFO     | N/A | ⏳ 等待 Profile 更新任务...
2026-07-12 19:57:53.800 | INFO     | N/A | ⏳ 等待 Profile 更新任务...
2026-07-12 19:57:58.830 | INFO     | N/A | ⏳ 等待 Profile 更新任务...
2026-07-12 19:58:03.861 | INFO     | N/A | ⏳ 等待 Profile 更新任务...
2026-07-12 19:58:08.891 | INFO     | N/A | ⏳ 等待 Profile 更新任务...
2026-07-12 19:58:13.922 | INFO     | N/A | ⏳ 等待 Profile 更新任务...
2026-07-12 19:58:18.954 | INFO     | N/A | ⏳ 等待 Profile 更新任务...
2026-07-12 19:58:23.983 | INFO     | N/A | ⏳ 等待 Profile 更新任务...
2026-07-12 19:58:29.013 | INFO     | N/A | ⏳ 等待 Profile 更新任务...
2026-07-12 19:58:34.045 | INFO     | N/A | ⏳ 等待 Profile 更新任务...
2026-07-12 19:58:39.075 | INFO     | N/A | ⏳ 等待 Profile 更新任务...
2026-07-12 19:58:44.107 | INFO     | N/A | ⏳ 等待 Profile 更新任务...
2026-07-12 19:58:49.137 | INFO     | N/A | ⏳ 等待 Profile 更新任务...
2026-07-12 19:58:54.171 | INFO     | N/A | ⏳ 等待 Profile 更新任务...
2026-07-12 19:58:59.200 | INFO     | N/A | ⏳ 等待 Profile 更新任务...
2026-07-12 19:59:04.230 | INFO     | N/A | ⏳ 等待 Profile 更新任务...
2026-07-12 19:59:09.258 | INFO     | N/A | ⏳ 等待 Profile 更新任务...
2026-07-12 19:59:14.289 | INFO     | N/A | ⏳ 等待 Profile 更新任务...
2026-07-12 19:59:19.318 | INFO     | N/A | ⏳ 等待 Profile 更新任务...
2026-07-12 19:59:24.351 | INFO     | N/A | ⏳ 等待 Profile 更新任务...
2026-07-12 19:59:29.383 | INFO     | N/A | ⏳ 等待 Profile 更新任务...
2026-07-12 19:59:34.417 | INFO     | N/A | ⏳ 等待 Profile 更新任务...
2026-07-12 19:59:39.448 | INFO     | N/A | ⏳ 等待 Profile 更新任务...
2026-07-12 19:59:44.476 | INFO     | N/A | ⏳ 等待 Profile 更新任务...
2026-07-12 19:59:49.510 | INFO     | N/A | ⏳ 等待 Profile 更新任务...
2026-07-12 19:59:54.540 | INFO     | N/A | ⏳ 等待 Profile 更新任务...
2026-07-12 19:59:59.570 | INFO     | N/A | ⏳ 等待 Profile 更新任务...
2026-07-12 20:00:04.600 | INFO     | N/A | ⏳ 等待 Profile 更新任务...
2026-07-12 20:00:09.629 | INFO     | N/A | ⏳ 等待 Profile 更新任务...
2026-07-12 20:00:14.661 | INFO     | N/A | ⏳ 等待 Profile 更新任务...
2026-07-12 20:00:19.689 | INFO     | N/A | ⏳ 等待 Profile 更新任务...
2026-07-12 20:00:24.720 | INFO     | N/A | ⏳ 等待 Profile 更新任务...
2026-07-12 20:00:29.749 | INFO     | N/A | ⏳ 等待 Profile 更新任务...
2026-07-12 20:00:34.781 | INFO     | N/A | ⏳ 等待 Profile 更新任务...
2026-07-12 20:00:39.810 | INFO     | N/A | ⏳ 等待 Profile 更新任务...
2026-07-12 20:00:44.842 | INFO     | N/A | ⏳ 等待 Profile 更新任务...
2026-07-12 20:00:49.876 | INFO     | N/A | ⏳ 等待 Profile 更新任务...
2026-07-12 20:00:54.906 | INFO     | N/A | ⏳ 等待 Profile 更新任务...
2026-07-12 20:00:59.937 | INFO     | N/A | ⏳ 等待 Profile 更新任务...
2026-07-12 20:01:04.969 | INFO     | N/A | ⏳ 等待 Profile 更新任务...
2026-07-12 20:01:10.001 | INFO     | N/A | ⏳ 等待 Profile 更新任务...
2026-07-12 20:01:15.031 | INFO     | N/A | ⏳ 等待 Profile 更新任务...
2026-07-12 20:01:20.061 | INFO     | N/A | ⏳ 等待 Profile 更新任务...
2026-07-12 20:01:25.096 | INFO     | N/A | ⏳ 等待 Profile 更新任务...
2026-07-12 20:01:30.129 | INFO     | N/A | ⏳ 等待 Profile 更新任务...
2026-07-12 20:01:35.159 | INFO     | N/A | ⏳ 等待 Profile 更新任务...
2026-07-12 20:01:40.189 | INFO     | N/A | ⏳ 等待 Profile 更新任务...
2026-07-12 20:01:45.223 | INFO     | N/A | ⏳ 等待 Profile 更新任务...
2026-07-12 20:01:50.256 | INFO     | N/A | ⏳ 等待 Profile 更新任务...
2026-07-12 20:01:55.292 | INFO     | N/A | ⏳ 等待 Profile 更新任务...
2026-07-12 20:02:00.323 | INFO     | N/A | ⏳ 等待 Profile 更新任务...
2026-07-12 20:02:05.354 | INFO     | N/A | ⏳ 等待 Profile 更新任务...
2026-07-12 20:02:10.382 | INFO     | N/A | ⏳ 等待 Profile 更新任务...
2026-07-12 20:02:15.412 | INFO     | N/A | ⏳ 等待 Profile 更新任务...
2026-07-12 20:02:20.443 | INFO     | N/A | ⏳ 等待 Profile 更新任务...
2026-07-12 20:02:25.471 | INFO     | N/A | ⏳ 等待 Profile 更新任务...
2026-07-12 20:02:30.502 | INFO     | N/A | ⏳ 等待 Profile 更新任务...
2026-07-12 20:02:35.535 | INFO     | N/A | ⏳ 等待 Profile 更新任务...
2026-07-12 20:02:40.566 | INFO     | N/A | ⏳ 等待 Profile 更新任务...
2026-07-12 20:02:45.596 | INFO     | N/A | ⏳ 等待 Profile 更新任务...
2026-07-12 20:02:50.626 | INFO     | N/A | ⏳ 等待 Profile 更新任务...
2026-07-12 20:02:55.655 | INFO     | N/A | ⏳ 等待 Profile 更新任务...
2026-07-12 20:03:00.686 | INFO     | N/A | ⏳ 等待 Profile 更新任务...
2026-07-12 20:03:05.719 | INFO     | N/A | ⏳ 等待 Profile 更新任务...
2026-07-12 20:03:10.749 | INFO     | N/A | ⏳ 等待 Profile 更新任务...
2026-07-12 20:03:15.782 | INFO     | N/A | ⏳ 等待 Profile 更新任务...
2026-07-12 20:03:20.814 | INFO     | N/A | ⏳ 等待 Profile 更新任务...
2026-07-12 20:03:25.847 | INFO     | N/A | ⏳ 等待 Profile 更新任务...
2026-07-12 20:03:30.878 | INFO     | N/A | ⏳ 等待 Profile 更新任务...
2026-07-12 20:03:35.908 | INFO     | N/A | ⏳ 等待 Profile 更新任务...
2026-07-12 20:03:40.938 | INFO     | N/A | ⏳ 等待 Profile 更新任务...
2026-07-12 20:03:45.968 | INFO     | N/A | ⏳ 等待 Profile 更新任务...
2026-07-12 20:03:51.000 | INFO     | N/A | ⏳ 等待 Profile 更新任务...
2026-07-12 20:03:56.030 | INFO     | N/A | ⏳ 等待 Profile 更新任务...
2026-07-12 20:04:01.061 | INFO     | N/A | ⏳ 等待 Profile 更新任务...
2026-07-12 20:04:06.091 | INFO     | N/A | ⏳ 等待 Profile 更新任务...
2026-07-12 20:04:11.124 | INFO     | N/A | ⏳ 等待 Profile 更新任务...
2026-07-12 20:04:16.151 | INFO     | N/A | ⏳ 等待 Profile 更新任务...
2026-07-12 20:04:21.181 | INFO     | N/A | ⏳ 等待 Profile 更新任务...
2026-07-12 20:04:26.215 | INFO     | N/A | ⏳ 等待 Profile 更新任务...
2026-07-12 20:04:31.249 | INFO     | N/A | ⏳ 等待 Profile 更新任务...
2026-07-12 20:04:36.280 | INFO     | N/A | ⏳ 等待 Profile 更新任务...
2026-07-12 20:04:41.310 | INFO     | N/A | ⏳ 等待 Profile 更新任务...
2026-07-12 20:04:46.341 | INFO     | N/A | ⏳ 等待 Profile 更新任务...
2026-07-12 20:04:51.372 | INFO     | N/A | ⏳ 等待 Profile 更新任务...
2026-07-12 20:04:56.402 | INFO     | N/A | ⏳ 等待 Profile 更新任务...
2026-07-12 20:05:01.431 | INFO     | N/A | ⏳ 等待 Profile 更新任务...
2026-07-12 20:05:06.463 | INFO     | N/A | ⏳ 等待 Profile 更新任务...
2026-07-12 20:05:11.495 | INFO     | N/A | ⏳ 等待 Profile 更新任务...
2026-07-12 20:05:16.526 | INFO     | N/A | ⏳ 等待 Profile 更新任务...
2026-07-12 20:05:21.558 | INFO     | N/A | ⏳ 等待 Profile 更新任务...
2026-07-12 20:05:26.602 | INFO     | N/A | ⏳ 等待 Profile 更新任务...
2026-07-12 20:05:31.629 | INFO     | N/A | ⏳ 等待 Profile 更新任务...
2026-07-12 20:05:36.657 | INFO     | N/A | ⏳ 等待 Profile 更新任务...
2026-07-12 20:05:41.687 | INFO     | N/A | ⏳ 等待 Profile 更新任务...
2026-07-12 20:05:46.716 | INFO     | N/A | ⏳ 等待 Profile 更新任务...
2026-07-12 20:05:51.747 | INFO     | N/A | ⏳ 等待 Profile 更新任务...
2026-07-12 20:05:56.786 | INFO     | N/A | ⏳ 等待 Profile 更新任务...
2026-07-12 20:06:01.813 | INFO     | N/A | ⏳ 等待 Profile 更新任务...
2026-07-12 20:06:06.842 | INFO     | N/A | ⏳ 等待 Profile 更新任务...
2026-07-12 20:06:11.872 | INFO     | N/A | ⏳ 等待 Profile 更新任务...
2026-07-12 20:06:16.899 | INFO     | N/A | ⏳ 等待 Profile 更新任务...
2026-07-12 20:06:21.927 | INFO     | N/A | ⏳ 等待 Profile 更新任务...
2026-07-12 20:06:26.955 | INFO     | N/A | ⏳ 等待 Profile 更新任务...
2026-07-12 20:06:31.985 | INFO     | N/A | ⏳ 等待 Profile 更新任务...
2026-07-12 20:06:37.013 | INFO     | N/A | ⏳ 等待 Profile 更新任务...
2026-07-12 20:06:42.040 | INFO     | N/A | ⏳ 等待 Profile 更新任务...
2026-07-12 20:06:47.072 | INFO     | N/A | ⏳ 等待 Profile 更新任务...
2026-07-12 20:06:52.104 | INFO     | N/A | ⏳ 等待 Profile 更新任务...
2026-07-12 20:06:57.138 | INFO     | N/A | ⏳ 等待 Profile 更新任务...
2026-07-12 20:07:02.170 | INFO     | N/A | ⏳ 等待 Profile 更新任务...
2026-07-12 20:07:07.201 | INFO     | N/A | ⏳ 等待 Profile 更新任务...
2026-07-12 20:07:12.236 | INFO     | N/A | ⏳ 等待 Profile 更新任务...
2026-07-12 20:07:17.268 | INFO     | N/A | ⏳ 等待 Profile 更新任务...
2026-07-12 20:07:22.300 | INFO     | N/A | ⏳ 等待 Profile 更新任务...
2026-07-12 20:07:27.329 | INFO     | N/A | ⏳ 等待 Profile 更新任务...
2026-07-12 20:07:32.362 | INFO     | N/A | ⏳ 等待 Profile 更新任务...
2026-07-12 20:07:37.392 | INFO     | N/A | ⏳ 等待 Profile 更新任务...
2026-07-12 20:07:42.422 | INFO     | N/A | ⏳ 等待 Profile 更新任务...
2026-07-12 20:07:47.451 | INFO     | N/A | ⏳ 等待 Profile 更新任务...
2026-07-12 20:07:52.480 | INFO     | N/A | ⏳ 等待 Profile 更新任务...
2026-07-12 20:07:57.515 | INFO     | N/A | ⏳ 等待 Profile 更新任务...
2026-07-12 20:08:02.545 | INFO     | N/A | ⏳ 等待 Profile 更新任务...
2026-07-12 20:08:07.575 | INFO     | N/A | ⏳ 等待 Profile 更新任务...
2026-07-12 20:08:12.607 | INFO     | N/A | ⏳ 等待 Profile 更新任务...
2026-07-12 20:08:17.637 | INFO     | N/A | ⏳ 等待 Profile 更新任务...
2026-07-12 20:08:22.666 | INFO     | N/A | ⏳ 等待 Profile 更新任务...
2026-07-12 20:08:27.700 | INFO     | N/A | ⏳ 等待 Profile 更新任务...
2026-07-12 20:08:32.733 | INFO     | N/A | ⏳ 等待 Profile 更新任务...
2026-07-12 20:08:37.764 | INFO     | N/A | ⏳ 等待 Profile 更新任务...
2026-07-12 20:08:42.794 | INFO     | N/A | ⏳ 等待 Profile 更新任务...
2026-07-12 20:08:47.826 | INFO     | N/A | ⏳ 等待 Profile 更新任务...
2026-07-12 20:08:52.857 | INFO     | N/A | ⏳ 等待 Profile 更新任务...
2026-07-12 20:08:57.897 | INFO     | N/A | ⏳ 等待 Profile 更新任务...
2026-07-12 20:09:02.931 | INFO     | N/A | ⏳ 等待 Profile 更新任务...
2026-07-12 20:09:07.962 | INFO     | N/A | ⏳ 等待 Profile 更新任务...
2026-07-12 20:09:12.994 | INFO     | N/A | ⏳ 等待 Profile 更新任务...
2026-07-12 20:09:18.025 | INFO     | N/A | ⏳ 等待 Profile 更新任务...
2026-07-12 20:09:23.059 | INFO     | N/A | ⏳ 等待 Profile 更新任务...
2026-07-12 20:09:28.090 | INFO     | N/A | ⏳ 等待 Profile 更新任务...
2026-07-12 20:09:33.123 | INFO     | N/A | ⏳ 等待 Profile 更新任务...
2026-07-12 20:09:38.152 | INFO     | N/A | ⏳ 等待 Profile 更新任务...
2026-07-12 20:09:43.185 | INFO     | N/A | ⏳ 等待 Profile 更新任务...
2026-07-12 20:09:48.219 | INFO     | N/A | ⏳ 等待 Profile 更新任务...
2026-07-12 20:09:53.250 | INFO     | N/A | ⏳ 等待 Profile 更新任务...
2026-07-12 20:09:58.283 | INFO     | N/A | ⏳ 等待 Profile 更新任务...
2026-07-12 20:10:03.318 | INFO     | N/A | ⏳ 等待 Profile 更新任务...
2026-07-12 20:10:08.347 | INFO     | N/A | ⏳ 等待 Profile 更新任务...
2026-07-12 20:10:13.376 | INFO     | N/A | ⏳ 等待 Profile 更新任务...
2026-07-12 20:10:18.408 | INFO     | N/A | ⏳ 等待 Profile 更新任务...
2026-07-12 20:10:23.436 | INFO     | N/A | ⏳ 等待 Profile 更新任务...
2026-07-12 20:10:28.468 | INFO     | N/A | ⏳ 等待 Profile 更新任务...
2026-07-12 20:10:33.498 | INFO     | N/A | ⏳ 等待 Profile 更新任务...
2026-07-12 20:10:38.558 | INFO     | N/A | ⏳ 等待 Profile 更新任务...
2026-07-12 20:10:43.584 | INFO     | N/A | ⏳ 等待 Profile 更新任务...
2026-07-12 20:10:48.612 | INFO     | N/A | ⏳ 等待 Profile 更新任务...
2026-07-12 20:10:53.637 | INFO     | N/A | ⏳ 等待 Profile 更新任务...
2026-07-12 20:10:58.667 | INFO     | N/A | ⏳ 等待 Profile 更新任务...
2026-07-12 20:11:03.700 | INFO     | N/A | ⏳ 等待 Profile 更新任务...
2026-07-12 20:11:08.729 | INFO     | N/A | ⏳ 等待 Profile 更新任务...
2026-07-12 20:11:13.758 | INFO     | N/A | ⏳ 等待 Profile 更新任务...
2026-07-12 20:11:18.789 | INFO     | N/A | ⏳ 等待 Profile 更新任务...
2026-07-12 20:11:23.819 | INFO     | N/A | ⏳ 等待 Profile 更新任务...
2026-07-12 20:11:28.848 | INFO     | N/A | ⏳ 等待 Profile 更新任务...
2026-07-12 20:11:33.878 | INFO     | N/A | ⏳ 等待 Profile 更新任务...
2026-07-12 20:11:38.909 | INFO     | N/A | ⏳ 等待 Profile 更新任务...
2026-07-12 20:11:43.939 | INFO     | N/A | ⏳ 等待 Profile 更新任务...
2026-07-12 20:11:48.971 | INFO     | N/A | ⏳ 等待 Profile 更新任务...
2026-07-12 20:11:54.003 | INFO     | N/A | ⏳ 等待 Profile 更新任务...
2026-07-12 20:11:59.034 | INFO     | N/A | ⏳ 等待 Profile 更新任务...
2026-07-12 20:12:04.067 | INFO     | N/A | ⏳ 等待 Profile 更新任务...
2026-07-12 20:12:09.098 | INFO     | N/A | ⏳ 等待 Profile 更新任务...
2026-07-12 20:12:14.129 | INFO     | N/A | ⏳ 等待 Profile 更新任务...
2026-07-12 20:12:19.159 | INFO     | N/A | ⏳ 等待 Profile 更新任务...
2026-07-12 20:12:24.189 | INFO     | N/A | ⏳ 等待 Profile 更新任务...
2026-07-12 20:12:29.220 | INFO     | N/A | ⏳ 等待 Profile 更新任务...
2026-07-12 20:12:34.249 | INFO     | N/A | ⏳ 等待 Profile 更新任务...
2026-07-12 20:12:39.279 | INFO     | N/A | ⏳ 等待 Profile 更新任务...
2026-07-12 20:12:44.310 | INFO     | N/A | ⏳ 等待 Profile 更新任务...
2026-07-12 20:12:49.339 | INFO     | N/A | ⏳ 等待 Profile 更新任务...
2026-07-12 20:12:54.370 | INFO     | N/A | ⏳ 等待 Profile 更新任务...
2026-07-12 20:12:59.402 | INFO     | N/A | ⏳ 等待 Profile 更新任务...
2026-07-12 20:13:04.436 | INFO     | N/A | ⏳ 等待 Profile 更新任务...
2026-07-12 20:13:09.465 | INFO     | N/A | ⏳ 等待 Profile 更新任务...
2026-07-12 20:13:14.498 | INFO     | N/A | ⏳ 等待 Profile 更新任务...
2026-07-12 20:13:19.530 | INFO     | N/A | ⏳ 等待 Profile 更新任务...
2026-07-12 20:13:24.562 | INFO     | N/A | ⏳ 等待 Profile 更新任务...
2026-07-12 20:13:29.595 | INFO     | N/A | ⏳ 等待 Profile 更新任务...
2026-07-12 20:13:34.625 | INFO     | N/A | ⏳ 等待 Profile 更新任务...
2026-07-12 20:13:39.656 | INFO     | N/A | ⏳ 等待 Profile 更新任务...
2026-07-12 20:13:44.688 | INFO     | N/A | ⏳ 等待 Profile 更新任务...
2026-07-12 20:13:49.718 | INFO     | N/A | ⏳ 等待 Profile 更新任务...
2026-07-12 20:13:54.748 | INFO     | N/A | ⏳ 等待 Profile 更新任务...
2026-07-12 20:13:59.780 | INFO     | N/A | ⏳ 等待 Profile 更新任务...
2026-07-12 20:14:04.811 | INFO     | N/A | ⏳ 等待 Profile 更新任务...
2026-07-12 20:14:09.839 | INFO     | N/A | ⏳ 等待 Profile 更新任务...
2026-07-12 20:14:14.868 | INFO     | N/A | ⏳ 等待 Profile 更新任务...
2026-07-12 20:14:19.894 | INFO     | N/A | ⏳ 等待 Profile 更新任务...
2026-07-12 20:14:24.921 | INFO     | N/A | ⏳ 等待 Profile 更新任务...
2026-07-12 20:14:29.948 | INFO     | N/A | ⏳ 等待 Profile 更新任务...
2026-07-12 20:14:34.980 | INFO     | N/A | ⏳ 等待 Profile 更新任务...
2026-07-12 20:14:40.006 | INFO     | N/A | ⏳ 等待 Profile 更新任务...
2026-07-12 20:14:45.031 | INFO     | N/A | ⏳ 等待 Profile 更新任务...
2026-07-12 20:14:50.058 | INFO     | N/A | ⏳ 等待 Profile 更新任务...
2026-07-12 20:14:55.086 | INFO     | N/A | ⏳ 等待 Profile 更新任务...
2026-07-12 20:15:00.116 | INFO     | N/A | ⏳ 等待 Profile 更新任务...
2026-07-12 20:15:05.146 | INFO     | N/A | ⏳ 等待 Profile 更新任务...
2026-07-12 20:15:10.180 | INFO     | N/A | ⏳ 等待 Profile 更新任务...
2026-07-12 20:15:15.209 | INFO     | N/A | ⏳ 等待 Profile 更新任务...
2026-07-12 20:15:20.244 | INFO     | N/A | ⏳ 等待 Profile 更新任务...
2026-07-12 20:15:25.274 | INFO     | N/A | ⏳ 等待 Profile 更新任务...
2026-07-12 20:15:30.305 | INFO     | N/A | ⏳ 等待 Profile 更新任务...
2026-07-12 20:15:35.336 | INFO     | N/A | ⏳ 等待 Profile 更新任务...
2026-07-12 20:15:40.368 | INFO     | N/A | ⏳ 等待 Profile 更新任务...
2026-07-12 20:15:45.400 | INFO     | N/A | ⏳ 等待 Profile 更新任务...
2026-07-12 20:15:50.434 | INFO     | N/A | ⏳ 等待 Profile 更新任务...
2026-07-12 20:15:55.466 | INFO     | N/A | ⏳ 等待 Profile 更新任务...
2026-07-12 20:16:00.498 | INFO     | N/A | ⏳ 等待 Profile 更新任务...
2026-07-12 20:16:05.530 | INFO     | N/A | ⏳ 等待 Profile 更新任务...
2026-07-12 20:16:10.561 | INFO     | N/A | ⏳ 等待 Profile 更新任务...
2026-07-12 20:16:15.591 | INFO     | N/A | ⏳ 等待 Profile 更新任务...
2026-07-12 20:16:20.625 | INFO     | N/A | ⏳ 等待 Profile 更新任务...
2026-07-12 20:16:25.658 | INFO     | N/A | ⏳ 等待 Profile 更新任务...
2026-07-12 20:16:30.690 | INFO     | N/A | ⏳ 等待 Profile 更新任务...
2026-07-12 20:16:35.719 | INFO     | N/A | ⏳ 等待 Profile 更新任务...
2026-07-12 20:16:40.752 | INFO     | N/A | ⏳ 等待 Profile 更新任务...
2026-07-12 20:16:45.784 | INFO     | N/A | ⏳ 等待 Profile 更新任务...
2026-07-12 20:16:50.817 | INFO     | N/A | ⏳ 等待 Profile 更新任务...
2026-07-12 20:16:55.848 | INFO     | N/A | ⏳ 等待 Profile 更新任务...
2026-07-12 20:17:00.878 | INFO     | N/A | ⏳ 等待 Profile 更新任务...
2026-07-12 20:17:05.909 | INFO     | N/A | ⏳ 等待 Profile 更新任务...
2026-07-12 20:17:10.940 | INFO     | N/A | ⏳ 等待 Profile 更新任务...
2026-07-12 20:17:15.970 | INFO     | N/A | ⏳ 等待 Profile 更新任务...
2026-07-12 20:17:21.002 | INFO     | N/A | ⏳ 等待 Profile 更新任务...
2026-07-12 20:17:26.032 | INFO     | N/A | ⏳ 等待 Profile 更新任务...
2026-07-12 20:17:31.064 | INFO     | N/A | ⏳ 等待 Profile 更新任务...
2026-07-12 20:17:36.095 | INFO     | N/A | ⏳ 等待 Profile 更新任务...
2026-07-12 20:17:41.125 | INFO     | N/A | ⏳ 等待 Profile 更新任务...
2026-07-12 20:17:46.157 | INFO     | N/A | ⏳ 等待 Profile 更新任务...
2026-07-12 20:17:51.190 | INFO     | N/A | ⏳ 等待 Profile 更新任务...
2026-07-12 20:17:56.222 | INFO     | N/A | ⏳ 等待 Profile 更新任务...
2026-07-12 20:18:01.251 | INFO     | N/A | ⏳ 等待 Profile 更新任务...
2026-07-12 20:18:06.281 | INFO     | N/A | ⏳ 等待 Profile 更新任务...
2026-07-12 20:18:11.309 | INFO     | N/A | ⏳ 等待 Profile 更新任务...
2026-07-12 20:18:16.339 | INFO     | N/A | ⏳ 等待 Profile 更新任务...
2026-07-12 20:18:21.368 | INFO     | N/A | ⏳ 等待 Profile 更新任务...
2026-07-12 20:18:26.398 | INFO     | N/A | ⏳ 等待 Profile 更新任务...
2026-07-12 20:18:31.430 | INFO     | N/A | ⏳ 等待 Profile 更新任务...
2026-07-12 20:18:36.465 | INFO     | N/A | ⏳ 等待 Profile 更新任务...
2026-07-12 20:18:41.495 | INFO     | N/A | ⏳ 等待 Profile 更新任务...
2026-07-12 20:18:46.525 | INFO     | N/A | ⏳ 等待 Profile 更新任务...
2026-07-12 20:18:51.556 | INFO     | N/A | ⏳ 等待 Profile 更新任务...
2026-07-12 20:18:56.587 | INFO     | N/A | ⏳ 等待 Profile 更新任务...
2026-07-12 20:19:01.618 | INFO     | N/A | ⏳ 等待 Profile 更新任务...
2026-07-12 20:19:06.651 | INFO     | N/A | ⏳ 等待 Profile 更新任务...
2026-07-12 20:19:11.680 | INFO     | N/A | ⏳ 等待 Profile 更新任务...
2026-07-12 20:19:16.708 | INFO     | N/A | ⏳ 等待 Profile 更新任务...
2026-07-12 20:19:21.735 | INFO     | N/A | ⏳ 等待 Profile 更新任务...
2026-07-12 20:19:26.760 | INFO     | N/A | ⏳ 等待 Profile 更新任务...
2026-07-12 20:19:31.786 | INFO     | N/A | ⏳ 等待 Profile 更新任务...
2026-07-12 20:19:36.811 | INFO     | N/A | ⏳ 等待 Profile 更新任务...
2026-07-12 20:19:41.838 | INFO     | N/A | ⏳ 等待 Profile 更新任务...
2026-07-12 20:19:46.866 | INFO     | N/A | ⏳ 等待 Profile 更新任务...
2026-07-12 20:19:51.948 | INFO     | N/A | ⏳ 等待 Profile 更新任务...
2026-07-12 20:19:56.974 | INFO     | N/A | ⏳ 等待 Profile 更新任务...
2026-07-12 20:20:02.003 | INFO     | N/A | ⏳ 等待 Profile 更新任务...
2026-07-12 20:20:07.029 | INFO     | N/A | ⏳ 等待 Profile 更新任务...
2026-07-12 20:20:12.058 | INFO     | N/A | ⏳ 等待 Profile 更新任务...
2026-07-12 20:20:17.119 | INFO     | N/A | ⏳ 等待 Profile 更新任务...
2026-07-12 20:20:22.147 | INFO     | N/A | ⏳ 等待 Profile 更新任务...
2026-07-12 20:20:27.173 | INFO     | N/A | ⏳ 等待 Profile 更新任务...
2026-07-12 20:20:32.200 | INFO     | N/A | ⏳ 等待 Profile 更新任务...
2026-07-12 20:20:37.226 | INFO     | N/A | ⏳ 等待 Profile 更新任务...
2026-07-12 20:20:42.254 | INFO     | N/A | ⏳ 等待 Profile 更新任务...
2026-07-12 20:20:47.282 | INFO     | N/A | ⏳ 等待 Profile 更新任务...
2026-07-12 20:20:52.307 | INFO     | N/A | ⏳ 等待 Profile 更新任务...
2026-07-12 20:20:57.332 | INFO     | N/A | ⏳ 等待 Profile 更新任务...
2026-07-12 20:21:02.358 | INFO     | N/A | ⏳ 等待 Profile 更新任务...
2026-07-12 20:21:07.392 | INFO     | N/A | ⏳ 等待 Profile 更新任务...
2026-07-12 20:21:12.431 | INFO     | N/A | ⏳ 等待 Profile 更新任务...
2026-07-12 20:21:17.458 | INFO     | N/A | ⏳ 等待 Profile 更新任务...
2026-07-12 20:21:22.485 | INFO     | N/A | ⏳ 等待 Profile 更新任务...
2026-07-12 20:21:27.512 | INFO     | N/A | ⏳ 等待 Profile 更新任务...
2026-07-12 20:21:32.538 | INFO     | N/A | ⏳ 等待 Profile 更新任务...
2026-07-12 20:21:37.564 | INFO     | N/A | ⏳ 等待 Profile 更新任务...
2026-07-12 20:21:42.594 | INFO     | N/A | ⏳ 等待 Profile 更新任务...
2026-07-12 20:21:47.621 | INFO     | N/A | ⏳ 等待 Profile 更新任务...
2026-07-12 20:21:52.649 | INFO     | N/A | ⏳ 等待 Profile 更新任务...
2026-07-12 20:21:57.678 | INFO     | N/A | ⏳ 等待 Profile 更新任务...
2026-07-12 20:22:02.702 | INFO     | N/A | ⏳ 等待 Profile 更新任务...
2026-07-12 20:22:07.733 | INFO     | N/A | ⏳ 等待 Profile 更新任务...
2026-07-12 20:22:12.758 | INFO     | N/A | ⏳ 等待 Profile 更新任务...
2026-07-12 20:22:17.786 | INFO     | N/A | ⏳ 等待 Profile 更新任务...
2026-07-12 20:22:22.813 | INFO     | N/A | ⏳ 等待 Profile 更新任务...
2026-07-12 20:22:27.838 | INFO     | N/A | ⏳ 等待 Profile 更新任务...
2026-07-12 20:22:32.867 | INFO     | N/A | ⏳ 等待 Profile 更新任务...
2026-07-12 20:22:37.896 | INFO     | N/A | ⏳ 等待 Profile 更新任务...
2026-07-12 20:22:42.923 | INFO     | N/A | ⏳ 等待 Profile 更新任务...
2026-07-12 20:22:47.951 | INFO     | N/A | ⏳ 等待 Profile 更新任务...
2026-07-12 20:22:52.979 | INFO     | N/A | ⏳ 等待 Profile 更新任务...
2026-07-12 20:22:58.005 | INFO     | N/A | ⏳ 等待 Profile 更新任务...
2026-07-12 20:23:03.035 | INFO     | N/A | ⏳ 等待 Profile 更新任务...
2026-07-12 20:23:08.066 | INFO     | N/A | ⏳ 等待 Profile 更新任务...
2026-07-12 20:23:13.096 | INFO     | N/A | ⏳ 等待 Profile 更新任务...
2026-07-12 20:23:18.124 | INFO     | N/A | ⏳ 等待 Profile 更新任务...
2026-07-12 20:23:23.155 | INFO     | N/A | ⏳ 等待 Profile 更新任务...
2026-07-12 20:23:28.182 | INFO     | N/A | ⏳ 等待 Profile 更新任务...
2026-07-12 20:23:33.210 | INFO     | N/A | ⏳ 等待 Profile 更新任务...
2026-07-12 20:23:38.240 | INFO     | N/A | ⏳ 等待 Profile 更新任务...
2026-07-12 20:23:43.270 | INFO     | N/A | ⏳ 等待 Profile 更新任务...
2026-07-12 20:23:48.303 | INFO     | N/A | ⏳ 等待 Profile 更新任务...
2026-07-12 20:23:53.338 | INFO     | N/A | ⏳ 等待 Profile 更新任务...
2026-07-12 20:23:58.370 | INFO     | N/A | ⏳ 等待 Profile 更新任务...
2026-07-12 20:24:03.404 | INFO     | N/A | ⏳ 等待 Profile 更新任务...
2026-07-12 20:24:08.435 | INFO     | N/A | ⏳ 等待 Profile 更新任务...
2026-07-12 20:24:13.465 | INFO     | N/A | ⏳ 等待 Profile 更新任务...
2026-07-12 20:24:18.495 | INFO     | N/A | ⏳ 等待 Profile 更新任务...
2026-07-12 20:24:23.525 | INFO     | N/A | ⏳ 等待 Profile 更新任务...
2026-07-12 20:24:28.555 | INFO     | N/A | ⏳ 等待 Profile 更新任务...
2026-07-12 20:24:33.588 | INFO     | N/A | ⏳ 等待 Profile 更新任务...
2026-07-12 20:24:38.621 | INFO     | N/A | ⏳ 等待 Profile 更新任务...
2026-07-12 20:24:43.651 | INFO     | N/A | ⏳ 等待 Profile 更新任务...
2026-07-12 20:24:48.682 | INFO     | N/A | ⏳ 等待 Profile 更新任务...
2026-07-12 20:24:53.714 | INFO     | N/A | ⏳ 等待 Profile 更新任务...
2026-07-12 20:24:58.743 | INFO     | N/A | ⏳ 等待 Profile 更新任务...
2026-07-12 20:25:03.774 | INFO     | N/A | ⏳ 等待 Profile 更新任务...
2026-07-12 20:25:08.802 | INFO     | N/A | ⏳ 等待 Profile 更新任务...
2026-07-12 20:25:13.830 | INFO     | N/A | ⏳ 等待 Profile 更新任务...
2026-07-12 20:25:18.858 | INFO     | N/A | ⏳ 等待 Profile 更新任务...
2026-07-12 20:25:23.884 | INFO     | N/A | ⏳ 等待 Profile 更新任务...
2026-07-12 20:25:28.912 | INFO     | N/A | ⏳ 等待 Profile 更新任务...
2026-07-12 20:25:33.942 | INFO     | N/A | ⏳ 等待 Profile 更新任务...
2026-07-12 20:25:38.969 | INFO     | N/A | ⏳ 等待 Profile 更新任务...
2026-07-12 20:25:43.994 | INFO     | N/A | ⏳ 等待 Profile 更新任务...
2026-07-12 20:25:49.021 | INFO     | N/A | ⏳ 等待 Profile 更新任务...
2026-07-12 20:25:54.083 | INFO     | N/A | ⏳ 等待 Profile 更新任务...
2026-07-12 20:25:59.110 | INFO     | N/A | ⏳ 等待 Profile 更新任务...
2026-07-12 20:26:04.138 | INFO     | N/A | ⏳ 等待 Profile 更新任务...
2026-07-12 20:26:09.167 | INFO     | N/A | ⏳ 等待 Profile 更新任务...
2026-07-12 20:26:14.194 | INFO     | N/A | ⏳ 等待 Profile 更新任务...
2026-07-12 20:26:19.222 | INFO     | N/A | ⏳ 等待 Profile 更新任务...
2026-07-12 20:26:24.247 | INFO     | N/A | ⏳ 等待 Profile 更新任务...
2026-07-12 20:26:29.274 | INFO     | N/A | ⏳ 等待 Profile 更新任务...
2026-07-12 20:26:34.302 | INFO     | N/A | ⏳ 等待 Profile 更新任务...
2026-07-12 20:26:39.395 | INFO     | N/A | ⏳ 等待 Profile 更新任务...
2026-07-12 20:26:44.422 | INFO     | N/A | ⏳ 等待 Profile 更新任务...
2026-07-12 20:26:49.450 | INFO     | N/A | ⏳ 等待 Profile 更新任务...
2026-07-12 20:26:54.516 | INFO     | N/A | ⏳ 等待 Profile 更新任务...
2026-07-12 20:26:59.542 | INFO     | N/A | ⏳ 等待 Profile 更新任务...
2026-07-12 20:27:04.595 | INFO     | N/A | ⏳ 等待 Profile 更新任务...
2026-07-12 20:27:09.651 | INFO     | N/A | ⏳ 等待 Profile 更新任务...
2026-07-12 20:27:14.679 | INFO     | N/A | ⏳ 等待 Profile 更新任务...
2026-07-12 20:27:19.707 | INFO     | N/A | ⏳ 等待 Profile 更新任务...
2026-07-12 20:27:24.733 | INFO     | N/A | ⏳ 等待 Profile 更新任务...
2026-07-12 20:27:29.761 | INFO     | N/A | ⏳ 等待 Profile 更新任务...
2026-07-12 20:27:34.790 | INFO     | N/A | ⏳ 等待 Profile 更新任务...
2026-07-12 20:27:39.818 | INFO     | N/A | ⏳ 等待 Profile 更新任务...
2026-07-12 20:27:44.916 | INFO     | N/A | ⏳ 等待 Profile 更新任务...
2026-07-12 20:27:49.945 | INFO     | N/A | ⏳ 等待 Profile 更新任务...
2026-07-12 20:27:54.972 | INFO     | N/A | ⏳ 等待 Profile 更新任务...
2026-07-12 20:27:59.997 | INFO     | N/A | ⏳ 等待 Profile 更新任务...
2026-07-12 20:28:05.024 | INFO     | N/A | ⏳ 等待 Profile 更新任务...
2026-07-12 20:28:10.053 | INFO     | N/A | ⏳ 等待 Profile 更新任务...
2026-07-12 20:28:15.082 | INFO     | N/A | ⏳ 等待 Profile 更新任务...
2026-07-12 20:28:20.108 | INFO     | N/A | ⏳ 等待 Profile 更新任务...
2026-07-12 20:28:25.133 | INFO     | N/A | ⏳ 等待 Profile 更新任务...
2026-07-12 20:28:30.159 | INFO     | N/A | ⏳ 等待 Profile 更新任务...
2026-07-12 20:28:35.186 | INFO     | N/A | ⏳ 等待 Profile 更新任务...
2026-07-12 20:28:40.211 | INFO     | N/A | ⏳ 等待 Profile 更新任务...
2026-07-12 20:28:45.237 | INFO     | N/A | ⏳ 等待 Profile 更新任务...
2026-07-12 20:28:50.263 | INFO     | N/A | ⏳ 等待 Profile 更新任务...
2026-07-12 20:28:55.290 | INFO     | N/A | ⏳ 等待 Profile 更新任务...
2026-07-12 20:29:00.317 | INFO     | N/A | ⏳ 等待 Profile 更新任务...
2026-07-12 20:29:05.342 | INFO     | N/A | ⏳ 等待 Profile 更新任务...
2026-07-12 20:29:10.371 | INFO     | N/A | ⏳ 等待 Profile 更新任务...
2026-07-12 20:29:15.399 | INFO     | N/A | ⏳ 等待 Profile 更新任务...
2026-07-12 20:29:20.429 | INFO     | N/A | ⏳ 等待 Profile 更新任务...
2026-07-12 20:29:25.455 | INFO     | N/A | ⏳ 等待 Profile 更新任务...
2026-07-12 20:29:30.486 | INFO     | N/A | ⏳ 等待 Profile 更新任务...
2026-07-12 20:29:35.514 | INFO     | N/A | ⏳ 等待 Profile 更新任务...
2026-07-12 20:29:40.540 | INFO     | N/A | ⏳ 等待 Profile 更新任务...
2026-07-12 20:29:45.569 | INFO     | N/A | ⏳ 等待 Profile 更新任务...
2026-07-12 20:29:50.596 | INFO     | N/A | ⏳ 等待 Profile 更新任务...
2026-07-12 20:29:55.623 | INFO     | N/A | ⏳ 等待 Profile 更新任务...
2026-07-12 20:30:00.649 | INFO     | N/A | ⏳ 等待 Profile 更新任务...
2026-07-12 20:30:05.682 | INFO     | N/A | ⏳ 等待 Profile 更新任务...
2026-07-12 20:30:10.711 | INFO     | N/A | ⏳ 等待 Profile 更新任务...
2026-07-12 20:30:15.737 | INFO     | N/A | ⏳ 等待 Profile 更新任务...
2026-07-12 20:30:20.766 | INFO     | N/A | ⏳ 等待 Profile 更新任务...
2026-07-12 20:30:25.868 | INFO     | N/A | ⏳ 等待 Profile 更新任务...
2026-07-12 20:30:30.893 | INFO     | N/A | ⏳ 等待 Profile 更新任务...
2026-07-12 20:30:35.919 | INFO     | N/A | ⏳ 等待 Profile 更新任务...
2026-07-12 20:30:40.981 | INFO     | N/A | ⏳ 等待 Profile 更新任务...
2026-07-12 20:30:46.007 | INFO     | N/A | ⏳ 等待 Profile 更新任务...
2026-07-12 20:30:51.033 | INFO     | N/A | ⏳ 等待 Profile 更新任务...
2026-07-12 20:30:56.059 | INFO     | N/A | ⏳ 等待 Profile 更新任务...
2026-07-12 20:31:01.086 | INFO     | N/A | ⏳ 等待 Profile 更新任务...
2026-07-12 20:31:06.113 | INFO     | N/A | ⏳ 等待 Profile 更新任务...
2026-07-12 20:31:11.141 | INFO     | N/A | ⏳ 等待 Profile 更新任务...
2026-07-12 20:31:16.167 | INFO     | N/A | ⏳ 等待 Profile 更新任务...
2026-07-12 20:31:21.195 | INFO     | N/A | ⏳ 等待 Profile 更新任务...
2026-07-12 20:31:26.222 | INFO     | N/A | ⏳ 等待 Profile 更新任务...
2026-07-12 20:31:31.249 | INFO     | N/A | ⏳ 等待 Profile 更新任务...
2026-07-12 20:31:36.275 | INFO     | N/A | ⏳ 等待 Profile 更新任务...
2026-07-12 20:31:41.333 | INFO     | N/A | ⏳ 等待 Profile 更新任务...
2026-07-12 20:31:46.359 | INFO     | N/A | ⏳ 等待 Profile 更新任务...
2026-07-12 20:31:51.386 | INFO     | N/A | ⏳ 等待 Profile 更新任务...
2026-07-12 20:31:56.415 | INFO     | N/A | ⏳ 等待 Profile 更新任务...
2026-07-12 20:32:01.442 | INFO     | N/A | ⏳ 等待 Profile 更新任务...
2026-07-12 20:32:06.471 | INFO     | N/A | ⏳ 等待 Profile 更新任务...
2026-07-12 20:32:11.499 | INFO     | N/A | ⏳ 等待 Profile 更新任务...
2026-07-12 20:32:16.528 | INFO     | N/A | ⏳ 等待 Profile 更新任务...
2026-07-12 20:32:21.553 | INFO     | N/A | ⏳ 等待 Profile 更新任务...
2026-07-12 20:32:26.581 | INFO     | N/A | ⏳ 等待 Profile 更新任务...
2026-07-12 20:32:31.606 | INFO     | N/A | ⏳ 等待 Profile 更新任务...
2026-07-12 20:32:36.632 | INFO     | N/A | ⏳ 等待 Profile 更新任务...
2026-07-12 20:32:41.659 | INFO     | N/A | ⏳ 等待 Profile 更新任务...
2026-07-12 20:32:46.698 | INFO     | N/A | ⏳ 等待 Profile 更新任务...
2026-07-12 20:32:51.725 | INFO     | N/A | ⏳ 等待 Profile 更新任务...
2026-07-12 20:32:56.751 | INFO     | N/A | ⏳ 等待 Profile 更新任务...
2026-07-12 20:33:01.778 | INFO     | N/A | ⏳ 等待 Profile 更新任务...
2026-07-12 20:33:06.805 | INFO     | N/A | ⏳ 等待 Profile 更新任务...
2026-07-12 20:33:11.831 | INFO     | N/A | ⏳ 等待 Profile 更新任务...
2026-07-12 20:33:16.858 | INFO     | N/A | ⏳ 等待 Profile 更新任务...
2026-07-12 20:33:21.884 | INFO     | N/A | ⏳ 等待 Profile 更新任务...
2026-07-12 20:33:26.918 | INFO     | N/A | ⏳ 等待 Profile 更新任务...
2026-07-12 20:33:31.926 | INFO     | N/A | ⏳ 等待 Profile 更新任务...
2026-07-12 20:33:36.952 | INFO     | N/A | ⏳ 等待 Profile 更新任务...
2026-07-12 20:33:41.981 | INFO     | N/A | ⏳ 等待 Profile 更新任务...
2026-07-12 20:33:47.009 | INFO     | N/A | ⏳ 等待 Profile 更新任务...
2026-07-12 20:33:52.020 | INFO     | N/A | ⏳ 等待 Profile 更新任务...
2026-07-12 20:33:57.047 | INFO     | N/A | ⏳ 等待 Profile 更新任务...
2026-07-12 20:34:02.075 | INFO     | N/A | ⏳ 等待 Profile 更新任务...
2026-07-12 20:34:07.102 | INFO     | N/A | ⏳ 等待 Profile 更新任务...
2026-07-12 20:34:12.130 | INFO     | N/A | ⏳ 等待 Profile 更新任务...
2026-07-12 20:34:17.158 | INFO     | N/A | ⏳ 等待 Profile 更新任务...
2026-07-12 20:34:22.185 | INFO     | N/A | ⏳ 等待 Profile 更新任务...
2026-07-12 20:34:27.213 | INFO     | N/A | ⏳ 等待 Profile 更新任务...
2026-07-12 20:34:32.239 | INFO     | N/A | ⏳ 等待 Profile 更新任务...
2026-07-12 20:34:37.263 | INFO     | N/A | ⏳ 等待 Profile 更新任务...
2026-07-12 20:34:42.350 | INFO     | N/A | ⏳ 等待 Profile 更新任务...
2026-07-12 20:34:47.378 | INFO     | N/A | ⏳ 等待 Profile 更新任务...
2026-07-12 20:34:52.408 | INFO     | N/A | ⏳ 等待 Profile 更新任务...
2026-07-12 20:34:57.435 | INFO     | N/A | ⏳ 等待 Profile 更新任务...
2026-07-12 20:35:02.466 | INFO     | N/A | ⏳ 等待 Profile 更新任务...
2026-07-12 20:35:07.495 | INFO     | N/A | ⏳ 等待 Profile 更新任务...
2026-07-12 20:35:12.523 | INFO     | N/A | ⏳ 等待 Profile 更新任务...
2026-07-12 20:35:17.551 | INFO     | N/A | ⏳ 等待 Profile 更新任务...
2026-07-12 20:35:22.578 | INFO     | N/A | ⏳ 等待 Profile 更新任务...
2026-07-12 20:35:27.605 | INFO     | N/A | ⏳ 等待 Profile 更新任务...
2026-07-12 20:35:32.631 | INFO     | N/A | ⏳ 等待 Profile 更新任务...
2026-07-12 20:35:37.659 | INFO     | N/A | ⏳ 等待 Profile 更新任务...
2026-07-12 20:35:42.688 | INFO     | N/A | ⏳ 等待 Profile 更新任务...
2026-07-12 20:35:47.714 | INFO     | N/A | ⏳ 等待 Profile 更新任务...
2026-07-12 20:35:52.742 | INFO     | N/A | ⏳ 等待 Profile 更新任务...
2026-07-12 20:35:57.770 | INFO     | N/A | ⏳ 等待 Profile 更新任务...
2026-07-12 20:36:02.798 | INFO     | N/A | ⏳ 等待 Profile 更新任务...
2026-07-12 20:36:07.826 | INFO     | N/A | ⏳ 等待 Profile 更新任务...
2026-07-12 20:36:12.853 | INFO     | N/A | ⏳ 等待 Profile 更新任务...
2026-07-12 20:36:17.880 | INFO     | N/A | ⏳ 等待 Profile 更新任务...
2026-07-12 20:36:22.910 | INFO     | N/A | ⏳ 等待 Profile 更新任务...
2026-07-12 20:36:27.937 | INFO     | N/A | ⏳ 等待 Profile 更新任务...
2026-07-12 20:36:32.964 | INFO     | N/A | ⏳ 等待 Profile 更新任务...
2026-07-12 20:36:38.062 | INFO     | N/A | ⏳ 等待 Profile 更新任务...
2026-07-12 20:36:43.091 | INFO     | N/A | ⏳ 等待 Profile 更新任务...
2026-07-12 20:36:48.117 | INFO     | N/A | ⏳ 等待 Profile 更新任务...
2026-07-12 20:36:53.143 | INFO     | N/A | ⏳ 等待 Profile 更新任务...
2026-07-12 20:36:58.173 | INFO     | N/A | ⏳ 等待 Profile 更新任务...
2026-07-12 20:37:03.199 | INFO     | N/A | ⏳ 等待 Profile 更新任务...
2026-07-12 20:37:08.226 | INFO     | N/A | ⏳ 等待 Profile 更新任务...
2026-07-12 20:37:13.252 | INFO     | N/A | ⏳ 等待 Profile 更新任务...
2026-07-12 20:37:18.279 | INFO     | N/A | ⏳ 等待 Profile 更新任务...
2026-07-12 20:37:23.298 | INFO     | N/A | ⏳ 等待 Profile 更新任务...
2026-07-12 20:37:28.327 | INFO     | N/A | ⏳ 等待 Profile 更新任务...
2026-07-12 20:37:33.354 | INFO     | N/A | ⏳ 等待 Profile 更新任务...
2026-07-12 20:37:38.383 | INFO     | N/A | ⏳ 等待 Profile 更新任务...
2026-07-12 20:37:43.412 | INFO     | N/A | ⏳ 等待 Profile 更新任务...
2026-07-12 20:37:48.439 | INFO     | N/A | ⏳ 等待 Profile 更新任务...
2026-07-12 20:37:53.468 | INFO     | N/A | ⏳ 等待 Profile 更新任务...
2026-07-12 20:37:58.497 | INFO     | N/A | ⏳ 等待 Profile 更新任务...
2026-07-12 20:38:03.527 | INFO     | N/A | ⏳ 等待 Profile 更新任务...
2026-07-12 20:38:08.554 | INFO     | N/A | ⏳ 等待 Profile 更新任务...
2026-07-12 20:38:13.581 | INFO     | N/A | ⏳ 等待 Profile 更新任务...
2026-07-12 20:38:18.615 | INFO     | N/A | ⏳ 等待 Profile 更新任务...
2026-07-12 20:38:23.647 | INFO     | N/A | ⏳ 等待 Profile 更新任务...
2026-07-12 20:38:28.678 | INFO     | N/A | ⏳ 等待 Profile 更新任务...
2026-07-12 20:38:33.728 | INFO     | N/A | ⏳ 等待 Profile 更新任务...
2026-07-12 20:38:38.759 | INFO     | N/A | ⏳ 等待 Profile 更新任务...
2026-07-12 20:38:43.791 | INFO     | N/A | ⏳ 等待 Profile 更新任务...
2026-07-12 20:38:48.824 | INFO     | N/A | ⏳ 等待 Profile 更新任务...
2026-07-12 20:38:53.857 | INFO     | N/A | ⏳ 等待 Profile 更新任务...
2026-07-12 20:38:58.888 | INFO     | N/A | ⏳ 等待 Profile 更新任务...
2026-07-12 20:39:03.919 | INFO     | N/A | ⏳ 等待 Profile 更新任务...
2026-07-12 20:39:08.949 | INFO     | N/A | ⏳ 等待 Profile 更新任务...
2026-07-12 20:39:13.982 | INFO     | N/A | ⏳ 等待 Profile 更新任务...
2026-07-12 20:39:19.016 | INFO     | N/A | ⏳ 等待 Profile 更新任务...
2026-07-12 20:39:24.046 | INFO     | N/A | ⏳ 等待 Profile 更新任务...
2026-07-12 20:39:29.075 | INFO     | N/A | ⏳ 等待 Profile 更新任务...
2026-07-12 20:39:34.102 | INFO     | N/A | ⏳ 等待 Profile 更新任务...
2026-07-12 20:39:39.133 | INFO     | N/A | ⏳ 等待 Profile 更新任务...
2026-07-12 20:39:44.165 | INFO     | N/A | ⏳ 等待 Profile 更新任务...
2026-07-12 20:39:49.198 | INFO     | N/A | ⏳ 等待 Profile 更新任务...
2026-07-12 20:39:54.230 | INFO     | N/A | ⏳ 等待 Profile 更新任务...
2026-07-12 20:39:59.259 | INFO     | N/A | ⏳ 等待 Profile 更新任务...
2026-07-12 20:40:04.286 | INFO     | N/A | ⏳ 等待 Profile 更新任务...
2026-07-12 20:40:09.313 | INFO     | N/A | ⏳ 等待 Profile 更新任务...
2026-07-12 20:40:14.360 | INFO     | N/A | ⏳ 等待 Profile 更新任务...
2026-07-12 20:40:19.389 | INFO     | N/A | ⏳ 等待 Profile 更新任务...
2026-07-12 20:40:24.417 | INFO     | N/A | ⏳ 等待 Profile 更新任务...
2026-07-12 20:40:29.444 | INFO     | N/A | ⏳ 等待 Profile 更新任务...
2026-07-12 20:40:34.473 | INFO     | N/A | ⏳ 等待 Profile 更新任务...
2026-07-12 20:40:39.476 | INFO     | N/A | ⏳ 等待 Profile 更新任务...
2026-07-12 20:40:44.504 | INFO     | N/A | ⏳ 等待 Profile 更新任务...
2026-07-12 20:40:49.532 | INFO     | N/A | ⏳ 等待 Profile 更新任务...
2026-07-12 20:40:54.557 | INFO     | N/A | ⏳ 等待 Profile 更新任务...
2026-07-12 20:40:59.585 | INFO     | N/A | ⏳ 等待 Profile 更新任务...
2026-07-12 20:41:04.612 | INFO     | N/A | ⏳ 等待 Profile 更新任务...
2026-07-12 20:41:09.639 | INFO     | N/A | ⏳ 等待 Profile 更新任务...
2026-07-12 20:41:14.672 | INFO     | N/A | ⏳ 等待 Profile 更新任务...
2026-07-12 20:41:19.701 | INFO     | N/A | ⏳ 等待 Profile 更新任务...
2026-07-12 20:41:24.720 | INFO     | N/A | ⏳ 等待 Profile 更新任务...
2026-07-12 20:41:29.749 | INFO     | N/A | ⏳ 等待 Profile 更新任务...
2026-07-12 20:41:34.777 | INFO     | N/A | ⏳ 等待 Profile 更新任务...
2026-07-12 20:41:39.803 | INFO     | N/A | ⏳ 等待 Profile 更新任务...
2026-07-12 20:41:44.830 | INFO     | N/A | ⏳ 等待 Profile 更新任务...
2026-07-12 20:41:49.855 | INFO     | N/A | ⏳ 等待 Profile 更新任务...
2026-07-12 20:41:54.883 | INFO     | N/A | ⏳ 等待 Profile 更新任务...
2026-07-12 20:41:59.912 | INFO     | N/A | ⏳ 等待 Profile 更新任务...
2026-07-12 20:42:04.939 | INFO     | N/A | ⏳ 等待 Profile 更新任务...
2026-07-12 20:42:09.968 | INFO     | N/A | ⏳ 等待 Profile 更新任务...
2026-07-12 20:42:14.996 | INFO     | N/A | ⏳ 等待 Profile 更新任务...
2026-07-12 20:42:20.025 | INFO     | N/A | ⏳ 等待 Profile 更新任务...
2026-07-12 20:42:25.052 | INFO     | N/A | ⏳ 等待 Profile 更新任务...
2026-07-12 20:42:30.081 | INFO     | N/A | ⏳ 等待 Profile 更新任务...
2026-07-12 20:42:35.106 | INFO     | N/A | ⏳ 等待 Profile 更新任务...
2026-07-12 20:42:40.134 | INFO     | N/A | ⏳ 等待 Profile 更新任务...
2026-07-12 20:42:45.187 | INFO     | N/A | ⏳ 等待 Profile 更新任务...
2026-07-12 20:42:50.214 | INFO     | N/A | ⏳ 等待 Profile 更新任务...
2026-07-12 20:42:55.287 | INFO     | N/A | ⏳ 等待 Profile 更新任务...
2026-07-12 20:43:00.316 | INFO     | N/A | ⏳ 等待 Profile 更新任务...
2026-07-12 20:43:05.344 | INFO     | N/A | ⏳ 等待 Profile 更新任务...
2026-07-12 20:43:10.371 | INFO     | N/A | ⏳ 等待 Profile 更新任务...
2026-07-12 20:43:15.397 | INFO     | N/A | ⏳ 等待 Profile 更新任务...
2026-07-12 20:43:20.425 | INFO     | N/A | ⏳ 等待 Profile 更新任务...
2026-07-12 20:43:25.451 | INFO     | N/A | ⏳ 等待 Profile 更新任务...
2026-07-12 20:43:30.477 | INFO     | N/A | ⏳ 等待 Profile 更新任务...
2026-07-12 20:43:35.503 | INFO     | N/A | ⏳ 等待 Profile 更新任务...
2026-07-12 20:43:40.530 | INFO     | N/A | ⏳ 等待 Profile 更新任务...
2026-07-12 20:43:45.556 | INFO     | N/A | ⏳ 等待 Profile 更新任务...
2026-07-12 20:43:50.584 | INFO     | N/A | ⏳ 等待 Profile 更新任务...
2026-07-12 20:43:55.612 | INFO     | N/A | ⏳ 等待 Profile 更新任务...
2026-07-12 20:44:00.639 | INFO     | N/A | ⏳ 等待 Profile 更新任务...
2026-07-12 20:44:05.668 | INFO     | N/A | ⏳ 等待 Profile 更新任务...
2026-07-12 20:44:10.695 | INFO     | N/A | ⏳ 等待 Profile 更新任务...
2026-07-12 20:44:15.721 | INFO     | N/A | ⏳ 等待 Profile 更新任务...
2026-07-12 20:44:20.750 | INFO     | N/A | ⏳ 等待 Profile 更新任务...
2026-07-12 20:44:25.777 | INFO     | N/A | ⏳ 等待 Profile 更新任务...
2026-07-12 20:44:30.804 | INFO     | N/A | ⏳ 等待 Profile 更新任务...
2026-07-12 20:44:35.832 | INFO     | N/A | ⏳ 等待 Profile 更新任务...
2026-07-12 20:44:40.860 | INFO     | N/A | ⏳ 等待 Profile 更新任务...
2026-07-12 20:44:45.886 | INFO     | N/A | ⏳ 等待 Profile 更新任务...
2026-07-12 20:44:50.915 | INFO     | N/A | ⏳ 等待 Profile 更新任务...
2026-07-12 20:44:55.942 | INFO     | N/A | ⏳ 等待 Profile 更新任务...
2026-07-12 20:45:01.032 | INFO     | N/A | ⏳ 等待 Profile 更新任务...
2026-07-12 20:45:06.062 | INFO     | N/A | ⏳ 等待 Profile 更新任务...
2026-07-12 20:45:11.089 | INFO     | N/A | ⏳ 等待 Profile 更新任务...
2026-07-12 20:45:16.118 | INFO     | N/A | ⏳ 等待 Profile 更新任务...
2026-07-12 20:45:21.150 | INFO     | N/A | ⏳ 等待 Profile 更新任务...
2026-07-12 20:45:26.214 | INFO     | N/A | ⏳ 等待 Profile 更新任务...
2026-07-12 20:45:31.299 | INFO     | N/A | ⏳ 等待 Profile 更新任务...
2026-07-12 20:45:36.324 | INFO     | N/A | ⏳ 等待 Profile 更新任务...
2026-07-12 20:45:41.349 | INFO     | N/A | ⏳ 等待 Profile 更新任务...
2026-07-12 20:45:46.378 | INFO     | N/A | ⏳ 等待 Profile 更新任务...
2026-07-12 20:45:51.403 | INFO     | N/A | ⏳ 等待 Profile 更新任务...
2026-07-12 20:45:56.431 | INFO     | N/A | ⏳ 等待 Profile 更新任务...
2026-07-12 20:46:01.458 | INFO     | N/A | ⏳ 等待 Profile 更新任务...
2026-07-12 20:46:06.484 | INFO     | N/A | ⏳ 等待 Profile 更新任务...
2026-07-12 20:46:11.513 | INFO     | N/A | ⏳ 等待 Profile 更新任务...
2026-07-12 20:46:16.541 | INFO     | N/A | ⏳ 等待 Profile 更新任务...
2026-07-12 20:46:21.574 | INFO     | N/A | ⏳ 等待 Profile 更新任务...
2026-07-12 20:46:26.600 | INFO     | N/A | ⏳ 等待 Profile 更新任务...
2026-07-12 20:46:31.628 | INFO     | N/A | ⏳ 等待 Profile 更新任务...
2026-07-12 20:46:36.652 | INFO     | N/A | ⏳ 等待 Profile 更新任务...
2026-07-12 20:46:41.680 | INFO     | N/A | ⏳ 等待 Profile 更新任务...
2026-07-12 20:46:46.710 | INFO     | N/A | ⏳ 等待 Profile 更新任务...
2026-07-12 20:46:51.736 | INFO     | N/A | ⏳ 等待 Profile 更新任务...
2026-07-12 20:46:56.762 | INFO     | N/A | ⏳ 等待 Profile 更新任务...
2026-07-12 20:47:01.789 | INFO     | N/A | ⏳ 等待 Profile 更新任务...
2026-07-12 20:47:06.817 | INFO     | N/A | ⏳ 等待 Profile 更新任务...
2026-07-12 20:47:11.836 | INFO     | N/A | ⏳ 等待 Profile 更新任务...
2026-07-12 20:47:16.862 | INFO     | N/A | ⏳ 等待 Profile 更新任务...
2026-07-12 20:47:21.891 | INFO     | N/A | ⏳ 等待 Profile 更新任务...
2026-07-12 20:47:26.916 | INFO     | N/A | ⏳ 等待 Profile 更新任务...
2026-07-12 20:47:31.944 | INFO     | N/A | ⏳ 等待 Profile 更新任务...
2026-07-12 20:47:37.018 | INFO     | N/A | ⏳ 等待 Profile 更新任务...
2026-07-12 20:47:42.047 | INFO     | N/A | ⏳ 等待 Profile 更新任务...
2026-07-12 20:47:47.073 | INFO     | N/A | ⏳ 等待 Profile 更新任务...
2026-07-12 20:47:52.099 | INFO     | N/A | ⏳ 等待 Profile 更新任务...
2026-07-12 20:47:57.125 | INFO     | N/A | ⏳ 等待 Profile 更新任务...
2026-07-12 20:48:02.151 | INFO     | N/A | ⏳ 等待 Profile 更新任务...
2026-07-12 20:48:07.183 | INFO     | N/A | ⏳ 等待 Profile 更新任务...
2026-07-12 20:48:12.211 | INFO     | N/A | ⏳ 等待 Profile 更新任务...
2026-07-12 20:48:17.237 | INFO     | N/A | ⏳ 等待 Profile 更新任务...
2026-07-12 20:48:22.263 | INFO     | N/A | ⏳ 等待 Profile 更新任务...
2026-07-12 20:48:27.291 | INFO     | N/A | ⏳ 等待 Profile 更新任务...
2026-07-12 20:48:32.318 | INFO     | N/A | ⏳ 等待 Profile 更新任务...
2026-07-12 20:48:37.346 | INFO     | N/A | ⏳ 等待 Profile 更新任务...
2026-07-12 20:48:42.375 | INFO     | N/A | ⏳ 等待 Profile 更新任务...
2026-07-12 20:48:47.403 | INFO     | N/A | ⏳ 等待 Profile 更新任务...
2026-07-12 20:48:52.429 | INFO     | N/A | ⏳ 等待 Profile 更新任务...
2026-07-12 20:48:57.455 | INFO     | N/A | ⏳ 等待 Profile 更新任务...
2026-07-12 20:49:02.485 | INFO     | N/A | ⏳ 等待 Profile 更新任务...
2026-07-12 20:49:07.510 | INFO     | N/A | ⏳ 等待 Profile 更新任务...
2026-07-12 20:49:12.537 | INFO     | N/A | ⏳ 等待 Profile 更新任务...
2026-07-12 20:49:17.565 | INFO     | N/A | ⏳ 等待 Profile 更新任务...
2026-07-12 20:49:22.594 | INFO     | N/A | ⏳ 等待 Profile 更新任务...
2026-07-12 20:49:27.620 | INFO     | N/A | ⏳ 等待 Profile 更新任务...
2026-07-12 20:49:32.647 | INFO     | N/A | ⏳ 等待 Profile 更新任务...
2026-07-12 20:49:37.679 | INFO     | N/A | ⏳ 等待 Profile 更新任务...
2026-07-12 20:49:42.705 | INFO     | N/A | ⏳ 等待 Profile 更新任务...
2026-07-12 20:49:47.733 | INFO     | N/A | ⏳ 等待 Profile 更新任务...
2026-07-12 20:49:52.761 | INFO     | N/A | ⏳ 等待 Profile 更新任务...
2026-07-12 20:49:57.788 | INFO     | N/A | ⏳ 等待 Profile 更新任务...
2026-07-12 20:50:02.815 | INFO     | N/A | ⏳ 等待 Profile 更新任务...
2026-07-12 20:50:07.841 | INFO     | N/A | ⏳ 等待 Profile 更新任务...
2026-07-12 20:50:12.868 | INFO     | N/A | ⏳ 等待 Profile 更新任务...
2026-07-12 20:50:17.894 | INFO     | N/A | ⏳ 等待 Profile 更新任务...
2026-07-12 20:50:22.924 | INFO     | N/A | ⏳ 等待 Profile 更新任务...
2026-07-12 20:50:27.954 | INFO     | N/A | ⏳ 等待 Profile 更新任务...
2026-07-12 20:50:32.981 | INFO     | N/A | ⏳ 等待 Profile 更新任务...
2026-07-12 20:50:38.008 | INFO     | N/A | ⏳ 等待 Profile 更新任务...
2026-07-12 20:50:43.034 | INFO     | N/A | ⏳ 等待 Profile 更新任务...
2026-07-12 20:50:48.061 | INFO     | N/A | ⏳ 等待 Profile 更新任务...
2026-07-12 20:50:53.088 | INFO     | N/A | ⏳ 等待 Profile 更新任务...
2026-07-12 20:50:58.103 | INFO     | N/A | ⏳ 等待 Profile 更新任务...
2026-07-12 20:51:03.123 | INFO     | N/A | ⏳ 等待 Profile 更新任务...
2026-07-12 20:51:08.157 | INFO     | N/A | ⏳ 等待 Profile 更新任务...
2026-07-12 20:51:13.185 | INFO     | N/A | ⏳ 等待 Profile 更新任务...
2026-07-12 20:51:18.214 | INFO     | N/A | ⏳ 等待 Profile 更新任务...
2026-07-12 20:51:23.240 | INFO     | N/A | ⏳ 等待 Profile 更新任务...
2026-07-12 20:51:28.267 | INFO     | N/A | ⏳ 等待 Profile 更新任务...
2026-07-12 20:51:33.362 | INFO     | N/A | ⏳ 等待 Profile 更新任务...
2026-07-12 20:51:38.389 | INFO     | N/A | ⏳ 等待 Profile 更新任务...
2026-07-12 20:51:43.416 | INFO     | N/A | ⏳ 等待 Profile 更新任务...
2026-07-12 20:51:48.441 | INFO     | N/A | ⏳ 等待 Profile 更新任务...
2026-07-12 20:51:53.469 | INFO     | N/A | ⏳ 等待 Profile 更新任务...
2026-07-12 20:51:58.497 | INFO     | N/A | ⏳ 等待 Profile 更新任务...
2026-07-12 20:52:03.525 | INFO     | N/A | ⏳ 等待 Profile 更新任务...
2026-07-12 20:52:08.553 | INFO     | N/A | ⏳ 等待 Profile 更新任务...
2026-07-12 20:52:13.580 | INFO     | N/A | ⏳ 等待 Profile 更新任务...
2026-07-12 20:52:18.608 | INFO     | N/A | ⏳ 等待 Profile 更新任务...
2026-07-12 20:52:23.634 | INFO     | N/A | ⏳ 等待 Profile 更新任务...
2026-07-12 20:52:28.663 | INFO     | N/A | ⏳ 等待 Profile 更新任务...
2026-07-12 20:52:33.691 | INFO     | N/A | ⏳ 等待 Profile 更新任务...
2026-07-12 20:52:38.719 | INFO     | N/A | ⏳ 等待 Profile 更新任务...
2026-07-12 20:52:43.744 | INFO     | N/A | ⏳ 等待 Profile 更新任务...
2026-07-12 20:52:48.772 | INFO     | N/A | ⏳ 等待 Profile 更新任务...
2026-07-12 20:52:53.800 | INFO     | N/A | ⏳ 等待 Profile 更新任务...
2026-07-12 20:52:58.827 | INFO     | N/A | ⏳ 等待 Profile 更新任务...
2026-07-12 20:53:03.855 | INFO     | N/A | ⏳ 等待 Profile 更新任务...
2026-07-12 20:53:08.881 | INFO     | N/A | ⏳ 等待 Profile 更新任务...
2026-07-12 20:53:13.908 | INFO     | N/A | ⏳ 等待 Profile 更新任务...
2026-07-12 20:53:18.936 | INFO     | N/A | ⏳ 等待 Profile 更新任务...
2026-07-12 20:53:23.963 | INFO     | N/A | ⏳ 等待 Profile 更新任务...
2026-07-12 20:53:28.987 | INFO     | N/A | ⏳ 等待 Profile 更新任务...
2026-07-12 20:53:34.014 | INFO     | N/A | ⏳ 等待 Profile 更新任务...
2026-07-12 20:53:39.041 | INFO     | N/A | ⏳ 等待 Profile 更新任务...
2026-07-12 20:53:44.067 | INFO     | N/A | ⏳ 等待 Profile 更新任务...
2026-07-12 20:53:49.097 | INFO     | N/A | ⏳ 等待 Profile 更新任务...
2026-07-12 20:53:54.123 | INFO     | N/A | ⏳ 等待 Profile 更新任务...
2026-07-12 20:53:59.153 | INFO     | N/A | ⏳ 等待 Profile 更新任务...
2026-07-12 20:54:04.178 | INFO     | N/A | ⏳ 等待 Profile 更新任务...
2026-07-12 20:54:09.205 | INFO     | N/A | ⏳ 等待 Profile 更新任务...
2026-07-12 20:54:14.241 | INFO     | N/A | ⏳ 等待 Profile 更新任务...
2026-07-12 20:54:19.270 | INFO     | N/A | ⏳ 等待 Profile 更新任务...
2026-07-12 20:54:24.298 | INFO     | N/A | ⏳ 等待 Profile 更新任务...
2026-07-12 20:54:29.324 | INFO     | N/A | ⏳ 等待 Profile 更新任务...
2026-07-12 20:54:34.350 | INFO     | N/A | ⏳ 等待 Profile 更新任务...
2026-07-12 20:54:39.378 | INFO     | N/A | ⏳ 等待 Profile 更新任务...
2026-07-12 20:54:44.404 | INFO     | N/A | ⏳ 等待 Profile 更新任务...
2026-07-12 20:54:49.431 | INFO     | N/A | ⏳ 等待 Profile 更新任务...
2026-07-12 20:54:54.461 | INFO     | N/A | ⏳ 等待 Profile 更新任务...
2026-07-12 20:54:59.487 | INFO     | N/A | ⏳ 等待 Profile 更新任务...
2026-07-12 20:55:04.516 | INFO     | N/A | ⏳ 等待 Profile 更新任务...
2026-07-12 20:55:09.541 | INFO     | N/A | ⏳ 等待 Profile 更新任务...
2026-07-12 20:55:14.568 | INFO     | N/A | ⏳ 等待 Profile 更新任务...
2026-07-12 20:55:19.597 | INFO     | N/A | ⏳ 等待 Profile 更新任务...
2026-07-12 20:55:24.625 | INFO     | N/A | ⏳ 等待 Profile 更新任务...
2026-07-12 20:55:29.649 | INFO     | N/A | ⏳ 等待 Profile 更新任务...
2026-07-12 20:55:34.677 | INFO     | N/A | ⏳ 等待 Profile 更新任务...
2026-07-12 20:55:39.707 | INFO     | N/A | ⏳ 等待 Profile 更新任务...
2026-07-12 20:55:44.736 | INFO     | N/A | ⏳ 等待 Profile 更新任务...
2026-07-12 20:55:49.763 | INFO     | N/A | ⏳ 等待 Profile 更新任务...
2026-07-12 20:55:54.790 | INFO     | N/A | ⏳ 等待 Profile 更新任务...
2026-07-12 20:55:59.818 | INFO     | N/A | ⏳ 等待 Profile 更新任务...
2026-07-12 20:56:04.846 | INFO     | N/A | ⏳ 等待 Profile 更新任务...
2026-07-12 20:56:09.873 | INFO     | N/A | ⏳ 等待 Profile 更新任务...
2026-07-12 20:56:14.901 | INFO     | N/A | ⏳ 等待 Profile 更新任务...
2026-07-12 20:56:19.930 | INFO     | N/A | ⏳ 等待 Profile 更新任务...
2026-07-12 20:56:24.956 | INFO     | N/A | ⏳ 等待 Profile 更新任务...
2026-07-12 20:56:29.984 | INFO     | N/A | ⏳ 等待 Profile 更新任务...
2026-07-12 20:56:35.010 | INFO     | N/A | ⏳ 等待 Profile 更新任务...
2026-07-12 20:56:40.055 | INFO     | N/A | ⏳ 等待 Profile 更新任务...
2026-07-12 20:56:45.082 | INFO     | N/A | ⏳ 等待 Profile 更新任务...
2026-07-12 20:56:50.109 | INFO     | N/A | ⏳ 等待 Profile 更新任务...
2026-07-12 20:56:55.136 | INFO     | N/A | ⏳ 等待 Profile 更新任务...
2026-07-12 20:57:00.139 | INFO     | N/A | ⏳ 等待 Profile 更新任务...
2026-07-12 20:57:05.163 | INFO     | N/A | ⏳ 等待 Profile 更新任务...
2026-07-12 20:57:10.193 | INFO     | N/A | ⏳ 等待 Profile 更新任务...
2026-07-12 20:57:15.221 | INFO     | N/A | ⏳ 等待 Profile 更新任务...
2026-07-12 20:57:20.249 | INFO     | N/A | ⏳ 等待 Profile 更新任务...
2026-07-12 20:57:25.298 | INFO     | N/A | ⏳ 等待 Profile 更新任务...
2026-07-12 20:57:30.368 | INFO     | N/A | ⏳ 等待 Profile 更新任务...
2026-07-12 20:57:35.393 | INFO     | N/A | ⏳ 等待 Profile 更新任务...
2026-07-12 20:57:40.421 | INFO     | N/A | ⏳ 等待 Profile 更新任务...
2026-07-12 20:57:45.447 | INFO     | N/A | ⏳ 等待 Profile 更新任务...
2026-07-12 20:57:50.473 | INFO     | N/A | ⏳ 等待 Profile 更新任务...
2026-07-12 20:57:55.498 | INFO     | N/A | ⏳ 等待 Profile 更新任务...
2026-07-12 20:58:00.525 | INFO     | N/A | ⏳ 等待 Profile 更新任务...
2026-07-12 20:58:05.551 | INFO     | N/A | ⏳ 等待 Profile 更新任务...
2026-07-12 20:58:10.557 | INFO     | N/A | ⏳ 等待 Profile 更新任务...
2026-07-12 20:58:15.582 | INFO     | N/A | ⏳ 等待 Profile 更新任务...
2026-07-12 20:58:20.609 | INFO     | N/A | ⏳ 等待 Profile 更新任务...
2026-07-12 20:58:25.635 | INFO     | N/A | ⏳ 等待 Profile 更新任务...
2026-07-12 20:58:30.662 | INFO     | N/A | ⏳ 等待 Profile 更新任务...
2026-07-12 20:58:35.692 | INFO     | N/A | ⏳ 等待 Profile 更新任务...
2026-07-12 20:58:40.718 | INFO     | N/A | ⏳ 等待 Profile 更新任务...
2026-07-12 20:58:45.746 | INFO     | N/A | ⏳ 等待 Profile 更新任务...
2026-07-12 20:58:50.773 | INFO     | N/A | ⏳ 等待 Profile 更新任务...
2026-07-12 20:58:55.804 | INFO     | N/A | ⏳ 等待 Profile 更新任务...
2026-07-12 20:59:00.829 | INFO     | N/A | ⏳ 等待 Profile 更新任务...
2026-07-12 20:59:05.859 | INFO     | N/A | ⏳ 等待 Profile 更新任务...
2026-07-12 20:59:10.889 | INFO     | N/A | ⏳ 等待 Profile 更新任务...
2026-07-12 20:59:15.915 | INFO     | N/A | ⏳ 等待 Profile 更新任务...
2026-07-12 20:59:20.943 | INFO     | N/A | ⏳ 等待 Profile 更新任务...
2026-07-12 20:59:25.971 | INFO     | N/A | ⏳ 等待 Profile 更新任务...
2026-07-12 20:59:31.003 | INFO     | N/A | ⏳ 等待 Profile 更新任务...
2026-07-12 20:59:36.029 | INFO     | N/A | ⏳ 等待 Profile 更新任务...
2026-07-12 20:59:41.060 | INFO     | N/A | ⏳ 等待 Profile 更新任务...
2026-07-12 20:59:46.088 | INFO     | N/A | ⏳ 等待 Profile 更新任务...
2026-07-12 20:59:51.115 | INFO     | N/A | ⏳ 等待 Profile 更新任务...
2026-07-12 20:59:56.141 | INFO     | N/A | ⏳ 等待 Profile 更新任务...
2026-07-12 21:00:01.168 | INFO     | N/A | ⏳ 等待 Profile 更新任务...
2026-07-12 21:00:06.197 | INFO     | N/A | ⏳ 等待 Profile 更新任务...
2026-07-12 21:00:11.225 | INFO     | N/A | ⏳ 等待 Profile 更新任务...
2026-07-12 21:00:16.244 | INFO     | N/A | ⏳ 等待 Profile 更新任务...
2026-07-12 21:00:21.270 | INFO     | N/A | ⏳ 等待 Profile 更新任务...
2026-07-12 21:00:26.296 | INFO     | N/A | ⏳ 等待 Profile 更新任务...
2026-07-12 21:00:31.326 | INFO     | N/A | ⏳ 等待 Profile 更新任务...
2026-07-12 21:00:36.396 | INFO     | N/A | ⏳ 等待 Profile 更新任务...
2026-07-12 21:00:41.423 | INFO     | N/A | ⏳ 等待 Profile 更新任务...
2026-07-12 21:00:46.447 | INFO     | N/A | ⏳ 等待 Profile 更新任务...
2026-07-12 21:00:51.473 | INFO     | N/A | ⏳ 等待 Profile 更新任务...
2026-07-12 21:00:56.500 | INFO     | N/A | ⏳ 等待 Profile 更新任务...
2026-07-12 21:01:01.526 | INFO     | N/A | ⏳ 等待 Profile 更新任务...
2026-07-12 21:01:06.555 | INFO     | N/A | ⏳ 等待 Profile 更新任务...
2026-07-12 21:01:11.581 | INFO     | N/A | ⏳ 等待 Profile 更新任务...
2026-07-12 21:01:16.609 | INFO     | N/A | ⏳ 等待 Profile 更新任务...
2026-07-12 21:01:21.636 | INFO     | N/A | ⏳ 等待 Profile 更新任务...
2026-07-12 21:01:26.664 | INFO     | N/A | ⏳ 等待 Profile 更新任务...
2026-07-12 21:01:31.692 | INFO     | N/A | ⏳ 等待 Profile 更新任务...
2026-07-12 21:01:36.720 | INFO     | N/A | ⏳ 等待 Profile 更新任务...
2026-07-12 21:01:41.745 | INFO     | N/A | ⏳ 等待 Profile 更新任务...
2026-07-12 21:01:46.773 | INFO     | N/A | ⏳ 等待 Profile 更新任务...
2026-07-12 21:01:51.800 | INFO     | N/A | ⏳ 等待 Profile 更新任务...
2026-07-12 21:01:56.826 | INFO     | N/A | ⏳ 等待 Profile 更新任务...
2026-07-12 21:02:01.853 | INFO     | N/A | ⏳ 等待 Profile 更新任务...
2026-07-12 21:02:06.878 | INFO     | N/A | ⏳ 等待 Profile 更新任务...
2026-07-12 21:02:11.905 | INFO     | N/A | ⏳ 等待 Profile 更新任务...
2026-07-12 21:02:16.930 | INFO     | N/A | ⏳ 等待 Profile 更新任务...
2026-07-12 21:02:21.957 | INFO     | N/A | ⏳ 等待 Profile 更新任务...
2026-07-12 21:02:26.983 | INFO     | N/A | ⏳ 等待 Profile 更新任务...
2026-07-12 21:02:32.026 | INFO     | N/A | ⏳ 等待 Profile 更新任务...
2026-07-12 21:02:37.105 | INFO     | N/A | ⏳ 等待 Profile 更新任务...
2026-07-12 21:02:42.134 | INFO     | N/A | ⏳ 等待 Profile 更新任务...
2026-07-12 21:02:47.160 | INFO     | N/A | ⏳ 等待 Profile 更新任务...
2026-07-12 21:02:52.188 | INFO     | N/A | ⏳ 等待 Profile 更新任务...
2026-07-12 21:02:57.215 | INFO     | N/A | ⏳ 等待 Profile 更新任务...
2026-07-12 21:03:02.240 | INFO     | N/A | ⏳ 等待 Profile 更新任务...
2026-07-12 21:03:07.266 | INFO     | N/A | ⏳ 等待 Profile 更新任务...
2026-07-12 21:03:12.292 | INFO     | N/A | ⏳ 等待 Profile 更新任务...
2026-07-12 21:03:17.318 | INFO     | N/A | ⏳ 等待 Profile 更新任务...
2026-07-12 21:03:22.346 | INFO     | N/A | ⏳ 等待 Profile 更新任务...
2026-07-12 21:03:27.372 | INFO     | N/A | ⏳ 等待 Profile 更新任务...
2026-07-12 21:03:32.401 | INFO     | N/A | ⏳ 等待 Profile 更新任务...
2026-07-12 21:03:37.429 | INFO     | N/A | ⏳ 等待 Profile 更新任务...
2026-07-12 21:03:42.456 | INFO     | N/A | ⏳ 等待 Profile 更新任务...
2026-07-12 21:03:47.484 | INFO     | N/A | ⏳ 等待 Profile 更新任务...
2026-07-12 21:03:52.510 | INFO     | N/A | ⏳ 等待 Profile 更新任务...
2026-07-12 21:03:57.538 | INFO     | N/A | ⏳ 等待 Profile 更新任务...
2026-07-12 21:04:02.565 | INFO     | N/A | ⏳ 等待 Profile 更新任务...
2026-07-12 21:04:07.593 | INFO     | N/A | ⏳ 等待 Profile 更新任务...
2026-07-12 21:04:12.620 | INFO     | N/A | ⏳ 等待 Profile 更新任务...
2026-07-12 21:04:17.647 | INFO     | N/A | ⏳ 等待 Profile 更新任务...
2026-07-12 21:04:22.674 | INFO     | N/A | ⏳ 等待 Profile 更新任务...
2026-07-12 21:04:27.702 | INFO     | N/A | ⏳ 等待 Profile 更新任务...
2026-07-12 21:04:32.731 | INFO     | N/A | ⏳ 等待 Profile 更新任务...
2026-07-12 21:04:37.754 | INFO     | N/A | ⏳ 等待 Profile 更新任务...
2026-07-12 21:04:42.783 | INFO     | N/A | ⏳ 等待 Profile 更新任务...
2026-07-12 21:04:47.806 | INFO     | N/A | ⏳ 等待 Profile 更新任务...
2026-07-12 21:04:52.835 | INFO     | N/A | ⏳ 等待 Profile 更新任务...
2026-07-12 21:04:57.862 | INFO     | N/A | ⏳ 等待 Profile 更新任务...
2026-07-12 21:05:02.901 | INFO     | N/A | ⏳ 等待 Profile 更新任务...
2026-07-12 21:05:07.929 | INFO     | N/A | ⏳ 等待 Profile 更新任务...
2026-07-12 21:05:12.954 | INFO     | N/A | ⏳ 等待 Profile 更新任务...
2026-07-12 21:05:17.984 | INFO     | N/A | ⏳ 等待 Profile 更新任务...
2026-07-12 21:05:22.991 | INFO     | N/A | ⏳ 等待 Profile 更新任务...
2026-07-12 21:05:28.017 | INFO     | N/A | ⏳ 等待 Profile 更新任务...
2026-07-12 21:05:33.041 | INFO     | N/A | ⏳ 等待 Profile 更新任务...
2026-07-12 21:05:38.068 | INFO     | N/A | ⏳ 等待 Profile 更新任务...
2026-07-12 21:05:43.096 | INFO     | N/A | ⏳ 等待 Profile 更新任务...
2026-07-12 21:05:48.121 | INFO     | N/A | ⏳ 等待 Profile 更新任务...
2026-07-12 21:05:53.148 | INFO     | N/A | ⏳ 等待 Profile 更新任务...
2026-07-12 21:05:58.172 | INFO     | N/A | ⏳ 等待 Profile 更新任务...
2026-07-12 21:06:03.200 | INFO     | N/A | ⏳ 等待 Profile 更新任务...
2026-07-12 21:06:08.225 | INFO     | N/A | ⏳ 等待 Profile 更新任务...
2026-07-12 21:06:13.251 | INFO     | N/A | ⏳ 等待 Profile 更新任务...
2026-07-12 21:06:18.279 | INFO     | N/A | ⏳ 等待 Profile 更新任务...
2026-07-12 21:06:23.307 | INFO     | N/A | ⏳ 等待 Profile 更新任务...
2026-07-12 21:06:28.333 | INFO     | N/A | ⏳ 等待 Profile 更新任务...
2026-07-12 21:06:33.363 | INFO     | N/A | ⏳ 等待 Profile 更新任务...
2026-07-12 21:06:38.390 | INFO     | N/A | ⏳ 等待 Profile 更新任务...
2026-07-12 21:06:43.417 | INFO     | N/A | ⏳ 等待 Profile 更新任务...
2026-07-12 21:06:48.447 | INFO     | N/A | ⏳ 等待 Profile 更新任务...
2026-07-12 21:06:53.475 | INFO     | N/A | ⏳ 等待 Profile 更新任务...
2026-07-12 21:06:58.504 | INFO     | N/A | ⏳ 等待 Profile 更新任务...
2026-07-12 21:07:03.554 | INFO     | N/A | ⏳ 等待 Profile 更新任务...
2026-07-12 21:07:08.581 | INFO     | N/A | ⏳ 等待 Profile 更新任务...
2026-07-12 21:07:13.608 | INFO     | N/A | ⏳ 等待 Profile 更新任务...
2026-07-12 21:07:18.634 | INFO     | N/A | ⏳ 等待 Profile 更新任务...
2026-07-12 21:07:23.664 | INFO     | N/A | ⏳ 等待 Profile 更新任务...
2026-07-12 21:07:28.690 | INFO     | N/A | ⏳ 等待 Profile 更新任务...
2026-07-12 21:07:33.722 | INFO     | N/A | ⏳ 等待 Profile 更新任务...
2026-07-12 21:07:38.747 | INFO     | N/A | ⏳ 等待 Profile 更新任务...
2026-07-12 21:07:43.775 | INFO     | N/A | ⏳ 等待 Profile 更新任务...
2026-07-12 21:07:48.823 | INFO     | N/A | ⏳ 等待 Profile 更新任务...
2026-07-12 21:07:53.848 | INFO     | N/A | ⏳ 等待 Profile 更新任务...
2026-07-12 21:07:58.872 | INFO     | N/A | ⏳ 等待 Profile 更新任务...
2026-07-12 21:08:03.899 | INFO     | N/A | ⏳ 等待 Profile 更新任务...
2026-07-12 21:08:08.978 | INFO     | N/A | ⏳ 等待 Profile 更新任务...
2026-07-12 21:08:14.005 | INFO     | N/A | ⏳ 等待 Profile 更新任务...
2026-07-12 21:08:19.032 | INFO     | N/A | ⏳ 等待 Profile 更新任务...
2026-07-12 21:08:24.081 | INFO     | N/A | ⏳ 等待 Profile 更新任务...
2026-07-12 21:08:29.110 | INFO     | N/A | ⏳ 等待 Profile 更新任务...
2026-07-12 21:08:34.141 | INFO     | N/A | ⏳ 等待 Profile 更新任务...
2026-07-12 21:08:39.167 | INFO     | N/A | ⏳ 等待 Profile 更新任务...
2026-07-12 21:08:44.198 | INFO     | N/A | ⏳ 等待 Profile 更新任务...
2026-07-12 21:08:49.228 | INFO     | N/A | ⏳ 等待 Profile 更新任务...
2026-07-12 21:08:54.256 | INFO     | N/A | ⏳ 等待 Profile 更新任务...
2026-07-12 21:08:59.282 | INFO     | N/A | ⏳ 等待 Profile 更新任务...
2026-07-12 21:09:04.323 | INFO     | N/A | ⏳ 等待 Profile 更新任务...
2026-07-12 21:09:09.348 | INFO     | N/A | ⏳ 等待 Profile 更新任务...
2026-07-12 21:09:14.375 | INFO     | N/A | ⏳ 等待 Profile 更新任务...
2026-07-12 21:09:19.401 | INFO     | N/A | ⏳ 等待 Profile 更新任务...
2026-07-12 21:09:24.427 | INFO     | N/A | ⏳ 等待 Profile 更新任务...
2026-07-12 21:09:29.456 | INFO     | N/A | ⏳ 等待 Profile 更新任务...
2026-07-12 21:09:34.490 | INFO     | N/A | ⏳ 等待 Profile 更新任务...
2026-07-12 21:09:39.516 | INFO     | N/A | ⏳ 等待 Profile 更新任务...
2026-07-12 21:09:44.541 | INFO     | N/A | ⏳ 等待 Profile 更新任务...
2026-07-12 21:09:49.566 | INFO     | N/A | ⏳ 等待 Profile 更新任务...
2026-07-12 21:09:54.594 | INFO     | N/A | ⏳ 等待 Profile 更新任务...
2026-07-12 21:09:59.619 | INFO     | N/A | ⏳ 等待 Profile 更新任务...
2026-07-12 21:10:04.650 | INFO     | N/A | ⏳ 等待 Profile 更新任务...
2026-07-12 21:10:09.677 | INFO     | N/A | ⏳ 等待 Profile 更新任务...
2026-07-12 21:10:14.703 | INFO     | N/A | ⏳ 等待 Profile 更新任务...
2026-07-12 21:10:19.729 | INFO     | N/A | ⏳ 等待 Profile 更新任务...
2026-07-12 21:10:24.758 | INFO     | N/A | ⏳ 等待 Profile 更新任务...
2026-07-12 21:10:29.784 | INFO     | N/A | ⏳ 等待 Profile 更新任务...
2026-07-12 21:10:34.813 | INFO     | N/A | ⏳ 等待 Profile 更新任务...
2026-07-12 21:10:39.839 | INFO     | N/A | ⏳ 等待 Profile 更新任务...
2026-07-12 21:10:44.863 | INFO     | N/A | ⏳ 等待 Profile 更新任务...
2026-07-12 21:10:49.921 | INFO     | N/A | ⏳ 等待 Profile 更新任务...
2026-07-12 21:10:54.950 | INFO     | N/A | ⏳ 等待 Profile 更新任务...
2026-07-12 21:10:59.979 | INFO     | N/A | ⏳ 等待 Profile 更新任务...
2026-07-12 21:11:05.007 | INFO     | N/A | ⏳ 等待 Profile 更新任务...
2026-07-12 21:11:10.033 | INFO     | N/A | ⏳ 等待 Profile 更新任务...
2026-07-12 21:11:15.059 | INFO     | N/A | ⏳ 等待 Profile 更新任务...
2026-07-12 21:11:20.086 | INFO     | N/A | ⏳ 等待 Profile 更新任务...
2026-07-12 21:11:25.114 | INFO     | N/A | ⏳ 等待 Profile 更新任务...
2026-07-12 21:11:30.142 | INFO     | N/A | ⏳ 等待 Profile 更新任务...
2026-07-12 21:11:35.169 | INFO     | N/A | ⏳ 等待 Profile 更新任务...
2026-07-12 21:11:40.194 | INFO     | N/A | ⏳ 等待 Profile 更新任务...
2026-07-12 21:11:45.220 | INFO     | N/A | ⏳ 等待 Profile 更新任务...
2026-07-12 21:11:50.293 | INFO     | N/A | ⏳ 等待 Profile 更新任务...
2026-07-12 21:11:55.320 | INFO     | N/A | ⏳ 等待 Profile 更新任务...
2026-07-12 21:12:00.347 | INFO     | N/A | ⏳ 等待 Profile 更新任务...
2026-07-12 21:12:05.374 | INFO     | N/A | ⏳ 等待 Profile 更新任务...
2026-07-12 21:12:10.401 | INFO     | N/A | ⏳ 等待 Profile 更新任务...
2026-07-12 21:12:15.428 | INFO     | N/A | ⏳ 等待 Profile 更新任务...
2026-07-12 21:12:20.455 | INFO     | N/A | ⏳ 等待 Profile 更新任务...
2026-07-12 21:12:25.482 | INFO     | N/A | ⏳ 等待 Profile 更新任务...
2026-07-12 21:12:30.507 | INFO     | N/A | ⏳ 等待 Profile 更新任务...
2026-07-12 21:12:35.535 | INFO     | N/A | ⏳ 等待 Profile 更新任务...
2026-07-12 21:12:40.560 | INFO     | N/A | ⏳ 等待 Profile 更新任务...
2026-07-12 21:12:45.588 | INFO     | N/A | ⏳ 等待 Profile 更新任务...
2026-07-12 21:12:50.616 | INFO     | N/A | ⏳ 等待 Profile 更新任务...
2026-07-12 21:12:55.641 | INFO     | N/A | ⏳ 等待 Profile 更新任务...
2026-07-12 21:13:00.732 | INFO     | N/A | ⏳ 等待 Profile 更新任务...
2026-07-12 21:13:05.757 | INFO     | N/A | ⏳ 等待 Profile 更新任务...
2026-07-12 21:13:10.784 | INFO     | N/A | ⏳ 等待 Profile 更新任务...
2026-07-12 21:13:15.808 | INFO     | N/A | ⏳ 等待 Profile 更新任务...
2026-07-12 21:13:20.838 | INFO     | N/A | ⏳ 等待 Profile 更新任务...
2026-07-12 21:13:25.871 | INFO     | N/A | ⏳ 等待 Profile 更新任务...
2026-07-12 21:13:30.903 | INFO     | N/A | ⏳ 等待 Profile 更新任务...
2026-07-12 21:13:35.930 | INFO     | N/A | ⏳ 等待 Profile 更新任务...
2026-07-12 21:13:40.957 | INFO     | N/A | ⏳ 等待 Profile 更新任务...
2026-07-12 21:13:45.984 | INFO     | N/A | ⏳ 等待 Profile 更新任务...
2026-07-12 21:13:51.013 | INFO     | N/A | ⏳ 等待 Profile 更新任务...
2026-07-12 21:13:56.096 | INFO     | N/A | ⏳ 等待 Profile 更新任务...
2026-07-12 21:14:01.121 | INFO     | N/A | ⏳ 等待 Profile 更新任务...
2026-07-12 21:14:06.147 | INFO     | N/A | ⏳ 等待 Profile 更新任务...
2026-07-12 21:14:11.174 | INFO     | N/A | ⏳ 等待 Profile 更新任务...
2026-07-12 21:14:16.205 | INFO     | N/A | ⏳ 等待 Profile 更新任务...
2026-07-12 21:14:21.230 | INFO     | N/A | ⏳ 等待 Profile 更新任务...
2026-07-12 21:14:26.258 | INFO     | N/A | ⏳ 等待 Profile 更新任务...
2026-07-12 21:14:31.288 | INFO     | N/A | ⏳ 等待 Profile 更新任务...
2026-07-12 21:14:36.314 | INFO     | N/A | ⏳ 等待 Profile 更新任务...
2026-07-12 21:14:41.338 | INFO     | N/A | ⏳ 等待 Profile 更新任务...
2026-07-12 21:14:46.366 | INFO     | N/A | ⏳ 等待 Profile 更新任务...
2026-07-12 21:14:51.391 | INFO     | N/A | ⏳ 等待 Profile 更新任务...
2026-07-12 21:14:56.418 | INFO     | N/A | ⏳ 等待 Profile 更新任务...
2026-07-12 21:15:01.445 | INFO     | N/A | ⏳ 等待 Profile 更新任务...
2026-07-12 21:15:06.472 | INFO     | N/A | ⏳ 等待 Profile 更新任务...
2026-07-12 21:15:11.498 | INFO     | N/A | ⏳ 等待 Profile 更新任务...
2026-07-12 21:15:16.524 | INFO     | N/A | ⏳ 等待 Profile 更新任务...
2026-07-12 21:15:21.554 | INFO     | N/A | ⏳ 等待 Profile 更新任务...
2026-07-12 21:15:26.580 | INFO     | N/A | ⏳ 等待 Profile 更新任务...
2026-07-12 21:15:31.607 | INFO     | N/A | ⏳ 等待 Profile 更新任务...
2026-07-12 21:15:36.634 | INFO     | N/A | ⏳ 等待 Profile 更新任务...
2026-07-12 21:15:41.662 | INFO     | N/A | ⏳ 等待 Profile 更新任务...
2026-07-12 21:15:46.734 | INFO     | N/A | ⏳ 等待 Profile 更新任务...
2026-07-12 21:15:51.758 | INFO     | N/A | ⏳ 等待 Profile 更新任务...
2026-07-12 21:15:56.784 | INFO     | N/A | ⏳ 等待 Profile 更新任务...
2026-07-12 21:16:01.810 | INFO     | N/A | ⏳ 等待 Profile 更新任务...
2026-07-12 21:16:06.838 | INFO     | N/A | ⏳ 等待 Profile 更新任务...
2026-07-12 21:16:11.844 | INFO     | N/A | ⏳ 等待 Profile 更新任务...
2026-07-12 21:16:16.871 | INFO     | N/A | ⏳ 等待 Profile 更新任务...
2026-07-12 21:16:21.899 | INFO     | N/A | ⏳ 等待 Profile 更新任务...
2026-07-12 21:16:26.926 | INFO     | N/A | ⏳ 等待 Profile 更新任务...
2026-07-12 21:16:31.953 | INFO     | N/A | ⏳ 等待 Profile 更新任务...
2026-07-12 21:16:36.979 | INFO     | N/A | ⏳ 等待 Profile 更新任务...
2026-07-12 21:16:42.007 | INFO     | N/A | ⏳ 等待 Profile 更新任务...
2026-07-12 21:16:47.035 | INFO     | N/A | ⏳ 等待 Profile 更新任务...
2026-07-12 21:16:52.068 | INFO     | N/A | ⏳ 等待 Profile 更新任务...
2026-07-12 21:16:57.093 | INFO     | N/A | ⏳ 等待 Profile 更新任务...
2026-07-12 21:17:02.120 | INFO     | N/A | ⏳ 等待 Profile 更新任务...
2026-07-12 21:17:07.149 | INFO     | N/A | ⏳ 等待 Profile 更新任务...
2026-07-12 21:17:12.178 | INFO     | N/A | ⏳ 等待 Profile 更新任务...
2026-07-12 21:17:17.203 | INFO     | N/A | ⏳ 等待 Profile 更新任务...
2026-07-12 21:17:22.229 | INFO     | N/A | ⏳ 等待 Profile 更新任务...
2026-07-12 21:17:27.255 | INFO     | N/A | ⏳ 等待 Profile 更新任务...
2026-07-12 21:17:32.283 | INFO     | N/A | ⏳ 等待 Profile 更新任务...
2026-07-12 21:17:37.310 | INFO     | N/A | ⏳ 等待 Profile 更新任务...
2026-07-12 21:17:42.351 | INFO     | N/A | ⏳ 等待 Profile 更新任务...
2026-07-12 21:17:47.379 | INFO     | N/A | ⏳ 等待 Profile 更新任务...
2026-07-12 21:17:52.409 | INFO     | N/A | ⏳ 等待 Profile 更新任务...
2026-07-12 21:17:57.436 | INFO     | N/A | ⏳ 等待 Profile 更新任务...
2026-07-12 21:18:02.463 | INFO     | N/A | ⏳ 等待 Profile 更新任务...
2026-07-12 21:18:07.491 | INFO     | N/A | ⏳ 等待 Profile 更新任务...
2026-07-12 21:18:12.537 | INFO     | N/A | ⏳ 等待 Profile 更新任务...
2026-07-12 21:18:17.564 | INFO     | N/A | ⏳ 等待 Profile 更新任务...
2026-07-12 21:18:22.609 | INFO     | N/A | ⏳ 等待 Profile 更新任务...
2026-07-12 21:18:27.635 | INFO     | N/A | ⏳ 等待 Profile 更新任务...
2026-07-12 21:18:32.660 | INFO     | N/A | ⏳ 等待 Profile 更新任务...
2026-07-12 21:18:37.686 | INFO     | N/A | ⏳ 等待 Profile 更新任务...
2026-07-12 21:18:42.719 | INFO     | N/A | ⏳ 等待 Profile 更新任务...
2026-07-12 21:18:47.750 | INFO     | N/A | ⏳ 等待 Profile 更新任务...
2026-07-12 21:18:52.780 | INFO     | N/A | ⏳ 等待 Profile 更新任务...
2026-07-12 21:18:57.806 | INFO     | N/A | ⏳ 等待 Profile 更新任务...
2026-07-12 21:19:02.832 | INFO     | N/A | ⏳ 等待 Profile 更新任务...
2026-07-12 21:19:07.861 | INFO     | N/A | ⏳ 等待 Profile 更新任务...
2026-07-12 21:19:12.890 | INFO     | N/A | ⏳ 等待 Profile 更新任务...
2026-07-12 21:19:17.917 | INFO     | N/A | ⏳ 等待 Profile 更新任务...
2026-07-12 21:19:22.947 | INFO     | N/A | ⏳ 等待 Profile 更新任务...
2026-07-12 21:19:27.972 | INFO     | N/A | ⏳ 等待 Profile 更新任务...
2026-07-12 21:19:32.999 | INFO     | N/A | ⏳ 等待 Profile 更新任务...
2026-07-12 21:19:38.028 | INFO     | N/A | ⏳ 等待 Profile 更新任务...
2026-07-12 21:19:43.096 | INFO     | N/A | ⏳ 等待 Profile 更新任务...
2026-07-12 21:19:48.146 | INFO     | N/A | ⏳ 等待 Profile 更新任务...
2026-07-12 21:19:53.170 | INFO     | N/A | ⏳ 等待 Profile 更新任务...
2026-07-12 21:19:58.238 | INFO     | N/A | ⏳ 等待 Profile 更新任务...
2026-07-12 21:20:03.267 | INFO     | N/A | ⏳ 等待 Profile 更新任务...
2026-07-12 21:20:08.293 | INFO     | N/A | ⏳ 等待 Profile 更新任务...
2026-07-12 21:20:13.326 | INFO     | N/A | ⏳ 等待 Profile 更新任务...
2026-07-12 21:20:18.352 | INFO     | N/A | ⏳ 等待 Profile 更新任务...
2026-07-12 21:20:23.380 | INFO     | N/A | ⏳ 等待 Profile 更新任务...
2026-07-12 21:20:28.408 | INFO     | N/A | ⏳ 等待 Profile 更新任务...
2026-07-12 21:20:33.435 | INFO     | N/A | ⏳ 等待 Profile 更新任务...
2026-07-12 21:20:38.463 | INFO     | N/A | ⏳ 等待 Profile 更新任务...
2026-07-12 21:20:43.493 | INFO     | N/A | ⏳ 等待 Profile 更新任务...
2026-07-12 21:20:48.521 | INFO     | N/A | ⏳ 等待 Profile 更新任务...
2026-07-12 21:20:53.546 | INFO     | N/A | ⏳ 等待 Profile 更新任务...
2026-07-12 21:20:58.575 | INFO     | N/A | ⏳ 等待 Profile 更新任务...
2026-07-12 21:21:03.607 | INFO     | N/A | ⏳ 等待 Profile 更新任务...
2026-07-12 21:21:08.631 | INFO     | N/A | ⏳ 等待 Profile 更新任务...
2026-07-12 21:21:13.659 | INFO     | N/A | ⏳ 等待 Profile 更新任务...
2026-07-12 21:21:18.685 | INFO     | N/A | ⏳ 等待 Profile 更新任务...
2026-07-12 21:21:23.713 | INFO     | N/A | ⏳ 等待 Profile 更新任务...
2026-07-12 21:21:28.739 | INFO     | N/A | ⏳ 等待 Profile 更新任务...
2026-07-12 21:21:33.768 | INFO     | N/A | ⏳ 等待 Profile 更新任务...
2026-07-12 21:21:38.795 | INFO     | N/A | ⏳ 等待 Profile 更新任务...
2026-07-12 21:21:43.826 | INFO     | N/A | ⏳ 等待 Profile 更新任务...
2026-07-12 21:21:48.854 | INFO     | N/A | ⏳ 等待 Profile 更新任务...
2026-07-12 21:21:53.877 | INFO     | N/A | ⏳ 等待 Profile 更新任务...
2026-07-12 21:21:58.906 | INFO     | N/A | ⏳ 等待 Profile 更新任务...
2026-07-12 21:22:03.933 | INFO     | N/A | ⏳ 等待 Profile 更新任务...
2026-07-12 21:22:08.961 | INFO     | N/A | ⏳ 等待 Profile 更新任务...
2026-07-12 21:22:13.994 | INFO     | N/A | ⏳ 等待 Profile 更新任务...
2026-07-12 21:22:19.020 | INFO     | N/A | ⏳ 等待 Profile 更新任务...
2026-07-12 21:22:24.067 | INFO     | N/A | ⏳ 等待 Profile 更新任务...
2026-07-12 21:22:29.094 | INFO     | N/A | ⏳ 等待 Profile 更新任务...
2026-07-12 21:22:34.123 | INFO     | N/A | ⏳ 等待 Profile 更新任务...
2026-07-12 21:22:39.150 | INFO     | N/A | ⏳ 等待 Profile 更新任务...
2026-07-12 21:22:44.179 | INFO     | N/A | ⏳ 等待 Profile 更新任务...
2026-07-12 21:22:49.206 | INFO     | N/A | ⏳ 等待 Profile 更新任务...
2026-07-12 21:22:54.234 | INFO     | N/A | ⏳ 等待 Profile 更新任务...
2026-07-12 21:22:59.259 | INFO     | N/A | ⏳ 等待 Profile 更新任务...
2026-07-12 21:23:04.285 | INFO     | N/A | ⏳ 等待 Profile 更新任务...
2026-07-12 21:23:09.311 | INFO     | N/A | ⏳ 等待 Profile 更新任务...
2026-07-12 21:23:14.341 | INFO     | N/A | ⏳ 等待 Profile 更新任务...
2026-07-12 21:23:19.369 | INFO     | N/A | ⏳ 等待 Profile 更新任务...
2026-07-12 21:23:24.396 | INFO     | N/A | ⏳ 等待 Profile 更新任务...
2026-07-12 21:23:29.421 | INFO     | N/A | ⏳ 等待 Profile 更新任务...
2026-07-12 21:23:34.448 | INFO     | N/A | ⏳ 等待 Profile 更新任务...
2026-07-12 21:23:39.474 | INFO     | N/A | ⏳ 等待 Profile 更新任务...
2026-07-12 21:23:44.517 | INFO     | N/A | ⏳ 等待 Profile 更新任务...
2026-07-12 21:23:49.544 | INFO     | N/A | ⏳ 等待 Profile 更新任务...
2026-07-12 21:23:54.572 | INFO     | N/A | ⏳ 等待 Profile 更新任务...
2026-07-12 21:23:59.596 | INFO     | N/A | ⏳ 等待 Profile 更新任务...
2026-07-12 21:24:04.626 | INFO     | N/A | ⏳ 等待 Profile 更新任务...
2026-07-12 21:24:09.653 | INFO     | N/A | ⏳ 等待 Profile 更新任务...
2026-07-12 21:24:14.680 | INFO     | N/A | ⏳ 等待 Profile 更新任务...
2026-07-12 21:24:19.706 | INFO     | N/A | ⏳ 等待 Profile 更新任务...
2026-07-12 21:24:24.732 | INFO     | N/A | ⏳ 等待 Profile 更新任务...
2026-07-12 21:24:29.757 | INFO     | N/A | ⏳ 等待 Profile 更新任务...
2026-07-12 21:24:34.784 | INFO     | N/A | ⏳ 等待 Profile 更新任务...
2026-07-12 21:24:39.810 | INFO     | N/A | ⏳ 等待 Profile 更新任务...
2026-07-12 21:24:44.838 | INFO     | N/A | ⏳ 等待 Profile 更新任务...
2026-07-12 21:24:49.864 | INFO     | N/A | ⏳ 等待 Profile 更新任务...
2026-07-12 21:24:54.890 | INFO     | N/A | ⏳ 等待 Profile 更新任务...
2026-07-12 21:24:59.918 | INFO     | N/A | ⏳ 等待 Profile 更新任务...
2026-07-12 21:25:04.945 | INFO     | N/A | ⏳ 等待 Profile 更新任务...
2026-07-12 21:25:09.973 | INFO     | N/A | ⏳ 等待 Profile 更新任务...
2026-07-12 21:25:14.996 | INFO     | N/A | ⏳ 等待 Profile 更新任务...
2026-07-12 21:25:20.022 | INFO     | N/A | ⏳ 等待 Profile 更新任务...
2026-07-12 21:25:25.158 | INFO     | N/A | ⏳ 等待 Profile 更新任务...
2026-07-12 21:25:30.180 | INFO     | N/A | ⏳ 等待 Profile 更新任务...
2026-07-12 21:25:35.207 | INFO     | N/A | ⏳ 等待 Profile 更新任务...
2026-07-12 21:25:40.235 | INFO     | N/A | ⏳ 等待 Profile 更新任务...
2026-07-12 21:25:45.260 | INFO     | N/A | ⏳ 等待 Profile 更新任务...
2026-07-12 21:25:50.322 | INFO     | N/A | ⏳ 等待 Profile 更新任务...
2026-07-12 21:25:55.346 | INFO     | N/A | ⏳ 等待 Profile 更新任务...
2026-07-12 21:26:00.374 | INFO     | N/A | ⏳ 等待 Profile 更新任务...
2026-07-12 21:26:05.401 | INFO     | N/A | ⏳ 等待 Profile 更新任务...
2026-07-12 21:26:10.428 | INFO     | N/A | ⏳ 等待 Profile 更新任务...
2026-07-12 21:26:15.456 | INFO     | N/A | ⏳ 等待 Profile 更新任务...
2026-07-12 21:26:20.539 | INFO     | N/A | ⏳ 等待 Profile 更新任务...
2026-07-12 21:26:25.567 | INFO     | N/A | ⏳ 等待 Profile 更新任务...
2026-07-12 21:26:30.593 | INFO     | N/A | ⏳ 等待 Profile 更新任务...
2026-07-12 21:26:35.621 | INFO     | N/A | ⏳ 等待 Profile 更新任务...
2026-07-12 21:26:40.649 | INFO     | N/A | ⏳ 等待 Profile 更新任务...
2026-07-12 21:26:45.679 | INFO     | N/A | ⏳ 等待 Profile 更新任务...
2026-07-12 21:26:50.707 | INFO     | N/A | ⏳ 等待 Profile 更新任务...
2026-07-12 21:26:55.733 | INFO     | N/A | ⏳ 等待 Profile 更新任务...
2026-07-12 21:27:00.761 | INFO     | N/A | ⏳ 等待 Profile 更新任务...
2026-07-12 21:27:05.786 | INFO     | N/A | ⏳ 等待 Profile 更新任务...
2026-07-12 21:27:10.814 | INFO     | N/A | ⏳ 等待 Profile 更新任务...
2026-07-12 21:27:15.840 | INFO     | N/A | ⏳ 等待 Profile 更新任务...
2026-07-12 21:27:20.868 | INFO     | N/A | ⏳ 等待 Profile 更新任务...
2026-07-12 21:27:25.896 | INFO     | N/A | ⏳ 等待 Profile 更新任务...
2026-07-12 21:27:30.925 | INFO     | N/A | ⏳ 等待 Profile 更新任务...
2026-07-12 21:27:35.953 | INFO     | N/A | ⏳ 等待 Profile 更新任务...
2026-07-12 21:27:40.980 | INFO     | N/A | ⏳ 等待 Profile 更新任务...
2026-07-12 21:27:46.012 | INFO     | N/A | ⏳ 等待 Profile 更新任务...
2026-07-12 21:27:51.039 | INFO     | N/A | ⏳ 等待 Profile 更新任务...
2026-07-12 21:27:56.067 | INFO     | N/A | ⏳ 等待 Profile 更新任务...
2026-07-12 21:28:01.092 | INFO     | N/A | ⏳ 等待 Profile 更新任务...
2026-07-12 21:28:06.103 | INFO     | N/A | ⏳ 等待 Profile 更新任务...
2026-07-12 21:28:11.129 | INFO     | N/A | ⏳ 等待 Profile 更新任务...
2026-07-12 21:28:16.154 | INFO     | N/A | ⏳ 等待 Profile 更新任务...
2026-07-12 21:28:21.182 | INFO     | N/A | ⏳ 等待 Profile 更新任务...
2026-07-12 21:28:26.206 | INFO     | N/A | ⏳ 等待 Profile 更新任务...
2026-07-12 21:28:31.232 | INFO     | N/A | ⏳ 等待 Profile 更新任务...
2026-07-12 21:28:36.260 | INFO     | N/A | ⏳ 等待 Profile 更新任务...
2026-07-12 21:28:41.286 | INFO     | N/A | ⏳ 等待 Profile 更新任务...
2026-07-12 21:28:46.314 | INFO     | N/A | ⏳ 等待 Profile 更新任务...
2026-07-12 21:28:51.340 | INFO     | N/A | ⏳ 等待 Profile 更新任务...
2026-07-12 21:28:56.343 | INFO     | N/A | ⏳ 等待 Profile 更新任务...
2026-07-12 21:29:01.368 | INFO     | N/A | ⏳ 等待 Profile 更新任务...
2026-07-12 21:29:06.395 | INFO     | N/A | ⏳ 等待 Profile 更新任务...
2026-07-12 21:29:11.421 | INFO     | N/A | ⏳ 等待 Profile 更新任务...
2026-07-12 21:29:16.450 | INFO     | N/A | ⏳ 等待 Profile 更新任务...
2026-07-12 21:29:21.478 | INFO     | N/A | ⏳ 等待 Profile 更新任务...
2026-07-12 21:29:26.504 | INFO     | N/A | ⏳ 等待 Profile 更新任务...
2026-07-12 21:29:31.532 | INFO     | N/A | ⏳ 等待 Profile 更新任务...
2026-07-12 21:29:36.560 | INFO     | N/A | ⏳ 等待 Profile 更新任务...
2026-07-12 21:29:41.588 | INFO     | N/A | ⏳ 等待 Profile 更新任务...
2026-07-12 21:29:46.664 | INFO     | N/A | ⏳ 等待 Profile 更新任务...
2026-07-12 21:29:51.692 | INFO     | N/A | ⏳ 等待 Profile 更新任务...
2026-07-12 21:29:56.717 | INFO     | N/A | ⏳ 等待 Profile 更新任务...
2026-07-12 21:30:01.744 | INFO     | N/A | ⏳ 等待 Profile 更新任务...
2026-07-12 21:30:06.772 | INFO     | N/A | ⏳ 等待 Profile 更新任务...
2026-07-12 21:30:11.800 | INFO     | N/A | ⏳ 等待 Profile 更新任务...
2026-07-12 21:30:16.869 | INFO     | N/A | ⏳ 等待 Profile 更新任务...
2026-07-12 21:30:21.896 | INFO     | N/A | ⏳ 等待 Profile 更新任务...
2026-07-12 21:30:26.920 | INFO     | N/A | ⏳ 等待 Profile 更新任务...
2026-07-12 21:30:31.947 | INFO     | N/A | ⏳ 等待 Profile 更新任务...
2026-07-12 21:30:36.973 | INFO     | N/A | ⏳ 等待 Profile 更新任务...
2026-07-12 21:30:42.000 | INFO     | N/A | ⏳ 等待 Profile 更新任务...
2026-07-12 21:30:47.077 | INFO     | N/A | ⏳ 等待 Profile 更新任务...
2026-07-12 21:30:52.107 | INFO     | N/A | ⏳ 等待 Profile 更新任务...
2026-07-12 21:30:57.133 | INFO     | N/A | ⏳ 等待 Profile 更新任务...
2026-07-12 21:31:02.161 | INFO     | N/A | ⏳ 等待 Profile 更新任务...
2026-07-12 21:31:07.189 | INFO     | N/A | ⏳ 等待 Profile 更新任务...
2026-07-12 21:31:12.216 | INFO     | N/A | ⏳ 等待 Profile 更新任务...
2026-07-12 21:31:17.244 | INFO     | N/A | ⏳ 等待 Profile 更新任务...
2026-07-12 21:31:22.270 | INFO     | N/A | ⏳ 等待 Profile 更新任务...
2026-07-12 21:31:27.298 | INFO     | N/A | ⏳ 等待 Profile 更新任务...
2026-07-12 21:31:32.327 | INFO     | N/A | ⏳ 等待 Profile 更新任务...
2026-07-12 21:31:37.353 | INFO     | N/A | ⏳ 等待 Profile 更新任务...
2026-07-12 21:31:42.381 | INFO     | N/A | ⏳ 等待 Profile 更新任务...
2026-07-12 21:31:47.412 | INFO     | N/A | ⏳ 等待 Profile 更新任务...
2026-07-12 21:31:52.429 | INFO     | N/A | ⏳ 等待 Profile 更新任务...
2026-07-12 21:31:57.454 | INFO     | N/A | ⏳ 等待 Profile 更新任务...
2026-07-12 21:32:02.481 | INFO     | N/A | ⏳ 等待 Profile 更新任务...
2026-07-12 21:32:07.507 | INFO     | N/A | ⏳ 等待 Profile 更新任务...
2026-07-12 21:32:12.539 | INFO     | N/A | ⏳ 等待 Profile 更新任务...
2026-07-12 21:32:17.565 | INFO     | N/A | ⏳ 等待 Profile 更新任务...
2026-07-12 21:32:22.594 | INFO     | N/A | ⏳ 等待 Profile 更新任务...
2026-07-12 21:32:27.620 | INFO     | N/A | ⏳ 等待 Profile 更新任务...
2026-07-12 21:32:32.646 | INFO     | N/A | ⏳ 等待 Profile 更新任务...
2026-07-12 21:32:37.672 | INFO     | N/A | ⏳ 等待 Profile 更新任务...
2026-07-12 21:32:42.699 | INFO     | N/A | ⏳ 等待 Profile 更新任务...
2026-07-12 21:32:47.733 | INFO     | N/A | ⏳ 等待 Profile 更新任务...
2026-07-12 21:32:52.761 | INFO     | N/A | ⏳ 等待 Profile 更新任务...
2026-07-12 21:32:57.785 | INFO     | N/A | ⏳ 等待 Profile 更新任务...
2026-07-12 21:33:02.811 | INFO     | N/A | ⏳ 等待 Profile 更新任务...
2026-07-12 21:33:07.837 | INFO     | N/A | ⏳ 等待 Profile 更新任务...
2026-07-12 21:33:12.864 | INFO     | N/A | ⏳ 等待 Profile 更新任务...
2026-07-12 21:33:17.891 | INFO     | N/A | ⏳ 等待 Profile 更新任务...
2026-07-12 21:33:22.917 | INFO     | N/A | ⏳ 等待 Profile 更新任务...
2026-07-12 21:33:27.943 | INFO     | N/A | ⏳ 等待 Profile 更新任务...
2026-07-12 21:33:32.968 | INFO     | N/A | ⏳ 等待 Profile 更新任务...
2026-07-12 21:33:37.994 | INFO     | N/A | ⏳ 等待 Profile 更新任务...
2026-07-12 21:33:43.020 | INFO     | N/A | ⏳ 等待 Profile 更新任务...
2026-07-12 21:33:48.046 | INFO     | N/A | ⏳ 等待 Profile 更新任务...
2026-07-12 21:33:53.075 | INFO     | N/A | ⏳ 等待 Profile 更新任务...
2026-07-12 21:33:58.099 | INFO     | N/A | ⏳ 等待 Profile 更新任务...
2026-07-12 21:34:03.127 | INFO     | N/A | ⏳ 等待 Profile 更新任务...
2026-07-12 21:34:08.155 | INFO     | N/A | ⏳ 等待 Profile 更新任务...
2026-07-12 21:34:13.181 | INFO     | N/A | ⏳ 等待 Profile 更新任务...
2026-07-12 21:34:18.212 | INFO     | N/A | ⏳ 等待 Profile 更新任务...
2026-07-12 21:34:23.239 | INFO     | N/A | ⏳ 等待 Profile 更新任务...
2026-07-12 21:34:28.266 | INFO     | N/A | ⏳ 等待 Profile 更新任务...
2026-07-12 21:34:33.293 | INFO     | N/A | ⏳ 等待 Profile 更新任务...
2026-07-12 21:34:38.321 | INFO     | N/A | ⏳ 等待 Profile 更新任务...
2026-07-12 21:34:43.349 | INFO     | N/A | ⏳ 等待 Profile 更新任务...
2026-07-12 21:34:48.378 | INFO     | N/A | ⏳ 等待 Profile 更新任务...
2026-07-12 21:34:53.407 | INFO     | N/A | ⏳ 等待 Profile 更新任务...
2026-07-12 21:34:58.443 | INFO     | N/A | ⏳ 等待 Profile 更新任务...
2026-07-12 21:35:03.469 | INFO     | N/A | ⏳ 等待 Profile 更新任务...
2026-07-12 21:35:08.496 | INFO     | N/A | ⏳ 等待 Profile 更新任务...
2026-07-12 21:35:13.522 | INFO     | N/A | ⏳ 等待 Profile 更新任务...
2026-07-12 21:35:18.549 | INFO     | N/A | ⏳ 等待 Profile 更新任务...
2026-07-12 21:35:23.575 | INFO     | N/A | ⏳ 等待 Profile 更新任务...
2026-07-12 21:35:28.603 | INFO     | N/A | ⏳ 等待 Profile 更新任务...
2026-07-12 21:35:33.630 | INFO     | N/A | ⏳ 等待 Profile 更新任务...
2026-07-12 21:35:38.659 | INFO     | N/A | ⏳ 等待 Profile 更新任务...
2026-07-12 21:35:43.685 | INFO     | N/A | ⏳ 等待 Profile 更新任务...
2026-07-12 21:35:48.717 | INFO     | N/A | ⏳ 等待 Profile 更新任务...
2026-07-12 21:35:53.744 | INFO     | N/A | ⏳ 等待 Profile 更新任务...
2026-07-12 21:35:58.777 | INFO     | N/A | ⏳ 等待 Profile 更新任务...
2026-07-12 21:36:03.804 | INFO     | N/A | ⏳ 等待 Profile 更新任务...
2026-07-12 21:36:08.829 | INFO     | N/A | ⏳ 等待 Profile 更新任务...
2026-07-12 21:36:13.856 | INFO     | N/A | ⏳ 等待 Profile 更新任务...
2026-07-12 21:36:18.915 | INFO     | N/A | ⏳ 等待 Profile 更新任务...
2026-07-12 21:36:23.941 | INFO     | N/A | ⏳ 等待 Profile 更新任务...
2026-07-12 21:36:28.967 | INFO     | N/A | ⏳ 等待 Profile 更新任务...
2026-07-12 21:36:33.995 | INFO     | N/A | ⏳ 等待 Profile 更新任务...
2026-07-12 21:36:39.051 | INFO     | N/A | ⏳ 等待 Profile 更新任务...
2026-07-12 21:36:44.076 | INFO     | N/A | ⏳ 等待 Profile 更新任务...
2026-07-12 21:36:49.103 | INFO     | N/A | ⏳ 等待 Profile 更新任务...
2026-07-12 21:36:54.116 | INFO     | N/A | ⏳ 等待 Profile 更新任务...
2026-07-12 21:36:59.141 | INFO     | N/A | ⏳ 等待 Profile 更新任务...
2026-07-12 21:37:04.171 | INFO     | N/A | ⏳ 等待 Profile 更新任务...
2026-07-12 21:37:09.199 | INFO     | N/A | ⏳ 等待 Profile 更新任务...
2026-07-12 21:37:14.229 | INFO     | N/A | ⏳ 等待 Profile 更新任务...
2026-07-12 21:37:19.273 | INFO     | N/A | ⏳ 等待 Profile 更新任务...
2026-07-12 21:37:24.301 | INFO     | N/A | ⏳ 等待 Profile 更新任务...
2026-07-12 21:37:29.326 | INFO     | N/A | ⏳ 等待 Profile 更新任务...
2026-07-12 21:37:34.353 | INFO     | N/A | ⏳ 等待 Profile 更新任务...
2026-07-12 21:37:39.382 | INFO     | N/A | ⏳ 等待 Profile 更新任务...
2026-07-12 21:37:44.408 | INFO     | N/A | ⏳ 等待 Profile 更新任务...
2026-07-12 21:37:49.438 | INFO     | N/A | ⏳ 等待 Profile 更新任务...
2026-07-12 21:37:54.467 | INFO     | N/A | ⏳ 等待 Profile 更新任务...
2026-07-12 21:37:59.494 | INFO     | N/A | ⏳ 等待 Profile 更新任务...
2026-07-12 21:38:04.520 | INFO     | N/A | ⏳ 等待 Profile 更新任务...
2026-07-12 21:38:09.544 | INFO     | N/A | ⏳ 等待 Profile 更新任务...
2026-07-12 21:38:14.593 | INFO     | N/A | ⏳ 等待 Profile 更新任务...
2026-07-12 21:38:19.619 | INFO     | N/A | ⏳ 等待 Profile 更新任务...
2026-07-12 21:38:24.644 | INFO     | N/A | ⏳ 等待 Profile 更新任务...
2026-07-12 21:38:29.670 | INFO     | N/A | ⏳ 等待 Profile 更新任务...
2026-07-12 21:38:34.694 | INFO     | N/A | ⏳ 等待 Profile 更新任务...
2026-07-12 21:38:39.722 | INFO     | N/A | ⏳ 等待 Profile 更新任务...
2026-07-12 21:38:44.749 | INFO     | N/A | ⏳ 等待 Profile 更新任务...
2026-07-12 21:38:49.774 | INFO     | N/A | ⏳ 等待 Profile 更新任务...
2026-07-12 21:38:54.804 | INFO     | N/A | ⏳ 等待 Profile 更新任务...
2026-07-12 21:38:59.832 | INFO     | N/A | ⏳ 等待 Profile 更新任务...
2026-07-12 21:39:04.871 | INFO     | N/A | ⏳ 等待 Profile 更新任务...
2026-07-12 21:39:09.900 | INFO     | N/A | ⏳ 等待 Profile 更新任务...
2026-07-12 21:39:14.927 | INFO     | N/A | ⏳ 等待 Profile 更新任务...
2026-07-12 21:39:19.952 | INFO     | N/A | ⏳ 等待 Profile 更新任务...
2026-07-12 21:39:24.980 | INFO     | N/A | ⏳ 等待 Profile 更新任务...
2026-07-12 21:39:30.004 | INFO     | N/A | ⏳ 等待 Profile 更新任务...
2026-07-12 21:39:35.032 | INFO     | N/A | ⏳ 等待 Profile 更新任务...
2026-07-12 21:39:40.060 | INFO     | N/A | ⏳ 等待 Profile 更新任务...
2026-07-12 21:39:45.087 | INFO     | N/A | ⏳ 等待 Profile 更新任务...
2026-07-12 21:39:50.120 | INFO     | N/A | ⏳ 等待 Profile 更新任务...
2026-07-12 21:39:55.147 | INFO     | N/A | ⏳ 等待 Profile 更新任务...
2026-07-12 21:40:00.172 | INFO     | N/A | ⏳ 等待 Profile 更新任务...
2026-07-12 21:40:05.202 | INFO     | N/A | ⏳ 等待 Profile 更新任务...
2026-07-12 21:40:10.229 | INFO     | N/A | ⏳ 等待 Profile 更新任务...
2026-07-12 21:40:15.255 | INFO     | N/A | ⏳ 等待 Profile 更新任务...
2026-07-12 21:40:20.283 | INFO     | N/A | ⏳ 等待 Profile 更新任务...
2026-07-12 21:40:25.308 | INFO     | N/A | ⏳ 等待 Profile 更新任务...
2026-07-12 21:40:30.336 | INFO     | N/A | ⏳ 等待 Profile 更新任务...
2026-07-12 21:40:35.362 | INFO     | N/A | ⏳ 等待 Profile 更新任务...
2026-07-12 21:40:40.389 | INFO     | N/A | ⏳ 等待 Profile 更新任务...
2026-07-12 21:40:45.416 | INFO     | N/A | ⏳ 等待 Profile 更新任务...
2026-07-12 21:40:50.443 | INFO     | N/A | ⏳ 等待 Profile 更新任务...
2026-07-12 21:40:55.471 | INFO     | N/A | ⏳ 等待 Profile 更新任务...
2026-07-12 21:41:00.499 | INFO     | N/A | ⏳ 等待 Profile 更新任务...
2026-07-12 21:41:05.526 | INFO     | N/A | ⏳ 等待 Profile 更新任务...
2026-07-12 21:41:10.553 | INFO     | N/A | ⏳ 等待 Profile 更新任务...
2026-07-12 21:41:15.584 | INFO     | N/A | ⏳ 等待 Profile 更新任务...
2026-07-12 21:41:20.611 | INFO     | N/A | ⏳ 等待 Profile 更新任务...
2026-07-12 21:41:25.639 | INFO     | N/A | ⏳ 等待 Profile 更新任务...
2026-07-12 21:41:30.667 | INFO     | N/A | ⏳ 等待 Profile 更新任务...
2026-07-12 21:41:35.695 | INFO     | N/A | ⏳ 等待 Profile 更新任务...
2026-07-12 21:41:40.722 | INFO     | N/A | ⏳ 等待 Profile 更新任务...
2026-07-12 21:41:45.750 | INFO     | N/A | ⏳ 等待 Profile 更新任务...
2026-07-12 21:41:50.777 | INFO     | N/A | ⏳ 等待 Profile 更新任务...
2026-07-12 21:41:55.809 | INFO     | N/A | ⏳ 等待 Profile 更新任务...
2026-07-12 21:42:00.834 | INFO     | N/A | ⏳ 等待 Profile 更新任务...
2026-07-12 21:42:05.864 | INFO     | N/A | ⏳ 等待 Profile 更新任务...
2026-07-12 21:42:10.891 | INFO     | N/A | ⏳ 等待 Profile 更新任务...
2026-07-12 21:42:15.918 | INFO     | N/A | ⏳ 等待 Profile 更新任务...
2026-07-12 21:42:20.926 | INFO     | N/A | ⏳ 等待 Profile 更新任务...
2026-07-12 21:42:25.951 | INFO     | N/A | ⏳ 等待 Profile 更新任务...
2026-07-12 21:42:30.980 | INFO     | N/A | ⏳ 等待 Profile 更新任务...
2026-07-12 21:42:36.006 | INFO     | N/A | ⏳ 等待 Profile 更新任务...
2026-07-12 21:42:41.065 | INFO     | N/A | ⏳ 等待 Profile 更新任务...
2026-07-12 21:42:46.094 | INFO     | N/A | ⏳ 等待 Profile 更新任务...
2026-07-12 21:42:51.122 | INFO     | N/A | ⏳ 等待 Profile 更新任务...
2026-07-12 21:42:56.130 | INFO     | N/A | ⏳ 等待 Profile 更新任务...
2026-07-12 21:43:01.158 | INFO     | N/A | ⏳ 等待 Profile 更新任务...
2026-07-12 21:43:06.187 | INFO     | N/A | ⏳ 等待 Profile 更新任务...
2026-07-12 21:43:11.213 | INFO     | N/A | ⏳ 等待 Profile 更新任务...
2026-07-12 21:43:16.239 | INFO     | N/A | ⏳ 等待 Profile 更新任务...
2026-07-12 21:43:21.265 | INFO     | N/A | ⏳ 等待 Profile 更新任务...
2026-07-12 21:43:26.293 | INFO     | N/A | ⏳ 等待 Profile 更新任务...
2026-07-12 21:43:31.319 | INFO     | N/A | ⏳ 等待 Profile 更新任务...
2026-07-12 21:43:36.348 | INFO     | N/A | ⏳ 等待 Profile 更新任务...
2026-07-12 21:43:41.376 | INFO     | N/A | ⏳ 等待 Profile 更新任务...
2026-07-12 21:43:46.403 | INFO     | N/A | ⏳ 等待 Profile 更新任务...
2026-07-12 21:43:51.432 | INFO     | N/A | ⏳ 等待 Profile 更新任务...
2026-07-12 21:43:56.463 | INFO     | N/A | ⏳ 等待 Profile 更新任务...
2026-07-12 21:44:01.561 | INFO     | N/A | ⏳ 等待 Profile 更新任务...
2026-07-12 21:44:06.589 | INFO     | N/A | ⏳ 等待 Profile 更新任务...
2026-07-12 21:44:11.649 | INFO     | N/A | ⏳ 等待 Profile 更新任务...
2026-07-12 21:44:16.677 | INFO     | N/A | ⏳ 等待 Profile 更新任务...
2026-07-12 21:44:21.705 | INFO     | N/A | ⏳ 等待 Profile 更新任务...
2026-07-12 21:44:26.730 | INFO     | N/A | ⏳ 等待 Profile 更新任务...
2026-07-12 21:44:31.760 | INFO     | N/A | ⏳ 等待 Profile 更新任务...
2026-07-12 21:44:36.786 | INFO     | N/A | ⏳ 等待 Profile 更新任务...
2026-07-12 21:44:41.813 | INFO     | N/A | ⏳ 等待 Profile 更新任务...
2026-07-12 21:44:46.841 | INFO     | N/A | ⏳ 等待 Profile 更新任务...
2026-07-12 21:44:51.868 | INFO     | N/A | ⏳ 等待 Profile 更新任务...
2026-07-12 21:44:56.898 | INFO     | N/A | ⏳ 等待 Profile 更新任务...
2026-07-12 21:45:01.984 | INFO     | N/A | ⏳ 等待 Profile 更新任务...
2026-07-12 21:45:07.011 | INFO     | N/A | ⏳ 等待 Profile 更新任务...
2026-07-12 21:45:12.039 | INFO     | N/A | ⏳ 等待 Profile 更新任务...
2026-07-12 21:45:17.066 | INFO     | N/A | ⏳ 等待 Profile 更新任务...
2026-07-12 21:45:22.093 | INFO     | N/A | ⏳ 等待 Profile 更新任务...
2026-07-12 21:45:27.155 | INFO     | N/A | ⏳ 等待 Profile 更新任务...
2026-07-12 21:45:32.180 | INFO     | N/A | ⏳ 等待 Profile 更新任务...
2026-07-12 21:45:37.207 | INFO     | N/A | ⏳ 等待 Profile 更新任务...
2026-07-12 21:45:42.256 | INFO     | N/A | ⏳ 等待 Profile 更新任务...
2026-07-12 21:45:47.280 | INFO     | N/A | ⏳ 等待 Profile 更新任务...
2026-07-12 21:45:52.307 | INFO     | N/A | ⏳ 等待 Profile 更新任务...
2026-07-12 21:45:57.333 | INFO     | N/A | ⏳ 等待 Profile 更新任务...
2026-07-12 21:46:02.358 | INFO     | N/A | ⏳ 等待 Profile 更新任务...
2026-07-12 21:46:07.383 | INFO     | N/A | ⏳ 等待 Profile 更新任务...
2026-07-12 21:46:12.420 | INFO     | N/A | ⏳ 等待 Profile 更新任务...
2026-07-12 21:46:17.444 | INFO     | N/A | ⏳ 等待 Profile 更新任务...
2026-07-12 21:46:22.471 | INFO     | N/A | ⏳ 等待 Profile 更新任务...
2026-07-12 21:46:27.498 | INFO     | N/A | ⏳ 等待 Profile 更新任务...
2026-07-12 21:46:32.526 | INFO     | N/A | ⏳ 等待 Profile 更新任务...
2026-07-12 21:46:37.552 | INFO     | N/A | ⏳ 等待 Profile 更新任务...
2026-07-12 21:46:42.579 | INFO     | N/A | ⏳ 等待 Profile 更新任务...
2026-07-12 21:46:47.608 | INFO     | N/A | ⏳ 等待 Profile 更新任务...
2026-07-12 21:46:52.637 | INFO     | N/A | ⏳ 等待 Profile 更新任务...
2026-07-12 21:46:57.665 | INFO     | N/A | ⏳ 等待 Profile 更新任务...
2026-07-12 21:47:02.691 | INFO     | N/A | ⏳ 等待 Profile 更新任务...
2026-07-12 21:47:07.717 | INFO     | N/A | ⏳ 等待 Profile 更新任务...
2026-07-12 21:47:12.744 | INFO     | N/A | ⏳ 等待 Profile 更新任务...
2026-07-12 21:47:17.774 | INFO     | N/A | ⏳ 等待 Profile 更新任务...
2026-07-12 21:47:22.798 | INFO     | N/A | ⏳ 等待 Profile 更新任务...
2026-07-12 21:47:27.877 | INFO     | N/A | ⏳ 等待 Profile 更新任务...
2026-07-12 21:47:32.902 | INFO     | N/A | ⏳ 等待 Profile 更新任务...
2026-07-12 21:47:37.927 | INFO     | N/A | ⏳ 等待 Profile 更新任务...
2026-07-12 21:47:42.952 | INFO     | N/A | ⏳ 等待 Profile 更新任务...
2026-07-12 21:47:47.980 | INFO     | N/A | ⏳ 等待 Profile 更新任务...
2026-07-12 21:47:53.007 | INFO     | N/A | ⏳ 等待 Profile 更新任务...
2026-07-12 21:47:58.035 | INFO     | N/A | ⏳ 等待 Profile 更新任务...
2026-07-12 21:48:03.060 | INFO     | N/A | ⏳ 等待 Profile 更新任务...
2026-07-12 21:48:08.088 | INFO     | N/A | ⏳ 等待 Profile 更新任务...
2026-07-12 21:48:13.116 | INFO     | N/A | ⏳ 等待 Profile 更新任务...
2026-07-12 21:48:18.143 | INFO     | N/A | ⏳ 等待 Profile 更新任务...
2026-07-12 21:48:23.171 | INFO     | N/A | ⏳ 等待 Profile 更新任务...
2026-07-12 21:48:28.197 | INFO     | N/A | ⏳ 等待 Profile 更新任务...
2026-07-12 21:48:33.235 | INFO     | N/A | ⏳ 等待 Profile 更新任务...
2026-07-12 21:48:38.264 | INFO     | N/A | ⏳ 等待 Profile 更新任务...
2026-07-12 21:48:43.289 | INFO     | N/A | ⏳ 等待 Profile 更新任务...
2026-07-12 21:48:48.320 | INFO     | N/A | ⏳ 等待 Profile 更新任务...
2026-07-12 21:48:53.344 | INFO     | N/A | ⏳ 等待 Profile 更新任务...
2026-07-12 21:48:58.375 | INFO     | N/A | ⏳ 等待 Profile 更新任务...
2026-07-12 21:49:03.404 | INFO     | N/A | ⏳ 等待 Profile 更新任务...
2026-07-12 21:49:08.432 | INFO     | N/A | ⏳ 等待 Profile 更新任务...
2026-07-12 21:49:13.460 | INFO     | N/A | ⏳ 等待 Profile 更新任务...
2026-07-12 21:49:18.489 | INFO     | N/A | ⏳ 等待 Profile 更新任务...
2026-07-12 21:49:23.514 | INFO     | N/A | ⏳ 等待 Profile 更新任务...
2026-07-12 21:49:28.542 | INFO     | N/A | ⏳ 等待 Profile 更新任务...
2026-07-12 21:49:33.567 | INFO     | N/A | ⏳ 等待 Profile 更新任务...
2026-07-12 21:49:38.621 | INFO     | N/A | ⏳ 等待 Profile 更新任务...
2026-07-12 21:49:43.648 | INFO     | N/A | ⏳ 等待 Profile 更新任务...
2026-07-12 21:49:48.674 | INFO     | N/A | ⏳ 等待 Profile 更新任务...
2026-07-12 21:49:53.701 | INFO     | N/A | ⏳ 等待 Profile 更新任务...
2026-07-12 21:49:58.730 | INFO     | N/A | ⏳ 等待 Profile 更新任务...
2026-07-12 21:50:03.759 | INFO     | N/A | ⏳ 等待 Profile 更新任务...
2026-07-12 21:50:08.787 | INFO     | N/A | ⏳ 等待 Profile 更新任务...
2026-07-12 21:50:13.817 | INFO     | N/A | ⏳ 等待 Profile 更新任务...
2026-07-12 21:50:18.842 | INFO     | N/A | ⏳ 等待 Profile 更新任务...
2026-07-12 21:50:23.868 | INFO     | N/A | ⏳ 等待 Profile 更新任务...
2026-07-12 21:50:28.895 | INFO     | N/A | ⏳ 等待 Profile 更新任务...
2026-07-12 21:50:33.921 | INFO     | N/A | ⏳ 等待 Profile 更新任务...
2026-07-12 21:50:38.948 | INFO     | N/A | ⏳ 等待 Profile 更新任务...
2026-07-12 21:50:43.976 | INFO     | N/A | ⏳ 等待 Profile 更新任务...
2026-07-12 21:50:49.003 | INFO     | N/A | ⏳ 等待 Profile 更新任务...
2026-07-12 21:50:54.037 | INFO     | N/A | ⏳ 等待 Profile 更新任务...
2026-07-12 21:50:59.072 | INFO     | N/A | ⏳ 等待 Profile 更新任务...
2026-07-12 21:51:04.100 | INFO     | N/A | ⏳ 等待 Profile 更新任务...
2026-07-12 21:51:09.127 | INFO     | N/A | ⏳ 等待 Profile 更新任务...
2026-07-12 21:51:14.155 | INFO     | N/A | ⏳ 等待 Profile 更新任务...
2026-07-12 21:51:19.182 | INFO     | N/A | ⏳ 等待 Profile 更新任务...
2026-07-12 21:51:24.207 | INFO     | N/A | ⏳ 等待 Profile 更新任务...
2026-07-12 21:51:29.236 | INFO     | N/A | ⏳ 等待 Profile 更新任务...
2026-07-12 21:51:34.264 | INFO     | N/A | ⏳ 等待 Profile 更新任务...
2026-07-12 21:51:39.290 | INFO     | N/A | ⏳ 等待 Profile 更新任务...
2026-07-12 21:51:44.319 | INFO     | N/A | ⏳ 等待 Profile 更新任务...
2026-07-12 21:51:49.347 | INFO     | N/A | ⏳ 等待 Profile 更新任务...
2026-07-12 21:51:54.374 | INFO     | N/A | ⏳ 等待 Profile 更新任务...
2026-07-12 21:51:59.409 | INFO     | N/A | ⏳ 等待 Profile 更新任务...
2026-07-12 21:52:04.440 | INFO     | N/A | ⏳ 等待 Profile 更新任务...
2026-07-12 21:52:09.469 | INFO     | N/A | ⏳ 等待 Profile 更新任务...
2026-07-12 21:52:14.502 | INFO     | N/A | ⏳ 等待 Profile 更新任务...
2026-07-12 21:52:19.600 | INFO     | N/A | ⏳ 等待 Profile 更新任务...
2026-07-12 21:52:24.624 | INFO     | N/A | ⏳ 等待 Profile 更新任务...
2026-07-12 21:52:29.651 | INFO     | N/A | ⏳ 等待 Profile 更新任务...
2026-07-12 21:52:34.679 | INFO     | N/A | ⏳ 等待 Profile 更新任务...
2026-07-12 21:52:39.706 | INFO     | N/A | ⏳ 等待 Profile 更新任务...
2026-07-12 21:52:44.734 | INFO     | N/A | ⏳ 等待 Profile 更新任务...
2026-07-12 21:52:49.758 | INFO     | N/A | ⏳ 等待 Profile 更新任务...
2026-07-12 21:52:54.800 | INFO     | N/A | ⏳ 等待 Profile 更新任务...
2026-07-12 21:52:59.827 | INFO     | N/A | ⏳ 等待 Profile 更新任务...
2026-07-12 21:53:04.861 | INFO     | N/A | ⏳ 等待 Profile 更新任务...
2026-07-12 21:53:09.888 | INFO     | N/A | ⏳ 等待 Profile 更新任务...
2026-07-12 21:53:14.916 | INFO     | N/A | ⏳ 等待 Profile 更新任务...
2026-07-12 21:53:19.940 | INFO     | N/A | ⏳ 等待 Profile 更新任务...
2026-07-12 21:53:24.967 | INFO     | N/A | ⏳ 等待 Profile 更新任务...
2026-07-12 21:53:29.994 | INFO     | N/A | ⏳ 等待 Profile 更新任务...
2026-07-12 21:53:35.020 | INFO     | N/A | ⏳ 等待 Profile 更新任务...
2026-07-12 21:53:40.047 | INFO     | N/A | ⏳ 等待 Profile 更新任务...
2026-07-12 21:53:45.149 | INFO     | N/A | ⏳ 等待 Profile 更新任务...
2026-07-12 21:53:50.176 | INFO     | N/A | ⏳ 等待 Profile 更新任务...
2026-07-12 21:53:55.203 | INFO     | N/A | ⏳ 等待 Profile 更新任务...
2026-07-12 21:54:00.231 | INFO     | N/A | ⏳ 等待 Profile 更新任务...
2026-07-12 21:54:05.259 | INFO     | N/A | ⏳ 等待 Profile 更新任务...
2026-07-12 21:54:10.287 | INFO     | N/A | ⏳ 等待 Profile 更新任务...
2026-07-12 21:54:15.315 | INFO     | N/A | ⏳ 等待 Profile 更新任务...
2026-07-12 21:54:20.339 | INFO     | N/A | ⏳ 等待 Profile 更新任务...
2026-07-12 21:54:25.365 | INFO     | N/A | ⏳ 等待 Profile 更新任务...
2026-07-12 21:54:30.392 | INFO     | N/A | ⏳ 等待 Profile 更新任务...
2026-07-12 21:54:35.418 | INFO     | N/A | ⏳ 等待 Profile 更新任务...
2026-07-12 21:54:40.446 | INFO     | N/A | ⏳ 等待 Profile 更新任务...
2026-07-12 21:54:45.472 | INFO     | N/A | ⏳ 等待 Profile 更新任务...
2026-07-12 21:54:50.498 | INFO     | N/A | ⏳ 等待 Profile 更新任务...
2026-07-12 21:54:55.526 | INFO     | N/A | ⏳ 等待 Profile 更新任务...
2026-07-12 21:55:00.552 | INFO     | N/A | ⏳ 等待 Profile 更新任务...
2026-07-12 21:55:05.578 | INFO     | N/A | ⏳ 等待 Profile 更新任务...
2026-07-12 21:55:10.606 | INFO     | N/A | ⏳ 等待 Profile 更新任务...
2026-07-12 21:55:15.633 | INFO     | N/A | ⏳ 等待 Profile 更新任务...
2026-07-12 21:55:20.659 | INFO     | N/A | ⏳ 等待 Profile 更新任务...
2026-07-12 21:55:25.686 | INFO     | N/A | ⏳ 等待 Profile 更新任务...
2026-07-12 21:55:30.733 | INFO     | N/A | ⏳ 等待 Profile 更新任务...
2026-07-12 21:55:35.767 | INFO     | N/A | ⏳ 等待 Profile 更新任务...
2026-07-12 21:55:40.805 | INFO     | N/A | ⏳ 等待 Profile 更新任务...
2026-07-12 21:55:45.841 | INFO     | N/A | ⏳ 等待 Profile 更新任务...
2026-07-12 21:55:50.876 | INFO     | N/A | ⏳ 等待 Profile 更新任务...
2026-07-12 21:55:55.949 | INFO     | N/A | ⏳ 等待 Profile 更新任务...
2026-07-12 21:56:01.025 | INFO     | N/A | ⏳ 等待 Profile 更新任务...
2026-07-12 21:56:06.085 | INFO     | N/A | ⏳ 等待 Profile 更新任务...
2026-07-12 21:56:13.825 | INFO     | N/A | ⏳ 等待 Profile 更新任务...
2026-07-12 21:56:18.895 | INFO     | N/A | ⏳ 等待 Profile 更新任务...
2026-07-12 21:56:23.926 | INFO     | N/A | ⏳ 等待 Profile 更新任务...
2026-07-12 21:56:28.960 | INFO     | N/A | ⏳ 等待 Profile 更新任务...
2026-07-12 21:56:33.991 | INFO     | N/A | ⏳ 等待 Profile 更新任务...
2026-07-12 21:56:39.025 | INFO     | N/A | ⏳ 等待 Profile 更新任务...
2026-07-12 21:56:44.057 | INFO     | N/A | ⏳ 等待 Profile 更新任务...
2026-07-12 21:56:49.087 | INFO     | N/A | ⏳ 等待 Profile 更新任务...
2026-07-12 21:56:54.119 | INFO     | N/A | ⏳ 等待 Profile 更新任务...
2026-07-12 21:56:59.156 | INFO     | N/A | ⏳ 等待 Profile 更新任务...
2026-07-12 21:57:04.199 | INFO     | N/A | ⏳ 等待 Profile 更新任务...
2026-07-12 21:57:09.258 | INFO     | N/A | ⏳ 等待 Profile 更新任务...
2026-07-12 21:57:14.291 | INFO     | N/A | ⏳ 等待 Profile 更新任务...
2026-07-12 21:57:19.323 | INFO     | N/A | ⏳ 等待 Profile 更新任务...
2026-07-12 21:57:24.353 | INFO     | N/A | ⏳ 等待 Profile 更新任务...
2026-07-12 21:57:29.434 | INFO     | N/A | ⏳ 等待 Profile 更新任务...
2026-07-12 21:57:34.468 | INFO     | N/A | ⏳ 等待 Profile 更新任务...
2026-07-12 21:57:39.500 | INFO     | N/A | ⏳ 等待 Profile 更新任务...
2026-07-12 21:57:44.537 | INFO     | N/A | ⏳ 等待 Profile 更新任务...
2026-07-12 21:57:49.571 | INFO     | N/A | ⏳ 等待 Profile 更新任务...
2026-07-12 21:57:54.606 | INFO     | N/A | ⏳ 等待 Profile 更新任务...
2026-07-12 21:57:59.640 | INFO     | N/A | ⏳ 等待 Profile 更新任务...
2026-07-12 21:58:04.674 | INFO     | N/A | ⏳ 等待 Profile 更新任务...
2026-07-12 21:58:09.708 | INFO     | N/A | ⏳ 等待 Profile 更新任务...
2026-07-12 21:58:14.738 | INFO     | N/A | ⏳ 等待 Profile 更新任务...
2026-07-12 21:58:19.816 | INFO     | N/A | ⏳ 等待 Profile 更新任务...
2026-07-12 21:58:24.839 | INFO     | N/A | ⏳ 等待 Profile 更新任务...
2026-07-12 21:58:29.910 | INFO     | N/A | ⏳ 等待 Profile 更新任务...
2026-07-12 21:58:34.932 | INFO     | N/A | ⏳ 等待 Profile 更新任务...
2026-07-12 21:58:39.961 | INFO     | N/A | ⏳ 等待 Profile 更新任务...
2026-07-12 21:58:45.010 | INFO     | N/A | ⏳ 等待 Profile 更新任务...
2026-07-12 21:58:50.076 | INFO     | N/A | ⏳ 等待 Profile 更新任务...
2026-07-12 21:58:55.159 | INFO     | N/A | ⏳ 等待 Profile 更新任务...
2026-07-12 21:59:00.188 | INFO     | N/A | ⏳ 等待 Profile 更新任务...
2026-07-12 21:59:05.280 | INFO     | N/A | ⏳ 等待 Profile 更新任务...
2026-07-12 21:59:10.309 | INFO     | N/A | ⏳ 等待 Profile 更新任务...
2026-07-12 21:59:15.318 | INFO     | N/A | ⏳ 等待 Profile 更新任务...
2026-07-12 21:59:20.346 | INFO     | N/A | ⏳ 等待 Profile 更新任务...
2026-07-12 21:59:25.378 | INFO     | N/A | ⏳ 等待 Profile 更新任务...
2026-07-12 21:59:30.403 | INFO     | N/A | ⏳ 等待 Profile 更新任务...
2026-07-12 21:59:35.469 | INFO     | N/A | ⏳ 等待 Profile 更新任务...
2026-07-12 21:59:40.562 | INFO     | N/A | ⏳ 等待 Profile 更新任务...
2026-07-12 21:59:45.597 | INFO     | N/A | ⏳ 等待 Profile 更新任务...
2026-07-12 21:59:50.625 | INFO     | N/A | ⏳ 等待 Profile 更新任务...
2026-07-12 21:59:55.651 | INFO     | N/A | ⏳ 等待 Profile 更新任务...
2026-07-12 22:00:00.678 | INFO     | N/A | ⏳ 等待 Profile 更新任务...
2026-07-12 22:00:05.706 | INFO     | N/A | ⏳ 等待 Profile 更新任务...
2026-07-12 22:00:10.778 | INFO     | N/A | ⏳ 等待 Profile 更新任务...
2026-07-12 22:00:15.802 | INFO     | N/A | ⏳ 等待 Profile 更新任务...
2026-07-12 22:00:20.833 | INFO     | N/A | ⏳ 等待 Profile 更新任务...
2026-07-12 22:00:25.868 | INFO     | N/A | ⏳ 等待 Profile 更新任务...
2026-07-12 22:00:30.899 | INFO     | N/A | ⏳ 等待 Profile 更新任务...
2026-07-12 22:00:35.927 | INFO     | N/A | ⏳ 等待 Profile 更新任务...
2026-07-12 22:00:40.940 | INFO     | N/A | ⏳ 等待 Profile 更新任务...
2026-07-12 22:00:45.973 | INFO     | N/A | ⏳ 等待 Profile 更新任务...
2026-07-12 22:00:51.007 | INFO     | N/A | ⏳ 等待 Profile 更新任务...
2026-07-12 22:00:56.041 | INFO     | N/A | ⏳ 等待 Profile 更新任务...
2026-07-12 22:01:01.070 | INFO     | N/A | ⏳ 等待 Profile 更新任务...
2026-07-12 22:01:06.101 | INFO     | N/A | ⏳ 等待 Profile 更新任务...
2026-07-12 22:01:11.129 | INFO     | N/A | ⏳ 等待 Profile 更新任务...
2026-07-12 22:01:16.158 | INFO     | N/A | ⏳ 等待 Profile 更新任务...
2026-07-12 22:01:21.185 | INFO     | N/A | ⏳ 等待 Profile 更新任务...
2026-07-12 22:01:26.216 | INFO     | N/A | ⏳ 等待 Profile 更新任务...
2026-07-12 22:01:31.243 | INFO     | N/A | ⏳ 等待 Profile 更新任务...
2026-07-12 22:01:36.285 | INFO     | N/A | ⏳ 等待 Profile 更新任务...
2026-07-12 22:01:41.292 | INFO     | N/A | ⏳ 等待 Profile 更新任务...
2026-07-12 22:01:46.325 | INFO     | N/A | ⏳ 等待 Profile 更新任务...
2026-07-12 22:01:51.356 | INFO     | N/A | ⏳ 等待 Profile 更新任务...
2026-07-12 22:01:56.434 | INFO     | N/A | ⏳ 等待 Profile 更新任务...
2026-07-12 22:02:01.461 | INFO     | N/A | ⏳ 等待 Profile 更新任务...
2026-07-12 22:02:06.490 | INFO     | N/A | ⏳ 等待 Profile 更新任务...
2026-07-12 22:02:11.523 | INFO     | N/A | ⏳ 等待 Profile 更新任务...
2026-07-12 22:02:16.556 | INFO     | N/A | ⏳ 等待 Profile 更新任务...
2026-07-12 22:02:21.580 | INFO     | N/A | ⏳ 等待 Profile 更新任务...
2026-07-12 22:02:26.609 | INFO     | N/A | ⏳ 等待 Profile 更新任务...
2026-07-12 22:02:31.640 | INFO     | N/A | ⏳ 等待 Profile 更新任务...
2026-07-12 22:02:36.666 | INFO     | N/A | ⏳ 等待 Profile 更新任务...
2026-07-12 22:02:41.694 | INFO     | N/A | ⏳ 等待 Profile 更新任务...
2026-07-12 22:02:46.723 | INFO     | N/A | ⏳ 等待 Profile 更新任务...
2026-07-12 22:02:51.749 | INFO     | N/A | ⏳ 等待 Profile 更新任务...
2026-07-12 22:02:56.849 | INFO     | N/A | ⏳ 等待 Profile 更新任务...
2026-07-12 22:03:01.876 | INFO     | N/A | ⏳ 等待 Profile 更新任务...
2026-07-12 22:03:06.900 | INFO     | N/A | ⏳ 等待 Profile 更新任务...
2026-07-12 22:03:11.922 | INFO     | N/A | ⏳ 等待 Profile 更新任务...
2026-07-12 22:03:17.026 | INFO     | N/A | ⏳ 等待 Profile 更新任务...
2026-07-12 22:03:22.048 | INFO     | N/A | ⏳ 等待 Profile 更新任务...
2026-07-12 22:03:27.081 | INFO     | N/A | ⏳ 等待 Profile 更新任务...
2026-07-12 22:03:32.109 | INFO     | N/A | ⏳ 等待 Profile 更新任务...
2026-07-12 22:03:37.133 | INFO     | N/A | ⏳ 等待 Profile 更新任务...
2026-07-12 22:03:42.168 | INFO     | N/A | ⏳ 等待 Profile 更新任务...
2026-07-12 22:03:47.202 | INFO     | N/A | ⏳ 等待 Profile 更新任务...
2026-07-12 22:03:52.239 | INFO     | N/A | ⏳ 等待 Profile 更新任务...
2026-07-12 22:03:57.276 | INFO     | N/A | ⏳ 等待 Profile 更新任务...
2026-07-12 22:04:02.309 | INFO     | N/A | ⏳ 等待 Profile 更新任务...
2026-07-12 22:04:07.348 | INFO     | N/A | ⏳ 等待 Profile 更新任务...
2026-07-12 22:04:12.385 | INFO     | N/A | ⏳ 等待 Profile 更新任务...
2026-07-12 22:04:17.422 | INFO     | N/A | ⏳ 等待 Profile 更新任务...
2026-07-12 22:04:22.521 | INFO     | N/A | ⏳ 等待 Profile 更新任务...
2026-07-12 22:04:27.552 | INFO     | N/A | ⏳ 等待 Profile 更新任务...
2026-07-12 22:04:32.586 | INFO     | N/A | ⏳ 等待 Profile 更新任务...
2026-07-12 22:04:37.620 | INFO     | N/A | ⏳ 等待 Profile 更新任务...
2026-07-12 22:04:42.653 | INFO     | N/A | ⏳ 等待 Profile 更新任务...
2026-07-12 22:04:47.689 | INFO     | N/A | ⏳ 等待 Profile 更新任务...
2026-07-12 22:04:52.723 | INFO     | N/A | ⏳ 等待 Profile 更新任务...
2026-07-12 22:04:57.757 | INFO     | N/A | ⏳ 等待 Profile 更新任务...
2026-07-12 22:05:02.791 | INFO     | N/A | ⏳ 等待 Profile 更新任务...
2026-07-12 22:05:07.829 | INFO     | N/A | ⏳ 等待 Profile 更新任务...
2026-07-12 22:05:12.867 | INFO     | N/A | ⏳ 等待 Profile 更新任务...
2026-07-12 22:05:17.903 | INFO     | N/A | ⏳ 等待 Profile 更新任务...
2026-07-12 22:05:22.943 | INFO     | N/A | ⏳ 等待 Profile 更新任务...
2026-07-12 22:05:27.980 | INFO     | N/A | ⏳ 等待 Profile 更新任务...
2026-07-12 22:05:33.015 | INFO     | N/A | ⏳ 等待 Profile 更新任务...
2026-07-12 22:05:38.047 | INFO     | N/A | ⏳ 等待 Profile 更新任务...
2026-07-12 22:05:43.081 | INFO     | N/A | ⏳ 等待 Profile 更新任务...
2026-07-12 22:05:48.117 | INFO     | N/A | ⏳ 等待 Profile 更新任务...
2026-07-12 22:05:53.148 | INFO     | N/A | ⏳ 等待 Profile 更新任务...
2026-07-12 22:05:58.181 | INFO     | N/A | ⏳ 等待 Profile 更新任务...
2026-07-12 22:06:03.216 | INFO     | N/A | ⏳ 等待 Profile 更新任务...
2026-07-12 22:06:08.250 | INFO     | N/A | ⏳ 等待 Profile 更新任务...
2026-07-12 22:06:13.297 | INFO     | N/A | ⏳ 等待 Profile 更新任务...
2026-07-12 22:06:18.328 | INFO     | N/A | ⏳ 等待 Profile 更新任务...
2026-07-12 22:06:23.366 | INFO     | N/A | ⏳ 等待 Profile 更新任务...
2026-07-12 22:06:28.399 | INFO     | N/A | ⏳ 等待 Profile 更新任务...
2026-07-12 22:06:33.432 | INFO     | N/A | ⏳ 等待 Profile 更新任务...
2026-07-12 22:06:38.465 | INFO     | N/A | ⏳ 等待 Profile 更新任务...
2026-07-12 22:06:43.500 | INFO     | N/A | ⏳ 等待 Profile 更新任务...
2026-07-12 22:06:48.534 | INFO     | N/A | ⏳ 等待 Profile 更新任务...
2026-07-12 22:06:53.575 | INFO     | N/A | ⏳ 等待 Profile 更新任务...
2026-07-12 22:06:58.609 | INFO     | N/A | ⏳ 等待 Profile 更新任务...
2026-07-12 22:07:03.646 | INFO     | N/A | ⏳ 等待 Profile 更新任务...
2026-07-12 22:07:08.681 | INFO     | N/A | ⏳ 等待 Profile 更新任务...
2026-07-12 22:07:13.718 | INFO     | N/A | ⏳ 等待 Profile 更新任务...
2026-07-12 22:07:18.756 | INFO     | N/A | ⏳ 等待 Profile 更新任务...
2026-07-12 22:07:23.794 | INFO     | N/A | ⏳ 等待 Profile 更新任务...
2026-07-12 22:07:28.831 | INFO     | N/A | ⏳ 等待 Profile 更新任务...
2026-07-12 22:07:33.870 | INFO     | N/A | ⏳ 等待 Profile 更新任务...
2026-07-12 22:07:38.900 | INFO     | N/A | ⏳ 等待 Profile 更新任务...
2026-07-12 22:07:43.938 | INFO     | N/A | ⏳ 等待 Profile 更新任务...
2026-07-12 22:07:48.975 | INFO     | N/A | ⏳ 等待 Profile 更新任务...
2026-07-12 22:07:54.013 | INFO     | N/A | ⏳ 等待 Profile 更新任务...
2026-07-12 22:07:59.078 | INFO     | N/A | ⏳ 等待 Profile 更新任务...
2026-07-12 22:08:04.115 | INFO     | N/A | ⏳ 等待 Profile 更新任务...
2026-07-12 22:08:09.153 | INFO     | N/A | ⏳ 等待 Profile 更新任务...
2026-07-12 22:08:14.186 | INFO     | N/A | ⏳ 等待 Profile 更新任务...
2026-07-12 22:08:19.221 | INFO     | N/A | ⏳ 等待 Profile 更新任务...
2026-07-12 22:08:24.256 | INFO     | N/A | ⏳ 等待 Profile 更新任务...
2026-07-12 22:08:29.284 | INFO     | N/A | ⏳ 等待 Profile 更新任务...
2026-07-12 22:08:34.316 | INFO     | N/A | ⏳ 等待 Profile 更新任务...
2026-07-12 22:08:39.352 | INFO     | N/A | ⏳ 等待 Profile 更新任务...
2026-07-12 22:08:44.389 | INFO     | N/A | ⏳ 等待 Profile 更新任务...
2026-07-12 22:08:49.425 | INFO     | N/A | ⏳ 等待 Profile 更新任务...
2026-07-12 22:08:54.458 | INFO     | N/A | ⏳ 等待 Profile 更新任务...
2026-07-12 22:08:59.494 | INFO     | N/A | ⏳ 等待 Profile 更新任务...
2026-07-12 22:09:04.525 | INFO     | N/A | ⏳ 等待 Profile 更新任务...
2026-07-12 22:09:09.558 | INFO     | N/A | ⏳ 等待 Profile 更新任务...
2026-07-12 22:09:14.593 | INFO     | N/A | ⏳ 等待 Profile 更新任务...
2026-07-12 22:09:19.627 | INFO     | N/A | ⏳ 等待 Profile 更新任务...
2026-07-12 22:09:24.664 | INFO     | N/A | ⏳ 等待 Profile 更新任务...
2026-07-12 22:09:29.699 | INFO     | N/A | ⏳ 等待 Profile 更新任务...
2026-07-12 22:09:34.737 | INFO     | N/A | ⏳ 等待 Profile 更新任务...
2026-07-12 22:09:39.772 | INFO     | N/A | ⏳ 等待 Profile 更新任务...
2026-07-12 22:09:44.812 | INFO     | N/A | ⏳ 等待 Profile 更新任务...
2026-07-12 22:09:49.852 | INFO     | N/A | ⏳ 等待 Profile 更新任务...
2026-07-12 22:09:54.891 | INFO     | N/A | ⏳ 等待 Profile 更新任务...
2026-07-12 22:09:59.925 | INFO     | N/A | ⏳ 等待 Profile 更新任务...
2026-07-12 22:10:04.957 | INFO     | N/A | ⏳ 等待 Profile 更新任务...
2026-07-12 22:10:09.982 | INFO     | N/A | ⏳ 等待 Profile 更新任务...
2026-07-12 22:10:15.005 | INFO     | N/A | ⏳ 等待 Profile 更新任务...
2026-07-12 22:10:20.048 | INFO     | N/A | ⏳ 等待 Profile 更新任务...
2026-07-12 22:10:25.074 | INFO     | N/A | ⏳ 等待 Profile 更新任务...
2026-07-12 22:10:30.098 | INFO     | N/A | ⏳ 等待 Profile 更新任务...
2026-07-12 22:10:35.122 | INFO     | N/A | ⏳ 等待 Profile 更新任务...
2026-07-12 22:10:40.151 | INFO     | N/A | ⏳ 等待 Profile 更新任务...
2026-07-12 22:10:45.177 | INFO     | N/A | ⏳ 等待 Profile 更新任务...
2026-07-12 22:10:50.202 | INFO     | N/A | ⏳ 等待 Profile 更新任务...
2026-07-12 22:10:55.232 | INFO     | N/A | ⏳ 等待 Profile 更新任务...
2026-07-12 22:11:00.294 | INFO     | N/A | ⏳ 等待 Profile 更新任务...
2026-07-12 22:11:05.322 | INFO     | N/A | ⏳ 等待 Profile 更新任务...
2026-07-12 22:11:10.350 | INFO     | N/A | ⏳ 等待 Profile 更新任务...
2026-07-12 22:11:15.376 | INFO     | N/A | ⏳ 等待 Profile 更新任务...
2026-07-12 22:11:20.402 | INFO     | N/A | ⏳ 等待 Profile 更新任务...
2026-07-12 22:11:25.427 | INFO     | N/A | ⏳ 等待 Profile 更新任务...
2026-07-12 22:11:30.455 | INFO     | N/A | ⏳ 等待 Profile 更新任务...
2026-07-12 22:11:35.484 | INFO     | N/A | ⏳ 等待 Profile 更新任务...
2026-07-12 22:11:40.507 | INFO     | N/A | ⏳ 等待 Profile 更新任务...
2026-07-12 22:11:45.528 | INFO     | N/A | ⏳ 等待 Profile 更新任务...
2026-07-12 22:11:50.553 | INFO     | N/A | ⏳ 等待 Profile 更新任务...
2026-07-12 22:11:55.569 | INFO     | N/A | ⏳ 等待 Profile 更新任务...
2026-07-12 22:12:00.604 | INFO     | N/A | ⏳ 等待 Profile 更新任务...
2026-07-12 22:12:05.617 | INFO     | N/A | ⏳ 等待 Profile 更新任务...
2026-07-12 22:12:10.685 | INFO     | N/A | ⏳ 等待 Profile 更新任务...
2026-07-12 22:12:15.722 | INFO     | N/A | ⏳ 等待 Profile 更新任务...
2026-07-12 22:12:20.754 | INFO     | N/A | ⏳ 等待 Profile 更新任务...
2026-07-12 22:12:25.787 | INFO     | N/A | ⏳ 等待 Profile 更新任务...
2026-07-12 22:12:30.823 | INFO     | N/A | ⏳ 等待 Profile 更新任务...
2026-07-12 22:12:35.856 | INFO     | N/A | ⏳ 等待 Profile 更新任务...
2026-07-12 22:12:40.890 | INFO     | N/A | ⏳ 等待 Profile 更新任务...
2026-07-12 22:12:45.924 | INFO     | N/A | ⏳ 等待 Profile 更新任务...
2026-07-12 22:12:50.959 | INFO     | N/A | ⏳ 等待 Profile 更新任务...
2026-07-12 22:12:55.992 | INFO     | N/A | ⏳ 等待 Profile 更新任务...
2026-07-12 22:13:01.025 | INFO     | N/A | ⏳ 等待 Profile 更新任务...
2026-07-12 22:13:06.062 | INFO     | N/A | ⏳ 等待 Profile 更新任务...
2026-07-12 22:13:11.093 | INFO     | N/A | ⏳ 等待 Profile 更新任务...
2026-07-12 22:13:16.141 | INFO     | N/A | ⏳ 等待 Profile 更新任务...
2026-07-12 22:13:21.175 | INFO     | N/A | ⏳ 等待 Profile 更新任务...
2026-07-12 22:13:26.208 | INFO     | N/A | ⏳ 等待 Profile 更新任务...
2026-07-12 22:13:31.243 | INFO     | N/A | ⏳ 等待 Profile 更新任务...
2026-07-12 22:13:36.275 | INFO     | N/A | ⏳ 等待 Profile 更新任务...
2026-07-12 22:13:41.312 | INFO     | N/A | ⏳ 等待 Profile 更新任务...
2026-07-12 22:13:46.345 | INFO     | N/A | ⏳ 等待 Profile 更新任务...
2026-07-12 22:13:51.383 | INFO     | N/A | ⏳ 等待 Profile 更新任务...
2026-07-12 22:13:56.418 | INFO     | N/A | ⏳ 等待 Profile 更新任务...
2026-07-12 22:14:01.453 | INFO     | N/A | ⏳ 等待 Profile 更新任务...
2026-07-12 22:14:06.485 | INFO     | N/A | ⏳ 等待 Profile 更新任务...
2026-07-12 22:14:11.517 | INFO     | N/A | ⏳ 等待 Profile 更新任务...
2026-07-12 22:14:16.557 | INFO     | N/A | ⏳ 等待 Profile 更新任务...
2026-07-12 22:14:21.594 | INFO     | N/A | ⏳ 等待 Profile 更新任务...
2026-07-12 22:14:26.651 | INFO     | N/A | ⏳ 等待 Profile 更新任务...
2026-07-12 22:14:31.685 | INFO     | N/A | ⏳ 等待 Profile 更新任务...
2026-07-12 22:14:36.717 | INFO     | N/A | ⏳ 等待 Profile 更新任务...
2026-07-12 22:14:41.750 | INFO     | N/A | ⏳ 等待 Profile 更新任务...
2026-07-12 22:14:46.786 | INFO     | N/A | ⏳ 等待 Profile 更新任务...
2026-07-12 22:14:51.821 | INFO     | N/A | ⏳ 等待 Profile 更新任务...
2026-07-12 22:14:56.855 | INFO     | N/A | ⏳ 等待 Profile 更新任务...
2026-07-12 22:15:01.894 | INFO     | N/A | ⏳ 等待 Profile 更新任务...
2026-07-12 22:15:06.987 | INFO     | N/A | ⏳ 等待 Profile 更新任务...
2026-07-12 22:15:11.998 | INFO     | N/A | ⏳ 等待 Profile 更新任务...
2026-07-12 22:15:17.039 | INFO     | N/A | ⏳ 等待 Profile 更新任务...
2026-07-12 22:15:22.075 | INFO     | N/A | ⏳ 等待 Profile 更新任务...
2026-07-12 22:15:27.113 | INFO     | N/A | ⏳ 等待 Profile 更新任务...
2026-07-12 22:15:32.146 | INFO     | N/A | ⏳ 等待 Profile 更新任务...
2026-07-12 22:15:37.179 | INFO     | N/A | ⏳ 等待 Profile 更新任务...
2026-07-12 22:15:42.213 | INFO     | N/A | ⏳ 等待 Profile 更新任务...
2026-07-12 22:15:47.222 | INFO     | N/A | ⏳ 等待 Profile 更新任务...
2026-07-12 22:15:52.258 | INFO     | N/A | ⏳ 等待 Profile 更新任务...
2026-07-12 22:15:57.295 | INFO     | N/A | ⏳ 等待 Profile 更新任务...
2026-07-12 22:16:02.325 | INFO     | N/A | ⏳ 等待 Profile 更新任务...
2026-07-12 22:16:07.362 | INFO     | N/A | ⏳ 等待 Profile 更新任务...
2026-07-12 22:16:12.396 | INFO     | N/A | ⏳ 等待 Profile 更新任务...
2026-07-12 22:16:17.431 | INFO     | N/A | ⏳ 等待 Profile 更新任务...
2026-07-12 22:16:22.485 | INFO     | N/A | ⏳ 等待 Profile 更新任务...
2026-07-12 22:16:27.520 | INFO     | N/A | ⏳ 等待 Profile 更新任务...
2026-07-12 22:16:32.553 | INFO     | N/A | ⏳ 等待 Profile 更新任务...
2026-07-12 22:16:37.586 | INFO     | N/A | ⏳ 等待 Profile 更新任务...
2026-07-12 22:16:42.616 | INFO     | N/A | ⏳ 等待 Profile 更新任务...
2026-07-12 22:16:47.651 | INFO     | N/A | ⏳ 等待 Profile 更新任务...
2026-07-12 22:16:52.685 | INFO     | N/A | ⏳ 等待 Profile 更新任务...
2026-07-12 22:16:57.722 | INFO     | N/A | ⏳ 等待 Profile 更新任务...
2026-07-12 22:17:02.760 | INFO     | N/A | ⏳ 等待 Profile 更新任务...
2026-07-12 22:17:07.794 | INFO     | N/A | ⏳ 等待 Profile 更新任务...
2026-07-12 22:17:12.826 | INFO     | N/A | ⏳ 等待 Profile 更新任务...
2026-07-12 22:17:17.919 | INFO     | N/A | ⏳ 等待 Profile 更新任务...
2026-07-12 22:17:22.951 | INFO     | N/A | ⏳ 等待 Profile 更新任务...
2026-07-12 22:17:28.040 | INFO     | N/A | ⏳ 等待 Profile 更新任务...
2026-07-12 22:17:33.071 | INFO     | N/A | ⏳ 等待 Profile 更新任务...
2026-07-12 22:17:38.107 | INFO     | N/A | ⏳ 等待 Profile 更新任务...
2026-07-12 22:17:43.165 | INFO     | N/A | ⏳ 等待 Profile 更新任务...
2026-07-12 22:17:48.199 | INFO     | N/A | ⏳ 等待 Profile 更新任务...
2026-07-12 22:17:53.236 | INFO     | N/A | ⏳ 等待 Profile 更新任务...
2026-07-12 22:17:58.336 | INFO     | N/A | ⏳ 等待 Profile 更新任务...
2026-07-12 22:18:03.369 | INFO     | N/A | ⏳ 等待 Profile 更新任务...
2026-07-12 22:18:08.386 | INFO     | N/A | ⏳ 等待 Profile 更新任务...
2026-07-12 22:18:13.420 | INFO     | N/A | ⏳ 等待 Profile 更新任务...
2026-07-12 22:18:18.460 | INFO     | N/A | ⏳ 等待 Profile 更新任务...
2026-07-12 22:18:23.492 | INFO     | N/A | ⏳ 等待 Profile 更新任务...
2026-07-12 22:18:28.533 | INFO     | N/A | ⏳ 等待 Profile 更新任务...
2026-07-12 22:18:33.569 | INFO     | N/A | ⏳ 等待 Profile 更新任务...
2026-07-12 22:18:38.603 | INFO     | N/A | ⏳ 等待 Profile 更新任务...
2026-07-12 22:18:43.636 | INFO     | N/A | ⏳ 等待 Profile 更新任务...
2026-07-12 22:18:48.737 | INFO     | N/A | ⏳ 等待 Profile 更新任务...
2026-07-12 22:18:53.771 | INFO     | N/A | ⏳ 等待 Profile 更新任务...
2026-07-12 22:18:58.813 | INFO     | N/A | ⏳ 等待 Profile 更新任务...
2026-07-12 22:19:03.850 | INFO     | N/A | ⏳ 等待 Profile 更新任务...
2026-07-12 22:19:08.896 | INFO     | N/A | ⏳ 等待 Profile 更新任务...
2026-07-12 22:19:13.933 | INFO     | N/A | ⏳ 等待 Profile 更新任务...
2026-07-12 22:19:18.982 | INFO     | N/A | ⏳ 等待 Profile 更新任务...
2026-07-12 22:19:24.028 | INFO     | N/A | ⏳ 等待 Profile 更新任务...
2026-07-12 22:19:29.060 | INFO     | N/A | ⏳ 等待 Profile 更新任务...
2026-07-12 22:19:34.093 | INFO     | N/A | ⏳ 等待 Profile 更新任务...
2026-07-12 22:19:39.125 | INFO     | N/A | ⏳ 等待 Profile 更新任务...
2026-07-12 22:19:44.159 | INFO     | N/A | ⏳ 等待 Profile 更新任务...
2026-07-12 22:19:49.193 | INFO     | N/A | ⏳ 等待 Profile 更新任务...
2026-07-12 22:19:54.225 | INFO     | N/A | ⏳ 等待 Profile 更新任务...
2026-07-12 22:19:59.260 | INFO     | N/A | ⏳ 等待 Profile 更新任务...
2026-07-12 22:20:04.293 | INFO     | N/A | ⏳ 等待 Profile 更新任务...
2026-07-12 22:20:09.330 | INFO     | N/A | ⏳ 等待 Profile 更新任务...
2026-07-12 22:20:14.362 | INFO     | N/A | ⏳ 等待 Profile 更新任务...
2026-07-12 22:20:19.393 | INFO     | N/A | ⏳ 等待 Profile 更新任务...
2026-07-12 22:20:24.425 | INFO     | N/A | ⏳ 等待 Profile 更新任务...
2026-07-12 22:20:29.461 | INFO     | N/A | ⏳ 等待 Profile 更新任务...
2026-07-12 22:20:34.495 | INFO     | N/A | ⏳ 等待 Profile 更新任务...
2026-07-12 22:20:39.528 | INFO     | N/A | ⏳ 等待 Profile 更新任务...
2026-07-12 22:20:44.564 | INFO     | N/A | ⏳ 等待 Profile 更新任务...
2026-07-12 22:20:49.597 | INFO     | N/A | ⏳ 等待 Profile 更新任务...
2026-07-12 22:20:54.632 | INFO     | N/A | ⏳ 等待 Profile 更新任务...
2026-07-12 22:20:59.675 | INFO     | N/A | ⏳ 等待 Profile 更新任务...
2026-07-12 22:21:04.709 | INFO     | N/A | ⏳ 等待 Profile 更新任务...
2026-07-12 22:21:09.745 | INFO     | N/A | ⏳ 等待 Profile 更新任务...
2026-07-12 22:21:14.780 | INFO     | N/A | ⏳ 等待 Profile 更新任务...
2026-07-12 22:21:19.856 | INFO     | N/A | ⏳ 等待 Profile 更新任务...
2026-07-12 22:21:24.889 | INFO     | N/A | ⏳ 等待 Profile 更新任务...
2026-07-12 22:21:29.923 | INFO     | N/A | ⏳ 等待 Profile 更新任务...
2026-07-12 22:21:34.955 | INFO     | N/A | ⏳ 等待 Profile 更新任务...
2026-07-12 22:21:39.991 | INFO     | N/A | ⏳ 等待 Profile 更新任务...
2026-07-12 22:21:45.029 | INFO     | N/A | ⏳ 等待 Profile 更新任务...
2026-07-12 22:21:50.067 | INFO     | N/A | ⏳ 等待 Profile 更新任务...
2026-07-12 22:21:55.102 | INFO     | N/A | ⏳ 等待 Profile 更新任务...
2026-07-12 22:22:00.139 | INFO     | N/A | ⏳ 等待 Profile 更新任务...
2026-07-12 22:22:05.179 | INFO     | N/A | ⏳ 等待 Profile 更新任务...
2026-07-12 22:22:10.216 | INFO     | N/A | ⏳ 等待 Profile 更新任务...
2026-07-12 22:22:15.252 | INFO     | N/A | ⏳ 等待 Profile 更新任务...
2026-07-12 22:22:20.286 | INFO     | N/A | ⏳ 等待 Profile 更新任务...
2026-07-12 22:22:25.341 | INFO     | N/A | ⏳ 等待 Profile 更新任务...
2026-07-12 22:22:30.369 | INFO     | N/A | ⏳ 等待 Profile 更新任务...
2026-07-12 22:22:35.395 | INFO     | N/A | ⏳ 等待 Profile 更新任务...
2026-07-12 22:22:40.426 | INFO     | N/A | ⏳ 等待 Profile 更新任务...
2026-07-12 22:22:45.461 | INFO     | N/A | ⏳ 等待 Profile 更新任务...
2026-07-12 22:22:50.495 | INFO     | N/A | ⏳ 等待 Profile 更新任务...
2026-07-12 22:22:55.529 | INFO     | N/A | ⏳ 等待 Profile 更新任务...
2026-07-12 22:23:00.566 | INFO     | N/A | ⏳ 等待 Profile 更新任务...
2026-07-12 22:23:05.602 | INFO     | N/A | ⏳ 等待 Profile 更新任务...
2026-07-12 22:23:10.640 | INFO     | N/A | ⏳ 等待 Profile 更新任务...
2026-07-12 22:23:15.693 | INFO     | N/A | ⏳ 等待 Profile 更新任务...
2026-07-12 22:23:20.724 | INFO     | N/A | ⏳ 等待 Profile 更新任务...
2026-07-12 22:23:25.756 | INFO     | N/A | ⏳ 等待 Profile 更新任务...
2026-07-12 22:23:30.791 | INFO     | N/A | ⏳ 等待 Profile 更新任务...
2026-07-12 22:23:35.825 | INFO     | N/A | ⏳ 等待 Profile 更新任务...
2026-07-12 22:23:40.859 | INFO     | N/A | ⏳ 等待 Profile 更新任务...
2026-07-12 22:23:45.888 | INFO     | N/A | ⏳ 等待 Profile 更新任务...
2026-07-12 22:23:50.916 | INFO     | N/A | ⏳ 等待 Profile 更新任务...
2026-07-12 22:23:55.945 | INFO     | N/A | ⏳ 等待 Profile 更新任务...
2026-07-12 22:24:01.021 | INFO     | N/A | ⏳ 等待 Profile 更新任务...
2026-07-12 22:24:06.050 | INFO     | N/A | ⏳ 等待 Profile 更新任务...
2026-07-12 22:24:11.081 | INFO     | N/A | ⏳ 等待 Profile 更新任务...
2026-07-12 22:24:16.108 | INFO     | N/A | ⏳ 等待 Profile 更新任务...
2026-07-12 22:24:21.136 | INFO     | N/A | ⏳ 等待 Profile 更新任务...
2026-07-12 22:24:26.168 | INFO     | N/A | ⏳ 等待 Profile 更新任务...
2026-07-12 22:24:31.215 | INFO     | N/A | ⏳ 等待 Profile 更新任务...
2026-07-12 22:24:36.247 | INFO     | N/A | ⏳ 等待 Profile 更新任务...
2026-07-12 22:24:41.274 | INFO     | N/A | ⏳ 等待 Profile 更新任务...
2026-07-12 22:24:46.298 | INFO     | N/A | ⏳ 等待 Profile 更新任务...
2026-07-12 22:24:51.322 | INFO     | N/A | ⏳ 等待 Profile 更新任务...
2026-07-12 22:24:56.345 | INFO     | N/A | ⏳ 等待 Profile 更新任务...
2026-07-12 22:25:01.421 | INFO     | N/A | ⏳ 等待 Profile 更新任务...
2026-07-12 22:25:06.446 | INFO     | N/A | ⏳ 等待 Profile 更新任务...
2026-07-12 22:25:11.473 | INFO     | N/A | ⏳ 等待 Profile 更新任务...
2026-07-12 22:25:16.498 | INFO     | N/A | ⏳ 等待 Profile 更新任务...
2026-07-12 22:25:21.524 | INFO     | N/A | ⏳ 等待 Profile 更新任务...
2026-07-12 22:25:26.554 | INFO     | N/A | ⏳ 等待 Profile 更新任务...
2026-07-12 22:25:31.587 | INFO     | N/A | ⏳ 等待 Profile 更新任务...
2026-07-12 22:25:36.614 | INFO     | N/A | ⏳ 等待 Profile 更新任务...
2026-07-12 22:25:41.639 | INFO     | N/A | ⏳ 等待 Profile 更新任务...
2026-07-12 22:25:46.663 | INFO     | N/A | ⏳ 等待 Profile 更新任务...
2026-07-12 22:25:51.745 | INFO     | N/A | ⏳ 等待 Profile 更新任务...
2026-07-12 22:25:56.768 | INFO     | N/A | ⏳ 等待 Profile 更新任务...
2026-07-12 22:26:01.790 | INFO     | N/A | ⏳ 等待 Profile 更新任务...
2026-07-12 22:26:06.818 | INFO     | N/A | ⏳ 等待 Profile 更新任务...
2026-07-12 22:26:11.844 | INFO     | N/A | ⏳ 等待 Profile 更新任务...
2026-07-12 22:26:16.868 | INFO     | N/A | ⏳ 等待 Profile 更新任务...
2026-07-12 22:26:21.895 | INFO     | N/A | ⏳ 等待 Profile 更新任务...
2026-07-12 22:26:26.903 | INFO     | N/A | ⏳ 等待 Profile 更新任务...
2026-07-12 22:26:31.934 | INFO     | N/A | ⏳ 等待 Profile 更新任务...
2026-07-12 22:26:36.964 | INFO     | N/A | ⏳ 等待 Profile 更新任务...
2026-07-12 22:26:42.000 | INFO     | N/A | ⏳ 等待 Profile 更新任务...
2026-07-12 22:26:47.033 | INFO     | N/A | ⏳ 等待 Profile 更新任务...
2026-07-12 22:26:52.067 | INFO     | N/A | ⏳ 等待 Profile 更新任务...
2026-07-12 22:26:57.103 | INFO     | N/A | ⏳ 等待 Profile 更新任务...
2026-07-12 22:27:02.139 | INFO     | N/A | ⏳ 等待 Profile 更新任务...
2026-07-12 22:27:07.182 | INFO     | N/A | ⏳ 等待 Profile 更新任务...
2026-07-12 22:27:12.218 | INFO     | N/A | ⏳ 等待 Profile 更新任务...
2026-07-12 22:27:17.249 | INFO     | N/A | ⏳ 等待 Profile 更新任务...
2026-07-12 22:27:22.284 | INFO     | N/A | ⏳ 等待 Profile 更新任务...
2026-07-12 22:27:27.321 | INFO     | N/A | ⏳ 等待 Profile 更新任务...
2026-07-12 22:27:32.357 | INFO     | N/A | ⏳ 等待 Profile 更新任务...
2026-07-12 22:27:37.391 | INFO     | N/A | ⏳ 等待 Profile 更新任务...
2026-07-12 22:27:42.425 | INFO     | N/A | ⏳ 等待 Profile 更新任务...
2026-07-12 22:27:47.458 | INFO     | N/A | ⏳ 等待 Profile 更新任务...
2026-07-12 22:27:52.492 | INFO     | N/A | ⏳ 等待 Profile 更新任务...
2026-07-12 22:27:57.526 | INFO     | N/A | ⏳ 等待 Profile 更新任务...
2026-07-12 22:28:02.561 | INFO     | N/A | ⏳ 等待 Profile 更新任务...
2026-07-12 22:28:07.599 | INFO     | N/A | ⏳ 等待 Profile 更新任务...
2026-07-12 22:28:12.632 | INFO     | N/A | ⏳ 等待 Profile 更新任务...
2026-07-12 22:28:17.667 | INFO     | N/A | ⏳ 等待 Profile 更新任务...
2026-07-12 22:28:22.703 | INFO     | N/A | ⏳ 等待 Profile 更新任务...
2026-07-12 22:28:27.745 | INFO     | N/A | ⏳ 等待 Profile 更新任务...
2026-07-12 22:28:32.775 | INFO     | N/A | ⏳ 等待 Profile 更新任务...
2026-07-12 22:28:37.811 | INFO     | N/A | ⏳ 等待 Profile 更新任务...
2026-07-12 22:28:42.844 | INFO     | N/A | ⏳ 等待 Profile 更新任务...
2026-07-12 22:28:47.881 | INFO     | N/A | ⏳ 等待 Profile 更新任务...
2026-07-12 22:28:52.917 | INFO     | N/A | ⏳ 等待 Profile 更新任务...
2026-07-12 22:28:57.950 | INFO     | N/A | ⏳ 等待 Profile 更新任务...
2026-07-12 22:29:02.983 | INFO     | N/A | ⏳ 等待 Profile 更新任务...
2026-07-12 22:29:08.020 | INFO     | N/A | ⏳ 等待 Profile 更新任务...
2026-07-12 22:29:13.057 | INFO     | N/A | ⏳ 等待 Profile 更新任务...
2026-07-12 22:29:18.122 | INFO     | N/A | ⏳ 等待 Profile 更新任务...
2026-07-12 22:29:23.157 | INFO     | N/A | ⏳ 等待 Profile 更新任务...
2026-07-12 22:29:28.191 | INFO     | N/A | ⏳ 等待 Profile 更新任务...
2026-07-12 22:29:33.307 | INFO     | N/A | ⏳ 等待 Profile 更新任务...
2026-07-12 22:29:38.390 | INFO     | N/A | ⏳ 等待 Profile 更新任务...
2026-07-12 22:29:43.421 | INFO     | N/A | ⏳ 等待 Profile 更新任务...
2026-07-12 22:29:48.455 | INFO     | N/A | ⏳ 等待 Profile 更新任务...
2026-07-12 22:29:53.493 | INFO     | N/A | ⏳ 等待 Profile 更新任务...
2026-07-12 22:29:58.531 | INFO     | N/A | ⏳ 等待 Profile 更新任务...
2026-07-12 22:30:03.576 | INFO     | N/A | ⏳ 等待 Profile 更新任务...
2026-07-12 22:30:08.612 | INFO     | N/A | ⏳ 等待 Profile 更新任务...
2026-07-12 22:30:13.641 | INFO     | N/A | ⏳ 等待 Profile 更新任务...
2026-07-12 22:30:18.728 | INFO     | N/A | ⏳ 等待 Profile 更新任务...
2026-07-12 22:30:23.795 | INFO     | N/A | ⏳ 等待 Profile 更新任务...
2026-07-12 22:30:28.829 | INFO     | N/A | ⏳ 等待 Profile 更新任务...
2026-07-12 22:30:33.864 | INFO     | N/A | ⏳ 等待 Profile 更新任务...
2026-07-12 22:30:38.901 | INFO     | N/A | ⏳ 等待 Profile 更新任务...
2026-07-12 22:30:43.941 | INFO     | N/A | ⏳ 等待 Profile 更新任务...
2026-07-12 22:30:48.974 | INFO     | N/A | ⏳ 等待 Profile 更新任务...
2026-07-12 22:30:54.010 | INFO     | N/A | ⏳ 等待 Profile 更新任务...
2026-07-12 22:30:59.045 | INFO     | N/A | ⏳ 等待 Profile 更新任务...
2026-07-12 22:31:04.076 | INFO     | N/A | ⏳ 等待 Profile 更新任务...
2026-07-12 22:31:09.116 | INFO     | N/A | ⏳ 等待 Profile 更新任务...
2026-07-12 22:31:14.149 | INFO     | N/A | ⏳ 等待 Profile 更新任务...
2026-07-12 22:31:19.184 | INFO     | N/A | ⏳ 等待 Profile 更新任务...
2026-07-12 22:31:24.219 | INFO     | N/A | ⏳ 等待 Profile 更新任务...
2026-07-12 22:31:29.261 | INFO     | N/A | ⏳ 等待 Profile 更新任务...
2026-07-12 22:31:34.297 | INFO     | N/A | ⏳ 等待 Profile 更新任务...
2026-07-12 22:31:39.335 | INFO     | N/A | ⏳ 等待 Profile 更新任务...
2026-07-12 22:31:44.369 | INFO     | N/A | ⏳ 等待 Profile 更新任务...
2026-07-12 22:31:49.404 | INFO     | N/A | ⏳ 等待 Profile 更新任务...
2026-07-12 22:31:54.441 | INFO     | N/A | ⏳ 等待 Profile 更新任务...
2026-07-12 22:31:59.478 | INFO     | N/A | ⏳ 等待 Profile 更新任务...
2026-07-12 22:32:04.517 | INFO     | N/A | ⏳ 等待 Profile 更新任务...
2026-07-12 22:32:09.552 | INFO     | N/A | ⏳ 等待 Profile 更新任务...
2026-07-12 22:32:14.587 | INFO     | N/A | ⏳ 等待 Profile 更新任务...
2026-07-12 22:32:19.620 | INFO     | N/A | ⏳ 等待 Profile 更新任务...
2026-07-12 22:32:24.657 | INFO     | N/A | ⏳ 等待 Profile 更新任务...
2026-07-12 22:32:29.697 | INFO     | N/A | ⏳ 等待 Profile 更新任务...
2026-07-12 22:32:34.733 | INFO     | N/A | ⏳ 等待 Profile 更新任务...
2026-07-12 22:32:39.767 | INFO     | N/A | ⏳ 等待 Profile 更新任务...
2026-07-12 22:32:44.809 | INFO     | N/A | ⏳ 等待 Profile 更新任务...
2026-07-12 22:32:49.848 | INFO     | N/A | ⏳ 等待 Profile 更新任务...
2026-07-12 22:32:54.887 | INFO     | N/A | ⏳ 等待 Profile 更新任务...
2026-07-12 22:32:59.921 | INFO     | N/A | ⏳ 等待 Profile 更新任务...
2026-07-12 22:33:04.958 | INFO     | N/A | ⏳ 等待 Profile 更新任务...
2026-07-12 22:33:09.995 | INFO     | N/A | ⏳ 等待 Profile 更新任务...
2026-07-12 22:33:15.028 | INFO     | N/A | ⏳ 等待 Profile 更新任务...
2026-07-12 22:33:20.063 | INFO     | N/A | ⏳ 等待 Profile 更新任务...
2026-07-12 22:33:25.098 | INFO     | N/A | ⏳ 等待 Profile 更新任务...
2026-07-12 22:33:30.139 | INFO     | N/A | ⏳ 等待 Profile 更新任务...
2026-07-12 22:33:35.177 | INFO     | N/A | ⏳ 等待 Profile 更新任务...
2026-07-12 22:33:40.216 | INFO     | N/A | ⏳ 等待 Profile 更新任务...
2026-07-12 22:33:45.287 | INFO     | N/A | ⏳ 等待 Profile 更新任务...
2026-07-12 22:33:50.320 | INFO     | N/A | ⏳ 等待 Profile 更新任务...
2026-07-12 22:33:55.357 | INFO     | N/A | ⏳ 等待 Profile 更新任务...
2026-07-12 22:34:00.393 | INFO     | N/A | ⏳ 等待 Profile 更新任务...
2026-07-12 22:34:05.460 | INFO     | N/A | ⏳ 等待 Profile 更新任务...
2026-07-12 22:34:10.498 | INFO     | N/A | ⏳ 等待 Profile 更新任务...
2026-07-12 22:34:15.536 | INFO     | N/A | ⏳ 等待 Profile 更新任务...
2026-07-12 22:34:20.570 | INFO     | N/A | ⏳ 等待 Profile 更新任务...
2026-07-12 22:34:25.606 | INFO     | N/A | ⏳ 等待 Profile 更新任务...
2026-07-12 22:34:30.641 | INFO     | N/A | ⏳ 等待 Profile 更新任务...
2026-07-12 22:34:35.674 | INFO     | N/A | ⏳ 等待 Profile 更新任务...
2026-07-12 22:34:40.711 | INFO     | N/A | ⏳ 等待 Profile 更新任务...
2026-07-12 22:34:45.745 | INFO     | N/A | ⏳ 等待 Profile 更新任务...
2026-07-12 22:34:50.832 | INFO     | N/A | ⏳ 等待 Profile 更新任务...
2026-07-12 22:34:55.873 | INFO     | N/A | ⏳ 等待 Profile 更新任务...
2026-07-12 22:35:00.906 | INFO     | N/A | ⏳ 等待 Profile 更新任务...
2026-07-12 22:35:05.940 | INFO     | N/A | ⏳ 等待 Profile 更新任务...
2026-07-12 22:35:10.980 | INFO     | N/A | ⏳ 等待 Profile 更新任务...
2026-07-12 22:35:16.016 | INFO     | N/A | ⏳ 等待 Profile 更新任务...
2026-07-12 22:35:21.079 | INFO     | N/A | ⏳ 等待 Profile 更新任务...
2026-07-12 22:35:26.117 | INFO     | N/A | ⏳ 等待 Profile 更新任务...
2026-07-12 22:35:31.160 | INFO     | N/A | ⏳ 等待 Profile 更新任务...
2026-07-12 22:35:36.223 | INFO     | N/A | ⏳ 等待 Profile 更新任务...
2026-07-12 22:35:41.256 | INFO     | N/A | ⏳ 等待 Profile 更新任务...
2026-07-12 22:35:46.293 | INFO     | N/A | ⏳ 等待 Profile 更新任务...
2026-07-12 22:35:51.330 | INFO     | N/A | ⏳ 等待 Profile 更新任务...
2026-07-12 22:35:56.434 | INFO     | N/A | ⏳ 等待 Profile 更新任务...
2026-07-12 22:36:01.470 | INFO     | N/A | ⏳ 等待 Profile 更新任务...
2026-07-12 22:36:06.507 | INFO     | N/A | ⏳ 等待 Profile 更新任务...
2026-07-12 22:36:11.545 | INFO     | N/A | ⏳ 等待 Profile 更新任务...
2026-07-12 22:36:16.576 | INFO     | N/A | ⏳ 等待 Profile 更新任务...
2026-07-12 22:36:21.610 | INFO     | N/A | ⏳ 等待 Profile 更新任务...
2026-07-12 22:36:26.645 | INFO     | N/A | ⏳ 等待 Profile 更新任务...
2026-07-12 22:36:31.686 | INFO     | N/A | ⏳ 等待 Profile 更新任务...
2026-07-12 22:36:36.719 | INFO     | N/A | ⏳ 等待 Profile 更新任务...
2026-07-12 22:36:41.753 | INFO     | N/A | ⏳ 等待 Profile 更新任务...
2026-07-12 22:36:46.787 | INFO     | N/A | ⏳ 等待 Profile 更新任务...
2026-07-12 22:36:51.824 | INFO     | N/A | ⏳ 等待 Profile 更新任务...
2026-07-12 22:36:56.856 | INFO     | N/A | ⏳ 等待 Profile 更新任务...
2026-07-12 22:37:01.861 | INFO     | N/A | ⏳ 等待 Profile 更新任务...
2026-07-12 22:37:06.886 | INFO     | N/A | ⏳ 等待 Profile 更新任务...
2026-07-12 22:37:11.911 | INFO     | N/A | ⏳ 等待 Profile 更新任务...
2026-07-12 22:37:16.942 | INFO     | N/A | ⏳ 等待 Profile 更新任务...
2026-07-12 22:37:21.970 | INFO     | N/A | ⏳ 等待 Profile 更新任务...
2026-07-12 22:37:26.994 | INFO     | N/A | ⏳ 等待 Profile 更新任务...
2026-07-12 22:37:32.038 | INFO     | N/A | ⏳ 等待 Profile 更新任务...
2026-07-12 22:37:37.068 | INFO     | N/A | ⏳ 等待 Profile 更新任务...
2026-07-12 22:37:42.094 | INFO     | N/A | ⏳ 等待 Profile 更新任务...
2026-07-12 22:37:47.129 | INFO     | N/A | ⏳ 等待 Profile 更新任务...
2026-07-12 22:37:52.165 | INFO     | N/A | ⏳ 等待 Profile 更新任务...
2026-07-12 22:37:57.197 | INFO     | N/A | ⏳ 等待 Profile 更新任务...
2026-07-12 22:38:02.232 | INFO     | N/A | ⏳ 等待 Profile 更新任务...
2026-07-12 22:38:07.266 | INFO     | N/A | ⏳ 等待 Profile 更新任务...
2026-07-12 22:38:12.299 | INFO     | N/A | ⏳ 等待 Profile 更新任务...
2026-07-12 22:38:17.327 | INFO     | N/A | ⏳ 等待 Profile 更新任务...
2026-07-12 22:38:22.407 | INFO     | N/A | ⏳ 等待 Profile 更新任务...
2026-07-12 22:38:27.429 | INFO     | N/A | ⏳ 等待 Profile 更新任务...
2026-07-12 22:38:32.466 | INFO     | N/A | ⏳ 等待 Profile 更新任务...
2026-07-12 22:38:37.495 | INFO     | N/A | ⏳ 等待 Profile 更新任务...
2026-07-12 22:38:42.540 | INFO     | N/A | ⏳ 等待 Profile 更新任务...
2026-07-12 22:38:47.570 | INFO     | N/A | ⏳ 等待 Profile 更新任务...
2026-07-12 22:38:52.603 | INFO     | N/A | ⏳ 等待 Profile 更新任务...
2026-07-12 22:38:57.634 | INFO     | N/A | ⏳ 等待 Profile 更新任务...
2026-07-12 22:39:02.666 | INFO     | N/A | ⏳ 等待 Profile 更新任务...
2026-07-12 22:39:07.699 | INFO     | N/A | ⏳ 等待 Profile 更新任务...
2026-07-12 22:39:12.733 | INFO     | N/A | ⏳ 等待 Profile 更新任务...
2026-07-12 22:39:17.772 | INFO     | N/A | ⏳ 等待 Profile 更新任务...
2026-07-12 22:39:22.791 | INFO     | N/A | ⏳ 等待 Profile 更新任务...
2026-07-12 22:39:27.828 | INFO     | N/A | ⏳ 等待 Profile 更新任务...
2026-07-12 22:39:32.860 | INFO     | N/A | ⏳ 等待 Profile 更新任务...
2026-07-12 22:39:37.899 | INFO     | N/A | ⏳ 等待 Profile 更新任务...
2026-07-12 22:39:42.915 | INFO     | N/A | ⏳ 等待 Profile 更新任务...
2026-07-12 22:39:47.951 | INFO     | N/A | ⏳ 等待 Profile 更新任务...
2026-07-12 22:39:52.986 | INFO     | N/A | ⏳ 等待 Profile 更新任务...
2026-07-12 22:39:58.020 | INFO     | N/A | ⏳ 等待 Profile 更新任务...
2026-07-12 22:40:03.064 | INFO     | N/A | ⏳ 等待 Profile 更新任务...
2026-07-12 22:40:08.096 | INFO     | N/A | ⏳ 等待 Profile 更新任务...
2026-07-12 22:40:13.129 | INFO     | N/A | ⏳ 等待 Profile 更新任务...
2026-07-12 22:40:18.200 | INFO     | N/A | ⏳ 等待 Profile 更新任务...
2026-07-12 22:40:23.234 | INFO     | N/A | ⏳ 等待 Profile 更新任务...
2026-07-12 22:40:28.266 | INFO     | N/A | ⏳ 等待 Profile 更新任务...
2026-07-12 22:40:33.302 | INFO     | N/A | ⏳ 等待 Profile 更新任务...
2026-07-12 22:40:38.337 | INFO     | N/A | ⏳ 等待 Profile 更新任务...
2026-07-12 22:40:43.370 | INFO     | N/A | ⏳ 等待 Profile 更新任务...
2026-07-12 22:40:48.378 | INFO     | N/A | ⏳ 等待 Profile 更新任务...
2026-07-12 22:40:53.416 | INFO     | N/A | ⏳ 等待 Profile 更新任务...
2026-07-12 22:40:58.465 | INFO     | N/A | ⏳ 等待 Profile 更新任务...
2026-07-12 22:41:03.505 | INFO     | N/A | ⏳ 等待 Profile 更新任务...
2026-07-12 22:41:08.539 | INFO     | N/A | ⏳ 等待 Profile 更新任务...
2026-07-12 22:41:13.570 | INFO     | N/A | ⏳ 等待 Profile 更新任务...
2026-07-12 22:41:18.674 | INFO     | N/A | ⏳ 等待 Profile 更新任务...
2026-07-12 22:41:23.707 | INFO     | N/A | ⏳ 等待 Profile 更新任务...
2026-07-12 22:41:28.732 | INFO     | N/A | ⏳ 等待 Profile 更新任务...
2026-07-12 22:41:33.751 | INFO     | N/A | ⏳ 等待 Profile 更新任务...
2026-07-12 22:41:38.775 | INFO     | N/A | ⏳ 等待 Profile 更新任务...
2026-07-12 22:41:43.838 | INFO     | N/A | ⏳ 等待 Profile 更新任务...
2026-07-12 22:41:48.940 | INFO     | N/A | ⏳ 等待 Profile 更新任务...
2026-07-12 22:41:53.984 | INFO     | N/A | ⏳ 等待 Profile 更新任务...
2026-07-12 22:41:59.018 | INFO     | N/A | ⏳ 等待 Profile 更新任务...
2026-07-12 22:42:04.069 | INFO     | N/A | ⏳ 等待 Profile 更新任务...
2026-07-12 22:42:09.104 | INFO     | N/A | ⏳ 等待 Profile 更新任务...
2026-07-12 22:42:14.140 | INFO     | N/A | ⏳ 等待 Profile 更新任务...
2026-07-12 22:42:19.175 | INFO     | N/A | ⏳ 等待 Profile 更新任务...
2026-07-12 22:42:24.209 | INFO     | N/A | ⏳ 等待 Profile 更新任务...
2026-07-12 22:42:29.241 | INFO     | N/A | ⏳ 等待 Profile 更新任务...
2026-07-12 22:42:34.276 | INFO     | N/A | ⏳ 等待 Profile 更新任务...
2026-07-12 22:42:39.311 | INFO     | N/A | ⏳ 等待 Profile 更新任务...
2026-07-12 22:42:44.345 | INFO     | N/A | ⏳ 等待 Profile 更新任务...
2026-07-12 22:42:49.380 | INFO     | N/A | ⏳ 等待 Profile 更新任务...
2026-07-12 22:42:54.418 | INFO     | N/A | ⏳ 等待 Profile 更新任务...
2026-07-12 22:42:59.451 | INFO     | N/A | ⏳ 等待 Profile 更新任务...
2026-07-12 22:43:04.488 | INFO     | N/A | ⏳ 等待 Profile 更新任务...
2026-07-12 22:43:09.525 | INFO     | N/A | ⏳ 等待 Profile 更新任务...
2026-07-12 22:43:14.559 | INFO     | N/A | ⏳ 等待 Profile 更新任务...
2026-07-12 22:43:19.597 | INFO     | N/A | ⏳ 等待 Profile 更新任务...
2026-07-12 22:43:24.632 | INFO     | N/A | ⏳ 等待 Profile 更新任务...
2026-07-12 22:43:29.689 | INFO     | N/A | ⏳ 等待 Profile 更新任务...
2026-07-12 22:43:34.717 | INFO     | N/A | ⏳ 等待 Profile 更新任务...
2026-07-12 22:43:39.751 | INFO     | N/A | ⏳ 等待 Profile 更新任务...
2026-07-12 22:43:44.789 | INFO     | N/A | ⏳ 等待 Profile 更新任务...
2026-07-12 22:43:49.824 | INFO     | N/A | ⏳ 等待 Profile 更新任务...
2026-07-12 22:43:54.860 | INFO     | N/A | ⏳ 等待 Profile 更新任务...
2026-07-12 22:43:59.900 | INFO     | N/A | ⏳ 等待 Profile 更新任务...
2026-07-12 22:44:04.934 | INFO     | N/A | ⏳ 等待 Profile 更新任务...
2026-07-12 22:44:09.977 | INFO     | N/A | ⏳ 等待 Profile 更新任务...
2026-07-12 22:44:15.010 | INFO     | N/A | ⏳ 等待 Profile 更新任务...
2026-07-12 22:44:20.048 | INFO     | N/A | ⏳ 等待 Profile 更新任务...
2026-07-12 22:44:25.085 | INFO     | N/A | ⏳ 等待 Profile 更新任务...
2026-07-12 22:44:30.122 | INFO     | N/A | ⏳ 等待 Profile 更新任务...
2026-07-12 22:44:35.166 | INFO     | N/A | ⏳ 等待 Profile 更新任务...
2026-07-12 22:44:40.208 | INFO     | N/A | ⏳ 等待 Profile 更新任务...
2026-07-12 22:44:45.243 | INFO     | N/A | ⏳ 等待 Profile 更新任务...
2026-07-12 22:44:50.276 | INFO     | N/A | ⏳ 等待 Profile 更新任务...
2026-07-12 22:44:55.316 | INFO     | N/A | ⏳ 等待 Profile 更新任务...
2026-07-12 22:45:00.350 | INFO     | N/A | ⏳ 等待 Profile 更新任务...
2026-07-12 22:45:05.390 | INFO     | N/A | ⏳ 等待 Profile 更新任务...
2026-07-12 22:45:10.414 | INFO     | N/A | ⏳ 等待 Profile 更新任务...
2026-07-12 22:45:15.448 | INFO     | N/A | ⏳ 等待 Profile 更新任务...
2026-07-12 22:45:20.481 | INFO     | N/A | ⏳ 等待 Profile 更新任务...
2026-07-12 22:45:25.515 | INFO     | N/A | ⏳ 等待 Profile 更新任务...
2026-07-12 22:45:30.550 | INFO     | N/A | ⏳ 等待 Profile 更新任务...
2026-07-12 22:45:35.588 | INFO     | N/A | ⏳ 等待 Profile 更新任务...
2026-07-12 22:45:40.625 | INFO     | N/A | ⏳ 等待 Profile 更新任务...
2026-07-12 22:45:45.664 | INFO     | N/A | ⏳ 等待 Profile 更新任务...
2026-07-12 22:45:50.699 | INFO     | N/A | ⏳ 等待 Profile 更新任务...
2026-07-12 22:45:55.735 | INFO     | N/A | ⏳ 等待 Profile 更新任务...
2026-07-12 22:46:00.766 | INFO     | N/A | ⏳ 等待 Profile 更新任务...
2026-07-12 22:46:05.800 | INFO     | N/A | ⏳ 等待 Profile 更新任务...
2026-07-12 22:46:10.836 | INFO     | N/A | ⏳ 等待 Profile 更新任务...
2026-07-12 22:46:15.871 | INFO     | N/A | ⏳ 等待 Profile 更新任务...
2026-07-12 22:46:20.908 | INFO     | N/A | ⏳ 等待 Profile 更新任务...
2026-07-12 22:46:25.942 | INFO     | N/A | ⏳ 等待 Profile 更新任务...
2026-07-12 22:46:30.975 | INFO     | N/A | ⏳ 等待 Profile 更新任务...
2026-07-12 22:46:36.007 | INFO     | N/A | ⏳ 等待 Profile 更新任务...
2026-07-12 22:46:41.044 | INFO     | N/A | ⏳ 等待 Profile 更新任务...
2026-07-12 22:46:46.080 | INFO     | N/A | ⏳ 等待 Profile 更新任务...
2026-07-12 22:46:51.113 | INFO     | N/A | ⏳ 等待 Profile 更新任务...
2026-07-12 22:46:56.150 | INFO     | N/A | ⏳ 等待 Profile 更新任务...
2026-07-12 22:47:01.188 | INFO     | N/A | ⏳ 等待 Profile 更新任务...
2026-07-12 22:47:06.225 | INFO     | N/A | ⏳ 等待 Profile 更新任务...
2026-07-12 22:47:11.259 | INFO     | N/A | ⏳ 等待 Profile 更新任务...
2026-07-12 22:47:16.295 | INFO     | N/A | ⏳ 等待 Profile 更新任务...
2026-07-12 22:47:21.326 | INFO     | N/A | ⏳ 等待 Profile 更新任务...
2026-07-12 22:47:26.743 | INFO     | N/A | ⏳ 等待 Profile 更新任务...
2026-07-12 22:47:31.887 | INFO     | N/A | ⏳ 等待 Profile 更新任务...
2026-07-12 22:47:36.927 | INFO     | N/A | ⏳ 等待 Profile 更新任务...
2026-07-12 22:47:41.965 | INFO     | N/A | ⏳ 等待 Profile 更新任务...
2026-07-12 22:47:47.015 | INFO     | N/A | ⏳ 等待 Profile 更新任务...
2026-07-12 22:47:52.051 | INFO     | N/A | ⏳ 等待 Profile 更新任务...
2026-07-12 22:47:57.089 | INFO     | N/A | ⏳ 等待 Profile 更新任务...
2026-07-12 22:48:02.123 | INFO     | N/A | ⏳ 等待 Profile 更新任务...
2026-07-12 22:48:07.156 | INFO     | N/A | ⏳ 等待 Profile 更新任务...
2026-07-12 22:48:12.192 | INFO     | N/A | ⏳ 等待 Profile 更新任务...
2026-07-12 22:48:17.231 | INFO     | N/A | ⏳ 等待 Profile 更新任务...
2026-07-12 22:48:22.267 | INFO     | N/A | ⏳ 等待 Profile 更新任务...
2026-07-12 22:48:27.306 | INFO     | N/A | ⏳ 等待 Profile 更新任务...
2026-07-12 22:48:32.341 | INFO     | N/A | ⏳ 等待 Profile 更新任务...
2026-07-12 22:48:37.377 | INFO     | N/A | ⏳ 等待 Profile 更新任务...
2026-07-12 22:48:42.408 | INFO     | N/A | ⏳ 等待 Profile 更新任务...
2026-07-12 22:48:47.445 | INFO     | N/A | ⏳ 等待 Profile 更新任务...
2026-07-12 22:48:52.477 | INFO     | N/A | ⏳ 等待 Profile 更新任务...
2026-07-12 22:48:57.513 | INFO     | N/A | ⏳ 等待 Profile 更新任务...
2026-07-12 22:49:02.545 | INFO     | N/A | ⏳ 等待 Profile 更新任务...
2026-07-12 22:49:07.584 | INFO     | N/A | ⏳ 等待 Profile 更新任务...
2026-07-12 22:49:12.620 | INFO     | N/A | ⏳ 等待 Profile 更新任务...
2026-07-12 22:49:17.654 | INFO     | N/A | ⏳ 等待 Profile 更新任务...
2026-07-12 22:49:22.685 | INFO     | N/A | ⏳ 等待 Profile 更新任务...
2026-07-12 22:49:27.718 | INFO     | N/A | ⏳ 等待 Profile 更新任务...
2026-07-12 22:49:32.751 | INFO     | N/A | ⏳ 等待 Profile 更新任务...
2026-07-12 22:49:37.787 | INFO     | N/A | ⏳ 等待 Profile 更新任务...
2026-07-12 22:49:42.829 | INFO     | N/A | ⏳ 等待 Profile 更新任务...
2026-07-12 22:49:47.865 | INFO     | N/A | ⏳ 等待 Profile 更新任务...
2026-07-12 22:49:52.904 | INFO     | N/A | ⏳ 等待 Profile 更新任务...
2026-07-12 22:49:57.939 | INFO     | N/A | ⏳ 等待 Profile 更新任务...
2026-07-12 22:50:02.976 | INFO     | N/A | ⏳ 等待 Profile 更新任务...
2026-07-12 22:50:08.014 | INFO     | N/A | ⏳ 等待 Profile 更新任务...
2026-07-12 22:50:13.052 | INFO     | N/A | ⏳ 等待 Profile 更新任务...
2026-07-12 22:50:18.093 | INFO     | N/A | ⏳ 等待 Profile 更新任务...
2026-07-12 22:50:23.127 | INFO     | N/A | ⏳ 等待 Profile 更新任务...
2026-07-12 22:50:28.160 | INFO     | N/A | ⏳ 等待 Profile 更新任务...
2026-07-12 22:50:33.197 | INFO     | N/A | ⏳ 等待 Profile 更新任务...
2026-07-12 22:50:38.232 | INFO     | N/A | ⏳ 等待 Profile 更新任务...
2026-07-12 22:50:43.311 | INFO     | N/A | ⏳ 等待 Profile 更新任务...
2026-07-12 22:50:48.347 | INFO     | N/A | ⏳ 等待 Profile 更新任务...
2026-07-12 22:50:53.381 | INFO     | N/A | ⏳ 等待 Profile 更新任务...
2026-07-12 22:50:58.414 | INFO     | N/A | ⏳ 等待 Profile 更新任务...
2026-07-12 22:51:03.449 | INFO     | N/A | ⏳ 等待 Profile 更新任务...
2026-07-12 22:51:08.486 | INFO     | N/A | ⏳ 等待 Profile 更新任务...
2026-07-12 22:51:13.524 | INFO     | N/A | ⏳ 等待 Profile 更新任务...
2026-07-12 22:51:18.560 | INFO     | N/A | ⏳ 等待 Profile 更新任务...
2026-07-12 22:51:23.595 | INFO     | N/A | ⏳ 等待 Profile 更新任务...
2026-07-12 22:51:28.631 | INFO     | N/A | ⏳ 等待 Profile 更新任务...
2026-07-12 22:51:33.665 | INFO     | N/A | ⏳ 等待 Profile 更新任务...
2026-07-12 22:51:38.702 | INFO     | N/A | ⏳ 等待 Profile 更新任务...
2026-07-12 22:51:43.736 | INFO     | N/A | ⏳ 等待 Profile 更新任务...
2026-07-12 22:51:48.773 | INFO     | N/A | ⏳ 等待 Profile 更新任务...
2026-07-12 22:51:53.805 | INFO     | N/A | ⏳ 等待 Profile 更新任务...
2026-07-12 22:51:58.843 | INFO     | N/A | ⏳ 等待 Profile 更新任务...
2026-07-12 22:52:03.881 | INFO     | N/A | ⏳ 等待 Profile 更新任务...
2026-07-12 22:52:08.915 | INFO     | N/A | ⏳ 等待 Profile 更新任务...
2026-07-12 22:52:13.952 | INFO     | N/A | ⏳ 等待 Profile 更新任务...
2026-07-12 22:52:18.990 | INFO     | N/A | ⏳ 等待 Profile 更新任务...
2026-07-12 22:52:24.022 | INFO     | N/A | ⏳ 等待 Profile 更新任务...
2026-07-12 22:52:29.056 | INFO     | N/A | ⏳ 等待 Profile 更新任务...
2026-07-12 22:52:34.089 | INFO     | N/A | ⏳ 等待 Profile 更新任务...
2026-07-12 22:52:39.178 | INFO     | N/A | ⏳ 等待 Profile 更新任务...
2026-07-12 22:52:44.217 | INFO     | N/A | ⏳ 等待 Profile 更新任务...
2026-07-12 22:52:49.255 | INFO     | N/A | ⏳ 等待 Profile 更新任务...
2026-07-12 22:52:54.290 | INFO     | N/A | ⏳ 等待 Profile 更新任务...
2026-07-12 22:52:59.324 | INFO     | N/A | ⏳ 等待 Profile 更新任务...
2026-07-12 22:53:04.357 | INFO     | N/A | ⏳ 等待 Profile 更新任务...
2026-07-12 22:53:09.414 | INFO     | N/A | ⏳ 等待 Profile 更新任务...
2026-07-12 22:53:14.445 | INFO     | N/A | ⏳ 等待 Profile 更新任务...
2026-07-12 22:53:19.479 | INFO     | N/A | ⏳ 等待 Profile 更新任务...
2026-07-12 22:53:24.514 | INFO     | N/A | ⏳ 等待 Profile 更新任务...
2026-07-12 22:53:29.547 | INFO     | N/A | ⏳ 等待 Profile 更新任务...
2026-07-12 22:53:34.626 | INFO     | N/A | ⏳ 等待 Profile 更新任务...
2026-07-12 22:53:39.659 | INFO     | N/A | ⏳ 等待 Profile 更新任务...
2026-07-12 22:53:44.703 | INFO     | N/A | ⏳ 等待 Profile 更新任务...
2026-07-12 22:53:49.738 | INFO     | N/A | ⏳ 等待 Profile 更新任务...
2026-07-12 22:53:54.775 | INFO     | N/A | ⏳ 等待 Profile 更新任务...
2026-07-12 22:53:59.808 | INFO     | N/A | ⏳ 等待 Profile 更新任务...
2026-07-12 22:54:04.845 | INFO     | N/A | ⏳ 等待 Profile 更新任务...
2026-07-12 22:54:09.883 | INFO     | N/A | ⏳ 等待 Profile 更新任务...
2026-07-12 22:54:14.922 | INFO     | N/A | ⏳ 等待 Profile 更新任务...
2026-07-12 22:54:19.955 | INFO     | N/A | ⏳ 等待 Profile 更新任务...
2026-07-12 22:54:24.988 | INFO     | N/A | ⏳ 等待 Profile 更新任务...
2026-07-12 22:54:30.023 | INFO     | N/A | ⏳ 等待 Profile 更新任务...
2026-07-12 22:54:35.055 | INFO     | N/A | ⏳ 等待 Profile 更新任务...
2026-07-12 22:54:40.091 | INFO     | N/A | ⏳ 等待 Profile 更新任务...
2026-07-12 22:54:45.124 | INFO     | N/A | ⏳ 等待 Profile 更新任务...
2026-07-12 22:54:50.163 | INFO     | N/A | ⏳ 等待 Profile 更新任务...
2026-07-12 22:54:55.204 | INFO     | N/A | ⏳ 等待 Profile 更新任务...
2026-07-12 22:55:00.235 | INFO     | N/A | ⏳ 等待 Profile 更新任务...
2026-07-12 22:55:05.269 | INFO     | N/A | ⏳ 等待 Profile 更新任务...
2026-07-12 22:55:10.308 | INFO     | N/A | ⏳ 等待 Profile 更新任务...
2026-07-12 22:55:15.347 | INFO     | N/A | ⏳ 等待 Profile 更新任务...
2026-07-12 22:55:20.397 | INFO     | N/A | ⏳ 等待 Profile 更新任务...
2026-07-12 22:55:25.430 | INFO     | N/A | ⏳ 等待 Profile 更新任务...
2026-07-12 22:55:30.468 | INFO     | N/A | ⏳ 等待 Profile 更新任务...
2026-07-12 22:55:35.504 | INFO     | N/A | ⏳ 等待 Profile 更新任务...
2026-07-12 22:55:40.544 | INFO     | N/A | ⏳ 等待 Profile 更新任务...
2026-07-12 22:55:45.578 | INFO     | N/A | ⏳ 等待 Profile 更新任务...
2026-07-12 22:55:50.613 | INFO     | N/A | ⏳ 等待 Profile 更新任务...
2026-07-12 22:55:55.647 | INFO     | N/A | ⏳ 等待 Profile 更新任务...
2026-07-12 22:56:00.683 | INFO     | N/A | ⏳ 等待 Profile 更新任务...
2026-07-12 22:56:05.716 | INFO     | N/A | ⏳ 等待 Profile 更新任务...
2026-07-12 22:56:10.753 | INFO     | N/A | ⏳ 等待 Profile 更新任务...
2026-07-12 22:56:15.796 | INFO     | N/A | ⏳ 等待 Profile 更新任务...
2026-07-12 22:56:20.831 | INFO     | N/A | ⏳ 等待 Profile 更新任务...
2026-07-12 22:56:25.866 | INFO     | N/A | ⏳ 等待 Profile 更新任务...
2026-07-12 22:56:30.902 | INFO     | N/A | ⏳ 等待 Profile 更新任务...
2026-07-12 22:56:35.934 | INFO     | N/A | ⏳ 等待 Profile 更新任务...
2026-07-12 22:56:40.975 | INFO     | N/A | ⏳ 等待 Profile 更新任务...
2026-07-12 22:56:46.009 | INFO     | N/A | ⏳ 等待 Profile 更新任务...
2026-07-12 22:56:51.041 | INFO     | N/A | ⏳ 等待 Profile 更新任务...
2026-07-12 22:56:56.075 | INFO     | N/A | ⏳ 等待 Profile 更新任务...
2026-07-12 22:57:01.108 | INFO     | N/A | ⏳ 等待 Profile 更新任务...
2026-07-12 22:57:06.140 | INFO     | N/A | ⏳ 等待 Profile 更新任务...
2026-07-12 22:57:11.175 | INFO     | N/A | ⏳ 等待 Profile 更新任务...
2026-07-12 22:57:16.212 | INFO     | N/A | ⏳ 等待 Profile 更新任务...
2026-07-12 22:57:21.244 | INFO     | N/A | ⏳ 等待 Profile 更新任务...
2026-07-12 22:57:26.276 | INFO     | N/A | ⏳ 等待 Profile 更新任务...
2026-07-12 22:57:31.308 | INFO     | N/A | ⏳ 等待 Profile 更新任务...
2026-07-12 22:57:36.343 | INFO     | N/A | ⏳ 等待 Profile 更新任务...
2026-07-12 22:57:41.378 | INFO     | N/A | ⏳ 等待 Profile 更新任务...
2026-07-12 22:57:46.414 | INFO     | N/A | ⏳ 等待 Profile 更新任务...
2026-07-12 22:57:51.451 | INFO     | N/A | ⏳ 等待 Profile 更新任务...
2026-07-12 22:57:56.489 | INFO     | N/A | ⏳ 等待 Profile 更新任务...
2026-07-12 22:58:01.529 | INFO     | N/A | ⏳ 等待 Profile 更新任务...
2026-07-12 22:58:06.564 | INFO     | N/A | ⏳ 等待 Profile 更新任务...
2026-07-12 22:58:11.648 | INFO     | N/A | ⏳ 等待 Profile 更新任务...
2026-07-12 22:58:16.701 | INFO     | N/A | ⏳ 等待 Profile 更新任务...
2026-07-12 22:58:21.731 | INFO     | N/A | ⏳ 等待 Profile 更新任务...
2026-07-12 22:58:26.769 | INFO     | N/A | ⏳ 等待 Profile 更新任务...
2026-07-12 22:58:31.803 | INFO     | N/A | ⏳ 等待 Profile 更新任务...
2026-07-12 22:58:36.840 | INFO     | N/A | ⏳ 等待 Profile 更新任务...
2026-07-12 22:58:41.870 | INFO     | N/A | ⏳ 等待 Profile 更新任务...
2026-07-12 22:58:46.909 | INFO     | N/A | ⏳ 等待 Profile 更新任务...
2026-07-12 22:58:51.949 | INFO     | N/A | ⏳ 等待 Profile 更新任务...
2026-07-12 22:58:56.984 | INFO     | N/A | ⏳ 等待 Profile 更新任务...
2026-07-12 22:59:02.019 | INFO     | N/A | ⏳ 等待 Profile 更新任务...
2026-07-12 22:59:07.053 | INFO     | N/A | ⏳ 等待 Profile 更新任务...
2026-07-12 22:59:12.092 | INFO     | N/A | ⏳ 等待 Profile 更新任务...
2026-07-12 22:59:17.130 | INFO     | N/A | ⏳ 等待 Profile 更新任务...
2026-07-12 22:59:22.163 | INFO     | N/A | ⏳ 等待 Profile 更新任务...
2026-07-12 22:59:27.251 | INFO     | N/A | ⏳ 等待 Profile 更新任务...
2026-07-12 22:59:32.287 | INFO     | N/A | ⏳ 等待 Profile 更新任务...
2026-07-12 22:59:37.329 | INFO     | N/A | ⏳ 等待 Profile 更新任务...
2026-07-12 22:59:42.368 | INFO     | N/A | ⏳ 等待 Profile 更新任务...
2026-07-12 22:59:47.403 | INFO     | N/A | ⏳ 等待 Profile 更新任务...
2026-07-12 22:59:52.442 | INFO     | N/A | ⏳ 等待 Profile 更新任务...
2026-07-12 22:59:57.474 | INFO     | N/A | ⏳ 等待 Profile 更新任务...
2026-07-12 23:00:02.511 | INFO     | N/A | ⏳ 等待 Profile 更新任务...
2026-07-12 23:00:07.576 | INFO     | N/A | ⏳ 等待 Profile 更新任务...
2026-07-12 23:00:12.615 | INFO     | N/A | ⏳ 等待 Profile 更新任务...
2026-07-12 23:00:17.651 | INFO     | N/A | ⏳ 等待 Profile 更新任务...
2026-07-12 23:00:22.689 | INFO     | N/A | ⏳ 等待 Profile 更新任务...
2026-07-12 23:00:27.727 | INFO     | N/A | ⏳ 等待 Profile 更新任务...
2026-07-12 23:00:32.762 | INFO     | N/A | ⏳ 等待 Profile 更新任务...
2026-07-12 23:00:37.805 | INFO     | N/A | ⏳ 等待 Profile 更新任务...
2026-07-12 23:00:42.846 | INFO     | N/A | ⏳ 等待 Profile 更新任务...
2026-07-12 23:00:47.881 | INFO     | N/A | ⏳ 等待 Profile 更新任务...
2026-07-12 23:00:52.922 | INFO     | N/A | ⏳ 等待 Profile 更新任务...
2026-07-12 23:00:57.957 | INFO     | N/A | ⏳ 等待 Profile 更新任务...
2026-07-12 23:01:02.990 | INFO     | N/A | ⏳ 等待 Profile 更新任务...
2026-07-12 23:01:08.044 | INFO     | N/A | ⏳ 等待 Profile 更新任务...
2026-07-12 23:01:13.081 | INFO     | N/A | ⏳ 等待 Profile 更新任务...
2026-07-12 23:01:18.114 | INFO     | N/A | ⏳ 等待 Profile 更新任务...
2026-07-12 23:01:23.150 | INFO     | N/A | ⏳ 等待 Profile 更新任务...
2026-07-12 23:01:28.187 | INFO     | N/A | ⏳ 等待 Profile 更新任务...
2026-07-12 23:01:33.225 | INFO     | N/A | ⏳ 等待 Profile 更新任务...
2026-07-12 23:01:38.260 | INFO     | N/A | ⏳ 等待 Profile 更新任务...
2026-07-12 23:01:43.298 | INFO     | N/A | ⏳ 等待 Profile 更新任务...
2026-07-12 23:01:48.332 | INFO     | N/A | ⏳ 等待 Profile 更新任务...
2026-07-12 23:01:53.380 | INFO     | N/A | ⏳ 等待 Profile 更新任务...
2026-07-12 23:01:58.421 | INFO     | N/A | ⏳ 等待 Profile 更新任务...
2026-07-12 23:02:03.459 | INFO     | N/A | ⏳ 等待 Profile 更新任务...
2026-07-12 23:02:08.497 | INFO     | N/A | ⏳ 等待 Profile 更新任务...
2026-07-12 23:02:13.532 | INFO     | N/A | ⏳ 等待 Profile 更新任务...
2026-07-12 23:02:18.568 | INFO     | N/A | ⏳ 等待 Profile 更新任务...
2026-07-12 23:02:23.602 | INFO     | N/A | ⏳ 等待 Profile 更新任务...
2026-07-12 23:02:28.641 | INFO     | N/A | ⏳ 等待 Profile 更新任务...
2026-07-12 23:02:33.677 | INFO     | N/A | ⏳ 等待 Profile 更新任务...
2026-07-12 23:02:38.714 | INFO     | N/A | ⏳ 等待 Profile 更新任务...
2026-07-12 23:02:43.747 | INFO     | N/A | ⏳ 等待 Profile 更新任务...
2026-07-12 23:02:48.783 | INFO     | N/A | ⏳ 等待 Profile 更新任务...
2026-07-12 23:02:53.836 | INFO     | N/A | ⏳ 等待 Profile 更新任务...
2026-07-12 23:02:58.880 | INFO     | N/A | ⏳ 等待 Profile 更新任务...
2026-07-12 23:03:03.911 | INFO     | N/A | ⏳ 等待 Profile 更新任务...
2026-07-12 23:03:08.947 | INFO     | N/A | ⏳ 等待 Profile 更新任务...
2026-07-12 23:03:13.991 | INFO     | N/A | ⏳ 等待 Profile 更新任务...
2026-07-12 23:03:19.025 | INFO     | N/A | ⏳ 等待 Profile 更新任务...
2026-07-12 23:03:24.059 | INFO     | N/A | ⏳ 等待 Profile 更新任务...
2026-07-12 23:03:29.074 | INFO     | N/A | ⏳ 等待 Profile 更新任务...
2026-07-12 23:03:34.115 | INFO     | N/A | ⏳ 等待 Profile 更新任务...
2026-07-12 23:03:39.202 | INFO     | N/A | ⏳ 等待 Profile 更新任务...
2026-07-12 23:03:44.238 | INFO     | N/A | ⏳ 等待 Profile 更新任务...
2026-07-12 23:03:49.271 | INFO     | N/A | ⏳ 等待 Profile 更新任务...
2026-07-12 23:03:54.304 | INFO     | N/A | ⏳ 等待 Profile 更新任务...
2026-07-12 23:03:59.340 | INFO     | N/A | ⏳ 等待 Profile 更新任务...
2026-07-12 23:04:04.373 | INFO     | N/A | ⏳ 等待 Profile 更新任务...
2026-07-12 23:04:09.408 | INFO     | N/A | ⏳ 等待 Profile 更新任务...
2026-07-12 23:04:14.439 | INFO     | N/A | ⏳ 等待 Profile 更新任务...
2026-07-12 23:04:19.646 | INFO     | N/A | ⏳ 等待 Profile 更新任务...
2026-07-12 23:04:24.725 | INFO     | N/A | ⏳ 等待 Profile 更新任务...
2026-07-12 23:04:29.762 | INFO     | N/A | ⏳ 等待 Profile 更新任务...
2026-07-12 23:04:34.798 | INFO     | N/A | ⏳ 等待 Profile 更新任务...
2026-07-12 23:04:39.831 | INFO     | N/A | ⏳ 等待 Profile 更新任务...
2026-07-12 23:04:44.865 | INFO     | N/A | ⏳ 等待 Profile 更新任务...
2026-07-12 23:04:49.908 | INFO     | N/A | ⏳ 等待 Profile 更新任务...
2026-07-12 23:04:54.939 | INFO     | N/A | ⏳ 等待 Profile 更新任务...
2026-07-12 23:04:59.974 | INFO     | N/A | ⏳ 等待 Profile 更新任务...
2026-07-12 23:05:05.010 | INFO     | N/A | ⏳ 等待 Profile 更新任务...
2026-07-12 23:05:10.069 | INFO     | N/A | ⏳ 等待 Profile 更新任务...
2026-07-12 23:05:15.107 | INFO     | N/A | ⏳ 等待 Profile 更新任务...
2026-07-12 23:05:20.142 | INFO     | N/A | ⏳ 等待 Profile 更新任务...
2026-07-12 23:05:25.174 | INFO     | N/A | ⏳ 等待 Profile 更新任务...
2026-07-12 23:05:30.181 | INFO     | N/A | ⏳ 等待 Profile 更新任务...
2026-07-12 23:05:35.222 | INFO     | N/A | ⏳ 等待 Profile 更新任务...
2026-07-12 23:05:40.260 | INFO     | N/A | ⏳ 等待 Profile 更新任务...
2026-07-12 23:05:45.305 | INFO     | N/A | ⏳ 等待 Profile 更新任务...
2026-07-12 23:05:50.346 | INFO     | N/A | ⏳ 等待 Profile 更新任务...
2026-07-12 23:05:55.381 | INFO     | N/A | ⏳ 等待 Profile 更新任务...
2026-07-12 23:06:00.416 | INFO     | N/A | ⏳ 等待 Profile 更新任务...
2026-07-12 23:06:05.455 | INFO     | N/A | ⏳ 等待 Profile 更新任务...
2026-07-12 23:06:10.492 | INFO     | N/A | ⏳ 等待 Profile 更新任务...
2026-07-12 23:06:15.528 | INFO     | N/A | ⏳ 等待 Profile 更新任务...
2026-07-12 23:06:20.563 | INFO     | N/A | ⏳ 等待 Profile 更新任务...
2026-07-12 23:06:25.602 | INFO     | N/A | ⏳ 等待 Profile 更新任务...
2026-07-12 23:06:30.636 | INFO     | N/A | ⏳ 等待 Profile 更新任务...
2026-07-12 23:06:35.678 | INFO     | N/A | ⏳ 等待 Profile 更新任务...
2026-07-12 23:06:40.713 | INFO     | N/A | ⏳ 等待 Profile 更新任务...
2026-07-12 23:06:45.747 | INFO     | N/A | ⏳ 等待 Profile 更新任务...
2026-07-12 23:06:50.786 | INFO     | N/A | ⏳ 等待 Profile 更新任务...
2026-07-12 23:06:55.821 | INFO     | N/A | ⏳ 等待 Profile 更新任务...
2026-07-12 23:07:00.859 | INFO     | N/A | ⏳ 等待 Profile 更新任务...
2026-07-12 23:07:05.897 | INFO     | N/A | ⏳ 等待 Profile 更新任务...
2026-07-12 23:07:10.934 | INFO     | N/A | ⏳ 等待 Profile 更新任务...
2026-07-12 23:07:15.976 | INFO     | N/A | ⏳ 等待 Profile 更新任务...
2026-07-12 23:07:21.010 | INFO     | N/A | ⏳ 等待 Profile 更新任务...
2026-07-12 23:07:26.076 | INFO     | N/A | ⏳ 等待 Profile 更新任务...
2026-07-12 23:07:31.113 | INFO     | N/A | ⏳ 等待 Profile 更新任务...
2026-07-12 23:07:36.149 | INFO     | N/A | ⏳ 等待 Profile 更新任务...
2026-07-12 23:07:41.195 | INFO     | N/A | ⏳ 等待 Profile 更新任务...
2026-07-12 23:07:46.243 | INFO     | N/A | ⏳ 等待 Profile 更新任务...
2026-07-12 23:07:51.278 | INFO     | N/A | ⏳ 等待 Profile 更新任务...
2026-07-12 23:07:56.318 | INFO     | N/A | ⏳ 等待 Profile 更新任务...
2026-07-12 23:08:01.360 | INFO     | N/A | ⏳ 等待 Profile 更新任务...
2026-07-12 23:08:06.394 | INFO     | N/A | ⏳ 等待 Profile 更新任务...
2026-07-12 23:08:11.434 | INFO     | N/A | ⏳ 等待 Profile 更新任务...
2026-07-12 23:08:16.484 | INFO     | N/A | ⏳ 等待 Profile 更新任务...
2026-07-12 23:08:21.517 | INFO     | N/A | ⏳ 等待 Profile 更新任务...
2026-07-12 23:08:26.551 | INFO     | N/A | ⏳ 等待 Profile 更新任务...
2026-07-12 23:08:31.623 | INFO     | N/A | ⏳ 等待 Profile 更新任务...
2026-07-12 23:08:36.660 | INFO     | N/A | ⏳ 等待 Profile 更新任务...
2026-07-12 23:08:41.696 | INFO     | N/A | ⏳ 等待 Profile 更新任务...
2026-07-12 23:08:46.736 | INFO     | N/A | ⏳ 等待 Profile 更新任务...
2026-07-12 23:08:51.775 | INFO     | N/A | ⏳ 等待 Profile 更新任务...
2026-07-12 23:08:56.806 | INFO     | N/A | ⏳ 等待 Profile 更新任务...
2026-07-12 23:09:01.848 | INFO     | N/A | ⏳ 等待 Profile 更新任务...
2026-07-12 23:09:06.884 | INFO     | N/A | ⏳ 等待 Profile 更新任务...
2026-07-12 23:09:11.919 | INFO     | N/A | ⏳ 等待 Profile 更新任务...
2026-07-12 23:09:16.952 | INFO     | N/A | ⏳ 等待 Profile 更新任务...
2026-07-12 23:09:21.974 | INFO     | N/A | ⏳ 等待 Profile 更新任务...
2026-07-12 23:09:26.982 | INFO     | N/A | ⏳ 等待 Profile 更新任务...
2026-07-12 23:09:32.033 | INFO     | N/A | ⏳ 等待 Profile 更新任务...
2026-07-12 23:09:37.066 | INFO     | N/A | ⏳ 等待 Profile 更新任务...
2026-07-12 23:09:42.102 | INFO     | N/A | ⏳ 等待 Profile 更新任务...
2026-07-12 23:09:47.138 | INFO     | N/A | ⏳ 等待 Profile 更新任务...
2026-07-12 23:09:52.180 | INFO     | N/A | ⏳ 等待 Profile 更新任务...
2026-07-12 23:09:57.215 | INFO     | N/A | ⏳ 等待 Profile 更新任务...
2026-07-12 23:10:02.255 | INFO     | N/A | ⏳ 等待 Profile 更新任务...
2026-07-12 23:10:07.291 | INFO     | N/A | ⏳ 等待 Profile 更新任务...
2026-07-12 23:10:12.330 | INFO     | N/A | ⏳ 等待 Profile 更新任务...
2026-07-12 23:10:17.370 | INFO     | N/A | ⏳ 等待 Profile 更新任务...
2026-07-12 23:10:22.387 | INFO     | N/A | ⏳ 等待 Profile 更新任务...
2026-07-12 23:10:27.435 | INFO     | N/A | ⏳ 等待 Profile 更新任务...
2026-07-12 23:10:32.471 | INFO     | N/A | ⏳ 等待 Profile 更新任务...
2026-07-12 23:10:37.504 | INFO     | N/A | ⏳ 等待 Profile 更新任务...
2026-07-12 23:10:42.530 | INFO     | N/A | ⏳ 等待 Profile 更新任务...
2026-07-12 23:10:47.557 | INFO     | N/A | ⏳ 等待 Profile 更新任务...
2026-07-12 23:10:52.582 | INFO     | N/A | ⏳ 等待 Profile 更新任务...
2026-07-12 23:10:57.612 | INFO     | N/A | ⏳ 等待 Profile 更新任务...
2026-07-12 23:11:02.639 | INFO     | N/A | ⏳ 等待 Profile 更新任务...
2026-07-12 23:11:07.665 | INFO     | N/A | ⏳ 等待 Profile 更新任务...
2026-07-12 23:11:12.688 | INFO     | N/A | ⏳ 等待 Profile 更新任务...
2026-07-12 23:11:17.720 | INFO     | N/A | ⏳ 等待 Profile 更新任务...
2026-07-12 23:11:22.747 | INFO     | N/A | ⏳ 等待 Profile 更新任务...
2026-07-12 23:11:27.773 | INFO     | N/A | ⏳ 等待 Profile 更新任务...
2026-07-12 23:11:32.799 | INFO     | N/A | ⏳ 等待 Profile 更新任务...
2026-07-12 23:11:37.825 | INFO     | N/A | ⏳ 等待 Profile 更新任务...
2026-07-12 23:11:42.850 | INFO     | N/A | ⏳ 等待 Profile 更新任务...
2026-07-12 23:11:47.928 | INFO     | N/A | ⏳ 等待 Profile 更新任务...
2026-07-12 23:11:52.975 | INFO     | N/A | ⏳ 等待 Profile 更新任务...
2026-07-12 23:11:58.005 | INFO     | N/A | ⏳ 等待 Profile 更新任务...
2026-07-12 23:12:03.035 | INFO     | N/A | ⏳ 等待 Profile 更新任务...
2026-07-12 23:12:08.064 | INFO     | N/A | ⏳ 等待 Profile 更新任务...
2026-07-12 23:12:13.091 | INFO     | N/A | ⏳ 等待 Profile 更新任务...
2026-07-12 23:12:18.122 | INFO     | N/A | ⏳ 等待 Profile 更新任务...
2026-07-12 23:12:23.134 | INFO     | N/A | ⏳ 等待 Profile 更新任务...
2026-07-12 23:12:28.160 | INFO     | N/A | ⏳ 等待 Profile 更新任务...
2026-07-12 23:12:33.189 | INFO     | N/A | ⏳ 等待 Profile 更新任务...
2026-07-12 23:12:38.216 | INFO     | N/A | ⏳ 等待 Profile 更新任务...
2026-07-12 23:12:43.244 | INFO     | N/A | ⏳ 等待 Profile 更新任务...
2026-07-12 23:12:48.273 | INFO     | N/A | ⏳ 等待 Profile 更新任务...
2026-07-12 23:12:53.297 | INFO     | N/A | ⏳ 等待 Profile 更新任务...
2026-07-12 23:12:58.326 | INFO     | N/A | ⏳ 等待 Profile 更新任务...
2026-07-12 23:13:03.358 | INFO     | N/A | ⏳ 等待 Profile 更新任务...
2026-07-12 23:13:08.368 | INFO     | N/A | ⏳ 等待 Profile 更新任务...
2026-07-12 23:13:13.397 | INFO     | N/A | ⏳ 等待 Profile 更新任务...
2026-07-12 23:13:18.421 | INFO     | N/A | ⏳ 等待 Profile 更新任务...
2026-07-12 23:13:23.464 | INFO     | N/A | ⏳ 等待 Profile 更新任务...
2026-07-12 23:13:28.492 | INFO     | N/A | ⏳ 等待 Profile 更新任务...
2026-07-12 23:13:33.522 | INFO     | N/A | ⏳ 等待 Profile 更新任务...
2026-07-12 23:13:38.548 | INFO     | N/A | ⏳ 等待 Profile 更新任务...
2026-07-12 23:13:43.578 | INFO     | N/A | ⏳ 等待 Profile 更新任务...
2026-07-12 23:13:48.607 | INFO     | N/A | ⏳ 等待 Profile 更新任务...
2026-07-12 23:13:53.635 | INFO     | N/A | ⏳ 等待 Profile 更新任务...
2026-07-12 23:13:58.661 | INFO     | N/A | ⏳ 等待 Profile 更新任务...
2026-07-12 23:14:03.687 | INFO     | N/A | ⏳ 等待 Profile 更新任务...
2026-07-12 23:14:08.713 | INFO     | N/A | ⏳ 等待 Profile 更新任务...
2026-07-12 23:14:13.740 | INFO     | N/A | ⏳ 等待 Profile 更新任务...
2026-07-12 23:14:18.776 | INFO     | N/A | ⏳ 等待 Profile 更新任务...
2026-07-12 23:14:23.833 | INFO     | N/A | ⏳ 等待 Profile 更新任务...
2026-07-12 23:14:28.856 | INFO     | N/A | ⏳ 等待 Profile 更新任务...
2026-07-12 23:14:33.880 | INFO     | N/A | ⏳ 等待 Profile 更新任务...
2026-07-12 23:14:38.951 | INFO     | N/A | ⏳ 等待 Profile 更新任务...
2026-07-12 23:14:44.126 | INFO     | N/A | ⏳ 等待 Profile 更新任务...
2026-07-12 23:14:49.241 | INFO     | N/A | ⏳ 等待 Profile 更新任务...
2026-07-12 23:14:54.270 | INFO     | N/A | ⏳ 等待 Profile 更新任务...
2026-07-12 23:14:59.323 | INFO     | N/A | ⏳ 等待 Profile 更新任务...
2026-07-12 23:15:04.337 | INFO     | N/A | ⏳ 等待 Profile 更新任务...
2026-07-12 23:15:09.363 | INFO     | N/A | ⏳ 等待 Profile 更新任务...
2026-07-12 23:15:14.412 | INFO     | N/A | ⏳ 等待 Profile 更新任务...
2026-07-12 23:15:19.476 | INFO     | N/A | ⏳ 等待 Profile 更新任务...
2026-07-12 23:15:24.508 | INFO     | N/A | ⏳ 等待 Profile 更新任务...
2026-07-12 23:15:29.572 | INFO     | N/A | ⏳ 等待 Profile 更新任务...
2026-07-12 23:15:34.603 | INFO     | N/A | ⏳ 等待 Profile 更新任务...
2026-07-12 23:15:39.611 | INFO     | N/A | ⏳ 等待 Profile 更新任务...
2026-07-12 23:15:44.709 | INFO     | N/A | ⏳ 等待 Profile 更新任务...
2026-07-12 23:15:49.789 | INFO     | N/A | ⏳ 等待 Profile 更新任务...
2026-07-12 23:15:54.818 | INFO     | N/A | ⏳ 等待 Profile 更新任务...
2026-07-12 23:15:59.846 | INFO     | N/A | ⏳ 等待 Profile 更新任务...
2026-07-12 23:16:04.887 | INFO     | N/A | ⏳ 等待 Profile 更新任务...
2026-07-12 23:16:09.911 | INFO     | N/A | ⏳ 等待 Profile 更新任务...
2026-07-12 23:16:14.943 | INFO     | N/A | ⏳ 等待 Profile 更新任务...
2026-07-12 23:16:19.971 | INFO     | N/A | ⏳ 等待 Profile 更新任务...
2026-07-12 23:16:24.996 | INFO     | N/A | ⏳ 等待 Profile 更新任务...
2026-07-12 23:16:30.004 | INFO     | N/A | ⏳ 等待 Profile 更新任务...
2026-07-12 23:16:35.032 | INFO     | N/A | ⏳ 等待 Profile 更新任务...
2026-07-12 23:16:40.066 | INFO     | N/A | ⏳ 等待 Profile 更新任务...
2026-07-12 23:16:45.093 | INFO     | N/A | ⏳ 等待 Profile 更新任务...
2026-07-12 23:16:50.122 | INFO     | N/A | ⏳ 等待 Profile 更新任务...
2026-07-12 23:16:55.221 | INFO     | N/A | ⏳ 等待 Profile 更新任务...
2026-07-12 23:17:00.247 | INFO     | N/A | ⏳ 等待 Profile 更新任务...
2026-07-12 23:17:05.272 | INFO     | N/A | ⏳ 等待 Profile 更新任务...
2026-07-12 23:17:10.303 | INFO     | N/A | ⏳ 等待 Profile 更新任务...
2026-07-12 23:17:15.373 | INFO     | N/A | ⏳ 等待 Profile 更新任务...
2026-07-12 23:17:20.402 | INFO     | N/A | ⏳ 等待 Profile 更新任务...
2026-07-12 23:17:25.432 | INFO     | N/A | ⏳ 等待 Profile 更新任务...
2026-07-12 23:17:30.525 | INFO     | N/A | ⏳ 等待 Profile 更新任务...
2026-07-12 23:17:35.546 | INFO     | N/A | ⏳ 等待 Profile 更新任务...
2026-07-12 23:17:40.595 | INFO     | N/A | ⏳ 等待 Profile 更新任务...
2026-07-12 23:17:45.621 | INFO     | N/A | ⏳ 等待 Profile 更新任务...
2026-07-12 23:17:50.647 | INFO     | N/A | ⏳ 等待 Profile 更新任务...
2026-07-12 23:17:55.674 | INFO     | N/A | ⏳ 等待 Profile 更新任务...
2026-07-12 23:18:00.715 | INFO     | N/A | ⏳ 等待 Profile 更新任务...
2026-07-12 23:18:05.742 | INFO     | N/A | ⏳ 等待 Profile 更新任务...
2026-07-12 23:18:10.776 | INFO     | N/A | ⏳ 等待 Profile 更新任务...
2026-07-12 23:18:15.801 | INFO     | N/A | ⏳ 等待 Profile 更新任务...
2026-07-12 23:18:20.830 | INFO     | N/A | ⏳ 等待 Profile 更新任务...
2026-07-12 23:18:25.900 | INFO     | N/A | ⏳ 等待 Profile 更新任务...
2026-07-12 23:18:30.931 | INFO     | N/A | ⏳ 等待 Profile 更新任务...
2026-07-12 23:18:35.959 | INFO     | N/A | ⏳ 等待 Profile 更新任务...
2026-07-12 23:18:41.013 | INFO     | N/A | ⏳ 等待 Profile 更新任务...
2026-07-12 23:18:46.035 | INFO     | N/A | ⏳ 等待 Profile 更新任务...
2026-07-12 23:18:51.051 | INFO     | N/A | ⏳ 等待 Profile 更新任务...
2026-07-12 23:18:56.072 | INFO     | N/A | ⏳ 等待 Profile 更新任务...
2026-07-12 23:19:01.108 | INFO     | N/A | ⏳ 等待 Profile 更新任务...
2026-07-12 23:19:06.133 | INFO     | N/A | ⏳ 等待 Profile 更新任务...
2026-07-12 23:19:11.175 | INFO     | N/A | ⏳ 等待 Profile 更新任务...
2026-07-12 23:19:16.243 | INFO     | N/A | ⏳ 等待 Profile 更新任务...
2026-07-12 23:19:21.370 | INFO     | N/A | ⏳ 等待 Profile 更新任务...
2026-07-12 23:19:26.454 | INFO     | N/A | ⏳ 等待 Profile 更新任务...
2026-07-12 23:19:31.481 | INFO     | N/A | ⏳ 等待 Profile 更新任务...
2026-07-12 23:19:36.545 | INFO     | N/A | ⏳ 等待 Profile 更新任务...
2026-07-12 23:19:41.615 | INFO     | N/A | ⏳ 等待 Profile 更新任务...
2026-07-12 23:19:46.640 | INFO     | N/A | ⏳ 等待 Profile 更新任务...
2026-07-12 23:19:51.709 | INFO     | N/A | ⏳ 等待 Profile 更新任务...
2026-07-12 23:19:56.737 | INFO     | N/A | ⏳ 等待 Profile 更新任务...
2026-07-12 23:20:01.769 | INFO     | N/A | ⏳ 等待 Profile 更新任务...
2026-07-12 23:20:06.808 | INFO     | N/A | ⏳ 等待 Profile 更新任务...
2026-07-12 23:20:11.855 | INFO     | N/A | ⏳ 等待 Profile 更新任务...
2026-07-12 23:20:17.023 | INFO     | N/A | ⏳ 等待 Profile 更新任务...
2026-07-12 23:20:22.051 | INFO     | N/A | ⏳ 等待 Profile 更新任务...
2026-07-12 23:20:27.100 | INFO     | N/A | ⏳ 等待 Profile 更新任务...
2026-07-12 23:20:32.134 | INFO     | N/A | ⏳ 等待 Profile 更新任务...
2026-07-12 23:20:37.140 | INFO     | N/A | ⏳ 等待 Profile 更新任务...
2026-07-12 23:20:42.168 | INFO     | N/A | ⏳ 等待 Profile 更新任务...
2026-07-12 23:20:47.200 | INFO     | N/A | ⏳ 等待 Profile 更新任务...
2026-07-12 23:20:52.204 | INFO     | N/A | ⏳ 等待 Profile 更新任务...
2026-07-12 23:20:57.259 | INFO     | N/A | ⏳ 等待 Profile 更新任务...
2026-07-12 23:21:02.304 | INFO     | N/A | ⏳ 等待 Profile 更新任务...
2026-07-12 23:21:07.333 | INFO     | N/A | ⏳ 等待 Profile 更新任务...
2026-07-12 23:21:12.371 | INFO     | N/A | ⏳ 等待 Profile 更新任务...
2026-07-12 23:21:17.404 | INFO     | N/A | ⏳ 等待 Profile 更新任务...
2026-07-12 23:21:22.435 | INFO     | N/A | ⏳ 等待 Profile 更新任务...
2026-07-12 23:21:27.515 | INFO     | N/A | ⏳ 等待 Profile 更新任务...
2026-07-12 23:21:32.542 | INFO     | N/A | ⏳ 等待 Profile 更新任务...
2026-07-12 23:21:37.566 | INFO     | N/A | ⏳ 等待 Profile 更新任务...
2026-07-12 23:21:42.595 | INFO     | N/A | ⏳ 等待 Profile 更新任务...
2026-07-12 23:21:47.620 | INFO     | N/A | ⏳ 等待 Profile 更新任务...
2026-07-12 23:21:52.648 | INFO     | N/A | ⏳ 等待 Profile 更新任务...
2026-07-12 23:21:57.677 | INFO     | N/A | ⏳ 等待 Profile 更新任务...
2026-07-12 23:22:02.707 | INFO     | N/A | ⏳ 等待 Profile 更新任务...
2026-07-12 23:22:07.734 | INFO     | N/A | ⏳ 等待 Profile 更新任务...
2026-07-12 23:22:12.761 | INFO     | N/A | ⏳ 等待 Profile 更新任务...
2026-07-12 23:22:17.795 | INFO     | N/A | ⏳ 等待 Profile 更新任务...
2026-07-12 23:22:22.821 | INFO     | N/A | ⏳ 等待 Profile 更新任务...
2026-07-12 23:22:27.894 | INFO     | N/A | ⏳ 等待 Profile 更新任务...
2026-07-12 23:22:32.921 | INFO     | N/A | ⏳ 等待 Profile 更新任务...
2026-07-12 23:22:38.091 | INFO     | N/A | ⏳ 等待 Profile 更新任务...
2026-07-12 23:22:43.185 | INFO     | N/A | ⏳ 等待 Profile 更新任务...
2026-07-12 23:22:48.231 | INFO     | N/A | ⏳ 等待 Profile 更新任务...
2026-07-12 23:22:53.299 | INFO     | N/A | ⏳ 等待 Profile 更新任务...
2026-07-12 23:22:58.483 | INFO     | N/A | ⏳ 等待 Profile 更新任务...
2026-07-12 23:23:03.588 | INFO     | N/A | ⏳ 等待 Profile 更新任务...
2026-07-12 23:23:08.639 | INFO     | N/A | ⏳ 等待 Profile 更新任务...
2026-07-12 23:23:13.677 | INFO     | N/A | ⏳ 等待 Profile 更新任务...
2026-07-12 23:23:18.691 | INFO     | N/A | ⏳ 等待 Profile 更新任务...
2026-07-12 23:23:23.730 | INFO     | N/A | ⏳ 等待 Profile 更新任务...
2026-07-12 23:23:28.751 | INFO     | N/A | ⏳ 等待 Profile 更新任务...
2026-07-12 23:23:33.780 | INFO     | N/A | ⏳ 等待 Profile 更新任务...
2026-07-12 23:23:38.809 | INFO     | N/A | ⏳ 等待 Profile 更新任务...
2026-07-12 23:23:43.884 | INFO     | N/A | ⏳ 等待 Profile 更新任务...
2026-07-12 23:23:48.915 | INFO     | N/A | ⏳ 等待 Profile 更新任务...
2026-07-12 23:23:53.938 | INFO     | N/A | ⏳ 等待 Profile 更新任务...
2026-07-12 23:23:58.980 | INFO     | N/A | ⏳ 等待 Profile 更新任务...
2026-07-12 23:24:04.009 | INFO     | N/A | ⏳ 等待 Profile 更新任务...
2026-07-12 23:24:09.036 | INFO     | N/A | ⏳ 等待 Profile 更新任务...
2026-07-12 23:24:14.066 | INFO     | N/A | ⏳ 等待 Profile 更新任务...
2026-07-12 23:24:19.133 | INFO     | N/A | ⏳ 等待 Profile 更新任务...
2026-07-12 23:24:24.157 | INFO     | N/A | ⏳ 等待 Profile 更新任务...
2026-07-12 23:24:29.182 | INFO     | N/A | ⏳ 等待 Profile 更新任务...
2026-07-12 23:24:34.205 | INFO     | N/A | ⏳ 等待 Profile 更新任务...
2026-07-12 23:24:39.228 | INFO     | N/A | ⏳ 等待 Profile 更新任务...
2026-07-12 23:24:44.309 | INFO     | N/A | ⏳ 等待 Profile 更新任务...
2026-07-12 23:24:49.410 | INFO     | N/A | ⏳ 等待 Profile 更新任务...
2026-07-12 23:24:54.439 | INFO     | N/A | ⏳ 等待 Profile 更新任务...
2026-07-12 23:24:59.469 | INFO     | N/A | ⏳ 等待 Profile 更新任务...
2026-07-12 23:25:04.519 | INFO     | N/A | ⏳ 等待 Profile 更新任务...
2026-07-12 23:25:16.914 | INFO     | N/A | ⏳ 等待 Profile 更新任务...
2026-07-12 23:25:22.573 | INFO     | N/A | ⏳ 等待 Profile 更新任务...
2026-07-12 23:25:27.609 | INFO     | N/A | ⏳ 等待 Profile 更新任务...
2026-07-12 23:25:32.639 | INFO     | N/A | ⏳ 等待 Profile 更新任务...
2026-07-12 23:25:37.698 | INFO     | N/A | ⏳ 等待 Profile 更新任务...
2026-07-12 23:25:58.314 | INFO     | N/A | ⏳ 等待 Profile 更新任务...
2026-07-12 23:26:03.344 | INFO     | N/A | ⏳ 等待 Profile 更新任务...
