2026-06-29 20:19:24.814 | INFO     | N/A | 🚀 Profile Update Worker 启动
2026-06-29 20:19:24.814 | INFO     | N/A | ⏳ 等待 Profile 更新任务...
2026-06-29 20:19:29.841 | ERROR    | N/A | Worker 主循环异常: Timeout reading from socket
Traceback (most recent call last):

  File "D:\毕业设计\Travel_python\.venv\Lib\site-packages\redis\_parsers\socket.py", line 64, in _read_from_socket
    data = sock.recv(socket_read_size)

TimeoutError: timed out


During handling of the above exception, another exception occurred:


Traceback (most recent call last):

  File "D:\毕业设计\Travel_python\travel_ai_python\app\service\profile_worker.py", line 194, in <module>
    run_worker()

> File "D:\毕业设计\Travel_python\travel_ai_python\app\service\profile_worker.py", line 169, in run_worker
    task_data = pop_profile_update_task(block=True, timeout=5)

  File "D:\毕业设计\Travel_python\travel_ai_python\app\utils\redis_client.py", line 37, in pop_profile_update_task
    result = redis_client.brpop(PROFILE_UPDATE_QUEUE, timeout=timeout)

  File "D:\毕业设计\Travel_python\.venv\Lib\site-packages\redis\commands\core.py", line 4751, in brpop
    return self.execute_command("BRPOP", *keys)
  File "D:\毕业设计\Travel_python\.venv\Lib\site-packages\redis\client.py", line 787, in execute_command
    return self._execute_command(*args, **options)
  File "D:\毕业设计\Travel_python\.venv\Lib\site-packages\redis\client.py", line 809, in _execute_command
    result = conn.retry.call_with_retry(
  File "D:\毕业设计\Travel_python\.venv\Lib\site-packages\redis\retry.py", line 132, in call_with_retry
    raise error
  File "D:\毕业设计\Travel_python\.venv\Lib\site-packages\redis\retry.py", line 120, in call_with_retry
    return do()
  File "D:\毕业设计\Travel_python\.venv\Lib\site-packages\redis\client.py", line 810, in <lambda>
    lambda: self._send_command_parse_response(
  File "D:\毕业设计\Travel_python\.venv\Lib\site-packages\redis\client.py", line 753, in _send_command_parse_response
    return self.parse_response(conn, command_name, **options)
  File "D:\毕业设计\Travel_python\.venv\Lib\site-packages\redis\client.py", line 853, in parse_response
    response = connection.read_response()
  File "D:\毕业设计\Travel_python\.venv\Lib\site-packages\redis\connection.py", line 1371, in read_response
    response = self._parser.read_response(
  File "D:\毕业设计\Travel_python\.venv\Lib\site-packages\redis\_parsers\resp3.py", line 40, in read_response
    result = self._read_response(
  File "D:\毕业设计\Travel_python\.venv\Lib\site-packages\redis\_parsers\resp3.py", line 65, in _read_response
    raw = self._buffer.readline(timeout=timeout)
  File "D:\毕业设计\Travel_python\.venv\Lib\site-packages\redis\_parsers\socket.py", line 117, in readline
    self._read_from_socket(timeout=timeout)
  File "D:\毕业设计\Travel_python\.venv\Lib\site-packages\redis\_parsers\socket.py", line 77, in _read_from_socket
    raise TimeoutError("Timeout reading from socket")

redis.exceptions.TimeoutError: Timeout reading from socket
2026-06-29 20:19:30.862 | INFO     | N/A | ⏳ 等待 Profile 更新任务...
2026-06-29 20:19:35.897 | ERROR    | N/A | Worker 主循环异常: Timeout reading from socket
Traceback (most recent call last):

  File "D:\毕业设计\Travel_python\.venv\Lib\site-packages\redis\_parsers\socket.py", line 64, in _read_from_socket
    data = sock.recv(socket_read_size)

TimeoutError: timed out


During handling of the above exception, another exception occurred:


Traceback (most recent call last):

  File "D:\毕业设计\Travel_python\travel_ai_python\app\service\profile_worker.py", line 194, in <module>
    run_worker()

> File "D:\毕业设计\Travel_python\travel_ai_python\app\service\profile_worker.py", line 169, in run_worker
    task_data = pop_profile_update_task(block=True, timeout=5)

  File "D:\毕业设计\Travel_python\travel_ai_python\app\utils\redis_client.py", line 37, in pop_profile_update_task
    result = redis_client.brpop(PROFILE_UPDATE_QUEUE, timeout=timeout)

  File "D:\毕业设计\Travel_python\.venv\Lib\site-packages\redis\commands\core.py", line 4751, in brpop
    return self.execute_command("BRPOP", *keys)
  File "D:\毕业设计\Travel_python\.venv\Lib\site-packages\redis\client.py", line 787, in execute_command
    return self._execute_command(*args, **options)
  File "D:\毕业设计\Travel_python\.venv\Lib\site-packages\redis\client.py", line 809, in _execute_command
    result = conn.retry.call_with_retry(
  File "D:\毕业设计\Travel_python\.venv\Lib\site-packages\redis\retry.py", line 132, in call_with_retry
    raise error
  File "D:\毕业设计\Travel_python\.venv\Lib\site-packages\redis\retry.py", line 120, in call_with_retry
    return do()
  File "D:\毕业设计\Travel_python\.venv\Lib\site-packages\redis\client.py", line 810, in <lambda>
    lambda: self._send_command_parse_response(
  File "D:\毕业设计\Travel_python\.venv\Lib\site-packages\redis\client.py", line 753, in _send_command_parse_response
    return self.parse_response(conn, command_name, **options)
  File "D:\毕业设计\Travel_python\.venv\Lib\site-packages\redis\client.py", line 853, in parse_response
    response = connection.read_response()
  File "D:\毕业设计\Travel_python\.venv\Lib\site-packages\redis\connection.py", line 1371, in read_response
    response = self._parser.read_response(
  File "D:\毕业设计\Travel_python\.venv\Lib\site-packages\redis\_parsers\resp3.py", line 40, in read_response
    result = self._read_response(
  File "D:\毕业设计\Travel_python\.venv\Lib\site-packages\redis\_parsers\resp3.py", line 65, in _read_response
    raw = self._buffer.readline(timeout=timeout)
  File "D:\毕业设计\Travel_python\.venv\Lib\site-packages\redis\_parsers\socket.py", line 117, in readline
    self._read_from_socket(timeout=timeout)
  File "D:\毕业设计\Travel_python\.venv\Lib\site-packages\redis\_parsers\socket.py", line 77, in _read_from_socket
    raise TimeoutError("Timeout reading from socket")

redis.exceptions.TimeoutError: Timeout reading from socket
2026-06-29 20:19:36.908 | INFO     | N/A | ⏳ 等待 Profile 更新任务...
2026-06-29 20:19:41.946 | ERROR    | N/A | Worker 主循环异常: Timeout reading from socket
Traceback (most recent call last):

  File "D:\毕业设计\Travel_python\.venv\Lib\site-packages\redis\_parsers\socket.py", line 64, in _read_from_socket
    data = sock.recv(socket_read_size)

TimeoutError: timed out


During handling of the above exception, another exception occurred:


Traceback (most recent call last):

  File "D:\毕业设计\Travel_python\travel_ai_python\app\service\profile_worker.py", line 194, in <module>
    run_worker()

> File "D:\毕业设计\Travel_python\travel_ai_python\app\service\profile_worker.py", line 169, in run_worker
    task_data = pop_profile_update_task(block=True, timeout=5)

  File "D:\毕业设计\Travel_python\travel_ai_python\app\utils\redis_client.py", line 37, in pop_profile_update_task
    result = redis_client.brpop(PROFILE_UPDATE_QUEUE, timeout=timeout)

  File "D:\毕业设计\Travel_python\.venv\Lib\site-packages\redis\commands\core.py", line 4751, in brpop
    return self.execute_command("BRPOP", *keys)
  File "D:\毕业设计\Travel_python\.venv\Lib\site-packages\redis\client.py", line 787, in execute_command
    return self._execute_command(*args, **options)
  File "D:\毕业设计\Travel_python\.venv\Lib\site-packages\redis\client.py", line 809, in _execute_command
    result = conn.retry.call_with_retry(
  File "D:\毕业设计\Travel_python\.venv\Lib\site-packages\redis\retry.py", line 132, in call_with_retry
    raise error
  File "D:\毕业设计\Travel_python\.venv\Lib\site-packages\redis\retry.py", line 120, in call_with_retry
    return do()
  File "D:\毕业设计\Travel_python\.venv\Lib\site-packages\redis\client.py", line 810, in <lambda>
    lambda: self._send_command_parse_response(
  File "D:\毕业设计\Travel_python\.venv\Lib\site-packages\redis\client.py", line 753, in _send_command_parse_response
    return self.parse_response(conn, command_name, **options)
  File "D:\毕业设计\Travel_python\.venv\Lib\site-packages\redis\client.py", line 853, in parse_response
    response = connection.read_response()
  File "D:\毕业设计\Travel_python\.venv\Lib\site-packages\redis\connection.py", line 1371, in read_response
    response = self._parser.read_response(
  File "D:\毕业设计\Travel_python\.venv\Lib\site-packages\redis\_parsers\resp3.py", line 40, in read_response
    result = self._read_response(
  File "D:\毕业设计\Travel_python\.venv\Lib\site-packages\redis\_parsers\resp3.py", line 65, in _read_response
    raw = self._buffer.readline(timeout=timeout)
  File "D:\毕业设计\Travel_python\.venv\Lib\site-packages\redis\_parsers\socket.py", line 117, in readline
    self._read_from_socket(timeout=timeout)
  File "D:\毕业设计\Travel_python\.venv\Lib\site-packages\redis\_parsers\socket.py", line 77, in _read_from_socket
    raise TimeoutError("Timeout reading from socket")

redis.exceptions.TimeoutError: Timeout reading from socket
2026-06-29 20:19:42.950 | INFO     | N/A | ⏳ 等待 Profile 更新任务...
2026-06-29 20:19:47.973 | ERROR    | N/A | Worker 主循环异常: Timeout reading from socket
Traceback (most recent call last):

  File "D:\毕业设计\Travel_python\.venv\Lib\site-packages\redis\_parsers\socket.py", line 64, in _read_from_socket
    data = sock.recv(socket_read_size)

TimeoutError: timed out


During handling of the above exception, another exception occurred:


Traceback (most recent call last):

  File "D:\毕业设计\Travel_python\travel_ai_python\app\service\profile_worker.py", line 194, in <module>
    run_worker()

> File "D:\毕业设计\Travel_python\travel_ai_python\app\service\profile_worker.py", line 169, in run_worker
    task_data = pop_profile_update_task(block=True, timeout=5)

  File "D:\毕业设计\Travel_python\travel_ai_python\app\utils\redis_client.py", line 37, in pop_profile_update_task
    result = redis_client.brpop(PROFILE_UPDATE_QUEUE, timeout=timeout)

  File "D:\毕业设计\Travel_python\.venv\Lib\site-packages\redis\commands\core.py", line 4751, in brpop
    return self.execute_command("BRPOP", *keys)
  File "D:\毕业设计\Travel_python\.venv\Lib\site-packages\redis\client.py", line 787, in execute_command
    return self._execute_command(*args, **options)
  File "D:\毕业设计\Travel_python\.venv\Lib\site-packages\redis\client.py", line 809, in _execute_command
    result = conn.retry.call_with_retry(
  File "D:\毕业设计\Travel_python\.venv\Lib\site-packages\redis\retry.py", line 132, in call_with_retry
    raise error
  File "D:\毕业设计\Travel_python\.venv\Lib\site-packages\redis\retry.py", line 120, in call_with_retry
    return do()
  File "D:\毕业设计\Travel_python\.venv\Lib\site-packages\redis\client.py", line 810, in <lambda>
    lambda: self._send_command_parse_response(
  File "D:\毕业设计\Travel_python\.venv\Lib\site-packages\redis\client.py", line 753, in _send_command_parse_response
    return self.parse_response(conn, command_name, **options)
  File "D:\毕业设计\Travel_python\.venv\Lib\site-packages\redis\client.py", line 853, in parse_response
    response = connection.read_response()
  File "D:\毕业设计\Travel_python\.venv\Lib\site-packages\redis\connection.py", line 1371, in read_response
    response = self._parser.read_response(
  File "D:\毕业设计\Travel_python\.venv\Lib\site-packages\redis\_parsers\resp3.py", line 40, in read_response
    result = self._read_response(
  File "D:\毕业设计\Travel_python\.venv\Lib\site-packages\redis\_parsers\resp3.py", line 65, in _read_response
    raw = self._buffer.readline(timeout=timeout)
  File "D:\毕业设计\Travel_python\.venv\Lib\site-packages\redis\_parsers\socket.py", line 117, in readline
    self._read_from_socket(timeout=timeout)
  File "D:\毕业设计\Travel_python\.venv\Lib\site-packages\redis\_parsers\socket.py", line 77, in _read_from_socket
    raise TimeoutError("Timeout reading from socket")

redis.exceptions.TimeoutError: Timeout reading from socket
2026-06-29 20:19:48.977 | INFO     | N/A | ⏳ 等待 Profile 更新任务...
2026-06-29 20:19:53.999 | ERROR    | N/A | Worker 主循环异常: Timeout reading from socket
Traceback (most recent call last):

  File "D:\毕业设计\Travel_python\.venv\Lib\site-packages\redis\_parsers\socket.py", line 64, in _read_from_socket
    data = sock.recv(socket_read_size)

TimeoutError: timed out


During handling of the above exception, another exception occurred:


Traceback (most recent call last):

  File "D:\毕业设计\Travel_python\travel_ai_python\app\service\profile_worker.py", line 194, in <module>
    run_worker()

> File "D:\毕业设计\Travel_python\travel_ai_python\app\service\profile_worker.py", line 169, in run_worker
    task_data = pop_profile_update_task(block=True, timeout=5)

  File "D:\毕业设计\Travel_python\travel_ai_python\app\utils\redis_client.py", line 37, in pop_profile_update_task
    result = redis_client.brpop(PROFILE_UPDATE_QUEUE, timeout=timeout)

  File "D:\毕业设计\Travel_python\.venv\Lib\site-packages\redis\commands\core.py", line 4751, in brpop
    return self.execute_command("BRPOP", *keys)
  File "D:\毕业设计\Travel_python\.venv\Lib\site-packages\redis\client.py", line 787, in execute_command
    return self._execute_command(*args, **options)
  File "D:\毕业设计\Travel_python\.venv\Lib\site-packages\redis\client.py", line 809, in _execute_command
    result = conn.retry.call_with_retry(
  File "D:\毕业设计\Travel_python\.venv\Lib\site-packages\redis\retry.py", line 132, in call_with_retry
    raise error
  File "D:\毕业设计\Travel_python\.venv\Lib\site-packages\redis\retry.py", line 120, in call_with_retry
    return do()
  File "D:\毕业设计\Travel_python\.venv\Lib\site-packages\redis\client.py", line 810, in <lambda>
    lambda: self._send_command_parse_response(
  File "D:\毕业设计\Travel_python\.venv\Lib\site-packages\redis\client.py", line 753, in _send_command_parse_response
    return self.parse_response(conn, command_name, **options)
  File "D:\毕业设计\Travel_python\.venv\Lib\site-packages\redis\client.py", line 853, in parse_response
    response = connection.read_response()
  File "D:\毕业设计\Travel_python\.venv\Lib\site-packages\redis\connection.py", line 1371, in read_response
    response = self._parser.read_response(
  File "D:\毕业设计\Travel_python\.venv\Lib\site-packages\redis\_parsers\resp3.py", line 40, in read_response
    result = self._read_response(
  File "D:\毕业设计\Travel_python\.venv\Lib\site-packages\redis\_parsers\resp3.py", line 65, in _read_response
    raw = self._buffer.readline(timeout=timeout)
  File "D:\毕业设计\Travel_python\.venv\Lib\site-packages\redis\_parsers\socket.py", line 117, in readline
    self._read_from_socket(timeout=timeout)
  File "D:\毕业设计\Travel_python\.venv\Lib\site-packages\redis\_parsers\socket.py", line 77, in _read_from_socket
    raise TimeoutError("Timeout reading from socket")

redis.exceptions.TimeoutError: Timeout reading from socket
2026-06-29 20:19:55.005 | INFO     | N/A | ⏳ 等待 Profile 更新任务...
2026-06-29 20:20:00.042 | ERROR    | N/A | Worker 主循环异常: Timeout reading from socket
Traceback (most recent call last):

  File "D:\毕业设计\Travel_python\.venv\Lib\site-packages\redis\_parsers\socket.py", line 64, in _read_from_socket
    data = sock.recv(socket_read_size)

TimeoutError: timed out


During handling of the above exception, another exception occurred:


Traceback (most recent call last):

  File "D:\毕业设计\Travel_python\travel_ai_python\app\service\profile_worker.py", line 194, in <module>
    run_worker()

> File "D:\毕业设计\Travel_python\travel_ai_python\app\service\profile_worker.py", line 169, in run_worker
    task_data = pop_profile_update_task(block=True, timeout=5)

  File "D:\毕业设计\Travel_python\travel_ai_python\app\utils\redis_client.py", line 37, in pop_profile_update_task
    result = redis_client.brpop(PROFILE_UPDATE_QUEUE, timeout=timeout)

  File "D:\毕业设计\Travel_python\.venv\Lib\site-packages\redis\commands\core.py", line 4751, in brpop
    return self.execute_command("BRPOP", *keys)
  File "D:\毕业设计\Travel_python\.venv\Lib\site-packages\redis\client.py", line 787, in execute_command
    return self._execute_command(*args, **options)
  File "D:\毕业设计\Travel_python\.venv\Lib\site-packages\redis\client.py", line 809, in _execute_command
    result = conn.retry.call_with_retry(
  File "D:\毕业设计\Travel_python\.venv\Lib\site-packages\redis\retry.py", line 132, in call_with_retry
    raise error
  File "D:\毕业设计\Travel_python\.venv\Lib\site-packages\redis\retry.py", line 120, in call_with_retry
    return do()
  File "D:\毕业设计\Travel_python\.venv\Lib\site-packages\redis\client.py", line 810, in <lambda>
    lambda: self._send_command_parse_response(
  File "D:\毕业设计\Travel_python\.venv\Lib\site-packages\redis\client.py", line 753, in _send_command_parse_response
    return self.parse_response(conn, command_name, **options)
  File "D:\毕业设计\Travel_python\.venv\Lib\site-packages\redis\client.py", line 853, in parse_response
    response = connection.read_response()
  File "D:\毕业设计\Travel_python\.venv\Lib\site-packages\redis\connection.py", line 1371, in read_response
    response = self._parser.read_response(
  File "D:\毕业设计\Travel_python\.venv\Lib\site-packages\redis\_parsers\resp3.py", line 40, in read_response
    result = self._read_response(
  File "D:\毕业设计\Travel_python\.venv\Lib\site-packages\redis\_parsers\resp3.py", line 65, in _read_response
    raw = self._buffer.readline(timeout=timeout)
  File "D:\毕业设计\Travel_python\.venv\Lib\site-packages\redis\_parsers\socket.py", line 117, in readline
    self._read_from_socket(timeout=timeout)
  File "D:\毕业设计\Travel_python\.venv\Lib\site-packages\redis\_parsers\socket.py", line 77, in _read_from_socket
    raise TimeoutError("Timeout reading from socket")

redis.exceptions.TimeoutError: Timeout reading from socket
2026-06-29 20:20:01.048 | INFO     | N/A | ⏳ 等待 Profile 更新任务...
2026-06-29 20:20:06.076 | ERROR    | N/A | Worker 主循环异常: Timeout reading from socket
Traceback (most recent call last):

  File "D:\毕业设计\Travel_python\.venv\Lib\site-packages\redis\_parsers\socket.py", line 64, in _read_from_socket
    data = sock.recv(socket_read_size)

TimeoutError: timed out


During handling of the above exception, another exception occurred:


Traceback (most recent call last):

  File "D:\毕业设计\Travel_python\travel_ai_python\app\service\profile_worker.py", line 194, in <module>
    run_worker()

> File "D:\毕业设计\Travel_python\travel_ai_python\app\service\profile_worker.py", line 169, in run_worker
    task_data = pop_profile_update_task(block=True, timeout=5)

  File "D:\毕业设计\Travel_python\travel_ai_python\app\utils\redis_client.py", line 37, in pop_profile_update_task
    result = redis_client.brpop(PROFILE_UPDATE_QUEUE, timeout=timeout)

  File "D:\毕业设计\Travel_python\.venv\Lib\site-packages\redis\commands\core.py", line 4751, in brpop
    return self.execute_command("BRPOP", *keys)
  File "D:\毕业设计\Travel_python\.venv\Lib\site-packages\redis\client.py", line 787, in execute_command
    return self._execute_command(*args, **options)
  File "D:\毕业设计\Travel_python\.venv\Lib\site-packages\redis\client.py", line 809, in _execute_command
    result = conn.retry.call_with_retry(
  File "D:\毕业设计\Travel_python\.venv\Lib\site-packages\redis\retry.py", line 132, in call_with_retry
    raise error
  File "D:\毕业设计\Travel_python\.venv\Lib\site-packages\redis\retry.py", line 120, in call_with_retry
    return do()
  File "D:\毕业设计\Travel_python\.venv\Lib\site-packages\redis\client.py", line 810, in <lambda>
    lambda: self._send_command_parse_response(
  File "D:\毕业设计\Travel_python\.venv\Lib\site-packages\redis\client.py", line 753, in _send_command_parse_response
    return self.parse_response(conn, command_name, **options)
  File "D:\毕业设计\Travel_python\.venv\Lib\site-packages\redis\client.py", line 853, in parse_response
    response = connection.read_response()
  File "D:\毕业设计\Travel_python\.venv\Lib\site-packages\redis\connection.py", line 1371, in read_response
    response = self._parser.read_response(
  File "D:\毕业设计\Travel_python\.venv\Lib\site-packages\redis\_parsers\resp3.py", line 40, in read_response
    result = self._read_response(
  File "D:\毕业设计\Travel_python\.venv\Lib\site-packages\redis\_parsers\resp3.py", line 65, in _read_response
    raw = self._buffer.readline(timeout=timeout)
  File "D:\毕业设计\Travel_python\.venv\Lib\site-packages\redis\_parsers\socket.py", line 117, in readline
    self._read_from_socket(timeout=timeout)
  File "D:\毕业设计\Travel_python\.venv\Lib\site-packages\redis\_parsers\socket.py", line 77, in _read_from_socket
    raise TimeoutError("Timeout reading from socket")

redis.exceptions.TimeoutError: Timeout reading from socket
2026-06-29 20:20:07.081 | INFO     | N/A | ⏳ 等待 Profile 更新任务...
2026-06-29 20:20:12.108 | ERROR    | N/A | Worker 主循环异常: Timeout reading from socket
Traceback (most recent call last):

  File "D:\毕业设计\Travel_python\.venv\Lib\site-packages\redis\_parsers\socket.py", line 64, in _read_from_socket
    data = sock.recv(socket_read_size)

TimeoutError: timed out


During handling of the above exception, another exception occurred:


Traceback (most recent call last):

  File "D:\毕业设计\Travel_python\travel_ai_python\app\service\profile_worker.py", line 194, in <module>
    run_worker()

> File "D:\毕业设计\Travel_python\travel_ai_python\app\service\profile_worker.py", line 169, in run_worker
    task_data = pop_profile_update_task(block=True, timeout=5)

  File "D:\毕业设计\Travel_python\travel_ai_python\app\utils\redis_client.py", line 37, in pop_profile_update_task
    result = redis_client.brpop(PROFILE_UPDATE_QUEUE, timeout=timeout)

  File "D:\毕业设计\Travel_python\.venv\Lib\site-packages\redis\commands\core.py", line 4751, in brpop
    return self.execute_command("BRPOP", *keys)
  File "D:\毕业设计\Travel_python\.venv\Lib\site-packages\redis\client.py", line 787, in execute_command
    return self._execute_command(*args, **options)
  File "D:\毕业设计\Travel_python\.venv\Lib\site-packages\redis\client.py", line 809, in _execute_command
    result = conn.retry.call_with_retry(
  File "D:\毕业设计\Travel_python\.venv\Lib\site-packages\redis\retry.py", line 132, in call_with_retry
    raise error
  File "D:\毕业设计\Travel_python\.venv\Lib\site-packages\redis\retry.py", line 120, in call_with_retry
    return do()
  File "D:\毕业设计\Travel_python\.venv\Lib\site-packages\redis\client.py", line 810, in <lambda>
    lambda: self._send_command_parse_response(
  File "D:\毕业设计\Travel_python\.venv\Lib\site-packages\redis\client.py", line 753, in _send_command_parse_response
    return self.parse_response(conn, command_name, **options)
  File "D:\毕业设计\Travel_python\.venv\Lib\site-packages\redis\client.py", line 853, in parse_response
    response = connection.read_response()
  File "D:\毕业设计\Travel_python\.venv\Lib\site-packages\redis\connection.py", line 1371, in read_response
    response = self._parser.read_response(
  File "D:\毕业设计\Travel_python\.venv\Lib\site-packages\redis\_parsers\resp3.py", line 40, in read_response
    result = self._read_response(
  File "D:\毕业设计\Travel_python\.venv\Lib\site-packages\redis\_parsers\resp3.py", line 65, in _read_response
    raw = self._buffer.readline(timeout=timeout)
  File "D:\毕业设计\Travel_python\.venv\Lib\site-packages\redis\_parsers\socket.py", line 117, in readline
    self._read_from_socket(timeout=timeout)
  File "D:\毕业设计\Travel_python\.venv\Lib\site-packages\redis\_parsers\socket.py", line 77, in _read_from_socket
    raise TimeoutError("Timeout reading from socket")

redis.exceptions.TimeoutError: Timeout reading from socket
2026-06-29 20:20:13.112 | INFO     | N/A | ⏳ 等待 Profile 更新任务...
2026-06-29 20:20:18.123 | INFO     | N/A | 收到停止信号，Worker 即将关闭...
2026-06-29 20:20:18.123 | ERROR    | N/A | Worker 主循环异常: Timeout reading from socket
Traceback (most recent call last):

  File "D:\毕业设计\Travel_python\.venv\Lib\site-packages\redis\_parsers\socket.py", line 64, in _read_from_socket
    data = sock.recv(socket_read_size)

TimeoutError: timed out


During handling of the above exception, another exception occurred:


Traceback (most recent call last):

  File "D:\毕业设计\Travel_python\travel_ai_python\app\service\profile_worker.py", line 194, in <module>
    run_worker()

> File "D:\毕业设计\Travel_python\travel_ai_python\app\service\profile_worker.py", line 169, in run_worker
    task_data = pop_profile_update_task(block=True, timeout=5)

  File "D:\毕业设计\Travel_python\travel_ai_python\app\utils\redis_client.py", line 37, in pop_profile_update_task
    result = redis_client.brpop(PROFILE_UPDATE_QUEUE, timeout=timeout)

  File "D:\毕业设计\Travel_python\.venv\Lib\site-packages\redis\commands\core.py", line 4751, in brpop
    return self.execute_command("BRPOP", *keys)
  File "D:\毕业设计\Travel_python\.venv\Lib\site-packages\redis\client.py", line 787, in execute_command
    return self._execute_command(*args, **options)
  File "D:\毕业设计\Travel_python\.venv\Lib\site-packages\redis\client.py", line 809, in _execute_command
    result = conn.retry.call_with_retry(
  File "D:\毕业设计\Travel_python\.venv\Lib\site-packages\redis\retry.py", line 132, in call_with_retry
    raise error
  File "D:\毕业设计\Travel_python\.venv\Lib\site-packages\redis\retry.py", line 120, in call_with_retry
    return do()
  File "D:\毕业设计\Travel_python\.venv\Lib\site-packages\redis\client.py", line 810, in <lambda>
    lambda: self._send_command_parse_response(
  File "D:\毕业设计\Travel_python\.venv\Lib\site-packages\redis\client.py", line 753, in _send_command_parse_response
    return self.parse_response(conn, command_name, **options)
  File "D:\毕业设计\Travel_python\.venv\Lib\site-packages\redis\client.py", line 853, in parse_response
    response = connection.read_response()
  File "D:\毕业设计\Travel_python\.venv\Lib\site-packages\redis\connection.py", line 1371, in read_response
    response = self._parser.read_response(
  File "D:\毕业设计\Travel_python\.venv\Lib\site-packages\redis\_parsers\resp3.py", line 40, in read_response
    result = self._read_response(
  File "D:\毕业设计\Travel_python\.venv\Lib\site-packages\redis\_parsers\resp3.py", line 65, in _read_response
    raw = self._buffer.readline(timeout=timeout)
  File "D:\毕业设计\Travel_python\.venv\Lib\site-packages\redis\_parsers\socket.py", line 117, in readline
    self._read_from_socket(timeout=timeout)
  File "D:\毕业设计\Travel_python\.venv\Lib\site-packages\redis\_parsers\socket.py", line 77, in _read_from_socket
    raise TimeoutError("Timeout reading from socket")

redis.exceptions.TimeoutError: Timeout reading from socket
2026-06-29 20:20:19.128 | INFO     | N/A | Worker 关闭 | 总处理: 0 个任务, 失败: 0 个
2026-06-29 20:20:25.751 | INFO     | N/A | 🚀 Profile Update Worker 启动
2026-06-29 20:20:25.751 | INFO     | N/A | ⏳ 等待 Profile 更新任务...
2026-06-29 20:20:30.775 | ERROR    | N/A | Worker 主循环异常: Timeout reading from socket
Traceback (most recent call last):

  File "D:\毕业设计\Travel_python\.venv\Lib\site-packages\redis\_parsers\socket.py", line 64, in _read_from_socket
    data = sock.recv(socket_read_size)

TimeoutError: timed out


During handling of the above exception, another exception occurred:


Traceback (most recent call last):

  File "D:\毕业设计\Travel_python\travel_ai_python\app\service\profile_worker.py", line 194, in <module>
    run_worker()

> File "D:\毕业设计\Travel_python\travel_ai_python\app\service\profile_worker.py", line 169, in run_worker
    task_data = pop_profile_update_task(block=True, timeout=5)

  File "D:\毕业设计\Travel_python\travel_ai_python\app\utils\redis_client.py", line 37, in pop_profile_update_task
    result = redis_client.brpop(PROFILE_UPDATE_QUEUE, timeout=timeout)

  File "D:\毕业设计\Travel_python\.venv\Lib\site-packages\redis\commands\core.py", line 4751, in brpop
    return self.execute_command("BRPOP", *keys)
  File "D:\毕业设计\Travel_python\.venv\Lib\site-packages\redis\client.py", line 787, in execute_command
    return self._execute_command(*args, **options)
  File "D:\毕业设计\Travel_python\.venv\Lib\site-packages\redis\client.py", line 809, in _execute_command
    result = conn.retry.call_with_retry(
  File "D:\毕业设计\Travel_python\.venv\Lib\site-packages\redis\retry.py", line 132, in call_with_retry
    raise error
  File "D:\毕业设计\Travel_python\.venv\Lib\site-packages\redis\retry.py", line 120, in call_with_retry
    return do()
  File "D:\毕业设计\Travel_python\.venv\Lib\site-packages\redis\client.py", line 810, in <lambda>
    lambda: self._send_command_parse_response(
  File "D:\毕业设计\Travel_python\.venv\Lib\site-packages\redis\client.py", line 753, in _send_command_parse_response
    return self.parse_response(conn, command_name, **options)
  File "D:\毕业设计\Travel_python\.venv\Lib\site-packages\redis\client.py", line 853, in parse_response
    response = connection.read_response()
  File "D:\毕业设计\Travel_python\.venv\Lib\site-packages\redis\connection.py", line 1371, in read_response
    response = self._parser.read_response(
  File "D:\毕业设计\Travel_python\.venv\Lib\site-packages\redis\_parsers\resp3.py", line 40, in read_response
    result = self._read_response(
  File "D:\毕业设计\Travel_python\.venv\Lib\site-packages\redis\_parsers\resp3.py", line 65, in _read_response
    raw = self._buffer.readline(timeout=timeout)
  File "D:\毕业设计\Travel_python\.venv\Lib\site-packages\redis\_parsers\socket.py", line 117, in readline
    self._read_from_socket(timeout=timeout)
  File "D:\毕业设计\Travel_python\.venv\Lib\site-packages\redis\_parsers\socket.py", line 77, in _read_from_socket
    raise TimeoutError("Timeout reading from socket")

redis.exceptions.TimeoutError: Timeout reading from socket
2026-06-29 20:20:31.785 | INFO     | N/A | ⏳ 等待 Profile 更新任务...
2026-06-29 20:20:36.825 | ERROR    | N/A | Worker 主循环异常: Timeout reading from socket
Traceback (most recent call last):

  File "D:\毕业设计\Travel_python\.venv\Lib\site-packages\redis\_parsers\socket.py", line 64, in _read_from_socket
    data = sock.recv(socket_read_size)

TimeoutError: timed out


During handling of the above exception, another exception occurred:


Traceback (most recent call last):

  File "D:\毕业设计\Travel_python\travel_ai_python\app\service\profile_worker.py", line 194, in <module>
    run_worker()

> File "D:\毕业设计\Travel_python\travel_ai_python\app\service\profile_worker.py", line 169, in run_worker
    task_data = pop_profile_update_task(block=True, timeout=5)

  File "D:\毕业设计\Travel_python\travel_ai_python\app\utils\redis_client.py", line 37, in pop_profile_update_task
    result = redis_client.brpop(PROFILE_UPDATE_QUEUE, timeout=timeout)

  File "D:\毕业设计\Travel_python\.venv\Lib\site-packages\redis\commands\core.py", line 4751, in brpop
    return self.execute_command("BRPOP", *keys)
  File "D:\毕业设计\Travel_python\.venv\Lib\site-packages\redis\client.py", line 787, in execute_command
    return self._execute_command(*args, **options)
  File "D:\毕业设计\Travel_python\.venv\Lib\site-packages\redis\client.py", line 809, in _execute_command
    result = conn.retry.call_with_retry(
  File "D:\毕业设计\Travel_python\.venv\Lib\site-packages\redis\retry.py", line 132, in call_with_retry
    raise error
  File "D:\毕业设计\Travel_python\.venv\Lib\site-packages\redis\retry.py", line 120, in call_with_retry
    return do()
  File "D:\毕业设计\Travel_python\.venv\Lib\site-packages\redis\client.py", line 810, in <lambda>
    lambda: self._send_command_parse_response(
  File "D:\毕业设计\Travel_python\.venv\Lib\site-packages\redis\client.py", line 753, in _send_command_parse_response
    return self.parse_response(conn, command_name, **options)
  File "D:\毕业设计\Travel_python\.venv\Lib\site-packages\redis\client.py", line 853, in parse_response
    response = connection.read_response()
  File "D:\毕业设计\Travel_python\.venv\Lib\site-packages\redis\connection.py", line 1371, in read_response
    response = self._parser.read_response(
  File "D:\毕业设计\Travel_python\.venv\Lib\site-packages\redis\_parsers\resp3.py", line 40, in read_response
    result = self._read_response(
  File "D:\毕业设计\Travel_python\.venv\Lib\site-packages\redis\_parsers\resp3.py", line 65, in _read_response
    raw = self._buffer.readline(timeout=timeout)
  File "D:\毕业设计\Travel_python\.venv\Lib\site-packages\redis\_parsers\socket.py", line 117, in readline
    self._read_from_socket(timeout=timeout)
  File "D:\毕业设计\Travel_python\.venv\Lib\site-packages\redis\_parsers\socket.py", line 77, in _read_from_socket
    raise TimeoutError("Timeout reading from socket")

redis.exceptions.TimeoutError: Timeout reading from socket
2026-06-29 20:20:37.830 | INFO     | N/A | ⏳ 等待 Profile 更新任务...
2026-06-29 20:20:42.854 | ERROR    | N/A | Worker 主循环异常: Timeout reading from socket
Traceback (most recent call last):

  File "D:\毕业设计\Travel_python\.venv\Lib\site-packages\redis\_parsers\socket.py", line 64, in _read_from_socket
    data = sock.recv(socket_read_size)

TimeoutError: timed out


During handling of the above exception, another exception occurred:


Traceback (most recent call last):

  File "D:\毕业设计\Travel_python\travel_ai_python\app\service\profile_worker.py", line 194, in <module>
    run_worker()

> File "D:\毕业设计\Travel_python\travel_ai_python\app\service\profile_worker.py", line 169, in run_worker
    task_data = pop_profile_update_task(block=True, timeout=5)

  File "D:\毕业设计\Travel_python\travel_ai_python\app\utils\redis_client.py", line 37, in pop_profile_update_task
    result = redis_client.brpop(PROFILE_UPDATE_QUEUE, timeout=timeout)

  File "D:\毕业设计\Travel_python\.venv\Lib\site-packages\redis\commands\core.py", line 4751, in brpop
    return self.execute_command("BRPOP", *keys)
  File "D:\毕业设计\Travel_python\.venv\Lib\site-packages\redis\client.py", line 787, in execute_command
    return self._execute_command(*args, **options)
  File "D:\毕业设计\Travel_python\.venv\Lib\site-packages\redis\client.py", line 809, in _execute_command
    result = conn.retry.call_with_retry(
  File "D:\毕业设计\Travel_python\.venv\Lib\site-packages\redis\retry.py", line 132, in call_with_retry
    raise error
  File "D:\毕业设计\Travel_python\.venv\Lib\site-packages\redis\retry.py", line 120, in call_with_retry
    return do()
  File "D:\毕业设计\Travel_python\.venv\Lib\site-packages\redis\client.py", line 810, in <lambda>
    lambda: self._send_command_parse_response(
  File "D:\毕业设计\Travel_python\.venv\Lib\site-packages\redis\client.py", line 753, in _send_command_parse_response
    return self.parse_response(conn, command_name, **options)
  File "D:\毕业设计\Travel_python\.venv\Lib\site-packages\redis\client.py", line 853, in parse_response
    response = connection.read_response()
  File "D:\毕业设计\Travel_python\.venv\Lib\site-packages\redis\connection.py", line 1371, in read_response
    response = self._parser.read_response(
  File "D:\毕业设计\Travel_python\.venv\Lib\site-packages\redis\_parsers\resp3.py", line 40, in read_response
    result = self._read_response(
  File "D:\毕业设计\Travel_python\.venv\Lib\site-packages\redis\_parsers\resp3.py", line 65, in _read_response
    raw = self._buffer.readline(timeout=timeout)
  File "D:\毕业设计\Travel_python\.venv\Lib\site-packages\redis\_parsers\socket.py", line 117, in readline
    self._read_from_socket(timeout=timeout)
  File "D:\毕业设计\Travel_python\.venv\Lib\site-packages\redis\_parsers\socket.py", line 77, in _read_from_socket
    raise TimeoutError("Timeout reading from socket")

redis.exceptions.TimeoutError: Timeout reading from socket
2026-06-29 20:20:43.862 | INFO     | N/A | ⏳ 等待 Profile 更新任务...
2026-06-29 20:20:48.881 | INFO     | N/A | 收到停止信号，Worker 即将关闭...
2026-06-29 20:20:48.882 | ERROR    | N/A | Worker 主循环异常: Timeout reading from socket
Traceback (most recent call last):

  File "D:\毕业设计\Travel_python\.venv\Lib\site-packages\redis\_parsers\socket.py", line 64, in _read_from_socket
    data = sock.recv(socket_read_size)

TimeoutError: timed out


During handling of the above exception, another exception occurred:


Traceback (most recent call last):

  File "D:\毕业设计\Travel_python\travel_ai_python\app\service\profile_worker.py", line 194, in <module>
    run_worker()

> File "D:\毕业设计\Travel_python\travel_ai_python\app\service\profile_worker.py", line 169, in run_worker
    task_data = pop_profile_update_task(block=True, timeout=5)

  File "D:\毕业设计\Travel_python\travel_ai_python\app\utils\redis_client.py", line 37, in pop_profile_update_task
    result = redis_client.brpop(PROFILE_UPDATE_QUEUE, timeout=timeout)

  File "D:\毕业设计\Travel_python\.venv\Lib\site-packages\redis\commands\core.py", line 4751, in brpop
    return self.execute_command("BRPOP", *keys)
  File "D:\毕业设计\Travel_python\.venv\Lib\site-packages\redis\client.py", line 787, in execute_command
    return self._execute_command(*args, **options)
  File "D:\毕业设计\Travel_python\.venv\Lib\site-packages\redis\client.py", line 809, in _execute_command
    result = conn.retry.call_with_retry(
  File "D:\毕业设计\Travel_python\.venv\Lib\site-packages\redis\retry.py", line 132, in call_with_retry
    raise error
  File "D:\毕业设计\Travel_python\.venv\Lib\site-packages\redis\retry.py", line 120, in call_with_retry
    return do()
  File "D:\毕业设计\Travel_python\.venv\Lib\site-packages\redis\client.py", line 810, in <lambda>
    lambda: self._send_command_parse_response(
  File "D:\毕业设计\Travel_python\.venv\Lib\site-packages\redis\client.py", line 753, in _send_command_parse_response
    return self.parse_response(conn, command_name, **options)
  File "D:\毕业设计\Travel_python\.venv\Lib\site-packages\redis\client.py", line 853, in parse_response
    response = connection.read_response()
  File "D:\毕业设计\Travel_python\.venv\Lib\site-packages\redis\connection.py", line 1371, in read_response
    response = self._parser.read_response(
  File "D:\毕业设计\Travel_python\.venv\Lib\site-packages\redis\_parsers\resp3.py", line 40, in read_response
    result = self._read_response(
  File "D:\毕业设计\Travel_python\.venv\Lib\site-packages\redis\_parsers\resp3.py", line 65, in _read_response
    raw = self._buffer.readline(timeout=timeout)
  File "D:\毕业设计\Travel_python\.venv\Lib\site-packages\redis\_parsers\socket.py", line 117, in readline
    self._read_from_socket(timeout=timeout)
  File "D:\毕业设计\Travel_python\.venv\Lib\site-packages\redis\_parsers\socket.py", line 77, in _read_from_socket
    raise TimeoutError("Timeout reading from socket")

redis.exceptions.TimeoutError: Timeout reading from socket
2026-06-29 20:20:49.886 | INFO     | N/A | Worker 关闭 | 总处理: 0 个任务, 失败: 0 个
2026-06-29 20:23:20.819 | INFO     | N/A | 🚀 Profile Update Worker 启动
2026-06-29 20:23:20.819 | INFO     | N/A | ⏳ 等待 Profile 更新任务...
2026-06-29 20:23:25.827 | ERROR    | N/A | Worker 主循环异常: Timeout reading from socket
Traceback (most recent call last):

  File "D:\毕业设计\Travel_python\.venv\Lib\site-packages\redis\_parsers\socket.py", line 64, in _read_from_socket
    data = sock.recv(socket_read_size)

TimeoutError: timed out


During handling of the above exception, another exception occurred:


Traceback (most recent call last):

  File "D:\毕业设计\Travel_python\travel_ai_python\app\service\profile_worker.py", line 194, in <module>
    run_worker()

> File "D:\毕业设计\Travel_python\travel_ai_python\app\service\profile_worker.py", line 169, in run_worker
    task_data = pop_profile_update_task(block=True, timeout=5)

  File "D:\毕业设计\Travel_python\travel_ai_python\app\utils\redis_client.py", line 37, in pop_profile_update_task
    result = redis_client.brpop(PROFILE_UPDATE_QUEUE, timeout=timeout)

  File "D:\毕业设计\Travel_python\.venv\Lib\site-packages\redis\commands\core.py", line 4751, in brpop
    return self.execute_command("BRPOP", *keys)
  File "D:\毕业设计\Travel_python\.venv\Lib\site-packages\redis\client.py", line 787, in execute_command
    return self._execute_command(*args, **options)
  File "D:\毕业设计\Travel_python\.venv\Lib\site-packages\redis\client.py", line 809, in _execute_command
    result = conn.retry.call_with_retry(
  File "D:\毕业设计\Travel_python\.venv\Lib\site-packages\redis\retry.py", line 132, in call_with_retry
    raise error
  File "D:\毕业设计\Travel_python\.venv\Lib\site-packages\redis\retry.py", line 120, in call_with_retry
    return do()
  File "D:\毕业设计\Travel_python\.venv\Lib\site-packages\redis\client.py", line 810, in <lambda>
    lambda: self._send_command_parse_response(
  File "D:\毕业设计\Travel_python\.venv\Lib\site-packages\redis\client.py", line 753, in _send_command_parse_response
    return self.parse_response(conn, command_name, **options)
  File "D:\毕业设计\Travel_python\.venv\Lib\site-packages\redis\client.py", line 853, in parse_response
    response = connection.read_response()
  File "D:\毕业设计\Travel_python\.venv\Lib\site-packages\redis\connection.py", line 1371, in read_response
    response = self._parser.read_response(
  File "D:\毕业设计\Travel_python\.venv\Lib\site-packages\redis\_parsers\resp3.py", line 40, in read_response
    result = self._read_response(
  File "D:\毕业设计\Travel_python\.venv\Lib\site-packages\redis\_parsers\resp3.py", line 65, in _read_response
    raw = self._buffer.readline(timeout=timeout)
  File "D:\毕业设计\Travel_python\.venv\Lib\site-packages\redis\_parsers\socket.py", line 117, in readline
    self._read_from_socket(timeout=timeout)
  File "D:\毕业设计\Travel_python\.venv\Lib\site-packages\redis\_parsers\socket.py", line 77, in _read_from_socket
    raise TimeoutError("Timeout reading from socket")

redis.exceptions.TimeoutError: Timeout reading from socket
2026-06-29 20:23:26.843 | INFO     | N/A | ⏳ 等待 Profile 更新任务...
2026-06-29 20:23:31.876 | INFO     | N/A | 收到停止信号，Worker 即将关闭...
2026-06-29 20:23:31.876 | ERROR    | N/A | Worker 主循环异常: Timeout reading from socket
Traceback (most recent call last):

  File "D:\毕业设计\Travel_python\.venv\Lib\site-packages\redis\_parsers\socket.py", line 64, in _read_from_socket
    data = sock.recv(socket_read_size)

TimeoutError: timed out


During handling of the above exception, another exception occurred:


Traceback (most recent call last):

  File "D:\毕业设计\Travel_python\travel_ai_python\app\service\profile_worker.py", line 194, in <module>
    run_worker()

> File "D:\毕业设计\Travel_python\travel_ai_python\app\service\profile_worker.py", line 169, in run_worker
    task_data = pop_profile_update_task(block=True, timeout=5)

  File "D:\毕业设计\Travel_python\travel_ai_python\app\utils\redis_client.py", line 37, in pop_profile_update_task
    result = redis_client.brpop(PROFILE_UPDATE_QUEUE, timeout=timeout)

  File "D:\毕业设计\Travel_python\.venv\Lib\site-packages\redis\commands\core.py", line 4751, in brpop
    return self.execute_command("BRPOP", *keys)
  File "D:\毕业设计\Travel_python\.venv\Lib\site-packages\redis\client.py", line 787, in execute_command
    return self._execute_command(*args, **options)
  File "D:\毕业设计\Travel_python\.venv\Lib\site-packages\redis\client.py", line 809, in _execute_command
    result = conn.retry.call_with_retry(
  File "D:\毕业设计\Travel_python\.venv\Lib\site-packages\redis\retry.py", line 132, in call_with_retry
    raise error
  File "D:\毕业设计\Travel_python\.venv\Lib\site-packages\redis\retry.py", line 120, in call_with_retry
    return do()
  File "D:\毕业设计\Travel_python\.venv\Lib\site-packages\redis\client.py", line 810, in <lambda>
    lambda: self._send_command_parse_response(
  File "D:\毕业设计\Travel_python\.venv\Lib\site-packages\redis\client.py", line 753, in _send_command_parse_response
    return self.parse_response(conn, command_name, **options)
  File "D:\毕业设计\Travel_python\.venv\Lib\site-packages\redis\client.py", line 853, in parse_response
    response = connection.read_response()
  File "D:\毕业设计\Travel_python\.venv\Lib\site-packages\redis\connection.py", line 1371, in read_response
    response = self._parser.read_response(
  File "D:\毕业设计\Travel_python\.venv\Lib\site-packages\redis\_parsers\resp3.py", line 40, in read_response
    result = self._read_response(
  File "D:\毕业设计\Travel_python\.venv\Lib\site-packages\redis\_parsers\resp3.py", line 65, in _read_response
    raw = self._buffer.readline(timeout=timeout)
  File "D:\毕业设计\Travel_python\.venv\Lib\site-packages\redis\_parsers\socket.py", line 117, in readline
    self._read_from_socket(timeout=timeout)
  File "D:\毕业设计\Travel_python\.venv\Lib\site-packages\redis\_parsers\socket.py", line 77, in _read_from_socket
    raise TimeoutError("Timeout reading from socket")

redis.exceptions.TimeoutError: Timeout reading from socket
2026-06-29 20:23:32.881 | INFO     | N/A | Worker 关闭 | 总处理: 0 个任务, 失败: 0 个
2026-06-29 20:27:16.514 | INFO     | N/A | 🚀 Profile Update Worker 启动
2026-06-29 20:27:16.514 | INFO     | N/A | ⏳ 等待 Profile 更新任务...
2026-06-29 20:27:21.610 | INFO     | N/A | ⏳ 等待 Profile 更新任务...
2026-06-29 20:27:26.635 | INFO     | N/A | ⏳ 等待 Profile 更新任务...
2026-06-29 20:27:31.658 | INFO     | N/A | ⏳ 等待 Profile 更新任务...
2026-06-29 20:27:36.680 | INFO     | N/A | ⏳ 等待 Profile 更新任务...
2026-06-29 20:27:41.703 | INFO     | N/A | ⏳ 等待 Profile 更新任务...
2026-06-29 20:27:46.727 | INFO     | N/A | ⏳ 等待 Profile 更新任务...
2026-06-29 20:27:51.749 | INFO     | N/A | ⏳ 等待 Profile 更新任务...
2026-06-29 20:27:56.775 | INFO     | N/A | ⏳ 等待 Profile 更新任务...
2026-06-29 20:28:01.805 | INFO     | N/A | ⏳ 等待 Profile 更新任务...
2026-06-29 20:28:06.830 | INFO     | N/A | ⏳ 等待 Profile 更新任务...
2026-06-29 20:28:11.853 | INFO     | N/A | ⏳ 等待 Profile 更新任务...
2026-06-29 20:28:16.877 | INFO     | N/A | ⏳ 等待 Profile 更新任务...
2026-06-29 20:28:21.901 | INFO     | N/A | ⏳ 等待 Profile 更新任务...
2026-06-29 20:28:26.923 | INFO     | N/A | ⏳ 等待 Profile 更新任务...
2026-06-29 20:28:31.946 | INFO     | N/A | ⏳ 等待 Profile 更新任务...
2026-06-29 20:28:36.971 | INFO     | N/A | ⏳ 等待 Profile 更新任务...
2026-06-29 20:28:41.993 | INFO     | N/A | ⏳ 等待 Profile 更新任务...
2026-06-29 20:28:47.016 | INFO     | N/A | ⏳ 等待 Profile 更新任务...
2026-06-29 20:28:52.042 | INFO     | N/A | ⏳ 等待 Profile 更新任务...
2026-06-29 20:28:57.066 | INFO     | N/A | ⏳ 等待 Profile 更新任务...
2026-06-29 20:29:02.094 | INFO     | N/A | ⏳ 等待 Profile 更新任务...
2026-06-29 20:29:07.116 | INFO     | N/A | ⏳ 等待 Profile 更新任务...
2026-06-29 20:29:12.148 | INFO     | N/A | ⏳ 等待 Profile 更新任务...
2026-06-29 20:29:17.189 | INFO     | N/A | ⏳ 等待 Profile 更新任务...
2026-06-29 20:29:22.215 | INFO     | N/A | ⏳ 等待 Profile 更新任务...
2026-06-29 20:29:27.238 | INFO     | N/A | ⏳ 等待 Profile 更新任务...
2026-06-29 20:29:32.262 | INFO     | N/A | ⏳ 等待 Profile 更新任务...
2026-06-29 20:29:37.283 | INFO     | N/A | ⏳ 等待 Profile 更新任务...
2026-06-29 20:29:42.303 | INFO     | N/A | ⏳ 等待 Profile 更新任务...
2026-06-29 20:29:47.324 | INFO     | N/A | ⏳ 等待 Profile 更新任务...
2026-06-29 20:29:52.348 | INFO     | N/A | ⏳ 等待 Profile 更新任务...
2026-06-29 20:29:57.370 | INFO     | N/A | ⏳ 等待 Profile 更新任务...
2026-06-29 20:30:02.396 | INFO     | N/A | ⏳ 等待 Profile 更新任务...
2026-06-29 20:30:07.422 | INFO     | N/A | ⏳ 等待 Profile 更新任务...
2026-06-29 20:30:12.447 | INFO     | N/A | ⏳ 等待 Profile 更新任务...
2026-06-29 20:30:17.499 | INFO     | N/A | ⏳ 等待 Profile 更新任务...
2026-06-29 20:30:22.522 | INFO     | N/A | ⏳ 等待 Profile 更新任务...
2026-06-29 20:30:27.545 | INFO     | N/A | ⏳ 等待 Profile 更新任务...
2026-06-29 20:30:32.566 | INFO     | N/A | ⏳ 等待 Profile 更新任务...
2026-06-29 20:30:37.595 | INFO     | N/A | ⏳ 等待 Profile 更新任务...
2026-06-29 20:30:42.620 | INFO     | N/A | ⏳ 等待 Profile 更新任务...
2026-06-29 20:30:47.644 | INFO     | N/A | ⏳ 等待 Profile 更新任务...
2026-06-29 20:30:52.667 | INFO     | N/A | ⏳ 等待 Profile 更新任务...
2026-06-29 20:30:57.691 | INFO     | N/A | ⏳ 等待 Profile 更新任务...
2026-06-29 20:31:02.719 | INFO     | N/A | ⏳ 等待 Profile 更新任务...
2026-06-29 20:31:07.746 | INFO     | N/A | ⏳ 等待 Profile 更新任务...
2026-06-29 20:31:12.770 | INFO     | N/A | ⏳ 等待 Profile 更新任务...
2026-06-29 20:31:17.794 | INFO     | N/A | ⏳ 等待 Profile 更新任务...
2026-06-29 20:31:22.816 | INFO     | N/A | ⏳ 等待 Profile 更新任务...
2026-06-29 20:31:27.838 | INFO     | N/A | ⏳ 等待 Profile 更新任务...
2026-06-29 20:31:32.860 | INFO     | N/A | ⏳ 等待 Profile 更新任务...
2026-06-29 20:31:37.884 | INFO     | N/A | ⏳ 等待 Profile 更新任务...
2026-06-29 20:31:42.907 | INFO     | N/A | ⏳ 等待 Profile 更新任务...
2026-06-29 20:31:47.929 | INFO     | N/A | ⏳ 等待 Profile 更新任务...
2026-06-29 20:31:52.951 | INFO     | N/A | ⏳ 等待 Profile 更新任务...
2026-06-29 20:31:57.973 | INFO     | N/A | ⏳ 等待 Profile 更新任务...
2026-06-29 20:32:02.997 | INFO     | N/A | ⏳ 等待 Profile 更新任务...
2026-06-29 20:32:08.019 | INFO     | N/A | ⏳ 等待 Profile 更新任务...
2026-06-29 20:32:13.041 | INFO     | N/A | ⏳ 等待 Profile 更新任务...
2026-06-29 20:32:18.063 | INFO     | N/A | ⏳ 等待 Profile 更新任务...
2026-06-29 20:32:23.085 | INFO     | N/A | ⏳ 等待 Profile 更新任务...
2026-06-29 20:32:28.107 | INFO     | N/A | ⏳ 等待 Profile 更新任务...
2026-06-29 20:32:33.131 | INFO     | N/A | ⏳ 等待 Profile 更新任务...
2026-06-29 20:32:38.153 | INFO     | N/A | ⏳ 等待 Profile 更新任务...
2026-06-29 20:32:43.177 | INFO     | N/A | ⏳ 等待 Profile 更新任务...
2026-06-29 20:32:48.201 | INFO     | N/A | ⏳ 等待 Profile 更新任务...
2026-06-29 20:32:53.225 | INFO     | N/A | ⏳ 等待 Profile 更新任务...
2026-06-29 20:32:58.247 | INFO     | N/A | ⏳ 等待 Profile 更新任务...
2026-06-29 20:33:03.273 | INFO     | N/A | ⏳ 等待 Profile 更新任务...
2026-06-29 20:33:08.295 | INFO     | N/A | ⏳ 等待 Profile 更新任务...
2026-06-29 20:33:13.318 | INFO     | N/A | ⏳ 等待 Profile 更新任务...
2026-06-29 20:33:18.341 | INFO     | N/A | ⏳ 等待 Profile 更新任务...
2026-06-29 20:33:23.367 | INFO     | N/A | ⏳ 等待 Profile 更新任务...
2026-06-29 20:33:28.391 | INFO     | N/A | ⏳ 等待 Profile 更新任务...
2026-06-29 20:33:33.413 | INFO     | N/A | ⏳ 等待 Profile 更新任务...
2026-06-29 20:33:38.437 | INFO     | N/A | ⏳ 等待 Profile 更新任务...
2026-06-29 20:33:43.461 | INFO     | N/A | ⏳ 等待 Profile 更新任务...
2026-06-29 20:33:48.487 | INFO     | N/A | ⏳ 等待 Profile 更新任务...
2026-06-29 20:33:53.511 | INFO     | N/A | ⏳ 等待 Profile 更新任务...
2026-06-29 20:33:58.534 | INFO     | N/A | ⏳ 等待 Profile 更新任务...
2026-06-29 20:34:03.557 | INFO     | N/A | ⏳ 等待 Profile 更新任务...
2026-06-29 20:34:08.578 | INFO     | N/A | ⏳ 等待 Profile 更新任务...
2026-06-29 20:34:13.605 | INFO     | N/A | ⏳ 等待 Profile 更新任务...
2026-06-29 20:34:18.625 | INFO     | N/A | ⏳ 等待 Profile 更新任务...
2026-06-29 20:34:23.654 | INFO     | N/A | ⏳ 等待 Profile 更新任务...
2026-06-29 20:34:28.674 | INFO     | N/A | ⏳ 等待 Profile 更新任务...
2026-06-29 20:34:33.694 | INFO     | N/A | ⏳ 等待 Profile 更新任务...
2026-06-29 20:34:38.719 | INFO     | N/A | ⏳ 等待 Profile 更新任务...
2026-06-29 20:34:43.740 | INFO     | N/A | ⏳ 等待 Profile 更新任务...
2026-06-29 20:34:48.795 | INFO     | N/A | ⏳ 等待 Profile 更新任务...
2026-06-29 20:34:53.816 | INFO     | N/A | ⏳ 等待 Profile 更新任务...
2026-06-29 20:34:58.838 | INFO     | N/A | ⏳ 等待 Profile 更新任务...
2026-06-29 20:35:03.862 | INFO     | N/A | ⏳ 等待 Profile 更新任务...
2026-06-29 20:35:08.884 | INFO     | N/A | ⏳ 等待 Profile 更新任务...
2026-06-29 20:35:13.910 | INFO     | N/A | ⏳ 等待 Profile 更新任务...
2026-06-29 20:35:18.931 | INFO     | N/A | ⏳ 等待 Profile 更新任务...
2026-06-29 20:35:23.957 | INFO     | N/A | ⏳ 等待 Profile 更新任务...
2026-06-29 20:35:28.978 | INFO     | N/A | ⏳ 等待 Profile 更新任务...
2026-06-29 20:35:34.000 | INFO     | N/A | ⏳ 等待 Profile 更新任务...
2026-06-29 20:35:39.023 | INFO     | N/A | ⏳ 等待 Profile 更新任务...
2026-06-29 20:35:44.045 | INFO     | N/A | ⏳ 等待 Profile 更新任务...
2026-06-29 20:35:49.069 | INFO     | N/A | ⏳ 等待 Profile 更新任务...
2026-06-29 20:35:54.094 | INFO     | N/A | ⏳ 等待 Profile 更新任务...
2026-06-29 20:35:59.117 | INFO     | N/A | ⏳ 等待 Profile 更新任务...
2026-06-29 20:36:04.164 | INFO     | N/A | ⏳ 等待 Profile 更新任务...
2026-06-29 20:36:09.188 | INFO     | N/A | ⏳ 等待 Profile 更新任务...
2026-06-29 20:36:14.217 | INFO     | N/A | ⏳ 等待 Profile 更新任务...
2026-06-29 20:36:19.244 | INFO     | N/A | ⏳ 等待 Profile 更新任务...
2026-06-29 20:36:24.272 | INFO     | N/A | ⏳ 等待 Profile 更新任务...
2026-06-29 20:36:29.298 | INFO     | N/A | ⏳ 等待 Profile 更新任务...
2026-06-29 20:36:34.323 | INFO     | N/A | ⏳ 等待 Profile 更新任务...
2026-06-29 20:36:39.350 | INFO     | N/A | ⏳ 等待 Profile 更新任务...
2026-06-29 20:36:44.373 | INFO     | N/A | ⏳ 等待 Profile 更新任务...
2026-06-29 20:36:49.399 | INFO     | N/A | ⏳ 等待 Profile 更新任务...
2026-06-29 20:36:54.425 | INFO     | N/A | ⏳ 等待 Profile 更新任务...
2026-06-29 20:36:59.454 | INFO     | N/A | ⏳ 等待 Profile 更新任务...
2026-06-29 20:37:04.480 | INFO     | N/A | ⏳ 等待 Profile 更新任务...
2026-06-29 20:37:09.505 | INFO     | N/A | ⏳ 等待 Profile 更新任务...
2026-06-29 20:37:14.528 | INFO     | N/A | ⏳ 等待 Profile 更新任务...
2026-06-29 20:37:19.559 | INFO     | N/A | ⏳ 等待 Profile 更新任务...
2026-06-29 20:37:24.582 | INFO     | N/A | ⏳ 等待 Profile 更新任务...
2026-06-29 20:37:29.605 | INFO     | N/A | ⏳ 等待 Profile 更新任务...
2026-06-29 20:37:34.628 | INFO     | N/A | ⏳ 等待 Profile 更新任务...
2026-06-29 20:37:39.651 | INFO     | N/A | ⏳ 等待 Profile 更新任务...
2026-06-29 20:37:44.678 | INFO     | N/A | ⏳ 等待 Profile 更新任务...
2026-06-29 20:37:49.702 | INFO     | N/A | ⏳ 等待 Profile 更新任务...
2026-06-29 20:37:54.726 | INFO     | N/A | ⏳ 等待 Profile 更新任务...
2026-06-29 20:37:59.747 | INFO     | N/A | ⏳ 等待 Profile 更新任务...
2026-06-29 20:38:04.770 | INFO     | N/A | ⏳ 等待 Profile 更新任务...
2026-06-29 20:38:09.795 | INFO     | N/A | ⏳ 等待 Profile 更新任务...
2026-06-29 20:38:14.820 | INFO     | N/A | ⏳ 等待 Profile 更新任务...
2026-06-29 20:38:19.843 | INFO     | N/A | ⏳ 等待 Profile 更新任务...
2026-06-29 20:38:24.869 | INFO     | N/A | ⏳ 等待 Profile 更新任务...
2026-06-29 20:38:29.892 | INFO     | N/A | ⏳ 等待 Profile 更新任务...
2026-06-29 20:38:34.915 | INFO     | N/A | ⏳ 等待 Profile 更新任务...
2026-06-29 20:38:39.970 | INFO     | N/A | ⏳ 等待 Profile 更新任务...
2026-06-29 20:38:45.007 | INFO     | N/A | ⏳ 等待 Profile 更新任务...
2026-06-29 20:38:50.029 | INFO     | N/A | ⏳ 等待 Profile 更新任务...
2026-06-29 20:38:55.051 | INFO     | N/A | ⏳ 等待 Profile 更新任务...
2026-06-29 20:39:00.076 | INFO     | N/A | ⏳ 等待 Profile 更新任务...
2026-06-29 20:39:05.101 | INFO     | N/A | ⏳ 等待 Profile 更新任务...
2026-06-29 20:39:10.122 | INFO     | N/A | ⏳ 等待 Profile 更新任务...
2026-06-29 20:39:15.145 | INFO     | N/A | ⏳ 等待 Profile 更新任务...
2026-06-29 20:39:20.167 | INFO     | N/A | ⏳ 等待 Profile 更新任务...
2026-06-29 20:39:25.195 | INFO     | N/A | ⏳ 等待 Profile 更新任务...
2026-06-29 20:39:30.221 | INFO     | N/A | ⏳ 等待 Profile 更新任务...
2026-06-29 20:39:35.244 | INFO     | N/A | ⏳ 等待 Profile 更新任务...
2026-06-29 20:39:40.268 | INFO     | N/A | ⏳ 等待 Profile 更新任务...
2026-06-29 20:39:45.292 | INFO     | N/A | ⏳ 等待 Profile 更新任务...
2026-06-29 20:39:50.315 | INFO     | N/A | ⏳ 等待 Profile 更新任务...
2026-06-29 20:39:55.338 | INFO     | N/A | ⏳ 等待 Profile 更新任务...
2026-06-29 20:40:00.361 | INFO     | N/A | ⏳ 等待 Profile 更新任务...
2026-06-29 20:40:05.389 | INFO     | N/A | ⏳ 等待 Profile 更新任务...
2026-06-29 20:40:10.422 | INFO     | N/A | ⏳ 等待 Profile 更新任务...
2026-06-29 20:40:15.449 | INFO     | N/A | ⏳ 等待 Profile 更新任务...
2026-06-29 20:40:20.473 | INFO     | N/A | ⏳ 等待 Profile 更新任务...
2026-06-29 20:40:25.500 | INFO     | N/A | ⏳ 等待 Profile 更新任务...
2026-06-29 20:40:30.527 | INFO     | N/A | ⏳ 等待 Profile 更新任务...
2026-06-29 20:40:35.554 | INFO     | N/A | ⏳ 等待 Profile 更新任务...
2026-06-29 20:40:40.585 | INFO     | N/A | ⏳ 等待 Profile 更新任务...
2026-06-29 20:40:45.613 | INFO     | N/A | ⏳ 等待 Profile 更新任务...
2026-06-29 20:40:50.641 | INFO     | N/A | ⏳ 等待 Profile 更新任务...
2026-06-29 20:40:55.668 | INFO     | N/A | ⏳ 等待 Profile 更新任务...
2026-06-29 20:41:00.697 | INFO     | N/A | ⏳ 等待 Profile 更新任务...
2026-06-29 20:41:05.724 | INFO     | N/A | ⏳ 等待 Profile 更新任务...
2026-06-29 20:41:10.757 | INFO     | N/A | ⏳ 等待 Profile 更新任务...
2026-06-29 20:41:15.788 | INFO     | N/A | ⏳ 等待 Profile 更新任务...
2026-06-29 20:41:20.817 | INFO     | N/A | ⏳ 等待 Profile 更新任务...
2026-06-29 20:41:25.843 | INFO     | N/A | ⏳ 等待 Profile 更新任务...
2026-06-29 20:41:30.869 | INFO     | N/A | ⏳ 等待 Profile 更新任务...
2026-06-29 20:41:35.894 | INFO     | N/A | ⏳ 等待 Profile 更新任务...
2026-06-29 20:41:40.922 | INFO     | N/A | ⏳ 等待 Profile 更新任务...
2026-06-29 20:41:45.959 | INFO     | N/A | ⏳ 等待 Profile 更新任务...
2026-06-29 20:41:50.973 | INFO     | N/A | ⏳ 等待 Profile 更新任务...
2026-06-29 20:41:55.997 | INFO     | N/A | ⏳ 等待 Profile 更新任务...
2026-06-29 20:42:01.023 | INFO     | N/A | ⏳ 等待 Profile 更新任务...
2026-06-29 20:42:06.047 | INFO     | N/A | ⏳ 等待 Profile 更新任务...
2026-06-29 20:42:11.069 | INFO     | N/A | ⏳ 等待 Profile 更新任务...
2026-06-29 20:42:16.093 | INFO     | N/A | ⏳ 等待 Profile 更新任务...
2026-06-29 20:42:21.117 | INFO     | N/A | ⏳ 等待 Profile 更新任务...
2026-06-29 20:42:26.137 | INFO     | N/A | ⏳ 等待 Profile 更新任务...
2026-06-29 20:42:31.158 | INFO     | N/A | ⏳ 等待 Profile 更新任务...
2026-06-29 20:42:36.180 | INFO     | N/A | ⏳ 等待 Profile 更新任务...
2026-06-29 20:42:41.208 | INFO     | N/A | ⏳ 等待 Profile 更新任务...
2026-06-29 20:42:46.230 | INFO     | N/A | ⏳ 等待 Profile 更新任务...
2026-06-29 20:42:51.254 | INFO     | N/A | ⏳ 等待 Profile 更新任务...
2026-06-29 20:42:56.343 | INFO     | N/A | ⏳ 等待 Profile 更新任务...
2026-06-29 20:43:01.366 | INFO     | N/A | ⏳ 等待 Profile 更新任务...
2026-06-29 20:43:06.389 | INFO     | N/A | ⏳ 等待 Profile 更新任务...
2026-06-29 20:43:11.412 | INFO     | N/A | ⏳ 等待 Profile 更新任务...
2026-06-29 20:43:16.435 | INFO     | N/A | ⏳ 等待 Profile 更新任务...
2026-06-29 20:43:21.460 | INFO     | N/A | ⏳ 等待 Profile 更新任务...
2026-06-29 20:43:26.484 | INFO     | N/A | ⏳ 等待 Profile 更新任务...
2026-06-29 20:43:31.510 | INFO     | N/A | ⏳ 等待 Profile 更新任务...
2026-06-29 20:43:36.533 | INFO     | N/A | ⏳ 等待 Profile 更新任务...
2026-06-29 20:43:41.557 | INFO     | N/A | ⏳ 等待 Profile 更新任务...
2026-06-29 20:43:46.581 | INFO     | N/A | ⏳ 等待 Profile 更新任务...
2026-06-29 20:43:51.605 | INFO     | N/A | ⏳ 等待 Profile 更新任务...
2026-06-29 20:43:56.633 | INFO     | N/A | ⏳ 等待 Profile 更新任务...
2026-06-29 20:44:01.657 | INFO     | N/A | ⏳ 等待 Profile 更新任务...
2026-06-29 20:44:06.684 | INFO     | N/A | ⏳ 等待 Profile 更新任务...
2026-06-29 20:44:11.706 | INFO     | N/A | ⏳ 等待 Profile 更新任务...
2026-06-29 20:44:16.730 | INFO     | N/A | ⏳ 等待 Profile 更新任务...
2026-06-29 20:44:21.787 | INFO     | N/A | ⏳ 等待 Profile 更新任务...
2026-06-29 20:44:26.814 | INFO     | N/A | ⏳ 等待 Profile 更新任务...
2026-06-29 20:44:31.837 | INFO     | N/A | ⏳ 等待 Profile 更新任务...
2026-06-29 20:44:36.860 | INFO     | N/A | ⏳ 等待 Profile 更新任务...
2026-06-29 20:44:41.883 | INFO     | N/A | ⏳ 等待 Profile 更新任务...
2026-06-29 20:44:46.908 | INFO     | N/A | ⏳ 等待 Profile 更新任务...
2026-06-29 20:44:51.932 | INFO     | N/A | ⏳ 等待 Profile 更新任务...
2026-06-29 20:44:56.954 | INFO     | N/A | ⏳ 等待 Profile 更新任务...
2026-06-29 20:45:02.014 | INFO     | N/A | ⏳ 等待 Profile 更新任务...
2026-06-29 20:45:07.039 | INFO     | N/A | ⏳ 等待 Profile 更新任务...
2026-06-29 20:45:12.068 | INFO     | N/A | ⏳ 等待 Profile 更新任务...
2026-06-29 20:45:17.093 | INFO     | N/A | ⏳ 等待 Profile 更新任务...
2026-06-29 20:45:22.128 | INFO     | N/A | ⏳ 等待 Profile 更新任务...
2026-06-29 20:45:27.184 | INFO     | N/A | ⏳ 等待 Profile 更新任务...
2026-06-29 20:45:32.218 | INFO     | N/A | ⏳ 等待 Profile 更新任务...
2026-06-29 20:45:37.241 | INFO     | N/A | ⏳ 等待 Profile 更新任务...
2026-06-29 20:45:42.267 | INFO     | N/A | ⏳ 等待 Profile 更新任务...
2026-06-29 20:45:47.293 | INFO     | N/A | ⏳ 等待 Profile 更新任务...
2026-06-29 20:45:52.316 | INFO     | N/A | ⏳ 等待 Profile 更新任务...
2026-06-29 20:45:57.341 | INFO     | N/A | ⏳ 等待 Profile 更新任务...
2026-06-29 20:46:02.366 | INFO     | N/A | ⏳ 等待 Profile 更新任务...
2026-06-29 20:46:07.392 | INFO     | N/A | ⏳ 等待 Profile 更新任务...
2026-06-29 20:46:12.416 | INFO     | N/A | ⏳ 等待 Profile 更新任务...
2026-06-29 20:46:17.439 | INFO     | N/A | ⏳ 等待 Profile 更新任务...
2026-06-29 20:46:22.464 | INFO     | N/A | ⏳ 等待 Profile 更新任务...
2026-06-29 20:46:27.492 | INFO     | N/A | ⏳ 等待 Profile 更新任务...
2026-06-29 20:46:32.522 | INFO     | N/A | ⏳ 等待 Profile 更新任务...
2026-06-29 20:46:37.547 | INFO     | N/A | ⏳ 等待 Profile 更新任务...
2026-06-29 20:46:42.570 | INFO     | N/A | ⏳ 等待 Profile 更新任务...
2026-06-29 20:46:47.594 | INFO     | N/A | ⏳ 等待 Profile 更新任务...
2026-06-29 20:46:52.620 | INFO     | N/A | ⏳ 等待 Profile 更新任务...
2026-06-29 20:46:57.648 | INFO     | N/A | ⏳ 等待 Profile 更新任务...
2026-06-29 20:47:02.672 | INFO     | N/A | ⏳ 等待 Profile 更新任务...
2026-06-29 20:47:07.696 | INFO     | N/A | ⏳ 等待 Profile 更新任务...
2026-06-29 20:47:12.721 | INFO     | N/A | ⏳ 等待 Profile 更新任务...
2026-06-29 20:47:17.745 | INFO     | N/A | ⏳ 等待 Profile 更新任务...
2026-06-29 20:47:22.774 | INFO     | N/A | ⏳ 等待 Profile 更新任务...
2026-06-29 20:47:27.798 | INFO     | N/A | ⏳ 等待 Profile 更新任务...
2026-06-29 20:47:32.824 | INFO     | N/A | ⏳ 等待 Profile 更新任务...
2026-06-29 20:47:37.848 | INFO     | N/A | ⏳ 等待 Profile 更新任务...
2026-06-29 20:47:42.871 | INFO     | N/A | ⏳ 等待 Profile 更新任务...
2026-06-29 20:47:47.895 | INFO     | N/A | ⏳ 等待 Profile 更新任务...
2026-06-29 20:47:52.919 | INFO     | N/A | ⏳ 等待 Profile 更新任务...
2026-06-29 20:47:57.947 | INFO     | N/A | ⏳ 等待 Profile 更新任务...
2026-06-29 20:48:02.969 | INFO     | N/A | ⏳ 等待 Profile 更新任务...
2026-06-29 20:48:07.995 | INFO     | N/A | ⏳ 等待 Profile 更新任务...
2026-06-29 20:48:13.018 | INFO     | N/A | ⏳ 等待 Profile 更新任务...
2026-06-29 20:48:18.045 | INFO     | N/A | ⏳ 等待 Profile 更新任务...
2026-06-29 20:48:23.068 | INFO     | N/A | ⏳ 等待 Profile 更新任务...
2026-06-29 20:48:28.094 | INFO     | N/A | ⏳ 等待 Profile 更新任务...
2026-06-29 20:48:33.122 | INFO     | N/A | ⏳ 等待 Profile 更新任务...
2026-06-29 20:48:38.146 | INFO     | N/A | ⏳ 等待 Profile 更新任务...
2026-06-29 20:48:43.170 | INFO     | N/A | ⏳ 等待 Profile 更新任务...
2026-06-29 20:48:48.195 | INFO     | N/A | ⏳ 等待 Profile 更新任务...
2026-06-29 20:48:53.219 | INFO     | N/A | ⏳ 等待 Profile 更新任务...
2026-06-29 20:48:58.246 | INFO     | N/A | ⏳ 等待 Profile 更新任务...
2026-06-29 20:49:03.269 | INFO     | N/A | ⏳ 等待 Profile 更新任务...
2026-06-29 20:49:08.294 | INFO     | N/A | ⏳ 等待 Profile 更新任务...
2026-06-29 20:49:13.316 | INFO     | N/A | ⏳ 等待 Profile 更新任务...
2026-06-29 20:49:18.340 | INFO     | N/A | ⏳ 等待 Profile 更新任务...
2026-06-29 20:49:23.363 | INFO     | N/A | ⏳ 等待 Profile 更新任务...
2026-06-29 20:49:28.442 | INFO     | N/A | ⏳ 等待 Profile 更新任务...
2026-06-29 20:49:33.469 | INFO     | N/A | ⏳ 等待 Profile 更新任务...
2026-06-29 20:49:38.499 | INFO     | N/A | ⏳ 等待 Profile 更新任务...
2026-06-29 20:49:43.528 | INFO     | N/A | ⏳ 等待 Profile 更新任务...
2026-06-29 20:49:48.557 | INFO     | N/A | ⏳ 等待 Profile 更新任务...
2026-06-29 20:49:53.583 | INFO     | N/A | ⏳ 等待 Profile 更新任务...
2026-06-29 20:49:58.610 | INFO     | N/A | ⏳ 等待 Profile 更新任务...
2026-06-29 20:50:03.640 | INFO     | N/A | ⏳ 等待 Profile 更新任务...
2026-06-29 20:50:08.667 | INFO     | N/A | ⏳ 等待 Profile 更新任务...
2026-06-29 20:50:13.701 | INFO     | N/A | ⏳ 等待 Profile 更新任务...
2026-06-29 20:50:18.726 | INFO     | N/A | ⏳ 等待 Profile 更新任务...
2026-06-29 20:50:23.792 | INFO     | N/A | ⏳ 等待 Profile 更新任务...
2026-06-29 20:50:28.817 | INFO     | N/A | ⏳ 等待 Profile 更新任务...
2026-06-29 20:50:33.842 | INFO     | N/A | ⏳ 等待 Profile 更新任务...
2026-06-29 20:50:38.867 | INFO     | N/A | ⏳ 等待 Profile 更新任务...
2026-06-29 20:50:43.903 | INFO     | N/A | ⏳ 等待 Profile 更新任务...
2026-06-29 20:50:48.932 | INFO     | N/A | ⏳ 等待 Profile 更新任务...
2026-06-29 20:50:53.957 | INFO     | N/A | ⏳ 等待 Profile 更新任务...
2026-06-29 20:50:58.981 | INFO     | N/A | ⏳ 等待 Profile 更新任务...
2026-06-29 20:51:04.004 | INFO     | N/A | ⏳ 等待 Profile 更新任务...
2026-06-29 20:51:09.029 | INFO     | N/A | ⏳ 等待 Profile 更新任务...
2026-06-29 20:51:14.056 | INFO     | N/A | ⏳ 等待 Profile 更新任务...
2026-06-29 20:51:19.083 | INFO     | N/A | ⏳ 等待 Profile 更新任务...
2026-06-29 20:51:24.108 | INFO     | N/A | ⏳ 等待 Profile 更新任务...
2026-06-29 20:51:29.137 | INFO     | N/A | ⏳ 等待 Profile 更新任务...
2026-06-29 20:51:34.163 | INFO     | N/A | ⏳ 等待 Profile 更新任务...
2026-06-29 20:51:39.195 | INFO     | N/A | ⏳ 等待 Profile 更新任务...
2026-06-29 20:51:44.225 | INFO     | N/A | ⏳ 等待 Profile 更新任务...
2026-06-29 20:51:49.249 | INFO     | N/A | ⏳ 等待 Profile 更新任务...
2026-06-29 20:51:54.277 | INFO     | N/A | ⏳ 等待 Profile 更新任务...
2026-06-29 20:51:59.300 | INFO     | N/A | ⏳ 等待 Profile 更新任务...
2026-06-29 20:52:04.322 | INFO     | N/A | ⏳ 等待 Profile 更新任务...
2026-06-29 20:52:09.345 | INFO     | N/A | ⏳ 等待 Profile 更新任务...
2026-06-29 20:52:14.369 | INFO     | N/A | ⏳ 等待 Profile 更新任务...
2026-06-29 20:52:19.393 | INFO     | N/A | ⏳ 等待 Profile 更新任务...
2026-06-29 20:52:24.417 | INFO     | N/A | ⏳ 等待 Profile 更新任务...
2026-06-29 20:52:29.441 | INFO     | N/A | ⏳ 等待 Profile 更新任务...
2026-06-29 20:52:34.464 | INFO     | N/A | ⏳ 等待 Profile 更新任务...
2026-06-29 20:52:39.487 | INFO     | N/A | ⏳ 等待 Profile 更新任务...
2026-06-29 20:52:44.520 | INFO     | N/A | ⏳ 等待 Profile 更新任务...
2026-06-29 20:52:49.544 | INFO     | N/A | ⏳ 等待 Profile 更新任务...
2026-06-29 20:52:54.569 | INFO     | N/A | ⏳ 等待 Profile 更新任务...
2026-06-29 20:52:59.592 | INFO     | N/A | ⏳ 等待 Profile 更新任务...
2026-06-29 20:53:04.616 | INFO     | N/A | ⏳ 等待 Profile 更新任务...
2026-06-29 20:53:09.641 | INFO     | N/A | ⏳ 等待 Profile 更新任务...
2026-06-29 20:53:14.665 | INFO     | N/A | ⏳ 等待 Profile 更新任务...
2026-06-29 20:53:19.689 | INFO     | N/A | ⏳ 等待 Profile 更新任务...
2026-06-29 20:53:24.713 | INFO     | N/A | ⏳ 等待 Profile 更新任务...
2026-06-29 20:53:29.737 | INFO     | N/A | ⏳ 等待 Profile 更新任务...
2026-06-29 20:53:34.761 | INFO     | N/A | ⏳ 等待 Profile 更新任务...
2026-06-29 20:53:39.784 | INFO     | N/A | ⏳ 等待 Profile 更新任务...
2026-06-29 20:53:44.808 | INFO     | N/A | ⏳ 等待 Profile 更新任务...
2026-06-29 20:53:49.832 | INFO     | N/A | ⏳ 等待 Profile 更新任务...
2026-06-29 20:53:54.854 | INFO     | N/A | ⏳ 等待 Profile 更新任务...
2026-06-29 20:53:59.880 | INFO     | N/A | ⏳ 等待 Profile 更新任务...
2026-06-29 20:54:04.903 | INFO     | N/A | ⏳ 等待 Profile 更新任务...
2026-06-29 20:54:09.933 | INFO     | N/A | ⏳ 等待 Profile 更新任务...
2026-06-29 20:54:14.961 | INFO     | N/A | ⏳ 等待 Profile 更新任务...
2026-06-29 20:54:19.985 | INFO     | N/A | ⏳ 等待 Profile 更新任务...
2026-06-29 20:54:25.006 | INFO     | N/A | ⏳ 等待 Profile 更新任务...
2026-06-29 20:54:30.017 | INFO     | N/A | ⏳ 等待 Profile 更新任务...
2026-06-29 20:54:35.040 | INFO     | N/A | ⏳ 等待 Profile 更新任务...
2026-06-29 20:54:40.093 | INFO     | N/A | ⏳ 等待 Profile 更新任务...
2026-06-29 20:54:45.117 | INFO     | N/A | ⏳ 等待 Profile 更新任务...
2026-06-29 20:54:50.142 | INFO     | N/A | ⏳ 等待 Profile 更新任务...
2026-06-29 20:54:55.169 | INFO     | N/A | ⏳ 等待 Profile 更新任务...
2026-06-29 20:55:00.196 | INFO     | N/A | ⏳ 等待 Profile 更新任务...
2026-06-29 20:55:05.221 | INFO     | N/A | ⏳ 等待 Profile 更新任务...
2026-06-29 20:55:10.246 | INFO     | N/A | ⏳ 等待 Profile 更新任务...
2026-06-29 20:55:15.278 | INFO     | N/A | ⏳ 等待 Profile 更新任务...
2026-06-29 20:55:20.303 | INFO     | N/A | ⏳ 等待 Profile 更新任务...
2026-06-29 20:55:25.329 | INFO     | N/A | ⏳ 等待 Profile 更新任务...
2026-06-29 20:55:30.356 | INFO     | N/A | ⏳ 等待 Profile 更新任务...
2026-06-29 20:55:35.381 | INFO     | N/A | ⏳ 等待 Profile 更新任务...
2026-06-29 20:55:40.406 | INFO     | N/A | ⏳ 等待 Profile 更新任务...
2026-06-29 20:55:45.436 | INFO     | N/A | ⏳ 等待 Profile 更新任务...
2026-06-29 20:55:50.462 | INFO     | N/A | ⏳ 等待 Profile 更新任务...
2026-06-29 20:55:55.486 | INFO     | N/A | ⏳ 等待 Profile 更新任务...
2026-06-29 20:56:00.513 | INFO     | N/A | ⏳ 等待 Profile 更新任务...
2026-06-29 20:56:05.566 | INFO     | N/A | ⏳ 等待 Profile 更新任务...
2026-06-29 20:56:10.588 | INFO     | N/A | ⏳ 等待 Profile 更新任务...
2026-06-29 20:56:15.615 | INFO     | N/A | ⏳ 等待 Profile 更新任务...
2026-06-29 20:56:20.636 | INFO     | N/A | ⏳ 等待 Profile 更新任务...
2026-06-29 20:56:25.659 | INFO     | N/A | ⏳ 等待 Profile 更新任务...
2026-06-29 20:56:30.683 | INFO     | N/A | ⏳ 等待 Profile 更新任务...
2026-06-29 20:56:35.706 | INFO     | N/A | ⏳ 等待 Profile 更新任务...
2026-06-29 20:56:40.730 | INFO     | N/A | ⏳ 等待 Profile 更新任务...
2026-06-29 20:56:45.757 | INFO     | N/A | ⏳ 等待 Profile 更新任务...
2026-06-29 20:56:50.782 | INFO     | N/A | ⏳ 等待 Profile 更新任务...
2026-06-29 20:56:55.803 | INFO     | N/A | ⏳ 等待 Profile 更新任务...
2026-06-29 20:57:00.826 | INFO     | N/A | ⏳ 等待 Profile 更新任务...
2026-06-29 20:57:05.852 | INFO     | N/A | ⏳ 等待 Profile 更新任务...
2026-06-29 20:57:10.876 | INFO     | N/A | ⏳ 等待 Profile 更新任务...
2026-06-29 20:57:15.900 | INFO     | N/A | ⏳ 等待 Profile 更新任务...
2026-06-29 20:57:20.925 | INFO     | N/A | ⏳ 等待 Profile 更新任务...
2026-06-29 20:57:25.950 | INFO     | N/A | ⏳ 等待 Profile 更新任务...
2026-06-29 20:57:30.975 | INFO     | N/A | ⏳ 等待 Profile 更新任务...
2026-06-29 20:57:35.997 | INFO     | N/A | ⏳ 等待 Profile 更新任务...
2026-06-29 20:57:41.023 | INFO     | N/A | ⏳ 等待 Profile 更新任务...
2026-06-29 20:57:46.050 | INFO     | N/A | ⏳ 等待 Profile 更新任务...
2026-06-29 20:57:51.073 | INFO     | N/A | ⏳ 等待 Profile 更新任务...
2026-06-29 20:57:56.098 | INFO     | N/A | ⏳ 等待 Profile 更新任务...
2026-06-29 20:58:01.120 | INFO     | N/A | ⏳ 等待 Profile 更新任务...
2026-06-29 20:58:06.173 | INFO     | N/A | ⏳ 等待 Profile 更新任务...
2026-06-29 20:58:11.199 | INFO     | N/A | ⏳ 等待 Profile 更新任务...
2026-06-29 20:58:16.220 | INFO     | N/A | ⏳ 等待 Profile 更新任务...
2026-06-29 20:58:21.244 | INFO     | N/A | ⏳ 等待 Profile 更新任务...
2026-06-29 20:58:26.266 | INFO     | N/A | ⏳ 等待 Profile 更新任务...
2026-06-29 20:58:31.294 | INFO     | N/A | ⏳ 等待 Profile 更新任务...
2026-06-29 20:58:36.318 | INFO     | N/A | ⏳ 等待 Profile 更新任务...
2026-06-29 20:58:41.346 | INFO     | N/A | ⏳ 等待 Profile 更新任务...
2026-06-29 20:58:46.374 | INFO     | N/A | ⏳ 等待 Profile 更新任务...
2026-06-29 20:58:51.422 | INFO     | N/A | ⏳ 等待 Profile 更新任务...
2026-06-29 20:58:56.450 | INFO     | N/A | ⏳ 等待 Profile 更新任务...
2026-06-29 20:59:01.474 | INFO     | N/A | ⏳ 等待 Profile 更新任务...
2026-06-29 20:59:06.499 | INFO     | N/A | ⏳ 等待 Profile 更新任务...
2026-06-29 20:59:11.525 | INFO     | N/A | ⏳ 等待 Profile 更新任务...
2026-06-29 20:59:16.550 | INFO     | N/A | ⏳ 等待 Profile 更新任务...
2026-06-29 20:59:21.577 | INFO     | N/A | ⏳ 等待 Profile 更新任务...
2026-06-29 20:59:26.603 | INFO     | N/A | ⏳ 等待 Profile 更新任务...
2026-06-29 20:59:31.630 | INFO     | N/A | ⏳ 等待 Profile 更新任务...
2026-06-29 20:59:36.658 | INFO     | N/A | ⏳ 等待 Profile 更新任务...
2026-06-29 20:59:41.685 | INFO     | N/A | ⏳ 等待 Profile 更新任务...
2026-06-29 20:59:46.712 | INFO     | N/A | ⏳ 等待 Profile 更新任务...
2026-06-29 20:59:51.749 | INFO     | N/A | ⏳ 等待 Profile 更新任务...
2026-06-29 20:59:56.775 | INFO     | N/A | ⏳ 等待 Profile 更新任务...
2026-06-29 21:00:01.804 | INFO     | N/A | ⏳ 等待 Profile 更新任务...
2026-06-29 21:00:06.832 | INFO     | N/A | ⏳ 等待 Profile 更新任务...
2026-06-29 21:00:11.860 | INFO     | N/A | ⏳ 等待 Profile 更新任务...
2026-06-29 21:00:16.885 | INFO     | N/A | ⏳ 等待 Profile 更新任务...
2026-06-29 21:00:21.910 | INFO     | N/A | ⏳ 等待 Profile 更新任务...
2026-06-29 21:00:26.934 | INFO     | N/A | ⏳ 等待 Profile 更新任务...
2026-06-29 21:00:31.960 | INFO     | N/A | ⏳ 等待 Profile 更新任务...
2026-06-29 21:00:36.985 | INFO     | N/A | ⏳ 等待 Profile 更新任务...
2026-06-29 21:00:42.011 | INFO     | N/A | ⏳ 等待 Profile 更新任务...
2026-06-29 21:00:47.039 | INFO     | N/A | ⏳ 等待 Profile 更新任务...
2026-06-29 21:00:52.068 | INFO     | N/A | ⏳ 等待 Profile 更新任务...
2026-06-29 21:00:57.100 | INFO     | N/A | ⏳ 等待 Profile 更新任务...
2026-06-29 21:01:02.131 | INFO     | N/A | ⏳ 等待 Profile 更新任务...
2026-06-29 21:01:07.160 | INFO     | N/A | ⏳ 等待 Profile 更新任务...
2026-06-29 21:01:12.186 | INFO     | N/A | ⏳ 等待 Profile 更新任务...
2026-06-29 21:01:17.215 | INFO     | N/A | ⏳ 等待 Profile 更新任务...
2026-06-29 21:01:22.240 | INFO     | N/A | ⏳ 等待 Profile 更新任务...
2026-06-29 21:01:27.265 | INFO     | N/A | ⏳ 等待 Profile 更新任务...
2026-06-29 21:01:32.292 | INFO     | N/A | ⏳ 等待 Profile 更新任务...
2026-06-29 21:01:37.317 | INFO     | N/A | ⏳ 等待 Profile 更新任务...
2026-06-29 21:01:42.341 | INFO     | N/A | ⏳ 等待 Profile 更新任务...
2026-06-29 21:01:47.365 | INFO     | N/A | ⏳ 等待 Profile 更新任务...
2026-06-29 21:01:52.390 | INFO     | N/A | ⏳ 等待 Profile 更新任务...
2026-06-29 21:01:57.414 | INFO     | N/A | ⏳ 等待 Profile 更新任务...
2026-06-29 21:02:02.444 | INFO     | N/A | ⏳ 等待 Profile 更新任务...
2026-06-29 21:02:07.469 | INFO     | N/A | ⏳ 等待 Profile 更新任务...
2026-06-29 21:02:12.495 | INFO     | N/A | ⏳ 等待 Profile 更新任务...
2026-06-29 21:02:17.521 | INFO     | N/A | ⏳ 等待 Profile 更新任务...
2026-06-29 21:02:22.546 | INFO     | N/A | ⏳ 等待 Profile 更新任务...
2026-06-29 21:02:27.572 | INFO     | N/A | ⏳ 等待 Profile 更新任务...
2026-06-29 21:02:32.596 | INFO     | N/A | ⏳ 等待 Profile 更新任务...
2026-06-29 21:02:37.624 | INFO     | N/A | ⏳ 等待 Profile 更新任务...
2026-06-29 21:02:42.653 | INFO     | N/A | ⏳ 等待 Profile 更新任务...
2026-06-29 21:02:47.681 | INFO     | N/A | ⏳ 等待 Profile 更新任务...
2026-06-29 21:02:52.709 | INFO     | N/A | ⏳ 等待 Profile 更新任务...
2026-06-29 21:02:57.752 | INFO     | N/A | ⏳ 等待 Profile 更新任务...
2026-06-29 21:03:02.780 | INFO     | N/A | ⏳ 等待 Profile 更新任务...
2026-06-29 21:03:07.808 | INFO     | N/A | ⏳ 等待 Profile 更新任务...
2026-06-29 21:03:12.873 | INFO     | N/A | ⏳ 等待 Profile 更新任务...
2026-06-29 21:03:17.903 | INFO     | N/A | ⏳ 等待 Profile 更新任务...
2026-06-29 21:03:22.932 | INFO     | N/A | ⏳ 等待 Profile 更新任务...
2026-06-29 21:03:27.959 | INFO     | N/A | ⏳ 等待 Profile 更新任务...
2026-06-29 21:03:32.991 | INFO     | N/A | ⏳ 等待 Profile 更新任务...
2026-06-29 21:03:38.021 | INFO     | N/A | ⏳ 等待 Profile 更新任务...
2026-06-29 21:03:43.048 | INFO     | N/A | ⏳ 等待 Profile 更新任务...
2026-06-29 21:03:48.073 | INFO     | N/A | ⏳ 等待 Profile 更新任务...
2026-06-29 21:03:53.100 | INFO     | N/A | ⏳ 等待 Profile 更新任务...
2026-06-29 21:03:58.126 | INFO     | N/A | ⏳ 等待 Profile 更新任务...
2026-06-29 21:04:03.150 | INFO     | N/A | ⏳ 等待 Profile 更新任务...
2026-06-29 21:04:08.181 | INFO     | N/A | ⏳ 等待 Profile 更新任务...
2026-06-29 21:04:13.206 | INFO     | N/A | ⏳ 等待 Profile 更新任务...
2026-06-29 21:04:18.231 | INFO     | N/A | ⏳ 等待 Profile 更新任务...
2026-06-29 21:04:23.256 | INFO     | N/A | ⏳ 等待 Profile 更新任务...
2026-06-29 21:04:28.283 | INFO     | N/A | ⏳ 等待 Profile 更新任务...
2026-06-29 21:04:33.307 | INFO     | N/A | ⏳ 等待 Profile 更新任务...
2026-06-29 21:04:38.333 | INFO     | N/A | ⏳ 等待 Profile 更新任务...
2026-06-29 21:04:43.355 | INFO     | N/A | ⏳ 等待 Profile 更新任务...
2026-06-29 21:04:48.382 | INFO     | N/A | ⏳ 等待 Profile 更新任务...
2026-06-29 21:04:53.406 | INFO     | N/A | ⏳ 等待 Profile 更新任务...
2026-06-29 21:04:58.430 | INFO     | N/A | ⏳ 等待 Profile 更新任务...
2026-06-29 21:05:03.453 | INFO     | N/A | ⏳ 等待 Profile 更新任务...
2026-06-29 21:05:08.479 | INFO     | N/A | ⏳ 等待 Profile 更新任务...
2026-06-29 21:05:13.504 | INFO     | N/A | ⏳ 等待 Profile 更新任务...
2026-06-29 21:05:18.530 | INFO     | N/A | ⏳ 等待 Profile 更新任务...
2026-06-29 21:05:23.556 | INFO     | N/A | ⏳ 等待 Profile 更新任务...
2026-06-29 21:05:28.581 | INFO     | N/A | ⏳ 等待 Profile 更新任务...
2026-06-29 21:05:33.607 | INFO     | N/A | ⏳ 等待 Profile 更新任务...
2026-06-29 21:05:38.631 | INFO     | N/A | ⏳ 等待 Profile 更新任务...
2026-06-29 21:05:43.656 | INFO     | N/A | ⏳ 等待 Profile 更新任务...
2026-06-29 21:05:48.684 | INFO     | N/A | ⏳ 等待 Profile 更新任务...
2026-06-29 21:05:53.709 | INFO     | N/A | ⏳ 等待 Profile 更新任务...
2026-06-29 21:05:58.734 | INFO     | N/A | ⏳ 等待 Profile 更新任务...
2026-06-29 21:06:03.756 | INFO     | N/A | ⏳ 等待 Profile 更新任务...
2026-06-29 21:06:08.781 | INFO     | N/A | ⏳ 等待 Profile 更新任务...
2026-06-29 21:06:13.806 | INFO     | N/A | ⏳ 等待 Profile 更新任务...
2026-06-29 21:06:18.832 | INFO     | N/A | ⏳ 等待 Profile 更新任务...
2026-06-29 21:06:23.857 | INFO     | N/A | ⏳ 等待 Profile 更新任务...
2026-06-29 21:06:28.881 | INFO     | N/A | ⏳ 等待 Profile 更新任务...
2026-06-29 21:06:33.903 | INFO     | N/A | ⏳ 等待 Profile 更新任务...
2026-06-29 21:06:38.930 | INFO     | N/A | ⏳ 等待 Profile 更新任务...
2026-06-29 21:06:43.958 | INFO     | N/A | ⏳ 等待 Profile 更新任务...
2026-06-29 21:06:48.983 | INFO     | N/A | ⏳ 等待 Profile 更新任务...
2026-06-29 21:06:54.005 | INFO     | N/A | ⏳ 等待 Profile 更新任务...
2026-06-29 21:06:59.033 | INFO     | N/A | ⏳ 等待 Profile 更新任务...
2026-06-29 21:07:04.058 | INFO     | N/A | ⏳ 等待 Profile 更新任务...
2026-06-29 21:07:09.086 | INFO     | N/A | ⏳ 等待 Profile 更新任务...
2026-06-29 21:07:14.114 | INFO     | N/A | ⏳ 等待 Profile 更新任务...
2026-06-29 21:07:19.146 | INFO     | N/A | ⏳ 等待 Profile 更新任务...
2026-06-29 21:07:24.173 | INFO     | N/A | ⏳ 等待 Profile 更新任务...
2026-06-29 21:07:29.201 | INFO     | N/A | ⏳ 等待 Profile 更新任务...
2026-06-29 21:07:34.229 | INFO     | N/A | ⏳ 等待 Profile 更新任务...
2026-06-29 21:07:39.257 | INFO     | N/A | ⏳ 等待 Profile 更新任务...
2026-06-29 21:07:44.287 | INFO     | N/A | ⏳ 等待 Profile 更新任务...
2026-06-29 21:07:49.317 | INFO     | N/A | ⏳ 等待 Profile 更新任务...
2026-06-29 21:07:54.347 | INFO     | N/A | ⏳ 等待 Profile 更新任务...
2026-06-29 21:07:59.374 | INFO     | N/A | ⏳ 等待 Profile 更新任务...
2026-06-29 21:08:04.401 | INFO     | N/A | ⏳ 等待 Profile 更新任务...
2026-06-29 21:08:09.430 | INFO     | N/A | ⏳ 等待 Profile 更新任务...
2026-06-29 21:08:14.461 | INFO     | N/A | ⏳ 等待 Profile 更新任务...
2026-06-29 21:08:19.489 | INFO     | N/A | ⏳ 等待 Profile 更新任务...
2026-06-29 21:08:24.520 | INFO     | N/A | ⏳ 等待 Profile 更新任务...
2026-06-29 21:08:29.547 | INFO     | N/A | ⏳ 等待 Profile 更新任务...
2026-06-29 21:08:34.574 | INFO     | N/A | ⏳ 等待 Profile 更新任务...
2026-06-29 21:08:39.601 | INFO     | N/A | ⏳ 等待 Profile 更新任务...
2026-06-29 21:08:44.628 | INFO     | N/A | ⏳ 等待 Profile 更新任务...
2026-06-29 21:08:49.656 | INFO     | N/A | ⏳ 等待 Profile 更新任务...
2026-06-29 21:08:54.686 | INFO     | N/A | ⏳ 等待 Profile 更新任务...
2026-06-29 21:08:59.713 | INFO     | N/A | ⏳ 等待 Profile 更新任务...
2026-06-29 21:09:04.742 | INFO     | N/A | ⏳ 等待 Profile 更新任务...
2026-06-29 21:09:09.769 | INFO     | N/A | ⏳ 等待 Profile 更新任务...
2026-06-29 21:09:14.799 | INFO     | N/A | ⏳ 等待 Profile 更新任务...
2026-06-29 21:09:19.816 | INFO     | N/A | ⏳ 等待 Profile 更新任务...
2026-06-29 21:09:24.840 | INFO     | N/A | ⏳ 等待 Profile 更新任务...
2026-06-29 21:09:29.864 | INFO     | N/A | ⏳ 等待 Profile 更新任务...
2026-06-29 21:09:34.894 | INFO     | N/A | ⏳ 等待 Profile 更新任务...
2026-06-29 21:09:39.920 | INFO     | N/A | ⏳ 等待 Profile 更新任务...
2026-06-29 21:09:44.949 | INFO     | N/A | ⏳ 等待 Profile 更新任务...
2026-06-29 21:09:49.980 | INFO     | N/A | ⏳ 等待 Profile 更新任务...
2026-06-29 21:09:55.008 | INFO     | N/A | ⏳ 等待 Profile 更新任务...
2026-06-29 21:10:00.037 | INFO     | N/A | ⏳ 等待 Profile 更新任务...
2026-06-29 21:10:05.068 | INFO     | N/A | ⏳ 等待 Profile 更新任务...
2026-06-29 21:10:10.099 | INFO     | N/A | ⏳ 等待 Profile 更新任务...
2026-06-29 21:10:15.128 | INFO     | N/A | ⏳ 等待 Profile 更新任务...
2026-06-29 21:10:20.164 | INFO     | N/A | ⏳ 等待 Profile 更新任务...
2026-06-29 21:10:25.192 | INFO     | N/A | ⏳ 等待 Profile 更新任务...
2026-06-29 21:10:30.220 | INFO     | N/A | ⏳ 等待 Profile 更新任务...
2026-06-29 21:10:35.248 | INFO     | N/A | ⏳ 等待 Profile 更新任务...
2026-06-29 21:10:40.277 | INFO     | N/A | ⏳ 等待 Profile 更新任务...
2026-06-29 21:10:45.308 | INFO     | N/A | ⏳ 等待 Profile 更新任务...
2026-06-29 21:10:50.340 | INFO     | N/A | ⏳ 等待 Profile 更新任务...
2026-06-29 21:10:55.369 | INFO     | N/A | ⏳ 等待 Profile 更新任务...
2026-06-29 21:11:00.415 | INFO     | N/A | ⏳ 等待 Profile 更新任务...
2026-06-29 21:11:05.443 | INFO     | N/A | ⏳ 等待 Profile 更新任务...
2026-06-29 21:11:10.472 | INFO     | N/A | ⏳ 等待 Profile 更新任务...
2026-06-29 21:11:15.501 | INFO     | N/A | ⏳ 等待 Profile 更新任务...
2026-06-29 21:11:20.545 | INFO     | N/A | ⏳ 等待 Profile 更新任务...
2026-06-29 21:11:25.578 | INFO     | N/A | ⏳ 等待 Profile 更新任务...
2026-06-29 21:11:30.605 | INFO     | N/A | ⏳ 等待 Profile 更新任务...
2026-06-29 21:11:35.634 | INFO     | N/A | ⏳ 等待 Profile 更新任务...
2026-06-29 21:11:40.661 | INFO     | N/A | ⏳ 等待 Profile 更新任务...
2026-06-29 21:11:45.688 | INFO     | N/A | ⏳ 等待 Profile 更新任务...
2026-06-29 21:11:50.719 | INFO     | N/A | ⏳ 等待 Profile 更新任务...
2026-06-29 21:11:55.746 | INFO     | N/A | ⏳ 等待 Profile 更新任务...
2026-06-29 21:12:00.773 | INFO     | N/A | ⏳ 等待 Profile 更新任务...
2026-06-29 21:12:05.800 | INFO     | N/A | ⏳ 等待 Profile 更新任务...
2026-06-29 21:12:10.823 | INFO     | N/A | ⏳ 等待 Profile 更新任务...
2026-06-29 21:12:15.847 | INFO     | N/A | ⏳ 等待 Profile 更新任务...
2026-06-29 21:12:20.870 | INFO     | N/A | ⏳ 等待 Profile 更新任务...
2026-06-29 21:12:25.892 | INFO     | N/A | ⏳ 等待 Profile 更新任务...
2026-06-29 21:12:30.914 | INFO     | N/A | ⏳ 等待 Profile 更新任务...
2026-06-29 21:12:35.936 | INFO     | N/A | ⏳ 等待 Profile 更新任务...
2026-06-29 21:12:40.959 | INFO     | N/A | ⏳ 等待 Profile 更新任务...
2026-06-29 21:12:45.985 | INFO     | N/A | ⏳ 等待 Profile 更新任务...
2026-06-29 21:12:51.018 | INFO     | N/A | ⏳ 等待 Profile 更新任务...
2026-06-29 21:12:56.051 | INFO     | N/A | ⏳ 等待 Profile 更新任务...
2026-06-29 21:13:01.078 | INFO     | N/A | ⏳ 等待 Profile 更新任务...
2026-06-29 21:13:06.109 | INFO     | N/A | ⏳ 等待 Profile 更新任务...
2026-06-29 21:13:11.140 | INFO     | N/A | ⏳ 等待 Profile 更新任务...
2026-06-29 21:13:16.171 | INFO     | N/A | ⏳ 等待 Profile 更新任务...
2026-06-29 21:13:21.199 | INFO     | N/A | ⏳ 等待 Profile 更新任务...
2026-06-29 21:13:26.258 | INFO     | N/A | ⏳ 等待 Profile 更新任务...
2026-06-29 21:13:31.290 | INFO     | N/A | ⏳ 等待 Profile 更新任务...
2026-06-29 21:13:36.317 | INFO     | N/A | ⏳ 等待 Profile 更新任务...
2026-06-29 21:13:41.346 | INFO     | N/A | ⏳ 等待 Profile 更新任务...
2026-06-29 21:13:46.374 | INFO     | N/A | ⏳ 等待 Profile 更新任务...
2026-06-29 21:13:51.409 | INFO     | N/A | ⏳ 等待 Profile 更新任务...
2026-06-29 21:13:56.438 | INFO     | N/A | ⏳ 等待 Profile 更新任务...
2026-06-29 21:14:01.467 | INFO     | N/A | ⏳ 等待 Profile 更新任务...
2026-06-29 21:14:06.494 | INFO     | N/A | ⏳ 等待 Profile 更新任务...
2026-06-29 21:14:11.519 | INFO     | N/A | ⏳ 等待 Profile 更新任务...
2026-06-29 21:14:16.549 | INFO     | N/A | ⏳ 等待 Profile 更新任务...
2026-06-29 21:14:21.581 | INFO     | N/A | ⏳ 等待 Profile 更新任务...
2026-06-29 21:14:26.616 | INFO     | N/A | ⏳ 等待 Profile 更新任务...
2026-06-29 21:14:31.645 | INFO     | N/A | ⏳ 等待 Profile 更新任务...
2026-06-29 21:14:36.684 | INFO     | N/A | ⏳ 等待 Profile 更新任务...
2026-06-29 21:14:41.713 | INFO     | N/A | ⏳ 等待 Profile 更新任务...
2026-06-29 21:14:46.743 | INFO     | N/A | ⏳ 等待 Profile 更新任务...
2026-06-29 21:14:51.773 | INFO     | N/A | ⏳ 等待 Profile 更新任务...
2026-06-29 21:14:56.802 | INFO     | N/A | ⏳ 等待 Profile 更新任务...
2026-06-29 21:15:01.830 | INFO     | N/A | ⏳ 等待 Profile 更新任务...
2026-06-29 21:15:06.862 | INFO     | N/A | ⏳ 等待 Profile 更新任务...
2026-06-29 21:15:11.892 | INFO     | N/A | ⏳ 等待 Profile 更新任务...
2026-06-29 21:15:16.922 | INFO     | N/A | ⏳ 等待 Profile 更新任务...
2026-06-29 21:15:21.955 | INFO     | N/A | ⏳ 等待 Profile 更新任务...
2026-06-29 21:15:26.986 | INFO     | N/A | ⏳ 等待 Profile 更新任务...
2026-06-29 21:15:32.020 | INFO     | N/A | ⏳ 等待 Profile 更新任务...
2026-06-29 21:15:37.094 | INFO     | N/A | ⏳ 等待 Profile 更新任务...
2026-06-29 21:15:42.123 | INFO     | N/A | ⏳ 等待 Profile 更新任务...
2026-06-29 21:15:47.154 | INFO     | N/A | ⏳ 等待 Profile 更新任务...
2026-06-29 21:15:52.188 | INFO     | N/A | ⏳ 等待 Profile 更新任务...
2026-06-29 21:15:57.216 | INFO     | N/A | ⏳ 等待 Profile 更新任务...
2026-06-29 21:16:02.247 | INFO     | N/A | ⏳ 等待 Profile 更新任务...
2026-06-29 21:16:07.273 | INFO     | N/A | ⏳ 等待 Profile 更新任务...
2026-06-29 21:16:12.298 | INFO     | N/A | ⏳ 等待 Profile 更新任务...
2026-06-29 21:16:17.327 | INFO     | N/A | ⏳ 等待 Profile 更新任务...
2026-06-29 21:16:22.373 | INFO     | N/A | ⏳ 等待 Profile 更新任务...
2026-06-29 21:16:27.402 | INFO     | N/A | ⏳ 等待 Profile 更新任务...
2026-06-29 21:16:32.436 | INFO     | N/A | ⏳ 等待 Profile 更新任务...
2026-06-29 21:16:37.466 | INFO     | N/A | ⏳ 等待 Profile 更新任务...
2026-06-29 21:16:42.494 | INFO     | N/A | ⏳ 等待 Profile 更新任务...
2026-06-29 21:16:47.524 | INFO     | N/A | ⏳ 等待 Profile 更新任务...
2026-06-29 21:16:52.552 | INFO     | N/A | ⏳ 等待 Profile 更新任务...
2026-06-29 21:16:57.581 | INFO     | N/A | ⏳ 等待 Profile 更新任务...
2026-06-29 21:17:02.609 | INFO     | N/A | ⏳ 等待 Profile 更新任务...
2026-06-29 21:17:07.639 | INFO     | N/A | ⏳ 等待 Profile 更新任务...
2026-06-29 21:17:12.669 | INFO     | N/A | ⏳ 等待 Profile 更新任务...
2026-06-29 21:17:17.698 | INFO     | N/A | ⏳ 等待 Profile 更新任务...
2026-06-29 21:17:22.727 | INFO     | N/A | ⏳ 等待 Profile 更新任务...
2026-06-29 21:17:27.759 | INFO     | N/A | ⏳ 等待 Profile 更新任务...
2026-06-29 21:17:32.787 | INFO     | N/A | ⏳ 等待 Profile 更新任务...
2026-06-29 21:17:37.815 | INFO     | N/A | ⏳ 等待 Profile 更新任务...
2026-06-29 21:17:42.844 | INFO     | N/A | ⏳ 等待 Profile 更新任务...
2026-06-29 21:17:47.874 | INFO     | N/A | ⏳ 等待 Profile 更新任务...
2026-06-29 21:17:52.904 | INFO     | N/A | ⏳ 等待 Profile 更新任务...
2026-06-29 21:17:57.933 | INFO     | N/A | ⏳ 等待 Profile 更新任务...
2026-06-29 21:18:02.961 | INFO     | N/A | ⏳ 等待 Profile 更新任务...
2026-06-29 21:18:07.990 | INFO     | N/A | ⏳ 等待 Profile 更新任务...
2026-06-29 21:18:13.021 | INFO     | N/A | ⏳ 等待 Profile 更新任务...
2026-06-29 21:18:18.049 | INFO     | N/A | ⏳ 等待 Profile 更新任务...
2026-06-29 21:18:23.079 | INFO     | N/A | ⏳ 等待 Profile 更新任务...
2026-06-29 21:18:28.105 | INFO     | N/A | ⏳ 等待 Profile 更新任务...
2026-06-29 21:18:33.131 | INFO     | N/A | ⏳ 等待 Profile 更新任务...
2026-06-29 21:18:38.158 | INFO     | N/A | ⏳ 等待 Profile 更新任务...
2026-06-29 21:18:43.185 | INFO     | N/A | ⏳ 等待 Profile 更新任务...
2026-06-29 21:18:48.214 | INFO     | N/A | ⏳ 等待 Profile 更新任务...
2026-06-29 21:18:53.241 | INFO     | N/A | ⏳ 等待 Profile 更新任务...
2026-06-29 21:18:58.270 | INFO     | N/A | ⏳ 等待 Profile 更新任务...
2026-06-29 21:19:03.298 | INFO     | N/A | ⏳ 等待 Profile 更新任务...
2026-06-29 21:19:08.329 | INFO     | N/A | ⏳ 等待 Profile 更新任务...
2026-06-29 21:19:13.360 | INFO     | N/A | ⏳ 等待 Profile 更新任务...
2026-06-29 21:19:18.390 | INFO     | N/A | ⏳ 等待 Profile 更新任务...
2026-06-29 21:19:23.419 | INFO     | N/A | ⏳ 等待 Profile 更新任务...
2026-06-29 21:19:28.445 | INFO     | N/A | ⏳ 等待 Profile 更新任务...
2026-06-29 21:19:33.471 | INFO     | N/A | ⏳ 等待 Profile 更新任务...
2026-06-29 21:19:38.495 | INFO     | N/A | ⏳ 等待 Profile 更新任务...
2026-06-29 21:19:43.519 | INFO     | N/A | ⏳ 等待 Profile 更新任务...
2026-06-29 21:19:48.554 | INFO     | N/A | ⏳ 等待 Profile 更新任务...
2026-06-29 21:19:53.580 | INFO     | N/A | ⏳ 等待 Profile 更新任务...
2026-06-29 21:19:58.622 | INFO     | N/A | ⏳ 等待 Profile 更新任务...
2026-06-29 21:20:03.647 | INFO     | N/A | ⏳ 等待 Profile 更新任务...
2026-06-29 21:20:08.668 | INFO     | N/A | ⏳ 等待 Profile 更新任务...
2026-06-29 21:20:13.692 | INFO     | N/A | ⏳ 等待 Profile 更新任务...
2026-06-29 21:20:18.714 | INFO     | N/A | ⏳ 等待 Profile 更新任务...
2026-06-29 21:20:23.742 | INFO     | N/A | ⏳ 等待 Profile 更新任务...
2026-06-29 21:20:28.765 | INFO     | N/A | ⏳ 等待 Profile 更新任务...
2026-06-29 21:20:33.790 | INFO     | N/A | ⏳ 等待 Profile 更新任务...
2026-06-29 21:20:38.813 | INFO     | N/A | ⏳ 等待 Profile 更新任务...
2026-06-29 21:20:43.836 | INFO     | N/A | ⏳ 等待 Profile 更新任务...
2026-06-29 21:20:48.860 | INFO     | N/A | ⏳ 等待 Profile 更新任务...
2026-06-29 21:20:53.884 | INFO     | N/A | ⏳ 等待 Profile 更新任务...
2026-06-29 21:20:58.907 | INFO     | N/A | ⏳ 等待 Profile 更新任务...
2026-06-29 21:21:03.932 | INFO     | N/A | ⏳ 等待 Profile 更新任务...
2026-06-29 21:21:08.955 | INFO     | N/A | ⏳ 等待 Profile 更新任务...
2026-06-29 21:21:13.978 | INFO     | N/A | ⏳ 等待 Profile 更新任务...
2026-06-29 21:21:19.003 | INFO     | N/A | ⏳ 等待 Profile 更新任务...
2026-06-29 21:21:24.034 | INFO     | N/A | ⏳ 等待 Profile 更新任务...
2026-06-29 21:21:29.058 | INFO     | N/A | ⏳ 等待 Profile 更新任务...
2026-06-29 21:21:34.082 | INFO     | N/A | ⏳ 等待 Profile 更新任务...
2026-06-29 21:21:39.106 | INFO     | N/A | ⏳ 等待 Profile 更新任务...
2026-06-29 21:21:44.132 | INFO     | N/A | ⏳ 等待 Profile 更新任务...
2026-06-29 21:21:49.160 | INFO     | N/A | ⏳ 等待 Profile 更新任务...
2026-06-29 21:21:54.198 | INFO     | N/A | ⏳ 等待 Profile 更新任务...
2026-06-29 21:21:59.225 | INFO     | N/A | ⏳ 等待 Profile 更新任务...
2026-06-29 21:22:04.251 | INFO     | N/A | ⏳ 等待 Profile 更新任务...
2026-06-29 21:22:09.276 | INFO     | N/A | ⏳ 等待 Profile 更新任务...
2026-06-29 21:22:14.298 | INFO     | N/A | ⏳ 等待 Profile 更新任务...
2026-06-29 21:22:19.323 | INFO     | N/A | ⏳ 等待 Profile 更新任务...
2026-06-29 21:22:24.352 | INFO     | N/A | ⏳ 等待 Profile 更新任务...
2026-06-29 21:22:29.377 | INFO     | N/A | ⏳ 等待 Profile 更新任务...
2026-06-29 21:22:34.402 | INFO     | N/A | ⏳ 等待 Profile 更新任务...
2026-06-29 21:22:39.426 | INFO     | N/A | ⏳ 等待 Profile 更新任务...
2026-06-29 21:22:44.452 | INFO     | N/A | ⏳ 等待 Profile 更新任务...
2026-06-29 21:22:49.477 | INFO     | N/A | ⏳ 等待 Profile 更新任务...
2026-06-29 21:22:54.506 | INFO     | N/A | ⏳ 等待 Profile 更新任务...
2026-06-29 21:22:59.539 | INFO     | N/A | ⏳ 等待 Profile 更新任务...
2026-06-29 21:23:04.564 | INFO     | N/A | ⏳ 等待 Profile 更新任务...
2026-06-29 21:23:09.590 | INFO     | N/A | ⏳ 等待 Profile 更新任务...
2026-06-29 21:23:14.614 | INFO     | N/A | ⏳ 等待 Profile 更新任务...
2026-06-29 21:23:19.639 | INFO     | N/A | ⏳ 等待 Profile 更新任务...
2026-06-29 21:23:24.663 | INFO     | N/A | ⏳ 等待 Profile 更新任务...
2026-06-29 21:23:29.688 | INFO     | N/A | ⏳ 等待 Profile 更新任务...
2026-06-29 21:23:34.713 | INFO     | N/A | ⏳ 等待 Profile 更新任务...
2026-06-29 21:23:39.739 | INFO     | N/A | ⏳ 等待 Profile 更新任务...
2026-06-29 21:23:44.764 | INFO     | N/A | ⏳ 等待 Profile 更新任务...
2026-06-29 21:23:49.788 | INFO     | N/A | ⏳ 等待 Profile 更新任务...
2026-06-29 21:23:54.816 | INFO     | N/A | ⏳ 等待 Profile 更新任务...
2026-06-29 21:23:59.861 | INFO     | N/A | ⏳ 等待 Profile 更新任务...
2026-06-29 21:24:04.885 | INFO     | N/A | ⏳ 等待 Profile 更新任务...
2026-06-29 21:24:09.914 | INFO     | N/A | ⏳ 等待 Profile 更新任务...
2026-06-29 21:24:14.940 | INFO     | N/A | ⏳ 等待 Profile 更新任务...
2026-06-29 21:24:19.965 | INFO     | N/A | ⏳ 等待 Profile 更新任务...
2026-06-29 21:24:24.993 | INFO     | N/A | ⏳ 等待 Profile 更新任务...
2026-06-29 21:24:30.020 | INFO     | N/A | ⏳ 等待 Profile 更新任务...
2026-06-29 21:24:35.045 | INFO     | N/A | ⏳ 等待 Profile 更新任务...
2026-06-29 21:24:40.069 | INFO     | N/A | ⏳ 等待 Profile 更新任务...
2026-06-29 21:24:45.094 | INFO     | N/A | ⏳ 等待 Profile 更新任务...
2026-06-29 21:24:50.119 | INFO     | N/A | ⏳ 等待 Profile 更新任务...
2026-06-29 21:24:55.146 | INFO     | N/A | ⏳ 等待 Profile 更新任务...
2026-06-29 21:25:00.175 | INFO     | N/A | ⏳ 等待 Profile 更新任务...
2026-06-29 21:25:05.204 | INFO     | N/A | ⏳ 等待 Profile 更新任务...
2026-06-29 21:25:10.232 | INFO     | N/A | ⏳ 等待 Profile 更新任务...
2026-06-29 21:25:15.257 | INFO     | N/A | ⏳ 等待 Profile 更新任务...
2026-06-29 21:25:20.282 | INFO     | N/A | ⏳ 等待 Profile 更新任务...
2026-06-29 21:25:25.310 | INFO     | N/A | ⏳ 等待 Profile 更新任务...
2026-06-29 21:25:30.334 | INFO     | N/A | ⏳ 等待 Profile 更新任务...
2026-06-29 21:25:35.358 | INFO     | N/A | ⏳ 等待 Profile 更新任务...
2026-06-29 21:25:40.382 | INFO     | N/A | ⏳ 等待 Profile 更新任务...
2026-06-29 21:25:45.405 | INFO     | N/A | ⏳ 等待 Profile 更新任务...
2026-06-29 21:25:50.428 | INFO     | N/A | ⏳ 等待 Profile 更新任务...
2026-06-29 21:25:55.454 | INFO     | N/A | ⏳ 等待 Profile 更新任务...
2026-06-29 21:26:00.486 | INFO     | N/A | ⏳ 等待 Profile 更新任务...
2026-06-29 21:26:05.510 | INFO     | N/A | ⏳ 等待 Profile 更新任务...
2026-06-29 21:26:10.534 | INFO     | N/A | ⏳ 等待 Profile 更新任务...
2026-06-29 21:26:15.560 | INFO     | N/A | ⏳ 等待 Profile 更新任务...
2026-06-29 21:26:20.584 | INFO     | N/A | ⏳ 等待 Profile 更新任务...
2026-06-29 21:26:25.608 | INFO     | N/A | ⏳ 等待 Profile 更新任务...
2026-06-29 21:26:30.632 | INFO     | N/A | ⏳ 等待 Profile 更新任务...
2026-06-29 21:26:35.656 | INFO     | N/A | ⏳ 等待 Profile 更新任务...
2026-06-29 21:26:40.680 | INFO     | N/A | ⏳ 等待 Profile 更新任务...
2026-06-29 21:26:45.702 | INFO     | N/A | ⏳ 等待 Profile 更新任务...
2026-06-29 21:26:50.726 | INFO     | N/A | ⏳ 等待 Profile 更新任务...
2026-06-29 21:26:55.750 | INFO     | N/A | ⏳ 等待 Profile 更新任务...
2026-06-29 21:27:00.773 | INFO     | N/A | ⏳ 等待 Profile 更新任务...
2026-06-29 21:27:05.802 | INFO     | N/A | ⏳ 等待 Profile 更新任务...
2026-06-29 21:27:10.827 | INFO     | N/A | ⏳ 等待 Profile 更新任务...
2026-06-29 21:27:15.849 | INFO     | N/A | ⏳ 等待 Profile 更新任务...
2026-06-29 21:27:20.873 | INFO     | N/A | ⏳ 等待 Profile 更新任务...
2026-06-29 21:27:25.899 | INFO     | N/A | ⏳ 等待 Profile 更新任务...
2026-06-29 21:27:30.922 | INFO     | N/A | ⏳ 等待 Profile 更新任务...
2026-06-29 21:27:35.946 | INFO     | N/A | ⏳ 等待 Profile 更新任务...
2026-06-29 21:27:40.969 | INFO     | N/A | ⏳ 等待 Profile 更新任务...
2026-06-29 21:27:45.993 | INFO     | N/A | ⏳ 等待 Profile 更新任务...
2026-06-29 21:27:51.015 | INFO     | N/A | ⏳ 等待 Profile 更新任务...
2026-06-29 21:27:56.042 | INFO     | N/A | ⏳ 等待 Profile 更新任务...
2026-06-29 21:28:01.065 | INFO     | N/A | ⏳ 等待 Profile 更新任务...
2026-06-29 21:28:06.091 | INFO     | N/A | ⏳ 等待 Profile 更新任务...
2026-06-29 21:28:11.117 | INFO     | N/A | ⏳ 等待 Profile 更新任务...
2026-06-29 21:28:16.141 | INFO     | N/A | ⏳ 等待 Profile 更新任务...
2026-06-29 21:28:21.163 | INFO     | N/A | ⏳ 等待 Profile 更新任务...
2026-06-29 21:28:26.189 | INFO     | N/A | ⏳ 等待 Profile 更新任务...
2026-06-29 21:28:31.211 | INFO     | N/A | ⏳ 等待 Profile 更新任务...
2026-06-29 21:28:36.234 | INFO     | N/A | ⏳ 等待 Profile 更新任务...
2026-06-29 21:28:41.257 | INFO     | N/A | ⏳ 等待 Profile 更新任务...
2026-06-29 21:28:46.280 | INFO     | N/A | ⏳ 等待 Profile 更新任务...
2026-06-29 21:28:51.303 | INFO     | N/A | ⏳ 等待 Profile 更新任务...
2026-06-29 21:28:56.332 | INFO     | N/A | ⏳ 等待 Profile 更新任务...
2026-06-29 21:29:01.354 | INFO     | N/A | ⏳ 等待 Profile 更新任务...
2026-06-29 21:29:06.378 | INFO     | N/A | ⏳ 等待 Profile 更新任务...
2026-06-29 21:29:11.408 | INFO     | N/A | ⏳ 等待 Profile 更新任务...
2026-06-29 21:29:16.434 | INFO     | N/A | ⏳ 等待 Profile 更新任务...
2026-06-29 21:29:21.461 | INFO     | N/A | ⏳ 等待 Profile 更新任务...
2026-06-29 21:29:26.497 | INFO     | N/A | ⏳ 等待 Profile 更新任务...
2026-06-29 21:29:31.522 | INFO     | N/A | ⏳ 等待 Profile 更新任务...
2026-06-29 21:29:36.550 | INFO     | N/A | ⏳ 等待 Profile 更新任务...
2026-06-29 21:29:41.576 | INFO     | N/A | ⏳ 等待 Profile 更新任务...
2026-06-29 21:29:46.599 | INFO     | N/A | ⏳ 等待 Profile 更新任务...
2026-06-29 21:29:51.626 | INFO     | N/A | ⏳ 等待 Profile 更新任务...
2026-06-29 21:29:56.651 | INFO     | N/A | ⏳ 等待 Profile 更新任务...
2026-06-29 21:30:01.680 | INFO     | N/A | ⏳ 等待 Profile 更新任务...
2026-06-29 21:30:06.730 | INFO     | N/A | ⏳ 等待 Profile 更新任务...
2026-06-29 21:30:11.763 | INFO     | N/A | ⏳ 等待 Profile 更新任务...
2026-06-29 21:30:16.788 | INFO     | N/A | ⏳ 等待 Profile 更新任务...
2026-06-29 21:30:21.814 | INFO     | N/A | ⏳ 等待 Profile 更新任务...
2026-06-29 21:30:26.842 | INFO     | N/A | ⏳ 等待 Profile 更新任务...
2026-06-29 21:30:31.866 | INFO     | N/A | ⏳ 等待 Profile 更新任务...
2026-06-29 21:30:36.892 | INFO     | N/A | ⏳ 等待 Profile 更新任务...
2026-06-29 21:30:41.917 | INFO     | N/A | ⏳ 等待 Profile 更新任务...
2026-06-29 21:30:46.943 | INFO     | N/A | ⏳ 等待 Profile 更新任务...
2026-06-29 21:30:51.966 | INFO     | N/A | ⏳ 等待 Profile 更新任务...
2026-06-29 21:30:56.990 | INFO     | N/A | ⏳ 等待 Profile 更新任务...
2026-06-29 21:31:02.079 | INFO     | N/A | ⏳ 等待 Profile 更新任务...
2026-06-29 21:31:07.107 | INFO     | N/A | ⏳ 等待 Profile 更新任务...
2026-06-29 21:31:12.138 | INFO     | N/A | ⏳ 等待 Profile 更新任务...
2026-06-29 21:31:17.167 | INFO     | N/A | ⏳ 等待 Profile 更新任务...
2026-06-29 21:31:22.196 | INFO     | N/A | ⏳ 等待 Profile 更新任务...
2026-06-29 21:31:27.223 | INFO     | N/A | ⏳ 等待 Profile 更新任务...
2026-06-29 21:31:32.250 | INFO     | N/A | ⏳ 等待 Profile 更新任务...
2026-06-29 21:31:37.277 | INFO     | N/A | ⏳ 等待 Profile 更新任务...
2026-06-29 21:31:42.305 | INFO     | N/A | ⏳ 等待 Profile 更新任务...
2026-06-29 21:31:47.331 | INFO     | N/A | ⏳ 等待 Profile 更新任务...
2026-06-29 21:31:52.357 | INFO     | N/A | ⏳ 等待 Profile 更新任务...
2026-06-29 21:31:57.388 | INFO     | N/A | ⏳ 等待 Profile 更新任务...
2026-06-29 21:32:02.416 | INFO     | N/A | ⏳ 等待 Profile 更新任务...
2026-06-29 21:32:07.446 | INFO     | N/A | ⏳ 等待 Profile 更新任务...
2026-06-29 21:32:12.479 | INFO     | N/A | ⏳ 等待 Profile 更新任务...
2026-06-29 21:32:17.505 | INFO     | N/A | ⏳ 等待 Profile 更新任务...
2026-06-29 21:32:22.531 | INFO     | N/A | ⏳ 等待 Profile 更新任务...
2026-06-29 21:32:27.562 | INFO     | N/A | ⏳ 等待 Profile 更新任务...
2026-06-29 21:32:32.587 | INFO     | N/A | ⏳ 等待 Profile 更新任务...
2026-06-29 21:32:37.614 | INFO     | N/A | ⏳ 等待 Profile 更新任务...
2026-06-29 21:32:42.638 | INFO     | N/A | ⏳ 等待 Profile 更新任务...
2026-06-29 21:32:47.666 | INFO     | N/A | ⏳ 等待 Profile 更新任务...
2026-06-29 21:32:52.692 | INFO     | N/A | ⏳ 等待 Profile 更新任务...
2026-06-29 21:32:57.718 | INFO     | N/A | ⏳ 等待 Profile 更新任务...
2026-06-29 21:33:02.744 | INFO     | N/A | ⏳ 等待 Profile 更新任务...
2026-06-29 21:33:07.770 | INFO     | N/A | ⏳ 等待 Profile 更新任务...
2026-06-29 21:33:12.801 | INFO     | N/A | ⏳ 等待 Profile 更新任务...
2026-06-29 21:33:17.828 | INFO     | N/A | ⏳ 等待 Profile 更新任务...
2026-06-29 21:33:22.857 | INFO     | N/A | ⏳ 等待 Profile 更新任务...
2026-06-29 21:33:27.887 | INFO     | N/A | ⏳ 等待 Profile 更新任务...
2026-06-29 21:33:32.917 | INFO     | N/A | ⏳ 等待 Profile 更新任务...
2026-06-29 21:33:37.947 | INFO     | N/A | ⏳ 等待 Profile 更新任务...
2026-06-29 21:33:42.975 | INFO     | N/A | ⏳ 等待 Profile 更新任务...
2026-06-29 21:33:48.003 | INFO     | N/A | ⏳ 等待 Profile 更新任务...
2026-06-29 21:33:53.034 | INFO     | N/A | ⏳ 等待 Profile 更新任务...
2026-06-29 21:33:58.064 | INFO     | N/A | ⏳ 等待 Profile 更新任务...
2026-06-29 21:34:03.092 | INFO     | N/A | ⏳ 等待 Profile 更新任务...
2026-06-29 21:34:08.121 | INFO     | N/A | ⏳ 等待 Profile 更新任务...
2026-06-29 21:34:13.150 | INFO     | N/A | ⏳ 等待 Profile 更新任务...
2026-06-29 21:34:18.183 | INFO     | N/A | ⏳ 等待 Profile 更新任务...
2026-06-29 21:34:23.210 | INFO     | N/A | ⏳ 等待 Profile 更新任务...
2026-06-29 21:34:28.239 | INFO     | N/A | ⏳ 等待 Profile 更新任务...
2026-06-29 21:34:33.263 | INFO     | N/A | ⏳ 等待 Profile 更新任务...
2026-06-29 21:34:38.287 | INFO     | N/A | ⏳ 等待 Profile 更新任务...
2026-06-29 21:34:43.311 | INFO     | N/A | ⏳ 等待 Profile 更新任务...
2026-06-29 21:34:48.335 | INFO     | N/A | ⏳ 等待 Profile 更新任务...
2026-06-29 21:34:53.359 | INFO     | N/A | ⏳ 等待 Profile 更新任务...
2026-06-29 21:34:58.384 | INFO     | N/A | ⏳ 等待 Profile 更新任务...
2026-06-29 21:35:03.410 | INFO     | N/A | ⏳ 等待 Profile 更新任务...
2026-06-29 21:35:08.438 | INFO     | N/A | ⏳ 等待 Profile 更新任务...
2026-06-29 21:35:13.463 | INFO     | N/A | ⏳ 等待 Profile 更新任务...
2026-06-29 21:35:18.492 | INFO     | N/A | ⏳ 等待 Profile 更新任务...
2026-06-29 21:35:23.516 | INFO     | N/A | ⏳ 等待 Profile 更新任务...
2026-06-29 21:35:28.543 | INFO     | N/A | ⏳ 等待 Profile 更新任务...
2026-06-29 21:35:33.573 | INFO     | N/A | ⏳ 等待 Profile 更新任务...
2026-06-29 21:35:38.596 | INFO     | N/A | ⏳ 等待 Profile 更新任务...
2026-06-29 21:35:43.622 | INFO     | N/A | ⏳ 等待 Profile 更新任务...
2026-06-29 21:35:48.646 | INFO     | N/A | ⏳ 等待 Profile 更新任务...
2026-06-29 21:35:53.672 | INFO     | N/A | ⏳ 等待 Profile 更新任务...
2026-06-29 21:35:58.697 | INFO     | N/A | ⏳ 等待 Profile 更新任务...
2026-06-29 21:36:03.724 | INFO     | N/A | ⏳ 等待 Profile 更新任务...
2026-06-29 21:36:08.751 | INFO     | N/A | ⏳ 等待 Profile 更新任务...
2026-06-29 21:36:13.775 | INFO     | N/A | ⏳ 等待 Profile 更新任务...
2026-06-29 21:36:18.804 | INFO     | N/A | ⏳ 等待 Profile 更新任务...
2026-06-29 21:36:23.830 | INFO     | N/A | ⏳ 等待 Profile 更新任务...
2026-06-29 21:36:28.857 | INFO     | N/A | ⏳ 等待 Profile 更新任务...
2026-06-29 21:36:33.884 | INFO     | N/A | ⏳ 等待 Profile 更新任务...
2026-06-29 21:36:38.910 | INFO     | N/A | ⏳ 等待 Profile 更新任务...
2026-06-29 21:36:43.936 | INFO     | N/A | ⏳ 等待 Profile 更新任务...
2026-06-29 21:36:48.961 | INFO     | N/A | ⏳ 等待 Profile 更新任务...
2026-06-29 21:36:53.984 | INFO     | N/A | ⏳ 等待 Profile 更新任务...
2026-06-29 21:36:59.009 | INFO     | N/A | ⏳ 等待 Profile 更新任务...
2026-06-29 21:37:04.035 | INFO     | N/A | ⏳ 等待 Profile 更新任务...
2026-06-29 21:37:09.062 | INFO     | N/A | ⏳ 等待 Profile 更新任务...
2026-06-29 21:37:14.090 | INFO     | N/A | ⏳ 等待 Profile 更新任务...
2026-06-29 21:37:19.117 | INFO     | N/A | ⏳ 等待 Profile 更新任务...
2026-06-29 21:37:24.144 | INFO     | N/A | ⏳ 等待 Profile 更新任务...
2026-06-29 21:37:29.171 | INFO     | N/A | ⏳ 等待 Profile 更新任务...
2026-06-29 21:37:34.196 | INFO     | N/A | ⏳ 等待 Profile 更新任务...
2026-06-29 21:37:39.221 | INFO     | N/A | ⏳ 等待 Profile 更新任务...
2026-06-29 21:37:44.245 | INFO     | N/A | ⏳ 等待 Profile 更新任务...
2026-06-29 21:37:49.270 | INFO     | N/A | ⏳ 等待 Profile 更新任务...
2026-06-29 21:37:54.294 | INFO     | N/A | ⏳ 等待 Profile 更新任务...
2026-06-29 21:37:59.322 | INFO     | N/A | ⏳ 等待 Profile 更新任务...
2026-06-29 21:38:04.346 | INFO     | N/A | ⏳ 等待 Profile 更新任务...
2026-06-29 21:38:09.372 | INFO     | N/A | ⏳ 等待 Profile 更新任务...
2026-06-29 21:38:14.400 | INFO     | N/A | ⏳ 等待 Profile 更新任务...
2026-06-29 21:38:19.424 | INFO     | N/A | ⏳ 等待 Profile 更新任务...
2026-06-29 21:38:24.451 | INFO     | N/A | ⏳ 等待 Profile 更新任务...
2026-06-29 21:38:29.480 | INFO     | N/A | ⏳ 等待 Profile 更新任务...
2026-06-29 21:38:34.502 | INFO     | N/A | ⏳ 等待 Profile 更新任务...
2026-06-29 21:38:39.528 | INFO     | N/A | ⏳ 等待 Profile 更新任务...
2026-06-29 21:38:44.557 | INFO     | N/A | ⏳ 等待 Profile 更新任务...
2026-06-29 21:38:49.581 | INFO     | N/A | ⏳ 等待 Profile 更新任务...
2026-06-29 21:38:54.606 | INFO     | N/A | ⏳ 等待 Profile 更新任务...
2026-06-29 21:38:59.633 | INFO     | N/A | ⏳ 等待 Profile 更新任务...
2026-06-29 21:39:04.657 | INFO     | N/A | ⏳ 等待 Profile 更新任务...
2026-06-29 21:39:09.684 | INFO     | N/A | ⏳ 等待 Profile 更新任务...
2026-06-29 21:39:14.706 | INFO     | N/A | ⏳ 等待 Profile 更新任务...
2026-06-29 21:39:19.732 | INFO     | N/A | ⏳ 等待 Profile 更新任务...
2026-06-29 21:39:24.760 | INFO     | N/A | ⏳ 等待 Profile 更新任务...
2026-06-29 21:39:29.785 | INFO     | N/A | ⏳ 等待 Profile 更新任务...
2026-06-29 21:39:34.814 | INFO     | N/A | ⏳ 等待 Profile 更新任务...
2026-06-29 21:39:39.837 | INFO     | N/A | ⏳ 等待 Profile 更新任务...
2026-06-29 21:39:44.861 | INFO     | N/A | ⏳ 等待 Profile 更新任务...
2026-06-29 21:39:49.888 | INFO     | N/A | ⏳ 等待 Profile 更新任务...
2026-06-29 21:39:54.914 | INFO     | N/A | ⏳ 等待 Profile 更新任务...
2026-06-29 21:39:59.944 | INFO     | N/A | ⏳ 等待 Profile 更新任务...
2026-06-29 21:40:04.967 | INFO     | N/A | ⏳ 等待 Profile 更新任务...
2026-06-29 21:40:09.994 | INFO     | N/A | ⏳ 等待 Profile 更新任务...
2026-06-29 21:40:15.017 | INFO     | N/A | ⏳ 等待 Profile 更新任务...
2026-06-29 21:40:20.041 | INFO     | N/A | ⏳ 等待 Profile 更新任务...
2026-06-29 21:40:25.070 | INFO     | N/A | ⏳ 等待 Profile 更新任务...
2026-06-29 21:40:30.096 | INFO     | N/A | ⏳ 等待 Profile 更新任务...
2026-06-29 21:40:35.118 | INFO     | N/A | ⏳ 等待 Profile 更新任务...
2026-06-29 21:40:40.142 | INFO     | N/A | ⏳ 等待 Profile 更新任务...
2026-06-29 21:40:45.167 | INFO     | N/A | ⏳ 等待 Profile 更新任务...
2026-06-29 21:40:50.192 | INFO     | N/A | ⏳ 等待 Profile 更新任务...
2026-06-29 21:40:55.217 | INFO     | N/A | ⏳ 等待 Profile 更新任务...
2026-06-29 21:41:00.244 | INFO     | N/A | ⏳ 等待 Profile 更新任务...
2026-06-29 21:41:05.271 | INFO     | N/A | ⏳ 等待 Profile 更新任务...
2026-06-29 21:41:10.295 | INFO     | N/A | ⏳ 等待 Profile 更新任务...
2026-06-29 21:41:15.319 | INFO     | N/A | ⏳ 等待 Profile 更新任务...
2026-06-29 21:41:20.345 | INFO     | N/A | ⏳ 等待 Profile 更新任务...
2026-06-29 21:41:25.369 | INFO     | N/A | ⏳ 等待 Profile 更新任务...
2026-06-29 21:41:30.402 | INFO     | N/A | ⏳ 等待 Profile 更新任务...
2026-06-29 21:41:35.430 | INFO     | N/A | ⏳ 等待 Profile 更新任务...
2026-06-29 21:41:40.454 | INFO     | N/A | ⏳ 等待 Profile 更新任务...
2026-06-29 21:41:45.479 | INFO     | N/A | ⏳ 等待 Profile 更新任务...
2026-06-29 21:41:50.504 | INFO     | N/A | ⏳ 等待 Profile 更新任务...
2026-06-29 21:41:55.531 | INFO     | N/A | ⏳ 等待 Profile 更新任务...
2026-06-29 21:42:00.558 | INFO     | N/A | ⏳ 等待 Profile 更新任务...
2026-06-29 21:42:05.583 | INFO     | N/A | ⏳ 等待 Profile 更新任务...
2026-06-29 21:42:10.609 | INFO     | N/A | ⏳ 等待 Profile 更新任务...
2026-06-29 21:42:15.636 | INFO     | N/A | ⏳ 等待 Profile 更新任务...
2026-06-29 21:42:20.660 | INFO     | N/A | ⏳ 等待 Profile 更新任务...
2026-06-29 21:42:25.683 | INFO     | N/A | ⏳ 等待 Profile 更新任务...
2026-06-29 21:42:30.710 | INFO     | N/A | ⏳ 等待 Profile 更新任务...
2026-06-29 21:42:35.735 | INFO     | N/A | ⏳ 等待 Profile 更新任务...
2026-06-29 21:42:40.759 | INFO     | N/A | ⏳ 等待 Profile 更新任务...
2026-06-29 21:42:45.784 | INFO     | N/A | ⏳ 等待 Profile 更新任务...
2026-06-29 21:42:50.811 | INFO     | N/A | ⏳ 等待 Profile 更新任务...
2026-06-29 21:42:55.837 | INFO     | N/A | ⏳ 等待 Profile 更新任务...
2026-06-29 21:43:00.864 | INFO     | N/A | ⏳ 等待 Profile 更新任务...
2026-06-29 21:43:05.887 | INFO     | N/A | ⏳ 等待 Profile 更新任务...
2026-06-29 21:43:10.913 | INFO     | N/A | ⏳ 等待 Profile 更新任务...
2026-06-29 21:43:15.936 | INFO     | N/A | ⏳ 等待 Profile 更新任务...
2026-06-29 21:43:20.960 | INFO     | N/A | ⏳ 等待 Profile 更新任务...
2026-06-29 21:43:25.984 | INFO     | N/A | ⏳ 等待 Profile 更新任务...
2026-06-29 21:43:31.009 | INFO     | N/A | ⏳ 等待 Profile 更新任务...
2026-06-29 21:43:36.033 | INFO     | N/A | ⏳ 等待 Profile 更新任务...
2026-06-29 21:43:41.057 | INFO     | N/A | ⏳ 等待 Profile 更新任务...
2026-06-29 21:43:46.082 | INFO     | N/A | ⏳ 等待 Profile 更新任务...
2026-06-29 21:43:51.109 | INFO     | N/A | ⏳ 等待 Profile 更新任务...
2026-06-29 21:43:56.138 | INFO     | N/A | ⏳ 等待 Profile 更新任务...
2026-06-29 21:44:01.164 | INFO     | N/A | ⏳ 等待 Profile 更新任务...
2026-06-29 21:44:06.188 | INFO     | N/A | ⏳ 等待 Profile 更新任务...
2026-06-29 21:44:11.212 | INFO     | N/A | ⏳ 等待 Profile 更新任务...
2026-06-29 21:44:16.239 | INFO     | N/A | ⏳ 等待 Profile 更新任务...
2026-06-29 21:44:21.262 | INFO     | N/A | ⏳ 等待 Profile 更新任务...
2026-06-29 21:44:26.287 | INFO     | N/A | ⏳ 等待 Profile 更新任务...
2026-06-29 21:44:31.315 | INFO     | N/A | ⏳ 等待 Profile 更新任务...
2026-06-29 21:44:36.346 | INFO     | N/A | ⏳ 等待 Profile 更新任务...
2026-06-29 21:44:41.371 | INFO     | N/A | ⏳ 等待 Profile 更新任务...
2026-06-29 21:44:46.400 | INFO     | N/A | ⏳ 等待 Profile 更新任务...
2026-06-29 21:44:51.423 | INFO     | N/A | ⏳ 等待 Profile 更新任务...
2026-06-29 21:44:56.448 | INFO     | N/A | ⏳ 等待 Profile 更新任务...
2026-06-29 21:45:01.474 | INFO     | N/A | ⏳ 等待 Profile 更新任务...
2026-06-29 21:45:06.498 | INFO     | N/A | ⏳ 等待 Profile 更新任务...
2026-06-29 21:45:11.526 | INFO     | N/A | ⏳ 等待 Profile 更新任务...
2026-06-29 21:45:16.549 | INFO     | N/A | ⏳ 等待 Profile 更新任务...
2026-06-29 21:45:21.574 | INFO     | N/A | ⏳ 等待 Profile 更新任务...
2026-06-29 21:45:26.600 | INFO     | N/A | ⏳ 等待 Profile 更新任务...
2026-06-29 21:45:31.623 | INFO     | N/A | ⏳ 等待 Profile 更新任务...
2026-06-29 21:45:36.653 | INFO     | N/A | ⏳ 等待 Profile 更新任务...
2026-06-29 21:45:41.678 | INFO     | N/A | ⏳ 等待 Profile 更新任务...
2026-06-29 21:45:46.702 | INFO     | N/A | ⏳ 等待 Profile 更新任务...
2026-06-29 21:45:51.729 | INFO     | N/A | ⏳ 等待 Profile 更新任务...
2026-06-29 21:45:56.754 | INFO     | N/A | ⏳ 等待 Profile 更新任务...
2026-06-29 21:46:01.780 | INFO     | N/A | ⏳ 等待 Profile 更新任务...
2026-06-29 21:46:06.803 | INFO     | N/A | ⏳ 等待 Profile 更新任务...
2026-06-29 21:46:11.833 | INFO     | N/A | ⏳ 等待 Profile 更新任务...
2026-06-29 21:46:16.858 | INFO     | N/A | ⏳ 等待 Profile 更新任务...
2026-06-29 21:46:21.882 | INFO     | N/A | ⏳ 等待 Profile 更新任务...
2026-06-29 21:46:26.910 | INFO     | N/A | ⏳ 等待 Profile 更新任务...
2026-06-29 21:46:31.936 | INFO     | N/A | ⏳ 等待 Profile 更新任务...
2026-06-29 21:46:36.961 | INFO     | N/A | ⏳ 等待 Profile 更新任务...
2026-06-29 21:46:41.988 | INFO     | N/A | ⏳ 等待 Profile 更新任务...
2026-06-29 21:46:47.013 | INFO     | N/A | ⏳ 等待 Profile 更新任务...
2026-06-29 21:46:52.041 | INFO     | N/A | ⏳ 等待 Profile 更新任务...
2026-06-29 21:46:57.068 | INFO     | N/A | ⏳ 等待 Profile 更新任务...
2026-06-29 21:47:02.092 | INFO     | N/A | ⏳ 等待 Profile 更新任务...
2026-06-29 21:47:07.120 | INFO     | N/A | ⏳ 等待 Profile 更新任务...
2026-06-29 21:47:12.145 | INFO     | N/A | ⏳ 等待 Profile 更新任务...
2026-06-29 21:47:17.169 | INFO     | N/A | ⏳ 等待 Profile 更新任务...
2026-06-29 21:47:22.196 | INFO     | N/A | ⏳ 等待 Profile 更新任务...
2026-06-29 21:47:27.218 | INFO     | N/A | ⏳ 等待 Profile 更新任务...
2026-06-29 21:47:32.243 | INFO     | N/A | ⏳ 等待 Profile 更新任务...
2026-06-29 21:47:37.270 | INFO     | N/A | ⏳ 等待 Profile 更新任务...
2026-06-29 21:47:42.295 | INFO     | N/A | ⏳ 等待 Profile 更新任务...
2026-06-29 21:47:47.318 | INFO     | N/A | ⏳ 等待 Profile 更新任务...
2026-06-29 21:47:52.343 | INFO     | N/A | ⏳ 等待 Profile 更新任务...
2026-06-29 21:47:57.369 | INFO     | N/A | ⏳ 等待 Profile 更新任务...
2026-06-29 21:48:02.395 | INFO     | N/A | ⏳ 等待 Profile 更新任务...
2026-06-29 21:48:07.419 | INFO     | N/A | ⏳ 等待 Profile 更新任务...
2026-06-29 21:48:12.442 | INFO     | N/A | ⏳ 等待 Profile 更新任务...
2026-06-29 21:48:17.465 | INFO     | N/A | ⏳ 等待 Profile 更新任务...
2026-06-29 21:48:22.489 | INFO     | N/A | ⏳ 等待 Profile 更新任务...
2026-06-29 21:48:27.511 | INFO     | N/A | ⏳ 等待 Profile 更新任务...
2026-06-29 21:48:32.538 | INFO     | N/A | ⏳ 等待 Profile 更新任务...
2026-06-29 21:48:37.564 | INFO     | N/A | ⏳ 等待 Profile 更新任务...
2026-06-29 21:48:42.589 | INFO     | N/A | ⏳ 等待 Profile 更新任务...
2026-06-29 21:48:47.616 | INFO     | N/A | ⏳ 等待 Profile 更新任务...
2026-06-29 21:48:52.644 | INFO     | N/A | ⏳ 等待 Profile 更新任务...
2026-06-29 21:48:57.670 | INFO     | N/A | ⏳ 等待 Profile 更新任务...
2026-06-29 21:49:02.697 | INFO     | N/A | ⏳ 等待 Profile 更新任务...
2026-06-29 21:49:07.726 | INFO     | N/A | ⏳ 等待 Profile 更新任务...
2026-06-29 21:49:12.750 | INFO     | N/A | ⏳ 等待 Profile 更新任务...
2026-06-29 21:49:17.774 | INFO     | N/A | ⏳ 等待 Profile 更新任务...
2026-06-29 21:49:22.797 | INFO     | N/A | ⏳ 等待 Profile 更新任务...
2026-06-29 21:49:27.822 | INFO     | N/A | ⏳ 等待 Profile 更新任务...
2026-06-29 21:49:32.847 | INFO     | N/A | ⏳ 等待 Profile 更新任务...
2026-06-29 21:49:37.872 | INFO     | N/A | ⏳ 等待 Profile 更新任务...
2026-06-29 21:49:42.896 | INFO     | N/A | ⏳ 等待 Profile 更新任务...
2026-06-29 21:49:47.922 | INFO     | N/A | ⏳ 等待 Profile 更新任务...
2026-06-29 21:49:52.951 | INFO     | N/A | ⏳ 等待 Profile 更新任务...
2026-06-29 21:49:57.976 | INFO     | N/A | ⏳ 等待 Profile 更新任务...
2026-06-29 21:50:03.004 | INFO     | N/A | ⏳ 等待 Profile 更新任务...
2026-06-29 21:50:08.029 | INFO     | N/A | ⏳ 等待 Profile 更新任务...
2026-06-29 21:50:13.054 | INFO     | N/A | ⏳ 等待 Profile 更新任务...
2026-06-29 21:50:18.079 | INFO     | N/A | ⏳ 等待 Profile 更新任务...
2026-06-29 21:50:23.104 | INFO     | N/A | ⏳ 等待 Profile 更新任务...
2026-06-29 21:50:28.128 | INFO     | N/A | ⏳ 等待 Profile 更新任务...
2026-06-29 21:50:33.157 | INFO     | N/A | ⏳ 等待 Profile 更新任务...
2026-06-29 21:50:38.184 | INFO     | N/A | ⏳ 等待 Profile 更新任务...
2026-06-29 21:50:43.210 | INFO     | N/A | ⏳ 等待 Profile 更新任务...
2026-06-29 21:50:48.236 | INFO     | N/A | ⏳ 等待 Profile 更新任务...
2026-06-29 21:50:53.261 | INFO     | N/A | ⏳ 等待 Profile 更新任务...
2026-06-29 21:50:58.284 | INFO     | N/A | ⏳ 等待 Profile 更新任务...
2026-06-29 21:51:03.311 | INFO     | N/A | ⏳ 等待 Profile 更新任务...
2026-06-29 21:51:08.337 | INFO     | N/A | ⏳ 等待 Profile 更新任务...
2026-06-29 21:51:13.365 | INFO     | N/A | ⏳ 等待 Profile 更新任务...
2026-06-29 21:51:18.394 | INFO     | N/A | ⏳ 等待 Profile 更新任务...
2026-06-29 21:51:23.419 | INFO     | N/A | ⏳ 等待 Profile 更新任务...
2026-06-29 21:51:28.445 | INFO     | N/A | ⏳ 等待 Profile 更新任务...
2026-06-29 21:51:33.472 | INFO     | N/A | ⏳ 等待 Profile 更新任务...
2026-06-29 21:51:38.500 | INFO     | N/A | ⏳ 等待 Profile 更新任务...
2026-06-29 21:51:43.526 | INFO     | N/A | ⏳ 等待 Profile 更新任务...
2026-06-29 21:51:48.551 | INFO     | N/A | ⏳ 等待 Profile 更新任务...
2026-06-29 21:51:53.576 | INFO     | N/A | ⏳ 等待 Profile 更新任务...
2026-06-29 21:51:58.600 | INFO     | N/A | ⏳ 等待 Profile 更新任务...
2026-06-29 21:52:03.624 | INFO     | N/A | ⏳ 等待 Profile 更新任务...
2026-06-29 21:52:08.650 | INFO     | N/A | ⏳ 等待 Profile 更新任务...
2026-06-29 21:52:13.679 | INFO     | N/A | ⏳ 等待 Profile 更新任务...
2026-06-29 21:52:18.704 | INFO     | N/A | ⏳ 等待 Profile 更新任务...
2026-06-29 21:52:23.729 | INFO     | N/A | ⏳ 等待 Profile 更新任务...
2026-06-29 21:52:28.753 | INFO     | N/A | ⏳ 等待 Profile 更新任务...
2026-06-29 21:52:33.778 | INFO     | N/A | ⏳ 等待 Profile 更新任务...
2026-06-29 21:52:38.803 | INFO     | N/A | ⏳ 等待 Profile 更新任务...
2026-06-29 21:52:43.828 | INFO     | N/A | ⏳ 等待 Profile 更新任务...
2026-06-29 21:52:48.854 | INFO     | N/A | ⏳ 等待 Profile 更新任务...
2026-06-29 21:52:53.877 | INFO     | N/A | ⏳ 等待 Profile 更新任务...
2026-06-29 21:52:58.902 | INFO     | N/A | ⏳ 等待 Profile 更新任务...
2026-06-29 21:53:03.927 | INFO     | N/A | ⏳ 等待 Profile 更新任务...
2026-06-29 21:53:08.951 | INFO     | N/A | ⏳ 等待 Profile 更新任务...
2026-06-29 21:53:13.979 | INFO     | N/A | ⏳ 等待 Profile 更新任务...
2026-06-29 21:53:19.004 | INFO     | N/A | ⏳ 等待 Profile 更新任务...
2026-06-29 21:53:24.028 | INFO     | N/A | ⏳ 等待 Profile 更新任务...
2026-06-29 21:53:29.052 | INFO     | N/A | ⏳ 等待 Profile 更新任务...
2026-06-29 21:53:34.075 | INFO     | N/A | ⏳ 等待 Profile 更新任务...
2026-06-29 21:53:39.101 | INFO     | N/A | ⏳ 等待 Profile 更新任务...
2026-06-29 21:53:44.130 | INFO     | N/A | ⏳ 等待 Profile 更新任务...
2026-06-29 21:53:49.154 | INFO     | N/A | ⏳ 等待 Profile 更新任务...
2026-06-29 21:53:54.177 | INFO     | N/A | ⏳ 等待 Profile 更新任务...
2026-06-29 21:53:59.205 | INFO     | N/A | ⏳ 等待 Profile 更新任务...
2026-06-29 21:54:04.234 | INFO     | N/A | ⏳ 等待 Profile 更新任务...
2026-06-29 21:54:09.258 | INFO     | N/A | ⏳ 等待 Profile 更新任务...
2026-06-29 21:54:14.284 | INFO     | N/A | ⏳ 等待 Profile 更新任务...
2026-06-29 21:54:19.311 | INFO     | N/A | ⏳ 等待 Profile 更新任务...
2026-06-29 21:54:24.335 | INFO     | N/A | ⏳ 等待 Profile 更新任务...
2026-06-29 21:54:29.361 | INFO     | N/A | ⏳ 等待 Profile 更新任务...
2026-06-29 21:54:34.387 | INFO     | N/A | ⏳ 等待 Profile 更新任务...
2026-06-29 21:54:39.410 | INFO     | N/A | ⏳ 等待 Profile 更新任务...
2026-06-29 21:54:44.436 | INFO     | N/A | ⏳ 等待 Profile 更新任务...
2026-06-29 21:54:49.459 | INFO     | N/A | ⏳ 等待 Profile 更新任务...
2026-06-29 21:54:54.483 | INFO     | N/A | ⏳ 等待 Profile 更新任务...
2026-06-29 21:54:59.508 | INFO     | N/A | ⏳ 等待 Profile 更新任务...
2026-06-29 21:55:04.536 | INFO     | N/A | ⏳ 等待 Profile 更新任务...
2026-06-29 21:55:09.562 | INFO     | N/A | ⏳ 等待 Profile 更新任务...
2026-06-29 21:55:14.585 | INFO     | N/A | ⏳ 等待 Profile 更新任务...
2026-06-29 21:55:19.611 | INFO     | N/A | ⏳ 等待 Profile 更新任务...
2026-06-29 21:55:24.633 | INFO     | N/A | ⏳ 等待 Profile 更新任务...
2026-06-29 21:55:29.661 | INFO     | N/A | ⏳ 等待 Profile 更新任务...
2026-06-29 21:55:34.687 | INFO     | N/A | ⏳ 等待 Profile 更新任务...
2026-06-29 21:55:39.715 | INFO     | N/A | ⏳ 等待 Profile 更新任务...
2026-06-29 21:55:44.741 | INFO     | N/A | ⏳ 等待 Profile 更新任务...
2026-06-29 21:55:49.765 | INFO     | N/A | ⏳ 等待 Profile 更新任务...
2026-06-29 21:55:54.789 | INFO     | N/A | ⏳ 等待 Profile 更新任务...
2026-06-29 21:55:59.816 | INFO     | N/A | ⏳ 等待 Profile 更新任务...
2026-06-29 21:56:04.843 | INFO     | N/A | ⏳ 等待 Profile 更新任务...
2026-06-29 21:56:09.872 | INFO     | N/A | ⏳ 等待 Profile 更新任务...
2026-06-29 21:56:14.899 | INFO     | N/A | ⏳ 等待 Profile 更新任务...
2026-06-29 21:56:19.923 | INFO     | N/A | ⏳ 等待 Profile 更新任务...
2026-06-29 21:56:24.947 | INFO     | N/A | ⏳ 等待 Profile 更新任务...
2026-06-29 21:56:29.973 | INFO     | N/A | ⏳ 等待 Profile 更新任务...
2026-06-29 21:56:34.997 | INFO     | N/A | ⏳ 等待 Profile 更新任务...
2026-06-29 21:56:40.022 | INFO     | N/A | ⏳ 等待 Profile 更新任务...
2026-06-29 21:56:45.048 | INFO     | N/A | ⏳ 等待 Profile 更新任务...
2026-06-29 21:56:50.075 | INFO     | N/A | ⏳ 等待 Profile 更新任务...
2026-06-29 21:56:55.099 | INFO     | N/A | ⏳ 等待 Profile 更新任务...
2026-06-29 21:57:00.123 | INFO     | N/A | ⏳ 等待 Profile 更新任务...
2026-06-29 21:57:05.159 | INFO     | N/A | ⏳ 等待 Profile 更新任务...
2026-06-29 21:57:10.186 | INFO     | N/A | ⏳ 等待 Profile 更新任务...
2026-06-29 21:57:15.211 | INFO     | N/A | ⏳ 等待 Profile 更新任务...
2026-06-29 21:57:20.236 | INFO     | N/A | ⏳ 等待 Profile 更新任务...
2026-06-29 21:57:25.262 | INFO     | N/A | ⏳ 等待 Profile 更新任务...
2026-06-29 21:57:30.289 | INFO     | N/A | ⏳ 等待 Profile 更新任务...
2026-06-29 21:57:35.314 | INFO     | N/A | ⏳ 等待 Profile 更新任务...
2026-06-29 21:57:40.339 | INFO     | N/A | ⏳ 等待 Profile 更新任务...
2026-06-29 21:57:45.363 | INFO     | N/A | ⏳ 等待 Profile 更新任务...
2026-06-29 21:57:50.397 | INFO     | N/A | ⏳ 等待 Profile 更新任务...
2026-06-29 21:57:55.423 | INFO     | N/A | ⏳ 等待 Profile 更新任务...
2026-06-29 21:58:00.448 | INFO     | N/A | ⏳ 等待 Profile 更新任务...
2026-06-29 21:58:05.475 | INFO     | N/A | ⏳ 等待 Profile 更新任务...
2026-06-29 21:58:10.501 | INFO     | N/A | ⏳ 等待 Profile 更新任务...
2026-06-29 21:58:15.526 | INFO     | N/A | ⏳ 等待 Profile 更新任务...
2026-06-29 21:58:20.550 | INFO     | N/A | ⏳ 等待 Profile 更新任务...
2026-06-29 21:58:25.578 | INFO     | N/A | ⏳ 等待 Profile 更新任务...
2026-06-29 21:58:30.603 | INFO     | N/A | ⏳ 等待 Profile 更新任务...
2026-06-29 21:58:35.632 | INFO     | N/A | ⏳ 等待 Profile 更新任务...
2026-06-29 21:58:40.656 | INFO     | N/A | ⏳ 等待 Profile 更新任务...
2026-06-29 21:58:45.680 | INFO     | N/A | ⏳ 等待 Profile 更新任务...
2026-06-29 21:58:50.705 | INFO     | N/A | ⏳ 等待 Profile 更新任务...
2026-06-29 21:58:55.731 | INFO     | N/A | ⏳ 等待 Profile 更新任务...
2026-06-29 21:59:00.757 | INFO     | N/A | ⏳ 等待 Profile 更新任务...
2026-06-29 21:59:05.784 | INFO     | N/A | ⏳ 等待 Profile 更新任务...
2026-06-29 21:59:10.811 | INFO     | N/A | ⏳ 等待 Profile 更新任务...
2026-06-29 21:59:15.836 | INFO     | N/A | ⏳ 等待 Profile 更新任务...
2026-06-29 21:59:20.863 | INFO     | N/A | ⏳ 等待 Profile 更新任务...
2026-06-29 21:59:25.890 | INFO     | N/A | ⏳ 等待 Profile 更新任务...
2026-06-29 21:59:30.915 | INFO     | N/A | ⏳ 等待 Profile 更新任务...
2026-06-29 21:59:35.941 | INFO     | N/A | ⏳ 等待 Profile 更新任务...
2026-06-29 21:59:40.965 | INFO     | N/A | ⏳ 等待 Profile 更新任务...
2026-06-29 21:59:45.991 | INFO     | N/A | ⏳ 等待 Profile 更新任务...
2026-06-29 21:59:51.016 | INFO     | N/A | ⏳ 等待 Profile 更新任务...
2026-06-29 21:59:56.041 | INFO     | N/A | ⏳ 等待 Profile 更新任务...
2026-06-29 22:00:01.066 | INFO     | N/A | ⏳ 等待 Profile 更新任务...
2026-06-29 22:00:06.093 | INFO     | N/A | ⏳ 等待 Profile 更新任务...
2026-06-29 22:00:11.116 | INFO     | N/A | ⏳ 等待 Profile 更新任务...
2026-06-29 22:00:16.142 | INFO     | N/A | ⏳ 等待 Profile 更新任务...
2026-06-29 22:00:21.167 | INFO     | N/A | ⏳ 等待 Profile 更新任务...
2026-06-29 22:00:26.191 | INFO     | N/A | ⏳ 等待 Profile 更新任务...
2026-06-29 22:00:31.217 | INFO     | N/A | ⏳ 等待 Profile 更新任务...
2026-06-29 22:00:36.241 | INFO     | N/A | ⏳ 等待 Profile 更新任务...
2026-06-29 22:00:41.266 | INFO     | N/A | ⏳ 等待 Profile 更新任务...
2026-06-29 22:00:46.291 | INFO     | N/A | ⏳ 等待 Profile 更新任务...
2026-06-29 22:00:51.317 | INFO     | N/A | ⏳ 等待 Profile 更新任务...
2026-06-29 22:00:56.344 | INFO     | N/A | ⏳ 等待 Profile 更新任务...
2026-06-29 22:01:01.372 | INFO     | N/A | ⏳ 等待 Profile 更新任务...
2026-06-29 22:01:06.395 | INFO     | N/A | ⏳ 等待 Profile 更新任务...
2026-06-29 22:01:11.421 | INFO     | N/A | ⏳ 等待 Profile 更新任务...
2026-06-29 22:01:16.445 | INFO     | N/A | ⏳ 等待 Profile 更新任务...
2026-06-29 22:01:21.470 | INFO     | N/A | ⏳ 等待 Profile 更新任务...
2026-06-29 22:01:26.497 | INFO     | N/A | ⏳ 等待 Profile 更新任务...
2026-06-29 22:01:31.522 | INFO     | N/A | ⏳ 等待 Profile 更新任务...
2026-06-29 22:01:36.547 | INFO     | N/A | ⏳ 等待 Profile 更新任务...
2026-06-29 22:01:41.571 | INFO     | N/A | ⏳ 等待 Profile 更新任务...
2026-06-29 22:01:46.598 | INFO     | N/A | ⏳ 等待 Profile 更新任务...
2026-06-29 22:01:51.625 | INFO     | N/A | ⏳ 等待 Profile 更新任务...
2026-06-29 22:01:56.649 | INFO     | N/A | ⏳ 等待 Profile 更新任务...
2026-06-29 22:02:01.674 | INFO     | N/A | ⏳ 等待 Profile 更新任务...
2026-06-29 22:02:06.700 | INFO     | N/A | ⏳ 等待 Profile 更新任务...
2026-06-29 22:02:11.724 | INFO     | N/A | ⏳ 等待 Profile 更新任务...
2026-06-29 22:02:16.750 | INFO     | N/A | ⏳ 等待 Profile 更新任务...
2026-06-29 22:02:21.775 | INFO     | N/A | ⏳ 等待 Profile 更新任务...
2026-06-29 22:02:26.800 | INFO     | N/A | ⏳ 等待 Profile 更新任务...
2026-06-29 22:02:31.825 | INFO     | N/A | ⏳ 等待 Profile 更新任务...
2026-06-29 22:02:36.852 | INFO     | N/A | ⏳ 等待 Profile 更新任务...
2026-06-29 22:02:41.877 | INFO     | N/A | ⏳ 等待 Profile 更新任务...
2026-06-29 22:02:46.904 | INFO     | N/A | ⏳ 等待 Profile 更新任务...
2026-06-29 22:02:51.930 | INFO     | N/A | ⏳ 等待 Profile 更新任务...
2026-06-29 22:02:56.956 | INFO     | N/A | ⏳ 等待 Profile 更新任务...
2026-06-29 22:03:01.980 | INFO     | N/A | ⏳ 等待 Profile 更新任务...
2026-06-29 22:03:07.004 | INFO     | N/A | ⏳ 等待 Profile 更新任务...
2026-06-29 22:03:12.027 | INFO     | N/A | ⏳ 等待 Profile 更新任务...
2026-06-29 22:03:17.051 | INFO     | N/A | ⏳ 等待 Profile 更新任务...
2026-06-29 22:03:22.076 | INFO     | N/A | ⏳ 等待 Profile 更新任务...
2026-06-29 22:03:27.101 | INFO     | N/A | ⏳ 等待 Profile 更新任务...
2026-06-29 22:03:32.128 | INFO     | N/A | ⏳ 等待 Profile 更新任务...
2026-06-29 22:03:37.154 | INFO     | N/A | ⏳ 等待 Profile 更新任务...
2026-06-29 22:03:42.181 | INFO     | N/A | ⏳ 等待 Profile 更新任务...
2026-06-29 22:03:47.206 | INFO     | N/A | ⏳ 等待 Profile 更新任务...
2026-06-29 22:03:52.228 | INFO     | N/A | ⏳ 等待 Profile 更新任务...
2026-06-29 22:03:57.257 | INFO     | N/A | ⏳ 等待 Profile 更新任务...
2026-06-29 22:04:02.282 | INFO     | N/A | ⏳ 等待 Profile 更新任务...
2026-06-29 22:04:07.310 | INFO     | N/A | ⏳ 等待 Profile 更新任务...
2026-06-29 22:04:12.335 | INFO     | N/A | ⏳ 等待 Profile 更新任务...
2026-06-29 22:04:17.361 | INFO     | N/A | ⏳ 等待 Profile 更新任务...
2026-06-29 22:04:22.384 | INFO     | N/A | ⏳ 等待 Profile 更新任务...
2026-06-29 22:04:27.411 | INFO     | N/A | ⏳ 等待 Profile 更新任务...
2026-06-29 22:04:32.435 | INFO     | N/A | ⏳ 等待 Profile 更新任务...
2026-06-29 22:04:37.459 | INFO     | N/A | ⏳ 等待 Profile 更新任务...
2026-06-29 22:04:42.484 | INFO     | N/A | ⏳ 等待 Profile 更新任务...
2026-06-29 22:04:47.509 | INFO     | N/A | ⏳ 等待 Profile 更新任务...
2026-06-29 22:04:52.534 | INFO     | N/A | ⏳ 等待 Profile 更新任务...
2026-06-29 22:04:57.560 | INFO     | N/A | ⏳ 等待 Profile 更新任务...
2026-06-29 22:05:02.586 | INFO     | N/A | ⏳ 等待 Profile 更新任务...
2026-06-29 22:05:07.610 | INFO     | N/A | ⏳ 等待 Profile 更新任务...
2026-06-29 22:05:12.635 | INFO     | N/A | ⏳ 等待 Profile 更新任务...
2026-06-29 22:05:17.660 | INFO     | N/A | ⏳ 等待 Profile 更新任务...
2026-06-29 22:05:22.683 | INFO     | N/A | ⏳ 等待 Profile 更新任务...
2026-06-29 22:05:27.709 | INFO     | N/A | ⏳ 等待 Profile 更新任务...
2026-06-29 22:05:32.731 | INFO     | N/A | ⏳ 等待 Profile 更新任务...
2026-06-29 22:05:37.757 | INFO     | N/A | ⏳ 等待 Profile 更新任务...
2026-06-29 22:05:42.784 | INFO     | N/A | ⏳ 等待 Profile 更新任务...
2026-06-29 22:05:47.807 | INFO     | N/A | ⏳ 等待 Profile 更新任务...
2026-06-29 22:05:52.832 | INFO     | N/A | ⏳ 等待 Profile 更新任务...
2026-06-29 22:05:57.857 | INFO     | N/A | ⏳ 等待 Profile 更新任务...
2026-06-29 22:06:02.882 | INFO     | N/A | ⏳ 等待 Profile 更新任务...
2026-06-29 22:06:07.906 | INFO     | N/A | ⏳ 等待 Profile 更新任务...
2026-06-29 22:06:12.931 | INFO     | N/A | ⏳ 等待 Profile 更新任务...
2026-06-29 22:06:17.955 | INFO     | N/A | ⏳ 等待 Profile 更新任务...
2026-06-29 22:06:22.979 | INFO     | N/A | ⏳ 等待 Profile 更新任务...
2026-06-29 22:06:28.003 | INFO     | N/A | ⏳ 等待 Profile 更新任务...
2026-06-29 22:06:33.028 | INFO     | N/A | ⏳ 等待 Profile 更新任务...
2026-06-29 22:06:38.053 | INFO     | N/A | ⏳ 等待 Profile 更新任务...
2026-06-29 22:06:43.083 | INFO     | N/A | ⏳ 等待 Profile 更新任务...
2026-06-29 22:06:48.109 | INFO     | N/A | ⏳ 等待 Profile 更新任务...
2026-06-29 22:06:53.133 | INFO     | N/A | ⏳ 等待 Profile 更新任务...
2026-06-29 22:06:58.159 | INFO     | N/A | ⏳ 等待 Profile 更新任务...
2026-06-29 22:07:03.184 | INFO     | N/A | ⏳ 等待 Profile 更新任务...
2026-06-29 22:07:08.211 | INFO     | N/A | ⏳ 等待 Profile 更新任务...
2026-06-29 22:07:13.236 | INFO     | N/A | ⏳ 等待 Profile 更新任务...
2026-06-29 22:07:18.262 | INFO     | N/A | ⏳ 等待 Profile 更新任务...
2026-06-29 22:07:23.286 | INFO     | N/A | ⏳ 等待 Profile 更新任务...
2026-06-29 22:07:28.311 | INFO     | N/A | ⏳ 等待 Profile 更新任务...
2026-06-29 22:07:33.336 | INFO     | N/A | ⏳ 等待 Profile 更新任务...
2026-06-29 22:07:38.360 | INFO     | N/A | ⏳ 等待 Profile 更新任务...
2026-06-29 22:07:43.386 | INFO     | N/A | ⏳ 等待 Profile 更新任务...
2026-06-29 22:07:48.411 | INFO     | N/A | ⏳ 等待 Profile 更新任务...
2026-06-29 22:07:53.437 | INFO     | N/A | ⏳ 等待 Profile 更新任务...
2026-06-29 22:07:58.461 | INFO     | N/A | ⏳ 等待 Profile 更新任务...
2026-06-29 22:08:03.486 | INFO     | N/A | ⏳ 等待 Profile 更新任务...
2026-06-29 22:08:08.511 | INFO     | N/A | ⏳ 等待 Profile 更新任务...
2026-06-29 22:08:13.538 | INFO     | N/A | ⏳ 等待 Profile 更新任务...
2026-06-29 22:08:18.562 | INFO     | N/A | ⏳ 等待 Profile 更新任务...
2026-06-29 22:08:23.586 | INFO     | N/A | ⏳ 等待 Profile 更新任务...
2026-06-29 22:08:28.609 | INFO     | N/A | ⏳ 等待 Profile 更新任务...
2026-06-29 22:08:33.633 | INFO     | N/A | ⏳ 等待 Profile 更新任务...
2026-06-29 22:08:38.658 | INFO     | N/A | ⏳ 等待 Profile 更新任务...
2026-06-29 22:08:43.681 | INFO     | N/A | ⏳ 等待 Profile 更新任务...
2026-06-29 22:08:48.708 | INFO     | N/A | ⏳ 等待 Profile 更新任务...
2026-06-29 22:08:53.733 | INFO     | N/A | ⏳ 等待 Profile 更新任务...
2026-06-29 22:08:58.759 | INFO     | N/A | ⏳ 等待 Profile 更新任务...
2026-06-29 22:09:03.785 | INFO     | N/A | ⏳ 等待 Profile 更新任务...
2026-06-29 22:09:08.814 | INFO     | N/A | ⏳ 等待 Profile 更新任务...
2026-06-29 22:09:13.839 | INFO     | N/A | ⏳ 等待 Profile 更新任务...
2026-06-29 22:09:18.865 | INFO     | N/A | ⏳ 等待 Profile 更新任务...
2026-06-29 22:09:23.888 | INFO     | N/A | ⏳ 等待 Profile 更新任务...
2026-06-29 22:09:28.912 | INFO     | N/A | ⏳ 等待 Profile 更新任务...
2026-06-29 22:09:33.935 | INFO     | N/A | ⏳ 等待 Profile 更新任务...
2026-06-29 22:09:38.959 | INFO     | N/A | ⏳ 等待 Profile 更新任务...
2026-06-29 22:09:43.985 | INFO     | N/A | ⏳ 等待 Profile 更新任务...
2026-06-29 22:09:49.014 | INFO     | N/A | ⏳ 等待 Profile 更新任务...
2026-06-29 22:09:54.050 | INFO     | N/A | ⏳ 等待 Profile 更新任务...
2026-06-29 22:09:59.079 | INFO     | N/A | ⏳ 等待 Profile 更新任务...
2026-06-29 22:10:04.115 | INFO     | N/A | ⏳ 等待 Profile 更新任务...
2026-06-29 22:10:09.149 | INFO     | N/A | ⏳ 等待 Profile 更新任务...
2026-06-29 22:10:14.186 | INFO     | N/A | ⏳ 等待 Profile 更新任务...
2026-06-29 22:10:19.217 | INFO     | N/A | ⏳ 等待 Profile 更新任务...
2026-06-29 22:10:24.250 | INFO     | N/A | ⏳ 等待 Profile 更新任务...
2026-06-29 22:10:29.283 | INFO     | N/A | ⏳ 等待 Profile 更新任务...
2026-06-29 22:10:34.316 | INFO     | N/A | ⏳ 等待 Profile 更新任务...
2026-06-29 22:10:39.343 | INFO     | N/A | ⏳ 等待 Profile 更新任务...
2026-06-29 22:10:44.369 | INFO     | N/A | ⏳ 等待 Profile 更新任务...
2026-06-29 22:10:49.394 | INFO     | N/A | ⏳ 等待 Profile 更新任务...
2026-06-29 22:10:54.421 | INFO     | N/A | ⏳ 等待 Profile 更新任务...
2026-06-29 22:10:59.445 | INFO     | N/A | ⏳ 等待 Profile 更新任务...
2026-06-29 22:11:04.468 | INFO     | N/A | ⏳ 等待 Profile 更新任务...
2026-06-29 22:11:09.496 | INFO     | N/A | ⏳ 等待 Profile 更新任务...
2026-06-29 22:11:14.522 | INFO     | N/A | ⏳ 等待 Profile 更新任务...
2026-06-29 22:11:19.547 | INFO     | N/A | ⏳ 等待 Profile 更新任务...
2026-06-29 22:11:24.571 | INFO     | N/A | ⏳ 等待 Profile 更新任务...
2026-06-29 22:11:29.596 | INFO     | N/A | ⏳ 等待 Profile 更新任务...
2026-06-29 22:11:34.621 | INFO     | N/A | ⏳ 等待 Profile 更新任务...
2026-06-29 22:11:39.647 | INFO     | N/A | ⏳ 等待 Profile 更新任务...
2026-06-29 22:11:44.671 | INFO     | N/A | ⏳ 等待 Profile 更新任务...
2026-06-29 22:11:49.703 | INFO     | N/A | ⏳ 等待 Profile 更新任务...
2026-06-29 22:11:54.727 | INFO     | N/A | ⏳ 等待 Profile 更新任务...
2026-06-29 22:11:59.751 | INFO     | N/A | ⏳ 等待 Profile 更新任务...
2026-06-29 22:12:04.773 | INFO     | N/A | ⏳ 等待 Profile 更新任务...
2026-06-29 22:12:09.799 | INFO     | N/A | ⏳ 等待 Profile 更新任务...
2026-06-29 22:12:14.826 | INFO     | N/A | ⏳ 等待 Profile 更新任务...
2026-06-29 22:12:19.852 | INFO     | N/A | ⏳ 等待 Profile 更新任务...
2026-06-29 22:12:24.877 | INFO     | N/A | ⏳ 等待 Profile 更新任务...
2026-06-29 22:12:29.901 | INFO     | N/A | ⏳ 等待 Profile 更新任务...
2026-06-29 22:12:34.927 | INFO     | N/A | ⏳ 等待 Profile 更新任务...
2026-06-29 22:12:39.953 | INFO     | N/A | ⏳ 等待 Profile 更新任务...
2026-06-29 22:12:44.978 | INFO     | N/A | ⏳ 等待 Profile 更新任务...
2026-06-29 22:12:50.003 | INFO     | N/A | ⏳ 等待 Profile 更新任务...
2026-06-29 22:12:55.028 | INFO     | N/A | ⏳ 等待 Profile 更新任务...
2026-06-29 22:13:00.051 | INFO     | N/A | ⏳ 等待 Profile 更新任务...
2026-06-29 22:13:05.077 | INFO     | N/A | ⏳ 等待 Profile 更新任务...
2026-06-29 22:13:10.101 | INFO     | N/A | ⏳ 等待 Profile 更新任务...
2026-06-29 22:13:15.124 | INFO     | N/A | ⏳ 等待 Profile 更新任务...
2026-06-29 22:13:20.149 | INFO     | N/A | ⏳ 等待 Profile 更新任务...
2026-06-29 22:13:25.171 | INFO     | N/A | ⏳ 等待 Profile 更新任务...
2026-06-29 22:13:30.194 | INFO     | N/A | ⏳ 等待 Profile 更新任务...
2026-06-29 22:13:35.223 | INFO     | N/A | ⏳ 等待 Profile 更新任务...
2026-06-29 22:13:40.250 | INFO     | N/A | ⏳ 等待 Profile 更新任务...
2026-06-29 22:13:45.273 | INFO     | N/A | ⏳ 等待 Profile 更新任务...
2026-06-29 22:13:50.303 | INFO     | N/A | ⏳ 等待 Profile 更新任务...
2026-06-29 22:13:55.329 | INFO     | N/A | ⏳ 等待 Profile 更新任务...
2026-06-29 22:14:00.356 | INFO     | N/A | ⏳ 等待 Profile 更新任务...
2026-06-29 22:14:05.379 | INFO     | N/A | ⏳ 等待 Profile 更新任务...
2026-06-29 22:14:10.405 | INFO     | N/A | ⏳ 等待 Profile 更新任务...
2026-06-29 22:14:15.430 | INFO     | N/A | ⏳ 等待 Profile 更新任务...
2026-06-29 22:14:20.455 | INFO     | N/A | ⏳ 等待 Profile 更新任务...
2026-06-29 22:14:25.480 | INFO     | N/A | ⏳ 等待 Profile 更新任务...
2026-06-29 22:14:30.505 | INFO     | N/A | ⏳ 等待 Profile 更新任务...
2026-06-29 22:14:35.532 | INFO     | N/A | ⏳ 等待 Profile 更新任务...
2026-06-29 22:14:40.557 | INFO     | N/A | ⏳ 等待 Profile 更新任务...
2026-06-29 22:14:45.580 | INFO     | N/A | ⏳ 等待 Profile 更新任务...
2026-06-29 22:14:50.608 | INFO     | N/A | ⏳ 等待 Profile 更新任务...
2026-06-29 22:14:55.635 | INFO     | N/A | ⏳ 等待 Profile 更新任务...
2026-06-29 22:15:00.659 | INFO     | N/A | ⏳ 等待 Profile 更新任务...
2026-06-29 22:15:05.682 | INFO     | N/A | ⏳ 等待 Profile 更新任务...
2026-06-29 22:15:10.712 | INFO     | N/A | ⏳ 等待 Profile 更新任务...
2026-06-29 22:15:15.735 | INFO     | N/A | ⏳ 等待 Profile 更新任务...
2026-06-29 22:15:20.759 | INFO     | N/A | ⏳ 等待 Profile 更新任务...
2026-06-29 22:15:25.784 | INFO     | N/A | ⏳ 等待 Profile 更新任务...
2026-06-29 22:15:30.808 | INFO     | N/A | ⏳ 等待 Profile 更新任务...
2026-06-29 22:15:35.832 | INFO     | N/A | ⏳ 等待 Profile 更新任务...
2026-06-29 22:15:40.856 | INFO     | N/A | ⏳ 等待 Profile 更新任务...
2026-06-29 22:15:45.878 | INFO     | N/A | ⏳ 等待 Profile 更新任务...
2026-06-29 22:15:50.902 | INFO     | N/A | ⏳ 等待 Profile 更新任务...
2026-06-29 22:15:55.927 | INFO     | N/A | ⏳ 等待 Profile 更新任务...
2026-06-29 22:16:00.952 | INFO     | N/A | ⏳ 等待 Profile 更新任务...
2026-06-29 22:16:05.980 | INFO     | N/A | ⏳ 等待 Profile 更新任务...
2026-06-29 22:16:11.006 | INFO     | N/A | ⏳ 等待 Profile 更新任务...
2026-06-29 22:16:16.031 | INFO     | N/A | ⏳ 等待 Profile 更新任务...
2026-06-29 22:16:21.056 | INFO     | N/A | ⏳ 等待 Profile 更新任务...
2026-06-29 22:16:26.080 | INFO     | N/A | ⏳ 等待 Profile 更新任务...
2026-06-29 22:16:31.105 | INFO     | N/A | ⏳ 等待 Profile 更新任务...
2026-06-29 22:16:36.129 | INFO     | N/A | ⏳ 等待 Profile 更新任务...
2026-06-29 22:16:41.153 | INFO     | N/A | ⏳ 等待 Profile 更新任务...
2026-06-29 22:16:46.179 | INFO     | N/A | ⏳ 等待 Profile 更新任务...
2026-06-29 22:16:51.201 | INFO     | N/A | ⏳ 等待 Profile 更新任务...
2026-06-29 22:16:56.227 | INFO     | N/A | ⏳ 等待 Profile 更新任务...
2026-06-29 22:17:01.252 | INFO     | N/A | ⏳ 等待 Profile 更新任务...
2026-06-29 22:17:06.277 | INFO     | N/A | ⏳ 等待 Profile 更新任务...
2026-06-29 22:17:11.304 | INFO     | N/A | ⏳ 等待 Profile 更新任务...
2026-06-29 22:17:16.331 | INFO     | N/A | ⏳ 等待 Profile 更新任务...
2026-06-29 22:17:21.353 | INFO     | N/A | ⏳ 等待 Profile 更新任务...
2026-06-29 22:17:26.381 | INFO     | N/A | ⏳ 等待 Profile 更新任务...
2026-06-29 22:17:31.402 | INFO     | N/A | ⏳ 等待 Profile 更新任务...
2026-06-29 22:17:36.426 | INFO     | N/A | ⏳ 等待 Profile 更新任务...
2026-06-29 22:17:41.452 | INFO     | N/A | ⏳ 等待 Profile 更新任务...
2026-06-29 22:17:46.480 | INFO     | N/A | ⏳ 等待 Profile 更新任务...
2026-06-29 22:17:51.506 | INFO     | N/A | ⏳ 等待 Profile 更新任务...
2026-06-29 22:17:56.531 | INFO     | N/A | ⏳ 等待 Profile 更新任务...
2026-06-29 22:18:01.556 | INFO     | N/A | ⏳ 等待 Profile 更新任务...
2026-06-29 22:18:06.580 | INFO     | N/A | ⏳ 等待 Profile 更新任务...
2026-06-29 22:18:11.607 | INFO     | N/A | ⏳ 等待 Profile 更新任务...
2026-06-29 22:18:16.634 | INFO     | N/A | ⏳ 等待 Profile 更新任务...
2026-06-29 22:18:21.658 | INFO     | N/A | ⏳ 等待 Profile 更新任务...
2026-06-29 22:18:26.681 | INFO     | N/A | ⏳ 等待 Profile 更新任务...
2026-06-29 22:18:31.706 | INFO     | N/A | ⏳ 等待 Profile 更新任务...
2026-06-29 22:18:36.729 | INFO     | N/A | ⏳ 等待 Profile 更新任务...
2026-06-29 22:18:41.756 | INFO     | N/A | ⏳ 等待 Profile 更新任务...
2026-06-29 22:18:46.783 | INFO     | N/A | ⏳ 等待 Profile 更新任务...
2026-06-29 22:18:51.809 | INFO     | N/A | ⏳ 等待 Profile 更新任务...
2026-06-29 22:18:56.834 | INFO     | N/A | ⏳ 等待 Profile 更新任务...
2026-06-29 22:19:01.858 | INFO     | N/A | ⏳ 等待 Profile 更新任务...
2026-06-29 22:19:06.884 | INFO     | N/A | ⏳ 等待 Profile 更新任务...
2026-06-29 22:19:11.911 | INFO     | N/A | ⏳ 等待 Profile 更新任务...
2026-06-29 22:19:16.934 | INFO     | N/A | ⏳ 等待 Profile 更新任务...
2026-06-29 22:19:21.964 | INFO     | N/A | ⏳ 等待 Profile 更新任务...
2026-06-29 22:19:26.988 | INFO     | N/A | ⏳ 等待 Profile 更新任务...
2026-06-29 22:19:32.012 | INFO     | N/A | ⏳ 等待 Profile 更新任务...
2026-06-29 22:19:37.038 | INFO     | N/A | ⏳ 等待 Profile 更新任务...
2026-06-29 22:19:42.063 | INFO     | N/A | ⏳ 等待 Profile 更新任务...
2026-06-29 22:19:47.089 | INFO     | N/A | ⏳ 等待 Profile 更新任务...
2026-06-29 22:19:52.114 | INFO     | N/A | ⏳ 等待 Profile 更新任务...
2026-06-29 22:19:57.137 | INFO     | N/A | ⏳ 等待 Profile 更新任务...
2026-06-29 22:20:02.165 | INFO     | N/A | ⏳ 等待 Profile 更新任务...
2026-06-29 22:20:07.191 | INFO     | N/A | ⏳ 等待 Profile 更新任务...
2026-06-29 22:20:12.221 | INFO     | N/A | ⏳ 等待 Profile 更新任务...
2026-06-29 22:20:17.246 | INFO     | N/A | ⏳ 等待 Profile 更新任务...
2026-06-29 22:20:22.274 | INFO     | N/A | ⏳ 等待 Profile 更新任务...
2026-06-29 22:20:27.300 | INFO     | N/A | ⏳ 等待 Profile 更新任务...
2026-06-29 22:20:32.326 | INFO     | N/A | ⏳ 等待 Profile 更新任务...
2026-06-29 22:20:37.351 | INFO     | N/A | ⏳ 等待 Profile 更新任务...
2026-06-29 22:20:42.375 | INFO     | N/A | ⏳ 等待 Profile 更新任务...
2026-06-29 22:20:47.400 | INFO     | N/A | ⏳ 等待 Profile 更新任务...
2026-06-29 22:20:52.427 | INFO     | N/A | ⏳ 等待 Profile 更新任务...
2026-06-29 22:20:57.451 | INFO     | N/A | ⏳ 等待 Profile 更新任务...
2026-06-29 22:21:02.476 | INFO     | N/A | ⏳ 等待 Profile 更新任务...
2026-06-29 22:21:07.501 | INFO     | N/A | ⏳ 等待 Profile 更新任务...
2026-06-29 22:21:12.530 | INFO     | N/A | ⏳ 等待 Profile 更新任务...
2026-06-29 22:21:17.559 | INFO     | N/A | ⏳ 等待 Profile 更新任务...
2026-06-29 22:21:22.587 | INFO     | N/A | ⏳ 等待 Profile 更新任务...
2026-06-29 22:21:27.611 | INFO     | N/A | ⏳ 等待 Profile 更新任务...
2026-06-29 22:21:32.638 | INFO     | N/A | ⏳ 等待 Profile 更新任务...
2026-06-29 22:21:37.665 | INFO     | N/A | ⏳ 等待 Profile 更新任务...
2026-06-29 22:21:42.686 | INFO     | N/A | ⏳ 等待 Profile 更新任务...
2026-06-29 22:21:47.716 | INFO     | N/A | ⏳ 等待 Profile 更新任务...
2026-06-29 22:21:52.744 | INFO     | N/A | ⏳ 等待 Profile 更新任务...
2026-06-29 22:21:57.769 | INFO     | N/A | ⏳ 等待 Profile 更新任务...
2026-06-29 22:22:02.794 | INFO     | N/A | ⏳ 等待 Profile 更新任务...
2026-06-29 22:22:07.820 | INFO     | N/A | ⏳ 等待 Profile 更新任务...
2026-06-29 22:22:12.846 | INFO     | N/A | ⏳ 等待 Profile 更新任务...
2026-06-29 22:22:17.871 | INFO     | N/A | ⏳ 等待 Profile 更新任务...
2026-06-29 22:22:22.898 | INFO     | N/A | ⏳ 等待 Profile 更新任务...
2026-06-29 22:22:27.926 | INFO     | N/A | ⏳ 等待 Profile 更新任务...
2026-06-29 22:22:32.949 | INFO     | N/A | ⏳ 等待 Profile 更新任务...
2026-06-29 22:22:37.975 | INFO     | N/A | ⏳ 等待 Profile 更新任务...
2026-06-29 22:22:43.003 | INFO     | N/A | ⏳ 等待 Profile 更新任务...
2026-06-29 22:22:48.028 | INFO     | N/A | ⏳ 等待 Profile 更新任务...
2026-06-29 22:22:53.052 | INFO     | N/A | ⏳ 等待 Profile 更新任务...
2026-06-29 22:22:58.077 | INFO     | N/A | ⏳ 等待 Profile 更新任务...
2026-06-29 22:23:03.104 | INFO     | N/A | ⏳ 等待 Profile 更新任务...
2026-06-29 22:23:08.130 | INFO     | N/A | ⏳ 等待 Profile 更新任务...
2026-06-29 22:23:13.156 | INFO     | N/A | ⏳ 等待 Profile 更新任务...
2026-06-29 22:23:18.179 | INFO     | N/A | ⏳ 等待 Profile 更新任务...
2026-06-29 22:23:23.205 | INFO     | N/A | ⏳ 等待 Profile 更新任务...
2026-06-29 22:23:28.231 | INFO     | N/A | ⏳ 等待 Profile 更新任务...
2026-06-29 22:23:33.252 | INFO     | N/A | ⏳ 等待 Profile 更新任务...
2026-06-29 22:23:38.278 | INFO     | N/A | ⏳ 等待 Profile 更新任务...
2026-06-29 22:23:43.304 | INFO     | N/A | ⏳ 等待 Profile 更新任务...
2026-06-29 22:23:48.327 | INFO     | N/A | ⏳ 等待 Profile 更新任务...
2026-06-29 22:23:53.354 | INFO     | N/A | ⏳ 等待 Profile 更新任务...
2026-06-29 22:23:58.379 | INFO     | N/A | ⏳ 等待 Profile 更新任务...
2026-06-29 22:24:03.404 | INFO     | N/A | ⏳ 等待 Profile 更新任务...
2026-06-29 22:24:08.431 | INFO     | N/A | ⏳ 等待 Profile 更新任务...
2026-06-29 22:24:13.456 | INFO     | N/A | ⏳ 等待 Profile 更新任务...
2026-06-29 22:24:18.485 | INFO     | N/A | ⏳ 等待 Profile 更新任务...
2026-06-29 22:24:23.509 | INFO     | N/A | ⏳ 等待 Profile 更新任务...
2026-06-29 22:24:28.534 | INFO     | N/A | ⏳ 等待 Profile 更新任务...
2026-06-29 22:24:33.558 | INFO     | N/A | ⏳ 等待 Profile 更新任务...
2026-06-29 22:24:38.583 | INFO     | N/A | ⏳ 等待 Profile 更新任务...
2026-06-29 22:24:43.611 | INFO     | N/A | ⏳ 等待 Profile 更新任务...
2026-06-29 22:24:48.635 | INFO     | N/A | ⏳ 等待 Profile 更新任务...
2026-06-29 22:24:53.659 | INFO     | N/A | ⏳ 等待 Profile 更新任务...
2026-06-29 22:24:58.686 | INFO     | N/A | ⏳ 等待 Profile 更新任务...
2026-06-29 22:25:03.710 | INFO     | N/A | ⏳ 等待 Profile 更新任务...
2026-06-29 22:25:08.734 | INFO     | N/A | ⏳ 等待 Profile 更新任务...
2026-06-29 22:25:13.764 | INFO     | N/A | ⏳ 等待 Profile 更新任务...
2026-06-29 22:25:18.789 | INFO     | N/A | ⏳ 等待 Profile 更新任务...
2026-06-29 22:25:23.815 | INFO     | N/A | ⏳ 等待 Profile 更新任务...
2026-06-29 22:25:28.841 | INFO     | N/A | ⏳ 等待 Profile 更新任务...
2026-06-29 22:25:33.864 | INFO     | N/A | ⏳ 等待 Profile 更新任务...
2026-06-29 22:25:38.888 | INFO     | N/A | ⏳ 等待 Profile 更新任务...
2026-06-29 22:25:43.915 | INFO     | N/A | ⏳ 等待 Profile 更新任务...
2026-06-29 22:25:48.941 | INFO     | N/A | ⏳ 等待 Profile 更新任务...
2026-06-29 22:25:53.969 | INFO     | N/A | ⏳ 等待 Profile 更新任务...
2026-06-29 22:25:58.993 | INFO     | N/A | ⏳ 等待 Profile 更新任务...
2026-06-29 22:26:04.017 | INFO     | N/A | ⏳ 等待 Profile 更新任务...
2026-06-29 22:26:09.042 | INFO     | N/A | ⏳ 等待 Profile 更新任务...
2026-06-29 22:26:14.067 | INFO     | N/A | ⏳ 等待 Profile 更新任务...
2026-06-29 22:26:19.094 | INFO     | N/A | ⏳ 等待 Profile 更新任务...
2026-06-29 22:26:24.121 | INFO     | N/A | ⏳ 等待 Profile 更新任务...
2026-06-29 22:26:29.146 | INFO     | N/A | ⏳ 等待 Profile 更新任务...
2026-06-29 22:26:34.171 | INFO     | N/A | ⏳ 等待 Profile 更新任务...
2026-06-29 22:26:39.196 | INFO     | N/A | ⏳ 等待 Profile 更新任务...
2026-06-29 22:26:44.221 | INFO     | N/A | ⏳ 等待 Profile 更新任务...
2026-06-29 22:26:49.248 | INFO     | N/A | ⏳ 等待 Profile 更新任务...
2026-06-29 22:26:54.272 | INFO     | N/A | ⏳ 等待 Profile 更新任务...
2026-06-29 22:26:59.297 | INFO     | N/A | ⏳ 等待 Profile 更新任务...
2026-06-29 22:27:04.324 | INFO     | N/A | ⏳ 等待 Profile 更新任务...
2026-06-29 22:27:09.352 | INFO     | N/A | ⏳ 等待 Profile 更新任务...
2026-06-29 22:27:14.376 | INFO     | N/A | ⏳ 等待 Profile 更新任务...
2026-06-29 22:27:19.402 | INFO     | N/A | ⏳ 等待 Profile 更新任务...
2026-06-29 22:27:24.430 | INFO     | N/A | ⏳ 等待 Profile 更新任务...
2026-06-29 22:27:29.455 | INFO     | N/A | ⏳ 等待 Profile 更新任务...
2026-06-29 22:27:34.478 | INFO     | N/A | ⏳ 等待 Profile 更新任务...
2026-06-29 22:27:39.503 | INFO     | N/A | ⏳ 等待 Profile 更新任务...
2026-06-29 22:27:44.528 | INFO     | N/A | ⏳ 等待 Profile 更新任务...
2026-06-29 22:27:49.554 | INFO     | N/A | ⏳ 等待 Profile 更新任务...
2026-06-29 22:27:54.580 | INFO     | N/A | ⏳ 等待 Profile 更新任务...
2026-06-29 22:27:59.606 | INFO     | N/A | ⏳ 等待 Profile 更新任务...
2026-06-29 22:28:04.632 | INFO     | N/A | ⏳ 等待 Profile 更新任务...
2026-06-29 22:28:09.661 | INFO     | N/A | ⏳ 等待 Profile 更新任务...
2026-06-29 22:28:14.684 | INFO     | N/A | ⏳ 等待 Profile 更新任务...
2026-06-29 22:28:19.708 | INFO     | N/A | ⏳ 等待 Profile 更新任务...
2026-06-29 22:28:24.733 | INFO     | N/A | ⏳ 等待 Profile 更新任务...
2026-06-29 22:28:29.758 | INFO     | N/A | ⏳ 等待 Profile 更新任务...
2026-06-29 22:28:34.786 | INFO     | N/A | ⏳ 等待 Profile 更新任务...
2026-06-29 22:28:39.808 | INFO     | N/A | ⏳ 等待 Profile 更新任务...
2026-06-29 22:28:44.835 | INFO     | N/A | ⏳ 等待 Profile 更新任务...
2026-06-29 22:28:49.859 | INFO     | N/A | ⏳ 等待 Profile 更新任务...
2026-06-29 22:28:54.885 | INFO     | N/A | ⏳ 等待 Profile 更新任务...
2026-06-29 22:28:59.910 | INFO     | N/A | ⏳ 等待 Profile 更新任务...
2026-06-29 22:29:04.934 | INFO     | N/A | ⏳ 等待 Profile 更新任务...
2026-06-29 22:29:09.961 | INFO     | N/A | ⏳ 等待 Profile 更新任务...
2026-06-29 22:29:14.989 | INFO     | N/A | ⏳ 等待 Profile 更新任务...
2026-06-29 22:29:20.016 | INFO     | N/A | ⏳ 等待 Profile 更新任务...
2026-06-29 22:29:25.041 | INFO     | N/A | ⏳ 等待 Profile 更新任务...
2026-06-29 22:29:30.066 | INFO     | N/A | ⏳ 等待 Profile 更新任务...
2026-06-29 22:29:35.092 | INFO     | N/A | ⏳ 等待 Profile 更新任务...
2026-06-29 22:29:40.117 | INFO     | N/A | ⏳ 等待 Profile 更新任务...
2026-06-29 22:29:45.144 | INFO     | N/A | ⏳ 等待 Profile 更新任务...
2026-06-29 22:29:50.167 | INFO     | N/A | ⏳ 等待 Profile 更新任务...
2026-06-29 22:29:55.194 | INFO     | N/A | ⏳ 等待 Profile 更新任务...
2026-06-29 22:30:00.218 | INFO     | N/A | ⏳ 等待 Profile 更新任务...
2026-06-29 22:30:05.244 | INFO     | N/A | ⏳ 等待 Profile 更新任务...
2026-06-29 22:30:10.268 | INFO     | N/A | ⏳ 等待 Profile 更新任务...
2026-06-29 22:30:15.291 | INFO     | N/A | ⏳ 等待 Profile 更新任务...
2026-06-29 22:30:20.316 | INFO     | N/A | ⏳ 等待 Profile 更新任务...
2026-06-29 22:30:25.343 | INFO     | N/A | ⏳ 等待 Profile 更新任务...
2026-06-29 22:30:30.369 | INFO     | N/A | ⏳ 等待 Profile 更新任务...
2026-06-29 22:30:35.393 | INFO     | N/A | ⏳ 等待 Profile 更新任务...
2026-06-29 22:30:40.427 | INFO     | N/A | ⏳ 等待 Profile 更新任务...
2026-06-29 22:30:45.449 | INFO     | N/A | ⏳ 等待 Profile 更新任务...
2026-06-29 22:30:50.474 | INFO     | N/A | ⏳ 等待 Profile 更新任务...
2026-06-29 22:30:55.499 | INFO     | N/A | ⏳ 等待 Profile 更新任务...
2026-06-29 22:31:00.528 | INFO     | N/A | ⏳ 等待 Profile 更新任务...
2026-06-29 22:31:05.548 | INFO     | N/A | ⏳ 等待 Profile 更新任务...
2026-06-29 22:31:10.571 | INFO     | N/A | ⏳ 等待 Profile 更新任务...
2026-06-29 22:31:15.601 | INFO     | N/A | ⏳ 等待 Profile 更新任务...
2026-06-29 22:31:20.629 | INFO     | N/A | ⏳ 等待 Profile 更新任务...
2026-06-29 22:31:25.655 | INFO     | N/A | ⏳ 等待 Profile 更新任务...
2026-06-29 22:31:30.679 | INFO     | N/A | ⏳ 等待 Profile 更新任务...
2026-06-29 22:31:35.704 | INFO     | N/A | ⏳ 等待 Profile 更新任务...
2026-06-29 22:31:40.735 | INFO     | N/A | ⏳ 等待 Profile 更新任务...
2026-06-29 22:31:45.768 | INFO     | N/A | ⏳ 等待 Profile 更新任务...
2026-06-29 22:31:50.793 | INFO     | N/A | ⏳ 等待 Profile 更新任务...
2026-06-29 22:31:55.824 | INFO     | N/A | ⏳ 等待 Profile 更新任务...
2026-06-29 22:32:00.851 | INFO     | N/A | ⏳ 等待 Profile 更新任务...
2026-06-29 22:32:05.879 | INFO     | N/A | ⏳ 等待 Profile 更新任务...
2026-06-29 22:32:10.906 | INFO     | N/A | ⏳ 等待 Profile 更新任务...
2026-06-29 22:32:15.932 | INFO     | N/A | ⏳ 等待 Profile 更新任务...
2026-06-29 22:32:20.955 | INFO     | N/A | ⏳ 等待 Profile 更新任务...
2026-06-29 22:32:25.978 | INFO     | N/A | ⏳ 等待 Profile 更新任务...
2026-06-29 22:32:31.005 | INFO     | N/A | ⏳ 等待 Profile 更新任务...
2026-06-29 22:32:36.028 | INFO     | N/A | ⏳ 等待 Profile 更新任务...
2026-06-29 22:32:41.054 | INFO     | N/A | ⏳ 等待 Profile 更新任务...
2026-06-29 22:32:46.082 | INFO     | N/A | ⏳ 等待 Profile 更新任务...
2026-06-29 22:32:51.108 | INFO     | N/A | ⏳ 等待 Profile 更新任务...
2026-06-29 22:32:56.131 | INFO     | N/A | ⏳ 等待 Profile 更新任务...
2026-06-29 22:33:01.156 | INFO     | N/A | ⏳ 等待 Profile 更新任务...
2026-06-29 22:33:06.183 | INFO     | N/A | ⏳ 等待 Profile 更新任务...
2026-06-29 22:33:11.207 | INFO     | N/A | ⏳ 等待 Profile 更新任务...
2026-06-29 22:33:16.236 | INFO     | N/A | ⏳ 等待 Profile 更新任务...
2026-06-29 22:33:21.263 | INFO     | N/A | ⏳ 等待 Profile 更新任务...
2026-06-29 22:33:26.285 | INFO     | N/A | ⏳ 等待 Profile 更新任务...
2026-06-29 22:33:31.309 | INFO     | N/A | ⏳ 等待 Profile 更新任务...
2026-06-29 22:33:36.333 | INFO     | N/A | ⏳ 等待 Profile 更新任务...
2026-06-29 22:33:41.356 | INFO     | N/A | ⏳ 等待 Profile 更新任务...
2026-06-29 22:33:46.386 | INFO     | N/A | ⏳ 等待 Profile 更新任务...
2026-06-29 22:33:51.410 | INFO     | N/A | ⏳ 等待 Profile 更新任务...
2026-06-29 22:33:56.445 | INFO     | N/A | ⏳ 等待 Profile 更新任务...
2026-06-29 22:34:01.468 | INFO     | N/A | ⏳ 等待 Profile 更新任务...
2026-06-29 22:34:06.495 | INFO     | N/A | ⏳ 等待 Profile 更新任务...
2026-06-29 22:34:11.517 | INFO     | N/A | ⏳ 等待 Profile 更新任务...
2026-06-29 22:34:16.543 | INFO     | N/A | ⏳ 等待 Profile 更新任务...
2026-06-29 22:34:21.566 | INFO     | N/A | ⏳ 等待 Profile 更新任务...
2026-06-29 22:34:26.594 | INFO     | N/A | ⏳ 等待 Profile 更新任务...
2026-06-29 22:34:31.617 | INFO     | N/A | ⏳ 等待 Profile 更新任务...
2026-06-29 22:34:36.641 | INFO     | N/A | ⏳ 等待 Profile 更新任务...
2026-06-29 22:34:41.669 | INFO     | N/A | ⏳ 等待 Profile 更新任务...
2026-06-29 22:34:46.695 | INFO     | N/A | ⏳ 等待 Profile 更新任务...
2026-06-29 22:34:51.724 | INFO     | N/A | ⏳ 等待 Profile 更新任务...
2026-06-29 22:34:56.749 | INFO     | N/A | ⏳ 等待 Profile 更新任务...
2026-06-29 22:35:01.776 | INFO     | N/A | ⏳ 等待 Profile 更新任务...
2026-06-29 22:35:06.801 | INFO     | N/A | ⏳ 等待 Profile 更新任务...
2026-06-29 22:35:11.825 | INFO     | N/A | ⏳ 等待 Profile 更新任务...
2026-06-29 22:35:16.851 | INFO     | N/A | ⏳ 等待 Profile 更新任务...
2026-06-29 22:35:21.872 | INFO     | N/A | ⏳ 等待 Profile 更新任务...
2026-06-29 22:35:26.910 | INFO     | N/A | ⏳ 等待 Profile 更新任务...
2026-06-29 22:35:31.933 | INFO     | N/A | ⏳ 等待 Profile 更新任务...
2026-06-29 22:35:36.958 | INFO     | N/A | ⏳ 等待 Profile 更新任务...
2026-06-29 22:35:41.981 | INFO     | N/A | ⏳ 等待 Profile 更新任务...
2026-06-29 22:35:47.006 | INFO     | N/A | ⏳ 等待 Profile 更新任务...
2026-06-29 22:35:52.030 | INFO     | N/A | ⏳ 等待 Profile 更新任务...
2026-06-29 22:35:57.053 | INFO     | N/A | ⏳ 等待 Profile 更新任务...
2026-06-29 22:36:02.073 | INFO     | N/A | ⏳ 等待 Profile 更新任务...
2026-06-29 22:36:07.097 | INFO     | N/A | ⏳ 等待 Profile 更新任务...
2026-06-29 22:36:12.119 | INFO     | N/A | ⏳ 等待 Profile 更新任务...
2026-06-29 22:36:17.150 | INFO     | N/A | ⏳ 等待 Profile 更新任务...
2026-06-29 22:36:22.174 | INFO     | N/A | ⏳ 等待 Profile 更新任务...
2026-06-29 22:36:27.198 | INFO     | N/A | ⏳ 等待 Profile 更新任务...
2026-06-29 22:36:32.222 | INFO     | N/A | ⏳ 等待 Profile 更新任务...
2026-06-29 22:36:37.249 | INFO     | N/A | ⏳ 等待 Profile 更新任务...
2026-06-29 22:36:42.276 | INFO     | N/A | ⏳ 等待 Profile 更新任务...
2026-06-29 22:36:47.303 | INFO     | N/A | ⏳ 等待 Profile 更新任务...
2026-06-29 22:36:52.325 | INFO     | N/A | ⏳ 等待 Profile 更新任务...
2026-06-29 22:36:57.350 | INFO     | N/A | ⏳ 等待 Profile 更新任务...
2026-06-29 22:37:02.376 | INFO     | N/A | ⏳ 等待 Profile 更新任务...
2026-06-29 22:37:07.400 | INFO     | N/A | ⏳ 等待 Profile 更新任务...
2026-06-29 22:37:12.423 | INFO     | N/A | ⏳ 等待 Profile 更新任务...
2026-06-29 22:37:17.447 | INFO     | N/A | ⏳ 等待 Profile 更新任务...
2026-06-29 22:37:22.470 | INFO     | N/A | ⏳ 等待 Profile 更新任务...
2026-06-29 22:37:27.495 | INFO     | N/A | ⏳ 等待 Profile 更新任务...
2026-06-29 22:37:32.519 | INFO     | N/A | ⏳ 等待 Profile 更新任务...
2026-06-29 22:37:37.542 | INFO     | N/A | ⏳ 等待 Profile 更新任务...
2026-06-29 22:37:42.565 | INFO     | N/A | ⏳ 等待 Profile 更新任务...
2026-06-29 22:37:47.590 | INFO     | N/A | ⏳ 等待 Profile 更新任务...
2026-06-29 22:37:52.612 | INFO     | N/A | ⏳ 等待 Profile 更新任务...
2026-06-29 22:37:57.636 | INFO     | N/A | ⏳ 等待 Profile 更新任务...
2026-06-29 22:38:02.659 | INFO     | N/A | ⏳ 等待 Profile 更新任务...
2026-06-29 22:38:07.683 | INFO     | N/A | ⏳ 等待 Profile 更新任务...
2026-06-29 22:38:12.708 | INFO     | N/A | ⏳ 等待 Profile 更新任务...
2026-06-29 22:38:17.732 | INFO     | N/A | ⏳ 等待 Profile 更新任务...
2026-06-29 22:38:22.756 | INFO     | N/A | ⏳ 等待 Profile 更新任务...
2026-06-29 22:38:27.779 | INFO     | N/A | ⏳ 等待 Profile 更新任务...
2026-06-29 22:38:32.803 | INFO     | N/A | ⏳ 等待 Profile 更新任务...
2026-06-29 22:38:37.826 | INFO     | N/A | ⏳ 等待 Profile 更新任务...
2026-06-29 22:38:42.850 | INFO     | N/A | ⏳ 等待 Profile 更新任务...
2026-06-29 22:38:47.875 | INFO     | N/A | ⏳ 等待 Profile 更新任务...
2026-06-29 22:38:52.899 | INFO     | N/A | ⏳ 等待 Profile 更新任务...
2026-06-29 22:38:57.923 | INFO     | N/A | ⏳ 等待 Profile 更新任务...
2026-06-29 22:39:02.948 | INFO     | N/A | ⏳ 等待 Profile 更新任务...
2026-06-29 22:39:07.973 | INFO     | N/A | ⏳ 等待 Profile 更新任务...
2026-06-29 22:39:12.996 | INFO     | N/A | ⏳ 等待 Profile 更新任务...
2026-06-29 22:39:18.024 | INFO     | N/A | ⏳ 等待 Profile 更新任务...
2026-06-29 22:39:23.049 | INFO     | N/A | ⏳ 等待 Profile 更新任务...
2026-06-29 22:39:28.073 | INFO     | N/A | ⏳ 等待 Profile 更新任务...
2026-06-29 22:39:33.097 | INFO     | N/A | ⏳ 等待 Profile 更新任务...
2026-06-29 22:39:38.120 | INFO     | N/A | ⏳ 等待 Profile 更新任务...
2026-06-29 22:39:43.146 | INFO     | N/A | ⏳ 等待 Profile 更新任务...
2026-06-29 22:39:48.167 | INFO     | N/A | ⏳ 等待 Profile 更新任务...
2026-06-29 22:39:53.191 | INFO     | N/A | ⏳ 等待 Profile 更新任务...
2026-06-29 22:39:58.214 | INFO     | N/A | ⏳ 等待 Profile 更新任务...
2026-06-29 22:40:03.241 | INFO     | N/A | ⏳ 等待 Profile 更新任务...
2026-06-29 22:40:08.269 | INFO     | N/A | ⏳ 等待 Profile 更新任务...
2026-06-29 22:40:13.290 | INFO     | N/A | ⏳ 等待 Profile 更新任务...
2026-06-29 22:40:18.317 | INFO     | N/A | ⏳ 等待 Profile 更新任务...
2026-06-29 22:40:23.340 | INFO     | N/A | ⏳ 等待 Profile 更新任务...
2026-06-29 22:40:28.366 | INFO     | N/A | ⏳ 等待 Profile 更新任务...
2026-06-29 22:40:33.390 | INFO     | N/A | ⏳ 等待 Profile 更新任务...
2026-06-29 22:40:38.416 | INFO     | N/A | ⏳ 等待 Profile 更新任务...
2026-06-29 22:40:43.439 | INFO     | N/A | ⏳ 等待 Profile 更新任务...
2026-06-29 22:40:48.467 | INFO     | N/A | ⏳ 等待 Profile 更新任务...
2026-06-29 22:40:53.491 | INFO     | N/A | ⏳ 等待 Profile 更新任务...
2026-06-29 22:40:58.518 | INFO     | N/A | ⏳ 等待 Profile 更新任务...
2026-06-29 22:41:03.546 | INFO     | N/A | ⏳ 等待 Profile 更新任务...
2026-06-29 22:41:08.574 | INFO     | N/A | ⏳ 等待 Profile 更新任务...
2026-06-29 22:41:13.598 | INFO     | N/A | ⏳ 等待 Profile 更新任务...
2026-06-29 22:41:18.624 | INFO     | N/A | ⏳ 等待 Profile 更新任务...
2026-06-29 22:41:23.649 | INFO     | N/A | ⏳ 等待 Profile 更新任务...
2026-06-29 22:41:28.674 | INFO     | N/A | ⏳ 等待 Profile 更新任务...
2026-06-29 22:41:33.698 | INFO     | N/A | ⏳ 等待 Profile 更新任务...
2026-06-29 22:41:38.722 | INFO     | N/A | ⏳ 等待 Profile 更新任务...
2026-06-29 22:41:43.746 | INFO     | N/A | ⏳ 等待 Profile 更新任务...
2026-06-29 22:41:48.773 | INFO     | N/A | ⏳ 等待 Profile 更新任务...
2026-06-29 22:41:53.797 | INFO     | N/A | ⏳ 等待 Profile 更新任务...
2026-06-29 22:41:58.821 | INFO     | N/A | ⏳ 等待 Profile 更新任务...
2026-06-29 22:42:03.846 | INFO     | N/A | ⏳ 等待 Profile 更新任务...
2026-06-29 22:42:08.873 | INFO     | N/A | ⏳ 等待 Profile 更新任务...
2026-06-29 22:42:13.897 | INFO     | N/A | ⏳ 等待 Profile 更新任务...
2026-06-29 22:42:18.923 | INFO     | N/A | ⏳ 等待 Profile 更新任务...
2026-06-29 22:42:23.948 | INFO     | N/A | ⏳ 等待 Profile 更新任务...
2026-06-29 22:42:28.972 | INFO     | N/A | ⏳ 等待 Profile 更新任务...
2026-06-29 22:42:33.998 | INFO     | N/A | ⏳ 等待 Profile 更新任务...
2026-06-29 22:42:39.025 | INFO     | N/A | ⏳ 等待 Profile 更新任务...
2026-06-29 22:42:44.047 | INFO     | N/A | ⏳ 等待 Profile 更新任务...
2026-06-29 22:42:49.071 | INFO     | N/A | ⏳ 等待 Profile 更新任务...
2026-06-29 22:42:54.100 | INFO     | N/A | ⏳ 等待 Profile 更新任务...
2026-06-29 22:42:59.122 | INFO     | N/A | ⏳ 等待 Profile 更新任务...
2026-06-29 22:43:04.147 | INFO     | N/A | ⏳ 等待 Profile 更新任务...
2026-06-29 22:43:09.174 | INFO     | N/A | ⏳ 等待 Profile 更新任务...
2026-06-29 22:43:14.199 | INFO     | N/A | ⏳ 等待 Profile 更新任务...
2026-06-29 22:43:19.224 | INFO     | N/A | ⏳ 等待 Profile 更新任务...
2026-06-29 22:43:24.251 | INFO     | N/A | ⏳ 等待 Profile 更新任务...
2026-06-29 22:43:29.273 | INFO     | N/A | ⏳ 等待 Profile 更新任务...
2026-06-29 22:43:34.298 | INFO     | N/A | ⏳ 等待 Profile 更新任务...
2026-06-29 22:43:39.323 | INFO     | N/A | ⏳ 等待 Profile 更新任务...
2026-06-29 22:43:44.345 | INFO     | N/A | ⏳ 等待 Profile 更新任务...
2026-06-29 22:43:49.371 | INFO     | N/A | ⏳ 等待 Profile 更新任务...
2026-06-29 22:43:54.396 | INFO     | N/A | ⏳ 等待 Profile 更新任务...
2026-06-29 22:43:59.419 | INFO     | N/A | ⏳ 等待 Profile 更新任务...
2026-06-29 22:44:04.442 | INFO     | N/A | ⏳ 等待 Profile 更新任务...
2026-06-29 22:44:09.469 | INFO     | N/A | ⏳ 等待 Profile 更新任务...
2026-06-29 22:44:14.493 | INFO     | N/A | ⏳ 等待 Profile 更新任务...
2026-06-29 22:44:19.519 | INFO     | N/A | ⏳ 等待 Profile 更新任务...
2026-06-29 22:44:24.542 | INFO     | N/A | ⏳ 等待 Profile 更新任务...
2026-06-29 22:44:29.566 | INFO     | N/A | ⏳ 等待 Profile 更新任务...
2026-06-29 22:44:34.589 | INFO     | N/A | ⏳ 等待 Profile 更新任务...
2026-06-29 22:44:39.612 | INFO     | N/A | ⏳ 等待 Profile 更新任务...
2026-06-29 22:44:44.635 | INFO     | N/A | ⏳ 等待 Profile 更新任务...
2026-06-29 22:44:49.659 | INFO     | N/A | ⏳ 等待 Profile 更新任务...
2026-06-29 22:44:54.683 | INFO     | N/A | ⏳ 等待 Profile 更新任务...
2026-06-29 22:44:59.707 | INFO     | N/A | ⏳ 等待 Profile 更新任务...
2026-06-29 22:45:04.732 | INFO     | N/A | ⏳ 等待 Profile 更新任务...
2026-06-29 22:45:09.756 | INFO     | N/A | ⏳ 等待 Profile 更新任务...
2026-06-29 22:45:14.780 | INFO     | N/A | ⏳ 等待 Profile 更新任务...
2026-06-29 22:45:19.804 | INFO     | N/A | ⏳ 等待 Profile 更新任务...
2026-06-29 22:45:24.832 | INFO     | N/A | ⏳ 等待 Profile 更新任务...
2026-06-29 22:45:29.854 | INFO     | N/A | ⏳ 等待 Profile 更新任务...
2026-06-29 22:45:34.878 | INFO     | N/A | ⏳ 等待 Profile 更新任务...
2026-06-29 22:45:39.902 | INFO     | N/A | ⏳ 等待 Profile 更新任务...
2026-06-29 22:45:44.926 | INFO     | N/A | ⏳ 等待 Profile 更新任务...
2026-06-29 22:45:49.949 | INFO     | N/A | ⏳ 等待 Profile 更新任务...
2026-06-29 22:45:54.973 | INFO     | N/A | ⏳ 等待 Profile 更新任务...
2026-06-29 22:45:59.999 | INFO     | N/A | ⏳ 等待 Profile 更新任务...
2026-06-29 22:46:05.024 | INFO     | N/A | ⏳ 等待 Profile 更新任务...
2026-06-29 22:46:10.048 | INFO     | N/A | ⏳ 等待 Profile 更新任务...
2026-06-29 22:46:15.073 | INFO     | N/A | ⏳ 等待 Profile 更新任务...
2026-06-29 22:46:20.097 | INFO     | N/A | ⏳ 等待 Profile 更新任务...
2026-06-29 22:46:25.121 | INFO     | N/A | ⏳ 等待 Profile 更新任务...
2026-06-29 22:46:30.148 | INFO     | N/A | ⏳ 等待 Profile 更新任务...
2026-06-29 22:46:35.172 | INFO     | N/A | ⏳ 等待 Profile 更新任务...
2026-06-29 22:46:40.198 | INFO     | N/A | ⏳ 等待 Profile 更新任务...
2026-06-29 22:46:45.223 | INFO     | N/A | ⏳ 等待 Profile 更新任务...
2026-06-29 22:46:50.249 | INFO     | N/A | ⏳ 等待 Profile 更新任务...
2026-06-29 22:46:55.274 | INFO     | N/A | ⏳ 等待 Profile 更新任务...
2026-06-29 22:47:00.298 | INFO     | N/A | ⏳ 等待 Profile 更新任务...
2026-06-29 22:47:05.321 | INFO     | N/A | ⏳ 等待 Profile 更新任务...
2026-06-29 22:47:10.344 | INFO     | N/A | ⏳ 等待 Profile 更新任务...
2026-06-29 22:47:15.367 | INFO     | N/A | ⏳ 等待 Profile 更新任务...
2026-06-29 22:47:20.392 | INFO     | N/A | ⏳ 等待 Profile 更新任务...
2026-06-29 22:47:25.415 | INFO     | N/A | ⏳ 等待 Profile 更新任务...
2026-06-29 22:47:30.440 | INFO     | N/A | ⏳ 等待 Profile 更新任务...
2026-06-29 22:47:35.464 | INFO     | N/A | ⏳ 等待 Profile 更新任务...
2026-06-29 22:47:40.487 | INFO     | N/A | ⏳ 等待 Profile 更新任务...
2026-06-29 22:47:45.511 | INFO     | N/A | ⏳ 等待 Profile 更新任务...
2026-06-29 22:47:50.535 | INFO     | N/A | ⏳ 等待 Profile 更新任务...
2026-06-29 22:47:55.558 | INFO     | N/A | ⏳ 等待 Profile 更新任务...
2026-06-29 22:48:00.581 | INFO     | N/A | ⏳ 等待 Profile 更新任务...
2026-06-29 22:48:05.605 | INFO     | N/A | ⏳ 等待 Profile 更新任务...
2026-06-29 22:48:10.626 | INFO     | N/A | ⏳ 等待 Profile 更新任务...
2026-06-29 22:48:15.652 | INFO     | N/A | ⏳ 等待 Profile 更新任务...
2026-06-29 22:48:20.678 | INFO     | N/A | ⏳ 等待 Profile 更新任务...
2026-06-29 22:48:25.700 | INFO     | N/A | ⏳ 等待 Profile 更新任务...
2026-06-29 22:48:30.724 | INFO     | N/A | ⏳ 等待 Profile 更新任务...
2026-06-29 22:48:35.747 | INFO     | N/A | ⏳ 等待 Profile 更新任务...
2026-06-29 22:48:40.770 | INFO     | N/A | ⏳ 等待 Profile 更新任务...
2026-06-29 22:48:45.794 | INFO     | N/A | ⏳ 等待 Profile 更新任务...
2026-06-29 22:48:50.820 | INFO     | N/A | ⏳ 等待 Profile 更新任务...
2026-06-29 22:48:55.844 | INFO     | N/A | ⏳ 等待 Profile 更新任务...
2026-06-29 22:49:00.869 | INFO     | N/A | ⏳ 等待 Profile 更新任务...
2026-06-29 22:49:05.893 | INFO     | N/A | ⏳ 等待 Profile 更新任务...
2026-06-29 22:49:10.917 | INFO     | N/A | ⏳ 等待 Profile 更新任务...
2026-06-29 22:49:15.941 | INFO     | N/A | ⏳ 等待 Profile 更新任务...
2026-06-29 22:49:20.971 | INFO     | N/A | ⏳ 等待 Profile 更新任务...
2026-06-29 22:49:25.996 | INFO     | N/A | ⏳ 等待 Profile 更新任务...
2026-06-29 22:49:31.018 | INFO     | N/A | ⏳ 等待 Profile 更新任务...
2026-06-29 22:49:36.042 | INFO     | N/A | ⏳ 等待 Profile 更新任务...
2026-06-29 22:49:41.064 | INFO     | N/A | ⏳ 等待 Profile 更新任务...
2026-06-29 22:49:46.084 | INFO     | N/A | ⏳ 等待 Profile 更新任务...
2026-06-29 22:49:51.107 | INFO     | N/A | ⏳ 等待 Profile 更新任务...
2026-06-29 22:49:56.130 | INFO     | N/A | ⏳ 等待 Profile 更新任务...
2026-06-29 22:50:01.154 | INFO     | N/A | ⏳ 等待 Profile 更新任务...
2026-06-29 22:50:06.177 | INFO     | N/A | ⏳ 等待 Profile 更新任务...
2026-06-29 22:50:11.199 | INFO     | N/A | ⏳ 等待 Profile 更新任务...
2026-06-29 22:50:16.221 | INFO     | N/A | ⏳ 等待 Profile 更新任务...
2026-06-29 22:50:21.242 | INFO     | N/A | ⏳ 等待 Profile 更新任务...
2026-06-29 22:50:26.263 | INFO     | N/A | ⏳ 等待 Profile 更新任务...
2026-06-29 22:50:31.284 | INFO     | N/A | ⏳ 等待 Profile 更新任务...
2026-06-29 22:50:36.305 | INFO     | N/A | ⏳ 等待 Profile 更新任务...
2026-06-29 22:50:41.332 | INFO     | N/A | ⏳ 等待 Profile 更新任务...
2026-06-29 22:50:46.357 | INFO     | N/A | ⏳ 等待 Profile 更新任务...
2026-06-29 22:50:51.381 | INFO     | N/A | ⏳ 等待 Profile 更新任务...
2026-06-29 22:50:56.403 | INFO     | N/A | ⏳ 等待 Profile 更新任务...
2026-06-29 22:51:01.425 | INFO     | N/A | ⏳ 等待 Profile 更新任务...
2026-06-29 22:51:06.450 | INFO     | N/A | ⏳ 等待 Profile 更新任务...
2026-06-29 22:51:11.472 | INFO     | N/A | ⏳ 等待 Profile 更新任务...
2026-06-29 22:51:16.495 | INFO     | N/A | ⏳ 等待 Profile 更新任务...
2026-06-29 22:51:21.519 | INFO     | N/A | ⏳ 等待 Profile 更新任务...
2026-06-29 22:51:26.543 | INFO     | N/A | ⏳ 等待 Profile 更新任务...
2026-06-29 22:51:31.570 | INFO     | N/A | ⏳ 等待 Profile 更新任务...
2026-06-29 22:51:36.596 | INFO     | N/A | ⏳ 等待 Profile 更新任务...
2026-06-29 22:51:41.620 | INFO     | N/A | ⏳ 等待 Profile 更新任务...
2026-06-29 22:51:46.643 | INFO     | N/A | ⏳ 等待 Profile 更新任务...
2026-06-29 22:51:51.671 | INFO     | N/A | ⏳ 等待 Profile 更新任务...
2026-06-29 22:51:56.694 | INFO     | N/A | ⏳ 等待 Profile 更新任务...
2026-06-29 22:52:01.719 | INFO     | N/A | ⏳ 等待 Profile 更新任务...
2026-06-29 22:52:06.741 | INFO     | N/A | ⏳ 等待 Profile 更新任务...
2026-06-29 22:52:11.764 | INFO     | N/A | ⏳ 等待 Profile 更新任务...
2026-06-29 22:52:16.793 | INFO     | N/A | ⏳ 等待 Profile 更新任务...
2026-06-29 22:52:21.819 | INFO     | N/A | ⏳ 等待 Profile 更新任务...
2026-06-29 22:52:26.844 | INFO     | N/A | ⏳ 等待 Profile 更新任务...
2026-06-29 22:52:31.871 | INFO     | N/A | ⏳ 等待 Profile 更新任务...
2026-06-29 22:52:36.895 | INFO     | N/A | ⏳ 等待 Profile 更新任务...
2026-06-29 22:52:41.921 | INFO     | N/A | ⏳ 等待 Profile 更新任务...
2026-06-29 22:52:46.946 | INFO     | N/A | ⏳ 等待 Profile 更新任务...
2026-06-29 22:52:51.971 | INFO     | N/A | ⏳ 等待 Profile 更新任务...
2026-06-29 22:52:56.995 | INFO     | N/A | ⏳ 等待 Profile 更新任务...
2026-06-29 22:53:02.022 | INFO     | N/A | ⏳ 等待 Profile 更新任务...
2026-06-29 22:53:07.047 | INFO     | N/A | ⏳ 等待 Profile 更新任务...
2026-06-29 22:53:12.074 | INFO     | N/A | ⏳ 等待 Profile 更新任务...
2026-06-29 22:53:17.097 | INFO     | N/A | ⏳ 等待 Profile 更新任务...
2026-06-29 22:53:22.124 | INFO     | N/A | ⏳ 等待 Profile 更新任务...
2026-06-29 22:53:27.147 | INFO     | N/A | ⏳ 等待 Profile 更新任务...
2026-06-29 22:53:32.173 | INFO     | N/A | ⏳ 等待 Profile 更新任务...
2026-06-29 22:53:37.197 | INFO     | N/A | ⏳ 等待 Profile 更新任务...
2026-06-29 22:53:42.222 | INFO     | N/A | ⏳ 等待 Profile 更新任务...
2026-06-29 22:53:47.250 | INFO     | N/A | ⏳ 等待 Profile 更新任务...
2026-06-29 22:53:52.279 | INFO     | N/A | ⏳ 等待 Profile 更新任务...
2026-06-29 22:53:57.303 | INFO     | N/A | ⏳ 等待 Profile 更新任务...
2026-06-29 22:54:02.329 | INFO     | N/A | ⏳ 等待 Profile 更新任务...
2026-06-29 22:54:07.352 | INFO     | N/A | ⏳ 等待 Profile 更新任务...
2026-06-29 22:54:12.379 | INFO     | N/A | ⏳ 等待 Profile 更新任务...
2026-06-29 22:54:17.405 | INFO     | N/A | ⏳ 等待 Profile 更新任务...
2026-06-29 22:54:22.431 | INFO     | N/A | ⏳ 等待 Profile 更新任务...
2026-06-29 22:54:27.456 | INFO     | N/A | ⏳ 等待 Profile 更新任务...
2026-06-29 22:54:32.479 | INFO     | N/A | ⏳ 等待 Profile 更新任务...
2026-06-29 22:54:37.506 | INFO     | N/A | ⏳ 等待 Profile 更新任务...
2026-06-29 22:54:42.532 | INFO     | N/A | ⏳ 等待 Profile 更新任务...
2026-06-29 22:54:47.556 | INFO     | N/A | ⏳ 等待 Profile 更新任务...
2026-06-29 22:54:52.580 | INFO     | N/A | ⏳ 等待 Profile 更新任务...
2026-06-29 22:54:57.605 | INFO     | N/A | ⏳ 等待 Profile 更新任务...
2026-06-29 22:55:02.629 | INFO     | N/A | ⏳ 等待 Profile 更新任务...
2026-06-29 22:55:07.655 | INFO     | N/A | ⏳ 等待 Profile 更新任务...
2026-06-29 22:55:12.680 | INFO     | N/A | ⏳ 等待 Profile 更新任务...
2026-06-29 22:55:17.705 | INFO     | N/A | ⏳ 等待 Profile 更新任务...
2026-06-29 22:55:22.731 | INFO     | N/A | ⏳ 等待 Profile 更新任务...
2026-06-29 22:55:27.755 | INFO     | N/A | ⏳ 等待 Profile 更新任务...
2026-06-29 22:55:32.779 | INFO     | N/A | ⏳ 等待 Profile 更新任务...
2026-06-29 22:55:37.803 | INFO     | N/A | ⏳ 等待 Profile 更新任务...
2026-06-29 22:55:42.828 | INFO     | N/A | ⏳ 等待 Profile 更新任务...
2026-06-29 22:55:47.853 | INFO     | N/A | ⏳ 等待 Profile 更新任务...
2026-06-29 22:55:52.877 | INFO     | N/A | ⏳ 等待 Profile 更新任务...
2026-06-29 22:55:57.902 | INFO     | N/A | ⏳ 等待 Profile 更新任务...
2026-06-29 22:56:02.929 | INFO     | N/A | ⏳ 等待 Profile 更新任务...
2026-06-29 22:56:07.953 | INFO     | N/A | ⏳ 等待 Profile 更新任务...
2026-06-29 22:56:12.976 | INFO     | N/A | ⏳ 等待 Profile 更新任务...
2026-06-29 22:56:18.001 | INFO     | N/A | ⏳ 等待 Profile 更新任务...
2026-06-29 22:56:23.027 | INFO     | N/A | ⏳ 等待 Profile 更新任务...
2026-06-29 22:56:28.054 | INFO     | N/A | ⏳ 等待 Profile 更新任务...
2026-06-29 22:56:33.078 | INFO     | N/A | ⏳ 等待 Profile 更新任务...
2026-06-29 22:56:38.106 | INFO     | N/A | ⏳ 等待 Profile 更新任务...
2026-06-29 22:56:43.132 | INFO     | N/A | ⏳ 等待 Profile 更新任务...
2026-06-29 22:56:48.157 | INFO     | N/A | ⏳ 等待 Profile 更新任务...
2026-06-29 22:56:53.184 | INFO     | N/A | ⏳ 等待 Profile 更新任务...
2026-06-29 22:56:58.209 | INFO     | N/A | ⏳ 等待 Profile 更新任务...
2026-06-29 22:57:03.233 | INFO     | N/A | ⏳ 等待 Profile 更新任务...
2026-06-29 22:57:08.257 | INFO     | N/A | ⏳ 等待 Profile 更新任务...
2026-06-29 22:57:13.284 | INFO     | N/A | ⏳ 等待 Profile 更新任务...
2026-06-29 22:57:18.308 | INFO     | N/A | ⏳ 等待 Profile 更新任务...
2026-06-29 22:57:23.332 | INFO     | N/A | ⏳ 等待 Profile 更新任务...
2026-06-29 22:57:28.359 | INFO     | N/A | ⏳ 等待 Profile 更新任务...
2026-06-29 22:57:33.385 | INFO     | N/A | ⏳ 等待 Profile 更新任务...
2026-06-29 22:57:38.412 | INFO     | N/A | ⏳ 等待 Profile 更新任务...
2026-06-29 22:57:43.438 | INFO     | N/A | ⏳ 等待 Profile 更新任务...
2026-06-29 22:57:48.462 | INFO     | N/A | ⏳ 等待 Profile 更新任务...
2026-06-29 22:57:53.486 | INFO     | N/A | ⏳ 等待 Profile 更新任务...
2026-06-29 22:57:58.510 | INFO     | N/A | ⏳ 等待 Profile 更新任务...
2026-06-29 22:58:03.536 | INFO     | N/A | ⏳ 等待 Profile 更新任务...
2026-06-29 22:58:08.561 | INFO     | N/A | ⏳ 等待 Profile 更新任务...
2026-06-29 22:58:13.586 | INFO     | N/A | ⏳ 等待 Profile 更新任务...
2026-06-29 22:58:18.610 | INFO     | N/A | ⏳ 等待 Profile 更新任务...
2026-06-29 22:58:23.635 | INFO     | N/A | ⏳ 等待 Profile 更新任务...
2026-06-29 22:58:28.660 | INFO     | N/A | ⏳ 等待 Profile 更新任务...
2026-06-29 22:58:33.685 | INFO     | N/A | ⏳ 等待 Profile 更新任务...
2026-06-29 22:58:38.709 | INFO     | N/A | ⏳ 等待 Profile 更新任务...
2026-06-29 22:58:43.737 | INFO     | N/A | ⏳ 等待 Profile 更新任务...
2026-06-29 22:58:48.764 | INFO     | N/A | ⏳ 等待 Profile 更新任务...
2026-06-29 22:58:53.789 | INFO     | N/A | ⏳ 等待 Profile 更新任务...
2026-06-29 22:58:58.816 | INFO     | N/A | ⏳ 等待 Profile 更新任务...
2026-06-29 22:59:03.841 | INFO     | N/A | ⏳ 等待 Profile 更新任务...
2026-06-29 22:59:08.865 | INFO     | N/A | ⏳ 等待 Profile 更新任务...
2026-06-29 22:59:13.888 | INFO     | N/A | ⏳ 等待 Profile 更新任务...
2026-06-29 22:59:18.915 | INFO     | N/A | ⏳ 等待 Profile 更新任务...
2026-06-29 22:59:23.940 | INFO     | N/A | ⏳ 等待 Profile 更新任务...
2026-06-29 22:59:28.964 | INFO     | N/A | ⏳ 等待 Profile 更新任务...
2026-06-29 22:59:33.991 | INFO     | N/A | ⏳ 等待 Profile 更新任务...
2026-06-29 22:59:39.018 | INFO     | N/A | ⏳ 等待 Profile 更新任务...
2026-06-29 22:59:44.044 | INFO     | N/A | ⏳ 等待 Profile 更新任务...
2026-06-29 22:59:49.069 | INFO     | N/A | ⏳ 等待 Profile 更新任务...
2026-06-29 22:59:54.097 | INFO     | N/A | ⏳ 等待 Profile 更新任务...
2026-06-29 22:59:59.122 | INFO     | N/A | ⏳ 等待 Profile 更新任务...
2026-06-29 23:00:04.147 | INFO     | N/A | ⏳ 等待 Profile 更新任务...
2026-06-29 23:00:09.172 | INFO     | N/A | ⏳ 等待 Profile 更新任务...
2026-06-29 23:00:14.198 | INFO     | N/A | ⏳ 等待 Profile 更新任务...
2026-06-29 23:00:19.223 | INFO     | N/A | ⏳ 等待 Profile 更新任务...
2026-06-29 23:00:24.251 | INFO     | N/A | ⏳ 等待 Profile 更新任务...
2026-06-29 23:00:29.274 | INFO     | N/A | ⏳ 等待 Profile 更新任务...
2026-06-29 23:00:34.304 | INFO     | N/A | ⏳ 等待 Profile 更新任务...
2026-06-29 23:00:39.326 | INFO     | N/A | ⏳ 等待 Profile 更新任务...
2026-06-29 23:00:44.350 | INFO     | N/A | ⏳ 等待 Profile 更新任务...
2026-06-29 23:00:49.373 | INFO     | N/A | ⏳ 等待 Profile 更新任务...
2026-06-29 23:00:54.398 | INFO     | N/A | ⏳ 等待 Profile 更新任务...
2026-06-29 23:00:59.424 | INFO     | N/A | ⏳ 等待 Profile 更新任务...
2026-06-29 23:01:04.454 | INFO     | N/A | ⏳ 等待 Profile 更新任务...
2026-06-29 23:01:09.479 | INFO     | N/A | ⏳ 等待 Profile 更新任务...
2026-06-29 23:01:14.505 | INFO     | N/A | ⏳ 等待 Profile 更新任务...
2026-06-29 23:01:19.530 | INFO     | N/A | ⏳ 等待 Profile 更新任务...
2026-06-29 23:01:24.554 | INFO     | N/A | ⏳ 等待 Profile 更新任务...
2026-06-29 23:01:29.582 | INFO     | N/A | ⏳ 等待 Profile 更新任务...
2026-06-29 23:01:34.609 | INFO     | N/A | ⏳ 等待 Profile 更新任务...
2026-06-29 23:01:39.634 | INFO     | N/A | ⏳ 等待 Profile 更新任务...
2026-06-29 23:01:44.659 | INFO     | N/A | ⏳ 等待 Profile 更新任务...
2026-06-29 23:01:49.684 | INFO     | N/A | ⏳ 等待 Profile 更新任务...
2026-06-29 23:01:54.708 | INFO     | N/A | ⏳ 等待 Profile 更新任务...
2026-06-29 23:01:59.733 | INFO     | N/A | ⏳ 等待 Profile 更新任务...
2026-06-29 23:02:04.757 | INFO     | N/A | ⏳ 等待 Profile 更新任务...
2026-06-29 23:02:09.784 | INFO     | N/A | ⏳ 等待 Profile 更新任务...
2026-06-29 23:02:14.811 | INFO     | N/A | ⏳ 等待 Profile 更新任务...
2026-06-29 23:02:19.837 | INFO     | N/A | ⏳ 等待 Profile 更新任务...
2026-06-29 23:02:24.862 | INFO     | N/A | ⏳ 等待 Profile 更新任务...
2026-06-29 23:02:29.887 | INFO     | N/A | ⏳ 等待 Profile 更新任务...
2026-06-29 23:02:34.911 | INFO     | N/A | ⏳ 等待 Profile 更新任务...
2026-06-29 23:02:39.935 | INFO     | N/A | ⏳ 等待 Profile 更新任务...
2026-06-29 23:02:44.960 | INFO     | N/A | ⏳ 等待 Profile 更新任务...
2026-06-29 23:02:49.983 | INFO     | N/A | ⏳ 等待 Profile 更新任务...
2026-06-29 23:02:55.010 | INFO     | N/A | ⏳ 等待 Profile 更新任务...
2026-06-29 23:03:00.033 | INFO     | N/A | ⏳ 等待 Profile 更新任务...
2026-06-29 23:03:05.056 | INFO     | N/A | ⏳ 等待 Profile 更新任务...
2026-06-29 23:03:10.079 | INFO     | N/A | ⏳ 等待 Profile 更新任务...
2026-06-29 23:03:15.104 | INFO     | N/A | ⏳ 等待 Profile 更新任务...
2026-06-29 23:03:20.130 | INFO     | N/A | ⏳ 等待 Profile 更新任务...
2026-06-29 23:03:25.156 | INFO     | N/A | ⏳ 等待 Profile 更新任务...
2026-06-29 23:03:30.183 | INFO     | N/A | ⏳ 等待 Profile 更新任务...
2026-06-29 23:03:35.206 | INFO     | N/A | ⏳ 等待 Profile 更新任务...
2026-06-29 23:03:40.233 | INFO     | N/A | ⏳ 等待 Profile 更新任务...
2026-06-29 23:03:45.258 | INFO     | N/A | ⏳ 等待 Profile 更新任务...
2026-06-29 23:03:50.282 | INFO     | N/A | ⏳ 等待 Profile 更新任务...
2026-06-29 23:03:55.313 | INFO     | N/A | ⏳ 等待 Profile 更新任务...
2026-06-29 23:04:00.336 | INFO     | N/A | ⏳ 等待 Profile 更新任务...
2026-06-29 23:04:05.360 | INFO     | N/A | ⏳ 等待 Profile 更新任务...
2026-06-29 23:04:10.386 | INFO     | N/A | ⏳ 等待 Profile 更新任务...
2026-06-29 23:04:15.410 | INFO     | N/A | ⏳ 等待 Profile 更新任务...
2026-06-29 23:04:20.435 | INFO     | N/A | ⏳ 等待 Profile 更新任务...
2026-06-29 23:04:25.461 | INFO     | N/A | ⏳ 等待 Profile 更新任务...
2026-06-29 23:04:30.484 | INFO     | N/A | ⏳ 等待 Profile 更新任务...
2026-06-29 23:04:35.508 | INFO     | N/A | ⏳ 等待 Profile 更新任务...
2026-06-29 23:04:40.531 | INFO     | N/A | ⏳ 等待 Profile 更新任务...
2026-06-29 23:04:45.557 | INFO     | N/A | ⏳ 等待 Profile 更新任务...
2026-06-29 23:04:50.580 | INFO     | N/A | ⏳ 等待 Profile 更新任务...
2026-06-29 23:04:55.608 | INFO     | N/A | ⏳ 等待 Profile 更新任务...
2026-06-29 23:05:00.635 | INFO     | N/A | ⏳ 等待 Profile 更新任务...
2026-06-29 23:05:05.658 | INFO     | N/A | ⏳ 等待 Profile 更新任务...
2026-06-29 23:05:10.684 | INFO     | N/A | ⏳ 等待 Profile 更新任务...
2026-06-29 23:05:15.708 | INFO     | N/A | ⏳ 等待 Profile 更新任务...
2026-06-29 23:05:20.732 | INFO     | N/A | ⏳ 等待 Profile 更新任务...
2026-06-29 23:05:25.756 | INFO     | N/A | ⏳ 等待 Profile 更新任务...
2026-06-29 23:05:30.782 | INFO     | N/A | ⏳ 等待 Profile 更新任务...
2026-06-29 23:05:35.807 | INFO     | N/A | ⏳ 等待 Profile 更新任务...
2026-06-29 23:05:40.830 | INFO     | N/A | ⏳ 等待 Profile 更新任务...
2026-06-29 23:05:45.853 | INFO     | N/A | ⏳ 等待 Profile 更新任务...
2026-06-29 23:05:50.874 | INFO     | N/A | ⏳ 等待 Profile 更新任务...
2026-06-29 23:05:55.903 | INFO     | N/A | ⏳ 等待 Profile 更新任务...
2026-06-29 23:06:00.930 | INFO     | N/A | ⏳ 等待 Profile 更新任务...
2026-06-29 23:06:05.956 | INFO     | N/A | ⏳ 等待 Profile 更新任务...
2026-06-29 23:06:10.979 | INFO     | N/A | ⏳ 等待 Profile 更新任务...
2026-06-29 23:06:16.005 | INFO     | N/A | ⏳ 等待 Profile 更新任务...
2026-06-29 23:06:21.030 | INFO     | N/A | ⏳ 等待 Profile 更新任务...
2026-06-29 23:06:26.055 | INFO     | N/A | ⏳ 等待 Profile 更新任务...
2026-06-29 23:06:31.079 | INFO     | N/A | ⏳ 等待 Profile 更新任务...
2026-06-29 23:06:36.104 | INFO     | N/A | ⏳ 等待 Profile 更新任务...
2026-06-29 23:06:41.128 | INFO     | N/A | ⏳ 等待 Profile 更新任务...
2026-06-29 23:06:46.152 | INFO     | N/A | ⏳ 等待 Profile 更新任务...
2026-06-29 23:06:51.178 | INFO     | N/A | ⏳ 等待 Profile 更新任务...
2026-06-29 23:06:56.205 | INFO     | N/A | ⏳ 等待 Profile 更新任务...
2026-06-29 23:07:01.230 | INFO     | N/A | ⏳ 等待 Profile 更新任务...
2026-06-29 23:07:06.255 | INFO     | N/A | ⏳ 等待 Profile 更新任务...
2026-06-29 23:07:11.281 | INFO     | N/A | ⏳ 等待 Profile 更新任务...
2026-06-29 23:07:16.306 | INFO     | N/A | ⏳ 等待 Profile 更新任务...
2026-06-29 23:07:21.332 | INFO     | N/A | ⏳ 等待 Profile 更新任务...
2026-06-29 23:07:26.358 | INFO     | N/A | ⏳ 等待 Profile 更新任务...
2026-06-29 23:07:31.382 | INFO     | N/A | ⏳ 等待 Profile 更新任务...
2026-06-29 23:07:36.406 | INFO     | N/A | ⏳ 等待 Profile 更新任务...
2026-06-29 23:07:41.432 | INFO     | N/A | ⏳ 等待 Profile 更新任务...
2026-06-29 23:07:46.457 | INFO     | N/A | ⏳ 等待 Profile 更新任务...
2026-06-29 23:07:51.484 | INFO     | N/A | ⏳ 等待 Profile 更新任务...
2026-06-29 23:07:56.511 | INFO     | N/A | ⏳ 等待 Profile 更新任务...
2026-06-29 23:08:01.536 | INFO     | N/A | ⏳ 等待 Profile 更新任务...
2026-06-29 23:08:06.560 | INFO     | N/A | ⏳ 等待 Profile 更新任务...
2026-06-29 23:08:11.583 | INFO     | N/A | ⏳ 等待 Profile 更新任务...
2026-06-29 23:08:16.608 | INFO     | N/A | ⏳ 等待 Profile 更新任务...
2026-06-29 23:08:21.631 | INFO     | N/A | ⏳ 等待 Profile 更新任务...
2026-06-29 23:08:26.656 | INFO     | N/A | ⏳ 等待 Profile 更新任务...
2026-06-29 23:08:31.682 | INFO     | N/A | ⏳ 等待 Profile 更新任务...
2026-06-29 23:08:36.708 | INFO     | N/A | ⏳ 等待 Profile 更新任务...
2026-06-29 23:08:41.734 | INFO     | N/A | ⏳ 等待 Profile 更新任务...
2026-06-29 23:08:46.759 | INFO     | N/A | ⏳ 等待 Profile 更新任务...
2026-06-29 23:08:51.787 | INFO     | N/A | ⏳ 等待 Profile 更新任务...
2026-06-29 23:08:56.814 | INFO     | N/A | ⏳ 等待 Profile 更新任务...
2026-06-29 23:09:01.837 | INFO     | N/A | ⏳ 等待 Profile 更新任务...
2026-06-29 23:09:06.862 | INFO     | N/A | ⏳ 等待 Profile 更新任务...
2026-06-29 23:09:11.889 | INFO     | N/A | ⏳ 等待 Profile 更新任务...
2026-06-29 23:09:16.916 | INFO     | N/A | ⏳ 等待 Profile 更新任务...
2026-06-29 23:09:21.942 | INFO     | N/A | ⏳ 等待 Profile 更新任务...
2026-06-29 23:09:26.969 | INFO     | N/A | ⏳ 等待 Profile 更新任务...
2026-06-29 23:09:31.995 | INFO     | N/A | ⏳ 等待 Profile 更新任务...
2026-06-29 23:09:37.020 | INFO     | N/A | ⏳ 等待 Profile 更新任务...
2026-06-29 23:09:42.043 | INFO     | N/A | ⏳ 等待 Profile 更新任务...
2026-06-29 23:09:47.069 | INFO     | N/A | ⏳ 等待 Profile 更新任务...
2026-06-29 23:09:52.094 | INFO     | N/A | ⏳ 等待 Profile 更新任务...
2026-06-29 23:09:57.125 | INFO     | N/A | ⏳ 等待 Profile 更新任务...
2026-06-29 23:10:02.157 | INFO     | N/A | ⏳ 等待 Profile 更新任务...
2026-06-29 23:10:07.182 | INFO     | N/A | ⏳ 等待 Profile 更新任务...
2026-06-29 23:10:12.210 | INFO     | N/A | ⏳ 等待 Profile 更新任务...
2026-06-29 23:10:17.238 | INFO     | N/A | ⏳ 等待 Profile 更新任务...
2026-06-29 23:10:22.265 | INFO     | N/A | ⏳ 等待 Profile 更新任务...
2026-06-29 23:10:27.299 | INFO     | N/A | ⏳ 等待 Profile 更新任务...
2026-06-29 23:10:32.325 | INFO     | N/A | ⏳ 等待 Profile 更新任务...
2026-06-29 23:10:37.350 | INFO     | N/A | ⏳ 等待 Profile 更新任务...
2026-06-29 23:10:42.375 | INFO     | N/A | ⏳ 等待 Profile 更新任务...
2026-06-29 23:10:47.398 | INFO     | N/A | ⏳ 等待 Profile 更新任务...
2026-06-29 23:10:52.424 | INFO     | N/A | ⏳ 等待 Profile 更新任务...
2026-06-29 23:10:57.464 | INFO     | N/A | ⏳ 等待 Profile 更新任务...
2026-06-29 23:11:02.487 | INFO     | N/A | ⏳ 等待 Profile 更新任务...
2026-06-29 23:11:07.512 | INFO     | N/A | ⏳ 等待 Profile 更新任务...
2026-06-29 23:11:12.538 | INFO     | N/A | ⏳ 等待 Profile 更新任务...
2026-06-29 23:11:17.563 | INFO     | N/A | ⏳ 等待 Profile 更新任务...
2026-06-29 23:11:22.588 | INFO     | N/A | ⏳ 等待 Profile 更新任务...
2026-06-29 23:11:27.613 | INFO     | N/A | ⏳ 等待 Profile 更新任务...
2026-06-29 23:11:32.639 | INFO     | N/A | ⏳ 等待 Profile 更新任务...
2026-06-29 23:11:37.663 | INFO     | N/A | ⏳ 等待 Profile 更新任务...
2026-06-29 23:11:42.691 | INFO     | N/A | ⏳ 等待 Profile 更新任务...
2026-06-29 23:11:47.716 | INFO     | N/A | ⏳ 等待 Profile 更新任务...
2026-06-29 23:11:52.742 | INFO     | N/A | ⏳ 等待 Profile 更新任务...
2026-06-29 23:11:57.767 | INFO     | N/A | ⏳ 等待 Profile 更新任务...
2026-06-29 23:12:02.793 | INFO     | N/A | ⏳ 等待 Profile 更新任务...
2026-06-29 23:12:07.816 | INFO     | N/A | ⏳ 等待 Profile 更新任务...
2026-06-29 23:12:12.840 | INFO     | N/A | ⏳ 等待 Profile 更新任务...
2026-06-29 23:12:17.864 | INFO     | N/A | ⏳ 等待 Profile 更新任务...
2026-06-29 23:12:22.888 | INFO     | N/A | ⏳ 等待 Profile 更新任务...
2026-06-29 23:12:27.912 | INFO     | N/A | ⏳ 等待 Profile 更新任务...
2026-06-29 23:12:32.938 | INFO     | N/A | ⏳ 等待 Profile 更新任务...
2026-06-29 23:12:37.963 | INFO     | N/A | ⏳ 等待 Profile 更新任务...
2026-06-29 23:12:42.986 | INFO     | N/A | ⏳ 等待 Profile 更新任务...
2026-06-29 23:12:48.011 | INFO     | N/A | ⏳ 等待 Profile 更新任务...
2026-06-29 23:12:53.037 | INFO     | N/A | ⏳ 等待 Profile 更新任务...
2026-06-29 23:12:58.061 | INFO     | N/A | ⏳ 等待 Profile 更新任务...
2026-06-29 23:13:03.087 | INFO     | N/A | ⏳ 等待 Profile 更新任务...
2026-06-29 23:13:08.112 | INFO     | N/A | ⏳ 等待 Profile 更新任务...
2026-06-29 23:13:13.136 | INFO     | N/A | ⏳ 等待 Profile 更新任务...
2026-06-29 23:13:18.161 | INFO     | N/A | ⏳ 等待 Profile 更新任务...
2026-06-29 23:13:23.184 | INFO     | N/A | ⏳ 等待 Profile 更新任务...
2026-06-29 23:13:28.208 | INFO     | N/A | ⏳ 等待 Profile 更新任务...
2026-06-29 23:13:33.231 | INFO     | N/A | ⏳ 等待 Profile 更新任务...
2026-06-29 23:13:38.255 | INFO     | N/A | ⏳ 等待 Profile 更新任务...
2026-06-29 23:13:43.279 | INFO     | N/A | ⏳ 等待 Profile 更新任务...
2026-06-29 23:13:48.303 | INFO     | N/A | ⏳ 等待 Profile 更新任务...
2026-06-29 23:13:53.327 | INFO     | N/A | ⏳ 等待 Profile 更新任务...
2026-06-29 23:13:58.351 | INFO     | N/A | ⏳ 等待 Profile 更新任务...
2026-06-29 23:14:03.377 | INFO     | N/A | ⏳ 等待 Profile 更新任务...
2026-06-29 23:14:08.401 | INFO     | N/A | ⏳ 等待 Profile 更新任务...
2026-06-29 23:14:13.426 | INFO     | N/A | ⏳ 等待 Profile 更新任务...
2026-06-29 23:14:18.450 | INFO     | N/A | ⏳ 等待 Profile 更新任务...
2026-06-29 23:14:23.475 | INFO     | N/A | ⏳ 等待 Profile 更新任务...
2026-06-29 23:14:28.500 | INFO     | N/A | ⏳ 等待 Profile 更新任务...
2026-06-29 23:14:33.524 | INFO     | N/A | ⏳ 等待 Profile 更新任务...
2026-06-29 23:14:38.549 | INFO     | N/A | ⏳ 等待 Profile 更新任务...
2026-06-29 23:14:43.572 | INFO     | N/A | ⏳ 等待 Profile 更新任务...
2026-06-29 23:14:48.597 | INFO     | N/A | ⏳ 等待 Profile 更新任务...
2026-06-29 23:14:53.623 | INFO     | N/A | ⏳ 等待 Profile 更新任务...
2026-06-29 23:14:58.650 | INFO     | N/A | ⏳ 等待 Profile 更新任务...
2026-06-29 23:15:03.676 | INFO     | N/A | ⏳ 等待 Profile 更新任务...
2026-06-29 23:15:08.702 | INFO     | N/A | ⏳ 等待 Profile 更新任务...
2026-06-29 23:15:13.726 | INFO     | N/A | ⏳ 等待 Profile 更新任务...
2026-06-29 23:15:18.751 | INFO     | N/A | ⏳ 等待 Profile 更新任务...
2026-06-29 23:15:23.775 | INFO     | N/A | ⏳ 等待 Profile 更新任务...
2026-06-29 23:15:28.802 | INFO     | N/A | ⏳ 等待 Profile 更新任务...
2026-06-29 23:15:33.827 | INFO     | N/A | ⏳ 等待 Profile 更新任务...
2026-06-29 23:15:38.851 | INFO     | N/A | ⏳ 等待 Profile 更新任务...
2026-06-29 23:15:43.876 | INFO     | N/A | ⏳ 等待 Profile 更新任务...
2026-06-29 23:15:48.899 | INFO     | N/A | ⏳ 等待 Profile 更新任务...
2026-06-29 23:15:53.924 | INFO     | N/A | ⏳ 等待 Profile 更新任务...
2026-06-29 23:15:58.948 | INFO     | N/A | ⏳ 等待 Profile 更新任务...
2026-06-29 23:16:03.974 | INFO     | N/A | ⏳ 等待 Profile 更新任务...
2026-06-29 23:16:08.996 | INFO     | N/A | ⏳ 等待 Profile 更新任务...
2026-06-29 23:16:14.020 | INFO     | N/A | ⏳ 等待 Profile 更新任务...
2026-06-29 23:16:19.043 | INFO     | N/A | ⏳ 等待 Profile 更新任务...
2026-06-29 23:16:24.100 | INFO     | N/A | ⏳ 等待 Profile 更新任务...
