2026-07-04 01:48:45.519 | ERROR    | N/A | Worker 主循环异常: Timeout reading from socket
Traceback (most recent call last):

  File "D:\毕业设计\Travel_python\.venv\Lib\site-packages\redis\_parsers\socket.py", line 64, in _read_from_socket
    data = sock.recv(socket_read_size)

TimeoutError: timed out


During handling of the above exception, another exception occurred:


Traceback (most recent call last):

  File "D:\毕业设计\Travel_python\travel_ai_python\app\service\profile_worker.py", line 194, in <module>
    run_worker()

> File "D:\毕业设计\Travel_python\travel_ai_python\app\service\profile_worker.py", line 169, in run_worker
    task_data = pop_profile_update_task(block=True, timeout=5)

  File "D:\毕业设计\Travel_python\travel_ai_python\app\utils\redis_client.py", line 43, in pop_profile_update_task
    result = redis_client.brpop(PROFILE_UPDATE_QUEUE, timeout=timeout)

  File "D:\毕业设计\Travel_python\.venv\Lib\site-packages\redis\commands\core.py", line 4751, in brpop
    return self.execute_command("BRPOP", *keys)
  File "D:\毕业设计\Travel_python\.venv\Lib\site-packages\redis\client.py", line 787, in execute_command
    return self._execute_command(*args, **options)
  File "D:\毕业设计\Travel_python\.venv\Lib\site-packages\redis\client.py", line 809, in _execute_command
    result = conn.retry.call_with_retry(
  File "D:\毕业设计\Travel_python\.venv\Lib\site-packages\redis\retry.py", line 132, in call_with_retry
    raise error
  File "D:\毕业设计\Travel_python\.venv\Lib\site-packages\redis\retry.py", line 120, in call_with_retry
    return do()
  File "D:\毕业设计\Travel_python\.venv\Lib\site-packages\redis\client.py", line 810, in <lambda>
    lambda: self._send_command_parse_response(
  File "D:\毕业设计\Travel_python\.venv\Lib\site-packages\redis\client.py", line 753, in _send_command_parse_response
    return self.parse_response(conn, command_name, **options)
  File "D:\毕业设计\Travel_python\.venv\Lib\site-packages\redis\client.py", line 853, in parse_response
    response = connection.read_response()
  File "D:\毕业设计\Travel_python\.venv\Lib\site-packages\redis\connection.py", line 1371, in read_response
    response = self._parser.read_response(
  File "D:\毕业设计\Travel_python\.venv\Lib\site-packages\redis\_parsers\resp3.py", line 40, in read_response
    result = self._read_response(
  File "D:\毕业设计\Travel_python\.venv\Lib\site-packages\redis\_parsers\resp3.py", line 65, in _read_response
    raw = self._buffer.readline(timeout=timeout)
  File "D:\毕业设计\Travel_python\.venv\Lib\site-packages\redis\_parsers\socket.py", line 117, in readline
    self._read_from_socket(timeout=timeout)
  File "D:\毕业设计\Travel_python\.venv\Lib\site-packages\redis\_parsers\socket.py", line 77, in _read_from_socket
    raise TimeoutError("Timeout reading from socket")

redis.exceptions.TimeoutError: Timeout reading from socket
2026-07-04 01:48:46.696 | INFO     | N/A | ⏳ 等待 Profile 更新任务...
2026-07-04 01:48:50.159 | ERROR    | N/A | Worker 主循环异常: Error 10053 connecting to 192.168.71.140:6379. 你的主机中的软件中止了一个已建立的连接。.
Traceback (most recent call last):

  File "D:\毕业设计\Travel_python\.venv\Lib\site-packages\redis\connection.py", line 1033, in connect_check_health
    sock = self._connect()
  File "D:\毕业设计\Travel_python\.venv\Lib\site-packages\redis\connection.py", line 1581, in _connect
    raise err
  File "D:\毕业设计\Travel_python\.venv\Lib\site-packages\redis\connection.py", line 1565, in _connect
    sock.connect(socket_address)

ConnectionAbortedError: [WinError 10053] 你的主机中的软件中止了一个已建立的连接。


During handling of the above exception, another exception occurred:


Traceback (most recent call last):

  File "D:\毕业设计\Travel_python\travel_ai_python\app\service\profile_worker.py", line 194, in <module>
    run_worker()

> File "D:\毕业设计\Travel_python\travel_ai_python\app\service\profile_worker.py", line 169, in run_worker
    task_data = pop_profile_update_task(block=True, timeout=5)

  File "D:\毕业设计\Travel_python\travel_ai_python\app\utils\redis_client.py", line 43, in pop_profile_update_task
    result = redis_client.brpop(PROFILE_UPDATE_QUEUE, timeout=timeout)

  File "D:\毕业设计\Travel_python\.venv\Lib\site-packages\redis\commands\core.py", line 4751, in brpop
    return self.execute_command("BRPOP", *keys)
  File "D:\毕业设计\Travel_python\.venv\Lib\site-packages\redis\client.py", line 787, in execute_command
    return self._execute_command(*args, **options)
  File "D:\毕业设计\Travel_python\.venv\Lib\site-packages\redis\client.py", line 793, in _execute_command
    conn = self.connection or pool.get_connection()
  File "D:\毕业设计\Travel_python\.venv\Lib\site-packages\redis\utils.py", line 258, in wrapper
    return func(*args, **kwargs)
  File "D:\毕业设计\Travel_python\.venv\Lib\site-packages\redis\connection.py", line 3139, in get_connection
    connection.connect()
  File "D:\毕业设计\Travel_python\.venv\Lib\site-packages\redis\connection.py", line 1006, in connect
    self.retry.call_with_retry(
  File "D:\毕业设计\Travel_python\.venv\Lib\site-packages\redis\retry.py", line 132, in call_with_retry
    raise error
  File "D:\毕业设计\Travel_python\.venv\Lib\site-packages\redis\retry.py", line 120, in call_with_retry
    return do()
  File "D:\毕业设计\Travel_python\.venv\Lib\site-packages\redis\connection.py", line 1007, in <lambda>
    lambda: self.connect_check_health(
  File "D:\毕业设计\Travel_python\.venv\Lib\site-packages\redis\connection.py", line 1055, in connect_check_health
    raise e

redis.exceptions.ConnectionError: Error 10053 connecting to 192.168.71.140:6379. 你的主机中的软件中止了一个已建立的连接。.
2026-07-04 13:09:59.655 | INFO     | N/A | ⏳ 等待 Profile 更新任务...
2026-07-04 13:10:00.124 | ERROR    | N/A | Worker 主循环异常: Error 10065 connecting to 192.168.71.140:6379. 套接字操作尝试一个无法连接的主机。.
Traceback (most recent call last):

  File "D:\毕业设计\Travel_python\.venv\Lib\site-packages\redis\connection.py", line 1033, in connect_check_health
    sock = self._connect()
  File "D:\毕业设计\Travel_python\.venv\Lib\site-packages\redis\connection.py", line 1581, in _connect
    raise err
  File "D:\毕业设计\Travel_python\.venv\Lib\site-packages\redis\connection.py", line 1565, in _connect
    sock.connect(socket_address)

OSError: [WinError 10065] 套接字操作尝试一个无法连接的主机。


During handling of the above exception, another exception occurred:


Traceback (most recent call last):

  File "D:\毕业设计\Travel_python\travel_ai_python\app\service\profile_worker.py", line 194, in <module>
    run_worker()

> File "D:\毕业设计\Travel_python\travel_ai_python\app\service\profile_worker.py", line 169, in run_worker
    task_data = pop_profile_update_task(block=True, timeout=5)

  File "D:\毕业设计\Travel_python\travel_ai_python\app\utils\redis_client.py", line 43, in pop_profile_update_task
    result = redis_client.brpop(PROFILE_UPDATE_QUEUE, timeout=timeout)

  File "D:\毕业设计\Travel_python\.venv\Lib\site-packages\redis\commands\core.py", line 4751, in brpop
    return self.execute_command("BRPOP", *keys)
  File "D:\毕业设计\Travel_python\.venv\Lib\site-packages\redis\client.py", line 787, in execute_command
    return self._execute_command(*args, **options)
  File "D:\毕业设计\Travel_python\.venv\Lib\site-packages\redis\client.py", line 793, in _execute_command
    conn = self.connection or pool.get_connection()
  File "D:\毕业设计\Travel_python\.venv\Lib\site-packages\redis\utils.py", line 258, in wrapper
    return func(*args, **kwargs)
  File "D:\毕业设计\Travel_python\.venv\Lib\site-packages\redis\connection.py", line 3139, in get_connection
    connection.connect()
  File "D:\毕业设计\Travel_python\.venv\Lib\site-packages\redis\connection.py", line 1006, in connect
    self.retry.call_with_retry(
  File "D:\毕业设计\Travel_python\.venv\Lib\site-packages\redis\retry.py", line 132, in call_with_retry
    raise error
  File "D:\毕业设计\Travel_python\.venv\Lib\site-packages\redis\retry.py", line 120, in call_with_retry
    return do()
  File "D:\毕业设计\Travel_python\.venv\Lib\site-packages\redis\connection.py", line 1007, in <lambda>
    lambda: self.connect_check_health(
  File "D:\毕业设计\Travel_python\.venv\Lib\site-packages\redis\connection.py", line 1055, in connect_check_health
    raise e

redis.exceptions.ConnectionError: Error 10065 connecting to 192.168.71.140:6379. 套接字操作尝试一个无法连接的主机。.
2026-07-04 13:10:01.143 | INFO     | N/A | ⏳ 等待 Profile 更新任务...
2026-07-04 13:10:01.144 | ERROR    | N/A | Worker 主循环异常: Error 10065 connecting to 192.168.71.140:6379. 套接字操作尝试一个无法连接的主机。.
Traceback (most recent call last):

  File "D:\毕业设计\Travel_python\.venv\Lib\site-packages\redis\connection.py", line 1033, in connect_check_health
    sock = self._connect()
  File "D:\毕业设计\Travel_python\.venv\Lib\site-packages\redis\connection.py", line 1581, in _connect
    raise err
  File "D:\毕业设计\Travel_python\.venv\Lib\site-packages\redis\connection.py", line 1565, in _connect
    sock.connect(socket_address)

OSError: [WinError 10065] 套接字操作尝试一个无法连接的主机。


During handling of the above exception, another exception occurred:


Traceback (most recent call last):

  File "D:\毕业设计\Travel_python\travel_ai_python\app\service\profile_worker.py", line 194, in <module>
    run_worker()

> File "D:\毕业设计\Travel_python\travel_ai_python\app\service\profile_worker.py", line 169, in run_worker
    task_data = pop_profile_update_task(block=True, timeout=5)

  File "D:\毕业设计\Travel_python\travel_ai_python\app\utils\redis_client.py", line 43, in pop_profile_update_task
    result = redis_client.brpop(PROFILE_UPDATE_QUEUE, timeout=timeout)

  File "D:\毕业设计\Travel_python\.venv\Lib\site-packages\redis\commands\core.py", line 4751, in brpop
    return self.execute_command("BRPOP", *keys)
  File "D:\毕业设计\Travel_python\.venv\Lib\site-packages\redis\client.py", line 787, in execute_command
    return self._execute_command(*args, **options)
  File "D:\毕业设计\Travel_python\.venv\Lib\site-packages\redis\client.py", line 793, in _execute_command
    conn = self.connection or pool.get_connection()
  File "D:\毕业设计\Travel_python\.venv\Lib\site-packages\redis\utils.py", line 258, in wrapper
    return func(*args, **kwargs)
  File "D:\毕业设计\Travel_python\.venv\Lib\site-packages\redis\connection.py", line 3139, in get_connection
    connection.connect()
  File "D:\毕业设计\Travel_python\.venv\Lib\site-packages\redis\connection.py", line 1006, in connect
    self.retry.call_with_retry(
  File "D:\毕业设计\Travel_python\.venv\Lib\site-packages\redis\retry.py", line 132, in call_with_retry
    raise error
  File "D:\毕业设计\Travel_python\.venv\Lib\site-packages\redis\retry.py", line 120, in call_with_retry
    return do()
  File "D:\毕业设计\Travel_python\.venv\Lib\site-packages\redis\connection.py", line 1007, in <lambda>
    lambda: self.connect_check_health(
  File "D:\毕业设计\Travel_python\.venv\Lib\site-packages\redis\connection.py", line 1055, in connect_check_health
    raise e

redis.exceptions.ConnectionError: Error 10065 connecting to 192.168.71.140:6379. 套接字操作尝试一个无法连接的主机。.
2026-07-04 13:10:02.154 | INFO     | N/A | ⏳ 等待 Profile 更新任务...
2026-07-04 13:10:02.174 | ERROR    | N/A | Worker 主循环异常: Error 10065 connecting to 192.168.71.140:6379. 套接字操作尝试一个无法连接的主机。.
Traceback (most recent call last):

  File "D:\毕业设计\Travel_python\.venv\Lib\site-packages\redis\connection.py", line 1033, in connect_check_health
    sock = self._connect()
  File "D:\毕业设计\Travel_python\.venv\Lib\site-packages\redis\connection.py", line 1581, in _connect
    raise err
  File "D:\毕业设计\Travel_python\.venv\Lib\site-packages\redis\connection.py", line 1565, in _connect
    sock.connect(socket_address)

OSError: [WinError 10065] 套接字操作尝试一个无法连接的主机。


During handling of the above exception, another exception occurred:


Traceback (most recent call last):

  File "D:\毕业设计\Travel_python\travel_ai_python\app\service\profile_worker.py", line 194, in <module>
    run_worker()

> File "D:\毕业设计\Travel_python\travel_ai_python\app\service\profile_worker.py", line 169, in run_worker
    task_data = pop_profile_update_task(block=True, timeout=5)

  File "D:\毕业设计\Travel_python\travel_ai_python\app\utils\redis_client.py", line 43, in pop_profile_update_task
    result = redis_client.brpop(PROFILE_UPDATE_QUEUE, timeout=timeout)

  File "D:\毕业设计\Travel_python\.venv\Lib\site-packages\redis\commands\core.py", line 4751, in brpop
    return self.execute_command("BRPOP", *keys)
  File "D:\毕业设计\Travel_python\.venv\Lib\site-packages\redis\client.py", line 787, in execute_command
    return self._execute_command(*args, **options)
  File "D:\毕业设计\Travel_python\.venv\Lib\site-packages\redis\client.py", line 793, in _execute_command
    conn = self.connection or pool.get_connection()
  File "D:\毕业设计\Travel_python\.venv\Lib\site-packages\redis\utils.py", line 258, in wrapper
    return func(*args, **kwargs)
  File "D:\毕业设计\Travel_python\.venv\Lib\site-packages\redis\connection.py", line 3139, in get_connection
    connection.connect()
  File "D:\毕业设计\Travel_python\.venv\Lib\site-packages\redis\connection.py", line 1006, in connect
    self.retry.call_with_retry(
  File "D:\毕业设计\Travel_python\.venv\Lib\site-packages\redis\retry.py", line 132, in call_with_retry
    raise error
  File "D:\毕业设计\Travel_python\.venv\Lib\site-packages\redis\retry.py", line 120, in call_with_retry
    return do()
  File "D:\毕业设计\Travel_python\.venv\Lib\site-packages\redis\connection.py", line 1007, in <lambda>
    lambda: self.connect_check_health(
  File "D:\毕业设计\Travel_python\.venv\Lib\site-packages\redis\connection.py", line 1055, in connect_check_health
    raise e

redis.exceptions.ConnectionError: Error 10065 connecting to 192.168.71.140:6379. 套接字操作尝试一个无法连接的主机。.
2026-07-04 13:10:03.245 | INFO     | N/A | ⏳ 等待 Profile 更新任务...
2026-07-04 13:10:03.247 | ERROR    | N/A | Worker 主循环异常: Error 10065 connecting to 192.168.71.140:6379. 套接字操作尝试一个无法连接的主机。.
Traceback (most recent call last):

  File "D:\毕业设计\Travel_python\.venv\Lib\site-packages\redis\connection.py", line 1033, in connect_check_health
    sock = self._connect()
  File "D:\毕业设计\Travel_python\.venv\Lib\site-packages\redis\connection.py", line 1581, in _connect
    raise err
  File "D:\毕业设计\Travel_python\.venv\Lib\site-packages\redis\connection.py", line 1565, in _connect
    sock.connect(socket_address)

OSError: [WinError 10065] 套接字操作尝试一个无法连接的主机。


During handling of the above exception, another exception occurred:


Traceback (most recent call last):

  File "D:\毕业设计\Travel_python\travel_ai_python\app\service\profile_worker.py", line 194, in <module>
    run_worker()

> File "D:\毕业设计\Travel_python\travel_ai_python\app\service\profile_worker.py", line 169, in run_worker
    task_data = pop_profile_update_task(block=True, timeout=5)

  File "D:\毕业设计\Travel_python\travel_ai_python\app\utils\redis_client.py", line 43, in pop_profile_update_task
    result = redis_client.brpop(PROFILE_UPDATE_QUEUE, timeout=timeout)

  File "D:\毕业设计\Travel_python\.venv\Lib\site-packages\redis\commands\core.py", line 4751, in brpop
    return self.execute_command("BRPOP", *keys)
  File "D:\毕业设计\Travel_python\.venv\Lib\site-packages\redis\client.py", line 787, in execute_command
    return self._execute_command(*args, **options)
  File "D:\毕业设计\Travel_python\.venv\Lib\site-packages\redis\client.py", line 793, in _execute_command
    conn = self.connection or pool.get_connection()
  File "D:\毕业设计\Travel_python\.venv\Lib\site-packages\redis\utils.py", line 258, in wrapper
    return func(*args, **kwargs)
  File "D:\毕业设计\Travel_python\.venv\Lib\site-packages\redis\connection.py", line 3139, in get_connection
    connection.connect()
  File "D:\毕业设计\Travel_python\.venv\Lib\site-packages\redis\connection.py", line 1006, in connect
    self.retry.call_with_retry(
  File "D:\毕业设计\Travel_python\.venv\Lib\site-packages\redis\retry.py", line 132, in call_with_retry
    raise error
  File "D:\毕业设计\Travel_python\.venv\Lib\site-packages\redis\retry.py", line 120, in call_with_retry
    return do()
  File "D:\毕业设计\Travel_python\.venv\Lib\site-packages\redis\connection.py", line 1007, in <lambda>
    lambda: self.connect_check_health(
  File "D:\毕业设计\Travel_python\.venv\Lib\site-packages\redis\connection.py", line 1055, in connect_check_health
    raise e

redis.exceptions.ConnectionError: Error 10065 connecting to 192.168.71.140:6379. 套接字操作尝试一个无法连接的主机。.
2026-07-04 13:10:04.290 | INFO     | N/A | ⏳ 等待 Profile 更新任务...
2026-07-04 13:10:09.297 | ERROR    | N/A | Worker 主循环异常: Timeout connecting to server
Traceback (most recent call last):

  File "D:\毕业设计\Travel_python\.venv\Lib\site-packages\redis\connection.py", line 1033, in connect_check_health
    sock = self._connect()
  File "D:\毕业设计\Travel_python\.venv\Lib\site-packages\redis\connection.py", line 1581, in _connect
    raise err
  File "D:\毕业设计\Travel_python\.venv\Lib\site-packages\redis\connection.py", line 1565, in _connect
    sock.connect(socket_address)

TimeoutError: timed out


During handling of the above exception, another exception occurred:


Traceback (most recent call last):

  File "D:\毕业设计\Travel_python\travel_ai_python\app\service\profile_worker.py", line 194, in <module>
    run_worker()

> File "D:\毕业设计\Travel_python\travel_ai_python\app\service\profile_worker.py", line 169, in run_worker
    task_data = pop_profile_update_task(block=True, timeout=5)

  File "D:\毕业设计\Travel_python\travel_ai_python\app\utils\redis_client.py", line 43, in pop_profile_update_task
    result = redis_client.brpop(PROFILE_UPDATE_QUEUE, timeout=timeout)

  File "D:\毕业设计\Travel_python\.venv\Lib\site-packages\redis\commands\core.py", line 4751, in brpop
    return self.execute_command("BRPOP", *keys)
  File "D:\毕业设计\Travel_python\.venv\Lib\site-packages\redis\client.py", line 787, in execute_command
    return self._execute_command(*args, **options)
  File "D:\毕业设计\Travel_python\.venv\Lib\site-packages\redis\client.py", line 793, in _execute_command
    conn = self.connection or pool.get_connection()
  File "D:\毕业设计\Travel_python\.venv\Lib\site-packages\redis\utils.py", line 258, in wrapper
    return func(*args, **kwargs)
  File "D:\毕业设计\Travel_python\.venv\Lib\site-packages\redis\connection.py", line 3139, in get_connection
    connection.connect()
  File "D:\毕业设计\Travel_python\.venv\Lib\site-packages\redis\connection.py", line 1006, in connect
    self.retry.call_with_retry(
  File "D:\毕业设计\Travel_python\.venv\Lib\site-packages\redis\retry.py", line 132, in call_with_retry
    raise error
  File "D:\毕业设计\Travel_python\.venv\Lib\site-packages\redis\retry.py", line 120, in call_with_retry
    return do()
  File "D:\毕业设计\Travel_python\.venv\Lib\site-packages\redis\connection.py", line 1007, in <lambda>
    lambda: self.connect_check_health(
  File "D:\毕业设计\Travel_python\.venv\Lib\site-packages\redis\connection.py", line 1044, in connect_check_health
    raise e

redis.exceptions.TimeoutError: Timeout connecting to server
2026-07-04 13:10:10.315 | INFO     | N/A | ⏳ 等待 Profile 更新任务...
2026-07-04 13:10:15.460 | INFO     | N/A | ⏳ 等待 Profile 更新任务...
2026-07-04 13:10:20.483 | INFO     | N/A | ⏳ 等待 Profile 更新任务...
2026-07-04 13:10:25.504 | INFO     | N/A | ⏳ 等待 Profile 更新任务...
2026-07-04 13:10:30.522 | INFO     | N/A | ⏳ 等待 Profile 更新任务...
2026-07-04 13:10:35.538 | INFO     | N/A | ⏳ 等待 Profile 更新任务...
2026-07-04 13:10:40.555 | INFO     | N/A | ⏳ 等待 Profile 更新任务...
2026-07-04 13:10:45.574 | INFO     | N/A | ⏳ 等待 Profile 更新任务...
2026-07-04 13:10:50.593 | INFO     | N/A | ⏳ 等待 Profile 更新任务...
2026-07-04 13:10:55.611 | INFO     | N/A | ⏳ 等待 Profile 更新任务...
2026-07-04 13:11:02.246 | INFO     | N/A | ⏳ 等待 Profile 更新任务...
2026-07-04 13:11:07.266 | INFO     | N/A | ⏳ 等待 Profile 更新任务...
2026-07-04 13:11:12.283 | INFO     | N/A | ⏳ 等待 Profile 更新任务...
2026-07-04 13:11:17.300 | INFO     | N/A | ⏳ 等待 Profile 更新任务...
2026-07-04 13:11:22.315 | INFO     | N/A | ⏳ 等待 Profile 更新任务...
2026-07-04 13:11:27.329 | INFO     | N/A | ⏳ 等待 Profile 更新任务...
2026-07-04 13:11:32.349 | INFO     | N/A | ⏳ 等待 Profile 更新任务...
2026-07-04 13:11:37.381 | INFO     | N/A | ⏳ 等待 Profile 更新任务...
2026-07-04 13:11:42.415 | INFO     | N/A | ⏳ 等待 Profile 更新任务...
2026-07-04 13:11:47.441 | INFO     | N/A | ⏳ 等待 Profile 更新任务...
2026-07-04 13:11:52.480 | INFO     | N/A | ⏳ 等待 Profile 更新任务...
2026-07-04 13:11:57.519 | INFO     | N/A | ⏳ 等待 Profile 更新任务...
2026-07-04 13:12:02.593 | INFO     | N/A | ⏳ 等待 Profile 更新任务...
2026-07-04 13:12:07.659 | INFO     | N/A | ⏳ 等待 Profile 更新任务...
2026-07-04 13:12:12.698 | INFO     | N/A | ⏳ 等待 Profile 更新任务...
2026-07-04 13:12:17.767 | INFO     | N/A | ⏳ 等待 Profile 更新任务...
2026-07-04 13:12:22.800 | INFO     | N/A | ⏳ 等待 Profile 更新任务...
2026-07-04 13:12:27.834 | INFO     | N/A | ⏳ 等待 Profile 更新任务...
2026-07-04 13:12:32.872 | INFO     | N/A | ⏳ 等待 Profile 更新任务...
2026-07-04 13:12:37.945 | INFO     | N/A | ⏳ 等待 Profile 更新任务...
2026-07-04 13:12:42.999 | INFO     | N/A | ⏳ 等待 Profile 更新任务...
2026-07-04 13:12:48.030 | INFO     | N/A | ⏳ 等待 Profile 更新任务...
2026-07-04 13:12:53.060 | INFO     | N/A | ⏳ 等待 Profile 更新任务...
2026-07-04 13:12:58.096 | INFO     | N/A | ⏳ 等待 Profile 更新任务...
2026-07-04 13:13:03.137 | INFO     | N/A | ⏳ 等待 Profile 更新任务...
2026-07-04 13:13:08.165 | INFO     | N/A | ⏳ 等待 Profile 更新任务...
2026-07-04 13:13:13.197 | INFO     | N/A | ⏳ 等待 Profile 更新任务...
2026-07-04 13:13:18.226 | INFO     | N/A | ⏳ 等待 Profile 更新任务...
2026-07-04 13:13:23.277 | INFO     | N/A | ⏳ 等待 Profile 更新任务...
2026-07-04 13:40:38.827 | ERROR    | N/A | Worker 主循环异常: Timeout reading from socket
Traceback (most recent call last):

  File "D:\毕业设计\Travel_python\.venv\Lib\site-packages\redis\_parsers\socket.py", line 64, in _read_from_socket
    data = sock.recv(socket_read_size)

TimeoutError: timed out


During handling of the above exception, another exception occurred:


Traceback (most recent call last):

  File "D:\毕业设计\Travel_python\travel_ai_python\app\service\profile_worker.py", line 194, in <module>
    run_worker()

> File "D:\毕业设计\Travel_python\travel_ai_python\app\service\profile_worker.py", line 169, in run_worker
    task_data = pop_profile_update_task(block=True, timeout=5)

  File "D:\毕业设计\Travel_python\travel_ai_python\app\utils\redis_client.py", line 43, in pop_profile_update_task
    result = redis_client.brpop(PROFILE_UPDATE_QUEUE, timeout=timeout)

  File "D:\毕业设计\Travel_python\.venv\Lib\site-packages\redis\commands\core.py", line 4751, in brpop
    return self.execute_command("BRPOP", *keys)
  File "D:\毕业设计\Travel_python\.venv\Lib\site-packages\redis\client.py", line 787, in execute_command
    return self._execute_command(*args, **options)
  File "D:\毕业设计\Travel_python\.venv\Lib\site-packages\redis\client.py", line 809, in _execute_command
    result = conn.retry.call_with_retry(
  File "D:\毕业设计\Travel_python\.venv\Lib\site-packages\redis\retry.py", line 132, in call_with_retry
    raise error
  File "D:\毕业设计\Travel_python\.venv\Lib\site-packages\redis\retry.py", line 120, in call_with_retry
    return do()
  File "D:\毕业设计\Travel_python\.venv\Lib\site-packages\redis\client.py", line 810, in <lambda>
    lambda: self._send_command_parse_response(
  File "D:\毕业设计\Travel_python\.venv\Lib\site-packages\redis\client.py", line 753, in _send_command_parse_response
    return self.parse_response(conn, command_name, **options)
  File "D:\毕业设计\Travel_python\.venv\Lib\site-packages\redis\client.py", line 853, in parse_response
    response = connection.read_response()
  File "D:\毕业设计\Travel_python\.venv\Lib\site-packages\redis\connection.py", line 1371, in read_response
    response = self._parser.read_response(
  File "D:\毕业设计\Travel_python\.venv\Lib\site-packages\redis\_parsers\resp3.py", line 40, in read_response
    result = self._read_response(
  File "D:\毕业设计\Travel_python\.venv\Lib\site-packages\redis\_parsers\resp3.py", line 65, in _read_response
    raw = self._buffer.readline(timeout=timeout)
  File "D:\毕业设计\Travel_python\.venv\Lib\site-packages\redis\_parsers\socket.py", line 117, in readline
    self._read_from_socket(timeout=timeout)
  File "D:\毕业设计\Travel_python\.venv\Lib\site-packages\redis\_parsers\socket.py", line 77, in _read_from_socket
    raise TimeoutError("Timeout reading from socket")

redis.exceptions.TimeoutError: Timeout reading from socket
2026-07-04 13:40:39.857 | INFO     | N/A | ⏳ 等待 Profile 更新任务...
2026-07-04 13:40:44.863 | ERROR    | N/A | Worker 主循环异常: Timeout connecting to server
Traceback (most recent call last):

  File "D:\毕业设计\Travel_python\.venv\Lib\site-packages\redis\connection.py", line 1033, in connect_check_health
    sock = self._connect()
  File "D:\毕业设计\Travel_python\.venv\Lib\site-packages\redis\connection.py", line 1581, in _connect
    raise err
  File "D:\毕业设计\Travel_python\.venv\Lib\site-packages\redis\connection.py", line 1565, in _connect
    sock.connect(socket_address)

TimeoutError: timed out


During handling of the above exception, another exception occurred:


Traceback (most recent call last):

  File "D:\毕业设计\Travel_python\travel_ai_python\app\service\profile_worker.py", line 194, in <module>
    run_worker()

> File "D:\毕业设计\Travel_python\travel_ai_python\app\service\profile_worker.py", line 169, in run_worker
    task_data = pop_profile_update_task(block=True, timeout=5)

  File "D:\毕业设计\Travel_python\travel_ai_python\app\utils\redis_client.py", line 43, in pop_profile_update_task
    result = redis_client.brpop(PROFILE_UPDATE_QUEUE, timeout=timeout)

  File "D:\毕业设计\Travel_python\.venv\Lib\site-packages\redis\commands\core.py", line 4751, in brpop
    return self.execute_command("BRPOP", *keys)
  File "D:\毕业设计\Travel_python\.venv\Lib\site-packages\redis\client.py", line 787, in execute_command
    return self._execute_command(*args, **options)
  File "D:\毕业设计\Travel_python\.venv\Lib\site-packages\redis\client.py", line 793, in _execute_command
    conn = self.connection or pool.get_connection()
  File "D:\毕业设计\Travel_python\.venv\Lib\site-packages\redis\utils.py", line 258, in wrapper
    return func(*args, **kwargs)
  File "D:\毕业设计\Travel_python\.venv\Lib\site-packages\redis\connection.py", line 3139, in get_connection
    connection.connect()
  File "D:\毕业设计\Travel_python\.venv\Lib\site-packages\redis\connection.py", line 1006, in connect
    self.retry.call_with_retry(
  File "D:\毕业设计\Travel_python\.venv\Lib\site-packages\redis\retry.py", line 132, in call_with_retry
    raise error
  File "D:\毕业设计\Travel_python\.venv\Lib\site-packages\redis\retry.py", line 120, in call_with_retry
    return do()
  File "D:\毕业设计\Travel_python\.venv\Lib\site-packages\redis\connection.py", line 1007, in <lambda>
    lambda: self.connect_check_health(
  File "D:\毕业设计\Travel_python\.venv\Lib\site-packages\redis\connection.py", line 1044, in connect_check_health
    raise e

redis.exceptions.TimeoutError: Timeout connecting to server
2026-07-04 13:40:45.881 | INFO     | N/A | ⏳ 等待 Profile 更新任务...
2026-07-04 13:40:50.891 | ERROR    | N/A | Worker 主循环异常: Timeout connecting to server
Traceback (most recent call last):

  File "D:\毕业设计\Travel_python\.venv\Lib\site-packages\redis\connection.py", line 1033, in connect_check_health
    sock = self._connect()
  File "D:\毕业设计\Travel_python\.venv\Lib\site-packages\redis\connection.py", line 1581, in _connect
    raise err
  File "D:\毕业设计\Travel_python\.venv\Lib\site-packages\redis\connection.py", line 1565, in _connect
    sock.connect(socket_address)

TimeoutError: timed out


During handling of the above exception, another exception occurred:


Traceback (most recent call last):

  File "D:\毕业设计\Travel_python\travel_ai_python\app\service\profile_worker.py", line 194, in <module>
    run_worker()

> File "D:\毕业设计\Travel_python\travel_ai_python\app\service\profile_worker.py", line 169, in run_worker
    task_data = pop_profile_update_task(block=True, timeout=5)

  File "D:\毕业设计\Travel_python\travel_ai_python\app\utils\redis_client.py", line 43, in pop_profile_update_task
    result = redis_client.brpop(PROFILE_UPDATE_QUEUE, timeout=timeout)

  File "D:\毕业设计\Travel_python\.venv\Lib\site-packages\redis\commands\core.py", line 4751, in brpop
    return self.execute_command("BRPOP", *keys)
  File "D:\毕业设计\Travel_python\.venv\Lib\site-packages\redis\client.py", line 787, in execute_command
    return self._execute_command(*args, **options)
  File "D:\毕业设计\Travel_python\.venv\Lib\site-packages\redis\client.py", line 793, in _execute_command
    conn = self.connection or pool.get_connection()
  File "D:\毕业设计\Travel_python\.venv\Lib\site-packages\redis\utils.py", line 258, in wrapper
    return func(*args, **kwargs)
  File "D:\毕业设计\Travel_python\.venv\Lib\site-packages\redis\connection.py", line 3139, in get_connection
    connection.connect()
  File "D:\毕业设计\Travel_python\.venv\Lib\site-packages\redis\connection.py", line 1006, in connect
    self.retry.call_with_retry(
  File "D:\毕业设计\Travel_python\.venv\Lib\site-packages\redis\retry.py", line 132, in call_with_retry
    raise error
  File "D:\毕业设计\Travel_python\.venv\Lib\site-packages\redis\retry.py", line 120, in call_with_retry
    return do()
  File "D:\毕业设计\Travel_python\.venv\Lib\site-packages\redis\connection.py", line 1007, in <lambda>
    lambda: self.connect_check_health(
  File "D:\毕业设计\Travel_python\.venv\Lib\site-packages\redis\connection.py", line 1044, in connect_check_health
    raise e

redis.exceptions.TimeoutError: Timeout connecting to server
2026-07-04 13:40:51.908 | INFO     | N/A | ⏳ 等待 Profile 更新任务...
2026-07-04 13:40:56.914 | ERROR    | N/A | Worker 主循环异常: Timeout connecting to server
Traceback (most recent call last):

  File "D:\毕业设计\Travel_python\.venv\Lib\site-packages\redis\connection.py", line 1033, in connect_check_health
    sock = self._connect()
  File "D:\毕业设计\Travel_python\.venv\Lib\site-packages\redis\connection.py", line 1581, in _connect
    raise err
  File "D:\毕业设计\Travel_python\.venv\Lib\site-packages\redis\connection.py", line 1565, in _connect
    sock.connect(socket_address)

TimeoutError: timed out


During handling of the above exception, another exception occurred:


Traceback (most recent call last):

  File "D:\毕业设计\Travel_python\travel_ai_python\app\service\profile_worker.py", line 194, in <module>
    run_worker()

> File "D:\毕业设计\Travel_python\travel_ai_python\app\service\profile_worker.py", line 169, in run_worker
    task_data = pop_profile_update_task(block=True, timeout=5)

  File "D:\毕业设计\Travel_python\travel_ai_python\app\utils\redis_client.py", line 43, in pop_profile_update_task
    result = redis_client.brpop(PROFILE_UPDATE_QUEUE, timeout=timeout)

  File "D:\毕业设计\Travel_python\.venv\Lib\site-packages\redis\commands\core.py", line 4751, in brpop
    return self.execute_command("BRPOP", *keys)
  File "D:\毕业设计\Travel_python\.venv\Lib\site-packages\redis\client.py", line 787, in execute_command
    return self._execute_command(*args, **options)
  File "D:\毕业设计\Travel_python\.venv\Lib\site-packages\redis\client.py", line 793, in _execute_command
    conn = self.connection or pool.get_connection()
  File "D:\毕业设计\Travel_python\.venv\Lib\site-packages\redis\utils.py", line 258, in wrapper
    return func(*args, **kwargs)
  File "D:\毕业设计\Travel_python\.venv\Lib\site-packages\redis\connection.py", line 3139, in get_connection
    connection.connect()
  File "D:\毕业设计\Travel_python\.venv\Lib\site-packages\redis\connection.py", line 1006, in connect
    self.retry.call_with_retry(
  File "D:\毕业设计\Travel_python\.venv\Lib\site-packages\redis\retry.py", line 132, in call_with_retry
    raise error
  File "D:\毕业设计\Travel_python\.venv\Lib\site-packages\redis\retry.py", line 120, in call_with_retry
    return do()
  File "D:\毕业设计\Travel_python\.venv\Lib\site-packages\redis\connection.py", line 1007, in <lambda>
    lambda: self.connect_check_health(
  File "D:\毕业设计\Travel_python\.venv\Lib\site-packages\redis\connection.py", line 1044, in connect_check_health
    raise e

redis.exceptions.TimeoutError: Timeout connecting to server
2026-07-04 13:40:57.936 | INFO     | N/A | ⏳ 等待 Profile 更新任务...
2026-07-04 13:41:02.951 | ERROR    | N/A | Worker 主循环异常: Timeout connecting to server
Traceback (most recent call last):

  File "D:\毕业设计\Travel_python\.venv\Lib\site-packages\redis\connection.py", line 1033, in connect_check_health
    sock = self._connect()
  File "D:\毕业设计\Travel_python\.venv\Lib\site-packages\redis\connection.py", line 1581, in _connect
    raise err
  File "D:\毕业设计\Travel_python\.venv\Lib\site-packages\redis\connection.py", line 1565, in _connect
    sock.connect(socket_address)

TimeoutError: timed out


During handling of the above exception, another exception occurred:


Traceback (most recent call last):

  File "D:\毕业设计\Travel_python\travel_ai_python\app\service\profile_worker.py", line 194, in <module>
    run_worker()

> File "D:\毕业设计\Travel_python\travel_ai_python\app\service\profile_worker.py", line 169, in run_worker
    task_data = pop_profile_update_task(block=True, timeout=5)

  File "D:\毕业设计\Travel_python\travel_ai_python\app\utils\redis_client.py", line 43, in pop_profile_update_task
    result = redis_client.brpop(PROFILE_UPDATE_QUEUE, timeout=timeout)

  File "D:\毕业设计\Travel_python\.venv\Lib\site-packages\redis\commands\core.py", line 4751, in brpop
    return self.execute_command("BRPOP", *keys)
  File "D:\毕业设计\Travel_python\.venv\Lib\site-packages\redis\client.py", line 787, in execute_command
    return self._execute_command(*args, **options)
  File "D:\毕业设计\Travel_python\.venv\Lib\site-packages\redis\client.py", line 793, in _execute_command
    conn = self.connection or pool.get_connection()
  File "D:\毕业设计\Travel_python\.venv\Lib\site-packages\redis\utils.py", line 258, in wrapper
    return func(*args, **kwargs)
  File "D:\毕业设计\Travel_python\.venv\Lib\site-packages\redis\connection.py", line 3139, in get_connection
    connection.connect()
  File "D:\毕业设计\Travel_python\.venv\Lib\site-packages\redis\connection.py", line 1006, in connect
    self.retry.call_with_retry(
  File "D:\毕业设计\Travel_python\.venv\Lib\site-packages\redis\retry.py", line 132, in call_with_retry
    raise error
  File "D:\毕业设计\Travel_python\.venv\Lib\site-packages\redis\retry.py", line 120, in call_with_retry
    return do()
  File "D:\毕业设计\Travel_python\.venv\Lib\site-packages\redis\connection.py", line 1007, in <lambda>
    lambda: self.connect_check_health(
  File "D:\毕业设计\Travel_python\.venv\Lib\site-packages\redis\connection.py", line 1044, in connect_check_health
    raise e

redis.exceptions.TimeoutError: Timeout connecting to server
2026-07-04 13:41:03.976 | INFO     | N/A | ⏳ 等待 Profile 更新任务...
2026-07-04 13:41:08.991 | ERROR    | N/A | Worker 主循环异常: Timeout connecting to server
Traceback (most recent call last):

  File "D:\毕业设计\Travel_python\.venv\Lib\site-packages\redis\connection.py", line 1033, in connect_check_health
    sock = self._connect()
  File "D:\毕业设计\Travel_python\.venv\Lib\site-packages\redis\connection.py", line 1581, in _connect
    raise err
  File "D:\毕业设计\Travel_python\.venv\Lib\site-packages\redis\connection.py", line 1565, in _connect
    sock.connect(socket_address)

TimeoutError: timed out


During handling of the above exception, another exception occurred:


Traceback (most recent call last):

  File "D:\毕业设计\Travel_python\travel_ai_python\app\service\profile_worker.py", line 194, in <module>
    run_worker()

> File "D:\毕业设计\Travel_python\travel_ai_python\app\service\profile_worker.py", line 169, in run_worker
    task_data = pop_profile_update_task(block=True, timeout=5)

  File "D:\毕业设计\Travel_python\travel_ai_python\app\utils\redis_client.py", line 43, in pop_profile_update_task
    result = redis_client.brpop(PROFILE_UPDATE_QUEUE, timeout=timeout)

  File "D:\毕业设计\Travel_python\.venv\Lib\site-packages\redis\commands\core.py", line 4751, in brpop
    return self.execute_command("BRPOP", *keys)
  File "D:\毕业设计\Travel_python\.venv\Lib\site-packages\redis\client.py", line 787, in execute_command
    return self._execute_command(*args, **options)
  File "D:\毕业设计\Travel_python\.venv\Lib\site-packages\redis\client.py", line 793, in _execute_command
    conn = self.connection or pool.get_connection()
  File "D:\毕业设计\Travel_python\.venv\Lib\site-packages\redis\utils.py", line 258, in wrapper
    return func(*args, **kwargs)
  File "D:\毕业设计\Travel_python\.venv\Lib\site-packages\redis\connection.py", line 3139, in get_connection
    connection.connect()
  File "D:\毕业设计\Travel_python\.venv\Lib\site-packages\redis\connection.py", line 1006, in connect
    self.retry.call_with_retry(
  File "D:\毕业设计\Travel_python\.venv\Lib\site-packages\redis\retry.py", line 132, in call_with_retry
    raise error
  File "D:\毕业设计\Travel_python\.venv\Lib\site-packages\redis\retry.py", line 120, in call_with_retry
    return do()
  File "D:\毕业设计\Travel_python\.venv\Lib\site-packages\redis\connection.py", line 1007, in <lambda>
    lambda: self.connect_check_health(
  File "D:\毕业设计\Travel_python\.venv\Lib\site-packages\redis\connection.py", line 1044, in connect_check_health
    raise e

redis.exceptions.TimeoutError: Timeout connecting to server
2026-07-04 13:41:10.009 | INFO     | N/A | ⏳ 等待 Profile 更新任务...
2026-07-04 13:41:15.011 | ERROR    | N/A | Worker 主循环异常: Timeout connecting to server
Traceback (most recent call last):

  File "D:\毕业设计\Travel_python\.venv\Lib\site-packages\redis\connection.py", line 1033, in connect_check_health
    sock = self._connect()
  File "D:\毕业设计\Travel_python\.venv\Lib\site-packages\redis\connection.py", line 1581, in _connect
    raise err
  File "D:\毕业设计\Travel_python\.venv\Lib\site-packages\redis\connection.py", line 1565, in _connect
    sock.connect(socket_address)

TimeoutError: timed out


During handling of the above exception, another exception occurred:


Traceback (most recent call last):

  File "D:\毕业设计\Travel_python\travel_ai_python\app\service\profile_worker.py", line 194, in <module>
    run_worker()

> File "D:\毕业设计\Travel_python\travel_ai_python\app\service\profile_worker.py", line 169, in run_worker
    task_data = pop_profile_update_task(block=True, timeout=5)

  File "D:\毕业设计\Travel_python\travel_ai_python\app\utils\redis_client.py", line 43, in pop_profile_update_task
    result = redis_client.brpop(PROFILE_UPDATE_QUEUE, timeout=timeout)

  File "D:\毕业设计\Travel_python\.venv\Lib\site-packages\redis\commands\core.py", line 4751, in brpop
    return self.execute_command("BRPOP", *keys)
  File "D:\毕业设计\Travel_python\.venv\Lib\site-packages\redis\client.py", line 787, in execute_command
    return self._execute_command(*args, **options)
  File "D:\毕业设计\Travel_python\.venv\Lib\site-packages\redis\client.py", line 793, in _execute_command
    conn = self.connection or pool.get_connection()
  File "D:\毕业设计\Travel_python\.venv\Lib\site-packages\redis\utils.py", line 258, in wrapper
    return func(*args, **kwargs)
  File "D:\毕业设计\Travel_python\.venv\Lib\site-packages\redis\connection.py", line 3139, in get_connection
    connection.connect()
  File "D:\毕业设计\Travel_python\.venv\Lib\site-packages\redis\connection.py", line 1006, in connect
    self.retry.call_with_retry(
  File "D:\毕业设计\Travel_python\.venv\Lib\site-packages\redis\retry.py", line 132, in call_with_retry
    raise error
  File "D:\毕业设计\Travel_python\.venv\Lib\site-packages\redis\retry.py", line 120, in call_with_retry
    return do()
  File "D:\毕业设计\Travel_python\.venv\Lib\site-packages\redis\connection.py", line 1007, in <lambda>
    lambda: self.connect_check_health(
  File "D:\毕业设计\Travel_python\.venv\Lib\site-packages\redis\connection.py", line 1044, in connect_check_health
    raise e

redis.exceptions.TimeoutError: Timeout connecting to server
2026-07-04 13:41:16.031 | INFO     | N/A | ⏳ 等待 Profile 更新任务...
2026-07-04 13:41:21.049 | ERROR    | N/A | Worker 主循环异常: Timeout connecting to server
Traceback (most recent call last):

  File "D:\毕业设计\Travel_python\.venv\Lib\site-packages\redis\connection.py", line 1033, in connect_check_health
    sock = self._connect()
  File "D:\毕业设计\Travel_python\.venv\Lib\site-packages\redis\connection.py", line 1581, in _connect
    raise err
  File "D:\毕业设计\Travel_python\.venv\Lib\site-packages\redis\connection.py", line 1565, in _connect
    sock.connect(socket_address)

TimeoutError: timed out


During handling of the above exception, another exception occurred:


Traceback (most recent call last):

  File "D:\毕业设计\Travel_python\travel_ai_python\app\service\profile_worker.py", line 194, in <module>
    run_worker()

> File "D:\毕业设计\Travel_python\travel_ai_python\app\service\profile_worker.py", line 169, in run_worker
    task_data = pop_profile_update_task(block=True, timeout=5)

  File "D:\毕业设计\Travel_python\travel_ai_python\app\utils\redis_client.py", line 43, in pop_profile_update_task
    result = redis_client.brpop(PROFILE_UPDATE_QUEUE, timeout=timeout)

  File "D:\毕业设计\Travel_python\.venv\Lib\site-packages\redis\commands\core.py", line 4751, in brpop
    return self.execute_command("BRPOP", *keys)
  File "D:\毕业设计\Travel_python\.venv\Lib\site-packages\redis\client.py", line 787, in execute_command
    return self._execute_command(*args, **options)
  File "D:\毕业设计\Travel_python\.venv\Lib\site-packages\redis\client.py", line 793, in _execute_command
    conn = self.connection or pool.get_connection()
  File "D:\毕业设计\Travel_python\.venv\Lib\site-packages\redis\utils.py", line 258, in wrapper
    return func(*args, **kwargs)
  File "D:\毕业设计\Travel_python\.venv\Lib\site-packages\redis\connection.py", line 3139, in get_connection
    connection.connect()
  File "D:\毕业设计\Travel_python\.venv\Lib\site-packages\redis\connection.py", line 1006, in connect
    self.retry.call_with_retry(
  File "D:\毕业设计\Travel_python\.venv\Lib\site-packages\redis\retry.py", line 132, in call_with_retry
    raise error
  File "D:\毕业设计\Travel_python\.venv\Lib\site-packages\redis\retry.py", line 120, in call_with_retry
    return do()
  File "D:\毕业设计\Travel_python\.venv\Lib\site-packages\redis\connection.py", line 1007, in <lambda>
    lambda: self.connect_check_health(
  File "D:\毕业设计\Travel_python\.venv\Lib\site-packages\redis\connection.py", line 1044, in connect_check_health
    raise e

redis.exceptions.TimeoutError: Timeout connecting to server
2026-07-04 13:41:22.065 | INFO     | N/A | ⏳ 等待 Profile 更新任务...
2026-07-04 13:41:27.078 | ERROR    | N/A | Worker 主循环异常: Timeout connecting to server
Traceback (most recent call last):

  File "D:\毕业设计\Travel_python\.venv\Lib\site-packages\redis\connection.py", line 1033, in connect_check_health
    sock = self._connect()
  File "D:\毕业设计\Travel_python\.venv\Lib\site-packages\redis\connection.py", line 1581, in _connect
    raise err
  File "D:\毕业设计\Travel_python\.venv\Lib\site-packages\redis\connection.py", line 1565, in _connect
    sock.connect(socket_address)

TimeoutError: timed out


During handling of the above exception, another exception occurred:


Traceback (most recent call last):

  File "D:\毕业设计\Travel_python\travel_ai_python\app\service\profile_worker.py", line 194, in <module>
    run_worker()

> File "D:\毕业设计\Travel_python\travel_ai_python\app\service\profile_worker.py", line 169, in run_worker
    task_data = pop_profile_update_task(block=True, timeout=5)

  File "D:\毕业设计\Travel_python\travel_ai_python\app\utils\redis_client.py", line 43, in pop_profile_update_task
    result = redis_client.brpop(PROFILE_UPDATE_QUEUE, timeout=timeout)

  File "D:\毕业设计\Travel_python\.venv\Lib\site-packages\redis\commands\core.py", line 4751, in brpop
    return self.execute_command("BRPOP", *keys)
  File "D:\毕业设计\Travel_python\.venv\Lib\site-packages\redis\client.py", line 787, in execute_command
    return self._execute_command(*args, **options)
  File "D:\毕业设计\Travel_python\.venv\Lib\site-packages\redis\client.py", line 793, in _execute_command
    conn = self.connection or pool.get_connection()
  File "D:\毕业设计\Travel_python\.venv\Lib\site-packages\redis\utils.py", line 258, in wrapper
    return func(*args, **kwargs)
  File "D:\毕业设计\Travel_python\.venv\Lib\site-packages\redis\connection.py", line 3139, in get_connection
    connection.connect()
  File "D:\毕业设计\Travel_python\.venv\Lib\site-packages\redis\connection.py", line 1006, in connect
    self.retry.call_with_retry(
  File "D:\毕业设计\Travel_python\.venv\Lib\site-packages\redis\retry.py", line 132, in call_with_retry
    raise error
  File "D:\毕业设计\Travel_python\.venv\Lib\site-packages\redis\retry.py", line 120, in call_with_retry
    return do()
  File "D:\毕业设计\Travel_python\.venv\Lib\site-packages\redis\connection.py", line 1007, in <lambda>
    lambda: self.connect_check_health(
  File "D:\毕业设计\Travel_python\.venv\Lib\site-packages\redis\connection.py", line 1044, in connect_check_health
    raise e

redis.exceptions.TimeoutError: Timeout connecting to server
2026-07-04 13:41:28.090 | INFO     | N/A | ⏳ 等待 Profile 更新任务...
2026-07-04 13:41:33.107 | ERROR    | N/A | Worker 主循环异常: Timeout connecting to server
Traceback (most recent call last):

  File "D:\毕业设计\Travel_python\.venv\Lib\site-packages\redis\connection.py", line 1033, in connect_check_health
    sock = self._connect()
  File "D:\毕业设计\Travel_python\.venv\Lib\site-packages\redis\connection.py", line 1581, in _connect
    raise err
  File "D:\毕业设计\Travel_python\.venv\Lib\site-packages\redis\connection.py", line 1565, in _connect
    sock.connect(socket_address)

TimeoutError: timed out


During handling of the above exception, another exception occurred:


Traceback (most recent call last):

  File "D:\毕业设计\Travel_python\travel_ai_python\app\service\profile_worker.py", line 194, in <module>
    run_worker()

> File "D:\毕业设计\Travel_python\travel_ai_python\app\service\profile_worker.py", line 169, in run_worker
    task_data = pop_profile_update_task(block=True, timeout=5)

  File "D:\毕业设计\Travel_python\travel_ai_python\app\utils\redis_client.py", line 43, in pop_profile_update_task
    result = redis_client.brpop(PROFILE_UPDATE_QUEUE, timeout=timeout)

  File "D:\毕业设计\Travel_python\.venv\Lib\site-packages\redis\commands\core.py", line 4751, in brpop
    return self.execute_command("BRPOP", *keys)
  File "D:\毕业设计\Travel_python\.venv\Lib\site-packages\redis\client.py", line 787, in execute_command
    return self._execute_command(*args, **options)
  File "D:\毕业设计\Travel_python\.venv\Lib\site-packages\redis\client.py", line 793, in _execute_command
    conn = self.connection or pool.get_connection()
  File "D:\毕业设计\Travel_python\.venv\Lib\site-packages\redis\utils.py", line 258, in wrapper
    return func(*args, **kwargs)
  File "D:\毕业设计\Travel_python\.venv\Lib\site-packages\redis\connection.py", line 3139, in get_connection
    connection.connect()
  File "D:\毕业设计\Travel_python\.venv\Lib\site-packages\redis\connection.py", line 1006, in connect
    self.retry.call_with_retry(
  File "D:\毕业设计\Travel_python\.venv\Lib\site-packages\redis\retry.py", line 132, in call_with_retry
    raise error
  File "D:\毕业设计\Travel_python\.venv\Lib\site-packages\redis\retry.py", line 120, in call_with_retry
    return do()
  File "D:\毕业设计\Travel_python\.venv\Lib\site-packages\redis\connection.py", line 1007, in <lambda>
    lambda: self.connect_check_health(
  File "D:\毕业设计\Travel_python\.venv\Lib\site-packages\redis\connection.py", line 1044, in connect_check_health
    raise e

redis.exceptions.TimeoutError: Timeout connecting to server
2026-07-04 13:41:34.120 | INFO     | N/A | ⏳ 等待 Profile 更新任务...
2026-07-04 13:41:39.240 | INFO     | N/A | ⏳ 等待 Profile 更新任务...
2026-07-04 13:41:44.309 | INFO     | N/A | ⏳ 等待 Profile 更新任务...
2026-07-04 13:41:49.334 | INFO     | N/A | ⏳ 等待 Profile 更新任务...
2026-07-04 13:41:54.350 | INFO     | N/A | ⏳ 等待 Profile 更新任务...
2026-07-04 13:41:59.397 | INFO     | N/A | ⏳ 等待 Profile 更新任务...
2026-07-04 13:42:04.447 | INFO     | N/A | ⏳ 等待 Profile 更新任务...
2026-07-04 13:42:09.548 | INFO     | N/A | ⏳ 等待 Profile 更新任务...
2026-07-04 13:42:14.649 | INFO     | N/A | ⏳ 等待 Profile 更新任务...
2026-07-04 13:42:19.730 | INFO     | N/A | ⏳ 等待 Profile 更新任务...
2026-07-04 13:42:24.784 | INFO     | N/A | ⏳ 等待 Profile 更新任务...
2026-07-04 13:42:29.820 | INFO     | N/A | ⏳ 等待 Profile 更新任务...
2026-07-04 13:42:34.856 | INFO     | N/A | ⏳ 等待 Profile 更新任务...
2026-07-04 13:42:39.891 | INFO     | N/A | ⏳ 等待 Profile 更新任务...
2026-07-04 13:42:44.924 | INFO     | N/A | ⏳ 等待 Profile 更新任务...
2026-07-04 13:42:49.929 | INFO     | N/A | ⏳ 等待 Profile 更新任务...
2026-07-04 13:42:54.962 | INFO     | N/A | ⏳ 等待 Profile 更新任务...
2026-07-04 13:43:00.016 | INFO     | N/A | ⏳ 等待 Profile 更新任务...
2026-07-04 13:43:05.044 | INFO     | N/A | ⏳ 等待 Profile 更新任务...
2026-07-04 13:43:10.134 | INFO     | N/A | ⏳ 等待 Profile 更新任务...
2026-07-04 13:43:15.142 | INFO     | N/A | ⏳ 等待 Profile 更新任务...
2026-07-04 13:43:20.207 | INFO     | N/A | ⏳ 等待 Profile 更新任务...
2026-07-04 13:43:25.300 | INFO     | N/A | ⏳ 等待 Profile 更新任务...
2026-07-04 13:43:30.326 | INFO     | N/A | ⏳ 等待 Profile 更新任务...
2026-07-04 13:43:35.355 | INFO     | N/A | ⏳ 等待 Profile 更新任务...
2026-07-04 13:43:40.382 | INFO     | N/A | ⏳ 等待 Profile 更新任务...
2026-07-04 13:43:45.410 | INFO     | N/A | ⏳ 等待 Profile 更新任务...
2026-07-04 13:43:50.414 | INFO     | N/A | ⏳ 等待 Profile 更新任务...
2026-07-04 13:43:55.440 | INFO     | N/A | ⏳ 等待 Profile 更新任务...
2026-07-04 13:44:00.511 | INFO     | N/A | ⏳ 等待 Profile 更新任务...
2026-07-04 13:44:05.542 | INFO     | N/A | ⏳ 等待 Profile 更新任务...
2026-07-04 13:44:10.579 | INFO     | N/A | ⏳ 等待 Profile 更新任务...
2026-07-04 13:44:15.616 | INFO     | N/A | ⏳ 等待 Profile 更新任务...
2026-07-04 13:44:20.655 | INFO     | N/A | ⏳ 等待 Profile 更新任务...
2026-07-04 13:44:25.689 | INFO     | N/A | ⏳ 等待 Profile 更新任务...
2026-07-04 13:44:30.724 | INFO     | N/A | ⏳ 等待 Profile 更新任务...
2026-07-04 13:44:35.761 | INFO     | N/A | ⏳ 等待 Profile 更新任务...
2026-07-04 13:44:40.796 | INFO     | N/A | ⏳ 等待 Profile 更新任务...
2026-07-04 13:44:45.834 | INFO     | N/A | ⏳ 等待 Profile 更新任务...
2026-07-04 13:44:50.871 | INFO     | N/A | ⏳ 等待 Profile 更新任务...
2026-07-04 13:44:55.905 | INFO     | N/A | ⏳ 等待 Profile 更新任务...
2026-07-04 13:45:00.944 | INFO     | N/A | ⏳ 等待 Profile 更新任务...
2026-07-04 13:45:05.982 | INFO     | N/A | ⏳ 等待 Profile 更新任务...
2026-07-04 13:45:11.021 | INFO     | N/A | ⏳ 等待 Profile 更新任务...
2026-07-04 13:45:16.058 | INFO     | N/A | ⏳ 等待 Profile 更新任务...
2026-07-04 13:45:21.103 | INFO     | N/A | ⏳ 等待 Profile 更新任务...
2026-07-04 13:45:26.136 | INFO     | N/A | ⏳ 等待 Profile 更新任务...
2026-07-04 13:45:31.172 | INFO     | N/A | ⏳ 等待 Profile 更新任务...
2026-07-04 13:45:36.214 | INFO     | N/A | ⏳ 等待 Profile 更新任务...
2026-07-04 13:45:41.247 | INFO     | N/A | ⏳ 等待 Profile 更新任务...
2026-07-04 13:45:46.284 | INFO     | N/A | ⏳ 等待 Profile 更新任务...
2026-07-04 13:45:51.325 | INFO     | N/A | ⏳ 等待 Profile 更新任务...
2026-07-04 13:45:56.367 | INFO     | N/A | ⏳ 等待 Profile 更新任务...
2026-07-04 13:46:01.400 | INFO     | N/A | ⏳ 等待 Profile 更新任务...
2026-07-04 13:46:06.437 | INFO     | N/A | ⏳ 等待 Profile 更新任务...
2026-07-04 13:46:11.473 | INFO     | N/A | ⏳ 等待 Profile 更新任务...
2026-07-04 13:46:16.514 | INFO     | N/A | ⏳ 等待 Profile 更新任务...
2026-07-04 13:46:21.544 | INFO     | N/A | ⏳ 等待 Profile 更新任务...
2026-07-04 13:46:26.576 | INFO     | N/A | ⏳ 等待 Profile 更新任务...
2026-07-04 13:46:31.605 | INFO     | N/A | ⏳ 等待 Profile 更新任务...
2026-07-04 13:46:36.641 | INFO     | N/A | ⏳ 等待 Profile 更新任务...
2026-07-04 13:46:41.697 | INFO     | N/A | ⏳ 等待 Profile 更新任务...
2026-07-04 13:46:46.731 | INFO     | N/A | ⏳ 等待 Profile 更新任务...
2026-07-04 13:46:51.766 | INFO     | N/A | ⏳ 等待 Profile 更新任务...
2026-07-04 13:46:56.803 | INFO     | N/A | ⏳ 等待 Profile 更新任务...
2026-07-04 13:47:01.836 | INFO     | N/A | ⏳ 等待 Profile 更新任务...
2026-07-04 13:47:06.873 | INFO     | N/A | ⏳ 等待 Profile 更新任务...
2026-07-04 13:47:11.929 | INFO     | N/A | ⏳ 等待 Profile 更新任务...
2026-07-04 13:47:16.963 | INFO     | N/A | ⏳ 等待 Profile 更新任务...
2026-07-04 13:47:21.996 | INFO     | N/A | ⏳ 等待 Profile 更新任务...
2026-07-04 13:47:27.028 | INFO     | N/A | ⏳ 等待 Profile 更新任务...
2026-07-04 13:47:32.070 | INFO     | N/A | ⏳ 等待 Profile 更新任务...
2026-07-04 13:47:37.105 | INFO     | N/A | ⏳ 等待 Profile 更新任务...
2026-07-04 13:47:42.143 | INFO     | N/A | ⏳ 等待 Profile 更新任务...
2026-07-04 13:47:47.182 | INFO     | N/A | ⏳ 等待 Profile 更新任务...
2026-07-04 13:47:52.216 | INFO     | N/A | ⏳ 等待 Profile 更新任务...
2026-07-04 13:47:57.248 | INFO     | N/A | ⏳ 等待 Profile 更新任务...
2026-07-04 13:48:02.313 | INFO     | N/A | ⏳ 等待 Profile 更新任务...
2026-07-04 13:48:07.350 | INFO     | N/A | ⏳ 等待 Profile 更新任务...
2026-07-04 13:48:12.387 | INFO     | N/A | ⏳ 等待 Profile 更新任务...
2026-07-04 13:48:17.479 | INFO     | N/A | ⏳ 等待 Profile 更新任务...
2026-07-04 13:48:22.511 | INFO     | N/A | ⏳ 等待 Profile 更新任务...
2026-07-04 13:48:27.545 | INFO     | N/A | ⏳ 等待 Profile 更新任务...
2026-07-04 13:48:32.601 | INFO     | N/A | ⏳ 等待 Profile 更新任务...
2026-07-04 13:48:37.635 | INFO     | N/A | ⏳ 等待 Profile 更新任务...
2026-07-04 13:48:42.694 | INFO     | N/A | ⏳ 等待 Profile 更新任务...
2026-07-04 13:48:47.729 | INFO     | N/A | ⏳ 等待 Profile 更新任务...
2026-07-04 13:48:52.764 | INFO     | N/A | ⏳ 等待 Profile 更新任务...
2026-07-04 13:48:57.778 | INFO     | N/A | ⏳ 等待 Profile 更新任务...
2026-07-04 13:49:02.811 | INFO     | N/A | ⏳ 等待 Profile 更新任务...
2026-07-04 13:49:07.847 | INFO     | N/A | ⏳ 等待 Profile 更新任务...
2026-07-04 13:49:12.901 | INFO     | N/A | ⏳ 等待 Profile 更新任务...
2026-07-04 13:49:17.937 | INFO     | N/A | ⏳ 等待 Profile 更新任务...
2026-07-04 13:49:22.973 | INFO     | N/A | ⏳ 等待 Profile 更新任务...
2026-07-04 13:49:28.007 | INFO     | N/A | ⏳ 等待 Profile 更新任务...
2026-07-04 13:49:33.079 | INFO     | N/A | ⏳ 等待 Profile 更新任务...
2026-07-04 13:49:38.174 | INFO     | N/A | ⏳ 等待 Profile 更新任务...
2026-07-04 13:49:43.207 | INFO     | N/A | ⏳ 等待 Profile 更新任务...
2026-07-04 13:49:48.275 | INFO     | N/A | ⏳ 等待 Profile 更新任务...
2026-07-04 13:49:53.309 | INFO     | N/A | ⏳ 等待 Profile 更新任务...
2026-07-04 13:49:58.348 | INFO     | N/A | ⏳ 等待 Profile 更新任务...
2026-07-04 13:50:03.383 | INFO     | N/A | ⏳ 等待 Profile 更新任务...
2026-07-04 13:50:08.446 | INFO     | N/A | ⏳ 等待 Profile 更新任务...
2026-07-04 13:50:13.483 | INFO     | N/A | ⏳ 等待 Profile 更新任务...
2026-07-04 13:50:18.520 | INFO     | N/A | ⏳ 等待 Profile 更新任务...
2026-07-04 13:50:23.558 | INFO     | N/A | ⏳ 等待 Profile 更新任务...
2026-07-04 13:50:28.601 | INFO     | N/A | ⏳ 等待 Profile 更新任务...
2026-07-04 13:50:33.684 | INFO     | N/A | ⏳ 等待 Profile 更新任务...
2026-07-04 13:50:38.718 | INFO     | N/A | ⏳ 等待 Profile 更新任务...
2026-07-04 13:50:43.749 | INFO     | N/A | ⏳ 等待 Profile 更新任务...
2026-07-04 13:50:48.785 | INFO     | N/A | ⏳ 等待 Profile 更新任务...
2026-07-04 13:50:53.819 | INFO     | N/A | ⏳ 等待 Profile 更新任务...
2026-07-04 13:50:58.884 | INFO     | N/A | ⏳ 等待 Profile 更新任务...
2026-07-04 13:51:03.918 | INFO     | N/A | ⏳ 等待 Profile 更新任务...
2026-07-04 13:51:09.014 | INFO     | N/A | ⏳ 等待 Profile 更新任务...
2026-07-04 13:51:14.048 | INFO     | N/A | ⏳ 等待 Profile 更新任务...
2026-07-04 13:51:19.089 | INFO     | N/A | ⏳ 等待 Profile 更新任务...
2026-07-04 13:51:24.124 | INFO     | N/A | ⏳ 等待 Profile 更新任务...
2026-07-04 13:51:29.199 | INFO     | N/A | ⏳ 等待 Profile 更新任务...
2026-07-04 13:51:34.252 | INFO     | N/A | ⏳ 等待 Profile 更新任务...
2026-07-04 13:51:39.291 | INFO     | N/A | ⏳ 等待 Profile 更新任务...
2026-07-04 13:51:44.323 | INFO     | N/A | ⏳ 等待 Profile 更新任务...
2026-07-04 13:51:49.354 | INFO     | N/A | ⏳ 等待 Profile 更新任务...
2026-07-04 13:51:54.389 | INFO     | N/A | ⏳ 等待 Profile 更新任务...
2026-07-04 13:51:59.426 | INFO     | N/A | ⏳ 等待 Profile 更新任务...
2026-07-04 13:52:04.460 | INFO     | N/A | ⏳ 等待 Profile 更新任务...
2026-07-04 13:52:09.496 | INFO     | N/A | ⏳ 等待 Profile 更新任务...
2026-07-04 13:52:14.532 | INFO     | N/A | ⏳ 等待 Profile 更新任务...
2026-07-04 13:52:19.574 | INFO     | N/A | ⏳ 等待 Profile 更新任务...
2026-07-04 13:52:24.613 | INFO     | N/A | ⏳ 等待 Profile 更新任务...
2026-07-04 13:52:29.673 | INFO     | N/A | ⏳ 等待 Profile 更新任务...
2026-07-04 13:52:34.709 | INFO     | N/A | ⏳ 等待 Profile 更新任务...
2026-07-04 13:52:39.746 | INFO     | N/A | ⏳ 等待 Profile 更新任务...
2026-07-04 13:52:44.783 | INFO     | N/A | ⏳ 等待 Profile 更新任务...
2026-07-04 13:52:49.821 | INFO     | N/A | ⏳ 等待 Profile 更新任务...
2026-07-04 13:52:54.860 | INFO     | N/A | ⏳ 等待 Profile 更新任务...
2026-07-04 13:52:59.899 | INFO     | N/A | ⏳ 等待 Profile 更新任务...
2026-07-04 13:53:04.936 | INFO     | N/A | ⏳ 等待 Profile 更新任务...
2026-07-04 13:53:09.973 | INFO     | N/A | ⏳ 等待 Profile 更新任务...
2026-07-04 13:53:15.010 | INFO     | N/A | ⏳ 等待 Profile 更新任务...
2026-07-04 13:53:20.051 | INFO     | N/A | ⏳ 等待 Profile 更新任务...
2026-07-04 13:53:25.087 | INFO     | N/A | ⏳ 等待 Profile 更新任务...
2026-07-04 13:53:30.127 | INFO     | N/A | ⏳ 等待 Profile 更新任务...
2026-07-04 13:53:35.172 | INFO     | N/A | ⏳ 等待 Profile 更新任务...
2026-07-04 13:53:40.210 | INFO     | N/A | ⏳ 等待 Profile 更新任务...
2026-07-04 13:53:45.253 | INFO     | N/A | ⏳ 等待 Profile 更新任务...
2026-07-04 13:53:50.290 | INFO     | N/A | ⏳ 等待 Profile 更新任务...
2026-07-04 13:53:55.328 | INFO     | N/A | ⏳ 等待 Profile 更新任务...
2026-07-04 13:54:00.379 | INFO     | N/A | ⏳ 等待 Profile 更新任务...
2026-07-04 13:54:05.418 | INFO     | N/A | ⏳ 等待 Profile 更新任务...
2026-07-04 13:54:10.452 | INFO     | N/A | ⏳ 等待 Profile 更新任务...
2026-07-04 13:54:15.492 | INFO     | N/A | ⏳ 等待 Profile 更新任务...
2026-07-04 13:54:20.532 | INFO     | N/A | ⏳ 等待 Profile 更新任务...
2026-07-04 13:54:25.573 | INFO     | N/A | ⏳ 等待 Profile 更新任务...
2026-07-04 13:54:30.602 | INFO     | N/A | ⏳ 等待 Profile 更新任务...
2026-07-04 13:54:35.641 | INFO     | N/A | ⏳ 等待 Profile 更新任务...
2026-07-04 13:54:40.695 | INFO     | N/A | ⏳ 等待 Profile 更新任务...
2026-07-04 13:54:45.731 | INFO     | N/A | ⏳ 等待 Profile 更新任务...
2026-07-04 13:54:50.771 | INFO     | N/A | ⏳ 等待 Profile 更新任务...
2026-07-04 13:54:55.817 | INFO     | N/A | ⏳ 等待 Profile 更新任务...
2026-07-04 13:55:00.873 | INFO     | N/A | ⏳ 等待 Profile 更新任务...
2026-07-04 14:04:25.288 | ERROR    | N/A | Worker 主循环异常: Timeout reading from socket
Traceback (most recent call last):

  File "D:\毕业设计\Travel_python\.venv\Lib\site-packages\redis\_parsers\socket.py", line 64, in _read_from_socket
    data = sock.recv(socket_read_size)

TimeoutError: timed out


During handling of the above exception, another exception occurred:


Traceback (most recent call last):

  File "D:\毕业设计\Travel_python\travel_ai_python\app\service\profile_worker.py", line 194, in <module>
    run_worker()

> File "D:\毕业设计\Travel_python\travel_ai_python\app\service\profile_worker.py", line 169, in run_worker
    task_data = pop_profile_update_task(block=True, timeout=5)

  File "D:\毕业设计\Travel_python\travel_ai_python\app\utils\redis_client.py", line 43, in pop_profile_update_task
    result = redis_client.brpop(PROFILE_UPDATE_QUEUE, timeout=timeout)

  File "D:\毕业设计\Travel_python\.venv\Lib\site-packages\redis\commands\core.py", line 4751, in brpop
    return self.execute_command("BRPOP", *keys)
  File "D:\毕业设计\Travel_python\.venv\Lib\site-packages\redis\client.py", line 787, in execute_command
    return self._execute_command(*args, **options)
  File "D:\毕业设计\Travel_python\.venv\Lib\site-packages\redis\client.py", line 809, in _execute_command
    result = conn.retry.call_with_retry(
  File "D:\毕业设计\Travel_python\.venv\Lib\site-packages\redis\retry.py", line 132, in call_with_retry
    raise error
  File "D:\毕业设计\Travel_python\.venv\Lib\site-packages\redis\retry.py", line 120, in call_with_retry
    return do()
  File "D:\毕业设计\Travel_python\.venv\Lib\site-packages\redis\client.py", line 810, in <lambda>
    lambda: self._send_command_parse_response(
  File "D:\毕业设计\Travel_python\.venv\Lib\site-packages\redis\client.py", line 753, in _send_command_parse_response
    return self.parse_response(conn, command_name, **options)
  File "D:\毕业设计\Travel_python\.venv\Lib\site-packages\redis\client.py", line 853, in parse_response
    response = connection.read_response()
  File "D:\毕业设计\Travel_python\.venv\Lib\site-packages\redis\connection.py", line 1371, in read_response
    response = self._parser.read_response(
  File "D:\毕业设计\Travel_python\.venv\Lib\site-packages\redis\_parsers\resp3.py", line 40, in read_response
    result = self._read_response(
  File "D:\毕业设计\Travel_python\.venv\Lib\site-packages\redis\_parsers\resp3.py", line 65, in _read_response
    raw = self._buffer.readline(timeout=timeout)
  File "D:\毕业设计\Travel_python\.venv\Lib\site-packages\redis\_parsers\socket.py", line 117, in readline
    self._read_from_socket(timeout=timeout)
  File "D:\毕业设计\Travel_python\.venv\Lib\site-packages\redis\_parsers\socket.py", line 77, in _read_from_socket
    raise TimeoutError("Timeout reading from socket")

redis.exceptions.TimeoutError: Timeout reading from socket
2026-07-04 14:04:26.508 | INFO     | N/A | ⏳ 等待 Profile 更新任务...
2026-07-04 14:04:31.520 | ERROR    | N/A | Worker 主循环异常: Timeout connecting to server
Traceback (most recent call last):

  File "D:\毕业设计\Travel_python\.venv\Lib\site-packages\redis\connection.py", line 1033, in connect_check_health
    sock = self._connect()
  File "D:\毕业设计\Travel_python\.venv\Lib\site-packages\redis\connection.py", line 1581, in _connect
    raise err
  File "D:\毕业设计\Travel_python\.venv\Lib\site-packages\redis\connection.py", line 1565, in _connect
    sock.connect(socket_address)

TimeoutError: timed out


During handling of the above exception, another exception occurred:


Traceback (most recent call last):

  File "D:\毕业设计\Travel_python\travel_ai_python\app\service\profile_worker.py", line 194, in <module>
    run_worker()

> File "D:\毕业设计\Travel_python\travel_ai_python\app\service\profile_worker.py", line 169, in run_worker
    task_data = pop_profile_update_task(block=True, timeout=5)

  File "D:\毕业设计\Travel_python\travel_ai_python\app\utils\redis_client.py", line 43, in pop_profile_update_task
    result = redis_client.brpop(PROFILE_UPDATE_QUEUE, timeout=timeout)

  File "D:\毕业设计\Travel_python\.venv\Lib\site-packages\redis\commands\core.py", line 4751, in brpop
    return self.execute_command("BRPOP", *keys)
  File "D:\毕业设计\Travel_python\.venv\Lib\site-packages\redis\client.py", line 787, in execute_command
    return self._execute_command(*args, **options)
  File "D:\毕业设计\Travel_python\.venv\Lib\site-packages\redis\client.py", line 793, in _execute_command
    conn = self.connection or pool.get_connection()
  File "D:\毕业设计\Travel_python\.venv\Lib\site-packages\redis\utils.py", line 258, in wrapper
    return func(*args, **kwargs)
  File "D:\毕业设计\Travel_python\.venv\Lib\site-packages\redis\connection.py", line 3139, in get_connection
    connection.connect()
  File "D:\毕业设计\Travel_python\.venv\Lib\site-packages\redis\connection.py", line 1006, in connect
    self.retry.call_with_retry(
  File "D:\毕业设计\Travel_python\.venv\Lib\site-packages\redis\retry.py", line 132, in call_with_retry
    raise error
  File "D:\毕业设计\Travel_python\.venv\Lib\site-packages\redis\retry.py", line 120, in call_with_retry
    return do()
  File "D:\毕业设计\Travel_python\.venv\Lib\site-packages\redis\connection.py", line 1007, in <lambda>
    lambda: self.connect_check_health(
  File "D:\毕业设计\Travel_python\.venv\Lib\site-packages\redis\connection.py", line 1044, in connect_check_health
    raise e

redis.exceptions.TimeoutError: Timeout connecting to server
2026-07-04 14:04:32.539 | INFO     | N/A | ⏳ 等待 Profile 更新任务...
2026-07-04 14:04:37.606 | INFO     | N/A | ⏳ 等待 Profile 更新任务...
2026-07-04 14:04:42.636 | INFO     | N/A | ⏳ 等待 Profile 更新任务...
2026-07-04 14:04:47.670 | INFO     | N/A | ⏳ 等待 Profile 更新任务...
2026-07-04 14:04:52.716 | INFO     | N/A | ⏳ 等待 Profile 更新任务...
2026-07-04 14:04:57.734 | INFO     | N/A | ⏳ 等待 Profile 更新任务...
2026-07-04 14:05:02.835 | INFO     | N/A | ⏳ 等待 Profile 更新任务...
2026-07-04 14:05:07.897 | INFO     | N/A | ⏳ 等待 Profile 更新任务...
2026-07-04 14:05:12.930 | INFO     | N/A | ⏳ 等待 Profile 更新任务...
2026-07-04 14:05:17.962 | INFO     | N/A | ⏳ 等待 Profile 更新任务...
2026-07-04 14:05:22.996 | INFO     | N/A | ⏳ 等待 Profile 更新任务...
2026-07-04 14:05:28.077 | INFO     | N/A | ⏳ 等待 Profile 更新任务...
2026-07-04 14:05:33.152 | INFO     | N/A | ⏳ 等待 Profile 更新任务...
2026-07-04 14:05:38.184 | INFO     | N/A | ⏳ 等待 Profile 更新任务...
2026-07-04 14:05:43.216 | INFO     | N/A | ⏳ 等待 Profile 更新任务...
2026-07-04 14:05:48.287 | INFO     | N/A | ⏳ 等待 Profile 更新任务...
2026-07-04 14:05:53.324 | INFO     | N/A | ⏳ 等待 Profile 更新任务...
2026-07-04 14:05:58.355 | INFO     | N/A | ⏳ 等待 Profile 更新任务...
2026-07-04 14:06:03.400 | INFO     | N/A | ⏳ 等待 Profile 更新任务...
2026-07-04 14:06:08.435 | INFO     | N/A | ⏳ 等待 Profile 更新任务...
2026-07-04 14:06:13.471 | INFO     | N/A | ⏳ 等待 Profile 更新任务...
2026-07-04 14:06:18.503 | INFO     | N/A | ⏳ 等待 Profile 更新任务...
2026-07-04 14:06:23.533 | INFO     | N/A | ⏳ 等待 Profile 更新任务...
2026-07-04 14:06:28.577 | INFO     | N/A | ⏳ 等待 Profile 更新任务...
2026-07-04 14:06:33.609 | INFO     | N/A | ⏳ 等待 Profile 更新任务...
2026-07-04 14:06:38.628 | INFO     | N/A | ⏳ 等待 Profile 更新任务...
2026-07-04 14:06:43.655 | INFO     | N/A | ⏳ 等待 Profile 更新任务...
2026-07-04 14:06:48.692 | INFO     | N/A | ⏳ 等待 Profile 更新任务...
2026-07-04 14:06:53.756 | INFO     | N/A | ⏳ 等待 Profile 更新任务...
2026-07-04 14:06:58.794 | INFO     | N/A | ⏳ 等待 Profile 更新任务...
2026-07-04 14:07:03.830 | INFO     | N/A | ⏳ 等待 Profile 更新任务...
2026-07-04 14:07:08.877 | INFO     | N/A | ⏳ 等待 Profile 更新任务...
2026-07-04 14:07:13.912 | INFO     | N/A | ⏳ 等待 Profile 更新任务...
2026-07-04 14:07:18.944 | INFO     | N/A | ⏳ 等待 Profile 更新任务...
2026-07-04 14:07:23.990 | INFO     | N/A | ⏳ 等待 Profile 更新任务...
2026-07-04 14:07:29.041 | INFO     | N/A | ⏳ 等待 Profile 更新任务...
2026-07-04 14:07:34.087 | INFO     | N/A | ⏳ 等待 Profile 更新任务...
2026-07-04 14:07:39.121 | INFO     | N/A | ⏳ 等待 Profile 更新任务...
2026-07-04 14:07:44.156 | INFO     | N/A | ⏳ 等待 Profile 更新任务...
2026-07-04 14:07:49.191 | INFO     | N/A | ⏳ 等待 Profile 更新任务...
2026-07-04 14:07:54.225 | INFO     | N/A | ⏳ 等待 Profile 更新任务...
2026-07-04 14:07:59.262 | INFO     | N/A | ⏳ 等待 Profile 更新任务...
2026-07-04 14:08:04.294 | INFO     | N/A | ⏳ 等待 Profile 更新任务...
2026-07-04 14:08:09.325 | INFO     | N/A | ⏳ 等待 Profile 更新任务...
2026-07-04 14:08:14.357 | INFO     | N/A | ⏳ 等待 Profile 更新任务...
2026-07-04 14:08:19.391 | INFO     | N/A | ⏳ 等待 Profile 更新任务...
2026-07-04 14:08:24.426 | INFO     | N/A | ⏳ 等待 Profile 更新任务...
2026-07-04 14:08:29.456 | INFO     | N/A | ⏳ 等待 Profile 更新任务...
2026-07-04 14:08:34.491 | INFO     | N/A | ⏳ 等待 Profile 更新任务...
2026-07-04 14:08:39.525 | INFO     | N/A | ⏳ 等待 Profile 更新任务...
2026-07-04 14:08:44.553 | INFO     | N/A | ⏳ 等待 Profile 更新任务...
2026-07-04 14:08:49.585 | INFO     | N/A | ⏳ 等待 Profile 更新任务...
2026-07-04 14:08:54.618 | INFO     | N/A | ⏳ 等待 Profile 更新任务...
2026-07-04 14:08:59.692 | INFO     | N/A | ⏳ 等待 Profile 更新任务...
2026-07-04 14:09:04.726 | INFO     | N/A | ⏳ 等待 Profile 更新任务...
2026-07-04 14:09:09.760 | INFO     | N/A | ⏳ 等待 Profile 更新任务...
2026-07-04 14:09:14.798 | INFO     | N/A | ⏳ 等待 Profile 更新任务...
2026-07-04 14:09:19.836 | INFO     | N/A | ⏳ 等待 Profile 更新任务...
2026-07-04 14:09:24.870 | INFO     | N/A | ⏳ 等待 Profile 更新任务...
2026-07-04 14:09:29.904 | INFO     | N/A | ⏳ 等待 Profile 更新任务...
2026-07-04 14:09:34.939 | INFO     | N/A | ⏳ 等待 Profile 更新任务...
2026-07-04 14:09:39.972 | INFO     | N/A | ⏳ 等待 Profile 更新任务...
2026-07-04 14:09:45.006 | INFO     | N/A | ⏳ 等待 Profile 更新任务...
2026-07-04 14:09:50.044 | INFO     | N/A | ⏳ 等待 Profile 更新任务...
2026-07-04 14:09:55.092 | INFO     | N/A | ⏳ 等待 Profile 更新任务...
2026-07-04 14:10:00.127 | INFO     | N/A | ⏳ 等待 Profile 更新任务...
2026-07-04 14:10:05.160 | INFO     | N/A | ⏳ 等待 Profile 更新任务...
2026-07-04 14:10:10.179 | INFO     | N/A | ⏳ 等待 Profile 更新任务...
2026-07-04 14:10:15.221 | INFO     | N/A | ⏳ 等待 Profile 更新任务...
2026-07-04 14:10:20.259 | INFO     | N/A | ⏳ 等待 Profile 更新任务...
2026-07-04 14:10:25.340 | INFO     | N/A | ⏳ 等待 Profile 更新任务...
2026-07-04 14:17:09.306 | ERROR    | N/A | Worker 主循环异常: Timeout reading from socket
Traceback (most recent call last):

  File "D:\毕业设计\Travel_python\.venv\Lib\site-packages\redis\_parsers\socket.py", line 64, in _read_from_socket
    data = sock.recv(socket_read_size)

TimeoutError: timed out


During handling of the above exception, another exception occurred:


Traceback (most recent call last):

  File "D:\毕业设计\Travel_python\travel_ai_python\app\service\profile_worker.py", line 194, in <module>
    run_worker()

> File "D:\毕业设计\Travel_python\travel_ai_python\app\service\profile_worker.py", line 169, in run_worker
    task_data = pop_profile_update_task(block=True, timeout=5)

  File "D:\毕业设计\Travel_python\travel_ai_python\app\utils\redis_client.py", line 43, in pop_profile_update_task
    result = redis_client.brpop(PROFILE_UPDATE_QUEUE, timeout=timeout)

  File "D:\毕业设计\Travel_python\.venv\Lib\site-packages\redis\commands\core.py", line 4751, in brpop
    return self.execute_command("BRPOP", *keys)
  File "D:\毕业设计\Travel_python\.venv\Lib\site-packages\redis\client.py", line 787, in execute_command
    return self._execute_command(*args, **options)
  File "D:\毕业设计\Travel_python\.venv\Lib\site-packages\redis\client.py", line 809, in _execute_command
    result = conn.retry.call_with_retry(
  File "D:\毕业设计\Travel_python\.venv\Lib\site-packages\redis\retry.py", line 132, in call_with_retry
    raise error
  File "D:\毕业设计\Travel_python\.venv\Lib\site-packages\redis\retry.py", line 120, in call_with_retry
    return do()
  File "D:\毕业设计\Travel_python\.venv\Lib\site-packages\redis\client.py", line 810, in <lambda>
    lambda: self._send_command_parse_response(
  File "D:\毕业设计\Travel_python\.venv\Lib\site-packages\redis\client.py", line 753, in _send_command_parse_response
    return self.parse_response(conn, command_name, **options)
  File "D:\毕业设计\Travel_python\.venv\Lib\site-packages\redis\client.py", line 853, in parse_response
    response = connection.read_response()
  File "D:\毕业设计\Travel_python\.venv\Lib\site-packages\redis\connection.py", line 1371, in read_response
    response = self._parser.read_response(
  File "D:\毕业设计\Travel_python\.venv\Lib\site-packages\redis\_parsers\resp3.py", line 40, in read_response
    result = self._read_response(
  File "D:\毕业设计\Travel_python\.venv\Lib\site-packages\redis\_parsers\resp3.py", line 65, in _read_response
    raw = self._buffer.readline(timeout=timeout)
  File "D:\毕业设计\Travel_python\.venv\Lib\site-packages\redis\_parsers\socket.py", line 117, in readline
    self._read_from_socket(timeout=timeout)
  File "D:\毕业设计\Travel_python\.venv\Lib\site-packages\redis\_parsers\socket.py", line 77, in _read_from_socket
    raise TimeoutError("Timeout reading from socket")

redis.exceptions.TimeoutError: Timeout reading from socket
2026-07-04 14:17:10.383 | INFO     | N/A | ⏳ 等待 Profile 更新任务...
2026-07-04 14:17:15.696 | INFO     | N/A | ⏳ 等待 Profile 更新任务...
2026-07-04 14:17:20.714 | INFO     | N/A | ⏳ 等待 Profile 更新任务...
2026-07-04 14:17:25.723 | INFO     | N/A | ⏳ 等待 Profile 更新任务...
2026-07-04 14:17:30.765 | INFO     | N/A | ⏳ 等待 Profile 更新任务...
2026-07-04 14:17:35.796 | INFO     | N/A | ⏳ 等待 Profile 更新任务...
2026-07-04 14:17:40.833 | INFO     | N/A | ⏳ 等待 Profile 更新任务...
2026-07-04 14:17:45.867 | INFO     | N/A | ⏳ 等待 Profile 更新任务...
2026-07-04 14:17:50.902 | INFO     | N/A | ⏳ 等待 Profile 更新任务...
2026-07-04 14:17:55.966 | INFO     | N/A | ⏳ 等待 Profile 更新任务...
2026-07-04 14:18:00.999 | INFO     | N/A | ⏳ 等待 Profile 更新任务...
2026-07-04 14:18:06.036 | INFO     | N/A | ⏳ 等待 Profile 更新任务...
2026-07-04 14:18:11.074 | INFO     | N/A | ⏳ 等待 Profile 更新任务...
2026-07-04 14:18:16.137 | INFO     | N/A | ⏳ 等待 Profile 更新任务...
2026-07-04 14:18:21.170 | INFO     | N/A | ⏳ 等待 Profile 更新任务...
2026-07-04 14:18:26.260 | INFO     | N/A | ⏳ 等待 Profile 更新任务...
2026-07-04 14:18:31.295 | INFO     | N/A | ⏳ 等待 Profile 更新任务...
2026-07-04 14:18:36.332 | INFO     | N/A | ⏳ 等待 Profile 更新任务...
2026-07-04 14:18:41.369 | INFO     | N/A | ⏳ 等待 Profile 更新任务...
2026-07-04 14:18:46.402 | INFO     | N/A | ⏳ 等待 Profile 更新任务...
2026-07-04 14:18:51.480 | INFO     | N/A | ⏳ 等待 Profile 更新任务...
2026-07-04 14:18:56.581 | INFO     | N/A | ⏳ 等待 Profile 更新任务...
2026-07-04 14:19:01.623 | INFO     | N/A | ⏳ 等待 Profile 更新任务...
2026-07-04 14:19:06.697 | INFO     | N/A | ⏳ 等待 Profile 更新任务...
2026-07-04 14:19:11.757 | INFO     | N/A | ⏳ 等待 Profile 更新任务...
2026-07-04 14:19:16.794 | INFO     | N/A | ⏳ 等待 Profile 更新任务...
2026-07-04 14:19:21.768 | INFO     | N/A | ⏳ 等待 Profile 更新任务...
2026-07-04 14:19:26.804 | INFO     | N/A | ⏳ 等待 Profile 更新任务...
2026-07-04 14:19:31.841 | INFO     | N/A | ⏳ 等待 Profile 更新任务...
2026-07-04 14:19:36.880 | INFO     | N/A | ⏳ 等待 Profile 更新任务...
2026-07-04 14:19:41.915 | INFO     | N/A | ⏳ 等待 Profile 更新任务...
2026-07-04 14:19:46.953 | INFO     | N/A | ⏳ 等待 Profile 更新任务...
2026-07-04 14:19:51.988 | INFO     | N/A | ⏳ 等待 Profile 更新任务...
2026-07-04 14:19:57.021 | INFO     | N/A | ⏳ 等待 Profile 更新任务...
2026-07-04 14:20:02.079 | INFO     | N/A | ⏳ 等待 Profile 更新任务...
2026-07-04 14:20:07.117 | INFO     | N/A | ⏳ 等待 Profile 更新任务...
2026-07-04 14:20:12.184 | INFO     | N/A | ⏳ 等待 Profile 更新任务...
2026-07-04 14:20:17.225 | INFO     | N/A | ⏳ 等待 Profile 更新任务...
2026-07-04 14:20:22.258 | INFO     | N/A | ⏳ 等待 Profile 更新任务...
2026-07-04 14:20:27.294 | INFO     | N/A | ⏳ 等待 Profile 更新任务...
2026-07-04 14:20:32.332 | INFO     | N/A | ⏳ 等待 Profile 更新任务...
2026-07-04 14:20:37.368 | INFO     | N/A | ⏳ 等待 Profile 更新任务...
2026-07-04 14:20:42.406 | INFO     | N/A | ⏳ 等待 Profile 更新任务...
2026-07-04 14:20:47.443 | INFO     | N/A | ⏳ 等待 Profile 更新任务...
2026-07-04 14:20:52.479 | INFO     | N/A | ⏳ 等待 Profile 更新任务...
2026-07-04 14:20:57.517 | INFO     | N/A | ⏳ 等待 Profile 更新任务...
2026-07-04 14:21:02.584 | INFO     | N/A | ⏳ 等待 Profile 更新任务...
2026-07-04 14:21:07.626 | INFO     | N/A | ⏳ 等待 Profile 更新任务...
2026-07-04 14:21:12.667 | INFO     | N/A | ⏳ 等待 Profile 更新任务...
2026-07-04 14:21:17.706 | INFO     | N/A | ⏳ 等待 Profile 更新任务...
2026-07-04 14:21:22.740 | INFO     | N/A | ⏳ 等待 Profile 更新任务...
2026-07-04 14:21:27.775 | INFO     | N/A | ⏳ 等待 Profile 更新任务...
2026-07-04 14:21:32.806 | INFO     | N/A | ⏳ 等待 Profile 更新任务...
2026-07-04 14:21:37.838 | INFO     | N/A | ⏳ 等待 Profile 更新任务...
2026-07-04 14:21:42.928 | INFO     | N/A | ⏳ 等待 Profile 更新任务...
2026-07-04 14:21:47.974 | INFO     | N/A | ⏳ 等待 Profile 更新任务...
2026-07-04 14:21:53.025 | INFO     | N/A | ⏳ 等待 Profile 更新任务...
2026-07-04 14:21:58.065 | INFO     | N/A | ⏳ 等待 Profile 更新任务...
2026-07-04 14:22:03.108 | INFO     | N/A | ⏳ 等待 Profile 更新任务...
2026-07-04 15:02:38.436 | ERROR    | N/A | Worker 主循环异常: Timeout reading from socket
Traceback (most recent call last):

  File "D:\毕业设计\Travel_python\.venv\Lib\site-packages\redis\_parsers\socket.py", line 64, in _read_from_socket
    data = sock.recv(socket_read_size)

TimeoutError: timed out


During handling of the above exception, another exception occurred:


Traceback (most recent call last):

  File "D:\毕业设计\Travel_python\travel_ai_python\app\service\profile_worker.py", line 194, in <module>
    run_worker()

> File "D:\毕业设计\Travel_python\travel_ai_python\app\service\profile_worker.py", line 169, in run_worker
    task_data = pop_profile_update_task(block=True, timeout=5)

  File "D:\毕业设计\Travel_python\travel_ai_python\app\utils\redis_client.py", line 43, in pop_profile_update_task
    result = redis_client.brpop(PROFILE_UPDATE_QUEUE, timeout=timeout)

  File "D:\毕业设计\Travel_python\.venv\Lib\site-packages\redis\commands\core.py", line 4751, in brpop
    return self.execute_command("BRPOP", *keys)
  File "D:\毕业设计\Travel_python\.venv\Lib\site-packages\redis\client.py", line 787, in execute_command
    return self._execute_command(*args, **options)
  File "D:\毕业设计\Travel_python\.venv\Lib\site-packages\redis\client.py", line 809, in _execute_command
    result = conn.retry.call_with_retry(
  File "D:\毕业设计\Travel_python\.venv\Lib\site-packages\redis\retry.py", line 132, in call_with_retry
    raise error
  File "D:\毕业设计\Travel_python\.venv\Lib\site-packages\redis\retry.py", line 120, in call_with_retry
    return do()
  File "D:\毕业设计\Travel_python\.venv\Lib\site-packages\redis\client.py", line 810, in <lambda>
    lambda: self._send_command_parse_response(
  File "D:\毕业设计\Travel_python\.venv\Lib\site-packages\redis\client.py", line 753, in _send_command_parse_response
    return self.parse_response(conn, command_name, **options)
  File "D:\毕业设计\Travel_python\.venv\Lib\site-packages\redis\client.py", line 853, in parse_response
    response = connection.read_response()
  File "D:\毕业设计\Travel_python\.venv\Lib\site-packages\redis\connection.py", line 1371, in read_response
    response = self._parser.read_response(
  File "D:\毕业设计\Travel_python\.venv\Lib\site-packages\redis\_parsers\resp3.py", line 40, in read_response
    result = self._read_response(
  File "D:\毕业设计\Travel_python\.venv\Lib\site-packages\redis\_parsers\resp3.py", line 65, in _read_response
    raw = self._buffer.readline(timeout=timeout)
  File "D:\毕业设计\Travel_python\.venv\Lib\site-packages\redis\_parsers\socket.py", line 117, in readline
    self._read_from_socket(timeout=timeout)
  File "D:\毕业设计\Travel_python\.venv\Lib\site-packages\redis\_parsers\socket.py", line 77, in _read_from_socket
    raise TimeoutError("Timeout reading from socket")

redis.exceptions.TimeoutError: Timeout reading from socket
2026-07-04 15:02:39.470 | INFO     | N/A | ⏳ 等待 Profile 更新任务...
2026-07-04 15:02:44.477 | ERROR    | N/A | Worker 主循环异常: Timeout connecting to server
Traceback (most recent call last):

  File "D:\毕业设计\Travel_python\.venv\Lib\site-packages\redis\connection.py", line 1033, in connect_check_health
    sock = self._connect()
  File "D:\毕业设计\Travel_python\.venv\Lib\site-packages\redis\connection.py", line 1581, in _connect
    raise err
  File "D:\毕业设计\Travel_python\.venv\Lib\site-packages\redis\connection.py", line 1565, in _connect
    sock.connect(socket_address)

TimeoutError: timed out


During handling of the above exception, another exception occurred:


Traceback (most recent call last):

  File "D:\毕业设计\Travel_python\travel_ai_python\app\service\profile_worker.py", line 194, in <module>
    run_worker()

> File "D:\毕业设计\Travel_python\travel_ai_python\app\service\profile_worker.py", line 169, in run_worker
    task_data = pop_profile_update_task(block=True, timeout=5)

  File "D:\毕业设计\Travel_python\travel_ai_python\app\utils\redis_client.py", line 43, in pop_profile_update_task
    result = redis_client.brpop(PROFILE_UPDATE_QUEUE, timeout=timeout)

  File "D:\毕业设计\Travel_python\.venv\Lib\site-packages\redis\commands\core.py", line 4751, in brpop
    return self.execute_command("BRPOP", *keys)
  File "D:\毕业设计\Travel_python\.venv\Lib\site-packages\redis\client.py", line 787, in execute_command
    return self._execute_command(*args, **options)
  File "D:\毕业设计\Travel_python\.venv\Lib\site-packages\redis\client.py", line 793, in _execute_command
    conn = self.connection or pool.get_connection()
  File "D:\毕业设计\Travel_python\.venv\Lib\site-packages\redis\utils.py", line 258, in wrapper
    return func(*args, **kwargs)
  File "D:\毕业设计\Travel_python\.venv\Lib\site-packages\redis\connection.py", line 3139, in get_connection
    connection.connect()
  File "D:\毕业设计\Travel_python\.venv\Lib\site-packages\redis\connection.py", line 1006, in connect
    self.retry.call_with_retry(
  File "D:\毕业设计\Travel_python\.venv\Lib\site-packages\redis\retry.py", line 132, in call_with_retry
    raise error
  File "D:\毕业设计\Travel_python\.venv\Lib\site-packages\redis\retry.py", line 120, in call_with_retry
    return do()
  File "D:\毕业设计\Travel_python\.venv\Lib\site-packages\redis\connection.py", line 1007, in <lambda>
    lambda: self.connect_check_health(
  File "D:\毕业设计\Travel_python\.venv\Lib\site-packages\redis\connection.py", line 1044, in connect_check_health
    raise e

redis.exceptions.TimeoutError: Timeout connecting to server
2026-07-04 15:02:45.491 | INFO     | N/A | ⏳ 等待 Profile 更新任务...
2026-07-04 15:02:50.580 | INFO     | N/A | ⏳ 等待 Profile 更新任务...
2026-07-04 15:02:55.758 | INFO     | N/A | ⏳ 等待 Profile 更新任务...
2026-07-04 15:03:00.934 | INFO     | N/A | ⏳ 等待 Profile 更新任务...
2026-07-04 15:03:05.958 | INFO     | N/A | ⏳ 等待 Profile 更新任务...
2026-07-04 15:03:11.022 | INFO     | N/A | ⏳ 等待 Profile 更新任务...
2026-07-04 15:03:16.049 | INFO     | N/A | ⏳ 等待 Profile 更新任务...
2026-07-04 15:03:21.121 | INFO     | N/A | ⏳ 等待 Profile 更新任务...
2026-07-04 15:03:26.148 | INFO     | N/A | ⏳ 等待 Profile 更新任务...
2026-07-04 15:03:31.161 | INFO     | N/A | ⏳ 等待 Profile 更新任务...
2026-07-04 15:03:36.192 | INFO     | N/A | ⏳ 等待 Profile 更新任务...
2026-07-04 15:03:41.224 | INFO     | N/A | ⏳ 等待 Profile 更新任务...
2026-07-04 15:03:46.255 | INFO     | N/A | ⏳ 等待 Profile 更新任务...
2026-07-04 15:03:51.286 | INFO     | N/A | ⏳ 等待 Profile 更新任务...
2026-07-04 15:03:56.317 | INFO     | N/A | ⏳ 等待 Profile 更新任务...
2026-07-04 15:04:01.370 | INFO     | N/A | ⏳ 等待 Profile 更新任务...
2026-07-04 15:04:06.412 | INFO     | N/A | ⏳ 等待 Profile 更新任务...
2026-07-04 15:04:11.426 | INFO     | N/A | ⏳ 等待 Profile 更新任务...
2026-07-04 15:04:16.458 | INFO     | N/A | ⏳ 等待 Profile 更新任务...
2026-07-04 15:04:21.509 | INFO     | N/A | ⏳ 等待 Profile 更新任务...
2026-07-04 15:04:26.542 | INFO     | N/A | ⏳ 等待 Profile 更新任务...
2026-07-04 15:04:31.569 | INFO     | N/A | ⏳ 等待 Profile 更新任务...
2026-07-04 15:04:36.596 | INFO     | N/A | ⏳ 等待 Profile 更新任务...
2026-07-04 15:04:41.629 | INFO     | N/A | ⏳ 等待 Profile 更新任务...
2026-07-04 15:04:46.656 | INFO     | N/A | ⏳ 等待 Profile 更新任务...
2026-07-04 15:04:51.685 | INFO     | N/A | ⏳ 等待 Profile 更新任务...
2026-07-04 15:04:56.713 | INFO     | N/A | ⏳ 等待 Profile 更新任务...
2026-07-04 15:05:01.753 | INFO     | N/A | ⏳ 等待 Profile 更新任务...
2026-07-04 15:05:06.784 | INFO     | N/A | ⏳ 等待 Profile 更新任务...
2026-07-04 15:05:11.856 | INFO     | N/A | ⏳ 等待 Profile 更新任务...
2026-07-04 15:05:16.905 | INFO     | N/A | ⏳ 等待 Profile 更新任务...
2026-07-04 15:05:21.807 | INFO     | N/A | ⏳ 等待 Profile 更新任务...
2026-07-04 15:05:26.834 | INFO     | N/A | ⏳ 等待 Profile 更新任务...
2026-07-04 15:05:31.866 | INFO     | N/A | ⏳ 等待 Profile 更新任务...
2026-07-04 15:05:36.890 | INFO     | N/A | ⏳ 等待 Profile 更新任务...
2026-07-04 15:05:41.916 | INFO     | N/A | ⏳ 等待 Profile 更新任务...
2026-07-04 15:05:46.945 | INFO     | N/A | ⏳ 等待 Profile 更新任务...
2026-07-04 15:05:52.041 | INFO     | N/A | ⏳ 等待 Profile 更新任务...
2026-07-04 15:05:57.076 | INFO     | N/A | ⏳ 等待 Profile 更新任务...
2026-07-04 15:06:02.108 | INFO     | N/A | ⏳ 等待 Profile 更新任务...
2026-07-04 15:06:07.151 | INFO     | N/A | ⏳ 等待 Profile 更新任务...
2026-07-04 15:06:12.181 | INFO     | N/A | ⏳ 等待 Profile 更新任务...
2026-07-04 15:06:17.208 | INFO     | N/A | ⏳ 等待 Profile 更新任务...
2026-07-04 15:06:22.242 | INFO     | N/A | ⏳ 等待 Profile 更新任务...
2026-07-04 15:06:27.315 | INFO     | N/A | ⏳ 等待 Profile 更新任务...
2026-07-04 15:06:32.346 | INFO     | N/A | ⏳ 等待 Profile 更新任务...
2026-07-04 15:06:37.380 | INFO     | N/A | ⏳ 等待 Profile 更新任务...
2026-07-04 15:06:42.422 | INFO     | N/A | ⏳ 等待 Profile 更新任务...
2026-07-04 15:06:47.451 | INFO     | N/A | ⏳ 等待 Profile 更新任务...
2026-07-04 15:06:52.478 | INFO     | N/A | ⏳ 等待 Profile 更新任务...
2026-07-04 15:06:57.516 | INFO     | N/A | ⏳ 等待 Profile 更新任务...
2026-07-04 15:07:02.543 | INFO     | N/A | ⏳ 等待 Profile 更新任务...
2026-07-04 15:07:07.587 | INFO     | N/A | ⏳ 等待 Profile 更新任务...
2026-07-04 15:07:12.614 | INFO     | N/A | ⏳ 等待 Profile 更新任务...
2026-07-04 15:07:17.647 | INFO     | N/A | ⏳ 等待 Profile 更新任务...
2026-07-04 15:07:22.726 | INFO     | N/A | ⏳ 等待 Profile 更新任务...
2026-07-04 15:07:27.751 | INFO     | N/A | ⏳ 等待 Profile 更新任务...
2026-07-04 15:07:32.776 | INFO     | N/A | ⏳ 等待 Profile 更新任务...
2026-07-04 15:07:37.804 | INFO     | N/A | ⏳ 等待 Profile 更新任务...
2026-07-04 15:07:42.859 | INFO     | N/A | ⏳ 等待 Profile 更新任务...
2026-07-04 15:07:47.887 | INFO     | N/A | ⏳ 等待 Profile 更新任务...
2026-07-04 15:07:52.920 | INFO     | N/A | ⏳ 等待 Profile 更新任务...
2026-07-04 15:07:57.957 | INFO     | N/A | ⏳ 等待 Profile 更新任务...
2026-07-04 15:08:02.988 | INFO     | N/A | ⏳ 等待 Profile 更新任务...
2026-07-04 15:08:08.018 | INFO     | N/A | ⏳ 等待 Profile 更新任务...
2026-07-04 15:08:13.062 | INFO     | N/A | ⏳ 等待 Profile 更新任务...
2026-07-04 15:08:18.131 | INFO     | N/A | ⏳ 等待 Profile 更新任务...
2026-07-04 15:08:23.156 | INFO     | N/A | ⏳ 等待 Profile 更新任务...
2026-07-04 15:08:28.196 | INFO     | N/A | ⏳ 等待 Profile 更新任务...
2026-07-04 15:08:33.222 | INFO     | N/A | ⏳ 等待 Profile 更新任务...
2026-07-04 15:08:38.250 | INFO     | N/A | ⏳ 等待 Profile 更新任务...
2026-07-04 15:08:43.278 | INFO     | N/A | ⏳ 等待 Profile 更新任务...
2026-07-04 15:08:48.306 | INFO     | N/A | ⏳ 等待 Profile 更新任务...
2026-07-04 15:08:53.339 | INFO     | N/A | ⏳ 等待 Profile 更新任务...
2026-07-04 15:08:58.372 | INFO     | N/A | ⏳ 等待 Profile 更新任务...
2026-07-04 15:09:03.412 | INFO     | N/A | ⏳ 等待 Profile 更新任务...
2026-07-04 15:09:08.504 | INFO     | N/A | ⏳ 等待 Profile 更新任务...
2026-07-04 15:09:13.530 | INFO     | N/A | ⏳ 等待 Profile 更新任务...
2026-07-04 15:09:18.561 | INFO     | N/A | ⏳ 等待 Profile 更新任务...
2026-07-04 15:09:23.649 | INFO     | N/A | ⏳ 等待 Profile 更新任务...
2026-07-04 15:09:28.681 | INFO     | N/A | ⏳ 等待 Profile 更新任务...
2026-07-04 15:09:33.713 | INFO     | N/A | ⏳ 等待 Profile 更新任务...
2026-07-04 15:09:38.756 | INFO     | N/A | ⏳ 等待 Profile 更新任务...
2026-07-04 15:09:43.790 | INFO     | N/A | ⏳ 等待 Profile 更新任务...
2026-07-04 15:09:48.846 | INFO     | N/A | ⏳ 等待 Profile 更新任务...
2026-07-04 15:09:53.877 | INFO     | N/A | ⏳ 等待 Profile 更新任务...
2026-07-04 15:09:58.916 | INFO     | N/A | ⏳ 等待 Profile 更新任务...
2026-07-04 15:10:03.986 | INFO     | N/A | ⏳ 等待 Profile 更新任务...
2026-07-04 15:10:09.047 | INFO     | N/A | ⏳ 等待 Profile 更新任务...
2026-07-04 15:10:14.075 | INFO     | N/A | ⏳ 等待 Profile 更新任务...
2026-07-04 15:10:19.122 | INFO     | N/A | ⏳ 等待 Profile 更新任务...
2026-07-04 15:10:24.152 | INFO     | N/A | ⏳ 等待 Profile 更新任务...
2026-07-04 15:10:29.182 | INFO     | N/A | ⏳ 等待 Profile 更新任务...
2026-07-04 15:10:34.208 | INFO     | N/A | ⏳ 等待 Profile 更新任务...
2026-07-04 15:10:39.230 | INFO     | N/A | ⏳ 等待 Profile 更新任务...
2026-07-04 15:10:44.260 | INFO     | N/A | ⏳ 等待 Profile 更新任务...
2026-07-04 15:10:49.312 | INFO     | N/A | ⏳ 等待 Profile 更新任务...
2026-07-04 15:10:54.366 | INFO     | N/A | ⏳ 等待 Profile 更新任务...
2026-07-04 15:10:59.387 | INFO     | N/A | ⏳ 等待 Profile 更新任务...
2026-07-04 15:11:04.436 | INFO     | N/A | ⏳ 等待 Profile 更新任务...
2026-07-04 15:11:09.465 | INFO     | N/A | ⏳ 等待 Profile 更新任务...
2026-07-04 15:11:14.498 | INFO     | N/A | ⏳ 等待 Profile 更新任务...
2026-07-04 15:11:19.523 | INFO     | N/A | ⏳ 等待 Profile 更新任务...
2026-07-04 15:11:24.548 | INFO     | N/A | ⏳ 等待 Profile 更新任务...
2026-07-04 15:11:29.584 | INFO     | N/A | ⏳ 等待 Profile 更新任务...
2026-07-04 15:11:34.613 | INFO     | N/A | ⏳ 等待 Profile 更新任务...
2026-07-04 15:11:39.647 | INFO     | N/A | ⏳ 等待 Profile 更新任务...
2026-07-04 15:11:44.678 | INFO     | N/A | ⏳ 等待 Profile 更新任务...
2026-07-04 15:11:49.714 | INFO     | N/A | ⏳ 等待 Profile 更新任务...
2026-07-04 15:11:54.751 | INFO     | N/A | ⏳ 等待 Profile 更新任务...
2026-07-04 15:11:59.783 | INFO     | N/A | ⏳ 等待 Profile 更新任务...
2026-07-04 15:12:04.817 | INFO     | N/A | ⏳ 等待 Profile 更新任务...
2026-07-04 15:12:09.850 | INFO     | N/A | ⏳ 等待 Profile 更新任务...
2026-07-04 15:12:14.855 | INFO     | N/A | ⏳ 等待 Profile 更新任务...
2026-07-04 15:12:19.889 | INFO     | N/A | ⏳ 等待 Profile 更新任务...
2026-07-04 15:12:24.923 | INFO     | N/A | ⏳ 等待 Profile 更新任务...
2026-07-04 15:12:29.959 | INFO     | N/A | ⏳ 等待 Profile 更新任务...
2026-07-04 15:12:34.996 | INFO     | N/A | ⏳ 等待 Profile 更新任务...
2026-07-04 15:12:40.035 | INFO     | N/A | ⏳ 等待 Profile 更新任务...
2026-07-04 15:12:45.072 | INFO     | N/A | ⏳ 等待 Profile 更新任务...
2026-07-04 15:12:50.104 | INFO     | N/A | ⏳ 等待 Profile 更新任务...
2026-07-04 15:12:55.139 | INFO     | N/A | ⏳ 等待 Profile 更新任务...
2026-07-04 15:13:00.177 | INFO     | N/A | ⏳ 等待 Profile 更新任务...
2026-07-04 15:13:05.214 | INFO     | N/A | ⏳ 等待 Profile 更新任务...
2026-07-04 15:13:10.252 | INFO     | N/A | ⏳ 等待 Profile 更新任务...
2026-07-04 15:13:15.290 | INFO     | N/A | ⏳ 等待 Profile 更新任务...
2026-07-04 15:13:20.329 | INFO     | N/A | ⏳ 等待 Profile 更新任务...
2026-07-04 15:13:25.363 | INFO     | N/A | ⏳ 等待 Profile 更新任务...
2026-07-04 15:13:30.457 | INFO     | N/A | ⏳ 等待 Profile 更新任务...
2026-07-04 15:13:35.525 | INFO     | N/A | ⏳ 等待 Profile 更新任务...
2026-07-04 15:13:40.557 | INFO     | N/A | ⏳ 等待 Profile 更新任务...
2026-07-04 15:13:45.619 | INFO     | N/A | ⏳ 等待 Profile 更新任务...
2026-07-04 15:13:50.649 | INFO     | N/A | ⏳ 等待 Profile 更新任务...
2026-07-04 15:13:55.678 | INFO     | N/A | ⏳ 等待 Profile 更新任务...
2026-07-04 15:14:00.710 | INFO     | N/A | ⏳ 等待 Profile 更新任务...
2026-07-04 15:14:05.740 | INFO     | N/A | ⏳ 等待 Profile 更新任务...
2026-07-04 15:14:10.865 | INFO     | N/A | ⏳ 等待 Profile 更新任务...
2026-07-04 15:14:15.926 | INFO     | N/A | ⏳ 等待 Profile 更新任务...
2026-07-04 15:14:20.957 | INFO     | N/A | ⏳ 等待 Profile 更新任务...
2026-07-04 15:14:25.989 | INFO     | N/A | ⏳ 等待 Profile 更新任务...
2026-07-04 15:14:31.027 | INFO     | N/A | ⏳ 等待 Profile 更新任务...
2026-07-04 15:14:36.102 | INFO     | N/A | ⏳ 等待 Profile 更新任务...
2026-07-04 15:14:41.135 | INFO     | N/A | ⏳ 等待 Profile 更新任务...
2026-07-04 15:14:46.162 | INFO     | N/A | ⏳ 等待 Profile 更新任务...
2026-07-04 15:14:51.193 | INFO     | N/A | ⏳ 等待 Profile 更新任务...
2026-07-04 15:14:56.239 | INFO     | N/A | ⏳ 等待 Profile 更新任务...
2026-07-04 15:15:01.266 | INFO     | N/A | ⏳ 等待 Profile 更新任务...
2026-07-04 15:15:06.310 | INFO     | N/A | ⏳ 等待 Profile 更新任务...
2026-07-04 15:15:11.341 | INFO     | N/A | ⏳ 等待 Profile 更新任务...
2026-07-04 15:15:16.374 | INFO     | N/A | ⏳ 等待 Profile 更新任务...
2026-07-04 15:15:21.439 | INFO     | N/A | ⏳ 等待 Profile 更新任务...
2026-07-04 15:15:26.469 | INFO     | N/A | ⏳ 等待 Profile 更新任务...
2026-07-04 15:15:31.502 | INFO     | N/A | ⏳ 等待 Profile 更新任务...
2026-07-04 15:15:36.528 | INFO     | N/A | ⏳ 等待 Profile 更新任务...
2026-07-04 15:15:41.561 | INFO     | N/A | ⏳ 等待 Profile 更新任务...
2026-07-04 15:15:46.593 | INFO     | N/A | ⏳ 等待 Profile 更新任务...
2026-07-04 15:15:51.620 | INFO     | N/A | ⏳ 等待 Profile 更新任务...
2026-07-04 15:15:56.648 | INFO     | N/A | ⏳ 等待 Profile 更新任务...
2026-07-04 15:16:01.684 | INFO     | N/A | ⏳ 等待 Profile 更新任务...
2026-07-04 15:16:06.713 | INFO     | N/A | ⏳ 等待 Profile 更新任务...
2026-07-04 15:16:11.743 | INFO     | N/A | ⏳ 等待 Profile 更新任务...
2026-07-04 15:16:16.816 | INFO     | N/A | ⏳ 等待 Profile 更新任务...
2026-07-04 15:16:21.847 | INFO     | N/A | ⏳ 等待 Profile 更新任务...
2026-07-04 15:16:26.874 | INFO     | N/A | ⏳ 等待 Profile 更新任务...
2026-07-04 15:16:31.904 | INFO     | N/A | ⏳ 等待 Profile 更新任务...
2026-07-04 15:16:36.963 | INFO     | N/A | ⏳ 等待 Profile 更新任务...
2026-07-04 15:16:41.993 | INFO     | N/A | ⏳ 等待 Profile 更新任务...
2026-07-04 15:16:47.023 | INFO     | N/A | ⏳ 等待 Profile 更新任务...
2026-07-04 15:16:52.086 | INFO     | N/A | ⏳ 等待 Profile 更新任务...
2026-07-04 15:16:57.121 | INFO     | N/A | ⏳ 等待 Profile 更新任务...
2026-07-04 15:17:02.160 | INFO     | N/A | ⏳ 等待 Profile 更新任务...
2026-07-04 15:17:07.196 | INFO     | N/A | ⏳ 等待 Profile 更新任务...
2026-07-04 15:17:12.232 | INFO     | N/A | ⏳ 等待 Profile 更新任务...
2026-07-04 15:17:17.268 | INFO     | N/A | ⏳ 等待 Profile 更新任务...
2026-07-04 15:17:22.306 | INFO     | N/A | ⏳ 等待 Profile 更新任务...
2026-07-04 15:17:27.339 | INFO     | N/A | ⏳ 等待 Profile 更新任务...
2026-07-04 15:17:32.372 | INFO     | N/A | ⏳ 等待 Profile 更新任务...
2026-07-04 15:17:37.412 | INFO     | N/A | ⏳ 等待 Profile 更新任务...
2026-07-04 15:17:42.424 | INFO     | N/A | ⏳ 等待 Profile 更新任务...
2026-07-04 15:17:47.459 | INFO     | N/A | ⏳ 等待 Profile 更新任务...
2026-07-04 15:17:52.492 | INFO     | N/A | ⏳ 等待 Profile 更新任务...
2026-07-04 15:17:57.526 | INFO     | N/A | ⏳ 等待 Profile 更新任务...
2026-07-04 15:18:02.573 | INFO     | N/A | ⏳ 等待 Profile 更新任务...
2026-07-04 15:18:07.607 | INFO     | N/A | ⏳ 等待 Profile 更新任务...
2026-07-04 15:18:12.636 | INFO     | N/A | ⏳ 等待 Profile 更新任务...
2026-07-04 15:18:17.666 | INFO     | N/A | ⏳ 等待 Profile 更新任务...
2026-07-04 15:18:22.700 | INFO     | N/A | ⏳ 等待 Profile 更新任务...
2026-07-04 15:18:27.753 | INFO     | N/A | ⏳ 等待 Profile 更新任务...
2026-07-04 15:18:32.784 | INFO     | N/A | ⏳ 等待 Profile 更新任务...
2026-07-04 15:18:37.853 | INFO     | N/A | ⏳ 等待 Profile 更新任务...
2026-07-04 15:18:42.886 | INFO     | N/A | ⏳ 等待 Profile 更新任务...
2026-07-04 15:18:47.922 | INFO     | N/A | ⏳ 等待 Profile 更新任务...
2026-07-04 15:18:52.943 | INFO     | N/A | ⏳ 等待 Profile 更新任务...
2026-07-04 15:18:57.979 | INFO     | N/A | ⏳ 等待 Profile 更新任务...
2026-07-04 15:19:03.014 | INFO     | N/A | ⏳ 等待 Profile 更新任务...
2026-07-04 15:19:08.049 | INFO     | N/A | ⏳ 等待 Profile 更新任务...
2026-07-04 15:19:13.084 | INFO     | N/A | ⏳ 等待 Profile 更新任务...
2026-07-04 15:19:18.119 | INFO     | N/A | ⏳ 等待 Profile 更新任务...
2026-07-04 15:19:23.150 | INFO     | N/A | ⏳ 等待 Profile 更新任务...
2026-07-04 15:19:28.186 | INFO     | N/A | ⏳ 等待 Profile 更新任务...
2026-07-04 15:19:33.222 | INFO     | N/A | ⏳ 等待 Profile 更新任务...
2026-07-04 15:19:38.256 | INFO     | N/A | ⏳ 等待 Profile 更新任务...
2026-07-04 15:19:43.291 | INFO     | N/A | ⏳ 等待 Profile 更新任务...
2026-07-04 15:19:48.325 | INFO     | N/A | ⏳ 等待 Profile 更新任务...
2026-07-04 15:19:53.361 | INFO     | N/A | ⏳ 等待 Profile 更新任务...
2026-07-04 15:19:58.430 | INFO     | N/A | ⏳ 等待 Profile 更新任务...
2026-07-04 15:20:03.488 | INFO     | N/A | ⏳ 等待 Profile 更新任务...
2026-07-04 15:20:08.523 | INFO     | N/A | ⏳ 等待 Profile 更新任务...
2026-07-04 15:20:13.555 | INFO     | N/A | ⏳ 等待 Profile 更新任务...
2026-07-04 15:20:18.599 | INFO     | N/A | ⏳ 等待 Profile 更新任务...
2026-07-04 15:20:23.630 | INFO     | N/A | ⏳ 等待 Profile 更新任务...
2026-07-04 15:20:28.658 | INFO     | N/A | ⏳ 等待 Profile 更新任务...
2026-07-04 15:20:33.753 | INFO     | N/A | ⏳ 等待 Profile 更新任务...
2026-07-04 15:20:38.765 | INFO     | N/A | ⏳ 等待 Profile 更新任务...
2026-07-04 15:20:43.863 | INFO     | N/A | ⏳ 等待 Profile 更新任务...
2026-07-04 15:20:48.915 | INFO     | N/A | ⏳ 等待 Profile 更新任务...
2026-07-04 15:20:54.003 | INFO     | N/A | ⏳ 等待 Profile 更新任务...
2026-07-04 15:20:59.088 | INFO     | N/A | ⏳ 等待 Profile 更新任务...
2026-07-04 15:21:04.137 | INFO     | N/A | ⏳ 等待 Profile 更新任务...
2026-07-04 15:21:09.169 | INFO     | N/A | ⏳ 等待 Profile 更新任务...
2026-07-04 15:21:14.200 | INFO     | N/A | ⏳ 等待 Profile 更新任务...
2026-07-04 15:21:19.260 | INFO     | N/A | ⏳ 等待 Profile 更新任务...
2026-07-04 15:21:24.291 | INFO     | N/A | ⏳ 等待 Profile 更新任务...
2026-07-04 15:21:29.328 | INFO     | N/A | ⏳ 等待 Profile 更新任务...
2026-07-04 15:21:34.358 | INFO     | N/A | ⏳ 等待 Profile 更新任务...
2026-07-04 15:21:39.386 | INFO     | N/A | ⏳ 等待 Profile 更新任务...
2026-07-04 15:21:44.424 | INFO     | N/A | ⏳ 等待 Profile 更新任务...
2026-07-04 15:21:49.460 | INFO     | N/A | ⏳ 等待 Profile 更新任务...
2026-07-04 15:21:54.515 | INFO     | N/A | ⏳ 等待 Profile 更新任务...
2026-07-04 15:21:59.546 | INFO     | N/A | ⏳ 等待 Profile 更新任务...
2026-07-04 15:22:04.574 | INFO     | N/A | ⏳ 等待 Profile 更新任务...
2026-07-04 15:22:09.605 | INFO     | N/A | ⏳ 等待 Profile 更新任务...
2026-07-04 15:22:14.653 | INFO     | N/A | ⏳ 等待 Profile 更新任务...
2026-07-04 15:22:19.684 | INFO     | N/A | ⏳ 等待 Profile 更新任务...
2026-07-04 15:22:24.730 | INFO     | N/A | ⏳ 等待 Profile 更新任务...
2026-07-04 15:22:29.765 | INFO     | N/A | ⏳ 等待 Profile 更新任务...
2026-07-04 15:22:34.793 | INFO     | N/A | ⏳ 等待 Profile 更新任务...
2026-07-04 15:22:39.824 | INFO     | N/A | ⏳ 等待 Profile 更新任务...
2026-07-04 15:22:44.853 | INFO     | N/A | ⏳ 等待 Profile 更新任务...
2026-07-04 15:22:49.887 | INFO     | N/A | ⏳ 等待 Profile 更新任务...
2026-07-04 15:22:54.918 | INFO     | N/A | ⏳ 等待 Profile 更新任务...
2026-07-04 15:22:59.950 | INFO     | N/A | ⏳ 等待 Profile 更新任务...
2026-07-04 15:23:04.980 | INFO     | N/A | ⏳ 等待 Profile 更新任务...
2026-07-04 15:23:10.019 | INFO     | N/A | ⏳ 等待 Profile 更新任务...
2026-07-04 15:23:15.056 | INFO     | N/A | ⏳ 等待 Profile 更新任务...
2026-07-04 15:23:20.086 | INFO     | N/A | ⏳ 等待 Profile 更新任务...
2026-07-04 15:23:25.119 | INFO     | N/A | ⏳ 等待 Profile 更新任务...
2026-07-04 15:23:30.157 | INFO     | N/A | ⏳ 等待 Profile 更新任务...
2026-07-04 15:23:35.187 | INFO     | N/A | ⏳ 等待 Profile 更新任务...
2026-07-04 15:23:40.217 | INFO     | N/A | ⏳ 等待 Profile 更新任务...
2026-07-04 15:23:45.258 | INFO     | N/A | ⏳ 等待 Profile 更新任务...
2026-07-04 15:23:50.293 | INFO     | N/A | ⏳ 等待 Profile 更新任务...
2026-07-04 15:23:55.322 | INFO     | N/A | ⏳ 等待 Profile 更新任务...
2026-07-04 15:24:00.358 | INFO     | N/A | ⏳ 等待 Profile 更新任务...
2026-07-04 15:24:05.393 | INFO     | N/A | ⏳ 等待 Profile 更新任务...
2026-07-04 15:24:10.428 | INFO     | N/A | ⏳ 等待 Profile 更新任务...
2026-07-04 15:24:15.474 | INFO     | N/A | ⏳ 等待 Profile 更新任务...
2026-07-04 15:24:20.513 | INFO     | N/A | ⏳ 等待 Profile 更新任务...
2026-07-04 15:24:25.548 | INFO     | N/A | ⏳ 等待 Profile 更新任务...
2026-07-04 15:24:30.583 | INFO     | N/A | ⏳ 等待 Profile 更新任务...
2026-07-04 15:24:35.615 | INFO     | N/A | ⏳ 等待 Profile 更新任务...
2026-07-04 15:24:40.646 | INFO     | N/A | ⏳ 等待 Profile 更新任务...
2026-07-04 15:24:45.676 | INFO     | N/A | ⏳ 等待 Profile 更新任务...
2026-07-04 15:24:50.710 | INFO     | N/A | ⏳ 等待 Profile 更新任务...
2026-07-04 15:24:55.745 | INFO     | N/A | ⏳ 等待 Profile 更新任务...
2026-07-04 15:25:00.783 | INFO     | N/A | ⏳ 等待 Profile 更新任务...
2026-07-04 15:25:05.817 | INFO     | N/A | ⏳ 等待 Profile 更新任务...
2026-07-04 15:25:10.848 | INFO     | N/A | ⏳ 等待 Profile 更新任务...
2026-07-04 15:25:15.881 | INFO     | N/A | ⏳ 等待 Profile 更新任务...
2026-07-04 15:25:20.916 | INFO     | N/A | ⏳ 等待 Profile 更新任务...
2026-07-04 15:25:25.952 | INFO     | N/A | ⏳ 等待 Profile 更新任务...
2026-07-04 15:25:30.984 | INFO     | N/A | ⏳ 等待 Profile 更新任务...
2026-07-04 15:25:36.021 | INFO     | N/A | ⏳ 等待 Profile 更新任务...
2026-07-04 15:25:41.054 | INFO     | N/A | ⏳ 等待 Profile 更新任务...
2026-07-04 15:25:46.083 | INFO     | N/A | ⏳ 等待 Profile 更新任务...
2026-07-04 15:25:51.113 | INFO     | N/A | ⏳ 等待 Profile 更新任务...
2026-07-04 15:25:56.144 | INFO     | N/A | ⏳ 等待 Profile 更新任务...
2026-07-04 15:26:01.170 | INFO     | N/A | ⏳ 等待 Profile 更新任务...
2026-07-04 15:26:06.201 | INFO     | N/A | ⏳ 等待 Profile 更新任务...
2026-07-04 15:26:11.226 | INFO     | N/A | ⏳ 等待 Profile 更新任务...
2026-07-04 15:26:16.256 | INFO     | N/A | ⏳ 等待 Profile 更新任务...
2026-07-04 15:26:21.289 | INFO     | N/A | ⏳ 等待 Profile 更新任务...
2026-07-04 15:26:26.333 | INFO     | N/A | ⏳ 等待 Profile 更新任务...
2026-07-04 15:26:31.365 | INFO     | N/A | ⏳ 等待 Profile 更新任务...
2026-07-04 15:26:36.395 | INFO     | N/A | ⏳ 等待 Profile 更新任务...
2026-07-04 15:26:41.447 | INFO     | N/A | ⏳ 等待 Profile 更新任务...
2026-07-04 15:26:46.481 | INFO     | N/A | ⏳ 等待 Profile 更新任务...
2026-07-04 15:26:51.515 | INFO     | N/A | ⏳ 等待 Profile 更新任务...
2026-07-04 15:26:56.553 | INFO     | N/A | ⏳ 等待 Profile 更新任务...
2026-07-04 15:27:01.588 | INFO     | N/A | ⏳ 等待 Profile 更新任务...
2026-07-04 15:27:06.618 | INFO     | N/A | ⏳ 等待 Profile 更新任务...
2026-07-04 15:27:11.648 | INFO     | N/A | ⏳ 等待 Profile 更新任务...
2026-07-04 15:27:16.682 | INFO     | N/A | ⏳ 等待 Profile 更新任务...
2026-07-04 15:27:21.711 | INFO     | N/A | ⏳ 等待 Profile 更新任务...
2026-07-04 15:27:26.746 | INFO     | N/A | ⏳ 等待 Profile 更新任务...
2026-07-04 15:27:31.777 | INFO     | N/A | ⏳ 等待 Profile 更新任务...
2026-07-04 15:27:36.810 | INFO     | N/A | ⏳ 等待 Profile 更新任务...
2026-07-04 15:27:41.838 | INFO     | N/A | ⏳ 等待 Profile 更新任务...
2026-07-04 15:27:46.867 | INFO     | N/A | ⏳ 等待 Profile 更新任务...
2026-07-04 15:27:51.894 | INFO     | N/A | ⏳ 等待 Profile 更新任务...
2026-07-04 15:27:56.932 | INFO     | N/A | ⏳ 等待 Profile 更新任务...
2026-07-04 15:28:01.957 | INFO     | N/A | ⏳ 等待 Profile 更新任务...
2026-07-04 15:28:06.989 | INFO     | N/A | ⏳ 等待 Profile 更新任务...
2026-07-04 15:28:12.020 | INFO     | N/A | ⏳ 等待 Profile 更新任务...
2026-07-04 15:28:17.054 | INFO     | N/A | ⏳ 等待 Profile 更新任务...
2026-07-04 15:28:22.083 | INFO     | N/A | ⏳ 等待 Profile 更新任务...
2026-07-04 15:28:27.114 | INFO     | N/A | ⏳ 等待 Profile 更新任务...
2026-07-04 15:28:32.143 | INFO     | N/A | ⏳ 等待 Profile 更新任务...
2026-07-04 15:28:37.176 | INFO     | N/A | ⏳ 等待 Profile 更新任务...
2026-07-04 15:28:42.215 | INFO     | N/A | ⏳ 等待 Profile 更新任务...
2026-07-04 15:28:47.246 | INFO     | N/A | ⏳ 等待 Profile 更新任务...
2026-07-04 15:28:52.278 | INFO     | N/A | ⏳ 等待 Profile 更新任务...
2026-07-04 15:28:57.311 | INFO     | N/A | ⏳ 等待 Profile 更新任务...
2026-07-04 15:29:02.349 | INFO     | N/A | ⏳ 等待 Profile 更新任务...
2026-07-04 15:29:07.384 | INFO     | N/A | ⏳ 等待 Profile 更新任务...
2026-07-04 15:29:12.421 | INFO     | N/A | ⏳ 等待 Profile 更新任务...
2026-07-04 15:29:17.448 | INFO     | N/A | ⏳ 等待 Profile 更新任务...
2026-07-04 15:29:22.483 | INFO     | N/A | ⏳ 等待 Profile 更新任务...
2026-07-04 15:29:27.513 | INFO     | N/A | ⏳ 等待 Profile 更新任务...
2026-07-04 15:29:32.543 | INFO     | N/A | ⏳ 等待 Profile 更新任务...
2026-07-04 15:29:37.576 | INFO     | N/A | ⏳ 等待 Profile 更新任务...
2026-07-04 15:29:42.610 | INFO     | N/A | ⏳ 等待 Profile 更新任务...
2026-07-04 15:29:47.644 | INFO     | N/A | ⏳ 等待 Profile 更新任务...
2026-07-04 15:29:52.683 | INFO     | N/A | ⏳ 等待 Profile 更新任务...
2026-07-04 15:29:57.718 | INFO     | N/A | ⏳ 等待 Profile 更新任务...
2026-07-04 15:30:02.758 | INFO     | N/A | ⏳ 等待 Profile 更新任务...
2026-07-04 15:30:07.810 | INFO     | N/A | ⏳ 等待 Profile 更新任务...
2026-07-04 15:30:12.845 | INFO     | N/A | ⏳ 等待 Profile 更新任务...
2026-07-04 15:30:17.888 | INFO     | N/A | ⏳ 等待 Profile 更新任务...
2026-07-04 15:30:22.925 | INFO     | N/A | ⏳ 等待 Profile 更新任务...
2026-07-04 15:30:27.968 | INFO     | N/A | ⏳ 等待 Profile 更新任务...
2026-07-04 15:30:33.006 | INFO     | N/A | ⏳ 等待 Profile 更新任务...
2026-07-04 15:30:38.043 | INFO     | N/A | ⏳ 等待 Profile 更新任务...
2026-07-04 15:30:43.079 | INFO     | N/A | ⏳ 等待 Profile 更新任务...
2026-07-04 15:30:48.115 | INFO     | N/A | ⏳ 等待 Profile 更新任务...
2026-07-04 15:30:53.187 | INFO     | N/A | ⏳ 等待 Profile 更新任务...
2026-07-04 15:30:58.221 | INFO     | N/A | ⏳ 等待 Profile 更新任务...
2026-07-04 15:31:03.256 | INFO     | N/A | ⏳ 等待 Profile 更新任务...
2026-07-04 15:31:08.291 | INFO     | N/A | ⏳ 等待 Profile 更新任务...
2026-07-04 15:31:13.326 | INFO     | N/A | ⏳ 等待 Profile 更新任务...
2026-07-04 15:31:18.375 | INFO     | N/A | ⏳ 等待 Profile 更新任务...
2026-07-04 15:31:23.416 | INFO     | N/A | ⏳ 等待 Profile 更新任务...
2026-07-04 15:31:28.448 | INFO     | N/A | ⏳ 等待 Profile 更新任务...
2026-07-04 15:31:33.481 | INFO     | N/A | ⏳ 等待 Profile 更新任务...
2026-07-04 15:31:38.515 | INFO     | N/A | ⏳ 等待 Profile 更新任务...
2026-07-04 15:31:43.552 | INFO     | N/A | ⏳ 等待 Profile 更新任务...
2026-07-04 15:31:48.590 | INFO     | N/A | ⏳ 等待 Profile 更新任务...
2026-07-04 15:31:53.626 | INFO     | N/A | ⏳ 等待 Profile 更新任务...
2026-07-04 15:31:58.662 | INFO     | N/A | ⏳ 等待 Profile 更新任务...
2026-07-04 15:32:03.703 | INFO     | N/A | ⏳ 等待 Profile 更新任务...
2026-07-04 15:32:08.739 | INFO     | N/A | ⏳ 等待 Profile 更新任务...
2026-07-04 15:32:13.782 | INFO     | N/A | ⏳ 等待 Profile 更新任务...
2026-07-04 15:32:18.823 | INFO     | N/A | ⏳ 等待 Profile 更新任务...
2026-07-04 15:32:23.857 | INFO     | N/A | ⏳ 等待 Profile 更新任务...
2026-07-04 15:32:28.889 | INFO     | N/A | ⏳ 等待 Profile 更新任务...
2026-07-04 15:32:33.921 | INFO     | N/A | ⏳ 等待 Profile 更新任务...
2026-07-04 15:32:38.955 | INFO     | N/A | ⏳ 等待 Profile 更新任务...
2026-07-04 15:32:43.990 | INFO     | N/A | ⏳ 等待 Profile 更新任务...
2026-07-04 15:32:49.023 | INFO     | N/A | ⏳ 等待 Profile 更新任务...
2026-07-04 15:32:54.057 | INFO     | N/A | ⏳ 等待 Profile 更新任务...
2026-07-04 15:32:59.096 | INFO     | N/A | ⏳ 等待 Profile 更新任务...
2026-07-04 15:33:04.132 | INFO     | N/A | ⏳ 等待 Profile 更新任务...
2026-07-04 15:33:09.166 | INFO     | N/A | ⏳ 等待 Profile 更新任务...
2026-07-04 15:33:14.203 | INFO     | N/A | ⏳ 等待 Profile 更新任务...
2026-07-04 15:33:19.247 | INFO     | N/A | ⏳ 等待 Profile 更新任务...
2026-07-04 15:33:24.281 | INFO     | N/A | ⏳ 等待 Profile 更新任务...
2026-07-04 15:33:29.318 | INFO     | N/A | ⏳ 等待 Profile 更新任务...
2026-07-04 15:33:34.353 | INFO     | N/A | ⏳ 等待 Profile 更新任务...
2026-07-04 15:33:39.394 | INFO     | N/A | ⏳ 等待 Profile 更新任务...
2026-07-04 15:33:44.429 | INFO     | N/A | ⏳ 等待 Profile 更新任务...
2026-07-04 15:33:49.468 | INFO     | N/A | ⏳ 等待 Profile 更新任务...
2026-07-04 15:33:54.495 | INFO     | N/A | ⏳ 等待 Profile 更新任务...
2026-07-04 15:33:59.519 | INFO     | N/A | ⏳ 等待 Profile 更新任务...
2026-07-04 15:34:04.553 | INFO     | N/A | ⏳ 等待 Profile 更新任务...
2026-07-04 15:34:09.578 | INFO     | N/A | ⏳ 等待 Profile 更新任务...
2026-07-04 15:34:14.605 | INFO     | N/A | ⏳ 等待 Profile 更新任务...
2026-07-04 15:34:19.637 | INFO     | N/A | ⏳ 等待 Profile 更新任务...
2026-07-04 15:34:24.663 | INFO     | N/A | ⏳ 等待 Profile 更新任务...
2026-07-04 15:34:29.691 | INFO     | N/A | ⏳ 等待 Profile 更新任务...
2026-07-04 15:34:34.718 | INFO     | N/A | ⏳ 等待 Profile 更新任务...
2026-07-04 15:34:39.744 | INFO     | N/A | ⏳ 等待 Profile 更新任务...
2026-07-04 15:34:44.770 | INFO     | N/A | ⏳ 等待 Profile 更新任务...
2026-07-04 15:34:49.799 | INFO     | N/A | ⏳ 等待 Profile 更新任务...
2026-07-04 15:34:54.825 | INFO     | N/A | ⏳ 等待 Profile 更新任务...
2026-07-04 15:34:59.860 | INFO     | N/A | ⏳ 等待 Profile 更新任务...
2026-07-04 15:35:04.889 | INFO     | N/A | ⏳ 等待 Profile 更新任务...
2026-07-04 15:35:09.918 | INFO     | N/A | ⏳ 等待 Profile 更新任务...
2026-07-04 15:35:14.945 | INFO     | N/A | ⏳ 等待 Profile 更新任务...
2026-07-04 15:35:19.969 | INFO     | N/A | ⏳ 等待 Profile 更新任务...
2026-07-04 15:35:24.993 | INFO     | N/A | ⏳ 等待 Profile 更新任务...
2026-07-04 15:35:30.020 | INFO     | N/A | ⏳ 等待 Profile 更新任务...
2026-07-04 15:35:35.053 | INFO     | N/A | ⏳ 等待 Profile 更新任务...
2026-07-04 15:35:40.103 | INFO     | N/A | ⏳ 等待 Profile 更新任务...
2026-07-04 15:35:45.138 | INFO     | N/A | ⏳ 等待 Profile 更新任务...
2026-07-04 15:35:50.189 | INFO     | N/A | ⏳ 等待 Profile 更新任务...
2026-07-04 15:35:55.214 | INFO     | N/A | ⏳ 等待 Profile 更新任务...
2026-07-04 15:36:00.275 | INFO     | N/A | ⏳ 等待 Profile 更新任务...
2026-07-04 15:36:05.298 | INFO     | N/A | ⏳ 等待 Profile 更新任务...
2026-07-04 15:36:10.326 | INFO     | N/A | ⏳ 等待 Profile 更新任务...
2026-07-04 15:36:15.380 | INFO     | N/A | ⏳ 等待 Profile 更新任务...
2026-07-04 15:36:20.411 | INFO     | N/A | ⏳ 等待 Profile 更新任务...
2026-07-04 15:36:25.498 | INFO     | N/A | ⏳ 等待 Profile 更新任务...
2026-07-04 15:36:30.543 | INFO     | N/A | ⏳ 等待 Profile 更新任务...
2026-07-04 15:36:35.571 | INFO     | N/A | ⏳ 等待 Profile 更新任务...
2026-07-04 15:36:40.600 | INFO     | N/A | ⏳ 等待 Profile 更新任务...
2026-07-04 15:36:45.630 | INFO     | N/A | ⏳ 等待 Profile 更新任务...
2026-07-04 15:36:50.660 | INFO     | N/A | ⏳ 等待 Profile 更新任务...
2026-07-04 15:36:55.691 | INFO     | N/A | ⏳ 等待 Profile 更新任务...
2026-07-04 15:37:00.723 | INFO     | N/A | ⏳ 等待 Profile 更新任务...
2026-07-04 15:37:05.779 | INFO     | N/A | ⏳ 等待 Profile 更新任务...
2026-07-04 15:37:10.806 | INFO     | N/A | ⏳ 等待 Profile 更新任务...
2026-07-04 15:37:15.898 | INFO     | N/A | ⏳ 等待 Profile 更新任务...
2026-07-04 15:37:20.956 | INFO     | N/A | ⏳ 等待 Profile 更新任务...
2026-07-04 15:37:25.990 | INFO     | N/A | ⏳ 等待 Profile 更新任务...
2026-07-04 15:37:31.028 | INFO     | N/A | ⏳ 等待 Profile 更新任务...
2026-07-04 15:37:36.039 | INFO     | N/A | ⏳ 等待 Profile 更新任务...
2026-07-04 15:37:41.123 | INFO     | N/A | ⏳ 等待 Profile 更新任务...
2026-07-04 15:37:46.162 | INFO     | N/A | ⏳ 等待 Profile 更新任务...
2026-07-04 15:37:51.191 | INFO     | N/A | ⏳ 等待 Profile 更新任务...
2026-07-04 15:37:56.222 | INFO     | N/A | ⏳ 等待 Profile 更新任务...
2026-07-04 15:38:01.281 | INFO     | N/A | ⏳ 等待 Profile 更新任务...
2026-07-04 15:38:06.315 | INFO     | N/A | ⏳ 等待 Profile 更新任务...
2026-07-04 15:38:11.348 | INFO     | N/A | ⏳ 等待 Profile 更新任务...
2026-07-04 15:38:16.383 | INFO     | N/A | ⏳ 等待 Profile 更新任务...
2026-07-04 15:38:21.409 | INFO     | N/A | ⏳ 等待 Profile 更新任务...
2026-07-04 15:38:26.439 | INFO     | N/A | ⏳ 等待 Profile 更新任务...
2026-07-04 15:38:31.468 | INFO     | N/A | ⏳ 等待 Profile 更新任务...
2026-07-04 15:38:36.546 | INFO     | N/A | ⏳ 等待 Profile 更新任务...
2026-07-04 15:38:41.560 | INFO     | N/A | ⏳ 等待 Profile 更新任务...
2026-07-04 15:38:46.591 | INFO     | N/A | ⏳ 等待 Profile 更新任务...
2026-07-04 15:38:51.625 | INFO     | N/A | ⏳ 等待 Profile 更新任务...
2026-07-04 15:38:56.653 | INFO     | N/A | ⏳ 等待 Profile 更新任务...
2026-07-04 15:39:01.683 | INFO     | N/A | ⏳ 等待 Profile 更新任务...
2026-07-04 15:39:06.716 | INFO     | N/A | ⏳ 等待 Profile 更新任务...
2026-07-04 15:39:11.750 | INFO     | N/A | ⏳ 等待 Profile 更新任务...
2026-07-04 15:39:16.785 | INFO     | N/A | ⏳ 等待 Profile 更新任务...
2026-07-04 15:39:21.820 | INFO     | N/A | ⏳ 等待 Profile 更新任务...
2026-07-04 15:39:26.880 | INFO     | N/A | ⏳ 等待 Profile 更新任务...
2026-07-04 15:39:31.914 | INFO     | N/A | ⏳ 等待 Profile 更新任务...
2026-07-04 15:39:36.965 | INFO     | N/A | ⏳ 等待 Profile 更新任务...
2026-07-04 15:39:41.997 | INFO     | N/A | ⏳ 等待 Profile 更新任务...
2026-07-04 15:39:47.038 | INFO     | N/A | ⏳ 等待 Profile 更新任务...
2026-07-04 15:39:52.071 | INFO     | N/A | ⏳ 等待 Profile 更新任务...
2026-07-04 15:39:57.105 | INFO     | N/A | ⏳ 等待 Profile 更新任务...
2026-07-04 15:40:02.142 | INFO     | N/A | ⏳ 等待 Profile 更新任务...
2026-07-04 15:40:07.192 | INFO     | N/A | ⏳ 等待 Profile 更新任务...
2026-07-04 15:40:12.220 | INFO     | N/A | ⏳ 等待 Profile 更新任务...
2026-07-04 15:40:17.233 | INFO     | N/A | ⏳ 等待 Profile 更新任务...
2026-07-04 15:40:22.316 | INFO     | N/A | ⏳ 等待 Profile 更新任务...
2026-07-04 15:40:27.370 | INFO     | N/A | ⏳ 等待 Profile 更新任务...
2026-07-04 15:40:32.459 | INFO     | N/A | ⏳ 等待 Profile 更新任务...
2026-07-04 15:40:37.512 | INFO     | N/A | ⏳ 等待 Profile 更新任务...
2026-07-04 15:40:42.550 | INFO     | N/A | ⏳ 等待 Profile 更新任务...
2026-07-04 15:40:47.584 | INFO     | N/A | ⏳ 等待 Profile 更新任务...
2026-07-04 15:40:52.630 | INFO     | N/A | ⏳ 等待 Profile 更新任务...
2026-07-04 15:40:57.664 | INFO     | N/A | ⏳ 等待 Profile 更新任务...
2026-07-04 15:41:02.744 | INFO     | N/A | ⏳ 等待 Profile 更新任务...
2026-07-04 15:41:07.799 | INFO     | N/A | ⏳ 等待 Profile 更新任务...
2026-07-04 15:41:12.885 | INFO     | N/A | ⏳ 等待 Profile 更新任务...
2026-07-04 15:41:17.915 | INFO     | N/A | ⏳ 等待 Profile 更新任务...
2026-07-04 15:41:22.944 | INFO     | N/A | ⏳ 等待 Profile 更新任务...
2026-07-04 15:41:27.980 | INFO     | N/A | ⏳ 等待 Profile 更新任务...
2026-07-04 15:41:33.006 | INFO     | N/A | ⏳ 等待 Profile 更新任务...
2026-07-04 15:41:38.038 | INFO     | N/A | ⏳ 等待 Profile 更新任务...
2026-07-04 15:41:43.069 | INFO     | N/A | ⏳ 等待 Profile 更新任务...
2026-07-04 15:41:48.099 | INFO     | N/A | ⏳ 等待 Profile 更新任务...
2026-07-04 15:41:53.130 | INFO     | N/A | ⏳ 等待 Profile 更新任务...
2026-07-04 15:41:58.159 | INFO     | N/A | ⏳ 等待 Profile 更新任务...
2026-07-04 15:42:03.188 | INFO     | N/A | ⏳ 等待 Profile 更新任务...
2026-07-04 15:42:08.215 | INFO     | N/A | ⏳ 等待 Profile 更新任务...
2026-07-04 15:42:13.253 | INFO     | N/A | ⏳ 等待 Profile 更新任务...
2026-07-04 15:42:18.284 | INFO     | N/A | ⏳ 等待 Profile 更新任务...
2026-07-04 15:42:23.317 | INFO     | N/A | ⏳ 等待 Profile 更新任务...
2026-07-04 15:42:28.350 | INFO     | N/A | ⏳ 等待 Profile 更新任务...
2026-07-04 15:42:33.397 | INFO     | N/A | ⏳ 等待 Profile 更新任务...
2026-07-04 15:42:38.427 | INFO     | N/A | ⏳ 等待 Profile 更新任务...
2026-07-04 15:42:43.473 | INFO     | N/A | ⏳ 等待 Profile 更新任务...
2026-07-04 15:42:48.500 | INFO     | N/A | ⏳ 等待 Profile 更新任务...
2026-07-04 15:50:29.165 | ERROR    | N/A | Worker 主循环异常: Timeout reading from socket
Traceback (most recent call last):

  File "D:\毕业设计\Travel_python\.venv\Lib\site-packages\redis\_parsers\socket.py", line 64, in _read_from_socket
    data = sock.recv(socket_read_size)

TimeoutError: timed out


During handling of the above exception, another exception occurred:


Traceback (most recent call last):

  File "D:\毕业设计\Travel_python\travel_ai_python\app\service\profile_worker.py", line 194, in <module>
    run_worker()

> File "D:\毕业设计\Travel_python\travel_ai_python\app\service\profile_worker.py", line 169, in run_worker
    task_data = pop_profile_update_task(block=True, timeout=5)

  File "D:\毕业设计\Travel_python\travel_ai_python\app\utils\redis_client.py", line 43, in pop_profile_update_task
    result = redis_client.brpop(PROFILE_UPDATE_QUEUE, timeout=timeout)

  File "D:\毕业设计\Travel_python\.venv\Lib\site-packages\redis\commands\core.py", line 4751, in brpop
    return self.execute_command("BRPOP", *keys)
  File "D:\毕业设计\Travel_python\.venv\Lib\site-packages\redis\client.py", line 787, in execute_command
    return self._execute_command(*args, **options)
  File "D:\毕业设计\Travel_python\.venv\Lib\site-packages\redis\client.py", line 809, in _execute_command
    result = conn.retry.call_with_retry(
  File "D:\毕业设计\Travel_python\.venv\Lib\site-packages\redis\retry.py", line 132, in call_with_retry
    raise error
  File "D:\毕业设计\Travel_python\.venv\Lib\site-packages\redis\retry.py", line 120, in call_with_retry
    return do()
  File "D:\毕业设计\Travel_python\.venv\Lib\site-packages\redis\client.py", line 810, in <lambda>
    lambda: self._send_command_parse_response(
  File "D:\毕业设计\Travel_python\.venv\Lib\site-packages\redis\client.py", line 753, in _send_command_parse_response
    return self.parse_response(conn, command_name, **options)
  File "D:\毕业设计\Travel_python\.venv\Lib\site-packages\redis\client.py", line 853, in parse_response
    response = connection.read_response()
  File "D:\毕业设计\Travel_python\.venv\Lib\site-packages\redis\connection.py", line 1371, in read_response
    response = self._parser.read_response(
  File "D:\毕业设计\Travel_python\.venv\Lib\site-packages\redis\_parsers\resp3.py", line 40, in read_response
    result = self._read_response(
  File "D:\毕业设计\Travel_python\.venv\Lib\site-packages\redis\_parsers\resp3.py", line 65, in _read_response
    raw = self._buffer.readline(timeout=timeout)
  File "D:\毕业设计\Travel_python\.venv\Lib\site-packages\redis\_parsers\socket.py", line 117, in readline
    self._read_from_socket(timeout=timeout)
  File "D:\毕业设计\Travel_python\.venv\Lib\site-packages\redis\_parsers\socket.py", line 77, in _read_from_socket
    raise TimeoutError("Timeout reading from socket")

redis.exceptions.TimeoutError: Timeout reading from socket
2026-07-04 15:50:30.175 | INFO     | N/A | ⏳ 等待 Profile 更新任务...
2026-07-04 15:50:35.186 | ERROR    | N/A | Worker 主循环异常: Timeout connecting to server
Traceback (most recent call last):

  File "D:\毕业设计\Travel_python\.venv\Lib\site-packages\redis\connection.py", line 1033, in connect_check_health
    sock = self._connect()
  File "D:\毕业设计\Travel_python\.venv\Lib\site-packages\redis\connection.py", line 1581, in _connect
    raise err
  File "D:\毕业设计\Travel_python\.venv\Lib\site-packages\redis\connection.py", line 1565, in _connect
    sock.connect(socket_address)

TimeoutError: timed out


During handling of the above exception, another exception occurred:


Traceback (most recent call last):

  File "D:\毕业设计\Travel_python\travel_ai_python\app\service\profile_worker.py", line 194, in <module>
    run_worker()

> File "D:\毕业设计\Travel_python\travel_ai_python\app\service\profile_worker.py", line 169, in run_worker
    task_data = pop_profile_update_task(block=True, timeout=5)

  File "D:\毕业设计\Travel_python\travel_ai_python\app\utils\redis_client.py", line 43, in pop_profile_update_task
    result = redis_client.brpop(PROFILE_UPDATE_QUEUE, timeout=timeout)

  File "D:\毕业设计\Travel_python\.venv\Lib\site-packages\redis\commands\core.py", line 4751, in brpop
    return self.execute_command("BRPOP", *keys)
  File "D:\毕业设计\Travel_python\.venv\Lib\site-packages\redis\client.py", line 787, in execute_command
    return self._execute_command(*args, **options)
  File "D:\毕业设计\Travel_python\.venv\Lib\site-packages\redis\client.py", line 793, in _execute_command
    conn = self.connection or pool.get_connection()
  File "D:\毕业设计\Travel_python\.venv\Lib\site-packages\redis\utils.py", line 258, in wrapper
    return func(*args, **kwargs)
  File "D:\毕业设计\Travel_python\.venv\Lib\site-packages\redis\connection.py", line 3139, in get_connection
    connection.connect()
  File "D:\毕业设计\Travel_python\.venv\Lib\site-packages\redis\connection.py", line 1006, in connect
    self.retry.call_with_retry(
  File "D:\毕业设计\Travel_python\.venv\Lib\site-packages\redis\retry.py", line 132, in call_with_retry
    raise error
  File "D:\毕业设计\Travel_python\.venv\Lib\site-packages\redis\retry.py", line 120, in call_with_retry
    return do()
  File "D:\毕业设计\Travel_python\.venv\Lib\site-packages\redis\connection.py", line 1007, in <lambda>
    lambda: self.connect_check_health(
  File "D:\毕业设计\Travel_python\.venv\Lib\site-packages\redis\connection.py", line 1044, in connect_check_health
    raise e

redis.exceptions.TimeoutError: Timeout connecting to server
2026-07-04 15:50:36.196 | INFO     | N/A | ⏳ 等待 Profile 更新任务...
2026-07-04 15:50:41.205 | ERROR    | N/A | Worker 主循环异常: Timeout connecting to server
Traceback (most recent call last):

  File "D:\毕业设计\Travel_python\.venv\Lib\site-packages\redis\connection.py", line 1033, in connect_check_health
    sock = self._connect()
  File "D:\毕业设计\Travel_python\.venv\Lib\site-packages\redis\connection.py", line 1581, in _connect
    raise err
  File "D:\毕业设计\Travel_python\.venv\Lib\site-packages\redis\connection.py", line 1565, in _connect
    sock.connect(socket_address)

TimeoutError: timed out


During handling of the above exception, another exception occurred:


Traceback (most recent call last):

  File "D:\毕业设计\Travel_python\travel_ai_python\app\service\profile_worker.py", line 194, in <module>
    run_worker()

> File "D:\毕业设计\Travel_python\travel_ai_python\app\service\profile_worker.py", line 169, in run_worker
    task_data = pop_profile_update_task(block=True, timeout=5)

  File "D:\毕业设计\Travel_python\travel_ai_python\app\utils\redis_client.py", line 43, in pop_profile_update_task
    result = redis_client.brpop(PROFILE_UPDATE_QUEUE, timeout=timeout)

  File "D:\毕业设计\Travel_python\.venv\Lib\site-packages\redis\commands\core.py", line 4751, in brpop
    return self.execute_command("BRPOP", *keys)
  File "D:\毕业设计\Travel_python\.venv\Lib\site-packages\redis\client.py", line 787, in execute_command
    return self._execute_command(*args, **options)
  File "D:\毕业设计\Travel_python\.venv\Lib\site-packages\redis\client.py", line 793, in _execute_command
    conn = self.connection or pool.get_connection()
  File "D:\毕业设计\Travel_python\.venv\Lib\site-packages\redis\utils.py", line 258, in wrapper
    return func(*args, **kwargs)
  File "D:\毕业设计\Travel_python\.venv\Lib\site-packages\redis\connection.py", line 3139, in get_connection
    connection.connect()
  File "D:\毕业设计\Travel_python\.venv\Lib\site-packages\redis\connection.py", line 1006, in connect
    self.retry.call_with_retry(
  File "D:\毕业设计\Travel_python\.venv\Lib\site-packages\redis\retry.py", line 132, in call_with_retry
    raise error
  File "D:\毕业设计\Travel_python\.venv\Lib\site-packages\redis\retry.py", line 120, in call_with_retry
    return do()
  File "D:\毕业设计\Travel_python\.venv\Lib\site-packages\redis\connection.py", line 1007, in <lambda>
    lambda: self.connect_check_health(
  File "D:\毕业设计\Travel_python\.venv\Lib\site-packages\redis\connection.py", line 1044, in connect_check_health
    raise e

redis.exceptions.TimeoutError: Timeout connecting to server
2026-07-04 15:50:42.221 | INFO     | N/A | ⏳ 等待 Profile 更新任务...
2026-07-04 15:50:47.316 | INFO     | N/A | ⏳ 等待 Profile 更新任务...
2026-07-04 15:50:52.348 | INFO     | N/A | ⏳ 等待 Profile 更新任务...
2026-07-04 15:50:57.383 | INFO     | N/A | ⏳ 等待 Profile 更新任务...
2026-07-04 15:51:02.415 | INFO     | N/A | ⏳ 等待 Profile 更新任务...
2026-07-04 15:51:07.447 | INFO     | N/A | ⏳ 等待 Profile 更新任务...
2026-07-04 15:51:12.480 | INFO     | N/A | ⏳ 等待 Profile 更新任务...
2026-07-04 15:51:17.516 | INFO     | N/A | ⏳ 等待 Profile 更新任务...
2026-07-04 15:51:22.553 | INFO     | N/A | ⏳ 等待 Profile 更新任务...
2026-07-04 15:51:27.589 | INFO     | N/A | ⏳ 等待 Profile 更新任务...
2026-07-04 15:51:32.628 | INFO     | N/A | ⏳ 等待 Profile 更新任务...
2026-07-04 15:51:37.657 | INFO     | N/A | ⏳ 等待 Profile 更新任务...
2026-07-04 15:51:42.701 | INFO     | N/A | ⏳ 等待 Profile 更新任务...
2026-07-04 15:51:47.734 | INFO     | N/A | ⏳ 等待 Profile 更新任务...
2026-07-04 15:51:52.771 | INFO     | N/A | ⏳ 等待 Profile 更新任务...
2026-07-04 15:51:57.806 | INFO     | N/A | ⏳ 等待 Profile 更新任务...
2026-07-04 15:52:02.846 | INFO     | N/A | ⏳ 等待 Profile 更新任务...
2026-07-04 15:52:07.880 | INFO     | N/A | ⏳ 等待 Profile 更新任务...
2026-07-04 15:52:12.918 | INFO     | N/A | ⏳ 等待 Profile 更新任务...
2026-07-04 15:52:17.957 | INFO     | N/A | ⏳ 等待 Profile 更新任务...
2026-07-04 15:52:22.993 | INFO     | N/A | ⏳ 等待 Profile 更新任务...
2026-07-04 15:52:28.028 | INFO     | N/A | ⏳ 等待 Profile 更新任务...
2026-07-04 15:52:33.067 | INFO     | N/A | ⏳ 等待 Profile 更新任务...
2026-07-04 15:52:38.105 | INFO     | N/A | ⏳ 等待 Profile 更新任务...
2026-07-04 15:52:43.141 | INFO     | N/A | ⏳ 等待 Profile 更新任务...
2026-07-04 15:52:48.185 | INFO     | N/A | ⏳ 等待 Profile 更新任务...
2026-07-04 15:52:53.220 | INFO     | N/A | ⏳ 等待 Profile 更新任务...
2026-07-04 15:52:58.257 | INFO     | N/A | ⏳ 等待 Profile 更新任务...
2026-07-04 15:53:03.311 | INFO     | N/A | ⏳ 等待 Profile 更新任务...
2026-07-04 15:53:08.344 | INFO     | N/A | ⏳ 等待 Profile 更新任务...
2026-07-04 15:53:13.384 | INFO     | N/A | ⏳ 等待 Profile 更新任务...
2026-07-04 15:53:18.419 | INFO     | N/A | ⏳ 等待 Profile 更新任务...
2026-07-04 15:53:23.454 | INFO     | N/A | ⏳ 等待 Profile 更新任务...
2026-07-04 15:53:28.492 | INFO     | N/A | ⏳ 等待 Profile 更新任务...
2026-07-04 15:53:33.532 | INFO     | N/A | ⏳ 等待 Profile 更新任务...
2026-07-04 15:53:38.562 | INFO     | N/A | ⏳ 等待 Profile 更新任务...
2026-07-04 15:53:43.597 | INFO     | N/A | ⏳ 等待 Profile 更新任务...
2026-07-04 15:53:48.639 | INFO     | N/A | ⏳ 等待 Profile 更新任务...
2026-07-04 15:53:53.624 | INFO     | N/A | ⏳ 等待 Profile 更新任务...
2026-07-04 15:53:58.509 | INFO     | N/A | ⏳ 等待 Profile 更新任务...
2026-07-04 15:54:03.563 | INFO     | N/A | ⏳ 等待 Profile 更新任务...
2026-07-04 15:59:26.380 | ERROR    | N/A | Worker 主循环异常: Timeout reading from socket
Traceback (most recent call last):

  File "D:\毕业设计\Travel_python\.venv\Lib\site-packages\redis\_parsers\socket.py", line 64, in _read_from_socket
    data = sock.recv(socket_read_size)

TimeoutError: timed out


During handling of the above exception, another exception occurred:


Traceback (most recent call last):

  File "D:\毕业设计\Travel_python\travel_ai_python\app\service\profile_worker.py", line 194, in <module>
    run_worker()

> File "D:\毕业设计\Travel_python\travel_ai_python\app\service\profile_worker.py", line 169, in run_worker
    task_data = pop_profile_update_task(block=True, timeout=5)

  File "D:\毕业设计\Travel_python\travel_ai_python\app\utils\redis_client.py", line 43, in pop_profile_update_task
    result = redis_client.brpop(PROFILE_UPDATE_QUEUE, timeout=timeout)

  File "D:\毕业设计\Travel_python\.venv\Lib\site-packages\redis\commands\core.py", line 4751, in brpop
    return self.execute_command("BRPOP", *keys)
  File "D:\毕业设计\Travel_python\.venv\Lib\site-packages\redis\client.py", line 787, in execute_command
    return self._execute_command(*args, **options)
  File "D:\毕业设计\Travel_python\.venv\Lib\site-packages\redis\client.py", line 809, in _execute_command
    result = conn.retry.call_with_retry(
  File "D:\毕业设计\Travel_python\.venv\Lib\site-packages\redis\retry.py", line 132, in call_with_retry
    raise error
  File "D:\毕业设计\Travel_python\.venv\Lib\site-packages\redis\retry.py", line 120, in call_with_retry
    return do()
  File "D:\毕业设计\Travel_python\.venv\Lib\site-packages\redis\client.py", line 810, in <lambda>
    lambda: self._send_command_parse_response(
  File "D:\毕业设计\Travel_python\.venv\Lib\site-packages\redis\client.py", line 753, in _send_command_parse_response
    return self.parse_response(conn, command_name, **options)
  File "D:\毕业设计\Travel_python\.venv\Lib\site-packages\redis\client.py", line 853, in parse_response
    response = connection.read_response()
  File "D:\毕业设计\Travel_python\.venv\Lib\site-packages\redis\connection.py", line 1371, in read_response
    response = self._parser.read_response(
  File "D:\毕业设计\Travel_python\.venv\Lib\site-packages\redis\_parsers\resp3.py", line 40, in read_response
    result = self._read_response(
  File "D:\毕业设计\Travel_python\.venv\Lib\site-packages\redis\_parsers\resp3.py", line 65, in _read_response
    raw = self._buffer.readline(timeout=timeout)
  File "D:\毕业设计\Travel_python\.venv\Lib\site-packages\redis\_parsers\socket.py", line 117, in readline
    self._read_from_socket(timeout=timeout)
  File "D:\毕业设计\Travel_python\.venv\Lib\site-packages\redis\_parsers\socket.py", line 77, in _read_from_socket
    raise TimeoutError("Timeout reading from socket")

redis.exceptions.TimeoutError: Timeout reading from socket
2026-07-04 15:59:27.387 | INFO     | N/A | ⏳ 等待 Profile 更新任务...
2026-07-04 15:59:32.390 | ERROR    | N/A | Worker 主循环异常: Timeout connecting to server
Traceback (most recent call last):

  File "D:\毕业设计\Travel_python\.venv\Lib\site-packages\redis\connection.py", line 1033, in connect_check_health
    sock = self._connect()
  File "D:\毕业设计\Travel_python\.venv\Lib\site-packages\redis\connection.py", line 1581, in _connect
    raise err
  File "D:\毕业设计\Travel_python\.venv\Lib\site-packages\redis\connection.py", line 1565, in _connect
    sock.connect(socket_address)

TimeoutError: timed out


During handling of the above exception, another exception occurred:


Traceback (most recent call last):

  File "D:\毕业设计\Travel_python\travel_ai_python\app\service\profile_worker.py", line 194, in <module>
    run_worker()

> File "D:\毕业设计\Travel_python\travel_ai_python\app\service\profile_worker.py", line 169, in run_worker
    task_data = pop_profile_update_task(block=True, timeout=5)

  File "D:\毕业设计\Travel_python\travel_ai_python\app\utils\redis_client.py", line 43, in pop_profile_update_task
    result = redis_client.brpop(PROFILE_UPDATE_QUEUE, timeout=timeout)

  File "D:\毕业设计\Travel_python\.venv\Lib\site-packages\redis\commands\core.py", line 4751, in brpop
    return self.execute_command("BRPOP", *keys)
  File "D:\毕业设计\Travel_python\.venv\Lib\site-packages\redis\client.py", line 787, in execute_command
    return self._execute_command(*args, **options)
  File "D:\毕业设计\Travel_python\.venv\Lib\site-packages\redis\client.py", line 793, in _execute_command
    conn = self.connection or pool.get_connection()
  File "D:\毕业设计\Travel_python\.venv\Lib\site-packages\redis\utils.py", line 258, in wrapper
    return func(*args, **kwargs)
  File "D:\毕业设计\Travel_python\.venv\Lib\site-packages\redis\connection.py", line 3139, in get_connection
    connection.connect()
  File "D:\毕业设计\Travel_python\.venv\Lib\site-packages\redis\connection.py", line 1006, in connect
    self.retry.call_with_retry(
  File "D:\毕业设计\Travel_python\.venv\Lib\site-packages\redis\retry.py", line 132, in call_with_retry
    raise error
  File "D:\毕业设计\Travel_python\.venv\Lib\site-packages\redis\retry.py", line 120, in call_with_retry
    return do()
  File "D:\毕业设计\Travel_python\.venv\Lib\site-packages\redis\connection.py", line 1007, in <lambda>
    lambda: self.connect_check_health(
  File "D:\毕业设计\Travel_python\.venv\Lib\site-packages\redis\connection.py", line 1044, in connect_check_health
    raise e

redis.exceptions.TimeoutError: Timeout connecting to server
2026-07-04 15:59:33.402 | INFO     | N/A | ⏳ 等待 Profile 更新任务...
2026-07-04 15:59:38.415 | INFO     | N/A | ⏳ 等待 Profile 更新任务...
2026-07-04 15:59:43.500 | INFO     | N/A | ⏳ 等待 Profile 更新任务...
2026-07-04 15:59:48.527 | INFO     | N/A | ⏳ 等待 Profile 更新任务...
2026-07-04 15:59:53.555 | INFO     | N/A | ⏳ 等待 Profile 更新任务...
2026-07-04 15:59:58.580 | INFO     | N/A | ⏳ 等待 Profile 更新任务...
2026-07-04 16:00:03.617 | INFO     | N/A | ⏳ 等待 Profile 更新任务...
2026-07-04 16:00:08.651 | INFO     | N/A | ⏳ 等待 Profile 更新任务...
2026-07-04 16:00:13.688 | INFO     | N/A | ⏳ 等待 Profile 更新任务...
2026-07-04 16:00:18.722 | INFO     | N/A | ⏳ 等待 Profile 更新任务...
2026-07-04 16:00:23.757 | INFO     | N/A | ⏳ 等待 Profile 更新任务...
2026-07-04 16:00:28.796 | INFO     | N/A | ⏳ 等待 Profile 更新任务...
2026-07-04 16:00:33.836 | INFO     | N/A | ⏳ 等待 Profile 更新任务...
2026-07-04 16:00:38.868 | INFO     | N/A | ⏳ 等待 Profile 更新任务...
2026-07-04 16:00:43.903 | INFO     | N/A | ⏳ 等待 Profile 更新任务...
2026-07-04 16:00:48.935 | INFO     | N/A | ⏳ 等待 Profile 更新任务...
2026-07-04 16:00:53.992 | INFO     | N/A | ⏳ 等待 Profile 更新任务...
2026-07-04 16:00:59.018 | INFO     | N/A | ⏳ 等待 Profile 更新任务...
2026-07-04 16:01:04.051 | INFO     | N/A | ⏳ 等待 Profile 更新任务...
2026-07-04 16:01:09.085 | INFO     | N/A | ⏳ 等待 Profile 更新任务...
2026-07-04 16:01:14.124 | INFO     | N/A | ⏳ 等待 Profile 更新任务...
2026-07-04 16:01:19.155 | INFO     | N/A | ⏳ 等待 Profile 更新任务...
2026-07-04 16:01:24.180 | INFO     | N/A | ⏳ 等待 Profile 更新任务...
2026-07-04 16:01:29.217 | INFO     | N/A | ⏳ 等待 Profile 更新任务...
2026-07-04 16:01:34.249 | INFO     | N/A | ⏳ 等待 Profile 更新任务...
2026-07-04 16:01:39.282 | INFO     | N/A | ⏳ 等待 Profile 更新任务...
2026-07-04 16:01:44.315 | INFO     | N/A | ⏳ 等待 Profile 更新任务...
2026-07-04 16:01:49.346 | INFO     | N/A | ⏳ 等待 Profile 更新任务...
2026-07-04 16:01:54.378 | INFO     | N/A | ⏳ 等待 Profile 更新任务...
2026-07-04 16:01:59.407 | INFO     | N/A | ⏳ 等待 Profile 更新任务...
2026-07-04 16:02:04.439 | INFO     | N/A | ⏳ 等待 Profile 更新任务...
2026-07-04 16:02:09.469 | INFO     | N/A | ⏳ 等待 Profile 更新任务...
2026-07-04 16:02:14.506 | INFO     | N/A | ⏳ 等待 Profile 更新任务...
2026-07-04 16:02:19.541 | INFO     | N/A | ⏳ 等待 Profile 更新任务...
2026-07-04 16:02:24.576 | INFO     | N/A | ⏳ 等待 Profile 更新任务...
2026-07-04 16:02:29.424 | INFO     | N/A | ⏳ 等待 Profile 更新任务...
2026-07-04 16:02:34.448 | INFO     | N/A | ⏳ 等待 Profile 更新任务...
2026-07-04 16:02:39.483 | INFO     | N/A | ⏳ 等待 Profile 更新任务...
2026-07-04 16:02:44.517 | INFO     | N/A | ⏳ 等待 Profile 更新任务...
2026-07-04 16:02:49.551 | INFO     | N/A | ⏳ 等待 Profile 更新任务...
2026-07-04 16:02:54.585 | INFO     | N/A | ⏳ 等待 Profile 更新任务...
2026-07-04 16:02:59.619 | INFO     | N/A | ⏳ 等待 Profile 更新任务...
2026-07-04 16:03:04.656 | INFO     | N/A | ⏳ 等待 Profile 更新任务...
2026-07-04 16:03:09.690 | INFO     | N/A | ⏳ 等待 Profile 更新任务...
2026-07-04 16:03:14.727 | INFO     | N/A | ⏳ 等待 Profile 更新任务...
2026-07-04 16:03:19.761 | INFO     | N/A | ⏳ 等待 Profile 更新任务...
2026-07-04 16:03:24.798 | INFO     | N/A | ⏳ 等待 Profile 更新任务...
2026-07-04 16:03:29.833 | INFO     | N/A | ⏳ 等待 Profile 更新任务...
2026-07-04 16:03:34.868 | INFO     | N/A | ⏳ 等待 Profile 更新任务...
2026-07-04 16:03:39.903 | INFO     | N/A | ⏳ 等待 Profile 更新任务...
2026-07-04 16:03:44.941 | INFO     | N/A | ⏳ 等待 Profile 更新任务...
2026-07-04 16:03:49.978 | INFO     | N/A | ⏳ 等待 Profile 更新任务...
2026-07-04 16:03:55.016 | INFO     | N/A | ⏳ 等待 Profile 更新任务...
2026-07-04 16:04:00.050 | INFO     | N/A | ⏳ 等待 Profile 更新任务...
2026-07-04 16:04:05.089 | INFO     | N/A | ⏳ 等待 Profile 更新任务...
2026-07-04 16:04:10.126 | INFO     | N/A | ⏳ 等待 Profile 更新任务...
2026-07-04 16:04:15.163 | INFO     | N/A | ⏳ 等待 Profile 更新任务...
2026-07-04 16:04:20.198 | INFO     | N/A | ⏳ 等待 Profile 更新任务...
2026-07-04 16:04:25.232 | INFO     | N/A | ⏳ 等待 Profile 更新任务...
2026-07-04 16:04:30.268 | INFO     | N/A | ⏳ 等待 Profile 更新任务...
2026-07-04 16:04:35.316 | INFO     | N/A | ⏳ 等待 Profile 更新任务...
2026-07-04 16:04:40.352 | INFO     | N/A | ⏳ 等待 Profile 更新任务...
2026-07-04 16:04:45.391 | INFO     | N/A | ⏳ 等待 Profile 更新任务...
2026-07-04 16:04:50.428 | INFO     | N/A | ⏳ 等待 Profile 更新任务...
2026-07-04 16:04:55.462 | INFO     | N/A | ⏳ 等待 Profile 更新任务...
2026-07-04 16:05:00.501 | INFO     | N/A | ⏳ 等待 Profile 更新任务...
2026-07-04 16:05:05.540 | INFO     | N/A | ⏳ 等待 Profile 更新任务...
2026-07-04 16:05:10.574 | INFO     | N/A | ⏳ 等待 Profile 更新任务...
2026-07-04 16:05:15.608 | INFO     | N/A | ⏳ 等待 Profile 更新任务...
2026-07-04 16:05:20.643 | INFO     | N/A | ⏳ 等待 Profile 更新任务...
2026-07-04 16:05:25.678 | INFO     | N/A | ⏳ 等待 Profile 更新任务...
2026-07-04 16:05:30.764 | INFO     | N/A | ⏳ 等待 Profile 更新任务...
2026-07-04 16:05:35.843 | INFO     | N/A | ⏳ 等待 Profile 更新任务...
2026-07-04 16:16:14.816 | ERROR    | N/A | Worker 主循环异常: Timeout reading from socket
Traceback (most recent call last):

  File "D:\毕业设计\Travel_python\.venv\Lib\site-packages\redis\_parsers\socket.py", line 64, in _read_from_socket
    data = sock.recv(socket_read_size)

TimeoutError: timed out


During handling of the above exception, another exception occurred:


Traceback (most recent call last):

  File "D:\毕业设计\Travel_python\travel_ai_python\app\service\profile_worker.py", line 194, in <module>
    run_worker()

> File "D:\毕业设计\Travel_python\travel_ai_python\app\service\profile_worker.py", line 169, in run_worker
    task_data = pop_profile_update_task(block=True, timeout=5)

  File "D:\毕业设计\Travel_python\travel_ai_python\app\utils\redis_client.py", line 43, in pop_profile_update_task
    result = redis_client.brpop(PROFILE_UPDATE_QUEUE, timeout=timeout)

  File "D:\毕业设计\Travel_python\.venv\Lib\site-packages\redis\commands\core.py", line 4751, in brpop
    return self.execute_command("BRPOP", *keys)
  File "D:\毕业设计\Travel_python\.venv\Lib\site-packages\redis\client.py", line 787, in execute_command
    return self._execute_command(*args, **options)
  File "D:\毕业设计\Travel_python\.venv\Lib\site-packages\redis\client.py", line 809, in _execute_command
    result = conn.retry.call_with_retry(
  File "D:\毕业设计\Travel_python\.venv\Lib\site-packages\redis\retry.py", line 132, in call_with_retry
    raise error
  File "D:\毕业设计\Travel_python\.venv\Lib\site-packages\redis\retry.py", line 120, in call_with_retry
    return do()
  File "D:\毕业设计\Travel_python\.venv\Lib\site-packages\redis\client.py", line 810, in <lambda>
    lambda: self._send_command_parse_response(
  File "D:\毕业设计\Travel_python\.venv\Lib\site-packages\redis\client.py", line 753, in _send_command_parse_response
    return self.parse_response(conn, command_name, **options)
  File "D:\毕业设计\Travel_python\.venv\Lib\site-packages\redis\client.py", line 853, in parse_response
    response = connection.read_response()
  File "D:\毕业设计\Travel_python\.venv\Lib\site-packages\redis\connection.py", line 1371, in read_response
    response = self._parser.read_response(
  File "D:\毕业设计\Travel_python\.venv\Lib\site-packages\redis\_parsers\resp3.py", line 40, in read_response
    result = self._read_response(
  File "D:\毕业设计\Travel_python\.venv\Lib\site-packages\redis\_parsers\resp3.py", line 65, in _read_response
    raw = self._buffer.readline(timeout=timeout)
  File "D:\毕业设计\Travel_python\.venv\Lib\site-packages\redis\_parsers\socket.py", line 117, in readline
    self._read_from_socket(timeout=timeout)
  File "D:\毕业设计\Travel_python\.venv\Lib\site-packages\redis\_parsers\socket.py", line 77, in _read_from_socket
    raise TimeoutError("Timeout reading from socket")

redis.exceptions.TimeoutError: Timeout reading from socket
2026-07-04 16:16:15.830 | INFO     | N/A | ⏳ 等待 Profile 更新任务...
2026-07-04 16:16:20.836 | ERROR    | N/A | Worker 主循环异常: Timeout connecting to server
Traceback (most recent call last):

  File "D:\毕业设计\Travel_python\.venv\Lib\site-packages\redis\connection.py", line 1033, in connect_check_health
    sock = self._connect()
  File "D:\毕业设计\Travel_python\.venv\Lib\site-packages\redis\connection.py", line 1581, in _connect
    raise err
  File "D:\毕业设计\Travel_python\.venv\Lib\site-packages\redis\connection.py", line 1565, in _connect
    sock.connect(socket_address)

TimeoutError: timed out


During handling of the above exception, another exception occurred:


Traceback (most recent call last):

  File "D:\毕业设计\Travel_python\travel_ai_python\app\service\profile_worker.py", line 194, in <module>
    run_worker()

> File "D:\毕业设计\Travel_python\travel_ai_python\app\service\profile_worker.py", line 169, in run_worker
    task_data = pop_profile_update_task(block=True, timeout=5)

  File "D:\毕业设计\Travel_python\travel_ai_python\app\utils\redis_client.py", line 43, in pop_profile_update_task
    result = redis_client.brpop(PROFILE_UPDATE_QUEUE, timeout=timeout)

  File "D:\毕业设计\Travel_python\.venv\Lib\site-packages\redis\commands\core.py", line 4751, in brpop
    return self.execute_command("BRPOP", *keys)
  File "D:\毕业设计\Travel_python\.venv\Lib\site-packages\redis\client.py", line 787, in execute_command
    return self._execute_command(*args, **options)
  File "D:\毕业设计\Travel_python\.venv\Lib\site-packages\redis\client.py", line 793, in _execute_command
    conn = self.connection or pool.get_connection()
  File "D:\毕业设计\Travel_python\.venv\Lib\site-packages\redis\utils.py", line 258, in wrapper
    return func(*args, **kwargs)
  File "D:\毕业设计\Travel_python\.venv\Lib\site-packages\redis\connection.py", line 3139, in get_connection
    connection.connect()
  File "D:\毕业设计\Travel_python\.venv\Lib\site-packages\redis\connection.py", line 1006, in connect
    self.retry.call_with_retry(
  File "D:\毕业设计\Travel_python\.venv\Lib\site-packages\redis\retry.py", line 132, in call_with_retry
    raise error
  File "D:\毕业设计\Travel_python\.venv\Lib\site-packages\redis\retry.py", line 120, in call_with_retry
    return do()
  File "D:\毕业设计\Travel_python\.venv\Lib\site-packages\redis\connection.py", line 1007, in <lambda>
    lambda: self.connect_check_health(
  File "D:\毕业设计\Travel_python\.venv\Lib\site-packages\redis\connection.py", line 1044, in connect_check_health
    raise e

redis.exceptions.TimeoutError: Timeout connecting to server
2026-07-04 16:16:21.849 | INFO     | N/A | ⏳ 等待 Profile 更新任务...
2026-07-04 16:16:27.032 | INFO     | N/A | ⏳ 等待 Profile 更新任务...
2026-07-04 16:16:32.069 | INFO     | N/A | ⏳ 等待 Profile 更新任务...
2026-07-04 16:16:37.121 | INFO     | N/A | ⏳ 等待 Profile 更新任务...
2026-07-04 16:16:42.159 | INFO     | N/A | ⏳ 等待 Profile 更新任务...
2026-07-04 16:16:47.193 | INFO     | N/A | ⏳ 等待 Profile 更新任务...
2026-07-04 16:16:52.235 | INFO     | N/A | ⏳ 等待 Profile 更新任务...
2026-07-04 16:16:57.275 | INFO     | N/A | ⏳ 等待 Profile 更新任务...
2026-07-04 16:17:02.358 | INFO     | N/A | ⏳ 等待 Profile 更新任务...
2026-07-04 16:17:07.393 | INFO     | N/A | ⏳ 等待 Profile 更新任务...
2026-07-04 16:17:12.431 | INFO     | N/A | ⏳ 等待 Profile 更新任务...
2026-07-04 16:17:17.466 | INFO     | N/A | ⏳ 等待 Profile 更新任务...
2026-07-04 16:17:22.501 | INFO     | N/A | ⏳ 等待 Profile 更新任务...
2026-07-04 16:17:27.537 | INFO     | N/A | ⏳ 等待 Profile 更新任务...
2026-07-04 16:17:32.573 | INFO     | N/A | ⏳ 等待 Profile 更新任务...
2026-07-04 16:17:37.610 | INFO     | N/A | ⏳ 等待 Profile 更新任务...
2026-07-04 16:17:42.644 | INFO     | N/A | ⏳ 等待 Profile 更新任务...
2026-07-04 16:17:47.676 | INFO     | N/A | ⏳ 等待 Profile 更新任务...
2026-07-04 16:17:52.748 | INFO     | N/A | ⏳ 等待 Profile 更新任务...
2026-07-04 16:17:57.794 | INFO     | N/A | ⏳ 等待 Profile 更新任务...
2026-07-04 16:18:02.841 | INFO     | N/A | ⏳ 等待 Profile 更新任务...
2026-07-04 16:18:07.875 | INFO     | N/A | ⏳ 等待 Profile 更新任务...
2026-07-04 16:18:12.909 | INFO     | N/A | ⏳ 等待 Profile 更新任务...
2026-07-04 16:18:17.943 | INFO     | N/A | ⏳ 等待 Profile 更新任务...
2026-07-04 16:18:23.034 | INFO     | N/A | ⏳ 等待 Profile 更新任务...
2026-07-04 16:18:27.938 | INFO     | N/A | ⏳ 等待 Profile 更新任务...
2026-07-04 16:18:32.878 | INFO     | N/A | ⏳ 等待 Profile 更新任务...
2026-07-04 16:18:37.910 | INFO     | N/A | ⏳ 等待 Profile 更新任务...
2026-07-04 16:18:42.944 | INFO     | N/A | ⏳ 等待 Profile 更新任务...
2026-07-04 16:18:47.976 | INFO     | N/A | ⏳ 等待 Profile 更新任务...
2026-07-04 16:18:53.009 | INFO     | N/A | ⏳ 等待 Profile 更新任务...
2026-07-04 16:18:58.045 | INFO     | N/A | ⏳ 等待 Profile 更新任务...
2026-07-04 16:19:03.081 | INFO     | N/A | ⏳ 等待 Profile 更新任务...
2026-07-04 16:19:08.117 | INFO     | N/A | ⏳ 等待 Profile 更新任务...
2026-07-04 16:19:13.151 | INFO     | N/A | ⏳ 等待 Profile 更新任务...
2026-07-04 16:19:18.184 | INFO     | N/A | ⏳ 等待 Profile 更新任务...
2026-07-04 16:19:23.219 | INFO     | N/A | ⏳ 等待 Profile 更新任务...
2026-07-04 16:19:28.253 | INFO     | N/A | ⏳ 等待 Profile 更新任务...
2026-07-04 16:19:33.289 | INFO     | N/A | ⏳ 等待 Profile 更新任务...
2026-07-04 16:19:38.322 | INFO     | N/A | ⏳ 等待 Profile 更新任务...
2026-07-04 16:19:43.360 | INFO     | N/A | ⏳ 等待 Profile 更新任务...
2026-07-04 16:19:48.398 | INFO     | N/A | ⏳ 等待 Profile 更新任务...
2026-07-04 16:19:53.435 | INFO     | N/A | ⏳ 等待 Profile 更新任务...
2026-07-04 16:19:58.469 | INFO     | N/A | ⏳ 等待 Profile 更新任务...
2026-07-04 16:20:03.504 | INFO     | N/A | ⏳ 等待 Profile 更新任务...
2026-07-04 16:20:08.538 | INFO     | N/A | ⏳ 等待 Profile 更新任务...
2026-07-04 16:20:13.576 | INFO     | N/A | ⏳ 等待 Profile 更新任务...
2026-07-04 16:20:18.586 | INFO     | N/A | ⏳ 等待 Profile 更新任务...
2026-07-04 16:20:23.621 | INFO     | N/A | ⏳ 等待 Profile 更新任务...
2026-07-04 16:20:28.660 | INFO     | N/A | ⏳ 等待 Profile 更新任务...
2026-07-04 16:20:33.693 | INFO     | N/A | ⏳ 等待 Profile 更新任务...
2026-07-04 16:20:38.769 | INFO     | N/A | ⏳ 等待 Profile 更新任务...
2026-07-04 16:20:43.803 | INFO     | N/A | ⏳ 等待 Profile 更新任务...
2026-07-04 16:20:48.840 | INFO     | N/A | ⏳ 等待 Profile 更新任务...
2026-07-04 16:20:53.904 | INFO     | N/A | ⏳ 等待 Profile 更新任务...
2026-07-04 16:20:58.941 | INFO     | N/A | ⏳ 等待 Profile 更新任务...
2026-07-04 16:21:03.981 | INFO     | N/A | ⏳ 等待 Profile 更新任务...
2026-07-04 16:21:09.002 | INFO     | N/A | ⏳ 等待 Profile 更新任务...
2026-07-04 16:21:14.059 | INFO     | N/A | ⏳ 等待 Profile 更新任务...
2026-07-04 16:21:19.104 | INFO     | N/A | ⏳ 等待 Profile 更新任务...
2026-07-04 16:35:18.630 | ERROR    | N/A | Worker 主循环异常: Timeout reading from socket
Traceback (most recent call last):

  File "D:\毕业设计\Travel_python\.venv\Lib\site-packages\redis\_parsers\socket.py", line 64, in _read_from_socket
    data = sock.recv(socket_read_size)

TimeoutError: timed out


During handling of the above exception, another exception occurred:


Traceback (most recent call last):

  File "D:\毕业设计\Travel_python\travel_ai_python\app\service\profile_worker.py", line 194, in <module>
    run_worker()

> File "D:\毕业设计\Travel_python\travel_ai_python\app\service\profile_worker.py", line 169, in run_worker
    task_data = pop_profile_update_task(block=True, timeout=5)

  File "D:\毕业设计\Travel_python\travel_ai_python\app\utils\redis_client.py", line 43, in pop_profile_update_task
    result = redis_client.brpop(PROFILE_UPDATE_QUEUE, timeout=timeout)

  File "D:\毕业设计\Travel_python\.venv\Lib\site-packages\redis\commands\core.py", line 4751, in brpop
    return self.execute_command("BRPOP", *keys)
  File "D:\毕业设计\Travel_python\.venv\Lib\site-packages\redis\client.py", line 787, in execute_command
    return self._execute_command(*args, **options)
  File "D:\毕业设计\Travel_python\.venv\Lib\site-packages\redis\client.py", line 809, in _execute_command
    result = conn.retry.call_with_retry(
  File "D:\毕业设计\Travel_python\.venv\Lib\site-packages\redis\retry.py", line 132, in call_with_retry
    raise error
  File "D:\毕业设计\Travel_python\.venv\Lib\site-packages\redis\retry.py", line 120, in call_with_retry
    return do()
  File "D:\毕业设计\Travel_python\.venv\Lib\site-packages\redis\client.py", line 810, in <lambda>
    lambda: self._send_command_parse_response(
  File "D:\毕业设计\Travel_python\.venv\Lib\site-packages\redis\client.py", line 753, in _send_command_parse_response
    return self.parse_response(conn, command_name, **options)
  File "D:\毕业设计\Travel_python\.venv\Lib\site-packages\redis\client.py", line 853, in parse_response
    response = connection.read_response()
  File "D:\毕业设计\Travel_python\.venv\Lib\site-packages\redis\connection.py", line 1371, in read_response
    response = self._parser.read_response(
  File "D:\毕业设计\Travel_python\.venv\Lib\site-packages\redis\_parsers\resp3.py", line 40, in read_response
    result = self._read_response(
  File "D:\毕业设计\Travel_python\.venv\Lib\site-packages\redis\_parsers\resp3.py", line 65, in _read_response
    raw = self._buffer.readline(timeout=timeout)
  File "D:\毕业设计\Travel_python\.venv\Lib\site-packages\redis\_parsers\socket.py", line 117, in readline
    self._read_from_socket(timeout=timeout)
  File "D:\毕业设计\Travel_python\.venv\Lib\site-packages\redis\_parsers\socket.py", line 77, in _read_from_socket
    raise TimeoutError("Timeout reading from socket")

redis.exceptions.TimeoutError: Timeout reading from socket
2026-07-04 16:35:19.641 | INFO     | N/A | ⏳ 等待 Profile 更新任务...
2026-07-04 16:35:24.646 | ERROR    | N/A | Worker 主循环异常: Timeout connecting to server
Traceback (most recent call last):

  File "D:\毕业设计\Travel_python\.venv\Lib\site-packages\redis\connection.py", line 1033, in connect_check_health
    sock = self._connect()
  File "D:\毕业设计\Travel_python\.venv\Lib\site-packages\redis\connection.py", line 1581, in _connect
    raise err
  File "D:\毕业设计\Travel_python\.venv\Lib\site-packages\redis\connection.py", line 1565, in _connect
    sock.connect(socket_address)

TimeoutError: timed out


During handling of the above exception, another exception occurred:


Traceback (most recent call last):

  File "D:\毕业设计\Travel_python\travel_ai_python\app\service\profile_worker.py", line 194, in <module>
    run_worker()

> File "D:\毕业设计\Travel_python\travel_ai_python\app\service\profile_worker.py", line 169, in run_worker
    task_data = pop_profile_update_task(block=True, timeout=5)

  File "D:\毕业设计\Travel_python\travel_ai_python\app\utils\redis_client.py", line 43, in pop_profile_update_task
    result = redis_client.brpop(PROFILE_UPDATE_QUEUE, timeout=timeout)

  File "D:\毕业设计\Travel_python\.venv\Lib\site-packages\redis\commands\core.py", line 4751, in brpop
    return self.execute_command("BRPOP", *keys)
  File "D:\毕业设计\Travel_python\.venv\Lib\site-packages\redis\client.py", line 787, in execute_command
    return self._execute_command(*args, **options)
  File "D:\毕业设计\Travel_python\.venv\Lib\site-packages\redis\client.py", line 793, in _execute_command
    conn = self.connection or pool.get_connection()
  File "D:\毕业设计\Travel_python\.venv\Lib\site-packages\redis\utils.py", line 258, in wrapper
    return func(*args, **kwargs)
  File "D:\毕业设计\Travel_python\.venv\Lib\site-packages\redis\connection.py", line 3139, in get_connection
    connection.connect()
  File "D:\毕业设计\Travel_python\.venv\Lib\site-packages\redis\connection.py", line 1006, in connect
    self.retry.call_with_retry(
  File "D:\毕业设计\Travel_python\.venv\Lib\site-packages\redis\retry.py", line 132, in call_with_retry
    raise error
  File "D:\毕业设计\Travel_python\.venv\Lib\site-packages\redis\retry.py", line 120, in call_with_retry
    return do()
  File "D:\毕业设计\Travel_python\.venv\Lib\site-packages\redis\connection.py", line 1007, in <lambda>
    lambda: self.connect_check_health(
  File "D:\毕业设计\Travel_python\.venv\Lib\site-packages\redis\connection.py", line 1044, in connect_check_health
    raise e

redis.exceptions.TimeoutError: Timeout connecting to server
2026-07-04 16:35:25.663 | INFO     | N/A | ⏳ 等待 Profile 更新任务...
2026-07-04 16:35:30.722 | INFO     | N/A | ⏳ 等待 Profile 更新任务...
2026-07-04 16:35:35.770 | INFO     | N/A | ⏳ 等待 Profile 更新任务...
2026-07-04 16:35:40.812 | INFO     | N/A | ⏳ 等待 Profile 更新任务...
2026-07-04 16:35:45.924 | INFO     | N/A | ⏳ 等待 Profile 更新任务...
2026-07-04 16:35:50.962 | INFO     | N/A | ⏳ 等待 Profile 更新任务...
2026-07-04 16:35:56.042 | INFO     | N/A | ⏳ 等待 Profile 更新任务...
2026-07-04 16:36:01.078 | INFO     | N/A | ⏳ 等待 Profile 更新任务...
2026-07-04 16:36:06.127 | INFO     | N/A | ⏳ 等待 Profile 更新任务...
2026-07-04 16:36:11.187 | INFO     | N/A | ⏳ 等待 Profile 更新任务...
2026-07-04 16:36:16.219 | INFO     | N/A | ⏳ 等待 Profile 更新任务...
2026-07-04 16:36:21.285 | INFO     | N/A | ⏳ 等待 Profile 更新任务...
2026-07-04 16:36:26.318 | INFO     | N/A | ⏳ 等待 Profile 更新任务...
2026-07-04 16:36:31.358 | INFO     | N/A | ⏳ 等待 Profile 更新任务...
2026-07-04 16:36:36.408 | INFO     | N/A | ⏳ 等待 Profile 更新任务...
2026-07-04 16:36:41.460 | INFO     | N/A | ⏳ 等待 Profile 更新任务...
2026-07-04 16:36:46.502 | INFO     | N/A | ⏳ 等待 Profile 更新任务...
2026-07-04 16:36:51.600 | INFO     | N/A | ⏳ 等待 Profile 更新任务...
2026-07-04 16:36:56.677 | INFO     | N/A | ⏳ 等待 Profile 更新任务...
2026-07-04 16:37:01.755 | INFO     | N/A | ⏳ 等待 Profile 更新任务...
2026-07-04 16:37:06.814 | INFO     | N/A | ⏳ 等待 Profile 更新任务...
2026-07-04 16:37:11.845 | INFO     | N/A | ⏳ 等待 Profile 更新任务...
2026-07-04 16:37:16.880 | INFO     | N/A | ⏳ 等待 Profile 更新任务...
2026-07-04 16:37:21.917 | INFO     | N/A | ⏳ 等待 Profile 更新任务...
2026-07-04 16:37:26.956 | INFO     | N/A | ⏳ 等待 Profile 更新任务...
2026-07-04 16:37:31.990 | INFO     | N/A | ⏳ 等待 Profile 更新任务...
2026-07-04 16:37:37.022 | INFO     | N/A | ⏳ 等待 Profile 更新任务...
2026-07-04 16:37:42.084 | INFO     | N/A | ⏳ 等待 Profile 更新任务...
2026-07-04 16:37:47.054 | INFO     | N/A | ⏳ 等待 Profile 更新任务...
2026-07-04 16:37:51.900 | INFO     | N/A | ⏳ 等待 Profile 更新任务...
2026-07-04 16:37:56.935 | INFO     | N/A | ⏳ 等待 Profile 更新任务...
2026-07-04 16:38:01.972 | INFO     | N/A | ⏳ 等待 Profile 更新任务...
2026-07-04 16:38:07.009 | INFO     | N/A | ⏳ 等待 Profile 更新任务...
2026-07-04 16:38:12.050 | INFO     | N/A | ⏳ 等待 Profile 更新任务...
2026-07-04 16:38:17.104 | INFO     | N/A | ⏳ 等待 Profile 更新任务...
2026-07-04 16:38:22.139 | INFO     | N/A | ⏳ 等待 Profile 更新任务...
2026-07-04 16:38:27.173 | INFO     | N/A | ⏳ 等待 Profile 更新任务...
2026-07-04 16:38:32.213 | INFO     | N/A | ⏳ 等待 Profile 更新任务...
2026-07-04 16:38:37.253 | INFO     | N/A | ⏳ 等待 Profile 更新任务...
2026-07-04 16:38:42.292 | INFO     | N/A | ⏳ 等待 Profile 更新任务...
2026-07-04 16:38:47.326 | INFO     | N/A | ⏳ 等待 Profile 更新任务...
2026-07-04 16:38:52.361 | INFO     | N/A | ⏳ 等待 Profile 更新任务...
2026-07-04 16:38:57.401 | INFO     | N/A | ⏳ 等待 Profile 更新任务...
2026-07-04 16:39:02.437 | INFO     | N/A | ⏳ 等待 Profile 更新任务...
2026-07-04 16:39:07.473 | INFO     | N/A | ⏳ 等待 Profile 更新任务...
2026-07-04 16:39:12.506 | INFO     | N/A | ⏳ 等待 Profile 更新任务...
2026-07-04 16:39:17.548 | INFO     | N/A | ⏳ 等待 Profile 更新任务...
2026-07-04 16:39:22.583 | INFO     | N/A | ⏳ 等待 Profile 更新任务...
2026-07-04 16:39:27.619 | INFO     | N/A | ⏳ 等待 Profile 更新任务...
2026-07-04 16:39:32.653 | INFO     | N/A | ⏳ 等待 Profile 更新任务...
2026-07-04 16:39:37.692 | INFO     | N/A | ⏳ 等待 Profile 更新任务...
2026-07-04 16:39:42.737 | INFO     | N/A | ⏳ 等待 Profile 更新任务...
2026-07-04 16:39:47.771 | INFO     | N/A | ⏳ 等待 Profile 更新任务...
2026-07-04 16:39:52.810 | INFO     | N/A | ⏳ 等待 Profile 更新任务...
2026-07-04 16:39:57.847 | INFO     | N/A | ⏳ 等待 Profile 更新任务...
2026-07-04 16:54:10.378 | ERROR    | N/A | Worker 主循环异常: Timeout reading from socket
Traceback (most recent call last):

  File "D:\毕业设计\Travel_python\.venv\Lib\site-packages\redis\_parsers\socket.py", line 64, in _read_from_socket
    data = sock.recv(socket_read_size)

TimeoutError: timed out


During handling of the above exception, another exception occurred:


Traceback (most recent call last):

  File "D:\毕业设计\Travel_python\travel_ai_python\app\service\profile_worker.py", line 194, in <module>
    run_worker()

> File "D:\毕业设计\Travel_python\travel_ai_python\app\service\profile_worker.py", line 169, in run_worker
    task_data = pop_profile_update_task(block=True, timeout=5)

  File "D:\毕业设计\Travel_python\travel_ai_python\app\utils\redis_client.py", line 43, in pop_profile_update_task
    result = redis_client.brpop(PROFILE_UPDATE_QUEUE, timeout=timeout)

  File "D:\毕业设计\Travel_python\.venv\Lib\site-packages\redis\commands\core.py", line 4751, in brpop
    return self.execute_command("BRPOP", *keys)
  File "D:\毕业设计\Travel_python\.venv\Lib\site-packages\redis\client.py", line 787, in execute_command
    return self._execute_command(*args, **options)
  File "D:\毕业设计\Travel_python\.venv\Lib\site-packages\redis\client.py", line 809, in _execute_command
    result = conn.retry.call_with_retry(
  File "D:\毕业设计\Travel_python\.venv\Lib\site-packages\redis\retry.py", line 132, in call_with_retry
    raise error
  File "D:\毕业设计\Travel_python\.venv\Lib\site-packages\redis\retry.py", line 120, in call_with_retry
    return do()
  File "D:\毕业设计\Travel_python\.venv\Lib\site-packages\redis\client.py", line 810, in <lambda>
    lambda: self._send_command_parse_response(
  File "D:\毕业设计\Travel_python\.venv\Lib\site-packages\redis\client.py", line 753, in _send_command_parse_response
    return self.parse_response(conn, command_name, **options)
  File "D:\毕业设计\Travel_python\.venv\Lib\site-packages\redis\client.py", line 853, in parse_response
    response = connection.read_response()
  File "D:\毕业设计\Travel_python\.venv\Lib\site-packages\redis\connection.py", line 1371, in read_response
    response = self._parser.read_response(
  File "D:\毕业设计\Travel_python\.venv\Lib\site-packages\redis\_parsers\resp3.py", line 40, in read_response
    result = self._read_response(
  File "D:\毕业设计\Travel_python\.venv\Lib\site-packages\redis\_parsers\resp3.py", line 65, in _read_response
    raw = self._buffer.readline(timeout=timeout)
  File "D:\毕业设计\Travel_python\.venv\Lib\site-packages\redis\_parsers\socket.py", line 117, in readline
    self._read_from_socket(timeout=timeout)
  File "D:\毕业设计\Travel_python\.venv\Lib\site-packages\redis\_parsers\socket.py", line 77, in _read_from_socket
    raise TimeoutError("Timeout reading from socket")

redis.exceptions.TimeoutError: Timeout reading from socket
2026-07-04 16:54:11.389 | INFO     | N/A | ⏳ 等待 Profile 更新任务...
2026-07-04 16:54:16.403 | ERROR    | N/A | Worker 主循环异常: Timeout connecting to server
Traceback (most recent call last):

  File "D:\毕业设计\Travel_python\.venv\Lib\site-packages\redis\connection.py", line 1033, in connect_check_health
    sock = self._connect()
  File "D:\毕业设计\Travel_python\.venv\Lib\site-packages\redis\connection.py", line 1581, in _connect
    raise err
  File "D:\毕业设计\Travel_python\.venv\Lib\site-packages\redis\connection.py", line 1565, in _connect
    sock.connect(socket_address)

TimeoutError: timed out


During handling of the above exception, another exception occurred:


Traceback (most recent call last):

  File "D:\毕业设计\Travel_python\travel_ai_python\app\service\profile_worker.py", line 194, in <module>
    run_worker()

> File "D:\毕业设计\Travel_python\travel_ai_python\app\service\profile_worker.py", line 169, in run_worker
    task_data = pop_profile_update_task(block=True, timeout=5)

  File "D:\毕业设计\Travel_python\travel_ai_python\app\utils\redis_client.py", line 43, in pop_profile_update_task
    result = redis_client.brpop(PROFILE_UPDATE_QUEUE, timeout=timeout)

  File "D:\毕业设计\Travel_python\.venv\Lib\site-packages\redis\commands\core.py", line 4751, in brpop
    return self.execute_command("BRPOP", *keys)
  File "D:\毕业设计\Travel_python\.venv\Lib\site-packages\redis\client.py", line 787, in execute_command
    return self._execute_command(*args, **options)
  File "D:\毕业设计\Travel_python\.venv\Lib\site-packages\redis\client.py", line 793, in _execute_command
    conn = self.connection or pool.get_connection()
  File "D:\毕业设计\Travel_python\.venv\Lib\site-packages\redis\utils.py", line 258, in wrapper
    return func(*args, **kwargs)
  File "D:\毕业设计\Travel_python\.venv\Lib\site-packages\redis\connection.py", line 3139, in get_connection
    connection.connect()
  File "D:\毕业设计\Travel_python\.venv\Lib\site-packages\redis\connection.py", line 1006, in connect
    self.retry.call_with_retry(
  File "D:\毕业设计\Travel_python\.venv\Lib\site-packages\redis\retry.py", line 132, in call_with_retry
    raise error
  File "D:\毕业设计\Travel_python\.venv\Lib\site-packages\redis\retry.py", line 120, in call_with_retry
    return do()
  File "D:\毕业设计\Travel_python\.venv\Lib\site-packages\redis\connection.py", line 1007, in <lambda>
    lambda: self.connect_check_health(
  File "D:\毕业设计\Travel_python\.venv\Lib\site-packages\redis\connection.py", line 1044, in connect_check_health
    raise e

redis.exceptions.TimeoutError: Timeout connecting to server
2026-07-04 16:54:17.415 | INFO     | N/A | ⏳ 等待 Profile 更新任务...
2026-07-04 16:54:22.431 | ERROR    | N/A | Worker 主循环异常: Timeout connecting to server
Traceback (most recent call last):

  File "D:\毕业设计\Travel_python\.venv\Lib\site-packages\redis\connection.py", line 1033, in connect_check_health
    sock = self._connect()
  File "D:\毕业设计\Travel_python\.venv\Lib\site-packages\redis\connection.py", line 1581, in _connect
    raise err
  File "D:\毕业设计\Travel_python\.venv\Lib\site-packages\redis\connection.py", line 1565, in _connect
    sock.connect(socket_address)

TimeoutError: timed out


During handling of the above exception, another exception occurred:


Traceback (most recent call last):

  File "D:\毕业设计\Travel_python\travel_ai_python\app\service\profile_worker.py", line 194, in <module>
    run_worker()

> File "D:\毕业设计\Travel_python\travel_ai_python\app\service\profile_worker.py", line 169, in run_worker
    task_data = pop_profile_update_task(block=True, timeout=5)

  File "D:\毕业设计\Travel_python\travel_ai_python\app\utils\redis_client.py", line 43, in pop_profile_update_task
    result = redis_client.brpop(PROFILE_UPDATE_QUEUE, timeout=timeout)

  File "D:\毕业设计\Travel_python\.venv\Lib\site-packages\redis\commands\core.py", line 4751, in brpop
    return self.execute_command("BRPOP", *keys)
  File "D:\毕业设计\Travel_python\.venv\Lib\site-packages\redis\client.py", line 787, in execute_command
    return self._execute_command(*args, **options)
  File "D:\毕业设计\Travel_python\.venv\Lib\site-packages\redis\client.py", line 793, in _execute_command
    conn = self.connection or pool.get_connection()
  File "D:\毕业设计\Travel_python\.venv\Lib\site-packages\redis\utils.py", line 258, in wrapper
    return func(*args, **kwargs)
  File "D:\毕业设计\Travel_python\.venv\Lib\site-packages\redis\connection.py", line 3139, in get_connection
    connection.connect()
  File "D:\毕业设计\Travel_python\.venv\Lib\site-packages\redis\connection.py", line 1006, in connect
    self.retry.call_with_retry(
  File "D:\毕业设计\Travel_python\.venv\Lib\site-packages\redis\retry.py", line 132, in call_with_retry
    raise error
  File "D:\毕业设计\Travel_python\.venv\Lib\site-packages\redis\retry.py", line 120, in call_with_retry
    return do()
  File "D:\毕业设计\Travel_python\.venv\Lib\site-packages\redis\connection.py", line 1007, in <lambda>
    lambda: self.connect_check_health(
  File "D:\毕业设计\Travel_python\.venv\Lib\site-packages\redis\connection.py", line 1044, in connect_check_health
    raise e

redis.exceptions.TimeoutError: Timeout connecting to server
2026-07-04 16:54:23.444 | INFO     | N/A | ⏳ 等待 Profile 更新任务...
2026-07-04 16:54:28.462 | ERROR    | N/A | Worker 主循环异常: Timeout connecting to server
Traceback (most recent call last):

  File "D:\毕业设计\Travel_python\.venv\Lib\site-packages\redis\connection.py", line 1033, in connect_check_health
    sock = self._connect()
  File "D:\毕业设计\Travel_python\.venv\Lib\site-packages\redis\connection.py", line 1581, in _connect
    raise err
  File "D:\毕业设计\Travel_python\.venv\Lib\site-packages\redis\connection.py", line 1565, in _connect
    sock.connect(socket_address)

TimeoutError: timed out


During handling of the above exception, another exception occurred:


Traceback (most recent call last):

  File "D:\毕业设计\Travel_python\travel_ai_python\app\service\profile_worker.py", line 194, in <module>
    run_worker()

> File "D:\毕业设计\Travel_python\travel_ai_python\app\service\profile_worker.py", line 169, in run_worker
    task_data = pop_profile_update_task(block=True, timeout=5)

  File "D:\毕业设计\Travel_python\travel_ai_python\app\utils\redis_client.py", line 43, in pop_profile_update_task
    result = redis_client.brpop(PROFILE_UPDATE_QUEUE, timeout=timeout)

  File "D:\毕业设计\Travel_python\.venv\Lib\site-packages\redis\commands\core.py", line 4751, in brpop
    return self.execute_command("BRPOP", *keys)
  File "D:\毕业设计\Travel_python\.venv\Lib\site-packages\redis\client.py", line 787, in execute_command
    return self._execute_command(*args, **options)
  File "D:\毕业设计\Travel_python\.venv\Lib\site-packages\redis\client.py", line 793, in _execute_command
    conn = self.connection or pool.get_connection()
  File "D:\毕业设计\Travel_python\.venv\Lib\site-packages\redis\utils.py", line 258, in wrapper
    return func(*args, **kwargs)
  File "D:\毕业设计\Travel_python\.venv\Lib\site-packages\redis\connection.py", line 3139, in get_connection
    connection.connect()
  File "D:\毕业设计\Travel_python\.venv\Lib\site-packages\redis\connection.py", line 1006, in connect
    self.retry.call_with_retry(
  File "D:\毕业设计\Travel_python\.venv\Lib\site-packages\redis\retry.py", line 132, in call_with_retry
    raise error
  File "D:\毕业设计\Travel_python\.venv\Lib\site-packages\redis\retry.py", line 120, in call_with_retry
    return do()
  File "D:\毕业设计\Travel_python\.venv\Lib\site-packages\redis\connection.py", line 1007, in <lambda>
    lambda: self.connect_check_health(
  File "D:\毕业设计\Travel_python\.venv\Lib\site-packages\redis\connection.py", line 1044, in connect_check_health
    raise e

redis.exceptions.TimeoutError: Timeout connecting to server
2026-07-04 16:54:29.477 | INFO     | N/A | ⏳ 等待 Profile 更新任务...
2026-07-04 16:54:34.487 | ERROR    | N/A | Worker 主循环异常: Timeout connecting to server
Traceback (most recent call last):

  File "D:\毕业设计\Travel_python\.venv\Lib\site-packages\redis\connection.py", line 1033, in connect_check_health
    sock = self._connect()
  File "D:\毕业设计\Travel_python\.venv\Lib\site-packages\redis\connection.py", line 1581, in _connect
    raise err
  File "D:\毕业设计\Travel_python\.venv\Lib\site-packages\redis\connection.py", line 1565, in _connect
    sock.connect(socket_address)

TimeoutError: timed out


During handling of the above exception, another exception occurred:


Traceback (most recent call last):

  File "D:\毕业设计\Travel_python\travel_ai_python\app\service\profile_worker.py", line 194, in <module>
    run_worker()

> File "D:\毕业设计\Travel_python\travel_ai_python\app\service\profile_worker.py", line 169, in run_worker
    task_data = pop_profile_update_task(block=True, timeout=5)

  File "D:\毕业设计\Travel_python\travel_ai_python\app\utils\redis_client.py", line 43, in pop_profile_update_task
    result = redis_client.brpop(PROFILE_UPDATE_QUEUE, timeout=timeout)

  File "D:\毕业设计\Travel_python\.venv\Lib\site-packages\redis\commands\core.py", line 4751, in brpop
    return self.execute_command("BRPOP", *keys)
  File "D:\毕业设计\Travel_python\.venv\Lib\site-packages\redis\client.py", line 787, in execute_command
    return self._execute_command(*args, **options)
  File "D:\毕业设计\Travel_python\.venv\Lib\site-packages\redis\client.py", line 793, in _execute_command
    conn = self.connection or pool.get_connection()
  File "D:\毕业设计\Travel_python\.venv\Lib\site-packages\redis\utils.py", line 258, in wrapper
    return func(*args, **kwargs)
  File "D:\毕业设计\Travel_python\.venv\Lib\site-packages\redis\connection.py", line 3139, in get_connection
    connection.connect()
  File "D:\毕业设计\Travel_python\.venv\Lib\site-packages\redis\connection.py", line 1006, in connect
    self.retry.call_with_retry(
  File "D:\毕业设计\Travel_python\.venv\Lib\site-packages\redis\retry.py", line 132, in call_with_retry
    raise error
  File "D:\毕业设计\Travel_python\.venv\Lib\site-packages\redis\retry.py", line 120, in call_with_retry
    return do()
  File "D:\毕业设计\Travel_python\.venv\Lib\site-packages\redis\connection.py", line 1007, in <lambda>
    lambda: self.connect_check_health(
  File "D:\毕业设计\Travel_python\.venv\Lib\site-packages\redis\connection.py", line 1044, in connect_check_health
    raise e

redis.exceptions.TimeoutError: Timeout connecting to server
2026-07-04 16:54:35.499 | INFO     | N/A | ⏳ 等待 Profile 更新任务...
2026-07-04 16:54:40.510 | ERROR    | N/A | Worker 主循环异常: Timeout connecting to server
Traceback (most recent call last):

  File "D:\毕业设计\Travel_python\.venv\Lib\site-packages\redis\connection.py", line 1033, in connect_check_health
    sock = self._connect()
  File "D:\毕业设计\Travel_python\.venv\Lib\site-packages\redis\connection.py", line 1581, in _connect
    raise err
  File "D:\毕业设计\Travel_python\.venv\Lib\site-packages\redis\connection.py", line 1565, in _connect
    sock.connect(socket_address)

TimeoutError: timed out


During handling of the above exception, another exception occurred:


Traceback (most recent call last):

  File "D:\毕业设计\Travel_python\travel_ai_python\app\service\profile_worker.py", line 194, in <module>
    run_worker()

> File "D:\毕业设计\Travel_python\travel_ai_python\app\service\profile_worker.py", line 169, in run_worker
    task_data = pop_profile_update_task(block=True, timeout=5)

  File "D:\毕业设计\Travel_python\travel_ai_python\app\utils\redis_client.py", line 43, in pop_profile_update_task
    result = redis_client.brpop(PROFILE_UPDATE_QUEUE, timeout=timeout)

  File "D:\毕业设计\Travel_python\.venv\Lib\site-packages\redis\commands\core.py", line 4751, in brpop
    return self.execute_command("BRPOP", *keys)
  File "D:\毕业设计\Travel_python\.venv\Lib\site-packages\redis\client.py", line 787, in execute_command
    return self._execute_command(*args, **options)
  File "D:\毕业设计\Travel_python\.venv\Lib\site-packages\redis\client.py", line 793, in _execute_command
    conn = self.connection or pool.get_connection()
  File "D:\毕业设计\Travel_python\.venv\Lib\site-packages\redis\utils.py", line 258, in wrapper
    return func(*args, **kwargs)
  File "D:\毕业设计\Travel_python\.venv\Lib\site-packages\redis\connection.py", line 3139, in get_connection
    connection.connect()
  File "D:\毕业设计\Travel_python\.venv\Lib\site-packages\redis\connection.py", line 1006, in connect
    self.retry.call_with_retry(
  File "D:\毕业设计\Travel_python\.venv\Lib\site-packages\redis\retry.py", line 132, in call_with_retry
    raise error
  File "D:\毕业设计\Travel_python\.venv\Lib\site-packages\redis\retry.py", line 120, in call_with_retry
    return do()
  File "D:\毕业设计\Travel_python\.venv\Lib\site-packages\redis\connection.py", line 1007, in <lambda>
    lambda: self.connect_check_health(
  File "D:\毕业设计\Travel_python\.venv\Lib\site-packages\redis\connection.py", line 1044, in connect_check_health
    raise e

redis.exceptions.TimeoutError: Timeout connecting to server
2026-07-04 16:54:41.526 | INFO     | N/A | ⏳ 等待 Profile 更新任务...
2026-07-04 16:54:46.537 | ERROR    | N/A | Worker 主循环异常: Timeout connecting to server
Traceback (most recent call last):

  File "D:\毕业设计\Travel_python\.venv\Lib\site-packages\redis\connection.py", line 1033, in connect_check_health
    sock = self._connect()
  File "D:\毕业设计\Travel_python\.venv\Lib\site-packages\redis\connection.py", line 1581, in _connect
    raise err
  File "D:\毕业设计\Travel_python\.venv\Lib\site-packages\redis\connection.py", line 1565, in _connect
    sock.connect(socket_address)

TimeoutError: timed out


During handling of the above exception, another exception occurred:


Traceback (most recent call last):

  File "D:\毕业设计\Travel_python\travel_ai_python\app\service\profile_worker.py", line 194, in <module>
    run_worker()

> File "D:\毕业设计\Travel_python\travel_ai_python\app\service\profile_worker.py", line 169, in run_worker
    task_data = pop_profile_update_task(block=True, timeout=5)

  File "D:\毕业设计\Travel_python\travel_ai_python\app\utils\redis_client.py", line 43, in pop_profile_update_task
    result = redis_client.brpop(PROFILE_UPDATE_QUEUE, timeout=timeout)

  File "D:\毕业设计\Travel_python\.venv\Lib\site-packages\redis\commands\core.py", line 4751, in brpop
    return self.execute_command("BRPOP", *keys)
  File "D:\毕业设计\Travel_python\.venv\Lib\site-packages\redis\client.py", line 787, in execute_command
    return self._execute_command(*args, **options)
  File "D:\毕业设计\Travel_python\.venv\Lib\site-packages\redis\client.py", line 793, in _execute_command
    conn = self.connection or pool.get_connection()
  File "D:\毕业设计\Travel_python\.venv\Lib\site-packages\redis\utils.py", line 258, in wrapper
    return func(*args, **kwargs)
  File "D:\毕业设计\Travel_python\.venv\Lib\site-packages\redis\connection.py", line 3139, in get_connection
    connection.connect()
  File "D:\毕业设计\Travel_python\.venv\Lib\site-packages\redis\connection.py", line 1006, in connect
    self.retry.call_with_retry(
  File "D:\毕业设计\Travel_python\.venv\Lib\site-packages\redis\retry.py", line 132, in call_with_retry
    raise error
  File "D:\毕业设计\Travel_python\.venv\Lib\site-packages\redis\retry.py", line 120, in call_with_retry
    return do()
  File "D:\毕业设计\Travel_python\.venv\Lib\site-packages\redis\connection.py", line 1007, in <lambda>
    lambda: self.connect_check_health(
  File "D:\毕业设计\Travel_python\.venv\Lib\site-packages\redis\connection.py", line 1044, in connect_check_health
    raise e

redis.exceptions.TimeoutError: Timeout connecting to server
2026-07-04 16:54:47.555 | INFO     | N/A | ⏳ 等待 Profile 更新任务...
2026-07-04 16:54:52.571 | ERROR    | N/A | Worker 主循环异常: Timeout connecting to server
Traceback (most recent call last):

  File "D:\毕业设计\Travel_python\.venv\Lib\site-packages\redis\connection.py", line 1033, in connect_check_health
    sock = self._connect()
  File "D:\毕业设计\Travel_python\.venv\Lib\site-packages\redis\connection.py", line 1581, in _connect
    raise err
  File "D:\毕业设计\Travel_python\.venv\Lib\site-packages\redis\connection.py", line 1565, in _connect
    sock.connect(socket_address)

TimeoutError: timed out


During handling of the above exception, another exception occurred:


Traceback (most recent call last):

  File "D:\毕业设计\Travel_python\travel_ai_python\app\service\profile_worker.py", line 194, in <module>
    run_worker()

> File "D:\毕业设计\Travel_python\travel_ai_python\app\service\profile_worker.py", line 169, in run_worker
    task_data = pop_profile_update_task(block=True, timeout=5)

  File "D:\毕业设计\Travel_python\travel_ai_python\app\utils\redis_client.py", line 43, in pop_profile_update_task
    result = redis_client.brpop(PROFILE_UPDATE_QUEUE, timeout=timeout)

  File "D:\毕业设计\Travel_python\.venv\Lib\site-packages\redis\commands\core.py", line 4751, in brpop
    return self.execute_command("BRPOP", *keys)
  File "D:\毕业设计\Travel_python\.venv\Lib\site-packages\redis\client.py", line 787, in execute_command
    return self._execute_command(*args, **options)
  File "D:\毕业设计\Travel_python\.venv\Lib\site-packages\redis\client.py", line 793, in _execute_command
    conn = self.connection or pool.get_connection()
  File "D:\毕业设计\Travel_python\.venv\Lib\site-packages\redis\utils.py", line 258, in wrapper
    return func(*args, **kwargs)
  File "D:\毕业设计\Travel_python\.venv\Lib\site-packages\redis\connection.py", line 3139, in get_connection
    connection.connect()
  File "D:\毕业设计\Travel_python\.venv\Lib\site-packages\redis\connection.py", line 1006, in connect
    self.retry.call_with_retry(
  File "D:\毕业设计\Travel_python\.venv\Lib\site-packages\redis\retry.py", line 132, in call_with_retry
    raise error
  File "D:\毕业设计\Travel_python\.venv\Lib\site-packages\redis\retry.py", line 120, in call_with_retry
    return do()
  File "D:\毕业设计\Travel_python\.venv\Lib\site-packages\redis\connection.py", line 1007, in <lambda>
    lambda: self.connect_check_health(
  File "D:\毕业设计\Travel_python\.venv\Lib\site-packages\redis\connection.py", line 1044, in connect_check_health
    raise e

redis.exceptions.TimeoutError: Timeout connecting to server
2026-07-04 16:54:53.586 | INFO     | N/A | ⏳ 等待 Profile 更新任务...
2026-07-04 16:54:58.590 | ERROR    | N/A | Worker 主循环异常: Timeout connecting to server
Traceback (most recent call last):

  File "D:\毕业设计\Travel_python\.venv\Lib\site-packages\redis\connection.py", line 1033, in connect_check_health
    sock = self._connect()
  File "D:\毕业设计\Travel_python\.venv\Lib\site-packages\redis\connection.py", line 1581, in _connect
    raise err
  File "D:\毕业设计\Travel_python\.venv\Lib\site-packages\redis\connection.py", line 1565, in _connect
    sock.connect(socket_address)

TimeoutError: timed out


During handling of the above exception, another exception occurred:


Traceback (most recent call last):

  File "D:\毕业设计\Travel_python\travel_ai_python\app\service\profile_worker.py", line 194, in <module>
    run_worker()

> File "D:\毕业设计\Travel_python\travel_ai_python\app\service\profile_worker.py", line 169, in run_worker
    task_data = pop_profile_update_task(block=True, timeout=5)

  File "D:\毕业设计\Travel_python\travel_ai_python\app\utils\redis_client.py", line 43, in pop_profile_update_task
    result = redis_client.brpop(PROFILE_UPDATE_QUEUE, timeout=timeout)

  File "D:\毕业设计\Travel_python\.venv\Lib\site-packages\redis\commands\core.py", line 4751, in brpop
    return self.execute_command("BRPOP", *keys)
  File "D:\毕业设计\Travel_python\.venv\Lib\site-packages\redis\client.py", line 787, in execute_command
    return self._execute_command(*args, **options)
  File "D:\毕业设计\Travel_python\.venv\Lib\site-packages\redis\client.py", line 793, in _execute_command
    conn = self.connection or pool.get_connection()
  File "D:\毕业设计\Travel_python\.venv\Lib\site-packages\redis\utils.py", line 258, in wrapper
    return func(*args, **kwargs)
  File "D:\毕业设计\Travel_python\.venv\Lib\site-packages\redis\connection.py", line 3139, in get_connection
    connection.connect()
  File "D:\毕业设计\Travel_python\.venv\Lib\site-packages\redis\connection.py", line 1006, in connect
    self.retry.call_with_retry(
  File "D:\毕业设计\Travel_python\.venv\Lib\site-packages\redis\retry.py", line 132, in call_with_retry
    raise error
  File "D:\毕业设计\Travel_python\.venv\Lib\site-packages\redis\retry.py", line 120, in call_with_retry
    return do()
  File "D:\毕业设计\Travel_python\.venv\Lib\site-packages\redis\connection.py", line 1007, in <lambda>
    lambda: self.connect_check_health(
  File "D:\毕业设计\Travel_python\.venv\Lib\site-packages\redis\connection.py", line 1044, in connect_check_health
    raise e

redis.exceptions.TimeoutError: Timeout connecting to server
2026-07-04 16:54:59.604 | INFO     | N/A | ⏳ 等待 Profile 更新任务...
2026-07-04 16:55:04.611 | ERROR    | N/A | Worker 主循环异常: Timeout connecting to server
Traceback (most recent call last):

  File "D:\毕业设计\Travel_python\.venv\Lib\site-packages\redis\connection.py", line 1033, in connect_check_health
    sock = self._connect()
  File "D:\毕业设计\Travel_python\.venv\Lib\site-packages\redis\connection.py", line 1581, in _connect
    raise err
  File "D:\毕业设计\Travel_python\.venv\Lib\site-packages\redis\connection.py", line 1565, in _connect
    sock.connect(socket_address)

TimeoutError: timed out


During handling of the above exception, another exception occurred:


Traceback (most recent call last):

  File "D:\毕业设计\Travel_python\travel_ai_python\app\service\profile_worker.py", line 194, in <module>
    run_worker()

> File "D:\毕业设计\Travel_python\travel_ai_python\app\service\profile_worker.py", line 169, in run_worker
    task_data = pop_profile_update_task(block=True, timeout=5)

  File "D:\毕业设计\Travel_python\travel_ai_python\app\utils\redis_client.py", line 43, in pop_profile_update_task
    result = redis_client.brpop(PROFILE_UPDATE_QUEUE, timeout=timeout)

  File "D:\毕业设计\Travel_python\.venv\Lib\site-packages\redis\commands\core.py", line 4751, in brpop
    return self.execute_command("BRPOP", *keys)
  File "D:\毕业设计\Travel_python\.venv\Lib\site-packages\redis\client.py", line 787, in execute_command
    return self._execute_command(*args, **options)
  File "D:\毕业设计\Travel_python\.venv\Lib\site-packages\redis\client.py", line 793, in _execute_command
    conn = self.connection or pool.get_connection()
  File "D:\毕业设计\Travel_python\.venv\Lib\site-packages\redis\utils.py", line 258, in wrapper
    return func(*args, **kwargs)
  File "D:\毕业设计\Travel_python\.venv\Lib\site-packages\redis\connection.py", line 3139, in get_connection
    connection.connect()
  File "D:\毕业设计\Travel_python\.venv\Lib\site-packages\redis\connection.py", line 1006, in connect
    self.retry.call_with_retry(
  File "D:\毕业设计\Travel_python\.venv\Lib\site-packages\redis\retry.py", line 132, in call_with_retry
    raise error
  File "D:\毕业设计\Travel_python\.venv\Lib\site-packages\redis\retry.py", line 120, in call_with_retry
    return do()
  File "D:\毕业设计\Travel_python\.venv\Lib\site-packages\redis\connection.py", line 1007, in <lambda>
    lambda: self.connect_check_health(
  File "D:\毕业设计\Travel_python\.venv\Lib\site-packages\redis\connection.py", line 1044, in connect_check_health
    raise e

redis.exceptions.TimeoutError: Timeout connecting to server
2026-07-04 16:55:05.629 | INFO     | N/A | ⏳ 等待 Profile 更新任务...
2026-07-04 16:55:10.692 | INFO     | N/A | ⏳ 等待 Profile 更新任务...
2026-07-04 16:55:15.785 | INFO     | N/A | ⏳ 等待 Profile 更新任务...
2026-07-04 16:55:20.831 | INFO     | N/A | ⏳ 等待 Profile 更新任务...
2026-07-04 16:55:25.881 | INFO     | N/A | ⏳ 等待 Profile 更新任务...
2026-07-04 16:55:30.914 | INFO     | N/A | ⏳ 等待 Profile 更新任务...
2026-07-04 16:55:35.945 | INFO     | N/A | ⏳ 等待 Profile 更新任务...
2026-07-04 16:55:40.979 | INFO     | N/A | ⏳ 等待 Profile 更新任务...
2026-07-04 16:55:46.014 | INFO     | N/A | ⏳ 等待 Profile 更新任务...
2026-07-04 16:55:51.054 | INFO     | N/A | ⏳ 等待 Profile 更新任务...
2026-07-04 16:55:56.085 | INFO     | N/A | ⏳ 等待 Profile 更新任务...
2026-07-04 16:56:01.188 | INFO     | N/A | ⏳ 等待 Profile 更新任务...
2026-07-04 16:56:06.248 | INFO     | N/A | ⏳ 等待 Profile 更新任务...
2026-07-04 16:56:11.313 | INFO     | N/A | ⏳ 等待 Profile 更新任务...
2026-07-04 16:56:16.411 | INFO     | N/A | ⏳ 等待 Profile 更新任务...
2026-07-04 16:56:21.509 | INFO     | N/A | ⏳ 等待 Profile 更新任务...
2026-07-04 16:56:26.603 | INFO     | N/A | ⏳ 等待 Profile 更新任务...
2026-07-04 16:56:31.660 | INFO     | N/A | ⏳ 等待 Profile 更新任务...
2026-07-04 16:56:36.691 | INFO     | N/A | ⏳ 等待 Profile 更新任务...
2026-07-04 16:56:41.723 | INFO     | N/A | ⏳ 等待 Profile 更新任务...
2026-07-04 16:56:46.786 | INFO     | N/A | ⏳ 等待 Profile 更新任务...
2026-07-04 16:56:51.823 | INFO     | N/A | ⏳ 等待 Profile 更新任务...
2026-07-04 16:56:56.858 | INFO     | N/A | ⏳ 等待 Profile 更新任务...
2026-07-04 16:57:01.890 | INFO     | N/A | ⏳ 等待 Profile 更新任务...
2026-07-04 16:57:06.907 | INFO     | N/A | ⏳ 等待 Profile 更新任务...
2026-07-04 16:57:11.996 | INFO     | N/A | ⏳ 等待 Profile 更新任务...
2026-07-04 16:57:17.056 | INFO     | N/A | ⏳ 等待 Profile 更新任务...
2026-07-04 16:57:22.025 | INFO     | N/A | ⏳ 等待 Profile 更新任务...
2026-07-04 16:57:26.894 | INFO     | N/A | ⏳ 等待 Profile 更新任务...
2026-07-04 16:57:31.927 | INFO     | N/A | ⏳ 等待 Profile 更新任务...
2026-07-04 16:57:36.963 | INFO     | N/A | ⏳ 等待 Profile 更新任务...
2026-07-04 16:57:42.021 | INFO     | N/A | ⏳ 等待 Profile 更新任务...
2026-07-04 16:57:47.056 | INFO     | N/A | ⏳ 等待 Profile 更新任务...
2026-07-04 16:57:52.115 | INFO     | N/A | ⏳ 等待 Profile 更新任务...
2026-07-04 16:57:57.218 | INFO     | N/A | ⏳ 等待 Profile 更新任务...
2026-07-04 16:58:02.274 | INFO     | N/A | ⏳ 等待 Profile 更新任务...
2026-07-04 16:58:07.312 | INFO     | N/A | ⏳ 等待 Profile 更新任务...
2026-07-04 16:58:12.367 | INFO     | N/A | ⏳ 等待 Profile 更新任务...
2026-07-04 16:58:17.397 | INFO     | N/A | ⏳ 等待 Profile 更新任务...
2026-07-04 16:58:22.432 | INFO     | N/A | ⏳ 等待 Profile 更新任务...
2026-07-04 16:58:27.475 | INFO     | N/A | ⏳ 等待 Profile 更新任务...
2026-07-04 16:58:32.518 | INFO     | N/A | ⏳ 等待 Profile 更新任务...
2026-07-04 16:58:37.571 | INFO     | N/A | ⏳ 等待 Profile 更新任务...
2026-07-04 16:58:42.610 | INFO     | N/A | ⏳ 等待 Profile 更新任务...
2026-07-04 16:58:47.648 | INFO     | N/A | ⏳ 等待 Profile 更新任务...
2026-07-04 16:58:52.684 | INFO     | N/A | ⏳ 等待 Profile 更新任务...
2026-07-04 16:58:57.772 | INFO     | N/A | ⏳ 等待 Profile 更新任务...
2026-07-04 16:59:02.806 | INFO     | N/A | ⏳ 等待 Profile 更新任务...
2026-07-04 16:59:07.845 | INFO     | N/A | ⏳ 等待 Profile 更新任务...
2026-07-04 16:59:12.903 | INFO     | N/A | ⏳ 等待 Profile 更新任务...
2026-07-04 16:59:17.943 | INFO     | N/A | ⏳ 等待 Profile 更新任务...
2026-07-04 16:59:22.981 | INFO     | N/A | ⏳ 等待 Profile 更新任务...
2026-07-04 16:59:28.011 | INFO     | N/A | ⏳ 等待 Profile 更新任务...
2026-07-04 16:59:33.062 | INFO     | N/A | ⏳ 等待 Profile 更新任务...
2026-07-04 16:59:38.154 | INFO     | N/A | ⏳ 等待 Profile 更新任务...
2026-07-04 16:59:43.194 | INFO     | N/A | ⏳ 等待 Profile 更新任务...
2026-07-04 16:59:48.227 | INFO     | N/A | ⏳ 等待 Profile 更新任务...
2026-07-04 16:59:53.269 | INFO     | N/A | ⏳ 等待 Profile 更新任务...
2026-07-04 16:59:58.331 | INFO     | N/A | ⏳ 等待 Profile 更新任务...
2026-07-04 17:00:03.371 | INFO     | N/A | ⏳ 等待 Profile 更新任务...
2026-07-04 17:00:08.410 | INFO     | N/A | ⏳ 等待 Profile 更新任务...
2026-07-04 17:00:13.446 | INFO     | N/A | ⏳ 等待 Profile 更新任务...
2026-07-04 17:00:18.488 | INFO     | N/A | ⏳ 等待 Profile 更新任务...
2026-07-04 17:00:23.526 | INFO     | N/A | ⏳ 等待 Profile 更新任务...
2026-07-04 17:00:28.569 | INFO     | N/A | ⏳ 等待 Profile 更新任务...
2026-07-04 17:00:33.605 | INFO     | N/A | ⏳ 等待 Profile 更新任务...
2026-07-04 17:00:38.705 | INFO     | N/A | ⏳ 等待 Profile 更新任务...
2026-07-04 17:00:43.772 | INFO     | N/A | ⏳ 等待 Profile 更新任务...
2026-07-04 17:00:48.863 | INFO     | N/A | ⏳ 等待 Profile 更新任务...
2026-07-04 17:00:53.898 | INFO     | N/A | ⏳ 等待 Profile 更新任务...
2026-07-04 17:00:58.934 | INFO     | N/A | ⏳ 等待 Profile 更新任务...
2026-07-04 17:01:03.981 | INFO     | N/A | ⏳ 等待 Profile 更新任务...
2026-07-04 17:29:07.734 | ERROR    | N/A | Worker 主循环异常: Timeout reading from socket
Traceback (most recent call last):

  File "D:\毕业设计\Travel_python\.venv\Lib\site-packages\redis\_parsers\socket.py", line 64, in _read_from_socket
    data = sock.recv(socket_read_size)

TimeoutError: timed out


During handling of the above exception, another exception occurred:


Traceback (most recent call last):

  File "D:\毕业设计\Travel_python\travel_ai_python\app\service\profile_worker.py", line 194, in <module>
    run_worker()

> File "D:\毕业设计\Travel_python\travel_ai_python\app\service\profile_worker.py", line 169, in run_worker
    task_data = pop_profile_update_task(block=True, timeout=5)

  File "D:\毕业设计\Travel_python\travel_ai_python\app\utils\redis_client.py", line 43, in pop_profile_update_task
    result = redis_client.brpop(PROFILE_UPDATE_QUEUE, timeout=timeout)

  File "D:\毕业设计\Travel_python\.venv\Lib\site-packages\redis\commands\core.py", line 4751, in brpop
    return self.execute_command("BRPOP", *keys)
  File "D:\毕业设计\Travel_python\.venv\Lib\site-packages\redis\client.py", line 787, in execute_command
    return self._execute_command(*args, **options)
  File "D:\毕业设计\Travel_python\.venv\Lib\site-packages\redis\client.py", line 809, in _execute_command
    result = conn.retry.call_with_retry(
  File "D:\毕业设计\Travel_python\.venv\Lib\site-packages\redis\retry.py", line 132, in call_with_retry
    raise error
  File "D:\毕业设计\Travel_python\.venv\Lib\site-packages\redis\retry.py", line 120, in call_with_retry
    return do()
  File "D:\毕业设计\Travel_python\.venv\Lib\site-packages\redis\client.py", line 810, in <lambda>
    lambda: self._send_command_parse_response(
  File "D:\毕业设计\Travel_python\.venv\Lib\site-packages\redis\client.py", line 753, in _send_command_parse_response
    return self.parse_response(conn, command_name, **options)
  File "D:\毕业设计\Travel_python\.venv\Lib\site-packages\redis\client.py", line 853, in parse_response
    response = connection.read_response()
  File "D:\毕业设计\Travel_python\.venv\Lib\site-packages\redis\connection.py", line 1371, in read_response
    response = self._parser.read_response(
  File "D:\毕业设计\Travel_python\.venv\Lib\site-packages\redis\_parsers\resp3.py", line 40, in read_response
    result = self._read_response(
  File "D:\毕业设计\Travel_python\.venv\Lib\site-packages\redis\_parsers\resp3.py", line 65, in _read_response
    raw = self._buffer.readline(timeout=timeout)
  File "D:\毕业设计\Travel_python\.venv\Lib\site-packages\redis\_parsers\socket.py", line 117, in readline
    self._read_from_socket(timeout=timeout)
  File "D:\毕业设计\Travel_python\.venv\Lib\site-packages\redis\_parsers\socket.py", line 77, in _read_from_socket
    raise TimeoutError("Timeout reading from socket")

redis.exceptions.TimeoutError: Timeout reading from socket
2026-07-04 17:29:08.861 | INFO     | N/A | ⏳ 等待 Profile 更新任务...
2026-07-04 17:29:14.102 | INFO     | N/A | ⏳ 等待 Profile 更新任务...
2026-07-04 17:29:19.128 | INFO     | N/A | ⏳ 等待 Profile 更新任务...
2026-07-04 17:29:24.197 | INFO     | N/A | ⏳ 等待 Profile 更新任务...
2026-07-04 17:29:29.310 | INFO     | N/A | ⏳ 等待 Profile 更新任务...
2026-07-04 17:29:34.411 | INFO     | N/A | ⏳ 等待 Profile 更新任务...
2026-07-04 17:29:39.455 | INFO     | N/A | ⏳ 等待 Profile 更新任务...
2026-07-04 17:29:44.482 | INFO     | N/A | ⏳ 等待 Profile 更新任务...
2026-07-04 17:29:49.516 | INFO     | N/A | ⏳ 等待 Profile 更新任务...
2026-07-04 17:29:54.552 | INFO     | N/A | ⏳ 等待 Profile 更新任务...
2026-07-04 17:29:59.603 | INFO     | N/A | ⏳ 等待 Profile 更新任务...
2026-07-04 17:30:04.679 | INFO     | N/A | ⏳ 等待 Profile 更新任务...
2026-07-04 17:30:09.725 | INFO     | N/A | ⏳ 等待 Profile 更新任务...
2026-07-04 17:30:14.753 | INFO     | N/A | ⏳ 等待 Profile 更新任务...
2026-07-04 17:30:19.791 | INFO     | N/A | ⏳ 等待 Profile 更新任务...
2026-07-04 17:30:24.827 | INFO     | N/A | ⏳ 等待 Profile 更新任务...
2026-07-04 17:30:29.899 | INFO     | N/A | ⏳ 等待 Profile 更新任务...
2026-07-04 17:30:34.937 | INFO     | N/A | ⏳ 等待 Profile 更新任务...
2026-07-04 17:30:40.008 | INFO     | N/A | ⏳ 等待 Profile 更新任务...
2026-07-04 17:30:45.055 | INFO     | N/A | ⏳ 等待 Profile 更新任务...
2026-07-04 17:30:50.090 | INFO     | N/A | ⏳ 等待 Profile 更新任务...
2026-07-04 17:30:55.123 | INFO     | N/A | ⏳ 等待 Profile 更新任务...
2026-07-04 17:31:00.155 | INFO     | N/A | ⏳ 等待 Profile 更新任务...
2026-07-04 17:31:05.190 | INFO     | N/A | ⏳ 等待 Profile 更新任务...
2026-07-04 17:31:10.228 | INFO     | N/A | ⏳ 等待 Profile 更新任务...
2026-07-04 17:31:15.264 | INFO     | N/A | ⏳ 等待 Profile 更新任务...
2026-07-04 17:31:20.264 | INFO     | N/A | ⏳ 等待 Profile 更新任务...
2026-07-04 17:31:25.016 | INFO     | N/A | ⏳ 等待 Profile 更新任务...
2026-07-04 17:31:30.071 | INFO     | N/A | ⏳ 等待 Profile 更新任务...
2026-07-04 17:31:35.113 | INFO     | N/A | ⏳ 等待 Profile 更新任务...
2026-07-04 17:31:40.146 | INFO     | N/A | ⏳ 等待 Profile 更新任务...
2026-07-04 17:31:45.181 | INFO     | N/A | ⏳ 等待 Profile 更新任务...
2026-07-04 17:31:50.247 | INFO     | N/A | ⏳ 等待 Profile 更新任务...
2026-07-04 17:31:55.286 | INFO     | N/A | ⏳ 等待 Profile 更新任务...
2026-07-04 17:32:00.322 | INFO     | N/A | ⏳ 等待 Profile 更新任务...
2026-07-04 17:32:05.356 | INFO     | N/A | ⏳ 等待 Profile 更新任务...
2026-07-04 17:32:10.394 | INFO     | N/A | ⏳ 等待 Profile 更新任务...
2026-07-04 17:32:15.441 | INFO     | N/A | ⏳ 等待 Profile 更新任务...
2026-07-04 17:32:20.478 | INFO     | N/A | ⏳ 等待 Profile 更新任务...
2026-07-04 17:32:25.513 | INFO     | N/A | ⏳ 等待 Profile 更新任务...
2026-07-04 17:32:30.549 | INFO     | N/A | ⏳ 等待 Profile 更新任务...
2026-07-04 17:32:35.583 | INFO     | N/A | ⏳ 等待 Profile 更新任务...
2026-07-04 17:32:40.619 | INFO     | N/A | ⏳ 等待 Profile 更新任务...
2026-07-04 17:32:45.654 | INFO     | N/A | ⏳ 等待 Profile 更新任务...
2026-07-04 17:32:50.688 | INFO     | N/A | ⏳ 等待 Profile 更新任务...
2026-07-04 17:32:55.725 | INFO     | N/A | ⏳ 等待 Profile 更新任务...
2026-07-04 17:33:00.745 | INFO     | N/A | ⏳ 等待 Profile 更新任务...
2026-07-04 17:33:05.788 | INFO     | N/A | ⏳ 等待 Profile 更新任务...
2026-07-04 17:33:10.830 | INFO     | N/A | ⏳ 等待 Profile 更新任务...
2026-07-04 17:33:15.895 | INFO     | N/A | ⏳ 等待 Profile 更新任务...
2026-07-04 17:33:20.933 | INFO     | N/A | ⏳ 等待 Profile 更新任务...
2026-07-04 17:33:25.969 | INFO     | N/A | ⏳ 等待 Profile 更新任务...
2026-07-04 17:33:31.004 | INFO     | N/A | ⏳ 等待 Profile 更新任务...
2026-07-04 17:33:36.037 | INFO     | N/A | ⏳ 等待 Profile 更新任务...
2026-07-04 17:33:41.079 | INFO     | N/A | ⏳ 等待 Profile 更新任务...
2026-07-04 17:33:46.116 | INFO     | N/A | ⏳ 等待 Profile 更新任务...
2026-07-04 17:33:51.151 | INFO     | N/A | ⏳ 等待 Profile 更新任务...
2026-07-04 17:33:56.188 | INFO     | N/A | ⏳ 等待 Profile 更新任务...
2026-07-04 17:34:01.224 | INFO     | N/A | ⏳ 等待 Profile 更新任务...
2026-07-04 17:34:06.264 | INFO     | N/A | ⏳ 等待 Profile 更新任务...
2026-07-04 17:34:11.365 | INFO     | N/A | ⏳ 等待 Profile 更新任务...
2026-07-04 17:34:16.415 | INFO     | N/A | ⏳ 等待 Profile 更新任务...
2026-07-04 17:34:21.450 | INFO     | N/A | ⏳ 等待 Profile 更新任务...
2026-07-04 17:34:26.486 | INFO     | N/A | ⏳ 等待 Profile 更新任务...
2026-07-04 17:34:31.531 | INFO     | N/A | ⏳ 等待 Profile 更新任务...
2026-07-04 17:34:36.565 | INFO     | N/A | ⏳ 等待 Profile 更新任务...
2026-07-04 17:34:41.643 | INFO     | N/A | ⏳ 等待 Profile 更新任务...
2026-07-04 17:34:46.680 | INFO     | N/A | ⏳ 等待 Profile 更新任务...
2026-07-04 17:34:51.719 | INFO     | N/A | ⏳ 等待 Profile 更新任务...
2026-07-04 17:34:56.757 | INFO     | N/A | ⏳ 等待 Profile 更新任务...
2026-07-04 17:35:01.796 | INFO     | N/A | ⏳ 等待 Profile 更新任务...
2026-07-04 17:35:06.837 | INFO     | N/A | ⏳ 等待 Profile 更新任务...
2026-07-04 17:35:11.865 | INFO     | N/A | ⏳ 等待 Profile 更新任务...
2026-07-04 17:35:16.966 | INFO     | N/A | ⏳ 等待 Profile 更新任务...
2026-07-04 17:35:22.005 | INFO     | N/A | ⏳ 等待 Profile 更新任务...
2026-07-04 17:35:27.042 | INFO     | N/A | ⏳ 等待 Profile 更新任务...
2026-07-04 17:35:32.077 | INFO     | N/A | ⏳ 等待 Profile 更新任务...
2026-07-04 19:07:27.375 | ERROR    | N/A | Worker 主循环异常: Timeout reading from socket
Traceback (most recent call last):

  File "D:\毕业设计\Travel_python\.venv\Lib\site-packages\redis\_parsers\socket.py", line 64, in _read_from_socket
    data = sock.recv(socket_read_size)

TimeoutError: timed out


During handling of the above exception, another exception occurred:


Traceback (most recent call last):

  File "D:\毕业设计\Travel_python\travel_ai_python\app\service\profile_worker.py", line 194, in <module>
    run_worker()

> File "D:\毕业设计\Travel_python\travel_ai_python\app\service\profile_worker.py", line 169, in run_worker
    task_data = pop_profile_update_task(block=True, timeout=5)

  File "D:\毕业设计\Travel_python\travel_ai_python\app\utils\redis_client.py", line 43, in pop_profile_update_task
    result = redis_client.brpop(PROFILE_UPDATE_QUEUE, timeout=timeout)

  File "D:\毕业设计\Travel_python\.venv\Lib\site-packages\redis\commands\core.py", line 4751, in brpop
    return self.execute_command("BRPOP", *keys)
  File "D:\毕业设计\Travel_python\.venv\Lib\site-packages\redis\client.py", line 787, in execute_command
    return self._execute_command(*args, **options)
  File "D:\毕业设计\Travel_python\.venv\Lib\site-packages\redis\client.py", line 809, in _execute_command
    result = conn.retry.call_with_retry(
  File "D:\毕业设计\Travel_python\.venv\Lib\site-packages\redis\retry.py", line 132, in call_with_retry
    raise error
  File "D:\毕业设计\Travel_python\.venv\Lib\site-packages\redis\retry.py", line 120, in call_with_retry
    return do()
  File "D:\毕业设计\Travel_python\.venv\Lib\site-packages\redis\client.py", line 810, in <lambda>
    lambda: self._send_command_parse_response(
  File "D:\毕业设计\Travel_python\.venv\Lib\site-packages\redis\client.py", line 753, in _send_command_parse_response
    return self.parse_response(conn, command_name, **options)
  File "D:\毕业设计\Travel_python\.venv\Lib\site-packages\redis\client.py", line 853, in parse_response
    response = connection.read_response()
  File "D:\毕业设计\Travel_python\.venv\Lib\site-packages\redis\connection.py", line 1371, in read_response
    response = self._parser.read_response(
  File "D:\毕业设计\Travel_python\.venv\Lib\site-packages\redis\_parsers\resp3.py", line 40, in read_response
    result = self._read_response(
  File "D:\毕业设计\Travel_python\.venv\Lib\site-packages\redis\_parsers\resp3.py", line 65, in _read_response
    raw = self._buffer.readline(timeout=timeout)
  File "D:\毕业设计\Travel_python\.venv\Lib\site-packages\redis\_parsers\socket.py", line 117, in readline
    self._read_from_socket(timeout=timeout)
  File "D:\毕业设计\Travel_python\.venv\Lib\site-packages\redis\_parsers\socket.py", line 77, in _read_from_socket
    raise TimeoutError("Timeout reading from socket")

redis.exceptions.TimeoutError: Timeout reading from socket
2026-07-04 19:07:28.828 | INFO     | N/A | ⏳ 等待 Profile 更新任务...
2026-07-04 19:07:33.832 | ERROR    | N/A | Worker 主循环异常: Timeout connecting to server
Traceback (most recent call last):

  File "D:\毕业设计\Travel_python\.venv\Lib\site-packages\redis\connection.py", line 1033, in connect_check_health
    sock = self._connect()
  File "D:\毕业设计\Travel_python\.venv\Lib\site-packages\redis\connection.py", line 1581, in _connect
    raise err
  File "D:\毕业设计\Travel_python\.venv\Lib\site-packages\redis\connection.py", line 1565, in _connect
    sock.connect(socket_address)

TimeoutError: timed out


During handling of the above exception, another exception occurred:


Traceback (most recent call last):

  File "D:\毕业设计\Travel_python\travel_ai_python\app\service\profile_worker.py", line 194, in <module>
    run_worker()

> File "D:\毕业设计\Travel_python\travel_ai_python\app\service\profile_worker.py", line 169, in run_worker
    task_data = pop_profile_update_task(block=True, timeout=5)

  File "D:\毕业设计\Travel_python\travel_ai_python\app\utils\redis_client.py", line 43, in pop_profile_update_task
    result = redis_client.brpop(PROFILE_UPDATE_QUEUE, timeout=timeout)

  File "D:\毕业设计\Travel_python\.venv\Lib\site-packages\redis\commands\core.py", line 4751, in brpop
    return self.execute_command("BRPOP", *keys)
  File "D:\毕业设计\Travel_python\.venv\Lib\site-packages\redis\client.py", line 787, in execute_command
    return self._execute_command(*args, **options)
  File "D:\毕业设计\Travel_python\.venv\Lib\site-packages\redis\client.py", line 793, in _execute_command
    conn = self.connection or pool.get_connection()
  File "D:\毕业设计\Travel_python\.venv\Lib\site-packages\redis\utils.py", line 258, in wrapper
    return func(*args, **kwargs)
  File "D:\毕业设计\Travel_python\.venv\Lib\site-packages\redis\connection.py", line 3139, in get_connection
    connection.connect()
  File "D:\毕业设计\Travel_python\.venv\Lib\site-packages\redis\connection.py", line 1006, in connect
    self.retry.call_with_retry(
  File "D:\毕业设计\Travel_python\.venv\Lib\site-packages\redis\retry.py", line 132, in call_with_retry
    raise error
  File "D:\毕业设计\Travel_python\.venv\Lib\site-packages\redis\retry.py", line 120, in call_with_retry
    return do()
  File "D:\毕业设计\Travel_python\.venv\Lib\site-packages\redis\connection.py", line 1007, in <lambda>
    lambda: self.connect_check_health(
  File "D:\毕业设计\Travel_python\.venv\Lib\site-packages\redis\connection.py", line 1044, in connect_check_health
    raise e

redis.exceptions.TimeoutError: Timeout connecting to server
2026-07-04 19:07:34.847 | INFO     | N/A | ⏳ 等待 Profile 更新任务...
2026-07-04 19:07:39.866 | INFO     | N/A | ⏳ 等待 Profile 更新任务...
2026-07-04 19:07:44.897 | INFO     | N/A | ⏳ 等待 Profile 更新任务...
2026-07-04 19:07:49.928 | INFO     | N/A | ⏳ 等待 Profile 更新任务...
2026-07-04 19:07:54.962 | INFO     | N/A | ⏳ 等待 Profile 更新任务...
2026-07-04 19:07:59.999 | INFO     | N/A | ⏳ 等待 Profile 更新任务...
2026-07-04 19:08:05.040 | INFO     | N/A | ⏳ 等待 Profile 更新任务...
2026-07-04 19:08:10.072 | INFO     | N/A | ⏳ 等待 Profile 更新任务...
2026-07-04 19:08:15.111 | INFO     | N/A | ⏳ 等待 Profile 更新任务...
2026-07-04 19:08:20.145 | INFO     | N/A | ⏳ 等待 Profile 更新任务...
2026-07-04 19:08:25.176 | INFO     | N/A | ⏳ 等待 Profile 更新任务...
2026-07-04 19:08:30.212 | INFO     | N/A | ⏳ 等待 Profile 更新任务...
2026-07-04 19:08:35.242 | INFO     | N/A | ⏳ 等待 Profile 更新任务...
2026-07-04 19:08:40.279 | INFO     | N/A | ⏳ 等待 Profile 更新任务...
2026-07-04 19:08:45.314 | INFO     | N/A | ⏳ 等待 Profile 更新任务...
2026-07-04 19:08:50.347 | INFO     | N/A | ⏳ 等待 Profile 更新任务...
2026-07-04 19:08:55.381 | INFO     | N/A | ⏳ 等待 Profile 更新任务...
2026-07-04 19:09:00.413 | INFO     | N/A | ⏳ 等待 Profile 更新任务...
2026-07-04 19:09:05.448 | INFO     | N/A | ⏳ 等待 Profile 更新任务...
2026-07-04 19:09:10.492 | INFO     | N/A | ⏳ 等待 Profile 更新任务...
2026-07-04 19:09:15.528 | INFO     | N/A | ⏳ 等待 Profile 更新任务...
2026-07-04 19:09:20.561 | INFO     | N/A | ⏳ 等待 Profile 更新任务...
2026-07-04 19:09:25.594 | INFO     | N/A | ⏳ 等待 Profile 更新任务...
2026-07-04 19:09:30.631 | INFO     | N/A | ⏳ 等待 Profile 更新任务...
2026-07-04 19:09:35.665 | INFO     | N/A | ⏳ 等待 Profile 更新任务...
2026-07-04 19:09:40.645 | INFO     | N/A | ⏳ 等待 Profile 更新任务...
2026-07-04 19:09:45.286 | INFO     | N/A | ⏳ 等待 Profile 更新任务...
2026-07-04 19:09:50.315 | INFO     | N/A | ⏳ 等待 Profile 更新任务...
2026-07-04 19:09:55.351 | INFO     | N/A | ⏳ 等待 Profile 更新任务...
2026-07-04 19:10:00.390 | INFO     | N/A | ⏳ 等待 Profile 更新任务...
2026-07-04 19:10:05.430 | INFO     | N/A | ⏳ 等待 Profile 更新任务...
2026-07-04 19:10:10.471 | INFO     | N/A | ⏳ 等待 Profile 更新任务...
2026-07-04 19:10:15.508 | INFO     | N/A | ⏳ 等待 Profile 更新任务...
2026-07-04 19:10:20.541 | INFO     | N/A | ⏳ 等待 Profile 更新任务...
2026-07-04 19:10:25.585 | INFO     | N/A | ⏳ 等待 Profile 更新任务...
2026-07-04 19:10:30.627 | INFO     | N/A | ⏳ 等待 Profile 更新任务...
2026-07-04 19:42:35.277 | ERROR    | N/A | Worker 主循环异常: Timeout reading from socket
Traceback (most recent call last):

  File "D:\毕业设计\Travel_python\.venv\Lib\site-packages\redis\_parsers\socket.py", line 64, in _read_from_socket
    data = sock.recv(socket_read_size)

TimeoutError: timed out


During handling of the above exception, another exception occurred:


Traceback (most recent call last):

  File "D:\毕业设计\Travel_python\travel_ai_python\app\service\profile_worker.py", line 194, in <module>
    run_worker()

> File "D:\毕业设计\Travel_python\travel_ai_python\app\service\profile_worker.py", line 169, in run_worker
    task_data = pop_profile_update_task(block=True, timeout=5)

  File "D:\毕业设计\Travel_python\travel_ai_python\app\utils\redis_client.py", line 43, in pop_profile_update_task
    result = redis_client.brpop(PROFILE_UPDATE_QUEUE, timeout=timeout)

  File "D:\毕业设计\Travel_python\.venv\Lib\site-packages\redis\commands\core.py", line 4751, in brpop
    return self.execute_command("BRPOP", *keys)
  File "D:\毕业设计\Travel_python\.venv\Lib\site-packages\redis\client.py", line 787, in execute_command
    return self._execute_command(*args, **options)
  File "D:\毕业设计\Travel_python\.venv\Lib\site-packages\redis\client.py", line 809, in _execute_command
    result = conn.retry.call_with_retry(
  File "D:\毕业设计\Travel_python\.venv\Lib\site-packages\redis\retry.py", line 132, in call_with_retry
    raise error
  File "D:\毕业设计\Travel_python\.venv\Lib\site-packages\redis\retry.py", line 120, in call_with_retry
    return do()
  File "D:\毕业设计\Travel_python\.venv\Lib\site-packages\redis\client.py", line 810, in <lambda>
    lambda: self._send_command_parse_response(
  File "D:\毕业设计\Travel_python\.venv\Lib\site-packages\redis\client.py", line 753, in _send_command_parse_response
    return self.parse_response(conn, command_name, **options)
  File "D:\毕业设计\Travel_python\.venv\Lib\site-packages\redis\client.py", line 853, in parse_response
    response = connection.read_response()
  File "D:\毕业设计\Travel_python\.venv\Lib\site-packages\redis\connection.py", line 1371, in read_response
    response = self._parser.read_response(
  File "D:\毕业设计\Travel_python\.venv\Lib\site-packages\redis\_parsers\resp3.py", line 40, in read_response
    result = self._read_response(
  File "D:\毕业设计\Travel_python\.venv\Lib\site-packages\redis\_parsers\resp3.py", line 65, in _read_response
    raw = self._buffer.readline(timeout=timeout)
  File "D:\毕业设计\Travel_python\.venv\Lib\site-packages\redis\_parsers\socket.py", line 117, in readline
    self._read_from_socket(timeout=timeout)
  File "D:\毕业设计\Travel_python\.venv\Lib\site-packages\redis\_parsers\socket.py", line 77, in _read_from_socket
    raise TimeoutError("Timeout reading from socket")

redis.exceptions.TimeoutError: Timeout reading from socket
2026-07-04 19:42:36.725 | INFO     | N/A | ⏳ 等待 Profile 更新任务...
2026-07-04 19:42:42.267 | INFO     | N/A | ⏳ 等待 Profile 更新任务...
2026-07-04 19:42:47.296 | INFO     | N/A | ⏳ 等待 Profile 更新任务...
2026-07-04 19:42:52.325 | INFO     | N/A | ⏳ 等待 Profile 更新任务...
2026-07-04 19:42:57.422 | INFO     | N/A | ⏳ 等待 Profile 更新任务...
2026-07-04 19:43:02.455 | INFO     | N/A | ⏳ 等待 Profile 更新任务...
2026-07-04 19:43:07.493 | INFO     | N/A | ⏳ 等待 Profile 更新任务...
2026-07-04 19:43:12.581 | INFO     | N/A | ⏳ 等待 Profile 更新任务...
2026-07-04 19:43:17.680 | INFO     | N/A | ⏳ 等待 Profile 更新任务...
2026-07-04 19:43:22.787 | INFO     | N/A | ⏳ 等待 Profile 更新任务...
2026-07-04 19:43:27.853 | INFO     | N/A | ⏳ 等待 Profile 更新任务...
2026-07-04 19:43:32.928 | INFO     | N/A | ⏳ 等待 Profile 更新任务...
2026-07-04 19:43:37.961 | INFO     | N/A | ⏳ 等待 Profile 更新任务...
2026-07-04 19:43:43.010 | INFO     | N/A | ⏳ 等待 Profile 更新任务...
2026-07-04 19:43:48.094 | INFO     | N/A | ⏳ 等待 Profile 更新任务...
2026-07-04 19:43:53.145 | INFO     | N/A | ⏳ 等待 Profile 更新任务...
2026-07-04 19:43:58.187 | INFO     | N/A | ⏳ 等待 Profile 更新任务...
2026-07-04 19:44:03.285 | INFO     | N/A | ⏳ 等待 Profile 更新任务...
2026-07-04 19:44:08.314 | INFO     | N/A | ⏳ 等待 Profile 更新任务...
2026-07-04 19:44:13.344 | INFO     | N/A | ⏳ 等待 Profile 更新任务...
2026-07-04 19:44:18.393 | INFO     | N/A | ⏳ 等待 Profile 更新任务...
2026-07-04 19:44:23.453 | INFO     | N/A | ⏳ 等待 Profile 更新任务...
2026-07-04 19:44:28.483 | INFO     | N/A | ⏳ 等待 Profile 更新任务...
2026-07-04 19:44:33.554 | INFO     | N/A | ⏳ 等待 Profile 更新任务...
2026-07-04 19:44:38.580 | INFO     | N/A | ⏳ 等待 Profile 更新任务...
2026-07-04 19:44:43.609 | INFO     | N/A | ⏳ 等待 Profile 更新任务...
2026-07-04 19:44:48.684 | INFO     | N/A | ⏳ 等待 Profile 更新任务...
2026-07-04 19:44:53.719 | INFO     | N/A | ⏳ 等待 Profile 更新任务...
2026-07-04 19:44:58.633 | INFO     | N/A | ⏳ 等待 Profile 更新任务...
2026-07-04 19:45:03.339 | INFO     | N/A | ⏳ 等待 Profile 更新任务...
2026-07-04 19:45:08.378 | INFO     | N/A | ⏳ 等待 Profile 更新任务...
2026-07-04 19:45:13.450 | INFO     | N/A | ⏳ 等待 Profile 更新任务...
2026-07-04 19:45:18.501 | INFO     | N/A | ⏳ 等待 Profile 更新任务...
2026-07-04 19:45:23.538 | INFO     | N/A | ⏳ 等待 Profile 更新任务...
2026-07-04 19:45:28.593 | INFO     | N/A | ⏳ 等待 Profile 更新任务...
2026-07-04 19:45:33.658 | INFO     | N/A | ⏳ 等待 Profile 更新任务...
2026-07-04 19:45:38.704 | INFO     | N/A | ⏳ 等待 Profile 更新任务...
2026-07-04 19:45:43.708 | INFO     | N/A | ⏳ 等待 Profile 更新任务...
2026-07-04 19:45:48.758 | INFO     | N/A | ⏳ 等待 Profile 更新任务...
2026-07-04 19:45:53.843 | INFO     | N/A | ⏳ 等待 Profile 更新任务...
2026-07-04 19:45:58.921 | INFO     | N/A | ⏳ 等待 Profile 更新任务...
2026-07-04 19:46:03.967 | INFO     | N/A | ⏳ 等待 Profile 更新任务...
2026-07-04 19:46:08.976 | INFO     | N/A | ⏳ 等待 Profile 更新任务...
2026-07-04 19:46:14.052 | INFO     | N/A | ⏳ 等待 Profile 更新任务...
2026-07-04 19:46:19.080 | INFO     | N/A | ⏳ 等待 Profile 更新任务...
2026-07-04 19:46:24.118 | INFO     | N/A | ⏳ 等待 Profile 更新任务...
2026-07-04 19:46:29.123 | INFO     | N/A | ⏳ 等待 Profile 更新任务...
2026-07-04 19:46:34.164 | INFO     | N/A | ⏳ 等待 Profile 更新任务...
2026-07-04 19:46:39.185 | INFO     | N/A | ⏳ 等待 Profile 更新任务...
2026-07-04 19:46:44.259 | INFO     | N/A | ⏳ 等待 Profile 更新任务...
2026-07-04 19:46:49.318 | INFO     | N/A | ⏳ 等待 Profile 更新任务...
2026-07-04 19:46:54.404 | INFO     | N/A | ⏳ 等待 Profile 更新任务...
2026-07-04 19:46:59.445 | INFO     | N/A | ⏳ 等待 Profile 更新任务...
2026-07-04 19:47:04.485 | INFO     | N/A | ⏳ 等待 Profile 更新任务...
2026-07-04 19:47:09.547 | INFO     | N/A | ⏳ 等待 Profile 更新任务...
2026-07-04 19:47:14.588 | INFO     | N/A | ⏳ 等待 Profile 更新任务...
2026-07-04 19:47:19.606 | INFO     | N/A | ⏳ 等待 Profile 更新任务...
2026-07-04 19:47:24.675 | INFO     | N/A | ⏳ 等待 Profile 更新任务...
2026-07-04 19:47:29.783 | INFO     | N/A | ⏳ 等待 Profile 更新任务...
2026-07-04 19:47:34.836 | INFO     | N/A | ⏳ 等待 Profile 更新任务...
2026-07-04 19:47:39.869 | INFO     | N/A | ⏳ 等待 Profile 更新任务...
2026-07-04 19:47:44.880 | INFO     | N/A | ⏳ 等待 Profile 更新任务...
2026-07-04 19:47:49.919 | INFO     | N/A | ⏳ 等待 Profile 更新任务...
2026-07-04 19:47:55.022 | INFO     | N/A | ⏳ 等待 Profile 更新任务...
2026-07-04 19:48:00.060 | INFO     | N/A | ⏳ 等待 Profile 更新任务...
2026-07-04 19:48:05.135 | INFO     | N/A | ⏳ 等待 Profile 更新任务...
2026-07-04 19:48:10.205 | INFO     | N/A | ⏳ 等待 Profile 更新任务...
2026-07-04 19:48:15.273 | INFO     | N/A | ⏳ 等待 Profile 更新任务...
2026-07-04 19:48:20.297 | INFO     | N/A | ⏳ 等待 Profile 更新任务...
2026-07-04 19:48:25.335 | INFO     | N/A | ⏳ 等待 Profile 更新任务...
2026-07-04 19:48:30.405 | INFO     | N/A | ⏳ 等待 Profile 更新任务...
2026-07-04 19:48:35.447 | INFO     | N/A | ⏳ 等待 Profile 更新任务...
2026-07-04 19:48:40.501 | INFO     | N/A | ⏳ 等待 Profile 更新任务...
2026-07-04 19:48:45.539 | INFO     | N/A | ⏳ 等待 Profile 更新任务...
2026-07-04 19:48:50.611 | INFO     | N/A | ⏳ 等待 Profile 更新任务...
2026-07-04 19:48:55.648 | INFO     | N/A | ⏳ 等待 Profile 更新任务...
2026-07-04 19:49:00.734 | INFO     | N/A | ⏳ 等待 Profile 更新任务...
2026-07-04 19:49:05.752 | INFO     | N/A | ⏳ 等待 Profile 更新任务...
2026-07-04 19:49:10.803 | INFO     | N/A | ⏳ 等待 Profile 更新任务...
2026-07-04 19:49:15.845 | INFO     | N/A | ⏳ 等待 Profile 更新任务...
2026-07-04 19:49:20.868 | INFO     | N/A | ⏳ 等待 Profile 更新任务...
2026-07-04 19:49:25.908 | INFO     | N/A | ⏳ 等待 Profile 更新任务...
2026-07-04 19:49:31.004 | INFO     | N/A | ⏳ 等待 Profile 更新任务...
2026-07-04 19:49:36.065 | INFO     | N/A | ⏳ 等待 Profile 更新任务...
2026-07-04 19:49:41.071 | INFO     | N/A | ⏳ 等待 Profile 更新任务...
2026-07-04 19:49:46.112 | INFO     | N/A | ⏳ 等待 Profile 更新任务...
2026-07-04 19:49:51.166 | INFO     | N/A | ⏳ 等待 Profile 更新任务...
2026-07-04 19:49:56.269 | INFO     | N/A | ⏳ 等待 Profile 更新任务...
2026-07-04 19:50:01.364 | INFO     | N/A | ⏳ 等待 Profile 更新任务...
2026-07-04 19:50:06.441 | INFO     | N/A | ⏳ 等待 Profile 更新任务...
2026-07-04 19:50:11.510 | INFO     | N/A | ⏳ 等待 Profile 更新任务...
2026-07-04 19:50:16.589 | INFO     | N/A | ⏳ 等待 Profile 更新任务...
2026-07-04 19:50:21.679 | INFO     | N/A | ⏳ 等待 Profile 更新任务...
2026-07-04 19:50:26.716 | INFO     | N/A | ⏳ 等待 Profile 更新任务...
2026-07-04 19:50:31.759 | INFO     | N/A | ⏳ 等待 Profile 更新任务...
2026-07-04 19:50:36.803 | INFO     | N/A | ⏳ 等待 Profile 更新任务...
2026-07-04 19:50:41.849 | INFO     | N/A | ⏳ 等待 Profile 更新任务...
2026-07-04 19:50:46.887 | INFO     | N/A | ⏳ 等待 Profile 更新任务...
2026-07-04 19:50:51.935 | INFO     | N/A | ⏳ 等待 Profile 更新任务...
2026-07-04 19:50:56.974 | INFO     | N/A | ⏳ 等待 Profile 更新任务...
2026-07-04 19:51:02.059 | INFO     | N/A | ⏳ 等待 Profile 更新任务...
2026-07-04 19:51:07.109 | INFO     | N/A | ⏳ 等待 Profile 更新任务...
2026-07-04 19:51:12.159 | INFO     | N/A | ⏳ 等待 Profile 更新任务...
2026-07-04 19:51:17.180 | INFO     | N/A | ⏳ 等待 Profile 更新任务...
2026-07-04 19:51:22.269 | INFO     | N/A | ⏳ 等待 Profile 更新任务...
2026-07-04 19:51:27.383 | INFO     | N/A | ⏳ 等待 Profile 更新任务...
2026-07-04 19:51:32.426 | INFO     | N/A | ⏳ 等待 Profile 更新任务...
2026-07-04 19:51:37.483 | INFO     | N/A | ⏳ 等待 Profile 更新任务...
2026-07-04 19:51:42.523 | INFO     | N/A | ⏳ 等待 Profile 更新任务...
2026-07-04 19:51:47.576 | INFO     | N/A | ⏳ 等待 Profile 更新任务...
2026-07-04 19:51:52.626 | INFO     | N/A | ⏳ 等待 Profile 更新任务...
2026-07-04 19:51:57.712 | INFO     | N/A | ⏳ 等待 Profile 更新任务...
2026-07-04 19:52:02.747 | INFO     | N/A | ⏳ 等待 Profile 更新任务...
2026-07-04 19:52:07.783 | INFO     | N/A | ⏳ 等待 Profile 更新任务...
2026-07-04 19:52:12.847 | INFO     | N/A | ⏳ 等待 Profile 更新任务...
2026-07-04 19:52:17.925 | INFO     | N/A | ⏳ 等待 Profile 更新任务...
2026-07-04 19:52:22.992 | INFO     | N/A | ⏳ 等待 Profile 更新任务...
2026-07-04 19:52:28.053 | INFO     | N/A | ⏳ 等待 Profile 更新任务...
2026-07-04 19:52:33.079 | INFO     | N/A | ⏳ 等待 Profile 更新任务...
2026-07-04 19:52:38.130 | INFO     | N/A | ⏳ 等待 Profile 更新任务...
2026-07-04 19:52:43.153 | INFO     | N/A | ⏳ 等待 Profile 更新任务...
2026-07-04 19:52:48.192 | INFO     | N/A | ⏳ 等待 Profile 更新任务...
2026-07-04 19:52:53.228 | INFO     | N/A | ⏳ 等待 Profile 更新任务...
2026-07-04 19:52:58.306 | INFO     | N/A | ⏳ 等待 Profile 更新任务...
2026-07-04 19:53:03.349 | INFO     | N/A | ⏳ 等待 Profile 更新任务...
2026-07-04 19:53:08.391 | INFO     | N/A | ⏳ 等待 Profile 更新任务...
2026-07-04 19:53:13.432 | INFO     | N/A | ⏳ 等待 Profile 更新任务...
2026-07-04 19:53:18.471 | INFO     | N/A | ⏳ 等待 Profile 更新任务...
2026-07-04 19:53:23.497 | INFO     | N/A | ⏳ 等待 Profile 更新任务...
2026-07-04 19:53:28.564 | INFO     | N/A | ⏳ 等待 Profile 更新任务...
2026-07-04 19:53:33.606 | INFO     | N/A | ⏳ 等待 Profile 更新任务...
2026-07-04 19:53:38.650 | INFO     | N/A | ⏳ 等待 Profile 更新任务...
2026-07-04 19:53:43.723 | INFO     | N/A | ⏳ 等待 Profile 更新任务...
2026-07-04 19:53:48.825 | INFO     | N/A | ⏳ 等待 Profile 更新任务...
2026-07-04 19:53:53.863 | INFO     | N/A | ⏳ 等待 Profile 更新任务...
2026-07-04 19:53:58.903 | INFO     | N/A | ⏳ 等待 Profile 更新任务...
2026-07-04 19:54:03.952 | INFO     | N/A | ⏳ 等待 Profile 更新任务...
2026-07-04 19:54:08.987 | INFO     | N/A | ⏳ 等待 Profile 更新任务...
2026-07-04 19:54:14.025 | INFO     | N/A | ⏳ 等待 Profile 更新任务...
2026-07-04 19:54:19.030 | INFO     | N/A | ⏳ 等待 Profile 更新任务...
2026-07-04 19:54:24.092 | INFO     | N/A | ⏳ 等待 Profile 更新任务...
2026-07-04 19:54:29.138 | INFO     | N/A | ⏳ 等待 Profile 更新任务...
2026-07-04 19:54:34.193 | INFO     | N/A | ⏳ 等待 Profile 更新任务...
2026-07-04 19:54:39.231 | INFO     | N/A | ⏳ 等待 Profile 更新任务...
2026-07-04 19:54:44.277 | INFO     | N/A | ⏳ 等待 Profile 更新任务...
2026-07-04 19:54:49.335 | INFO     | N/A | ⏳ 等待 Profile 更新任务...
2026-07-04 19:54:54.371 | INFO     | N/A | ⏳ 等待 Profile 更新任务...
2026-07-04 19:54:59.411 | INFO     | N/A | ⏳ 等待 Profile 更新任务...
2026-07-04 19:55:04.446 | INFO     | N/A | ⏳ 等待 Profile 更新任务...
2026-07-04 19:55:09.490 | INFO     | N/A | ⏳ 等待 Profile 更新任务...
2026-07-04 19:55:14.531 | INFO     | N/A | ⏳ 等待 Profile 更新任务...
2026-07-04 19:55:19.582 | INFO     | N/A | ⏳ 等待 Profile 更新任务...
2026-07-04 19:55:24.601 | INFO     | N/A | ⏳ 等待 Profile 更新任务...
2026-07-04 19:55:29.662 | INFO     | N/A | ⏳ 等待 Profile 更新任务...
2026-07-04 19:55:34.706 | INFO     | N/A | ⏳ 等待 Profile 更新任务...
2026-07-04 19:55:39.773 | INFO     | N/A | ⏳ 等待 Profile 更新任务...
2026-07-04 19:55:44.873 | INFO     | N/A | ⏳ 等待 Profile 更新任务...
2026-07-04 19:55:49.907 | INFO     | N/A | ⏳ 等待 Profile 更新任务...
2026-07-04 19:55:54.934 | INFO     | N/A | ⏳ 等待 Profile 更新任务...
2026-07-04 19:55:59.973 | INFO     | N/A | ⏳ 等待 Profile 更新任务...
2026-07-04 19:56:05.050 | INFO     | N/A | ⏳ 等待 Profile 更新任务...
2026-07-04 19:56:10.085 | INFO     | N/A | ⏳ 等待 Profile 更新任务...
2026-07-04 19:56:15.140 | INFO     | N/A | ⏳ 等待 Profile 更新任务...
2026-07-04 19:56:20.219 | INFO     | N/A | ⏳ 等待 Profile 更新任务...
2026-07-04 19:56:25.275 | INFO     | N/A | ⏳ 等待 Profile 更新任务...
2026-07-04 19:56:30.322 | INFO     | N/A | ⏳ 等待 Profile 更新任务...
2026-07-04 19:56:35.393 | INFO     | N/A | ⏳ 等待 Profile 更新任务...
2026-07-04 19:56:40.441 | INFO     | N/A | ⏳ 等待 Profile 更新任务...
2026-07-04 19:56:45.525 | INFO     | N/A | ⏳ 等待 Profile 更新任务...
2026-07-04 19:56:50.625 | INFO     | N/A | ⏳ 等待 Profile 更新任务...
2026-07-04 19:56:55.667 | INFO     | N/A | ⏳ 等待 Profile 更新任务...
2026-07-04 19:57:00.706 | INFO     | N/A | ⏳ 等待 Profile 更新任务...
2026-07-04 19:57:05.773 | INFO     | N/A | ⏳ 等待 Profile 更新任务...
2026-07-04 19:57:10.825 | INFO     | N/A | ⏳ 等待 Profile 更新任务...
2026-07-04 19:57:15.841 | INFO     | N/A | ⏳ 等待 Profile 更新任务...
2026-07-04 19:57:20.881 | INFO     | N/A | ⏳ 等待 Profile 更新任务...
2026-07-04 19:57:25.895 | INFO     | N/A | ⏳ 等待 Profile 更新任务...
2026-07-04 19:57:30.934 | INFO     | N/A | ⏳ 等待 Profile 更新任务...
2026-07-04 19:57:35.966 | INFO     | N/A | ⏳ 等待 Profile 更新任务...
2026-07-04 19:57:41.056 | INFO     | N/A | ⏳ 等待 Profile 更新任务...
2026-07-04 19:57:46.125 | INFO     | N/A | ⏳ 等待 Profile 更新任务...
2026-07-04 19:57:51.164 | INFO     | N/A | ⏳ 等待 Profile 更新任务...
2026-07-04 19:57:56.184 | INFO     | N/A | ⏳ 等待 Profile 更新任务...
2026-07-04 19:58:01.274 | INFO     | N/A | ⏳ 等待 Profile 更新任务...
2026-07-04 19:58:06.371 | INFO     | N/A | ⏳ 等待 Profile 更新任务...
2026-07-04 19:58:11.421 | INFO     | N/A | ⏳ 等待 Profile 更新任务...
2026-07-04 19:58:16.482 | INFO     | N/A | ⏳ 等待 Profile 更新任务...
2026-07-04 19:58:21.560 | INFO     | N/A | ⏳ 等待 Profile 更新任务...
2026-07-04 19:58:26.600 | INFO     | N/A | ⏳ 等待 Profile 更新任务...
2026-07-04 19:58:31.637 | INFO     | N/A | ⏳ 等待 Profile 更新任务...
2026-07-04 19:58:36.709 | INFO     | N/A | ⏳ 等待 Profile 更新任务...
2026-07-04 19:58:41.797 | INFO     | N/A | ⏳ 等待 Profile 更新任务...
2026-07-04 19:58:46.858 | INFO     | N/A | ⏳ 等待 Profile 更新任务...
2026-07-04 19:58:51.940 | INFO     | N/A | ⏳ 等待 Profile 更新任务...
2026-07-04 19:58:56.958 | INFO     | N/A | ⏳ 等待 Profile 更新任务...
2026-07-04 19:59:02.003 | INFO     | N/A | ⏳ 等待 Profile 更新任务...
2026-07-04 19:59:07.012 | INFO     | N/A | ⏳ 等待 Profile 更新任务...
2026-07-04 19:59:12.140 | INFO     | N/A | ⏳ 等待 Profile 更新任务...
2026-07-04 19:59:17.254 | INFO     | N/A | ⏳ 等待 Profile 更新任务...
2026-07-04 19:59:22.314 | INFO     | N/A | ⏳ 等待 Profile 更新任务...
2026-07-04 19:59:27.369 | INFO     | N/A | ⏳ 等待 Profile 更新任务...
2026-07-04 19:59:32.418 | INFO     | N/A | ⏳ 等待 Profile 更新任务...
2026-07-04 19:59:37.455 | INFO     | N/A | ⏳ 等待 Profile 更新任务...
2026-07-04 19:59:42.494 | INFO     | N/A | ⏳ 等待 Profile 更新任务...
2026-07-04 19:59:47.532 | INFO     | N/A | ⏳ 等待 Profile 更新任务...
2026-07-04 19:59:52.541 | INFO     | N/A | ⏳ 等待 Profile 更新任务...
2026-07-04 19:59:57.616 | INFO     | N/A | ⏳ 等待 Profile 更新任务...
2026-07-04 20:00:02.688 | INFO     | N/A | ⏳ 等待 Profile 更新任务...
2026-07-04 20:00:07.730 | INFO     | N/A | ⏳ 等待 Profile 更新任务...
2026-07-04 20:00:12.767 | INFO     | N/A | ⏳ 等待 Profile 更新任务...
2026-07-04 20:00:17.822 | INFO     | N/A | ⏳ 等待 Profile 更新任务...
2026-07-04 20:00:22.902 | INFO     | N/A | ⏳ 等待 Profile 更新任务...
2026-07-04 20:00:27.978 | INFO     | N/A | ⏳ 等待 Profile 更新任务...
2026-07-04 20:00:33.070 | INFO     | N/A | ⏳ 等待 Profile 更新任务...
2026-07-04 20:00:38.112 | INFO     | N/A | ⏳ 等待 Profile 更新任务...
2026-07-04 20:00:43.216 | INFO     | N/A | ⏳ 等待 Profile 更新任务...
2026-07-04 20:00:48.252 | INFO     | N/A | ⏳ 等待 Profile 更新任务...
2026-07-04 20:00:53.287 | INFO     | N/A | ⏳ 等待 Profile 更新任务...
2026-07-04 20:00:58.351 | INFO     | N/A | ⏳ 等待 Profile 更新任务...
2026-07-04 20:01:03.408 | INFO     | N/A | ⏳ 等待 Profile 更新任务...
2026-07-04 20:01:08.478 | INFO     | N/A | ⏳ 等待 Profile 更新任务...
2026-07-04 20:01:13.519 | INFO     | N/A | ⏳ 等待 Profile 更新任务...
2026-07-04 20:01:18.614 | INFO     | N/A | ⏳ 等待 Profile 更新任务...
2026-07-04 20:01:23.670 | INFO     | N/A | ⏳ 等待 Profile 更新任务...
2026-07-04 20:01:28.735 | INFO     | N/A | ⏳ 等待 Profile 更新任务...
2026-07-04 20:01:33.819 | INFO     | N/A | ⏳ 等待 Profile 更新任务...
2026-07-04 20:01:38.834 | INFO     | N/A | ⏳ 等待 Profile 更新任务...
2026-07-04 20:01:43.879 | INFO     | N/A | ⏳ 等待 Profile 更新任务...
2026-07-04 20:01:48.924 | INFO     | N/A | ⏳ 等待 Profile 更新任务...
2026-07-04 20:01:54.029 | INFO     | N/A | ⏳ 等待 Profile 更新任务...
2026-07-04 20:01:59.118 | INFO     | N/A | ⏳ 等待 Profile 更新任务...
2026-07-04 20:02:04.160 | INFO     | N/A | ⏳ 等待 Profile 更新任务...
2026-07-04 20:02:09.209 | INFO     | N/A | ⏳ 等待 Profile 更新任务...
2026-07-04 20:02:14.251 | INFO     | N/A | ⏳ 等待 Profile 更新任务...
2026-07-04 20:02:19.294 | INFO     | N/A | ⏳ 等待 Profile 更新任务...
2026-07-04 20:02:24.332 | INFO     | N/A | ⏳ 等待 Profile 更新任务...
2026-07-04 20:02:29.375 | INFO     | N/A | ⏳ 等待 Profile 更新任务...
2026-07-04 20:02:34.414 | INFO     | N/A | ⏳ 等待 Profile 更新任务...
2026-07-04 20:02:39.514 | INFO     | N/A | ⏳ 等待 Profile 更新任务...
2026-07-04 20:02:44.609 | INFO     | N/A | ⏳ 等待 Profile 更新任务...
2026-07-04 20:02:49.696 | INFO     | N/A | ⏳ 等待 Profile 更新任务...
2026-07-04 20:02:54.748 | INFO     | N/A | ⏳ 等待 Profile 更新任务...
2026-07-04 20:02:59.786 | INFO     | N/A | ⏳ 等待 Profile 更新任务...
2026-07-04 20:03:04.867 | INFO     | N/A | ⏳ 等待 Profile 更新任务...
2026-07-04 20:03:09.903 | INFO     | N/A | ⏳ 等待 Profile 更新任务...
2026-07-04 20:03:14.947 | INFO     | N/A | ⏳ 等待 Profile 更新任务...
2026-07-04 20:03:19.979 | INFO     | N/A | ⏳ 等待 Profile 更新任务...
2026-07-04 20:03:25.051 | INFO     | N/A | ⏳ 等待 Profile 更新任务...
2026-07-04 20:03:30.124 | INFO     | N/A | ⏳ 等待 Profile 更新任务...
2026-07-04 20:03:35.183 | INFO     | N/A | ⏳ 等待 Profile 更新任务...
2026-07-04 20:03:40.284 | INFO     | N/A | ⏳ 等待 Profile 更新任务...
2026-07-04 20:03:45.317 | INFO     | N/A | ⏳ 等待 Profile 更新任务...
2026-07-04 20:03:50.421 | INFO     | N/A | ⏳ 等待 Profile 更新任务...
2026-07-04 20:03:55.498 | INFO     | N/A | ⏳ 等待 Profile 更新任务...
2026-07-04 20:04:00.593 | INFO     | N/A | ⏳ 等待 Profile 更新任务...
2026-07-04 20:04:05.633 | INFO     | N/A | ⏳ 等待 Profile 更新任务...
2026-07-04 20:04:10.728 | INFO     | N/A | ⏳ 等待 Profile 更新任务...
2026-07-04 20:04:15.816 | INFO     | N/A | ⏳ 等待 Profile 更新任务...
2026-07-04 20:04:20.860 | INFO     | N/A | ⏳ 等待 Profile 更新任务...
2026-07-04 20:04:25.901 | INFO     | N/A | ⏳ 等待 Profile 更新任务...
2026-07-04 20:04:30.966 | INFO     | N/A | ⏳ 等待 Profile 更新任务...
2026-07-04 20:04:36.041 | INFO     | N/A | ⏳ 等待 Profile 更新任务...
2026-07-04 20:04:41.080 | INFO     | N/A | ⏳ 等待 Profile 更新任务...
2026-07-04 20:04:46.122 | INFO     | N/A | ⏳ 等待 Profile 更新任务...
2026-07-04 20:04:51.161 | INFO     | N/A | ⏳ 等待 Profile 更新任务...
2026-07-04 20:04:56.208 | INFO     | N/A | ⏳ 等待 Profile 更新任务...
2026-07-04 20:05:01.297 | INFO     | N/A | ⏳ 等待 Profile 更新任务...
2026-07-04 20:05:06.395 | INFO     | N/A | ⏳ 等待 Profile 更新任务...
2026-07-04 20:05:11.437 | INFO     | N/A | ⏳ 等待 Profile 更新任务...
2026-07-04 20:05:16.476 | INFO     | N/A | ⏳ 等待 Profile 更新任务...
2026-07-04 20:05:21.540 | INFO     | N/A | ⏳ 等待 Profile 更新任务...
2026-07-04 20:05:26.583 | INFO     | N/A | ⏳ 等待 Profile 更新任务...
2026-07-04 20:05:31.654 | INFO     | N/A | ⏳ 等待 Profile 更新任务...
2026-07-04 20:05:36.727 | INFO     | N/A | ⏳ 等待 Profile 更新任务...
2026-07-04 20:05:41.764 | INFO     | N/A | ⏳ 等待 Profile 更新任务...
2026-07-04 20:05:46.803 | INFO     | N/A | ⏳ 等待 Profile 更新任务...
2026-07-04 20:05:51.847 | INFO     | N/A | ⏳ 等待 Profile 更新任务...
2026-07-04 20:05:56.889 | INFO     | N/A | ⏳ 等待 Profile 更新任务...
2026-07-04 20:06:01.942 | INFO     | N/A | ⏳ 等待 Profile 更新任务...
2026-07-04 20:06:06.985 | INFO     | N/A | ⏳ 等待 Profile 更新任务...
2026-07-04 20:06:12.068 | INFO     | N/A | ⏳ 等待 Profile 更新任务...
2026-07-04 20:06:17.105 | INFO     | N/A | ⏳ 等待 Profile 更新任务...
2026-07-04 20:06:22.143 | INFO     | N/A | ⏳ 等待 Profile 更新任务...
2026-07-04 20:06:27.217 | INFO     | N/A | ⏳ 等待 Profile 更新任务...
2026-07-04 20:06:32.303 | INFO     | N/A | ⏳ 等待 Profile 更新任务...
2026-07-04 20:06:37.331 | INFO     | N/A | ⏳ 等待 Profile 更新任务...
2026-07-04 20:06:42.388 | INFO     | N/A | ⏳ 等待 Profile 更新任务...
2026-07-04 20:06:47.425 | INFO     | N/A | ⏳ 等待 Profile 更新任务...
2026-07-04 20:06:52.470 | INFO     | N/A | ⏳ 等待 Profile 更新任务...
2026-07-04 20:06:57.515 | INFO     | N/A | ⏳ 等待 Profile 更新任务...
2026-07-04 20:07:02.565 | INFO     | N/A | ⏳ 等待 Profile 更新任务...
2026-07-04 20:07:07.604 | INFO     | N/A | ⏳ 等待 Profile 更新任务...
2026-07-04 20:07:12.627 | INFO     | N/A | ⏳ 等待 Profile 更新任务...
2026-07-04 20:07:17.693 | INFO     | N/A | ⏳ 等待 Profile 更新任务...
2026-07-04 20:07:22.744 | INFO     | N/A | ⏳ 等待 Profile 更新任务...
2026-07-04 20:07:27.800 | INFO     | N/A | ⏳ 等待 Profile 更新任务...
2026-07-04 20:07:32.850 | INFO     | N/A | ⏳ 等待 Profile 更新任务...
2026-07-04 20:07:37.892 | INFO     | N/A | ⏳ 等待 Profile 更新任务...
2026-07-04 20:07:42.927 | INFO     | N/A | ⏳ 等待 Profile 更新任务...
2026-07-04 20:07:47.971 | INFO     | N/A | ⏳ 等待 Profile 更新任务...
2026-07-04 20:07:52.997 | INFO     | N/A | ⏳ 等待 Profile 更新任务...
2026-07-04 20:07:58.042 | INFO     | N/A | ⏳ 等待 Profile 更新任务...
2026-07-04 20:08:03.079 | INFO     | N/A | ⏳ 等待 Profile 更新任务...
2026-07-04 20:08:08.121 | INFO     | N/A | ⏳ 等待 Profile 更新任务...
2026-07-04 20:08:13.158 | INFO     | N/A | ⏳ 等待 Profile 更新任务...
2026-07-04 20:08:18.199 | INFO     | N/A | ⏳ 等待 Profile 更新任务...
2026-07-04 20:08:23.243 | INFO     | N/A | ⏳ 等待 Profile 更新任务...
2026-07-04 20:08:28.295 | INFO     | N/A | ⏳ 等待 Profile 更新任务...
2026-07-04 20:08:33.348 | INFO     | N/A | ⏳ 等待 Profile 更新任务...
2026-07-04 20:08:38.407 | INFO     | N/A | ⏳ 等待 Profile 更新任务...
2026-07-04 20:08:43.443 | INFO     | N/A | ⏳ 等待 Profile 更新任务...
2026-07-04 20:08:48.540 | INFO     | N/A | ⏳ 等待 Profile 更新任务...
2026-07-04 20:08:53.577 | INFO     | N/A | ⏳ 等待 Profile 更新任务...
2026-07-04 20:08:58.616 | INFO     | N/A | ⏳ 等待 Profile 更新任务...
2026-07-04 20:09:03.690 | INFO     | N/A | ⏳ 等待 Profile 更新任务...
2026-07-04 20:09:08.739 | INFO     | N/A | ⏳ 等待 Profile 更新任务...
2026-07-04 20:09:13.839 | INFO     | N/A | ⏳ 等待 Profile 更新任务...
2026-07-04 20:09:18.877 | INFO     | N/A | ⏳ 等待 Profile 更新任务...
2026-07-04 20:09:23.920 | INFO     | N/A | ⏳ 等待 Profile 更新任务...
2026-07-04 20:09:28.958 | INFO     | N/A | ⏳ 等待 Profile 更新任务...
2026-07-04 20:09:33.996 | INFO     | N/A | ⏳ 等待 Profile 更新任务...
2026-07-04 20:09:39.034 | INFO     | N/A | ⏳ 等待 Profile 更新任务...
2026-07-04 20:09:44.157 | INFO     | N/A | ⏳ 等待 Profile 更新任务...
2026-07-04 20:09:49.195 | INFO     | N/A | ⏳ 等待 Profile 更新任务...
2026-07-04 20:09:54.235 | INFO     | N/A | ⏳ 等待 Profile 更新任务...
2026-07-04 20:09:59.267 | INFO     | N/A | ⏳ 等待 Profile 更新任务...
2026-07-04 20:10:04.304 | INFO     | N/A | ⏳ 等待 Profile 更新任务...
2026-07-04 20:10:09.343 | INFO     | N/A | ⏳ 等待 Profile 更新任务...
2026-07-04 20:10:14.378 | INFO     | N/A | ⏳ 等待 Profile 更新任务...
2026-07-04 20:10:19.408 | INFO     | N/A | ⏳ 等待 Profile 更新任务...
2026-07-04 20:10:24.440 | INFO     | N/A | ⏳ 等待 Profile 更新任务...
2026-07-04 20:10:29.472 | INFO     | N/A | ⏳ 等待 Profile 更新任务...
2026-07-04 20:10:34.536 | INFO     | N/A | ⏳ 等待 Profile 更新任务...
2026-07-04 20:10:39.622 | INFO     | N/A | ⏳ 等待 Profile 更新任务...
2026-07-04 20:10:44.638 | INFO     | N/A | ⏳ 等待 Profile 更新任务...
2026-07-04 20:10:49.658 | INFO     | N/A | ⏳ 等待 Profile 更新任务...
2026-07-04 20:10:54.702 | INFO     | N/A | ⏳ 等待 Profile 更新任务...
2026-07-04 20:10:59.775 | INFO     | N/A | ⏳ 等待 Profile 更新任务...
2026-07-04 20:11:04.869 | INFO     | N/A | ⏳ 等待 Profile 更新任务...
2026-07-04 20:11:09.970 | INFO     | N/A | ⏳ 等待 Profile 更新任务...
2026-07-04 20:11:15.058 | INFO     | N/A | ⏳ 等待 Profile 更新任务...
2026-07-04 20:11:20.151 | INFO     | N/A | ⏳ 等待 Profile 更新任务...
2026-07-04 20:11:25.204 | INFO     | N/A | ⏳ 等待 Profile 更新任务...
2026-07-04 20:11:30.245 | INFO     | N/A | ⏳ 等待 Profile 更新任务...
2026-07-04 20:11:35.272 | INFO     | N/A | ⏳ 等待 Profile 更新任务...
2026-07-04 20:11:40.307 | INFO     | N/A | ⏳ 等待 Profile 更新任务...
2026-07-04 20:11:45.346 | INFO     | N/A | ⏳ 等待 Profile 更新任务...
2026-07-04 20:11:50.421 | INFO     | N/A | ⏳ 等待 Profile 更新任务...
2026-07-04 20:11:55.451 | INFO     | N/A | ⏳ 等待 Profile 更新任务...
2026-07-04 20:12:00.499 | INFO     | N/A | ⏳ 等待 Profile 更新任务...
2026-07-04 20:12:05.538 | INFO     | N/A | ⏳ 等待 Profile 更新任务...
2026-07-04 20:12:10.634 | INFO     | N/A | ⏳ 等待 Profile 更新任务...
2026-07-04 20:12:15.711 | INFO     | N/A | ⏳ 等待 Profile 更新任务...
2026-07-04 20:12:20.733 | INFO     | N/A | ⏳ 等待 Profile 更新任务...
2026-07-04 20:12:25.786 | INFO     | N/A | ⏳ 等待 Profile 更新任务...
2026-07-04 20:12:30.825 | INFO     | N/A | ⏳ 等待 Profile 更新任务...
2026-07-04 20:12:35.903 | INFO     | N/A | ⏳ 等待 Profile 更新任务...
2026-07-04 20:12:40.938 | INFO     | N/A | ⏳ 等待 Profile 更新任务...
2026-07-04 20:12:46.012 | INFO     | N/A | ⏳ 等待 Profile 更新任务...
2026-07-04 20:12:51.038 | INFO     | N/A | ⏳ 等待 Profile 更新任务...
2026-07-04 20:12:56.083 | INFO     | N/A | ⏳ 等待 Profile 更新任务...
2026-07-04 20:13:01.152 | INFO     | N/A | ⏳ 等待 Profile 更新任务...
2026-07-04 20:13:06.198 | INFO     | N/A | ⏳ 等待 Profile 更新任务...
2026-07-04 20:13:11.278 | INFO     | N/A | ⏳ 等待 Profile 更新任务...
2026-07-04 20:13:16.316 | INFO     | N/A | ⏳ 等待 Profile 更新任务...
2026-07-04 20:13:21.363 | INFO     | N/A | ⏳ 等待 Profile 更新任务...
2026-07-04 20:13:26.382 | INFO     | N/A | ⏳ 等待 Profile 更新任务...
2026-07-04 20:13:31.465 | INFO     | N/A | ⏳ 等待 Profile 更新任务...
2026-07-04 20:13:36.513 | INFO     | N/A | ⏳ 等待 Profile 更新任务...
2026-07-04 20:13:41.552 | INFO     | N/A | ⏳ 等待 Profile 更新任务...
2026-07-04 20:13:46.602 | INFO     | N/A | ⏳ 等待 Profile 更新任务...
2026-07-04 20:13:51.648 | INFO     | N/A | ⏳ 等待 Profile 更新任务...
2026-07-04 20:13:56.741 | INFO     | N/A | ⏳ 等待 Profile 更新任务...
2026-07-04 20:14:01.826 | INFO     | N/A | ⏳ 等待 Profile 更新任务...
2026-07-04 20:14:06.865 | INFO     | N/A | ⏳ 等待 Profile 更新任务...
2026-07-04 20:14:11.904 | INFO     | N/A | ⏳ 等待 Profile 更新任务...
2026-07-04 20:14:16.994 | INFO     | N/A | ⏳ 等待 Profile 更新任务...
2026-07-04 20:14:22.028 | INFO     | N/A | ⏳ 等待 Profile 更新任务...
2026-07-04 20:14:27.096 | INFO     | N/A | ⏳ 等待 Profile 更新任务...
2026-07-04 20:14:32.131 | INFO     | N/A | ⏳ 等待 Profile 更新任务...
2026-07-04 20:14:37.159 | INFO     | N/A | ⏳ 等待 Profile 更新任务...
2026-07-04 20:14:42.208 | INFO     | N/A | ⏳ 等待 Profile 更新任务...
2026-07-04 20:14:47.246 | INFO     | N/A | ⏳ 等待 Profile 更新任务...
2026-07-04 20:14:52.285 | INFO     | N/A | ⏳ 等待 Profile 更新任务...
2026-07-04 20:14:57.331 | INFO     | N/A | ⏳ 等待 Profile 更新任务...
2026-07-04 20:15:02.372 | INFO     | N/A | ⏳ 等待 Profile 更新任务...
2026-07-04 20:15:07.448 | INFO     | N/A | ⏳ 等待 Profile 更新任务...
2026-07-04 20:15:12.500 | INFO     | N/A | ⏳ 等待 Profile 更新任务...
2026-07-04 20:15:17.585 | INFO     | N/A | ⏳ 等待 Profile 更新任务...
2026-07-04 20:15:22.636 | INFO     | N/A | ⏳ 等待 Profile 更新任务...
2026-07-04 20:15:27.682 | INFO     | N/A | ⏳ 等待 Profile 更新任务...
2026-07-04 20:15:32.723 | INFO     | N/A | ⏳ 等待 Profile 更新任务...
2026-07-04 20:15:37.831 | INFO     | N/A | ⏳ 等待 Profile 更新任务...
2026-07-04 20:15:42.868 | INFO     | N/A | ⏳ 等待 Profile 更新任务...
2026-07-04 20:15:47.904 | INFO     | N/A | ⏳ 等待 Profile 更新任务...
2026-07-04 20:15:52.963 | INFO     | N/A | ⏳ 等待 Profile 更新任务...
2026-07-04 20:15:58.037 | INFO     | N/A | ⏳ 等待 Profile 更新任务...
2026-07-04 20:16:03.132 | INFO     | N/A | ⏳ 等待 Profile 更新任务...
2026-07-04 20:16:08.191 | INFO     | N/A | ⏳ 等待 Profile 更新任务...
2026-07-04 20:16:13.240 | INFO     | N/A | ⏳ 等待 Profile 更新任务...
2026-07-04 20:16:18.295 | INFO     | N/A | ⏳ 等待 Profile 更新任务...
2026-07-04 20:16:23.332 | INFO     | N/A | ⏳ 等待 Profile 更新任务...
2026-07-04 20:16:28.370 | INFO     | N/A | ⏳ 等待 Profile 更新任务...
2026-07-04 20:16:33.406 | INFO     | N/A | ⏳ 等待 Profile 更新任务...
2026-07-04 20:16:38.465 | INFO     | N/A | ⏳ 等待 Profile 更新任务...
2026-07-04 20:16:43.506 | INFO     | N/A | ⏳ 等待 Profile 更新任务...
2026-07-04 20:16:48.542 | INFO     | N/A | ⏳ 等待 Profile 更新任务...
2026-07-04 20:16:53.615 | INFO     | N/A | ⏳ 等待 Profile 更新任务...
2026-07-04 20:16:58.657 | INFO     | N/A | ⏳ 等待 Profile 更新任务...
2026-07-04 20:17:03.693 | INFO     | N/A | ⏳ 等待 Profile 更新任务...
2026-07-04 20:17:08.732 | INFO     | N/A | ⏳ 等待 Profile 更新任务...
2026-07-04 20:17:13.773 | INFO     | N/A | ⏳ 等待 Profile 更新任务...
2026-07-04 20:17:18.837 | INFO     | N/A | ⏳ 等待 Profile 更新任务...
2026-07-04 20:17:23.923 | INFO     | N/A | ⏳ 等待 Profile 更新任务...
2026-07-04 20:17:28.992 | INFO     | N/A | ⏳ 等待 Profile 更新任务...
2026-07-04 20:17:34.028 | INFO     | N/A | ⏳ 等待 Profile 更新任务...
2026-07-04 20:17:39.063 | INFO     | N/A | ⏳ 等待 Profile 更新任务...
2026-07-04 20:17:44.103 | INFO     | N/A | ⏳ 等待 Profile 更新任务...
2026-07-04 20:17:49.158 | INFO     | N/A | ⏳ 等待 Profile 更新任务...
2026-07-04 20:17:54.197 | INFO     | N/A | ⏳ 等待 Profile 更新任务...
2026-07-04 20:17:59.284 | INFO     | N/A | ⏳ 等待 Profile 更新任务...
2026-07-04 20:18:04.471 | INFO     | N/A | ⏳ 等待 Profile 更新任务...
2026-07-04 20:18:09.508 | INFO     | N/A | ⏳ 等待 Profile 更新任务...
2026-07-04 20:18:14.548 | INFO     | N/A | ⏳ 等待 Profile 更新任务...
2026-07-04 20:18:19.607 | INFO     | N/A | ⏳ 等待 Profile 更新任务...
2026-07-04 20:18:24.675 | INFO     | N/A | ⏳ 等待 Profile 更新任务...
2026-07-04 20:18:29.713 | INFO     | N/A | ⏳ 等待 Profile 更新任务...
2026-07-04 20:18:34.758 | INFO     | N/A | ⏳ 等待 Profile 更新任务...
2026-07-04 20:18:39.855 | INFO     | N/A | ⏳ 等待 Profile 更新任务...
2026-07-04 20:18:44.897 | INFO     | N/A | ⏳ 等待 Profile 更新任务...
2026-07-04 20:18:49.933 | INFO     | N/A | ⏳ 等待 Profile 更新任务...
2026-07-04 20:18:54.994 | INFO     | N/A | ⏳ 等待 Profile 更新任务...
2026-07-04 20:19:00.037 | INFO     | N/A | ⏳ 等待 Profile 更新任务...
2026-07-04 20:19:05.071 | INFO     | N/A | ⏳ 等待 Profile 更新任务...
2026-07-04 20:19:10.129 | INFO     | N/A | ⏳ 等待 Profile 更新任务...
2026-07-04 20:19:15.140 | INFO     | N/A | ⏳ 等待 Profile 更新任务...
2026-07-04 20:19:20.177 | INFO     | N/A | ⏳ 等待 Profile 更新任务...
2026-07-04 20:19:25.215 | INFO     | N/A | ⏳ 等待 Profile 更新任务...
2026-07-04 20:19:30.258 | INFO     | N/A | ⏳ 等待 Profile 更新任务...
2026-07-04 20:19:35.296 | INFO     | N/A | ⏳ 等待 Profile 更新任务...
2026-07-04 20:19:40.337 | INFO     | N/A | ⏳ 等待 Profile 更新任务...
2026-07-04 20:19:45.372 | INFO     | N/A | ⏳ 等待 Profile 更新任务...
2026-07-04 20:19:50.394 | INFO     | N/A | ⏳ 等待 Profile 更新任务...
2026-07-04 20:19:55.442 | INFO     | N/A | ⏳ 等待 Profile 更新任务...
2026-07-04 20:20:00.509 | INFO     | N/A | ⏳ 等待 Profile 更新任务...
2026-07-04 20:20:05.558 | INFO     | N/A | ⏳ 等待 Profile 更新任务...
2026-07-04 20:20:10.660 | INFO     | N/A | ⏳ 等待 Profile 更新任务...
2026-07-04 20:20:15.699 | INFO     | N/A | ⏳ 等待 Profile 更新任务...
2026-07-04 20:20:20.750 | INFO     | N/A | ⏳ 等待 Profile 更新任务...
2026-07-04 20:20:25.834 | INFO     | N/A | ⏳ 等待 Profile 更新任务...
2026-07-04 20:20:30.907 | INFO     | N/A | ⏳ 等待 Profile 更新任务...
2026-07-04 20:20:35.942 | INFO     | N/A | ⏳ 等待 Profile 更新任务...
2026-07-04 20:20:41.042 | INFO     | N/A | ⏳ 等待 Profile 更新任务...
2026-07-04 20:20:46.087 | INFO     | N/A | ⏳ 等待 Profile 更新任务...
2026-07-04 20:20:51.119 | INFO     | N/A | ⏳ 等待 Profile 更新任务...
2026-07-04 20:20:56.217 | INFO     | N/A | ⏳ 等待 Profile 更新任务...
2026-07-04 20:21:01.250 | INFO     | N/A | ⏳ 等待 Profile 更新任务...
2026-07-04 20:21:06.292 | INFO     | N/A | ⏳ 等待 Profile 更新任务...
2026-07-04 20:21:11.336 | INFO     | N/A | ⏳ 等待 Profile 更新任务...
2026-07-04 20:21:16.384 | INFO     | N/A | ⏳ 等待 Profile 更新任务...
2026-07-04 20:21:21.450 | INFO     | N/A | ⏳ 等待 Profile 更新任务...
2026-07-04 20:21:26.539 | INFO     | N/A | ⏳ 等待 Profile 更新任务...
2026-07-04 20:21:31.564 | INFO     | N/A | ⏳ 等待 Profile 更新任务...
2026-07-04 20:21:36.642 | INFO     | N/A | ⏳ 等待 Profile 更新任务...
2026-07-04 20:21:41.686 | INFO     | N/A | ⏳ 等待 Profile 更新任务...
2026-07-04 20:21:46.758 | INFO     | N/A | ⏳ 等待 Profile 更新任务...
2026-07-04 20:21:51.801 | INFO     | N/A | ⏳ 等待 Profile 更新任务...
2026-07-04 20:21:56.852 | INFO     | N/A | ⏳ 等待 Profile 更新任务...
2026-07-04 20:22:01.903 | INFO     | N/A | ⏳ 等待 Profile 更新任务...
2026-07-04 20:22:06.941 | INFO     | N/A | ⏳ 等待 Profile 更新任务...
2026-07-04 20:22:11.986 | INFO     | N/A | ⏳ 等待 Profile 更新任务...
2026-07-04 20:22:17.023 | INFO     | N/A | ⏳ 等待 Profile 更新任务...
2026-07-04 20:22:22.066 | INFO     | N/A | ⏳ 等待 Profile 更新任务...
2026-07-04 20:22:27.106 | INFO     | N/A | ⏳ 等待 Profile 更新任务...
2026-07-04 20:22:32.153 | INFO     | N/A | ⏳ 等待 Profile 更新任务...
2026-07-04 20:22:37.188 | INFO     | N/A | ⏳ 等待 Profile 更新任务...
2026-07-04 20:22:42.218 | INFO     | N/A | ⏳ 等待 Profile 更新任务...
2026-07-04 20:22:47.289 | INFO     | N/A | ⏳ 等待 Profile 更新任务...
2026-07-04 20:22:52.330 | INFO     | N/A | ⏳ 等待 Profile 更新任务...
2026-07-04 20:22:57.366 | INFO     | N/A | ⏳ 等待 Profile 更新任务...
2026-07-04 20:23:02.423 | INFO     | N/A | ⏳ 等待 Profile 更新任务...
2026-07-04 20:23:07.463 | INFO     | N/A | ⏳ 等待 Profile 更新任务...
2026-07-04 20:23:12.508 | INFO     | N/A | ⏳ 等待 Profile 更新任务...
2026-07-04 20:23:17.564 | INFO     | N/A | ⏳ 等待 Profile 更新任务...
2026-07-04 20:23:22.652 | INFO     | N/A | ⏳ 等待 Profile 更新任务...
2026-07-04 20:23:27.712 | INFO     | N/A | ⏳ 等待 Profile 更新任务...
2026-07-04 20:23:32.750 | INFO     | N/A | ⏳ 等待 Profile 更新任务...
2026-07-04 20:23:37.809 | INFO     | N/A | ⏳ 等待 Profile 更新任务...
2026-07-04 20:23:42.859 | INFO     | N/A | ⏳ 等待 Profile 更新任务...
2026-07-04 20:23:47.878 | INFO     | N/A | ⏳ 等待 Profile 更新任务...
2026-07-04 20:23:52.933 | INFO     | N/A | ⏳ 等待 Profile 更新任务...
2026-07-04 20:23:57.976 | INFO     | N/A | ⏳ 等待 Profile 更新任务...
2026-07-04 20:24:03.013 | INFO     | N/A | ⏳ 等待 Profile 更新任务...
2026-07-04 20:24:08.053 | INFO     | N/A | ⏳ 等待 Profile 更新任务...
2026-07-04 20:24:13.097 | INFO     | N/A | ⏳ 等待 Profile 更新任务...
2026-07-04 20:24:18.169 | INFO     | N/A | ⏳ 等待 Profile 更新任务...
2026-07-04 20:24:23.216 | INFO     | N/A | ⏳ 等待 Profile 更新任务...
2026-07-04 20:24:28.259 | INFO     | N/A | ⏳ 等待 Profile 更新任务...
2026-07-04 20:24:33.293 | INFO     | N/A | ⏳ 等待 Profile 更新任务...
2026-07-04 20:24:38.365 | INFO     | N/A | ⏳ 等待 Profile 更新任务...
2026-07-04 20:24:43.468 | INFO     | N/A | ⏳ 等待 Profile 更新任务...
2026-07-04 20:24:48.510 | INFO     | N/A | ⏳ 等待 Profile 更新任务...
2026-07-04 20:24:53.549 | INFO     | N/A | ⏳ 等待 Profile 更新任务...
2026-07-04 20:24:58.622 | INFO     | N/A | ⏳ 等待 Profile 更新任务...
2026-07-04 20:25:03.661 | INFO     | N/A | ⏳ 等待 Profile 更新任务...
2026-07-04 20:25:08.700 | INFO     | N/A | ⏳ 等待 Profile 更新任务...
2026-07-04 20:25:13.800 | INFO     | N/A | ⏳ 等待 Profile 更新任务...
2026-07-04 20:25:18.872 | INFO     | N/A | ⏳ 等待 Profile 更新任务...
2026-07-04 20:25:23.925 | INFO     | N/A | ⏳ 等待 Profile 更新任务...
2026-07-04 20:25:28.968 | INFO     | N/A | ⏳ 等待 Profile 更新任务...
2026-07-04 20:25:34.008 | INFO     | N/A | ⏳ 等待 Profile 更新任务...
2026-07-04 20:25:39.080 | INFO     | N/A | ⏳ 等待 Profile 更新任务...
2026-07-04 20:25:44.118 | INFO     | N/A | ⏳ 等待 Profile 更新任务...
2026-07-04 20:25:49.183 | INFO     | N/A | ⏳ 等待 Profile 更新任务...
2026-07-04 20:25:54.221 | INFO     | N/A | ⏳ 等待 Profile 更新任务...
2026-07-04 20:25:59.266 | INFO     | N/A | ⏳ 等待 Profile 更新任务...
2026-07-04 20:26:04.326 | INFO     | N/A | ⏳ 等待 Profile 更新任务...
2026-07-04 20:26:09.340 | INFO     | N/A | ⏳ 等待 Profile 更新任务...
2026-07-04 20:26:14.383 | INFO     | N/A | ⏳ 等待 Profile 更新任务...
2026-07-04 20:26:19.423 | INFO     | N/A | ⏳ 等待 Profile 更新任务...
2026-07-04 20:26:24.464 | INFO     | N/A | ⏳ 等待 Profile 更新任务...
2026-07-04 20:26:29.507 | INFO     | N/A | ⏳ 等待 Profile 更新任务...
2026-07-04 20:26:34.546 | INFO     | N/A | ⏳ 等待 Profile 更新任务...
2026-07-04 20:26:39.620 | INFO     | N/A | ⏳ 等待 Profile 更新任务...
2026-07-04 20:26:44.669 | INFO     | N/A | ⏳ 等待 Profile 更新任务...
2026-07-04 20:26:49.755 | INFO     | N/A | ⏳ 等待 Profile 更新任务...
2026-07-04 20:26:54.849 | INFO     | N/A | ⏳ 等待 Profile 更新任务...
2026-07-04 20:27:00.006 | INFO     | N/A | ⏳ 等待 Profile 更新任务...
2026-07-04 20:27:05.101 | INFO     | N/A | ⏳ 等待 Profile 更新任务...
2026-07-04 20:27:10.142 | INFO     | N/A | ⏳ 等待 Profile 更新任务...
2026-07-04 20:27:15.177 | INFO     | N/A | ⏳ 等待 Profile 更新任务...
2026-07-04 20:27:20.214 | INFO     | N/A | ⏳ 等待 Profile 更新任务...
2026-07-04 20:27:25.256 | INFO     | N/A | ⏳ 等待 Profile 更新任务...
2026-07-04 20:27:30.292 | INFO     | N/A | ⏳ 等待 Profile 更新任务...
2026-07-04 20:27:35.326 | INFO     | N/A | ⏳ 等待 Profile 更新任务...
2026-07-04 20:27:40.365 | INFO     | N/A | ⏳ 等待 Profile 更新任务...
2026-07-04 20:27:45.408 | INFO     | N/A | ⏳ 等待 Profile 更新任务...
2026-07-04 20:27:50.453 | INFO     | N/A | ⏳ 等待 Profile 更新任务...
2026-07-04 20:27:55.495 | INFO     | N/A | ⏳ 等待 Profile 更新任务...
2026-07-04 20:28:00.532 | INFO     | N/A | ⏳ 等待 Profile 更新任务...
2026-07-04 20:28:05.577 | INFO     | N/A | ⏳ 等待 Profile 更新任务...
2026-07-04 20:28:10.639 | INFO     | N/A | ⏳ 等待 Profile 更新任务...
2026-07-04 20:28:15.713 | INFO     | N/A | ⏳ 等待 Profile 更新任务...
2026-07-04 20:28:20.753 | INFO     | N/A | ⏳ 等待 Profile 更新任务...
2026-07-04 20:28:25.792 | INFO     | N/A | ⏳ 等待 Profile 更新任务...
2026-07-04 20:28:30.830 | INFO     | N/A | ⏳ 等待 Profile 更新任务...
2026-07-04 20:28:35.877 | INFO     | N/A | ⏳ 等待 Profile 更新任务...
2026-07-04 20:28:40.915 | INFO     | N/A | ⏳ 等待 Profile 更新任务...
2026-07-04 20:28:45.952 | INFO     | N/A | ⏳ 等待 Profile 更新任务...
2026-07-04 20:28:50.993 | INFO     | N/A | ⏳ 等待 Profile 更新任务...
2026-07-04 20:28:56.032 | INFO     | N/A | ⏳ 等待 Profile 更新任务...
2026-07-04 20:29:01.045 | INFO     | N/A | ⏳ 等待 Profile 更新任务...
2026-07-04 20:29:06.093 | INFO     | N/A | ⏳ 等待 Profile 更新任务...
2026-07-04 20:29:11.194 | INFO     | N/A | ⏳ 等待 Profile 更新任务...
2026-07-04 20:29:16.272 | INFO     | N/A | ⏳ 等待 Profile 更新任务...
2026-07-04 20:29:21.297 | INFO     | N/A | ⏳ 等待 Profile 更新任务...
2026-07-04 20:29:26.340 | INFO     | N/A | ⏳ 等待 Profile 更新任务...
2026-07-04 20:29:31.380 | INFO     | N/A | ⏳ 等待 Profile 更新任务...
2026-07-04 20:29:36.422 | INFO     | N/A | ⏳ 等待 Profile 更新任务...
2026-07-04 20:29:41.459 | INFO     | N/A | ⏳ 等待 Profile 更新任务...
2026-07-04 20:29:46.468 | INFO     | N/A | ⏳ 等待 Profile 更新任务...
2026-07-04 20:29:51.508 | INFO     | N/A | ⏳ 等待 Profile 更新任务...
2026-07-04 20:29:56.544 | INFO     | N/A | ⏳ 等待 Profile 更新任务...
2026-07-04 20:30:01.591 | INFO     | N/A | ⏳ 等待 Profile 更新任务...
2026-07-04 20:30:06.676 | INFO     | N/A | ⏳ 等待 Profile 更新任务...
2026-07-04 20:30:11.730 | INFO     | N/A | ⏳ 等待 Profile 更新任务...
2026-07-04 20:30:16.791 | INFO     | N/A | ⏳ 等待 Profile 更新任务...
2026-07-04 20:30:21.885 | INFO     | N/A | ⏳ 等待 Profile 更新任务...
2026-07-04 20:30:26.947 | INFO     | N/A | ⏳ 等待 Profile 更新任务...
2026-07-04 20:30:31.992 | INFO     | N/A | ⏳ 等待 Profile 更新任务...
2026-07-04 20:30:37.036 | INFO     | N/A | ⏳ 等待 Profile 更新任务...
2026-07-04 20:30:42.086 | INFO     | N/A | ⏳ 等待 Profile 更新任务...
2026-07-04 20:30:47.125 | INFO     | N/A | ⏳ 等待 Profile 更新任务...
2026-07-04 20:30:52.204 | INFO     | N/A | ⏳ 等待 Profile 更新任务...
2026-07-04 20:30:57.285 | INFO     | N/A | ⏳ 等待 Profile 更新任务...
2026-07-04 20:31:02.302 | INFO     | N/A | ⏳ 等待 Profile 更新任务...
2026-07-04 20:31:07.339 | INFO     | N/A | ⏳ 等待 Profile 更新任务...
2026-07-04 20:31:12.344 | INFO     | N/A | ⏳ 等待 Profile 更新任务...
2026-07-04 20:31:17.407 | INFO     | N/A | ⏳ 等待 Profile 更新任务...
2026-07-04 20:31:22.504 | INFO     | N/A | ⏳ 等待 Profile 更新任务...
2026-07-04 20:31:27.605 | INFO     | N/A | ⏳ 等待 Profile 更新任务...
2026-07-04 20:31:32.703 | INFO     | N/A | ⏳ 等待 Profile 更新任务...
2026-07-04 20:31:37.745 | INFO     | N/A | ⏳ 等待 Profile 更新任务...
2026-07-04 20:31:42.807 | INFO     | N/A | ⏳ 等待 Profile 更新任务...
2026-07-04 20:31:47.851 | INFO     | N/A | ⏳ 等待 Profile 更新任务...
2026-07-04 20:31:52.924 | INFO     | N/A | ⏳ 等待 Profile 更新任务...
2026-07-04 20:31:57.982 | INFO     | N/A | ⏳ 等待 Profile 更新任务...
2026-07-04 20:32:03.020 | INFO     | N/A | ⏳ 等待 Profile 更新任务...
2026-07-04 20:32:08.066 | INFO     | N/A | ⏳ 等待 Profile 更新任务...
2026-07-04 20:32:13.144 | INFO     | N/A | ⏳ 等待 Profile 更新任务...
2026-07-04 20:32:18.184 | INFO     | N/A | ⏳ 等待 Profile 更新任务...
2026-07-04 20:32:23.254 | INFO     | N/A | ⏳ 等待 Profile 更新任务...
2026-07-04 20:32:28.297 | INFO     | N/A | ⏳ 等待 Profile 更新任务...
2026-07-04 20:32:33.352 | INFO     | N/A | ⏳ 等待 Profile 更新任务...
2026-07-04 20:32:38.387 | INFO     | N/A | ⏳ 等待 Profile 更新任务...
2026-07-04 20:32:43.472 | INFO     | N/A | ⏳ 等待 Profile 更新任务...
2026-07-04 20:32:48.541 | INFO     | N/A | ⏳ 等待 Profile 更新任务...
2026-07-04 20:32:53.581 | INFO     | N/A | ⏳ 等待 Profile 更新任务...
2026-07-04 20:32:58.621 | INFO     | N/A | ⏳ 等待 Profile 更新任务...
2026-07-04 20:33:03.659 | INFO     | N/A | ⏳ 等待 Profile 更新任务...
2026-07-04 20:33:08.695 | INFO     | N/A | ⏳ 等待 Profile 更新任务...
2026-07-04 20:33:13.751 | INFO     | N/A | ⏳ 等待 Profile 更新任务...
2026-07-04 20:33:18.800 | INFO     | N/A | ⏳ 等待 Profile 更新任务...
2026-07-04 20:33:23.837 | INFO     | N/A | ⏳ 等待 Profile 更新任务...
2026-07-04 20:33:28.857 | INFO     | N/A | ⏳ 等待 Profile 更新任务...
2026-07-04 20:33:33.897 | INFO     | N/A | ⏳ 等待 Profile 更新任务...
2026-07-04 20:33:38.933 | INFO     | N/A | ⏳ 等待 Profile 更新任务...
2026-07-04 20:33:43.976 | INFO     | N/A | ⏳ 等待 Profile 更新任务...
2026-07-04 20:33:49.016 | INFO     | N/A | ⏳ 等待 Profile 更新任务...
2026-07-04 20:33:54.055 | INFO     | N/A | ⏳ 等待 Profile 更新任务...
2026-07-04 20:33:59.097 | INFO     | N/A | ⏳ 等待 Profile 更新任务...
2026-07-04 20:34:04.135 | INFO     | N/A | ⏳ 等待 Profile 更新任务...
2026-07-04 20:34:09.236 | INFO     | N/A | ⏳ 等待 Profile 更新任务...
2026-07-04 20:34:14.273 | INFO     | N/A | ⏳ 等待 Profile 更新任务...
2026-07-04 20:34:19.313 | INFO     | N/A | ⏳ 等待 Profile 更新任务...
2026-07-04 20:34:24.352 | INFO     | N/A | ⏳ 等待 Profile 更新任务...
2026-07-04 20:34:29.390 | INFO     | N/A | ⏳ 等待 Profile 更新任务...
2026-07-04 20:34:34.428 | INFO     | N/A | ⏳ 等待 Profile 更新任务...
2026-07-04 20:34:39.530 | INFO     | N/A | ⏳ 等待 Profile 更新任务...
2026-07-04 20:34:44.563 | INFO     | N/A | ⏳ 等待 Profile 更新任务...
2026-07-04 20:34:49.596 | INFO     | N/A | ⏳ 等待 Profile 更新任务...
2026-07-04 20:34:54.634 | INFO     | N/A | ⏳ 等待 Profile 更新任务...
2026-07-04 20:34:59.643 | INFO     | N/A | ⏳ 等待 Profile 更新任务...
2026-07-04 20:35:04.683 | INFO     | N/A | ⏳ 等待 Profile 更新任务...
2026-07-04 20:35:09.739 | INFO     | N/A | ⏳ 等待 Profile 更新任务...
2026-07-04 20:35:14.788 | INFO     | N/A | ⏳ 等待 Profile 更新任务...
2026-07-04 20:35:19.848 | INFO     | N/A | ⏳ 等待 Profile 更新任务...
2026-07-04 20:35:24.912 | INFO     | N/A | ⏳ 等待 Profile 更新任务...
2026-07-04 20:35:29.952 | INFO     | N/A | ⏳ 等待 Profile 更新任务...
2026-07-04 20:35:34.996 | INFO     | N/A | ⏳ 等待 Profile 更新任务...
2026-07-04 20:35:40.032 | INFO     | N/A | ⏳ 等待 Profile 更新任务...
2026-07-04 20:35:45.069 | INFO     | N/A | ⏳ 等待 Profile 更新任务...
2026-07-04 20:35:50.152 | INFO     | N/A | ⏳ 等待 Profile 更新任务...
2026-07-04 20:35:55.188 | INFO     | N/A | ⏳ 等待 Profile 更新任务...
2026-07-04 20:36:00.293 | INFO     | N/A | ⏳ 等待 Profile 更新任务...
2026-07-04 20:36:05.337 | INFO     | N/A | ⏳ 等待 Profile 更新任务...
2026-07-04 20:36:10.397 | INFO     | N/A | ⏳ 等待 Profile 更新任务...
2026-07-04 20:36:15.441 | INFO     | N/A | ⏳ 等待 Profile 更新任务...
2026-07-04 20:36:20.525 | INFO     | N/A | ⏳ 等待 Profile 更新任务...
2026-07-04 20:36:25.579 | INFO     | N/A | ⏳ 等待 Profile 更新任务...
2026-07-04 20:36:30.627 | INFO     | N/A | ⏳ 等待 Profile 更新任务...
2026-07-04 20:36:35.670 | INFO     | N/A | ⏳ 等待 Profile 更新任务...
2026-07-04 20:36:40.708 | INFO     | N/A | ⏳ 等待 Profile 更新任务...
2026-07-04 20:36:45.781 | INFO     | N/A | ⏳ 等待 Profile 更新任务...
2026-07-04 20:36:50.829 | INFO     | N/A | ⏳ 等待 Profile 更新任务...
2026-07-04 20:36:55.880 | INFO     | N/A | ⏳ 等待 Profile 更新任务...
2026-07-04 20:37:00.918 | INFO     | N/A | ⏳ 等待 Profile 更新任务...
2026-07-04 20:37:06.003 | INFO     | N/A | ⏳ 等待 Profile 更新任务...
2026-07-04 20:37:11.041 | INFO     | N/A | ⏳ 等待 Profile 更新任务...
2026-07-04 20:37:16.049 | INFO     | N/A | ⏳ 等待 Profile 更新任务...
2026-07-04 20:37:21.123 | INFO     | N/A | ⏳ 等待 Profile 更新任务...
2026-07-04 20:37:26.151 | INFO     | N/A | ⏳ 等待 Profile 更新任务...
2026-07-04 20:37:31.194 | INFO     | N/A | ⏳ 等待 Profile 更新任务...
2026-07-04 20:37:36.230 | INFO     | N/A | ⏳ 等待 Profile 更新任务...
2026-07-04 20:37:41.318 | INFO     | N/A | ⏳ 等待 Profile 更新任务...
2026-07-04 20:37:46.374 | INFO     | N/A | ⏳ 等待 Profile 更新任务...
2026-07-04 20:37:51.415 | INFO     | N/A | ⏳ 等待 Profile 更新任务...
2026-07-04 20:37:56.464 | INFO     | N/A | ⏳ 等待 Profile 更新任务...
2026-07-04 20:38:01.470 | INFO     | N/A | ⏳ 等待 Profile 更新任务...
2026-07-04 20:38:06.513 | INFO     | N/A | ⏳ 等待 Profile 更新任务...
2026-07-04 20:38:11.553 | INFO     | N/A | ⏳ 等待 Profile 更新任务...
2026-07-04 20:38:16.596 | INFO     | N/A | ⏳ 等待 Profile 更新任务...
2026-07-04 20:38:21.638 | INFO     | N/A | ⏳ 等待 Profile 更新任务...
2026-07-04 20:38:26.703 | INFO     | N/A | ⏳ 等待 Profile 更新任务...
2026-07-04 20:38:31.807 | INFO     | N/A | ⏳ 等待 Profile 更新任务...
2026-07-04 20:38:36.900 | INFO     | N/A | ⏳ 等待 Profile 更新任务...
2026-07-04 20:38:41.945 | INFO     | N/A | ⏳ 等待 Profile 更新任务...
2026-07-04 20:38:46.981 | INFO     | N/A | ⏳ 等待 Profile 更新任务...
2026-07-04 20:38:51.994 | INFO     | N/A | ⏳ 等待 Profile 更新任务...
2026-07-04 20:38:57.035 | INFO     | N/A | ⏳ 等待 Profile 更新任务...
2026-07-04 20:39:02.094 | INFO     | N/A | ⏳ 等待 Profile 更新任务...
2026-07-04 20:39:07.152 | INFO     | N/A | ⏳ 等待 Profile 更新任务...
2026-07-04 20:39:12.190 | INFO     | N/A | ⏳ 等待 Profile 更新任务...
2026-07-04 20:39:17.250 | INFO     | N/A | ⏳ 等待 Profile 更新任务...
2026-07-04 20:39:22.289 | INFO     | N/A | ⏳ 等待 Profile 更新任务...
2026-07-04 20:39:27.328 | INFO     | N/A | ⏳ 等待 Profile 更新任务...
2026-07-04 20:39:32.339 | INFO     | N/A | ⏳ 等待 Profile 更新任务...
2026-07-04 20:39:37.383 | INFO     | N/A | ⏳ 等待 Profile 更新任务...
2026-07-04 20:39:42.421 | INFO     | N/A | ⏳ 等待 Profile 更新任务...
2026-07-04 20:39:47.495 | INFO     | N/A | ⏳ 等待 Profile 更新任务...
2026-07-04 20:39:52.552 | INFO     | N/A | ⏳ 等待 Profile 更新任务...
2026-07-04 20:39:57.613 | INFO     | N/A | ⏳ 等待 Profile 更新任务...
2026-07-04 20:40:02.628 | INFO     | N/A | ⏳ 等待 Profile 更新任务...
2026-07-04 20:40:07.666 | INFO     | N/A | ⏳ 等待 Profile 更新任务...
2026-07-04 20:40:12.711 | INFO     | N/A | ⏳ 等待 Profile 更新任务...
2026-07-04 20:40:17.794 | INFO     | N/A | ⏳ 等待 Profile 更新任务...
2026-07-04 20:40:22.832 | INFO     | N/A | ⏳ 等待 Profile 更新任务...
2026-07-04 20:40:27.907 | INFO     | N/A | ⏳ 等待 Profile 更新任务...
2026-07-04 20:40:32.918 | INFO     | N/A | ⏳ 等待 Profile 更新任务...
2026-07-04 20:40:37.990 | INFO     | N/A | ⏳ 等待 Profile 更新任务...
2026-07-04 20:40:43.029 | INFO     | N/A | ⏳ 等待 Profile 更新任务...
2026-07-04 20:40:48.067 | INFO     | N/A | ⏳ 等待 Profile 更新任务...
2026-07-04 20:40:53.101 | INFO     | N/A | ⏳ 等待 Profile 更新任务...
2026-07-04 20:40:58.145 | INFO     | N/A | ⏳ 等待 Profile 更新任务...
2026-07-04 20:41:03.181 | INFO     | N/A | ⏳ 等待 Profile 更新任务...
2026-07-04 20:41:08.217 | INFO     | N/A | ⏳ 等待 Profile 更新任务...
2026-07-04 20:41:13.255 | INFO     | N/A | ⏳ 等待 Profile 更新任务...
2026-07-04 20:41:18.295 | INFO     | N/A | ⏳ 等待 Profile 更新任务...
2026-07-04 20:41:23.339 | INFO     | N/A | ⏳ 等待 Profile 更新任务...
2026-07-04 20:41:28.377 | INFO     | N/A | ⏳ 等待 Profile 更新任务...
2026-07-04 20:41:33.443 | INFO     | N/A | ⏳ 等待 Profile 更新任务...
2026-07-04 20:41:38.482 | INFO     | N/A | ⏳ 等待 Profile 更新任务...
2026-07-04 20:41:43.563 | INFO     | N/A | ⏳ 等待 Profile 更新任务...
2026-07-04 20:41:48.605 | INFO     | N/A | ⏳ 等待 Profile 更新任务...
2026-07-04 20:41:53.638 | INFO     | N/A | ⏳ 等待 Profile 更新任务...
2026-07-04 20:41:58.742 | INFO     | N/A | ⏳ 等待 Profile 更新任务...
2026-07-04 20:42:03.783 | INFO     | N/A | ⏳ 等待 Profile 更新任务...
2026-07-04 20:42:08.820 | INFO     | N/A | ⏳ 等待 Profile 更新任务...
2026-07-04 20:42:13.859 | INFO     | N/A | ⏳ 等待 Profile 更新任务...
2026-07-04 20:42:18.895 | INFO     | N/A | ⏳ 等待 Profile 更新任务...
2026-07-04 20:42:23.929 | INFO     | N/A | ⏳ 等待 Profile 更新任务...
2026-07-04 20:42:28.966 | INFO     | N/A | ⏳ 等待 Profile 更新任务...
2026-07-04 20:42:34.003 | INFO     | N/A | ⏳ 等待 Profile 更新任务...
2026-07-04 20:42:39.040 | INFO     | N/A | ⏳ 等待 Profile 更新任务...
2026-07-04 20:42:44.099 | INFO     | N/A | ⏳ 等待 Profile 更新任务...
2026-07-04 20:42:49.133 | INFO     | N/A | ⏳ 等待 Profile 更新任务...
2026-07-04 20:42:54.178 | INFO     | N/A | ⏳ 等待 Profile 更新任务...
2026-07-04 20:42:59.212 | INFO     | N/A | ⏳ 等待 Profile 更新任务...
2026-07-04 20:43:04.251 | INFO     | N/A | ⏳ 等待 Profile 更新任务...
2026-07-04 20:43:09.292 | INFO     | N/A | ⏳ 等待 Profile 更新任务...
2026-07-04 20:43:14.326 | INFO     | N/A | ⏳ 等待 Profile 更新任务...
2026-07-04 20:43:19.342 | INFO     | N/A | ⏳ 等待 Profile 更新任务...
2026-07-04 20:43:24.378 | INFO     | N/A | ⏳ 等待 Profile 更新任务...
2026-07-04 20:43:29.472 | INFO     | N/A | ⏳ 等待 Profile 更新任务...
2026-07-04 20:43:34.511 | INFO     | N/A | ⏳ 等待 Profile 更新任务...
2026-07-04 20:43:39.536 | INFO     | N/A | ⏳ 等待 Profile 更新任务...
2026-07-04 20:43:44.604 | INFO     | N/A | ⏳ 等待 Profile 更新任务...
2026-07-04 20:43:49.642 | INFO     | N/A | ⏳ 等待 Profile 更新任务...
2026-07-04 20:43:54.677 | INFO     | N/A | ⏳ 等待 Profile 更新任务...
2026-07-04 20:43:59.716 | INFO     | N/A | ⏳ 等待 Profile 更新任务...
2026-07-04 21:05:30.696 | ERROR    | N/A | Worker 主循环异常: Timeout reading from socket
Traceback (most recent call last):

  File "D:\毕业设计\Travel_python\.venv\Lib\site-packages\redis\_parsers\socket.py", line 64, in _read_from_socket
    data = sock.recv(socket_read_size)

TimeoutError: timed out


During handling of the above exception, another exception occurred:


Traceback (most recent call last):

  File "D:\毕业设计\Travel_python\travel_ai_python\app\service\profile_worker.py", line 194, in <module>
    run_worker()

> File "D:\毕业设计\Travel_python\travel_ai_python\app\service\profile_worker.py", line 169, in run_worker
    task_data = pop_profile_update_task(block=True, timeout=5)

  File "D:\毕业设计\Travel_python\travel_ai_python\app\utils\redis_client.py", line 43, in pop_profile_update_task
    result = redis_client.brpop(PROFILE_UPDATE_QUEUE, timeout=timeout)

  File "D:\毕业设计\Travel_python\.venv\Lib\site-packages\redis\commands\core.py", line 4751, in brpop
    return self.execute_command("BRPOP", *keys)
  File "D:\毕业设计\Travel_python\.venv\Lib\site-packages\redis\client.py", line 787, in execute_command
    return self._execute_command(*args, **options)
  File "D:\毕业设计\Travel_python\.venv\Lib\site-packages\redis\client.py", line 809, in _execute_command
    result = conn.retry.call_with_retry(
  File "D:\毕业设计\Travel_python\.venv\Lib\site-packages\redis\retry.py", line 132, in call_with_retry
    raise error
  File "D:\毕业设计\Travel_python\.venv\Lib\site-packages\redis\retry.py", line 120, in call_with_retry
    return do()
  File "D:\毕业设计\Travel_python\.venv\Lib\site-packages\redis\client.py", line 810, in <lambda>
    lambda: self._send_command_parse_response(
  File "D:\毕业设计\Travel_python\.venv\Lib\site-packages\redis\client.py", line 753, in _send_command_parse_response
    return self.parse_response(conn, command_name, **options)
  File "D:\毕业设计\Travel_python\.venv\Lib\site-packages\redis\client.py", line 853, in parse_response
    response = connection.read_response()
  File "D:\毕业设计\Travel_python\.venv\Lib\site-packages\redis\connection.py", line 1371, in read_response
    response = self._parser.read_response(
  File "D:\毕业设计\Travel_python\.venv\Lib\site-packages\redis\_parsers\resp3.py", line 40, in read_response
    result = self._read_response(
  File "D:\毕业设计\Travel_python\.venv\Lib\site-packages\redis\_parsers\resp3.py", line 65, in _read_response
    raw = self._buffer.readline(timeout=timeout)
  File "D:\毕业设计\Travel_python\.venv\Lib\site-packages\redis\_parsers\socket.py", line 117, in readline
    self._read_from_socket(timeout=timeout)
  File "D:\毕业设计\Travel_python\.venv\Lib\site-packages\redis\_parsers\socket.py", line 77, in _read_from_socket
    raise TimeoutError("Timeout reading from socket")

redis.exceptions.TimeoutError: Timeout reading from socket
2026-07-04 21:05:32.388 | INFO     | N/A | ⏳ 等待 Profile 更新任务...
2026-07-04 21:05:37.407 | ERROR    | N/A | Worker 主循环异常: Timeout connecting to server
Traceback (most recent call last):

  File "D:\毕业设计\Travel_python\.venv\Lib\site-packages\redis\connection.py", line 1033, in connect_check_health
    sock = self._connect()
  File "D:\毕业设计\Travel_python\.venv\Lib\site-packages\redis\connection.py", line 1581, in _connect
    raise err
  File "D:\毕业设计\Travel_python\.venv\Lib\site-packages\redis\connection.py", line 1565, in _connect
    sock.connect(socket_address)

TimeoutError: timed out


During handling of the above exception, another exception occurred:


Traceback (most recent call last):

  File "D:\毕业设计\Travel_python\travel_ai_python\app\service\profile_worker.py", line 194, in <module>
    run_worker()

> File "D:\毕业设计\Travel_python\travel_ai_python\app\service\profile_worker.py", line 169, in run_worker
    task_data = pop_profile_update_task(block=True, timeout=5)

  File "D:\毕业设计\Travel_python\travel_ai_python\app\utils\redis_client.py", line 43, in pop_profile_update_task
    result = redis_client.brpop(PROFILE_UPDATE_QUEUE, timeout=timeout)

  File "D:\毕业设计\Travel_python\.venv\Lib\site-packages\redis\commands\core.py", line 4751, in brpop
    return self.execute_command("BRPOP", *keys)
  File "D:\毕业设计\Travel_python\.venv\Lib\site-packages\redis\client.py", line 787, in execute_command
    return self._execute_command(*args, **options)
  File "D:\毕业设计\Travel_python\.venv\Lib\site-packages\redis\client.py", line 793, in _execute_command
    conn = self.connection or pool.get_connection()
  File "D:\毕业设计\Travel_python\.venv\Lib\site-packages\redis\utils.py", line 258, in wrapper
    return func(*args, **kwargs)
  File "D:\毕业设计\Travel_python\.venv\Lib\site-packages\redis\connection.py", line 3139, in get_connection
    connection.connect()
  File "D:\毕业设计\Travel_python\.venv\Lib\site-packages\redis\connection.py", line 1006, in connect
    self.retry.call_with_retry(
  File "D:\毕业设计\Travel_python\.venv\Lib\site-packages\redis\retry.py", line 132, in call_with_retry
    raise error
  File "D:\毕业设计\Travel_python\.venv\Lib\site-packages\redis\retry.py", line 120, in call_with_retry
    return do()
  File "D:\毕业设计\Travel_python\.venv\Lib\site-packages\redis\connection.py", line 1007, in <lambda>
    lambda: self.connect_check_health(
  File "D:\毕业设计\Travel_python\.venv\Lib\site-packages\redis\connection.py", line 1044, in connect_check_health
    raise e

redis.exceptions.TimeoutError: Timeout connecting to server
2026-07-04 21:05:38.422 | INFO     | N/A | ⏳ 等待 Profile 更新任务...
2026-07-04 21:05:43.434 | ERROR    | N/A | Worker 主循环异常: Timeout connecting to server
Traceback (most recent call last):

  File "D:\毕业设计\Travel_python\.venv\Lib\site-packages\redis\connection.py", line 1033, in connect_check_health
    sock = self._connect()
  File "D:\毕业设计\Travel_python\.venv\Lib\site-packages\redis\connection.py", line 1581, in _connect
    raise err
  File "D:\毕业设计\Travel_python\.venv\Lib\site-packages\redis\connection.py", line 1565, in _connect
    sock.connect(socket_address)

TimeoutError: timed out


During handling of the above exception, another exception occurred:


Traceback (most recent call last):

  File "D:\毕业设计\Travel_python\travel_ai_python\app\service\profile_worker.py", line 194, in <module>
    run_worker()

> File "D:\毕业设计\Travel_python\travel_ai_python\app\service\profile_worker.py", line 169, in run_worker
    task_data = pop_profile_update_task(block=True, timeout=5)

  File "D:\毕业设计\Travel_python\travel_ai_python\app\utils\redis_client.py", line 43, in pop_profile_update_task
    result = redis_client.brpop(PROFILE_UPDATE_QUEUE, timeout=timeout)

  File "D:\毕业设计\Travel_python\.venv\Lib\site-packages\redis\commands\core.py", line 4751, in brpop
    return self.execute_command("BRPOP", *keys)
  File "D:\毕业设计\Travel_python\.venv\Lib\site-packages\redis\client.py", line 787, in execute_command
    return self._execute_command(*args, **options)
  File "D:\毕业设计\Travel_python\.venv\Lib\site-packages\redis\client.py", line 793, in _execute_command
    conn = self.connection or pool.get_connection()
  File "D:\毕业设计\Travel_python\.venv\Lib\site-packages\redis\utils.py", line 258, in wrapper
    return func(*args, **kwargs)
  File "D:\毕业设计\Travel_python\.venv\Lib\site-packages\redis\connection.py", line 3139, in get_connection
    connection.connect()
  File "D:\毕业设计\Travel_python\.venv\Lib\site-packages\redis\connection.py", line 1006, in connect
    self.retry.call_with_retry(
  File "D:\毕业设计\Travel_python\.venv\Lib\site-packages\redis\retry.py", line 132, in call_with_retry
    raise error
  File "D:\毕业设计\Travel_python\.venv\Lib\site-packages\redis\retry.py", line 120, in call_with_retry
    return do()
  File "D:\毕业设计\Travel_python\.venv\Lib\site-packages\redis\connection.py", line 1007, in <lambda>
    lambda: self.connect_check_health(
  File "D:\毕业设计\Travel_python\.venv\Lib\site-packages\redis\connection.py", line 1044, in connect_check_health
    raise e

redis.exceptions.TimeoutError: Timeout connecting to server
2026-07-04 21:05:44.450 | INFO     | N/A | ⏳ 等待 Profile 更新任务...
2026-07-04 21:05:49.456 | ERROR    | N/A | Worker 主循环异常: Timeout connecting to server
Traceback (most recent call last):

  File "D:\毕业设计\Travel_python\.venv\Lib\site-packages\redis\connection.py", line 1033, in connect_check_health
    sock = self._connect()
  File "D:\毕业设计\Travel_python\.venv\Lib\site-packages\redis\connection.py", line 1581, in _connect
    raise err
  File "D:\毕业设计\Travel_python\.venv\Lib\site-packages\redis\connection.py", line 1565, in _connect
    sock.connect(socket_address)

TimeoutError: timed out


During handling of the above exception, another exception occurred:


Traceback (most recent call last):

  File "D:\毕业设计\Travel_python\travel_ai_python\app\service\profile_worker.py", line 194, in <module>
    run_worker()

> File "D:\毕业设计\Travel_python\travel_ai_python\app\service\profile_worker.py", line 169, in run_worker
    task_data = pop_profile_update_task(block=True, timeout=5)

  File "D:\毕业设计\Travel_python\travel_ai_python\app\utils\redis_client.py", line 43, in pop_profile_update_task
    result = redis_client.brpop(PROFILE_UPDATE_QUEUE, timeout=timeout)

  File "D:\毕业设计\Travel_python\.venv\Lib\site-packages\redis\commands\core.py", line 4751, in brpop
    return self.execute_command("BRPOP", *keys)
  File "D:\毕业设计\Travel_python\.venv\Lib\site-packages\redis\client.py", line 787, in execute_command
    return self._execute_command(*args, **options)
  File "D:\毕业设计\Travel_python\.venv\Lib\site-packages\redis\client.py", line 793, in _execute_command
    conn = self.connection or pool.get_connection()
  File "D:\毕业设计\Travel_python\.venv\Lib\site-packages\redis\utils.py", line 258, in wrapper
    return func(*args, **kwargs)
  File "D:\毕业设计\Travel_python\.venv\Lib\site-packages\redis\connection.py", line 3139, in get_connection
    connection.connect()
  File "D:\毕业设计\Travel_python\.venv\Lib\site-packages\redis\connection.py", line 1006, in connect
    self.retry.call_with_retry(
  File "D:\毕业设计\Travel_python\.venv\Lib\site-packages\redis\retry.py", line 132, in call_with_retry
    raise error
  File "D:\毕业设计\Travel_python\.venv\Lib\site-packages\redis\retry.py", line 120, in call_with_retry
    return do()
  File "D:\毕业设计\Travel_python\.venv\Lib\site-packages\redis\connection.py", line 1007, in <lambda>
    lambda: self.connect_check_health(
  File "D:\毕业设计\Travel_python\.venv\Lib\site-packages\redis\connection.py", line 1044, in connect_check_health
    raise e

redis.exceptions.TimeoutError: Timeout connecting to server
2026-07-04 21:05:50.471 | INFO     | N/A | ⏳ 等待 Profile 更新任务...
2026-07-04 21:05:55.484 | ERROR    | N/A | Worker 主循环异常: Timeout connecting to server
Traceback (most recent call last):

  File "D:\毕业设计\Travel_python\.venv\Lib\site-packages\redis\connection.py", line 1033, in connect_check_health
    sock = self._connect()
  File "D:\毕业设计\Travel_python\.venv\Lib\site-packages\redis\connection.py", line 1581, in _connect
    raise err
  File "D:\毕业设计\Travel_python\.venv\Lib\site-packages\redis\connection.py", line 1565, in _connect
    sock.connect(socket_address)

TimeoutError: timed out


During handling of the above exception, another exception occurred:


Traceback (most recent call last):

  File "D:\毕业设计\Travel_python\travel_ai_python\app\service\profile_worker.py", line 194, in <module>
    run_worker()

> File "D:\毕业设计\Travel_python\travel_ai_python\app\service\profile_worker.py", line 169, in run_worker
    task_data = pop_profile_update_task(block=True, timeout=5)

  File "D:\毕业设计\Travel_python\travel_ai_python\app\utils\redis_client.py", line 43, in pop_profile_update_task
    result = redis_client.brpop(PROFILE_UPDATE_QUEUE, timeout=timeout)

  File "D:\毕业设计\Travel_python\.venv\Lib\site-packages\redis\commands\core.py", line 4751, in brpop
    return self.execute_command("BRPOP", *keys)
  File "D:\毕业设计\Travel_python\.venv\Lib\site-packages\redis\client.py", line 787, in execute_command
    return self._execute_command(*args, **options)
  File "D:\毕业设计\Travel_python\.venv\Lib\site-packages\redis\client.py", line 793, in _execute_command
    conn = self.connection or pool.get_connection()
  File "D:\毕业设计\Travel_python\.venv\Lib\site-packages\redis\utils.py", line 258, in wrapper
    return func(*args, **kwargs)
  File "D:\毕业设计\Travel_python\.venv\Lib\site-packages\redis\connection.py", line 3139, in get_connection
    connection.connect()
  File "D:\毕业设计\Travel_python\.venv\Lib\site-packages\redis\connection.py", line 1006, in connect
    self.retry.call_with_retry(
  File "D:\毕业设计\Travel_python\.venv\Lib\site-packages\redis\retry.py", line 132, in call_with_retry
    raise error
  File "D:\毕业设计\Travel_python\.venv\Lib\site-packages\redis\retry.py", line 120, in call_with_retry
    return do()
  File "D:\毕业设计\Travel_python\.venv\Lib\site-packages\redis\connection.py", line 1007, in <lambda>
    lambda: self.connect_check_health(
  File "D:\毕业设计\Travel_python\.venv\Lib\site-packages\redis\connection.py", line 1044, in connect_check_health
    raise e

redis.exceptions.TimeoutError: Timeout connecting to server
2026-07-04 21:05:56.494 | INFO     | N/A | ⏳ 等待 Profile 更新任务...
2026-07-04 21:06:01.508 | ERROR    | N/A | Worker 主循环异常: Timeout connecting to server
Traceback (most recent call last):

  File "D:\毕业设计\Travel_python\.venv\Lib\site-packages\redis\connection.py", line 1033, in connect_check_health
    sock = self._connect()
  File "D:\毕业设计\Travel_python\.venv\Lib\site-packages\redis\connection.py", line 1581, in _connect
    raise err
  File "D:\毕业设计\Travel_python\.venv\Lib\site-packages\redis\connection.py", line 1565, in _connect
    sock.connect(socket_address)

TimeoutError: timed out


During handling of the above exception, another exception occurred:


Traceback (most recent call last):

  File "D:\毕业设计\Travel_python\travel_ai_python\app\service\profile_worker.py", line 194, in <module>
    run_worker()

> File "D:\毕业设计\Travel_python\travel_ai_python\app\service\profile_worker.py", line 169, in run_worker
    task_data = pop_profile_update_task(block=True, timeout=5)

  File "D:\毕业设计\Travel_python\travel_ai_python\app\utils\redis_client.py", line 43, in pop_profile_update_task
    result = redis_client.brpop(PROFILE_UPDATE_QUEUE, timeout=timeout)

  File "D:\毕业设计\Travel_python\.venv\Lib\site-packages\redis\commands\core.py", line 4751, in brpop
    return self.execute_command("BRPOP", *keys)
  File "D:\毕业设计\Travel_python\.venv\Lib\site-packages\redis\client.py", line 787, in execute_command
    return self._execute_command(*args, **options)
  File "D:\毕业设计\Travel_python\.venv\Lib\site-packages\redis\client.py", line 793, in _execute_command
    conn = self.connection or pool.get_connection()
  File "D:\毕业设计\Travel_python\.venv\Lib\site-packages\redis\utils.py", line 258, in wrapper
    return func(*args, **kwargs)
  File "D:\毕业设计\Travel_python\.venv\Lib\site-packages\redis\connection.py", line 3139, in get_connection
    connection.connect()
  File "D:\毕业设计\Travel_python\.venv\Lib\site-packages\redis\connection.py", line 1006, in connect
    self.retry.call_with_retry(
  File "D:\毕业设计\Travel_python\.venv\Lib\site-packages\redis\retry.py", line 132, in call_with_retry
    raise error
  File "D:\毕业设计\Travel_python\.venv\Lib\site-packages\redis\retry.py", line 120, in call_with_retry
    return do()
  File "D:\毕业设计\Travel_python\.venv\Lib\site-packages\redis\connection.py", line 1007, in <lambda>
    lambda: self.connect_check_health(
  File "D:\毕业设计\Travel_python\.venv\Lib\site-packages\redis\connection.py", line 1044, in connect_check_health
    raise e

redis.exceptions.TimeoutError: Timeout connecting to server
2026-07-04 21:06:02.518 | INFO     | N/A | ⏳ 等待 Profile 更新任务...
2026-07-04 21:06:07.533 | ERROR    | N/A | Worker 主循环异常: Timeout connecting to server
Traceback (most recent call last):

  File "D:\毕业设计\Travel_python\.venv\Lib\site-packages\redis\connection.py", line 1033, in connect_check_health
    sock = self._connect()
  File "D:\毕业设计\Travel_python\.venv\Lib\site-packages\redis\connection.py", line 1581, in _connect
    raise err
  File "D:\毕业设计\Travel_python\.venv\Lib\site-packages\redis\connection.py", line 1565, in _connect
    sock.connect(socket_address)

TimeoutError: timed out


During handling of the above exception, another exception occurred:


Traceback (most recent call last):

  File "D:\毕业设计\Travel_python\travel_ai_python\app\service\profile_worker.py", line 194, in <module>
    run_worker()

> File "D:\毕业设计\Travel_python\travel_ai_python\app\service\profile_worker.py", line 169, in run_worker
    task_data = pop_profile_update_task(block=True, timeout=5)

  File "D:\毕业设计\Travel_python\travel_ai_python\app\utils\redis_client.py", line 43, in pop_profile_update_task
    result = redis_client.brpop(PROFILE_UPDATE_QUEUE, timeout=timeout)

  File "D:\毕业设计\Travel_python\.venv\Lib\site-packages\redis\commands\core.py", line 4751, in brpop
    return self.execute_command("BRPOP", *keys)
  File "D:\毕业设计\Travel_python\.venv\Lib\site-packages\redis\client.py", line 787, in execute_command
    return self._execute_command(*args, **options)
  File "D:\毕业设计\Travel_python\.venv\Lib\site-packages\redis\client.py", line 793, in _execute_command
    conn = self.connection or pool.get_connection()
  File "D:\毕业设计\Travel_python\.venv\Lib\site-packages\redis\utils.py", line 258, in wrapper
    return func(*args, **kwargs)
  File "D:\毕业设计\Travel_python\.venv\Lib\site-packages\redis\connection.py", line 3139, in get_connection
    connection.connect()
  File "D:\毕业设计\Travel_python\.venv\Lib\site-packages\redis\connection.py", line 1006, in connect
    self.retry.call_with_retry(
  File "D:\毕业设计\Travel_python\.venv\Lib\site-packages\redis\retry.py", line 132, in call_with_retry
    raise error
  File "D:\毕业设计\Travel_python\.venv\Lib\site-packages\redis\retry.py", line 120, in call_with_retry
    return do()
  File "D:\毕业设计\Travel_python\.venv\Lib\site-packages\redis\connection.py", line 1007, in <lambda>
    lambda: self.connect_check_health(
  File "D:\毕业设计\Travel_python\.venv\Lib\site-packages\redis\connection.py", line 1044, in connect_check_health
    raise e

redis.exceptions.TimeoutError: Timeout connecting to server
2026-07-04 21:06:08.544 | INFO     | N/A | ⏳ 等待 Profile 更新任务...
2026-07-04 21:06:13.561 | ERROR    | N/A | Worker 主循环异常: Timeout connecting to server
Traceback (most recent call last):

  File "D:\毕业设计\Travel_python\.venv\Lib\site-packages\redis\connection.py", line 1033, in connect_check_health
    sock = self._connect()
  File "D:\毕业设计\Travel_python\.venv\Lib\site-packages\redis\connection.py", line 1581, in _connect
    raise err
  File "D:\毕业设计\Travel_python\.venv\Lib\site-packages\redis\connection.py", line 1565, in _connect
    sock.connect(socket_address)

TimeoutError: timed out


During handling of the above exception, another exception occurred:


Traceback (most recent call last):

  File "D:\毕业设计\Travel_python\travel_ai_python\app\service\profile_worker.py", line 194, in <module>
    run_worker()

> File "D:\毕业设计\Travel_python\travel_ai_python\app\service\profile_worker.py", line 169, in run_worker
    task_data = pop_profile_update_task(block=True, timeout=5)

  File "D:\毕业设计\Travel_python\travel_ai_python\app\utils\redis_client.py", line 43, in pop_profile_update_task
    result = redis_client.brpop(PROFILE_UPDATE_QUEUE, timeout=timeout)

  File "D:\毕业设计\Travel_python\.venv\Lib\site-packages\redis\commands\core.py", line 4751, in brpop
    return self.execute_command("BRPOP", *keys)
  File "D:\毕业设计\Travel_python\.venv\Lib\site-packages\redis\client.py", line 787, in execute_command
    return self._execute_command(*args, **options)
  File "D:\毕业设计\Travel_python\.venv\Lib\site-packages\redis\client.py", line 793, in _execute_command
    conn = self.connection or pool.get_connection()
  File "D:\毕业设计\Travel_python\.venv\Lib\site-packages\redis\utils.py", line 258, in wrapper
    return func(*args, **kwargs)
  File "D:\毕业设计\Travel_python\.venv\Lib\site-packages\redis\connection.py", line 3139, in get_connection
    connection.connect()
  File "D:\毕业设计\Travel_python\.venv\Lib\site-packages\redis\connection.py", line 1006, in connect
    self.retry.call_with_retry(
  File "D:\毕业设计\Travel_python\.venv\Lib\site-packages\redis\retry.py", line 132, in call_with_retry
    raise error
  File "D:\毕业设计\Travel_python\.venv\Lib\site-packages\redis\retry.py", line 120, in call_with_retry
    return do()
  File "D:\毕业设计\Travel_python\.venv\Lib\site-packages\redis\connection.py", line 1007, in <lambda>
    lambda: self.connect_check_health(
  File "D:\毕业设计\Travel_python\.venv\Lib\site-packages\redis\connection.py", line 1044, in connect_check_health
    raise e

redis.exceptions.TimeoutError: Timeout connecting to server
2026-07-04 21:06:14.569 | INFO     | N/A | ⏳ 等待 Profile 更新任务...
2026-07-04 21:06:19.572 | ERROR    | N/A | Worker 主循环异常: Timeout connecting to server
Traceback (most recent call last):

  File "D:\毕业设计\Travel_python\.venv\Lib\site-packages\redis\connection.py", line 1033, in connect_check_health
    sock = self._connect()
  File "D:\毕业设计\Travel_python\.venv\Lib\site-packages\redis\connection.py", line 1581, in _connect
    raise err
  File "D:\毕业设计\Travel_python\.venv\Lib\site-packages\redis\connection.py", line 1565, in _connect
    sock.connect(socket_address)

TimeoutError: timed out


During handling of the above exception, another exception occurred:


Traceback (most recent call last):

  File "D:\毕业设计\Travel_python\travel_ai_python\app\service\profile_worker.py", line 194, in <module>
    run_worker()

> File "D:\毕业设计\Travel_python\travel_ai_python\app\service\profile_worker.py", line 169, in run_worker
    task_data = pop_profile_update_task(block=True, timeout=5)

  File "D:\毕业设计\Travel_python\travel_ai_python\app\utils\redis_client.py", line 43, in pop_profile_update_task
    result = redis_client.brpop(PROFILE_UPDATE_QUEUE, timeout=timeout)

  File "D:\毕业设计\Travel_python\.venv\Lib\site-packages\redis\commands\core.py", line 4751, in brpop
    return self.execute_command("BRPOP", *keys)
  File "D:\毕业设计\Travel_python\.venv\Lib\site-packages\redis\client.py", line 787, in execute_command
    return self._execute_command(*args, **options)
  File "D:\毕业设计\Travel_python\.venv\Lib\site-packages\redis\client.py", line 793, in _execute_command
    conn = self.connection or pool.get_connection()
  File "D:\毕业设计\Travel_python\.venv\Lib\site-packages\redis\utils.py", line 258, in wrapper
    return func(*args, **kwargs)
  File "D:\毕业设计\Travel_python\.venv\Lib\site-packages\redis\connection.py", line 3139, in get_connection
    connection.connect()
  File "D:\毕业设计\Travel_python\.venv\Lib\site-packages\redis\connection.py", line 1006, in connect
    self.retry.call_with_retry(
  File "D:\毕业设计\Travel_python\.venv\Lib\site-packages\redis\retry.py", line 132, in call_with_retry
    raise error
  File "D:\毕业设计\Travel_python\.venv\Lib\site-packages\redis\retry.py", line 120, in call_with_retry
    return do()
  File "D:\毕业设计\Travel_python\.venv\Lib\site-packages\redis\connection.py", line 1007, in <lambda>
    lambda: self.connect_check_health(
  File "D:\毕业设计\Travel_python\.venv\Lib\site-packages\redis\connection.py", line 1044, in connect_check_health
    raise e

redis.exceptions.TimeoutError: Timeout connecting to server
2026-07-04 21:06:20.579 | INFO     | N/A | ⏳ 等待 Profile 更新任务...
2026-07-04 21:06:25.585 | ERROR    | N/A | Worker 主循环异常: Timeout connecting to server
Traceback (most recent call last):

  File "D:\毕业设计\Travel_python\.venv\Lib\site-packages\redis\connection.py", line 1033, in connect_check_health
    sock = self._connect()
  File "D:\毕业设计\Travel_python\.venv\Lib\site-packages\redis\connection.py", line 1581, in _connect
    raise err
  File "D:\毕业设计\Travel_python\.venv\Lib\site-packages\redis\connection.py", line 1565, in _connect
    sock.connect(socket_address)

TimeoutError: timed out


During handling of the above exception, another exception occurred:


Traceback (most recent call last):

  File "D:\毕业设计\Travel_python\travel_ai_python\app\service\profile_worker.py", line 194, in <module>
    run_worker()

> File "D:\毕业设计\Travel_python\travel_ai_python\app\service\profile_worker.py", line 169, in run_worker
    task_data = pop_profile_update_task(block=True, timeout=5)

  File "D:\毕业设计\Travel_python\travel_ai_python\app\utils\redis_client.py", line 43, in pop_profile_update_task
    result = redis_client.brpop(PROFILE_UPDATE_QUEUE, timeout=timeout)

  File "D:\毕业设计\Travel_python\.venv\Lib\site-packages\redis\commands\core.py", line 4751, in brpop
    return self.execute_command("BRPOP", *keys)
  File "D:\毕业设计\Travel_python\.venv\Lib\site-packages\redis\client.py", line 787, in execute_command
    return self._execute_command(*args, **options)
  File "D:\毕业设计\Travel_python\.venv\Lib\site-packages\redis\client.py", line 793, in _execute_command
    conn = self.connection or pool.get_connection()
  File "D:\毕业设计\Travel_python\.venv\Lib\site-packages\redis\utils.py", line 258, in wrapper
    return func(*args, **kwargs)
  File "D:\毕业设计\Travel_python\.venv\Lib\site-packages\redis\connection.py", line 3139, in get_connection
    connection.connect()
  File "D:\毕业设计\Travel_python\.venv\Lib\site-packages\redis\connection.py", line 1006, in connect
    self.retry.call_with_retry(
  File "D:\毕业设计\Travel_python\.venv\Lib\site-packages\redis\retry.py", line 132, in call_with_retry
    raise error
  File "D:\毕业设计\Travel_python\.venv\Lib\site-packages\redis\retry.py", line 120, in call_with_retry
    return do()
  File "D:\毕业设计\Travel_python\.venv\Lib\site-packages\redis\connection.py", line 1007, in <lambda>
    lambda: self.connect_check_health(
  File "D:\毕业设计\Travel_python\.venv\Lib\site-packages\redis\connection.py", line 1044, in connect_check_health
    raise e

redis.exceptions.TimeoutError: Timeout connecting to server
2026-07-04 21:06:26.593 | INFO     | N/A | ⏳ 等待 Profile 更新任务...
2026-07-04 21:06:31.608 | ERROR    | N/A | Worker 主循环异常: Timeout connecting to server
Traceback (most recent call last):

  File "D:\毕业设计\Travel_python\.venv\Lib\site-packages\redis\connection.py", line 1033, in connect_check_health
    sock = self._connect()
  File "D:\毕业设计\Travel_python\.venv\Lib\site-packages\redis\connection.py", line 1581, in _connect
    raise err
  File "D:\毕业设计\Travel_python\.venv\Lib\site-packages\redis\connection.py", line 1565, in _connect
    sock.connect(socket_address)

TimeoutError: timed out


During handling of the above exception, another exception occurred:


Traceback (most recent call last):

  File "D:\毕业设计\Travel_python\travel_ai_python\app\service\profile_worker.py", line 194, in <module>
    run_worker()

> File "D:\毕业设计\Travel_python\travel_ai_python\app\service\profile_worker.py", line 169, in run_worker
    task_data = pop_profile_update_task(block=True, timeout=5)

  File "D:\毕业设计\Travel_python\travel_ai_python\app\utils\redis_client.py", line 43, in pop_profile_update_task
    result = redis_client.brpop(PROFILE_UPDATE_QUEUE, timeout=timeout)

  File "D:\毕业设计\Travel_python\.venv\Lib\site-packages\redis\commands\core.py", line 4751, in brpop
    return self.execute_command("BRPOP", *keys)
  File "D:\毕业设计\Travel_python\.venv\Lib\site-packages\redis\client.py", line 787, in execute_command
    return self._execute_command(*args, **options)
  File "D:\毕业设计\Travel_python\.venv\Lib\site-packages\redis\client.py", line 793, in _execute_command
    conn = self.connection or pool.get_connection()
  File "D:\毕业设计\Travel_python\.venv\Lib\site-packages\redis\utils.py", line 258, in wrapper
    return func(*args, **kwargs)
  File "D:\毕业设计\Travel_python\.venv\Lib\site-packages\redis\connection.py", line 3139, in get_connection
    connection.connect()
  File "D:\毕业设计\Travel_python\.venv\Lib\site-packages\redis\connection.py", line 1006, in connect
    self.retry.call_with_retry(
  File "D:\毕业设计\Travel_python\.venv\Lib\site-packages\redis\retry.py", line 132, in call_with_retry
    raise error
  File "D:\毕业设计\Travel_python\.venv\Lib\site-packages\redis\retry.py", line 120, in call_with_retry
    return do()
  File "D:\毕业设计\Travel_python\.venv\Lib\site-packages\redis\connection.py", line 1007, in <lambda>
    lambda: self.connect_check_health(
  File "D:\毕业设计\Travel_python\.venv\Lib\site-packages\redis\connection.py", line 1044, in connect_check_health
    raise e

redis.exceptions.TimeoutError: Timeout connecting to server
2026-07-04 21:06:32.619 | INFO     | N/A | ⏳ 等待 Profile 更新任务...
2026-07-04 21:06:37.726 | INFO     | N/A | ⏳ 等待 Profile 更新任务...
2026-07-04 21:06:42.755 | INFO     | N/A | ⏳ 等待 Profile 更新任务...
2026-07-04 21:06:47.782 | INFO     | N/A | ⏳ 等待 Profile 更新任务...
2026-07-04 21:06:52.813 | INFO     | N/A | ⏳ 等待 Profile 更新任务...
2026-07-04 21:06:57.861 | INFO     | N/A | ⏳ 等待 Profile 更新任务...
2026-07-04 21:07:02.888 | INFO     | N/A | ⏳ 等待 Profile 更新任务...
2026-07-04 21:07:07.915 | INFO     | N/A | ⏳ 等待 Profile 更新任务...
2026-07-04 21:07:12.945 | INFO     | N/A | ⏳ 等待 Profile 更新任务...
2026-07-04 21:07:17.974 | INFO     | N/A | ⏳ 等待 Profile 更新任务...
2026-07-04 21:07:23.003 | INFO     | N/A | ⏳ 等待 Profile 更新任务...
2026-07-04 21:07:28.032 | INFO     | N/A | ⏳ 等待 Profile 更新任务...
2026-07-04 21:07:33.060 | INFO     | N/A | ⏳ 等待 Profile 更新任务...
2026-07-04 21:07:38.089 | INFO     | N/A | ⏳ 等待 Profile 更新任务...
2026-07-04 21:07:43.117 | INFO     | N/A | ⏳ 等待 Profile 更新任务...
2026-07-04 21:07:48.148 | INFO     | N/A | ⏳ 等待 Profile 更新任务...
2026-07-04 21:07:53.184 | INFO     | N/A | ⏳ 等待 Profile 更新任务...
2026-07-04 21:07:58.213 | INFO     | N/A | ⏳ 等待 Profile 更新任务...
2026-07-04 21:08:03.242 | INFO     | N/A | ⏳ 等待 Profile 更新任务...
2026-07-04 21:08:08.274 | INFO     | N/A | ⏳ 等待 Profile 更新任务...
2026-07-04 21:08:13.301 | INFO     | N/A | ⏳ 等待 Profile 更新任务...
2026-07-04 21:08:18.328 | INFO     | N/A | ⏳ 等待 Profile 更新任务...
2026-07-04 21:08:23.358 | INFO     | N/A | ⏳ 等待 Profile 更新任务...
2026-07-04 21:08:28.388 | INFO     | N/A | ⏳ 等待 Profile 更新任务...
2026-07-04 21:08:33.418 | INFO     | N/A | ⏳ 等待 Profile 更新任务...
2026-07-04 21:08:38.445 | INFO     | N/A | ⏳ 等待 Profile 更新任务...
2026-07-04 21:08:43.476 | INFO     | N/A | ⏳ 等待 Profile 更新任务...
2026-07-04 21:08:48.528 | INFO     | N/A | ⏳ 等待 Profile 更新任务...
2026-07-04 21:08:53.556 | INFO     | N/A | ⏳ 等待 Profile 更新任务...
2026-07-04 21:08:58.582 | INFO     | N/A | ⏳ 等待 Profile 更新任务...
2026-07-04 21:09:03.427 | INFO     | N/A | ⏳ 等待 Profile 更新任务...
2026-07-04 21:09:08.076 | INFO     | N/A | ⏳ 等待 Profile 更新任务...
2026-07-04 21:09:13.102 | INFO     | N/A | ⏳ 等待 Profile 更新任务...
2026-07-04 21:09:18.131 | INFO     | N/A | ⏳ 等待 Profile 更新任务...
2026-07-04 21:09:23.157 | INFO     | N/A | ⏳ 等待 Profile 更新任务...
2026-07-04 21:09:28.185 | INFO     | N/A | ⏳ 等待 Profile 更新任务...
2026-07-04 21:09:33.213 | INFO     | N/A | ⏳ 等待 Profile 更新任务...
2026-07-04 21:09:38.261 | INFO     | N/A | ⏳ 等待 Profile 更新任务...
2026-07-04 21:09:43.288 | INFO     | N/A | ⏳ 等待 Profile 更新任务...
2026-07-04 21:09:48.313 | INFO     | N/A | ⏳ 等待 Profile 更新任务...
2026-07-04 21:09:53.342 | INFO     | N/A | ⏳ 等待 Profile 更新任务...
2026-07-04 21:09:58.368 | INFO     | N/A | ⏳ 等待 Profile 更新任务...
2026-07-04 21:10:03.402 | INFO     | N/A | ⏳ 等待 Profile 更新任务...
2026-07-04 21:10:08.437 | INFO     | N/A | ⏳ 等待 Profile 更新任务...
2026-07-04 21:10:13.465 | INFO     | N/A | ⏳ 等待 Profile 更新任务...
2026-07-04 21:10:18.496 | INFO     | N/A | ⏳ 等待 Profile 更新任务...
2026-07-04 21:10:23.528 | INFO     | N/A | ⏳ 等待 Profile 更新任务...
2026-07-04 21:10:28.555 | INFO     | N/A | ⏳ 等待 Profile 更新任务...
2026-07-04 21:10:33.588 | INFO     | N/A | ⏳ 等待 Profile 更新任务...
2026-07-04 21:10:38.616 | INFO     | N/A | ⏳ 等待 Profile 更新任务...
2026-07-04 21:10:43.650 | INFO     | N/A | ⏳ 等待 Profile 更新任务...
2026-07-04 21:10:48.679 | INFO     | N/A | ⏳ 等待 Profile 更新任务...
2026-07-04 21:10:53.713 | INFO     | N/A | ⏳ 等待 Profile 更新任务...
2026-07-04 21:10:58.749 | INFO     | N/A | ⏳ 等待 Profile 更新任务...
2026-07-04 21:11:03.778 | INFO     | N/A | ⏳ 等待 Profile 更新任务...
2026-07-04 21:11:08.811 | INFO     | N/A | ⏳ 等待 Profile 更新任务...
2026-07-04 21:11:13.840 | INFO     | N/A | ⏳ 等待 Profile 更新任务...
2026-07-04 21:11:18.868 | INFO     | N/A | ⏳ 等待 Profile 更新任务...
2026-07-04 21:11:23.896 | INFO     | N/A | ⏳ 等待 Profile 更新任务...
2026-07-04 21:11:28.923 | INFO     | N/A | ⏳ 等待 Profile 更新任务...
2026-07-04 21:11:33.953 | INFO     | N/A | ⏳ 等待 Profile 更新任务...
2026-07-04 21:11:38.982 | INFO     | N/A | ⏳ 等待 Profile 更新任务...
2026-07-04 21:11:44.006 | INFO     | N/A | ⏳ 等待 Profile 更新任务...
2026-07-04 21:11:49.032 | INFO     | N/A | ⏳ 等待 Profile 更新任务...
2026-07-04 21:11:54.060 | INFO     | N/A | ⏳ 等待 Profile 更新任务...
2026-07-04 21:11:59.087 | INFO     | N/A | ⏳ 等待 Profile 更新任务...
2026-07-04 21:12:04.118 | INFO     | N/A | ⏳ 等待 Profile 更新任务...
2026-07-04 21:12:09.146 | INFO     | N/A | ⏳ 等待 Profile 更新任务...
2026-07-04 21:12:14.175 | INFO     | N/A | ⏳ 等待 Profile 更新任务...
2026-07-04 21:12:19.202 | INFO     | N/A | ⏳ 等待 Profile 更新任务...
2026-07-04 21:12:24.231 | INFO     | N/A | ⏳ 等待 Profile 更新任务...
2026-07-04 21:12:29.256 | INFO     | N/A | ⏳ 等待 Profile 更新任务...
2026-07-04 21:12:34.282 | INFO     | N/A | ⏳ 等待 Profile 更新任务...
2026-07-04 21:12:39.346 | INFO     | N/A | ⏳ 等待 Profile 更新任务...
2026-07-04 21:12:44.372 | INFO     | N/A | ⏳ 等待 Profile 更新任务...
2026-07-04 21:12:49.399 | INFO     | N/A | ⏳ 等待 Profile 更新任务...
2026-07-04 21:12:54.427 | INFO     | N/A | ⏳ 等待 Profile 更新任务...
2026-07-04 21:12:59.470 | INFO     | N/A | ⏳ 等待 Profile 更新任务...
2026-07-04 21:13:04.499 | INFO     | N/A | ⏳ 等待 Profile 更新任务...
2026-07-04 21:13:09.527 | INFO     | N/A | ⏳ 等待 Profile 更新任务...
2026-07-04 21:13:14.561 | INFO     | N/A | ⏳ 等待 Profile 更新任务...
2026-07-04 21:13:19.590 | INFO     | N/A | ⏳ 等待 Profile 更新任务...
2026-07-04 21:13:24.660 | INFO     | N/A | ⏳ 等待 Profile 更新任务...
2026-07-04 21:13:29.687 | INFO     | N/A | ⏳ 等待 Profile 更新任务...
2026-07-04 21:13:34.716 | INFO     | N/A | ⏳ 等待 Profile 更新任务...
2026-07-04 21:13:39.747 | INFO     | N/A | ⏳ 等待 Profile 更新任务...
2026-07-04 21:13:44.776 | INFO     | N/A | ⏳ 等待 Profile 更新任务...
2026-07-04 21:13:49.808 | INFO     | N/A | ⏳ 等待 Profile 更新任务...
2026-07-04 21:13:54.833 | INFO     | N/A | ⏳ 等待 Profile 更新任务...
2026-07-04 21:13:59.859 | INFO     | N/A | ⏳ 等待 Profile 更新任务...
2026-07-04 21:14:04.890 | INFO     | N/A | ⏳ 等待 Profile 更新任务...
2026-07-04 21:14:09.918 | INFO     | N/A | ⏳ 等待 Profile 更新任务...
2026-07-04 21:14:14.946 | INFO     | N/A | ⏳ 等待 Profile 更新任务...
2026-07-04 21:14:19.975 | INFO     | N/A | ⏳ 等待 Profile 更新任务...
2026-07-04 21:14:25.004 | INFO     | N/A | ⏳ 等待 Profile 更新任务...
2026-07-04 21:14:30.033 | INFO     | N/A | ⏳ 等待 Profile 更新任务...
2026-07-04 21:14:35.061 | INFO     | N/A | ⏳ 等待 Profile 更新任务...
2026-07-04 21:14:40.091 | INFO     | N/A | ⏳ 等待 Profile 更新任务...
2026-07-04 21:14:45.120 | INFO     | N/A | ⏳ 等待 Profile 更新任务...
2026-07-04 21:14:50.147 | INFO     | N/A | ⏳ 等待 Profile 更新任务...
2026-07-04 21:14:55.175 | INFO     | N/A | ⏳ 等待 Profile 更新任务...
2026-07-04 21:15:00.203 | INFO     | N/A | ⏳ 等待 Profile 更新任务...
2026-07-04 21:15:05.232 | INFO     | N/A | ⏳ 等待 Profile 更新任务...
2026-07-04 21:15:10.262 | INFO     | N/A | ⏳ 等待 Profile 更新任务...
2026-07-04 21:15:15.290 | INFO     | N/A | ⏳ 等待 Profile 更新任务...
2026-07-04 21:15:20.318 | INFO     | N/A | ⏳ 等待 Profile 更新任务...
2026-07-04 21:15:25.348 | INFO     | N/A | ⏳ 等待 Profile 更新任务...
2026-07-04 21:15:30.379 | INFO     | N/A | ⏳ 等待 Profile 更新任务...
2026-07-04 21:15:35.408 | INFO     | N/A | ⏳ 等待 Profile 更新任务...
2026-07-04 21:15:40.436 | INFO     | N/A | ⏳ 等待 Profile 更新任务...
2026-07-04 21:15:45.465 | INFO     | N/A | ⏳ 等待 Profile 更新任务...
2026-07-04 21:15:50.494 | INFO     | N/A | ⏳ 等待 Profile 更新任务...
2026-07-04 21:15:55.524 | INFO     | N/A | ⏳ 等待 Profile 更新任务...
2026-07-04 21:16:00.553 | INFO     | N/A | ⏳ 等待 Profile 更新任务...
2026-07-04 21:16:05.584 | INFO     | N/A | ⏳ 等待 Profile 更新任务...
2026-07-04 21:16:10.614 | INFO     | N/A | ⏳ 等待 Profile 更新任务...
2026-07-04 21:16:15.641 | INFO     | N/A | ⏳ 等待 Profile 更新任务...
2026-07-04 21:16:20.671 | INFO     | N/A | ⏳ 等待 Profile 更新任务...
2026-07-04 21:16:25.719 | INFO     | N/A | ⏳ 等待 Profile 更新任务...
2026-07-04 21:16:30.749 | INFO     | N/A | ⏳ 等待 Profile 更新任务...
2026-07-04 21:16:35.777 | INFO     | N/A | ⏳ 等待 Profile 更新任务...
2026-07-04 21:16:40.802 | INFO     | N/A | ⏳ 等待 Profile 更新任务...
2026-07-04 21:16:45.826 | INFO     | N/A | ⏳ 等待 Profile 更新任务...
2026-07-04 21:16:50.851 | INFO     | N/A | ⏳ 等待 Profile 更新任务...
2026-07-04 21:16:55.877 | INFO     | N/A | ⏳ 等待 Profile 更新任务...
2026-07-04 21:17:00.907 | INFO     | N/A | ⏳ 等待 Profile 更新任务...
2026-07-04 21:17:05.949 | INFO     | N/A | ⏳ 等待 Profile 更新任务...
2026-07-04 21:17:10.973 | INFO     | N/A | ⏳ 等待 Profile 更新任务...
2026-07-04 21:17:15.998 | INFO     | N/A | ⏳ 等待 Profile 更新任务...
2026-07-04 21:17:21.021 | INFO     | N/A | ⏳ 等待 Profile 更新任务...
2026-07-04 21:17:26.046 | INFO     | N/A | ⏳ 等待 Profile 更新任务...
2026-07-04 21:17:31.071 | INFO     | N/A | ⏳ 等待 Profile 更新任务...
2026-07-04 21:17:36.109 | INFO     | N/A | ⏳ 等待 Profile 更新任务...
2026-07-04 21:17:41.132 | INFO     | N/A | ⏳ 等待 Profile 更新任务...
2026-07-04 21:17:46.156 | INFO     | N/A | ⏳ 等待 Profile 更新任务...
2026-07-04 21:17:51.186 | INFO     | N/A | ⏳ 等待 Profile 更新任务...
2026-07-04 21:17:56.214 | INFO     | N/A | ⏳ 等待 Profile 更新任务...
2026-07-04 21:18:01.242 | INFO     | N/A | ⏳ 等待 Profile 更新任务...
2026-07-04 21:18:06.246 | INFO     | N/A | ⏳ 等待 Profile 更新任务...
2026-07-04 21:18:11.272 | INFO     | N/A | ⏳ 等待 Profile 更新任务...
2026-07-04 21:18:16.301 | INFO     | N/A | ⏳ 等待 Profile 更新任务...
2026-07-04 21:18:21.377 | INFO     | N/A | ⏳ 等待 Profile 更新任务...
2026-07-04 21:18:26.407 | INFO     | N/A | ⏳ 等待 Profile 更新任务...
2026-07-04 21:18:31.431 | INFO     | N/A | ⏳ 等待 Profile 更新任务...
2026-07-04 21:18:36.484 | INFO     | N/A | ⏳ 等待 Profile 更新任务...
2026-07-04 21:18:41.513 | INFO     | N/A | ⏳ 等待 Profile 更新任务...
2026-07-04 21:18:46.541 | INFO     | N/A | ⏳ 等待 Profile 更新任务...
2026-07-04 21:18:51.593 | INFO     | N/A | ⏳ 等待 Profile 更新任务...
2026-07-04 21:18:56.624 | INFO     | N/A | ⏳ 等待 Profile 更新任务...
2026-07-04 21:19:01.660 | INFO     | N/A | ⏳ 等待 Profile 更新任务...
2026-07-04 21:19:06.689 | INFO     | N/A | ⏳ 等待 Profile 更新任务...
2026-07-04 21:19:11.717 | INFO     | N/A | ⏳ 等待 Profile 更新任务...
2026-07-04 21:19:16.744 | INFO     | N/A | ⏳ 等待 Profile 更新任务...
2026-07-04 21:19:21.769 | INFO     | N/A | ⏳ 等待 Profile 更新任务...
2026-07-04 21:19:26.796 | INFO     | N/A | ⏳ 等待 Profile 更新任务...
2026-07-04 21:19:31.821 | INFO     | N/A | ⏳ 等待 Profile 更新任务...
2026-07-04 21:19:36.847 | INFO     | N/A | ⏳ 等待 Profile 更新任务...
2026-07-04 21:19:41.874 | INFO     | N/A | ⏳ 等待 Profile 更新任务...
2026-07-04 21:19:46.903 | INFO     | N/A | ⏳ 等待 Profile 更新任务...
2026-07-04 21:19:51.930 | INFO     | N/A | ⏳ 等待 Profile 更新任务...
2026-07-04 21:19:56.956 | INFO     | N/A | ⏳ 等待 Profile 更新任务...
2026-07-04 21:20:01.980 | INFO     | N/A | ⏳ 等待 Profile 更新任务...
2026-07-04 21:20:07.044 | INFO     | N/A | ⏳ 等待 Profile 更新任务...
2026-07-04 21:20:12.069 | INFO     | N/A | ⏳ 等待 Profile 更新任务...
2026-07-04 21:20:17.096 | INFO     | N/A | ⏳ 等待 Profile 更新任务...
2026-07-04 21:20:22.134 | INFO     | N/A | ⏳ 等待 Profile 更新任务...
2026-07-04 21:20:27.158 | INFO     | N/A | ⏳ 等待 Profile 更新任务...
2026-07-04 21:20:32.183 | INFO     | N/A | ⏳ 等待 Profile 更新任务...
2026-07-04 21:20:37.228 | INFO     | N/A | ⏳ 等待 Profile 更新任务...
2026-07-04 21:20:42.256 | INFO     | N/A | ⏳ 等待 Profile 更新任务...
2026-07-04 21:20:47.281 | INFO     | N/A | ⏳ 等待 Profile 更新任务...
2026-07-04 21:20:52.309 | INFO     | N/A | ⏳ 等待 Profile 更新任务...
2026-07-04 21:20:57.334 | INFO     | N/A | ⏳ 等待 Profile 更新任务...
2026-07-04 21:21:02.368 | INFO     | N/A | ⏳ 等待 Profile 更新任务...
2026-07-04 21:21:07.392 | INFO     | N/A | ⏳ 等待 Profile 更新任务...
2026-07-04 21:21:12.419 | INFO     | N/A | ⏳ 等待 Profile 更新任务...
2026-07-04 21:21:17.514 | INFO     | N/A | ⏳ 等待 Profile 更新任务...
2026-07-04 21:21:22.538 | INFO     | N/A | ⏳ 等待 Profile 更新任务...
2026-07-04 21:21:27.564 | INFO     | N/A | ⏳ 等待 Profile 更新任务...
2026-07-04 21:21:32.596 | INFO     | N/A | ⏳ 等待 Profile 更新任务...
2026-07-04 21:21:37.624 | INFO     | N/A | ⏳ 等待 Profile 更新任务...
2026-07-04 21:21:42.654 | INFO     | N/A | ⏳ 等待 Profile 更新任务...
2026-07-04 21:21:47.679 | INFO     | N/A | ⏳ 等待 Profile 更新任务...
2026-07-04 21:21:52.709 | INFO     | N/A | ⏳ 等待 Profile 更新任务...
2026-07-04 21:21:57.734 | INFO     | N/A | ⏳ 等待 Profile 更新任务...
2026-07-04 21:22:02.762 | INFO     | N/A | ⏳ 等待 Profile 更新任务...
2026-07-04 21:22:07.787 | INFO     | N/A | ⏳ 等待 Profile 更新任务...
2026-07-04 21:22:12.812 | INFO     | N/A | ⏳ 等待 Profile 更新任务...
2026-07-04 21:22:17.869 | INFO     | N/A | ⏳ 等待 Profile 更新任务...
2026-07-04 21:22:22.896 | INFO     | N/A | ⏳ 等待 Profile 更新任务...
2026-07-04 21:22:27.923 | INFO     | N/A | ⏳ 等待 Profile 更新任务...
2026-07-04 21:22:32.996 | INFO     | N/A | ⏳ 等待 Profile 更新任务...
2026-07-04 21:22:38.023 | INFO     | N/A | ⏳ 等待 Profile 更新任务...
2026-07-04 21:22:43.050 | INFO     | N/A | ⏳ 等待 Profile 更新任务...
2026-07-04 21:22:48.108 | INFO     | N/A | ⏳ 等待 Profile 更新任务...
2026-07-04 21:22:53.134 | INFO     | N/A | ⏳ 等待 Profile 更新任务...
2026-07-04 21:22:58.159 | INFO     | N/A | ⏳ 等待 Profile 更新任务...
2026-07-04 21:23:03.187 | INFO     | N/A | ⏳ 等待 Profile 更新任务...
2026-07-04 21:23:08.214 | INFO     | N/A | ⏳ 等待 Profile 更新任务...
2026-07-04 21:23:13.245 | INFO     | N/A | ⏳ 等待 Profile 更新任务...
2026-07-04 21:23:18.270 | INFO     | N/A | ⏳ 等待 Profile 更新任务...
2026-07-04 21:23:23.296 | INFO     | N/A | ⏳ 等待 Profile 更新任务...
2026-07-04 21:23:28.321 | INFO     | N/A | ⏳ 等待 Profile 更新任务...
2026-07-04 21:23:33.348 | INFO     | N/A | ⏳ 等待 Profile 更新任务...
2026-07-04 21:23:38.377 | INFO     | N/A | ⏳ 等待 Profile 更新任务...
2026-07-04 21:23:43.403 | INFO     | N/A | ⏳ 等待 Profile 更新任务...
2026-07-04 21:23:48.449 | INFO     | N/A | ⏳ 等待 Profile 更新任务...
2026-07-04 21:23:53.474 | INFO     | N/A | ⏳ 等待 Profile 更新任务...
2026-07-04 21:23:58.498 | INFO     | N/A | ⏳ 等待 Profile 更新任务...
2026-07-04 21:24:03.520 | INFO     | N/A | ⏳ 等待 Profile 更新任务...
2026-07-04 21:24:08.532 | INFO     | N/A | ⏳ 等待 Profile 更新任务...
2026-07-04 21:24:13.561 | INFO     | N/A | ⏳ 等待 Profile 更新任务...
2026-07-04 21:24:18.586 | INFO     | N/A | ⏳ 等待 Profile 更新任务...
2026-07-04 21:24:23.624 | INFO     | N/A | ⏳ 等待 Profile 更新任务...
2026-07-04 21:24:28.651 | INFO     | N/A | ⏳ 等待 Profile 更新任务...
2026-07-04 21:24:33.682 | INFO     | N/A | ⏳ 等待 Profile 更新任务...
2026-07-04 21:24:38.708 | INFO     | N/A | ⏳ 等待 Profile 更新任务...
2026-07-04 21:24:43.734 | INFO     | N/A | ⏳ 等待 Profile 更新任务...
2026-07-04 21:24:48.761 | INFO     | N/A | ⏳ 等待 Profile 更新任务...
2026-07-04 21:24:53.783 | INFO     | N/A | ⏳ 等待 Profile 更新任务...
2026-07-04 21:24:58.805 | INFO     | N/A | ⏳ 等待 Profile 更新任务...
2026-07-04 21:25:03.830 | INFO     | N/A | ⏳ 等待 Profile 更新任务...
2026-07-04 21:25:08.860 | INFO     | N/A | ⏳ 等待 Profile 更新任务...
2026-07-04 21:25:13.939 | INFO     | N/A | ⏳ 等待 Profile 更新任务...
2026-07-04 21:25:18.966 | INFO     | N/A | ⏳ 等待 Profile 更新任务...
2026-07-04 21:25:23.992 | INFO     | N/A | ⏳ 等待 Profile 更新任务...
2026-07-04 21:25:29.021 | INFO     | N/A | ⏳ 等待 Profile 更新任务...
2026-07-04 21:25:34.046 | INFO     | N/A | ⏳ 等待 Profile 更新任务...
2026-07-04 21:25:39.139 | INFO     | N/A | ⏳ 等待 Profile 更新任务...
2026-07-04 21:25:44.165 | INFO     | N/A | ⏳ 等待 Profile 更新任务...
2026-07-04 21:25:49.191 | INFO     | N/A | ⏳ 等待 Profile 更新任务...
2026-07-04 21:25:54.217 | INFO     | N/A | ⏳ 等待 Profile 更新任务...
2026-07-04 21:25:59.244 | INFO     | N/A | ⏳ 等待 Profile 更新任务...
2026-07-04 21:26:04.268 | INFO     | N/A | ⏳ 等待 Profile 更新任务...
2026-07-04 21:26:09.294 | INFO     | N/A | ⏳ 等待 Profile 更新任务...
2026-07-04 21:26:14.323 | INFO     | N/A | ⏳ 等待 Profile 更新任务...
2026-07-04 21:26:19.351 | INFO     | N/A | ⏳ 等待 Profile 更新任务...
2026-07-04 21:26:24.399 | INFO     | N/A | ⏳ 等待 Profile 更新任务...
2026-07-04 21:26:29.426 | INFO     | N/A | ⏳ 等待 Profile 更新任务...
2026-07-04 21:26:34.455 | INFO     | N/A | ⏳ 等待 Profile 更新任务...
2026-07-04 21:26:39.488 | INFO     | N/A | ⏳ 等待 Profile 更新任务...
2026-07-04 21:26:44.516 | INFO     | N/A | ⏳ 等待 Profile 更新任务...
2026-07-04 21:26:49.543 | INFO     | N/A | ⏳ 等待 Profile 更新任务...
2026-07-04 21:26:54.571 | INFO     | N/A | ⏳ 等待 Profile 更新任务...
2026-07-04 21:26:59.598 | INFO     | N/A | ⏳ 等待 Profile 更新任务...
2026-07-04 21:27:04.636 | INFO     | N/A | ⏳ 等待 Profile 更新任务...
2026-07-04 21:27:09.669 | INFO     | N/A | ⏳ 等待 Profile 更新任务...
2026-07-04 21:27:14.696 | INFO     | N/A | ⏳ 等待 Profile 更新任务...
2026-07-04 21:27:19.721 | INFO     | N/A | ⏳ 等待 Profile 更新任务...
2026-07-04 21:27:24.749 | INFO     | N/A | ⏳ 等待 Profile 更新任务...
2026-07-04 21:27:29.775 | INFO     | N/A | ⏳ 等待 Profile 更新任务...
2026-07-04 21:27:34.800 | INFO     | N/A | ⏳ 等待 Profile 更新任务...
2026-07-04 21:27:39.825 | INFO     | N/A | ⏳ 等待 Profile 更新任务...
2026-07-04 21:27:44.853 | INFO     | N/A | ⏳ 等待 Profile 更新任务...
2026-07-04 21:27:49.883 | INFO     | N/A | ⏳ 等待 Profile 更新任务...
2026-07-04 21:27:54.954 | INFO     | N/A | ⏳ 等待 Profile 更新任务...
2026-07-04 21:27:59.982 | INFO     | N/A | ⏳ 等待 Profile 更新任务...
2026-07-04 21:28:05.010 | INFO     | N/A | ⏳ 等待 Profile 更新任务...
2026-07-04 21:28:10.036 | INFO     | N/A | ⏳ 等待 Profile 更新任务...
2026-07-04 21:28:15.064 | INFO     | N/A | ⏳ 等待 Profile 更新任务...
2026-07-04 21:28:20.106 | INFO     | N/A | ⏳ 等待 Profile 更新任务...
2026-07-04 21:28:25.143 | INFO     | N/A | ⏳ 等待 Profile 更新任务...
2026-07-04 21:28:30.168 | INFO     | N/A | ⏳ 等待 Profile 更新任务...
2026-07-04 21:28:35.196 | INFO     | N/A | ⏳ 等待 Profile 更新任务...
2026-07-04 21:28:40.247 | INFO     | N/A | ⏳ 等待 Profile 更新任务...
2026-07-04 21:28:45.273 | INFO     | N/A | ⏳ 等待 Profile 更新任务...
2026-07-04 21:28:50.298 | INFO     | N/A | ⏳ 等待 Profile 更新任务...
2026-07-04 21:28:55.324 | INFO     | N/A | ⏳ 等待 Profile 更新任务...
2026-07-04 21:29:00.350 | INFO     | N/A | ⏳ 等待 Profile 更新任务...
2026-07-04 21:29:05.381 | INFO     | N/A | ⏳ 等待 Profile 更新任务...
2026-07-04 21:29:10.406 | INFO     | N/A | ⏳ 等待 Profile 更新任务...
2026-07-04 21:29:15.434 | INFO     | N/A | ⏳ 等待 Profile 更新任务...
2026-07-04 21:29:20.464 | INFO     | N/A | ⏳ 等待 Profile 更新任务...
2026-07-04 21:29:25.494 | INFO     | N/A | ⏳ 等待 Profile 更新任务...
2026-07-04 21:29:30.522 | INFO     | N/A | ⏳ 等待 Profile 更新任务...
2026-07-04 21:29:35.548 | INFO     | N/A | ⏳ 等待 Profile 更新任务...
2026-07-04 21:29:40.583 | INFO     | N/A | ⏳ 等待 Profile 更新任务...
2026-07-04 21:29:45.612 | INFO     | N/A | ⏳ 等待 Profile 更新任务...
2026-07-04 21:29:50.640 | INFO     | N/A | ⏳ 等待 Profile 更新任务...
2026-07-04 21:29:55.685 | INFO     | N/A | ⏳ 等待 Profile 更新任务...
2026-07-04 21:30:00.712 | INFO     | N/A | ⏳ 等待 Profile 更新任务...
2026-07-04 21:30:05.740 | INFO     | N/A | ⏳ 等待 Profile 更新任务...
2026-07-04 21:30:10.764 | INFO     | N/A | ⏳ 等待 Profile 更新任务...
2026-07-04 21:30:15.791 | INFO     | N/A | ⏳ 等待 Profile 更新任务...
2026-07-04 21:30:20.819 | INFO     | N/A | ⏳ 等待 Profile 更新任务...
2026-07-04 21:30:25.857 | INFO     | N/A | ⏳ 等待 Profile 更新任务...
2026-07-04 21:30:30.884 | INFO     | N/A | ⏳ 等待 Profile 更新任务...
2026-07-04 21:30:35.908 | INFO     | N/A | ⏳ 等待 Profile 更新任务...
2026-07-04 21:30:40.936 | INFO     | N/A | ⏳ 等待 Profile 更新任务...
2026-07-04 21:30:45.962 | INFO     | N/A | ⏳ 等待 Profile 更新任务...
2026-07-04 21:30:50.987 | INFO     | N/A | ⏳ 等待 Profile 更新任务...
2026-07-04 21:30:56.028 | INFO     | N/A | ⏳ 等待 Profile 更新任务...
2026-07-04 21:31:01.054 | INFO     | N/A | ⏳ 等待 Profile 更新任务...
2026-07-04 21:31:06.081 | INFO     | N/A | ⏳ 等待 Profile 更新任务...
2026-07-04 21:31:11.111 | INFO     | N/A | ⏳ 等待 Profile 更新任务...
2026-07-04 21:31:16.140 | INFO     | N/A | ⏳ 等待 Profile 更新任务...
2026-07-04 21:31:21.169 | INFO     | N/A | ⏳ 等待 Profile 更新任务...
2026-07-04 21:31:26.198 | INFO     | N/A | ⏳ 等待 Profile 更新任务...
2026-07-04 21:31:31.225 | INFO     | N/A | ⏳ 等待 Profile 更新任务...
2026-07-04 21:31:36.284 | INFO     | N/A | ⏳ 等待 Profile 更新任务...
2026-07-04 21:31:41.312 | INFO     | N/A | ⏳ 等待 Profile 更新任务...
2026-07-04 21:31:46.341 | INFO     | N/A | ⏳ 等待 Profile 更新任务...
2026-07-04 21:31:51.369 | INFO     | N/A | ⏳ 等待 Profile 更新任务...
2026-07-04 21:31:56.448 | INFO     | N/A | ⏳ 等待 Profile 更新任务...
2026-07-04 21:32:01.472 | INFO     | N/A | ⏳ 等待 Profile 更新任务...
2026-07-04 21:32:06.502 | INFO     | N/A | ⏳ 等待 Profile 更新任务...
2026-07-04 21:32:11.538 | INFO     | N/A | ⏳ 等待 Profile 更新任务...
2026-07-04 21:32:16.562 | INFO     | N/A | ⏳ 等待 Profile 更新任务...
2026-07-04 21:32:21.587 | INFO     | N/A | ⏳ 等待 Profile 更新任务...
2026-07-04 21:32:26.614 | INFO     | N/A | ⏳ 等待 Profile 更新任务...
2026-07-04 21:32:31.641 | INFO     | N/A | ⏳ 等待 Profile 更新任务...
2026-07-04 21:32:36.670 | INFO     | N/A | ⏳ 等待 Profile 更新任务...
2026-07-04 21:32:41.698 | INFO     | N/A | ⏳ 等待 Profile 更新任务...
2026-07-04 21:32:46.726 | INFO     | N/A | ⏳ 等待 Profile 更新任务...
2026-07-04 21:32:51.755 | INFO     | N/A | ⏳ 等待 Profile 更新任务...
2026-07-04 21:32:56.781 | INFO     | N/A | ⏳ 等待 Profile 更新任务...
2026-07-04 21:33:01.809 | INFO     | N/A | ⏳ 等待 Profile 更新任务...
2026-07-04 21:33:06.840 | INFO     | N/A | ⏳ 等待 Profile 更新任务...
2026-07-04 21:33:11.919 | INFO     | N/A | ⏳ 等待 Profile 更新任务...
2026-07-04 21:33:16.946 | INFO     | N/A | ⏳ 等待 Profile 更新任务...
2026-07-04 21:33:21.975 | INFO     | N/A | ⏳ 等待 Profile 更新任务...
2026-07-04 21:33:27.004 | INFO     | N/A | ⏳ 等待 Profile 更新任务...
2026-07-04 21:33:32.031 | INFO     | N/A | ⏳ 等待 Profile 更新任务...
2026-07-04 21:33:37.058 | INFO     | N/A | ⏳ 等待 Profile 更新任务...
2026-07-04 21:33:42.117 | INFO     | N/A | ⏳ 等待 Profile 更新任务...
2026-07-04 21:33:47.148 | INFO     | N/A | ⏳ 等待 Profile 更新任务...
2026-07-04 21:33:52.175 | INFO     | N/A | ⏳ 等待 Profile 更新任务...
2026-07-04 21:33:57.200 | INFO     | N/A | ⏳ 等待 Profile 更新任务...
2026-07-04 21:34:02.230 | INFO     | N/A | ⏳ 等待 Profile 更新任务...
2026-07-04 21:34:07.257 | INFO     | N/A | ⏳ 等待 Profile 更新任务...
2026-07-04 21:34:12.292 | INFO     | N/A | ⏳ 等待 Profile 更新任务...
2026-07-04 21:34:17.381 | INFO     | N/A | ⏳ 等待 Profile 更新任务...
2026-07-04 21:34:22.409 | INFO     | N/A | ⏳ 等待 Profile 更新任务...
2026-07-04 21:34:27.434 | INFO     | N/A | ⏳ 等待 Profile 更新任务...
2026-07-04 21:34:32.461 | INFO     | N/A | ⏳ 等待 Profile 更新任务...
2026-07-04 21:34:37.494 | INFO     | N/A | ⏳ 等待 Profile 更新任务...
2026-07-04 21:34:42.541 | INFO     | N/A | ⏳ 等待 Profile 更新任务...
2026-07-04 21:34:47.568 | INFO     | N/A | ⏳ 等待 Profile 更新任务...
2026-07-04 21:34:52.593 | INFO     | N/A | ⏳ 等待 Profile 更新任务...
2026-07-04 21:34:57.619 | INFO     | N/A | ⏳ 等待 Profile 更新任务...
2026-07-04 21:35:02.648 | INFO     | N/A | ⏳ 等待 Profile 更新任务...
2026-07-04 21:35:07.678 | INFO     | N/A | ⏳ 等待 Profile 更新任务...
2026-07-04 21:35:12.704 | INFO     | N/A | ⏳ 等待 Profile 更新任务...
2026-07-04 21:35:17.731 | INFO     | N/A | ⏳ 等待 Profile 更新任务...
2026-07-04 21:35:22.759 | INFO     | N/A | ⏳ 等待 Profile 更新任务...
2026-07-04 21:35:27.788 | INFO     | N/A | ⏳ 等待 Profile 更新任务...
2026-07-04 21:35:32.813 | INFO     | N/A | ⏳ 等待 Profile 更新任务...
2026-07-04 21:35:37.840 | INFO     | N/A | ⏳ 等待 Profile 更新任务...
2026-07-04 21:35:42.867 | INFO     | N/A | ⏳ 等待 Profile 更新任务...
2026-07-04 21:35:47.892 | INFO     | N/A | ⏳ 等待 Profile 更新任务...
2026-07-04 21:35:52.921 | INFO     | N/A | ⏳ 等待 Profile 更新任务...
2026-07-04 21:35:57.971 | INFO     | N/A | ⏳ 等待 Profile 更新任务...
2026-07-04 21:36:03.000 | INFO     | N/A | ⏳ 等待 Profile 更新任务...
2026-07-04 21:36:08.029 | INFO     | N/A | ⏳ 等待 Profile 更新任务...
2026-07-04 21:36:13.056 | INFO     | N/A | ⏳ 等待 Profile 更新任务...
2026-07-04 21:36:18.098 | INFO     | N/A | ⏳ 等待 Profile 更新任务...
2026-07-04 21:36:23.124 | INFO     | N/A | ⏳ 等待 Profile 更新任务...
2026-07-04 21:36:28.149 | INFO     | N/A | ⏳ 等待 Profile 更新任务...
2026-07-04 21:36:33.176 | INFO     | N/A | ⏳ 等待 Profile 更新任务...
2026-07-04 21:36:38.200 | INFO     | N/A | ⏳ 等待 Profile 更新任务...
2026-07-04 21:36:43.249 | INFO     | N/A | ⏳ 等待 Profile 更新任务...
2026-07-04 21:36:48.277 | INFO     | N/A | ⏳ 等待 Profile 更新任务...
2026-07-04 21:36:53.302 | INFO     | N/A | ⏳ 等待 Profile 更新任务...
2026-07-04 21:36:58.330 | INFO     | N/A | ⏳ 等待 Profile 更新任务...
2026-07-04 21:37:03.357 | INFO     | N/A | ⏳ 等待 Profile 更新任务...
2026-07-04 21:37:08.385 | INFO     | N/A | ⏳ 等待 Profile 更新任务...
2026-07-04 21:37:13.410 | INFO     | N/A | ⏳ 等待 Profile 更新任务...
2026-07-04 21:37:18.437 | INFO     | N/A | ⏳ 等待 Profile 更新任务...
2026-07-04 21:37:23.467 | INFO     | N/A | ⏳ 等待 Profile 更新任务...
2026-07-04 21:37:28.495 | INFO     | N/A | ⏳ 等待 Profile 更新任务...
2026-07-04 21:37:33.560 | INFO     | N/A | ⏳ 等待 Profile 更新任务...
2026-07-04 21:37:38.587 | INFO     | N/A | ⏳ 等待 Profile 更新任务...
2026-07-04 21:37:43.613 | INFO     | N/A | ⏳ 等待 Profile 更新任务...
2026-07-04 21:37:48.639 | INFO     | N/A | ⏳ 等待 Profile 更新任务...
2026-07-04 21:37:53.673 | INFO     | N/A | ⏳ 等待 Profile 更新任务...
2026-07-04 21:37:58.699 | INFO     | N/A | ⏳ 等待 Profile 更新任务...
2026-07-04 21:38:03.727 | INFO     | N/A | ⏳ 等待 Profile 更新任务...
2026-07-04 21:38:08.753 | INFO     | N/A | ⏳ 等待 Profile 更新任务...
2026-07-04 21:38:13.780 | INFO     | N/A | ⏳ 等待 Profile 更新任务...
2026-07-04 21:38:18.808 | INFO     | N/A | ⏳ 等待 Profile 更新任务...
2026-07-04 21:38:23.837 | INFO     | N/A | ⏳ 等待 Profile 更新任务...
2026-07-04 21:38:28.865 | INFO     | N/A | ⏳ 等待 Profile 更新任务...
2026-07-04 21:38:33.891 | INFO     | N/A | ⏳ 等待 Profile 更新任务...
2026-07-04 21:38:38.920 | INFO     | N/A | ⏳ 等待 Profile 更新任务...
2026-07-04 21:38:43.947 | INFO     | N/A | ⏳ 等待 Profile 更新任务...
2026-07-04 21:38:48.973 | INFO     | N/A | ⏳ 等待 Profile 更新任务...
2026-07-04 21:38:54.000 | INFO     | N/A | ⏳ 等待 Profile 更新任务...
2026-07-04 21:38:59.028 | INFO     | N/A | ⏳ 等待 Profile 更新任务...
2026-07-04 21:39:04.056 | INFO     | N/A | ⏳ 等待 Profile 更新任务...
2026-07-04 21:39:09.080 | INFO     | N/A | ⏳ 等待 Profile 更新任务...
2026-07-04 21:39:14.104 | INFO     | N/A | ⏳ 等待 Profile 更新任务...
2026-07-04 21:39:19.201 | INFO     | N/A | ⏳ 等待 Profile 更新任务...
2026-07-04 21:39:24.235 | INFO     | N/A | ⏳ 等待 Profile 更新任务...
2026-07-04 21:39:29.262 | INFO     | N/A | ⏳ 等待 Profile 更新任务...
2026-07-04 21:39:34.303 | INFO     | N/A | ⏳ 等待 Profile 更新任务...
2026-07-04 21:39:39.330 | INFO     | N/A | ⏳ 等待 Profile 更新任务...
2026-07-04 21:39:44.362 | INFO     | N/A | ⏳ 等待 Profile 更新任务...
2026-07-04 21:39:49.389 | INFO     | N/A | ⏳ 等待 Profile 更新任务...
2026-07-04 21:39:54.416 | INFO     | N/A | ⏳ 等待 Profile 更新任务...
2026-07-04 21:39:59.443 | INFO     | N/A | ⏳ 等待 Profile 更新任务...
2026-07-04 21:40:04.472 | INFO     | N/A | ⏳ 等待 Profile 更新任务...
2026-07-04 21:40:09.497 | INFO     | N/A | ⏳ 等待 Profile 更新任务...
2026-07-04 21:40:14.538 | INFO     | N/A | ⏳ 等待 Profile 更新任务...
2026-07-04 21:40:19.567 | INFO     | N/A | ⏳ 等待 Profile 更新任务...
2026-07-04 21:40:24.595 | INFO     | N/A | ⏳ 等待 Profile 更新任务...
2026-07-04 21:40:29.620 | INFO     | N/A | ⏳ 等待 Profile 更新任务...
2026-07-04 21:40:34.651 | INFO     | N/A | ⏳ 等待 Profile 更新任务...
2026-07-04 21:40:39.676 | INFO     | N/A | ⏳ 等待 Profile 更新任务...
2026-07-04 21:40:44.704 | INFO     | N/A | ⏳ 等待 Profile 更新任务...
2026-07-04 21:40:49.731 | INFO     | N/A | ⏳ 等待 Profile 更新任务...
2026-07-04 21:40:54.760 | INFO     | N/A | ⏳ 等待 Profile 更新任务...
2026-07-04 21:40:59.784 | INFO     | N/A | ⏳ 等待 Profile 更新任务...
2026-07-04 21:41:04.812 | INFO     | N/A | ⏳ 等待 Profile 更新任务...
2026-07-04 21:41:09.839 | INFO     | N/A | ⏳ 等待 Profile 更新任务...
2026-07-04 21:41:14.852 | INFO     | N/A | ⏳ 等待 Profile 更新任务...
2026-07-04 21:41:19.878 | INFO     | N/A | ⏳ 等待 Profile 更新任务...
2026-07-04 21:41:24.905 | INFO     | N/A | ⏳ 等待 Profile 更新任务...
2026-07-04 21:41:29.933 | INFO     | N/A | ⏳ 等待 Profile 更新任务...
2026-07-04 21:41:34.962 | INFO     | N/A | ⏳ 等待 Profile 更新任务...
2026-07-04 21:41:39.989 | INFO     | N/A | ⏳ 等待 Profile 更新任务...
2026-07-04 21:41:45.023 | INFO     | N/A | ⏳ 等待 Profile 更新任务...
2026-07-04 21:41:50.052 | INFO     | N/A | ⏳ 等待 Profile 更新任务...
2026-07-04 21:41:55.082 | INFO     | N/A | ⏳ 等待 Profile 更新任务...
2026-07-04 21:42:00.112 | INFO     | N/A | ⏳ 等待 Profile 更新任务...
2026-07-04 21:42:05.139 | INFO     | N/A | ⏳ 等待 Profile 更新任务...
2026-07-04 21:42:10.168 | INFO     | N/A | ⏳ 等待 Profile 更新任务...
2026-07-04 21:42:15.196 | INFO     | N/A | ⏳ 等待 Profile 更新任务...
2026-07-04 21:42:20.224 | INFO     | N/A | ⏳ 等待 Profile 更新任务...
2026-07-04 21:42:25.252 | INFO     | N/A | ⏳ 等待 Profile 更新任务...
2026-07-04 21:42:30.286 | INFO     | N/A | ⏳ 等待 Profile 更新任务...
2026-07-04 21:42:35.312 | INFO     | N/A | ⏳ 等待 Profile 更新任务...
2026-07-04 21:42:40.341 | INFO     | N/A | ⏳ 等待 Profile 更新任务...
2026-07-04 21:42:45.370 | INFO     | N/A | ⏳ 等待 Profile 更新任务...
2026-07-04 21:42:50.406 | INFO     | N/A | ⏳ 等待 Profile 更新任务...
2026-07-04 21:42:55.427 | INFO     | N/A | ⏳ 等待 Profile 更新任务...
2026-07-04 21:43:00.481 | INFO     | N/A | ⏳ 等待 Profile 更新任务...
2026-07-04 21:43:05.504 | INFO     | N/A | ⏳ 等待 Profile 更新任务...
2026-07-04 21:43:10.526 | INFO     | N/A | ⏳ 等待 Profile 更新任务...
2026-07-04 21:43:15.559 | INFO     | N/A | ⏳ 等待 Profile 更新任务...
2026-07-04 21:43:20.589 | INFO     | N/A | ⏳ 等待 Profile 更新任务...
2026-07-04 21:43:25.616 | INFO     | N/A | ⏳ 等待 Profile 更新任务...
2026-07-04 21:43:30.648 | INFO     | N/A | ⏳ 等待 Profile 更新任务...
2026-07-04 21:43:35.676 | INFO     | N/A | ⏳ 等待 Profile 更新任务...
2026-07-04 21:43:40.705 | INFO     | N/A | ⏳ 等待 Profile 更新任务...
2026-07-04 21:43:45.733 | INFO     | N/A | ⏳ 等待 Profile 更新任务...
2026-07-04 21:43:50.756 | INFO     | N/A | ⏳ 等待 Profile 更新任务...
2026-07-04 21:43:55.783 | INFO     | N/A | ⏳ 等待 Profile 更新任务...
2026-07-04 21:44:00.808 | INFO     | N/A | ⏳ 等待 Profile 更新任务...
2026-07-04 21:44:05.854 | INFO     | N/A | ⏳ 等待 Profile 更新任务...
2026-07-04 21:44:10.881 | INFO     | N/A | ⏳ 等待 Profile 更新任务...
2026-07-04 21:44:15.910 | INFO     | N/A | ⏳ 等待 Profile 更新任务...
2026-07-04 21:44:20.939 | INFO     | N/A | ⏳ 等待 Profile 更新任务...
2026-07-04 21:44:25.960 | INFO     | N/A | ⏳ 等待 Profile 更新任务...
2026-07-04 21:44:30.987 | INFO     | N/A | ⏳ 等待 Profile 更新任务...
2026-07-04 21:44:36.011 | INFO     | N/A | ⏳ 等待 Profile 更新任务...
2026-07-04 21:44:41.036 | INFO     | N/A | ⏳ 等待 Profile 更新任务...
2026-07-04 21:44:46.061 | INFO     | N/A | ⏳ 等待 Profile 更新任务...
2026-07-04 21:44:51.097 | INFO     | N/A | ⏳ 等待 Profile 更新任务...
2026-07-04 21:44:56.123 | INFO     | N/A | ⏳ 等待 Profile 更新任务...
2026-07-04 21:45:01.145 | INFO     | N/A | ⏳ 等待 Profile 更新任务...
2026-07-04 21:45:06.169 | INFO     | N/A | ⏳ 等待 Profile 更新任务...
2026-07-04 21:45:11.194 | INFO     | N/A | ⏳ 等待 Profile 更新任务...
2026-07-04 21:45:16.220 | INFO     | N/A | ⏳ 等待 Profile 更新任务...
2026-07-04 21:45:21.248 | INFO     | N/A | ⏳ 等待 Profile 更新任务...
2026-07-04 21:45:26.273 | INFO     | N/A | ⏳ 等待 Profile 更新任务...
2026-07-04 21:45:31.300 | INFO     | N/A | ⏳ 等待 Profile 更新任务...
2026-07-04 21:45:36.337 | INFO     | N/A | ⏳ 等待 Profile 更新任务...
2026-07-04 21:45:41.364 | INFO     | N/A | ⏳ 等待 Profile 更新任务...
2026-07-04 21:45:46.392 | INFO     | N/A | ⏳ 等待 Profile 更新任务...
2026-07-04 21:45:51.443 | INFO     | N/A | ⏳ 等待 Profile 更新任务...
2026-07-04 21:45:56.470 | INFO     | N/A | ⏳ 等待 Profile 更新任务...
2026-07-04 21:46:01.496 | INFO     | N/A | ⏳ 等待 Profile 更新任务...
2026-07-04 21:46:06.521 | INFO     | N/A | ⏳ 等待 Profile 更新任务...
2026-07-04 21:46:11.545 | INFO     | N/A | ⏳ 等待 Profile 更新任务...
2026-07-04 21:46:16.572 | INFO     | N/A | ⏳ 等待 Profile 更新任务...
2026-07-04 21:46:21.601 | INFO     | N/A | ⏳ 等待 Profile 更新任务...
2026-07-04 21:46:26.628 | INFO     | N/A | ⏳ 等待 Profile 更新任务...
2026-07-04 21:46:31.650 | INFO     | N/A | ⏳ 等待 Profile 更新任务...
2026-07-04 21:46:36.685 | INFO     | N/A | ⏳ 等待 Profile 更新任务...
2026-07-04 21:46:41.750 | INFO     | N/A | ⏳ 等待 Profile 更新任务...
2026-07-04 21:46:46.776 | INFO     | N/A | ⏳ 等待 Profile 更新任务...
2026-07-04 21:46:51.803 | INFO     | N/A | ⏳ 等待 Profile 更新任务...
2026-07-04 21:46:56.861 | INFO     | N/A | ⏳ 等待 Profile 更新任务...
2026-07-04 21:47:01.885 | INFO     | N/A | ⏳ 等待 Profile 更新任务...
2026-07-04 21:47:06.910 | INFO     | N/A | ⏳ 等待 Profile 更新任务...
2026-07-04 21:47:11.932 | INFO     | N/A | ⏳ 等待 Profile 更新任务...
2026-07-04 21:47:16.962 | INFO     | N/A | ⏳ 等待 Profile 更新任务...
2026-07-04 21:47:21.984 | INFO     | N/A | ⏳ 等待 Profile 更新任务...
2026-07-04 21:47:27.006 | INFO     | N/A | ⏳ 等待 Profile 更新任务...
2026-07-04 21:47:32.059 | INFO     | N/A | ⏳ 等待 Profile 更新任务...
2026-07-04 21:47:37.078 | INFO     | N/A | ⏳ 等待 Profile 更新任务...
2026-07-04 21:47:42.100 | INFO     | N/A | ⏳ 等待 Profile 更新任务...
2026-07-04 21:47:47.123 | INFO     | N/A | ⏳ 等待 Profile 更新任务...
2026-07-04 21:47:52.147 | INFO     | N/A | ⏳ 等待 Profile 更新任务...
2026-07-04 21:47:57.171 | INFO     | N/A | ⏳ 等待 Profile 更新任务...
2026-07-04 21:48:02.268 | INFO     | N/A | ⏳ 等待 Profile 更新任务...
2026-07-04 21:48:07.293 | INFO     | N/A | ⏳ 等待 Profile 更新任务...
2026-07-04 21:48:12.320 | INFO     | N/A | ⏳ 等待 Profile 更新任务...
2026-07-04 21:48:17.348 | INFO     | N/A | ⏳ 等待 Profile 更新任务...
2026-07-04 21:48:22.375 | INFO     | N/A | ⏳ 等待 Profile 更新任务...
2026-07-04 21:48:27.401 | INFO     | N/A | ⏳ 等待 Profile 更新任务...
2026-07-04 21:48:32.426 | INFO     | N/A | ⏳ 等待 Profile 更新任务...
2026-07-04 21:48:37.454 | INFO     | N/A | ⏳ 等待 Profile 更新任务...
2026-07-04 21:48:42.481 | INFO     | N/A | ⏳ 等待 Profile 更新任务...
2026-07-04 21:48:47.510 | INFO     | N/A | ⏳ 等待 Profile 更新任务...
2026-07-04 21:48:52.535 | INFO     | N/A | ⏳ 等待 Profile 更新任务...
2026-07-04 21:48:57.562 | INFO     | N/A | ⏳ 等待 Profile 更新任务...
2026-07-04 21:49:02.589 | INFO     | N/A | ⏳ 等待 Profile 更新任务...
2026-07-04 21:49:07.616 | INFO     | N/A | ⏳ 等待 Profile 更新任务...
2026-07-04 21:49:12.634 | INFO     | N/A | ⏳ 等待 Profile 更新任务...
2026-07-04 21:49:17.665 | INFO     | N/A | ⏳ 等待 Profile 更新任务...
2026-07-04 21:49:22.697 | INFO     | N/A | ⏳ 等待 Profile 更新任务...
2026-07-04 21:49:27.722 | INFO     | N/A | ⏳ 等待 Profile 更新任务...
2026-07-04 21:49:32.753 | INFO     | N/A | ⏳ 等待 Profile 更新任务...
2026-07-04 21:49:37.781 | INFO     | N/A | ⏳ 等待 Profile 更新任务...
2026-07-04 21:49:42.809 | INFO     | N/A | ⏳ 等待 Profile 更新任务...
2026-07-04 21:49:47.836 | INFO     | N/A | ⏳ 等待 Profile 更新任务...
2026-07-04 21:49:52.864 | INFO     | N/A | ⏳ 等待 Profile 更新任务...
2026-07-04 21:49:57.892 | INFO     | N/A | ⏳ 等待 Profile 更新任务...
2026-07-04 21:50:02.921 | INFO     | N/A | ⏳ 等待 Profile 更新任务...
2026-07-04 21:50:07.947 | INFO     | N/A | ⏳ 等待 Profile 更新任务...
2026-07-04 21:50:12.972 | INFO     | N/A | ⏳ 等待 Profile 更新任务...
2026-07-04 21:50:18.003 | INFO     | N/A | ⏳ 等待 Profile 更新任务...
2026-07-04 21:50:23.030 | INFO     | N/A | ⏳ 等待 Profile 更新任务...
2026-07-04 21:50:28.058 | INFO     | N/A | ⏳ 等待 Profile 更新任务...
2026-07-04 21:50:33.084 | INFO     | N/A | ⏳ 等待 Profile 更新任务...
2026-07-04 21:50:38.111 | INFO     | N/A | ⏳ 等待 Profile 更新任务...
2026-07-04 21:50:43.140 | INFO     | N/A | ⏳ 等待 Profile 更新任务...
2026-07-04 21:50:48.168 | INFO     | N/A | ⏳ 等待 Profile 更新任务...
2026-07-04 21:50:53.196 | INFO     | N/A | ⏳ 等待 Profile 更新任务...
2026-07-04 21:50:58.224 | INFO     | N/A | ⏳ 等待 Profile 更新任务...
2026-07-04 21:51:03.249 | INFO     | N/A | ⏳ 等待 Profile 更新任务...
2026-07-04 21:51:08.275 | INFO     | N/A | ⏳ 等待 Profile 更新任务...
2026-07-04 21:51:13.302 | INFO     | N/A | ⏳ 等待 Profile 更新任务...
2026-07-04 21:51:18.331 | INFO     | N/A | ⏳ 等待 Profile 更新任务...
2026-07-04 21:51:23.355 | INFO     | N/A | ⏳ 等待 Profile 更新任务...
2026-07-04 21:51:28.382 | INFO     | N/A | ⏳ 等待 Profile 更新任务...
2026-07-04 21:51:33.409 | INFO     | N/A | ⏳ 等待 Profile 更新任务...
2026-07-04 21:51:38.438 | INFO     | N/A | ⏳ 等待 Profile 更新任务...
2026-07-04 21:51:43.464 | INFO     | N/A | ⏳ 等待 Profile 更新任务...
2026-07-04 21:51:48.493 | INFO     | N/A | ⏳ 等待 Profile 更新任务...
2026-07-04 21:51:53.521 | INFO     | N/A | ⏳ 等待 Profile 更新任务...
2026-07-04 21:51:58.549 | INFO     | N/A | ⏳ 等待 Profile 更新任务...
2026-07-04 21:52:03.574 | INFO     | N/A | ⏳ 等待 Profile 更新任务...
2026-07-04 21:52:08.602 | INFO     | N/A | ⏳ 等待 Profile 更新任务...
2026-07-04 21:52:13.628 | INFO     | N/A | ⏳ 等待 Profile 更新任务...
2026-07-04 21:52:18.657 | INFO     | N/A | ⏳ 等待 Profile 更新任务...
2026-07-04 21:52:23.683 | INFO     | N/A | ⏳ 等待 Profile 更新任务...
2026-07-04 21:52:28.715 | INFO     | N/A | ⏳ 等待 Profile 更新任务...
2026-07-04 21:52:33.741 | INFO     | N/A | ⏳ 等待 Profile 更新任务...
2026-07-04 21:52:38.765 | INFO     | N/A | ⏳ 等待 Profile 更新任务...
2026-07-04 21:52:43.792 | INFO     | N/A | ⏳ 等待 Profile 更新任务...
2026-07-04 21:52:48.820 | INFO     | N/A | ⏳ 等待 Profile 更新任务...
2026-07-04 21:52:53.845 | INFO     | N/A | ⏳ 等待 Profile 更新任务...
2026-07-04 21:52:58.871 | INFO     | N/A | ⏳ 等待 Profile 更新任务...
2026-07-04 21:53:03.898 | INFO     | N/A | ⏳ 等待 Profile 更新任务...
2026-07-04 21:53:08.926 | INFO     | N/A | ⏳ 等待 Profile 更新任务...
2026-07-04 21:53:13.953 | INFO     | N/A | ⏳ 等待 Profile 更新任务...
2026-07-04 21:53:18.983 | INFO     | N/A | ⏳ 等待 Profile 更新任务...
2026-07-04 21:53:24.009 | INFO     | N/A | ⏳ 等待 Profile 更新任务...
2026-07-04 21:53:29.036 | INFO     | N/A | ⏳ 等待 Profile 更新任务...
2026-07-04 21:53:34.063 | INFO     | N/A | ⏳ 等待 Profile 更新任务...
2026-07-04 21:53:39.091 | INFO     | N/A | ⏳ 等待 Profile 更新任务...
2026-07-04 21:53:44.117 | INFO     | N/A | ⏳ 等待 Profile 更新任务...
2026-07-04 21:53:49.144 | INFO     | N/A | ⏳ 等待 Profile 更新任务...
2026-07-04 21:53:54.169 | INFO     | N/A | ⏳ 等待 Profile 更新任务...
2026-07-04 21:53:59.194 | INFO     | N/A | ⏳ 等待 Profile 更新任务...
2026-07-04 21:54:04.222 | INFO     | N/A | ⏳ 等待 Profile 更新任务...
2026-07-04 21:54:09.250 | INFO     | N/A | ⏳ 等待 Profile 更新任务...
2026-07-04 21:54:14.278 | INFO     | N/A | ⏳ 等待 Profile 更新任务...
2026-07-04 21:54:19.308 | INFO     | N/A | ⏳ 等待 Profile 更新任务...
2026-07-04 21:54:24.335 | INFO     | N/A | ⏳ 等待 Profile 更新任务...
2026-07-04 21:54:29.360 | INFO     | N/A | ⏳ 等待 Profile 更新任务...
2026-07-04 21:54:34.389 | INFO     | N/A | ⏳ 等待 Profile 更新任务...
2026-07-04 21:54:39.418 | INFO     | N/A | ⏳ 等待 Profile 更新任务...
2026-07-04 21:54:44.442 | INFO     | N/A | ⏳ 等待 Profile 更新任务...
2026-07-04 21:54:49.469 | INFO     | N/A | ⏳ 等待 Profile 更新任务...
2026-07-04 21:54:54.490 | INFO     | N/A | ⏳ 等待 Profile 更新任务...
2026-07-04 21:54:59.517 | INFO     | N/A | ⏳ 等待 Profile 更新任务...
2026-07-04 21:55:04.543 | INFO     | N/A | ⏳ 等待 Profile 更新任务...
2026-07-04 21:55:09.609 | INFO     | N/A | ⏳ 等待 Profile 更新任务...
2026-07-04 21:55:14.637 | INFO     | N/A | ⏳ 等待 Profile 更新任务...
2026-07-04 21:55:19.640 | INFO     | N/A | ⏳ 等待 Profile 更新任务...
2026-07-04 21:55:24.667 | INFO     | N/A | ⏳ 等待 Profile 更新任务...
2026-07-04 21:55:29.693 | INFO     | N/A | ⏳ 等待 Profile 更新任务...
2026-07-04 21:55:34.724 | INFO     | N/A | ⏳ 等待 Profile 更新任务...
2026-07-04 21:55:39.750 | INFO     | N/A | ⏳ 等待 Profile 更新任务...
2026-07-04 21:55:44.776 | INFO     | N/A | ⏳ 等待 Profile 更新任务...
2026-07-04 21:55:49.803 | INFO     | N/A | ⏳ 等待 Profile 更新任务...
2026-07-04 21:55:54.831 | INFO     | N/A | ⏳ 等待 Profile 更新任务...
2026-07-04 21:55:59.859 | INFO     | N/A | ⏳ 等待 Profile 更新任务...
2026-07-04 21:56:04.885 | INFO     | N/A | ⏳ 等待 Profile 更新任务...
2026-07-04 21:56:09.912 | INFO     | N/A | ⏳ 等待 Profile 更新任务...
2026-07-04 21:56:14.929 | INFO     | N/A | ⏳ 等待 Profile 更新任务...
2026-07-04 21:56:19.955 | INFO     | N/A | ⏳ 等待 Profile 更新任务...
2026-07-04 21:56:24.983 | INFO     | N/A | ⏳ 等待 Profile 更新任务...
2026-07-04 21:56:30.010 | INFO     | N/A | ⏳ 等待 Profile 更新任务...
2026-07-04 21:56:35.037 | INFO     | N/A | ⏳ 等待 Profile 更新任务...
2026-07-04 21:56:40.065 | INFO     | N/A | ⏳ 等待 Profile 更新任务...
2026-07-04 21:56:45.094 | INFO     | N/A | ⏳ 等待 Profile 更新任务...
2026-07-04 21:56:50.121 | INFO     | N/A | ⏳ 等待 Profile 更新任务...
2026-07-04 21:56:55.149 | INFO     | N/A | ⏳ 等待 Profile 更新任务...
2026-07-04 21:57:00.177 | INFO     | N/A | ⏳ 等待 Profile 更新任务...
2026-07-04 21:57:05.206 | INFO     | N/A | ⏳ 等待 Profile 更新任务...
2026-07-04 21:57:10.233 | INFO     | N/A | ⏳ 等待 Profile 更新任务...
2026-07-04 21:57:15.260 | INFO     | N/A | ⏳ 等待 Profile 更新任务...
2026-07-04 21:57:20.289 | INFO     | N/A | ⏳ 等待 Profile 更新任务...
2026-07-04 21:57:25.317 | INFO     | N/A | ⏳ 等待 Profile 更新任务...
2026-07-04 21:57:30.341 | INFO     | N/A | ⏳ 等待 Profile 更新任务...
2026-07-04 21:57:35.369 | INFO     | N/A | ⏳ 等待 Profile 更新任务...
2026-07-04 21:57:40.395 | INFO     | N/A | ⏳ 等待 Profile 更新任务...
2026-07-04 21:57:45.418 | INFO     | N/A | ⏳ 等待 Profile 更新任务...
2026-07-04 21:57:50.478 | INFO     | N/A | ⏳ 等待 Profile 更新任务...
2026-07-04 21:57:55.507 | INFO     | N/A | ⏳ 等待 Profile 更新任务...
2026-07-04 21:58:00.545 | INFO     | N/A | ⏳ 等待 Profile 更新任务...
2026-07-04 21:58:05.572 | INFO     | N/A | ⏳ 等待 Profile 更新任务...
2026-07-04 21:58:10.602 | INFO     | N/A | ⏳ 等待 Profile 更新任务...
2026-07-04 21:58:15.628 | INFO     | N/A | ⏳ 等待 Profile 更新任务...
2026-07-04 21:58:20.659 | INFO     | N/A | ⏳ 等待 Profile 更新任务...
2026-07-04 21:58:25.721 | INFO     | N/A | ⏳ 等待 Profile 更新任务...
2026-07-04 21:58:30.746 | INFO     | N/A | ⏳ 等待 Profile 更新任务...
2026-07-04 21:58:35.772 | INFO     | N/A | ⏳ 等待 Profile 更新任务...
2026-07-04 21:58:40.799 | INFO     | N/A | ⏳ 等待 Profile 更新任务...
2026-07-04 21:58:45.829 | INFO     | N/A | ⏳ 等待 Profile 更新任务...
2026-07-04 21:58:50.856 | INFO     | N/A | ⏳ 等待 Profile 更新任务...
2026-07-04 21:58:55.893 | INFO     | N/A | ⏳ 等待 Profile 更新任务...
2026-07-04 21:59:00.917 | INFO     | N/A | ⏳ 等待 Profile 更新任务...
2026-07-04 21:59:05.942 | INFO     | N/A | ⏳ 等待 Profile 更新任务...
2026-07-04 21:59:10.968 | INFO     | N/A | ⏳ 等待 Profile 更新任务...
2026-07-04 21:59:15.999 | INFO     | N/A | ⏳ 等待 Profile 更新任务...
2026-07-04 21:59:21.022 | INFO     | N/A | ⏳ 等待 Profile 更新任务...
2026-07-04 21:59:26.061 | INFO     | N/A | ⏳ 等待 Profile 更新任务...
2026-07-04 21:59:31.084 | INFO     | N/A | ⏳ 等待 Profile 更新任务...
2026-07-04 21:59:36.109 | INFO     | N/A | ⏳ 等待 Profile 更新任务...
2026-07-04 21:59:41.145 | INFO     | N/A | ⏳ 等待 Profile 更新任务...
2026-07-04 21:59:46.168 | INFO     | N/A | ⏳ 等待 Profile 更新任务...
2026-07-04 21:59:51.191 | INFO     | N/A | ⏳ 等待 Profile 更新任务...
2026-07-04 21:59:56.215 | INFO     | N/A | ⏳ 等待 Profile 更新任务...
2026-07-04 22:00:01.242 | INFO     | N/A | ⏳ 等待 Profile 更新任务...
2026-07-04 22:00:06.264 | INFO     | N/A | ⏳ 等待 Profile 更新任务...
2026-07-04 22:00:11.289 | INFO     | N/A | ⏳ 等待 Profile 更新任务...
2026-07-04 22:00:16.314 | INFO     | N/A | ⏳ 等待 Profile 更新任务...
2026-07-04 22:00:21.339 | INFO     | N/A | ⏳ 等待 Profile 更新任务...
2026-07-04 22:00:26.364 | INFO     | N/A | ⏳ 等待 Profile 更新任务...
2026-07-04 22:00:31.388 | INFO     | N/A | ⏳ 等待 Profile 更新任务...
2026-07-04 22:00:36.414 | INFO     | N/A | ⏳ 等待 Profile 更新任务...
2026-07-04 22:00:41.444 | INFO     | N/A | ⏳ 等待 Profile 更新任务...
2026-07-04 22:00:46.469 | INFO     | N/A | ⏳ 等待 Profile 更新任务...
2026-07-04 22:00:51.510 | INFO     | N/A | ⏳ 等待 Profile 更新任务...
2026-07-04 22:00:56.535 | INFO     | N/A | ⏳ 等待 Profile 更新任务...
2026-07-04 22:01:01.561 | INFO     | N/A | ⏳ 等待 Profile 更新任务...
2026-07-04 22:01:06.584 | INFO     | N/A | ⏳ 等待 Profile 更新任务...
2026-07-04 22:01:11.608 | INFO     | N/A | ⏳ 等待 Profile 更新任务...
2026-07-04 22:01:16.635 | INFO     | N/A | ⏳ 等待 Profile 更新任务...
2026-07-04 22:01:21.659 | INFO     | N/A | ⏳ 等待 Profile 更新任务...
2026-07-04 22:01:26.685 | INFO     | N/A | ⏳ 等待 Profile 更新任务...
2026-07-04 22:01:31.709 | INFO     | N/A | ⏳ 等待 Profile 更新任务...
2026-07-04 22:01:36.736 | INFO     | N/A | ⏳ 等待 Profile 更新任务...
2026-07-04 22:01:41.762 | INFO     | N/A | ⏳ 等待 Profile 更新任务...
2026-07-04 22:01:46.786 | INFO     | N/A | ⏳ 等待 Profile 更新任务...
2026-07-04 22:01:51.812 | INFO     | N/A | ⏳ 等待 Profile 更新任务...
2026-07-04 22:01:56.837 | INFO     | N/A | ⏳ 等待 Profile 更新任务...
2026-07-04 22:02:01.863 | INFO     | N/A | ⏳ 等待 Profile 更新任务...
2026-07-04 22:02:06.890 | INFO     | N/A | ⏳ 等待 Profile 更新任务...
2026-07-04 22:02:11.914 | INFO     | N/A | ⏳ 等待 Profile 更新任务...
2026-07-04 22:02:16.941 | INFO     | N/A | ⏳ 等待 Profile 更新任务...
2026-07-04 22:02:21.966 | INFO     | N/A | ⏳ 等待 Profile 更新任务...
2026-07-04 22:02:26.993 | INFO     | N/A | ⏳ 等待 Profile 更新任务...
2026-07-04 22:02:32.019 | INFO     | N/A | ⏳ 等待 Profile 更新任务...
2026-07-04 22:02:37.045 | INFO     | N/A | ⏳ 等待 Profile 更新任务...
2026-07-04 22:02:42.072 | INFO     | N/A | ⏳ 等待 Profile 更新任务...
2026-07-04 22:02:47.098 | INFO     | N/A | ⏳ 等待 Profile 更新任务...
2026-07-04 22:02:52.125 | INFO     | N/A | ⏳ 等待 Profile 更新任务...
2026-07-04 22:02:57.151 | INFO     | N/A | ⏳ 等待 Profile 更新任务...
2026-07-04 22:03:02.178 | INFO     | N/A | ⏳ 等待 Profile 更新任务...
2026-07-04 22:03:07.205 | INFO     | N/A | ⏳ 等待 Profile 更新任务...
2026-07-04 22:03:12.232 | INFO     | N/A | ⏳ 等待 Profile 更新任务...
2026-07-04 22:03:17.261 | INFO     | N/A | ⏳ 等待 Profile 更新任务...
2026-07-04 22:03:22.288 | INFO     | N/A | ⏳ 等待 Profile 更新任务...
2026-07-04 22:03:27.318 | INFO     | N/A | ⏳ 等待 Profile 更新任务...
2026-07-04 22:03:32.348 | INFO     | N/A | ⏳ 等待 Profile 更新任务...
2026-07-04 22:03:37.378 | INFO     | N/A | ⏳ 等待 Profile 更新任务...
2026-07-04 22:03:42.404 | INFO     | N/A | ⏳ 等待 Profile 更新任务...
2026-07-04 22:03:47.433 | INFO     | N/A | ⏳ 等待 Profile 更新任务...
2026-07-04 22:03:52.461 | INFO     | N/A | ⏳ 等待 Profile 更新任务...
2026-07-04 22:03:57.488 | INFO     | N/A | ⏳ 等待 Profile 更新任务...
2026-07-04 22:04:02.515 | INFO     | N/A | ⏳ 等待 Profile 更新任务...
2026-07-04 22:04:07.541 | INFO     | N/A | ⏳ 等待 Profile 更新任务...
2026-07-04 22:04:12.568 | INFO     | N/A | ⏳ 等待 Profile 更新任务...
2026-07-04 22:04:17.596 | INFO     | N/A | ⏳ 等待 Profile 更新任务...
2026-07-04 22:04:22.626 | INFO     | N/A | ⏳ 等待 Profile 更新任务...
2026-07-04 22:04:27.656 | INFO     | N/A | ⏳ 等待 Profile 更新任务...
2026-07-04 22:04:32.681 | INFO     | N/A | ⏳ 等待 Profile 更新任务...
2026-07-04 22:04:37.708 | INFO     | N/A | ⏳ 等待 Profile 更新任务...
2026-07-04 22:04:42.735 | INFO     | N/A | ⏳ 等待 Profile 更新任务...
2026-07-04 22:04:47.765 | INFO     | N/A | ⏳ 等待 Profile 更新任务...
2026-07-04 22:04:52.791 | INFO     | N/A | ⏳ 等待 Profile 更新任务...
2026-07-04 22:04:57.843 | INFO     | N/A | ⏳ 等待 Profile 更新任务...
2026-07-04 22:05:02.872 | INFO     | N/A | ⏳ 等待 Profile 更新任务...
2026-07-04 22:05:07.952 | INFO     | N/A | ⏳ 等待 Profile 更新任务...
2026-07-04 22:05:12.977 | INFO     | N/A | ⏳ 等待 Profile 更新任务...
2026-07-04 22:05:18.004 | INFO     | N/A | ⏳ 等待 Profile 更新任务...
2026-07-04 22:05:23.032 | INFO     | N/A | ⏳ 等待 Profile 更新任务...
2026-07-04 22:05:28.059 | INFO     | N/A | ⏳ 等待 Profile 更新任务...
2026-07-04 22:05:33.087 | INFO     | N/A | ⏳ 等待 Profile 更新任务...
2026-07-04 22:05:38.132 | INFO     | N/A | ⏳ 等待 Profile 更新任务...
2026-07-04 22:05:43.163 | INFO     | N/A | ⏳ 等待 Profile 更新任务...
2026-07-04 22:05:48.198 | INFO     | N/A | ⏳ 等待 Profile 更新任务...
2026-07-04 22:05:53.226 | INFO     | N/A | ⏳ 等待 Profile 更新任务...
2026-07-04 22:05:58.250 | INFO     | N/A | ⏳ 等待 Profile 更新任务...
2026-07-04 22:06:03.275 | INFO     | N/A | ⏳ 等待 Profile 更新任务...
2026-07-04 22:06:08.325 | INFO     | N/A | ⏳ 等待 Profile 更新任务...
2026-07-04 22:06:13.352 | INFO     | N/A | ⏳ 等待 Profile 更新任务...
2026-07-04 22:06:18.378 | INFO     | N/A | ⏳ 等待 Profile 更新任务...
2026-07-04 22:06:23.469 | INFO     | N/A | ⏳ 等待 Profile 更新任务...
2026-07-04 22:06:28.498 | INFO     | N/A | ⏳ 等待 Profile 更新任务...
2026-07-04 22:06:33.542 | INFO     | N/A | ⏳ 等待 Profile 更新任务...
2026-07-04 22:06:38.570 | INFO     | N/A | ⏳ 等待 Profile 更新任务...
2026-07-04 22:06:43.596 | INFO     | N/A | ⏳ 等待 Profile 更新任务...
2026-07-04 22:06:48.634 | INFO     | N/A | ⏳ 等待 Profile 更新任务...
2026-07-04 22:06:53.661 | INFO     | N/A | ⏳ 等待 Profile 更新任务...
2026-07-04 22:06:58.691 | INFO     | N/A | ⏳ 等待 Profile 更新任务...
2026-07-04 22:07:03.717 | INFO     | N/A | ⏳ 等待 Profile 更新任务...
2026-07-04 22:07:08.744 | INFO     | N/A | ⏳ 等待 Profile 更新任务...
2026-07-04 22:07:13.772 | INFO     | N/A | ⏳ 等待 Profile 更新任务...
2026-07-04 22:07:18.812 | INFO     | N/A | ⏳ 等待 Profile 更新任务...
2026-07-04 22:07:23.843 | INFO     | N/A | ⏳ 等待 Profile 更新任务...
2026-07-04 22:07:28.872 | INFO     | N/A | ⏳ 等待 Profile 更新任务...
2026-07-04 22:07:33.902 | INFO     | N/A | ⏳ 等待 Profile 更新任务...
2026-07-04 22:07:38.929 | INFO     | N/A | ⏳ 等待 Profile 更新任务...
2026-07-04 22:07:43.959 | INFO     | N/A | ⏳ 等待 Profile 更新任务...
2026-07-04 22:07:49.001 | INFO     | N/A | ⏳ 等待 Profile 更新任务...
2026-07-04 22:07:54.029 | INFO     | N/A | ⏳ 等待 Profile 更新任务...
2026-07-04 22:07:59.056 | INFO     | N/A | ⏳ 等待 Profile 更新任务...
2026-07-04 22:08:04.084 | INFO     | N/A | ⏳ 等待 Profile 更新任务...
2026-07-04 22:08:09.108 | INFO     | N/A | ⏳ 等待 Profile 更新任务...
2026-07-04 22:08:14.136 | INFO     | N/A | ⏳ 等待 Profile 更新任务...
2026-07-04 22:08:19.165 | INFO     | N/A | ⏳ 等待 Profile 更新任务...
2026-07-04 22:08:24.192 | INFO     | N/A | ⏳ 等待 Profile 更新任务...
2026-07-04 22:08:29.217 | INFO     | N/A | ⏳ 等待 Profile 更新任务...
2026-07-04 22:08:34.248 | INFO     | N/A | ⏳ 等待 Profile 更新任务...
2026-07-04 22:08:39.276 | INFO     | N/A | ⏳ 等待 Profile 更新任务...
2026-07-04 22:08:44.301 | INFO     | N/A | ⏳ 等待 Profile 更新任务...
2026-07-04 22:08:49.329 | INFO     | N/A | ⏳ 等待 Profile 更新任务...
2026-07-04 22:08:54.356 | INFO     | N/A | ⏳ 等待 Profile 更新任务...
2026-07-04 22:08:59.383 | INFO     | N/A | ⏳ 等待 Profile 更新任务...
2026-07-04 22:09:04.411 | INFO     | N/A | ⏳ 等待 Profile 更新任务...
2026-07-04 22:09:09.436 | INFO     | N/A | ⏳ 等待 Profile 更新任务...
2026-07-04 22:09:14.484 | INFO     | N/A | ⏳ 等待 Profile 更新任务...
2026-07-04 22:09:19.513 | INFO     | N/A | ⏳ 等待 Profile 更新任务...
2026-07-04 22:09:24.541 | INFO     | N/A | ⏳ 等待 Profile 更新任务...
2026-07-04 22:09:29.568 | INFO     | N/A | ⏳ 等待 Profile 更新任务...
2026-07-04 22:09:34.596 | INFO     | N/A | ⏳ 等待 Profile 更新任务...
2026-07-04 22:09:39.622 | INFO     | N/A | ⏳ 等待 Profile 更新任务...
2026-07-04 22:09:44.649 | INFO     | N/A | ⏳ 等待 Profile 更新任务...
2026-07-04 22:09:49.676 | INFO     | N/A | ⏳ 等待 Profile 更新任务...
2026-07-04 22:09:54.701 | INFO     | N/A | ⏳ 等待 Profile 更新任务...
2026-07-04 22:09:59.741 | INFO     | N/A | ⏳ 等待 Profile 更新任务...
2026-07-04 22:10:04.779 | INFO     | N/A | ⏳ 等待 Profile 更新任务...
2026-07-04 22:10:09.807 | INFO     | N/A | ⏳ 等待 Profile 更新任务...
2026-07-04 22:10:14.845 | INFO     | N/A | ⏳ 等待 Profile 更新任务...
2026-07-04 22:10:19.872 | INFO     | N/A | ⏳ 等待 Profile 更新任务...
2026-07-04 22:10:24.902 | INFO     | N/A | ⏳ 等待 Profile 更新任务...
2026-07-04 22:10:29.929 | INFO     | N/A | ⏳ 等待 Profile 更新任务...
2026-07-04 22:10:34.959 | INFO     | N/A | ⏳ 等待 Profile 更新任务...
2026-07-04 22:10:39.987 | INFO     | N/A | ⏳ 等待 Profile 更新任务...
2026-07-04 22:10:45.019 | INFO     | N/A | ⏳ 等待 Profile 更新任务...
2026-07-04 22:10:50.049 | INFO     | N/A | ⏳ 等待 Profile 更新任务...
2026-07-04 22:10:55.077 | INFO     | N/A | ⏳ 等待 Profile 更新任务...
2026-07-04 22:11:00.105 | INFO     | N/A | ⏳ 等待 Profile 更新任务...
2026-07-04 22:11:05.134 | INFO     | N/A | ⏳ 等待 Profile 更新任务...
2026-07-04 22:11:10.162 | INFO     | N/A | ⏳ 等待 Profile 更新任务...
2026-07-04 22:11:15.190 | INFO     | N/A | ⏳ 等待 Profile 更新任务...
2026-07-04 22:11:20.219 | INFO     | N/A | ⏳ 等待 Profile 更新任务...
2026-07-04 22:11:25.248 | INFO     | N/A | ⏳ 等待 Profile 更新任务...
2026-07-04 22:11:30.278 | INFO     | N/A | ⏳ 等待 Profile 更新任务...
2026-07-04 22:11:35.308 | INFO     | N/A | ⏳ 等待 Profile 更新任务...
2026-07-04 22:11:40.337 | INFO     | N/A | ⏳ 等待 Profile 更新任务...
2026-07-04 22:11:45.385 | INFO     | N/A | ⏳ 等待 Profile 更新任务...
2026-07-04 22:11:50.414 | INFO     | N/A | ⏳ 等待 Profile 更新任务...
2026-07-04 22:11:55.441 | INFO     | N/A | ⏳ 等待 Profile 更新任务...
2026-07-04 22:12:00.468 | INFO     | N/A | ⏳ 等待 Profile 更新任务...
2026-07-04 22:12:05.497 | INFO     | N/A | ⏳ 等待 Profile 更新任务...
2026-07-04 22:12:10.526 | INFO     | N/A | ⏳ 等待 Profile 更新任务...
2026-07-04 22:12:15.554 | INFO     | N/A | ⏳ 等待 Profile 更新任务...
2026-07-04 22:12:20.584 | INFO     | N/A | ⏳ 等待 Profile 更新任务...
2026-07-04 22:12:25.611 | INFO     | N/A | ⏳ 等待 Profile 更新任务...
2026-07-04 22:12:30.640 | INFO     | N/A | ⏳ 等待 Profile 更新任务...
2026-07-04 22:12:35.666 | INFO     | N/A | ⏳ 等待 Profile 更新任务...
2026-07-04 22:12:40.692 | INFO     | N/A | ⏳ 等待 Profile 更新任务...
2026-07-04 22:12:45.720 | INFO     | N/A | ⏳ 等待 Profile 更新任务...
2026-07-04 22:12:50.751 | INFO     | N/A | ⏳ 等待 Profile 更新任务...
2026-07-04 22:12:55.778 | INFO     | N/A | ⏳ 等待 Profile 更新任务...
2026-07-04 22:13:00.810 | INFO     | N/A | ⏳ 等待 Profile 更新任务...
2026-07-04 22:13:05.837 | INFO     | N/A | ⏳ 等待 Profile 更新任务...
2026-07-04 22:13:10.865 | INFO     | N/A | ⏳ 等待 Profile 更新任务...
2026-07-04 22:13:15.894 | INFO     | N/A | ⏳ 等待 Profile 更新任务...
2026-07-04 22:13:20.922 | INFO     | N/A | ⏳ 等待 Profile 更新任务...
2026-07-04 22:13:25.950 | INFO     | N/A | ⏳ 等待 Profile 更新任务...
2026-07-04 22:13:30.976 | INFO     | N/A | ⏳ 等待 Profile 更新任务...
2026-07-04 22:13:36.009 | INFO     | N/A | ⏳ 等待 Profile 更新任务...
2026-07-04 22:13:41.035 | INFO     | N/A | ⏳ 等待 Profile 更新任务...
2026-07-04 22:13:46.063 | INFO     | N/A | ⏳ 等待 Profile 更新任务...
2026-07-04 22:13:51.103 | INFO     | N/A | ⏳ 等待 Profile 更新任务...
2026-07-04 22:13:56.119 | INFO     | N/A | ⏳ 等待 Profile 更新任务...
2026-07-04 22:14:01.148 | INFO     | N/A | ⏳ 等待 Profile 更新任务...
2026-07-04 22:14:06.180 | INFO     | N/A | ⏳ 等待 Profile 更新任务...
2026-07-04 22:14:11.206 | INFO     | N/A | ⏳ 等待 Profile 更新任务...
2026-07-04 22:14:16.239 | INFO     | N/A | ⏳ 等待 Profile 更新任务...
2026-07-04 22:14:21.266 | INFO     | N/A | ⏳ 等待 Profile 更新任务...
2026-07-04 22:14:26.293 | INFO     | N/A | ⏳ 等待 Profile 更新任务...
2026-07-04 22:14:31.320 | INFO     | N/A | ⏳ 等待 Profile 更新任务...
2026-07-04 22:14:36.352 | INFO     | N/A | ⏳ 等待 Profile 更新任务...
2026-07-04 22:14:41.379 | INFO     | N/A | ⏳ 等待 Profile 更新任务...
2026-07-04 22:14:46.408 | INFO     | N/A | ⏳ 等待 Profile 更新任务...
2026-07-04 22:14:51.441 | INFO     | N/A | ⏳ 等待 Profile 更新任务...
2026-07-04 22:14:56.473 | INFO     | N/A | ⏳ 等待 Profile 更新任务...
2026-07-04 22:15:01.511 | INFO     | N/A | ⏳ 等待 Profile 更新任务...
2026-07-04 22:15:06.537 | INFO     | N/A | ⏳ 等待 Profile 更新任务...
2026-07-04 22:15:11.566 | INFO     | N/A | ⏳ 等待 Profile 更新任务...
2026-07-04 22:15:16.603 | INFO     | N/A | ⏳ 等待 Profile 更新任务...
2026-07-04 22:15:21.630 | INFO     | N/A | ⏳ 等待 Profile 更新任务...
2026-07-04 22:15:26.657 | INFO     | N/A | ⏳ 等待 Profile 更新任务...
2026-07-04 22:15:31.684 | INFO     | N/A | ⏳ 等待 Profile 更新任务...
2026-07-04 22:15:36.715 | INFO     | N/A | ⏳ 等待 Profile 更新任务...
2026-07-04 22:15:41.741 | INFO     | N/A | ⏳ 等待 Profile 更新任务...
2026-07-04 22:15:46.769 | INFO     | N/A | ⏳ 等待 Profile 更新任务...
2026-07-04 22:15:51.801 | INFO     | N/A | ⏳ 等待 Profile 更新任务...
2026-07-04 22:15:56.825 | INFO     | N/A | ⏳ 等待 Profile 更新任务...
2026-07-04 22:16:01.850 | INFO     | N/A | ⏳ 等待 Profile 更新任务...
2026-07-04 22:16:06.876 | INFO     | N/A | ⏳ 等待 Profile 更新任务...
2026-07-04 22:16:11.904 | INFO     | N/A | ⏳ 等待 Profile 更新任务...
2026-07-04 22:16:16.933 | INFO     | N/A | ⏳ 等待 Profile 更新任务...
2026-07-04 22:16:21.960 | INFO     | N/A | ⏳ 等待 Profile 更新任务...
2026-07-04 22:16:26.989 | INFO     | N/A | ⏳ 等待 Profile 更新任务...
2026-07-04 22:16:32.018 | INFO     | N/A | ⏳ 等待 Profile 更新任务...
2026-07-04 22:16:37.046 | INFO     | N/A | ⏳ 等待 Profile 更新任务...
2026-07-04 22:16:42.074 | INFO     | N/A | ⏳ 等待 Profile 更新任务...
2026-07-04 22:16:47.126 | INFO     | N/A | ⏳ 等待 Profile 更新任务...
2026-07-04 22:16:52.154 | INFO     | N/A | ⏳ 等待 Profile 更新任务...
2026-07-04 22:16:57.183 | INFO     | N/A | ⏳ 等待 Profile 更新任务...
2026-07-04 22:17:02.210 | INFO     | N/A | ⏳ 等待 Profile 更新任务...
2026-07-04 22:17:07.240 | INFO     | N/A | ⏳ 等待 Profile 更新任务...
2026-07-04 22:17:12.267 | INFO     | N/A | ⏳ 等待 Profile 更新任务...
2026-07-04 22:17:17.295 | INFO     | N/A | ⏳ 等待 Profile 更新任务...
2026-07-04 22:17:22.323 | INFO     | N/A | ⏳ 等待 Profile 更新任务...
2026-07-04 22:17:27.351 | INFO     | N/A | ⏳ 等待 Profile 更新任务...
2026-07-04 22:17:32.375 | INFO     | N/A | ⏳ 等待 Profile 更新任务...
2026-07-04 22:17:37.403 | INFO     | N/A | ⏳ 等待 Profile 更新任务...
2026-07-04 22:17:42.430 | INFO     | N/A | ⏳ 等待 Profile 更新任务...
2026-07-04 22:17:47.458 | INFO     | N/A | ⏳ 等待 Profile 更新任务...
2026-07-04 22:17:52.485 | INFO     | N/A | ⏳ 等待 Profile 更新任务...
2026-07-04 22:17:57.524 | INFO     | N/A | ⏳ 等待 Profile 更新任务...
2026-07-04 22:18:02.562 | INFO     | N/A | ⏳ 等待 Profile 更新任务...
2026-07-04 22:18:07.588 | INFO     | N/A | ⏳ 等待 Profile 更新任务...
2026-07-04 22:18:12.618 | INFO     | N/A | ⏳ 等待 Profile 更新任务...
2026-07-04 22:18:17.646 | INFO     | N/A | ⏳ 等待 Profile 更新任务...
2026-07-04 22:18:22.677 | INFO     | N/A | ⏳ 等待 Profile 更新任务...
2026-07-04 22:18:27.708 | INFO     | N/A | ⏳ 等待 Profile 更新任务...
2026-07-04 22:18:32.744 | INFO     | N/A | ⏳ 等待 Profile 更新任务...
2026-07-04 22:18:37.791 | INFO     | N/A | ⏳ 等待 Profile 更新任务...
2026-07-04 22:18:42.816 | INFO     | N/A | ⏳ 等待 Profile 更新任务...
2026-07-04 22:18:47.847 | INFO     | N/A | ⏳ 等待 Profile 更新任务...
2026-07-04 22:18:52.875 | INFO     | N/A | ⏳ 等待 Profile 更新任务...
2026-07-04 22:18:57.908 | INFO     | N/A | ⏳ 等待 Profile 更新任务...
2026-07-04 22:19:02.936 | INFO     | N/A | ⏳ 等待 Profile 更新任务...
2026-07-04 22:19:07.967 | INFO     | N/A | ⏳ 等待 Profile 更新任务...
2026-07-04 22:19:12.995 | INFO     | N/A | ⏳ 等待 Profile 更新任务...
2026-07-04 22:19:18.025 | INFO     | N/A | ⏳ 等待 Profile 更新任务...
2026-07-04 22:19:23.053 | INFO     | N/A | ⏳ 等待 Profile 更新任务...
2026-07-04 22:19:28.084 | INFO     | N/A | ⏳ 等待 Profile 更新任务...
2026-07-04 22:19:33.110 | INFO     | N/A | ⏳ 等待 Profile 更新任务...
2026-07-04 22:19:38.139 | INFO     | N/A | ⏳ 等待 Profile 更新任务...
2026-07-04 22:19:43.168 | INFO     | N/A | ⏳ 等待 Profile 更新任务...
2026-07-04 22:19:48.197 | INFO     | N/A | ⏳ 等待 Profile 更新任务...
2026-07-04 22:19:53.226 | INFO     | N/A | ⏳ 等待 Profile 更新任务...
2026-07-04 22:19:58.255 | INFO     | N/A | ⏳ 等待 Profile 更新任务...
2026-07-04 22:20:03.287 | INFO     | N/A | ⏳ 等待 Profile 更新任务...
2026-07-04 22:20:08.320 | INFO     | N/A | ⏳ 等待 Profile 更新任务...
2026-07-04 22:20:13.349 | INFO     | N/A | ⏳ 等待 Profile 更新任务...
2026-07-04 22:20:18.379 | INFO     | N/A | ⏳ 等待 Profile 更新任务...
2026-07-04 22:20:23.408 | INFO     | N/A | ⏳ 等待 Profile 更新任务...
2026-07-04 22:20:28.434 | INFO     | N/A | ⏳ 等待 Profile 更新任务...
2026-07-04 22:20:33.472 | INFO     | N/A | ⏳ 等待 Profile 更新任务...
2026-07-04 22:20:38.499 | INFO     | N/A | ⏳ 等待 Profile 更新任务...
2026-07-04 22:20:43.529 | INFO     | N/A | ⏳ 等待 Profile 更新任务...
2026-07-04 22:20:48.558 | INFO     | N/A | ⏳ 等待 Profile 更新任务...
2026-07-04 22:20:53.588 | INFO     | N/A | ⏳ 等待 Profile 更新任务...
2026-07-04 22:20:58.618 | INFO     | N/A | ⏳ 等待 Profile 更新任务...
2026-07-04 22:21:03.648 | INFO     | N/A | ⏳ 等待 Profile 更新任务...
2026-07-04 22:21:08.677 | INFO     | N/A | ⏳ 等待 Profile 更新任务...
2026-07-04 22:21:13.708 | INFO     | N/A | ⏳ 等待 Profile 更新任务...
2026-07-04 22:21:18.737 | INFO     | N/A | ⏳ 等待 Profile 更新任务...
2026-07-04 22:21:23.766 | INFO     | N/A | ⏳ 等待 Profile 更新任务...
2026-07-04 22:21:28.792 | INFO     | N/A | ⏳ 等待 Profile 更新任务...
2026-07-04 22:21:33.837 | INFO     | N/A | ⏳ 等待 Profile 更新任务...
2026-07-04 22:21:38.863 | INFO     | N/A | ⏳ 等待 Profile 更新任务...
2026-07-04 22:21:43.890 | INFO     | N/A | ⏳ 等待 Profile 更新任务...
2026-07-04 22:21:48.956 | INFO     | N/A | ⏳ 等待 Profile 更新任务...
2026-07-04 22:21:53.982 | INFO     | N/A | ⏳ 等待 Profile 更新任务...
2026-07-04 22:21:59.011 | INFO     | N/A | ⏳ 等待 Profile 更新任务...
2026-07-04 22:22:04.050 | INFO     | N/A | ⏳ 等待 Profile 更新任务...
2026-07-04 22:22:09.080 | INFO     | N/A | ⏳ 等待 Profile 更新任务...
2026-07-04 22:22:14.108 | INFO     | N/A | ⏳ 等待 Profile 更新任务...
2026-07-04 22:22:19.134 | INFO     | N/A | ⏳ 等待 Profile 更新任务...
2026-07-04 22:22:24.163 | INFO     | N/A | ⏳ 等待 Profile 更新任务...
2026-07-04 22:22:29.190 | INFO     | N/A | ⏳ 等待 Profile 更新任务...
2026-07-04 22:22:34.220 | INFO     | N/A | ⏳ 等待 Profile 更新任务...
2026-07-04 22:22:39.297 | INFO     | N/A | ⏳ 等待 Profile 更新任务...
2026-07-04 22:22:44.322 | INFO     | N/A | ⏳ 等待 Profile 更新任务...
2026-07-04 22:22:49.350 | INFO     | N/A | ⏳ 等待 Profile 更新任务...
2026-07-04 22:22:54.379 | INFO     | N/A | ⏳ 等待 Profile 更新任务...
2026-07-04 22:22:59.409 | INFO     | N/A | ⏳ 等待 Profile 更新任务...
2026-07-04 22:23:04.435 | INFO     | N/A | ⏳ 等待 Profile 更新任务...
2026-07-04 22:23:09.465 | INFO     | N/A | ⏳ 等待 Profile 更新任务...
2026-07-04 22:23:14.492 | INFO     | N/A | ⏳ 等待 Profile 更新任务...
2026-07-04 22:23:19.521 | INFO     | N/A | ⏳ 等待 Profile 更新任务...
2026-07-04 22:23:24.549 | INFO     | N/A | ⏳ 等待 Profile 更新任务...
2026-07-04 22:23:29.577 | INFO     | N/A | ⏳ 等待 Profile 更新任务...
2026-07-04 22:23:34.608 | INFO     | N/A | ⏳ 等待 Profile 更新任务...
2026-07-04 22:23:39.635 | INFO     | N/A | ⏳ 等待 Profile 更新任务...
2026-07-04 22:23:44.661 | INFO     | N/A | ⏳ 等待 Profile 更新任务...
2026-07-04 22:23:49.688 | INFO     | N/A | ⏳ 等待 Profile 更新任务...
2026-07-04 22:23:54.717 | INFO     | N/A | ⏳ 等待 Profile 更新任务...
2026-07-04 22:23:59.746 | INFO     | N/A | ⏳ 等待 Profile 更新任务...
2026-07-04 22:24:04.773 | INFO     | N/A | ⏳ 等待 Profile 更新任务...
2026-07-04 22:24:09.799 | INFO     | N/A | ⏳ 等待 Profile 更新任务...
2026-07-04 22:24:14.866 | INFO     | N/A | ⏳ 等待 Profile 更新任务...
2026-07-04 22:24:19.892 | INFO     | N/A | ⏳ 等待 Profile 更新任务...
2026-07-04 22:24:24.920 | INFO     | N/A | ⏳ 等待 Profile 更新任务...
2026-07-04 22:24:29.948 | INFO     | N/A | ⏳ 等待 Profile 更新任务...
2026-07-04 22:24:34.973 | INFO     | N/A | ⏳ 等待 Profile 更新任务...
2026-07-04 22:24:39.999 | INFO     | N/A | ⏳ 等待 Profile 更新任务...
2026-07-04 22:24:45.042 | INFO     | N/A | ⏳ 等待 Profile 更新任务...
2026-07-04 22:24:50.080 | INFO     | N/A | ⏳ 等待 Profile 更新任务...
2026-07-04 22:24:55.107 | INFO     | N/A | ⏳ 等待 Profile 更新任务...
2026-07-04 22:25:00.137 | INFO     | N/A | ⏳ 等待 Profile 更新任务...
2026-07-04 22:25:05.167 | INFO     | N/A | ⏳ 等待 Profile 更新任务...
2026-07-04 22:25:10.197 | INFO     | N/A | ⏳ 等待 Profile 更新任务...
2026-07-04 22:25:15.223 | INFO     | N/A | ⏳ 等待 Profile 更新任务...
2026-07-04 22:25:20.249 | INFO     | N/A | ⏳ 等待 Profile 更新任务...
2026-07-04 22:25:25.275 | INFO     | N/A | ⏳ 等待 Profile 更新任务...
2026-07-04 22:25:30.300 | INFO     | N/A | ⏳ 等待 Profile 更新任务...
2026-07-04 22:25:35.328 | INFO     | N/A | ⏳ 等待 Profile 更新任务...
2026-07-04 22:25:40.351 | INFO     | N/A | ⏳ 等待 Profile 更新任务...
2026-07-04 22:25:45.379 | INFO     | N/A | ⏳ 等待 Profile 更新任务...
2026-07-04 22:25:50.406 | INFO     | N/A | ⏳ 等待 Profile 更新任务...
2026-07-04 22:25:55.433 | INFO     | N/A | ⏳ 等待 Profile 更新任务...
2026-07-04 22:26:00.460 | INFO     | N/A | ⏳ 等待 Profile 更新任务...
2026-07-04 22:26:05.487 | INFO     | N/A | ⏳ 等待 Profile 更新任务...
2026-07-04 22:26:10.513 | INFO     | N/A | ⏳ 等待 Profile 更新任务...
2026-07-04 22:26:15.542 | INFO     | N/A | ⏳ 等待 Profile 更新任务...
2026-07-04 22:26:20.592 | INFO     | N/A | ⏳ 等待 Profile 更新任务...
2026-07-04 22:26:25.622 | INFO     | N/A | ⏳ 等待 Profile 更新任务...
2026-07-04 22:26:30.648 | INFO     | N/A | ⏳ 等待 Profile 更新任务...
2026-07-04 22:26:35.676 | INFO     | N/A | ⏳ 等待 Profile 更新任务...
2026-07-04 22:26:40.702 | INFO     | N/A | ⏳ 等待 Profile 更新任务...
2026-07-04 22:26:45.733 | INFO     | N/A | ⏳ 等待 Profile 更新任务...
2026-07-04 22:26:50.781 | INFO     | N/A | ⏳ 等待 Profile 更新任务...
2026-07-04 22:26:55.809 | INFO     | N/A | ⏳ 等待 Profile 更新任务...
2026-07-04 22:27:00.858 | INFO     | N/A | ⏳ 等待 Profile 更新任务...
2026-07-04 22:27:05.882 | INFO     | N/A | ⏳ 等待 Profile 更新任务...
2026-07-04 22:27:10.907 | INFO     | N/A | ⏳ 等待 Profile 更新任务...
2026-07-04 22:27:15.933 | INFO     | N/A | ⏳ 等待 Profile 更新任务...
2026-07-04 22:27:20.965 | INFO     | N/A | ⏳ 等待 Profile 更新任务...
2026-07-04 22:27:25.990 | INFO     | N/A | ⏳ 等待 Profile 更新任务...
2026-07-04 22:27:31.017 | INFO     | N/A | ⏳ 等待 Profile 更新任务...
2026-07-04 22:27:36.044 | INFO     | N/A | ⏳ 等待 Profile 更新任务...
2026-07-04 22:27:41.069 | INFO     | N/A | ⏳ 等待 Profile 更新任务...
2026-07-04 22:27:46.093 | INFO     | N/A | ⏳ 等待 Profile 更新任务...
2026-07-04 22:27:51.118 | INFO     | N/A | ⏳ 等待 Profile 更新任务...
2026-07-04 22:27:56.149 | INFO     | N/A | ⏳ 等待 Profile 更新任务...
2026-07-04 22:28:01.172 | INFO     | N/A | ⏳ 等待 Profile 更新任务...
2026-07-04 22:28:06.197 | INFO     | N/A | ⏳ 等待 Profile 更新任务...
2026-07-04 22:28:11.223 | INFO     | N/A | ⏳ 等待 Profile 更新任务...
2026-07-04 22:28:16.249 | INFO     | N/A | ⏳ 等待 Profile 更新任务...
2026-07-04 22:28:21.274 | INFO     | N/A | ⏳ 等待 Profile 更新任务...
2026-07-04 22:28:26.298 | INFO     | N/A | ⏳ 等待 Profile 更新任务...
2026-07-04 22:28:31.321 | INFO     | N/A | ⏳ 等待 Profile 更新任务...
2026-07-04 22:28:36.423 | INFO     | N/A | ⏳ 等待 Profile 更新任务...
2026-07-04 22:28:41.462 | INFO     | N/A | ⏳ 等待 Profile 更新任务...
2026-07-04 22:28:46.490 | INFO     | N/A | ⏳ 等待 Profile 更新任务...
2026-07-04 22:28:51.515 | INFO     | N/A | ⏳ 等待 Profile 更新任务...
2026-07-04 22:28:56.542 | INFO     | N/A | ⏳ 等待 Profile 更新任务...
2026-07-04 22:29:01.571 | INFO     | N/A | ⏳ 等待 Profile 更新任务...
2026-07-04 22:29:06.600 | INFO     | N/A | ⏳ 等待 Profile 更新任务...
2026-07-04 22:29:11.627 | INFO     | N/A | ⏳ 等待 Profile 更新任务...
2026-07-04 22:29:16.672 | INFO     | N/A | ⏳ 等待 Profile 更新任务...
2026-07-04 22:29:21.698 | INFO     | N/A | ⏳ 等待 Profile 更新任务...
2026-07-04 22:29:26.726 | INFO     | N/A | ⏳ 等待 Profile 更新任务...
2026-07-04 22:29:31.753 | INFO     | N/A | ⏳ 等待 Profile 更新任务...
2026-07-04 22:29:36.827 | INFO     | N/A | ⏳ 等待 Profile 更新任务...
2026-07-04 22:29:41.854 | INFO     | N/A | ⏳ 等待 Profile 更新任务...
2026-07-04 22:29:46.885 | INFO     | N/A | ⏳ 等待 Profile 更新任务...
2026-07-04 22:29:51.911 | INFO     | N/A | ⏳ 等待 Profile 更新任务...
2026-07-04 22:29:56.940 | INFO     | N/A | ⏳ 等待 Profile 更新任务...
2026-07-04 22:30:01.968 | INFO     | N/A | ⏳ 等待 Profile 更新任务...
2026-07-04 22:30:06.997 | INFO     | N/A | ⏳ 等待 Profile 更新任务...
2026-07-04 22:30:12.024 | INFO     | N/A | ⏳ 等待 Profile 更新任务...
2026-07-04 22:30:17.052 | INFO     | N/A | ⏳ 等待 Profile 更新任务...
2026-07-04 22:30:22.079 | INFO     | N/A | ⏳ 等待 Profile 更新任务...
2026-07-04 22:30:27.107 | INFO     | N/A | ⏳ 等待 Profile 更新任务...
2026-07-04 22:30:32.133 | INFO     | N/A | ⏳ 等待 Profile 更新任务...
2026-07-04 22:30:37.160 | INFO     | N/A | ⏳ 等待 Profile 更新任务...
2026-07-04 22:30:42.189 | INFO     | N/A | ⏳ 等待 Profile 更新任务...
2026-07-04 22:30:47.214 | INFO     | N/A | ⏳ 等待 Profile 更新任务...
2026-07-04 22:30:52.241 | INFO     | N/A | ⏳ 等待 Profile 更新任务...
2026-07-04 22:30:57.269 | INFO     | N/A | ⏳ 等待 Profile 更新任务...
2026-07-04 22:31:02.297 | INFO     | N/A | ⏳ 等待 Profile 更新任务...
2026-07-04 22:31:07.325 | INFO     | N/A | ⏳ 等待 Profile 更新任务...
2026-07-04 22:31:12.352 | INFO     | N/A | ⏳ 等待 Profile 更新任务...
2026-07-04 22:31:17.381 | INFO     | N/A | ⏳ 等待 Profile 更新任务...
2026-07-04 22:31:22.407 | INFO     | N/A | ⏳ 等待 Profile 更新任务...
2026-07-04 22:31:27.435 | INFO     | N/A | ⏳ 等待 Profile 更新任务...
2026-07-04 22:31:32.461 | INFO     | N/A | ⏳ 等待 Profile 更新任务...
2026-07-04 22:31:37.558 | INFO     | N/A | ⏳ 等待 Profile 更新任务...
2026-07-04 22:31:42.584 | INFO     | N/A | ⏳ 等待 Profile 更新任务...
2026-07-04 22:31:47.640 | INFO     | N/A | ⏳ 等待 Profile 更新任务...
2026-07-04 22:31:52.667 | INFO     | N/A | ⏳ 等待 Profile 更新任务...
2026-07-04 22:31:57.694 | INFO     | N/A | ⏳ 等待 Profile 更新任务...
2026-07-04 22:32:02.723 | INFO     | N/A | ⏳ 等待 Profile 更新任务...
2026-07-04 22:32:07.752 | INFO     | N/A | ⏳ 等待 Profile 更新任务...
2026-07-04 22:32:12.781 | INFO     | N/A | ⏳ 等待 Profile 更新任务...
2026-07-04 22:32:17.807 | INFO     | N/A | ⏳ 等待 Profile 更新任务...
2026-07-04 22:32:22.836 | INFO     | N/A | ⏳ 等待 Profile 更新任务...
2026-07-04 22:32:27.863 | INFO     | N/A | ⏳ 等待 Profile 更新任务...
2026-07-04 22:32:32.892 | INFO     | N/A | ⏳ 等待 Profile 更新任务...
2026-07-04 22:32:37.920 | INFO     | N/A | ⏳ 等待 Profile 更新任务...
2026-07-04 22:32:42.979 | INFO     | N/A | ⏳ 等待 Profile 更新任务...
2026-07-04 22:32:48.009 | INFO     | N/A | ⏳ 等待 Profile 更新任务...
2026-07-04 22:32:53.036 | INFO     | N/A | ⏳ 等待 Profile 更新任务...
2026-07-04 22:32:58.065 | INFO     | N/A | ⏳ 等待 Profile 更新任务...
2026-07-04 22:33:03.093 | INFO     | N/A | ⏳ 等待 Profile 更新任务...
2026-07-04 22:33:08.123 | INFO     | N/A | ⏳ 等待 Profile 更新任务...
2026-07-04 22:33:13.150 | INFO     | N/A | ⏳ 等待 Profile 更新任务...
2026-07-04 22:33:18.178 | INFO     | N/A | ⏳ 等待 Profile 更新任务...
2026-07-04 22:33:23.207 | INFO     | N/A | ⏳ 等待 Profile 更新任务...
2026-07-04 22:33:28.236 | INFO     | N/A | ⏳ 等待 Profile 更新任务...
2026-07-04 22:33:33.265 | INFO     | N/A | ⏳ 等待 Profile 更新任务...
2026-07-04 22:33:38.293 | INFO     | N/A | ⏳ 等待 Profile 更新任务...
2026-07-04 22:33:43.322 | INFO     | N/A | ⏳ 等待 Profile 更新任务...
2026-07-04 22:33:48.349 | INFO     | N/A | ⏳ 等待 Profile 更新任务...
2026-07-04 22:33:53.378 | INFO     | N/A | ⏳ 等待 Profile 更新任务...
2026-07-04 22:33:58.405 | INFO     | N/A | ⏳ 等待 Profile 更新任务...
2026-07-04 22:34:03.462 | INFO     | N/A | ⏳ 等待 Profile 更新任务...
2026-07-04 22:34:08.491 | INFO     | N/A | ⏳ 等待 Profile 更新任务...
2026-07-04 22:34:13.520 | INFO     | N/A | ⏳ 等待 Profile 更新任务...
2026-07-04 22:34:18.560 | INFO     | N/A | ⏳ 等待 Profile 更新任务...
2026-07-04 22:34:23.590 | INFO     | N/A | ⏳ 等待 Profile 更新任务...
2026-07-04 22:34:28.619 | INFO     | N/A | ⏳ 等待 Profile 更新任务...
2026-07-04 22:34:33.687 | INFO     | N/A | ⏳ 等待 Profile 更新任务...
2026-07-04 22:34:38.760 | INFO     | N/A | ⏳ 等待 Profile 更新任务...
2026-07-04 22:34:43.788 | INFO     | N/A | ⏳ 等待 Profile 更新任务...
2026-07-04 22:34:48.818 | INFO     | N/A | ⏳ 等待 Profile 更新任务...
2026-07-04 22:34:53.850 | INFO     | N/A | ⏳ 等待 Profile 更新任务...
2026-07-04 22:34:58.882 | INFO     | N/A | ⏳ 等待 Profile 更新任务...
2026-07-04 22:35:03.912 | INFO     | N/A | ⏳ 等待 Profile 更新任务...
2026-07-04 22:35:08.941 | INFO     | N/A | ⏳ 等待 Profile 更新任务...
2026-07-04 22:35:13.969 | INFO     | N/A | ⏳ 等待 Profile 更新任务...
2026-07-04 22:35:19.000 | INFO     | N/A | ⏳ 等待 Profile 更新任务...
2026-07-04 22:35:24.029 | INFO     | N/A | ⏳ 等待 Profile 更新任务...
2026-07-04 22:35:29.059 | INFO     | N/A | ⏳ 等待 Profile 更新任务...
2026-07-04 22:35:34.087 | INFO     | N/A | ⏳ 等待 Profile 更新任务...
2026-07-04 22:35:39.117 | INFO     | N/A | ⏳ 等待 Profile 更新任务...
2026-07-04 22:35:44.142 | INFO     | N/A | ⏳ 等待 Profile 更新任务...
2026-07-04 22:35:49.172 | INFO     | N/A | ⏳ 等待 Profile 更新任务...
2026-07-04 22:35:54.201 | INFO     | N/A | ⏳ 等待 Profile 更新任务...
2026-07-04 22:35:59.231 | INFO     | N/A | ⏳ 等待 Profile 更新任务...
2026-07-04 22:36:04.257 | INFO     | N/A | ⏳ 等待 Profile 更新任务...
2026-07-04 22:36:09.284 | INFO     | N/A | ⏳ 等待 Profile 更新任务...
2026-07-04 22:36:14.314 | INFO     | N/A | ⏳ 等待 Profile 更新任务...
2026-07-04 22:36:19.342 | INFO     | N/A | ⏳ 等待 Profile 更新任务...
2026-07-04 22:36:24.371 | INFO     | N/A | ⏳ 等待 Profile 更新任务...
2026-07-04 22:36:29.403 | INFO     | N/A | ⏳ 等待 Profile 更新任务...
2026-07-04 22:36:34.433 | INFO     | N/A | ⏳ 等待 Profile 更新任务...
2026-07-04 22:36:39.463 | INFO     | N/A | ⏳ 等待 Profile 更新任务...
2026-07-04 22:36:44.493 | INFO     | N/A | ⏳ 等待 Profile 更新任务...
2026-07-04 22:36:49.527 | INFO     | N/A | ⏳ 等待 Profile 更新任务...
2026-07-04 22:36:54.557 | INFO     | N/A | ⏳ 等待 Profile 更新任务...
2026-07-04 22:36:59.589 | INFO     | N/A | ⏳ 等待 Profile 更新任务...
2026-07-04 22:37:04.617 | INFO     | N/A | ⏳ 等待 Profile 更新任务...
2026-07-04 22:37:09.646 | INFO     | N/A | ⏳ 等待 Profile 更新任务...
2026-07-04 22:37:14.674 | INFO     | N/A | ⏳ 等待 Profile 更新任务...
2026-07-04 22:37:19.707 | INFO     | N/A | ⏳ 等待 Profile 更新任务...
2026-07-04 22:37:24.775 | INFO     | N/A | ⏳ 等待 Profile 更新任务...
2026-07-04 22:37:29.803 | INFO     | N/A | ⏳ 等待 Profile 更新任务...
2026-07-04 22:37:34.832 | INFO     | N/A | ⏳ 等待 Profile 更新任务...
2026-07-04 22:37:39.861 | INFO     | N/A | ⏳ 等待 Profile 更新任务...
2026-07-04 22:37:44.889 | INFO     | N/A | ⏳ 等待 Profile 更新任务...
2026-07-04 22:37:49.919 | INFO     | N/A | ⏳ 等待 Profile 更新任务...
2026-07-04 22:37:54.948 | INFO     | N/A | ⏳ 等待 Profile 更新任务...
2026-07-04 22:37:59.979 | INFO     | N/A | ⏳ 等待 Profile 更新任务...
2026-07-04 22:38:05.007 | INFO     | N/A | ⏳ 等待 Profile 更新任务...
2026-07-04 22:38:10.036 | INFO     | N/A | ⏳ 等待 Profile 更新任务...
2026-07-04 22:38:15.065 | INFO     | N/A | ⏳ 等待 Profile 更新任务...
2026-07-04 22:38:20.098 | INFO     | N/A | ⏳ 等待 Profile 更新任务...
2026-07-04 22:38:25.129 | INFO     | N/A | ⏳ 等待 Profile 更新任务...
2026-07-04 22:38:30.158 | INFO     | N/A | ⏳ 等待 Profile 更新任务...
2026-07-04 22:38:35.187 | INFO     | N/A | ⏳ 等待 Profile 更新任务...
2026-07-04 22:38:40.217 | INFO     | N/A | ⏳ 等待 Profile 更新任务...
2026-07-04 22:38:45.244 | INFO     | N/A | ⏳ 等待 Profile 更新任务...
2026-07-04 22:38:50.274 | INFO     | N/A | ⏳ 等待 Profile 更新任务...
2026-07-04 22:38:55.303 | INFO     | N/A | ⏳ 等待 Profile 更新任务...
2026-07-04 22:39:00.331 | INFO     | N/A | ⏳ 等待 Profile 更新任务...
2026-07-04 22:39:05.361 | INFO     | N/A | ⏳ 等待 Profile 更新任务...
2026-07-04 22:39:10.390 | INFO     | N/A | ⏳ 等待 Profile 更新任务...
2026-07-04 22:39:15.419 | INFO     | N/A | ⏳ 等待 Profile 更新任务...
2026-07-04 22:39:20.449 | INFO     | N/A | ⏳ 等待 Profile 更新任务...
2026-07-04 22:39:25.478 | INFO     | N/A | ⏳ 等待 Profile 更新任务...
2026-07-04 22:39:30.505 | INFO     | N/A | ⏳ 等待 Profile 更新任务...
2026-07-04 22:39:35.534 | INFO     | N/A | ⏳ 等待 Profile 更新任务...
2026-07-04 22:39:40.562 | INFO     | N/A | ⏳ 等待 Profile 更新任务...
2026-07-04 22:39:45.591 | INFO     | N/A | ⏳ 等待 Profile 更新任务...
2026-07-04 22:39:50.619 | INFO     | N/A | ⏳ 等待 Profile 更新任务...
2026-07-04 22:39:55.649 | INFO     | N/A | ⏳ 等待 Profile 更新任务...
2026-07-04 22:40:00.681 | INFO     | N/A | ⏳ 等待 Profile 更新任务...
2026-07-04 22:40:05.713 | INFO     | N/A | ⏳ 等待 Profile 更新任务...
2026-07-04 22:40:10.742 | INFO     | N/A | ⏳ 等待 Profile 更新任务...
2026-07-04 22:40:15.771 | INFO     | N/A | ⏳ 等待 Profile 更新任务...
2026-07-04 22:40:20.799 | INFO     | N/A | ⏳ 等待 Profile 更新任务...
2026-07-04 22:40:25.828 | INFO     | N/A | ⏳ 等待 Profile 更新任务...
2026-07-04 22:40:30.858 | INFO     | N/A | ⏳ 等待 Profile 更新任务...
2026-07-04 22:40:35.886 | INFO     | N/A | ⏳ 等待 Profile 更新任务...
2026-07-04 22:40:40.915 | INFO     | N/A | ⏳ 等待 Profile 更新任务...
2026-07-04 22:40:45.944 | INFO     | N/A | ⏳ 等待 Profile 更新任务...
2026-07-04 22:40:50.973 | INFO     | N/A | ⏳ 等待 Profile 更新任务...
2026-07-04 22:40:56.002 | INFO     | N/A | ⏳ 等待 Profile 更新任务...
2026-07-04 22:41:01.028 | INFO     | N/A | ⏳ 等待 Profile 更新任务...
2026-07-04 22:41:06.057 | INFO     | N/A | ⏳ 等待 Profile 更新任务...
2026-07-04 22:41:11.086 | INFO     | N/A | ⏳ 等待 Profile 更新任务...
2026-07-04 22:41:16.116 | INFO     | N/A | ⏳ 等待 Profile 更新任务...
2026-07-04 22:41:21.143 | INFO     | N/A | ⏳ 等待 Profile 更新任务...
2026-07-04 22:41:26.171 | INFO     | N/A | ⏳ 等待 Profile 更新任务...
2026-07-04 22:41:31.201 | INFO     | N/A | ⏳ 等待 Profile 更新任务...
2026-07-04 22:41:36.230 | INFO     | N/A | ⏳ 等待 Profile 更新任务...
2026-07-04 22:41:41.258 | INFO     | N/A | ⏳ 等待 Profile 更新任务...
2026-07-04 22:41:46.286 | INFO     | N/A | ⏳ 等待 Profile 更新任务...
2026-07-04 22:41:51.314 | INFO     | N/A | ⏳ 等待 Profile 更新任务...
2026-07-04 22:41:56.344 | INFO     | N/A | ⏳ 等待 Profile 更新任务...
2026-07-04 22:42:01.375 | INFO     | N/A | ⏳ 等待 Profile 更新任务...
2026-07-04 22:42:06.401 | INFO     | N/A | ⏳ 等待 Profile 更新任务...
2026-07-04 22:42:11.430 | INFO     | N/A | ⏳ 等待 Profile 更新任务...
2026-07-04 22:42:16.459 | INFO     | N/A | ⏳ 等待 Profile 更新任务...
2026-07-04 22:42:21.489 | INFO     | N/A | ⏳ 等待 Profile 更新任务...
2026-07-04 22:42:26.519 | INFO     | N/A | ⏳ 等待 Profile 更新任务...
2026-07-04 22:42:31.547 | INFO     | N/A | ⏳ 等待 Profile 更新任务...
2026-07-04 22:42:36.575 | INFO     | N/A | ⏳ 等待 Profile 更新任务...
2026-07-04 22:42:41.598 | INFO     | N/A | ⏳ 等待 Profile 更新任务...
2026-07-04 22:42:46.625 | INFO     | N/A | ⏳ 等待 Profile 更新任务...
2026-07-04 22:42:51.656 | INFO     | N/A | ⏳ 等待 Profile 更新任务...
2026-07-04 22:42:56.686 | INFO     | N/A | ⏳ 等待 Profile 更新任务...
2026-07-04 22:43:01.717 | INFO     | N/A | ⏳ 等待 Profile 更新任务...
2026-07-04 22:43:06.745 | INFO     | N/A | ⏳ 等待 Profile 更新任务...
2026-07-04 22:43:11.771 | INFO     | N/A | ⏳ 等待 Profile 更新任务...
2026-07-04 22:43:16.801 | INFO     | N/A | ⏳ 等待 Profile 更新任务...
2026-07-04 22:43:21.832 | INFO     | N/A | ⏳ 等待 Profile 更新任务...
2026-07-04 22:43:26.875 | INFO     | N/A | ⏳ 等待 Profile 更新任务...
2026-07-04 22:43:31.905 | INFO     | N/A | ⏳ 等待 Profile 更新任务...
2026-07-04 22:43:36.935 | INFO     | N/A | ⏳ 等待 Profile 更新任务...
2026-07-04 22:43:41.966 | INFO     | N/A | ⏳ 等待 Profile 更新任务...
2026-07-04 22:43:46.994 | INFO     | N/A | ⏳ 等待 Profile 更新任务...
2026-07-04 22:43:52.025 | INFO     | N/A | ⏳ 等待 Profile 更新任务...
2026-07-04 22:43:57.056 | INFO     | N/A | ⏳ 等待 Profile 更新任务...
2026-07-04 22:44:02.086 | INFO     | N/A | ⏳ 等待 Profile 更新任务...
2026-07-04 22:44:07.115 | INFO     | N/A | ⏳ 等待 Profile 更新任务...
2026-07-04 22:44:12.143 | INFO     | N/A | ⏳ 等待 Profile 更新任务...
2026-07-04 22:44:17.237 | INFO     | N/A | ⏳ 等待 Profile 更新任务...
2026-07-04 22:44:22.265 | INFO     | N/A | ⏳ 等待 Profile 更新任务...
2026-07-04 22:44:27.295 | INFO     | N/A | ⏳ 等待 Profile 更新任务...
2026-07-04 22:44:32.326 | INFO     | N/A | ⏳ 等待 Profile 更新任务...
2026-07-04 22:44:37.355 | INFO     | N/A | ⏳ 等待 Profile 更新任务...
2026-07-04 22:44:42.384 | INFO     | N/A | ⏳ 等待 Profile 更新任务...
2026-07-04 22:44:47.415 | INFO     | N/A | ⏳ 等待 Profile 更新任务...
2026-07-04 22:44:52.493 | INFO     | N/A | ⏳ 等待 Profile 更新任务...
2026-07-04 22:44:57.520 | INFO     | N/A | ⏳ 等待 Profile 更新任务...
2026-07-04 22:45:02.552 | INFO     | N/A | ⏳ 等待 Profile 更新任务...
2026-07-04 22:45:07.578 | INFO     | N/A | ⏳ 等待 Profile 更新任务...
2026-07-04 22:45:12.615 | INFO     | N/A | ⏳ 等待 Profile 更新任务...
2026-07-04 22:45:17.642 | INFO     | N/A | ⏳ 等待 Profile 更新任务...
2026-07-04 22:45:22.671 | INFO     | N/A | ⏳ 等待 Profile 更新任务...
2026-07-04 22:45:27.699 | INFO     | N/A | ⏳ 等待 Profile 更新任务...
2026-07-04 22:45:32.726 | INFO     | N/A | ⏳ 等待 Profile 更新任务...
2026-07-04 22:45:37.753 | INFO     | N/A | ⏳ 等待 Profile 更新任务...
2026-07-04 22:45:42.781 | INFO     | N/A | ⏳ 等待 Profile 更新任务...
2026-07-04 22:45:47.811 | INFO     | N/A | ⏳ 等待 Profile 更新任务...
2026-07-04 22:45:52.840 | INFO     | N/A | ⏳ 等待 Profile 更新任务...
2026-07-04 22:45:57.868 | INFO     | N/A | ⏳ 等待 Profile 更新任务...
2026-07-04 22:46:02.897 | INFO     | N/A | ⏳ 等待 Profile 更新任务...
2026-07-04 22:46:07.924 | INFO     | N/A | ⏳ 等待 Profile 更新任务...
2026-07-04 22:46:12.955 | INFO     | N/A | ⏳ 等待 Profile 更新任务...
2026-07-04 22:46:17.982 | INFO     | N/A | ⏳ 等待 Profile 更新任务...
2026-07-04 22:46:23.013 | INFO     | N/A | ⏳ 等待 Profile 更新任务...
2026-07-04 22:46:28.044 | INFO     | N/A | ⏳ 等待 Profile 更新任务...
2026-07-04 22:46:33.072 | INFO     | N/A | ⏳ 等待 Profile 更新任务...
2026-07-04 22:46:38.104 | INFO     | N/A | ⏳ 等待 Profile 更新任务...
2026-07-04 22:46:43.131 | INFO     | N/A | ⏳ 等待 Profile 更新任务...
2026-07-04 22:46:48.159 | INFO     | N/A | ⏳ 等待 Profile 更新任务...
2026-07-04 22:46:53.187 | INFO     | N/A | ⏳ 等待 Profile 更新任务...
2026-07-04 22:46:58.223 | INFO     | N/A | ⏳ 等待 Profile 更新任务...
2026-07-04 22:47:03.253 | INFO     | N/A | ⏳ 等待 Profile 更新任务...
2026-07-04 22:47:08.282 | INFO     | N/A | ⏳ 等待 Profile 更新任务...
2026-07-04 22:47:13.310 | INFO     | N/A | ⏳ 等待 Profile 更新任务...
2026-07-04 22:47:18.342 | INFO     | N/A | ⏳ 等待 Profile 更新任务...
2026-07-04 22:47:23.370 | INFO     | N/A | ⏳ 等待 Profile 更新任务...
2026-07-04 22:47:28.397 | INFO     | N/A | ⏳ 等待 Profile 更新任务...
2026-07-04 22:47:33.424 | INFO     | N/A | ⏳ 等待 Profile 更新任务...
2026-07-04 22:47:38.453 | INFO     | N/A | ⏳ 等待 Profile 更新任务...
2026-07-04 22:47:43.481 | INFO     | N/A | ⏳ 等待 Profile 更新任务...
2026-07-04 22:47:48.540 | INFO     | N/A | ⏳ 等待 Profile 更新任务...
2026-07-04 22:47:53.567 | INFO     | N/A | ⏳ 等待 Profile 更新任务...
2026-07-04 22:47:58.608 | INFO     | N/A | ⏳ 等待 Profile 更新任务...
2026-07-04 22:48:03.637 | INFO     | N/A | ⏳ 等待 Profile 更新任务...
2026-07-04 22:48:08.665 | INFO     | N/A | ⏳ 等待 Profile 更新任务...
2026-07-04 22:48:13.729 | INFO     | N/A | ⏳ 等待 Profile 更新任务...
2026-07-04 22:48:18.752 | INFO     | N/A | ⏳ 等待 Profile 更新任务...
2026-07-04 22:48:23.854 | INFO     | N/A | ⏳ 等待 Profile 更新任务...
2026-07-04 22:48:28.883 | INFO     | N/A | ⏳ 等待 Profile 更新任务...
2026-07-04 22:48:33.913 | INFO     | N/A | ⏳ 等待 Profile 更新任务...
2026-07-04 22:48:38.943 | INFO     | N/A | ⏳ 等待 Profile 更新任务...
2026-07-04 22:48:43.992 | INFO     | N/A | ⏳ 等待 Profile 更新任务...
2026-07-04 22:48:49.025 | INFO     | N/A | ⏳ 等待 Profile 更新任务...
2026-07-04 22:48:54.051 | INFO     | N/A | ⏳ 等待 Profile 更新任务...
2026-07-04 22:48:59.079 | INFO     | N/A | ⏳ 等待 Profile 更新任务...
2026-07-04 22:49:04.104 | INFO     | N/A | ⏳ 等待 Profile 更新任务...
2026-07-04 22:49:09.134 | INFO     | N/A | ⏳ 等待 Profile 更新任务...
2026-07-04 22:49:14.163 | INFO     | N/A | ⏳ 等待 Profile 更新任务...
2026-07-04 22:49:19.192 | INFO     | N/A | ⏳ 等待 Profile 更新任务...
2026-07-04 22:49:24.222 | INFO     | N/A | ⏳ 等待 Profile 更新任务...
2026-07-04 22:49:29.251 | INFO     | N/A | ⏳ 等待 Profile 更新任务...
2026-07-04 22:49:34.278 | INFO     | N/A | ⏳ 等待 Profile 更新任务...
2026-07-04 22:49:39.307 | INFO     | N/A | ⏳ 等待 Profile 更新任务...
2026-07-04 22:49:44.335 | INFO     | N/A | ⏳ 等待 Profile 更新任务...
2026-07-04 22:49:49.363 | INFO     | N/A | ⏳ 等待 Profile 更新任务...
2026-07-04 22:49:54.390 | INFO     | N/A | ⏳ 等待 Profile 更新任务...
2026-07-04 22:49:59.420 | INFO     | N/A | ⏳ 等待 Profile 更新任务...
2026-07-04 22:50:04.448 | INFO     | N/A | ⏳ 等待 Profile 更新任务...
2026-07-04 22:50:09.475 | INFO     | N/A | ⏳ 等待 Profile 更新任务...
2026-07-04 22:50:14.532 | INFO     | N/A | ⏳ 等待 Profile 更新任务...
2026-07-04 22:50:19.559 | INFO     | N/A | ⏳ 等待 Profile 更新任务...
2026-07-04 22:50:24.588 | INFO     | N/A | ⏳ 等待 Profile 更新任务...
2026-07-04 22:50:29.616 | INFO     | N/A | ⏳ 等待 Profile 更新任务...
2026-07-04 22:50:34.652 | INFO     | N/A | ⏳ 等待 Profile 更新任务...
2026-07-04 22:50:39.690 | INFO     | N/A | ⏳ 等待 Profile 更新任务...
2026-07-04 22:50:44.719 | INFO     | N/A | ⏳ 等待 Profile 更新任务...
2026-07-04 22:50:49.746 | INFO     | N/A | ⏳ 等待 Profile 更新任务...
2026-07-04 22:50:54.789 | INFO     | N/A | ⏳ 等待 Profile 更新任务...
2026-07-04 22:50:59.818 | INFO     | N/A | ⏳ 等待 Profile 更新任务...
2026-07-04 22:51:04.845 | INFO     | N/A | ⏳ 等待 Profile 更新任务...
2026-07-04 22:51:09.872 | INFO     | N/A | ⏳ 等待 Profile 更新任务...
2026-07-04 22:51:14.922 | INFO     | N/A | ⏳ 等待 Profile 更新任务...
2026-07-04 22:51:19.947 | INFO     | N/A | ⏳ 等待 Profile 更新任务...
2026-07-04 22:51:24.975 | INFO     | N/A | ⏳ 等待 Profile 更新任务...
2026-07-04 22:51:30.002 | INFO     | N/A | ⏳ 等待 Profile 更新任务...
2026-07-04 22:51:35.035 | INFO     | N/A | ⏳ 等待 Profile 更新任务...
2026-07-04 22:51:40.063 | INFO     | N/A | ⏳ 等待 Profile 更新任务...
2026-07-04 22:51:45.091 | INFO     | N/A | ⏳ 等待 Profile 更新任务...
2026-07-04 22:51:50.120 | INFO     | N/A | ⏳ 等待 Profile 更新任务...
2026-07-04 22:51:55.145 | INFO     | N/A | ⏳ 等待 Profile 更新任务...
2026-07-04 22:52:00.173 | INFO     | N/A | ⏳ 等待 Profile 更新任务...
2026-07-04 22:52:05.201 | INFO     | N/A | ⏳ 等待 Profile 更新任务...
2026-07-04 22:52:10.230 | INFO     | N/A | ⏳ 等待 Profile 更新任务...
2026-07-04 22:52:15.274 | INFO     | N/A | ⏳ 等待 Profile 更新任务...
2026-07-04 22:52:20.300 | INFO     | N/A | ⏳ 等待 Profile 更新任务...
2026-07-04 22:52:25.378 | INFO     | N/A | ⏳ 等待 Profile 更新任务...
2026-07-04 22:52:30.405 | INFO     | N/A | ⏳ 等待 Profile 更新任务...
2026-07-04 22:52:35.433 | INFO     | N/A | ⏳ 等待 Profile 更新任务...
2026-07-04 22:52:40.463 | INFO     | N/A | ⏳ 等待 Profile 更新任务...
2026-07-04 22:52:45.562 | INFO     | N/A | ⏳ 等待 Profile 更新任务...
2026-07-04 22:52:50.591 | INFO     | N/A | ⏳ 等待 Profile 更新任务...
2026-07-04 22:52:55.618 | INFO     | N/A | ⏳ 等待 Profile 更新任务...
2026-07-04 22:53:00.650 | INFO     | N/A | ⏳ 等待 Profile 更新任务...
2026-07-04 22:53:05.684 | INFO     | N/A | ⏳ 等待 Profile 更新任务...
2026-07-04 22:53:10.713 | INFO     | N/A | ⏳ 等待 Profile 更新任务...
2026-07-04 22:53:15.741 | INFO     | N/A | ⏳ 等待 Profile 更新任务...
2026-07-04 22:53:20.768 | INFO     | N/A | ⏳ 等待 Profile 更新任务...
2026-07-04 22:53:25.798 | INFO     | N/A | ⏳ 等待 Profile 更新任务...
2026-07-04 22:53:30.824 | INFO     | N/A | ⏳ 等待 Profile 更新任务...
2026-07-04 22:53:35.852 | INFO     | N/A | ⏳ 等待 Profile 更新任务...
2026-07-04 22:53:40.876 | INFO     | N/A | ⏳ 等待 Profile 更新任务...
2026-07-04 22:53:45.905 | INFO     | N/A | ⏳ 等待 Profile 更新任务...
2026-07-04 22:53:50.932 | INFO     | N/A | ⏳ 等待 Profile 更新任务...
2026-07-04 22:53:55.961 | INFO     | N/A | ⏳ 等待 Profile 更新任务...
2026-07-04 22:54:00.988 | INFO     | N/A | ⏳ 等待 Profile 更新任务...
2026-07-04 22:54:06.015 | INFO     | N/A | ⏳ 等待 Profile 更新任务...
2026-07-04 22:54:11.041 | INFO     | N/A | ⏳ 等待 Profile 更新任务...
2026-07-04 22:54:16.070 | INFO     | N/A | ⏳ 等待 Profile 更新任务...
2026-07-04 22:54:21.099 | INFO     | N/A | ⏳ 等待 Profile 更新任务...
2026-07-04 22:54:26.132 | INFO     | N/A | ⏳ 等待 Profile 更新任务...
2026-07-04 22:54:31.161 | INFO     | N/A | ⏳ 等待 Profile 更新任务...
2026-07-04 22:54:36.189 | INFO     | N/A | ⏳ 等待 Profile 更新任务...
2026-07-04 22:54:41.218 | INFO     | N/A | ⏳ 等待 Profile 更新任务...
2026-07-04 22:54:46.248 | INFO     | N/A | ⏳ 等待 Profile 更新任务...
2026-07-04 22:54:51.276 | INFO     | N/A | ⏳ 等待 Profile 更新任务...
2026-07-04 22:54:56.304 | INFO     | N/A | ⏳ 等待 Profile 更新任务...
2026-07-04 22:55:01.338 | INFO     | N/A | ⏳ 等待 Profile 更新任务...
2026-07-04 22:55:06.365 | INFO     | N/A | ⏳ 等待 Profile 更新任务...
2026-07-04 22:55:11.394 | INFO     | N/A | ⏳ 等待 Profile 更新任务...
2026-07-04 22:55:16.426 | INFO     | N/A | ⏳ 等待 Profile 更新任务...
2026-07-04 22:55:21.453 | INFO     | N/A | ⏳ 等待 Profile 更新任务...
2026-07-04 22:55:26.484 | INFO     | N/A | ⏳ 等待 Profile 更新任务...
2026-07-04 22:55:31.512 | INFO     | N/A | ⏳ 等待 Profile 更新任务...
2026-07-04 22:55:36.538 | INFO     | N/A | ⏳ 等待 Profile 更新任务...
2026-07-04 22:55:41.569 | INFO     | N/A | ⏳ 等待 Profile 更新任务...
2026-07-04 22:55:46.596 | INFO     | N/A | ⏳ 等待 Profile 更新任务...
2026-07-04 22:55:51.627 | INFO     | N/A | ⏳ 等待 Profile 更新任务...
2026-07-04 22:55:56.658 | INFO     | N/A | ⏳ 等待 Profile 更新任务...
2026-07-04 22:56:01.687 | INFO     | N/A | ⏳ 等待 Profile 更新任务...
2026-07-04 22:56:06.717 | INFO     | N/A | ⏳ 等待 Profile 更新任务...
2026-07-04 22:56:11.744 | INFO     | N/A | ⏳ 等待 Profile 更新任务...
2026-07-04 22:56:16.769 | INFO     | N/A | ⏳ 等待 Profile 更新任务...
2026-07-04 22:56:21.793 | INFO     | N/A | ⏳ 等待 Profile 更新任务...
2026-07-04 22:56:26.820 | INFO     | N/A | ⏳ 等待 Profile 更新任务...
2026-07-04 22:56:31.849 | INFO     | N/A | ⏳ 等待 Profile 更新任务...
2026-07-04 22:56:36.880 | INFO     | N/A | ⏳ 等待 Profile 更新任务...
2026-07-04 22:56:41.911 | INFO     | N/A | ⏳ 等待 Profile 更新任务...
2026-07-04 22:56:46.937 | INFO     | N/A | ⏳ 等待 Profile 更新任务...
2026-07-04 22:56:51.967 | INFO     | N/A | ⏳ 等待 Profile 更新任务...
2026-07-04 22:56:57.005 | INFO     | N/A | ⏳ 等待 Profile 更新任务...
2026-07-04 22:57:02.036 | INFO     | N/A | ⏳ 等待 Profile 更新任务...
2026-07-04 22:57:07.065 | INFO     | N/A | ⏳ 等待 Profile 更新任务...
2026-07-04 22:57:12.094 | INFO     | N/A | ⏳ 等待 Profile 更新任务...
2026-07-04 22:57:17.122 | INFO     | N/A | ⏳ 等待 Profile 更新任务...
2026-07-04 22:57:22.150 | INFO     | N/A | ⏳ 等待 Profile 更新任务...
2026-07-04 22:57:27.179 | INFO     | N/A | ⏳ 等待 Profile 更新任务...
2026-07-04 22:57:32.208 | INFO     | N/A | ⏳ 等待 Profile 更新任务...
2026-07-04 22:57:37.236 | INFO     | N/A | ⏳ 等待 Profile 更新任务...
2026-07-04 22:57:42.266 | INFO     | N/A | ⏳ 等待 Profile 更新任务...
2026-07-04 22:57:47.295 | INFO     | N/A | ⏳ 等待 Profile 更新任务...
2026-07-04 22:57:52.343 | INFO     | N/A | ⏳ 等待 Profile 更新任务...
2026-07-04 22:57:57.421 | INFO     | N/A | ⏳ 等待 Profile 更新任务...
2026-07-04 22:58:02.455 | INFO     | N/A | ⏳ 等待 Profile 更新任务...
2026-07-04 22:58:07.485 | INFO     | N/A | ⏳ 等待 Profile 更新任务...
2026-07-04 22:58:12.515 | INFO     | N/A | ⏳ 等待 Profile 更新任务...
2026-07-04 22:58:17.543 | INFO     | N/A | ⏳ 等待 Profile 更新任务...
2026-07-04 22:58:22.571 | INFO     | N/A | ⏳ 等待 Profile 更新任务...
2026-07-04 22:58:27.601 | INFO     | N/A | ⏳ 等待 Profile 更新任务...
2026-07-04 22:58:32.628 | INFO     | N/A | ⏳ 等待 Profile 更新任务...
2026-07-04 22:58:37.659 | INFO     | N/A | ⏳ 等待 Profile 更新任务...
2026-07-04 22:58:42.687 | INFO     | N/A | ⏳ 等待 Profile 更新任务...
2026-07-04 22:58:47.738 | INFO     | N/A | ⏳ 等待 Profile 更新任务...
2026-07-04 22:58:52.765 | INFO     | N/A | ⏳ 等待 Profile 更新任务...
2026-07-04 22:58:57.791 | INFO     | N/A | ⏳ 等待 Profile 更新任务...
2026-07-04 22:59:02.822 | INFO     | N/A | ⏳ 等待 Profile 更新任务...
2026-07-04 22:59:07.851 | INFO     | N/A | ⏳ 等待 Profile 更新任务...
2026-07-04 22:59:12.879 | INFO     | N/A | ⏳ 等待 Profile 更新任务...
2026-07-04 22:59:17.908 | INFO     | N/A | ⏳ 等待 Profile 更新任务...
2026-07-04 22:59:22.938 | INFO     | N/A | ⏳ 等待 Profile 更新任务...
2026-07-04 22:59:27.968 | INFO     | N/A | ⏳ 等待 Profile 更新任务...
2026-07-04 22:59:33.001 | INFO     | N/A | ⏳ 等待 Profile 更新任务...
2026-07-04 22:59:38.027 | INFO     | N/A | ⏳ 等待 Profile 更新任务...
2026-07-04 22:59:43.054 | INFO     | N/A | ⏳ 等待 Profile 更新任务...
2026-07-04 22:59:48.083 | INFO     | N/A | ⏳ 等待 Profile 更新任务...
2026-07-04 22:59:53.113 | INFO     | N/A | ⏳ 等待 Profile 更新任务...
2026-07-04 22:59:58.140 | INFO     | N/A | ⏳ 等待 Profile 更新任务...
2026-07-04 23:00:03.171 | INFO     | N/A | ⏳ 等待 Profile 更新任务...
2026-07-04 23:00:08.200 | INFO     | N/A | ⏳ 等待 Profile 更新任务...
2026-07-04 23:00:13.229 | INFO     | N/A | ⏳ 等待 Profile 更新任务...
2026-07-04 23:00:18.290 | INFO     | N/A | ⏳ 等待 Profile 更新任务...
2026-07-04 23:00:23.376 | INFO     | N/A | ⏳ 等待 Profile 更新任务...
2026-07-04 23:00:28.404 | INFO     | N/A | ⏳ 等待 Profile 更新任务...
2026-07-04 23:00:33.433 | INFO     | N/A | ⏳ 等待 Profile 更新任务...
2026-07-04 23:00:38.462 | INFO     | N/A | ⏳ 等待 Profile 更新任务...
2026-07-04 23:00:43.517 | INFO     | N/A | ⏳ 等待 Profile 更新任务...
2026-07-04 23:00:48.544 | INFO     | N/A | ⏳ 等待 Profile 更新任务...
2026-07-04 23:00:53.572 | INFO     | N/A | ⏳ 等待 Profile 更新任务...
2026-07-04 23:00:58.603 | INFO     | N/A | ⏳ 等待 Profile 更新任务...
2026-07-04 23:01:03.632 | INFO     | N/A | ⏳ 等待 Profile 更新任务...
2026-07-04 23:01:08.662 | INFO     | N/A | ⏳ 等待 Profile 更新任务...
2026-07-04 23:01:13.692 | INFO     | N/A | ⏳ 等待 Profile 更新任务...
2026-07-04 23:01:18.721 | INFO     | N/A | ⏳ 等待 Profile 更新任务...
2026-07-04 23:01:23.749 | INFO     | N/A | ⏳ 等待 Profile 更新任务...
2026-07-04 23:01:28.777 | INFO     | N/A | ⏳ 等待 Profile 更新任务...
2026-07-04 23:01:33.808 | INFO     | N/A | ⏳ 等待 Profile 更新任务...
2026-07-04 23:01:38.837 | INFO     | N/A | ⏳ 等待 Profile 更新任务...
2026-07-04 23:01:43.862 | INFO     | N/A | ⏳ 等待 Profile 更新任务...
2026-07-04 23:01:48.902 | INFO     | N/A | ⏳ 等待 Profile 更新任务...
2026-07-04 23:01:53.929 | INFO     | N/A | ⏳ 等待 Profile 更新任务...
2026-07-04 23:01:58.956 | INFO     | N/A | ⏳ 等待 Profile 更新任务...
2026-07-04 23:02:03.983 | INFO     | N/A | ⏳ 等待 Profile 更新任务...
2026-07-04 23:02:09.015 | INFO     | N/A | ⏳ 等待 Profile 更新任务...
2026-07-04 23:02:14.043 | INFO     | N/A | ⏳ 等待 Profile 更新任务...
2026-07-04 23:02:19.069 | INFO     | N/A | ⏳ 等待 Profile 更新任务...
2026-07-04 23:02:24.096 | INFO     | N/A | ⏳ 等待 Profile 更新任务...
2026-07-04 23:02:29.120 | INFO     | N/A | ⏳ 等待 Profile 更新任务...
2026-07-04 23:02:34.148 | INFO     | N/A | ⏳ 等待 Profile 更新任务...
2026-07-04 23:02:39.175 | INFO     | N/A | ⏳ 等待 Profile 更新任务...
2026-07-04 23:02:44.203 | INFO     | N/A | ⏳ 等待 Profile 更新任务...
2026-07-04 23:02:49.231 | INFO     | N/A | ⏳ 等待 Profile 更新任务...
2026-07-04 23:02:54.260 | INFO     | N/A | ⏳ 等待 Profile 更新任务...
2026-07-04 23:02:59.290 | INFO     | N/A | ⏳ 等待 Profile 更新任务...
2026-07-04 23:03:04.321 | INFO     | N/A | ⏳ 等待 Profile 更新任务...
2026-07-04 23:03:09.351 | INFO     | N/A | ⏳ 等待 Profile 更新任务...
2026-07-04 23:03:14.379 | INFO     | N/A | ⏳ 等待 Profile 更新任务...
2026-07-04 23:03:19.408 | INFO     | N/A | ⏳ 等待 Profile 更新任务...
2026-07-04 23:03:24.438 | INFO     | N/A | ⏳ 等待 Profile 更新任务...
2026-07-04 23:03:29.464 | INFO     | N/A | ⏳ 等待 Profile 更新任务...
2026-07-04 23:03:34.494 | INFO     | N/A | ⏳ 等待 Profile 更新任务...
2026-07-04 23:03:39.525 | INFO     | N/A | ⏳ 等待 Profile 更新任务...
2026-07-04 23:03:44.554 | INFO     | N/A | ⏳ 等待 Profile 更新任务...
2026-07-04 23:03:49.582 | INFO     | N/A | ⏳ 等待 Profile 更新任务...
2026-07-04 23:03:54.648 | INFO     | N/A | ⏳ 等待 Profile 更新任务...
2026-07-04 23:03:59.674 | INFO     | N/A | ⏳ 等待 Profile 更新任务...
2026-07-04 23:04:04.703 | INFO     | N/A | ⏳ 等待 Profile 更新任务...
2026-07-04 23:04:09.731 | INFO     | N/A | ⏳ 等待 Profile 更新任务...
2026-07-04 23:04:14.761 | INFO     | N/A | ⏳ 等待 Profile 更新任务...
2026-07-04 23:04:19.790 | INFO     | N/A | ⏳ 等待 Profile 更新任务...
2026-07-04 23:04:24.818 | INFO     | N/A | ⏳ 等待 Profile 更新任务...
2026-07-04 23:04:29.846 | INFO     | N/A | ⏳ 等待 Profile 更新任务...
2026-07-04 23:04:34.877 | INFO     | N/A | ⏳ 等待 Profile 更新任务...
2026-07-04 23:04:39.907 | INFO     | N/A | ⏳ 等待 Profile 更新任务...
2026-07-04 23:04:44.935 | INFO     | N/A | ⏳ 等待 Profile 更新任务...
2026-07-04 23:04:49.964 | INFO     | N/A | ⏳ 等待 Profile 更新任务...
2026-07-04 23:04:54.989 | INFO     | N/A | ⏳ 等待 Profile 更新任务...
2026-07-04 23:05:00.016 | INFO     | N/A | ⏳ 等待 Profile 更新任务...
2026-07-04 23:05:05.045 | INFO     | N/A | ⏳ 等待 Profile 更新任务...
2026-07-04 23:05:10.074 | INFO     | N/A | ⏳ 等待 Profile 更新任务...
2026-07-04 23:05:15.103 | INFO     | N/A | ⏳ 等待 Profile 更新任务...
2026-07-04 23:05:20.134 | INFO     | N/A | ⏳ 等待 Profile 更新任务...
2026-07-04 23:05:25.166 | INFO     | N/A | ⏳ 等待 Profile 更新任务...
2026-07-04 23:05:30.194 | INFO     | N/A | ⏳ 等待 Profile 更新任务...
2026-07-04 23:05:35.223 | INFO     | N/A | ⏳ 等待 Profile 更新任务...
2026-07-04 23:05:40.253 | INFO     | N/A | ⏳ 等待 Profile 更新任务...
2026-07-04 23:05:45.279 | INFO     | N/A | ⏳ 等待 Profile 更新任务...
2026-07-04 23:05:50.307 | INFO     | N/A | ⏳ 等待 Profile 更新任务...
2026-07-04 23:05:55.336 | INFO     | N/A | ⏳ 等待 Profile 更新任务...
2026-07-04 23:06:00.360 | INFO     | N/A | ⏳ 等待 Profile 更新任务...
2026-07-04 23:06:05.389 | INFO     | N/A | ⏳ 等待 Profile 更新任务...
2026-07-04 23:06:10.419 | INFO     | N/A | ⏳ 等待 Profile 更新任务...
2026-07-04 23:06:15.450 | INFO     | N/A | ⏳ 等待 Profile 更新任务...
2026-07-04 23:06:20.478 | INFO     | N/A | ⏳ 等待 Profile 更新任务...
2026-07-04 23:06:25.507 | INFO     | N/A | ⏳ 等待 Profile 更新任务...
2026-07-04 23:06:30.536 | INFO     | N/A | ⏳ 等待 Profile 更新任务...
2026-07-04 23:06:35.565 | INFO     | N/A | ⏳ 等待 Profile 更新任务...
2026-07-04 23:06:40.611 | INFO     | N/A | ⏳ 等待 Profile 更新任务...
2026-07-04 23:06:45.639 | INFO     | N/A | ⏳ 等待 Profile 更新任务...
2026-07-04 23:06:50.668 | INFO     | N/A | ⏳ 等待 Profile 更新任务...
2026-07-04 23:06:55.696 | INFO     | N/A | ⏳ 等待 Profile 更新任务...
2026-07-04 23:07:00.724 | INFO     | N/A | ⏳ 等待 Profile 更新任务...
2026-07-04 23:07:05.755 | INFO     | N/A | ⏳ 等待 Profile 更新任务...
2026-07-04 23:07:10.787 | INFO     | N/A | ⏳ 等待 Profile 更新任务...
2026-07-04 23:07:15.816 | INFO     | N/A | ⏳ 等待 Profile 更新任务...
2026-07-04 23:07:20.847 | INFO     | N/A | ⏳ 等待 Profile 更新任务...
2026-07-04 23:07:25.876 | INFO     | N/A | ⏳ 等待 Profile 更新任务...
2026-07-04 23:07:30.903 | INFO     | N/A | ⏳ 等待 Profile 更新任务...
2026-07-04 23:07:35.930 | INFO     | N/A | ⏳ 等待 Profile 更新任务...
2026-07-04 23:07:40.958 | INFO     | N/A | ⏳ 等待 Profile 更新任务...
2026-07-04 23:07:45.986 | INFO     | N/A | ⏳ 等待 Profile 更新任务...
2026-07-04 23:07:51.015 | INFO     | N/A | ⏳ 等待 Profile 更新任务...
2026-07-04 23:07:56.044 | INFO     | N/A | ⏳ 等待 Profile 更新任务...
2026-07-04 23:08:01.071 | INFO     | N/A | ⏳ 等待 Profile 更新任务...
2026-07-04 23:08:06.102 | INFO     | N/A | ⏳ 等待 Profile 更新任务...
2026-07-04 23:08:11.130 | INFO     | N/A | ⏳ 等待 Profile 更新任务...
2026-07-04 23:08:16.158 | INFO     | N/A | ⏳ 等待 Profile 更新任务...
2026-07-04 23:08:21.230 | INFO     | N/A | ⏳ 等待 Profile 更新任务...
2026-07-04 23:08:26.257 | INFO     | N/A | ⏳ 等待 Profile 更新任务...
2026-07-04 23:08:31.285 | INFO     | N/A | ⏳ 等待 Profile 更新任务...
2026-07-04 23:08:36.314 | INFO     | N/A | ⏳ 等待 Profile 更新任务...
2026-07-04 23:08:41.344 | INFO     | N/A | ⏳ 等待 Profile 更新任务...
2026-07-04 23:08:46.374 | INFO     | N/A | ⏳ 等待 Profile 更新任务...
2026-07-04 23:08:51.405 | INFO     | N/A | ⏳ 等待 Profile 更新任务...
2026-07-04 23:08:56.433 | INFO     | N/A | ⏳ 等待 Profile 更新任务...
2026-07-04 23:09:01.462 | INFO     | N/A | ⏳ 等待 Profile 更新任务...
2026-07-04 23:09:06.494 | INFO     | N/A | ⏳ 等待 Profile 更新任务...
2026-07-04 23:09:11.544 | INFO     | N/A | ⏳ 等待 Profile 更新任务...
2026-07-04 23:09:16.569 | INFO     | N/A | ⏳ 等待 Profile 更新任务...
2026-07-04 23:09:21.600 | INFO     | N/A | ⏳ 等待 Profile 更新任务...
2026-07-04 23:09:26.628 | INFO     | N/A | ⏳ 等待 Profile 更新任务...
2026-07-04 23:09:31.659 | INFO     | N/A | ⏳ 等待 Profile 更新任务...
2026-07-04 23:09:36.685 | INFO     | N/A | ⏳ 等待 Profile 更新任务...
2026-07-04 23:09:41.714 | INFO     | N/A | ⏳ 等待 Profile 更新任务...
2026-07-04 23:09:46.743 | INFO     | N/A | ⏳ 等待 Profile 更新任务...
2026-07-04 23:09:51.771 | INFO     | N/A | ⏳ 等待 Profile 更新任务...
2026-07-04 23:09:56.800 | INFO     | N/A | ⏳ 等待 Profile 更新任务...
2026-07-04 23:10:01.829 | INFO     | N/A | ⏳ 等待 Profile 更新任务...
2026-07-04 23:10:06.858 | INFO     | N/A | ⏳ 等待 Profile 更新任务...
2026-07-04 23:10:11.885 | INFO     | N/A | ⏳ 等待 Profile 更新任务...
2026-07-04 23:10:16.915 | INFO     | N/A | ⏳ 等待 Profile 更新任务...
2026-07-04 23:10:21.942 | INFO     | N/A | ⏳ 等待 Profile 更新任务...
2026-07-04 23:10:26.971 | INFO     | N/A | ⏳ 等待 Profile 更新任务...
2026-07-04 23:10:31.997 | INFO     | N/A | ⏳ 等待 Profile 更新任务...
2026-07-04 23:10:37.023 | INFO     | N/A | ⏳ 等待 Profile 更新任务...
2026-07-04 23:10:42.052 | INFO     | N/A | ⏳ 等待 Profile 更新任务...
2026-07-04 23:10:47.079 | INFO     | N/A | ⏳ 等待 Profile 更新任务...
2026-07-04 23:10:52.108 | INFO     | N/A | ⏳ 等待 Profile 更新任务...
2026-07-04 23:10:57.134 | INFO     | N/A | ⏳ 等待 Profile 更新任务...
2026-07-04 23:11:02.162 | INFO     | N/A | ⏳ 等待 Profile 更新任务...
2026-07-04 23:11:07.188 | INFO     | N/A | ⏳ 等待 Profile 更新任务...
2026-07-04 23:11:12.217 | INFO     | N/A | ⏳ 等待 Profile 更新任务...
2026-07-04 23:11:17.246 | INFO     | N/A | ⏳ 等待 Profile 更新任务...
2026-07-04 23:11:22.276 | INFO     | N/A | ⏳ 等待 Profile 更新任务...
2026-07-04 23:11:27.305 | INFO     | N/A | ⏳ 等待 Profile 更新任务...
2026-07-04 23:11:32.335 | INFO     | N/A | ⏳ 等待 Profile 更新任务...
2026-07-04 23:11:37.364 | INFO     | N/A | ⏳ 等待 Profile 更新任务...
2026-07-04 23:11:42.392 | INFO     | N/A | ⏳ 等待 Profile 更新任务...
2026-07-04 23:11:47.419 | INFO     | N/A | ⏳ 等待 Profile 更新任务...
2026-07-04 23:11:52.446 | INFO     | N/A | ⏳ 等待 Profile 更新任务...
2026-07-04 23:11:57.473 | INFO     | N/A | ⏳ 等待 Profile 更新任务...
2026-07-04 23:12:02.502 | INFO     | N/A | ⏳ 等待 Profile 更新任务...
2026-07-04 23:12:07.533 | INFO     | N/A | ⏳ 等待 Profile 更新任务...
2026-07-04 23:12:12.561 | INFO     | N/A | ⏳ 等待 Profile 更新任务...
2026-07-04 23:12:17.589 | INFO     | N/A | ⏳ 等待 Profile 更新任务...
2026-07-04 23:12:22.616 | INFO     | N/A | ⏳ 等待 Profile 更新任务...
2026-07-04 23:12:27.707 | INFO     | N/A | ⏳ 等待 Profile 更新任务...
2026-07-04 23:12:32.736 | INFO     | N/A | ⏳ 等待 Profile 更新任务...
2026-07-04 23:12:37.764 | INFO     | N/A | ⏳ 等待 Profile 更新任务...
2026-07-04 23:12:42.794 | INFO     | N/A | ⏳ 等待 Profile 更新任务...
2026-07-04 23:12:47.821 | INFO     | N/A | ⏳ 等待 Profile 更新任务...
2026-07-04 23:12:52.851 | INFO     | N/A | ⏳ 等待 Profile 更新任务...
2026-07-04 23:12:57.887 | INFO     | N/A | ⏳ 等待 Profile 更新任务...
2026-07-04 23:13:02.916 | INFO     | N/A | ⏳ 等待 Profile 更新任务...
2026-07-04 23:13:07.947 | INFO     | N/A | ⏳ 等待 Profile 更新任务...
2026-07-04 23:13:12.971 | INFO     | N/A | ⏳ 等待 Profile 更新任务...
2026-07-04 23:13:18.000 | INFO     | N/A | ⏳ 等待 Profile 更新任务...
2026-07-04 23:13:23.028 | INFO     | N/A | ⏳ 等待 Profile 更新任务...
2026-07-04 23:13:28.098 | INFO     | N/A | ⏳ 等待 Profile 更新任务...
2026-07-04 23:13:33.127 | INFO     | N/A | ⏳ 等待 Profile 更新任务...
2026-07-04 23:13:38.156 | INFO     | N/A | ⏳ 等待 Profile 更新任务...
2026-07-04 23:13:43.184 | INFO     | N/A | ⏳ 等待 Profile 更新任务...
2026-07-04 23:13:48.213 | INFO     | N/A | ⏳ 等待 Profile 更新任务...
2026-07-04 23:13:53.243 | INFO     | N/A | ⏳ 等待 Profile 更新任务...
2026-07-04 23:13:58.267 | INFO     | N/A | ⏳ 等待 Profile 更新任务...
2026-07-04 23:14:03.297 | INFO     | N/A | ⏳ 等待 Profile 更新任务...
2026-07-04 23:14:08.324 | INFO     | N/A | ⏳ 等待 Profile 更新任务...
2026-07-04 23:14:13.348 | INFO     | N/A | ⏳ 等待 Profile 更新任务...
