2026-07-10 02:13:34.397 | ERROR    | N/A | Worker 主循环异常: Timeout reading from socket
Traceback (most recent call last):

  File "D:\毕业设计\Travel_python\.venv\Lib\site-packages\redis\_parsers\socket.py", line 64, in _read_from_socket
    data = sock.recv(socket_read_size)

TimeoutError: timed out


During handling of the above exception, another exception occurred:


Traceback (most recent call last):

  File "D:\毕业设计\Travel_python\travel_ai_python\app\service\profile_worker.py", line 194, in <module>
    run_worker()

> File "D:\毕业设计\Travel_python\travel_ai_python\app\service\profile_worker.py", line 169, in run_worker
    task_data = pop_profile_update_task(block=True, timeout=5)

  File "D:\毕业设计\Travel_python\travel_ai_python\app\utils\redis_client.py", line 43, in pop_profile_update_task
    result = redis_client.brpop(PROFILE_UPDATE_QUEUE, timeout=timeout)

  File "D:\毕业设计\Travel_python\.venv\Lib\site-packages\redis\commands\core.py", line 4751, in brpop
    return self.execute_command("BRPOP", *keys)
  File "D:\毕业设计\Travel_python\.venv\Lib\site-packages\redis\client.py", line 787, in execute_command
    return self._execute_command(*args, **options)
  File "D:\毕业设计\Travel_python\.venv\Lib\site-packages\redis\client.py", line 809, in _execute_command
    result = conn.retry.call_with_retry(
  File "D:\毕业设计\Travel_python\.venv\Lib\site-packages\redis\retry.py", line 132, in call_with_retry
    raise error
  File "D:\毕业设计\Travel_python\.venv\Lib\site-packages\redis\retry.py", line 120, in call_with_retry
    return do()
  File "D:\毕业设计\Travel_python\.venv\Lib\site-packages\redis\client.py", line 810, in <lambda>
    lambda: self._send_command_parse_response(
  File "D:\毕业设计\Travel_python\.venv\Lib\site-packages\redis\client.py", line 753, in _send_command_parse_response
    return self.parse_response(conn, command_name, **options)
  File "D:\毕业设计\Travel_python\.venv\Lib\site-packages\redis\client.py", line 853, in parse_response
    response = connection.read_response()
  File "D:\毕业设计\Travel_python\.venv\Lib\site-packages\redis\connection.py", line 1371, in read_response
    response = self._parser.read_response(
  File "D:\毕业设计\Travel_python\.venv\Lib\site-packages\redis\_parsers\resp3.py", line 40, in read_response
    result = self._read_response(
  File "D:\毕业设计\Travel_python\.venv\Lib\site-packages\redis\_parsers\resp3.py", line 65, in _read_response
    raw = self._buffer.readline(timeout=timeout)
  File "D:\毕业设计\Travel_python\.venv\Lib\site-packages\redis\_parsers\socket.py", line 117, in readline
    self._read_from_socket(timeout=timeout)
  File "D:\毕业设计\Travel_python\.venv\Lib\site-packages\redis\_parsers\socket.py", line 77, in _read_from_socket
    raise TimeoutError("Timeout reading from socket")

redis.exceptions.TimeoutError: Timeout reading from socket
2026-07-10 02:13:35.494 | INFO     | N/A | ⏳ 等待 Profile 更新任务...
2026-07-10 02:13:40.506 | ERROR    | N/A | Worker 主循环异常: Timeout connecting to server
Traceback (most recent call last):

  File "D:\毕业设计\Travel_python\.venv\Lib\site-packages\redis\connection.py", line 1033, in connect_check_health
    sock = self._connect()
  File "D:\毕业设计\Travel_python\.venv\Lib\site-packages\redis\connection.py", line 1581, in _connect
    raise err
  File "D:\毕业设计\Travel_python\.venv\Lib\site-packages\redis\connection.py", line 1565, in _connect
    sock.connect(socket_address)

TimeoutError: timed out


During handling of the above exception, another exception occurred:


Traceback (most recent call last):

  File "D:\毕业设计\Travel_python\travel_ai_python\app\service\profile_worker.py", line 194, in <module>
    run_worker()

> File "D:\毕业设计\Travel_python\travel_ai_python\app\service\profile_worker.py", line 169, in run_worker
    task_data = pop_profile_update_task(block=True, timeout=5)

  File "D:\毕业设计\Travel_python\travel_ai_python\app\utils\redis_client.py", line 43, in pop_profile_update_task
    result = redis_client.brpop(PROFILE_UPDATE_QUEUE, timeout=timeout)

  File "D:\毕业设计\Travel_python\.venv\Lib\site-packages\redis\commands\core.py", line 4751, in brpop
    return self.execute_command("BRPOP", *keys)
  File "D:\毕业设计\Travel_python\.venv\Lib\site-packages\redis\client.py", line 787, in execute_command
    return self._execute_command(*args, **options)
  File "D:\毕业设计\Travel_python\.venv\Lib\site-packages\redis\client.py", line 793, in _execute_command
    conn = self.connection or pool.get_connection()
  File "D:\毕业设计\Travel_python\.venv\Lib\site-packages\redis\utils.py", line 258, in wrapper
    return func(*args, **kwargs)
  File "D:\毕业设计\Travel_python\.venv\Lib\site-packages\redis\connection.py", line 3139, in get_connection
    connection.connect()
  File "D:\毕业设计\Travel_python\.venv\Lib\site-packages\redis\connection.py", line 1006, in connect
    self.retry.call_with_retry(
  File "D:\毕业设计\Travel_python\.venv\Lib\site-packages\redis\retry.py", line 132, in call_with_retry
    raise error
  File "D:\毕业设计\Travel_python\.venv\Lib\site-packages\redis\retry.py", line 120, in call_with_retry
    return do()
  File "D:\毕业设计\Travel_python\.venv\Lib\site-packages\redis\connection.py", line 1007, in <lambda>
    lambda: self.connect_check_health(
  File "D:\毕业设计\Travel_python\.venv\Lib\site-packages\redis\connection.py", line 1044, in connect_check_health
    raise e

redis.exceptions.TimeoutError: Timeout connecting to server
2026-07-10 02:13:41.517 | INFO     | N/A | ⏳ 等待 Profile 更新任务...
2026-07-10 02:13:46.530 | ERROR    | N/A | Worker 主循环异常: Timeout connecting to server
Traceback (most recent call last):

  File "D:\毕业设计\Travel_python\.venv\Lib\site-packages\redis\connection.py", line 1033, in connect_check_health
    sock = self._connect()
  File "D:\毕业设计\Travel_python\.venv\Lib\site-packages\redis\connection.py", line 1581, in _connect
    raise err
  File "D:\毕业设计\Travel_python\.venv\Lib\site-packages\redis\connection.py", line 1565, in _connect
    sock.connect(socket_address)

TimeoutError: timed out


During handling of the above exception, another exception occurred:


Traceback (most recent call last):

  File "D:\毕业设计\Travel_python\travel_ai_python\app\service\profile_worker.py", line 194, in <module>
    run_worker()

> File "D:\毕业设计\Travel_python\travel_ai_python\app\service\profile_worker.py", line 169, in run_worker
    task_data = pop_profile_update_task(block=True, timeout=5)

  File "D:\毕业设计\Travel_python\travel_ai_python\app\utils\redis_client.py", line 43, in pop_profile_update_task
    result = redis_client.brpop(PROFILE_UPDATE_QUEUE, timeout=timeout)

  File "D:\毕业设计\Travel_python\.venv\Lib\site-packages\redis\commands\core.py", line 4751, in brpop
    return self.execute_command("BRPOP", *keys)
  File "D:\毕业设计\Travel_python\.venv\Lib\site-packages\redis\client.py", line 787, in execute_command
    return self._execute_command(*args, **options)
  File "D:\毕业设计\Travel_python\.venv\Lib\site-packages\redis\client.py", line 793, in _execute_command
    conn = self.connection or pool.get_connection()
  File "D:\毕业设计\Travel_python\.venv\Lib\site-packages\redis\utils.py", line 258, in wrapper
    return func(*args, **kwargs)
  File "D:\毕业设计\Travel_python\.venv\Lib\site-packages\redis\connection.py", line 3139, in get_connection
    connection.connect()
  File "D:\毕业设计\Travel_python\.venv\Lib\site-packages\redis\connection.py", line 1006, in connect
    self.retry.call_with_retry(
  File "D:\毕业设计\Travel_python\.venv\Lib\site-packages\redis\retry.py", line 132, in call_with_retry
    raise error
  File "D:\毕业设计\Travel_python\.venv\Lib\site-packages\redis\retry.py", line 120, in call_with_retry
    return do()
  File "D:\毕业设计\Travel_python\.venv\Lib\site-packages\redis\connection.py", line 1007, in <lambda>
    lambda: self.connect_check_health(
  File "D:\毕业设计\Travel_python\.venv\Lib\site-packages\redis\connection.py", line 1044, in connect_check_health
    raise e

redis.exceptions.TimeoutError: Timeout connecting to server
2026-07-10 02:13:47.540 | INFO     | N/A | ⏳ 等待 Profile 更新任务...
2026-07-10 02:13:52.554 | ERROR    | N/A | Worker 主循环异常: Timeout connecting to server
Traceback (most recent call last):

  File "D:\毕业设计\Travel_python\.venv\Lib\site-packages\redis\connection.py", line 1033, in connect_check_health
    sock = self._connect()
  File "D:\毕业设计\Travel_python\.venv\Lib\site-packages\redis\connection.py", line 1581, in _connect
    raise err
  File "D:\毕业设计\Travel_python\.venv\Lib\site-packages\redis\connection.py", line 1565, in _connect
    sock.connect(socket_address)

TimeoutError: timed out


During handling of the above exception, another exception occurred:


Traceback (most recent call last):

  File "D:\毕业设计\Travel_python\travel_ai_python\app\service\profile_worker.py", line 194, in <module>
    run_worker()

> File "D:\毕业设计\Travel_python\travel_ai_python\app\service\profile_worker.py", line 169, in run_worker
    task_data = pop_profile_update_task(block=True, timeout=5)

  File "D:\毕业设计\Travel_python\travel_ai_python\app\utils\redis_client.py", line 43, in pop_profile_update_task
    result = redis_client.brpop(PROFILE_UPDATE_QUEUE, timeout=timeout)

  File "D:\毕业设计\Travel_python\.venv\Lib\site-packages\redis\commands\core.py", line 4751, in brpop
    return self.execute_command("BRPOP", *keys)
  File "D:\毕业设计\Travel_python\.venv\Lib\site-packages\redis\client.py", line 787, in execute_command
    return self._execute_command(*args, **options)
  File "D:\毕业设计\Travel_python\.venv\Lib\site-packages\redis\client.py", line 793, in _execute_command
    conn = self.connection or pool.get_connection()
  File "D:\毕业设计\Travel_python\.venv\Lib\site-packages\redis\utils.py", line 258, in wrapper
    return func(*args, **kwargs)
  File "D:\毕业设计\Travel_python\.venv\Lib\site-packages\redis\connection.py", line 3139, in get_connection
    connection.connect()
  File "D:\毕业设计\Travel_python\.venv\Lib\site-packages\redis\connection.py", line 1006, in connect
    self.retry.call_with_retry(
  File "D:\毕业设计\Travel_python\.venv\Lib\site-packages\redis\retry.py", line 132, in call_with_retry
    raise error
  File "D:\毕业设计\Travel_python\.venv\Lib\site-packages\redis\retry.py", line 120, in call_with_retry
    return do()
  File "D:\毕业设计\Travel_python\.venv\Lib\site-packages\redis\connection.py", line 1007, in <lambda>
    lambda: self.connect_check_health(
  File "D:\毕业设计\Travel_python\.venv\Lib\site-packages\redis\connection.py", line 1044, in connect_check_health
    raise e

redis.exceptions.TimeoutError: Timeout connecting to server
2026-07-10 02:13:53.566 | INFO     | N/A | ⏳ 等待 Profile 更新任务...
2026-07-10 08:50:07.934 | ERROR    | N/A | Worker 主循环异常: Timeout connecting to server
Traceback (most recent call last):

  File "D:\毕业设计\Travel_python\.venv\Lib\site-packages\redis\connection.py", line 1033, in connect_check_health
    sock = self._connect()
  File "D:\毕业设计\Travel_python\.venv\Lib\site-packages\redis\connection.py", line 1581, in _connect
    raise err
  File "D:\毕业设计\Travel_python\.venv\Lib\site-packages\redis\connection.py", line 1565, in _connect
    sock.connect(socket_address)

TimeoutError: timed out


During handling of the above exception, another exception occurred:


Traceback (most recent call last):

  File "D:\毕业设计\Travel_python\travel_ai_python\app\service\profile_worker.py", line 194, in <module>
    run_worker()

> File "D:\毕业设计\Travel_python\travel_ai_python\app\service\profile_worker.py", line 169, in run_worker
    task_data = pop_profile_update_task(block=True, timeout=5)

  File "D:\毕业设计\Travel_python\travel_ai_python\app\utils\redis_client.py", line 43, in pop_profile_update_task
    result = redis_client.brpop(PROFILE_UPDATE_QUEUE, timeout=timeout)

  File "D:\毕业设计\Travel_python\.venv\Lib\site-packages\redis\commands\core.py", line 4751, in brpop
    return self.execute_command("BRPOP", *keys)
  File "D:\毕业设计\Travel_python\.venv\Lib\site-packages\redis\client.py", line 787, in execute_command
    return self._execute_command(*args, **options)
  File "D:\毕业设计\Travel_python\.venv\Lib\site-packages\redis\client.py", line 793, in _execute_command
    conn = self.connection or pool.get_connection()
  File "D:\毕业设计\Travel_python\.venv\Lib\site-packages\redis\utils.py", line 258, in wrapper
    return func(*args, **kwargs)
  File "D:\毕业设计\Travel_python\.venv\Lib\site-packages\redis\connection.py", line 3139, in get_connection
    connection.connect()
  File "D:\毕业设计\Travel_python\.venv\Lib\site-packages\redis\connection.py", line 1006, in connect
    self.retry.call_with_retry(
  File "D:\毕业设计\Travel_python\.venv\Lib\site-packages\redis\retry.py", line 132, in call_with_retry
    raise error
  File "D:\毕业设计\Travel_python\.venv\Lib\site-packages\redis\retry.py", line 120, in call_with_retry
    return do()
  File "D:\毕业设计\Travel_python\.venv\Lib\site-packages\redis\connection.py", line 1007, in <lambda>
    lambda: self.connect_check_health(
  File "D:\毕业设计\Travel_python\.venv\Lib\site-packages\redis\connection.py", line 1044, in connect_check_health
    raise e

redis.exceptions.TimeoutError: Timeout connecting to server
2026-07-10 08:50:08.944 | INFO     | N/A | ⏳ 等待 Profile 更新任务...
2026-07-10 08:50:09.107 | ERROR    | N/A | Worker 主循环异常: Error 10051 connecting to 192.168.71.140:6379. 向一个无法连接的网络尝试了一个套接字操作。.
Traceback (most recent call last):

  File "D:\毕业设计\Travel_python\.venv\Lib\site-packages\redis\connection.py", line 1033, in connect_check_health
    sock = self._connect()
  File "D:\毕业设计\Travel_python\.venv\Lib\site-packages\redis\connection.py", line 1581, in _connect
    raise err
  File "D:\毕业设计\Travel_python\.venv\Lib\site-packages\redis\connection.py", line 1565, in _connect
    sock.connect(socket_address)

OSError: [WinError 10051] 向一个无法连接的网络尝试了一个套接字操作。


During handling of the above exception, another exception occurred:


Traceback (most recent call last):

  File "D:\毕业设计\Travel_python\travel_ai_python\app\service\profile_worker.py", line 194, in <module>
    run_worker()

> File "D:\毕业设计\Travel_python\travel_ai_python\app\service\profile_worker.py", line 169, in run_worker
    task_data = pop_profile_update_task(block=True, timeout=5)

  File "D:\毕业设计\Travel_python\travel_ai_python\app\utils\redis_client.py", line 43, in pop_profile_update_task
    result = redis_client.brpop(PROFILE_UPDATE_QUEUE, timeout=timeout)

  File "D:\毕业设计\Travel_python\.venv\Lib\site-packages\redis\commands\core.py", line 4751, in brpop
    return self.execute_command("BRPOP", *keys)
  File "D:\毕业设计\Travel_python\.venv\Lib\site-packages\redis\client.py", line 787, in execute_command
    return self._execute_command(*args, **options)
  File "D:\毕业设计\Travel_python\.venv\Lib\site-packages\redis\client.py", line 793, in _execute_command
    conn = self.connection or pool.get_connection()
  File "D:\毕业设计\Travel_python\.venv\Lib\site-packages\redis\utils.py", line 258, in wrapper
    return func(*args, **kwargs)
  File "D:\毕业设计\Travel_python\.venv\Lib\site-packages\redis\connection.py", line 3139, in get_connection
    connection.connect()
  File "D:\毕业设计\Travel_python\.venv\Lib\site-packages\redis\connection.py", line 1006, in connect
    self.retry.call_with_retry(
  File "D:\毕业设计\Travel_python\.venv\Lib\site-packages\redis\retry.py", line 132, in call_with_retry
    raise error
  File "D:\毕业设计\Travel_python\.venv\Lib\site-packages\redis\retry.py", line 120, in call_with_retry
    return do()
  File "D:\毕业设计\Travel_python\.venv\Lib\site-packages\redis\connection.py", line 1007, in <lambda>
    lambda: self.connect_check_health(
  File "D:\毕业设计\Travel_python\.venv\Lib\site-packages\redis\connection.py", line 1055, in connect_check_health
    raise e

redis.exceptions.ConnectionError: Error 10051 connecting to 192.168.71.140:6379. 向一个无法连接的网络尝试了一个套接字操作。.
2026-07-10 08:50:10.123 | INFO     | N/A | ⏳ 等待 Profile 更新任务...
2026-07-10 08:50:15.133 | ERROR    | N/A | Worker 主循环异常: Timeout connecting to server
Traceback (most recent call last):

  File "D:\毕业设计\Travel_python\.venv\Lib\site-packages\redis\connection.py", line 1033, in connect_check_health
    sock = self._connect()
  File "D:\毕业设计\Travel_python\.venv\Lib\site-packages\redis\connection.py", line 1581, in _connect
    raise err
  File "D:\毕业设计\Travel_python\.venv\Lib\site-packages\redis\connection.py", line 1565, in _connect
    sock.connect(socket_address)

TimeoutError: timed out


During handling of the above exception, another exception occurred:


Traceback (most recent call last):

  File "D:\毕业设计\Travel_python\travel_ai_python\app\service\profile_worker.py", line 194, in <module>
    run_worker()

> File "D:\毕业设计\Travel_python\travel_ai_python\app\service\profile_worker.py", line 169, in run_worker
    task_data = pop_profile_update_task(block=True, timeout=5)

  File "D:\毕业设计\Travel_python\travel_ai_python\app\utils\redis_client.py", line 43, in pop_profile_update_task
    result = redis_client.brpop(PROFILE_UPDATE_QUEUE, timeout=timeout)

  File "D:\毕业设计\Travel_python\.venv\Lib\site-packages\redis\commands\core.py", line 4751, in brpop
    return self.execute_command("BRPOP", *keys)
  File "D:\毕业设计\Travel_python\.venv\Lib\site-packages\redis\client.py", line 787, in execute_command
    return self._execute_command(*args, **options)
  File "D:\毕业设计\Travel_python\.venv\Lib\site-packages\redis\client.py", line 793, in _execute_command
    conn = self.connection or pool.get_connection()
  File "D:\毕业设计\Travel_python\.venv\Lib\site-packages\redis\utils.py", line 258, in wrapper
    return func(*args, **kwargs)
  File "D:\毕业设计\Travel_python\.venv\Lib\site-packages\redis\connection.py", line 3139, in get_connection
    connection.connect()
  File "D:\毕业设计\Travel_python\.venv\Lib\site-packages\redis\connection.py", line 1006, in connect
    self.retry.call_with_retry(
  File "D:\毕业设计\Travel_python\.venv\Lib\site-packages\redis\retry.py", line 132, in call_with_retry
    raise error
  File "D:\毕业设计\Travel_python\.venv\Lib\site-packages\redis\retry.py", line 120, in call_with_retry
    return do()
  File "D:\毕业设计\Travel_python\.venv\Lib\site-packages\redis\connection.py", line 1007, in <lambda>
    lambda: self.connect_check_health(
  File "D:\毕业设计\Travel_python\.venv\Lib\site-packages\redis\connection.py", line 1044, in connect_check_health
    raise e

redis.exceptions.TimeoutError: Timeout connecting to server
2026-07-10 08:50:16.145 | INFO     | N/A | ⏳ 等待 Profile 更新任务...
2026-07-10 08:50:21.259 | INFO     | N/A | ⏳ 等待 Profile 更新任务...
2026-07-10 08:50:26.295 | INFO     | N/A | ⏳ 等待 Profile 更新任务...
2026-07-10 08:50:31.323 | INFO     | N/A | ⏳ 等待 Profile 更新任务...
2026-07-10 08:50:36.352 | INFO     | N/A | ⏳ 等待 Profile 更新任务...
2026-07-10 08:50:41.371 | INFO     | N/A | ⏳ 等待 Profile 更新任务...
2026-07-10 08:50:46.391 | INFO     | N/A | ⏳ 等待 Profile 更新任务...
2026-07-10 08:50:51.465 | INFO     | N/A | ⏳ 等待 Profile 更新任务...
2026-07-10 08:50:56.483 | INFO     | N/A | ⏳ 等待 Profile 更新任务...
2026-07-10 08:51:01.502 | INFO     | N/A | ⏳ 等待 Profile 更新任务...
2026-07-10 08:51:06.520 | INFO     | N/A | ⏳ 等待 Profile 更新任务...
2026-07-10 08:51:11.547 | INFO     | N/A | ⏳ 等待 Profile 更新任务...
2026-07-10 08:51:16.567 | INFO     | N/A | ⏳ 等待 Profile 更新任务...
2026-07-10 08:51:21.585 | INFO     | N/A | ⏳ 等待 Profile 更新任务...
2026-07-10 08:51:26.603 | INFO     | N/A | ⏳ 等待 Profile 更新任务...
2026-07-10 08:51:31.624 | INFO     | N/A | ⏳ 等待 Profile 更新任务...
2026-07-10 08:51:36.644 | INFO     | N/A | ⏳ 等待 Profile 更新任务...
2026-07-10 08:51:41.676 | INFO     | N/A | ⏳ 等待 Profile 更新任务...
2026-07-10 08:51:46.704 | INFO     | N/A | ⏳ 等待 Profile 更新任务...
2026-07-10 08:51:51.733 | INFO     | N/A | ⏳ 等待 Profile 更新任务...
2026-07-10 08:51:56.803 | INFO     | N/A | ⏳ 等待 Profile 更新任务...
2026-07-10 08:52:01.834 | INFO     | N/A | ⏳ 等待 Profile 更新任务...
2026-07-10 08:52:06.852 | INFO     | N/A | ⏳ 等待 Profile 更新任务...
2026-07-10 08:52:11.915 | INFO     | N/A | ⏳ 等待 Profile 更新任务...
2026-07-10 08:52:16.984 | INFO     | N/A | ⏳ 等待 Profile 更新任务...
2026-07-10 08:52:22.017 | INFO     | N/A | ⏳ 等待 Profile 更新任务...
2026-07-10 08:52:27.047 | INFO     | N/A | ⏳ 等待 Profile 更新任务...
2026-07-10 08:52:32.078 | INFO     | N/A | ⏳ 等待 Profile 更新任务...
2026-07-10 08:52:37.107 | INFO     | N/A | ⏳ 等待 Profile 更新任务...
2026-07-10 08:52:42.136 | INFO     | N/A | ⏳ 等待 Profile 更新任务...
2026-07-10 08:52:47.165 | INFO     | N/A | ⏳ 等待 Profile 更新任务...
2026-07-10 08:52:52.196 | INFO     | N/A | ⏳ 等待 Profile 更新任务...
2026-07-10 08:52:57.230 | INFO     | N/A | ⏳ 等待 Profile 更新任务...
2026-07-10 08:53:02.263 | INFO     | N/A | ⏳ 等待 Profile 更新任务...
2026-07-10 08:53:07.297 | INFO     | N/A | ⏳ 等待 Profile 更新任务...
2026-07-10 08:53:12.322 | INFO     | N/A | ⏳ 等待 Profile 更新任务...
2026-07-10 08:53:17.352 | INFO     | N/A | ⏳ 等待 Profile 更新任务...
2026-07-10 08:53:22.429 | INFO     | N/A | ⏳ 等待 Profile 更新任务...
2026-07-10 08:53:27.461 | INFO     | N/A | ⏳ 等待 Profile 更新任务...
2026-07-10 08:53:32.533 | INFO     | N/A | ⏳ 等待 Profile 更新任务...
2026-07-10 08:53:37.567 | INFO     | N/A | ⏳ 等待 Profile 更新任务...
2026-07-10 08:53:42.596 | INFO     | N/A | ⏳ 等待 Profile 更新任务...
2026-07-10 08:53:47.630 | INFO     | N/A | ⏳ 等待 Profile 更新任务...
2026-07-10 08:53:52.701 | INFO     | N/A | ⏳ 等待 Profile 更新任务...
2026-07-10 08:53:57.733 | INFO     | N/A | ⏳ 等待 Profile 更新任务...
2026-07-10 08:54:02.763 | INFO     | N/A | ⏳ 等待 Profile 更新任务...
2026-07-10 08:54:07.799 | INFO     | N/A | ⏳ 等待 Profile 更新任务...
2026-07-10 08:54:12.835 | INFO     | N/A | ⏳ 等待 Profile 更新任务...
2026-07-10 08:54:17.864 | INFO     | N/A | ⏳ 等待 Profile 更新任务...
2026-07-10 08:54:22.893 | INFO     | N/A | ⏳ 等待 Profile 更新任务...
2026-07-10 08:54:27.926 | INFO     | N/A | ⏳ 等待 Profile 更新任务...
2026-07-10 08:54:32.957 | INFO     | N/A | ⏳ 等待 Profile 更新任务...
2026-07-10 08:54:37.995 | INFO     | N/A | ⏳ 等待 Profile 更新任务...
2026-07-10 08:54:43.031 | INFO     | N/A | ⏳ 等待 Profile 更新任务...
2026-07-10 08:54:48.066 | INFO     | N/A | ⏳ 等待 Profile 更新任务...
2026-07-10 08:54:53.098 | INFO     | N/A | ⏳ 等待 Profile 更新任务...
2026-07-10 08:54:58.134 | INFO     | N/A | ⏳ 等待 Profile 更新任务...
2026-07-10 08:55:03.161 | INFO     | N/A | ⏳ 等待 Profile 更新任务...
2026-07-10 08:55:08.214 | INFO     | N/A | ⏳ 等待 Profile 更新任务...
2026-07-10 08:55:13.238 | INFO     | N/A | ⏳ 等待 Profile 更新任务...
2026-07-10 08:55:18.265 | INFO     | N/A | ⏳ 等待 Profile 更新任务...
2026-07-10 08:55:23.317 | INFO     | N/A | ⏳ 等待 Profile 更新任务...
2026-07-10 08:55:28.347 | INFO     | N/A | ⏳ 等待 Profile 更新任务...
2026-07-10 08:55:33.377 | INFO     | N/A | ⏳ 等待 Profile 更新任务...
2026-07-10 08:55:38.411 | INFO     | N/A | ⏳ 等待 Profile 更新任务...
2026-07-10 08:55:43.447 | INFO     | N/A | ⏳ 等待 Profile 更新任务...
2026-07-10 08:55:48.485 | INFO     | N/A | ⏳ 等待 Profile 更新任务...
2026-07-10 08:55:53.520 | INFO     | N/A | ⏳ 等待 Profile 更新任务...
2026-07-10 08:55:58.561 | INFO     | N/A | ⏳ 等待 Profile 更新任务...
2026-07-10 08:56:03.596 | INFO     | N/A | ⏳ 等待 Profile 更新任务...
2026-07-10 08:56:08.600 | INFO     | N/A | ⏳ 等待 Profile 更新任务...
2026-07-10 08:56:13.652 | INFO     | N/A | ⏳ 等待 Profile 更新任务...
2026-07-10 08:56:18.718 | INFO     | N/A | ⏳ 等待 Profile 更新任务...
2026-07-10 08:56:23.744 | INFO     | N/A | ⏳ 等待 Profile 更新任务...
2026-07-10 08:56:28.770 | INFO     | N/A | ⏳ 等待 Profile 更新任务...
2026-07-10 08:56:33.809 | INFO     | N/A | ⏳ 等待 Profile 更新任务...
2026-07-10 08:56:38.908 | INFO     | N/A | ⏳ 等待 Profile 更新任务...
2026-07-10 08:56:43.939 | INFO     | N/A | ⏳ 等待 Profile 更新任务...
2026-07-10 08:56:48.968 | INFO     | N/A | ⏳ 等待 Profile 更新任务...
2026-07-10 08:56:53.992 | INFO     | N/A | ⏳ 等待 Profile 更新任务...
2026-07-10 08:56:59.015 | INFO     | N/A | ⏳ 等待 Profile 更新任务...
2026-07-10 08:57:04.045 | INFO     | N/A | ⏳ 等待 Profile 更新任务...
2026-07-10 08:57:09.073 | INFO     | N/A | ⏳ 等待 Profile 更新任务...
2026-07-10 08:57:14.111 | INFO     | N/A | ⏳ 等待 Profile 更新任务...
2026-07-10 08:57:19.150 | INFO     | N/A | ⏳ 等待 Profile 更新任务...
2026-07-10 08:57:24.186 | INFO     | N/A | ⏳ 等待 Profile 更新任务...
2026-07-10 08:57:29.220 | INFO     | N/A | ⏳ 等待 Profile 更新任务...
2026-07-10 08:57:34.256 | INFO     | N/A | ⏳ 等待 Profile 更新任务...
2026-07-10 08:57:39.291 | INFO     | N/A | ⏳ 等待 Profile 更新任务...
2026-07-10 08:57:44.326 | INFO     | N/A | ⏳ 等待 Profile 更新任务...
2026-07-10 08:57:49.360 | INFO     | N/A | ⏳ 等待 Profile 更新任务...
2026-07-10 08:57:54.395 | INFO     | N/A | ⏳ 等待 Profile 更新任务...
2026-07-10 08:57:59.432 | INFO     | N/A | ⏳ 等待 Profile 更新任务...
2026-07-10 08:58:04.466 | INFO     | N/A | ⏳ 等待 Profile 更新任务...
2026-07-10 08:58:09.502 | INFO     | N/A | ⏳ 等待 Profile 更新任务...
2026-07-10 08:58:14.544 | INFO     | N/A | ⏳ 等待 Profile 更新任务...
2026-07-10 08:58:19.579 | INFO     | N/A | ⏳ 等待 Profile 更新任务...
2026-07-10 08:58:24.615 | INFO     | N/A | ⏳ 等待 Profile 更新任务...
2026-07-10 08:58:29.694 | INFO     | N/A | ⏳ 等待 Profile 更新任务...
2026-07-10 08:58:34.720 | INFO     | N/A | ⏳ 等待 Profile 更新任务...
2026-07-10 08:58:39.745 | INFO     | N/A | ⏳ 等待 Profile 更新任务...
2026-07-10 08:58:44.778 | INFO     | N/A | ⏳ 等待 Profile 更新任务...
2026-07-10 08:58:49.820 | INFO     | N/A | ⏳ 等待 Profile 更新任务...
2026-07-10 08:58:54.855 | INFO     | N/A | ⏳ 等待 Profile 更新任务...
2026-07-10 08:58:59.892 | INFO     | N/A | ⏳ 等待 Profile 更新任务...
2026-07-10 08:59:04.928 | INFO     | N/A | ⏳ 等待 Profile 更新任务...
2026-07-10 08:59:09.973 | INFO     | N/A | ⏳ 等待 Profile 更新任务...
2026-07-10 08:59:14.998 | INFO     | N/A | ⏳ 等待 Profile 更新任务...
2026-07-10 08:59:20.033 | INFO     | N/A | ⏳ 等待 Profile 更新任务...
2026-07-10 08:59:25.074 | INFO     | N/A | ⏳ 等待 Profile 更新任务...
2026-07-10 08:59:30.106 | INFO     | N/A | ⏳ 等待 Profile 更新任务...
2026-07-10 08:59:35.142 | INFO     | N/A | ⏳ 等待 Profile 更新任务...
2026-07-10 08:59:40.174 | INFO     | N/A | ⏳ 等待 Profile 更新任务...
2026-07-10 08:59:45.214 | INFO     | N/A | ⏳ 等待 Profile 更新任务...
2026-07-10 08:59:50.249 | INFO     | N/A | ⏳ 等待 Profile 更新任务...
2026-07-10 08:59:55.285 | INFO     | N/A | ⏳ 等待 Profile 更新任务...
2026-07-10 09:00:00.320 | INFO     | N/A | ⏳ 等待 Profile 更新任务...
2026-07-10 09:00:05.355 | INFO     | N/A | ⏳ 等待 Profile 更新任务...
2026-07-10 09:00:10.389 | INFO     | N/A | ⏳ 等待 Profile 更新任务...
2026-07-10 09:00:15.416 | INFO     | N/A | ⏳ 等待 Profile 更新任务...
2026-07-10 09:00:20.450 | INFO     | N/A | ⏳ 等待 Profile 更新任务...
2026-07-10 09:00:25.481 | INFO     | N/A | ⏳ 等待 Profile 更新任务...
2026-07-10 09:00:30.519 | INFO     | N/A | ⏳ 等待 Profile 更新任务...
2026-07-10 09:00:35.545 | INFO     | N/A | ⏳ 等待 Profile 更新任务...
2026-07-10 09:00:40.572 | INFO     | N/A | ⏳ 等待 Profile 更新任务...
2026-07-10 09:00:45.603 | INFO     | N/A | ⏳ 等待 Profile 更新任务...
2026-07-10 09:00:50.629 | INFO     | N/A | ⏳ 等待 Profile 更新任务...
2026-07-10 09:00:55.658 | INFO     | N/A | ⏳ 等待 Profile 更新任务...
2026-07-10 09:01:00.684 | INFO     | N/A | ⏳ 等待 Profile 更新任务...
2026-07-10 09:01:05.709 | INFO     | N/A | ⏳ 等待 Profile 更新任务...
2026-07-10 09:01:10.784 | INFO     | N/A | ⏳ 等待 Profile 更新任务...
2026-07-10 09:01:15.842 | INFO     | N/A | ⏳ 等待 Profile 更新任务...
2026-07-10 09:01:20.943 | INFO     | N/A | ⏳ 等待 Profile 更新任务...
2026-07-10 09:01:25.980 | INFO     | N/A | ⏳ 等待 Profile 更新任务...
2026-07-10 09:01:31.018 | INFO     | N/A | ⏳ 等待 Profile 更新任务...
2026-07-10 09:01:36.052 | INFO     | N/A | ⏳ 等待 Profile 更新任务...
2026-07-10 09:01:41.090 | INFO     | N/A | ⏳ 等待 Profile 更新任务...
2026-07-10 09:01:46.127 | INFO     | N/A | ⏳ 等待 Profile 更新任务...
2026-07-10 09:01:51.165 | INFO     | N/A | ⏳ 等待 Profile 更新任务...
2026-07-10 09:01:56.202 | INFO     | N/A | ⏳ 等待 Profile 更新任务...
2026-07-10 09:02:01.235 | INFO     | N/A | ⏳ 等待 Profile 更新任务...
2026-07-10 09:02:06.272 | INFO     | N/A | ⏳ 等待 Profile 更新任务...
2026-07-10 09:02:11.308 | INFO     | N/A | ⏳ 等待 Profile 更新任务...
2026-07-10 09:02:16.392 | INFO     | N/A | ⏳ 等待 Profile 更新任务...
2026-07-10 09:02:21.425 | INFO     | N/A | ⏳ 等待 Profile 更新任务...
2026-07-10 09:02:26.466 | INFO     | N/A | ⏳ 等待 Profile 更新任务...
2026-07-10 09:02:31.502 | INFO     | N/A | ⏳ 等待 Profile 更新任务...
2026-07-10 09:02:36.537 | INFO     | N/A | ⏳ 等待 Profile 更新任务...
2026-07-10 09:02:41.600 | INFO     | N/A | ⏳ 等待 Profile 更新任务...
2026-07-10 09:02:46.672 | INFO     | N/A | ⏳ 等待 Profile 更新任务...
2026-07-10 09:02:51.698 | INFO     | N/A | ⏳ 等待 Profile 更新任务...
2026-07-10 09:02:56.738 | INFO     | N/A | ⏳ 等待 Profile 更新任务...
2026-07-10 09:03:01.769 | INFO     | N/A | ⏳ 等待 Profile 更新任务...
2026-07-10 09:03:06.804 | INFO     | N/A | ⏳ 等待 Profile 更新任务...
2026-07-10 09:03:11.839 | INFO     | N/A | ⏳ 等待 Profile 更新任务...
2026-07-10 09:03:16.878 | INFO     | N/A | ⏳ 等待 Profile 更新任务...
2026-07-10 09:03:21.915 | INFO     | N/A | ⏳ 等待 Profile 更新任务...
2026-07-10 09:03:26.948 | INFO     | N/A | ⏳ 等待 Profile 更新任务...
2026-07-10 09:03:31.979 | INFO     | N/A | ⏳ 等待 Profile 更新任务...
2026-07-10 09:03:37.009 | INFO     | N/A | ⏳ 等待 Profile 更新任务...
2026-07-10 09:03:42.043 | INFO     | N/A | ⏳ 等待 Profile 更新任务...
2026-07-10 09:03:47.082 | INFO     | N/A | ⏳ 等待 Profile 更新任务...
2026-07-10 09:03:52.119 | INFO     | N/A | ⏳ 等待 Profile 更新任务...
2026-07-10 09:03:57.156 | INFO     | N/A | ⏳ 等待 Profile 更新任务...
2026-07-10 09:04:02.195 | INFO     | N/A | ⏳ 等待 Profile 更新任务...
2026-07-10 09:04:07.231 | INFO     | N/A | ⏳ 等待 Profile 更新任务...
2026-07-10 09:04:12.322 | INFO     | N/A | ⏳ 等待 Profile 更新任务...
2026-07-10 09:04:17.351 | INFO     | N/A | ⏳ 等待 Profile 更新任务...
2026-07-10 09:04:22.383 | INFO     | N/A | ⏳ 等待 Profile 更新任务...
2026-07-10 09:04:27.414 | INFO     | N/A | ⏳ 等待 Profile 更新任务...
2026-07-10 09:04:32.448 | INFO     | N/A | ⏳ 等待 Profile 更新任务...
2026-07-10 09:04:37.487 | INFO     | N/A | ⏳ 等待 Profile 更新任务...
2026-07-10 09:04:42.528 | INFO     | N/A | ⏳ 等待 Profile 更新任务...
2026-07-10 09:04:47.566 | INFO     | N/A | ⏳ 等待 Profile 更新任务...
2026-07-10 09:04:52.601 | INFO     | N/A | ⏳ 等待 Profile 更新任务...
2026-07-10 09:04:57.637 | INFO     | N/A | ⏳ 等待 Profile 更新任务...
2026-07-10 09:05:02.671 | INFO     | N/A | ⏳ 等待 Profile 更新任务...
2026-07-10 09:05:07.761 | INFO     | N/A | ⏳ 等待 Profile 更新任务...
2026-07-10 09:05:12.797 | INFO     | N/A | ⏳ 等待 Profile 更新任务...
2026-07-10 09:05:17.836 | INFO     | N/A | ⏳ 等待 Profile 更新任务...
2026-07-10 09:05:22.870 | INFO     | N/A | ⏳ 等待 Profile 更新任务...
2026-07-10 09:05:27.905 | INFO     | N/A | ⏳ 等待 Profile 更新任务...
2026-07-10 09:05:32.939 | INFO     | N/A | ⏳ 等待 Profile 更新任务...
2026-07-10 09:05:37.977 | INFO     | N/A | ⏳ 等待 Profile 更新任务...
2026-07-10 09:05:43.013 | INFO     | N/A | ⏳ 等待 Profile 更新任务...
2026-07-10 09:05:48.050 | INFO     | N/A | ⏳ 等待 Profile 更新任务...
2026-07-10 09:05:53.090 | INFO     | N/A | ⏳ 等待 Profile 更新任务...
2026-07-10 09:05:58.162 | INFO     | N/A | ⏳ 等待 Profile 更新任务...
2026-07-10 09:06:03.195 | INFO     | N/A | ⏳ 等待 Profile 更新任务...
2026-07-10 09:06:08.231 | INFO     | N/A | ⏳ 等待 Profile 更新任务...
2026-07-10 09:06:13.265 | INFO     | N/A | ⏳ 等待 Profile 更新任务...
2026-07-10 09:06:18.308 | INFO     | N/A | ⏳ 等待 Profile 更新任务...
2026-07-10 09:06:23.345 | INFO     | N/A | ⏳ 等待 Profile 更新任务...
2026-07-10 09:06:28.392 | INFO     | N/A | ⏳ 等待 Profile 更新任务...
2026-07-10 09:06:33.422 | INFO     | N/A | ⏳ 等待 Profile 更新任务...
2026-07-10 09:06:38.468 | INFO     | N/A | ⏳ 等待 Profile 更新任务...
2026-07-10 09:06:43.504 | INFO     | N/A | ⏳ 等待 Profile 更新任务...
2026-07-10 09:06:48.541 | INFO     | N/A | ⏳ 等待 Profile 更新任务...
2026-07-10 09:06:53.578 | INFO     | N/A | ⏳ 等待 Profile 更新任务...
2026-07-10 09:06:58.649 | INFO     | N/A | ⏳ 等待 Profile 更新任务...
2026-07-10 09:07:03.696 | INFO     | N/A | ⏳ 等待 Profile 更新任务...
2026-07-10 09:07:08.746 | INFO     | N/A | ⏳ 等待 Profile 更新任务...
2026-07-10 09:07:13.778 | INFO     | N/A | ⏳ 等待 Profile 更新任务...
2026-07-10 09:07:18.812 | INFO     | N/A | ⏳ 等待 Profile 更新任务...
2026-07-10 09:07:23.842 | INFO     | N/A | ⏳ 等待 Profile 更新任务...
2026-07-10 09:07:28.879 | INFO     | N/A | ⏳ 等待 Profile 更新任务...
2026-07-10 09:07:33.914 | INFO     | N/A | ⏳ 等待 Profile 更新任务...
2026-07-10 09:07:38.958 | INFO     | N/A | ⏳ 等待 Profile 更新任务...
2026-07-10 09:07:43.993 | INFO     | N/A | ⏳ 等待 Profile 更新任务...
2026-07-10 09:07:49.033 | INFO     | N/A | ⏳ 等待 Profile 更新任务...
2026-07-10 09:07:54.072 | INFO     | N/A | ⏳ 等待 Profile 更新任务...
2026-07-10 09:07:59.112 | INFO     | N/A | ⏳ 等待 Profile 更新任务...
2026-07-10 09:08:04.152 | INFO     | N/A | ⏳ 等待 Profile 更新任务...
2026-07-10 09:08:09.192 | INFO     | N/A | ⏳ 等待 Profile 更新任务...
2026-07-10 09:08:14.231 | INFO     | N/A | ⏳ 等待 Profile 更新任务...
2026-07-10 09:08:19.268 | INFO     | N/A | ⏳ 等待 Profile 更新任务...
2026-07-10 09:08:24.306 | INFO     | N/A | ⏳ 等待 Profile 更新任务...
2026-07-10 09:08:29.344 | INFO     | N/A | ⏳ 等待 Profile 更新任务...
2026-07-10 09:08:34.372 | INFO     | N/A | ⏳ 等待 Profile 更新任务...
2026-07-10 09:08:39.406 | INFO     | N/A | ⏳ 等待 Profile 更新任务...
2026-07-10 09:08:44.440 | INFO     | N/A | ⏳ 等待 Profile 更新任务...
2026-07-10 09:08:49.473 | INFO     | N/A | ⏳ 等待 Profile 更新任务...
2026-07-10 09:08:54.506 | INFO     | N/A | ⏳ 等待 Profile 更新任务...
2026-07-10 09:08:59.539 | INFO     | N/A | ⏳ 等待 Profile 更新任务...
2026-07-10 09:09:04.576 | INFO     | N/A | ⏳ 等待 Profile 更新任务...
2026-07-10 09:09:09.611 | INFO     | N/A | ⏳ 等待 Profile 更新任务...
2026-07-10 09:09:14.644 | INFO     | N/A | ⏳ 等待 Profile 更新任务...
2026-07-10 09:09:19.671 | INFO     | N/A | ⏳ 等待 Profile 更新任务...
2026-07-10 09:09:24.699 | INFO     | N/A | ⏳ 等待 Profile 更新任务...
2026-07-10 09:09:29.728 | INFO     | N/A | ⏳ 等待 Profile 更新任务...
2026-07-10 09:09:34.762 | INFO     | N/A | ⏳ 等待 Profile 更新任务...
2026-07-10 09:09:39.799 | INFO     | N/A | ⏳ 等待 Profile 更新任务...
2026-07-10 09:09:44.829 | INFO     | N/A | ⏳ 等待 Profile 更新任务...
2026-07-10 09:09:49.859 | INFO     | N/A | ⏳ 等待 Profile 更新任务...
2026-07-10 09:09:54.893 | INFO     | N/A | ⏳ 等待 Profile 更新任务...
2026-07-10 09:09:59.933 | INFO     | N/A | ⏳ 等待 Profile 更新任务...
2026-07-10 09:10:04.973 | INFO     | N/A | ⏳ 等待 Profile 更新任务...
2026-07-10 09:10:10.007 | INFO     | N/A | ⏳ 等待 Profile 更新任务...
2026-07-10 09:10:15.040 | INFO     | N/A | ⏳ 等待 Profile 更新任务...
2026-07-10 09:10:20.076 | INFO     | N/A | ⏳ 等待 Profile 更新任务...
2026-07-10 09:10:25.117 | INFO     | N/A | ⏳ 等待 Profile 更新任务...
2026-07-10 09:10:30.152 | INFO     | N/A | ⏳ 等待 Profile 更新任务...
2026-07-10 09:10:35.252 | INFO     | N/A | ⏳ 等待 Profile 更新任务...
2026-07-10 09:10:40.277 | INFO     | N/A | ⏳ 等待 Profile 更新任务...
2026-07-10 09:10:45.311 | INFO     | N/A | ⏳ 等待 Profile 更新任务...
2026-07-10 09:10:50.416 | INFO     | N/A | ⏳ 等待 Profile 更新任务...
2026-07-10 09:10:55.455 | INFO     | N/A | ⏳ 等待 Profile 更新任务...
2026-07-10 09:11:00.490 | INFO     | N/A | ⏳ 等待 Profile 更新任务...
2026-07-10 09:11:05.525 | INFO     | N/A | ⏳ 等待 Profile 更新任务...
2026-07-10 09:11:10.542 | INFO     | N/A | ⏳ 等待 Profile 更新任务...
2026-07-10 09:11:15.579 | INFO     | N/A | ⏳ 等待 Profile 更新任务...
2026-07-10 09:11:20.615 | INFO     | N/A | ⏳ 等待 Profile 更新任务...
2026-07-10 09:11:25.652 | INFO     | N/A | ⏳ 等待 Profile 更新任务...
2026-07-10 09:11:30.689 | INFO     | N/A | ⏳ 等待 Profile 更新任务...
2026-07-10 09:11:35.727 | INFO     | N/A | ⏳ 等待 Profile 更新任务...
2026-07-10 09:11:40.761 | INFO     | N/A | ⏳ 等待 Profile 更新任务...
2026-07-10 09:11:45.797 | INFO     | N/A | ⏳ 等待 Profile 更新任务...
2026-07-10 09:11:50.831 | INFO     | N/A | ⏳ 等待 Profile 更新任务...
2026-07-10 09:11:55.860 | INFO     | N/A | ⏳ 等待 Profile 更新任务...
2026-07-10 09:12:00.891 | INFO     | N/A | ⏳ 等待 Profile 更新任务...
2026-07-10 09:12:05.922 | INFO     | N/A | ⏳ 等待 Profile 更新任务...
2026-07-10 09:12:10.953 | INFO     | N/A | ⏳ 等待 Profile 更新任务...
2026-07-10 09:12:15.988 | INFO     | N/A | ⏳ 等待 Profile 更新任务...
2026-07-10 09:12:21.034 | INFO     | N/A | ⏳ 等待 Profile 更新任务...
2026-07-10 09:12:26.068 | INFO     | N/A | ⏳ 等待 Profile 更新任务...
2026-07-10 09:12:31.108 | INFO     | N/A | ⏳ 等待 Profile 更新任务...
2026-07-10 09:12:36.155 | INFO     | N/A | ⏳ 等待 Profile 更新任务...
2026-07-10 09:12:41.194 | INFO     | N/A | ⏳ 等待 Profile 更新任务...
2026-07-10 09:12:46.298 | INFO     | N/A | ⏳ 等待 Profile 更新任务...
2026-07-10 09:12:51.328 | INFO     | N/A | ⏳ 等待 Profile 更新任务...
2026-07-10 09:12:56.358 | INFO     | N/A | ⏳ 等待 Profile 更新任务...
2026-07-10 09:13:01.395 | INFO     | N/A | ⏳ 等待 Profile 更新任务...
2026-07-10 09:13:06.433 | INFO     | N/A | ⏳ 等待 Profile 更新任务...
2026-07-10 09:13:11.471 | INFO     | N/A | ⏳ 等待 Profile 更新任务...
2026-07-10 09:13:16.509 | INFO     | N/A | ⏳ 等待 Profile 更新任务...
2026-07-10 09:13:21.545 | INFO     | N/A | ⏳ 等待 Profile 更新任务...
2026-07-10 09:13:26.582 | INFO     | N/A | ⏳ 等待 Profile 更新任务...
2026-07-10 09:13:31.621 | INFO     | N/A | ⏳ 等待 Profile 更新任务...
2026-07-10 09:13:36.666 | INFO     | N/A | ⏳ 等待 Profile 更新任务...
2026-07-10 09:13:41.706 | INFO     | N/A | ⏳ 等待 Profile 更新任务...
2026-07-10 09:13:46.745 | INFO     | N/A | ⏳ 等待 Profile 更新任务...
2026-07-10 09:13:51.784 | INFO     | N/A | ⏳ 等待 Profile 更新任务...
2026-07-10 09:13:56.818 | INFO     | N/A | ⏳ 等待 Profile 更新任务...
2026-07-10 09:14:01.854 | INFO     | N/A | ⏳ 等待 Profile 更新任务...
2026-07-10 09:14:06.886 | INFO     | N/A | ⏳ 等待 Profile 更新任务...
2026-07-10 09:14:11.923 | INFO     | N/A | ⏳ 等待 Profile 更新任务...
2026-07-10 09:14:16.958 | INFO     | N/A | ⏳ 等待 Profile 更新任务...
2026-07-10 09:14:21.993 | INFO     | N/A | ⏳ 等待 Profile 更新任务...
2026-07-10 09:14:27.025 | INFO     | N/A | ⏳ 等待 Profile 更新任务...
2026-07-10 09:14:32.061 | INFO     | N/A | ⏳ 等待 Profile 更新任务...
2026-07-10 09:14:37.107 | INFO     | N/A | ⏳ 等待 Profile 更新任务...
2026-07-10 09:14:42.142 | INFO     | N/A | ⏳ 等待 Profile 更新任务...
2026-07-10 09:14:47.182 | INFO     | N/A | ⏳ 等待 Profile 更新任务...
2026-07-10 09:14:52.216 | INFO     | N/A | ⏳ 等待 Profile 更新任务...
2026-07-10 09:14:57.256 | INFO     | N/A | ⏳ 等待 Profile 更新任务...
2026-07-10 09:15:02.291 | INFO     | N/A | ⏳ 等待 Profile 更新任务...
2026-07-10 09:15:07.332 | INFO     | N/A | ⏳ 等待 Profile 更新任务...
2026-07-10 09:15:12.365 | INFO     | N/A | ⏳ 等待 Profile 更新任务...
2026-07-10 09:15:17.397 | INFO     | N/A | ⏳ 等待 Profile 更新任务...
2026-07-10 09:15:22.430 | INFO     | N/A | ⏳ 等待 Profile 更新任务...
2026-07-10 09:15:27.457 | INFO     | N/A | ⏳ 等待 Profile 更新任务...
2026-07-10 09:15:32.486 | INFO     | N/A | ⏳ 等待 Profile 更新任务...
2026-07-10 09:15:37.522 | INFO     | N/A | ⏳ 等待 Profile 更新任务...
2026-07-10 09:15:42.548 | INFO     | N/A | ⏳ 等待 Profile 更新任务...
2026-07-10 09:15:47.580 | INFO     | N/A | ⏳ 等待 Profile 更新任务...
2026-07-10 09:15:52.615 | INFO     | N/A | ⏳ 等待 Profile 更新任务...
2026-07-10 09:15:57.650 | INFO     | N/A | ⏳ 等待 Profile 更新任务...
2026-07-10 09:16:02.690 | INFO     | N/A | ⏳ 等待 Profile 更新任务...
2026-07-10 09:16:07.731 | INFO     | N/A | ⏳ 等待 Profile 更新任务...
2026-07-10 09:16:12.765 | INFO     | N/A | ⏳ 等待 Profile 更新任务...
2026-07-10 09:16:17.800 | INFO     | N/A | ⏳ 等待 Profile 更新任务...
2026-07-10 09:16:22.838 | INFO     | N/A | ⏳ 等待 Profile 更新任务...
2026-07-10 09:16:27.925 | INFO     | N/A | ⏳ 等待 Profile 更新任务...
2026-07-10 09:16:32.953 | INFO     | N/A | ⏳ 等待 Profile 更新任务...
2026-07-10 09:16:37.987 | INFO     | N/A | ⏳ 等待 Profile 更新任务...
2026-07-10 09:16:43.022 | INFO     | N/A | ⏳ 等待 Profile 更新任务...
2026-07-10 09:16:48.051 | INFO     | N/A | ⏳ 等待 Profile 更新任务...
2026-07-10 09:16:53.084 | INFO     | N/A | ⏳ 等待 Profile 更新任务...
2026-07-10 09:16:58.115 | INFO     | N/A | ⏳ 等待 Profile 更新任务...
2026-07-10 09:17:03.154 | INFO     | N/A | ⏳ 等待 Profile 更新任务...
2026-07-10 09:17:08.224 | INFO     | N/A | ⏳ 等待 Profile 更新任务...
2026-07-10 09:17:13.256 | INFO     | N/A | ⏳ 等待 Profile 更新任务...
2026-07-10 09:17:18.288 | INFO     | N/A | ⏳ 等待 Profile 更新任务...
2026-07-10 09:17:23.322 | INFO     | N/A | ⏳ 等待 Profile 更新任务...
2026-07-10 09:17:28.355 | INFO     | N/A | ⏳ 等待 Profile 更新任务...
2026-07-10 09:17:33.396 | INFO     | N/A | ⏳ 等待 Profile 更新任务...
2026-07-10 09:17:38.429 | INFO     | N/A | ⏳ 等待 Profile 更新任务...
2026-07-10 09:17:43.516 | INFO     | N/A | ⏳ 等待 Profile 更新任务...
2026-07-10 09:17:48.550 | INFO     | N/A | ⏳ 等待 Profile 更新任务...
2026-07-10 09:17:53.583 | INFO     | N/A | ⏳ 等待 Profile 更新任务...
2026-07-10 09:17:58.622 | INFO     | N/A | ⏳ 等待 Profile 更新任务...
2026-07-10 09:18:03.664 | INFO     | N/A | ⏳ 等待 Profile 更新任务...
2026-07-10 09:18:08.698 | INFO     | N/A | ⏳ 等待 Profile 更新任务...
2026-07-10 09:18:13.728 | INFO     | N/A | ⏳ 等待 Profile 更新任务...
2026-07-10 09:18:18.760 | INFO     | N/A | ⏳ 等待 Profile 更新任务...
2026-07-10 09:18:23.787 | INFO     | N/A | ⏳ 等待 Profile 更新任务...
2026-07-10 09:18:28.834 | INFO     | N/A | ⏳ 等待 Profile 更新任务...
2026-07-10 09:18:33.875 | INFO     | N/A | ⏳ 等待 Profile 更新任务...
2026-07-10 09:18:38.912 | INFO     | N/A | ⏳ 等待 Profile 更新任务...
2026-07-10 09:18:43.950 | INFO     | N/A | ⏳ 等待 Profile 更新任务...
2026-07-10 09:18:48.985 | INFO     | N/A | ⏳ 等待 Profile 更新任务...
2026-07-10 09:18:54.026 | INFO     | N/A | ⏳ 等待 Profile 更新任务...
2026-07-10 09:18:59.060 | INFO     | N/A | ⏳ 等待 Profile 更新任务...
2026-07-10 09:19:04.094 | INFO     | N/A | ⏳ 等待 Profile 更新任务...
2026-07-10 09:19:09.134 | INFO     | N/A | ⏳ 等待 Profile 更新任务...
2026-07-10 09:19:14.172 | INFO     | N/A | ⏳ 等待 Profile 更新任务...
2026-07-10 09:19:19.210 | INFO     | N/A | ⏳ 等待 Profile 更新任务...
2026-07-10 09:19:24.248 | INFO     | N/A | ⏳ 等待 Profile 更新任务...
2026-07-10 09:19:29.286 | INFO     | N/A | ⏳ 等待 Profile 更新任务...
2026-07-10 09:19:34.324 | INFO     | N/A | ⏳ 等待 Profile 更新任务...
2026-07-10 09:19:39.359 | INFO     | N/A | ⏳ 等待 Profile 更新任务...
2026-07-10 09:19:44.396 | INFO     | N/A | ⏳ 等待 Profile 更新任务...
2026-07-10 09:19:49.440 | INFO     | N/A | ⏳ 等待 Profile 更新任务...
2026-07-10 09:19:54.480 | INFO     | N/A | ⏳ 等待 Profile 更新任务...
2026-07-10 09:19:59.517 | INFO     | N/A | ⏳ 等待 Profile 更新任务...
2026-07-10 09:20:04.554 | INFO     | N/A | ⏳ 等待 Profile 更新任务...
2026-07-10 09:20:09.587 | INFO     | N/A | ⏳ 等待 Profile 更新任务...
2026-07-10 09:20:14.619 | INFO     | N/A | ⏳ 等待 Profile 更新任务...
2026-07-10 09:20:19.661 | INFO     | N/A | ⏳ 等待 Profile 更新任务...
2026-07-10 09:20:24.698 | INFO     | N/A | ⏳ 等待 Profile 更新任务...
2026-07-10 09:20:29.734 | INFO     | N/A | ⏳ 等待 Profile 更新任务...
2026-07-10 09:20:34.768 | INFO     | N/A | ⏳ 等待 Profile 更新任务...
2026-07-10 09:20:39.808 | INFO     | N/A | ⏳ 等待 Profile 更新任务...
2026-07-10 09:20:44.843 | INFO     | N/A | ⏳ 等待 Profile 更新任务...
2026-07-10 09:20:49.878 | INFO     | N/A | ⏳ 等待 Profile 更新任务...
2026-07-10 09:20:54.917 | INFO     | N/A | ⏳ 等待 Profile 更新任务...
2026-07-10 09:20:59.953 | INFO     | N/A | ⏳ 等待 Profile 更新任务...
2026-07-10 09:21:04.990 | INFO     | N/A | ⏳ 等待 Profile 更新任务...
2026-07-10 09:21:10.022 | INFO     | N/A | ⏳ 等待 Profile 更新任务...
2026-07-10 09:21:15.058 | INFO     | N/A | ⏳ 等待 Profile 更新任务...
2026-07-10 09:21:20.109 | INFO     | N/A | ⏳ 等待 Profile 更新任务...
2026-07-10 09:21:25.148 | INFO     | N/A | ⏳ 等待 Profile 更新任务...
2026-07-10 09:21:30.181 | INFO     | N/A | ⏳ 等待 Profile 更新任务...
2026-07-10 09:21:35.216 | INFO     | N/A | ⏳ 等待 Profile 更新任务...
2026-07-10 09:21:40.254 | INFO     | N/A | ⏳ 等待 Profile 更新任务...
2026-07-10 09:21:45.293 | INFO     | N/A | ⏳ 等待 Profile 更新任务...
2026-07-10 09:21:50.330 | INFO     | N/A | ⏳ 等待 Profile 更新任务...
2026-07-10 09:21:55.368 | INFO     | N/A | ⏳ 等待 Profile 更新任务...
2026-07-10 09:22:00.406 | INFO     | N/A | ⏳ 等待 Profile 更新任务...
2026-07-10 09:22:05.463 | INFO     | N/A | ⏳ 等待 Profile 更新任务...
2026-07-10 09:22:10.497 | INFO     | N/A | ⏳ 等待 Profile 更新任务...
2026-07-10 09:22:15.525 | INFO     | N/A | ⏳ 等待 Profile 更新任务...
2026-07-10 09:22:20.613 | INFO     | N/A | ⏳ 等待 Profile 更新任务...
2026-07-10 09:22:25.643 | INFO     | N/A | ⏳ 等待 Profile 更新任务...
2026-07-10 09:22:30.674 | INFO     | N/A | ⏳ 等待 Profile 更新任务...
2026-07-10 09:22:35.706 | INFO     | N/A | ⏳ 等待 Profile 更新任务...
2026-07-10 09:22:40.743 | INFO     | N/A | ⏳ 等待 Profile 更新任务...
2026-07-10 09:22:45.774 | INFO     | N/A | ⏳ 等待 Profile 更新任务...
2026-07-10 09:22:50.812 | INFO     | N/A | ⏳ 等待 Profile 更新任务...
2026-07-10 09:22:55.846 | INFO     | N/A | ⏳ 等待 Profile 更新任务...
2026-07-10 09:23:00.883 | INFO     | N/A | ⏳ 等待 Profile 更新任务...
2026-07-10 09:23:05.921 | INFO     | N/A | ⏳ 等待 Profile 更新任务...
2026-07-10 09:23:10.958 | INFO     | N/A | ⏳ 等待 Profile 更新任务...
2026-07-10 09:23:15.994 | INFO     | N/A | ⏳ 等待 Profile 更新任务...
2026-07-10 09:23:21.027 | INFO     | N/A | ⏳ 等待 Profile 更新任务...
2026-07-10 09:23:26.057 | INFO     | N/A | ⏳ 等待 Profile 更新任务...
2026-07-10 09:23:31.086 | INFO     | N/A | ⏳ 等待 Profile 更新任务...
2026-07-10 09:23:36.125 | INFO     | N/A | ⏳ 等待 Profile 更新任务...
2026-07-10 09:23:41.170 | INFO     | N/A | ⏳ 等待 Profile 更新任务...
2026-07-10 09:23:46.228 | INFO     | N/A | ⏳ 等待 Profile 更新任务...
2026-07-10 09:23:51.261 | INFO     | N/A | ⏳ 等待 Profile 更新任务...
2026-07-10 09:23:56.299 | INFO     | N/A | ⏳ 等待 Profile 更新任务...
2026-07-10 09:24:01.339 | INFO     | N/A | ⏳ 等待 Profile 更新任务...
2026-07-10 09:24:06.375 | INFO     | N/A | ⏳ 等待 Profile 更新任务...
2026-07-10 09:24:11.409 | INFO     | N/A | ⏳ 等待 Profile 更新任务...
2026-07-10 09:24:16.439 | INFO     | N/A | ⏳ 等待 Profile 更新任务...
2026-07-10 09:24:21.475 | INFO     | N/A | ⏳ 等待 Profile 更新任务...
2026-07-10 09:24:26.506 | INFO     | N/A | ⏳ 等待 Profile 更新任务...
2026-07-10 09:24:31.534 | INFO     | N/A | ⏳ 等待 Profile 更新任务...
2026-07-10 09:24:36.568 | INFO     | N/A | ⏳ 等待 Profile 更新任务...
2026-07-10 09:24:41.604 | INFO     | N/A | ⏳ 等待 Profile 更新任务...
2026-07-10 09:24:46.631 | INFO     | N/A | ⏳ 等待 Profile 更新任务...
2026-07-10 09:24:51.671 | INFO     | N/A | ⏳ 等待 Profile 更新任务...
2026-07-10 09:24:56.701 | INFO     | N/A | ⏳ 等待 Profile 更新任务...
2026-07-10 09:25:01.732 | INFO     | N/A | ⏳ 等待 Profile 更新任务...
2026-07-10 09:25:06.760 | INFO     | N/A | ⏳ 等待 Profile 更新任务...
2026-07-10 09:25:11.803 | INFO     | N/A | ⏳ 等待 Profile 更新任务...
2026-07-10 09:25:16.835 | INFO     | N/A | ⏳ 等待 Profile 更新任务...
2026-07-10 09:25:21.867 | INFO     | N/A | ⏳ 等待 Profile 更新任务...
2026-07-10 09:25:26.901 | INFO     | N/A | ⏳ 等待 Profile 更新任务...
2026-07-10 09:25:31.941 | INFO     | N/A | ⏳ 等待 Profile 更新任务...
2026-07-10 09:25:36.970 | INFO     | N/A | ⏳ 等待 Profile 更新任务...
2026-07-10 09:25:42.000 | INFO     | N/A | ⏳ 等待 Profile 更新任务...
2026-07-10 09:25:47.028 | INFO     | N/A | ⏳ 等待 Profile 更新任务...
2026-07-10 09:25:52.060 | INFO     | N/A | ⏳ 等待 Profile 更新任务...
2026-07-10 09:25:57.160 | INFO     | N/A | ⏳ 等待 Profile 更新任务...
2026-07-10 09:26:02.193 | INFO     | N/A | ⏳ 等待 Profile 更新任务...
2026-07-10 09:26:07.228 | INFO     | N/A | ⏳ 等待 Profile 更新任务...
2026-07-10 09:26:12.259 | INFO     | N/A | ⏳ 等待 Profile 更新任务...
2026-07-10 09:26:17.298 | INFO     | N/A | ⏳ 等待 Profile 更新任务...
2026-07-10 09:26:22.334 | INFO     | N/A | ⏳ 等待 Profile 更新任务...
2026-07-10 09:26:27.372 | INFO     | N/A | ⏳ 等待 Profile 更新任务...
2026-07-10 09:26:32.406 | INFO     | N/A | ⏳ 等待 Profile 更新任务...
2026-07-10 09:26:37.443 | INFO     | N/A | ⏳ 等待 Profile 更新任务...
2026-07-10 09:26:42.477 | INFO     | N/A | ⏳ 等待 Profile 更新任务...
2026-07-10 09:26:47.556 | INFO     | N/A | ⏳ 等待 Profile 更新任务...
2026-07-10 09:26:52.625 | INFO     | N/A | ⏳ 等待 Profile 更新任务...
2026-07-10 09:26:57.657 | INFO     | N/A | ⏳ 等待 Profile 更新任务...
2026-07-10 09:27:02.698 | INFO     | N/A | ⏳ 等待 Profile 更新任务...
2026-07-10 09:27:07.738 | INFO     | N/A | ⏳ 等待 Profile 更新任务...
2026-07-10 09:27:12.827 | INFO     | N/A | ⏳ 等待 Profile 更新任务...
2026-07-10 09:27:17.867 | INFO     | N/A | ⏳ 等待 Profile 更新任务...
2026-07-10 09:27:22.907 | INFO     | N/A | ⏳ 等待 Profile 更新任务...
2026-07-10 09:27:27.952 | INFO     | N/A | ⏳ 等待 Profile 更新任务...
2026-07-10 09:27:33.071 | INFO     | N/A | ⏳ 等待 Profile 更新任务...
2026-07-10 09:27:38.102 | INFO     | N/A | ⏳ 等待 Profile 更新任务...
2026-07-10 09:27:43.134 | INFO     | N/A | ⏳ 等待 Profile 更新任务...
2026-07-10 09:27:48.169 | INFO     | N/A | ⏳ 等待 Profile 更新任务...
2026-07-10 09:27:53.198 | INFO     | N/A | ⏳ 等待 Profile 更新任务...
2026-07-10 09:27:58.234 | INFO     | N/A | ⏳ 等待 Profile 更新任务...
2026-07-10 09:28:03.268 | INFO     | N/A | ⏳ 等待 Profile 更新任务...
2026-07-10 09:28:08.296 | INFO     | N/A | ⏳ 等待 Profile 更新任务...
2026-07-10 09:28:13.334 | INFO     | N/A | ⏳ 等待 Profile 更新任务...
2026-07-10 09:28:18.371 | INFO     | N/A | ⏳ 等待 Profile 更新任务...
2026-07-10 09:28:23.405 | INFO     | N/A | ⏳ 等待 Profile 更新任务...
2026-07-10 09:28:28.434 | INFO     | N/A | ⏳ 等待 Profile 更新任务...
2026-07-10 09:28:33.467 | INFO     | N/A | ⏳ 等待 Profile 更新任务...
2026-07-10 09:28:38.502 | INFO     | N/A | ⏳ 等待 Profile 更新任务...
2026-07-10 09:28:43.538 | INFO     | N/A | ⏳ 等待 Profile 更新任务...
2026-07-10 09:28:48.577 | INFO     | N/A | ⏳ 等待 Profile 更新任务...
2026-07-10 09:28:53.614 | INFO     | N/A | ⏳ 等待 Profile 更新任务...
2026-07-10 09:28:58.646 | INFO     | N/A | ⏳ 等待 Profile 更新任务...
2026-07-10 09:29:03.678 | INFO     | N/A | ⏳ 等待 Profile 更新任务...
2026-07-10 09:29:08.721 | INFO     | N/A | ⏳ 等待 Profile 更新任务...
2026-07-10 09:29:13.753 | INFO     | N/A | ⏳ 等待 Profile 更新任务...
2026-07-10 09:29:18.762 | INFO     | N/A | ⏳ 等待 Profile 更新任务...
2026-07-10 09:29:23.796 | INFO     | N/A | ⏳ 等待 Profile 更新任务...
2026-07-10 09:29:28.832 | INFO     | N/A | ⏳ 等待 Profile 更新任务...
2026-07-10 09:29:33.866 | INFO     | N/A | ⏳ 等待 Profile 更新任务...
2026-07-10 09:29:38.901 | INFO     | N/A | ⏳ 等待 Profile 更新任务...
2026-07-10 09:29:43.935 | INFO     | N/A | ⏳ 等待 Profile 更新任务...
2026-07-10 09:29:48.979 | INFO     | N/A | ⏳ 等待 Profile 更新任务...
2026-07-10 09:29:54.010 | INFO     | N/A | ⏳ 等待 Profile 更新任务...
2026-07-10 09:29:59.042 | INFO     | N/A | ⏳ 等待 Profile 更新任务...
2026-07-10 09:30:04.074 | INFO     | N/A | ⏳ 等待 Profile 更新任务...
2026-07-10 09:30:09.108 | INFO     | N/A | ⏳ 等待 Profile 更新任务...
2026-07-10 09:30:14.152 | INFO     | N/A | ⏳ 等待 Profile 更新任务...
2026-07-10 09:30:19.188 | INFO     | N/A | ⏳ 等待 Profile 更新任务...
2026-07-10 09:30:24.223 | INFO     | N/A | ⏳ 等待 Profile 更新任务...
2026-07-10 09:30:29.263 | INFO     | N/A | ⏳ 等待 Profile 更新任务...
2026-07-10 09:30:34.302 | INFO     | N/A | ⏳ 等待 Profile 更新任务...
2026-07-10 09:30:39.343 | INFO     | N/A | ⏳ 等待 Profile 更新任务...
2026-07-10 09:30:44.377 | INFO     | N/A | ⏳ 等待 Profile 更新任务...
2026-07-10 09:30:49.411 | INFO     | N/A | ⏳ 等待 Profile 更新任务...
2026-07-10 09:30:54.462 | INFO     | N/A | ⏳ 等待 Profile 更新任务...
2026-07-10 09:30:59.495 | INFO     | N/A | ⏳ 等待 Profile 更新任务...
2026-07-10 09:31:04.521 | INFO     | N/A | ⏳ 等待 Profile 更新任务...
2026-07-10 09:31:09.550 | INFO     | N/A | ⏳ 等待 Profile 更新任务...
2026-07-10 09:31:14.588 | INFO     | N/A | ⏳ 等待 Profile 更新任务...
2026-07-10 09:31:19.623 | INFO     | N/A | ⏳ 等待 Profile 更新任务...
2026-07-10 09:31:24.660 | INFO     | N/A | ⏳ 等待 Profile 更新任务...
2026-07-10 09:31:29.695 | INFO     | N/A | ⏳ 等待 Profile 更新任务...
2026-07-10 09:31:34.732 | INFO     | N/A | ⏳ 等待 Profile 更新任务...
2026-07-10 09:31:39.765 | INFO     | N/A | ⏳ 等待 Profile 更新任务...
2026-07-10 09:31:44.810 | INFO     | N/A | ⏳ 等待 Profile 更新任务...
2026-07-10 09:31:49.846 | INFO     | N/A | ⏳ 等待 Profile 更新任务...
2026-07-10 09:31:54.884 | INFO     | N/A | ⏳ 等待 Profile 更新任务...
2026-07-10 09:31:59.921 | INFO     | N/A | ⏳ 等待 Profile 更新任务...
2026-07-10 09:32:04.959 | INFO     | N/A | ⏳ 等待 Profile 更新任务...
2026-07-10 09:32:09.996 | INFO     | N/A | ⏳ 等待 Profile 更新任务...
2026-07-10 09:32:15.041 | INFO     | N/A | ⏳ 等待 Profile 更新任务...
2026-07-10 09:32:20.078 | INFO     | N/A | ⏳ 等待 Profile 更新任务...
2026-07-10 09:32:25.127 | INFO     | N/A | ⏳ 等待 Profile 更新任务...
2026-07-10 09:32:30.165 | INFO     | N/A | ⏳ 等待 Profile 更新任务...
2026-07-10 09:32:35.201 | INFO     | N/A | ⏳ 等待 Profile 更新任务...
2026-07-10 09:32:40.239 | INFO     | N/A | ⏳ 等待 Profile 更新任务...
2026-07-10 09:32:45.277 | INFO     | N/A | ⏳ 等待 Profile 更新任务...
2026-07-10 09:32:50.329 | INFO     | N/A | ⏳ 等待 Profile 更新任务...
2026-07-10 09:32:55.365 | INFO     | N/A | ⏳ 等待 Profile 更新任务...
2026-07-10 09:33:00.401 | INFO     | N/A | ⏳ 等待 Profile 更新任务...
2026-07-10 09:33:05.439 | INFO     | N/A | ⏳ 等待 Profile 更新任务...
2026-07-10 09:33:10.474 | INFO     | N/A | ⏳ 等待 Profile 更新任务...
2026-07-10 09:33:15.508 | INFO     | N/A | ⏳ 等待 Profile 更新任务...
2026-07-10 09:33:20.537 | INFO     | N/A | ⏳ 等待 Profile 更新任务...
2026-07-10 09:33:25.566 | INFO     | N/A | ⏳ 等待 Profile 更新任务...
2026-07-10 09:33:30.595 | INFO     | N/A | ⏳ 等待 Profile 更新任务...
2026-07-10 09:33:35.624 | INFO     | N/A | ⏳ 等待 Profile 更新任务...
2026-07-10 09:33:40.659 | INFO     | N/A | ⏳ 等待 Profile 更新任务...
2026-07-10 09:33:45.696 | INFO     | N/A | ⏳ 等待 Profile 更新任务...
2026-07-10 09:33:50.733 | INFO     | N/A | ⏳ 等待 Profile 更新任务...
2026-07-10 09:33:55.767 | INFO     | N/A | ⏳ 等待 Profile 更新任务...
2026-07-10 09:34:00.804 | INFO     | N/A | ⏳ 等待 Profile 更新任务...
2026-07-10 09:34:05.843 | INFO     | N/A | ⏳ 等待 Profile 更新任务...
2026-07-10 09:34:10.940 | INFO     | N/A | ⏳ 等待 Profile 更新任务...
2026-07-10 09:34:15.969 | INFO     | N/A | ⏳ 等待 Profile 更新任务...
2026-07-10 09:34:21.001 | INFO     | N/A | ⏳ 等待 Profile 更新任务...
2026-07-10 09:34:26.037 | INFO     | N/A | ⏳ 等待 Profile 更新任务...
2026-07-10 09:34:31.060 | INFO     | N/A | ⏳ 等待 Profile 更新任务...
2026-07-10 09:34:36.092 | INFO     | N/A | ⏳ 等待 Profile 更新任务...
2026-07-10 09:34:41.123 | INFO     | N/A | ⏳ 等待 Profile 更新任务...
2026-07-10 09:34:46.156 | INFO     | N/A | ⏳ 等待 Profile 更新任务...
2026-07-10 09:34:51.195 | INFO     | N/A | ⏳ 等待 Profile 更新任务...
2026-07-10 09:34:56.235 | INFO     | N/A | ⏳ 等待 Profile 更新任务...
2026-07-10 09:35:01.271 | INFO     | N/A | ⏳ 等待 Profile 更新任务...
2026-07-10 09:35:06.306 | INFO     | N/A | ⏳ 等待 Profile 更新任务...
2026-07-10 09:35:11.339 | INFO     | N/A | ⏳ 等待 Profile 更新任务...
2026-07-10 09:35:16.380 | INFO     | N/A | ⏳ 等待 Profile 更新任务...
2026-07-10 09:35:21.419 | INFO     | N/A | ⏳ 等待 Profile 更新任务...
2026-07-10 09:35:26.456 | INFO     | N/A | ⏳ 等待 Profile 更新任务...
2026-07-10 09:35:31.473 | INFO     | N/A | ⏳ 等待 Profile 更新任务...
2026-07-10 09:35:36.507 | INFO     | N/A | ⏳ 等待 Profile 更新任务...
2026-07-10 09:35:41.600 | INFO     | N/A | ⏳ 等待 Profile 更新任务...
2026-07-10 09:35:46.638 | INFO     | N/A | ⏳ 等待 Profile 更新任务...
2026-07-10 09:35:51.684 | INFO     | N/A | ⏳ 等待 Profile 更新任务...
2026-07-10 09:35:56.727 | INFO     | N/A | ⏳ 等待 Profile 更新任务...
2026-07-10 09:36:01.763 | INFO     | N/A | ⏳ 等待 Profile 更新任务...
2026-07-10 09:36:06.828 | INFO     | N/A | ⏳ 等待 Profile 更新任务...
2026-07-10 09:36:11.861 | INFO     | N/A | ⏳ 等待 Profile 更新任务...
2026-07-10 09:36:16.896 | INFO     | N/A | ⏳ 等待 Profile 更新任务...
2026-07-10 09:36:21.927 | INFO     | N/A | ⏳ 等待 Profile 更新任务...
2026-07-10 09:36:26.962 | INFO     | N/A | ⏳ 等待 Profile 更新任务...
2026-07-10 09:36:32.019 | INFO     | N/A | ⏳ 等待 Profile 更新任务...
2026-07-10 09:36:37.059 | INFO     | N/A | ⏳ 等待 Profile 更新任务...
2026-07-10 09:36:42.090 | INFO     | N/A | ⏳ 等待 Profile 更新任务...
2026-07-10 09:36:47.123 | INFO     | N/A | ⏳ 等待 Profile 更新任务...
2026-07-10 09:36:52.160 | INFO     | N/A | ⏳ 等待 Profile 更新任务...
2026-07-10 09:36:57.196 | INFO     | N/A | ⏳ 等待 Profile 更新任务...
2026-07-10 09:37:02.233 | INFO     | N/A | ⏳ 等待 Profile 更新任务...
2026-07-10 09:37:07.266 | INFO     | N/A | ⏳ 等待 Profile 更新任务...
2026-07-10 09:37:12.300 | INFO     | N/A | ⏳ 等待 Profile 更新任务...
2026-07-10 09:37:17.338 | INFO     | N/A | ⏳ 等待 Profile 更新任务...
2026-07-10 09:37:22.438 | INFO     | N/A | ⏳ 等待 Profile 更新任务...
2026-07-10 09:37:27.467 | INFO     | N/A | ⏳ 等待 Profile 更新任务...
2026-07-10 09:37:32.498 | INFO     | N/A | ⏳ 等待 Profile 更新任务...
2026-07-10 09:37:37.528 | INFO     | N/A | ⏳ 等待 Profile 更新任务...
2026-07-10 09:37:42.564 | INFO     | N/A | ⏳ 等待 Profile 更新任务...
2026-07-10 09:37:47.599 | INFO     | N/A | ⏳ 等待 Profile 更新任务...
2026-07-10 09:37:52.636 | INFO     | N/A | ⏳ 等待 Profile 更新任务...
2026-07-10 09:37:57.668 | INFO     | N/A | ⏳ 等待 Profile 更新任务...
2026-07-10 09:38:02.699 | INFO     | N/A | ⏳ 等待 Profile 更新任务...
2026-07-10 09:38:07.730 | INFO     | N/A | ⏳ 等待 Profile 更新任务...
2026-07-10 09:38:12.759 | INFO     | N/A | ⏳ 等待 Profile 更新任务...
2026-07-10 09:38:17.793 | INFO     | N/A | ⏳ 等待 Profile 更新任务...
2026-07-10 09:38:22.826 | INFO     | N/A | ⏳ 等待 Profile 更新任务...
2026-07-10 09:38:27.858 | INFO     | N/A | ⏳ 等待 Profile 更新任务...
2026-07-10 09:38:32.887 | INFO     | N/A | ⏳ 等待 Profile 更新任务...
2026-07-10 09:38:37.924 | INFO     | N/A | ⏳ 等待 Profile 更新任务...
2026-07-10 09:38:42.954 | INFO     | N/A | ⏳ 等待 Profile 更新任务...
2026-07-10 09:38:48.026 | INFO     | N/A | ⏳ 等待 Profile 更新任务...
2026-07-10 09:38:53.087 | INFO     | N/A | ⏳ 等待 Profile 更新任务...
2026-07-10 09:38:58.132 | INFO     | N/A | ⏳ 等待 Profile 更新任务...
2026-07-10 09:39:03.159 | INFO     | N/A | ⏳ 等待 Profile 更新任务...
2026-07-10 09:39:08.211 | INFO     | N/A | ⏳ 等待 Profile 更新任务...
2026-07-10 09:39:13.240 | INFO     | N/A | ⏳ 等待 Profile 更新任务...
2026-07-10 09:39:18.325 | INFO     | N/A | ⏳ 等待 Profile 更新任务...
2026-07-10 09:39:23.370 | INFO     | N/A | ⏳ 等待 Profile 更新任务...
2026-07-10 09:39:28.411 | INFO     | N/A | ⏳ 等待 Profile 更新任务...
2026-07-10 09:39:33.452 | INFO     | N/A | ⏳ 等待 Profile 更新任务...
2026-07-10 09:39:38.486 | INFO     | N/A | ⏳ 等待 Profile 更新任务...
2026-07-10 09:39:43.523 | INFO     | N/A | ⏳ 等待 Profile 更新任务...
2026-07-10 09:39:48.556 | INFO     | N/A | ⏳ 等待 Profile 更新任务...
2026-07-10 09:39:53.621 | INFO     | N/A | ⏳ 等待 Profile 更新任务...
2026-07-10 09:39:58.656 | INFO     | N/A | ⏳ 等待 Profile 更新任务...
2026-07-10 09:40:03.687 | INFO     | N/A | ⏳ 等待 Profile 更新任务...
2026-07-10 09:40:09.656 | INFO     | N/A | ⏳ 等待 Profile 更新任务...
2026-07-10 09:40:14.748 | INFO     | N/A | ⏳ 等待 Profile 更新任务...
2026-07-10 09:40:19.820 | INFO     | N/A | ⏳ 等待 Profile 更新任务...
2026-07-10 09:40:24.855 | INFO     | N/A | ⏳ 等待 Profile 更新任务...
2026-07-10 09:40:29.918 | INFO     | N/A | ⏳ 等待 Profile 更新任务...
2026-07-10 09:40:34.949 | INFO     | N/A | ⏳ 等待 Profile 更新任务...
2026-07-10 09:40:39.988 | INFO     | N/A | ⏳ 等待 Profile 更新任务...
2026-07-10 09:40:45.024 | INFO     | N/A | ⏳ 等待 Profile 更新任务...
2026-07-10 09:40:50.061 | INFO     | N/A | ⏳ 等待 Profile 更新任务...
2026-07-10 09:40:55.094 | INFO     | N/A | ⏳ 等待 Profile 更新任务...
2026-07-10 09:41:00.124 | INFO     | N/A | ⏳ 等待 Profile 更新任务...
2026-07-10 09:41:05.164 | INFO     | N/A | ⏳ 等待 Profile 更新任务...
2026-07-10 09:41:10.251 | INFO     | N/A | ⏳ 等待 Profile 更新任务...
2026-07-10 09:41:15.285 | INFO     | N/A | ⏳ 等待 Profile 更新任务...
2026-07-10 09:41:20.316 | INFO     | N/A | ⏳ 等待 Profile 更新任务...
2026-07-10 09:41:25.349 | INFO     | N/A | ⏳ 等待 Profile 更新任务...
2026-07-10 09:41:30.384 | INFO     | N/A | ⏳ 等待 Profile 更新任务...
2026-07-10 09:41:35.421 | INFO     | N/A | ⏳ 等待 Profile 更新任务...
2026-07-10 09:41:40.457 | INFO     | N/A | ⏳ 等待 Profile 更新任务...
2026-07-10 09:41:45.515 | INFO     | N/A | ⏳ 等待 Profile 更新任务...
2026-07-10 09:41:50.551 | INFO     | N/A | ⏳ 等待 Profile 更新任务...
2026-07-10 09:41:55.588 | INFO     | N/A | ⏳ 等待 Profile 更新任务...
2026-07-10 09:42:00.628 | INFO     | N/A | ⏳ 等待 Profile 更新任务...
2026-07-10 09:42:05.668 | INFO     | N/A | ⏳ 等待 Profile 更新任务...
2026-07-10 09:42:10.709 | INFO     | N/A | ⏳ 等待 Profile 更新任务...
2026-07-10 09:42:15.746 | INFO     | N/A | ⏳ 等待 Profile 更新任务...
2026-07-10 09:42:20.781 | INFO     | N/A | ⏳ 等待 Profile 更新任务...
2026-07-10 09:42:25.820 | INFO     | N/A | ⏳ 等待 Profile 更新任务...
2026-07-10 09:42:30.853 | INFO     | N/A | ⏳ 等待 Profile 更新任务...
2026-07-10 09:42:35.892 | INFO     | N/A | ⏳ 等待 Profile 更新任务...
2026-07-10 09:42:40.970 | INFO     | N/A | ⏳ 等待 Profile 更新任务...
2026-07-10 09:42:46.010 | INFO     | N/A | ⏳ 等待 Profile 更新任务...
2026-07-10 09:42:51.046 | INFO     | N/A | ⏳ 等待 Profile 更新任务...
2026-07-10 09:42:56.083 | INFO     | N/A | ⏳ 等待 Profile 更新任务...
2026-07-10 09:43:01.118 | INFO     | N/A | ⏳ 等待 Profile 更新任务...
2026-07-10 09:43:06.157 | INFO     | N/A | ⏳ 等待 Profile 更新任务...
2026-07-10 09:43:11.197 | INFO     | N/A | ⏳ 等待 Profile 更新任务...
2026-07-10 09:43:16.236 | INFO     | N/A | ⏳ 等待 Profile 更新任务...
2026-07-10 09:43:21.281 | INFO     | N/A | ⏳ 等待 Profile 更新任务...
2026-07-10 09:43:26.321 | INFO     | N/A | ⏳ 等待 Profile 更新任务...
2026-07-10 09:43:31.359 | INFO     | N/A | ⏳ 等待 Profile 更新任务...
2026-07-10 09:43:36.364 | INFO     | N/A | ⏳ 等待 Profile 更新任务...
2026-07-10 09:43:41.398 | INFO     | N/A | ⏳ 等待 Profile 更新任务...
2026-07-10 09:43:46.431 | INFO     | N/A | ⏳ 等待 Profile 更新任务...
2026-07-10 09:43:51.469 | INFO     | N/A | ⏳ 等待 Profile 更新任务...
2026-07-10 09:43:56.510 | INFO     | N/A | ⏳ 等待 Profile 更新任务...
2026-07-10 09:44:01.547 | INFO     | N/A | ⏳ 等待 Profile 更新任务...
2026-07-10 09:44:06.584 | INFO     | N/A | ⏳ 等待 Profile 更新任务...
2026-07-10 09:44:11.620 | INFO     | N/A | ⏳ 等待 Profile 更新任务...
2026-07-10 09:44:16.658 | INFO     | N/A | ⏳ 等待 Profile 更新任务...
2026-07-10 09:44:21.699 | INFO     | N/A | ⏳ 等待 Profile 更新任务...
2026-07-10 09:44:26.736 | INFO     | N/A | ⏳ 等待 Profile 更新任务...
2026-07-10 09:44:31.771 | INFO     | N/A | ⏳ 等待 Profile 更新任务...
2026-07-10 09:44:36.808 | INFO     | N/A | ⏳ 等待 Profile 更新任务...
2026-07-10 09:44:41.873 | INFO     | N/A | ⏳ 等待 Profile 更新任务...
2026-07-10 09:44:46.907 | INFO     | N/A | ⏳ 等待 Profile 更新任务...
2026-07-10 09:44:51.946 | INFO     | N/A | ⏳ 等待 Profile 更新任务...
2026-07-10 09:44:56.994 | INFO     | N/A | ⏳ 等待 Profile 更新任务...
2026-07-10 09:45:02.033 | INFO     | N/A | ⏳ 等待 Profile 更新任务...
2026-07-10 09:45:07.072 | INFO     | N/A | ⏳ 等待 Profile 更新任务...
2026-07-10 09:45:12.112 | INFO     | N/A | ⏳ 等待 Profile 更新任务...
2026-07-10 09:45:17.146 | INFO     | N/A | ⏳ 等待 Profile 更新任务...
2026-07-10 09:45:22.180 | INFO     | N/A | ⏳ 等待 Profile 更新任务...
2026-07-10 09:45:27.216 | INFO     | N/A | ⏳ 等待 Profile 更新任务...
2026-07-10 09:45:32.249 | INFO     | N/A | ⏳ 等待 Profile 更新任务...
2026-07-10 09:45:37.281 | INFO     | N/A | ⏳ 等待 Profile 更新任务...
2026-07-10 09:45:42.317 | INFO     | N/A | ⏳ 等待 Profile 更新任务...
2026-07-10 09:45:47.355 | INFO     | N/A | ⏳ 等待 Profile 更新任务...
2026-07-10 09:45:52.398 | INFO     | N/A | ⏳ 等待 Profile 更新任务...
2026-07-10 09:45:57.429 | INFO     | N/A | ⏳ 等待 Profile 更新任务...
2026-07-10 09:46:02.450 | INFO     | N/A | ⏳ 等待 Profile 更新任务...
2026-07-10 09:46:07.474 | INFO     | N/A | ⏳ 等待 Profile 更新任务...
2026-07-10 09:46:12.540 | INFO     | N/A | ⏳ 等待 Profile 更新任务...
2026-07-10 09:46:17.567 | INFO     | N/A | ⏳ 等待 Profile 更新任务...
2026-07-10 09:46:22.591 | INFO     | N/A | ⏳ 等待 Profile 更新任务...
2026-07-10 09:46:27.617 | INFO     | N/A | ⏳ 等待 Profile 更新任务...
2026-07-10 09:46:32.645 | INFO     | N/A | ⏳ 等待 Profile 更新任务...
2026-07-10 09:46:37.673 | INFO     | N/A | ⏳ 等待 Profile 更新任务...
2026-07-10 09:46:41.039 | INFO     | N/A | 📦 取出任务: user_id=1
2026-07-10 09:46:48.804 | WARNING  | N/A | LLM 偏好提取失败: Connection error.，仅保存基础偏好
2026-07-10 09:46:48.813 | INFO     | N/A | ✅ Profile 更新成功: user_id=1, profile={'preferred_destinations': ['北京', '桂林', '杭州', '上海', '海南', '济南', '淄博', '清远', '广州', '青岛', '茂名', '茂名高州'], 'preferred_budgets': ['未指定', '中等', '宽裕'], 'preferred_paces': ['适中'], 'travel_style': ['文化游'], 'last_updated': '2026-07-10T09:46:48.805134', 'preferred_foods': ['桂林米粉', '啤酒鱼', '龙井虾仁', '知味观糕点', '海鲜'], 'dietary_restrictions': ['素食', '不吃辣'], 'accommodation_preference': '舒适型'}
2026-07-10 09:46:48.816 | INFO     | N/A | 
╔════════════════════════════════════════╗
║  ✅ Profile 更新完成。                   ║
║  用户ID: 1                                             ║
║  目的地: 北京                          。                    ║
╚════════════════════════════════════════╝
2026-07-10 09:46:48.818 | INFO     | N/A | ⏳ 等待 Profile 更新任务...
2026-07-10 09:46:53.871 | INFO     | N/A | ⏳ 等待 Profile 更新任务...
2026-07-10 09:46:58.900 | INFO     | N/A | ⏳ 等待 Profile 更新任务...
2026-07-10 09:47:03.934 | INFO     | N/A | ⏳ 等待 Profile 更新任务...
2026-07-10 09:47:08.972 | INFO     | N/A | ⏳ 等待 Profile 更新任务...
2026-07-10 09:47:14.011 | INFO     | N/A | ⏳ 等待 Profile 更新任务...
2026-07-10 09:47:19.050 | INFO     | N/A | ⏳ 等待 Profile 更新任务...
2026-07-10 09:47:24.088 | INFO     | N/A | ⏳ 等待 Profile 更新任务...
2026-07-10 09:47:29.122 | INFO     | N/A | ⏳ 等待 Profile 更新任务...
2026-07-10 09:47:34.160 | INFO     | N/A | ⏳ 等待 Profile 更新任务...
2026-07-10 09:47:39.193 | INFO     | N/A | ⏳ 等待 Profile 更新任务...
2026-07-10 09:47:44.224 | INFO     | N/A | ⏳ 等待 Profile 更新任务...
2026-07-10 09:47:49.259 | INFO     | N/A | ⏳ 等待 Profile 更新任务...
2026-07-10 09:47:54.305 | INFO     | N/A | ⏳ 等待 Profile 更新任务...
2026-07-10 09:47:59.343 | INFO     | N/A | ⏳ 等待 Profile 更新任务...
2026-07-10 09:48:04.368 | INFO     | N/A | ⏳ 等待 Profile 更新任务...
2026-07-10 09:48:09.411 | INFO     | N/A | ⏳ 等待 Profile 更新任务...
2026-07-10 09:48:14.448 | INFO     | N/A | ⏳ 等待 Profile 更新任务...
2026-07-10 09:48:19.488 | INFO     | N/A | ⏳ 等待 Profile 更新任务...
2026-07-10 09:48:24.528 | INFO     | N/A | ⏳ 等待 Profile 更新任务...
2026-07-10 09:48:29.599 | INFO     | N/A | ⏳ 等待 Profile 更新任务...
2026-07-10 09:48:34.629 | INFO     | N/A | ⏳ 等待 Profile 更新任务...
2026-07-10 09:48:39.664 | INFO     | N/A | ⏳ 等待 Profile 更新任务...
2026-07-10 09:48:44.702 | INFO     | N/A | ⏳ 等待 Profile 更新任务...
2026-07-10 09:48:49.743 | INFO     | N/A | ⏳ 等待 Profile 更新任务...
2026-07-10 09:48:54.776 | INFO     | N/A | ⏳ 等待 Profile 更新任务...
2026-07-10 09:48:59.844 | INFO     | N/A | ⏳ 等待 Profile 更新任务...
2026-07-10 09:49:04.881 | INFO     | N/A | ⏳ 等待 Profile 更新任务...
2026-07-10 09:49:09.920 | INFO     | N/A | ⏳ 等待 Profile 更新任务...
2026-07-10 09:49:14.958 | INFO     | N/A | ⏳ 等待 Profile 更新任务...
2026-07-10 09:49:19.995 | INFO     | N/A | ⏳ 等待 Profile 更新任务...
2026-07-10 09:49:25.036 | INFO     | N/A | ⏳ 等待 Profile 更新任务...
2026-07-10 09:49:30.066 | INFO     | N/A | ⏳ 等待 Profile 更新任务...
2026-07-10 09:49:35.102 | INFO     | N/A | ⏳ 等待 Profile 更新任务...
2026-07-10 09:49:40.143 | INFO     | N/A | ⏳ 等待 Profile 更新任务...
2026-07-10 09:49:45.176 | INFO     | N/A | ⏳ 等待 Profile 更新任务...
2026-07-10 09:49:50.215 | INFO     | N/A | ⏳ 等待 Profile 更新任务...
2026-07-10 09:49:55.245 | INFO     | N/A | ⏳ 等待 Profile 更新任务...
2026-07-10 09:50:00.283 | INFO     | N/A | ⏳ 等待 Profile 更新任务...
2026-07-10 09:50:05.313 | INFO     | N/A | ⏳ 等待 Profile 更新任务...
2026-07-10 09:50:10.370 | INFO     | N/A | ⏳ 等待 Profile 更新任务...
2026-07-10 09:50:15.411 | INFO     | N/A | ⏳ 等待 Profile 更新任务...
2026-07-10 09:50:20.444 | INFO     | N/A | ⏳ 等待 Profile 更新任务...
2026-07-10 09:50:25.485 | INFO     | N/A | ⏳ 等待 Profile 更新任务...
2026-07-10 09:50:30.516 | INFO     | N/A | ⏳ 等待 Profile 更新任务...
2026-07-10 09:50:35.546 | INFO     | N/A | ⏳ 等待 Profile 更新任务...
2026-07-10 09:50:40.579 | INFO     | N/A | ⏳ 等待 Profile 更新任务...
2026-07-10 09:50:45.623 | INFO     | N/A | ⏳ 等待 Profile 更新任务...
2026-07-10 09:50:50.652 | INFO     | N/A | ⏳ 等待 Profile 更新任务...
2026-07-10 09:50:55.682 | INFO     | N/A | ⏳ 等待 Profile 更新任务...
2026-07-10 09:51:00.727 | INFO     | N/A | ⏳ 等待 Profile 更新任务...
2026-07-10 09:51:05.757 | INFO     | N/A | ⏳ 等待 Profile 更新任务...
2026-07-10 09:51:10.789 | INFO     | N/A | ⏳ 等待 Profile 更新任务...
2026-07-10 09:51:15.887 | INFO     | N/A | ⏳ 等待 Profile 更新任务...
2026-07-10 09:51:20.917 | INFO     | N/A | ⏳ 等待 Profile 更新任务...
2026-07-10 09:51:25.968 | INFO     | N/A | ⏳ 等待 Profile 更新任务...
2026-07-10 09:51:30.997 | INFO     | N/A | ⏳ 等待 Profile 更新任务...
2026-07-10 09:51:36.034 | INFO     | N/A | ⏳ 等待 Profile 更新任务...
2026-07-10 09:51:41.062 | INFO     | N/A | ⏳ 等待 Profile 更新任务...
2026-07-10 09:51:46.091 | INFO     | N/A | ⏳ 等待 Profile 更新任务...
2026-07-10 09:51:51.118 | INFO     | N/A | ⏳ 等待 Profile 更新任务...
2026-07-10 09:51:56.149 | INFO     | N/A | ⏳ 等待 Profile 更新任务...
2026-07-10 09:52:01.191 | INFO     | N/A | ⏳ 等待 Profile 更新任务...
2026-07-10 09:52:06.250 | INFO     | N/A | ⏳ 等待 Profile 更新任务...
2026-07-10 09:52:11.332 | INFO     | N/A | ⏳ 等待 Profile 更新任务...
2026-07-10 09:52:16.363 | INFO     | N/A | ⏳ 等待 Profile 更新任务...
2026-07-10 09:52:21.400 | INFO     | N/A | ⏳ 等待 Profile 更新任务...
2026-07-10 09:52:26.430 | INFO     | N/A | ⏳ 等待 Profile 更新任务...
2026-07-10 09:52:31.460 | INFO     | N/A | ⏳ 等待 Profile 更新任务...
2026-07-10 09:52:36.503 | INFO     | N/A | ⏳ 等待 Profile 更新任务...
2026-07-10 09:52:41.541 | INFO     | N/A | ⏳ 等待 Profile 更新任务...
2026-07-10 09:52:46.578 | INFO     | N/A | ⏳ 等待 Profile 更新任务...
2026-07-10 09:52:51.620 | INFO     | N/A | ⏳ 等待 Profile 更新任务...
2026-07-10 09:52:56.656 | INFO     | N/A | ⏳ 等待 Profile 更新任务...
2026-07-10 09:53:01.702 | INFO     | N/A | ⏳ 等待 Profile 更新任务...
2026-07-10 09:53:06.736 | INFO     | N/A | ⏳ 等待 Profile 更新任务...
2026-07-10 09:53:11.822 | INFO     | N/A | ⏳ 等待 Profile 更新任务...
2026-07-10 09:53:16.852 | INFO     | N/A | ⏳ 等待 Profile 更新任务...
2026-07-10 09:53:21.884 | INFO     | N/A | ⏳ 等待 Profile 更新任务...
2026-07-10 09:53:26.915 | INFO     | N/A | ⏳ 等待 Profile 更新任务...
2026-07-10 09:53:31.952 | INFO     | N/A | ⏳ 等待 Profile 更新任务...
2026-07-10 09:53:36.988 | INFO     | N/A | ⏳ 等待 Profile 更新任务...
2026-07-10 09:53:42.026 | INFO     | N/A | ⏳ 等待 Profile 更新任务...
2026-07-10 09:53:47.061 | INFO     | N/A | ⏳ 等待 Profile 更新任务...
2026-07-10 09:53:52.093 | INFO     | N/A | ⏳ 等待 Profile 更新任务...
2026-07-10 09:53:57.119 | INFO     | N/A | ⏳ 等待 Profile 更新任务...
2026-07-10 09:54:02.153 | INFO     | N/A | ⏳ 等待 Profile 更新任务...
2026-07-10 09:54:07.190 | INFO     | N/A | ⏳ 等待 Profile 更新任务...
2026-07-10 09:54:12.227 | INFO     | N/A | ⏳ 等待 Profile 更新任务...
2026-07-10 09:54:17.273 | INFO     | N/A | ⏳ 等待 Profile 更新任务...
2026-07-10 09:54:22.312 | INFO     | N/A | ⏳ 等待 Profile 更新任务...
2026-07-10 09:54:27.348 | INFO     | N/A | ⏳ 等待 Profile 更新任务...
2026-07-10 09:54:32.384 | INFO     | N/A | ⏳ 等待 Profile 更新任务...
2026-07-10 09:54:37.413 | INFO     | N/A | ⏳ 等待 Profile 更新任务...
2026-07-10 09:54:42.453 | INFO     | N/A | ⏳ 等待 Profile 更新任务...
2026-07-10 09:54:47.480 | INFO     | N/A | ⏳ 等待 Profile 更新任务...
2026-07-10 09:54:52.516 | INFO     | N/A | ⏳ 等待 Profile 更新任务...
2026-07-10 09:54:57.544 | INFO     | N/A | ⏳ 等待 Profile 更新任务...
2026-07-10 09:55:02.622 | INFO     | N/A | ⏳ 等待 Profile 更新任务...
2026-07-10 09:55:07.650 | INFO     | N/A | ⏳ 等待 Profile 更新任务...
2026-07-10 09:55:12.691 | INFO     | N/A | ⏳ 等待 Profile 更新任务...
2026-07-10 09:55:17.735 | INFO     | N/A | ⏳ 等待 Profile 更新任务...
2026-07-10 09:55:22.763 | INFO     | N/A | ⏳ 等待 Profile 更新任务...
2026-07-10 09:55:27.858 | INFO     | N/A | ⏳ 等待 Profile 更新任务...
2026-07-10 09:55:32.891 | INFO     | N/A | ⏳ 等待 Profile 更新任务...
2026-07-10 09:55:37.966 | INFO     | N/A | ⏳ 等待 Profile 更新任务...
2026-07-10 09:55:42.999 | INFO     | N/A | ⏳ 等待 Profile 更新任务...
2026-07-10 09:55:48.030 | INFO     | N/A | ⏳ 等待 Profile 更新任务...
2026-07-10 09:55:53.066 | INFO     | N/A | ⏳ 等待 Profile 更新任务...
2026-07-10 09:55:58.131 | INFO     | N/A | ⏳ 等待 Profile 更新任务...
2026-07-10 09:56:03.207 | INFO     | N/A | ⏳ 等待 Profile 更新任务...
2026-07-10 09:56:08.236 | INFO     | N/A | ⏳ 等待 Profile 更新任务...
2026-07-10 09:56:13.268 | INFO     | N/A | ⏳ 等待 Profile 更新任务...
2026-07-10 09:56:18.301 | INFO     | N/A | ⏳ 等待 Profile 更新任务...
2026-07-10 09:56:23.334 | INFO     | N/A | ⏳ 等待 Profile 更新任务...
2026-07-10 09:56:28.370 | INFO     | N/A | ⏳ 等待 Profile 更新任务...
2026-07-10 09:56:33.404 | INFO     | N/A | ⏳ 等待 Profile 更新任务...
2026-07-10 09:56:38.441 | INFO     | N/A | ⏳ 等待 Profile 更新任务...
2026-07-10 09:56:43.475 | INFO     | N/A | ⏳ 等待 Profile 更新任务...
2026-07-10 09:56:48.517 | INFO     | N/A | ⏳ 等待 Profile 更新任务...
2026-07-10 09:56:53.554 | INFO     | N/A | ⏳ 等待 Profile 更新任务...
2026-07-10 09:56:58.592 | INFO     | N/A | ⏳ 等待 Profile 更新任务...
2026-07-10 09:57:03.637 | INFO     | N/A | ⏳ 等待 Profile 更新任务...
2026-07-10 09:57:08.674 | INFO     | N/A | ⏳ 等待 Profile 更新任务...
2026-07-10 09:57:13.715 | INFO     | N/A | ⏳ 等待 Profile 更新任务...
2026-07-10 09:57:18.750 | INFO     | N/A | ⏳ 等待 Profile 更新任务...
2026-07-10 09:57:23.788 | INFO     | N/A | ⏳ 等待 Profile 更新任务...
2026-07-10 09:57:28.826 | INFO     | N/A | ⏳ 等待 Profile 更新任务...
2026-07-10 09:57:33.869 | INFO     | N/A | ⏳ 等待 Profile 更新任务...
2026-07-10 09:57:38.906 | INFO     | N/A | ⏳ 等待 Profile 更新任务...
2026-07-10 09:57:43.942 | INFO     | N/A | ⏳ 等待 Profile 更新任务...
2026-07-10 09:57:48.971 | INFO     | N/A | ⏳ 等待 Profile 更新任务...
2026-07-10 09:57:54.004 | INFO     | N/A | ⏳ 等待 Profile 更新任务...
2026-07-10 09:57:59.042 | INFO     | N/A | ⏳ 等待 Profile 更新任务...
2026-07-10 09:58:04.081 | INFO     | N/A | ⏳ 等待 Profile 更新任务...
2026-07-10 09:58:09.115 | INFO     | N/A | ⏳ 等待 Profile 更新任务...
2026-07-10 09:58:14.146 | INFO     | N/A | ⏳ 等待 Profile 更新任务...
2026-07-10 09:58:19.182 | INFO     | N/A | ⏳ 等待 Profile 更新任务...
2026-07-10 09:58:24.213 | INFO     | N/A | ⏳ 等待 Profile 更新任务...
2026-07-10 09:58:29.241 | INFO     | N/A | ⏳ 等待 Profile 更新任务...
2026-07-10 09:58:34.279 | INFO     | N/A | ⏳ 等待 Profile 更新任务...
2026-07-10 09:58:39.310 | INFO     | N/A | ⏳ 等待 Profile 更新任务...
2026-07-10 09:58:44.349 | INFO     | N/A | ⏳ 等待 Profile 更新任务...
2026-07-10 09:58:49.385 | INFO     | N/A | ⏳ 等待 Profile 更新任务...
2026-07-10 09:58:54.422 | INFO     | N/A | ⏳ 等待 Profile 更新任务...
2026-07-10 09:58:59.459 | INFO     | N/A | ⏳ 等待 Profile 更新任务...
2026-07-10 09:59:04.497 | INFO     | N/A | ⏳ 等待 Profile 更新任务...
2026-07-10 09:59:09.534 | INFO     | N/A | ⏳ 等待 Profile 更新任务...
2026-07-10 09:59:14.571 | INFO     | N/A | ⏳ 等待 Profile 更新任务...
2026-07-10 09:59:19.603 | INFO     | N/A | ⏳ 等待 Profile 更新任务...
2026-07-10 09:59:24.644 | INFO     | N/A | ⏳ 等待 Profile 更新任务...
2026-07-10 09:59:29.673 | INFO     | N/A | ⏳ 等待 Profile 更新任务...
2026-07-10 09:59:34.702 | INFO     | N/A | ⏳ 等待 Profile 更新任务...
2026-07-10 09:59:39.739 | INFO     | N/A | ⏳ 等待 Profile 更新任务...
2026-07-10 09:59:44.770 | INFO     | N/A | ⏳ 等待 Profile 更新任务...
2026-07-10 09:59:49.806 | INFO     | N/A | ⏳ 等待 Profile 更新任务...
2026-07-10 09:59:54.837 | INFO     | N/A | ⏳ 等待 Profile 更新任务...
2026-07-10 09:59:59.867 | INFO     | N/A | ⏳ 等待 Profile 更新任务...
2026-07-10 10:00:04.902 | INFO     | N/A | ⏳ 等待 Profile 更新任务...
2026-07-10 10:00:09.938 | INFO     | N/A | ⏳ 等待 Profile 更新任务...
2026-07-10 10:00:14.974 | INFO     | N/A | ⏳ 等待 Profile 更新任务...
2026-07-10 10:00:19.999 | INFO     | N/A | ⏳ 等待 Profile 更新任务...
2026-07-10 10:00:25.048 | INFO     | N/A | ⏳ 等待 Profile 更新任务...
2026-07-10 10:00:30.080 | INFO     | N/A | ⏳ 等待 Profile 更新任务...
2026-07-10 10:00:35.111 | INFO     | N/A | ⏳ 等待 Profile 更新任务...
2026-07-10 10:00:40.137 | INFO     | N/A | ⏳ 等待 Profile 更新任务...
2026-07-10 10:00:45.171 | INFO     | N/A | ⏳ 等待 Profile 更新任务...
2026-07-10 10:00:50.207 | INFO     | N/A | ⏳ 等待 Profile 更新任务...
2026-07-10 10:00:55.281 | INFO     | N/A | ⏳ 等待 Profile 更新任务...
2026-07-10 10:01:00.317 | INFO     | N/A | ⏳ 等待 Profile 更新任务...
2026-07-10 10:01:05.348 | INFO     | N/A | ⏳ 等待 Profile 更新任务...
2026-07-10 10:01:10.385 | INFO     | N/A | ⏳ 等待 Profile 更新任务...
2026-07-10 10:01:15.425 | INFO     | N/A | ⏳ 等待 Profile 更新任务...
2026-07-10 10:01:20.463 | INFO     | N/A | ⏳ 等待 Profile 更新任务...
2026-07-10 10:01:25.523 | INFO     | N/A | ⏳ 等待 Profile 更新任务...
2026-07-10 10:01:30.553 | INFO     | N/A | ⏳ 等待 Profile 更新任务...
2026-07-10 10:01:35.591 | INFO     | N/A | ⏳ 等待 Profile 更新任务...
2026-07-10 10:01:40.624 | INFO     | N/A | ⏳ 等待 Profile 更新任务...
2026-07-10 10:01:45.654 | INFO     | N/A | ⏳ 等待 Profile 更新任务...
2026-07-10 10:01:50.686 | INFO     | N/A | ⏳ 等待 Profile 更新任务...
2026-07-10 10:01:55.724 | INFO     | N/A | ⏳ 等待 Profile 更新任务...
2026-07-10 10:02:00.751 | INFO     | N/A | ⏳ 等待 Profile 更新任务...
2026-07-10 10:02:05.791 | INFO     | N/A | ⏳ 等待 Profile 更新任务...
2026-07-10 10:02:10.827 | INFO     | N/A | ⏳ 等待 Profile 更新任务...
2026-07-10 10:02:15.864 | INFO     | N/A | ⏳ 等待 Profile 更新任务...
2026-07-10 10:02:20.902 | INFO     | N/A | ⏳ 等待 Profile 更新任务...
2026-07-10 10:02:25.941 | INFO     | N/A | ⏳ 等待 Profile 更新任务...
2026-07-10 10:02:31.017 | INFO     | N/A | ⏳ 等待 Profile 更新任务...
2026-07-10 10:02:36.054 | INFO     | N/A | ⏳ 等待 Profile 更新任务...
2026-07-10 10:02:41.094 | INFO     | N/A | ⏳ 等待 Profile 更新任务...
2026-07-10 10:02:46.132 | INFO     | N/A | ⏳ 等待 Profile 更新任务...
2026-07-10 10:02:51.176 | INFO     | N/A | ⏳ 等待 Profile 更新任务...
2026-07-10 10:02:56.223 | INFO     | N/A | ⏳ 等待 Profile 更新任务...
2026-07-10 10:03:01.255 | INFO     | N/A | ⏳ 等待 Profile 更新任务...
2026-07-10 10:03:06.296 | INFO     | N/A | ⏳ 等待 Profile 更新任务...
2026-07-10 10:03:11.331 | INFO     | N/A | ⏳ 等待 Profile 更新任务...
2026-07-10 10:03:16.377 | INFO     | N/A | ⏳ 等待 Profile 更新任务...
2026-07-10 10:03:21.463 | INFO     | N/A | ⏳ 等待 Profile 更新任务...
2026-07-10 10:03:26.499 | INFO     | N/A | ⏳ 等待 Profile 更新任务...
2026-07-10 10:03:31.534 | INFO     | N/A | ⏳ 等待 Profile 更新任务...
2026-07-10 10:03:36.594 | INFO     | N/A | ⏳ 等待 Profile 更新任务...
2026-07-10 10:03:41.633 | INFO     | N/A | ⏳ 等待 Profile 更新任务...
2026-07-10 10:03:46.693 | INFO     | N/A | ⏳ 等待 Profile 更新任务...
2026-07-10 10:03:51.739 | INFO     | N/A | ⏳ 等待 Profile 更新任务...
2026-07-10 10:03:56.789 | INFO     | N/A | ⏳ 等待 Profile 更新任务...
2026-07-10 10:04:01.818 | INFO     | N/A | ⏳ 等待 Profile 更新任务...
2026-07-10 10:04:06.853 | INFO     | N/A | ⏳ 等待 Profile 更新任务...
2026-07-10 10:04:11.898 | INFO     | N/A | ⏳ 等待 Profile 更新任务...
2026-07-10 10:04:16.934 | INFO     | N/A | ⏳ 等待 Profile 更新任务...
2026-07-10 10:04:21.965 | INFO     | N/A | ⏳ 等待 Profile 更新任务...
2026-07-10 10:04:26.998 | INFO     | N/A | ⏳ 等待 Profile 更新任务...
2026-07-10 10:04:32.037 | INFO     | N/A | ⏳ 等待 Profile 更新任务...
2026-07-10 10:04:37.065 | INFO     | N/A | ⏳ 等待 Profile 更新任务...
2026-07-10 10:04:42.097 | INFO     | N/A | ⏳ 等待 Profile 更新任务...
2026-07-10 10:04:47.126 | INFO     | N/A | ⏳ 等待 Profile 更新任务...
2026-07-10 10:04:52.219 | INFO     | N/A | ⏳ 等待 Profile 更新任务...
2026-07-10 10:04:57.253 | INFO     | N/A | ⏳ 等待 Profile 更新任务...
2026-07-10 10:05:02.292 | INFO     | N/A | ⏳ 等待 Profile 更新任务...
2026-07-10 10:05:07.332 | INFO     | N/A | ⏳ 等待 Profile 更新任务...
2026-07-10 10:05:12.367 | INFO     | N/A | ⏳ 等待 Profile 更新任务...
2026-07-10 10:05:17.403 | INFO     | N/A | ⏳ 等待 Profile 更新任务...
2026-07-10 10:05:22.441 | INFO     | N/A | ⏳ 等待 Profile 更新任务...
2026-07-10 10:05:27.488 | INFO     | N/A | ⏳ 等待 Profile 更新任务...
2026-07-10 10:05:32.518 | INFO     | N/A | ⏳ 等待 Profile 更新任务...
2026-07-10 10:05:37.556 | INFO     | N/A | ⏳ 等待 Profile 更新任务...
2026-07-10 10:05:42.591 | INFO     | N/A | ⏳ 等待 Profile 更新任务...
2026-07-10 10:05:47.629 | INFO     | N/A | ⏳ 等待 Profile 更新任务...
2026-07-10 10:05:52.662 | INFO     | N/A | ⏳ 等待 Profile 更新任务...
2026-07-10 10:05:57.693 | INFO     | N/A | ⏳ 等待 Profile 更新任务...
2026-07-10 10:06:02.727 | INFO     | N/A | ⏳ 等待 Profile 更新任务...
2026-07-10 10:06:07.776 | INFO     | N/A | ⏳ 等待 Profile 更新任务...
2026-07-10 10:06:12.812 | INFO     | N/A | ⏳ 等待 Profile 更新任务...
2026-07-10 10:06:17.855 | INFO     | N/A | ⏳ 等待 Profile 更新任务...
2026-07-10 10:06:22.891 | INFO     | N/A | ⏳ 等待 Profile 更新任务...
2026-07-10 10:06:27.954 | INFO     | N/A | ⏳ 等待 Profile 更新任务...
2026-07-10 10:06:33.043 | INFO     | N/A | ⏳ 等待 Profile 更新任务...
2026-07-10 10:06:38.073 | INFO     | N/A | ⏳ 等待 Profile 更新任务...
2026-07-10 10:06:43.101 | INFO     | N/A | ⏳ 等待 Profile 更新任务...
2026-07-10 10:06:48.168 | INFO     | N/A | ⏳ 等待 Profile 更新任务...
2026-07-10 10:06:53.217 | INFO     | N/A | ⏳ 等待 Profile 更新任务...
2026-07-10 10:06:58.252 | INFO     | N/A | ⏳ 等待 Profile 更新任务...
2026-07-10 10:07:03.287 | INFO     | N/A | ⏳ 等待 Profile 更新任务...
2026-07-10 10:07:08.325 | INFO     | N/A | ⏳ 等待 Profile 更新任务...
2026-07-10 10:07:13.381 | INFO     | N/A | ⏳ 等待 Profile 更新任务...
2026-07-10 10:07:18.420 | INFO     | N/A | ⏳ 等待 Profile 更新任务...
2026-07-10 10:07:23.450 | INFO     | N/A | ⏳ 等待 Profile 更新任务...
2026-07-10 10:07:28.478 | INFO     | N/A | ⏳ 等待 Profile 更新任务...
2026-07-10 10:07:33.507 | INFO     | N/A | ⏳ 等待 Profile 更新任务...
2026-07-10 10:07:38.539 | INFO     | N/A | ⏳ 等待 Profile 更新任务...
2026-07-10 10:07:43.569 | INFO     | N/A | ⏳ 等待 Profile 更新任务...
2026-07-10 10:07:48.603 | INFO     | N/A | ⏳ 等待 Profile 更新任务...
2026-07-10 10:07:53.645 | INFO     | N/A | ⏳ 等待 Profile 更新任务...
2026-07-10 10:07:58.683 | INFO     | N/A | ⏳ 等待 Profile 更新任务...
2026-07-10 10:08:03.717 | INFO     | N/A | ⏳ 等待 Profile 更新任务...
2026-07-10 10:08:08.752 | INFO     | N/A | ⏳ 等待 Profile 更新任务...
2026-07-10 10:08:13.787 | INFO     | N/A | ⏳ 等待 Profile 更新任务...
2026-07-10 10:08:18.842 | INFO     | N/A | ⏳ 等待 Profile 更新任务...
2026-07-10 10:08:23.881 | INFO     | N/A | ⏳ 等待 Profile 更新任务...
2026-07-10 10:08:28.916 | INFO     | N/A | ⏳ 等待 Profile 更新任务...
2026-07-10 10:08:33.952 | INFO     | N/A | ⏳ 等待 Profile 更新任务...
2026-07-10 10:08:38.986 | INFO     | N/A | ⏳ 等待 Profile 更新任务...
2026-07-10 10:08:44.026 | INFO     | N/A | ⏳ 等待 Profile 更新任务...
2026-07-10 10:08:49.064 | INFO     | N/A | ⏳ 等待 Profile 更新任务...
2026-07-10 10:08:54.113 | INFO     | N/A | ⏳ 等待 Profile 更新任务...
2026-07-10 10:08:59.166 | INFO     | N/A | ⏳ 等待 Profile 更新任务...
2026-07-10 10:09:04.202 | INFO     | N/A | ⏳ 等待 Profile 更新任务...
2026-07-10 10:09:09.238 | INFO     | N/A | ⏳ 等待 Profile 更新任务...
2026-07-10 10:09:14.275 | INFO     | N/A | ⏳ 等待 Profile 更新任务...
2026-07-10 10:09:19.310 | INFO     | N/A | ⏳ 等待 Profile 更新任务...
2026-07-10 10:09:24.348 | INFO     | N/A | ⏳ 等待 Profile 更新任务...
2026-07-10 10:09:29.389 | INFO     | N/A | ⏳ 等待 Profile 更新任务...
2026-07-10 10:09:34.425 | INFO     | N/A | ⏳ 等待 Profile 更新任务...
2026-07-10 10:09:39.462 | INFO     | N/A | ⏳ 等待 Profile 更新任务...
2026-07-10 10:09:44.483 | INFO     | N/A | ⏳ 等待 Profile 更新任务...
2026-07-10 10:09:49.517 | INFO     | N/A | ⏳ 等待 Profile 更新任务...
2026-07-10 10:09:54.566 | INFO     | N/A | ⏳ 等待 Profile 更新任务...
2026-07-10 10:09:59.601 | INFO     | N/A | ⏳ 等待 Profile 更新任务...
2026-07-10 10:10:04.640 | INFO     | N/A | ⏳ 等待 Profile 更新任务...
2026-07-10 10:10:09.685 | INFO     | N/A | ⏳ 等待 Profile 更新任务...
2026-07-10 10:10:14.713 | INFO     | N/A | ⏳ 等待 Profile 更新任务...
2026-07-10 10:10:19.747 | INFO     | N/A | ⏳ 等待 Profile 更新任务...
2026-07-10 10:10:24.778 | INFO     | N/A | ⏳ 等待 Profile 更新任务...
2026-07-10 10:10:29.811 | INFO     | N/A | ⏳ 等待 Profile 更新任务...
2026-07-10 10:10:34.852 | INFO     | N/A | ⏳ 等待 Profile 更新任务...
2026-07-10 10:10:39.891 | INFO     | N/A | ⏳ 等待 Profile 更新任务...
2026-07-10 10:10:44.920 | INFO     | N/A | ⏳ 等待 Profile 更新任务...
2026-07-10 10:10:49.962 | INFO     | N/A | ⏳ 等待 Profile 更新任务...
2026-07-10 10:10:55.001 | INFO     | N/A | ⏳ 等待 Profile 更新任务...
2026-07-10 10:11:00.030 | INFO     | N/A | ⏳ 等待 Profile 更新任务...
2026-07-10 10:11:05.077 | INFO     | N/A | ⏳ 等待 Profile 更新任务...
2026-07-10 10:11:10.102 | INFO     | N/A | ⏳ 等待 Profile 更新任务...
2026-07-10 10:11:15.133 | INFO     | N/A | ⏳ 等待 Profile 更新任务...
2026-07-10 10:11:20.162 | INFO     | N/A | ⏳ 等待 Profile 更新任务...
2026-07-10 10:11:25.194 | INFO     | N/A | ⏳ 等待 Profile 更新任务...
2026-07-10 10:11:30.228 | INFO     | N/A | ⏳ 等待 Profile 更新任务...
2026-07-10 10:11:35.266 | INFO     | N/A | ⏳ 等待 Profile 更新任务...
2026-07-10 10:11:40.305 | INFO     | N/A | ⏳ 等待 Profile 更新任务...
2026-07-10 10:11:45.342 | INFO     | N/A | ⏳ 等待 Profile 更新任务...
2026-07-10 10:11:50.379 | INFO     | N/A | ⏳ 等待 Profile 更新任务...
2026-07-10 10:11:55.417 | INFO     | N/A | ⏳ 等待 Profile 更新任务...
2026-07-10 10:12:00.500 | INFO     | N/A | ⏳ 等待 Profile 更新任务...
2026-07-10 10:12:05.533 | INFO     | N/A | ⏳ 等待 Profile 更新任务...
2026-07-10 10:12:10.566 | INFO     | N/A | ⏳ 等待 Profile 更新任务...
2026-07-10 10:12:15.608 | INFO     | N/A | ⏳ 等待 Profile 更新任务...
2026-07-10 10:12:20.636 | INFO     | N/A | ⏳ 等待 Profile 更新任务...
2026-07-10 10:12:25.677 | INFO     | N/A | ⏳ 等待 Profile 更新任务...
2026-07-10 10:12:30.714 | INFO     | N/A | ⏳ 等待 Profile 更新任务...
2026-07-10 10:12:35.750 | INFO     | N/A | ⏳ 等待 Profile 更新任务...
2026-07-10 10:12:40.787 | INFO     | N/A | ⏳ 等待 Profile 更新任务...
2026-07-10 10:12:45.824 | INFO     | N/A | ⏳ 等待 Profile 更新任务...
2026-07-10 10:12:50.883 | INFO     | N/A | ⏳ 等待 Profile 更新任务...
2026-07-10 10:12:55.891 | INFO     | N/A | ⏳ 等待 Profile 更新任务...
2026-07-10 10:13:00.928 | INFO     | N/A | ⏳ 等待 Profile 更新任务...
2026-07-10 10:13:05.971 | INFO     | N/A | ⏳ 等待 Profile 更新任务...
2026-07-10 10:13:11.009 | INFO     | N/A | ⏳ 等待 Profile 更新任务...
2026-07-10 10:13:16.045 | INFO     | N/A | ⏳ 等待 Profile 更新任务...
2026-07-10 10:13:21.053 | INFO     | N/A | ⏳ 等待 Profile 更新任务...
2026-07-10 10:13:26.093 | INFO     | N/A | ⏳ 等待 Profile 更新任务...
2026-07-10 10:13:31.128 | INFO     | N/A | ⏳ 等待 Profile 更新任务...
2026-07-10 10:13:36.166 | INFO     | N/A | ⏳ 等待 Profile 更新任务...
2026-07-10 10:13:41.195 | INFO     | N/A | ⏳ 等待 Profile 更新任务...
2026-07-10 10:13:46.287 | INFO     | N/A | ⏳ 等待 Profile 更新任务...
2026-07-10 10:13:51.318 | INFO     | N/A | ⏳ 等待 Profile 更新任务...
2026-07-10 10:13:56.353 | INFO     | N/A | ⏳ 等待 Profile 更新任务...
2026-07-10 10:14:01.391 | INFO     | N/A | ⏳ 等待 Profile 更新任务...
2026-07-10 10:14:06.430 | INFO     | N/A | ⏳ 等待 Profile 更新任务...
2026-07-10 10:14:11.467 | INFO     | N/A | ⏳ 等待 Profile 更新任务...
2026-07-10 10:14:16.504 | INFO     | N/A | ⏳ 等待 Profile 更新任务...
2026-07-10 10:14:21.541 | INFO     | N/A | ⏳ 等待 Profile 更新任务...
2026-07-10 10:14:26.578 | INFO     | N/A | ⏳ 等待 Profile 更新任务...
2026-07-10 10:14:31.609 | INFO     | N/A | ⏳ 等待 Profile 更新任务...
2026-07-10 10:14:36.695 | INFO     | N/A | ⏳ 等待 Profile 更新任务...
2026-07-10 10:14:41.725 | INFO     | N/A | ⏳ 等待 Profile 更新任务...
2026-07-10 10:14:46.792 | INFO     | N/A | ⏳ 等待 Profile 更新任务...
2026-07-10 10:14:51.940 | INFO     | N/A | ⏳ 等待 Profile 更新任务...
2026-07-10 10:14:56.969 | INFO     | N/A | ⏳ 等待 Profile 更新任务...
2026-07-10 10:15:01.990 | INFO     | N/A | ⏳ 等待 Profile 更新任务...
2026-07-10 10:15:07.037 | INFO     | N/A | ⏳ 等待 Profile 更新任务...
2026-07-10 10:15:12.066 | INFO     | N/A | ⏳ 等待 Profile 更新任务...
2026-07-10 10:15:17.097 | INFO     | N/A | ⏳ 等待 Profile 更新任务...
2026-07-10 10:15:22.131 | INFO     | N/A | ⏳ 等待 Profile 更新任务...
2026-07-10 10:15:27.165 | INFO     | N/A | ⏳ 等待 Profile 更新任务...
2026-07-10 10:15:32.202 | INFO     | N/A | ⏳ 等待 Profile 更新任务...
2026-07-10 10:15:37.241 | INFO     | N/A | ⏳ 等待 Profile 更新任务...
2026-07-10 10:15:42.273 | INFO     | N/A | ⏳ 等待 Profile 更新任务...
2026-07-10 10:15:47.300 | INFO     | N/A | ⏳ 等待 Profile 更新任务...
2026-07-10 10:15:52.333 | INFO     | N/A | ⏳ 等待 Profile 更新任务...
2026-07-10 10:15:57.376 | INFO     | N/A | ⏳ 等待 Profile 更新任务...
2026-07-10 10:16:02.458 | INFO     | N/A | ⏳ 等待 Profile 更新任务...
2026-07-10 10:16:07.486 | INFO     | N/A | ⏳ 等待 Profile 更新任务...
2026-07-10 10:16:12.509 | INFO     | N/A | ⏳ 等待 Profile 更新任务...
2026-07-10 10:16:17.537 | INFO     | N/A | ⏳ 等待 Profile 更新任务...
2026-07-10 10:16:22.610 | INFO     | N/A | ⏳ 等待 Profile 更新任务...
2026-07-10 10:16:27.646 | INFO     | N/A | ⏳ 等待 Profile 更新任务...
2026-07-10 10:16:32.681 | INFO     | N/A | ⏳ 等待 Profile 更新任务...
2026-07-10 10:16:37.713 | INFO     | N/A | ⏳ 等待 Profile 更新任务...
2026-07-10 10:16:42.746 | INFO     | N/A | ⏳ 等待 Profile 更新任务...
2026-07-10 10:16:47.776 | INFO     | N/A | ⏳ 等待 Profile 更新任务...
2026-07-10 10:16:52.807 | INFO     | N/A | ⏳ 等待 Profile 更新任务...
2026-07-10 10:16:57.869 | INFO     | N/A | ⏳ 等待 Profile 更新任务...
2026-07-10 10:17:02.905 | INFO     | N/A | ⏳ 等待 Profile 更新任务...
2026-07-10 10:17:07.938 | INFO     | N/A | ⏳ 等待 Profile 更新任务...
2026-07-10 10:17:12.975 | INFO     | N/A | ⏳ 等待 Profile 更新任务...
2026-07-10 10:17:18.029 | INFO     | N/A | ⏳ 等待 Profile 更新任务...
2026-07-10 10:17:23.063 | INFO     | N/A | ⏳ 等待 Profile 更新任务...
2026-07-10 10:17:28.101 | INFO     | N/A | ⏳ 等待 Profile 更新任务...
2026-07-10 10:17:33.136 | INFO     | N/A | ⏳ 等待 Profile 更新任务...
2026-07-10 10:17:38.173 | INFO     | N/A | ⏳ 等待 Profile 更新任务...
2026-07-10 10:17:43.212 | INFO     | N/A | ⏳ 等待 Profile 更新任务...
2026-07-10 10:17:48.249 | INFO     | N/A | ⏳ 等待 Profile 更新任务...
2026-07-10 10:17:53.284 | INFO     | N/A | ⏳ 等待 Profile 更新任务...
2026-07-10 10:17:58.321 | INFO     | N/A | ⏳ 等待 Profile 更新任务...
2026-07-10 10:18:03.357 | INFO     | N/A | ⏳ 等待 Profile 更新任务...
2026-07-10 10:18:08.402 | INFO     | N/A | ⏳ 等待 Profile 更新任务...
2026-07-10 10:18:13.433 | INFO     | N/A | ⏳ 等待 Profile 更新任务...
2026-07-10 10:18:18.464 | INFO     | N/A | ⏳ 等待 Profile 更新任务...
2026-07-10 10:18:23.501 | INFO     | N/A | ⏳ 等待 Profile 更新任务...
2026-07-10 10:18:28.552 | INFO     | N/A | ⏳ 等待 Profile 更新任务...
2026-07-10 10:18:33.589 | INFO     | N/A | ⏳ 等待 Profile 更新任务...
2026-07-10 10:18:38.625 | INFO     | N/A | ⏳ 等待 Profile 更新任务...
2026-07-10 10:18:43.665 | INFO     | N/A | ⏳ 等待 Profile 更新任务...
2026-07-10 10:18:48.702 | INFO     | N/A | ⏳ 等待 Profile 更新任务...
2026-07-10 10:18:53.736 | INFO     | N/A | ⏳ 等待 Profile 更新任务...
2026-07-10 10:18:58.769 | INFO     | N/A | ⏳ 等待 Profile 更新任务...
2026-07-10 10:19:03.799 | INFO     | N/A | ⏳ 等待 Profile 更新任务...
2026-07-10 10:19:08.830 | INFO     | N/A | ⏳ 等待 Profile 更新任务...
2026-07-10 10:19:13.862 | INFO     | N/A | ⏳ 等待 Profile 更新任务...
2026-07-10 10:19:18.901 | INFO     | N/A | ⏳ 等待 Profile 更新任务...
2026-07-10 10:19:23.981 | INFO     | N/A | ⏳ 等待 Profile 更新任务...
2026-07-10 10:19:29.018 | INFO     | N/A | ⏳ 等待 Profile 更新任务...
2026-07-10 10:19:34.054 | INFO     | N/A | ⏳ 等待 Profile 更新任务...
2026-07-10 10:19:39.087 | INFO     | N/A | ⏳ 等待 Profile 更新任务...
2026-07-10 10:19:44.147 | INFO     | N/A | ⏳ 等待 Profile 更新任务...
2026-07-10 10:19:49.179 | INFO     | N/A | ⏳ 等待 Profile 更新任务...
2026-07-10 10:19:54.213 | INFO     | N/A | ⏳ 等待 Profile 更新任务...
2026-07-10 10:19:59.295 | INFO     | N/A | ⏳ 等待 Profile 更新任务...
2026-07-10 10:20:04.325 | INFO     | N/A | ⏳ 等待 Profile 更新任务...
2026-07-10 10:20:09.364 | INFO     | N/A | ⏳ 等待 Profile 更新任务...
2026-07-10 10:20:14.392 | INFO     | N/A | ⏳ 等待 Profile 更新任务...
2026-07-10 10:20:19.429 | INFO     | N/A | ⏳ 等待 Profile 更新任务...
2026-07-10 10:20:24.462 | INFO     | N/A | ⏳ 等待 Profile 更新任务...
2026-07-10 10:20:29.500 | INFO     | N/A | ⏳ 等待 Profile 更新任务...
2026-07-10 10:20:34.544 | INFO     | N/A | ⏳ 等待 Profile 更新任务...
2026-07-10 10:20:39.580 | INFO     | N/A | ⏳ 等待 Profile 更新任务...
2026-07-10 10:20:44.615 | INFO     | N/A | ⏳ 等待 Profile 更新任务...
2026-07-10 10:20:49.652 | INFO     | N/A | ⏳ 等待 Profile 更新任务...
2026-07-10 10:20:54.692 | INFO     | N/A | ⏳ 等待 Profile 更新任务...
2026-07-10 10:20:59.730 | INFO     | N/A | ⏳ 等待 Profile 更新任务...
2026-07-10 10:21:04.766 | INFO     | N/A | ⏳ 等待 Profile 更新任务...
2026-07-10 10:21:09.799 | INFO     | N/A | ⏳ 等待 Profile 更新任务...
2026-07-10 10:21:14.834 | INFO     | N/A | ⏳ 等待 Profile 更新任务...
2026-07-10 10:21:19.870 | INFO     | N/A | ⏳ 等待 Profile 更新任务...
2026-07-10 10:21:24.905 | INFO     | N/A | ⏳ 等待 Profile 更新任务...
2026-07-10 10:21:29.961 | INFO     | N/A | ⏳ 等待 Profile 更新任务...
2026-07-10 10:21:34.989 | INFO     | N/A | ⏳ 等待 Profile 更新任务...
2026-07-10 10:21:40.016 | INFO     | N/A | ⏳ 等待 Profile 更新任务...
2026-07-10 10:21:45.050 | INFO     | N/A | ⏳ 等待 Profile 更新任务...
2026-07-10 10:21:50.086 | INFO     | N/A | ⏳ 等待 Profile 更新任务...
2026-07-10 10:21:55.121 | INFO     | N/A | ⏳ 等待 Profile 更新任务...
2026-07-10 10:22:00.157 | INFO     | N/A | ⏳ 等待 Profile 更新任务...
2026-07-10 10:22:05.193 | INFO     | N/A | ⏳ 等待 Profile 更新任务...
2026-07-10 10:22:10.221 | INFO     | N/A | ⏳ 等待 Profile 更新任务...
2026-07-10 10:22:15.259 | INFO     | N/A | ⏳ 等待 Profile 更新任务...
2026-07-10 10:22:20.288 | INFO     | N/A | ⏳ 等待 Profile 更新任务...
2026-07-10 10:22:25.326 | INFO     | N/A | ⏳ 等待 Profile 更新任务...
2026-07-10 10:22:30.358 | INFO     | N/A | ⏳ 等待 Profile 更新任务...
2026-07-10 10:22:35.396 | INFO     | N/A | ⏳ 等待 Profile 更新任务...
2026-07-10 10:22:40.432 | INFO     | N/A | ⏳ 等待 Profile 更新任务...
2026-07-10 10:22:45.470 | INFO     | N/A | ⏳ 等待 Profile 更新任务...
2026-07-10 10:22:50.507 | INFO     | N/A | ⏳ 等待 Profile 更新任务...
2026-07-10 10:22:55.544 | INFO     | N/A | ⏳ 等待 Profile 更新任务...
2026-07-10 10:23:00.586 | INFO     | N/A | ⏳ 等待 Profile 更新任务...
2026-07-10 10:23:05.622 | INFO     | N/A | ⏳ 等待 Profile 更新任务...
2026-07-10 10:23:10.656 | INFO     | N/A | ⏳ 等待 Profile 更新任务...
2026-07-10 10:23:15.691 | INFO     | N/A | ⏳ 等待 Profile 更新任务...
2026-07-10 10:23:20.730 | INFO     | N/A | ⏳ 等待 Profile 更新任务...
2026-07-10 10:23:25.766 | INFO     | N/A | ⏳ 等待 Profile 更新任务...
2026-07-10 10:23:30.796 | INFO     | N/A | ⏳ 等待 Profile 更新任务...
2026-07-10 10:23:35.878 | INFO     | N/A | ⏳ 等待 Profile 更新任务...
2026-07-10 10:23:40.928 | INFO     | N/A | ⏳ 等待 Profile 更新任务...
2026-07-10 10:23:45.961 | INFO     | N/A | ⏳ 等待 Profile 更新任务...
2026-07-10 10:23:50.997 | INFO     | N/A | ⏳ 等待 Profile 更新任务...
2026-07-10 10:23:56.033 | INFO     | N/A | ⏳ 等待 Profile 更新任务...
2026-07-10 10:24:01.069 | INFO     | N/A | ⏳ 等待 Profile 更新任务...
2026-07-10 10:24:06.107 | INFO     | N/A | ⏳ 等待 Profile 更新任务...
2026-07-10 10:24:11.143 | INFO     | N/A | ⏳ 等待 Profile 更新任务...
2026-07-10 10:24:16.181 | INFO     | N/A | ⏳ 等待 Profile 更新任务...
2026-07-10 10:24:21.219 | INFO     | N/A | ⏳ 等待 Profile 更新任务...
2026-07-10 10:24:26.260 | INFO     | N/A | ⏳ 等待 Profile 更新任务...
2026-07-10 10:24:31.298 | INFO     | N/A | ⏳ 等待 Profile 更新任务...
2026-07-10 10:24:36.335 | INFO     | N/A | ⏳ 等待 Profile 更新任务...
2026-07-10 10:24:41.373 | INFO     | N/A | ⏳ 等待 Profile 更新任务...
2026-07-10 10:24:46.407 | INFO     | N/A | ⏳ 等待 Profile 更新任务...
2026-07-10 10:24:51.442 | INFO     | N/A | ⏳ 等待 Profile 更新任务...
2026-07-10 10:24:56.477 | INFO     | N/A | ⏳ 等待 Profile 更新任务...
2026-07-10 10:25:01.537 | INFO     | N/A | ⏳ 等待 Profile 更新任务...
2026-07-10 10:25:06.575 | INFO     | N/A | ⏳ 等待 Profile 更新任务...
2026-07-10 10:25:11.615 | INFO     | N/A | ⏳ 等待 Profile 更新任务...
2026-07-10 10:25:16.708 | INFO     | N/A | ⏳ 等待 Profile 更新任务...
2026-07-10 10:25:21.745 | INFO     | N/A | ⏳ 等待 Profile 更新任务...
2026-07-10 10:25:26.782 | INFO     | N/A | ⏳ 等待 Profile 更新任务...
2026-07-10 10:25:31.828 | INFO     | N/A | ⏳ 等待 Profile 更新任务...
2026-07-10 10:25:36.868 | INFO     | N/A | ⏳ 等待 Profile 更新任务...
2026-07-10 10:25:41.903 | INFO     | N/A | ⏳ 等待 Profile 更新任务...
2026-07-10 10:25:46.986 | INFO     | N/A | ⏳ 等待 Profile 更新任务...
2026-07-10 10:25:52.086 | INFO     | N/A | ⏳ 等待 Profile 更新任务...
2026-07-10 10:25:57.125 | INFO     | N/A | ⏳ 等待 Profile 更新任务...
2026-07-10 10:26:02.161 | INFO     | N/A | ⏳ 等待 Profile 更新任务...
2026-07-10 10:26:07.239 | INFO     | N/A | ⏳ 等待 Profile 更新任务...
2026-07-10 10:26:12.266 | INFO     | N/A | ⏳ 等待 Profile 更新任务...
2026-07-10 10:26:17.292 | INFO     | N/A | ⏳ 等待 Profile 更新任务...
2026-07-10 10:26:22.330 | INFO     | N/A | ⏳ 等待 Profile 更新任务...
2026-07-10 10:26:27.371 | INFO     | N/A | ⏳ 等待 Profile 更新任务...
2026-07-10 10:26:32.410 | INFO     | N/A | ⏳ 等待 Profile 更新任务...
2026-07-10 10:26:37.450 | INFO     | N/A | ⏳ 等待 Profile 更新任务...
2026-07-10 10:26:42.490 | INFO     | N/A | ⏳ 等待 Profile 更新任务...
2026-07-10 10:26:47.531 | INFO     | N/A | ⏳ 等待 Profile 更新任务...
2026-07-10 10:26:52.563 | INFO     | N/A | ⏳ 等待 Profile 更新任务...
2026-07-10 10:26:57.596 | INFO     | N/A | ⏳ 等待 Profile 更新任务...
2026-07-10 10:27:02.639 | INFO     | N/A | ⏳ 等待 Profile 更新任务...
2026-07-10 10:27:07.665 | INFO     | N/A | ⏳ 等待 Profile 更新任务...
2026-07-10 10:27:12.703 | INFO     | N/A | ⏳ 等待 Profile 更新任务...
2026-07-10 10:27:17.737 | INFO     | N/A | ⏳ 等待 Profile 更新任务...
2026-07-10 10:27:22.767 | INFO     | N/A | ⏳ 等待 Profile 更新任务...
2026-07-10 10:27:27.796 | INFO     | N/A | ⏳ 等待 Profile 更新任务...
2026-07-10 10:27:32.825 | INFO     | N/A | ⏳ 等待 Profile 更新任务...
2026-07-10 10:27:37.854 | INFO     | N/A | ⏳ 等待 Profile 更新任务...
2026-07-10 10:27:42.888 | INFO     | N/A | ⏳ 等待 Profile 更新任务...
2026-07-10 10:27:47.918 | INFO     | N/A | ⏳ 等待 Profile 更新任务...
2026-07-10 10:27:52.948 | INFO     | N/A | ⏳ 等待 Profile 更新任务...
2026-07-10 10:27:57.984 | INFO     | N/A | ⏳ 等待 Profile 更新任务...
2026-07-10 10:28:03.018 | INFO     | N/A | ⏳ 等待 Profile 更新任务...
2026-07-10 10:28:08.056 | INFO     | N/A | ⏳ 等待 Profile 更新任务...
2026-07-10 10:28:13.086 | INFO     | N/A | ⏳ 等待 Profile 更新任务...
2026-07-10 10:28:18.114 | INFO     | N/A | ⏳ 等待 Profile 更新任务...
2026-07-10 10:28:23.149 | INFO     | N/A | ⏳ 等待 Profile 更新任务...
2026-07-10 10:28:28.190 | INFO     | N/A | ⏳ 等待 Profile 更新任务...
2026-07-10 10:28:33.245 | INFO     | N/A | ⏳ 等待 Profile 更新任务...
2026-07-10 10:28:38.286 | INFO     | N/A | ⏳ 等待 Profile 更新任务...
2026-07-10 10:28:43.321 | INFO     | N/A | ⏳ 等待 Profile 更新任务...
2026-07-10 10:28:48.362 | INFO     | N/A | ⏳ 等待 Profile 更新任务...
2026-07-10 10:28:53.398 | INFO     | N/A | ⏳ 等待 Profile 更新任务...
2026-07-10 10:28:58.433 | INFO     | N/A | ⏳ 等待 Profile 更新任务...
2026-07-10 10:29:03.467 | INFO     | N/A | ⏳ 等待 Profile 更新任务...
2026-07-10 10:29:08.504 | INFO     | N/A | ⏳ 等待 Profile 更新任务...
2026-07-10 10:29:13.536 | INFO     | N/A | ⏳ 等待 Profile 更新任务...
2026-07-10 10:29:18.561 | INFO     | N/A | ⏳ 等待 Profile 更新任务...
2026-07-10 10:29:23.586 | INFO     | N/A | ⏳ 等待 Profile 更新任务...
2026-07-10 10:29:28.615 | INFO     | N/A | ⏳ 等待 Profile 更新任务...
2026-07-10 10:29:33.638 | INFO     | N/A | ⏳ 等待 Profile 更新任务...
2026-07-10 10:29:38.660 | INFO     | N/A | ⏳ 等待 Profile 更新任务...
2026-07-10 10:29:43.683 | INFO     | N/A | ⏳ 等待 Profile 更新任务...
2026-07-10 10:29:48.708 | INFO     | N/A | ⏳ 等待 Profile 更新任务...
2026-07-10 10:29:53.732 | INFO     | N/A | ⏳ 等待 Profile 更新任务...
2026-07-10 10:29:58.755 | INFO     | N/A | ⏳ 等待 Profile 更新任务...
2026-07-10 10:30:03.781 | INFO     | N/A | ⏳ 等待 Profile 更新任务...
2026-07-10 10:30:08.802 | INFO     | N/A | ⏳ 等待 Profile 更新任务...
2026-07-10 10:30:13.826 | INFO     | N/A | ⏳ 等待 Profile 更新任务...
2026-07-10 10:30:18.848 | INFO     | N/A | ⏳ 等待 Profile 更新任务...
2026-07-10 10:30:23.873 | INFO     | N/A | ⏳ 等待 Profile 更新任务...
2026-07-10 10:30:28.896 | INFO     | N/A | ⏳ 等待 Profile 更新任务...
2026-07-10 10:30:33.921 | INFO     | N/A | ⏳ 等待 Profile 更新任务...
2026-07-10 10:30:38.946 | INFO     | N/A | ⏳ 等待 Profile 更新任务...
2026-07-10 10:30:43.968 | INFO     | N/A | ⏳ 等待 Profile 更新任务...
2026-07-10 10:30:48.991 | INFO     | N/A | ⏳ 等待 Profile 更新任务...
2026-07-10 10:30:54.017 | INFO     | N/A | ⏳ 等待 Profile 更新任务...
2026-07-10 10:30:59.040 | INFO     | N/A | ⏳ 等待 Profile 更新任务...
2026-07-10 10:31:04.064 | INFO     | N/A | ⏳ 等待 Profile 更新任务...
2026-07-10 10:31:09.090 | INFO     | N/A | ⏳ 等待 Profile 更新任务...
2026-07-10 10:31:14.114 | INFO     | N/A | ⏳ 等待 Profile 更新任务...
2026-07-10 10:31:19.138 | INFO     | N/A | ⏳ 等待 Profile 更新任务...
2026-07-10 10:31:24.164 | INFO     | N/A | ⏳ 等待 Profile 更新任务...
2026-07-10 10:31:29.190 | INFO     | N/A | ⏳ 等待 Profile 更新任务...
2026-07-10 10:31:34.213 | INFO     | N/A | ⏳ 等待 Profile 更新任务...
2026-07-10 10:31:39.237 | INFO     | N/A | ⏳ 等待 Profile 更新任务...
2026-07-10 10:31:44.261 | INFO     | N/A | ⏳ 等待 Profile 更新任务...
2026-07-10 10:31:49.285 | INFO     | N/A | ⏳ 等待 Profile 更新任务...
2026-07-10 10:31:54.309 | INFO     | N/A | ⏳ 等待 Profile 更新任务...
2026-07-10 10:31:59.335 | INFO     | N/A | ⏳ 等待 Profile 更新任务...
2026-07-10 10:32:04.359 | INFO     | N/A | ⏳ 等待 Profile 更新任务...
2026-07-10 10:32:09.383 | INFO     | N/A | ⏳ 等待 Profile 更新任务...
2026-07-10 10:32:14.415 | INFO     | N/A | ⏳ 等待 Profile 更新任务...
2026-07-10 10:32:19.439 | INFO     | N/A | ⏳ 等待 Profile 更新任务...
2026-07-10 10:32:24.465 | INFO     | N/A | ⏳ 等待 Profile 更新任务...
2026-07-10 10:32:29.492 | INFO     | N/A | ⏳ 等待 Profile 更新任务...
2026-07-10 10:32:34.515 | INFO     | N/A | ⏳ 等待 Profile 更新任务...
2026-07-10 10:32:39.540 | INFO     | N/A | ⏳ 等待 Profile 更新任务...
2026-07-10 10:32:44.562 | INFO     | N/A | ⏳ 等待 Profile 更新任务...
2026-07-10 10:32:49.584 | INFO     | N/A | ⏳ 等待 Profile 更新任务...
2026-07-10 10:32:54.607 | INFO     | N/A | ⏳ 等待 Profile 更新任务...
2026-07-10 10:32:59.628 | INFO     | N/A | ⏳ 等待 Profile 更新任务...
2026-07-10 10:33:04.651 | INFO     | N/A | ⏳ 等待 Profile 更新任务...
2026-07-10 10:33:09.674 | INFO     | N/A | ⏳ 等待 Profile 更新任务...
2026-07-10 10:33:14.697 | INFO     | N/A | ⏳ 等待 Profile 更新任务...
2026-07-10 10:33:19.721 | INFO     | N/A | ⏳ 等待 Profile 更新任务...
2026-07-10 10:33:24.744 | INFO     | N/A | ⏳ 等待 Profile 更新任务...
2026-07-10 10:33:29.768 | INFO     | N/A | ⏳ 等待 Profile 更新任务...
2026-07-10 10:33:34.790 | INFO     | N/A | ⏳ 等待 Profile 更新任务...
2026-07-10 10:33:39.814 | INFO     | N/A | ⏳ 等待 Profile 更新任务...
2026-07-10 10:33:44.836 | INFO     | N/A | ⏳ 等待 Profile 更新任务...
2026-07-10 10:33:49.860 | INFO     | N/A | ⏳ 等待 Profile 更新任务...
2026-07-10 10:33:54.884 | INFO     | N/A | ⏳ 等待 Profile 更新任务...
2026-07-10 10:33:59.908 | INFO     | N/A | ⏳ 等待 Profile 更新任务...
2026-07-10 10:34:04.932 | INFO     | N/A | ⏳ 等待 Profile 更新任务...
2026-07-10 10:34:09.955 | INFO     | N/A | ⏳ 等待 Profile 更新任务...
2026-07-10 10:34:14.981 | INFO     | N/A | ⏳ 等待 Profile 更新任务...
2026-07-10 10:34:20.004 | INFO     | N/A | ⏳ 等待 Profile 更新任务...
2026-07-10 10:34:25.029 | INFO     | N/A | ⏳ 等待 Profile 更新任务...
2026-07-10 10:34:30.056 | INFO     | N/A | ⏳ 等待 Profile 更新任务...
2026-07-10 10:34:35.081 | INFO     | N/A | ⏳ 等待 Profile 更新任务...
2026-07-10 10:34:40.106 | INFO     | N/A | ⏳ 等待 Profile 更新任务...
2026-07-10 10:34:45.130 | INFO     | N/A | ⏳ 等待 Profile 更新任务...
2026-07-10 10:34:50.155 | INFO     | N/A | ⏳ 等待 Profile 更新任务...
2026-07-10 10:34:55.179 | INFO     | N/A | ⏳ 等待 Profile 更新任务...
2026-07-10 10:35:00.201 | INFO     | N/A | ⏳ 等待 Profile 更新任务...
2026-07-10 10:35:05.223 | INFO     | N/A | ⏳ 等待 Profile 更新任务...
2026-07-10 10:35:10.245 | INFO     | N/A | ⏳ 等待 Profile 更新任务...
2026-07-10 10:35:15.269 | INFO     | N/A | ⏳ 等待 Profile 更新任务...
2026-07-10 10:35:20.295 | INFO     | N/A | ⏳ 等待 Profile 更新任务...
2026-07-10 10:35:25.317 | INFO     | N/A | ⏳ 等待 Profile 更新任务...
2026-07-10 10:35:30.340 | INFO     | N/A | ⏳ 等待 Profile 更新任务...
2026-07-10 10:35:35.366 | INFO     | N/A | ⏳ 等待 Profile 更新任务...
2026-07-10 10:35:40.392 | INFO     | N/A | ⏳ 等待 Profile 更新任务...
2026-07-10 10:35:45.415 | INFO     | N/A | ⏳ 等待 Profile 更新任务...
2026-07-10 10:35:50.438 | INFO     | N/A | ⏳ 等待 Profile 更新任务...
2026-07-10 10:35:55.462 | INFO     | N/A | ⏳ 等待 Profile 更新任务...
2026-07-10 10:36:00.486 | INFO     | N/A | ⏳ 等待 Profile 更新任务...
2026-07-10 10:36:05.511 | INFO     | N/A | ⏳ 等待 Profile 更新任务...
2026-07-10 10:36:10.536 | INFO     | N/A | ⏳ 等待 Profile 更新任务...
2026-07-10 10:36:15.559 | INFO     | N/A | ⏳ 等待 Profile 更新任务...
2026-07-10 10:36:20.582 | INFO     | N/A | ⏳ 等待 Profile 更新任务...
2026-07-10 10:36:25.606 | INFO     | N/A | ⏳ 等待 Profile 更新任务...
2026-07-10 10:36:30.630 | INFO     | N/A | ⏳ 等待 Profile 更新任务...
2026-07-10 10:36:35.656 | INFO     | N/A | ⏳ 等待 Profile 更新任务...
2026-07-10 10:36:40.707 | INFO     | N/A | ⏳ 等待 Profile 更新任务...
2026-07-10 10:36:45.732 | INFO     | N/A | ⏳ 等待 Profile 更新任务...
2026-07-10 10:36:50.756 | INFO     | N/A | ⏳ 等待 Profile 更新任务...
2026-07-10 10:36:55.779 | INFO     | N/A | ⏳ 等待 Profile 更新任务...
2026-07-10 10:37:00.804 | INFO     | N/A | ⏳ 等待 Profile 更新任务...
2026-07-10 10:37:05.828 | INFO     | N/A | ⏳ 等待 Profile 更新任务...
2026-07-10 10:37:10.851 | INFO     | N/A | ⏳ 等待 Profile 更新任务...
2026-07-10 10:37:15.876 | INFO     | N/A | ⏳ 等待 Profile 更新任务...
2026-07-10 10:37:20.901 | INFO     | N/A | ⏳ 等待 Profile 更新任务...
2026-07-10 10:37:25.927 | INFO     | N/A | ⏳ 等待 Profile 更新任务...
2026-07-10 10:37:30.951 | INFO     | N/A | ⏳ 等待 Profile 更新任务...
2026-07-10 10:37:35.978 | INFO     | N/A | ⏳ 等待 Profile 更新任务...
2026-07-10 10:37:41.005 | INFO     | N/A | ⏳ 等待 Profile 更新任务...
2026-07-10 10:37:46.029 | INFO     | N/A | ⏳ 等待 Profile 更新任务...
2026-07-10 10:37:51.052 | INFO     | N/A | ⏳ 等待 Profile 更新任务...
2026-07-10 10:37:56.077 | INFO     | N/A | ⏳ 等待 Profile 更新任务...
2026-07-10 10:38:01.100 | INFO     | N/A | ⏳ 等待 Profile 更新任务...
2026-07-10 10:38:06.125 | INFO     | N/A | ⏳ 等待 Profile 更新任务...
2026-07-10 10:38:11.148 | INFO     | N/A | ⏳ 等待 Profile 更新任务...
2026-07-10 10:38:16.173 | INFO     | N/A | ⏳ 等待 Profile 更新任务...
2026-07-10 10:38:21.198 | INFO     | N/A | ⏳ 等待 Profile 更新任务...
2026-07-10 10:38:26.221 | INFO     | N/A | ⏳ 等待 Profile 更新任务...
2026-07-10 10:38:31.245 | INFO     | N/A | ⏳ 等待 Profile 更新任务...
2026-07-10 10:38:36.270 | INFO     | N/A | ⏳ 等待 Profile 更新任务...
2026-07-10 10:38:41.291 | INFO     | N/A | ⏳ 等待 Profile 更新任务...
2026-07-10 10:38:46.315 | INFO     | N/A | ⏳ 等待 Profile 更新任务...
2026-07-10 10:38:51.340 | INFO     | N/A | ⏳ 等待 Profile 更新任务...
2026-07-10 10:38:56.365 | INFO     | N/A | ⏳ 等待 Profile 更新任务...
2026-07-10 10:39:01.390 | INFO     | N/A | ⏳ 等待 Profile 更新任务...
2026-07-10 10:39:06.414 | INFO     | N/A | ⏳ 等待 Profile 更新任务...
2026-07-10 10:39:11.451 | INFO     | N/A | ⏳ 等待 Profile 更新任务...
2026-07-10 10:39:16.475 | INFO     | N/A | ⏳ 等待 Profile 更新任务...
2026-07-10 10:39:21.499 | INFO     | N/A | ⏳ 等待 Profile 更新任务...
2026-07-10 10:39:26.521 | INFO     | N/A | ⏳ 等待 Profile 更新任务...
2026-07-10 10:39:31.545 | INFO     | N/A | ⏳ 等待 Profile 更新任务...
2026-07-10 10:39:36.572 | INFO     | N/A | ⏳ 等待 Profile 更新任务...
2026-07-10 10:39:41.596 | INFO     | N/A | ⏳ 等待 Profile 更新任务...
2026-07-10 10:39:46.621 | INFO     | N/A | ⏳ 等待 Profile 更新任务...
2026-07-10 10:39:51.644 | INFO     | N/A | ⏳ 等待 Profile 更新任务...
2026-07-10 10:39:56.668 | INFO     | N/A | ⏳ 等待 Profile 更新任务...
2026-07-10 10:40:01.696 | INFO     | N/A | ⏳ 等待 Profile 更新任务...
2026-07-10 10:40:06.721 | INFO     | N/A | ⏳ 等待 Profile 更新任务...
2026-07-10 10:40:11.745 | INFO     | N/A | ⏳ 等待 Profile 更新任务...
2026-07-10 10:40:16.770 | INFO     | N/A | ⏳ 等待 Profile 更新任务...
2026-07-10 10:40:21.795 | INFO     | N/A | ⏳ 等待 Profile 更新任务...
2026-07-10 10:40:26.821 | INFO     | N/A | ⏳ 等待 Profile 更新任务...
2026-07-10 10:40:31.845 | INFO     | N/A | ⏳ 等待 Profile 更新任务...
2026-07-10 10:40:36.870 | INFO     | N/A | ⏳ 等待 Profile 更新任务...
2026-07-10 10:40:41.896 | INFO     | N/A | ⏳ 等待 Profile 更新任务...
2026-07-10 10:40:46.918 | INFO     | N/A | ⏳ 等待 Profile 更新任务...
2026-07-10 10:40:51.942 | INFO     | N/A | ⏳ 等待 Profile 更新任务...
2026-07-10 10:40:56.967 | INFO     | N/A | ⏳ 等待 Profile 更新任务...
2026-07-10 10:41:01.993 | INFO     | N/A | ⏳ 等待 Profile 更新任务...
2026-07-10 10:41:07.021 | INFO     | N/A | ⏳ 等待 Profile 更新任务...
2026-07-10 10:41:12.048 | INFO     | N/A | ⏳ 等待 Profile 更新任务...
2026-07-10 10:41:17.073 | INFO     | N/A | ⏳ 等待 Profile 更新任务...
2026-07-10 10:41:22.097 | INFO     | N/A | ⏳ 等待 Profile 更新任务...
2026-07-10 10:41:27.125 | INFO     | N/A | ⏳ 等待 Profile 更新任务...
2026-07-10 10:41:32.150 | INFO     | N/A | ⏳ 等待 Profile 更新任务...
2026-07-10 10:41:37.174 | INFO     | N/A | ⏳ 等待 Profile 更新任务...
2026-07-10 10:41:42.198 | INFO     | N/A | ⏳ 等待 Profile 更新任务...
2026-07-10 10:41:47.222 | INFO     | N/A | ⏳ 等待 Profile 更新任务...
2026-07-10 10:41:52.245 | INFO     | N/A | ⏳ 等待 Profile 更新任务...
2026-07-10 10:41:57.267 | INFO     | N/A | ⏳ 等待 Profile 更新任务...
2026-07-10 10:42:02.290 | INFO     | N/A | ⏳ 等待 Profile 更新任务...
2026-07-10 10:42:07.317 | INFO     | N/A | ⏳ 等待 Profile 更新任务...
2026-07-10 10:42:12.340 | INFO     | N/A | ⏳ 等待 Profile 更新任务...
2026-07-10 10:42:17.369 | INFO     | N/A | ⏳ 等待 Profile 更新任务...
2026-07-10 10:42:22.397 | INFO     | N/A | ⏳ 等待 Profile 更新任务...
2026-07-10 10:42:27.420 | INFO     | N/A | ⏳ 等待 Profile 更新任务...
2026-07-10 10:42:32.445 | INFO     | N/A | ⏳ 等待 Profile 更新任务...
2026-07-10 10:42:37.470 | INFO     | N/A | ⏳ 等待 Profile 更新任务...
2026-07-10 10:42:42.496 | INFO     | N/A | ⏳ 等待 Profile 更新任务...
2026-07-10 10:42:47.520 | INFO     | N/A | ⏳ 等待 Profile 更新任务...
2026-07-10 10:42:52.545 | INFO     | N/A | ⏳ 等待 Profile 更新任务...
2026-07-10 10:42:57.569 | INFO     | N/A | ⏳ 等待 Profile 更新任务...
2026-07-10 10:43:02.594 | INFO     | N/A | ⏳ 等待 Profile 更新任务...
2026-07-10 10:43:07.618 | INFO     | N/A | ⏳ 等待 Profile 更新任务...
2026-07-10 10:43:12.642 | INFO     | N/A | ⏳ 等待 Profile 更新任务...
2026-07-10 10:43:17.667 | INFO     | N/A | ⏳ 等待 Profile 更新任务...
2026-07-10 10:43:22.692 | INFO     | N/A | ⏳ 等待 Profile 更新任务...
2026-07-10 10:43:27.737 | INFO     | N/A | ⏳ 等待 Profile 更新任务...
2026-07-10 10:43:32.763 | INFO     | N/A | ⏳ 等待 Profile 更新任务...
2026-07-10 10:43:37.788 | INFO     | N/A | ⏳ 等待 Profile 更新任务...
2026-07-10 10:43:42.810 | INFO     | N/A | ⏳ 等待 Profile 更新任务...
2026-07-10 10:43:47.837 | INFO     | N/A | ⏳ 等待 Profile 更新任务...
2026-07-10 10:43:52.861 | INFO     | N/A | ⏳ 等待 Profile 更新任务...
2026-07-10 10:43:57.883 | INFO     | N/A | ⏳ 等待 Profile 更新任务...
2026-07-10 10:44:02.905 | INFO     | N/A | ⏳ 等待 Profile 更新任务...
2026-07-10 10:44:07.929 | INFO     | N/A | ⏳ 等待 Profile 更新任务...
2026-07-10 10:44:12.954 | INFO     | N/A | ⏳ 等待 Profile 更新任务...
2026-07-10 10:44:17.978 | INFO     | N/A | ⏳ 等待 Profile 更新任务...
2026-07-10 10:44:23.001 | INFO     | N/A | ⏳ 等待 Profile 更新任务...
2026-07-10 10:44:28.023 | INFO     | N/A | ⏳ 等待 Profile 更新任务...
2026-07-10 10:44:33.048 | INFO     | N/A | ⏳ 等待 Profile 更新任务...
2026-07-10 10:44:38.075 | INFO     | N/A | ⏳ 等待 Profile 更新任务...
2026-07-10 10:44:43.098 | INFO     | N/A | ⏳ 等待 Profile 更新任务...
2026-07-10 10:44:48.123 | INFO     | N/A | ⏳ 等待 Profile 更新任务...
2026-07-10 10:44:53.148 | INFO     | N/A | ⏳ 等待 Profile 更新任务...
2026-07-10 10:44:58.172 | INFO     | N/A | ⏳ 等待 Profile 更新任务...
2026-07-10 10:45:03.194 | INFO     | N/A | ⏳ 等待 Profile 更新任务...
2026-07-10 10:45:08.217 | INFO     | N/A | ⏳ 等待 Profile 更新任务...
2026-07-10 10:45:13.239 | INFO     | N/A | ⏳ 等待 Profile 更新任务...
2026-07-10 10:45:18.263 | INFO     | N/A | ⏳ 等待 Profile 更新任务...
2026-07-10 10:45:23.287 | INFO     | N/A | ⏳ 等待 Profile 更新任务...
2026-07-10 10:45:28.310 | INFO     | N/A | ⏳ 等待 Profile 更新任务...
2026-07-10 10:45:33.335 | INFO     | N/A | ⏳ 等待 Profile 更新任务...
2026-07-10 10:45:38.358 | INFO     | N/A | ⏳ 等待 Profile 更新任务...
2026-07-10 10:45:43.382 | INFO     | N/A | ⏳ 等待 Profile 更新任务...
2026-07-10 10:45:48.405 | INFO     | N/A | ⏳ 等待 Profile 更新任务...
2026-07-10 10:45:53.428 | INFO     | N/A | ⏳ 等待 Profile 更新任务...
2026-07-10 10:45:58.450 | INFO     | N/A | ⏳ 等待 Profile 更新任务...
2026-07-10 10:46:03.472 | INFO     | N/A | ⏳ 等待 Profile 更新任务...
2026-07-10 10:46:08.497 | INFO     | N/A | ⏳ 等待 Profile 更新任务...
2026-07-10 10:46:13.520 | INFO     | N/A | ⏳ 等待 Profile 更新任务...
2026-07-10 10:46:18.545 | INFO     | N/A | ⏳ 等待 Profile 更新任务...
2026-07-10 10:46:23.566 | INFO     | N/A | ⏳ 等待 Profile 更新任务...
2026-07-10 10:46:28.587 | INFO     | N/A | ⏳ 等待 Profile 更新任务...
2026-07-10 10:46:33.612 | INFO     | N/A | ⏳ 等待 Profile 更新任务...
2026-07-10 10:46:38.640 | INFO     | N/A | ⏳ 等待 Profile 更新任务...
2026-07-10 10:46:43.663 | INFO     | N/A | ⏳ 等待 Profile 更新任务...
2026-07-10 10:46:48.688 | INFO     | N/A | ⏳ 等待 Profile 更新任务...
2026-07-10 10:46:53.710 | INFO     | N/A | ⏳ 等待 Profile 更新任务...
2026-07-10 10:46:58.732 | INFO     | N/A | ⏳ 等待 Profile 更新任务...
2026-07-10 10:47:03.758 | INFO     | N/A | ⏳ 等待 Profile 更新任务...
2026-07-10 10:47:08.782 | INFO     | N/A | ⏳ 等待 Profile 更新任务...
2026-07-10 10:47:13.809 | INFO     | N/A | ⏳ 等待 Profile 更新任务...
2026-07-10 10:47:18.832 | INFO     | N/A | ⏳ 等待 Profile 更新任务...
2026-07-10 10:47:23.859 | INFO     | N/A | ⏳ 等待 Profile 更新任务...
2026-07-10 10:47:28.881 | INFO     | N/A | ⏳ 等待 Profile 更新任务...
2026-07-10 10:47:33.903 | INFO     | N/A | ⏳ 等待 Profile 更新任务...
2026-07-10 10:47:38.928 | INFO     | N/A | ⏳ 等待 Profile 更新任务...
2026-07-10 10:47:43.953 | INFO     | N/A | ⏳ 等待 Profile 更新任务...
2026-07-10 10:47:48.976 | INFO     | N/A | ⏳ 等待 Profile 更新任务...
2026-07-10 10:47:54.000 | INFO     | N/A | ⏳ 等待 Profile 更新任务...
2026-07-10 10:47:59.023 | INFO     | N/A | ⏳ 等待 Profile 更新任务...
2026-07-10 10:48:04.049 | INFO     | N/A | ⏳ 等待 Profile 更新任务...
2026-07-10 10:48:09.073 | INFO     | N/A | ⏳ 等待 Profile 更新任务...
2026-07-10 10:48:14.098 | INFO     | N/A | ⏳ 等待 Profile 更新任务...
2026-07-10 10:48:19.123 | INFO     | N/A | ⏳ 等待 Profile 更新任务...
2026-07-10 10:48:24.147 | INFO     | N/A | ⏳ 等待 Profile 更新任务...
2026-07-10 10:48:29.172 | INFO     | N/A | ⏳ 等待 Profile 更新任务...
2026-07-10 10:48:34.197 | INFO     | N/A | ⏳ 等待 Profile 更新任务...
2026-07-10 10:48:39.220 | INFO     | N/A | ⏳ 等待 Profile 更新任务...
2026-07-10 10:48:44.246 | INFO     | N/A | ⏳ 等待 Profile 更新任务...
2026-07-10 10:48:49.274 | INFO     | N/A | ⏳ 等待 Profile 更新任务...
2026-07-10 10:48:54.298 | INFO     | N/A | ⏳ 等待 Profile 更新任务...
2026-07-10 10:48:59.323 | INFO     | N/A | ⏳ 等待 Profile 更新任务...
2026-07-10 10:49:04.346 | INFO     | N/A | ⏳ 等待 Profile 更新任务...
2026-07-10 10:49:09.371 | INFO     | N/A | ⏳ 等待 Profile 更新任务...
2026-07-10 10:49:14.394 | INFO     | N/A | ⏳ 等待 Profile 更新任务...
2026-07-10 10:49:19.420 | INFO     | N/A | ⏳ 等待 Profile 更新任务...
2026-07-10 10:49:24.442 | INFO     | N/A | ⏳ 等待 Profile 更新任务...
2026-07-10 10:49:29.467 | INFO     | N/A | ⏳ 等待 Profile 更新任务...
2026-07-10 10:49:34.491 | INFO     | N/A | ⏳ 等待 Profile 更新任务...
2026-07-10 10:49:39.511 | INFO     | N/A | ⏳ 等待 Profile 更新任务...
2026-07-10 10:49:44.541 | INFO     | N/A | ⏳ 等待 Profile 更新任务...
2026-07-10 10:49:49.567 | INFO     | N/A | ⏳ 等待 Profile 更新任务...
2026-07-10 10:49:54.591 | INFO     | N/A | ⏳ 等待 Profile 更新任务...
2026-07-10 10:49:59.614 | INFO     | N/A | ⏳ 等待 Profile 更新任务...
2026-07-10 10:50:04.642 | INFO     | N/A | ⏳ 等待 Profile 更新任务...
2026-07-10 10:50:09.665 | INFO     | N/A | ⏳ 等待 Profile 更新任务...
2026-07-10 10:50:14.690 | INFO     | N/A | ⏳ 等待 Profile 更新任务...
2026-07-10 10:50:19.714 | INFO     | N/A | ⏳ 等待 Profile 更新任务...
2026-07-10 10:50:24.739 | INFO     | N/A | ⏳ 等待 Profile 更新任务...
2026-07-10 10:50:29.762 | INFO     | N/A | ⏳ 等待 Profile 更新任务...
2026-07-10 10:50:34.784 | INFO     | N/A | ⏳ 等待 Profile 更新任务...
2026-07-10 10:50:39.808 | INFO     | N/A | ⏳ 等待 Profile 更新任务...
2026-07-10 10:50:44.837 | INFO     | N/A | ⏳ 等待 Profile 更新任务...
2026-07-10 10:50:49.863 | INFO     | N/A | ⏳ 等待 Profile 更新任务...
2026-07-10 10:50:54.889 | INFO     | N/A | ⏳ 等待 Profile 更新任务...
2026-07-10 10:50:59.912 | INFO     | N/A | ⏳ 等待 Profile 更新任务...
2026-07-10 10:51:04.938 | INFO     | N/A | ⏳ 等待 Profile 更新任务...
2026-07-10 10:51:09.961 | INFO     | N/A | ⏳ 等待 Profile 更新任务...
2026-07-10 10:51:14.985 | INFO     | N/A | ⏳ 等待 Profile 更新任务...
2026-07-10 10:51:20.011 | INFO     | N/A | ⏳ 等待 Profile 更新任务...
2026-07-10 10:51:25.033 | INFO     | N/A | ⏳ 等待 Profile 更新任务...
2026-07-10 10:51:30.058 | INFO     | N/A | ⏳ 等待 Profile 更新任务...
2026-07-10 10:51:35.081 | INFO     | N/A | ⏳ 等待 Profile 更新任务...
2026-07-10 10:51:40.104 | INFO     | N/A | ⏳ 等待 Profile 更新任务...
2026-07-10 10:51:45.132 | INFO     | N/A | ⏳ 等待 Profile 更新任务...
2026-07-10 10:51:50.158 | INFO     | N/A | ⏳ 等待 Profile 更新任务...
2026-07-10 10:51:55.184 | INFO     | N/A | ⏳ 等待 Profile 更新任务...
2026-07-10 10:52:00.210 | INFO     | N/A | ⏳ 等待 Profile 更新任务...
2026-07-10 10:52:05.235 | INFO     | N/A | ⏳ 等待 Profile 更新任务...
2026-07-10 10:52:10.260 | INFO     | N/A | ⏳ 等待 Profile 更新任务...
2026-07-10 10:52:15.286 | INFO     | N/A | ⏳ 等待 Profile 更新任务...
2026-07-10 10:52:20.313 | INFO     | N/A | ⏳ 等待 Profile 更新任务...
2026-07-10 10:52:25.337 | INFO     | N/A | ⏳ 等待 Profile 更新任务...
2026-07-10 10:52:30.360 | INFO     | N/A | ⏳ 等待 Profile 更新任务...
2026-07-10 10:52:35.384 | INFO     | N/A | ⏳ 等待 Profile 更新任务...
2026-07-10 10:52:40.408 | INFO     | N/A | ⏳ 等待 Profile 更新任务...
2026-07-10 10:52:45.435 | INFO     | N/A | ⏳ 等待 Profile 更新任务...
2026-07-10 10:52:50.460 | INFO     | N/A | ⏳ 等待 Profile 更新任务...
2026-07-10 10:52:55.484 | INFO     | N/A | ⏳ 等待 Profile 更新任务...
2026-07-10 10:53:00.507 | INFO     | N/A | ⏳ 等待 Profile 更新任务...
2026-07-10 10:53:05.530 | INFO     | N/A | ⏳ 等待 Profile 更新任务...
2026-07-10 10:53:10.553 | INFO     | N/A | ⏳ 等待 Profile 更新任务...
2026-07-10 10:53:15.578 | INFO     | N/A | ⏳ 等待 Profile 更新任务...
2026-07-10 10:53:20.601 | INFO     | N/A | ⏳ 等待 Profile 更新任务...
2026-07-10 10:53:25.622 | INFO     | N/A | ⏳ 等待 Profile 更新任务...
2026-07-10 10:53:30.644 | INFO     | N/A | ⏳ 等待 Profile 更新任务...
2026-07-10 10:53:35.671 | INFO     | N/A | ⏳ 等待 Profile 更新任务...
2026-07-10 10:53:40.696 | INFO     | N/A | ⏳ 等待 Profile 更新任务...
2026-07-10 10:53:45.724 | INFO     | N/A | ⏳ 等待 Profile 更新任务...
2026-07-10 10:53:50.751 | INFO     | N/A | ⏳ 等待 Profile 更新任务...
2026-07-10 10:53:55.776 | INFO     | N/A | ⏳ 等待 Profile 更新任务...
2026-07-10 10:54:00.800 | INFO     | N/A | ⏳ 等待 Profile 更新任务...
2026-07-10 10:54:05.825 | INFO     | N/A | ⏳ 等待 Profile 更新任务...
2026-07-10 10:54:10.851 | INFO     | N/A | ⏳ 等待 Profile 更新任务...
2026-07-10 10:54:15.873 | INFO     | N/A | ⏳ 等待 Profile 更新任务...
2026-07-10 10:54:20.898 | INFO     | N/A | ⏳ 等待 Profile 更新任务...
2026-07-10 10:54:25.922 | INFO     | N/A | ⏳ 等待 Profile 更新任务...
2026-07-10 10:54:30.947 | INFO     | N/A | ⏳ 等待 Profile 更新任务...
2026-07-10 10:54:35.972 | INFO     | N/A | ⏳ 等待 Profile 更新任务...
2026-07-10 10:54:40.999 | INFO     | N/A | ⏳ 等待 Profile 更新任务...
2026-07-10 10:54:46.027 | INFO     | N/A | ⏳ 等待 Profile 更新任务...
2026-07-10 10:54:51.053 | INFO     | N/A | ⏳ 等待 Profile 更新任务...
2026-07-10 10:54:56.076 | INFO     | N/A | ⏳ 等待 Profile 更新任务...
2026-07-10 10:55:01.099 | INFO     | N/A | ⏳ 等待 Profile 更新任务...
2026-07-10 10:55:06.123 | INFO     | N/A | ⏳ 等待 Profile 更新任务...
2026-07-10 10:55:11.150 | INFO     | N/A | ⏳ 等待 Profile 更新任务...
2026-07-10 10:55:16.174 | INFO     | N/A | ⏳ 等待 Profile 更新任务...
2026-07-10 10:55:21.198 | INFO     | N/A | ⏳ 等待 Profile 更新任务...
2026-07-10 10:55:26.223 | INFO     | N/A | ⏳ 等待 Profile 更新任务...
2026-07-10 10:55:31.250 | INFO     | N/A | ⏳ 等待 Profile 更新任务...
2026-07-10 10:55:36.279 | INFO     | N/A | ⏳ 等待 Profile 更新任务...
2026-07-10 10:55:41.304 | INFO     | N/A | ⏳ 等待 Profile 更新任务...
2026-07-10 10:55:46.330 | INFO     | N/A | ⏳ 等待 Profile 更新任务...
2026-07-10 10:55:51.354 | INFO     | N/A | ⏳ 等待 Profile 更新任务...
2026-07-10 10:55:56.377 | INFO     | N/A | ⏳ 等待 Profile 更新任务...
2026-07-10 10:56:01.403 | INFO     | N/A | ⏳ 等待 Profile 更新任务...
2026-07-10 10:56:06.426 | INFO     | N/A | ⏳ 等待 Profile 更新任务...
2026-07-10 10:56:11.452 | INFO     | N/A | ⏳ 等待 Profile 更新任务...
2026-07-10 10:56:16.475 | INFO     | N/A | ⏳ 等待 Profile 更新任务...
2026-07-10 10:56:21.501 | INFO     | N/A | ⏳ 等待 Profile 更新任务...
2026-07-10 10:56:26.525 | INFO     | N/A | ⏳ 等待 Profile 更新任务...
2026-07-10 10:56:31.549 | INFO     | N/A | ⏳ 等待 Profile 更新任务...
2026-07-10 10:56:36.575 | INFO     | N/A | ⏳ 等待 Profile 更新任务...
2026-07-10 10:56:41.598 | INFO     | N/A | ⏳ 等待 Profile 更新任务...
2026-07-10 10:56:46.622 | INFO     | N/A | ⏳ 等待 Profile 更新任务...
2026-07-10 10:56:51.648 | INFO     | N/A | ⏳ 等待 Profile 更新任务...
2026-07-10 10:56:56.672 | INFO     | N/A | ⏳ 等待 Profile 更新任务...
2026-07-10 10:57:01.694 | INFO     | N/A | ⏳ 等待 Profile 更新任务...
2026-07-10 10:57:06.718 | INFO     | N/A | ⏳ 等待 Profile 更新任务...
2026-07-10 10:57:11.743 | INFO     | N/A | ⏳ 等待 Profile 更新任务...
2026-07-10 10:57:16.767 | INFO     | N/A | ⏳ 等待 Profile 更新任务...
2026-07-10 10:57:21.792 | INFO     | N/A | ⏳ 等待 Profile 更新任务...
2026-07-10 10:57:26.816 | INFO     | N/A | ⏳ 等待 Profile 更新任务...
2026-07-10 10:57:31.839 | INFO     | N/A | ⏳ 等待 Profile 更新任务...
2026-07-10 10:57:36.864 | INFO     | N/A | ⏳ 等待 Profile 更新任务...
2026-07-10 10:57:41.888 | INFO     | N/A | ⏳ 等待 Profile 更新任务...
2026-07-10 10:57:46.912 | INFO     | N/A | ⏳ 等待 Profile 更新任务...
2026-07-10 10:57:51.938 | INFO     | N/A | ⏳ 等待 Profile 更新任务...
2026-07-10 10:57:56.960 | INFO     | N/A | ⏳ 等待 Profile 更新任务...
2026-07-10 10:58:01.983 | INFO     | N/A | ⏳ 等待 Profile 更新任务...
2026-07-10 10:58:07.005 | INFO     | N/A | ⏳ 等待 Profile 更新任务...
2026-07-10 10:58:12.032 | INFO     | N/A | ⏳ 等待 Profile 更新任务...
2026-07-10 10:58:17.056 | INFO     | N/A | ⏳ 等待 Profile 更新任务...
2026-07-10 10:58:22.082 | INFO     | N/A | ⏳ 等待 Profile 更新任务...
2026-07-10 10:58:27.105 | INFO     | N/A | ⏳ 等待 Profile 更新任务...
2026-07-10 10:58:32.129 | INFO     | N/A | ⏳ 等待 Profile 更新任务...
2026-07-10 10:58:37.155 | INFO     | N/A | ⏳ 等待 Profile 更新任务...
2026-07-10 10:58:42.179 | INFO     | N/A | ⏳ 等待 Profile 更新任务...
2026-07-10 10:58:47.207 | INFO     | N/A | ⏳ 等待 Profile 更新任务...
2026-07-10 10:58:52.232 | INFO     | N/A | ⏳ 等待 Profile 更新任务...
2026-07-10 10:58:57.255 | INFO     | N/A | ⏳ 等待 Profile 更新任务...
2026-07-10 10:59:02.280 | INFO     | N/A | ⏳ 等待 Profile 更新任务...
2026-07-10 10:59:07.305 | INFO     | N/A | ⏳ 等待 Profile 更新任务...
2026-07-10 10:59:12.331 | INFO     | N/A | ⏳ 等待 Profile 更新任务...
2026-07-10 10:59:17.355 | INFO     | N/A | ⏳ 等待 Profile 更新任务...
2026-07-10 10:59:22.383 | INFO     | N/A | ⏳ 等待 Profile 更新任务...
2026-07-10 10:59:27.410 | INFO     | N/A | ⏳ 等待 Profile 更新任务...
2026-07-10 10:59:32.436 | INFO     | N/A | ⏳ 等待 Profile 更新任务...
2026-07-10 10:59:37.463 | INFO     | N/A | ⏳ 等待 Profile 更新任务...
2026-07-10 10:59:42.487 | INFO     | N/A | ⏳ 等待 Profile 更新任务...
2026-07-10 10:59:47.513 | INFO     | N/A | ⏳ 等待 Profile 更新任务...
2026-07-10 10:59:52.542 | INFO     | N/A | ⏳ 等待 Profile 更新任务...
2026-07-10 10:59:57.567 | INFO     | N/A | ⏳ 等待 Profile 更新任务...
2026-07-10 11:00:02.591 | INFO     | N/A | ⏳ 等待 Profile 更新任务...
2026-07-10 11:00:07.613 | INFO     | N/A | ⏳ 等待 Profile 更新任务...
2026-07-10 11:00:12.635 | INFO     | N/A | ⏳ 等待 Profile 更新任务...
2026-07-10 11:00:17.662 | INFO     | N/A | ⏳ 等待 Profile 更新任务...
2026-07-10 11:00:22.688 | INFO     | N/A | ⏳ 等待 Profile 更新任务...
2026-07-10 11:00:27.712 | INFO     | N/A | ⏳ 等待 Profile 更新任务...
2026-07-10 11:00:32.738 | INFO     | N/A | ⏳ 等待 Profile 更新任务...
2026-07-10 11:00:37.762 | INFO     | N/A | ⏳ 等待 Profile 更新任务...
2026-07-10 11:00:42.786 | INFO     | N/A | ⏳ 等待 Profile 更新任务...
2026-07-10 11:00:47.810 | INFO     | N/A | ⏳ 等待 Profile 更新任务...
2026-07-10 11:00:52.837 | INFO     | N/A | ⏳ 等待 Profile 更新任务...
2026-07-10 11:00:57.862 | INFO     | N/A | ⏳ 等待 Profile 更新任务...
2026-07-10 11:01:02.891 | INFO     | N/A | ⏳ 等待 Profile 更新任务...
2026-07-10 11:01:07.913 | INFO     | N/A | ⏳ 等待 Profile 更新任务...
2026-07-10 11:01:12.941 | INFO     | N/A | ⏳ 等待 Profile 更新任务...
2026-07-10 11:01:17.966 | INFO     | N/A | ⏳ 等待 Profile 更新任务...
2026-07-10 11:01:22.993 | INFO     | N/A | ⏳ 等待 Profile 更新任务...
2026-07-10 11:01:28.042 | INFO     | N/A | ⏳ 等待 Profile 更新任务...
2026-07-10 11:01:33.063 | INFO     | N/A | ⏳ 等待 Profile 更新任务...
2026-07-10 11:01:38.088 | INFO     | N/A | ⏳ 等待 Profile 更新任务...
2026-07-10 11:01:43.111 | INFO     | N/A | ⏳ 等待 Profile 更新任务...
2026-07-10 11:01:48.135 | INFO     | N/A | ⏳ 等待 Profile 更新任务...
2026-07-10 11:01:53.161 | INFO     | N/A | ⏳ 等待 Profile 更新任务...
2026-07-10 11:01:58.184 | INFO     | N/A | ⏳ 等待 Profile 更新任务...
2026-07-10 11:02:03.211 | INFO     | N/A | ⏳ 等待 Profile 更新任务...
2026-07-10 11:02:08.236 | INFO     | N/A | ⏳ 等待 Profile 更新任务...
2026-07-10 11:02:13.259 | INFO     | N/A | ⏳ 等待 Profile 更新任务...
2026-07-10 11:02:18.284 | INFO     | N/A | ⏳ 等待 Profile 更新任务...
2026-07-10 11:02:23.309 | INFO     | N/A | ⏳ 等待 Profile 更新任务...
2026-07-10 11:02:28.333 | INFO     | N/A | ⏳ 等待 Profile 更新任务...
2026-07-10 11:02:33.360 | INFO     | N/A | ⏳ 等待 Profile 更新任务...
2026-07-10 11:02:38.384 | INFO     | N/A | ⏳ 等待 Profile 更新任务...
2026-07-10 11:02:43.409 | INFO     | N/A | ⏳ 等待 Profile 更新任务...
2026-07-10 11:02:48.435 | INFO     | N/A | ⏳ 等待 Profile 更新任务...
2026-07-10 11:02:53.463 | INFO     | N/A | ⏳ 等待 Profile 更新任务...
2026-07-10 11:02:58.485 | INFO     | N/A | ⏳ 等待 Profile 更新任务...
2026-07-10 11:03:03.509 | INFO     | N/A | ⏳ 等待 Profile 更新任务...
2026-07-10 11:03:08.535 | INFO     | N/A | ⏳ 等待 Profile 更新任务...
2026-07-10 11:03:13.563 | INFO     | N/A | ⏳ 等待 Profile 更新任务...
2026-07-10 11:03:18.587 | INFO     | N/A | ⏳ 等待 Profile 更新任务...
2026-07-10 11:03:23.612 | INFO     | N/A | ⏳ 等待 Profile 更新任务...
2026-07-10 11:03:28.636 | INFO     | N/A | ⏳ 等待 Profile 更新任务...
2026-07-10 11:03:33.660 | INFO     | N/A | ⏳ 等待 Profile 更新任务...
2026-07-10 11:03:38.686 | INFO     | N/A | ⏳ 等待 Profile 更新任务...
2026-07-10 11:03:43.711 | INFO     | N/A | ⏳ 等待 Profile 更新任务...
2026-07-10 11:03:48.735 | INFO     | N/A | ⏳ 等待 Profile 更新任务...
2026-07-10 11:03:53.760 | INFO     | N/A | ⏳ 等待 Profile 更新任务...
2026-07-10 11:03:58.784 | INFO     | N/A | ⏳ 等待 Profile 更新任务...
2026-07-10 11:04:03.806 | INFO     | N/A | ⏳ 等待 Profile 更新任务...
2026-07-10 11:04:08.833 | INFO     | N/A | ⏳ 等待 Profile 更新任务...
2026-07-10 11:04:13.856 | INFO     | N/A | ⏳ 等待 Profile 更新任务...
2026-07-10 11:04:18.879 | INFO     | N/A | ⏳ 等待 Profile 更新任务...
2026-07-10 11:04:23.904 | INFO     | N/A | ⏳ 等待 Profile 更新任务...
2026-07-10 11:04:28.927 | INFO     | N/A | ⏳ 等待 Profile 更新任务...
2026-07-10 11:04:33.951 | INFO     | N/A | ⏳ 等待 Profile 更新任务...
2026-07-10 11:04:38.976 | INFO     | N/A | ⏳ 等待 Profile 更新任务...
2026-07-10 11:04:44.000 | INFO     | N/A | ⏳ 等待 Profile 更新任务...
2026-07-10 11:04:49.026 | INFO     | N/A | ⏳ 等待 Profile 更新任务...
2026-07-10 11:04:54.053 | INFO     | N/A | ⏳ 等待 Profile 更新任务...
2026-07-10 11:04:59.076 | INFO     | N/A | ⏳ 等待 Profile 更新任务...
2026-07-10 11:05:04.099 | INFO     | N/A | ⏳ 等待 Profile 更新任务...
2026-07-10 11:05:09.124 | INFO     | N/A | ⏳ 等待 Profile 更新任务...
2026-07-10 11:05:14.146 | INFO     | N/A | ⏳ 等待 Profile 更新任务...
2026-07-10 11:05:19.170 | INFO     | N/A | ⏳ 等待 Profile 更新任务...
2026-07-10 11:05:24.194 | INFO     | N/A | ⏳ 等待 Profile 更新任务...
2026-07-10 11:05:29.219 | INFO     | N/A | ⏳ 等待 Profile 更新任务...
2026-07-10 11:05:34.241 | INFO     | N/A | ⏳ 等待 Profile 更新任务...
2026-07-10 11:05:39.264 | INFO     | N/A | ⏳ 等待 Profile 更新任务...
2026-07-10 11:05:44.289 | INFO     | N/A | ⏳ 等待 Profile 更新任务...
2026-07-10 11:05:49.314 | INFO     | N/A | ⏳ 等待 Profile 更新任务...
2026-07-10 11:05:54.338 | INFO     | N/A | ⏳ 等待 Profile 更新任务...
2026-07-10 11:05:59.364 | INFO     | N/A | ⏳ 等待 Profile 更新任务...
2026-07-10 11:06:04.389 | INFO     | N/A | ⏳ 等待 Profile 更新任务...
2026-07-10 11:06:09.416 | INFO     | N/A | ⏳ 等待 Profile 更新任务...
2026-07-10 11:06:14.440 | INFO     | N/A | ⏳ 等待 Profile 更新任务...
2026-07-10 11:06:19.464 | INFO     | N/A | ⏳ 等待 Profile 更新任务...
2026-07-10 11:06:24.489 | INFO     | N/A | ⏳ 等待 Profile 更新任务...
2026-07-10 11:06:29.513 | INFO     | N/A | ⏳ 等待 Profile 更新任务...
2026-07-10 11:06:34.539 | INFO     | N/A | ⏳ 等待 Profile 更新任务...
2026-07-10 11:06:39.563 | INFO     | N/A | ⏳ 等待 Profile 更新任务...
2026-07-10 11:06:44.587 | INFO     | N/A | ⏳ 等待 Profile 更新任务...
2026-07-10 11:06:49.613 | INFO     | N/A | ⏳ 等待 Profile 更新任务...
2026-07-10 11:06:54.646 | INFO     | N/A | ⏳ 等待 Profile 更新任务...
2026-07-10 11:06:59.670 | INFO     | N/A | ⏳ 等待 Profile 更新任务...
2026-07-10 11:07:04.695 | INFO     | N/A | ⏳ 等待 Profile 更新任务...
2026-07-10 11:07:09.718 | INFO     | N/A | ⏳ 等待 Profile 更新任务...
2026-07-10 11:07:14.744 | INFO     | N/A | ⏳ 等待 Profile 更新任务...
2026-07-10 11:07:19.769 | INFO     | N/A | ⏳ 等待 Profile 更新任务...
2026-07-10 11:07:24.795 | INFO     | N/A | ⏳ 等待 Profile 更新任务...
2026-07-10 11:07:29.821 | INFO     | N/A | ⏳ 等待 Profile 更新任务...
2026-07-10 11:07:34.845 | INFO     | N/A | ⏳ 等待 Profile 更新任务...
2026-07-10 11:07:39.870 | INFO     | N/A | ⏳ 等待 Profile 更新任务...
2026-07-10 11:07:44.895 | INFO     | N/A | ⏳ 等待 Profile 更新任务...
2026-07-10 11:07:49.923 | INFO     | N/A | ⏳ 等待 Profile 更新任务...
2026-07-10 11:07:54.943 | INFO     | N/A | ⏳ 等待 Profile 更新任务...
2026-07-10 11:07:59.967 | INFO     | N/A | ⏳ 等待 Profile 更新任务...
2026-07-10 11:08:04.992 | INFO     | N/A | ⏳ 等待 Profile 更新任务...
2026-07-10 11:08:10.020 | INFO     | N/A | ⏳ 等待 Profile 更新任务...
2026-07-10 11:08:15.041 | INFO     | N/A | ⏳ 等待 Profile 更新任务...
2026-07-10 11:08:20.067 | INFO     | N/A | ⏳ 等待 Profile 更新任务...
2026-07-10 11:08:25.093 | INFO     | N/A | ⏳ 等待 Profile 更新任务...
2026-07-10 11:08:30.117 | INFO     | N/A | ⏳ 等待 Profile 更新任务...
2026-07-10 11:08:35.141 | INFO     | N/A | ⏳ 等待 Profile 更新任务...
2026-07-10 11:08:40.165 | INFO     | N/A | ⏳ 等待 Profile 更新任务...
2026-07-10 11:08:45.188 | INFO     | N/A | ⏳ 等待 Profile 更新任务...
2026-07-10 11:08:50.213 | INFO     | N/A | ⏳ 等待 Profile 更新任务...
2026-07-10 11:08:55.247 | INFO     | N/A | ⏳ 等待 Profile 更新任务...
2026-07-10 11:09:00.270 | INFO     | N/A | ⏳ 等待 Profile 更新任务...
2026-07-10 11:09:05.295 | INFO     | N/A | ⏳ 等待 Profile 更新任务...
2026-07-10 11:09:10.318 | INFO     | N/A | ⏳ 等待 Profile 更新任务...
2026-07-10 11:09:15.342 | INFO     | N/A | ⏳ 等待 Profile 更新任务...
2026-07-10 11:09:20.374 | INFO     | N/A | ⏳ 等待 Profile 更新任务...
2026-07-10 11:09:25.390 | INFO     | N/A | ⏳ 等待 Profile 更新任务...
2026-07-10 11:09:30.415 | INFO     | N/A | ⏳ 等待 Profile 更新任务...
2026-07-10 11:09:35.440 | INFO     | N/A | ⏳ 等待 Profile 更新任务...
2026-07-10 11:09:40.463 | INFO     | N/A | ⏳ 等待 Profile 更新任务...
2026-07-10 11:09:45.487 | INFO     | N/A | ⏳ 等待 Profile 更新任务...
2026-07-10 11:09:50.514 | INFO     | N/A | ⏳ 等待 Profile 更新任务...
2026-07-10 11:09:55.543 | INFO     | N/A | ⏳ 等待 Profile 更新任务...
2026-07-10 11:10:00.566 | INFO     | N/A | ⏳ 等待 Profile 更新任务...
2026-07-10 11:10:05.591 | INFO     | N/A | ⏳ 等待 Profile 更新任务...
2026-07-10 11:10:10.615 | INFO     | N/A | ⏳ 等待 Profile 更新任务...
2026-07-10 11:10:15.641 | INFO     | N/A | ⏳ 等待 Profile 更新任务...
2026-07-10 11:10:20.672 | INFO     | N/A | ⏳ 等待 Profile 更新任务...
2026-07-10 11:10:25.692 | INFO     | N/A | ⏳ 等待 Profile 更新任务...
2026-07-10 11:10:30.718 | INFO     | N/A | ⏳ 等待 Profile 更新任务...
2026-07-10 11:10:35.740 | INFO     | N/A | ⏳ 等待 Profile 更新任务...
2026-07-10 11:10:40.764 | INFO     | N/A | ⏳ 等待 Profile 更新任务...
2026-07-10 11:10:45.789 | INFO     | N/A | ⏳ 等待 Profile 更新任务...
2026-07-10 11:10:50.818 | INFO     | N/A | ⏳ 等待 Profile 更新任务...
2026-07-10 11:10:55.841 | INFO     | N/A | ⏳ 等待 Profile 更新任务...
2026-07-10 11:11:00.865 | INFO     | N/A | ⏳ 等待 Profile 更新任务...
2026-07-10 11:11:05.889 | INFO     | N/A | ⏳ 等待 Profile 更新任务...
2026-07-10 11:11:10.915 | INFO     | N/A | ⏳ 等待 Profile 更新任务...
2026-07-10 11:11:15.941 | INFO     | N/A | ⏳ 等待 Profile 更新任务...
2026-07-10 11:11:20.965 | INFO     | N/A | ⏳ 等待 Profile 更新任务...
2026-07-10 11:11:25.992 | INFO     | N/A | ⏳ 等待 Profile 更新任务...
2026-07-10 11:11:31.015 | INFO     | N/A | ⏳ 等待 Profile 更新任务...
2026-07-10 11:11:36.039 | INFO     | N/A | ⏳ 等待 Profile 更新任务...
2026-07-10 11:11:41.064 | INFO     | N/A | ⏳ 等待 Profile 更新任务...
2026-07-10 11:11:46.088 | INFO     | N/A | ⏳ 等待 Profile 更新任务...
2026-07-10 11:11:51.112 | INFO     | N/A | ⏳ 等待 Profile 更新任务...
2026-07-10 11:11:56.139 | INFO     | N/A | ⏳ 等待 Profile 更新任务...
2026-07-10 11:12:01.163 | INFO     | N/A | ⏳ 等待 Profile 更新任务...
2026-07-10 11:12:06.190 | INFO     | N/A | ⏳ 等待 Profile 更新任务...
2026-07-10 11:12:11.216 | INFO     | N/A | ⏳ 等待 Profile 更新任务...
2026-07-10 11:12:16.241 | INFO     | N/A | ⏳ 等待 Profile 更新任务...
2026-07-10 11:12:21.264 | INFO     | N/A | ⏳ 等待 Profile 更新任务...
2026-07-10 11:12:26.288 | INFO     | N/A | ⏳ 等待 Profile 更新任务...
2026-07-10 11:12:31.314 | INFO     | N/A | ⏳ 等待 Profile 更新任务...
2026-07-10 11:12:36.336 | INFO     | N/A | ⏳ 等待 Profile 更新任务...
2026-07-10 11:12:41.360 | INFO     | N/A | ⏳ 等待 Profile 更新任务...
2026-07-10 11:12:46.382 | INFO     | N/A | ⏳ 等待 Profile 更新任务...
2026-07-10 11:12:51.407 | INFO     | N/A | ⏳ 等待 Profile 更新任务...
2026-07-10 11:12:56.430 | INFO     | N/A | ⏳ 等待 Profile 更新任务...
2026-07-10 11:13:01.456 | INFO     | N/A | ⏳ 等待 Profile 更新任务...
2026-07-10 11:13:06.477 | INFO     | N/A | ⏳ 等待 Profile 更新任务...
2026-07-10 11:13:11.503 | INFO     | N/A | ⏳ 等待 Profile 更新任务...
2026-07-10 11:13:16.526 | INFO     | N/A | ⏳ 等待 Profile 更新任务...
2026-07-10 11:13:21.548 | INFO     | N/A | ⏳ 等待 Profile 更新任务...
2026-07-10 11:13:26.567 | INFO     | N/A | ⏳ 等待 Profile 更新任务...
2026-07-10 11:13:31.590 | INFO     | N/A | ⏳ 等待 Profile 更新任务...
2026-07-10 11:13:36.614 | INFO     | N/A | ⏳ 等待 Profile 更新任务...
2026-07-10 11:13:41.636 | INFO     | N/A | ⏳ 等待 Profile 更新任务...
2026-07-10 11:13:46.665 | INFO     | N/A | ⏳ 等待 Profile 更新任务...
2026-07-10 11:13:51.689 | INFO     | N/A | ⏳ 等待 Profile 更新任务...
2026-07-10 11:13:56.712 | INFO     | N/A | ⏳ 等待 Profile 更新任务...
2026-07-10 11:14:01.735 | INFO     | N/A | ⏳ 等待 Profile 更新任务...
2026-07-10 11:14:06.758 | INFO     | N/A | ⏳ 等待 Profile 更新任务...
2026-07-10 11:14:11.782 | INFO     | N/A | ⏳ 等待 Profile 更新任务...
2026-07-10 11:14:16.806 | INFO     | N/A | ⏳ 等待 Profile 更新任务...
2026-07-10 11:14:21.830 | INFO     | N/A | ⏳ 等待 Profile 更新任务...
2026-07-10 11:14:26.853 | INFO     | N/A | ⏳ 等待 Profile 更新任务...
2026-07-10 11:14:31.877 | INFO     | N/A | ⏳ 等待 Profile 更新任务...
2026-07-10 11:14:36.901 | INFO     | N/A | ⏳ 等待 Profile 更新任务...
2026-07-10 11:14:41.927 | INFO     | N/A | ⏳ 等待 Profile 更新任务...
2026-07-10 11:14:46.948 | INFO     | N/A | ⏳ 等待 Profile 更新任务...
2026-07-10 11:14:51.973 | INFO     | N/A | ⏳ 等待 Profile 更新任务...
2026-07-10 11:14:56.997 | INFO     | N/A | ⏳ 等待 Profile 更新任务...
2026-07-10 11:15:02.022 | INFO     | N/A | ⏳ 等待 Profile 更新任务...
2026-07-10 11:15:07.046 | INFO     | N/A | ⏳ 等待 Profile 更新任务...
2026-07-10 11:15:12.069 | INFO     | N/A | ⏳ 等待 Profile 更新任务...
2026-07-10 11:15:17.094 | INFO     | N/A | ⏳ 等待 Profile 更新任务...
2026-07-10 11:15:22.119 | INFO     | N/A | ⏳ 等待 Profile 更新任务...
2026-07-10 11:15:27.141 | INFO     | N/A | ⏳ 等待 Profile 更新任务...
2026-07-10 11:15:32.164 | INFO     | N/A | ⏳ 等待 Profile 更新任务...
2026-07-10 11:15:37.184 | INFO     | N/A | ⏳ 等待 Profile 更新任务...
2026-07-10 11:15:42.207 | INFO     | N/A | ⏳ 等待 Profile 更新任务...
2026-07-10 11:15:47.229 | INFO     | N/A | ⏳ 等待 Profile 更新任务...
2026-07-10 11:15:52.254 | INFO     | N/A | ⏳ 等待 Profile 更新任务...
2026-07-10 11:15:57.278 | INFO     | N/A | ⏳ 等待 Profile 更新任务...
2026-07-10 11:16:02.306 | INFO     | N/A | ⏳ 等待 Profile 更新任务...
2026-07-10 11:16:07.330 | INFO     | N/A | ⏳ 等待 Profile 更新任务...
2026-07-10 11:16:12.354 | INFO     | N/A | ⏳ 等待 Profile 更新任务...
2026-07-10 11:16:17.377 | INFO     | N/A | ⏳ 等待 Profile 更新任务...
2026-07-10 11:16:22.400 | INFO     | N/A | ⏳ 等待 Profile 更新任务...
2026-07-10 11:16:27.425 | INFO     | N/A | ⏳ 等待 Profile 更新任务...
2026-07-10 11:16:32.448 | INFO     | N/A | ⏳ 等待 Profile 更新任务...
2026-07-10 11:16:37.471 | INFO     | N/A | ⏳ 等待 Profile 更新任务...
2026-07-10 11:16:42.495 | INFO     | N/A | ⏳ 等待 Profile 更新任务...
2026-07-10 11:16:47.520 | INFO     | N/A | ⏳ 等待 Profile 更新任务...
2026-07-10 11:16:52.546 | INFO     | N/A | ⏳ 等待 Profile 更新任务...
2026-07-10 11:16:57.580 | INFO     | N/A | ⏳ 等待 Profile 更新任务...
2026-07-10 11:17:02.608 | INFO     | N/A | ⏳ 等待 Profile 更新任务...
2026-07-10 11:17:07.631 | INFO     | N/A | ⏳ 等待 Profile 更新任务...
2026-07-10 11:17:12.654 | INFO     | N/A | ⏳ 等待 Profile 更新任务...
2026-07-10 11:17:17.676 | INFO     | N/A | ⏳ 等待 Profile 更新任务...
2026-07-10 11:17:22.701 | INFO     | N/A | ⏳ 等待 Profile 更新任务...
2026-07-10 11:17:27.725 | INFO     | N/A | ⏳ 等待 Profile 更新任务...
2026-07-10 11:17:32.749 | INFO     | N/A | ⏳ 等待 Profile 更新任务...
2026-07-10 11:17:37.771 | INFO     | N/A | ⏳ 等待 Profile 更新任务...
2026-07-10 11:17:42.796 | INFO     | N/A | ⏳ 等待 Profile 更新任务...
2026-07-10 11:17:47.819 | INFO     | N/A | ⏳ 等待 Profile 更新任务...
2026-07-10 11:17:52.839 | INFO     | N/A | ⏳ 等待 Profile 更新任务...
2026-07-10 11:17:57.863 | INFO     | N/A | ⏳ 等待 Profile 更新任务...
2026-07-10 11:18:02.889 | INFO     | N/A | ⏳ 等待 Profile 更新任务...
2026-07-10 11:18:07.913 | INFO     | N/A | ⏳ 等待 Profile 更新任务...
2026-07-10 11:18:12.938 | INFO     | N/A | ⏳ 等待 Profile 更新任务...
2026-07-10 11:18:17.962 | INFO     | N/A | ⏳ 等待 Profile 更新任务...
2026-07-10 11:18:22.986 | INFO     | N/A | ⏳ 等待 Profile 更新任务...
2026-07-10 11:18:28.010 | INFO     | N/A | ⏳ 等待 Profile 更新任务...
2026-07-10 11:18:33.032 | INFO     | N/A | ⏳ 等待 Profile 更新任务...
2026-07-10 11:18:38.058 | INFO     | N/A | ⏳ 等待 Profile 更新任务...
2026-07-10 11:18:43.083 | INFO     | N/A | ⏳ 等待 Profile 更新任务...
2026-07-10 11:18:48.105 | INFO     | N/A | ⏳ 等待 Profile 更新任务...
2026-07-10 11:18:53.130 | INFO     | N/A | ⏳ 等待 Profile 更新任务...
2026-07-10 11:18:58.155 | INFO     | N/A | ⏳ 等待 Profile 更新任务...
2026-07-10 11:19:03.179 | INFO     | N/A | ⏳ 等待 Profile 更新任务...
2026-07-10 11:19:08.202 | INFO     | N/A | ⏳ 等待 Profile 更新任务...
2026-07-10 11:19:13.227 | INFO     | N/A | ⏳ 等待 Profile 更新任务...
2026-07-10 11:19:18.252 | INFO     | N/A | ⏳ 等待 Profile 更新任务...
2026-07-10 11:19:23.281 | INFO     | N/A | ⏳ 等待 Profile 更新任务...
2026-07-10 11:19:28.303 | INFO     | N/A | ⏳ 等待 Profile 更新任务...
2026-07-10 11:19:33.327 | INFO     | N/A | ⏳ 等待 Profile 更新任务...
2026-07-10 11:19:38.350 | INFO     | N/A | ⏳ 等待 Profile 更新任务...
2026-07-10 11:19:43.376 | INFO     | N/A | ⏳ 等待 Profile 更新任务...
2026-07-10 11:19:48.401 | INFO     | N/A | ⏳ 等待 Profile 更新任务...
2026-07-10 11:19:53.431 | INFO     | N/A | ⏳ 等待 Profile 更新任务...
2026-07-10 11:19:58.454 | INFO     | N/A | ⏳ 等待 Profile 更新任务...
2026-07-10 11:20:03.481 | INFO     | N/A | ⏳ 等待 Profile 更新任务...
2026-07-10 11:20:08.505 | INFO     | N/A | ⏳ 等待 Profile 更新任务...
2026-07-10 11:20:13.530 | INFO     | N/A | ⏳ 等待 Profile 更新任务...
2026-07-10 11:20:18.554 | INFO     | N/A | ⏳ 等待 Profile 更新任务...
2026-07-10 11:20:23.578 | INFO     | N/A | ⏳ 等待 Profile 更新任务...
2026-07-10 11:20:28.602 | INFO     | N/A | ⏳ 等待 Profile 更新任务...
2026-07-10 11:20:33.624 | INFO     | N/A | ⏳ 等待 Profile 更新任务...
2026-07-10 11:20:38.648 | INFO     | N/A | ⏳ 等待 Profile 更新任务...
2026-07-10 11:20:43.673 | INFO     | N/A | ⏳ 等待 Profile 更新任务...
2026-07-10 11:20:48.697 | INFO     | N/A | ⏳ 等待 Profile 更新任务...
2026-07-10 11:20:53.721 | INFO     | N/A | ⏳ 等待 Profile 更新任务...
2026-07-10 11:20:58.744 | INFO     | N/A | ⏳ 等待 Profile 更新任务...
2026-07-10 11:21:03.767 | INFO     | N/A | ⏳ 等待 Profile 更新任务...
2026-07-10 11:21:08.790 | INFO     | N/A | ⏳ 等待 Profile 更新任务...
2026-07-10 11:21:13.815 | INFO     | N/A | ⏳ 等待 Profile 更新任务...
2026-07-10 11:21:18.840 | INFO     | N/A | ⏳ 等待 Profile 更新任务...
2026-07-10 11:21:23.866 | INFO     | N/A | ⏳ 等待 Profile 更新任务...
2026-07-10 11:21:28.891 | INFO     | N/A | ⏳ 等待 Profile 更新任务...
2026-07-10 11:21:33.913 | INFO     | N/A | ⏳ 等待 Profile 更新任务...
2026-07-10 11:21:38.936 | INFO     | N/A | ⏳ 等待 Profile 更新任务...
2026-07-10 11:21:43.959 | INFO     | N/A | ⏳ 等待 Profile 更新任务...
2026-07-10 11:21:48.985 | INFO     | N/A | ⏳ 等待 Profile 更新任务...
2026-07-10 11:21:54.009 | INFO     | N/A | ⏳ 等待 Profile 更新任务...
2026-07-10 11:21:59.032 | INFO     | N/A | ⏳ 等待 Profile 更新任务...
2026-07-10 11:22:04.085 | INFO     | N/A | ⏳ 等待 Profile 更新任务...
2026-07-10 11:22:09.111 | INFO     | N/A | ⏳ 等待 Profile 更新任务...
2026-07-10 11:22:14.136 | INFO     | N/A | ⏳ 等待 Profile 更新任务...
2026-07-10 11:22:19.160 | INFO     | N/A | ⏳ 等待 Profile 更新任务...
2026-07-10 11:22:24.190 | INFO     | N/A | ⏳ 等待 Profile 更新任务...
2026-07-10 11:22:29.213 | INFO     | N/A | ⏳ 等待 Profile 更新任务...
2026-07-10 11:22:34.238 | INFO     | N/A | ⏳ 等待 Profile 更新任务...
2026-07-10 11:22:39.263 | INFO     | N/A | ⏳ 等待 Profile 更新任务...
2026-07-10 11:22:44.285 | INFO     | N/A | ⏳ 等待 Profile 更新任务...
2026-07-10 11:22:49.308 | INFO     | N/A | ⏳ 等待 Profile 更新任务...
2026-07-10 11:22:54.337 | INFO     | N/A | ⏳ 等待 Profile 更新任务...
2026-07-10 11:22:59.362 | INFO     | N/A | ⏳ 等待 Profile 更新任务...
2026-07-10 11:23:04.386 | INFO     | N/A | ⏳ 等待 Profile 更新任务...
2026-07-10 11:23:09.409 | INFO     | N/A | ⏳ 等待 Profile 更新任务...
2026-07-10 11:23:14.433 | INFO     | N/A | ⏳ 等待 Profile 更新任务...
2026-07-10 11:23:19.456 | INFO     | N/A | ⏳ 等待 Profile 更新任务...
2026-07-10 11:23:24.479 | INFO     | N/A | ⏳ 等待 Profile 更新任务...
2026-07-10 11:23:29.501 | INFO     | N/A | ⏳ 等待 Profile 更新任务...
2026-07-10 11:23:34.524 | INFO     | N/A | ⏳ 等待 Profile 更新任务...
2026-07-10 11:23:39.549 | INFO     | N/A | ⏳ 等待 Profile 更新任务...
2026-07-10 11:23:44.572 | INFO     | N/A | ⏳ 等待 Profile 更新任务...
2026-07-10 11:23:49.597 | INFO     | N/A | ⏳ 等待 Profile 更新任务...
2026-07-10 11:23:54.621 | INFO     | N/A | ⏳ 等待 Profile 更新任务...
2026-07-10 11:23:59.644 | INFO     | N/A | ⏳ 等待 Profile 更新任务...
2026-07-10 11:24:04.669 | INFO     | N/A | ⏳ 等待 Profile 更新任务...
2026-07-10 11:24:09.691 | INFO     | N/A | ⏳ 等待 Profile 更新任务...
2026-07-10 11:24:14.714 | INFO     | N/A | ⏳ 等待 Profile 更新任务...
2026-07-10 11:24:19.737 | INFO     | N/A | ⏳ 等待 Profile 更新任务...
2026-07-10 11:24:24.762 | INFO     | N/A | ⏳ 等待 Profile 更新任务...
2026-07-10 11:24:29.789 | INFO     | N/A | ⏳ 等待 Profile 更新任务...
2026-07-10 11:24:34.815 | INFO     | N/A | ⏳ 等待 Profile 更新任务...
2026-07-10 11:24:39.840 | INFO     | N/A | ⏳ 等待 Profile 更新任务...
2026-07-10 11:24:44.864 | INFO     | N/A | ⏳ 等待 Profile 更新任务...
2026-07-10 11:24:49.889 | INFO     | N/A | ⏳ 等待 Profile 更新任务...
2026-07-10 11:24:54.913 | INFO     | N/A | ⏳ 等待 Profile 更新任务...
2026-07-10 11:24:59.937 | INFO     | N/A | ⏳ 等待 Profile 更新任务...
2026-07-10 11:25:04.961 | INFO     | N/A | ⏳ 等待 Profile 更新任务...
2026-07-10 11:25:09.992 | INFO     | N/A | ⏳ 等待 Profile 更新任务...
2026-07-10 11:25:15.017 | INFO     | N/A | ⏳ 等待 Profile 更新任务...
2026-07-10 11:25:20.044 | INFO     | N/A | ⏳ 等待 Profile 更新任务...
2026-07-10 11:25:25.069 | INFO     | N/A | ⏳ 等待 Profile 更新任务...
2026-07-10 11:25:30.094 | INFO     | N/A | ⏳ 等待 Profile 更新任务...
2026-07-10 11:25:35.118 | INFO     | N/A | ⏳ 等待 Profile 更新任务...
2026-07-10 11:25:40.142 | INFO     | N/A | ⏳ 等待 Profile 更新任务...
2026-07-10 11:25:45.169 | INFO     | N/A | ⏳ 等待 Profile 更新任务...
2026-07-10 11:25:50.194 | INFO     | N/A | ⏳ 等待 Profile 更新任务...
2026-07-10 11:25:55.220 | INFO     | N/A | ⏳ 等待 Profile 更新任务...
2026-07-10 11:26:00.248 | INFO     | N/A | ⏳ 等待 Profile 更新任务...
2026-07-10 11:26:05.273 | INFO     | N/A | ⏳ 等待 Profile 更新任务...
2026-07-10 11:26:10.299 | INFO     | N/A | ⏳ 等待 Profile 更新任务...
2026-07-10 11:26:15.323 | INFO     | N/A | ⏳ 等待 Profile 更新任务...
2026-07-10 11:26:20.349 | INFO     | N/A | ⏳ 等待 Profile 更新任务...
2026-07-10 11:26:25.373 | INFO     | N/A | ⏳ 等待 Profile 更新任务...
2026-07-10 11:26:30.396 | INFO     | N/A | ⏳ 等待 Profile 更新任务...
2026-07-10 11:26:35.421 | INFO     | N/A | ⏳ 等待 Profile 更新任务...
2026-07-10 11:26:40.445 | INFO     | N/A | ⏳ 等待 Profile 更新任务...
2026-07-10 11:26:45.471 | INFO     | N/A | ⏳ 等待 Profile 更新任务...
2026-07-10 11:26:50.494 | INFO     | N/A | ⏳ 等待 Profile 更新任务...
2026-07-10 11:26:55.518 | INFO     | N/A | ⏳ 等待 Profile 更新任务...
2026-07-10 11:27:00.544 | INFO     | N/A | ⏳ 等待 Profile 更新任务...
2026-07-10 11:27:05.568 | INFO     | N/A | ⏳ 等待 Profile 更新任务...
2026-07-10 11:27:10.595 | INFO     | N/A | ⏳ 等待 Profile 更新任务...
2026-07-10 11:27:15.620 | INFO     | N/A | ⏳ 等待 Profile 更新任务...
2026-07-10 11:27:20.646 | INFO     | N/A | ⏳ 等待 Profile 更新任务...
2026-07-10 11:27:25.673 | INFO     | N/A | ⏳ 等待 Profile 更新任务...
2026-07-10 11:27:30.700 | INFO     | N/A | ⏳ 等待 Profile 更新任务...
2026-07-10 11:27:35.723 | INFO     | N/A | ⏳ 等待 Profile 更新任务...
2026-07-10 11:27:40.749 | INFO     | N/A | ⏳ 等待 Profile 更新任务...
2026-07-10 11:27:45.773 | INFO     | N/A | ⏳ 等待 Profile 更新任务...
2026-07-10 11:27:50.798 | INFO     | N/A | ⏳ 等待 Profile 更新任务...
2026-07-10 11:27:55.822 | INFO     | N/A | ⏳ 等待 Profile 更新任务...
2026-07-10 11:28:00.845 | INFO     | N/A | ⏳ 等待 Profile 更新任务...
2026-07-10 11:28:05.871 | INFO     | N/A | ⏳ 等待 Profile 更新任务...
2026-07-10 11:28:10.891 | INFO     | N/A | ⏳ 等待 Profile 更新任务...
2026-07-10 11:28:15.916 | INFO     | N/A | ⏳ 等待 Profile 更新任务...
2026-07-10 11:28:20.939 | INFO     | N/A | ⏳ 等待 Profile 更新任务...
2026-07-10 11:28:25.964 | INFO     | N/A | ⏳ 等待 Profile 更新任务...
2026-07-10 11:28:30.989 | INFO     | N/A | ⏳ 等待 Profile 更新任务...
2026-07-10 11:28:36.013 | INFO     | N/A | ⏳ 等待 Profile 更新任务...
2026-07-10 11:28:41.039 | INFO     | N/A | ⏳ 等待 Profile 更新任务...
2026-07-10 11:28:46.064 | INFO     | N/A | ⏳ 等待 Profile 更新任务...
2026-07-10 11:28:51.087 | INFO     | N/A | ⏳ 等待 Profile 更新任务...
2026-07-10 11:28:56.113 | INFO     | N/A | ⏳ 等待 Profile 更新任务...
2026-07-10 11:29:01.137 | INFO     | N/A | ⏳ 等待 Profile 更新任务...
2026-07-10 11:29:06.162 | INFO     | N/A | ⏳ 等待 Profile 更新任务...
2026-07-10 11:29:11.188 | INFO     | N/A | ⏳ 等待 Profile 更新任务...
2026-07-10 11:29:16.213 | INFO     | N/A | ⏳ 等待 Profile 更新任务...
2026-07-10 11:29:21.239 | INFO     | N/A | ⏳ 等待 Profile 更新任务...
2026-07-10 11:29:26.261 | INFO     | N/A | ⏳ 等待 Profile 更新任务...
2026-07-10 11:29:31.282 | INFO     | N/A | ⏳ 等待 Profile 更新任务...
2026-07-10 11:29:36.322 | INFO     | N/A | ⏳ 等待 Profile 更新任务...
2026-07-10 11:29:41.348 | INFO     | N/A | ⏳ 等待 Profile 更新任务...
2026-07-10 11:29:46.372 | INFO     | N/A | ⏳ 等待 Profile 更新任务...
2026-07-10 11:29:51.398 | INFO     | N/A | ⏳ 等待 Profile 更新任务...
2026-07-10 11:29:56.418 | INFO     | N/A | ⏳ 等待 Profile 更新任务...
2026-07-10 11:30:01.441 | INFO     | N/A | ⏳ 等待 Profile 更新任务...
2026-07-10 11:30:06.466 | INFO     | N/A | ⏳ 等待 Profile 更新任务...
2026-07-10 11:30:11.490 | INFO     | N/A | ⏳ 等待 Profile 更新任务...
2026-07-10 11:30:16.514 | INFO     | N/A | ⏳ 等待 Profile 更新任务...
2026-07-10 11:30:21.538 | INFO     | N/A | ⏳ 等待 Profile 更新任务...
2026-07-10 11:30:26.564 | INFO     | N/A | ⏳ 等待 Profile 更新任务...
2026-07-10 11:30:31.588 | INFO     | N/A | ⏳ 等待 Profile 更新任务...
2026-07-10 11:30:36.614 | INFO     | N/A | ⏳ 等待 Profile 更新任务...
2026-07-10 11:30:41.639 | INFO     | N/A | ⏳ 等待 Profile 更新任务...
2026-07-10 11:30:46.662 | INFO     | N/A | ⏳ 等待 Profile 更新任务...
2026-07-10 11:30:51.685 | INFO     | N/A | ⏳ 等待 Profile 更新任务...
2026-07-10 11:30:56.709 | INFO     | N/A | ⏳ 等待 Profile 更新任务...
2026-07-10 11:31:01.733 | INFO     | N/A | ⏳ 等待 Profile 更新任务...
2026-07-10 11:31:06.755 | INFO     | N/A | ⏳ 等待 Profile 更新任务...
2026-07-10 11:31:11.791 | INFO     | N/A | ⏳ 等待 Profile 更新任务...
2026-07-10 11:31:16.816 | INFO     | N/A | ⏳ 等待 Profile 更新任务...
2026-07-10 11:31:21.840 | INFO     | N/A | ⏳ 等待 Profile 更新任务...
2026-07-10 11:31:26.865 | INFO     | N/A | ⏳ 等待 Profile 更新任务...
2026-07-10 11:31:31.891 | INFO     | N/A | ⏳ 等待 Profile 更新任务...
2026-07-10 11:31:36.916 | INFO     | N/A | ⏳ 等待 Profile 更新任务...
2026-07-10 11:31:41.937 | INFO     | N/A | ⏳ 等待 Profile 更新任务...
2026-07-10 11:31:46.960 | INFO     | N/A | ⏳ 等待 Profile 更新任务...
2026-07-10 11:31:51.986 | INFO     | N/A | ⏳ 等待 Profile 更新任务...
2026-07-10 11:31:57.010 | INFO     | N/A | ⏳ 等待 Profile 更新任务...
2026-07-10 11:32:02.037 | INFO     | N/A | ⏳ 等待 Profile 更新任务...
2026-07-10 11:32:07.061 | INFO     | N/A | ⏳ 等待 Profile 更新任务...
2026-07-10 11:32:12.086 | INFO     | N/A | ⏳ 等待 Profile 更新任务...
2026-07-10 11:32:17.111 | INFO     | N/A | ⏳ 等待 Profile 更新任务...
2026-07-10 11:32:22.133 | INFO     | N/A | ⏳ 等待 Profile 更新任务...
2026-07-10 11:32:27.158 | INFO     | N/A | ⏳ 等待 Profile 更新任务...
2026-07-10 11:32:32.180 | INFO     | N/A | ⏳ 等待 Profile 更新任务...
2026-07-10 11:32:37.202 | INFO     | N/A | ⏳ 等待 Profile 更新任务...
2026-07-10 11:32:42.225 | INFO     | N/A | ⏳ 等待 Profile 更新任务...
2026-07-10 11:32:47.249 | INFO     | N/A | ⏳ 等待 Profile 更新任务...
2026-07-10 11:32:52.272 | INFO     | N/A | ⏳ 等待 Profile 更新任务...
2026-07-10 11:32:57.294 | INFO     | N/A | ⏳ 等待 Profile 更新任务...
2026-07-10 11:33:02.319 | INFO     | N/A | ⏳ 等待 Profile 更新任务...
2026-07-10 11:33:07.342 | INFO     | N/A | ⏳ 等待 Profile 更新任务...
2026-07-10 11:33:12.365 | INFO     | N/A | ⏳ 等待 Profile 更新任务...
2026-07-10 11:33:17.391 | INFO     | N/A | ⏳ 等待 Profile 更新任务...
2026-07-10 11:33:22.416 | INFO     | N/A | ⏳ 等待 Profile 更新任务...
2026-07-10 11:33:27.441 | INFO     | N/A | ⏳ 等待 Profile 更新任务...
2026-07-10 11:33:32.464 | INFO     | N/A | ⏳ 等待 Profile 更新任务...
2026-07-10 11:33:37.489 | INFO     | N/A | ⏳ 等待 Profile 更新任务...
2026-07-10 11:33:42.514 | INFO     | N/A | ⏳ 等待 Profile 更新任务...
2026-07-10 11:33:47.538 | INFO     | N/A | ⏳ 等待 Profile 更新任务...
2026-07-10 11:33:52.561 | INFO     | N/A | ⏳ 等待 Profile 更新任务...
2026-07-10 11:33:57.585 | INFO     | N/A | ⏳ 等待 Profile 更新任务...
2026-07-10 11:34:02.608 | INFO     | N/A | ⏳ 等待 Profile 更新任务...
2026-07-10 11:34:07.633 | INFO     | N/A | ⏳ 等待 Profile 更新任务...
2026-07-10 11:34:12.659 | INFO     | N/A | ⏳ 等待 Profile 更新任务...
2026-07-10 11:34:17.684 | INFO     | N/A | ⏳ 等待 Profile 更新任务...
2026-07-10 11:34:22.711 | INFO     | N/A | ⏳ 等待 Profile 更新任务...
2026-07-10 11:34:27.735 | INFO     | N/A | ⏳ 等待 Profile 更新任务...
2026-07-10 11:34:32.761 | INFO     | N/A | ⏳ 等待 Profile 更新任务...
2026-07-10 11:34:37.789 | INFO     | N/A | ⏳ 等待 Profile 更新任务...
2026-07-10 11:34:42.813 | INFO     | N/A | ⏳ 等待 Profile 更新任务...
2026-07-10 11:34:47.836 | INFO     | N/A | ⏳ 等待 Profile 更新任务...
2026-07-10 11:34:52.861 | INFO     | N/A | ⏳ 等待 Profile 更新任务...
2026-07-10 11:34:57.886 | INFO     | N/A | ⏳ 等待 Profile 更新任务...
2026-07-10 11:35:02.910 | INFO     | N/A | ⏳ 等待 Profile 更新任务...
2026-07-10 11:35:07.936 | INFO     | N/A | ⏳ 等待 Profile 更新任务...
2026-07-10 11:35:12.963 | INFO     | N/A | ⏳ 等待 Profile 更新任务...
2026-07-10 11:35:17.991 | INFO     | N/A | ⏳ 等待 Profile 更新任务...
2026-07-10 11:35:23.016 | INFO     | N/A | ⏳ 等待 Profile 更新任务...
2026-07-10 11:35:28.042 | INFO     | N/A | ⏳ 等待 Profile 更新任务...
2026-07-10 11:35:33.068 | INFO     | N/A | ⏳ 等待 Profile 更新任务...
2026-07-10 11:35:38.092 | INFO     | N/A | ⏳ 等待 Profile 更新任务...
2026-07-10 11:35:43.117 | INFO     | N/A | ⏳ 等待 Profile 更新任务...
2026-07-10 11:35:48.142 | INFO     | N/A | ⏳ 等待 Profile 更新任务...
2026-07-10 11:35:53.165 | INFO     | N/A | ⏳ 等待 Profile 更新任务...
2026-07-10 11:35:58.188 | INFO     | N/A | ⏳ 等待 Profile 更新任务...
2026-07-10 11:36:03.210 | INFO     | N/A | ⏳ 等待 Profile 更新任务...
2026-07-10 11:36:08.234 | INFO     | N/A | ⏳ 等待 Profile 更新任务...
2026-07-10 11:36:13.256 | INFO     | N/A | ⏳ 等待 Profile 更新任务...
2026-07-10 11:36:18.285 | INFO     | N/A | ⏳ 等待 Profile 更新任务...
2026-07-10 11:36:23.311 | INFO     | N/A | ⏳ 等待 Profile 更新任务...
2026-07-10 11:36:28.334 | INFO     | N/A | ⏳ 等待 Profile 更新任务...
2026-07-10 11:36:33.359 | INFO     | N/A | ⏳ 等待 Profile 更新任务...
2026-07-10 11:36:38.383 | INFO     | N/A | ⏳ 等待 Profile 更新任务...
2026-07-10 11:36:43.407 | INFO     | N/A | ⏳ 等待 Profile 更新任务...
2026-07-10 11:36:48.431 | INFO     | N/A | ⏳ 等待 Profile 更新任务...
2026-07-10 11:36:53.455 | INFO     | N/A | ⏳ 等待 Profile 更新任务...
2026-07-10 11:36:58.479 | INFO     | N/A | ⏳ 等待 Profile 更新任务...
2026-07-10 11:37:03.501 | INFO     | N/A | ⏳ 等待 Profile 更新任务...
2026-07-10 11:37:08.523 | INFO     | N/A | ⏳ 等待 Profile 更新任务...
2026-07-10 11:37:13.547 | INFO     | N/A | ⏳ 等待 Profile 更新任务...
2026-07-10 11:37:18.575 | INFO     | N/A | ⏳ 等待 Profile 更新任务...
2026-07-10 11:37:23.600 | INFO     | N/A | ⏳ 等待 Profile 更新任务...
2026-07-10 11:37:28.624 | INFO     | N/A | ⏳ 等待 Profile 更新任务...
2026-07-10 11:37:33.650 | INFO     | N/A | ⏳ 等待 Profile 更新任务...
2026-07-10 11:37:38.671 | INFO     | N/A | ⏳ 等待 Profile 更新任务...
2026-07-10 11:37:43.695 | INFO     | N/A | ⏳ 等待 Profile 更新任务...
2026-07-10 11:37:48.720 | INFO     | N/A | ⏳ 等待 Profile 更新任务...
2026-07-10 11:37:53.744 | INFO     | N/A | ⏳ 等待 Profile 更新任务...
2026-07-10 11:37:58.766 | INFO     | N/A | ⏳ 等待 Profile 更新任务...
2026-07-10 11:38:03.793 | INFO     | N/A | ⏳ 等待 Profile 更新任务...
2026-07-10 11:38:08.818 | INFO     | N/A | ⏳ 等待 Profile 更新任务...
2026-07-10 11:38:13.840 | INFO     | N/A | ⏳ 等待 Profile 更新任务...
2026-07-10 11:38:18.867 | INFO     | N/A | ⏳ 等待 Profile 更新任务...
2026-07-10 11:38:23.891 | INFO     | N/A | ⏳ 等待 Profile 更新任务...
2026-07-10 11:38:28.915 | INFO     | N/A | ⏳ 等待 Profile 更新任务...
2026-07-10 11:38:33.941 | INFO     | N/A | ⏳ 等待 Profile 更新任务...
2026-07-10 11:38:38.966 | INFO     | N/A | ⏳ 等待 Profile 更新任务...
2026-07-10 11:38:43.991 | INFO     | N/A | ⏳ 等待 Profile 更新任务...
2026-07-10 11:38:49.015 | INFO     | N/A | ⏳ 等待 Profile 更新任务...
2026-07-10 11:38:54.040 | INFO     | N/A | ⏳ 等待 Profile 更新任务...
2026-07-10 11:38:59.065 | INFO     | N/A | ⏳ 等待 Profile 更新任务...
2026-07-10 11:39:04.090 | INFO     | N/A | ⏳ 等待 Profile 更新任务...
2026-07-10 11:39:09.114 | INFO     | N/A | ⏳ 等待 Profile 更新任务...
2026-07-10 11:39:14.139 | INFO     | N/A | ⏳ 等待 Profile 更新任务...
2026-07-10 11:39:19.164 | INFO     | N/A | ⏳ 等待 Profile 更新任务...
2026-07-10 11:39:24.191 | INFO     | N/A | ⏳ 等待 Profile 更新任务...
2026-07-10 11:39:29.215 | INFO     | N/A | ⏳ 等待 Profile 更新任务...
2026-07-10 11:39:34.237 | INFO     | N/A | ⏳ 等待 Profile 更新任务...
2026-07-10 11:39:39.260 | INFO     | N/A | ⏳ 等待 Profile 更新任务...
2026-07-10 11:39:44.285 | INFO     | N/A | ⏳ 等待 Profile 更新任务...
2026-07-10 11:39:49.310 | INFO     | N/A | ⏳ 等待 Profile 更新任务...
2026-07-10 11:39:54.334 | INFO     | N/A | ⏳ 等待 Profile 更新任务...
2026-07-10 11:39:59.359 | INFO     | N/A | ⏳ 等待 Profile 更新任务...
2026-07-10 11:40:04.385 | INFO     | N/A | ⏳ 等待 Profile 更新任务...
2026-07-10 11:40:09.410 | INFO     | N/A | ⏳ 等待 Profile 更新任务...
2026-07-10 11:40:14.435 | INFO     | N/A | ⏳ 等待 Profile 更新任务...
2026-07-10 11:40:19.459 | INFO     | N/A | ⏳ 等待 Profile 更新任务...
2026-07-10 11:40:24.485 | INFO     | N/A | ⏳ 等待 Profile 更新任务...
2026-07-10 11:40:29.508 | INFO     | N/A | ⏳ 等待 Profile 更新任务...
2026-07-10 11:40:34.531 | INFO     | N/A | ⏳ 等待 Profile 更新任务...
2026-07-10 11:40:39.555 | INFO     | N/A | ⏳ 等待 Profile 更新任务...
2026-07-10 11:40:44.577 | INFO     | N/A | ⏳ 等待 Profile 更新任务...
2026-07-10 11:40:49.600 | INFO     | N/A | ⏳ 等待 Profile 更新任务...
2026-07-10 11:40:54.624 | INFO     | N/A | ⏳ 等待 Profile 更新任务...
2026-07-10 11:40:59.650 | INFO     | N/A | ⏳ 等待 Profile 更新任务...
2026-07-10 11:41:04.674 | INFO     | N/A | ⏳ 等待 Profile 更新任务...
2026-07-10 11:41:09.700 | INFO     | N/A | ⏳ 等待 Profile 更新任务...
2026-07-10 11:41:14.724 | INFO     | N/A | ⏳ 等待 Profile 更新任务...
2026-07-10 11:41:19.750 | INFO     | N/A | ⏳ 等待 Profile 更新任务...
2026-07-10 11:41:24.773 | INFO     | N/A | ⏳ 等待 Profile 更新任务...
2026-07-10 11:41:29.797 | INFO     | N/A | ⏳ 等待 Profile 更新任务...
2026-07-10 11:41:34.820 | INFO     | N/A | ⏳ 等待 Profile 更新任务...
2026-07-10 11:41:39.846 | INFO     | N/A | ⏳ 等待 Profile 更新任务...
2026-07-10 11:41:44.872 | INFO     | N/A | ⏳ 等待 Profile 更新任务...
2026-07-10 11:41:49.897 | INFO     | N/A | ⏳ 等待 Profile 更新任务...
2026-07-10 11:41:54.921 | INFO     | N/A | ⏳ 等待 Profile 更新任务...
2026-07-10 11:41:59.947 | INFO     | N/A | ⏳ 等待 Profile 更新任务...
2026-07-10 11:42:04.969 | INFO     | N/A | ⏳ 等待 Profile 更新任务...
2026-07-10 11:42:09.996 | INFO     | N/A | ⏳ 等待 Profile 更新任务...
2026-07-10 11:42:15.019 | INFO     | N/A | ⏳ 等待 Profile 更新任务...
2026-07-10 11:42:20.046 | INFO     | N/A | ⏳ 等待 Profile 更新任务...
2026-07-10 11:42:25.071 | INFO     | N/A | ⏳ 等待 Profile 更新任务...
2026-07-10 11:42:30.094 | INFO     | N/A | ⏳ 等待 Profile 更新任务...
2026-07-10 11:42:35.116 | INFO     | N/A | ⏳ 等待 Profile 更新任务...
2026-07-10 11:42:40.155 | INFO     | N/A | ⏳ 等待 Profile 更新任务...
2026-07-10 11:42:45.182 | INFO     | N/A | ⏳ 等待 Profile 更新任务...
2026-07-10 11:42:50.202 | INFO     | N/A | ⏳ 等待 Profile 更新任务...
2026-07-10 11:42:55.226 | INFO     | N/A | ⏳ 等待 Profile 更新任务...
2026-07-10 11:43:00.248 | INFO     | N/A | ⏳ 等待 Profile 更新任务...
2026-07-10 11:43:05.274 | INFO     | N/A | ⏳ 等待 Profile 更新任务...
2026-07-10 11:43:10.298 | INFO     | N/A | ⏳ 等待 Profile 更新任务...
2026-07-10 11:43:15.319 | INFO     | N/A | ⏳ 等待 Profile 更新任务...
2026-07-10 11:43:20.345 | INFO     | N/A | ⏳ 等待 Profile 更新任务...
2026-07-10 11:43:25.368 | INFO     | N/A | ⏳ 等待 Profile 更新任务...
2026-07-10 11:43:30.392 | INFO     | N/A | ⏳ 等待 Profile 更新任务...
2026-07-10 11:43:35.419 | INFO     | N/A | ⏳ 等待 Profile 更新任务...
2026-07-10 11:43:40.443 | INFO     | N/A | ⏳ 等待 Profile 更新任务...
2026-07-10 11:43:45.467 | INFO     | N/A | ⏳ 等待 Profile 更新任务...
2026-07-10 11:43:50.493 | INFO     | N/A | ⏳ 等待 Profile 更新任务...
2026-07-10 11:43:55.519 | INFO     | N/A | ⏳ 等待 Profile 更新任务...
2026-07-10 11:44:00.547 | INFO     | N/A | ⏳ 等待 Profile 更新任务...
2026-07-10 11:44:05.573 | INFO     | N/A | ⏳ 等待 Profile 更新任务...
2026-07-10 11:44:10.599 | INFO     | N/A | ⏳ 等待 Profile 更新任务...
2026-07-10 11:44:15.624 | INFO     | N/A | ⏳ 等待 Profile 更新任务...
2026-07-10 11:44:20.651 | INFO     | N/A | ⏳ 等待 Profile 更新任务...
2026-07-10 11:44:25.677 | INFO     | N/A | ⏳ 等待 Profile 更新任务...
2026-07-10 11:44:30.706 | INFO     | N/A | ⏳ 等待 Profile 更新任务...
2026-07-10 11:44:35.729 | INFO     | N/A | ⏳ 等待 Profile 更新任务...
2026-07-10 11:44:40.753 | INFO     | N/A | ⏳ 等待 Profile 更新任务...
2026-07-10 11:44:45.776 | INFO     | N/A | ⏳ 等待 Profile 更新任务...
2026-07-10 11:44:50.800 | INFO     | N/A | ⏳ 等待 Profile 更新任务...
2026-07-10 11:44:55.825 | INFO     | N/A | ⏳ 等待 Profile 更新任务...
2026-07-10 11:45:00.848 | INFO     | N/A | ⏳ 等待 Profile 更新任务...
2026-07-10 11:45:05.873 | INFO     | N/A | ⏳ 等待 Profile 更新任务...
2026-07-10 11:45:10.897 | INFO     | N/A | ⏳ 等待 Profile 更新任务...
2026-07-10 11:45:15.920 | INFO     | N/A | ⏳ 等待 Profile 更新任务...
2026-07-10 11:45:20.955 | INFO     | N/A | ⏳ 等待 Profile 更新任务...
2026-07-10 11:45:25.984 | INFO     | N/A | ⏳ 等待 Profile 更新任务...
2026-07-10 11:45:31.007 | INFO     | N/A | ⏳ 等待 Profile 更新任务...
2026-07-10 11:45:36.030 | INFO     | N/A | ⏳ 等待 Profile 更新任务...
2026-07-10 11:45:41.058 | INFO     | N/A | ⏳ 等待 Profile 更新任务...
2026-07-10 11:45:46.082 | INFO     | N/A | ⏳ 等待 Profile 更新任务...
2026-07-10 11:45:51.107 | INFO     | N/A | ⏳ 等待 Profile 更新任务...
2026-07-10 11:45:56.131 | INFO     | N/A | ⏳ 等待 Profile 更新任务...
2026-07-10 11:46:01.157 | INFO     | N/A | ⏳ 等待 Profile 更新任务...
2026-07-10 11:46:06.181 | INFO     | N/A | ⏳ 等待 Profile 更新任务...
2026-07-10 11:46:11.209 | INFO     | N/A | ⏳ 等待 Profile 更新任务...
2026-07-10 11:46:16.234 | INFO     | N/A | ⏳ 等待 Profile 更新任务...
2026-07-10 11:46:21.259 | INFO     | N/A | ⏳ 等待 Profile 更新任务...
2026-07-10 11:46:26.283 | INFO     | N/A | ⏳ 等待 Profile 更新任务...
2026-07-10 11:46:31.307 | INFO     | N/A | ⏳ 等待 Profile 更新任务...
2026-07-10 11:46:36.334 | INFO     | N/A | ⏳ 等待 Profile 更新任务...
2026-07-10 11:46:41.359 | INFO     | N/A | ⏳ 等待 Profile 更新任务...
2026-07-10 11:46:46.384 | INFO     | N/A | ⏳ 等待 Profile 更新任务...
2026-07-10 11:46:51.408 | INFO     | N/A | ⏳ 等待 Profile 更新任务...
2026-07-10 11:46:56.432 | INFO     | N/A | ⏳ 等待 Profile 更新任务...
2026-07-10 11:47:01.457 | INFO     | N/A | ⏳ 等待 Profile 更新任务...
2026-07-10 11:47:06.483 | INFO     | N/A | ⏳ 等待 Profile 更新任务...
2026-07-10 11:47:11.509 | INFO     | N/A | ⏳ 等待 Profile 更新任务...
2026-07-10 11:47:16.534 | INFO     | N/A | ⏳ 等待 Profile 更新任务...
2026-07-10 11:47:21.558 | INFO     | N/A | ⏳ 等待 Profile 更新任务...
2026-07-10 11:47:26.585 | INFO     | N/A | ⏳ 等待 Profile 更新任务...
2026-07-10 11:47:31.609 | INFO     | N/A | ⏳ 等待 Profile 更新任务...
2026-07-10 11:47:36.635 | INFO     | N/A | ⏳ 等待 Profile 更新任务...
2026-07-10 11:47:41.663 | INFO     | N/A | ⏳ 等待 Profile 更新任务...
2026-07-10 11:47:46.685 | INFO     | N/A | ⏳ 等待 Profile 更新任务...
2026-07-10 11:47:51.709 | INFO     | N/A | ⏳ 等待 Profile 更新任务...
2026-07-10 11:47:56.733 | INFO     | N/A | ⏳ 等待 Profile 更新任务...
2026-07-10 11:48:01.758 | INFO     | N/A | ⏳ 等待 Profile 更新任务...
2026-07-10 11:48:06.782 | INFO     | N/A | ⏳ 等待 Profile 更新任务...
2026-07-10 11:48:11.806 | INFO     | N/A | ⏳ 等待 Profile 更新任务...
2026-07-10 11:48:16.831 | INFO     | N/A | ⏳ 等待 Profile 更新任务...
2026-07-10 11:48:21.855 | INFO     | N/A | ⏳ 等待 Profile 更新任务...
2026-07-10 11:48:26.880 | INFO     | N/A | ⏳ 等待 Profile 更新任务...
2026-07-10 11:48:31.903 | INFO     | N/A | ⏳ 等待 Profile 更新任务...
2026-07-10 11:48:36.927 | INFO     | N/A | ⏳ 等待 Profile 更新任务...
2026-07-10 11:48:41.949 | INFO     | N/A | ⏳ 等待 Profile 更新任务...
2026-07-10 11:48:46.974 | INFO     | N/A | ⏳ 等待 Profile 更新任务...
2026-07-10 11:48:52.000 | INFO     | N/A | ⏳ 等待 Profile 更新任务...
2026-07-10 11:48:57.023 | INFO     | N/A | ⏳ 等待 Profile 更新任务...
2026-07-10 11:49:02.047 | INFO     | N/A | ⏳ 等待 Profile 更新任务...
2026-07-10 11:49:07.074 | INFO     | N/A | ⏳ 等待 Profile 更新任务...
2026-07-10 11:49:12.098 | INFO     | N/A | ⏳ 等待 Profile 更新任务...
2026-07-10 11:49:17.122 | INFO     | N/A | ⏳ 等待 Profile 更新任务...
2026-07-10 11:49:22.146 | INFO     | N/A | ⏳ 等待 Profile 更新任务...
2026-07-10 11:49:27.172 | INFO     | N/A | ⏳ 等待 Profile 更新任务...
2026-07-10 11:49:32.197 | INFO     | N/A | ⏳ 等待 Profile 更新任务...
2026-07-10 11:49:37.221 | INFO     | N/A | ⏳ 等待 Profile 更新任务...
2026-07-10 11:49:42.246 | INFO     | N/A | ⏳ 等待 Profile 更新任务...
2026-07-10 11:49:47.271 | INFO     | N/A | ⏳ 等待 Profile 更新任务...
2026-07-10 11:49:52.327 | INFO     | N/A | ⏳ 等待 Profile 更新任务...
2026-07-10 11:49:57.353 | INFO     | N/A | ⏳ 等待 Profile 更新任务...
2026-07-10 11:50:02.377 | INFO     | N/A | ⏳ 等待 Profile 更新任务...
2026-07-10 11:50:07.403 | INFO     | N/A | ⏳ 等待 Profile 更新任务...
2026-07-10 11:50:12.427 | INFO     | N/A | ⏳ 等待 Profile 更新任务...
2026-07-10 11:50:17.453 | INFO     | N/A | ⏳ 等待 Profile 更新任务...
2026-07-10 11:50:22.477 | INFO     | N/A | ⏳ 等待 Profile 更新任务...
2026-07-10 11:50:27.504 | INFO     | N/A | ⏳ 等待 Profile 更新任务...
2026-07-10 11:50:32.529 | INFO     | N/A | ⏳ 等待 Profile 更新任务...
2026-07-10 11:50:37.554 | INFO     | N/A | ⏳ 等待 Profile 更新任务...
2026-07-10 11:50:42.577 | INFO     | N/A | ⏳ 等待 Profile 更新任务...
2026-07-10 11:50:47.602 | INFO     | N/A | ⏳ 等待 Profile 更新任务...
2026-07-10 11:50:52.625 | INFO     | N/A | ⏳ 等待 Profile 更新任务...
2026-07-10 11:50:57.648 | INFO     | N/A | ⏳ 等待 Profile 更新任务...
2026-07-10 11:51:02.673 | INFO     | N/A | ⏳ 等待 Profile 更新任务...
2026-07-10 11:51:07.698 | INFO     | N/A | ⏳ 等待 Profile 更新任务...
2026-07-10 11:51:12.723 | INFO     | N/A | ⏳ 等待 Profile 更新任务...
2026-07-10 11:51:17.747 | INFO     | N/A | ⏳ 等待 Profile 更新任务...
2026-07-10 11:51:22.771 | INFO     | N/A | ⏳ 等待 Profile 更新任务...
2026-07-10 11:51:27.796 | INFO     | N/A | ⏳ 等待 Profile 更新任务...
2026-07-10 11:51:32.822 | INFO     | N/A | ⏳ 等待 Profile 更新任务...
2026-07-10 11:51:37.845 | INFO     | N/A | ⏳ 等待 Profile 更新任务...
2026-07-10 11:51:42.871 | INFO     | N/A | ⏳ 等待 Profile 更新任务...
2026-07-10 11:51:47.895 | INFO     | N/A | ⏳ 等待 Profile 更新任务...
2026-07-10 11:51:52.920 | INFO     | N/A | ⏳ 等待 Profile 更新任务...
2026-07-10 11:51:57.944 | INFO     | N/A | ⏳ 等待 Profile 更新任务...
2026-07-10 11:52:02.971 | INFO     | N/A | ⏳ 等待 Profile 更新任务...
2026-07-10 11:52:07.994 | INFO     | N/A | ⏳ 等待 Profile 更新任务...
2026-07-10 11:52:13.019 | INFO     | N/A | ⏳ 等待 Profile 更新任务...
2026-07-10 11:52:18.044 | INFO     | N/A | ⏳ 等待 Profile 更新任务...
2026-07-10 11:52:23.069 | INFO     | N/A | ⏳ 等待 Profile 更新任务...
2026-07-10 11:52:28.094 | INFO     | N/A | ⏳ 等待 Profile 更新任务...
2026-07-10 11:52:33.125 | INFO     | N/A | ⏳ 等待 Profile 更新任务...
2026-07-10 11:52:38.151 | INFO     | N/A | ⏳ 等待 Profile 更新任务...
2026-07-10 11:52:43.173 | INFO     | N/A | ⏳ 等待 Profile 更新任务...
2026-07-10 11:52:48.198 | INFO     | N/A | ⏳ 等待 Profile 更新任务...
2026-07-10 11:52:53.223 | INFO     | N/A | ⏳ 等待 Profile 更新任务...
2026-07-10 11:52:58.246 | INFO     | N/A | ⏳ 等待 Profile 更新任务...
2026-07-10 11:53:03.271 | INFO     | N/A | ⏳ 等待 Profile 更新任务...
2026-07-10 11:53:08.294 | INFO     | N/A | ⏳ 等待 Profile 更新任务...
2026-07-10 11:53:13.317 | INFO     | N/A | ⏳ 等待 Profile 更新任务...
2026-07-10 11:53:18.339 | INFO     | N/A | ⏳ 等待 Profile 更新任务...
2026-07-10 11:53:23.363 | INFO     | N/A | ⏳ 等待 Profile 更新任务...
2026-07-10 11:53:28.390 | INFO     | N/A | ⏳ 等待 Profile 更新任务...
2026-07-10 11:53:33.412 | INFO     | N/A | ⏳ 等待 Profile 更新任务...
2026-07-10 11:53:38.436 | INFO     | N/A | ⏳ 等待 Profile 更新任务...
2026-07-10 11:53:43.461 | INFO     | N/A | ⏳ 等待 Profile 更新任务...
2026-07-10 11:53:48.484 | INFO     | N/A | ⏳ 等待 Profile 更新任务...
2026-07-10 11:53:53.509 | INFO     | N/A | ⏳ 等待 Profile 更新任务...
2026-07-10 11:53:58.533 | INFO     | N/A | ⏳ 等待 Profile 更新任务...
2026-07-10 11:54:03.557 | INFO     | N/A | ⏳ 等待 Profile 更新任务...
2026-07-10 11:54:08.585 | INFO     | N/A | ⏳ 等待 Profile 更新任务...
2026-07-10 11:54:13.611 | INFO     | N/A | ⏳ 等待 Profile 更新任务...
2026-07-10 11:54:18.636 | INFO     | N/A | ⏳ 等待 Profile 更新任务...
2026-07-10 11:54:23.660 | INFO     | N/A | ⏳ 等待 Profile 更新任务...
2026-07-10 11:54:28.684 | INFO     | N/A | ⏳ 等待 Profile 更新任务...
2026-07-10 11:54:33.710 | INFO     | N/A | ⏳ 等待 Profile 更新任务...
2026-07-10 11:54:38.735 | INFO     | N/A | ⏳ 等待 Profile 更新任务...
2026-07-10 11:54:43.759 | INFO     | N/A | ⏳ 等待 Profile 更新任务...
2026-07-10 11:54:48.782 | INFO     | N/A | ⏳ 等待 Profile 更新任务...
2026-07-10 11:54:53.805 | INFO     | N/A | ⏳ 等待 Profile 更新任务...
2026-07-10 11:54:58.829 | INFO     | N/A | ⏳ 等待 Profile 更新任务...
2026-07-10 11:55:03.855 | INFO     | N/A | ⏳ 等待 Profile 更新任务...
2026-07-10 11:55:08.879 | INFO     | N/A | ⏳ 等待 Profile 更新任务...
2026-07-10 11:55:13.903 | INFO     | N/A | ⏳ 等待 Profile 更新任务...
2026-07-10 11:55:18.928 | INFO     | N/A | ⏳ 等待 Profile 更新任务...
2026-07-10 11:55:23.954 | INFO     | N/A | ⏳ 等待 Profile 更新任务...
2026-07-10 11:55:28.983 | INFO     | N/A | ⏳ 等待 Profile 更新任务...
2026-07-10 11:55:34.009 | INFO     | N/A | ⏳ 等待 Profile 更新任务...
2026-07-10 11:55:39.032 | INFO     | N/A | ⏳ 等待 Profile 更新任务...
2026-07-10 11:55:44.059 | INFO     | N/A | ⏳ 等待 Profile 更新任务...
2026-07-10 11:55:49.083 | INFO     | N/A | ⏳ 等待 Profile 更新任务...
2026-07-10 11:55:54.107 | INFO     | N/A | ⏳ 等待 Profile 更新任务...
2026-07-10 11:55:59.133 | INFO     | N/A | ⏳ 等待 Profile 更新任务...
2026-07-10 11:56:04.158 | INFO     | N/A | ⏳ 等待 Profile 更新任务...
2026-07-10 11:56:09.184 | INFO     | N/A | ⏳ 等待 Profile 更新任务...
2026-07-10 11:56:14.208 | INFO     | N/A | ⏳ 等待 Profile 更新任务...
2026-07-10 11:56:19.233 | INFO     | N/A | ⏳ 等待 Profile 更新任务...
2026-07-10 11:56:24.256 | INFO     | N/A | ⏳ 等待 Profile 更新任务...
2026-07-10 11:56:29.280 | INFO     | N/A | ⏳ 等待 Profile 更新任务...
2026-07-10 11:56:34.305 | INFO     | N/A | ⏳ 等待 Profile 更新任务...
2026-07-10 11:56:39.328 | INFO     | N/A | ⏳ 等待 Profile 更新任务...
2026-07-10 11:56:44.350 | INFO     | N/A | ⏳ 等待 Profile 更新任务...
2026-07-10 11:56:49.375 | INFO     | N/A | ⏳ 等待 Profile 更新任务...
2026-07-10 11:56:54.398 | INFO     | N/A | ⏳ 等待 Profile 更新任务...
2026-07-10 11:56:59.420 | INFO     | N/A | ⏳ 等待 Profile 更新任务...
2026-07-10 11:57:04.449 | INFO     | N/A | ⏳ 等待 Profile 更新任务...
2026-07-10 11:57:09.472 | INFO     | N/A | ⏳ 等待 Profile 更新任务...
2026-07-10 11:57:14.496 | INFO     | N/A | ⏳ 等待 Profile 更新任务...
2026-07-10 11:57:19.521 | INFO     | N/A | ⏳ 等待 Profile 更新任务...
2026-07-10 11:57:24.547 | INFO     | N/A | ⏳ 等待 Profile 更新任务...
2026-07-10 11:57:29.575 | INFO     | N/A | ⏳ 等待 Profile 更新任务...
2026-07-10 11:57:34.600 | INFO     | N/A | ⏳ 等待 Profile 更新任务...
2026-07-10 11:57:39.626 | INFO     | N/A | ⏳ 等待 Profile 更新任务...
2026-07-10 11:57:44.649 | INFO     | N/A | ⏳ 等待 Profile 更新任务...
2026-07-10 11:57:49.670 | INFO     | N/A | ⏳ 等待 Profile 更新任务...
2026-07-10 11:57:54.695 | INFO     | N/A | ⏳ 等待 Profile 更新任务...
2026-07-10 11:57:59.720 | INFO     | N/A | ⏳ 等待 Profile 更新任务...
2026-07-10 11:58:04.745 | INFO     | N/A | ⏳ 等待 Profile 更新任务...
2026-07-10 11:58:09.768 | INFO     | N/A | ⏳ 等待 Profile 更新任务...
2026-07-10 11:58:14.794 | INFO     | N/A | ⏳ 等待 Profile 更新任务...
2026-07-10 11:58:19.819 | INFO     | N/A | ⏳ 等待 Profile 更新任务...
2026-07-10 11:58:24.842 | INFO     | N/A | ⏳ 等待 Profile 更新任务...
2026-07-10 11:58:29.865 | INFO     | N/A | ⏳ 等待 Profile 更新任务...
2026-07-10 11:58:34.889 | INFO     | N/A | ⏳ 等待 Profile 更新任务...
2026-07-10 11:58:39.915 | INFO     | N/A | ⏳ 等待 Profile 更新任务...
2026-07-10 11:58:44.936 | INFO     | N/A | ⏳ 等待 Profile 更新任务...
2026-07-10 11:58:49.962 | INFO     | N/A | ⏳ 等待 Profile 更新任务...
2026-07-10 11:58:54.984 | INFO     | N/A | ⏳ 等待 Profile 更新任务...
2026-07-10 11:59:00.009 | INFO     | N/A | ⏳ 等待 Profile 更新任务...
2026-07-10 11:59:05.034 | INFO     | N/A | ⏳ 等待 Profile 更新任务...
2026-07-10 11:59:10.060 | INFO     | N/A | ⏳ 等待 Profile 更新任务...
2026-07-10 11:59:15.084 | INFO     | N/A | ⏳ 等待 Profile 更新任务...
2026-07-10 11:59:20.107 | INFO     | N/A | ⏳ 等待 Profile 更新任务...
2026-07-10 11:59:25.133 | INFO     | N/A | ⏳ 等待 Profile 更新任务...
2026-07-10 11:59:30.157 | INFO     | N/A | ⏳ 等待 Profile 更新任务...
2026-07-10 11:59:35.185 | INFO     | N/A | ⏳ 等待 Profile 更新任务...
2026-07-10 11:59:40.212 | INFO     | N/A | ⏳ 等待 Profile 更新任务...
2026-07-10 11:59:45.235 | INFO     | N/A | ⏳ 等待 Profile 更新任务...
2026-07-10 11:59:50.261 | INFO     | N/A | ⏳ 等待 Profile 更新任务...
2026-07-10 11:59:55.286 | INFO     | N/A | ⏳ 等待 Profile 更新任务...
2026-07-10 12:00:00.314 | INFO     | N/A | ⏳ 等待 Profile 更新任务...
2026-07-10 12:00:05.337 | INFO     | N/A | ⏳ 等待 Profile 更新任务...
2026-07-10 12:00:10.363 | INFO     | N/A | ⏳ 等待 Profile 更新任务...
2026-07-10 12:00:15.385 | INFO     | N/A | ⏳ 等待 Profile 更新任务...
2026-07-10 12:00:20.409 | INFO     | N/A | ⏳ 等待 Profile 更新任务...
2026-07-10 12:00:25.432 | INFO     | N/A | ⏳ 等待 Profile 更新任务...
2026-07-10 12:00:30.456 | INFO     | N/A | ⏳ 等待 Profile 更新任务...
2026-07-10 12:00:35.482 | INFO     | N/A | ⏳ 等待 Profile 更新任务...
2026-07-10 12:00:40.504 | INFO     | N/A | ⏳ 等待 Profile 更新任务...
2026-07-10 12:00:45.528 | INFO     | N/A | ⏳ 等待 Profile 更新任务...
2026-07-10 12:00:50.552 | INFO     | N/A | ⏳ 等待 Profile 更新任务...
2026-07-10 12:00:55.575 | INFO     | N/A | ⏳ 等待 Profile 更新任务...
2026-07-10 12:01:00.600 | INFO     | N/A | ⏳ 等待 Profile 更新任务...
2026-07-10 12:01:05.623 | INFO     | N/A | ⏳ 等待 Profile 更新任务...
2026-07-10 12:01:10.649 | INFO     | N/A | ⏳ 等待 Profile 更新任务...
2026-07-10 12:01:15.676 | INFO     | N/A | ⏳ 等待 Profile 更新任务...
2026-07-10 12:01:20.701 | INFO     | N/A | ⏳ 等待 Profile 更新任务...
2026-07-10 12:01:25.727 | INFO     | N/A | ⏳ 等待 Profile 更新任务...
2026-07-10 12:01:30.752 | INFO     | N/A | ⏳ 等待 Profile 更新任务...
2026-07-10 12:01:35.779 | INFO     | N/A | ⏳ 等待 Profile 更新任务...
2026-07-10 12:01:40.804 | INFO     | N/A | ⏳ 等待 Profile 更新任务...
2026-07-10 12:01:45.830 | INFO     | N/A | ⏳ 等待 Profile 更新任务...
2026-07-10 12:01:50.852 | INFO     | N/A | ⏳ 等待 Profile 更新任务...
2026-07-10 12:01:55.878 | INFO     | N/A | ⏳ 等待 Profile 更新任务...
2026-07-10 12:02:00.902 | INFO     | N/A | ⏳ 等待 Profile 更新任务...
2026-07-10 12:02:05.924 | INFO     | N/A | ⏳ 等待 Profile 更新任务...
2026-07-10 12:02:18.040 | INFO     | N/A | ⏳ 等待 Profile 更新任务...
2026-07-10 12:20:02.862 | ERROR    | N/A | Worker 主循环异常: Timeout reading from socket
Traceback (most recent call last):

  File "D:\毕业设计\Travel_python\.venv\Lib\site-packages\redis\_parsers\socket.py", line 64, in _read_from_socket
    data = sock.recv(socket_read_size)

TimeoutError: timed out


During handling of the above exception, another exception occurred:


Traceback (most recent call last):

  File "D:\毕业设计\Travel_python\travel_ai_python\app\service\profile_worker.py", line 194, in <module>
    run_worker()

> File "D:\毕业设计\Travel_python\travel_ai_python\app\service\profile_worker.py", line 169, in run_worker
    task_data = pop_profile_update_task(block=True, timeout=5)

  File "D:\毕业设计\Travel_python\travel_ai_python\app\utils\redis_client.py", line 43, in pop_profile_update_task
    result = redis_client.brpop(PROFILE_UPDATE_QUEUE, timeout=timeout)

  File "D:\毕业设计\Travel_python\.venv\Lib\site-packages\redis\commands\core.py", line 4751, in brpop
    return self.execute_command("BRPOP", *keys)
  File "D:\毕业设计\Travel_python\.venv\Lib\site-packages\redis\client.py", line 787, in execute_command
    return self._execute_command(*args, **options)
  File "D:\毕业设计\Travel_python\.venv\Lib\site-packages\redis\client.py", line 809, in _execute_command
    result = conn.retry.call_with_retry(
  File "D:\毕业设计\Travel_python\.venv\Lib\site-packages\redis\retry.py", line 132, in call_with_retry
    raise error
  File "D:\毕业设计\Travel_python\.venv\Lib\site-packages\redis\retry.py", line 120, in call_with_retry
    return do()
  File "D:\毕业设计\Travel_python\.venv\Lib\site-packages\redis\client.py", line 810, in <lambda>
    lambda: self._send_command_parse_response(
  File "D:\毕业设计\Travel_python\.venv\Lib\site-packages\redis\client.py", line 753, in _send_command_parse_response
    return self.parse_response(conn, command_name, **options)
  File "D:\毕业设计\Travel_python\.venv\Lib\site-packages\redis\client.py", line 853, in parse_response
    response = connection.read_response()
  File "D:\毕业设计\Travel_python\.venv\Lib\site-packages\redis\connection.py", line 1371, in read_response
    response = self._parser.read_response(
  File "D:\毕业设计\Travel_python\.venv\Lib\site-packages\redis\_parsers\resp3.py", line 40, in read_response
    result = self._read_response(
  File "D:\毕业设计\Travel_python\.venv\Lib\site-packages\redis\_parsers\resp3.py", line 65, in _read_response
    raw = self._buffer.readline(timeout=timeout)
  File "D:\毕业设计\Travel_python\.venv\Lib\site-packages\redis\_parsers\socket.py", line 117, in readline
    self._read_from_socket(timeout=timeout)
  File "D:\毕业设计\Travel_python\.venv\Lib\site-packages\redis\_parsers\socket.py", line 77, in _read_from_socket
    raise TimeoutError("Timeout reading from socket")

redis.exceptions.TimeoutError: Timeout reading from socket
2026-07-10 12:20:03.889 | INFO     | N/A | ⏳ 等待 Profile 更新任务...
2026-07-10 12:20:08.901 | ERROR    | N/A | Worker 主循环异常: Timeout connecting to server
Traceback (most recent call last):

  File "D:\毕业设计\Travel_python\.venv\Lib\site-packages\redis\connection.py", line 1033, in connect_check_health
    sock = self._connect()
  File "D:\毕业设计\Travel_python\.venv\Lib\site-packages\redis\connection.py", line 1581, in _connect
    raise err
  File "D:\毕业设计\Travel_python\.venv\Lib\site-packages\redis\connection.py", line 1565, in _connect
    sock.connect(socket_address)

TimeoutError: timed out


During handling of the above exception, another exception occurred:


Traceback (most recent call last):

  File "D:\毕业设计\Travel_python\travel_ai_python\app\service\profile_worker.py", line 194, in <module>
    run_worker()

> File "D:\毕业设计\Travel_python\travel_ai_python\app\service\profile_worker.py", line 169, in run_worker
    task_data = pop_profile_update_task(block=True, timeout=5)

  File "D:\毕业设计\Travel_python\travel_ai_python\app\utils\redis_client.py", line 43, in pop_profile_update_task
    result = redis_client.brpop(PROFILE_UPDATE_QUEUE, timeout=timeout)

  File "D:\毕业设计\Travel_python\.venv\Lib\site-packages\redis\commands\core.py", line 4751, in brpop
    return self.execute_command("BRPOP", *keys)
  File "D:\毕业设计\Travel_python\.venv\Lib\site-packages\redis\client.py", line 787, in execute_command
    return self._execute_command(*args, **options)
  File "D:\毕业设计\Travel_python\.venv\Lib\site-packages\redis\client.py", line 793, in _execute_command
    conn = self.connection or pool.get_connection()
  File "D:\毕业设计\Travel_python\.venv\Lib\site-packages\redis\utils.py", line 258, in wrapper
    return func(*args, **kwargs)
  File "D:\毕业设计\Travel_python\.venv\Lib\site-packages\redis\connection.py", line 3139, in get_connection
    connection.connect()
  File "D:\毕业设计\Travel_python\.venv\Lib\site-packages\redis\connection.py", line 1006, in connect
    self.retry.call_with_retry(
  File "D:\毕业设计\Travel_python\.venv\Lib\site-packages\redis\retry.py", line 132, in call_with_retry
    raise error
  File "D:\毕业设计\Travel_python\.venv\Lib\site-packages\redis\retry.py", line 120, in call_with_retry
    return do()
  File "D:\毕业设计\Travel_python\.venv\Lib\site-packages\redis\connection.py", line 1007, in <lambda>
    lambda: self.connect_check_health(
  File "D:\毕业设计\Travel_python\.venv\Lib\site-packages\redis\connection.py", line 1044, in connect_check_health
    raise e

redis.exceptions.TimeoutError: Timeout connecting to server
2026-07-10 12:20:09.920 | INFO     | N/A | ⏳ 等待 Profile 更新任务...
2026-07-10 12:20:14.929 | ERROR    | N/A | Worker 主循环异常: Timeout connecting to server
Traceback (most recent call last):

  File "D:\毕业设计\Travel_python\.venv\Lib\site-packages\redis\connection.py", line 1033, in connect_check_health
    sock = self._connect()
  File "D:\毕业设计\Travel_python\.venv\Lib\site-packages\redis\connection.py", line 1581, in _connect
    raise err
  File "D:\毕业设计\Travel_python\.venv\Lib\site-packages\redis\connection.py", line 1565, in _connect
    sock.connect(socket_address)

TimeoutError: timed out


During handling of the above exception, another exception occurred:


Traceback (most recent call last):

  File "D:\毕业设计\Travel_python\travel_ai_python\app\service\profile_worker.py", line 194, in <module>
    run_worker()

> File "D:\毕业设计\Travel_python\travel_ai_python\app\service\profile_worker.py", line 169, in run_worker
    task_data = pop_profile_update_task(block=True, timeout=5)

  File "D:\毕业设计\Travel_python\travel_ai_python\app\utils\redis_client.py", line 43, in pop_profile_update_task
    result = redis_client.brpop(PROFILE_UPDATE_QUEUE, timeout=timeout)

  File "D:\毕业设计\Travel_python\.venv\Lib\site-packages\redis\commands\core.py", line 4751, in brpop
    return self.execute_command("BRPOP", *keys)
  File "D:\毕业设计\Travel_python\.venv\Lib\site-packages\redis\client.py", line 787, in execute_command
    return self._execute_command(*args, **options)
  File "D:\毕业设计\Travel_python\.venv\Lib\site-packages\redis\client.py", line 793, in _execute_command
    conn = self.connection or pool.get_connection()
  File "D:\毕业设计\Travel_python\.venv\Lib\site-packages\redis\utils.py", line 258, in wrapper
    return func(*args, **kwargs)
  File "D:\毕业设计\Travel_python\.venv\Lib\site-packages\redis\connection.py", line 3139, in get_connection
    connection.connect()
  File "D:\毕业设计\Travel_python\.venv\Lib\site-packages\redis\connection.py", line 1006, in connect
    self.retry.call_with_retry(
  File "D:\毕业设计\Travel_python\.venv\Lib\site-packages\redis\retry.py", line 132, in call_with_retry
    raise error
  File "D:\毕业设计\Travel_python\.venv\Lib\site-packages\redis\retry.py", line 120, in call_with_retry
    return do()
  File "D:\毕业设计\Travel_python\.venv\Lib\site-packages\redis\connection.py", line 1007, in <lambda>
    lambda: self.connect_check_health(
  File "D:\毕业设计\Travel_python\.venv\Lib\site-packages\redis\connection.py", line 1044, in connect_check_health
    raise e

redis.exceptions.TimeoutError: Timeout connecting to server
2026-07-10 12:20:15.952 | INFO     | N/A | ⏳ 等待 Profile 更新任务...
2026-07-10 12:20:20.989 | INFO     | N/A | ⏳ 等待 Profile 更新任务...
2026-07-10 12:20:26.023 | INFO     | N/A | ⏳ 等待 Profile 更新任务...
2026-07-10 12:20:31.060 | INFO     | N/A | ⏳ 等待 Profile 更新任务...
2026-07-10 12:20:36.098 | INFO     | N/A | ⏳ 等待 Profile 更新任务...
2026-07-10 12:20:41.133 | INFO     | N/A | ⏳ 等待 Profile 更新任务...
2026-07-10 12:20:46.171 | INFO     | N/A | ⏳ 等待 Profile 更新任务...
2026-07-10 12:20:51.213 | INFO     | N/A | ⏳ 等待 Profile 更新任务...
2026-07-10 12:20:56.256 | INFO     | N/A | ⏳ 等待 Profile 更新任务...
2026-07-10 12:21:01.295 | INFO     | N/A | ⏳ 等待 Profile 更新任务...
2026-07-10 12:21:06.337 | INFO     | N/A | ⏳ 等待 Profile 更新任务...
2026-07-10 12:21:11.375 | INFO     | N/A | ⏳ 等待 Profile 更新任务...
2026-07-10 12:21:16.426 | INFO     | N/A | ⏳ 等待 Profile 更新任务...
2026-07-10 12:21:21.497 | INFO     | N/A | ⏳ 等待 Profile 更新任务...
2026-07-10 12:21:26.532 | INFO     | N/A | ⏳ 等待 Profile 更新任务...
2026-07-10 12:21:31.572 | INFO     | N/A | ⏳ 等待 Profile 更新任务...
2026-07-10 12:21:36.617 | INFO     | N/A | ⏳ 等待 Profile 更新任务...
2026-07-10 12:21:41.657 | INFO     | N/A | ⏳ 等待 Profile 更新任务...
2026-07-10 12:21:46.704 | INFO     | N/A | ⏳ 等待 Profile 更新任务...
2026-07-10 12:21:51.742 | INFO     | N/A | ⏳ 等待 Profile 更新任务...
2026-07-10 12:21:56.786 | INFO     | N/A | ⏳ 等待 Profile 更新任务...
2026-07-10 12:22:01.832 | INFO     | N/A | ⏳ 等待 Profile 更新任务...
2026-07-10 12:22:06.866 | INFO     | N/A | ⏳ 等待 Profile 更新任务...
2026-07-10 12:22:11.909 | INFO     | N/A | ⏳ 等待 Profile 更新任务...
2026-07-10 12:22:16.953 | INFO     | N/A | ⏳ 等待 Profile 更新任务...
2026-07-10 12:22:21.991 | INFO     | N/A | ⏳ 等待 Profile 更新任务...
2026-07-10 12:22:27.032 | INFO     | N/A | ⏳ 等待 Profile 更新任务...
2026-07-10 12:22:32.077 | INFO     | N/A | ⏳ 等待 Profile 更新任务...
2026-07-10 12:22:37.096 | INFO     | N/A | ⏳ 等待 Profile 更新任务...
2026-07-10 12:22:42.130 | INFO     | N/A | ⏳ 等待 Profile 更新任务...
2026-07-10 12:22:47.170 | INFO     | N/A | ⏳ 等待 Profile 更新任务...
2026-07-10 12:22:52.203 | INFO     | N/A | ⏳ 等待 Profile 更新任务...
2026-07-10 12:22:57.242 | INFO     | N/A | ⏳ 等待 Profile 更新任务...
2026-07-10 12:23:02.280 | INFO     | N/A | ⏳ 等待 Profile 更新任务...
2026-07-10 12:23:07.321 | INFO     | N/A | ⏳ 等待 Profile 更新任务...
2026-07-10 12:23:12.359 | INFO     | N/A | ⏳ 等待 Profile 更新任务...
2026-07-10 12:23:17.395 | INFO     | N/A | ⏳ 等待 Profile 更新任务...
2026-07-10 12:23:22.501 | INFO     | N/A | ⏳ 等待 Profile 更新任务...
2026-07-10 12:23:27.314 | INFO     | N/A | ⏳ 等待 Profile 更新任务...
2026-07-10 12:23:32.363 | INFO     | N/A | ⏳ 等待 Profile 更新任务...
2026-07-10 12:23:37.406 | INFO     | N/A | ⏳ 等待 Profile 更新任务...
2026-07-10 12:23:42.447 | INFO     | N/A | ⏳ 等待 Profile 更新任务...
2026-07-10 12:23:47.482 | INFO     | N/A | ⏳ 等待 Profile 更新任务...
2026-07-10 12:23:52.520 | INFO     | N/A | ⏳ 等待 Profile 更新任务...
2026-07-10 12:23:57.558 | INFO     | N/A | ⏳ 等待 Profile 更新任务...
2026-07-10 12:24:02.600 | INFO     | N/A | ⏳ 等待 Profile 更新任务...
2026-07-10 12:24:07.626 | INFO     | N/A | ⏳ 等待 Profile 更新任务...
2026-07-10 12:24:12.665 | INFO     | N/A | ⏳ 等待 Profile 更新任务...
2026-07-10 12:24:17.703 | INFO     | N/A | ⏳ 等待 Profile 更新任务...
2026-07-10 12:24:22.748 | INFO     | N/A | ⏳ 等待 Profile 更新任务...
2026-07-10 12:24:27.794 | INFO     | N/A | ⏳ 等待 Profile 更新任务...
2026-07-10 12:24:32.843 | INFO     | N/A | ⏳ 等待 Profile 更新任务...
2026-07-10 12:24:37.884 | INFO     | N/A | ⏳ 等待 Profile 更新任务...
2026-07-10 12:24:42.932 | INFO     | N/A | ⏳ 等待 Profile 更新任务...
2026-07-10 12:24:47.969 | INFO     | N/A | ⏳ 等待 Profile 更新任务...
2026-07-10 12:24:53.006 | INFO     | N/A | ⏳ 等待 Profile 更新任务...
2026-07-10 12:24:58.039 | INFO     | N/A | ⏳ 等待 Profile 更新任务...
2026-07-10 12:25:03.084 | INFO     | N/A | ⏳ 等待 Profile 更新任务...
2026-07-10 12:25:08.128 | INFO     | N/A | ⏳ 等待 Profile 更新任务...
2026-07-10 12:25:13.171 | INFO     | N/A | ⏳ 等待 Profile 更新任务...
2026-07-10 12:25:18.211 | INFO     | N/A | ⏳ 等待 Profile 更新任务...
2026-07-10 12:25:23.255 | INFO     | N/A | ⏳ 等待 Profile 更新任务...
2026-07-10 12:25:28.293 | INFO     | N/A | ⏳ 等待 Profile 更新任务...
2026-07-10 12:25:33.339 | INFO     | N/A | ⏳ 等待 Profile 更新任务...
2026-07-10 12:25:38.385 | INFO     | N/A | ⏳ 等待 Profile 更新任务...
2026-07-10 12:25:43.425 | INFO     | N/A | ⏳ 等待 Profile 更新任务...
2026-07-10 12:25:48.471 | INFO     | N/A | ⏳ 等待 Profile 更新任务...
2026-07-10 12:25:53.506 | INFO     | N/A | ⏳ 等待 Profile 更新任务...
2026-07-10 12:39:15.184 | ERROR    | N/A | Worker 主循环异常: Timeout reading from socket
Traceback (most recent call last):

  File "D:\毕业设计\Travel_python\.venv\Lib\site-packages\redis\_parsers\socket.py", line 64, in _read_from_socket
    data = sock.recv(socket_read_size)

TimeoutError: timed out


During handling of the above exception, another exception occurred:


Traceback (most recent call last):

  File "D:\毕业设计\Travel_python\travel_ai_python\app\service\profile_worker.py", line 194, in <module>
    run_worker()

> File "D:\毕业设计\Travel_python\travel_ai_python\app\service\profile_worker.py", line 169, in run_worker
    task_data = pop_profile_update_task(block=True, timeout=5)

  File "D:\毕业设计\Travel_python\travel_ai_python\app\utils\redis_client.py", line 43, in pop_profile_update_task
    result = redis_client.brpop(PROFILE_UPDATE_QUEUE, timeout=timeout)

  File "D:\毕业设计\Travel_python\.venv\Lib\site-packages\redis\commands\core.py", line 4751, in brpop
    return self.execute_command("BRPOP", *keys)
  File "D:\毕业设计\Travel_python\.venv\Lib\site-packages\redis\client.py", line 787, in execute_command
    return self._execute_command(*args, **options)
  File "D:\毕业设计\Travel_python\.venv\Lib\site-packages\redis\client.py", line 809, in _execute_command
    result = conn.retry.call_with_retry(
  File "D:\毕业设计\Travel_python\.venv\Lib\site-packages\redis\retry.py", line 132, in call_with_retry
    raise error
  File "D:\毕业设计\Travel_python\.venv\Lib\site-packages\redis\retry.py", line 120, in call_with_retry
    return do()
  File "D:\毕业设计\Travel_python\.venv\Lib\site-packages\redis\client.py", line 810, in <lambda>
    lambda: self._send_command_parse_response(
  File "D:\毕业设计\Travel_python\.venv\Lib\site-packages\redis\client.py", line 753, in _send_command_parse_response
    return self.parse_response(conn, command_name, **options)
  File "D:\毕业设计\Travel_python\.venv\Lib\site-packages\redis\client.py", line 853, in parse_response
    response = connection.read_response()
  File "D:\毕业设计\Travel_python\.venv\Lib\site-packages\redis\connection.py", line 1371, in read_response
    response = self._parser.read_response(
  File "D:\毕业设计\Travel_python\.venv\Lib\site-packages\redis\_parsers\resp3.py", line 40, in read_response
    result = self._read_response(
  File "D:\毕业设计\Travel_python\.venv\Lib\site-packages\redis\_parsers\resp3.py", line 65, in _read_response
    raw = self._buffer.readline(timeout=timeout)
  File "D:\毕业设计\Travel_python\.venv\Lib\site-packages\redis\_parsers\socket.py", line 117, in readline
    self._read_from_socket(timeout=timeout)
  File "D:\毕业设计\Travel_python\.venv\Lib\site-packages\redis\_parsers\socket.py", line 77, in _read_from_socket
    raise TimeoutError("Timeout reading from socket")

redis.exceptions.TimeoutError: Timeout reading from socket
2026-07-10 12:39:16.552 | INFO     | N/A | ⏳ 等待 Profile 更新任务...
2026-07-10 12:39:21.565 | ERROR    | N/A | Worker 主循环异常: Timeout connecting to server
Traceback (most recent call last):

  File "D:\毕业设计\Travel_python\.venv\Lib\site-packages\redis\connection.py", line 1033, in connect_check_health
    sock = self._connect()
  File "D:\毕业设计\Travel_python\.venv\Lib\site-packages\redis\connection.py", line 1581, in _connect
    raise err
  File "D:\毕业设计\Travel_python\.venv\Lib\site-packages\redis\connection.py", line 1565, in _connect
    sock.connect(socket_address)

TimeoutError: timed out


During handling of the above exception, another exception occurred:


Traceback (most recent call last):

  File "D:\毕业设计\Travel_python\travel_ai_python\app\service\profile_worker.py", line 194, in <module>
    run_worker()

> File "D:\毕业设计\Travel_python\travel_ai_python\app\service\profile_worker.py", line 169, in run_worker
    task_data = pop_profile_update_task(block=True, timeout=5)

  File "D:\毕业设计\Travel_python\travel_ai_python\app\utils\redis_client.py", line 43, in pop_profile_update_task
    result = redis_client.brpop(PROFILE_UPDATE_QUEUE, timeout=timeout)

  File "D:\毕业设计\Travel_python\.venv\Lib\site-packages\redis\commands\core.py", line 4751, in brpop
    return self.execute_command("BRPOP", *keys)
  File "D:\毕业设计\Travel_python\.venv\Lib\site-packages\redis\client.py", line 787, in execute_command
    return self._execute_command(*args, **options)
  File "D:\毕业设计\Travel_python\.venv\Lib\site-packages\redis\client.py", line 793, in _execute_command
    conn = self.connection or pool.get_connection()
  File "D:\毕业设计\Travel_python\.venv\Lib\site-packages\redis\utils.py", line 258, in wrapper
    return func(*args, **kwargs)
  File "D:\毕业设计\Travel_python\.venv\Lib\site-packages\redis\connection.py", line 3139, in get_connection
    connection.connect()
  File "D:\毕业设计\Travel_python\.venv\Lib\site-packages\redis\connection.py", line 1006, in connect
    self.retry.call_with_retry(
  File "D:\毕业设计\Travel_python\.venv\Lib\site-packages\redis\retry.py", line 132, in call_with_retry
    raise error
  File "D:\毕业设计\Travel_python\.venv\Lib\site-packages\redis\retry.py", line 120, in call_with_retry
    return do()
  File "D:\毕业设计\Travel_python\.venv\Lib\site-packages\redis\connection.py", line 1007, in <lambda>
    lambda: self.connect_check_health(
  File "D:\毕业设计\Travel_python\.venv\Lib\site-packages\redis\connection.py", line 1044, in connect_check_health
    raise e

redis.exceptions.TimeoutError: Timeout connecting to server
2026-07-10 12:39:22.584 | INFO     | N/A | ⏳ 等待 Profile 更新任务...
2026-07-10 12:39:27.663 | INFO     | N/A | ⏳ 等待 Profile 更新任务...
2026-07-10 12:39:32.696 | INFO     | N/A | ⏳ 等待 Profile 更新任务...
2026-07-10 12:39:37.734 | INFO     | N/A | ⏳ 等待 Profile 更新任务...
2026-07-10 12:39:42.743 | INFO     | N/A | ⏳ 等待 Profile 更新任务...
2026-07-10 12:39:47.776 | INFO     | N/A | ⏳ 等待 Profile 更新任务...
2026-07-10 12:39:52.816 | INFO     | N/A | ⏳ 等待 Profile 更新任务...
2026-07-10 12:39:57.850 | INFO     | N/A | ⏳ 等待 Profile 更新任务...
2026-07-10 12:40:02.897 | INFO     | N/A | ⏳ 等待 Profile 更新任务...
2026-07-10 12:40:07.942 | INFO     | N/A | ⏳ 等待 Profile 更新任务...
2026-07-10 12:40:12.987 | INFO     | N/A | ⏳ 等待 Profile 更新任务...
2026-07-10 12:40:18.022 | INFO     | N/A | ⏳ 等待 Profile 更新任务...
2026-07-10 12:40:23.068 | INFO     | N/A | ⏳ 等待 Profile 更新任务...
2026-07-10 12:40:28.110 | INFO     | N/A | ⏳ 等待 Profile 更新任务...
2026-07-10 12:40:33.154 | INFO     | N/A | ⏳ 等待 Profile 更新任务...
2026-07-10 12:40:38.197 | INFO     | N/A | ⏳ 等待 Profile 更新任务...
2026-07-10 12:40:43.250 | INFO     | N/A | ⏳ 等待 Profile 更新任务...
2026-07-10 12:40:48.292 | INFO     | N/A | ⏳ 等待 Profile 更新任务...
2026-07-10 12:40:53.330 | INFO     | N/A | ⏳ 等待 Profile 更新任务...
2026-07-10 12:40:58.368 | INFO     | N/A | ⏳ 等待 Profile 更新任务...
2026-07-10 12:41:03.406 | INFO     | N/A | ⏳ 等待 Profile 更新任务...
2026-07-10 12:41:08.468 | INFO     | N/A | ⏳ 等待 Profile 更新任务...
2026-07-10 12:41:13.508 | INFO     | N/A | ⏳ 等待 Profile 更新任务...
2026-07-10 12:41:18.548 | INFO     | N/A | ⏳ 等待 Profile 更新任务...
2026-07-10 12:41:23.587 | INFO     | N/A | ⏳ 等待 Profile 更新任务...
2026-07-10 12:41:28.644 | INFO     | N/A | ⏳ 等待 Profile 更新任务...
2026-07-10 12:41:33.683 | INFO     | N/A | ⏳ 等待 Profile 更新任务...
2026-07-10 12:41:38.482 | INFO     | N/A | ⏳ 等待 Profile 更新任务...
2026-07-10 12:41:43.517 | INFO     | N/A | ⏳ 等待 Profile 更新任务...
2026-07-10 12:41:48.557 | INFO     | N/A | ⏳ 等待 Profile 更新任务...
2026-07-10 12:41:53.594 | INFO     | N/A | ⏳ 等待 Profile 更新任务...
2026-07-10 12:41:58.630 | INFO     | N/A | ⏳ 等待 Profile 更新任务...
2026-07-10 12:42:03.663 | INFO     | N/A | ⏳ 等待 Profile 更新任务...
2026-07-10 12:42:08.697 | INFO     | N/A | ⏳ 等待 Profile 更新任务...
2026-07-10 12:42:13.737 | INFO     | N/A | ⏳ 等待 Profile 更新任务...
2026-07-10 12:42:18.784 | INFO     | N/A | ⏳ 等待 Profile 更新任务...
2026-07-10 12:42:23.823 | INFO     | N/A | ⏳ 等待 Profile 更新任务...
2026-07-10 12:42:28.861 | INFO     | N/A | ⏳ 等待 Profile 更新任务...
2026-07-10 12:42:33.911 | INFO     | N/A | ⏳ 等待 Profile 更新任务...
2026-07-10 12:42:38.953 | INFO     | N/A | ⏳ 等待 Profile 更新任务...
2026-07-10 12:42:43.994 | INFO     | N/A | ⏳ 等待 Profile 更新任务...
2026-07-10 12:42:49.041 | INFO     | N/A | ⏳ 等待 Profile 更新任务...
2026-07-10 12:42:54.056 | INFO     | N/A | ⏳ 等待 Profile 更新任务...
2026-07-10 13:11:04.150 | ERROR    | N/A | Worker 主循环异常: Timeout reading from socket
Traceback (most recent call last):

  File "D:\毕业设计\Travel_python\.venv\Lib\site-packages\redis\_parsers\socket.py", line 64, in _read_from_socket
    data = sock.recv(socket_read_size)

TimeoutError: timed out


During handling of the above exception, another exception occurred:


Traceback (most recent call last):

  File "D:\毕业设计\Travel_python\travel_ai_python\app\service\profile_worker.py", line 194, in <module>
    run_worker()

> File "D:\毕业设计\Travel_python\travel_ai_python\app\service\profile_worker.py", line 169, in run_worker
    task_data = pop_profile_update_task(block=True, timeout=5)

  File "D:\毕业设计\Travel_python\travel_ai_python\app\utils\redis_client.py", line 43, in pop_profile_update_task
    result = redis_client.brpop(PROFILE_UPDATE_QUEUE, timeout=timeout)

  File "D:\毕业设计\Travel_python\.venv\Lib\site-packages\redis\commands\core.py", line 4751, in brpop
    return self.execute_command("BRPOP", *keys)
  File "D:\毕业设计\Travel_python\.venv\Lib\site-packages\redis\client.py", line 787, in execute_command
    return self._execute_command(*args, **options)
  File "D:\毕业设计\Travel_python\.venv\Lib\site-packages\redis\client.py", line 809, in _execute_command
    result = conn.retry.call_with_retry(
  File "D:\毕业设计\Travel_python\.venv\Lib\site-packages\redis\retry.py", line 132, in call_with_retry
    raise error
  File "D:\毕业设计\Travel_python\.venv\Lib\site-packages\redis\retry.py", line 120, in call_with_retry
    return do()
  File "D:\毕业设计\Travel_python\.venv\Lib\site-packages\redis\client.py", line 810, in <lambda>
    lambda: self._send_command_parse_response(
  File "D:\毕业设计\Travel_python\.venv\Lib\site-packages\redis\client.py", line 753, in _send_command_parse_response
    return self.parse_response(conn, command_name, **options)
  File "D:\毕业设计\Travel_python\.venv\Lib\site-packages\redis\client.py", line 853, in parse_response
    response = connection.read_response()
  File "D:\毕业设计\Travel_python\.venv\Lib\site-packages\redis\connection.py", line 1371, in read_response
    response = self._parser.read_response(
  File "D:\毕业设计\Travel_python\.venv\Lib\site-packages\redis\_parsers\resp3.py", line 40, in read_response
    result = self._read_response(
  File "D:\毕业设计\Travel_python\.venv\Lib\site-packages\redis\_parsers\resp3.py", line 65, in _read_response
    raw = self._buffer.readline(timeout=timeout)
  File "D:\毕业设计\Travel_python\.venv\Lib\site-packages\redis\_parsers\socket.py", line 117, in readline
    self._read_from_socket(timeout=timeout)
  File "D:\毕业设计\Travel_python\.venv\Lib\site-packages\redis\_parsers\socket.py", line 77, in _read_from_socket
    raise TimeoutError("Timeout reading from socket")

redis.exceptions.TimeoutError: Timeout reading from socket
2026-07-10 13:11:05.545 | INFO     | N/A | ⏳ 等待 Profile 更新任务...
2026-07-10 13:11:10.649 | INFO     | N/A | ⏳ 等待 Profile 更新任务...
2026-07-10 13:11:15.691 | INFO     | N/A | ⏳ 等待 Profile 更新任务...
2026-07-10 13:11:20.727 | INFO     | N/A | ⏳ 等待 Profile 更新任务...
2026-07-10 13:11:25.763 | INFO     | N/A | ⏳ 等待 Profile 更新任务...
2026-07-10 13:11:30.799 | INFO     | N/A | ⏳ 等待 Profile 更新任务...
2026-07-10 13:11:35.888 | INFO     | N/A | ⏳ 等待 Profile 更新任务...
2026-07-10 13:11:40.928 | INFO     | N/A | ⏳ 等待 Profile 更新任务...
2026-07-10 13:11:45.960 | INFO     | N/A | ⏳ 等待 Profile 更新任务...
2026-07-10 13:11:51.001 | INFO     | N/A | ⏳ 等待 Profile 更新任务...
2026-07-10 13:11:56.034 | INFO     | N/A | ⏳ 等待 Profile 更新任务...
2026-07-10 13:12:01.067 | INFO     | N/A | ⏳ 等待 Profile 更新任务...
2026-07-10 13:12:06.136 | INFO     | N/A | ⏳ 等待 Profile 更新任务...
2026-07-10 13:12:11.173 | INFO     | N/A | ⏳ 等待 Profile 更新任务...
2026-07-10 13:12:16.220 | INFO     | N/A | ⏳ 等待 Profile 更新任务...
2026-07-10 13:12:21.261 | INFO     | N/A | ⏳ 等待 Profile 更新任务...
2026-07-10 13:12:26.305 | INFO     | N/A | ⏳ 等待 Profile 更新任务...
2026-07-10 13:12:31.352 | INFO     | N/A | ⏳ 等待 Profile 更新任务...
2026-07-10 13:12:36.395 | INFO     | N/A | ⏳ 等待 Profile 更新任务...
2026-07-10 13:12:41.433 | INFO     | N/A | ⏳ 等待 Profile 更新任务...
2026-07-10 13:12:46.471 | INFO     | N/A | ⏳ 等待 Profile 更新任务...
2026-07-10 13:12:51.515 | INFO     | N/A | ⏳ 等待 Profile 更新任务...
2026-07-10 13:12:56.554 | INFO     | N/A | ⏳ 等待 Profile 更新任务...
2026-07-10 13:13:01.596 | INFO     | N/A | ⏳ 等待 Profile 更新任务...
2026-07-10 13:13:06.636 | INFO     | N/A | ⏳ 等待 Profile 更新任务...
2026-07-10 13:13:11.672 | INFO     | N/A | ⏳ 等待 Profile 更新任务...
2026-07-10 13:13:16.722 | INFO     | N/A | ⏳ 等待 Profile 更新任务...
2026-07-10 13:13:21.761 | INFO     | N/A | ⏳ 等待 Profile 更新任务...
2026-07-10 13:13:26.635 | INFO     | N/A | ⏳ 等待 Profile 更新任务...
2026-07-10 13:13:31.594 | INFO     | N/A | ⏳ 等待 Profile 更新任务...
2026-07-10 13:13:36.635 | INFO     | N/A | ⏳ 等待 Profile 更新任务...
2026-07-10 13:13:41.672 | INFO     | N/A | ⏳ 等待 Profile 更新任务...
2026-07-10 13:13:46.719 | INFO     | N/A | ⏳ 等待 Profile 更新任务...
2026-07-10 13:13:51.761 | INFO     | N/A | ⏳ 等待 Profile 更新任务...
2026-07-10 13:13:56.796 | INFO     | N/A | ⏳ 等待 Profile 更新任务...
2026-07-10 13:14:01.836 | INFO     | N/A | ⏳ 等待 Profile 更新任务...
2026-07-10 13:14:06.868 | INFO     | N/A | ⏳ 等待 Profile 更新任务...
2026-07-10 13:14:11.919 | INFO     | N/A | ⏳ 等待 Profile 更新任务...
2026-07-10 13:20:51.072 | ERROR    | N/A | Worker 主循环异常: Timeout reading from socket
Traceback (most recent call last):

  File "D:\毕业设计\Travel_python\.venv\Lib\site-packages\redis\_parsers\socket.py", line 64, in _read_from_socket
    data = sock.recv(socket_read_size)

TimeoutError: timed out


During handling of the above exception, another exception occurred:


Traceback (most recent call last):

  File "D:\毕业设计\Travel_python\travel_ai_python\app\service\profile_worker.py", line 194, in <module>
    run_worker()

> File "D:\毕业设计\Travel_python\travel_ai_python\app\service\profile_worker.py", line 169, in run_worker
    task_data = pop_profile_update_task(block=True, timeout=5)

  File "D:\毕业设计\Travel_python\travel_ai_python\app\utils\redis_client.py", line 43, in pop_profile_update_task
    result = redis_client.brpop(PROFILE_UPDATE_QUEUE, timeout=timeout)

  File "D:\毕业设计\Travel_python\.venv\Lib\site-packages\redis\commands\core.py", line 4751, in brpop
    return self.execute_command("BRPOP", *keys)
  File "D:\毕业设计\Travel_python\.venv\Lib\site-packages\redis\client.py", line 787, in execute_command
    return self._execute_command(*args, **options)
  File "D:\毕业设计\Travel_python\.venv\Lib\site-packages\redis\client.py", line 809, in _execute_command
    result = conn.retry.call_with_retry(
  File "D:\毕业设计\Travel_python\.venv\Lib\site-packages\redis\retry.py", line 132, in call_with_retry
    raise error
  File "D:\毕业设计\Travel_python\.venv\Lib\site-packages\redis\retry.py", line 120, in call_with_retry
    return do()
  File "D:\毕业设计\Travel_python\.venv\Lib\site-packages\redis\client.py", line 810, in <lambda>
    lambda: self._send_command_parse_response(
  File "D:\毕业设计\Travel_python\.venv\Lib\site-packages\redis\client.py", line 753, in _send_command_parse_response
    return self.parse_response(conn, command_name, **options)
  File "D:\毕业设计\Travel_python\.venv\Lib\site-packages\redis\client.py", line 853, in parse_response
    response = connection.read_response()
  File "D:\毕业设计\Travel_python\.venv\Lib\site-packages\redis\connection.py", line 1371, in read_response
    response = self._parser.read_response(
  File "D:\毕业设计\Travel_python\.venv\Lib\site-packages\redis\_parsers\resp3.py", line 40, in read_response
    result = self._read_response(
  File "D:\毕业设计\Travel_python\.venv\Lib\site-packages\redis\_parsers\resp3.py", line 65, in _read_response
    raw = self._buffer.readline(timeout=timeout)
  File "D:\毕业设计\Travel_python\.venv\Lib\site-packages\redis\_parsers\socket.py", line 117, in readline
    self._read_from_socket(timeout=timeout)
  File "D:\毕业设计\Travel_python\.venv\Lib\site-packages\redis\_parsers\socket.py", line 77, in _read_from_socket
    raise TimeoutError("Timeout reading from socket")

redis.exceptions.TimeoutError: Timeout reading from socket
2026-07-10 13:20:52.324 | INFO     | N/A | ⏳ 等待 Profile 更新任务...
2026-07-10 13:20:57.353 | INFO     | N/A | ⏳ 等待 Profile 更新任务...
2026-07-10 13:21:02.426 | INFO     | N/A | ⏳ 等待 Profile 更新任务...
2026-07-10 13:21:07.454 | INFO     | N/A | ⏳ 等待 Profile 更新任务...
2026-07-10 13:21:12.493 | INFO     | N/A | ⏳ 等待 Profile 更新任务...
2026-07-10 13:21:17.527 | INFO     | N/A | ⏳ 等待 Profile 更新任务...
2026-07-10 13:21:22.560 | INFO     | N/A | ⏳ 等待 Profile 更新任务...
2026-07-10 13:21:27.660 | INFO     | N/A | ⏳ 等待 Profile 更新任务...
2026-07-10 13:21:32.691 | INFO     | N/A | ⏳ 等待 Profile 更新任务...
2026-07-10 13:21:37.727 | INFO     | N/A | ⏳ 等待 Profile 更新任务...
2026-07-10 13:21:42.764 | INFO     | N/A | ⏳ 等待 Profile 更新任务...
2026-07-10 13:21:47.808 | INFO     | N/A | ⏳ 等待 Profile 更新任务...
2026-07-10 13:21:52.847 | INFO     | N/A | ⏳ 等待 Profile 更新任务...
2026-07-10 13:21:57.887 | INFO     | N/A | ⏳ 等待 Profile 更新任务...
2026-07-10 13:22:02.916 | INFO     | N/A | ⏳ 等待 Profile 更新任务...
2026-07-10 13:22:07.953 | INFO     | N/A | ⏳ 等待 Profile 更新任务...
2026-07-10 13:22:13.003 | INFO     | N/A | ⏳ 等待 Profile 更新任务...
2026-07-10 13:22:18.039 | INFO     | N/A | ⏳ 等待 Profile 更新任务...
2026-07-10 13:22:23.086 | INFO     | N/A | ⏳ 等待 Profile 更新任务...
2026-07-10 13:22:28.125 | INFO     | N/A | ⏳ 等待 Profile 更新任务...
2026-07-10 13:22:33.158 | INFO     | N/A | ⏳ 等待 Profile 更新任务...
2026-07-10 13:22:38.196 | INFO     | N/A | ⏳ 等待 Profile 更新任务...
2026-07-10 13:22:43.237 | INFO     | N/A | ⏳ 等待 Profile 更新任务...
2026-07-10 13:22:48.272 | INFO     | N/A | ⏳ 等待 Profile 更新任务...
2026-07-10 13:22:53.311 | INFO     | N/A | ⏳ 等待 Profile 更新任务...
2026-07-10 13:22:58.343 | INFO     | N/A | ⏳ 等待 Profile 更新任务...
2026-07-10 13:23:03.377 | INFO     | N/A | ⏳ 等待 Profile 更新任务...
2026-07-10 13:23:08.420 | INFO     | N/A | ⏳ 等待 Profile 更新任务...
2026-07-10 13:23:13.207 | INFO     | N/A | ⏳ 等待 Profile 更新任务...
2026-07-10 13:23:18.208 | INFO     | N/A | ⏳ 等待 Profile 更新任务...
2026-07-10 13:23:23.245 | INFO     | N/A | ⏳ 等待 Profile 更新任务...
2026-07-10 13:23:28.285 | INFO     | N/A | ⏳ 等待 Profile 更新任务...
2026-07-10 13:23:33.321 | INFO     | N/A | ⏳ 等待 Profile 更新任务...
2026-07-10 13:23:38.391 | INFO     | N/A | ⏳ 等待 Profile 更新任务...
2026-07-10 13:23:43.432 | INFO     | N/A | ⏳ 等待 Profile 更新任务...
2026-07-10 13:23:48.469 | INFO     | N/A | ⏳ 等待 Profile 更新任务...
2026-07-10 13:23:53.512 | INFO     | N/A | ⏳ 等待 Profile 更新任务...
2026-07-10 13:23:58.550 | INFO     | N/A | ⏳ 等待 Profile 更新任务...
2026-07-10 13:24:03.590 | INFO     | N/A | ⏳ 等待 Profile 更新任务...
2026-07-10 13:24:08.632 | INFO     | N/A | ⏳ 等待 Profile 更新任务...
2026-07-10 13:24:13.670 | INFO     | N/A | ⏳ 等待 Profile 更新任务...
2026-07-10 13:24:18.710 | INFO     | N/A | ⏳ 等待 Profile 更新任务...
2026-07-10 13:24:23.753 | INFO     | N/A | ⏳ 等待 Profile 更新任务...
2026-07-10 13:24:28.786 | INFO     | N/A | ⏳ 等待 Profile 更新任务...
2026-07-10 13:24:33.822 | INFO     | N/A | ⏳ 等待 Profile 更新任务...
2026-07-10 13:24:38.863 | INFO     | N/A | ⏳ 等待 Profile 更新任务...
2026-07-10 13:24:43.900 | INFO     | N/A | ⏳ 等待 Profile 更新任务...
2026-07-10 13:24:48.944 | INFO     | N/A | ⏳ 等待 Profile 更新任务...
2026-07-10 13:24:53.977 | INFO     | N/A | ⏳ 等待 Profile 更新任务...
2026-07-10 13:24:59.017 | INFO     | N/A | ⏳ 等待 Profile 更新任务...
2026-07-10 13:25:04.051 | INFO     | N/A | ⏳ 等待 Profile 更新任务...
2026-07-10 13:25:09.089 | INFO     | N/A | ⏳ 等待 Profile 更新任务...
2026-07-10 13:25:14.127 | INFO     | N/A | ⏳ 等待 Profile 更新任务...
2026-07-10 13:25:19.165 | INFO     | N/A | ⏳ 等待 Profile 更新任务...
2026-07-10 13:25:24.199 | INFO     | N/A | ⏳ 等待 Profile 更新任务...
2026-07-10 13:25:29.237 | INFO     | N/A | ⏳ 等待 Profile 更新任务...
2026-07-10 13:25:34.280 | INFO     | N/A | ⏳ 等待 Profile 更新任务...
2026-07-10 13:25:39.323 | INFO     | N/A | ⏳ 等待 Profile 更新任务...
2026-07-10 13:25:44.361 | INFO     | N/A | ⏳ 等待 Profile 更新任务...
2026-07-10 13:25:49.399 | INFO     | N/A | ⏳ 等待 Profile 更新任务...
2026-07-10 13:25:54.437 | INFO     | N/A | ⏳ 等待 Profile 更新任务...
2026-07-10 13:25:59.476 | INFO     | N/A | ⏳ 等待 Profile 更新任务...
2026-07-10 13:26:04.524 | INFO     | N/A | ⏳ 等待 Profile 更新任务...
2026-07-10 13:26:09.558 | INFO     | N/A | ⏳ 等待 Profile 更新任务...
2026-07-10 13:26:14.596 | INFO     | N/A | ⏳ 等待 Profile 更新任务...
2026-07-10 13:26:19.632 | INFO     | N/A | ⏳ 等待 Profile 更新任务...
2026-07-10 13:26:24.673 | INFO     | N/A | ⏳ 等待 Profile 更新任务...
2026-07-10 13:26:29.711 | INFO     | N/A | ⏳ 等待 Profile 更新任务...
2026-07-10 13:26:34.748 | INFO     | N/A | ⏳ 等待 Profile 更新任务...
2026-07-10 13:26:39.824 | INFO     | N/A | ⏳ 等待 Profile 更新任务...
2026-07-10 13:26:44.862 | INFO     | N/A | ⏳ 等待 Profile 更新任务...
2026-07-10 13:26:49.902 | INFO     | N/A | ⏳ 等待 Profile 更新任务...
2026-07-10 13:26:54.950 | INFO     | N/A | ⏳ 等待 Profile 更新任务...
2026-07-10 13:26:59.986 | INFO     | N/A | ⏳ 等待 Profile 更新任务...
2026-07-10 13:27:05.026 | INFO     | N/A | ⏳ 等待 Profile 更新任务...
2026-07-10 13:27:10.063 | INFO     | N/A | ⏳ 等待 Profile 更新任务...
2026-07-10 13:27:15.100 | INFO     | N/A | ⏳ 等待 Profile 更新任务...
2026-07-10 13:27:20.146 | INFO     | N/A | ⏳ 等待 Profile 更新任务...
2026-07-10 13:27:25.181 | INFO     | N/A | ⏳ 等待 Profile 更新任务...
2026-07-10 13:27:30.211 | INFO     | N/A | ⏳ 等待 Profile 更新任务...
2026-07-10 13:27:35.246 | INFO     | N/A | ⏳ 等待 Profile 更新任务...
2026-07-10 13:27:40.278 | INFO     | N/A | ⏳ 等待 Profile 更新任务...
2026-07-10 13:27:45.315 | INFO     | N/A | ⏳ 等待 Profile 更新任务...
2026-07-10 13:27:50.355 | INFO     | N/A | ⏳ 等待 Profile 更新任务...
2026-07-10 13:27:55.389 | INFO     | N/A | ⏳ 等待 Profile 更新任务...
2026-07-10 13:28:00.428 | INFO     | N/A | ⏳ 等待 Profile 更新任务...
2026-07-10 13:28:05.468 | INFO     | N/A | ⏳ 等待 Profile 更新任务...
2026-07-10 13:28:10.501 | INFO     | N/A | ⏳ 等待 Profile 更新任务...
2026-07-10 13:28:15.537 | INFO     | N/A | ⏳ 等待 Profile 更新任务...
2026-07-10 13:28:20.577 | INFO     | N/A | ⏳ 等待 Profile 更新任务...
2026-07-10 13:28:25.617 | INFO     | N/A | ⏳ 等待 Profile 更新任务...
2026-07-10 13:28:30.656 | INFO     | N/A | ⏳ 等待 Profile 更新任务...
2026-07-10 13:28:35.695 | INFO     | N/A | ⏳ 等待 Profile 更新任务...
2026-07-10 13:28:40.733 | INFO     | N/A | ⏳ 等待 Profile 更新任务...
2026-07-10 13:28:45.780 | INFO     | N/A | ⏳ 等待 Profile 更新任务...
2026-07-10 13:28:50.814 | INFO     | N/A | ⏳ 等待 Profile 更新任务...
2026-07-10 13:28:55.861 | INFO     | N/A | ⏳ 等待 Profile 更新任务...
2026-07-10 13:29:00.898 | INFO     | N/A | ⏳ 等待 Profile 更新任务...
2026-07-10 13:29:05.935 | INFO     | N/A | ⏳ 等待 Profile 更新任务...
2026-07-10 13:29:10.973 | INFO     | N/A | ⏳ 等待 Profile 更新任务...
2026-07-10 13:29:16.012 | INFO     | N/A | ⏳ 等待 Profile 更新任务...
2026-07-10 13:29:21.052 | INFO     | N/A | ⏳ 等待 Profile 更新任务...
2026-07-10 13:29:26.102 | INFO     | N/A | ⏳ 等待 Profile 更新任务...
2026-07-10 13:29:31.139 | INFO     | N/A | ⏳ 等待 Profile 更新任务...
2026-07-10 13:29:36.178 | INFO     | N/A | ⏳ 等待 Profile 更新任务...
2026-07-10 13:29:41.218 | INFO     | N/A | ⏳ 等待 Profile 更新任务...
2026-07-10 13:29:46.256 | INFO     | N/A | ⏳ 等待 Profile 更新任务...
2026-07-10 13:29:51.296 | INFO     | N/A | ⏳ 等待 Profile 更新任务...
2026-07-10 13:29:56.336 | INFO     | N/A | ⏳ 等待 Profile 更新任务...
2026-07-10 13:30:01.374 | INFO     | N/A | ⏳ 等待 Profile 更新任务...
2026-07-10 13:30:06.412 | INFO     | N/A | ⏳ 等待 Profile 更新任务...
2026-07-10 13:30:11.451 | INFO     | N/A | ⏳ 等待 Profile 更新任务...
2026-07-10 13:30:16.495 | INFO     | N/A | ⏳ 等待 Profile 更新任务...
2026-07-10 13:30:21.531 | INFO     | N/A | ⏳ 等待 Profile 更新任务...
2026-07-10 13:30:26.569 | INFO     | N/A | ⏳ 等待 Profile 更新任务...
2026-07-10 13:30:31.606 | INFO     | N/A | ⏳ 等待 Profile 更新任务...
2026-07-10 13:30:36.647 | INFO     | N/A | ⏳ 等待 Profile 更新任务...
2026-07-10 13:30:41.685 | INFO     | N/A | ⏳ 等待 Profile 更新任务...
2026-07-10 13:30:46.724 | INFO     | N/A | ⏳ 等待 Profile 更新任务...
2026-07-10 13:30:51.763 | INFO     | N/A | ⏳ 等待 Profile 更新任务...
2026-07-10 13:30:56.805 | INFO     | N/A | ⏳ 等待 Profile 更新任务...
2026-07-10 13:31:01.809 | INFO     | N/A | ⏳ 等待 Profile 更新任务...
2026-07-10 13:31:06.843 | INFO     | N/A | ⏳ 等待 Profile 更新任务...
2026-07-10 13:31:11.876 | INFO     | N/A | ⏳ 等待 Profile 更新任务...
2026-07-10 13:31:16.914 | INFO     | N/A | ⏳ 等待 Profile 更新任务...
2026-07-10 13:31:21.948 | INFO     | N/A | ⏳ 等待 Profile 更新任务...
2026-07-10 13:31:26.987 | INFO     | N/A | ⏳ 等待 Profile 更新任务...
2026-07-10 13:31:32.025 | INFO     | N/A | ⏳ 等待 Profile 更新任务...
2026-07-10 13:31:37.059 | INFO     | N/A | ⏳ 等待 Profile 更新任务...
2026-07-10 13:31:42.094 | INFO     | N/A | ⏳ 等待 Profile 更新任务...
2026-07-10 13:31:47.142 | INFO     | N/A | ⏳ 等待 Profile 更新任务...
2026-07-10 13:31:52.176 | INFO     | N/A | ⏳ 等待 Profile 更新任务...
2026-07-10 13:31:57.213 | INFO     | N/A | ⏳ 等待 Profile 更新任务...
2026-07-10 13:32:02.249 | INFO     | N/A | ⏳ 等待 Profile 更新任务...
2026-07-10 13:32:07.309 | INFO     | N/A | ⏳ 等待 Profile 更新任务...
2026-07-10 13:32:12.402 | INFO     | N/A | ⏳ 等待 Profile 更新任务...
2026-07-10 13:32:17.426 | INFO     | N/A | ⏳ 等待 Profile 更新任务...
2026-07-10 13:32:22.465 | INFO     | N/A | ⏳ 等待 Profile 更新任务...
2026-07-10 13:32:27.495 | INFO     | N/A | ⏳ 等待 Profile 更新任务...
2026-07-10 13:32:32.531 | INFO     | N/A | ⏳ 等待 Profile 更新任务...
2026-07-10 13:32:37.573 | INFO     | N/A | ⏳ 等待 Profile 更新任务...
2026-07-10 13:32:42.612 | INFO     | N/A | ⏳ 等待 Profile 更新任务...
2026-07-10 13:32:47.648 | INFO     | N/A | ⏳ 等待 Profile 更新任务...
2026-07-10 13:32:52.688 | INFO     | N/A | ⏳ 等待 Profile 更新任务...
2026-07-10 13:32:57.725 | INFO     | N/A | ⏳ 等待 Profile 更新任务...
2026-07-10 13:33:02.769 | INFO     | N/A | ⏳ 等待 Profile 更新任务...
2026-07-10 13:33:07.805 | INFO     | N/A | ⏳ 等待 Profile 更新任务...
2026-07-10 13:33:12.840 | INFO     | N/A | ⏳ 等待 Profile 更新任务...
2026-07-10 13:33:17.876 | INFO     | N/A | ⏳ 等待 Profile 更新任务...
2026-07-10 13:33:22.918 | INFO     | N/A | ⏳ 等待 Profile 更新任务...
2026-07-10 13:33:27.954 | INFO     | N/A | ⏳ 等待 Profile 更新任务...
2026-07-10 13:33:32.990 | INFO     | N/A | ⏳ 等待 Profile 更新任务...
2026-07-10 13:33:38.027 | INFO     | N/A | ⏳ 等待 Profile 更新任务...
2026-07-10 13:33:43.063 | INFO     | N/A | ⏳ 等待 Profile 更新任务...
2026-07-10 13:33:48.098 | INFO     | N/A | ⏳ 等待 Profile 更新任务...
2026-07-10 13:33:53.137 | INFO     | N/A | ⏳ 等待 Profile 更新任务...
2026-07-10 13:33:58.211 | INFO     | N/A | ⏳ 等待 Profile 更新任务...
2026-07-10 13:34:03.249 | INFO     | N/A | ⏳ 等待 Profile 更新任务...
2026-07-10 13:34:08.295 | INFO     | N/A | ⏳ 等待 Profile 更新任务...
2026-07-10 13:34:13.329 | INFO     | N/A | ⏳ 等待 Profile 更新任务...
2026-07-10 13:34:18.369 | INFO     | N/A | ⏳ 等待 Profile 更新任务...
2026-07-10 13:34:23.405 | INFO     | N/A | ⏳ 等待 Profile 更新任务...
2026-07-10 13:34:28.445 | INFO     | N/A | ⏳ 等待 Profile 更新任务...
2026-07-10 13:34:33.484 | INFO     | N/A | ⏳ 等待 Profile 更新任务...
2026-07-10 13:34:38.524 | INFO     | N/A | ⏳ 等待 Profile 更新任务...
2026-07-10 13:34:43.562 | INFO     | N/A | ⏳ 等待 Profile 更新任务...
2026-07-10 13:34:48.600 | INFO     | N/A | ⏳ 等待 Profile 更新任务...
2026-07-10 13:34:53.640 | INFO     | N/A | ⏳ 等待 Profile 更新任务...
2026-07-10 13:34:58.675 | INFO     | N/A | ⏳ 等待 Profile 更新任务...
2026-07-10 13:35:03.711 | INFO     | N/A | ⏳ 等待 Profile 更新任务...
2026-07-10 13:35:08.745 | INFO     | N/A | ⏳ 等待 Profile 更新任务...
2026-07-10 13:35:13.790 | INFO     | N/A | ⏳ 等待 Profile 更新任务...
2026-07-10 13:35:18.827 | INFO     | N/A | ⏳ 等待 Profile 更新任务...
2026-07-10 13:35:23.860 | INFO     | N/A | ⏳ 等待 Profile 更新任务...
2026-07-10 13:35:28.901 | INFO     | N/A | ⏳ 等待 Profile 更新任务...
2026-07-10 13:35:33.938 | INFO     | N/A | ⏳ 等待 Profile 更新任务...
2026-07-10 13:35:38.982 | INFO     | N/A | ⏳ 等待 Profile 更新任务...
2026-07-10 13:35:44.021 | INFO     | N/A | ⏳ 等待 Profile 更新任务...
2026-07-10 13:35:49.065 | INFO     | N/A | ⏳ 等待 Profile 更新任务...
2026-07-10 13:35:54.102 | INFO     | N/A | ⏳ 等待 Profile 更新任务...
2026-07-10 13:35:59.143 | INFO     | N/A | ⏳ 等待 Profile 更新任务...
2026-07-10 13:36:04.183 | INFO     | N/A | ⏳ 等待 Profile 更新任务...
2026-07-10 13:36:09.222 | INFO     | N/A | ⏳ 等待 Profile 更新任务...
2026-07-10 13:36:14.262 | INFO     | N/A | ⏳ 等待 Profile 更新任务...
2026-07-10 13:36:19.299 | INFO     | N/A | ⏳ 等待 Profile 更新任务...
2026-07-10 13:36:24.339 | INFO     | N/A | ⏳ 等待 Profile 更新任务...
2026-07-10 13:36:29.385 | INFO     | N/A | ⏳ 等待 Profile 更新任务...
2026-07-10 13:36:34.424 | INFO     | N/A | ⏳ 等待 Profile 更新任务...
2026-07-10 13:36:39.463 | INFO     | N/A | ⏳ 等待 Profile 更新任务...
2026-07-10 13:36:44.498 | INFO     | N/A | ⏳ 等待 Profile 更新任务...
2026-07-10 13:36:49.540 | INFO     | N/A | ⏳ 等待 Profile 更新任务...
2026-07-10 13:36:54.577 | INFO     | N/A | ⏳ 等待 Profile 更新任务...
2026-07-10 13:36:59.614 | INFO     | N/A | ⏳ 等待 Profile 更新任务...
2026-07-10 13:37:04.654 | INFO     | N/A | ⏳ 等待 Profile 更新任务...
2026-07-10 13:37:09.691 | INFO     | N/A | ⏳ 等待 Profile 更新任务...
2026-07-10 13:37:14.731 | INFO     | N/A | ⏳ 等待 Profile 更新任务...
2026-07-10 13:37:19.768 | INFO     | N/A | ⏳ 等待 Profile 更新任务...
2026-07-10 13:37:24.808 | INFO     | N/A | ⏳ 等待 Profile 更新任务...
2026-07-10 13:37:29.861 | INFO     | N/A | ⏳ 等待 Profile 更新任务...
2026-07-10 13:37:34.903 | INFO     | N/A | ⏳ 等待 Profile 更新任务...
2026-07-10 13:37:39.938 | INFO     | N/A | ⏳ 等待 Profile 更新任务...
2026-07-10 13:37:44.979 | INFO     | N/A | ⏳ 等待 Profile 更新任务...
2026-07-10 13:37:50.016 | INFO     | N/A | ⏳ 等待 Profile 更新任务...
2026-07-10 13:37:55.062 | INFO     | N/A | ⏳ 等待 Profile 更新任务...
2026-07-10 13:38:00.096 | INFO     | N/A | ⏳ 等待 Profile 更新任务...
2026-07-10 13:38:05.137 | INFO     | N/A | ⏳ 等待 Profile 更新任务...
2026-07-10 13:38:10.174 | INFO     | N/A | ⏳ 等待 Profile 更新任务...
2026-07-10 13:38:15.216 | INFO     | N/A | ⏳ 等待 Profile 更新任务...
2026-07-10 13:38:20.253 | INFO     | N/A | ⏳ 等待 Profile 更新任务...
2026-07-10 13:38:25.290 | INFO     | N/A | ⏳ 等待 Profile 更新任务...
2026-07-10 13:38:30.328 | INFO     | N/A | ⏳ 等待 Profile 更新任务...
2026-07-10 13:38:35.367 | INFO     | N/A | ⏳ 等待 Profile 更新任务...
2026-07-10 13:38:40.405 | INFO     | N/A | ⏳ 等待 Profile 更新任务...
2026-07-10 13:38:45.441 | INFO     | N/A | ⏳ 等待 Profile 更新任务...
2026-07-10 13:38:50.481 | INFO     | N/A | ⏳ 等待 Profile 更新任务...
2026-07-10 13:38:55.516 | INFO     | N/A | ⏳ 等待 Profile 更新任务...
2026-07-10 13:39:00.560 | INFO     | N/A | ⏳ 等待 Profile 更新任务...
2026-07-10 13:39:05.655 | INFO     | N/A | ⏳ 等待 Profile 更新任务...
2026-07-10 13:39:10.693 | INFO     | N/A | ⏳ 等待 Profile 更新任务...
2026-07-10 13:39:15.716 | INFO     | N/A | ⏳ 等待 Profile 更新任务...
2026-07-10 13:39:20.756 | INFO     | N/A | ⏳ 等待 Profile 更新任务...
2026-07-10 13:39:25.795 | INFO     | N/A | ⏳ 等待 Profile 更新任务...
2026-07-10 13:39:30.842 | INFO     | N/A | ⏳ 等待 Profile 更新任务...
2026-07-10 13:39:35.906 | INFO     | N/A | ⏳ 等待 Profile 更新任务...
2026-07-10 13:39:40.941 | INFO     | N/A | ⏳ 等待 Profile 更新任务...
2026-07-10 13:39:45.980 | INFO     | N/A | ⏳ 等待 Profile 更新任务...
2026-07-10 13:39:51.018 | INFO     | N/A | ⏳ 等待 Profile 更新任务...
2026-07-10 13:39:56.057 | INFO     | N/A | ⏳ 等待 Profile 更新任务...
2026-07-10 13:40:01.094 | INFO     | N/A | ⏳ 等待 Profile 更新任务...
2026-07-10 13:40:06.132 | INFO     | N/A | ⏳ 等待 Profile 更新任务...
2026-07-10 13:40:11.168 | INFO     | N/A | ⏳ 等待 Profile 更新任务...
2026-07-10 13:40:16.207 | INFO     | N/A | ⏳ 等待 Profile 更新任务...
2026-07-10 13:40:21.248 | INFO     | N/A | ⏳ 等待 Profile 更新任务...
2026-07-10 13:40:26.285 | INFO     | N/A | ⏳ 等待 Profile 更新任务...
2026-07-10 13:40:31.320 | INFO     | N/A | ⏳ 等待 Profile 更新任务...
2026-07-10 13:40:36.360 | INFO     | N/A | ⏳ 等待 Profile 更新任务...
2026-07-10 13:40:41.396 | INFO     | N/A | ⏳ 等待 Profile 更新任务...
2026-07-10 13:40:46.437 | INFO     | N/A | ⏳ 等待 Profile 更新任务...
2026-07-10 13:40:51.477 | INFO     | N/A | ⏳ 等待 Profile 更新任务...
2026-07-10 13:40:56.511 | INFO     | N/A | ⏳ 等待 Profile 更新任务...
2026-07-10 13:41:01.547 | INFO     | N/A | ⏳ 等待 Profile 更新任务...
2026-07-10 13:41:06.583 | INFO     | N/A | ⏳ 等待 Profile 更新任务...
2026-07-10 13:41:11.619 | INFO     | N/A | ⏳ 等待 Profile 更新任务...
2026-07-10 13:41:16.654 | INFO     | N/A | ⏳ 等待 Profile 更新任务...
2026-07-10 13:41:21.698 | INFO     | N/A | ⏳ 等待 Profile 更新任务...
2026-07-10 13:41:26.739 | INFO     | N/A | ⏳ 等待 Profile 更新任务...
2026-07-10 13:41:31.778 | INFO     | N/A | ⏳ 等待 Profile 更新任务...
2026-07-10 13:41:36.818 | INFO     | N/A | ⏳ 等待 Profile 更新任务...
2026-07-10 13:41:41.893 | INFO     | N/A | ⏳ 等待 Profile 更新任务...
2026-07-10 13:41:46.941 | INFO     | N/A | ⏳ 等待 Profile 更新任务...
2026-07-10 13:41:51.976 | INFO     | N/A | ⏳ 等待 Profile 更新任务...
2026-07-10 13:41:57.010 | INFO     | N/A | ⏳ 等待 Profile 更新任务...
2026-07-10 13:42:02.067 | INFO     | N/A | ⏳ 等待 Profile 更新任务...
2026-07-10 13:42:07.098 | INFO     | N/A | ⏳ 等待 Profile 更新任务...
2026-07-10 13:42:12.131 | INFO     | N/A | ⏳ 等待 Profile 更新任务...
2026-07-10 13:42:17.165 | INFO     | N/A | ⏳ 等待 Profile 更新任务...
2026-07-10 13:42:22.202 | INFO     | N/A | ⏳ 等待 Profile 更新任务...
2026-07-10 13:42:27.239 | INFO     | N/A | ⏳ 等待 Profile 更新任务...
2026-07-10 13:42:32.278 | INFO     | N/A | ⏳ 等待 Profile 更新任务...
2026-07-10 13:42:37.316 | INFO     | N/A | ⏳ 等待 Profile 更新任务...
2026-07-10 13:42:42.355 | INFO     | N/A | ⏳ 等待 Profile 更新任务...
2026-07-10 13:42:47.390 | INFO     | N/A | ⏳ 等待 Profile 更新任务...
2026-07-10 13:42:52.432 | INFO     | N/A | ⏳ 等待 Profile 更新任务...
2026-07-10 13:42:57.481 | INFO     | N/A | ⏳ 等待 Profile 更新任务...
2026-07-10 13:43:02.524 | INFO     | N/A | ⏳ 等待 Profile 更新任务...
2026-07-10 13:43:07.562 | INFO     | N/A | ⏳ 等待 Profile 更新任务...
2026-07-10 13:43:12.598 | INFO     | N/A | ⏳ 等待 Profile 更新任务...
2026-07-10 13:43:17.634 | INFO     | N/A | ⏳ 等待 Profile 更新任务...
2026-07-10 13:43:22.672 | INFO     | N/A | ⏳ 等待 Profile 更新任务...
2026-07-10 13:43:27.711 | INFO     | N/A | ⏳ 等待 Profile 更新任务...
2026-07-10 13:43:32.750 | INFO     | N/A | ⏳ 等待 Profile 更新任务...
2026-07-10 13:43:37.791 | INFO     | N/A | ⏳ 等待 Profile 更新任务...
2026-07-10 13:43:42.830 | INFO     | N/A | ⏳ 等待 Profile 更新任务...
2026-07-10 13:43:47.863 | INFO     | N/A | ⏳ 等待 Profile 更新任务...
2026-07-10 13:43:52.902 | INFO     | N/A | ⏳ 等待 Profile 更新任务...
2026-07-10 13:43:57.932 | INFO     | N/A | ⏳ 等待 Profile 更新任务...
2026-07-10 13:44:02.969 | INFO     | N/A | ⏳ 等待 Profile 更新任务...
2026-07-10 13:44:08.001 | INFO     | N/A | ⏳ 等待 Profile 更新任务...
2026-07-10 13:44:13.037 | INFO     | N/A | ⏳ 等待 Profile 更新任务...
2026-07-10 13:44:18.071 | INFO     | N/A | ⏳ 等待 Profile 更新任务...
2026-07-10 13:44:23.109 | INFO     | N/A | ⏳ 等待 Profile 更新任务...
2026-07-10 13:44:28.152 | INFO     | N/A | ⏳ 等待 Profile 更新任务...
2026-07-10 13:44:33.197 | INFO     | N/A | ⏳ 等待 Profile 更新任务...
2026-07-10 13:44:38.233 | INFO     | N/A | ⏳ 等待 Profile 更新任务...
2026-07-10 13:44:43.273 | INFO     | N/A | ⏳ 等待 Profile 更新任务...
2026-07-10 13:44:48.312 | INFO     | N/A | ⏳ 等待 Profile 更新任务...
2026-07-10 13:44:53.355 | INFO     | N/A | ⏳ 等待 Profile 更新任务...
2026-07-10 13:44:58.392 | INFO     | N/A | ⏳ 等待 Profile 更新任务...
2026-07-10 13:45:03.424 | INFO     | N/A | ⏳ 等待 Profile 更新任务...
2026-07-10 13:45:08.460 | INFO     | N/A | ⏳ 等待 Profile 更新任务...
2026-07-10 13:45:13.500 | INFO     | N/A | ⏳ 等待 Profile 更新任务...
2026-07-10 13:45:18.538 | INFO     | N/A | ⏳ 等待 Profile 更新任务...
2026-07-10 13:45:23.620 | INFO     | N/A | ⏳ 等待 Profile 更新任务...
2026-07-10 13:45:28.656 | INFO     | N/A | ⏳ 等待 Profile 更新任务...
2026-07-10 13:45:33.696 | INFO     | N/A | ⏳ 等待 Profile 更新任务...
2026-07-10 13:45:38.734 | INFO     | N/A | ⏳ 等待 Profile 更新任务...
2026-07-10 13:45:43.770 | INFO     | N/A | ⏳ 等待 Profile 更新任务...
2026-07-10 13:45:48.808 | INFO     | N/A | ⏳ 等待 Profile 更新任务...
2026-07-10 13:45:53.849 | INFO     | N/A | ⏳ 等待 Profile 更新任务...
2026-07-10 13:45:58.882 | INFO     | N/A | ⏳ 等待 Profile 更新任务...
2026-07-10 13:46:03.916 | INFO     | N/A | ⏳ 等待 Profile 更新任务...
2026-07-10 13:46:08.953 | INFO     | N/A | ⏳ 等待 Profile 更新任务...
2026-07-10 13:46:14.023 | INFO     | N/A | ⏳ 等待 Profile 更新任务...
2026-07-10 13:46:19.062 | INFO     | N/A | ⏳ 等待 Profile 更新任务...
2026-07-10 13:46:24.100 | INFO     | N/A | ⏳ 等待 Profile 更新任务...
2026-07-10 13:46:29.135 | INFO     | N/A | ⏳ 等待 Profile 更新任务...
2026-07-10 13:46:34.174 | INFO     | N/A | ⏳ 等待 Profile 更新任务...
2026-07-10 13:46:39.216 | INFO     | N/A | ⏳ 等待 Profile 更新任务...
2026-07-10 13:46:44.254 | INFO     | N/A | ⏳ 等待 Profile 更新任务...
2026-07-10 13:46:49.292 | INFO     | N/A | ⏳ 等待 Profile 更新任务...
2026-07-10 13:46:54.330 | INFO     | N/A | ⏳ 等待 Profile 更新任务...
2026-07-10 13:46:59.370 | INFO     | N/A | ⏳ 等待 Profile 更新任务...
2026-07-10 13:47:04.406 | INFO     | N/A | ⏳ 等待 Profile 更新任务...
2026-07-10 13:47:09.444 | INFO     | N/A | ⏳ 等待 Profile 更新任务...
2026-07-10 13:47:14.548 | INFO     | N/A | ⏳ 等待 Profile 更新任务...
2026-07-10 13:47:19.586 | INFO     | N/A | ⏳ 等待 Profile 更新任务...
2026-07-10 13:47:24.621 | INFO     | N/A | ⏳ 等待 Profile 更新任务...
2026-07-10 13:47:29.663 | INFO     | N/A | ⏳ 等待 Profile 更新任务...
2026-07-10 13:47:34.700 | INFO     | N/A | ⏳ 等待 Profile 更新任务...
2026-07-10 13:47:39.736 | INFO     | N/A | ⏳ 等待 Profile 更新任务...
2026-07-10 13:47:44.773 | INFO     | N/A | ⏳ 等待 Profile 更新任务...
2026-07-10 13:47:49.812 | INFO     | N/A | ⏳ 等待 Profile 更新任务...
2026-07-10 13:47:54.853 | INFO     | N/A | ⏳ 等待 Profile 更新任务...
2026-07-10 13:47:59.888 | INFO     | N/A | ⏳ 等待 Profile 更新任务...
2026-07-10 13:48:04.927 | INFO     | N/A | ⏳ 等待 Profile 更新任务...
2026-07-10 13:48:09.971 | INFO     | N/A | ⏳ 等待 Profile 更新任务...
2026-07-10 13:48:15.005 | INFO     | N/A | ⏳ 等待 Profile 更新任务...
2026-07-10 13:48:20.042 | INFO     | N/A | ⏳ 等待 Profile 更新任务...
2026-07-10 13:48:25.081 | INFO     | N/A | ⏳ 等待 Profile 更新任务...
2026-07-10 13:48:30.128 | INFO     | N/A | ⏳ 等待 Profile 更新任务...
2026-07-10 13:48:35.216 | INFO     | N/A | ⏳ 等待 Profile 更新任务...
2026-07-10 13:48:40.257 | INFO     | N/A | ⏳ 等待 Profile 更新任务...
2026-07-10 13:48:45.313 | INFO     | N/A | ⏳ 等待 Profile 更新任务...
2026-07-10 13:48:50.347 | INFO     | N/A | ⏳ 等待 Profile 更新任务...
2026-07-10 13:52:27.817 | INFO     | N/A | ⏳ 等待 Profile 更新任务...
2026-07-10 13:52:28.591 | INFO     | N/A | ⏳ 等待 Profile 更新任务...
2026-07-10 13:52:33.669 | INFO     | N/A | ⏳ 等待 Profile 更新任务...
2026-07-10 13:52:38.761 | INFO     | N/A | ⏳ 等待 Profile 更新任务...
2026-07-10 13:52:43.789 | INFO     | N/A | ⏳ 等待 Profile 更新任务...
2026-07-10 13:52:48.827 | INFO     | N/A | ⏳ 等待 Profile 更新任务...
2026-07-10 13:52:53.865 | INFO     | N/A | ⏳ 等待 Profile 更新任务...
2026-07-10 13:52:58.911 | INFO     | N/A | ⏳ 等待 Profile 更新任务...
2026-07-10 13:53:03.952 | INFO     | N/A | ⏳ 等待 Profile 更新任务...
2026-07-10 13:53:08.989 | INFO     | N/A | ⏳ 等待 Profile 更新任务...
2026-07-10 13:53:14.027 | INFO     | N/A | ⏳ 等待 Profile 更新任务...
2026-07-10 13:53:19.067 | INFO     | N/A | ⏳ 等待 Profile 更新任务...
2026-07-10 13:53:24.107 | INFO     | N/A | ⏳ 等待 Profile 更新任务...
2026-07-10 13:53:29.171 | INFO     | N/A | ⏳ 等待 Profile 更新任务...
2026-07-10 13:53:34.209 | INFO     | N/A | ⏳ 等待 Profile 更新任务...
2026-07-10 13:53:39.245 | INFO     | N/A | ⏳ 等待 Profile 更新任务...
2026-07-10 13:53:44.283 | INFO     | N/A | ⏳ 等待 Profile 更新任务...
2026-07-10 13:53:49.324 | INFO     | N/A | ⏳ 等待 Profile 更新任务...
2026-07-10 13:53:54.351 | INFO     | N/A | ⏳ 等待 Profile 更新任务...
2026-07-10 13:53:59.382 | INFO     | N/A | ⏳ 等待 Profile 更新任务...
2026-07-10 13:54:04.416 | INFO     | N/A | ⏳ 等待 Profile 更新任务...
2026-07-10 13:54:09.451 | INFO     | N/A | ⏳ 等待 Profile 更新任务...
2026-07-10 13:54:14.488 | INFO     | N/A | ⏳ 等待 Profile 更新任务...
2026-07-10 13:54:19.527 | INFO     | N/A | ⏳ 等待 Profile 更新任务...
2026-07-10 13:54:24.603 | INFO     | N/A | ⏳ 等待 Profile 更新任务...
2026-07-10 13:54:29.641 | INFO     | N/A | ⏳ 等待 Profile 更新任务...
2026-07-10 13:54:34.678 | INFO     | N/A | ⏳ 等待 Profile 更新任务...
2026-07-10 13:54:39.720 | INFO     | N/A | ⏳ 等待 Profile 更新任务...
2026-07-10 13:54:44.762 | INFO     | N/A | ⏳ 等待 Profile 更新任务...
2026-07-10 13:54:49.799 | INFO     | N/A | ⏳ 等待 Profile 更新任务...
2026-07-10 13:54:54.835 | INFO     | N/A | ⏳ 等待 Profile 更新任务...
2026-07-10 13:54:59.884 | INFO     | N/A | ⏳ 等待 Profile 更新任务...
2026-07-10 13:55:04.921 | INFO     | N/A | ⏳ 等待 Profile 更新任务...
2026-07-10 13:55:09.957 | INFO     | N/A | ⏳ 等待 Profile 更新任务...
2026-07-10 13:55:14.995 | INFO     | N/A | ⏳ 等待 Profile 更新任务...
2026-07-10 13:55:20.034 | INFO     | N/A | ⏳ 等待 Profile 更新任务...
2026-07-10 13:55:25.094 | INFO     | N/A | ⏳ 等待 Profile 更新任务...
2026-07-10 13:55:30.131 | INFO     | N/A | ⏳ 等待 Profile 更新任务...
2026-07-10 13:55:35.167 | INFO     | N/A | ⏳ 等待 Profile 更新任务...
2026-07-10 13:55:40.206 | INFO     | N/A | ⏳ 等待 Profile 更新任务...
2026-07-10 13:55:44.992 | INFO     | N/A | ⏳ 等待 Profile 更新任务...
2026-07-10 13:55:49.970 | INFO     | N/A | ⏳ 等待 Profile 更新任务...
2026-07-10 13:55:55.025 | INFO     | N/A | ⏳ 等待 Profile 更新任务...
2026-07-10 13:56:00.057 | INFO     | N/A | ⏳ 等待 Profile 更新任务...
2026-07-10 13:56:05.095 | INFO     | N/A | ⏳ 等待 Profile 更新任务...
2026-07-10 13:56:10.127 | INFO     | N/A | ⏳ 等待 Profile 更新任务...
2026-07-10 13:56:15.164 | INFO     | N/A | ⏳ 等待 Profile 更新任务...
2026-07-10 13:56:20.201 | INFO     | N/A | ⏳ 等待 Profile 更新任务...
2026-07-10 13:56:25.240 | INFO     | N/A | ⏳ 等待 Profile 更新任务...
2026-07-10 13:56:30.281 | INFO     | N/A | ⏳ 等待 Profile 更新任务...
2026-07-10 13:56:35.319 | INFO     | N/A | ⏳ 等待 Profile 更新任务...
2026-07-10 13:56:40.355 | INFO     | N/A | ⏳ 等待 Profile 更新任务...
2026-07-10 13:56:45.389 | INFO     | N/A | ⏳ 等待 Profile 更新任务...
2026-07-10 13:56:50.425 | INFO     | N/A | ⏳ 等待 Profile 更新任务...
2026-07-10 13:56:55.461 | INFO     | N/A | ⏳ 等待 Profile 更新任务...
2026-07-10 13:57:00.498 | INFO     | N/A | ⏳ 等待 Profile 更新任务...
2026-07-10 13:57:05.539 | INFO     | N/A | ⏳ 等待 Profile 更新任务...
2026-07-10 13:57:10.578 | INFO     | N/A | ⏳ 等待 Profile 更新任务...
2026-07-10 13:57:15.615 | INFO     | N/A | ⏳ 等待 Profile 更新任务...
2026-07-10 13:57:20.654 | INFO     | N/A | ⏳ 等待 Profile 更新任务...
2026-07-10 13:57:25.675 | INFO     | N/A | ⏳ 等待 Profile 更新任务...
2026-07-10 13:57:30.714 | INFO     | N/A | ⏳ 等待 Profile 更新任务...
2026-07-10 13:57:35.752 | INFO     | N/A | ⏳ 等待 Profile 更新任务...
2026-07-10 13:57:40.789 | INFO     | N/A | ⏳ 等待 Profile 更新任务...
2026-07-10 13:57:45.826 | INFO     | N/A | ⏳ 等待 Profile 更新任务...
2026-07-10 13:57:50.866 | INFO     | N/A | ⏳ 等待 Profile 更新任务...
2026-07-10 13:57:55.904 | INFO     | N/A | ⏳ 等待 Profile 更新任务...
2026-07-10 13:58:00.946 | INFO     | N/A | ⏳ 等待 Profile 更新任务...
2026-07-10 13:58:06.004 | INFO     | N/A | ⏳ 等待 Profile 更新任务...
2026-07-10 13:58:11.044 | INFO     | N/A | ⏳ 等待 Profile 更新任务...
2026-07-10 13:58:16.082 | INFO     | N/A | ⏳ 等待 Profile 更新任务...
2026-07-10 13:58:21.122 | INFO     | N/A | ⏳ 等待 Profile 更新任务...
2026-07-10 13:58:26.162 | INFO     | N/A | ⏳ 等待 Profile 更新任务...
2026-07-10 13:58:31.168 | INFO     | N/A | ⏳ 等待 Profile 更新任务...
2026-07-10 13:58:36.203 | INFO     | N/A | ⏳ 等待 Profile 更新任务...
2026-07-10 13:58:41.243 | INFO     | N/A | ⏳ 等待 Profile 更新任务...
2026-07-10 13:58:46.284 | INFO     | N/A | ⏳ 等待 Profile 更新任务...
2026-07-10 13:58:51.322 | INFO     | N/A | ⏳ 等待 Profile 更新任务...
2026-07-10 13:58:56.356 | INFO     | N/A | ⏳ 等待 Profile 更新任务...
2026-07-10 13:59:01.396 | INFO     | N/A | ⏳ 等待 Profile 更新任务...
2026-07-10 13:59:06.434 | INFO     | N/A | ⏳ 等待 Profile 更新任务...
2026-07-10 13:59:11.514 | INFO     | N/A | ⏳ 等待 Profile 更新任务...
2026-07-10 13:59:16.552 | INFO     | N/A | ⏳ 等待 Profile 更新任务...
2026-07-10 13:59:21.595 | INFO     | N/A | ⏳ 等待 Profile 更新任务...
2026-07-10 13:59:26.638 | INFO     | N/A | ⏳ 等待 Profile 更新任务...
2026-07-10 13:59:31.674 | INFO     | N/A | ⏳ 等待 Profile 更新任务...
2026-07-10 14:03:47.463 | INFO     | N/A | ⏳ 等待 Profile 更新任务...
2026-07-10 14:19:37.031 | ERROR    | N/A | Worker 主循环异常: Timeout reading from socket
Traceback (most recent call last):

  File "D:\毕业设计\Travel_python\.venv\Lib\site-packages\redis\_parsers\socket.py", line 64, in _read_from_socket
    data = sock.recv(socket_read_size)

TimeoutError: timed out


During handling of the above exception, another exception occurred:


Traceback (most recent call last):

  File "D:\毕业设计\Travel_python\travel_ai_python\app\service\profile_worker.py", line 194, in <module>
    run_worker()

> File "D:\毕业设计\Travel_python\travel_ai_python\app\service\profile_worker.py", line 169, in run_worker
    task_data = pop_profile_update_task(block=True, timeout=5)

  File "D:\毕业设计\Travel_python\travel_ai_python\app\utils\redis_client.py", line 43, in pop_profile_update_task
    result = redis_client.brpop(PROFILE_UPDATE_QUEUE, timeout=timeout)

  File "D:\毕业设计\Travel_python\.venv\Lib\site-packages\redis\commands\core.py", line 4751, in brpop
    return self.execute_command("BRPOP", *keys)
  File "D:\毕业设计\Travel_python\.venv\Lib\site-packages\redis\client.py", line 787, in execute_command
    return self._execute_command(*args, **options)
  File "D:\毕业设计\Travel_python\.venv\Lib\site-packages\redis\client.py", line 809, in _execute_command
    result = conn.retry.call_with_retry(
  File "D:\毕业设计\Travel_python\.venv\Lib\site-packages\redis\retry.py", line 132, in call_with_retry
    raise error
  File "D:\毕业设计\Travel_python\.venv\Lib\site-packages\redis\retry.py", line 120, in call_with_retry
    return do()
  File "D:\毕业设计\Travel_python\.venv\Lib\site-packages\redis\client.py", line 810, in <lambda>
    lambda: self._send_command_parse_response(
  File "D:\毕业设计\Travel_python\.venv\Lib\site-packages\redis\client.py", line 753, in _send_command_parse_response
    return self.parse_response(conn, command_name, **options)
  File "D:\毕业设计\Travel_python\.venv\Lib\site-packages\redis\client.py", line 853, in parse_response
    response = connection.read_response()
  File "D:\毕业设计\Travel_python\.venv\Lib\site-packages\redis\connection.py", line 1371, in read_response
    response = self._parser.read_response(
  File "D:\毕业设计\Travel_python\.venv\Lib\site-packages\redis\_parsers\resp3.py", line 40, in read_response
    result = self._read_response(
  File "D:\毕业设计\Travel_python\.venv\Lib\site-packages\redis\_parsers\resp3.py", line 65, in _read_response
    raw = self._buffer.readline(timeout=timeout)
  File "D:\毕业设计\Travel_python\.venv\Lib\site-packages\redis\_parsers\socket.py", line 117, in readline
    self._read_from_socket(timeout=timeout)
  File "D:\毕业设计\Travel_python\.venv\Lib\site-packages\redis\_parsers\socket.py", line 77, in _read_from_socket
    raise TimeoutError("Timeout reading from socket")

redis.exceptions.TimeoutError: Timeout reading from socket
2026-07-10 14:19:38.085 | INFO     | N/A | ⏳ 等待 Profile 更新任务...
2026-07-10 14:19:43.093 | ERROR    | N/A | Worker 主循环异常: Timeout connecting to server
Traceback (most recent call last):

  File "D:\毕业设计\Travel_python\.venv\Lib\site-packages\redis\connection.py", line 1033, in connect_check_health
    sock = self._connect()
  File "D:\毕业设计\Travel_python\.venv\Lib\site-packages\redis\connection.py", line 1581, in _connect
    raise err
  File "D:\毕业设计\Travel_python\.venv\Lib\site-packages\redis\connection.py", line 1565, in _connect
    sock.connect(socket_address)

TimeoutError: timed out


During handling of the above exception, another exception occurred:


Traceback (most recent call last):

  File "D:\毕业设计\Travel_python\travel_ai_python\app\service\profile_worker.py", line 194, in <module>
    run_worker()

> File "D:\毕业设计\Travel_python\travel_ai_python\app\service\profile_worker.py", line 169, in run_worker
    task_data = pop_profile_update_task(block=True, timeout=5)

  File "D:\毕业设计\Travel_python\travel_ai_python\app\utils\redis_client.py", line 43, in pop_profile_update_task
    result = redis_client.brpop(PROFILE_UPDATE_QUEUE, timeout=timeout)

  File "D:\毕业设计\Travel_python\.venv\Lib\site-packages\redis\commands\core.py", line 4751, in brpop
    return self.execute_command("BRPOP", *keys)
  File "D:\毕业设计\Travel_python\.venv\Lib\site-packages\redis\client.py", line 787, in execute_command
    return self._execute_command(*args, **options)
  File "D:\毕业设计\Travel_python\.venv\Lib\site-packages\redis\client.py", line 793, in _execute_command
    conn = self.connection or pool.get_connection()
  File "D:\毕业设计\Travel_python\.venv\Lib\site-packages\redis\utils.py", line 258, in wrapper
    return func(*args, **kwargs)
  File "D:\毕业设计\Travel_python\.venv\Lib\site-packages\redis\connection.py", line 3139, in get_connection
    connection.connect()
  File "D:\毕业设计\Travel_python\.venv\Lib\site-packages\redis\connection.py", line 1006, in connect
    self.retry.call_with_retry(
  File "D:\毕业设计\Travel_python\.venv\Lib\site-packages\redis\retry.py", line 132, in call_with_retry
    raise error
  File "D:\毕业设计\Travel_python\.venv\Lib\site-packages\redis\retry.py", line 120, in call_with_retry
    return do()
  File "D:\毕业设计\Travel_python\.venv\Lib\site-packages\redis\connection.py", line 1007, in <lambda>
    lambda: self.connect_check_health(
  File "D:\毕业设计\Travel_python\.venv\Lib\site-packages\redis\connection.py", line 1044, in connect_check_health
    raise e

redis.exceptions.TimeoutError: Timeout connecting to server
2026-07-10 14:19:44.109 | INFO     | N/A | ⏳ 等待 Profile 更新任务...
2026-07-10 14:19:49.214 | INFO     | N/A | ⏳ 等待 Profile 更新任务...
2026-07-10 14:19:54.274 | INFO     | N/A | ⏳ 等待 Profile 更新任务...
2026-07-10 14:19:59.349 | INFO     | N/A | ⏳ 等待 Profile 更新任务...
2026-07-10 14:20:04.418 | INFO     | N/A | ⏳ 等待 Profile 更新任务...
2026-07-10 14:20:09.488 | INFO     | N/A | ⏳ 等待 Profile 更新任务...
2026-07-10 14:20:14.545 | INFO     | N/A | ⏳ 等待 Profile 更新任务...
2026-07-10 14:20:19.616 | INFO     | N/A | ⏳ 等待 Profile 更新任务...
2026-07-10 14:20:24.666 | INFO     | N/A | ⏳ 等待 Profile 更新任务...
2026-07-10 14:20:29.793 | INFO     | N/A | ⏳ 等待 Profile 更新任务...
2026-07-10 14:20:34.825 | INFO     | N/A | ⏳ 等待 Profile 更新任务...
2026-07-10 14:20:39.855 | INFO     | N/A | ⏳ 等待 Profile 更新任务...
2026-07-10 14:20:44.886 | INFO     | N/A | ⏳ 等待 Profile 更新任务...
2026-07-10 14:20:49.915 | INFO     | N/A | ⏳ 等待 Profile 更新任务...
2026-07-10 14:20:54.941 | INFO     | N/A | ⏳ 等待 Profile 更新任务...
2026-07-10 14:20:59.978 | INFO     | N/A | ⏳ 等待 Profile 更新任务...
2026-07-10 14:21:05.002 | INFO     | N/A | ⏳ 等待 Profile 更新任务...
2026-07-10 14:21:10.035 | INFO     | N/A | ⏳ 等待 Profile 更新任务...
2026-07-10 14:21:15.137 | INFO     | N/A | ⏳ 等待 Profile 更新任务...
2026-07-10 14:21:20.218 | INFO     | N/A | ⏳ 等待 Profile 更新任务...
2026-07-10 14:21:25.253 | INFO     | N/A | ⏳ 等待 Profile 更新任务...
2026-07-10 14:21:30.287 | INFO     | N/A | ⏳ 等待 Profile 更新任务...
2026-07-10 14:21:35.319 | INFO     | N/A | ⏳ 等待 Profile 更新任务...
2026-07-10 14:21:40.352 | INFO     | N/A | ⏳ 等待 Profile 更新任务...
2026-07-10 14:21:45.394 | INFO     | N/A | ⏳ 等待 Profile 更新任务...
2026-07-10 14:21:50.431 | INFO     | N/A | ⏳ 等待 Profile 更新任务...
2026-07-10 14:21:55.287 | INFO     | N/A | ⏳ 等待 Profile 更新任务...
2026-07-10 14:22:00.170 | INFO     | N/A | ⏳ 等待 Profile 更新任务...
2026-07-10 14:22:05.265 | INFO     | N/A | ⏳ 等待 Profile 更新任务...
2026-07-10 14:22:10.306 | INFO     | N/A | ⏳ 等待 Profile 更新任务...
2026-07-10 14:22:15.346 | INFO     | N/A | ⏳ 等待 Profile 更新任务...
2026-07-10 14:22:20.354 | INFO     | N/A | ⏳ 等待 Profile 更新任务...
2026-07-10 14:22:25.392 | INFO     | N/A | ⏳ 等待 Profile 更新任务...
2026-07-10 14:22:30.432 | INFO     | N/A | ⏳ 等待 Profile 更新任务...
2026-07-10 14:22:35.492 | INFO     | N/A | ⏳ 等待 Profile 更新任务...
2026-07-10 14:22:40.533 | INFO     | N/A | ⏳ 等待 Profile 更新任务...
2026-07-10 14:22:45.561 | INFO     | N/A | ⏳ 等待 Profile 更新任务...
2026-07-10 14:22:50.582 | INFO     | N/A | ⏳ 等待 Profile 更新任务...
2026-07-10 14:22:55.606 | INFO     | N/A | ⏳ 等待 Profile 更新任务...
2026-07-10 14:23:00.627 | INFO     | N/A | ⏳ 等待 Profile 更新任务...
2026-07-10 14:23:05.652 | INFO     | N/A | ⏳ 等待 Profile 更新任务...
2026-07-10 14:23:10.677 | INFO     | N/A | ⏳ 等待 Profile 更新任务...
2026-07-10 14:23:15.701 | INFO     | N/A | ⏳ 等待 Profile 更新任务...
2026-07-10 14:23:20.720 | INFO     | N/A | ⏳ 等待 Profile 更新任务...
2026-07-10 14:23:25.742 | INFO     | N/A | ⏳ 等待 Profile 更新任务...
2026-07-10 14:23:30.765 | INFO     | N/A | ⏳ 等待 Profile 更新任务...
2026-07-10 14:23:35.790 | INFO     | N/A | ⏳ 等待 Profile 更新任务...
2026-07-10 14:23:40.814 | INFO     | N/A | ⏳ 等待 Profile 更新任务...
2026-07-10 14:23:45.838 | INFO     | N/A | ⏳ 等待 Profile 更新任务...
2026-07-10 14:23:50.863 | INFO     | N/A | ⏳ 等待 Profile 更新任务...
2026-07-10 14:23:55.889 | INFO     | N/A | ⏳ 等待 Profile 更新任务...
2026-07-10 14:24:00.915 | INFO     | N/A | ⏳ 等待 Profile 更新任务...
2026-07-10 14:24:05.938 | INFO     | N/A | ⏳ 等待 Profile 更新任务...
2026-07-10 14:24:10.963 | INFO     | N/A | ⏳ 等待 Profile 更新任务...
2026-07-10 14:24:15.988 | INFO     | N/A | ⏳ 等待 Profile 更新任务...
2026-07-10 14:24:21.011 | INFO     | N/A | ⏳ 等待 Profile 更新任务...
2026-07-10 14:24:26.037 | INFO     | N/A | ⏳ 等待 Profile 更新任务...
2026-07-10 14:24:31.060 | INFO     | N/A | ⏳ 等待 Profile 更新任务...
2026-07-10 14:24:36.082 | INFO     | N/A | ⏳ 等待 Profile 更新任务...
2026-07-10 14:24:41.110 | INFO     | N/A | ⏳ 等待 Profile 更新任务...
2026-07-10 14:24:46.135 | INFO     | N/A | ⏳ 等待 Profile 更新任务...
2026-07-10 14:24:51.158 | INFO     | N/A | ⏳ 等待 Profile 更新任务...
2026-07-10 14:24:56.181 | INFO     | N/A | ⏳ 等待 Profile 更新任务...
2026-07-10 14:25:01.204 | INFO     | N/A | ⏳ 等待 Profile 更新任务...
2026-07-10 14:25:06.228 | INFO     | N/A | ⏳ 等待 Profile 更新任务...
2026-07-10 14:25:11.252 | INFO     | N/A | ⏳ 等待 Profile 更新任务...
2026-07-10 14:25:16.277 | INFO     | N/A | ⏳ 等待 Profile 更新任务...
2026-07-10 14:25:21.301 | INFO     | N/A | ⏳ 等待 Profile 更新任务...
2026-07-10 14:25:26.326 | INFO     | N/A | ⏳ 等待 Profile 更新任务...
2026-07-10 14:25:31.353 | INFO     | N/A | ⏳ 等待 Profile 更新任务...
2026-07-10 14:25:36.376 | INFO     | N/A | ⏳ 等待 Profile 更新任务...
2026-07-10 14:25:41.402 | INFO     | N/A | ⏳ 等待 Profile 更新任务...
2026-07-10 14:25:46.428 | INFO     | N/A | ⏳ 等待 Profile 更新任务...
2026-07-10 14:25:51.454 | INFO     | N/A | ⏳ 等待 Profile 更新任务...
2026-07-10 14:25:56.481 | INFO     | N/A | ⏳ 等待 Profile 更新任务...
2026-07-10 14:26:01.505 | INFO     | N/A | ⏳ 等待 Profile 更新任务...
2026-07-10 14:26:06.529 | INFO     | N/A | ⏳ 等待 Profile 更新任务...
2026-07-10 14:26:11.553 | INFO     | N/A | ⏳ 等待 Profile 更新任务...
2026-07-10 14:26:16.578 | INFO     | N/A | ⏳ 等待 Profile 更新任务...
2026-07-10 14:26:21.603 | INFO     | N/A | ⏳ 等待 Profile 更新任务...
2026-07-10 14:26:26.628 | INFO     | N/A | ⏳ 等待 Profile 更新任务...
2026-07-10 14:26:31.651 | INFO     | N/A | ⏳ 等待 Profile 更新任务...
2026-07-10 14:26:36.676 | INFO     | N/A | ⏳ 等待 Profile 更新任务...
2026-07-10 14:26:41.699 | INFO     | N/A | ⏳ 等待 Profile 更新任务...
2026-07-10 14:26:46.724 | INFO     | N/A | ⏳ 等待 Profile 更新任务...
2026-07-10 14:26:51.748 | INFO     | N/A | ⏳ 等待 Profile 更新任务...
2026-07-10 14:26:56.773 | INFO     | N/A | ⏳ 等待 Profile 更新任务...
2026-07-10 14:27:01.799 | INFO     | N/A | ⏳ 等待 Profile 更新任务...
2026-07-10 14:27:06.822 | INFO     | N/A | ⏳ 等待 Profile 更新任务...
2026-07-10 14:27:11.846 | INFO     | N/A | ⏳ 等待 Profile 更新任务...
2026-07-10 14:27:16.874 | INFO     | N/A | ⏳ 等待 Profile 更新任务...
2026-07-10 14:27:21.898 | INFO     | N/A | ⏳ 等待 Profile 更新任务...
2026-07-10 14:27:26.924 | INFO     | N/A | ⏳ 等待 Profile 更新任务...
2026-07-10 14:27:31.948 | INFO     | N/A | ⏳ 等待 Profile 更新任务...
2026-07-10 14:27:36.975 | INFO     | N/A | ⏳ 等待 Profile 更新任务...
2026-07-10 14:27:41.999 | INFO     | N/A | ⏳ 等待 Profile 更新任务...
2026-07-10 14:27:47.023 | INFO     | N/A | ⏳ 等待 Profile 更新任务...
2026-07-10 14:27:52.059 | INFO     | N/A | ⏳ 等待 Profile 更新任务...
2026-07-10 14:27:57.086 | INFO     | N/A | ⏳ 等待 Profile 更新任务...
2026-07-10 14:28:02.110 | INFO     | N/A | ⏳ 等待 Profile 更新任务...
2026-07-10 14:28:07.133 | INFO     | N/A | ⏳ 等待 Profile 更新任务...
2026-07-10 14:28:12.158 | INFO     | N/A | ⏳ 等待 Profile 更新任务...
2026-07-10 14:28:17.184 | INFO     | N/A | ⏳ 等待 Profile 更新任务...
2026-07-10 14:28:22.209 | INFO     | N/A | ⏳ 等待 Profile 更新任务...
2026-07-10 14:28:27.233 | INFO     | N/A | ⏳ 等待 Profile 更新任务...
2026-07-10 14:28:32.259 | INFO     | N/A | ⏳ 等待 Profile 更新任务...
2026-07-10 14:28:37.283 | INFO     | N/A | ⏳ 等待 Profile 更新任务...
2026-07-10 14:28:42.322 | INFO     | N/A | ⏳ 等待 Profile 更新任务...
2026-07-10 14:28:47.348 | INFO     | N/A | ⏳ 等待 Profile 更新任务...
2026-07-10 14:28:52.372 | INFO     | N/A | ⏳ 等待 Profile 更新任务...
2026-07-10 14:28:57.398 | INFO     | N/A | ⏳ 等待 Profile 更新任务...
2026-07-10 14:29:02.424 | INFO     | N/A | ⏳ 等待 Profile 更新任务...
2026-07-10 14:29:07.448 | INFO     | N/A | ⏳ 等待 Profile 更新任务...
2026-07-10 14:29:12.473 | INFO     | N/A | ⏳ 等待 Profile 更新任务...
2026-07-10 14:29:17.497 | INFO     | N/A | ⏳ 等待 Profile 更新任务...
2026-07-10 14:29:22.522 | INFO     | N/A | ⏳ 等待 Profile 更新任务...
2026-07-10 14:29:27.549 | INFO     | N/A | ⏳ 等待 Profile 更新任务...
2026-07-10 14:29:32.573 | INFO     | N/A | ⏳ 等待 Profile 更新任务...
2026-07-10 14:29:37.597 | INFO     | N/A | ⏳ 等待 Profile 更新任务...
2026-07-10 14:29:42.621 | INFO     | N/A | ⏳ 等待 Profile 更新任务...
2026-07-10 14:29:47.646 | INFO     | N/A | ⏳ 等待 Profile 更新任务...
2026-07-10 14:29:52.673 | INFO     | N/A | ⏳ 等待 Profile 更新任务...
2026-07-10 14:29:57.697 | INFO     | N/A | ⏳ 等待 Profile 更新任务...
2026-07-10 14:30:02.725 | INFO     | N/A | ⏳ 等待 Profile 更新任务...
2026-07-10 14:30:07.750 | INFO     | N/A | ⏳ 等待 Profile 更新任务...
2026-07-10 14:30:12.774 | INFO     | N/A | ⏳ 等待 Profile 更新任务...
2026-07-10 14:30:17.803 | INFO     | N/A | ⏳ 等待 Profile 更新任务...
2026-07-10 14:30:22.829 | INFO     | N/A | ⏳ 等待 Profile 更新任务...
2026-07-10 14:30:27.854 | INFO     | N/A | ⏳ 等待 Profile 更新任务...
2026-07-10 14:30:32.878 | INFO     | N/A | ⏳ 等待 Profile 更新任务...
2026-07-10 14:30:37.903 | INFO     | N/A | ⏳ 等待 Profile 更新任务...
2026-07-10 14:30:42.928 | INFO     | N/A | ⏳ 等待 Profile 更新任务...
2026-07-10 14:30:47.958 | INFO     | N/A | ⏳ 等待 Profile 更新任务...
2026-07-10 14:30:52.982 | INFO     | N/A | ⏳ 等待 Profile 更新任务...
2026-07-10 14:30:58.005 | INFO     | N/A | ⏳ 等待 Profile 更新任务...
2026-07-10 14:31:03.029 | INFO     | N/A | ⏳ 等待 Profile 更新任务...
2026-07-10 14:31:08.054 | INFO     | N/A | ⏳ 等待 Profile 更新任务...
2026-07-10 14:31:13.078 | INFO     | N/A | ⏳ 等待 Profile 更新任务...
2026-07-10 14:31:18.102 | INFO     | N/A | ⏳ 等待 Profile 更新任务...
2026-07-10 14:31:23.128 | INFO     | N/A | ⏳ 等待 Profile 更新任务...
2026-07-10 14:31:28.150 | INFO     | N/A | ⏳ 等待 Profile 更新任务...
2026-07-10 14:31:33.174 | INFO     | N/A | ⏳ 等待 Profile 更新任务...
2026-07-10 14:31:38.199 | INFO     | N/A | ⏳ 等待 Profile 更新任务...
2026-07-10 14:31:43.224 | INFO     | N/A | ⏳ 等待 Profile 更新任务...
2026-07-10 14:31:48.250 | INFO     | N/A | ⏳ 等待 Profile 更新任务...
2026-07-10 14:31:53.276 | INFO     | N/A | ⏳ 等待 Profile 更新任务...
2026-07-10 14:31:58.300 | INFO     | N/A | ⏳ 等待 Profile 更新任务...
2026-07-10 14:32:03.327 | INFO     | N/A | ⏳ 等待 Profile 更新任务...
2026-07-10 14:32:08.352 | INFO     | N/A | ⏳ 等待 Profile 更新任务...
2026-07-10 14:32:13.374 | INFO     | N/A | ⏳ 等待 Profile 更新任务...
2026-07-10 14:32:18.399 | INFO     | N/A | ⏳ 等待 Profile 更新任务...
2026-07-10 14:32:23.422 | INFO     | N/A | ⏳ 等待 Profile 更新任务...
2026-07-10 14:32:28.443 | INFO     | N/A | ⏳ 等待 Profile 更新任务...
2026-07-10 14:32:33.467 | INFO     | N/A | ⏳ 等待 Profile 更新任务...
2026-07-10 14:32:38.491 | INFO     | N/A | ⏳ 等待 Profile 更新任务...
2026-07-10 14:32:43.513 | INFO     | N/A | ⏳ 等待 Profile 更新任务...
2026-07-10 14:32:48.541 | INFO     | N/A | ⏳ 等待 Profile 更新任务...
2026-07-10 14:32:53.566 | INFO     | N/A | ⏳ 等待 Profile 更新任务...
2026-07-10 14:32:58.588 | INFO     | N/A | ⏳ 等待 Profile 更新任务...
2026-07-10 14:33:03.611 | INFO     | N/A | ⏳ 等待 Profile 更新任务...
2026-07-10 14:33:08.635 | INFO     | N/A | ⏳ 等待 Profile 更新任务...
2026-07-10 14:33:13.657 | INFO     | N/A | ⏳ 等待 Profile 更新任务...
2026-07-10 14:33:18.679 | INFO     | N/A | ⏳ 等待 Profile 更新任务...
2026-07-10 14:33:23.704 | INFO     | N/A | ⏳ 等待 Profile 更新任务...
2026-07-10 14:33:28.726 | INFO     | N/A | ⏳ 等待 Profile 更新任务...
2026-07-10 14:33:33.750 | INFO     | N/A | ⏳ 等待 Profile 更新任务...
2026-07-10 14:33:38.775 | INFO     | N/A | ⏳ 等待 Profile 更新任务...
2026-07-10 14:33:43.798 | INFO     | N/A | ⏳ 等待 Profile 更新任务...
2026-07-10 14:33:48.826 | INFO     | N/A | ⏳ 等待 Profile 更新任务...
2026-07-10 14:33:53.853 | INFO     | N/A | ⏳ 等待 Profile 更新任务...
2026-07-10 14:33:58.877 | INFO     | N/A | ⏳ 等待 Profile 更新任务...
2026-07-10 14:34:03.901 | INFO     | N/A | ⏳ 等待 Profile 更新任务...
2026-07-10 14:34:08.924 | INFO     | N/A | ⏳ 等待 Profile 更新任务...
2026-07-10 14:34:13.948 | INFO     | N/A | ⏳ 等待 Profile 更新任务...
2026-07-10 14:34:18.971 | INFO     | N/A | ⏳ 等待 Profile 更新任务...
2026-07-10 14:34:23.997 | INFO     | N/A | ⏳ 等待 Profile 更新任务...
2026-07-10 14:34:29.020 | INFO     | N/A | ⏳ 等待 Profile 更新任务...
2026-07-10 14:34:34.042 | INFO     | N/A | ⏳ 等待 Profile 更新任务...
2026-07-10 14:34:39.076 | INFO     | N/A | ⏳ 等待 Profile 更新任务...
2026-07-10 14:34:44.093 | INFO     | N/A | ⏳ 等待 Profile 更新任务...
2026-07-10 14:34:49.113 | INFO     | N/A | ⏳ 等待 Profile 更新任务...
2026-07-10 14:34:54.136 | INFO     | N/A | ⏳ 等待 Profile 更新任务...
2026-07-10 14:34:59.158 | INFO     | N/A | ⏳ 等待 Profile 更新任务...
2026-07-10 14:35:04.181 | INFO     | N/A | ⏳ 等待 Profile 更新任务...
2026-07-10 14:35:09.203 | INFO     | N/A | ⏳ 等待 Profile 更新任务...
2026-07-10 14:35:14.226 | INFO     | N/A | ⏳ 等待 Profile 更新任务...
2026-07-10 14:35:19.253 | INFO     | N/A | ⏳ 等待 Profile 更新任务...
2026-07-10 14:35:24.277 | INFO     | N/A | ⏳ 等待 Profile 更新任务...
2026-07-10 14:35:29.300 | INFO     | N/A | ⏳ 等待 Profile 更新任务...
2026-07-10 14:35:34.323 | INFO     | N/A | ⏳ 等待 Profile 更新任务...
2026-07-10 14:35:39.347 | INFO     | N/A | ⏳ 等待 Profile 更新任务...
2026-07-10 14:35:44.371 | INFO     | N/A | ⏳ 等待 Profile 更新任务...
2026-07-10 14:35:49.396 | INFO     | N/A | ⏳ 等待 Profile 更新任务...
2026-07-10 14:35:54.423 | INFO     | N/A | ⏳ 等待 Profile 更新任务...
2026-07-10 14:35:59.450 | INFO     | N/A | ⏳ 等待 Profile 更新任务...
2026-07-10 14:36:04.475 | INFO     | N/A | ⏳ 等待 Profile 更新任务...
2026-07-10 14:36:09.498 | INFO     | N/A | ⏳ 等待 Profile 更新任务...
2026-07-10 14:36:14.524 | INFO     | N/A | ⏳ 等待 Profile 更新任务...
2026-07-10 14:36:19.550 | INFO     | N/A | ⏳ 等待 Profile 更新任务...
2026-07-10 14:36:24.603 | INFO     | N/A | ⏳ 等待 Profile 更新任务...
2026-07-10 14:36:29.626 | INFO     | N/A | ⏳ 等待 Profile 更新任务...
2026-07-10 14:36:34.650 | INFO     | N/A | ⏳ 等待 Profile 更新任务...
2026-07-10 14:36:39.675 | INFO     | N/A | ⏳ 等待 Profile 更新任务...
2026-07-10 14:36:44.699 | INFO     | N/A | ⏳ 等待 Profile 更新任务...
2026-07-10 14:36:49.722 | INFO     | N/A | ⏳ 等待 Profile 更新任务...
2026-07-10 14:36:54.746 | INFO     | N/A | ⏳ 等待 Profile 更新任务...
2026-07-10 14:36:59.773 | INFO     | N/A | ⏳ 等待 Profile 更新任务...
2026-07-10 14:37:04.798 | INFO     | N/A | ⏳ 等待 Profile 更新任务...
2026-07-10 14:37:09.822 | INFO     | N/A | ⏳ 等待 Profile 更新任务...
2026-07-10 14:37:14.848 | INFO     | N/A | ⏳ 等待 Profile 更新任务...
2026-07-10 14:37:19.875 | INFO     | N/A | ⏳ 等待 Profile 更新任务...
2026-07-10 14:37:24.900 | INFO     | N/A | ⏳ 等待 Profile 更新任务...
2026-07-10 14:37:29.926 | INFO     | N/A | ⏳ 等待 Profile 更新任务...
2026-07-10 14:37:34.952 | INFO     | N/A | ⏳ 等待 Profile 更新任务...
2026-07-10 14:37:39.975 | INFO     | N/A | ⏳ 等待 Profile 更新任务...
2026-07-10 14:37:44.998 | INFO     | N/A | ⏳ 等待 Profile 更新任务...
2026-07-10 14:37:50.024 | INFO     | N/A | ⏳ 等待 Profile 更新任务...
2026-07-10 14:37:55.046 | INFO     | N/A | ⏳ 等待 Profile 更新任务...
2026-07-10 14:38:00.075 | INFO     | N/A | ⏳ 等待 Profile 更新任务...
2026-07-10 14:38:05.097 | INFO     | N/A | ⏳ 等待 Profile 更新任务...
2026-07-10 14:38:10.121 | INFO     | N/A | ⏳ 等待 Profile 更新任务...
2026-07-10 14:38:15.145 | INFO     | N/A | ⏳ 等待 Profile 更新任务...
2026-07-10 14:38:20.169 | INFO     | N/A | ⏳ 等待 Profile 更新任务...
2026-07-10 14:38:25.192 | INFO     | N/A | ⏳ 等待 Profile 更新任务...
2026-07-10 14:38:30.217 | INFO     | N/A | ⏳ 等待 Profile 更新任务...
2026-07-10 14:38:35.243 | INFO     | N/A | ⏳ 等待 Profile 更新任务...
2026-07-10 14:38:40.266 | INFO     | N/A | ⏳ 等待 Profile 更新任务...
2026-07-10 14:38:45.291 | INFO     | N/A | ⏳ 等待 Profile 更新任务...
2026-07-10 14:38:50.320 | INFO     | N/A | ⏳ 等待 Profile 更新任务...
2026-07-10 14:38:55.343 | INFO     | N/A | ⏳ 等待 Profile 更新任务...
2026-07-10 14:39:00.368 | INFO     | N/A | ⏳ 等待 Profile 更新任务...
2026-07-10 14:39:05.394 | INFO     | N/A | ⏳ 等待 Profile 更新任务...
2026-07-10 14:39:10.418 | INFO     | N/A | ⏳ 等待 Profile 更新任务...
2026-07-10 14:39:15.443 | INFO     | N/A | ⏳ 等待 Profile 更新任务...
2026-07-10 14:39:20.467 | INFO     | N/A | ⏳ 等待 Profile 更新任务...
2026-07-10 14:39:25.492 | INFO     | N/A | ⏳ 等待 Profile 更新任务...
2026-07-10 14:39:30.516 | INFO     | N/A | ⏳ 等待 Profile 更新任务...
2026-07-10 14:39:35.540 | INFO     | N/A | ⏳ 等待 Profile 更新任务...
2026-07-10 14:39:40.563 | INFO     | N/A | ⏳ 等待 Profile 更新任务...
2026-07-10 14:39:45.585 | INFO     | N/A | ⏳ 等待 Profile 更新任务...
2026-07-10 14:39:50.618 | INFO     | N/A | ⏳ 等待 Profile 更新任务...
2026-07-10 14:39:55.643 | INFO     | N/A | ⏳ 等待 Profile 更新任务...
2026-07-10 14:40:00.667 | INFO     | N/A | ⏳ 等待 Profile 更新任务...
2026-07-10 14:40:05.692 | INFO     | N/A | ⏳ 等待 Profile 更新任务...
2026-07-10 14:40:10.739 | INFO     | N/A | ⏳ 等待 Profile 更新任务...
2026-07-10 14:40:15.763 | INFO     | N/A | ⏳ 等待 Profile 更新任务...
2026-07-10 14:40:20.788 | INFO     | N/A | ⏳ 等待 Profile 更新任务...
2026-07-10 14:40:25.813 | INFO     | N/A | ⏳ 等待 Profile 更新任务...
2026-07-10 14:40:30.840 | INFO     | N/A | ⏳ 等待 Profile 更新任务...
2026-07-10 14:40:35.863 | INFO     | N/A | ⏳ 等待 Profile 更新任务...
2026-07-10 14:40:40.887 | INFO     | N/A | ⏳ 等待 Profile 更新任务...
2026-07-10 14:40:45.912 | INFO     | N/A | ⏳ 等待 Profile 更新任务...
2026-07-10 14:40:50.941 | INFO     | N/A | ⏳ 等待 Profile 更新任务...
2026-07-10 14:40:55.967 | INFO     | N/A | ⏳ 等待 Profile 更新任务...
2026-07-10 14:41:00.994 | INFO     | N/A | ⏳ 等待 Profile 更新任务...
2026-07-10 14:41:06.017 | INFO     | N/A | ⏳ 等待 Profile 更新任务...
2026-07-10 14:41:11.043 | INFO     | N/A | ⏳ 等待 Profile 更新任务...
2026-07-10 14:41:16.069 | INFO     | N/A | ⏳ 等待 Profile 更新任务...
2026-07-10 14:41:21.093 | INFO     | N/A | ⏳ 等待 Profile 更新任务...
2026-07-10 14:41:26.119 | INFO     | N/A | ⏳ 等待 Profile 更新任务...
2026-07-10 14:41:31.144 | INFO     | N/A | ⏳ 等待 Profile 更新任务...
2026-07-10 14:41:36.170 | INFO     | N/A | ⏳ 等待 Profile 更新任务...
2026-07-10 14:41:41.194 | INFO     | N/A | ⏳ 等待 Profile 更新任务...
2026-07-10 14:41:46.220 | INFO     | N/A | ⏳ 等待 Profile 更新任务...
2026-07-10 14:41:51.243 | INFO     | N/A | ⏳ 等待 Profile 更新任务...
2026-07-10 14:41:56.266 | INFO     | N/A | ⏳ 等待 Profile 更新任务...
2026-07-10 14:42:01.295 | INFO     | N/A | ⏳ 等待 Profile 更新任务...
2026-07-10 14:42:06.322 | INFO     | N/A | ⏳ 等待 Profile 更新任务...
2026-07-10 14:42:11.345 | INFO     | N/A | ⏳ 等待 Profile 更新任务...
2026-07-10 14:42:16.374 | INFO     | N/A | ⏳ 等待 Profile 更新任务...
2026-07-10 14:42:21.401 | INFO     | N/A | ⏳ 等待 Profile 更新任务...
2026-07-10 14:42:26.425 | INFO     | N/A | ⏳ 等待 Profile 更新任务...
2026-07-10 14:42:31.451 | INFO     | N/A | ⏳ 等待 Profile 更新任务...
2026-07-10 14:42:36.473 | INFO     | N/A | ⏳ 等待 Profile 更新任务...
2026-07-10 14:42:41.498 | INFO     | N/A | ⏳ 等待 Profile 更新任务...
2026-07-10 14:42:46.522 | INFO     | N/A | ⏳ 等待 Profile 更新任务...
2026-07-10 14:42:51.548 | INFO     | N/A | ⏳ 等待 Profile 更新任务...
2026-07-10 14:42:56.575 | INFO     | N/A | ⏳ 等待 Profile 更新任务...
2026-07-10 14:43:01.600 | INFO     | N/A | ⏳ 等待 Profile 更新任务...
2026-07-10 14:43:06.627 | INFO     | N/A | ⏳ 等待 Profile 更新任务...
2026-07-10 14:43:11.652 | INFO     | N/A | ⏳ 等待 Profile 更新任务...
2026-07-10 14:43:16.676 | INFO     | N/A | ⏳ 等待 Profile 更新任务...
2026-07-10 14:43:21.701 | INFO     | N/A | ⏳ 等待 Profile 更新任务...
2026-07-10 14:43:26.726 | INFO     | N/A | ⏳ 等待 Profile 更新任务...
2026-07-10 14:43:31.754 | INFO     | N/A | ⏳ 等待 Profile 更新任务...
2026-07-10 14:43:36.778 | INFO     | N/A | ⏳ 等待 Profile 更新任务...
2026-07-10 14:43:41.802 | INFO     | N/A | ⏳ 等待 Profile 更新任务...
2026-07-10 14:43:46.827 | INFO     | N/A | ⏳ 等待 Profile 更新任务...
2026-07-10 14:43:51.852 | INFO     | N/A | ⏳ 等待 Profile 更新任务...
2026-07-10 14:43:56.879 | INFO     | N/A | ⏳ 等待 Profile 更新任务...
2026-07-10 14:44:01.903 | INFO     | N/A | ⏳ 等待 Profile 更新任务...
2026-07-10 14:44:06.927 | INFO     | N/A | ⏳ 等待 Profile 更新任务...
2026-07-10 14:44:11.950 | INFO     | N/A | ⏳ 等待 Profile 更新任务...
2026-07-10 14:44:16.973 | INFO     | N/A | ⏳ 等待 Profile 更新任务...
2026-07-10 14:44:21.999 | INFO     | N/A | ⏳ 等待 Profile 更新任务...
2026-07-10 14:44:27.024 | INFO     | N/A | ⏳ 等待 Profile 更新任务...
2026-07-10 14:44:32.077 | INFO     | N/A | ⏳ 等待 Profile 更新任务...
2026-07-10 14:44:37.104 | INFO     | N/A | ⏳ 等待 Profile 更新任务...
2026-07-10 14:44:42.129 | INFO     | N/A | ⏳ 等待 Profile 更新任务...
2026-07-10 14:44:47.154 | INFO     | N/A | ⏳ 等待 Profile 更新任务...
2026-07-10 14:44:52.180 | INFO     | N/A | ⏳ 等待 Profile 更新任务...
2026-07-10 14:44:57.204 | INFO     | N/A | ⏳ 等待 Profile 更新任务...
2026-07-10 14:45:02.228 | INFO     | N/A | ⏳ 等待 Profile 更新任务...
2026-07-10 14:45:07.253 | INFO     | N/A | ⏳ 等待 Profile 更新任务...
2026-07-10 14:45:12.279 | INFO     | N/A | ⏳ 等待 Profile 更新任务...
2026-07-10 14:45:17.307 | INFO     | N/A | ⏳ 等待 Profile 更新任务...
2026-07-10 14:45:22.324 | INFO     | N/A | ⏳ 等待 Profile 更新任务...
2026-07-10 14:45:27.350 | INFO     | N/A | ⏳ 等待 Profile 更新任务...
2026-07-10 14:45:32.374 | INFO     | N/A | ⏳ 等待 Profile 更新任务...
2026-07-10 14:45:37.397 | INFO     | N/A | ⏳ 等待 Profile 更新任务...
2026-07-10 14:45:42.421 | INFO     | N/A | ⏳ 等待 Profile 更新任务...
2026-07-10 14:45:47.448 | INFO     | N/A | ⏳ 等待 Profile 更新任务...
2026-07-10 14:45:52.473 | INFO     | N/A | ⏳ 等待 Profile 更新任务...
2026-07-10 14:45:57.496 | INFO     | N/A | ⏳ 等待 Profile 更新任务...
2026-07-10 14:46:02.530 | INFO     | N/A | ⏳ 等待 Profile 更新任务...
2026-07-10 14:46:07.554 | INFO     | N/A | ⏳ 等待 Profile 更新任务...
2026-07-10 14:46:12.579 | INFO     | N/A | ⏳ 等待 Profile 更新任务...
2026-07-10 14:46:17.602 | INFO     | N/A | ⏳ 等待 Profile 更新任务...
2026-07-10 14:46:22.627 | INFO     | N/A | ⏳ 等待 Profile 更新任务...
2026-07-10 14:46:27.653 | INFO     | N/A | ⏳ 等待 Profile 更新任务...
2026-07-10 14:46:32.678 | INFO     | N/A | ⏳ 等待 Profile 更新任务...
2026-07-10 14:46:37.704 | INFO     | N/A | ⏳ 等待 Profile 更新任务...
2026-07-10 14:46:42.729 | INFO     | N/A | ⏳ 等待 Profile 更新任务...
2026-07-10 14:46:47.754 | INFO     | N/A | ⏳ 等待 Profile 更新任务...
2026-07-10 14:46:52.783 | INFO     | N/A | ⏳ 等待 Profile 更新任务...
2026-07-10 14:46:57.806 | INFO     | N/A | ⏳ 等待 Profile 更新任务...
2026-07-10 14:47:02.834 | INFO     | N/A | ⏳ 等待 Profile 更新任务...
2026-07-10 14:47:07.860 | INFO     | N/A | ⏳ 等待 Profile 更新任务...
2026-07-10 14:47:12.885 | INFO     | N/A | ⏳ 等待 Profile 更新任务...
2026-07-10 14:47:17.910 | INFO     | N/A | ⏳ 等待 Profile 更新任务...
2026-07-10 14:47:22.935 | INFO     | N/A | ⏳ 等待 Profile 更新任务...
2026-07-10 14:47:27.958 | INFO     | N/A | ⏳ 等待 Profile 更新任务...
2026-07-10 14:47:32.983 | INFO     | N/A | ⏳ 等待 Profile 更新任务...
2026-07-10 14:47:38.007 | INFO     | N/A | ⏳ 等待 Profile 更新任务...
2026-07-10 14:47:43.032 | INFO     | N/A | ⏳ 等待 Profile 更新任务...
2026-07-10 14:47:48.055 | INFO     | N/A | ⏳ 等待 Profile 更新任务...
2026-07-10 14:47:53.078 | INFO     | N/A | ⏳ 等待 Profile 更新任务...
2026-07-10 14:47:58.102 | INFO     | N/A | ⏳ 等待 Profile 更新任务...
2026-07-10 14:48:03.126 | INFO     | N/A | ⏳ 等待 Profile 更新任务...
2026-07-10 14:48:08.152 | INFO     | N/A | ⏳ 等待 Profile 更新任务...
2026-07-10 14:48:13.177 | INFO     | N/A | ⏳ 等待 Profile 更新任务...
2026-07-10 14:48:18.200 | INFO     | N/A | ⏳ 等待 Profile 更新任务...
2026-07-10 14:48:23.245 | INFO     | N/A | ⏳ 等待 Profile 更新任务...
2026-07-10 14:48:28.269 | INFO     | N/A | ⏳ 等待 Profile 更新任务...
2026-07-10 14:48:33.291 | INFO     | N/A | ⏳ 等待 Profile 更新任务...
2026-07-10 14:48:38.315 | INFO     | N/A | ⏳ 等待 Profile 更新任务...
2026-07-10 14:48:43.341 | INFO     | N/A | ⏳ 等待 Profile 更新任务...
2026-07-10 14:48:48.366 | INFO     | N/A | ⏳ 等待 Profile 更新任务...
2026-07-10 14:48:53.389 | INFO     | N/A | ⏳ 等待 Profile 更新任务...
2026-07-10 14:48:58.415 | INFO     | N/A | ⏳ 等待 Profile 更新任务...
2026-07-10 14:49:03.439 | INFO     | N/A | ⏳ 等待 Profile 更新任务...
2026-07-10 14:49:08.465 | INFO     | N/A | ⏳ 等待 Profile 更新任务...
2026-07-10 14:49:13.490 | INFO     | N/A | ⏳ 等待 Profile 更新任务...
2026-07-10 14:49:18.513 | INFO     | N/A | ⏳ 等待 Profile 更新任务...
2026-07-10 14:49:23.541 | INFO     | N/A | ⏳ 等待 Profile 更新任务...
2026-07-10 14:49:28.567 | INFO     | N/A | ⏳ 等待 Profile 更新任务...
2026-07-10 14:49:33.591 | INFO     | N/A | ⏳ 等待 Profile 更新任务...
2026-07-10 14:49:38.616 | INFO     | N/A | ⏳ 等待 Profile 更新任务...
2026-07-10 14:49:43.639 | INFO     | N/A | ⏳ 等待 Profile 更新任务...
2026-07-10 14:49:48.663 | INFO     | N/A | ⏳ 等待 Profile 更新任务...
2026-07-10 14:49:53.689 | INFO     | N/A | ⏳ 等待 Profile 更新任务...
2026-07-10 14:49:58.712 | INFO     | N/A | ⏳ 等待 Profile 更新任务...
2026-07-10 14:50:03.736 | INFO     | N/A | ⏳ 等待 Profile 更新任务...
2026-07-10 14:50:08.761 | INFO     | N/A | ⏳ 等待 Profile 更新任务...
2026-07-10 14:50:13.785 | INFO     | N/A | ⏳ 等待 Profile 更新任务...
2026-07-10 14:50:18.808 | INFO     | N/A | ⏳ 等待 Profile 更新任务...
2026-07-10 14:50:23.834 | INFO     | N/A | ⏳ 等待 Profile 更新任务...
2026-07-10 14:50:28.860 | INFO     | N/A | ⏳ 等待 Profile 更新任务...
2026-07-10 14:50:33.885 | INFO     | N/A | ⏳ 等待 Profile 更新任务...
2026-07-10 14:50:38.909 | INFO     | N/A | ⏳ 等待 Profile 更新任务...
2026-07-10 14:50:43.933 | INFO     | N/A | ⏳ 等待 Profile 更新任务...
2026-07-10 14:50:48.958 | INFO     | N/A | ⏳ 等待 Profile 更新任务...
2026-07-10 14:50:53.987 | INFO     | N/A | ⏳ 等待 Profile 更新任务...
2026-07-10 14:50:59.013 | INFO     | N/A | ⏳ 等待 Profile 更新任务...
2026-07-10 14:51:04.041 | INFO     | N/A | ⏳ 等待 Profile 更新任务...
2026-07-10 14:51:09.066 | INFO     | N/A | ⏳ 等待 Profile 更新任务...
2026-07-10 14:51:14.090 | INFO     | N/A | ⏳ 等待 Profile 更新任务...
2026-07-10 14:51:19.113 | INFO     | N/A | ⏳ 等待 Profile 更新任务...
2026-07-10 14:51:24.139 | INFO     | N/A | ⏳ 等待 Profile 更新任务...
2026-07-10 14:51:29.163 | INFO     | N/A | ⏳ 等待 Profile 更新任务...
2026-07-10 14:51:34.187 | INFO     | N/A | ⏳ 等待 Profile 更新任务...
2026-07-10 14:51:39.209 | INFO     | N/A | ⏳ 等待 Profile 更新任务...
2026-07-10 14:51:44.234 | INFO     | N/A | ⏳ 等待 Profile 更新任务...
2026-07-10 14:51:49.259 | INFO     | N/A | ⏳ 等待 Profile 更新任务...
2026-07-10 14:51:54.286 | INFO     | N/A | ⏳ 等待 Profile 更新任务...
2026-07-10 14:51:59.311 | INFO     | N/A | ⏳ 等待 Profile 更新任务...
2026-07-10 14:52:04.333 | INFO     | N/A | ⏳ 等待 Profile 更新任务...
2026-07-10 14:52:09.360 | INFO     | N/A | ⏳ 等待 Profile 更新任务...
2026-07-10 14:52:14.384 | INFO     | N/A | ⏳ 等待 Profile 更新任务...
2026-07-10 14:52:19.408 | INFO     | N/A | ⏳ 等待 Profile 更新任务...
2026-07-10 14:52:24.436 | INFO     | N/A | ⏳ 等待 Profile 更新任务...
2026-07-10 14:52:29.459 | INFO     | N/A | ⏳ 等待 Profile 更新任务...
2026-07-10 14:52:34.487 | INFO     | N/A | ⏳ 等待 Profile 更新任务...
2026-07-10 14:52:39.511 | INFO     | N/A | ⏳ 等待 Profile 更新任务...
2026-07-10 14:52:44.536 | INFO     | N/A | ⏳ 等待 Profile 更新任务...
2026-07-10 14:52:49.565 | INFO     | N/A | ⏳ 等待 Profile 更新任务...
2026-07-10 14:52:54.590 | INFO     | N/A | ⏳ 等待 Profile 更新任务...
2026-07-10 14:52:59.613 | INFO     | N/A | ⏳ 等待 Profile 更新任务...
2026-07-10 14:53:04.639 | INFO     | N/A | ⏳ 等待 Profile 更新任务...
2026-07-10 14:53:09.663 | INFO     | N/A | ⏳ 等待 Profile 更新任务...
2026-07-10 14:53:14.686 | INFO     | N/A | ⏳ 等待 Profile 更新任务...
2026-07-10 14:53:19.710 | INFO     | N/A | ⏳ 等待 Profile 更新任务...
2026-07-10 14:53:24.733 | INFO     | N/A | ⏳ 等待 Profile 更新任务...
2026-07-10 14:53:29.757 | INFO     | N/A | ⏳ 等待 Profile 更新任务...
2026-07-10 14:53:34.781 | INFO     | N/A | ⏳ 等待 Profile 更新任务...
2026-07-10 14:53:39.803 | INFO     | N/A | ⏳ 等待 Profile 更新任务...
2026-07-10 14:53:44.828 | INFO     | N/A | ⏳ 等待 Profile 更新任务...
2026-07-10 14:53:49.851 | INFO     | N/A | ⏳ 等待 Profile 更新任务...
2026-07-10 14:53:54.878 | INFO     | N/A | ⏳ 等待 Profile 更新任务...
2026-07-10 14:53:59.903 | INFO     | N/A | ⏳ 等待 Profile 更新任务...
2026-07-10 14:54:04.927 | INFO     | N/A | ⏳ 等待 Profile 更新任务...
2026-07-10 14:54:09.955 | INFO     | N/A | ⏳ 等待 Profile 更新任务...
2026-07-10 14:54:14.981 | INFO     | N/A | ⏳ 等待 Profile 更新任务...
2026-07-10 14:54:20.006 | INFO     | N/A | ⏳ 等待 Profile 更新任务...
2026-07-10 14:54:25.034 | INFO     | N/A | ⏳ 等待 Profile 更新任务...
2026-07-10 14:54:30.058 | INFO     | N/A | ⏳ 等待 Profile 更新任务...
2026-07-10 14:54:35.082 | INFO     | N/A | ⏳ 等待 Profile 更新任务...
2026-07-10 14:54:40.108 | INFO     | N/A | ⏳ 等待 Profile 更新任务...
2026-07-10 14:54:45.131 | INFO     | N/A | ⏳ 等待 Profile 更新任务...
2026-07-10 14:54:50.157 | INFO     | N/A | ⏳ 等待 Profile 更新任务...
2026-07-10 14:54:55.182 | INFO     | N/A | ⏳ 等待 Profile 更新任务...
2026-07-10 14:55:00.205 | INFO     | N/A | ⏳ 等待 Profile 更新任务...
2026-07-10 14:55:05.231 | INFO     | N/A | ⏳ 等待 Profile 更新任务...
2026-07-10 14:55:10.257 | INFO     | N/A | ⏳ 等待 Profile 更新任务...
2026-07-10 14:55:15.284 | INFO     | N/A | ⏳ 等待 Profile 更新任务...
2026-07-10 14:55:20.308 | INFO     | N/A | ⏳ 等待 Profile 更新任务...
2026-07-10 14:55:25.332 | INFO     | N/A | ⏳ 等待 Profile 更新任务...
2026-07-10 14:55:30.354 | INFO     | N/A | ⏳ 等待 Profile 更新任务...
2026-07-10 14:55:35.379 | INFO     | N/A | ⏳ 等待 Profile 更新任务...
2026-07-10 14:55:40.401 | INFO     | N/A | ⏳ 等待 Profile 更新任务...
2026-07-10 14:55:45.426 | INFO     | N/A | ⏳ 等待 Profile 更新任务...
2026-07-10 14:55:50.450 | INFO     | N/A | ⏳ 等待 Profile 更新任务...
2026-07-10 14:55:55.474 | INFO     | N/A | ⏳ 等待 Profile 更新任务...
2026-07-10 14:56:00.497 | INFO     | N/A | ⏳ 等待 Profile 更新任务...
2026-07-10 14:56:05.521 | INFO     | N/A | ⏳ 等待 Profile 更新任务...
2026-07-10 14:56:10.548 | INFO     | N/A | ⏳ 等待 Profile 更新任务...
2026-07-10 14:56:15.570 | INFO     | N/A | ⏳ 等待 Profile 更新任务...
2026-07-10 14:56:20.594 | INFO     | N/A | ⏳ 等待 Profile 更新任务...
2026-07-10 14:56:25.622 | INFO     | N/A | ⏳ 等待 Profile 更新任务...
2026-07-10 14:56:30.645 | INFO     | N/A | ⏳ 等待 Profile 更新任务...
2026-07-10 14:56:35.669 | INFO     | N/A | ⏳ 等待 Profile 更新任务...
2026-07-10 14:56:40.691 | INFO     | N/A | ⏳ 等待 Profile 更新任务...
2026-07-10 14:56:45.714 | INFO     | N/A | ⏳ 等待 Profile 更新任务...
2026-07-10 14:56:50.739 | INFO     | N/A | ⏳ 等待 Profile 更新任务...
2026-07-10 14:56:55.761 | INFO     | N/A | ⏳ 等待 Profile 更新任务...
2026-07-10 14:57:00.788 | INFO     | N/A | ⏳ 等待 Profile 更新任务...
2026-07-10 14:57:05.812 | INFO     | N/A | ⏳ 等待 Profile 更新任务...
2026-07-10 14:57:10.837 | INFO     | N/A | ⏳ 等待 Profile 更新任务...
2026-07-10 14:57:15.864 | INFO     | N/A | ⏳ 等待 Profile 更新任务...
2026-07-10 14:57:20.889 | INFO     | N/A | ⏳ 等待 Profile 更新任务...
2026-07-10 14:57:25.914 | INFO     | N/A | ⏳ 等待 Profile 更新任务...
2026-07-10 14:57:30.937 | INFO     | N/A | ⏳ 等待 Profile 更新任务...
2026-07-10 14:57:35.960 | INFO     | N/A | ⏳ 等待 Profile 更新任务...
2026-07-10 14:57:40.985 | INFO     | N/A | ⏳ 等待 Profile 更新任务...
2026-07-10 14:57:46.010 | INFO     | N/A | ⏳ 等待 Profile 更新任务...
2026-07-10 14:57:51.032 | INFO     | N/A | ⏳ 等待 Profile 更新任务...
2026-07-10 14:57:56.057 | INFO     | N/A | ⏳ 等待 Profile 更新任务...
2026-07-10 14:58:01.081 | INFO     | N/A | ⏳ 等待 Profile 更新任务...
2026-07-10 14:58:06.105 | INFO     | N/A | ⏳ 等待 Profile 更新任务...
2026-07-10 14:58:11.130 | INFO     | N/A | ⏳ 等待 Profile 更新任务...
2026-07-10 14:58:16.156 | INFO     | N/A | ⏳ 等待 Profile 更新任务...
2026-07-10 14:58:21.181 | INFO     | N/A | ⏳ 等待 Profile 更新任务...
2026-07-10 14:58:26.206 | INFO     | N/A | ⏳ 等待 Profile 更新任务...
2026-07-10 14:58:31.232 | INFO     | N/A | ⏳ 等待 Profile 更新任务...
2026-07-10 14:58:36.256 | INFO     | N/A | ⏳ 等待 Profile 更新任务...
2026-07-10 14:58:41.279 | INFO     | N/A | ⏳ 等待 Profile 更新任务...
2026-07-10 14:58:46.305 | INFO     | N/A | ⏳ 等待 Profile 更新任务...
2026-07-10 14:58:51.328 | INFO     | N/A | ⏳ 等待 Profile 更新任务...
2026-07-10 14:58:56.352 | INFO     | N/A | ⏳ 等待 Profile 更新任务...
2026-07-10 14:59:01.376 | INFO     | N/A | ⏳ 等待 Profile 更新任务...
2026-07-10 14:59:06.399 | INFO     | N/A | ⏳ 等待 Profile 更新任务...
2026-07-10 14:59:11.429 | INFO     | N/A | ⏳ 等待 Profile 更新任务...
2026-07-10 14:59:16.454 | INFO     | N/A | ⏳ 等待 Profile 更新任务...
2026-07-10 14:59:21.481 | INFO     | N/A | ⏳ 等待 Profile 更新任务...
2026-07-10 14:59:26.506 | INFO     | N/A | ⏳ 等待 Profile 更新任务...
2026-07-10 14:59:31.530 | INFO     | N/A | ⏳ 等待 Profile 更新任务...
2026-07-10 14:59:36.554 | INFO     | N/A | ⏳ 等待 Profile 更新任务...
2026-07-10 14:59:41.578 | INFO     | N/A | ⏳ 等待 Profile 更新任务...
2026-07-10 14:59:46.603 | INFO     | N/A | ⏳ 等待 Profile 更新任务...
2026-07-10 14:59:51.626 | INFO     | N/A | ⏳ 等待 Profile 更新任务...
2026-07-10 14:59:56.650 | INFO     | N/A | ⏳ 等待 Profile 更新任务...
2026-07-10 15:00:01.674 | INFO     | N/A | ⏳ 等待 Profile 更新任务...
2026-07-10 15:00:06.697 | INFO     | N/A | ⏳ 等待 Profile 更新任务...
2026-07-10 15:00:11.723 | INFO     | N/A | ⏳ 等待 Profile 更新任务...
2026-07-10 15:00:16.746 | INFO     | N/A | ⏳ 等待 Profile 更新任务...
2026-07-10 15:00:21.769 | INFO     | N/A | ⏳ 等待 Profile 更新任务...
2026-07-10 15:00:26.793 | INFO     | N/A | ⏳ 等待 Profile 更新任务...
2026-07-10 15:00:31.818 | INFO     | N/A | ⏳ 等待 Profile 更新任务...
2026-07-10 15:00:36.844 | INFO     | N/A | ⏳ 等待 Profile 更新任务...
2026-07-10 15:00:41.867 | INFO     | N/A | ⏳ 等待 Profile 更新任务...
2026-07-10 15:00:46.889 | INFO     | N/A | ⏳ 等待 Profile 更新任务...
2026-07-10 15:00:51.913 | INFO     | N/A | ⏳ 等待 Profile 更新任务...
2026-07-10 15:00:56.937 | INFO     | N/A | ⏳ 等待 Profile 更新任务...
2026-07-10 15:01:01.966 | INFO     | N/A | ⏳ 等待 Profile 更新任务...
2026-07-10 15:01:06.990 | INFO     | N/A | ⏳ 等待 Profile 更新任务...
2026-07-10 15:01:12.015 | INFO     | N/A | ⏳ 等待 Profile 更新任务...
2026-07-10 15:01:17.041 | INFO     | N/A | ⏳ 等待 Profile 更新任务...
2026-07-10 15:01:22.065 | INFO     | N/A | ⏳ 等待 Profile 更新任务...
2026-07-10 15:01:27.089 | INFO     | N/A | ⏳ 等待 Profile 更新任务...
2026-07-10 15:01:32.114 | INFO     | N/A | ⏳ 等待 Profile 更新任务...
2026-07-10 15:01:37.138 | INFO     | N/A | ⏳ 等待 Profile 更新任务...
2026-07-10 15:01:42.163 | INFO     | N/A | ⏳ 等待 Profile 更新任务...
2026-07-10 15:01:47.188 | INFO     | N/A | ⏳ 等待 Profile 更新任务...
2026-07-10 15:01:52.211 | INFO     | N/A | ⏳ 等待 Profile 更新任务...
2026-07-10 15:01:57.235 | INFO     | N/A | ⏳ 等待 Profile 更新任务...
2026-07-10 15:02:02.258 | INFO     | N/A | ⏳ 等待 Profile 更新任务...
2026-07-10 15:02:07.282 | INFO     | N/A | ⏳ 等待 Profile 更新任务...
2026-07-10 15:02:12.306 | INFO     | N/A | ⏳ 等待 Profile 更新任务...
2026-07-10 15:02:17.332 | INFO     | N/A | ⏳ 等待 Profile 更新任务...
2026-07-10 15:02:22.358 | INFO     | N/A | ⏳ 等待 Profile 更新任务...
2026-07-10 15:02:27.381 | INFO     | N/A | ⏳ 等待 Profile 更新任务...
2026-07-10 15:02:32.404 | INFO     | N/A | ⏳ 等待 Profile 更新任务...
2026-07-10 15:02:37.429 | INFO     | N/A | ⏳ 等待 Profile 更新任务...
2026-07-10 15:02:42.452 | INFO     | N/A | ⏳ 等待 Profile 更新任务...
2026-07-10 15:02:47.479 | INFO     | N/A | ⏳ 等待 Profile 更新任务...
2026-07-10 15:02:52.504 | INFO     | N/A | ⏳ 等待 Profile 更新任务...
2026-07-10 15:02:57.528 | INFO     | N/A | ⏳ 等待 Profile 更新任务...
2026-07-10 15:03:02.553 | INFO     | N/A | ⏳ 等待 Profile 更新任务...
2026-07-10 15:03:07.577 | INFO     | N/A | ⏳ 等待 Profile 更新任务...
2026-07-10 15:03:12.604 | INFO     | N/A | ⏳ 等待 Profile 更新任务...
2026-07-10 15:03:17.628 | INFO     | N/A | ⏳ 等待 Profile 更新任务...
2026-07-10 15:03:22.654 | INFO     | N/A | ⏳ 等待 Profile 更新任务...
2026-07-10 15:03:27.679 | INFO     | N/A | ⏳ 等待 Profile 更新任务...
2026-07-10 15:03:32.702 | INFO     | N/A | ⏳ 等待 Profile 更新任务...
2026-07-10 15:03:37.729 | INFO     | N/A | ⏳ 等待 Profile 更新任务...
2026-07-10 15:03:42.753 | INFO     | N/A | ⏳ 等待 Profile 更新任务...
2026-07-10 15:03:47.777 | INFO     | N/A | ⏳ 等待 Profile 更新任务...
2026-07-10 15:03:52.800 | INFO     | N/A | ⏳ 等待 Profile 更新任务...
2026-07-10 15:03:57.826 | INFO     | N/A | ⏳ 等待 Profile 更新任务...
2026-07-10 15:04:02.852 | INFO     | N/A | ⏳ 等待 Profile 更新任务...
2026-07-10 15:04:07.919 | INFO     | N/A | ⏳ 等待 Profile 更新任务...
2026-07-10 15:04:12.944 | INFO     | N/A | ⏳ 等待 Profile 更新任务...
2026-07-10 15:04:17.975 | INFO     | N/A | ⏳ 等待 Profile 更新任务...
2026-07-10 15:04:22.998 | INFO     | N/A | ⏳ 等待 Profile 更新任务...
2026-07-10 15:04:28.022 | INFO     | N/A | ⏳ 等待 Profile 更新任务...
2026-07-10 15:04:33.046 | INFO     | N/A | ⏳ 等待 Profile 更新任务...
2026-07-10 15:04:38.070 | INFO     | N/A | ⏳ 等待 Profile 更新任务...
2026-07-10 15:04:43.095 | INFO     | N/A | ⏳ 等待 Profile 更新任务...
2026-07-10 15:04:48.119 | INFO     | N/A | ⏳ 等待 Profile 更新任务...
2026-07-10 15:04:53.143 | INFO     | N/A | ⏳ 等待 Profile 更新任务...
2026-07-10 15:04:58.170 | INFO     | N/A | ⏳ 等待 Profile 更新任务...
2026-07-10 15:05:03.194 | INFO     | N/A | ⏳ 等待 Profile 更新任务...
2026-07-10 15:05:08.218 | INFO     | N/A | ⏳ 等待 Profile 更新任务...
2026-07-10 15:05:13.243 | INFO     | N/A | ⏳ 等待 Profile 更新任务...
2026-07-10 15:05:18.271 | INFO     | N/A | ⏳ 等待 Profile 更新任务...
2026-07-10 15:05:23.294 | INFO     | N/A | ⏳ 等待 Profile 更新任务...
2026-07-10 15:05:28.319 | INFO     | N/A | ⏳ 等待 Profile 更新任务...
2026-07-10 15:05:33.345 | INFO     | N/A | ⏳ 等待 Profile 更新任务...
2026-07-10 15:05:38.371 | INFO     | N/A | ⏳ 等待 Profile 更新任务...
2026-07-10 15:05:43.396 | INFO     | N/A | ⏳ 等待 Profile 更新任务...
2026-07-10 15:05:48.420 | INFO     | N/A | ⏳ 等待 Profile 更新任务...
2026-07-10 15:05:53.443 | INFO     | N/A | ⏳ 等待 Profile 更新任务...
2026-07-10 15:05:58.465 | INFO     | N/A | ⏳ 等待 Profile 更新任务...
2026-07-10 15:06:03.487 | INFO     | N/A | ⏳ 等待 Profile 更新任务...
2026-07-10 15:06:08.510 | INFO     | N/A | ⏳ 等待 Profile 更新任务...
2026-07-10 15:06:13.535 | INFO     | N/A | ⏳ 等待 Profile 更新任务...
2026-07-10 15:06:18.558 | INFO     | N/A | ⏳ 等待 Profile 更新任务...
2026-07-10 15:06:23.583 | INFO     | N/A | ⏳ 等待 Profile 更新任务...
2026-07-10 15:06:28.603 | INFO     | N/A | ⏳ 等待 Profile 更新任务...
2026-07-10 15:06:33.628 | INFO     | N/A | ⏳ 等待 Profile 更新任务...
2026-07-10 15:06:38.651 | INFO     | N/A | ⏳ 等待 Profile 更新任务...
2026-07-10 15:06:43.676 | INFO     | N/A | ⏳ 等待 Profile 更新任务...
2026-07-10 15:06:48.700 | INFO     | N/A | ⏳ 等待 Profile 更新任务...
2026-07-10 15:06:53.723 | INFO     | N/A | ⏳ 等待 Profile 更新任务...
2026-07-10 15:06:58.751 | INFO     | N/A | ⏳ 等待 Profile 更新任务...
2026-07-10 15:07:03.776 | INFO     | N/A | ⏳ 等待 Profile 更新任务...
2026-07-10 15:07:08.803 | INFO     | N/A | ⏳ 等待 Profile 更新任务...
2026-07-10 15:07:13.828 | INFO     | N/A | ⏳ 等待 Profile 更新任务...
2026-07-10 15:07:18.855 | INFO     | N/A | ⏳ 等待 Profile 更新任务...
2026-07-10 15:07:23.879 | INFO     | N/A | ⏳ 等待 Profile 更新任务...
2026-07-10 15:07:28.904 | INFO     | N/A | ⏳ 等待 Profile 更新任务...
2026-07-10 15:07:33.928 | INFO     | N/A | ⏳ 等待 Profile 更新任务...
2026-07-10 15:07:38.951 | INFO     | N/A | ⏳ 等待 Profile 更新任务...
2026-07-10 15:07:43.975 | INFO     | N/A | ⏳ 等待 Profile 更新任务...
2026-07-10 15:07:48.998 | INFO     | N/A | ⏳ 等待 Profile 更新任务...
2026-07-10 15:07:54.024 | INFO     | N/A | ⏳ 等待 Profile 更新任务...
2026-07-10 15:07:59.050 | INFO     | N/A | ⏳ 等待 Profile 更新任务...
2026-07-10 15:08:04.074 | INFO     | N/A | ⏳ 等待 Profile 更新任务...
2026-07-10 15:08:09.098 | INFO     | N/A | ⏳ 等待 Profile 更新任务...
2026-07-10 15:08:14.121 | INFO     | N/A | ⏳ 等待 Profile 更新任务...
2026-07-10 15:08:19.144 | INFO     | N/A | ⏳ 等待 Profile 更新任务...
2026-07-10 15:08:24.169 | INFO     | N/A | ⏳ 等待 Profile 更新任务...
2026-07-10 15:08:29.194 | INFO     | N/A | ⏳ 等待 Profile 更新任务...
2026-07-10 15:08:34.219 | INFO     | N/A | ⏳ 等待 Profile 更新任务...
2026-07-10 15:08:39.243 | INFO     | N/A | ⏳ 等待 Profile 更新任务...
2026-07-10 15:08:44.269 | INFO     | N/A | ⏳ 等待 Profile 更新任务...
2026-07-10 15:08:49.293 | INFO     | N/A | ⏳ 等待 Profile 更新任务...
2026-07-10 15:08:54.317 | INFO     | N/A | ⏳ 等待 Profile 更新任务...
2026-07-10 15:08:59.342 | INFO     | N/A | ⏳ 等待 Profile 更新任务...
2026-07-10 15:09:04.365 | INFO     | N/A | ⏳ 等待 Profile 更新任务...
2026-07-10 15:09:09.389 | INFO     | N/A | ⏳ 等待 Profile 更新任务...
2026-07-10 15:09:14.413 | INFO     | N/A | ⏳ 等待 Profile 更新任务...
2026-07-10 15:09:19.451 | INFO     | N/A | ⏳ 等待 Profile 更新任务...
2026-07-10 15:09:24.472 | INFO     | N/A | ⏳ 等待 Profile 更新任务...
2026-07-10 15:09:29.502 | INFO     | N/A | ⏳ 等待 Profile 更新任务...
2026-07-10 15:09:34.526 | INFO     | N/A | ⏳ 等待 Profile 更新任务...
2026-07-10 15:09:39.550 | INFO     | N/A | ⏳ 等待 Profile 更新任务...
2026-07-10 15:09:44.572 | INFO     | N/A | ⏳ 等待 Profile 更新任务...
2026-07-10 15:09:49.599 | INFO     | N/A | ⏳ 等待 Profile 更新任务...
2026-07-10 15:09:54.624 | INFO     | N/A | ⏳ 等待 Profile 更新任务...
2026-07-10 15:09:59.651 | INFO     | N/A | ⏳ 等待 Profile 更新任务...
2026-07-10 15:10:04.677 | INFO     | N/A | ⏳ 等待 Profile 更新任务...
2026-07-10 15:10:09.702 | INFO     | N/A | ⏳ 等待 Profile 更新任务...
2026-07-10 15:10:14.727 | INFO     | N/A | ⏳ 等待 Profile 更新任务...
2026-07-10 15:10:19.753 | INFO     | N/A | ⏳ 等待 Profile 更新任务...
2026-07-10 15:10:24.778 | INFO     | N/A | ⏳ 等待 Profile 更新任务...
2026-07-10 15:10:29.802 | INFO     | N/A | ⏳ 等待 Profile 更新任务...
2026-07-10 15:10:34.826 | INFO     | N/A | ⏳ 等待 Profile 更新任务...
2026-07-10 15:10:39.851 | INFO     | N/A | ⏳ 等待 Profile 更新任务...
2026-07-10 15:10:44.874 | INFO     | N/A | ⏳ 等待 Profile 更新任务...
2026-07-10 15:10:49.897 | INFO     | N/A | ⏳ 等待 Profile 更新任务...
2026-07-10 15:10:54.922 | INFO     | N/A | ⏳ 等待 Profile 更新任务...
2026-07-10 15:10:59.948 | INFO     | N/A | ⏳ 等待 Profile 更新任务...
2026-07-10 15:11:04.971 | INFO     | N/A | ⏳ 等待 Profile 更新任务...
2026-07-10 15:11:09.995 | INFO     | N/A | ⏳ 等待 Profile 更新任务...
2026-07-10 15:11:15.018 | INFO     | N/A | ⏳ 等待 Profile 更新任务...
2026-07-10 15:11:20.043 | INFO     | N/A | ⏳ 等待 Profile 更新任务...
2026-07-10 15:11:25.066 | INFO     | N/A | ⏳ 等待 Profile 更新任务...
2026-07-10 15:11:30.093 | INFO     | N/A | ⏳ 等待 Profile 更新任务...
2026-07-10 15:11:35.116 | INFO     | N/A | ⏳ 等待 Profile 更新任务...
2026-07-10 15:11:40.140 | INFO     | N/A | ⏳ 等待 Profile 更新任务...
2026-07-10 15:11:45.165 | INFO     | N/A | ⏳ 等待 Profile 更新任务...
2026-07-10 15:11:50.189 | INFO     | N/A | ⏳ 等待 Profile 更新任务...
2026-07-10 15:11:55.214 | INFO     | N/A | ⏳ 等待 Profile 更新任务...
2026-07-10 15:12:00.237 | INFO     | N/A | ⏳ 等待 Profile 更新任务...
2026-07-10 15:12:05.261 | INFO     | N/A | ⏳ 等待 Profile 更新任务...
2026-07-10 15:12:10.299 | INFO     | N/A | ⏳ 等待 Profile 更新任务...
2026-07-10 15:12:15.324 | INFO     | N/A | ⏳ 等待 Profile 更新任务...
2026-07-10 15:12:20.351 | INFO     | N/A | ⏳ 等待 Profile 更新任务...
2026-07-10 15:12:25.376 | INFO     | N/A | ⏳ 等待 Profile 更新任务...
2026-07-10 15:12:30.401 | INFO     | N/A | ⏳ 等待 Profile 更新任务...
2026-07-10 15:12:35.424 | INFO     | N/A | ⏳ 等待 Profile 更新任务...
2026-07-10 15:12:40.447 | INFO     | N/A | ⏳ 等待 Profile 更新任务...
2026-07-10 15:12:45.472 | INFO     | N/A | ⏳ 等待 Profile 更新任务...
2026-07-10 15:12:50.497 | INFO     | N/A | ⏳ 等待 Profile 更新任务...
2026-07-10 15:12:55.520 | INFO     | N/A | ⏳ 等待 Profile 更新任务...
2026-07-10 15:13:00.542 | INFO     | N/A | ⏳ 等待 Profile 更新任务...
2026-07-10 15:13:05.565 | INFO     | N/A | ⏳ 等待 Profile 更新任务...
2026-07-10 15:13:10.587 | INFO     | N/A | ⏳ 等待 Profile 更新任务...
2026-07-10 15:13:15.612 | INFO     | N/A | ⏳ 等待 Profile 更新任务...
2026-07-10 15:13:20.642 | INFO     | N/A | ⏳ 等待 Profile 更新任务...
2026-07-10 15:13:25.668 | INFO     | N/A | ⏳ 等待 Profile 更新任务...
2026-07-10 15:13:30.696 | INFO     | N/A | ⏳ 等待 Profile 更新任务...
2026-07-10 15:13:35.718 | INFO     | N/A | ⏳ 等待 Profile 更新任务...
2026-07-10 15:13:40.740 | INFO     | N/A | ⏳ 等待 Profile 更新任务...
2026-07-10 15:13:45.765 | INFO     | N/A | ⏳ 等待 Profile 更新任务...
2026-07-10 15:13:50.790 | INFO     | N/A | ⏳ 等待 Profile 更新任务...
2026-07-10 15:13:55.814 | INFO     | N/A | ⏳ 等待 Profile 更新任务...
2026-07-10 15:14:00.839 | INFO     | N/A | ⏳ 等待 Profile 更新任务...
2026-07-10 15:14:05.860 | INFO     | N/A | ⏳ 等待 Profile 更新任务...
2026-07-10 15:14:10.885 | INFO     | N/A | ⏳ 等待 Profile 更新任务...
2026-07-10 15:14:15.910 | INFO     | N/A | ⏳ 等待 Profile 更新任务...
2026-07-10 15:14:20.933 | INFO     | N/A | ⏳ 等待 Profile 更新任务...
2026-07-10 15:14:25.957 | INFO     | N/A | ⏳ 等待 Profile 更新任务...
2026-07-10 15:14:30.981 | INFO     | N/A | ⏳ 等待 Profile 更新任务...
2026-07-10 15:14:36.005 | INFO     | N/A | ⏳ 等待 Profile 更新任务...
2026-07-10 15:14:41.030 | INFO     | N/A | ⏳ 等待 Profile 更新任务...
2026-07-10 15:14:46.055 | INFO     | N/A | ⏳ 等待 Profile 更新任务...
2026-07-10 15:14:51.080 | INFO     | N/A | ⏳ 等待 Profile 更新任务...
2026-07-10 15:14:56.105 | INFO     | N/A | ⏳ 等待 Profile 更新任务...
2026-07-10 15:15:01.129 | INFO     | N/A | ⏳ 等待 Profile 更新任务...
2026-07-10 15:15:06.155 | INFO     | N/A | ⏳ 等待 Profile 更新任务...
2026-07-10 15:15:11.178 | INFO     | N/A | ⏳ 等待 Profile 更新任务...
2026-07-10 15:15:16.202 | INFO     | N/A | ⏳ 等待 Profile 更新任务...
2026-07-10 15:15:21.224 | INFO     | N/A | ⏳ 等待 Profile 更新任务...
2026-07-10 15:15:26.248 | INFO     | N/A | ⏳ 等待 Profile 更新任务...
2026-07-10 15:15:31.275 | INFO     | N/A | ⏳ 等待 Profile 更新任务...
2026-07-10 15:15:36.299 | INFO     | N/A | ⏳ 等待 Profile 更新任务...
2026-07-10 15:15:41.325 | INFO     | N/A | ⏳ 等待 Profile 更新任务...
2026-07-10 15:15:46.349 | INFO     | N/A | ⏳ 等待 Profile 更新任务...
2026-07-10 15:15:51.372 | INFO     | N/A | ⏳ 等待 Profile 更新任务...
2026-07-10 15:15:56.395 | INFO     | N/A | ⏳ 等待 Profile 更新任务...
2026-07-10 15:16:01.419 | INFO     | N/A | ⏳ 等待 Profile 更新任务...
2026-07-10 15:16:06.442 | INFO     | N/A | ⏳ 等待 Profile 更新任务...
2026-07-10 15:16:11.467 | INFO     | N/A | ⏳ 等待 Profile 更新任务...
2026-07-10 15:16:16.491 | INFO     | N/A | ⏳ 等待 Profile 更新任务...
2026-07-10 15:16:21.515 | INFO     | N/A | ⏳ 等待 Profile 更新任务...
2026-07-10 15:16:26.540 | INFO     | N/A | ⏳ 等待 Profile 更新任务...
2026-07-10 15:16:31.567 | INFO     | N/A | ⏳ 等待 Profile 更新任务...
2026-07-10 15:16:36.592 | INFO     | N/A | ⏳ 等待 Profile 更新任务...
2026-07-10 15:16:41.617 | INFO     | N/A | ⏳ 等待 Profile 更新任务...
2026-07-10 15:16:46.641 | INFO     | N/A | ⏳ 等待 Profile 更新任务...
2026-07-10 15:16:51.667 | INFO     | N/A | ⏳ 等待 Profile 更新任务...
2026-07-10 15:16:56.691 | INFO     | N/A | ⏳ 等待 Profile 更新任务...
2026-07-10 15:17:01.717 | INFO     | N/A | ⏳ 等待 Profile 更新任务...
2026-07-10 15:17:06.740 | INFO     | N/A | ⏳ 等待 Profile 更新任务...
2026-07-10 15:17:11.764 | INFO     | N/A | ⏳ 等待 Profile 更新任务...
2026-07-10 15:17:16.789 | INFO     | N/A | ⏳ 等待 Profile 更新任务...
2026-07-10 15:17:21.812 | INFO     | N/A | ⏳ 等待 Profile 更新任务...
2026-07-10 15:17:26.836 | INFO     | N/A | ⏳ 等待 Profile 更新任务...
2026-07-10 15:17:31.861 | INFO     | N/A | ⏳ 等待 Profile 更新任务...
2026-07-10 15:17:36.885 | INFO     | N/A | ⏳ 等待 Profile 更新任务...
2026-07-10 15:17:41.909 | INFO     | N/A | ⏳ 等待 Profile 更新任务...
2026-07-10 15:17:46.936 | INFO     | N/A | ⏳ 等待 Profile 更新任务...
2026-07-10 15:17:51.959 | INFO     | N/A | ⏳ 等待 Profile 更新任务...
2026-07-10 15:17:56.984 | INFO     | N/A | ⏳ 等待 Profile 更新任务...
2026-07-10 15:18:02.011 | INFO     | N/A | ⏳ 等待 Profile 更新任务...
2026-07-10 15:18:07.034 | INFO     | N/A | ⏳ 等待 Profile 更新任务...
2026-07-10 15:18:12.056 | INFO     | N/A | ⏳ 等待 Profile 更新任务...
2026-07-10 15:18:17.080 | INFO     | N/A | ⏳ 等待 Profile 更新任务...
2026-07-10 15:18:22.105 | INFO     | N/A | ⏳ 等待 Profile 更新任务...
2026-07-10 15:18:27.128 | INFO     | N/A | ⏳ 等待 Profile 更新任务...
2026-07-10 15:18:32.151 | INFO     | N/A | ⏳ 等待 Profile 更新任务...
2026-07-10 15:18:37.175 | INFO     | N/A | ⏳ 等待 Profile 更新任务...
2026-07-10 15:18:42.199 | INFO     | N/A | ⏳ 等待 Profile 更新任务...
2026-07-10 15:18:47.222 | INFO     | N/A | ⏳ 等待 Profile 更新任务...
2026-07-10 15:18:52.246 | INFO     | N/A | ⏳ 等待 Profile 更新任务...
2026-07-10 15:18:57.270 | INFO     | N/A | ⏳ 等待 Profile 更新任务...
2026-07-10 15:19:02.293 | INFO     | N/A | ⏳ 等待 Profile 更新任务...
2026-07-10 15:19:07.314 | INFO     | N/A | ⏳ 等待 Profile 更新任务...
2026-07-10 15:19:12.341 | INFO     | N/A | ⏳ 等待 Profile 更新任务...
2026-07-10 15:19:17.364 | INFO     | N/A | ⏳ 等待 Profile 更新任务...
2026-07-10 15:19:22.389 | INFO     | N/A | ⏳ 等待 Profile 更新任务...
2026-07-10 15:19:27.415 | INFO     | N/A | ⏳ 等待 Profile 更新任务...
2026-07-10 15:19:32.441 | INFO     | N/A | ⏳ 等待 Profile 更新任务...
2026-07-10 15:19:37.467 | INFO     | N/A | ⏳ 等待 Profile 更新任务...
2026-07-10 15:19:42.494 | INFO     | N/A | ⏳ 等待 Profile 更新任务...
2026-07-10 15:19:47.518 | INFO     | N/A | ⏳ 等待 Profile 更新任务...
2026-07-10 15:19:52.541 | INFO     | N/A | ⏳ 等待 Profile 更新任务...
2026-07-10 15:19:57.565 | INFO     | N/A | ⏳ 等待 Profile 更新任务...
2026-07-10 15:20:02.588 | INFO     | N/A | ⏳ 等待 Profile 更新任务...
2026-07-10 15:20:07.611 | INFO     | N/A | ⏳ 等待 Profile 更新任务...
2026-07-10 15:20:12.634 | INFO     | N/A | ⏳ 等待 Profile 更新任务...
2026-07-10 15:20:17.656 | INFO     | N/A | ⏳ 等待 Profile 更新任务...
2026-07-10 15:20:22.679 | INFO     | N/A | ⏳ 等待 Profile 更新任务...
2026-07-10 15:20:27.706 | INFO     | N/A | ⏳ 等待 Profile 更新任务...
2026-07-10 15:20:32.734 | INFO     | N/A | ⏳ 等待 Profile 更新任务...
2026-07-10 15:20:37.758 | INFO     | N/A | ⏳ 等待 Profile 更新任务...
2026-07-10 15:20:42.779 | INFO     | N/A | ⏳ 等待 Profile 更新任务...
2026-07-10 15:20:47.802 | INFO     | N/A | ⏳ 等待 Profile 更新任务...
2026-07-10 15:20:52.827 | INFO     | N/A | ⏳ 等待 Profile 更新任务...
2026-07-10 15:20:57.850 | INFO     | N/A | ⏳ 等待 Profile 更新任务...
2026-07-10 15:21:02.873 | INFO     | N/A | ⏳ 等待 Profile 更新任务...
2026-07-10 15:21:07.896 | INFO     | N/A | ⏳ 等待 Profile 更新任务...
2026-07-10 15:21:12.919 | INFO     | N/A | ⏳ 等待 Profile 更新任务...
2026-07-10 15:21:17.943 | INFO     | N/A | ⏳ 等待 Profile 更新任务...
2026-07-10 15:21:22.967 | INFO     | N/A | ⏳ 等待 Profile 更新任务...
2026-07-10 15:21:27.992 | INFO     | N/A | ⏳ 等待 Profile 更新任务...
2026-07-10 15:21:33.020 | INFO     | N/A | ⏳ 等待 Profile 更新任务...
2026-07-10 15:21:38.044 | INFO     | N/A | ⏳ 等待 Profile 更新任务...
2026-07-10 15:21:43.067 | INFO     | N/A | ⏳ 等待 Profile 更新任务...
2026-07-10 15:21:48.091 | INFO     | N/A | ⏳ 等待 Profile 更新任务...
2026-07-10 15:21:53.116 | INFO     | N/A | ⏳ 等待 Profile 更新任务...
2026-07-10 15:21:58.141 | INFO     | N/A | ⏳ 等待 Profile 更新任务...
2026-07-10 15:22:03.168 | INFO     | N/A | ⏳ 等待 Profile 更新任务...
2026-07-10 15:22:08.193 | INFO     | N/A | ⏳ 等待 Profile 更新任务...
2026-07-10 15:22:13.219 | INFO     | N/A | ⏳ 等待 Profile 更新任务...
2026-07-10 15:22:18.244 | INFO     | N/A | ⏳ 等待 Profile 更新任务...
2026-07-10 15:22:23.269 | INFO     | N/A | ⏳ 等待 Profile 更新任务...
2026-07-10 15:22:28.293 | INFO     | N/A | ⏳ 等待 Profile 更新任务...
2026-07-10 15:22:33.319 | INFO     | N/A | ⏳ 等待 Profile 更新任务...
2026-07-10 15:22:38.343 | INFO     | N/A | ⏳ 等待 Profile 更新任务...
2026-07-10 15:22:43.369 | INFO     | N/A | ⏳ 等待 Profile 更新任务...
2026-07-10 15:22:48.396 | INFO     | N/A | ⏳ 等待 Profile 更新任务...
2026-07-10 15:22:53.421 | INFO     | N/A | ⏳ 等待 Profile 更新任务...
2026-07-10 15:22:58.446 | INFO     | N/A | ⏳ 等待 Profile 更新任务...
2026-07-10 15:23:03.481 | INFO     | N/A | ⏳ 等待 Profile 更新任务...
2026-07-10 15:23:08.506 | INFO     | N/A | ⏳ 等待 Profile 更新任务...
2026-07-10 15:23:13.530 | INFO     | N/A | ⏳ 等待 Profile 更新任务...
2026-07-10 15:23:18.554 | INFO     | N/A | ⏳ 等待 Profile 更新任务...
2026-07-10 15:23:23.577 | INFO     | N/A | ⏳ 等待 Profile 更新任务...
2026-07-10 15:23:28.603 | INFO     | N/A | ⏳ 等待 Profile 更新任务...
2026-07-10 15:23:33.630 | INFO     | N/A | ⏳ 等待 Profile 更新任务...
2026-07-10 15:23:38.653 | INFO     | N/A | ⏳ 等待 Profile 更新任务...
2026-07-10 15:23:43.680 | INFO     | N/A | ⏳ 等待 Profile 更新任务...
2026-07-10 15:23:48.704 | INFO     | N/A | ⏳ 等待 Profile 更新任务...
2026-07-10 15:23:53.729 | INFO     | N/A | ⏳ 等待 Profile 更新任务...
2026-07-10 15:23:58.752 | INFO     | N/A | ⏳ 等待 Profile 更新任务...
2026-07-10 15:24:03.779 | INFO     | N/A | ⏳ 等待 Profile 更新任务...
2026-07-10 15:24:08.803 | INFO     | N/A | ⏳ 等待 Profile 更新任务...
2026-07-10 15:24:13.829 | INFO     | N/A | ⏳ 等待 Profile 更新任务...
2026-07-10 15:24:18.855 | INFO     | N/A | ⏳ 等待 Profile 更新任务...
2026-07-10 15:24:23.879 | INFO     | N/A | ⏳ 等待 Profile 更新任务...
2026-07-10 15:24:28.903 | INFO     | N/A | ⏳ 等待 Profile 更新任务...
2026-07-10 15:24:33.928 | INFO     | N/A | ⏳ 等待 Profile 更新任务...
2026-07-10 15:24:38.954 | INFO     | N/A | ⏳ 等待 Profile 更新任务...
2026-07-10 15:24:43.979 | INFO     | N/A | ⏳ 等待 Profile 更新任务...
2026-07-10 15:24:49.004 | INFO     | N/A | ⏳ 等待 Profile 更新任务...
2026-07-10 15:24:54.029 | INFO     | N/A | ⏳ 等待 Profile 更新任务...
2026-07-10 15:24:59.050 | INFO     | N/A | ⏳ 等待 Profile 更新任务...
2026-07-10 15:25:04.074 | INFO     | N/A | ⏳ 等待 Profile 更新任务...
2026-07-10 15:25:09.099 | INFO     | N/A | ⏳ 等待 Profile 更新任务...
2026-07-10 15:25:14.123 | INFO     | N/A | ⏳ 等待 Profile 更新任务...
2026-07-10 15:25:19.144 | INFO     | N/A | ⏳ 等待 Profile 更新任务...
2026-07-10 15:25:24.168 | INFO     | N/A | ⏳ 等待 Profile 更新任务...
2026-07-10 15:25:29.194 | INFO     | N/A | ⏳ 等待 Profile 更新任务...
2026-07-10 15:25:34.227 | INFO     | N/A | ⏳ 等待 Profile 更新任务...
2026-07-10 15:25:39.251 | INFO     | N/A | ⏳ 等待 Profile 更新任务...
2026-07-10 15:25:44.277 | INFO     | N/A | ⏳ 等待 Profile 更新任务...
2026-07-10 15:25:49.301 | INFO     | N/A | ⏳ 等待 Profile 更新任务...
2026-07-10 15:25:54.322 | INFO     | N/A | ⏳ 等待 Profile 更新任务...
2026-07-10 15:25:59.347 | INFO     | N/A | ⏳ 等待 Profile 更新任务...
2026-07-10 15:26:04.373 | INFO     | N/A | ⏳ 等待 Profile 更新任务...
2026-07-10 15:26:09.397 | INFO     | N/A | ⏳ 等待 Profile 更新任务...
2026-07-10 15:26:14.424 | INFO     | N/A | ⏳ 等待 Profile 更新任务...
2026-07-10 15:26:19.449 | INFO     | N/A | ⏳ 等待 Profile 更新任务...
2026-07-10 15:26:24.472 | INFO     | N/A | ⏳ 等待 Profile 更新任务...
2026-07-10 15:26:29.499 | INFO     | N/A | ⏳ 等待 Profile 更新任务...
2026-07-10 15:26:34.528 | INFO     | N/A | ⏳ 等待 Profile 更新任务...
2026-07-10 15:26:39.552 | INFO     | N/A | ⏳ 等待 Profile 更新任务...
2026-07-10 15:26:44.588 | INFO     | N/A | ⏳ 等待 Profile 更新任务...
2026-07-10 15:26:49.611 | INFO     | N/A | ⏳ 等待 Profile 更新任务...
2026-07-10 15:26:54.636 | INFO     | N/A | ⏳ 等待 Profile 更新任务...
2026-07-10 15:26:59.662 | INFO     | N/A | ⏳ 等待 Profile 更新任务...
2026-07-10 15:27:04.687 | INFO     | N/A | ⏳ 等待 Profile 更新任务...
2026-07-10 15:27:09.712 | INFO     | N/A | ⏳ 等待 Profile 更新任务...
2026-07-10 15:27:14.737 | INFO     | N/A | ⏳ 等待 Profile 更新任务...
2026-07-10 15:27:19.762 | INFO     | N/A | ⏳ 等待 Profile 更新任务...
2026-07-10 15:27:24.787 | INFO     | N/A | ⏳ 等待 Profile 更新任务...
2026-07-10 15:27:29.812 | INFO     | N/A | ⏳ 等待 Profile 更新任务...
2026-07-10 15:27:34.839 | INFO     | N/A | ⏳ 等待 Profile 更新任务...
2026-07-10 15:27:39.862 | INFO     | N/A | ⏳ 等待 Profile 更新任务...
2026-07-10 15:27:44.885 | INFO     | N/A | ⏳ 等待 Profile 更新任务...
2026-07-10 15:27:49.910 | INFO     | N/A | ⏳ 等待 Profile 更新任务...
2026-07-10 15:27:54.934 | INFO     | N/A | ⏳ 等待 Profile 更新任务...
2026-07-10 15:27:59.957 | INFO     | N/A | ⏳ 等待 Profile 更新任务...
2026-07-10 15:28:04.981 | INFO     | N/A | ⏳ 等待 Profile 更新任务...
2026-07-10 15:28:10.006 | INFO     | N/A | ⏳ 等待 Profile 更新任务...
2026-07-10 15:28:15.029 | INFO     | N/A | ⏳ 等待 Profile 更新任务...
2026-07-10 15:28:20.054 | INFO     | N/A | ⏳ 等待 Profile 更新任务...
2026-07-10 15:28:25.077 | INFO     | N/A | ⏳ 等待 Profile 更新任务...
2026-07-10 15:28:30.101 | INFO     | N/A | ⏳ 等待 Profile 更新任务...
2026-07-10 15:28:35.124 | INFO     | N/A | ⏳ 等待 Profile 更新任务...
2026-07-10 15:28:40.148 | INFO     | N/A | ⏳ 等待 Profile 更新任务...
2026-07-10 15:28:45.171 | INFO     | N/A | ⏳ 等待 Profile 更新任务...
2026-07-10 15:28:50.195 | INFO     | N/A | ⏳ 等待 Profile 更新任务...
2026-07-10 15:28:55.219 | INFO     | N/A | ⏳ 等待 Profile 更新任务...
2026-07-10 15:29:00.243 | INFO     | N/A | ⏳ 等待 Profile 更新任务...
2026-07-10 15:29:05.268 | INFO     | N/A | ⏳ 等待 Profile 更新任务...
2026-07-10 15:29:10.295 | INFO     | N/A | ⏳ 等待 Profile 更新任务...
2026-07-10 15:29:15.320 | INFO     | N/A | ⏳ 等待 Profile 更新任务...
2026-07-10 15:29:20.345 | INFO     | N/A | ⏳ 等待 Profile 更新任务...
2026-07-10 15:29:25.370 | INFO     | N/A | ⏳ 等待 Profile 更新任务...
2026-07-10 15:29:30.394 | INFO     | N/A | ⏳ 等待 Profile 更新任务...
2026-07-10 15:29:35.421 | INFO     | N/A | ⏳ 等待 Profile 更新任务...
2026-07-10 15:29:40.443 | INFO     | N/A | ⏳ 等待 Profile 更新任务...
2026-07-10 15:29:45.466 | INFO     | N/A | ⏳ 等待 Profile 更新任务...
2026-07-10 15:29:50.492 | INFO     | N/A | ⏳ 等待 Profile 更新任务...
2026-07-10 15:29:55.518 | INFO     | N/A | ⏳ 等待 Profile 更新任务...
2026-07-10 15:30:00.543 | INFO     | N/A | ⏳ 等待 Profile 更新任务...
2026-07-10 15:30:05.568 | INFO     | N/A | ⏳ 等待 Profile 更新任务...
2026-07-10 15:30:10.590 | INFO     | N/A | ⏳ 等待 Profile 更新任务...
2026-07-10 15:30:15.617 | INFO     | N/A | ⏳ 等待 Profile 更新任务...
2026-07-10 15:30:20.640 | INFO     | N/A | ⏳ 等待 Profile 更新任务...
2026-07-10 15:30:25.666 | INFO     | N/A | ⏳ 等待 Profile 更新任务...
2026-07-10 15:30:30.690 | INFO     | N/A | ⏳ 等待 Profile 更新任务...
2026-07-10 15:30:35.719 | INFO     | N/A | ⏳ 等待 Profile 更新任务...
2026-07-10 15:30:40.746 | INFO     | N/A | ⏳ 等待 Profile 更新任务...
2026-07-10 15:30:45.769 | INFO     | N/A | ⏳ 等待 Profile 更新任务...
2026-07-10 15:30:50.791 | INFO     | N/A | ⏳ 等待 Profile 更新任务...
2026-07-10 15:30:55.815 | INFO     | N/A | ⏳ 等待 Profile 更新任务...
2026-07-10 15:31:00.836 | INFO     | N/A | ⏳ 等待 Profile 更新任务...
2026-07-10 15:31:05.859 | INFO     | N/A | ⏳ 等待 Profile 更新任务...
2026-07-10 15:31:10.884 | INFO     | N/A | ⏳ 等待 Profile 更新任务...
2026-07-10 15:31:15.910 | INFO     | N/A | ⏳ 等待 Profile 更新任务...
2026-07-10 15:31:20.933 | INFO     | N/A | ⏳ 等待 Profile 更新任务...
2026-07-10 15:31:25.957 | INFO     | N/A | ⏳ 等待 Profile 更新任务...
2026-07-10 15:31:30.981 | INFO     | N/A | ⏳ 等待 Profile 更新任务...
2026-07-10 15:31:36.015 | INFO     | N/A | ⏳ 等待 Profile 更新任务...
2026-07-10 15:31:41.039 | INFO     | N/A | ⏳ 等待 Profile 更新任务...
2026-07-10 15:31:46.064 | INFO     | N/A | ⏳ 等待 Profile 更新任务...
2026-07-10 15:31:51.088 | INFO     | N/A | ⏳ 等待 Profile 更新任务...
2026-07-10 15:31:56.113 | INFO     | N/A | ⏳ 等待 Profile 更新任务...
2026-07-10 15:32:01.137 | INFO     | N/A | ⏳ 等待 Profile 更新任务...
2026-07-10 15:32:06.160 | INFO     | N/A | ⏳ 等待 Profile 更新任务...
2026-07-10 15:32:11.184 | INFO     | N/A | ⏳ 等待 Profile 更新任务...
2026-07-10 15:32:16.209 | INFO     | N/A | ⏳ 等待 Profile 更新任务...
2026-07-10 15:32:21.233 | INFO     | N/A | ⏳ 等待 Profile 更新任务...
2026-07-10 15:32:26.258 | INFO     | N/A | ⏳ 等待 Profile 更新任务...
2026-07-10 15:32:31.284 | INFO     | N/A | ⏳ 等待 Profile 更新任务...
2026-07-10 15:32:36.315 | INFO     | N/A | ⏳ 等待 Profile 更新任务...
2026-07-10 15:32:41.337 | INFO     | N/A | ⏳ 等待 Profile 更新任务...
2026-07-10 15:32:46.362 | INFO     | N/A | ⏳ 等待 Profile 更新任务...
2026-07-10 15:32:51.386 | INFO     | N/A | ⏳ 等待 Profile 更新任务...
2026-07-10 15:32:56.410 | INFO     | N/A | ⏳ 等待 Profile 更新任务...
2026-07-10 15:33:01.434 | INFO     | N/A | ⏳ 等待 Profile 更新任务...
2026-07-10 15:33:06.459 | INFO     | N/A | ⏳ 等待 Profile 更新任务...
2026-07-10 15:33:11.481 | INFO     | N/A | ⏳ 等待 Profile 更新任务...
2026-07-10 15:33:16.507 | INFO     | N/A | ⏳ 等待 Profile 更新任务...
2026-07-10 15:33:21.531 | INFO     | N/A | ⏳ 等待 Profile 更新任务...
2026-07-10 15:33:26.557 | INFO     | N/A | ⏳ 等待 Profile 更新任务...
2026-07-10 15:33:31.584 | INFO     | N/A | ⏳ 等待 Profile 更新任务...
2026-07-10 15:33:36.615 | INFO     | N/A | ⏳ 等待 Profile 更新任务...
2026-07-10 15:33:41.640 | INFO     | N/A | ⏳ 等待 Profile 更新任务...
2026-07-10 15:33:46.665 | INFO     | N/A | ⏳ 等待 Profile 更新任务...
2026-07-10 15:33:51.689 | INFO     | N/A | ⏳ 等待 Profile 更新任务...
2026-07-10 15:33:56.713 | INFO     | N/A | ⏳ 等待 Profile 更新任务...
2026-07-10 15:34:01.736 | INFO     | N/A | ⏳ 等待 Profile 更新任务...
2026-07-10 15:34:06.759 | INFO     | N/A | ⏳ 等待 Profile 更新任务...
2026-07-10 15:34:11.785 | INFO     | N/A | ⏳ 等待 Profile 更新任务...
2026-07-10 15:34:16.811 | INFO     | N/A | ⏳ 等待 Profile 更新任务...
2026-07-10 15:34:21.834 | INFO     | N/A | ⏳ 等待 Profile 更新任务...
2026-07-10 15:34:26.859 | INFO     | N/A | ⏳ 等待 Profile 更新任务...
2026-07-10 15:34:31.882 | INFO     | N/A | ⏳ 等待 Profile 更新任务...
2026-07-10 15:34:36.910 | INFO     | N/A | ⏳ 等待 Profile 更新任务...
2026-07-10 15:34:41.935 | INFO     | N/A | ⏳ 等待 Profile 更新任务...
2026-07-10 15:34:46.963 | INFO     | N/A | ⏳ 等待 Profile 更新任务...
2026-07-10 15:34:51.986 | INFO     | N/A | ⏳ 等待 Profile 更新任务...
2026-07-10 15:34:57.010 | INFO     | N/A | ⏳ 等待 Profile 更新任务...
2026-07-10 15:35:02.034 | INFO     | N/A | ⏳ 等待 Profile 更新任务...
2026-07-10 15:35:07.060 | INFO     | N/A | ⏳ 等待 Profile 更新任务...
2026-07-10 15:35:12.088 | INFO     | N/A | ⏳ 等待 Profile 更新任务...
2026-07-10 15:35:17.112 | INFO     | N/A | ⏳ 等待 Profile 更新任务...
2026-07-10 15:35:22.135 | INFO     | N/A | ⏳ 等待 Profile 更新任务...
2026-07-10 15:35:27.161 | INFO     | N/A | ⏳ 等待 Profile 更新任务...
2026-07-10 15:35:32.184 | INFO     | N/A | ⏳ 等待 Profile 更新任务...
2026-07-10 15:35:37.212 | INFO     | N/A | ⏳ 等待 Profile 更新任务...
2026-07-10 15:35:42.238 | INFO     | N/A | ⏳ 等待 Profile 更新任务...
2026-07-10 15:35:47.262 | INFO     | N/A | ⏳ 等待 Profile 更新任务...
2026-07-10 15:35:52.287 | INFO     | N/A | ⏳ 等待 Profile 更新任务...
2026-07-10 15:35:57.310 | INFO     | N/A | ⏳ 等待 Profile 更新任务...
2026-07-10 15:36:02.334 | INFO     | N/A | ⏳ 等待 Profile 更新任务...
2026-07-10 15:36:07.359 | INFO     | N/A | ⏳ 等待 Profile 更新任务...
2026-07-10 15:36:12.384 | INFO     | N/A | ⏳ 等待 Profile 更新任务...
2026-07-10 15:36:17.408 | INFO     | N/A | ⏳ 等待 Profile 更新任务...
2026-07-10 15:36:22.432 | INFO     | N/A | ⏳ 等待 Profile 更新任务...
2026-07-10 15:36:27.456 | INFO     | N/A | ⏳ 等待 Profile 更新任务...
2026-07-10 15:36:32.480 | INFO     | N/A | ⏳ 等待 Profile 更新任务...
2026-07-10 15:36:37.511 | INFO     | N/A | ⏳ 等待 Profile 更新任务...
2026-07-10 15:36:42.533 | INFO     | N/A | ⏳ 等待 Profile 更新任务...
2026-07-10 15:36:47.560 | INFO     | N/A | ⏳ 等待 Profile 更新任务...
2026-07-10 15:36:52.584 | INFO     | N/A | ⏳ 等待 Profile 更新任务...
2026-07-10 15:36:57.607 | INFO     | N/A | ⏳ 等待 Profile 更新任务...
2026-07-10 15:37:02.632 | INFO     | N/A | ⏳ 等待 Profile 更新任务...
2026-07-10 15:37:07.658 | INFO     | N/A | ⏳ 等待 Profile 更新任务...
2026-07-10 15:37:12.682 | INFO     | N/A | ⏳ 等待 Profile 更新任务...
2026-07-10 15:37:17.707 | INFO     | N/A | ⏳ 等待 Profile 更新任务...
2026-07-10 15:37:22.732 | INFO     | N/A | ⏳ 等待 Profile 更新任务...
2026-07-10 15:37:27.756 | INFO     | N/A | ⏳ 等待 Profile 更新任务...
2026-07-10 15:37:32.780 | INFO     | N/A | ⏳ 等待 Profile 更新任务...
2026-07-10 15:37:37.807 | INFO     | N/A | ⏳ 等待 Profile 更新任务...
2026-07-10 15:37:42.833 | INFO     | N/A | ⏳ 等待 Profile 更新任务...
2026-07-10 15:37:47.859 | INFO     | N/A | ⏳ 等待 Profile 更新任务...
2026-07-10 15:37:52.884 | INFO     | N/A | ⏳ 等待 Profile 更新任务...
2026-07-10 15:37:57.906 | INFO     | N/A | ⏳ 等待 Profile 更新任务...
2026-07-10 15:38:02.931 | INFO     | N/A | ⏳ 等待 Profile 更新任务...
2026-07-10 15:38:07.955 | INFO     | N/A | ⏳ 等待 Profile 更新任务...
2026-07-10 15:38:12.978 | INFO     | N/A | ⏳ 等待 Profile 更新任务...
2026-07-10 15:38:18.005 | INFO     | N/A | ⏳ 等待 Profile 更新任务...
2026-07-10 15:38:23.030 | INFO     | N/A | ⏳ 等待 Profile 更新任务...
2026-07-10 15:38:28.053 | INFO     | N/A | ⏳ 等待 Profile 更新任务...
2026-07-10 15:38:33.078 | INFO     | N/A | ⏳ 等待 Profile 更新任务...
2026-07-10 15:38:38.107 | INFO     | N/A | ⏳ 等待 Profile 更新任务...
2026-07-10 15:38:43.133 | INFO     | N/A | ⏳ 等待 Profile 更新任务...
2026-07-10 15:38:48.158 | INFO     | N/A | ⏳ 等待 Profile 更新任务...
2026-07-10 15:38:53.180 | INFO     | N/A | ⏳ 等待 Profile 更新任务...
2026-07-10 15:38:58.205 | INFO     | N/A | ⏳ 等待 Profile 更新任务...
2026-07-10 15:39:03.228 | INFO     | N/A | ⏳ 等待 Profile 更新任务...
2026-07-10 15:39:08.250 | INFO     | N/A | ⏳ 等待 Profile 更新任务...
2026-07-10 15:39:13.272 | INFO     | N/A | ⏳ 等待 Profile 更新任务...
2026-07-10 15:39:18.296 | INFO     | N/A | ⏳ 等待 Profile 更新任务...
2026-07-10 15:39:23.322 | INFO     | N/A | ⏳ 等待 Profile 更新任务...
2026-07-10 15:39:28.347 | INFO     | N/A | ⏳ 等待 Profile 更新任务...
2026-07-10 15:39:33.373 | INFO     | N/A | ⏳ 等待 Profile 更新任务...
2026-07-10 15:39:38.393 | INFO     | N/A | ⏳ 等待 Profile 更新任务...
2026-07-10 15:39:43.416 | INFO     | N/A | ⏳ 等待 Profile 更新任务...
2026-07-10 15:39:48.445 | INFO     | N/A | ⏳ 等待 Profile 更新任务...
2026-07-10 15:39:53.471 | INFO     | N/A | ⏳ 等待 Profile 更新任务...
2026-07-10 15:39:58.498 | INFO     | N/A | ⏳ 等待 Profile 更新任务...
2026-07-10 15:40:03.524 | INFO     | N/A | ⏳ 等待 Profile 更新任务...
2026-07-10 15:40:08.550 | INFO     | N/A | ⏳ 等待 Profile 更新任务...
2026-07-10 15:40:13.574 | INFO     | N/A | ⏳ 等待 Profile 更新任务...
2026-07-10 15:40:18.595 | INFO     | N/A | ⏳ 等待 Profile 更新任务...
2026-07-10 15:40:23.617 | INFO     | N/A | ⏳ 等待 Profile 更新任务...
2026-07-10 15:40:28.641 | INFO     | N/A | ⏳ 等待 Profile 更新任务...
2026-07-10 15:40:33.665 | INFO     | N/A | ⏳ 等待 Profile 更新任务...
2026-07-10 15:40:38.689 | INFO     | N/A | ⏳ 等待 Profile 更新任务...
2026-07-10 15:40:43.714 | INFO     | N/A | ⏳ 等待 Profile 更新任务...
2026-07-10 15:40:48.737 | INFO     | N/A | ⏳ 等待 Profile 更新任务...
2026-07-10 15:40:53.763 | INFO     | N/A | ⏳ 等待 Profile 更新任务...
2026-07-10 15:40:58.789 | INFO     | N/A | ⏳ 等待 Profile 更新任务...
2026-07-10 15:41:03.812 | INFO     | N/A | ⏳ 等待 Profile 更新任务...
2026-07-10 15:41:08.837 | INFO     | N/A | ⏳ 等待 Profile 更新任务...
2026-07-10 15:41:13.862 | INFO     | N/A | ⏳ 等待 Profile 更新任务...
2026-07-10 15:41:18.886 | INFO     | N/A | ⏳ 等待 Profile 更新任务...
2026-07-10 15:41:23.911 | INFO     | N/A | ⏳ 等待 Profile 更新任务...
2026-07-10 15:41:28.935 | INFO     | N/A | ⏳ 等待 Profile 更新任务...
2026-07-10 15:41:33.961 | INFO     | N/A | ⏳ 等待 Profile 更新任务...
2026-07-10 15:41:38.990 | INFO     | N/A | ⏳ 等待 Profile 更新任务...
2026-07-10 15:41:44.018 | INFO     | N/A | ⏳ 等待 Profile 更新任务...
2026-07-10 15:41:49.042 | INFO     | N/A | ⏳ 等待 Profile 更新任务...
2026-07-10 15:41:54.068 | INFO     | N/A | ⏳ 等待 Profile 更新任务...
2026-07-10 15:41:59.092 | INFO     | N/A | ⏳ 等待 Profile 更新任务...
2026-07-10 15:42:04.116 | INFO     | N/A | ⏳ 等待 Profile 更新任务...
2026-07-10 15:42:09.139 | INFO     | N/A | ⏳ 等待 Profile 更新任务...
2026-07-10 15:42:14.164 | INFO     | N/A | ⏳ 等待 Profile 更新任务...
2026-07-10 15:42:19.188 | INFO     | N/A | ⏳ 等待 Profile 更新任务...
2026-07-10 15:42:24.210 | INFO     | N/A | ⏳ 等待 Profile 更新任务...
2026-07-10 15:42:29.234 | INFO     | N/A | ⏳ 等待 Profile 更新任务...
2026-07-10 15:42:34.258 | INFO     | N/A | ⏳ 等待 Profile 更新任务...
2026-07-10 15:42:39.281 | INFO     | N/A | ⏳ 等待 Profile 更新任务...
2026-07-10 15:42:44.304 | INFO     | N/A | ⏳ 等待 Profile 更新任务...
2026-07-10 15:42:49.328 | INFO     | N/A | ⏳ 等待 Profile 更新任务...
2026-07-10 15:42:54.351 | INFO     | N/A | ⏳ 等待 Profile 更新任务...
2026-07-10 15:42:59.374 | INFO     | N/A | ⏳ 等待 Profile 更新任务...
2026-07-10 15:43:04.396 | INFO     | N/A | ⏳ 等待 Profile 更新任务...
2026-07-10 15:43:09.417 | INFO     | N/A | ⏳ 等待 Profile 更新任务...
2026-07-10 15:43:14.443 | INFO     | N/A | ⏳ 等待 Profile 更新任务...
2026-07-10 15:43:19.466 | INFO     | N/A | ⏳ 等待 Profile 更新任务...
2026-07-10 15:43:24.490 | INFO     | N/A | ⏳ 等待 Profile 更新任务...
2026-07-10 15:43:29.513 | INFO     | N/A | ⏳ 等待 Profile 更新任务...
2026-07-10 15:43:34.536 | INFO     | N/A | ⏳ 等待 Profile 更新任务...
2026-07-10 15:43:39.561 | INFO     | N/A | ⏳ 等待 Profile 更新任务...
2026-07-10 15:43:44.587 | INFO     | N/A | ⏳ 等待 Profile 更新任务...
2026-07-10 15:43:49.612 | INFO     | N/A | ⏳ 等待 Profile 更新任务...
2026-07-10 15:43:54.640 | INFO     | N/A | ⏳ 等待 Profile 更新任务...
2026-07-10 15:43:59.668 | INFO     | N/A | ⏳ 等待 Profile 更新任务...
2026-07-10 15:44:04.691 | INFO     | N/A | ⏳ 等待 Profile 更新任务...
2026-07-10 15:44:09.718 | INFO     | N/A | ⏳ 等待 Profile 更新任务...
2026-07-10 15:44:14.741 | INFO     | N/A | ⏳ 等待 Profile 更新任务...
2026-07-10 15:44:19.764 | INFO     | N/A | ⏳ 等待 Profile 更新任务...
2026-07-10 15:44:24.789 | INFO     | N/A | ⏳ 等待 Profile 更新任务...
2026-07-10 15:44:29.811 | INFO     | N/A | ⏳ 等待 Profile 更新任务...
2026-07-10 15:44:34.837 | INFO     | N/A | ⏳ 等待 Profile 更新任务...
2026-07-10 15:44:39.863 | INFO     | N/A | ⏳ 等待 Profile 更新任务...
2026-07-10 15:44:44.894 | INFO     | N/A | ⏳ 等待 Profile 更新任务...
2026-07-10 15:44:49.916 | INFO     | N/A | ⏳ 等待 Profile 更新任务...
2026-07-10 15:44:54.942 | INFO     | N/A | ⏳ 等待 Profile 更新任务...
2026-07-10 15:44:59.967 | INFO     | N/A | ⏳ 等待 Profile 更新任务...
2026-07-10 15:45:04.993 | INFO     | N/A | ⏳ 等待 Profile 更新任务...
2026-07-10 15:45:10.017 | INFO     | N/A | ⏳ 等待 Profile 更新任务...
2026-07-10 15:45:15.042 | INFO     | N/A | ⏳ 等待 Profile 更新任务...
2026-07-10 15:45:20.065 | INFO     | N/A | ⏳ 等待 Profile 更新任务...
2026-07-10 15:45:25.089 | INFO     | N/A | ⏳ 等待 Profile 更新任务...
2026-07-10 15:45:30.113 | INFO     | N/A | ⏳ 等待 Profile 更新任务...
2026-07-10 15:45:35.135 | INFO     | N/A | ⏳ 等待 Profile 更新任务...
2026-07-10 15:45:40.159 | INFO     | N/A | ⏳ 等待 Profile 更新任务...
2026-07-10 15:45:45.184 | INFO     | N/A | ⏳ 等待 Profile 更新任务...
2026-07-10 15:45:50.209 | INFO     | N/A | ⏳ 等待 Profile 更新任务...
2026-07-10 15:45:55.232 | INFO     | N/A | ⏳ 等待 Profile 更新任务...
2026-07-10 15:46:00.257 | INFO     | N/A | ⏳ 等待 Profile 更新任务...
2026-07-10 15:46:05.280 | INFO     | N/A | ⏳ 等待 Profile 更新任务...
2026-07-10 15:46:10.309 | INFO     | N/A | ⏳ 等待 Profile 更新任务...
2026-07-10 15:46:15.335 | INFO     | N/A | ⏳ 等待 Profile 更新任务...
2026-07-10 15:46:20.360 | INFO     | N/A | ⏳ 等待 Profile 更新任务...
2026-07-10 15:46:25.384 | INFO     | N/A | ⏳ 等待 Profile 更新任务...
2026-07-10 15:46:30.408 | INFO     | N/A | ⏳ 等待 Profile 更新任务...
2026-07-10 15:46:35.431 | INFO     | N/A | ⏳ 等待 Profile 更新任务...
2026-07-10 15:46:40.455 | INFO     | N/A | ⏳ 等待 Profile 更新任务...
2026-07-10 15:46:45.480 | INFO     | N/A | ⏳ 等待 Profile 更新任务...
2026-07-10 15:46:50.505 | INFO     | N/A | ⏳ 等待 Profile 更新任务...
2026-07-10 15:46:55.530 | INFO     | N/A | ⏳ 等待 Profile 更新任务...
2026-07-10 15:47:00.555 | INFO     | N/A | ⏳ 等待 Profile 更新任务...
2026-07-10 15:47:05.582 | INFO     | N/A | ⏳ 等待 Profile 更新任务...
2026-07-10 15:47:10.607 | INFO     | N/A | ⏳ 等待 Profile 更新任务...
2026-07-10 15:47:15.634 | INFO     | N/A | ⏳ 等待 Profile 更新任务...
2026-07-10 15:47:20.657 | INFO     | N/A | ⏳ 等待 Profile 更新任务...
2026-07-10 15:47:25.681 | INFO     | N/A | ⏳ 等待 Profile 更新任务...
2026-07-10 15:47:30.705 | INFO     | N/A | ⏳ 等待 Profile 更新任务...
2026-07-10 15:47:35.734 | INFO     | N/A | ⏳ 等待 Profile 更新任务...
2026-07-10 15:47:40.761 | INFO     | N/A | ⏳ 等待 Profile 更新任务...
2026-07-10 15:47:45.786 | INFO     | N/A | ⏳ 等待 Profile 更新任务...
2026-07-10 15:47:50.809 | INFO     | N/A | ⏳ 等待 Profile 更新任务...
2026-07-10 15:47:55.832 | INFO     | N/A | ⏳ 等待 Profile 更新任务...
2026-07-10 15:48:00.856 | INFO     | N/A | ⏳ 等待 Profile 更新任务...
2026-07-10 15:48:05.883 | INFO     | N/A | ⏳ 等待 Profile 更新任务...
2026-07-10 15:48:10.908 | INFO     | N/A | ⏳ 等待 Profile 更新任务...
2026-07-10 15:48:15.932 | INFO     | N/A | ⏳ 等待 Profile 更新任务...
2026-07-10 15:48:20.958 | INFO     | N/A | ⏳ 等待 Profile 更新任务...
2026-07-10 15:48:25.981 | INFO     | N/A | ⏳ 等待 Profile 更新任务...
2026-07-10 15:48:31.004 | INFO     | N/A | ⏳ 等待 Profile 更新任务...
2026-07-10 15:48:36.026 | INFO     | N/A | ⏳ 等待 Profile 更新任务...
2026-07-10 15:48:41.048 | INFO     | N/A | ⏳ 等待 Profile 更新任务...
2026-07-10 15:48:46.072 | INFO     | N/A | ⏳ 等待 Profile 更新任务...
2026-07-10 15:48:51.096 | INFO     | N/A | ⏳ 等待 Profile 更新任务...
2026-07-10 15:48:56.119 | INFO     | N/A | ⏳ 等待 Profile 更新任务...
2026-07-10 15:49:01.143 | INFO     | N/A | ⏳ 等待 Profile 更新任务...
2026-07-10 15:49:06.175 | INFO     | N/A | ⏳ 等待 Profile 更新任务...
2026-07-10 15:49:11.195 | INFO     | N/A | ⏳ 等待 Profile 更新任务...
2026-07-10 15:49:16.219 | INFO     | N/A | ⏳ 等待 Profile 更新任务...
2026-07-10 15:49:21.243 | INFO     | N/A | ⏳ 等待 Profile 更新任务...
2026-07-10 15:49:26.269 | INFO     | N/A | ⏳ 等待 Profile 更新任务...
2026-07-10 15:49:31.294 | INFO     | N/A | ⏳ 等待 Profile 更新任务...
2026-07-10 15:49:36.320 | INFO     | N/A | ⏳ 等待 Profile 更新任务...
2026-07-10 15:49:41.347 | INFO     | N/A | ⏳ 等待 Profile 更新任务...
2026-07-10 15:49:46.371 | INFO     | N/A | ⏳ 等待 Profile 更新任务...
2026-07-10 15:49:51.396 | INFO     | N/A | ⏳ 等待 Profile 更新任务...
2026-07-10 15:49:56.421 | INFO     | N/A | ⏳ 等待 Profile 更新任务...
2026-07-10 15:50:01.447 | INFO     | N/A | ⏳ 等待 Profile 更新任务...
2026-07-10 15:50:06.472 | INFO     | N/A | ⏳ 等待 Profile 更新任务...
2026-07-10 15:50:11.498 | INFO     | N/A | ⏳ 等待 Profile 更新任务...
2026-07-10 15:50:16.523 | INFO     | N/A | ⏳ 等待 Profile 更新任务...
2026-07-10 15:50:21.547 | INFO     | N/A | ⏳ 等待 Profile 更新任务...
2026-07-10 15:50:26.572 | INFO     | N/A | ⏳ 等待 Profile 更新任务...
2026-07-10 15:50:31.595 | INFO     | N/A | ⏳ 等待 Profile 更新任务...
2026-07-10 15:50:36.620 | INFO     | N/A | ⏳ 等待 Profile 更新任务...
2026-07-10 15:50:41.646 | INFO     | N/A | ⏳ 等待 Profile 更新任务...
2026-07-10 15:50:46.670 | INFO     | N/A | ⏳ 等待 Profile 更新任务...
2026-07-10 15:50:51.698 | INFO     | N/A | ⏳ 等待 Profile 更新任务...
2026-07-10 15:50:56.721 | INFO     | N/A | ⏳ 等待 Profile 更新任务...
2026-07-10 15:51:01.744 | INFO     | N/A | ⏳ 等待 Profile 更新任务...
2026-07-10 15:51:06.769 | INFO     | N/A | ⏳ 等待 Profile 更新任务...
2026-07-10 15:51:11.794 | INFO     | N/A | ⏳ 等待 Profile 更新任务...
2026-07-10 15:51:16.822 | INFO     | N/A | ⏳ 等待 Profile 更新任务...
2026-07-10 15:51:21.847 | INFO     | N/A | ⏳ 等待 Profile 更新任务...
2026-07-10 15:51:26.872 | INFO     | N/A | ⏳ 等待 Profile 更新任务...
2026-07-10 15:51:31.898 | INFO     | N/A | ⏳ 等待 Profile 更新任务...
2026-07-10 15:51:36.922 | INFO     | N/A | ⏳ 等待 Profile 更新任务...
2026-07-10 15:51:41.945 | INFO     | N/A | ⏳ 等待 Profile 更新任务...
2026-07-10 15:51:46.970 | INFO     | N/A | ⏳ 等待 Profile 更新任务...
2026-07-10 15:51:51.996 | INFO     | N/A | ⏳ 等待 Profile 更新任务...
2026-07-10 15:51:57.020 | INFO     | N/A | ⏳ 等待 Profile 更新任务...
2026-07-10 15:52:02.046 | INFO     | N/A | ⏳ 等待 Profile 更新任务...
2026-07-10 15:52:07.076 | INFO     | N/A | ⏳ 等待 Profile 更新任务...
2026-07-10 15:52:12.101 | INFO     | N/A | ⏳ 等待 Profile 更新任务...
2026-07-10 15:52:17.127 | INFO     | N/A | ⏳ 等待 Profile 更新任务...
2026-07-10 15:52:22.153 | INFO     | N/A | ⏳ 等待 Profile 更新任务...
2026-07-10 15:52:27.178 | INFO     | N/A | ⏳ 等待 Profile 更新任务...
2026-07-10 15:52:32.204 | INFO     | N/A | ⏳ 等待 Profile 更新任务...
2026-07-10 15:52:37.232 | INFO     | N/A | ⏳ 等待 Profile 更新任务...
2026-07-10 15:52:42.258 | INFO     | N/A | ⏳ 等待 Profile 更新任务...
2026-07-10 15:52:47.282 | INFO     | N/A | ⏳ 等待 Profile 更新任务...
2026-07-10 15:52:52.313 | INFO     | N/A | ⏳ 等待 Profile 更新任务...
2026-07-10 15:52:57.339 | INFO     | N/A | ⏳ 等待 Profile 更新任务...
2026-07-10 15:53:02.363 | INFO     | N/A | ⏳ 等待 Profile 更新任务...
2026-07-10 15:53:07.388 | INFO     | N/A | ⏳ 等待 Profile 更新任务...
2026-07-10 15:53:12.411 | INFO     | N/A | ⏳ 等待 Profile 更新任务...
2026-07-10 15:53:17.436 | INFO     | N/A | ⏳ 等待 Profile 更新任务...
2026-07-10 15:53:22.461 | INFO     | N/A | ⏳ 等待 Profile 更新任务...
2026-07-10 15:53:27.484 | INFO     | N/A | ⏳ 等待 Profile 更新任务...
2026-07-10 15:53:32.508 | INFO     | N/A | ⏳ 等待 Profile 更新任务...
2026-07-10 15:53:37.532 | INFO     | N/A | ⏳ 等待 Profile 更新任务...
2026-07-10 15:53:42.558 | INFO     | N/A | ⏳ 等待 Profile 更新任务...
2026-07-10 15:53:47.584 | INFO     | N/A | ⏳ 等待 Profile 更新任务...
2026-07-10 15:53:52.609 | INFO     | N/A | ⏳ 等待 Profile 更新任务...
2026-07-10 15:53:57.632 | INFO     | N/A | ⏳ 等待 Profile 更新任务...
2026-07-10 15:54:02.657 | INFO     | N/A | ⏳ 等待 Profile 更新任务...
2026-07-10 15:54:07.681 | INFO     | N/A | ⏳ 等待 Profile 更新任务...
2026-07-10 15:54:12.705 | INFO     | N/A | ⏳ 等待 Profile 更新任务...
2026-07-10 15:54:17.731 | INFO     | N/A | ⏳ 等待 Profile 更新任务...
2026-07-10 15:54:22.755 | INFO     | N/A | ⏳ 等待 Profile 更新任务...
2026-07-10 15:54:27.781 | INFO     | N/A | ⏳ 等待 Profile 更新任务...
2026-07-10 15:54:32.804 | INFO     | N/A | ⏳ 等待 Profile 更新任务...
2026-07-10 15:54:37.827 | INFO     | N/A | ⏳ 等待 Profile 更新任务...
2026-07-10 15:54:42.853 | INFO     | N/A | ⏳ 等待 Profile 更新任务...
2026-07-10 15:54:47.878 | INFO     | N/A | ⏳ 等待 Profile 更新任务...
2026-07-10 15:54:52.905 | INFO     | N/A | ⏳ 等待 Profile 更新任务...
2026-07-10 15:54:57.931 | INFO     | N/A | ⏳ 等待 Profile 更新任务...
2026-07-10 15:55:02.955 | INFO     | N/A | ⏳ 等待 Profile 更新任务...
2026-07-10 15:55:07.979 | INFO     | N/A | ⏳ 等待 Profile 更新任务...
2026-07-10 15:55:13.005 | INFO     | N/A | ⏳ 等待 Profile 更新任务...
2026-07-10 15:55:18.030 | INFO     | N/A | ⏳ 等待 Profile 更新任务...
2026-07-10 15:55:23.057 | INFO     | N/A | ⏳ 等待 Profile 更新任务...
2026-07-10 15:55:28.081 | INFO     | N/A | ⏳ 等待 Profile 更新任务...
2026-07-10 15:55:33.105 | INFO     | N/A | ⏳ 等待 Profile 更新任务...
2026-07-10 15:55:38.131 | INFO     | N/A | ⏳ 等待 Profile 更新任务...
2026-07-10 15:55:43.156 | INFO     | N/A | ⏳ 等待 Profile 更新任务...
2026-07-10 15:55:48.181 | INFO     | N/A | ⏳ 等待 Profile 更新任务...
2026-07-10 15:55:53.207 | INFO     | N/A | ⏳ 等待 Profile 更新任务...
2026-07-10 15:55:58.233 | INFO     | N/A | ⏳ 等待 Profile 更新任务...
2026-07-10 15:56:03.256 | INFO     | N/A | ⏳ 等待 Profile 更新任务...
2026-07-10 15:56:08.280 | INFO     | N/A | ⏳ 等待 Profile 更新任务...
2026-07-10 15:56:13.306 | INFO     | N/A | ⏳ 等待 Profile 更新任务...
2026-07-10 15:56:18.332 | INFO     | N/A | ⏳ 等待 Profile 更新任务...
2026-07-10 15:56:23.354 | INFO     | N/A | ⏳ 等待 Profile 更新任务...
2026-07-10 15:56:28.379 | INFO     | N/A | ⏳ 等待 Profile 更新任务...
2026-07-10 15:56:33.404 | INFO     | N/A | ⏳ 等待 Profile 更新任务...
2026-07-10 15:56:38.429 | INFO     | N/A | ⏳ 等待 Profile 更新任务...
2026-07-10 15:56:43.451 | INFO     | N/A | ⏳ 等待 Profile 更新任务...
2026-07-10 15:56:48.476 | INFO     | N/A | ⏳ 等待 Profile 更新任务...
2026-07-10 15:56:53.501 | INFO     | N/A | ⏳ 等待 Profile 更新任务...
2026-07-10 15:56:58.525 | INFO     | N/A | ⏳ 等待 Profile 更新任务...
2026-07-10 15:57:03.550 | INFO     | N/A | ⏳ 等待 Profile 更新任务...
2026-07-10 15:57:08.577 | INFO     | N/A | ⏳ 等待 Profile 更新任务...
2026-07-10 15:57:13.600 | INFO     | N/A | ⏳ 等待 Profile 更新任务...
2026-07-10 15:57:18.627 | INFO     | N/A | ⏳ 等待 Profile 更新任务...
2026-07-10 15:57:23.653 | INFO     | N/A | ⏳ 等待 Profile 更新任务...
2026-07-10 15:57:28.678 | INFO     | N/A | ⏳ 等待 Profile 更新任务...
2026-07-10 15:57:33.702 | INFO     | N/A | ⏳ 等待 Profile 更新任务...
2026-07-10 15:57:38.729 | INFO     | N/A | ⏳ 等待 Profile 更新任务...
2026-07-10 15:57:43.755 | INFO     | N/A | ⏳ 等待 Profile 更新任务...
2026-07-10 15:57:48.782 | INFO     | N/A | ⏳ 等待 Profile 更新任务...
2026-07-10 15:57:53.805 | INFO     | N/A | ⏳ 等待 Profile 更新任务...
2026-07-10 15:57:58.828 | INFO     | N/A | ⏳ 等待 Profile 更新任务...
2026-07-10 15:58:03.851 | INFO     | N/A | ⏳ 等待 Profile 更新任务...
2026-07-10 15:58:08.879 | INFO     | N/A | ⏳ 等待 Profile 更新任务...
2026-07-10 15:58:13.904 | INFO     | N/A | ⏳ 等待 Profile 更新任务...
2026-07-10 15:58:18.930 | INFO     | N/A | ⏳ 等待 Profile 更新任务...
2026-07-10 15:58:23.953 | INFO     | N/A | ⏳ 等待 Profile 更新任务...
2026-07-10 15:58:28.978 | INFO     | N/A | ⏳ 等待 Profile 更新任务...
2026-07-10 15:58:34.000 | INFO     | N/A | ⏳ 等待 Profile 更新任务...
2026-07-10 15:58:39.024 | INFO     | N/A | ⏳ 等待 Profile 更新任务...
2026-07-10 15:58:44.048 | INFO     | N/A | ⏳ 等待 Profile 更新任务...
2026-07-10 15:58:49.073 | INFO     | N/A | ⏳ 等待 Profile 更新任务...
2026-07-10 15:58:54.100 | INFO     | N/A | ⏳ 等待 Profile 更新任务...
2026-07-10 15:58:59.125 | INFO     | N/A | ⏳ 等待 Profile 更新任务...
2026-07-10 15:59:04.149 | INFO     | N/A | ⏳ 等待 Profile 更新任务...
2026-07-10 15:59:09.174 | INFO     | N/A | ⏳ 等待 Profile 更新任务...
2026-07-10 15:59:14.200 | INFO     | N/A | ⏳ 等待 Profile 更新任务...
2026-07-10 15:59:19.227 | INFO     | N/A | ⏳ 等待 Profile 更新任务...
2026-07-10 15:59:24.250 | INFO     | N/A | ⏳ 等待 Profile 更新任务...
2026-07-10 15:59:29.276 | INFO     | N/A | ⏳ 等待 Profile 更新任务...
2026-07-10 15:59:34.299 | INFO     | N/A | ⏳ 等待 Profile 更新任务...
2026-07-10 15:59:39.322 | INFO     | N/A | ⏳ 等待 Profile 更新任务...
2026-07-10 15:59:44.346 | INFO     | N/A | ⏳ 等待 Profile 更新任务...
2026-07-10 15:59:49.369 | INFO     | N/A | ⏳ 等待 Profile 更新任务...
2026-07-10 15:59:54.397 | INFO     | N/A | ⏳ 等待 Profile 更新任务...
2026-07-10 15:59:59.424 | INFO     | N/A | ⏳ 等待 Profile 更新任务...
2026-07-10 16:00:04.449 | INFO     | N/A | ⏳ 等待 Profile 更新任务...
2026-07-10 16:00:09.476 | INFO     | N/A | ⏳ 等待 Profile 更新任务...
2026-07-10 16:00:14.504 | INFO     | N/A | ⏳ 等待 Profile 更新任务...
2026-07-10 16:00:19.528 | INFO     | N/A | ⏳ 等待 Profile 更新任务...
2026-07-10 16:00:24.554 | INFO     | N/A | ⏳ 等待 Profile 更新任务...
2026-07-10 16:00:29.579 | INFO     | N/A | ⏳ 等待 Profile 更新任务...
2026-07-10 16:00:34.605 | INFO     | N/A | ⏳ 等待 Profile 更新任务...
2026-07-10 16:00:39.630 | INFO     | N/A | ⏳ 等待 Profile 更新任务...
2026-07-10 16:00:44.655 | INFO     | N/A | ⏳ 等待 Profile 更新任务...
2026-07-10 16:00:49.678 | INFO     | N/A | ⏳ 等待 Profile 更新任务...
2026-07-10 16:00:54.705 | INFO     | N/A | ⏳ 等待 Profile 更新任务...
2026-07-10 16:00:59.731 | INFO     | N/A | ⏳ 等待 Profile 更新任务...
2026-07-10 16:01:04.760 | INFO     | N/A | ⏳ 等待 Profile 更新任务...
2026-07-10 16:01:09.784 | INFO     | N/A | ⏳ 等待 Profile 更新任务...
2026-07-10 16:01:14.809 | INFO     | N/A | ⏳ 等待 Profile 更新任务...
2026-07-10 16:01:19.835 | INFO     | N/A | ⏳ 等待 Profile 更新任务...
2026-07-10 16:01:24.862 | INFO     | N/A | ⏳ 等待 Profile 更新任务...
2026-07-10 16:01:29.887 | INFO     | N/A | ⏳ 等待 Profile 更新任务...
2026-07-10 16:01:34.909 | INFO     | N/A | ⏳ 等待 Profile 更新任务...
2026-07-10 16:01:39.932 | INFO     | N/A | ⏳ 等待 Profile 更新任务...
2026-07-10 16:01:44.959 | INFO     | N/A | ⏳ 等待 Profile 更新任务...
2026-07-10 16:01:49.982 | INFO     | N/A | ⏳ 等待 Profile 更新任务...
2026-07-10 16:01:55.009 | INFO     | N/A | ⏳ 等待 Profile 更新任务...
2026-07-10 16:02:00.039 | INFO     | N/A | ⏳ 等待 Profile 更新任务...
2026-07-10 16:02:05.062 | INFO     | N/A | ⏳ 等待 Profile 更新任务...
2026-07-10 16:02:10.087 | INFO     | N/A | ⏳ 等待 Profile 更新任务...
2026-07-10 16:02:15.110 | INFO     | N/A | ⏳ 等待 Profile 更新任务...
2026-07-10 16:02:20.134 | INFO     | N/A | ⏳ 等待 Profile 更新任务...
2026-07-10 16:02:25.158 | INFO     | N/A | ⏳ 等待 Profile 更新任务...
2026-07-10 16:02:30.183 | INFO     | N/A | ⏳ 等待 Profile 更新任务...
2026-07-10 16:02:35.208 | INFO     | N/A | ⏳ 等待 Profile 更新任务...
2026-07-10 16:02:40.234 | INFO     | N/A | ⏳ 等待 Profile 更新任务...
2026-07-10 16:02:45.259 | INFO     | N/A | ⏳ 等待 Profile 更新任务...
2026-07-10 16:02:50.289 | INFO     | N/A | ⏳ 等待 Profile 更新任务...
2026-07-10 16:02:55.314 | INFO     | N/A | ⏳ 等待 Profile 更新任务...
2026-07-10 16:03:00.344 | INFO     | N/A | ⏳ 等待 Profile 更新任务...
2026-07-10 16:03:05.369 | INFO     | N/A | ⏳ 等待 Profile 更新任务...
2026-07-10 16:03:10.392 | INFO     | N/A | ⏳ 等待 Profile 更新任务...
2026-07-10 16:03:15.416 | INFO     | N/A | ⏳ 等待 Profile 更新任务...
2026-07-10 16:03:20.443 | INFO     | N/A | ⏳ 等待 Profile 更新任务...
2026-07-10 16:03:25.468 | INFO     | N/A | ⏳ 等待 Profile 更新任务...
2026-07-10 16:03:30.493 | INFO     | N/A | ⏳ 等待 Profile 更新任务...
2026-07-10 16:03:35.516 | INFO     | N/A | ⏳ 等待 Profile 更新任务...
2026-07-10 16:03:40.541 | INFO     | N/A | ⏳ 等待 Profile 更新任务...
2026-07-10 16:03:45.566 | INFO     | N/A | ⏳ 等待 Profile 更新任务...
2026-07-10 16:03:50.590 | INFO     | N/A | ⏳ 等待 Profile 更新任务...
2026-07-10 16:03:55.613 | INFO     | N/A | ⏳ 等待 Profile 更新任务...
2026-07-10 16:04:00.638 | INFO     | N/A | ⏳ 等待 Profile 更新任务...
2026-07-10 16:04:05.663 | INFO     | N/A | ⏳ 等待 Profile 更新任务...
2026-07-10 16:04:10.693 | INFO     | N/A | ⏳ 等待 Profile 更新任务...
2026-07-10 16:04:15.718 | INFO     | N/A | ⏳ 等待 Profile 更新任务...
2026-07-10 16:04:20.744 | INFO     | N/A | ⏳ 等待 Profile 更新任务...
2026-07-10 16:04:25.768 | INFO     | N/A | ⏳ 等待 Profile 更新任务...
2026-07-10 16:04:30.792 | INFO     | N/A | ⏳ 等待 Profile 更新任务...
2026-07-10 16:04:35.818 | INFO     | N/A | ⏳ 等待 Profile 更新任务...
2026-07-10 16:04:40.849 | INFO     | N/A | ⏳ 等待 Profile 更新任务...
2026-07-10 16:04:45.877 | INFO     | N/A | ⏳ 等待 Profile 更新任务...
2026-07-10 16:04:50.903 | INFO     | N/A | ⏳ 等待 Profile 更新任务...
2026-07-10 16:04:55.927 | INFO     | N/A | ⏳ 等待 Profile 更新任务...
2026-07-10 16:05:00.953 | INFO     | N/A | ⏳ 等待 Profile 更新任务...
2026-07-10 16:05:05.976 | INFO     | N/A | ⏳ 等待 Profile 更新任务...
2026-07-10 16:05:11.002 | INFO     | N/A | ⏳ 等待 Profile 更新任务...
2026-07-10 16:05:16.024 | INFO     | N/A | ⏳ 等待 Profile 更新任务...
2026-07-10 16:05:21.049 | INFO     | N/A | ⏳ 等待 Profile 更新任务...
2026-07-10 16:05:26.074 | INFO     | N/A | ⏳ 等待 Profile 更新任务...
2026-07-10 16:05:31.100 | INFO     | N/A | ⏳ 等待 Profile 更新任务...
2026-07-10 16:05:36.123 | INFO     | N/A | ⏳ 等待 Profile 更新任务...
2026-07-10 16:05:41.150 | INFO     | N/A | ⏳ 等待 Profile 更新任务...
2026-07-10 16:05:46.175 | INFO     | N/A | ⏳ 等待 Profile 更新任务...
2026-07-10 16:05:51.201 | INFO     | N/A | ⏳ 等待 Profile 更新任务...
2026-07-10 16:05:56.225 | INFO     | N/A | ⏳ 等待 Profile 更新任务...
2026-07-10 16:06:01.252 | INFO     | N/A | ⏳ 等待 Profile 更新任务...
2026-07-10 16:06:06.275 | INFO     | N/A | ⏳ 等待 Profile 更新任务...
2026-07-10 16:06:11.300 | INFO     | N/A | ⏳ 等待 Profile 更新任务...
2026-07-10 16:06:16.327 | INFO     | N/A | ⏳ 等待 Profile 更新任务...
2026-07-10 16:06:21.349 | INFO     | N/A | ⏳ 等待 Profile 更新任务...
2026-07-10 16:06:26.373 | INFO     | N/A | ⏳ 等待 Profile 更新任务...
2026-07-10 16:06:31.398 | INFO     | N/A | ⏳ 等待 Profile 更新任务...
2026-07-10 16:06:36.425 | INFO     | N/A | ⏳ 等待 Profile 更新任务...
2026-07-10 16:06:41.450 | INFO     | N/A | ⏳ 等待 Profile 更新任务...
2026-07-10 16:06:46.476 | INFO     | N/A | ⏳ 等待 Profile 更新任务...
2026-07-10 16:06:51.500 | INFO     | N/A | ⏳ 等待 Profile 更新任务...
2026-07-10 16:06:56.524 | INFO     | N/A | ⏳ 等待 Profile 更新任务...
2026-07-10 16:07:01.552 | INFO     | N/A | ⏳ 等待 Profile 更新任务...
2026-07-10 16:07:06.576 | INFO     | N/A | ⏳ 等待 Profile 更新任务...
2026-07-10 16:07:11.602 | INFO     | N/A | ⏳ 等待 Profile 更新任务...
2026-07-10 16:07:16.626 | INFO     | N/A | ⏳ 等待 Profile 更新任务...
2026-07-10 16:07:21.652 | INFO     | N/A | ⏳ 等待 Profile 更新任务...
2026-07-10 16:07:26.678 | INFO     | N/A | ⏳ 等待 Profile 更新任务...
2026-07-10 16:07:31.703 | INFO     | N/A | ⏳ 等待 Profile 更新任务...
2026-07-10 16:07:36.729 | INFO     | N/A | ⏳ 等待 Profile 更新任务...
2026-07-10 16:07:41.755 | INFO     | N/A | ⏳ 等待 Profile 更新任务...
2026-07-10 16:07:46.779 | INFO     | N/A | ⏳ 等待 Profile 更新任务...
2026-07-10 16:07:51.802 | INFO     | N/A | ⏳ 等待 Profile 更新任务...
2026-07-10 16:07:56.829 | INFO     | N/A | ⏳ 等待 Profile 更新任务...
2026-07-10 16:08:01.858 | INFO     | N/A | ⏳ 等待 Profile 更新任务...
2026-07-10 16:08:06.880 | INFO     | N/A | ⏳ 等待 Profile 更新任务...
2026-07-10 16:08:11.905 | INFO     | N/A | ⏳ 等待 Profile 更新任务...
2026-07-10 16:08:16.928 | INFO     | N/A | ⏳ 等待 Profile 更新任务...
2026-07-10 16:08:21.951 | INFO     | N/A | ⏳ 等待 Profile 更新任务...
2026-07-10 16:08:26.974 | INFO     | N/A | ⏳ 等待 Profile 更新任务...
2026-07-10 16:08:31.998 | INFO     | N/A | ⏳ 等待 Profile 更新任务...
2026-07-10 16:08:37.021 | INFO     | N/A | ⏳ 等待 Profile 更新任务...
2026-07-10 16:08:42.053 | INFO     | N/A | ⏳ 等待 Profile 更新任务...
2026-07-10 16:08:47.078 | INFO     | N/A | ⏳ 等待 Profile 更新任务...
2026-07-10 16:08:52.102 | INFO     | N/A | ⏳ 等待 Profile 更新任务...
2026-07-10 16:08:57.126 | INFO     | N/A | ⏳ 等待 Profile 更新任务...
2026-07-10 16:09:02.153 | INFO     | N/A | ⏳ 等待 Profile 更新任务...
2026-07-10 16:09:07.180 | INFO     | N/A | ⏳ 等待 Profile 更新任务...
2026-07-10 16:09:12.205 | INFO     | N/A | ⏳ 等待 Profile 更新任务...
2026-07-10 16:09:17.228 | INFO     | N/A | ⏳ 等待 Profile 更新任务...
2026-07-10 16:09:22.252 | INFO     | N/A | ⏳ 等待 Profile 更新任务...
2026-07-10 16:09:27.275 | INFO     | N/A | ⏳ 等待 Profile 更新任务...
2026-07-10 16:09:32.298 | INFO     | N/A | ⏳ 等待 Profile 更新任务...
2026-07-10 16:09:37.321 | INFO     | N/A | ⏳ 等待 Profile 更新任务...
2026-07-10 16:09:42.347 | INFO     | N/A | ⏳ 等待 Profile 更新任务...
2026-07-10 16:09:47.370 | INFO     | N/A | ⏳ 等待 Profile 更新任务...
2026-07-10 16:09:52.393 | INFO     | N/A | ⏳ 等待 Profile 更新任务...
2026-07-10 16:09:57.418 | INFO     | N/A | ⏳ 等待 Profile 更新任务...
2026-07-10 16:10:02.444 | INFO     | N/A | ⏳ 等待 Profile 更新任务...
2026-07-10 16:10:07.469 | INFO     | N/A | ⏳ 等待 Profile 更新任务...
2026-07-10 16:10:12.493 | INFO     | N/A | ⏳ 等待 Profile 更新任务...
2026-07-10 16:10:17.519 | INFO     | N/A | ⏳ 等待 Profile 更新任务...
2026-07-10 16:10:22.544 | INFO     | N/A | ⏳ 等待 Profile 更新任务...
2026-07-10 16:10:27.569 | INFO     | N/A | ⏳ 等待 Profile 更新任务...
2026-07-10 16:10:32.593 | INFO     | N/A | ⏳ 等待 Profile 更新任务...
2026-07-10 16:10:37.619 | INFO     | N/A | ⏳ 等待 Profile 更新任务...
2026-07-10 16:10:42.643 | INFO     | N/A | ⏳ 等待 Profile 更新任务...
2026-07-10 16:10:47.670 | INFO     | N/A | ⏳ 等待 Profile 更新任务...
2026-07-10 16:10:52.695 | INFO     | N/A | ⏳ 等待 Profile 更新任务...
2026-07-10 16:10:57.721 | INFO     | N/A | ⏳ 等待 Profile 更新任务...
2026-07-10 16:11:02.748 | INFO     | N/A | ⏳ 等待 Profile 更新任务...
2026-07-10 16:11:07.771 | INFO     | N/A | ⏳ 等待 Profile 更新任务...
2026-07-10 16:11:12.796 | INFO     | N/A | ⏳ 等待 Profile 更新任务...
2026-07-10 16:11:17.822 | INFO     | N/A | ⏳ 等待 Profile 更新任务...
2026-07-10 16:11:22.847 | INFO     | N/A | ⏳ 等待 Profile 更新任务...
2026-07-10 16:11:27.874 | INFO     | N/A | ⏳ 等待 Profile 更新任务...
2026-07-10 16:11:32.899 | INFO     | N/A | ⏳ 等待 Profile 更新任务...
2026-07-10 16:11:37.924 | INFO     | N/A | ⏳ 等待 Profile 更新任务...
2026-07-10 16:11:42.952 | INFO     | N/A | ⏳ 等待 Profile 更新任务...
2026-07-10 16:11:47.978 | INFO     | N/A | ⏳ 等待 Profile 更新任务...
2026-07-10 16:11:53.003 | INFO     | N/A | ⏳ 等待 Profile 更新任务...
2026-07-10 16:11:58.028 | INFO     | N/A | ⏳ 等待 Profile 更新任务...
2026-07-10 16:12:03.054 | INFO     | N/A | ⏳ 等待 Profile 更新任务...
2026-07-10 16:12:08.078 | INFO     | N/A | ⏳ 等待 Profile 更新任务...
2026-07-10 16:12:13.107 | INFO     | N/A | ⏳ 等待 Profile 更新任务...
2026-07-10 16:12:18.133 | INFO     | N/A | ⏳ 等待 Profile 更新任务...
2026-07-10 16:12:23.157 | INFO     | N/A | ⏳ 等待 Profile 更新任务...
2026-07-10 16:12:28.181 | INFO     | N/A | ⏳ 等待 Profile 更新任务...
2026-07-10 16:12:33.208 | INFO     | N/A | ⏳ 等待 Profile 更新任务...
2026-07-10 16:12:38.234 | INFO     | N/A | ⏳ 等待 Profile 更新任务...
2026-07-10 16:12:43.258 | INFO     | N/A | ⏳ 等待 Profile 更新任务...
2026-07-10 16:12:48.283 | INFO     | N/A | ⏳ 等待 Profile 更新任务...
2026-07-10 16:12:53.311 | INFO     | N/A | ⏳ 等待 Profile 更新任务...
2026-07-10 16:12:58.335 | INFO     | N/A | ⏳ 等待 Profile 更新任务...
2026-07-10 16:13:03.360 | INFO     | N/A | ⏳ 等待 Profile 更新任务...
2026-07-10 16:13:08.384 | INFO     | N/A | ⏳ 等待 Profile 更新任务...
2026-07-10 16:13:13.412 | INFO     | N/A | ⏳ 等待 Profile 更新任务...
2026-07-10 16:13:18.436 | INFO     | N/A | ⏳ 等待 Profile 更新任务...
2026-07-10 16:13:23.462 | INFO     | N/A | ⏳ 等待 Profile 更新任务...
2026-07-10 16:13:28.488 | INFO     | N/A | ⏳ 等待 Profile 更新任务...
2026-07-10 16:13:33.511 | INFO     | N/A | ⏳ 等待 Profile 更新任务...
2026-07-10 16:13:38.534 | INFO     | N/A | ⏳ 等待 Profile 更新任务...
2026-07-10 16:13:43.559 | INFO     | N/A | ⏳ 等待 Profile 更新任务...
2026-07-10 16:13:48.582 | INFO     | N/A | ⏳ 等待 Profile 更新任务...
2026-07-10 16:13:53.607 | INFO     | N/A | ⏳ 等待 Profile 更新任务...
2026-07-10 16:13:58.632 | INFO     | N/A | ⏳ 等待 Profile 更新任务...
2026-07-10 16:14:03.658 | INFO     | N/A | ⏳ 等待 Profile 更新任务...
2026-07-10 16:14:08.684 | INFO     | N/A | ⏳ 等待 Profile 更新任务...
2026-07-10 16:14:13.707 | INFO     | N/A | ⏳ 等待 Profile 更新任务...
2026-07-10 16:14:18.734 | INFO     | N/A | ⏳ 等待 Profile 更新任务...
2026-07-10 16:14:23.760 | INFO     | N/A | ⏳ 等待 Profile 更新任务...
2026-07-10 16:14:28.786 | INFO     | N/A | ⏳ 等待 Profile 更新任务...
2026-07-10 16:14:33.812 | INFO     | N/A | ⏳ 等待 Profile 更新任务...
2026-07-10 16:14:38.837 | INFO     | N/A | ⏳ 等待 Profile 更新任务...
2026-07-10 16:14:43.860 | INFO     | N/A | ⏳ 等待 Profile 更新任务...
2026-07-10 16:14:48.885 | INFO     | N/A | ⏳ 等待 Profile 更新任务...
2026-07-10 16:14:53.909 | INFO     | N/A | ⏳ 等待 Profile 更新任务...
2026-07-10 16:14:58.932 | INFO     | N/A | ⏳ 等待 Profile 更新任务...
2026-07-10 16:15:03.957 | INFO     | N/A | ⏳ 等待 Profile 更新任务...
2026-07-10 16:15:08.981 | INFO     | N/A | ⏳ 等待 Profile 更新任务...
2026-07-10 16:15:14.006 | INFO     | N/A | ⏳ 等待 Profile 更新任务...
2026-07-10 16:15:19.032 | INFO     | N/A | ⏳ 等待 Profile 更新任务...
2026-07-10 16:15:24.056 | INFO     | N/A | ⏳ 等待 Profile 更新任务...
2026-07-10 16:15:29.082 | INFO     | N/A | ⏳ 等待 Profile 更新任务...
2026-07-10 16:15:34.103 | INFO     | N/A | ⏳ 等待 Profile 更新任务...
2026-07-10 16:15:39.126 | INFO     | N/A | ⏳ 等待 Profile 更新任务...
2026-07-10 16:15:44.151 | INFO     | N/A | ⏳ 等待 Profile 更新任务...
2026-07-10 16:15:49.175 | INFO     | N/A | ⏳ 等待 Profile 更新任务...
2026-07-10 16:15:54.200 | INFO     | N/A | ⏳ 等待 Profile 更新任务...
2026-07-10 16:15:59.224 | INFO     | N/A | ⏳ 等待 Profile 更新任务...
2026-07-10 16:16:04.247 | INFO     | N/A | ⏳ 等待 Profile 更新任务...
2026-07-10 16:16:09.274 | INFO     | N/A | ⏳ 等待 Profile 更新任务...
2026-07-10 16:16:14.299 | INFO     | N/A | ⏳ 等待 Profile 更新任务...
2026-07-10 16:16:19.323 | INFO     | N/A | ⏳ 等待 Profile 更新任务...
2026-07-10 16:16:24.347 | INFO     | N/A | ⏳ 等待 Profile 更新任务...
2026-07-10 16:16:29.373 | INFO     | N/A | ⏳ 等待 Profile 更新任务...
2026-07-10 16:16:34.398 | INFO     | N/A | ⏳ 等待 Profile 更新任务...
2026-07-10 16:16:39.421 | INFO     | N/A | ⏳ 等待 Profile 更新任务...
2026-07-10 16:16:44.447 | INFO     | N/A | ⏳ 等待 Profile 更新任务...
2026-07-10 16:16:49.471 | INFO     | N/A | ⏳ 等待 Profile 更新任务...
2026-07-10 16:16:54.494 | INFO     | N/A | ⏳ 等待 Profile 更新任务...
2026-07-10 16:16:59.517 | INFO     | N/A | ⏳ 等待 Profile 更新任务...
2026-07-10 16:17:04.542 | INFO     | N/A | ⏳ 等待 Profile 更新任务...
2026-07-10 16:17:09.567 | INFO     | N/A | ⏳ 等待 Profile 更新任务...
2026-07-10 16:17:14.593 | INFO     | N/A | ⏳ 等待 Profile 更新任务...
2026-07-10 16:17:19.618 | INFO     | N/A | ⏳ 等待 Profile 更新任务...
2026-07-10 16:17:24.643 | INFO     | N/A | ⏳ 等待 Profile 更新任务...
2026-07-10 16:17:29.666 | INFO     | N/A | ⏳ 等待 Profile 更新任务...
2026-07-10 16:17:34.690 | INFO     | N/A | ⏳ 等待 Profile 更新任务...
2026-07-10 16:17:39.722 | INFO     | N/A | ⏳ 等待 Profile 更新任务...
2026-07-10 16:17:44.747 | INFO     | N/A | ⏳ 等待 Profile 更新任务...
2026-07-10 16:17:49.771 | INFO     | N/A | ⏳ 等待 Profile 更新任务...
2026-07-10 16:17:54.796 | INFO     | N/A | ⏳ 等待 Profile 更新任务...
2026-07-10 16:17:59.819 | INFO     | N/A | ⏳ 等待 Profile 更新任务...
2026-07-10 16:18:04.843 | INFO     | N/A | ⏳ 等待 Profile 更新任务...
2026-07-10 16:18:09.870 | INFO     | N/A | ⏳ 等待 Profile 更新任务...
2026-07-10 16:18:14.896 | INFO     | N/A | ⏳ 等待 Profile 更新任务...
2026-07-10 16:18:19.923 | INFO     | N/A | ⏳ 等待 Profile 更新任务...
2026-07-10 16:18:24.930 | INFO     | N/A | ⏳ 等待 Profile 更新任务...
2026-07-10 16:18:29.963 | INFO     | N/A | ⏳ 等待 Profile 更新任务...
2026-07-10 16:18:35.000 | INFO     | N/A | ⏳ 等待 Profile 更新任务...
2026-07-10 16:18:40.037 | INFO     | N/A | ⏳ 等待 Profile 更新任务...
2026-07-10 16:18:45.077 | INFO     | N/A | ⏳ 等待 Profile 更新任务...
2026-07-10 16:18:50.114 | INFO     | N/A | ⏳ 等待 Profile 更新任务...
2026-07-10 16:18:55.151 | INFO     | N/A | ⏳ 等待 Profile 更新任务...
2026-07-10 16:19:00.184 | INFO     | N/A | ⏳ 等待 Profile 更新任务...
2026-07-10 16:19:05.220 | INFO     | N/A | ⏳ 等待 Profile 更新任务...
2026-07-10 16:19:10.259 | INFO     | N/A | ⏳ 等待 Profile 更新任务...
2026-07-10 16:19:15.293 | INFO     | N/A | ⏳ 等待 Profile 更新任务...
2026-07-10 16:19:20.329 | INFO     | N/A | ⏳ 等待 Profile 更新任务...
2026-07-10 16:19:25.367 | INFO     | N/A | ⏳ 等待 Profile 更新任务...
2026-07-10 16:19:30.405 | INFO     | N/A | ⏳ 等待 Profile 更新任务...
2026-07-10 16:19:35.440 | INFO     | N/A | ⏳ 等待 Profile 更新任务...
2026-07-10 16:19:40.487 | INFO     | N/A | ⏳ 等待 Profile 更新任务...
2026-07-10 16:19:45.541 | INFO     | N/A | ⏳ 等待 Profile 更新任务...
2026-07-10 16:19:50.576 | INFO     | N/A | ⏳ 等待 Profile 更新任务...
2026-07-10 16:19:55.613 | INFO     | N/A | ⏳ 等待 Profile 更新任务...
2026-07-10 16:20:00.687 | INFO     | N/A | ⏳ 等待 Profile 更新任务...
2026-07-10 16:20:05.737 | INFO     | N/A | ⏳ 等待 Profile 更新任务...
2026-07-10 16:20:10.785 | INFO     | N/A | ⏳ 等待 Profile 更新任务...
2026-07-10 16:20:15.849 | INFO     | N/A | ⏳ 等待 Profile 更新任务...
2026-07-10 16:20:20.882 | INFO     | N/A | ⏳ 等待 Profile 更新任务...
2026-07-10 16:20:25.917 | INFO     | N/A | ⏳ 等待 Profile 更新任务...
2026-07-10 16:20:30.957 | INFO     | N/A | ⏳ 等待 Profile 更新任务...
2026-07-10 16:20:35.994 | INFO     | N/A | ⏳ 等待 Profile 更新任务...
2026-07-10 16:20:41.034 | INFO     | N/A | ⏳ 等待 Profile 更新任务...
2026-07-10 16:20:46.070 | INFO     | N/A | ⏳ 等待 Profile 更新任务...
2026-07-10 16:20:51.109 | INFO     | N/A | ⏳ 等待 Profile 更新任务...
2026-07-10 16:20:56.146 | INFO     | N/A | ⏳ 等待 Profile 更新任务...
2026-07-10 16:21:01.180 | INFO     | N/A | ⏳ 等待 Profile 更新任务...
2026-07-10 16:21:06.218 | INFO     | N/A | ⏳ 等待 Profile 更新任务...
2026-07-10 16:21:11.262 | INFO     | N/A | ⏳ 等待 Profile 更新任务...
2026-07-10 16:21:16.301 | INFO     | N/A | ⏳ 等待 Profile 更新任务...
2026-07-10 16:21:21.343 | INFO     | N/A | ⏳ 等待 Profile 更新任务...
2026-07-10 16:21:26.379 | INFO     | N/A | ⏳ 等待 Profile 更新任务...
2026-07-10 16:21:31.416 | INFO     | N/A | ⏳ 等待 Profile 更新任务...
2026-07-10 16:21:36.457 | INFO     | N/A | ⏳ 等待 Profile 更新任务...
2026-07-10 16:21:41.501 | INFO     | N/A | ⏳ 等待 Profile 更新任务...
2026-07-10 16:21:46.550 | INFO     | N/A | ⏳ 等待 Profile 更新任务...
2026-07-10 16:21:51.614 | INFO     | N/A | ⏳ 等待 Profile 更新任务...
2026-07-10 16:21:56.680 | INFO     | N/A | ⏳ 等待 Profile 更新任务...
2026-07-10 16:22:01.716 | INFO     | N/A | ⏳ 等待 Profile 更新任务...
2026-07-10 16:22:06.751 | INFO     | N/A | ⏳ 等待 Profile 更新任务...
2026-07-10 16:22:11.788 | INFO     | N/A | ⏳ 等待 Profile 更新任务...
2026-07-10 16:22:16.826 | INFO     | N/A | ⏳ 等待 Profile 更新任务...
2026-07-10 16:22:21.864 | INFO     | N/A | ⏳ 等待 Profile 更新任务...
2026-07-10 16:22:26.899 | INFO     | N/A | ⏳ 等待 Profile 更新任务...
2026-07-10 16:22:31.937 | INFO     | N/A | ⏳ 等待 Profile 更新任务...
2026-07-10 16:22:36.976 | INFO     | N/A | ⏳ 等待 Profile 更新任务...
2026-07-10 16:22:42.012 | INFO     | N/A | ⏳ 等待 Profile 更新任务...
2026-07-10 16:22:47.052 | INFO     | N/A | ⏳ 等待 Profile 更新任务...
2026-07-10 16:22:52.088 | INFO     | N/A | ⏳ 等待 Profile 更新任务...
2026-07-10 16:22:57.128 | INFO     | N/A | ⏳ 等待 Profile 更新任务...
2026-07-10 16:23:02.163 | INFO     | N/A | ⏳ 等待 Profile 更新任务...
2026-07-10 16:23:07.198 | INFO     | N/A | ⏳ 等待 Profile 更新任务...
2026-07-10 16:23:12.233 | INFO     | N/A | ⏳ 等待 Profile 更新任务...
2026-07-10 16:23:17.264 | INFO     | N/A | ⏳ 等待 Profile 更新任务...
2026-07-10 16:23:22.300 | INFO     | N/A | ⏳ 等待 Profile 更新任务...
2026-07-10 16:23:27.342 | INFO     | N/A | ⏳ 等待 Profile 更新任务...
2026-07-10 16:23:32.373 | INFO     | N/A | ⏳ 等待 Profile 更新任务...
2026-07-10 16:23:37.407 | INFO     | N/A | ⏳ 等待 Profile 更新任务...
2026-07-10 16:23:42.444 | INFO     | N/A | ⏳ 等待 Profile 更新任务...
2026-07-10 16:23:47.480 | INFO     | N/A | ⏳ 等待 Profile 更新任务...
2026-07-10 16:23:52.518 | INFO     | N/A | ⏳ 等待 Profile 更新任务...
2026-07-10 16:23:57.553 | INFO     | N/A | ⏳ 等待 Profile 更新任务...
2026-07-10 16:24:02.586 | INFO     | N/A | ⏳ 等待 Profile 更新任务...
2026-07-10 16:24:07.628 | INFO     | N/A | ⏳ 等待 Profile 更新任务...
2026-07-10 16:24:12.661 | INFO     | N/A | ⏳ 等待 Profile 更新任务...
2026-07-10 16:24:17.703 | INFO     | N/A | ⏳ 等待 Profile 更新任务...
2026-07-10 16:24:22.736 | INFO     | N/A | ⏳ 等待 Profile 更新任务...
2026-07-10 16:24:27.771 | INFO     | N/A | ⏳ 等待 Profile 更新任务...
2026-07-10 16:24:32.808 | INFO     | N/A | ⏳ 等待 Profile 更新任务...
2026-07-10 16:24:37.843 | INFO     | N/A | ⏳ 等待 Profile 更新任务...
2026-07-10 16:24:42.886 | INFO     | N/A | ⏳ 等待 Profile 更新任务...
2026-07-10 16:24:47.922 | INFO     | N/A | ⏳ 等待 Profile 更新任务...
2026-07-10 16:24:52.956 | INFO     | N/A | ⏳ 等待 Profile 更新任务...
2026-07-10 16:24:57.992 | INFO     | N/A | ⏳ 等待 Profile 更新任务...
2026-07-10 16:25:03.025 | INFO     | N/A | ⏳ 等待 Profile 更新任务...
2026-07-10 16:25:08.118 | INFO     | N/A | ⏳ 等待 Profile 更新任务...
2026-07-10 16:25:13.173 | INFO     | N/A | ⏳ 等待 Profile 更新任务...
2026-07-10 16:25:18.223 | INFO     | N/A | ⏳ 等待 Profile 更新任务...
2026-07-10 16:25:23.255 | INFO     | N/A | ⏳ 等待 Profile 更新任务...
2026-07-10 16:25:28.289 | INFO     | N/A | ⏳ 等待 Profile 更新任务...
2026-07-10 16:25:33.343 | INFO     | N/A | ⏳ 等待 Profile 更新任务...
2026-07-10 16:25:38.378 | INFO     | N/A | ⏳ 等待 Profile 更新任务...
2026-07-10 16:25:43.410 | INFO     | N/A | ⏳ 等待 Profile 更新任务...
2026-07-10 16:25:48.451 | INFO     | N/A | ⏳ 等待 Profile 更新任务...
2026-07-10 16:25:53.481 | INFO     | N/A | ⏳ 等待 Profile 更新任务...
2026-07-10 16:25:58.518 | INFO     | N/A | ⏳ 等待 Profile 更新任务...
2026-07-10 16:26:03.555 | INFO     | N/A | ⏳ 等待 Profile 更新任务...
2026-07-10 16:26:08.607 | INFO     | N/A | ⏳ 等待 Profile 更新任务...
2026-07-10 16:26:13.677 | INFO     | N/A | ⏳ 等待 Profile 更新任务...
2026-07-10 16:26:18.710 | INFO     | N/A | ⏳ 等待 Profile 更新任务...
2026-07-10 16:26:23.746 | INFO     | N/A | ⏳ 等待 Profile 更新任务...
2026-07-10 16:26:28.758 | INFO     | N/A | ⏳ 等待 Profile 更新任务...
2026-07-10 16:26:33.852 | INFO     | N/A | ⏳ 等待 Profile 更新任务...
2026-07-10 16:26:38.893 | INFO     | N/A | ⏳ 等待 Profile 更新任务...
2026-07-10 16:26:43.930 | INFO     | N/A | ⏳ 等待 Profile 更新任务...
2026-07-10 16:26:48.959 | INFO     | N/A | ⏳ 等待 Profile 更新任务...
2026-07-10 16:26:53.994 | INFO     | N/A | ⏳ 等待 Profile 更新任务...
2026-07-10 16:26:59.089 | INFO     | N/A | ⏳ 等待 Profile 更新任务...
2026-07-10 16:27:04.135 | INFO     | N/A | ⏳ 等待 Profile 更新任务...
2026-07-10 16:27:09.160 | INFO     | N/A | ⏳ 等待 Profile 更新任务...
2026-07-10 16:27:14.194 | INFO     | N/A | ⏳ 等待 Profile 更新任务...
2026-07-10 16:27:19.226 | INFO     | N/A | ⏳ 等待 Profile 更新任务...
2026-07-10 16:27:24.317 | INFO     | N/A | ⏳ 等待 Profile 更新任务...
2026-07-10 16:27:29.357 | INFO     | N/A | ⏳ 等待 Profile 更新任务...
2026-07-10 16:27:34.391 | INFO     | N/A | ⏳ 等待 Profile 更新任务...
2026-07-10 16:27:39.425 | INFO     | N/A | ⏳ 等待 Profile 更新任务...
2026-07-10 16:27:44.458 | INFO     | N/A | ⏳ 等待 Profile 更新任务...
2026-07-10 16:27:49.489 | INFO     | N/A | ⏳ 等待 Profile 更新任务...
2026-07-10 16:27:54.522 | INFO     | N/A | ⏳ 等待 Profile 更新任务...
2026-07-10 16:27:59.588 | INFO     | N/A | ⏳ 等待 Profile 更新任务...
2026-07-10 16:28:04.612 | INFO     | N/A | ⏳ 等待 Profile 更新任务...
2026-07-10 16:28:09.639 | INFO     | N/A | ⏳ 等待 Profile 更新任务...
2026-07-10 16:28:14.670 | INFO     | N/A | ⏳ 等待 Profile 更新任务...
2026-07-10 16:28:19.699 | INFO     | N/A | ⏳ 等待 Profile 更新任务...
2026-07-10 16:28:24.726 | INFO     | N/A | ⏳ 等待 Profile 更新任务...
2026-07-10 16:28:29.757 | INFO     | N/A | ⏳ 等待 Profile 更新任务...
2026-07-10 16:28:34.788 | INFO     | N/A | ⏳ 等待 Profile 更新任务...
2026-07-10 16:28:39.815 | INFO     | N/A | ⏳ 等待 Profile 更新任务...
2026-07-10 16:28:44.842 | INFO     | N/A | ⏳ 等待 Profile 更新任务...
2026-07-10 16:28:49.874 | INFO     | N/A | ⏳ 等待 Profile 更新任务...
2026-07-10 16:28:54.898 | INFO     | N/A | ⏳ 等待 Profile 更新任务...
2026-07-10 16:28:59.926 | INFO     | N/A | ⏳ 等待 Profile 更新任务...
2026-07-10 16:29:04.948 | INFO     | N/A | ⏳ 等待 Profile 更新任务...
2026-07-10 16:29:09.973 | INFO     | N/A | ⏳ 等待 Profile 更新任务...
2026-07-10 16:29:14.998 | INFO     | N/A | ⏳ 等待 Profile 更新任务...
2026-07-10 16:29:20.027 | INFO     | N/A | ⏳ 等待 Profile 更新任务...
2026-07-10 16:29:25.054 | INFO     | N/A | ⏳ 等待 Profile 更新任务...
2026-07-10 16:29:30.077 | INFO     | N/A | ⏳ 等待 Profile 更新任务...
2026-07-10 16:29:35.112 | INFO     | N/A | ⏳ 等待 Profile 更新任务...
2026-07-10 16:29:40.151 | INFO     | N/A | ⏳ 等待 Profile 更新任务...
2026-07-10 16:29:45.184 | INFO     | N/A | ⏳ 等待 Profile 更新任务...
2026-07-10 16:29:50.226 | INFO     | N/A | ⏳ 等待 Profile 更新任务...
2026-07-10 16:29:55.263 | INFO     | N/A | ⏳ 等待 Profile 更新任务...
2026-07-10 16:30:00.297 | INFO     | N/A | ⏳ 等待 Profile 更新任务...
2026-07-10 16:30:05.363 | INFO     | N/A | ⏳ 等待 Profile 更新任务...
2026-07-10 16:30:10.399 | INFO     | N/A | ⏳ 等待 Profile 更新任务...
2026-07-10 16:30:15.435 | INFO     | N/A | ⏳ 等待 Profile 更新任务...
2026-07-10 16:30:20.475 | INFO     | N/A | ⏳ 等待 Profile 更新任务...
2026-07-10 16:30:25.512 | INFO     | N/A | ⏳ 等待 Profile 更新任务...
2026-07-10 16:30:30.545 | INFO     | N/A | ⏳ 等待 Profile 更新任务...
2026-07-10 16:30:35.581 | INFO     | N/A | ⏳ 等待 Profile 更新任务...
2026-07-10 16:30:40.618 | INFO     | N/A | ⏳ 等待 Profile 更新任务...
2026-07-10 16:30:45.659 | INFO     | N/A | ⏳ 等待 Profile 更新任务...
2026-07-10 16:30:50.697 | INFO     | N/A | ⏳ 等待 Profile 更新任务...
2026-07-10 16:30:55.736 | INFO     | N/A | ⏳ 等待 Profile 更新任务...
2026-07-10 16:31:00.768 | INFO     | N/A | ⏳ 等待 Profile 更新任务...
2026-07-10 16:31:05.807 | INFO     | N/A | ⏳ 等待 Profile 更新任务...
2026-07-10 16:31:10.839 | INFO     | N/A | ⏳ 等待 Profile 更新任务...
2026-07-10 16:31:15.881 | INFO     | N/A | ⏳ 等待 Profile 更新任务...
2026-07-10 16:31:20.918 | INFO     | N/A | ⏳ 等待 Profile 更新任务...
2026-07-10 16:31:25.958 | INFO     | N/A | ⏳ 等待 Profile 更新任务...
2026-07-10 16:31:30.991 | INFO     | N/A | ⏳ 等待 Profile 更新任务...
2026-07-10 16:31:36.029 | INFO     | N/A | ⏳ 等待 Profile 更新任务...
2026-07-10 16:31:41.073 | INFO     | N/A | ⏳ 等待 Profile 更新任务...
2026-07-10 16:31:46.114 | INFO     | N/A | ⏳ 等待 Profile 更新任务...
2026-07-10 16:31:51.148 | INFO     | N/A | ⏳ 等待 Profile 更新任务...
2026-07-10 16:31:56.183 | INFO     | N/A | ⏳ 等待 Profile 更新任务...
2026-07-10 16:32:01.222 | INFO     | N/A | ⏳ 等待 Profile 更新任务...
2026-07-10 16:32:06.235 | INFO     | N/A | ⏳ 等待 Profile 更新任务...
2026-07-10 16:32:11.274 | INFO     | N/A | ⏳ 等待 Profile 更新任务...
2026-07-10 16:32:16.310 | INFO     | N/A | ⏳ 等待 Profile 更新任务...
2026-07-10 16:32:21.362 | INFO     | N/A | ⏳ 等待 Profile 更新任务...
2026-07-10 16:46:45.758 | ERROR    | N/A | Worker 主循环异常: Timeout reading from socket
Traceback (most recent call last):

  File "D:\毕业设计\Travel_python\.venv\Lib\site-packages\redis\_parsers\socket.py", line 64, in _read_from_socket
    data = sock.recv(socket_read_size)

TimeoutError: timed out


During handling of the above exception, another exception occurred:


Traceback (most recent call last):

  File "D:\毕业设计\Travel_python\travel_ai_python\app\service\profile_worker.py", line 194, in <module>
    run_worker()

> File "D:\毕业设计\Travel_python\travel_ai_python\app\service\profile_worker.py", line 169, in run_worker
    task_data = pop_profile_update_task(block=True, timeout=5)

  File "D:\毕业设计\Travel_python\travel_ai_python\app\utils\redis_client.py", line 43, in pop_profile_update_task
    result = redis_client.brpop(PROFILE_UPDATE_QUEUE, timeout=timeout)

  File "D:\毕业设计\Travel_python\.venv\Lib\site-packages\redis\commands\core.py", line 4751, in brpop
    return self.execute_command("BRPOP", *keys)
  File "D:\毕业设计\Travel_python\.venv\Lib\site-packages\redis\client.py", line 787, in execute_command
    return self._execute_command(*args, **options)
  File "D:\毕业设计\Travel_python\.venv\Lib\site-packages\redis\client.py", line 809, in _execute_command
    result = conn.retry.call_with_retry(
  File "D:\毕业设计\Travel_python\.venv\Lib\site-packages\redis\retry.py", line 132, in call_with_retry
    raise error
  File "D:\毕业设计\Travel_python\.venv\Lib\site-packages\redis\retry.py", line 120, in call_with_retry
    return do()
  File "D:\毕业设计\Travel_python\.venv\Lib\site-packages\redis\client.py", line 810, in <lambda>
    lambda: self._send_command_parse_response(
  File "D:\毕业设计\Travel_python\.venv\Lib\site-packages\redis\client.py", line 753, in _send_command_parse_response
    return self.parse_response(conn, command_name, **options)
  File "D:\毕业设计\Travel_python\.venv\Lib\site-packages\redis\client.py", line 853, in parse_response
    response = connection.read_response()
  File "D:\毕业设计\Travel_python\.venv\Lib\site-packages\redis\connection.py", line 1371, in read_response
    response = self._parser.read_response(
  File "D:\毕业设计\Travel_python\.venv\Lib\site-packages\redis\_parsers\resp3.py", line 40, in read_response
    result = self._read_response(
  File "D:\毕业设计\Travel_python\.venv\Lib\site-packages\redis\_parsers\resp3.py", line 65, in _read_response
    raw = self._buffer.readline(timeout=timeout)
  File "D:\毕业设计\Travel_python\.venv\Lib\site-packages\redis\_parsers\socket.py", line 117, in readline
    self._read_from_socket(timeout=timeout)
  File "D:\毕业设计\Travel_python\.venv\Lib\site-packages\redis\_parsers\socket.py", line 77, in _read_from_socket
    raise TimeoutError("Timeout reading from socket")

redis.exceptions.TimeoutError: Timeout reading from socket
2026-07-10 16:46:47.149 | INFO     | N/A | ⏳ 等待 Profile 更新任务...
2026-07-10 16:46:52.207 | INFO     | N/A | ⏳ 等待 Profile 更新任务...
2026-07-10 16:46:57.282 | INFO     | N/A | ⏳ 等待 Profile 更新任务...
2026-07-10 16:47:02.336 | INFO     | N/A | ⏳ 等待 Profile 更新任务...
2026-07-10 16:47:07.362 | INFO     | N/A | ⏳ 等待 Profile 更新任务...
2026-07-10 16:47:12.390 | INFO     | N/A | ⏳ 等待 Profile 更新任务...
2026-07-10 16:47:17.418 | INFO     | N/A | ⏳ 等待 Profile 更新任务...
2026-07-10 16:47:22.443 | INFO     | N/A | ⏳ 等待 Profile 更新任务...
2026-07-10 16:47:27.470 | INFO     | N/A | ⏳ 等待 Profile 更新任务...
2026-07-10 16:47:32.496 | INFO     | N/A | ⏳ 等待 Profile 更新任务...
2026-07-10 16:47:37.528 | INFO     | N/A | ⏳ 等待 Profile 更新任务...
2026-07-10 16:47:42.552 | INFO     | N/A | ⏳ 等待 Profile 更新任务...
2026-07-10 16:47:47.577 | INFO     | N/A | ⏳ 等待 Profile 更新任务...
2026-07-10 16:47:52.599 | INFO     | N/A | ⏳ 等待 Profile 更新任务...
2026-07-10 16:47:57.622 | INFO     | N/A | ⏳ 等待 Profile 更新任务...
2026-07-10 16:48:02.644 | INFO     | N/A | ⏳ 等待 Profile 更新任务...
2026-07-10 16:48:07.665 | INFO     | N/A | ⏳ 等待 Profile 更新任务...
2026-07-10 16:48:12.691 | INFO     | N/A | ⏳ 等待 Profile 更新任务...
2026-07-10 16:48:17.715 | INFO     | N/A | ⏳ 等待 Profile 更新任务...
2026-07-10 16:48:22.738 | INFO     | N/A | ⏳ 等待 Profile 更新任务...
2026-07-10 16:48:27.762 | INFO     | N/A | ⏳ 等待 Profile 更新任务...
2026-07-10 16:48:32.787 | INFO     | N/A | ⏳ 等待 Profile 更新任务...
2026-07-10 16:48:37.810 | INFO     | N/A | ⏳ 等待 Profile 更新任务...
2026-07-10 16:48:42.837 | INFO     | N/A | ⏳ 等待 Profile 更新任务...
2026-07-10 16:48:47.862 | INFO     | N/A | ⏳ 等待 Profile 更新任务...
2026-07-10 16:48:52.886 | INFO     | N/A | ⏳ 等待 Profile 更新任务...
2026-07-10 16:48:57.911 | INFO     | N/A | ⏳ 等待 Profile 更新任务...
2026-07-10 16:49:02.935 | INFO     | N/A | ⏳ 等待 Profile 更新任务...
2026-07-10 16:49:07.960 | INFO     | N/A | ⏳ 等待 Profile 更新任务...
2026-07-10 16:49:12.983 | INFO     | N/A | ⏳ 等待 Profile 更新任务...
2026-07-10 16:49:18.009 | INFO     | N/A | ⏳ 等待 Profile 更新任务...
2026-07-10 16:49:23.033 | INFO     | N/A | ⏳ 等待 Profile 更新任务...
2026-07-10 16:49:28.057 | INFO     | N/A | ⏳ 等待 Profile 更新任务...
2026-07-10 16:49:33.079 | INFO     | N/A | ⏳ 等待 Profile 更新任务...
2026-07-10 16:49:38.102 | INFO     | N/A | ⏳ 等待 Profile 更新任务...
2026-07-10 16:49:43.125 | INFO     | N/A | ⏳ 等待 Profile 更新任务...
2026-07-10 16:49:48.150 | INFO     | N/A | ⏳ 等待 Profile 更新任务...
2026-07-10 16:49:53.175 | INFO     | N/A | ⏳ 等待 Profile 更新任务...
2026-07-10 16:49:58.199 | INFO     | N/A | ⏳ 等待 Profile 更新任务...
2026-07-10 16:50:03.223 | INFO     | N/A | ⏳ 等待 Profile 更新任务...
2026-07-10 16:50:08.246 | INFO     | N/A | ⏳ 等待 Profile 更新任务...
2026-07-10 16:50:13.274 | INFO     | N/A | ⏳ 等待 Profile 更新任务...
2026-07-10 16:50:18.189 | INFO     | N/A | ⏳ 等待 Profile 更新任务...
2026-07-10 16:50:22.837 | INFO     | N/A | ⏳ 等待 Profile 更新任务...
2026-07-10 16:50:27.825 | INFO     | N/A | ⏳ 等待 Profile 更新任务...
2026-07-10 16:50:32.849 | INFO     | N/A | ⏳ 等待 Profile 更新任务...
2026-07-10 16:50:37.875 | INFO     | N/A | ⏳ 等待 Profile 更新任务...
2026-07-10 16:50:42.898 | INFO     | N/A | ⏳ 等待 Profile 更新任务...
2026-07-10 16:50:47.921 | INFO     | N/A | ⏳ 等待 Profile 更新任务...
2026-07-10 16:50:52.944 | INFO     | N/A | ⏳ 等待 Profile 更新任务...
2026-07-10 16:50:57.968 | INFO     | N/A | ⏳ 等待 Profile 更新任务...
2026-07-10 16:51:02.992 | INFO     | N/A | ⏳ 等待 Profile 更新任务...
2026-07-10 16:51:08.016 | INFO     | N/A | ⏳ 等待 Profile 更新任务...
2026-07-10 16:51:13.040 | INFO     | N/A | ⏳ 等待 Profile 更新任务...
2026-07-10 16:51:18.072 | INFO     | N/A | ⏳ 等待 Profile 更新任务...
2026-07-10 16:51:23.096 | INFO     | N/A | ⏳ 等待 Profile 更新任务...
2026-07-10 16:51:28.120 | INFO     | N/A | ⏳ 等待 Profile 更新任务...
2026-07-10 16:51:33.142 | INFO     | N/A | ⏳ 等待 Profile 更新任务...
2026-07-10 16:51:38.165 | INFO     | N/A | ⏳ 等待 Profile 更新任务...
2026-07-10 16:51:43.189 | INFO     | N/A | ⏳ 等待 Profile 更新任务...
2026-07-10 16:51:48.218 | INFO     | N/A | ⏳ 等待 Profile 更新任务...
2026-07-10 16:51:53.239 | INFO     | N/A | ⏳ 等待 Profile 更新任务...
2026-07-10 16:51:58.263 | INFO     | N/A | ⏳ 等待 Profile 更新任务...
2026-07-10 16:52:03.286 | INFO     | N/A | ⏳ 等待 Profile 更新任务...
2026-07-10 16:52:08.308 | INFO     | N/A | ⏳ 等待 Profile 更新任务...
2026-07-10 16:52:13.332 | INFO     | N/A | ⏳ 等待 Profile 更新任务...
2026-07-10 16:52:18.360 | INFO     | N/A | ⏳ 等待 Profile 更新任务...
2026-07-10 16:52:23.386 | INFO     | N/A | ⏳ 等待 Profile 更新任务...
2026-07-10 16:52:28.410 | INFO     | N/A | ⏳ 等待 Profile 更新任务...
2026-07-10 16:52:33.431 | INFO     | N/A | ⏳ 等待 Profile 更新任务...
2026-07-10 16:52:38.454 | INFO     | N/A | ⏳ 等待 Profile 更新任务...
2026-07-10 16:52:43.477 | INFO     | N/A | ⏳ 等待 Profile 更新任务...
2026-07-10 16:52:48.509 | INFO     | N/A | ⏳ 等待 Profile 更新任务...
2026-07-10 16:52:53.532 | INFO     | N/A | ⏳ 等待 Profile 更新任务...
2026-07-10 16:52:58.554 | INFO     | N/A | ⏳ 等待 Profile 更新任务...
2026-07-10 16:53:03.579 | INFO     | N/A | ⏳ 等待 Profile 更新任务...
2026-07-10 16:53:08.603 | INFO     | N/A | ⏳ 等待 Profile 更新任务...
2026-07-10 16:53:13.629 | INFO     | N/A | ⏳ 等待 Profile 更新任务...
2026-07-10 16:53:18.658 | INFO     | N/A | ⏳ 等待 Profile 更新任务...
2026-07-10 16:53:23.685 | INFO     | N/A | ⏳ 等待 Profile 更新任务...
2026-07-10 16:53:28.710 | INFO     | N/A | ⏳ 等待 Profile 更新任务...
2026-07-10 16:53:33.735 | INFO     | N/A | ⏳ 等待 Profile 更新任务...
2026-07-10 16:53:38.760 | INFO     | N/A | ⏳ 等待 Profile 更新任务...
2026-07-10 16:53:43.784 | INFO     | N/A | ⏳ 等待 Profile 更新任务...
2026-07-10 16:53:48.812 | INFO     | N/A | ⏳ 等待 Profile 更新任务...
2026-07-10 16:53:53.837 | INFO     | N/A | ⏳ 等待 Profile 更新任务...
2026-07-10 16:53:58.861 | INFO     | N/A | ⏳ 等待 Profile 更新任务...
2026-07-10 16:54:03.883 | INFO     | N/A | ⏳ 等待 Profile 更新任务...
2026-07-10 16:54:08.908 | INFO     | N/A | ⏳ 等待 Profile 更新任务...
2026-07-10 16:54:13.935 | INFO     | N/A | ⏳ 等待 Profile 更新任务...
2026-07-10 16:54:18.959 | INFO     | N/A | ⏳ 等待 Profile 更新任务...
2026-07-10 16:54:23.987 | INFO     | N/A | ⏳ 等待 Profile 更新任务...
2026-07-10 16:54:29.012 | INFO     | N/A | ⏳ 等待 Profile 更新任务...
2026-07-10 16:54:34.035 | INFO     | N/A | ⏳ 等待 Profile 更新任务...
2026-07-10 16:54:39.057 | INFO     | N/A | ⏳ 等待 Profile 更新任务...
2026-07-10 16:54:44.083 | INFO     | N/A | ⏳ 等待 Profile 更新任务...
2026-07-10 16:54:49.107 | INFO     | N/A | ⏳ 等待 Profile 更新任务...
2026-07-10 16:54:54.133 | INFO     | N/A | ⏳ 等待 Profile 更新任务...
2026-07-10 16:54:59.157 | INFO     | N/A | ⏳ 等待 Profile 更新任务...
2026-07-10 16:55:04.180 | INFO     | N/A | ⏳ 等待 Profile 更新任务...
2026-07-10 16:55:09.203 | INFO     | N/A | ⏳ 等待 Profile 更新任务...
2026-07-10 16:55:14.228 | INFO     | N/A | ⏳ 等待 Profile 更新任务...
2026-07-10 16:55:19.251 | INFO     | N/A | ⏳ 等待 Profile 更新任务...
2026-07-10 16:55:24.277 | INFO     | N/A | ⏳ 等待 Profile 更新任务...
2026-07-10 16:55:29.300 | INFO     | N/A | ⏳ 等待 Profile 更新任务...
2026-07-10 16:55:34.329 | INFO     | N/A | ⏳ 等待 Profile 更新任务...
2026-07-10 16:55:39.383 | INFO     | N/A | ⏳ 等待 Profile 更新任务...
2026-07-10 16:55:44.409 | INFO     | N/A | ⏳ 等待 Profile 更新任务...
2026-07-10 16:55:49.435 | INFO     | N/A | ⏳ 等待 Profile 更新任务...
2026-07-10 16:55:54.461 | INFO     | N/A | ⏳ 等待 Profile 更新任务...
2026-07-10 16:55:59.488 | INFO     | N/A | ⏳ 等待 Profile 更新任务...
2026-07-10 16:56:04.510 | INFO     | N/A | ⏳ 等待 Profile 更新任务...
2026-07-10 16:56:09.537 | INFO     | N/A | ⏳ 等待 Profile 更新任务...
2026-07-10 16:56:14.563 | INFO     | N/A | ⏳ 等待 Profile 更新任务...
2026-07-10 16:56:19.594 | INFO     | N/A | ⏳ 等待 Profile 更新任务...
2026-07-10 16:56:24.618 | INFO     | N/A | ⏳ 等待 Profile 更新任务...
2026-07-10 16:56:29.642 | INFO     | N/A | ⏳ 等待 Profile 更新任务...
2026-07-10 16:56:34.668 | INFO     | N/A | ⏳ 等待 Profile 更新任务...
2026-07-10 16:56:39.691 | INFO     | N/A | ⏳ 等待 Profile 更新任务...
2026-07-10 16:56:44.716 | INFO     | N/A | ⏳ 等待 Profile 更新任务...
2026-07-10 16:56:49.741 | INFO     | N/A | ⏳ 等待 Profile 更新任务...
2026-07-10 16:56:54.766 | INFO     | N/A | ⏳ 等待 Profile 更新任务...
2026-07-10 16:56:59.790 | INFO     | N/A | ⏳ 等待 Profile 更新任务...
2026-07-10 16:57:04.813 | INFO     | N/A | ⏳ 等待 Profile 更新任务...
2026-07-10 16:57:09.837 | INFO     | N/A | ⏳ 等待 Profile 更新任务...
2026-07-10 16:57:14.861 | INFO     | N/A | ⏳ 等待 Profile 更新任务...
2026-07-10 16:57:19.890 | INFO     | N/A | ⏳ 等待 Profile 更新任务...
2026-07-10 16:57:24.912 | INFO     | N/A | ⏳ 等待 Profile 更新任务...
2026-07-10 16:57:29.936 | INFO     | N/A | ⏳ 等待 Profile 更新任务...
2026-07-10 16:57:34.960 | INFO     | N/A | ⏳ 等待 Profile 更新任务...
2026-07-10 16:57:39.982 | INFO     | N/A | ⏳ 等待 Profile 更新任务...
2026-07-10 16:57:45.008 | INFO     | N/A | ⏳ 等待 Profile 更新任务...
2026-07-10 16:57:50.031 | INFO     | N/A | ⏳ 等待 Profile 更新任务...
2026-07-10 16:57:55.055 | INFO     | N/A | ⏳ 等待 Profile 更新任务...
2026-07-10 16:58:00.079 | INFO     | N/A | ⏳ 等待 Profile 更新任务...
2026-07-10 16:58:05.104 | INFO     | N/A | ⏳ 等待 Profile 更新任务...
2026-07-10 16:58:10.128 | INFO     | N/A | ⏳ 等待 Profile 更新任务...
2026-07-10 16:58:15.152 | INFO     | N/A | ⏳ 等待 Profile 更新任务...
2026-07-10 16:58:20.178 | INFO     | N/A | ⏳ 等待 Profile 更新任务...
2026-07-10 16:58:25.204 | INFO     | N/A | ⏳ 等待 Profile 更新任务...
2026-07-10 16:58:30.229 | INFO     | N/A | ⏳ 等待 Profile 更新任务...
2026-07-10 16:58:35.252 | INFO     | N/A | ⏳ 等待 Profile 更新任务...
2026-07-10 16:58:40.275 | INFO     | N/A | ⏳ 等待 Profile 更新任务...
2026-07-10 16:58:45.301 | INFO     | N/A | ⏳ 等待 Profile 更新任务...
2026-07-10 16:58:50.331 | INFO     | N/A | ⏳ 等待 Profile 更新任务...
2026-07-10 16:58:55.354 | INFO     | N/A | ⏳ 等待 Profile 更新任务...
2026-07-10 16:59:00.377 | INFO     | N/A | ⏳ 等待 Profile 更新任务...
2026-07-10 16:59:05.401 | INFO     | N/A | ⏳ 等待 Profile 更新任务...
2026-07-10 16:59:10.425 | INFO     | N/A | ⏳ 等待 Profile 更新任务...
2026-07-10 16:59:15.448 | INFO     | N/A | ⏳ 等待 Profile 更新任务...
2026-07-10 16:59:20.479 | INFO     | N/A | ⏳ 等待 Profile 更新任务...
2026-07-10 16:59:25.504 | INFO     | N/A | ⏳ 等待 Profile 更新任务...
2026-07-10 16:59:30.527 | INFO     | N/A | ⏳ 等待 Profile 更新任务...
2026-07-10 16:59:35.550 | INFO     | N/A | ⏳ 等待 Profile 更新任务...
2026-07-10 16:59:40.573 | INFO     | N/A | ⏳ 等待 Profile 更新任务...
2026-07-10 16:59:45.597 | INFO     | N/A | ⏳ 等待 Profile 更新任务...
2026-07-10 16:59:50.625 | INFO     | N/A | ⏳ 等待 Profile 更新任务...
2026-07-10 16:59:55.647 | INFO     | N/A | ⏳ 等待 Profile 更新任务...
2026-07-10 17:00:00.673 | INFO     | N/A | ⏳ 等待 Profile 更新任务...
2026-07-10 17:00:05.696 | INFO     | N/A | ⏳ 等待 Profile 更新任务...
2026-07-10 17:00:10.720 | INFO     | N/A | ⏳ 等待 Profile 更新任务...
2026-07-10 17:00:15.745 | INFO     | N/A | ⏳ 等待 Profile 更新任务...
2026-07-10 17:00:20.790 | INFO     | N/A | ⏳ 等待 Profile 更新任务...
2026-07-10 17:00:25.814 | INFO     | N/A | ⏳ 等待 Profile 更新任务...
2026-07-10 17:00:30.837 | INFO     | N/A | ⏳ 等待 Profile 更新任务...
2026-07-10 17:00:35.861 | INFO     | N/A | ⏳ 等待 Profile 更新任务...
2026-07-10 17:00:40.887 | INFO     | N/A | ⏳ 等待 Profile 更新任务...
2026-07-10 17:00:45.910 | INFO     | N/A | ⏳ 等待 Profile 更新任务...
2026-07-10 17:00:50.937 | INFO     | N/A | ⏳ 等待 Profile 更新任务...
2026-07-10 17:00:55.961 | INFO     | N/A | ⏳ 等待 Profile 更新任务...
2026-07-10 17:01:00.985 | INFO     | N/A | ⏳ 等待 Profile 更新任务...
2026-07-10 17:01:06.008 | INFO     | N/A | ⏳ 等待 Profile 更新任务...
2026-07-10 17:01:11.034 | INFO     | N/A | ⏳ 等待 Profile 更新任务...
2026-07-10 17:01:16.060 | INFO     | N/A | ⏳ 等待 Profile 更新任务...
2026-07-10 17:01:21.090 | INFO     | N/A | ⏳ 等待 Profile 更新任务...
2026-07-10 17:01:26.112 | INFO     | N/A | ⏳ 等待 Profile 更新任务...
2026-07-10 17:01:31.135 | INFO     | N/A | ⏳ 等待 Profile 更新任务...
2026-07-10 17:01:36.158 | INFO     | N/A | ⏳ 等待 Profile 更新任务...
2026-07-10 17:01:41.181 | INFO     | N/A | ⏳ 等待 Profile 更新任务...
2026-07-10 17:01:46.202 | INFO     | N/A | ⏳ 等待 Profile 更新任务...
2026-07-10 17:01:51.226 | INFO     | N/A | ⏳ 等待 Profile 更新任务...
2026-07-10 17:01:56.279 | INFO     | N/A | ⏳ 等待 Profile 更新任务...
2026-07-10 17:02:01.303 | INFO     | N/A | ⏳ 等待 Profile 更新任务...
2026-07-10 17:02:06.326 | INFO     | N/A | ⏳ 等待 Profile 更新任务...
2026-07-10 17:02:11.350 | INFO     | N/A | ⏳ 等待 Profile 更新任务...
2026-07-10 17:02:16.375 | INFO     | N/A | ⏳ 等待 Profile 更新任务...
2026-07-10 17:02:21.403 | INFO     | N/A | ⏳ 等待 Profile 更新任务...
2026-07-10 17:02:26.434 | INFO     | N/A | ⏳ 等待 Profile 更新任务...
2026-07-10 17:02:31.456 | INFO     | N/A | ⏳ 等待 Profile 更新任务...
2026-07-10 17:02:36.482 | INFO     | N/A | ⏳ 等待 Profile 更新任务...
2026-07-10 17:02:41.507 | INFO     | N/A | ⏳ 等待 Profile 更新任务...
2026-07-10 17:06:34.831 | ERROR    | N/A | Worker 主循环异常: Timeout reading from socket
Traceback (most recent call last):

  File "D:\毕业设计\Travel_python\.venv\Lib\site-packages\redis\_parsers\socket.py", line 64, in _read_from_socket
    data = sock.recv(socket_read_size)

TimeoutError: timed out


During handling of the above exception, another exception occurred:


Traceback (most recent call last):

  File "D:\毕业设计\Travel_python\travel_ai_python\app\service\profile_worker.py", line 194, in <module>
    run_worker()

> File "D:\毕业设计\Travel_python\travel_ai_python\app\service\profile_worker.py", line 169, in run_worker
    task_data = pop_profile_update_task(block=True, timeout=5)

  File "D:\毕业设计\Travel_python\travel_ai_python\app\utils\redis_client.py", line 43, in pop_profile_update_task
    result = redis_client.brpop(PROFILE_UPDATE_QUEUE, timeout=timeout)

  File "D:\毕业设计\Travel_python\.venv\Lib\site-packages\redis\commands\core.py", line 4751, in brpop
    return self.execute_command("BRPOP", *keys)
  File "D:\毕业设计\Travel_python\.venv\Lib\site-packages\redis\client.py", line 787, in execute_command
    return self._execute_command(*args, **options)
  File "D:\毕业设计\Travel_python\.venv\Lib\site-packages\redis\client.py", line 809, in _execute_command
    result = conn.retry.call_with_retry(
  File "D:\毕业设计\Travel_python\.venv\Lib\site-packages\redis\retry.py", line 132, in call_with_retry
    raise error
  File "D:\毕业设计\Travel_python\.venv\Lib\site-packages\redis\retry.py", line 120, in call_with_retry
    return do()
  File "D:\毕业设计\Travel_python\.venv\Lib\site-packages\redis\client.py", line 810, in <lambda>
    lambda: self._send_command_parse_response(
  File "D:\毕业设计\Travel_python\.venv\Lib\site-packages\redis\client.py", line 753, in _send_command_parse_response
    return self.parse_response(conn, command_name, **options)
  File "D:\毕业设计\Travel_python\.venv\Lib\site-packages\redis\client.py", line 853, in parse_response
    response = connection.read_response()
  File "D:\毕业设计\Travel_python\.venv\Lib\site-packages\redis\connection.py", line 1371, in read_response
    response = self._parser.read_response(
  File "D:\毕业设计\Travel_python\.venv\Lib\site-packages\redis\_parsers\resp3.py", line 40, in read_response
    result = self._read_response(
  File "D:\毕业设计\Travel_python\.venv\Lib\site-packages\redis\_parsers\resp3.py", line 65, in _read_response
    raw = self._buffer.readline(timeout=timeout)
  File "D:\毕业设计\Travel_python\.venv\Lib\site-packages\redis\_parsers\socket.py", line 117, in readline
    self._read_from_socket(timeout=timeout)
  File "D:\毕业设计\Travel_python\.venv\Lib\site-packages\redis\_parsers\socket.py", line 77, in _read_from_socket
    raise TimeoutError("Timeout reading from socket")

redis.exceptions.TimeoutError: Timeout reading from socket
2026-07-10 17:06:35.838 | INFO     | N/A | ⏳ 等待 Profile 更新任务...
2026-07-10 17:06:40.895 | INFO     | N/A | ⏳ 等待 Profile 更新任务...
2026-07-10 17:06:45.919 | INFO     | N/A | ⏳ 等待 Profile 更新任务...
2026-07-10 17:06:50.942 | INFO     | N/A | ⏳ 等待 Profile 更新任务...
2026-07-10 17:06:55.970 | INFO     | N/A | ⏳ 等待 Profile 更新任务...
2026-07-10 17:07:00.995 | INFO     | N/A | ⏳ 等待 Profile 更新任务...
2026-07-10 17:07:06.022 | INFO     | N/A | ⏳ 等待 Profile 更新任务...
2026-07-10 17:07:11.045 | INFO     | N/A | ⏳ 等待 Profile 更新任务...
2026-07-10 17:07:16.070 | INFO     | N/A | ⏳ 等待 Profile 更新任务...
2026-07-10 17:07:21.093 | INFO     | N/A | ⏳ 等待 Profile 更新任务...
2026-07-10 17:07:26.115 | INFO     | N/A | ⏳ 等待 Profile 更新任务...
2026-07-10 17:07:31.138 | INFO     | N/A | ⏳ 等待 Profile 更新任务...
2026-07-10 17:07:36.165 | INFO     | N/A | ⏳ 等待 Profile 更新任务...
2026-07-10 17:07:41.186 | INFO     | N/A | ⏳ 等待 Profile 更新任务...
2026-07-10 17:07:46.210 | INFO     | N/A | ⏳ 等待 Profile 更新任务...
2026-07-10 17:07:51.233 | INFO     | N/A | ⏳ 等待 Profile 更新任务...
2026-07-10 17:07:56.258 | INFO     | N/A | ⏳ 等待 Profile 更新任务...
2026-07-10 17:08:01.284 | INFO     | N/A | ⏳ 等待 Profile 更新任务...
2026-07-10 17:08:06.312 | INFO     | N/A | ⏳ 等待 Profile 更新任务...
2026-07-10 17:08:11.336 | INFO     | N/A | ⏳ 等待 Profile 更新任务...
2026-07-10 17:08:16.359 | INFO     | N/A | ⏳ 等待 Profile 更新任务...
2026-07-10 17:08:21.383 | INFO     | N/A | ⏳ 等待 Profile 更新任务...
2026-07-10 17:08:26.410 | INFO     | N/A | ⏳ 等待 Profile 更新任务...
2026-07-10 17:08:31.432 | INFO     | N/A | ⏳ 等待 Profile 更新任务...
2026-07-10 17:08:36.459 | INFO     | N/A | ⏳ 等待 Profile 更新任务...
2026-07-10 17:08:41.481 | INFO     | N/A | ⏳ 等待 Profile 更新任务...
2026-07-10 17:08:46.448 | INFO     | N/A | ⏳ 等待 Profile 更新任务...
2026-07-10 17:08:51.091 | INFO     | N/A | ⏳ 等待 Profile 更新任务...
2026-07-10 17:08:55.998 | INFO     | N/A | ⏳ 等待 Profile 更新任务...
2026-07-10 17:09:01.021 | INFO     | N/A | ⏳ 等待 Profile 更新任务...
2026-07-10 17:09:06.045 | INFO     | N/A | ⏳ 等待 Profile 更新任务...
2026-07-10 17:09:11.071 | INFO     | N/A | ⏳ 等待 Profile 更新任务...
2026-07-10 17:09:16.094 | INFO     | N/A | ⏳ 等待 Profile 更新任务...
2026-07-10 17:09:21.151 | INFO     | N/A | ⏳ 等待 Profile 更新任务...
2026-07-10 17:09:26.175 | INFO     | N/A | ⏳ 等待 Profile 更新任务...
2026-07-10 17:09:31.200 | INFO     | N/A | ⏳ 等待 Profile 更新任务...
2026-07-10 17:09:36.226 | INFO     | N/A | ⏳ 等待 Profile 更新任务...
2026-07-10 17:09:41.249 | INFO     | N/A | ⏳ 等待 Profile 更新任务...
2026-07-10 17:09:46.272 | INFO     | N/A | ⏳ 等待 Profile 更新任务...
2026-07-10 17:09:51.294 | INFO     | N/A | ⏳ 等待 Profile 更新任务...
2026-07-10 17:09:56.318 | INFO     | N/A | ⏳ 等待 Profile 更新任务...
2026-07-10 17:10:01.342 | INFO     | N/A | ⏳ 等待 Profile 更新任务...
2026-07-10 17:10:06.371 | INFO     | N/A | ⏳ 等待 Profile 更新任务...
2026-07-10 17:10:11.396 | INFO     | N/A | ⏳ 等待 Profile 更新任务...
2026-07-10 17:10:16.420 | INFO     | N/A | ⏳ 等待 Profile 更新任务...
2026-07-10 17:10:21.445 | INFO     | N/A | ⏳ 等待 Profile 更新任务...
2026-07-10 17:10:26.467 | INFO     | N/A | ⏳ 等待 Profile 更新任务...
2026-07-10 17:10:31.492 | INFO     | N/A | ⏳ 等待 Profile 更新任务...
2026-07-10 17:10:36.516 | INFO     | N/A | ⏳ 等待 Profile 更新任务...
2026-07-10 17:10:41.549 | INFO     | N/A | ⏳ 等待 Profile 更新任务...
2026-07-10 17:10:46.572 | INFO     | N/A | ⏳ 等待 Profile 更新任务...
2026-07-10 17:10:51.596 | INFO     | N/A | ⏳ 等待 Profile 更新任务...
2026-07-10 17:10:56.620 | INFO     | N/A | ⏳ 等待 Profile 更新任务...
2026-07-10 17:11:01.645 | INFO     | N/A | ⏳ 等待 Profile 更新任务...
2026-07-10 17:11:06.669 | INFO     | N/A | ⏳ 等待 Profile 更新任务...
2026-07-10 17:11:11.691 | INFO     | N/A | ⏳ 等待 Profile 更新任务...
2026-07-10 17:11:16.712 | INFO     | N/A | ⏳ 等待 Profile 更新任务...
2026-07-10 17:11:21.737 | INFO     | N/A | ⏳ 等待 Profile 更新任务...
2026-07-10 17:11:26.760 | INFO     | N/A | ⏳ 等待 Profile 更新任务...
2026-07-10 17:11:31.788 | INFO     | N/A | ⏳ 等待 Profile 更新任务...
2026-07-10 17:11:36.812 | INFO     | N/A | ⏳ 等待 Profile 更新任务...
2026-07-10 17:11:41.839 | INFO     | N/A | ⏳ 等待 Profile 更新任务...
2026-07-10 17:11:46.863 | INFO     | N/A | ⏳ 等待 Profile 更新任务...
2026-07-10 17:11:51.888 | INFO     | N/A | ⏳ 等待 Profile 更新任务...
2026-07-10 17:11:56.915 | INFO     | N/A | ⏳ 等待 Profile 更新任务...
2026-07-10 17:12:01.937 | INFO     | N/A | ⏳ 等待 Profile 更新任务...
2026-07-10 17:12:06.965 | INFO     | N/A | ⏳ 等待 Profile 更新任务...
2026-07-10 17:12:11.991 | INFO     | N/A | ⏳ 等待 Profile 更新任务...
2026-07-10 17:12:17.014 | INFO     | N/A | ⏳ 等待 Profile 更新任务...
2026-07-10 17:12:22.037 | INFO     | N/A | ⏳ 等待 Profile 更新任务...
2026-07-10 17:12:27.061 | INFO     | N/A | ⏳ 等待 Profile 更新任务...
2026-07-10 17:12:32.084 | INFO     | N/A | ⏳ 等待 Profile 更新任务...
2026-07-10 17:12:37.108 | INFO     | N/A | ⏳ 等待 Profile 更新任务...
2026-07-10 17:12:42.137 | INFO     | N/A | ⏳ 等待 Profile 更新任务...
2026-07-10 17:12:47.162 | INFO     | N/A | ⏳ 等待 Profile 更新任务...
2026-07-10 17:12:52.184 | INFO     | N/A | ⏳ 等待 Profile 更新任务...
2026-07-10 17:12:57.205 | INFO     | N/A | ⏳ 等待 Profile 更新任务...
2026-07-10 17:13:02.232 | INFO     | N/A | ⏳ 等待 Profile 更新任务...
2026-07-10 17:13:07.260 | INFO     | N/A | ⏳ 等待 Profile 更新任务...
2026-07-10 17:13:12.283 | INFO     | N/A | ⏳ 等待 Profile 更新任务...
2026-07-10 17:13:17.307 | INFO     | N/A | ⏳ 等待 Profile 更新任务...
2026-07-10 17:13:22.331 | INFO     | N/A | ⏳ 等待 Profile 更新任务...
2026-07-10 17:13:27.354 | INFO     | N/A | ⏳ 等待 Profile 更新任务...
2026-07-10 17:13:32.377 | INFO     | N/A | ⏳ 等待 Profile 更新任务...
2026-07-10 17:13:37.401 | INFO     | N/A | ⏳ 等待 Profile 更新任务...
2026-07-10 17:13:42.425 | INFO     | N/A | ⏳ 等待 Profile 更新任务...
2026-07-10 17:13:47.452 | INFO     | N/A | ⏳ 等待 Profile 更新任务...
2026-07-10 17:13:52.479 | INFO     | N/A | ⏳ 等待 Profile 更新任务...
2026-07-10 17:13:57.501 | INFO     | N/A | ⏳ 等待 Profile 更新任务...
2026-07-10 17:14:02.526 | INFO     | N/A | ⏳ 等待 Profile 更新任务...
2026-07-10 17:14:07.549 | INFO     | N/A | ⏳ 等待 Profile 更新任务...
2026-07-10 17:14:12.574 | INFO     | N/A | ⏳ 等待 Profile 更新任务...
2026-07-10 17:14:17.602 | INFO     | N/A | ⏳ 等待 Profile 更新任务...
2026-07-10 17:14:22.626 | INFO     | N/A | ⏳ 等待 Profile 更新任务...
2026-07-10 17:14:27.651 | INFO     | N/A | ⏳ 等待 Profile 更新任务...
2026-07-10 17:14:32.674 | INFO     | N/A | ⏳ 等待 Profile 更新任务...
2026-07-10 17:14:37.700 | INFO     | N/A | ⏳ 等待 Profile 更新任务...
2026-07-10 17:14:42.725 | INFO     | N/A | ⏳ 等待 Profile 更新任务...
2026-07-10 17:14:47.750 | INFO     | N/A | ⏳ 等待 Profile 更新任务...
2026-07-10 17:14:52.771 | INFO     | N/A | ⏳ 等待 Profile 更新任务...
2026-07-10 17:14:57.794 | INFO     | N/A | ⏳ 等待 Profile 更新任务...
2026-07-10 17:15:02.818 | INFO     | N/A | ⏳ 等待 Profile 更新任务...
2026-07-10 17:15:07.842 | INFO     | N/A | ⏳ 等待 Profile 更新任务...
2026-07-10 17:15:12.868 | INFO     | N/A | ⏳ 等待 Profile 更新任务...
2026-07-10 17:15:17.891 | INFO     | N/A | ⏳ 等待 Profile 更新任务...
2026-07-10 17:15:22.915 | INFO     | N/A | ⏳ 等待 Profile 更新任务...
2026-07-10 17:15:27.939 | INFO     | N/A | ⏳ 等待 Profile 更新任务...
2026-07-10 17:15:32.965 | INFO     | N/A | ⏳ 等待 Profile 更新任务...
2026-07-10 17:15:37.989 | INFO     | N/A | ⏳ 等待 Profile 更新任务...
2026-07-10 17:15:43.018 | INFO     | N/A | ⏳ 等待 Profile 更新任务...
2026-07-10 17:15:48.041 | INFO     | N/A | ⏳ 等待 Profile 更新任务...
2026-07-10 17:15:53.067 | INFO     | N/A | ⏳ 等待 Profile 更新任务...
2026-07-10 17:15:58.092 | INFO     | N/A | ⏳ 等待 Profile 更新任务...
2026-07-10 17:16:03.117 | INFO     | N/A | ⏳ 等待 Profile 更新任务...
2026-07-10 17:16:08.142 | INFO     | N/A | ⏳ 等待 Profile 更新任务...
2026-07-10 17:16:13.167 | INFO     | N/A | ⏳ 等待 Profile 更新任务...
2026-07-10 17:16:18.192 | INFO     | N/A | ⏳ 等待 Profile 更新任务...
2026-07-10 17:16:23.215 | INFO     | N/A | ⏳ 等待 Profile 更新任务...
2026-07-10 17:16:28.238 | INFO     | N/A | ⏳ 等待 Profile 更新任务...
2026-07-10 17:16:33.265 | INFO     | N/A | ⏳ 等待 Profile 更新任务...
2026-07-10 17:16:38.290 | INFO     | N/A | ⏳ 等待 Profile 更新任务...
2026-07-10 17:16:43.320 | INFO     | N/A | ⏳ 等待 Profile 更新任务...
2026-07-10 17:16:48.345 | INFO     | N/A | ⏳ 等待 Profile 更新任务...
2026-07-10 17:16:53.370 | INFO     | N/A | ⏳ 等待 Profile 更新任务...
2026-07-10 17:16:58.398 | INFO     | N/A | ⏳ 等待 Profile 更新任务...
2026-07-10 17:17:03.424 | INFO     | N/A | ⏳ 等待 Profile 更新任务...
2026-07-10 17:17:08.450 | INFO     | N/A | ⏳ 等待 Profile 更新任务...
2026-07-10 17:17:13.476 | INFO     | N/A | ⏳ 等待 Profile 更新任务...
2026-07-10 17:17:18.499 | INFO     | N/A | ⏳ 等待 Profile 更新任务...
2026-07-10 17:17:23.522 | INFO     | N/A | ⏳ 等待 Profile 更新任务...
2026-07-10 17:17:28.546 | INFO     | N/A | ⏳ 等待 Profile 更新任务...
2026-07-10 17:17:33.572 | INFO     | N/A | ⏳ 等待 Profile 更新任务...
2026-07-10 17:17:38.598 | INFO     | N/A | ⏳ 等待 Profile 更新任务...
2026-07-10 17:17:43.624 | INFO     | N/A | ⏳ 等待 Profile 更新任务...
2026-07-10 17:17:48.648 | INFO     | N/A | ⏳ 等待 Profile 更新任务...
2026-07-10 17:17:53.671 | INFO     | N/A | ⏳ 等待 Profile 更新任务...
2026-07-10 17:17:58.694 | INFO     | N/A | ⏳ 等待 Profile 更新任务...
2026-07-10 17:18:03.719 | INFO     | N/A | ⏳ 等待 Profile 更新任务...
2026-07-10 17:18:08.744 | INFO     | N/A | ⏳ 等待 Profile 更新任务...
2026-07-10 17:18:13.770 | INFO     | N/A | ⏳ 等待 Profile 更新任务...
2026-07-10 17:18:18.794 | INFO     | N/A | ⏳ 等待 Profile 更新任务...
2026-07-10 17:18:23.817 | INFO     | N/A | ⏳ 等待 Profile 更新任务...
2026-07-10 17:18:28.844 | INFO     | N/A | ⏳ 等待 Profile 更新任务...
2026-07-10 17:18:33.866 | INFO     | N/A | ⏳ 等待 Profile 更新任务...
2026-07-10 17:18:38.889 | INFO     | N/A | ⏳ 等待 Profile 更新任务...
2026-07-10 17:18:43.913 | INFO     | N/A | ⏳ 等待 Profile 更新任务...
2026-07-10 17:18:48.938 | INFO     | N/A | ⏳ 等待 Profile 更新任务...
2026-07-10 17:18:53.962 | INFO     | N/A | ⏳ 等待 Profile 更新任务...
2026-07-10 17:18:58.985 | INFO     | N/A | ⏳ 等待 Profile 更新任务...
2026-07-10 17:19:04.011 | INFO     | N/A | ⏳ 等待 Profile 更新任务...
2026-07-10 17:19:09.036 | INFO     | N/A | ⏳ 等待 Profile 更新任务...
2026-07-10 17:19:14.060 | INFO     | N/A | ⏳ 等待 Profile 更新任务...
2026-07-10 17:19:19.084 | INFO     | N/A | ⏳ 等待 Profile 更新任务...
2026-07-10 17:19:24.109 | INFO     | N/A | ⏳ 等待 Profile 更新任务...
2026-07-10 17:19:29.131 | INFO     | N/A | ⏳ 等待 Profile 更新任务...
2026-07-10 17:19:34.156 | INFO     | N/A | ⏳ 等待 Profile 更新任务...
2026-07-10 17:19:39.182 | INFO     | N/A | ⏳ 等待 Profile 更新任务...
2026-07-10 17:19:44.207 | INFO     | N/A | ⏳ 等待 Profile 更新任务...
2026-07-10 17:19:49.233 | INFO     | N/A | ⏳ 等待 Profile 更新任务...
2026-07-10 17:19:54.258 | INFO     | N/A | ⏳ 等待 Profile 更新任务...
2026-07-10 17:19:59.281 | INFO     | N/A | ⏳ 等待 Profile 更新任务...
2026-07-10 17:20:04.308 | INFO     | N/A | ⏳ 等待 Profile 更新任务...
2026-07-10 17:20:09.332 | INFO     | N/A | ⏳ 等待 Profile 更新任务...
2026-07-10 17:20:14.357 | INFO     | N/A | ⏳ 等待 Profile 更新任务...
2026-07-10 17:20:19.382 | INFO     | N/A | ⏳ 等待 Profile 更新任务...
2026-07-10 17:20:24.405 | INFO     | N/A | ⏳ 等待 Profile 更新任务...
2026-07-10 17:20:29.428 | INFO     | N/A | ⏳ 等待 Profile 更新任务...
2026-07-10 17:20:34.454 | INFO     | N/A | ⏳ 等待 Profile 更新任务...
2026-07-10 17:20:39.478 | INFO     | N/A | ⏳ 等待 Profile 更新任务...
2026-07-10 17:20:44.500 | INFO     | N/A | ⏳ 等待 Profile 更新任务...
2026-07-10 17:20:49.526 | INFO     | N/A | ⏳ 等待 Profile 更新任务...
2026-07-10 17:20:54.553 | INFO     | N/A | ⏳ 等待 Profile 更新任务...
2026-07-10 17:20:59.575 | INFO     | N/A | ⏳ 等待 Profile 更新任务...
2026-07-10 17:21:04.600 | INFO     | N/A | ⏳ 等待 Profile 更新任务...
2026-07-10 17:21:09.625 | INFO     | N/A | ⏳ 等待 Profile 更新任务...
2026-07-10 17:21:14.650 | INFO     | N/A | ⏳ 等待 Profile 更新任务...
2026-07-10 17:21:19.672 | INFO     | N/A | ⏳ 等待 Profile 更新任务...
2026-07-10 17:21:24.699 | INFO     | N/A | ⏳ 等待 Profile 更新任务...
2026-07-10 17:21:29.722 | INFO     | N/A | ⏳ 等待 Profile 更新任务...
2026-07-10 17:21:34.746 | INFO     | N/A | ⏳ 等待 Profile 更新任务...
2026-07-10 17:21:39.772 | INFO     | N/A | ⏳ 等待 Profile 更新任务...
2026-07-10 17:21:44.796 | INFO     | N/A | ⏳ 等待 Profile 更新任务...
2026-07-10 17:21:49.819 | INFO     | N/A | ⏳ 等待 Profile 更新任务...
2026-07-10 17:21:54.845 | INFO     | N/A | ⏳ 等待 Profile 更新任务...
2026-07-10 17:21:59.870 | INFO     | N/A | ⏳ 等待 Profile 更新任务...
2026-07-10 17:22:04.894 | INFO     | N/A | ⏳ 等待 Profile 更新任务...
2026-07-10 17:22:09.918 | INFO     | N/A | ⏳ 等待 Profile 更新任务...
2026-07-10 17:22:14.943 | INFO     | N/A | ⏳ 等待 Profile 更新任务...
2026-07-10 17:22:19.967 | INFO     | N/A | ⏳ 等待 Profile 更新任务...
2026-07-10 17:22:24.990 | INFO     | N/A | ⏳ 等待 Profile 更新任务...
2026-07-10 17:22:30.012 | INFO     | N/A | ⏳ 等待 Profile 更新任务...
2026-07-10 17:22:35.037 | INFO     | N/A | ⏳ 等待 Profile 更新任务...
2026-07-10 17:22:40.061 | INFO     | N/A | ⏳ 等待 Profile 更新任务...
2026-07-10 17:22:45.086 | INFO     | N/A | ⏳ 等待 Profile 更新任务...
2026-07-10 17:22:50.111 | INFO     | N/A | ⏳ 等待 Profile 更新任务...
2026-07-10 17:22:55.134 | INFO     | N/A | ⏳ 等待 Profile 更新任务...
2026-07-10 17:23:00.160 | INFO     | N/A | ⏳ 等待 Profile 更新任务...
2026-07-10 17:23:05.185 | INFO     | N/A | ⏳ 等待 Profile 更新任务...
2026-07-10 17:23:10.209 | INFO     | N/A | ⏳ 等待 Profile 更新任务...
2026-07-10 17:23:15.236 | INFO     | N/A | ⏳ 等待 Profile 更新任务...
2026-07-10 17:23:20.262 | INFO     | N/A | ⏳ 等待 Profile 更新任务...
2026-07-10 17:23:25.287 | INFO     | N/A | ⏳ 等待 Profile 更新任务...
2026-07-10 17:23:30.311 | INFO     | N/A | ⏳ 等待 Profile 更新任务...
2026-07-10 17:23:35.334 | INFO     | N/A | ⏳ 等待 Profile 更新任务...
2026-07-10 17:23:40.357 | INFO     | N/A | ⏳ 等待 Profile 更新任务...
2026-07-10 17:23:45.384 | INFO     | N/A | ⏳ 等待 Profile 更新任务...
2026-07-10 17:23:50.410 | INFO     | N/A | ⏳ 等待 Profile 更新任务...
2026-07-10 17:23:55.437 | INFO     | N/A | ⏳ 等待 Profile 更新任务...
2026-07-10 17:24:00.461 | INFO     | N/A | ⏳ 等待 Profile 更新任务...
2026-07-10 17:24:05.486 | INFO     | N/A | ⏳ 等待 Profile 更新任务...
2026-07-10 17:24:10.513 | INFO     | N/A | ⏳ 等待 Profile 更新任务...
2026-07-10 17:24:15.538 | INFO     | N/A | ⏳ 等待 Profile 更新任务...
2026-07-10 17:24:20.561 | INFO     | N/A | ⏳ 等待 Profile 更新任务...
2026-07-10 17:24:25.586 | INFO     | N/A | ⏳ 等待 Profile 更新任务...
2026-07-10 17:24:30.610 | INFO     | N/A | ⏳ 等待 Profile 更新任务...
2026-07-10 17:24:35.633 | INFO     | N/A | ⏳ 等待 Profile 更新任务...
2026-07-10 17:24:40.659 | INFO     | N/A | ⏳ 等待 Profile 更新任务...
2026-07-10 17:24:45.684 | INFO     | N/A | ⏳ 等待 Profile 更新任务...
2026-07-10 17:24:50.712 | INFO     | N/A | ⏳ 等待 Profile 更新任务...
2026-07-10 17:24:55.736 | INFO     | N/A | ⏳ 等待 Profile 更新任务...
2026-07-10 17:25:00.759 | INFO     | N/A | ⏳ 等待 Profile 更新任务...
2026-07-10 17:25:05.783 | INFO     | N/A | ⏳ 等待 Profile 更新任务...
2026-07-10 17:25:10.816 | INFO     | N/A | ⏳ 等待 Profile 更新任务...
2026-07-10 17:25:15.840 | INFO     | N/A | ⏳ 等待 Profile 更新任务...
2026-07-10 17:25:20.866 | INFO     | N/A | ⏳ 等待 Profile 更新任务...
2026-07-10 17:25:25.890 | INFO     | N/A | ⏳ 等待 Profile 更新任务...
2026-07-10 17:25:30.914 | INFO     | N/A | ⏳ 等待 Profile 更新任务...
2026-07-10 17:25:35.937 | INFO     | N/A | ⏳ 等待 Profile 更新任务...
2026-07-10 17:25:40.963 | INFO     | N/A | ⏳ 等待 Profile 更新任务...
2026-07-10 17:25:45.987 | INFO     | N/A | ⏳ 等待 Profile 更新任务...
2026-07-10 17:25:51.014 | INFO     | N/A | ⏳ 等待 Profile 更新任务...
2026-07-10 17:25:56.038 | INFO     | N/A | ⏳ 等待 Profile 更新任务...
2026-07-10 17:26:01.060 | INFO     | N/A | ⏳ 等待 Profile 更新任务...
2026-07-10 17:26:06.085 | INFO     | N/A | ⏳ 等待 Profile 更新任务...
2026-07-10 17:26:11.118 | INFO     | N/A | ⏳ 等待 Profile 更新任务...
2026-07-10 17:26:16.143 | INFO     | N/A | ⏳ 等待 Profile 更新任务...
2026-07-10 17:26:21.170 | INFO     | N/A | ⏳ 等待 Profile 更新任务...
2026-07-10 17:26:26.198 | INFO     | N/A | ⏳ 等待 Profile 更新任务...
2026-07-10 17:26:31.221 | INFO     | N/A | ⏳ 等待 Profile 更新任务...
2026-07-10 17:26:36.244 | INFO     | N/A | ⏳ 等待 Profile 更新任务...
2026-07-10 17:26:41.270 | INFO     | N/A | ⏳ 等待 Profile 更新任务...
2026-07-10 17:26:46.296 | INFO     | N/A | ⏳ 等待 Profile 更新任务...
2026-07-10 17:26:51.326 | INFO     | N/A | ⏳ 等待 Profile 更新任务...
2026-07-10 17:26:56.351 | INFO     | N/A | ⏳ 等待 Profile 更新任务...
2026-07-10 17:27:01.375 | INFO     | N/A | ⏳ 等待 Profile 更新任务...
2026-07-10 17:27:06.400 | INFO     | N/A | ⏳ 等待 Profile 更新任务...
2026-07-10 17:27:11.424 | INFO     | N/A | ⏳ 等待 Profile 更新任务...
2026-07-10 17:27:16.449 | INFO     | N/A | ⏳ 等待 Profile 更新任务...
2026-07-10 17:27:21.475 | INFO     | N/A | ⏳ 等待 Profile 更新任务...
2026-07-10 17:27:26.499 | INFO     | N/A | ⏳ 等待 Profile 更新任务...
2026-07-10 17:27:31.525 | INFO     | N/A | ⏳ 等待 Profile 更新任务...
2026-07-10 17:27:36.551 | INFO     | N/A | ⏳ 等待 Profile 更新任务...
2026-07-10 17:27:41.578 | INFO     | N/A | ⏳ 等待 Profile 更新任务...
2026-07-10 17:27:46.601 | INFO     | N/A | ⏳ 等待 Profile 更新任务...
2026-07-10 17:27:51.627 | INFO     | N/A | ⏳ 等待 Profile 更新任务...
2026-07-10 17:27:56.652 | INFO     | N/A | ⏳ 等待 Profile 更新任务...
2026-07-10 17:28:01.677 | INFO     | N/A | ⏳ 等待 Profile 更新任务...
2026-07-10 17:28:06.699 | INFO     | N/A | ⏳ 等待 Profile 更新任务...
2026-07-10 17:28:11.729 | INFO     | N/A | ⏳ 等待 Profile 更新任务...
2026-07-10 17:28:16.752 | INFO     | N/A | ⏳ 等待 Profile 更新任务...
2026-07-10 17:28:21.776 | INFO     | N/A | ⏳ 等待 Profile 更新任务...
2026-07-10 17:28:26.799 | INFO     | N/A | ⏳ 等待 Profile 更新任务...
2026-07-10 17:28:31.824 | INFO     | N/A | ⏳ 等待 Profile 更新任务...
2026-07-10 17:28:36.848 | INFO     | N/A | ⏳ 等待 Profile 更新任务...
2026-07-10 17:28:41.870 | INFO     | N/A | ⏳ 等待 Profile 更新任务...
2026-07-10 17:28:46.896 | INFO     | N/A | ⏳ 等待 Profile 更新任务...
2026-07-10 17:28:51.922 | INFO     | N/A | ⏳ 等待 Profile 更新任务...
2026-07-10 17:28:56.945 | INFO     | N/A | ⏳ 等待 Profile 更新任务...
2026-07-10 17:29:01.969 | INFO     | N/A | ⏳ 等待 Profile 更新任务...
2026-07-10 17:29:06.991 | INFO     | N/A | ⏳ 等待 Profile 更新任务...
2026-07-10 17:29:12.016 | INFO     | N/A | ⏳ 等待 Profile 更新任务...
2026-07-10 17:29:17.041 | INFO     | N/A | ⏳ 等待 Profile 更新任务...
2026-07-10 17:29:22.065 | INFO     | N/A | ⏳ 等待 Profile 更新任务...
2026-07-10 17:29:27.091 | INFO     | N/A | ⏳ 等待 Profile 更新任务...
2026-07-10 17:29:32.115 | INFO     | N/A | ⏳ 等待 Profile 更新任务...
2026-07-10 17:29:37.140 | INFO     | N/A | ⏳ 等待 Profile 更新任务...
2026-07-10 17:29:42.163 | INFO     | N/A | ⏳ 等待 Profile 更新任务...
2026-07-10 17:29:47.186 | INFO     | N/A | ⏳ 等待 Profile 更新任务...
2026-07-10 17:29:52.210 | INFO     | N/A | ⏳ 等待 Profile 更新任务...
2026-07-10 17:29:57.231 | INFO     | N/A | ⏳ 等待 Profile 更新任务...
2026-07-10 17:30:02.261 | INFO     | N/A | ⏳ 等待 Profile 更新任务...
2026-07-10 17:30:07.285 | INFO     | N/A | ⏳ 等待 Profile 更新任务...
2026-07-10 17:30:12.311 | INFO     | N/A | ⏳ 等待 Profile 更新任务...
2026-07-10 17:30:17.334 | INFO     | N/A | ⏳ 等待 Profile 更新任务...
2026-07-10 17:30:22.361 | INFO     | N/A | ⏳ 等待 Profile 更新任务...
2026-07-10 17:30:27.386 | INFO     | N/A | ⏳ 等待 Profile 更新任务...
2026-07-10 17:30:32.410 | INFO     | N/A | ⏳ 等待 Profile 更新任务...
2026-07-10 17:30:37.435 | INFO     | N/A | ⏳ 等待 Profile 更新任务...
2026-07-10 17:30:42.463 | INFO     | N/A | ⏳ 等待 Profile 更新任务...
2026-07-10 17:30:47.485 | INFO     | N/A | ⏳ 等待 Profile 更新任务...
2026-07-10 17:30:52.514 | INFO     | N/A | ⏳ 等待 Profile 更新任务...
2026-07-10 17:30:57.538 | INFO     | N/A | ⏳ 等待 Profile 更新任务...
2026-07-10 17:31:02.561 | INFO     | N/A | ⏳ 等待 Profile 更新任务...
2026-07-10 17:31:07.582 | INFO     | N/A | ⏳ 等待 Profile 更新任务...
2026-07-10 17:31:12.605 | INFO     | N/A | ⏳ 等待 Profile 更新任务...
2026-07-10 17:31:17.629 | INFO     | N/A | ⏳ 等待 Profile 更新任务...
2026-07-10 17:31:22.653 | INFO     | N/A | ⏳ 等待 Profile 更新任务...
2026-07-10 17:31:27.677 | INFO     | N/A | ⏳ 等待 Profile 更新任务...
2026-07-10 17:31:32.706 | INFO     | N/A | ⏳ 等待 Profile 更新任务...
2026-07-10 17:31:37.733 | INFO     | N/A | ⏳ 等待 Profile 更新任务...
2026-07-10 17:31:42.755 | INFO     | N/A | ⏳ 等待 Profile 更新任务...
2026-07-10 17:31:47.778 | INFO     | N/A | ⏳ 等待 Profile 更新任务...
2026-07-10 17:31:52.806 | INFO     | N/A | ⏳ 等待 Profile 更新任务...
2026-07-10 17:31:57.832 | INFO     | N/A | ⏳ 等待 Profile 更新任务...
2026-07-10 17:32:02.867 | INFO     | N/A | ⏳ 等待 Profile 更新任务...
2026-07-10 17:32:07.892 | INFO     | N/A | ⏳ 等待 Profile 更新任务...
2026-07-10 17:32:12.915 | INFO     | N/A | ⏳ 等待 Profile 更新任务...
2026-07-10 17:32:17.940 | INFO     | N/A | ⏳ 等待 Profile 更新任务...
2026-07-10 17:32:22.967 | INFO     | N/A | ⏳ 等待 Profile 更新任务...
2026-07-10 17:32:27.989 | INFO     | N/A | ⏳ 等待 Profile 更新任务...
2026-07-10 17:32:33.015 | INFO     | N/A | ⏳ 等待 Profile 更新任务...
2026-07-10 17:32:38.042 | INFO     | N/A | ⏳ 等待 Profile 更新任务...
2026-07-10 17:32:43.065 | INFO     | N/A | ⏳ 等待 Profile 更新任务...
2026-07-10 17:32:48.087 | INFO     | N/A | ⏳ 等待 Profile 更新任务...
2026-07-10 17:32:53.111 | INFO     | N/A | ⏳ 等待 Profile 更新任务...
2026-07-10 17:32:58.136 | INFO     | N/A | ⏳ 等待 Profile 更新任务...
2026-07-10 17:33:03.159 | INFO     | N/A | ⏳ 等待 Profile 更新任务...
2026-07-10 17:33:08.186 | INFO     | N/A | ⏳ 等待 Profile 更新任务...
2026-07-10 17:33:13.211 | INFO     | N/A | ⏳ 等待 Profile 更新任务...
2026-07-10 17:33:18.237 | INFO     | N/A | ⏳ 等待 Profile 更新任务...
2026-07-10 17:33:23.260 | INFO     | N/A | ⏳ 等待 Profile 更新任务...
2026-07-10 17:33:28.284 | INFO     | N/A | ⏳ 等待 Profile 更新任务...
2026-07-10 17:33:33.309 | INFO     | N/A | ⏳ 等待 Profile 更新任务...
2026-07-10 17:33:38.337 | INFO     | N/A | ⏳ 等待 Profile 更新任务...
2026-07-10 17:33:43.360 | INFO     | N/A | ⏳ 等待 Profile 更新任务...
2026-07-10 17:33:48.387 | INFO     | N/A | ⏳ 等待 Profile 更新任务...
2026-07-10 17:33:53.413 | INFO     | N/A | ⏳ 等待 Profile 更新任务...
2026-07-10 17:33:58.442 | INFO     | N/A | ⏳ 等待 Profile 更新任务...
2026-07-10 17:34:03.469 | INFO     | N/A | ⏳ 等待 Profile 更新任务...
2026-07-10 17:34:08.499 | INFO     | N/A | ⏳ 等待 Profile 更新任务...
2026-07-10 17:34:13.527 | INFO     | N/A | ⏳ 等待 Profile 更新任务...
2026-07-10 17:34:18.555 | INFO     | N/A | ⏳ 等待 Profile 更新任务...
2026-07-10 17:34:23.579 | INFO     | N/A | ⏳ 等待 Profile 更新任务...
2026-07-10 17:34:28.604 | INFO     | N/A | ⏳ 等待 Profile 更新任务...
2026-07-10 17:34:33.628 | INFO     | N/A | ⏳ 等待 Profile 更新任务...
2026-07-10 17:34:38.653 | INFO     | N/A | ⏳ 等待 Profile 更新任务...
2026-07-10 17:34:43.680 | INFO     | N/A | ⏳ 等待 Profile 更新任务...
2026-07-10 17:34:48.704 | INFO     | N/A | ⏳ 等待 Profile 更新任务...
2026-07-10 17:34:53.728 | INFO     | N/A | ⏳ 等待 Profile 更新任务...
2026-07-10 17:34:58.753 | INFO     | N/A | ⏳ 等待 Profile 更新任务...
2026-07-10 17:35:03.779 | INFO     | N/A | ⏳ 等待 Profile 更新任务...
2026-07-10 17:35:08.804 | INFO     | N/A | ⏳ 等待 Profile 更新任务...
2026-07-10 17:35:13.830 | INFO     | N/A | ⏳ 等待 Profile 更新任务...
2026-07-10 17:35:18.855 | INFO     | N/A | ⏳ 等待 Profile 更新任务...
2026-07-10 17:35:23.884 | INFO     | N/A | ⏳ 等待 Profile 更新任务...
2026-07-10 17:35:28.911 | INFO     | N/A | ⏳ 等待 Profile 更新任务...
2026-07-10 17:35:33.936 | INFO     | N/A | ⏳ 等待 Profile 更新任务...
2026-07-10 17:35:38.961 | INFO     | N/A | ⏳ 等待 Profile 更新任务...
2026-07-10 17:35:43.990 | INFO     | N/A | ⏳ 等待 Profile 更新任务...
2026-07-10 17:35:49.015 | INFO     | N/A | ⏳ 等待 Profile 更新任务...
2026-07-10 17:35:54.040 | INFO     | N/A | ⏳ 等待 Profile 更新任务...
2026-07-10 17:35:59.069 | INFO     | N/A | ⏳ 等待 Profile 更新任务...
2026-07-10 17:36:04.094 | INFO     | N/A | ⏳ 等待 Profile 更新任务...
2026-07-10 17:36:09.119 | INFO     | N/A | ⏳ 等待 Profile 更新任务...
2026-07-10 17:36:14.146 | INFO     | N/A | ⏳ 等待 Profile 更新任务...
2026-07-10 17:36:19.172 | INFO     | N/A | ⏳ 等待 Profile 更新任务...
2026-07-10 17:36:24.199 | INFO     | N/A | ⏳ 等待 Profile 更新任务...
2026-07-10 17:36:29.222 | INFO     | N/A | ⏳ 等待 Profile 更新任务...
2026-07-10 17:36:34.246 | INFO     | N/A | ⏳ 等待 Profile 更新任务...
2026-07-10 17:36:39.272 | INFO     | N/A | ⏳ 等待 Profile 更新任务...
2026-07-10 17:36:44.297 | INFO     | N/A | ⏳ 等待 Profile 更新任务...
2026-07-10 17:36:49.322 | INFO     | N/A | ⏳ 等待 Profile 更新任务...
2026-07-10 17:36:54.348 | INFO     | N/A | ⏳ 等待 Profile 更新任务...
2026-07-10 17:36:59.377 | INFO     | N/A | ⏳ 等待 Profile 更新任务...
2026-07-10 17:37:04.400 | INFO     | N/A | ⏳ 等待 Profile 更新任务...
2026-07-10 17:37:09.426 | INFO     | N/A | ⏳ 等待 Profile 更新任务...
2026-07-10 17:37:14.453 | INFO     | N/A | ⏳ 等待 Profile 更新任务...
2026-07-10 17:37:19.476 | INFO     | N/A | ⏳ 等待 Profile 更新任务...
2026-07-10 17:37:24.497 | INFO     | N/A | ⏳ 等待 Profile 更新任务...
2026-07-10 17:37:29.526 | INFO     | N/A | ⏳ 等待 Profile 更新任务...
2026-07-10 17:37:34.547 | INFO     | N/A | ⏳ 等待 Profile 更新任务...
2026-07-10 17:37:39.571 | INFO     | N/A | ⏳ 等待 Profile 更新任务...
2026-07-10 17:37:44.594 | INFO     | N/A | ⏳ 等待 Profile 更新任务...
2026-07-10 17:37:49.620 | INFO     | N/A | ⏳ 等待 Profile 更新任务...
2026-07-10 17:37:54.641 | INFO     | N/A | ⏳ 等待 Profile 更新任务...
2026-07-10 17:37:59.664 | INFO     | N/A | ⏳ 等待 Profile 更新任务...
2026-07-10 17:38:04.686 | INFO     | N/A | ⏳ 等待 Profile 更新任务...
2026-07-10 17:38:09.706 | INFO     | N/A | ⏳ 等待 Profile 更新任务...
2026-07-10 17:38:14.727 | INFO     | N/A | ⏳ 等待 Profile 更新任务...
2026-07-10 17:38:19.750 | INFO     | N/A | ⏳ 等待 Profile 更新任务...
2026-07-10 17:38:24.773 | INFO     | N/A | ⏳ 等待 Profile 更新任务...
2026-07-10 17:38:29.797 | INFO     | N/A | ⏳ 等待 Profile 更新任务...
2026-07-10 17:38:34.821 | INFO     | N/A | ⏳ 等待 Profile 更新任务...
2026-07-10 17:38:39.845 | INFO     | N/A | ⏳ 等待 Profile 更新任务...
2026-07-10 17:38:44.875 | INFO     | N/A | ⏳ 等待 Profile 更新任务...
2026-07-10 17:38:49.899 | INFO     | N/A | ⏳ 等待 Profile 更新任务...
2026-07-10 17:38:54.925 | INFO     | N/A | ⏳ 等待 Profile 更新任务...
2026-07-10 17:38:59.955 | INFO     | N/A | ⏳ 等待 Profile 更新任务...
2026-07-10 17:39:04.979 | INFO     | N/A | ⏳ 等待 Profile 更新任务...
2026-07-10 17:39:10.004 | INFO     | N/A | ⏳ 等待 Profile 更新任务...
2026-07-10 17:39:15.030 | INFO     | N/A | ⏳ 等待 Profile 更新任务...
2026-07-10 17:39:20.055 | INFO     | N/A | ⏳ 等待 Profile 更新任务...
2026-07-10 17:39:25.080 | INFO     | N/A | ⏳ 等待 Profile 更新任务...
2026-07-10 17:39:30.102 | INFO     | N/A | ⏳ 等待 Profile 更新任务...
2026-07-10 17:39:35.129 | INFO     | N/A | ⏳ 等待 Profile 更新任务...
2026-07-10 17:39:40.153 | INFO     | N/A | ⏳ 等待 Profile 更新任务...
2026-07-10 17:39:45.177 | INFO     | N/A | ⏳ 等待 Profile 更新任务...
2026-07-10 17:39:50.201 | INFO     | N/A | ⏳ 等待 Profile 更新任务...
2026-07-10 17:39:55.224 | INFO     | N/A | ⏳ 等待 Profile 更新任务...
2026-07-10 17:40:00.249 | INFO     | N/A | ⏳ 等待 Profile 更新任务...
2026-07-10 17:40:05.273 | INFO     | N/A | ⏳ 等待 Profile 更新任务...
2026-07-10 17:40:10.297 | INFO     | N/A | ⏳ 等待 Profile 更新任务...
2026-07-10 17:40:15.319 | INFO     | N/A | ⏳ 等待 Profile 更新任务...
2026-07-10 17:40:20.341 | INFO     | N/A | ⏳ 等待 Profile 更新任务...
2026-07-10 17:40:25.367 | INFO     | N/A | ⏳ 等待 Profile 更新任务...
2026-07-10 17:40:30.390 | INFO     | N/A | ⏳ 等待 Profile 更新任务...
2026-07-10 17:40:35.413 | INFO     | N/A | ⏳ 等待 Profile 更新任务...
2026-07-10 17:40:40.435 | INFO     | N/A | ⏳ 等待 Profile 更新任务...
2026-07-10 17:40:45.462 | INFO     | N/A | ⏳ 等待 Profile 更新任务...
2026-07-10 17:40:50.488 | INFO     | N/A | ⏳ 等待 Profile 更新任务...
2026-07-10 17:40:55.512 | INFO     | N/A | ⏳ 等待 Profile 更新任务...
2026-07-10 17:41:00.537 | INFO     | N/A | ⏳ 等待 Profile 更新任务...
2026-07-10 17:41:05.560 | INFO     | N/A | ⏳ 等待 Profile 更新任务...
2026-07-10 17:41:10.581 | INFO     | N/A | ⏳ 等待 Profile 更新任务...
2026-07-10 17:41:15.607 | INFO     | N/A | ⏳ 等待 Profile 更新任务...
2026-07-10 17:41:20.629 | INFO     | N/A | ⏳ 等待 Profile 更新任务...
2026-07-10 17:41:25.649 | INFO     | N/A | ⏳ 等待 Profile 更新任务...
2026-07-10 17:41:30.673 | INFO     | N/A | ⏳ 等待 Profile 更新任务...
2026-07-10 17:41:35.698 | INFO     | N/A | ⏳ 等待 Profile 更新任务...
2026-07-10 17:41:40.722 | INFO     | N/A | ⏳ 等待 Profile 更新任务...
2026-07-10 17:41:45.752 | INFO     | N/A | ⏳ 等待 Profile 更新任务...
2026-07-10 17:41:50.777 | INFO     | N/A | ⏳ 等待 Profile 更新任务...
2026-07-10 17:41:55.799 | INFO     | N/A | ⏳ 等待 Profile 更新任务...
2026-07-10 17:42:00.828 | INFO     | N/A | ⏳ 等待 Profile 更新任务...
2026-07-10 17:42:05.850 | INFO     | N/A | ⏳ 等待 Profile 更新任务...
2026-07-10 17:42:10.877 | INFO     | N/A | ⏳ 等待 Profile 更新任务...
2026-07-10 17:42:15.903 | INFO     | N/A | ⏳ 等待 Profile 更新任务...
2026-07-10 17:42:20.923 | INFO     | N/A | ⏳ 等待 Profile 更新任务...
2026-07-10 17:42:25.946 | INFO     | N/A | ⏳ 等待 Profile 更新任务...
2026-07-10 17:42:30.970 | INFO     | N/A | ⏳ 等待 Profile 更新任务...
2026-07-10 17:42:35.995 | INFO     | N/A | ⏳ 等待 Profile 更新任务...
2026-07-10 17:42:41.018 | INFO     | N/A | ⏳ 等待 Profile 更新任务...
2026-07-10 17:42:46.044 | INFO     | N/A | ⏳ 等待 Profile 更新任务...
2026-07-10 17:42:51.067 | INFO     | N/A | ⏳ 等待 Profile 更新任务...
2026-07-10 17:42:56.094 | INFO     | N/A | ⏳ 等待 Profile 更新任务...
2026-07-10 17:43:01.119 | INFO     | N/A | ⏳ 等待 Profile 更新任务...
2026-07-10 17:43:06.142 | INFO     | N/A | ⏳ 等待 Profile 更新任务...
2026-07-10 17:43:11.167 | INFO     | N/A | ⏳ 等待 Profile 更新任务...
2026-07-10 17:43:16.191 | INFO     | N/A | ⏳ 等待 Profile 更新任务...
2026-07-10 17:43:21.214 | INFO     | N/A | ⏳ 等待 Profile 更新任务...
2026-07-10 17:43:26.236 | INFO     | N/A | ⏳ 等待 Profile 更新任务...
2026-07-10 17:43:31.259 | INFO     | N/A | ⏳ 等待 Profile 更新任务...
2026-07-10 17:43:36.286 | INFO     | N/A | ⏳ 等待 Profile 更新任务...
2026-07-10 17:43:41.311 | INFO     | N/A | ⏳ 等待 Profile 更新任务...
2026-07-10 17:43:46.335 | INFO     | N/A | ⏳ 等待 Profile 更新任务...
2026-07-10 17:43:51.358 | INFO     | N/A | ⏳ 等待 Profile 更新任务...
2026-07-10 17:43:56.382 | INFO     | N/A | ⏳ 等待 Profile 更新任务...
2026-07-10 17:44:01.408 | INFO     | N/A | ⏳ 等待 Profile 更新任务...
2026-07-10 17:44:06.430 | INFO     | N/A | ⏳ 等待 Profile 更新任务...
2026-07-10 17:44:11.454 | INFO     | N/A | ⏳ 等待 Profile 更新任务...
2026-07-10 17:44:16.478 | INFO     | N/A | ⏳ 等待 Profile 更新任务...
2026-07-10 17:44:21.501 | INFO     | N/A | ⏳ 等待 Profile 更新任务...
2026-07-10 17:44:26.525 | INFO     | N/A | ⏳ 等待 Profile 更新任务...
2026-07-10 17:44:31.551 | INFO     | N/A | ⏳ 等待 Profile 更新任务...
2026-07-10 17:44:36.575 | INFO     | N/A | ⏳ 等待 Profile 更新任务...
2026-07-10 17:44:41.600 | INFO     | N/A | ⏳ 等待 Profile 更新任务...
2026-07-10 17:44:46.626 | INFO     | N/A | ⏳ 等待 Profile 更新任务...
2026-07-10 17:44:51.652 | INFO     | N/A | ⏳ 等待 Profile 更新任务...
2026-07-10 17:44:56.676 | INFO     | N/A | ⏳ 等待 Profile 更新任务...
2026-07-10 17:45:01.698 | INFO     | N/A | ⏳ 等待 Profile 更新任务...
2026-07-10 17:45:06.723 | INFO     | N/A | ⏳ 等待 Profile 更新任务...
2026-07-10 17:45:11.749 | INFO     | N/A | ⏳ 等待 Profile 更新任务...
2026-07-10 17:45:16.773 | INFO     | N/A | ⏳ 等待 Profile 更新任务...
2026-07-10 17:45:21.795 | INFO     | N/A | ⏳ 等待 Profile 更新任务...
2026-07-10 17:45:26.820 | INFO     | N/A | ⏳ 等待 Profile 更新任务...
2026-07-10 17:45:31.844 | INFO     | N/A | ⏳ 等待 Profile 更新任务...
2026-07-10 17:45:36.867 | INFO     | N/A | ⏳ 等待 Profile 更新任务...
2026-07-10 17:45:41.890 | INFO     | N/A | ⏳ 等待 Profile 更新任务...
2026-07-10 17:45:46.913 | INFO     | N/A | ⏳ 等待 Profile 更新任务...
2026-07-10 17:45:51.937 | INFO     | N/A | ⏳ 等待 Profile 更新任务...
2026-07-10 17:45:56.959 | INFO     | N/A | ⏳ 等待 Profile 更新任务...
2026-07-10 17:46:01.988 | INFO     | N/A | ⏳ 等待 Profile 更新任务...
2026-07-10 17:46:07.016 | INFO     | N/A | ⏳ 等待 Profile 更新任务...
2026-07-10 17:46:12.040 | INFO     | N/A | ⏳ 等待 Profile 更新任务...
2026-07-10 17:46:17.064 | INFO     | N/A | ⏳ 等待 Profile 更新任务...
2026-07-10 17:46:22.088 | INFO     | N/A | ⏳ 等待 Profile 更新任务...
2026-07-10 17:46:27.111 | INFO     | N/A | ⏳ 等待 Profile 更新任务...
2026-07-10 17:46:32.135 | INFO     | N/A | ⏳ 等待 Profile 更新任务...
2026-07-10 17:46:37.157 | INFO     | N/A | ⏳ 等待 Profile 更新任务...
2026-07-10 17:46:42.181 | INFO     | N/A | ⏳ 等待 Profile 更新任务...
2026-07-10 17:46:47.206 | INFO     | N/A | ⏳ 等待 Profile 更新任务...
2026-07-10 17:46:52.229 | INFO     | N/A | ⏳ 等待 Profile 更新任务...
2026-07-10 17:46:57.252 | INFO     | N/A | ⏳ 等待 Profile 更新任务...
2026-07-10 17:47:02.276 | INFO     | N/A | ⏳ 等待 Profile 更新任务...
2026-07-10 17:47:07.301 | INFO     | N/A | ⏳ 等待 Profile 更新任务...
2026-07-10 17:47:12.324 | INFO     | N/A | ⏳ 等待 Profile 更新任务...
2026-07-10 17:47:17.348 | INFO     | N/A | ⏳ 等待 Profile 更新任务...
2026-07-10 17:47:22.373 | INFO     | N/A | ⏳ 等待 Profile 更新任务...
2026-07-10 17:47:27.395 | INFO     | N/A | ⏳ 等待 Profile 更新任务...
2026-07-10 17:47:32.418 | INFO     | N/A | ⏳ 等待 Profile 更新任务...
2026-07-10 17:47:37.434 | INFO     | N/A | ⏳ 等待 Profile 更新任务...
2026-07-10 18:48:59.193 | ERROR    | N/A | Worker 主循环异常: Timeout reading from socket
Traceback (most recent call last):

  File "D:\毕业设计\Travel_python\.venv\Lib\site-packages\redis\_parsers\socket.py", line 64, in _read_from_socket
    data = sock.recv(socket_read_size)

TimeoutError: timed out


During handling of the above exception, another exception occurred:


Traceback (most recent call last):

  File "D:\毕业设计\Travel_python\travel_ai_python\app\service\profile_worker.py", line 194, in <module>
    run_worker()

> File "D:\毕业设计\Travel_python\travel_ai_python\app\service\profile_worker.py", line 169, in run_worker
    task_data = pop_profile_update_task(block=True, timeout=5)

  File "D:\毕业设计\Travel_python\travel_ai_python\app\utils\redis_client.py", line 43, in pop_profile_update_task
    result = redis_client.brpop(PROFILE_UPDATE_QUEUE, timeout=timeout)

  File "D:\毕业设计\Travel_python\.venv\Lib\site-packages\redis\commands\core.py", line 4751, in brpop
    return self.execute_command("BRPOP", *keys)
  File "D:\毕业设计\Travel_python\.venv\Lib\site-packages\redis\client.py", line 787, in execute_command
    return self._execute_command(*args, **options)
  File "D:\毕业设计\Travel_python\.venv\Lib\site-packages\redis\client.py", line 809, in _execute_command
    result = conn.retry.call_with_retry(
  File "D:\毕业设计\Travel_python\.venv\Lib\site-packages\redis\retry.py", line 132, in call_with_retry
    raise error
  File "D:\毕业设计\Travel_python\.venv\Lib\site-packages\redis\retry.py", line 120, in call_with_retry
    return do()
  File "D:\毕业设计\Travel_python\.venv\Lib\site-packages\redis\client.py", line 810, in <lambda>
    lambda: self._send_command_parse_response(
  File "D:\毕业设计\Travel_python\.venv\Lib\site-packages\redis\client.py", line 753, in _send_command_parse_response
    return self.parse_response(conn, command_name, **options)
  File "D:\毕业设计\Travel_python\.venv\Lib\site-packages\redis\client.py", line 853, in parse_response
    response = connection.read_response()
  File "D:\毕业设计\Travel_python\.venv\Lib\site-packages\redis\connection.py", line 1371, in read_response
    response = self._parser.read_response(
  File "D:\毕业设计\Travel_python\.venv\Lib\site-packages\redis\_parsers\resp3.py", line 40, in read_response
    result = self._read_response(
  File "D:\毕业设计\Travel_python\.venv\Lib\site-packages\redis\_parsers\resp3.py", line 65, in _read_response
    raw = self._buffer.readline(timeout=timeout)
  File "D:\毕业设计\Travel_python\.venv\Lib\site-packages\redis\_parsers\socket.py", line 117, in readline
    self._read_from_socket(timeout=timeout)
  File "D:\毕业设计\Travel_python\.venv\Lib\site-packages\redis\_parsers\socket.py", line 77, in _read_from_socket
    raise TimeoutError("Timeout reading from socket")

redis.exceptions.TimeoutError: Timeout reading from socket
2026-07-10 18:49:00.345 | INFO     | N/A | ⏳ 等待 Profile 更新任务...
2026-07-10 18:49:05.353 | ERROR    | N/A | Worker 主循环异常: Timeout connecting to server
Traceback (most recent call last):

  File "D:\毕业设计\Travel_python\.venv\Lib\site-packages\redis\connection.py", line 1033, in connect_check_health
    sock = self._connect()
  File "D:\毕业设计\Travel_python\.venv\Lib\site-packages\redis\connection.py", line 1581, in _connect
    raise err
  File "D:\毕业设计\Travel_python\.venv\Lib\site-packages\redis\connection.py", line 1565, in _connect
    sock.connect(socket_address)

TimeoutError: timed out


During handling of the above exception, another exception occurred:


Traceback (most recent call last):

  File "D:\毕业设计\Travel_python\travel_ai_python\app\service\profile_worker.py", line 194, in <module>
    run_worker()

> File "D:\毕业设计\Travel_python\travel_ai_python\app\service\profile_worker.py", line 169, in run_worker
    task_data = pop_profile_update_task(block=True, timeout=5)

  File "D:\毕业设计\Travel_python\travel_ai_python\app\utils\redis_client.py", line 43, in pop_profile_update_task
    result = redis_client.brpop(PROFILE_UPDATE_QUEUE, timeout=timeout)

  File "D:\毕业设计\Travel_python\.venv\Lib\site-packages\redis\commands\core.py", line 4751, in brpop
    return self.execute_command("BRPOP", *keys)
  File "D:\毕业设计\Travel_python\.venv\Lib\site-packages\redis\client.py", line 787, in execute_command
    return self._execute_command(*args, **options)
  File "D:\毕业设计\Travel_python\.venv\Lib\site-packages\redis\client.py", line 793, in _execute_command
    conn = self.connection or pool.get_connection()
  File "D:\毕业设计\Travel_python\.venv\Lib\site-packages\redis\utils.py", line 258, in wrapper
    return func(*args, **kwargs)
  File "D:\毕业设计\Travel_python\.venv\Lib\site-packages\redis\connection.py", line 3139, in get_connection
    connection.connect()
  File "D:\毕业设计\Travel_python\.venv\Lib\site-packages\redis\connection.py", line 1006, in connect
    self.retry.call_with_retry(
  File "D:\毕业设计\Travel_python\.venv\Lib\site-packages\redis\retry.py", line 132, in call_with_retry
    raise error
  File "D:\毕业设计\Travel_python\.venv\Lib\site-packages\redis\retry.py", line 120, in call_with_retry
    return do()
  File "D:\毕业设计\Travel_python\.venv\Lib\site-packages\redis\connection.py", line 1007, in <lambda>
    lambda: self.connect_check_health(
  File "D:\毕业设计\Travel_python\.venv\Lib\site-packages\redis\connection.py", line 1044, in connect_check_health
    raise e

redis.exceptions.TimeoutError: Timeout connecting to server
2026-07-10 18:49:06.366 | INFO     | N/A | ⏳ 等待 Profile 更新任务...
2026-07-10 18:49:11.381 | ERROR    | N/A | Worker 主循环异常: Timeout connecting to server
Traceback (most recent call last):

  File "D:\毕业设计\Travel_python\.venv\Lib\site-packages\redis\connection.py", line 1033, in connect_check_health
    sock = self._connect()
  File "D:\毕业设计\Travel_python\.venv\Lib\site-packages\redis\connection.py", line 1581, in _connect
    raise err
  File "D:\毕业设计\Travel_python\.venv\Lib\site-packages\redis\connection.py", line 1565, in _connect
    sock.connect(socket_address)

TimeoutError: timed out


During handling of the above exception, another exception occurred:


Traceback (most recent call last):

  File "D:\毕业设计\Travel_python\travel_ai_python\app\service\profile_worker.py", line 194, in <module>
    run_worker()

> File "D:\毕业设计\Travel_python\travel_ai_python\app\service\profile_worker.py", line 169, in run_worker
    task_data = pop_profile_update_task(block=True, timeout=5)

  File "D:\毕业设计\Travel_python\travel_ai_python\app\utils\redis_client.py", line 43, in pop_profile_update_task
    result = redis_client.brpop(PROFILE_UPDATE_QUEUE, timeout=timeout)

  File "D:\毕业设计\Travel_python\.venv\Lib\site-packages\redis\commands\core.py", line 4751, in brpop
    return self.execute_command("BRPOP", *keys)
  File "D:\毕业设计\Travel_python\.venv\Lib\site-packages\redis\client.py", line 787, in execute_command
    return self._execute_command(*args, **options)
  File "D:\毕业设计\Travel_python\.venv\Lib\site-packages\redis\client.py", line 793, in _execute_command
    conn = self.connection or pool.get_connection()
  File "D:\毕业设计\Travel_python\.venv\Lib\site-packages\redis\utils.py", line 258, in wrapper
    return func(*args, **kwargs)
  File "D:\毕业设计\Travel_python\.venv\Lib\site-packages\redis\connection.py", line 3139, in get_connection
    connection.connect()
  File "D:\毕业设计\Travel_python\.venv\Lib\site-packages\redis\connection.py", line 1006, in connect
    self.retry.call_with_retry(
  File "D:\毕业设计\Travel_python\.venv\Lib\site-packages\redis\retry.py", line 132, in call_with_retry
    raise error
  File "D:\毕业设计\Travel_python\.venv\Lib\site-packages\redis\retry.py", line 120, in call_with_retry
    return do()
  File "D:\毕业设计\Travel_python\.venv\Lib\site-packages\redis\connection.py", line 1007, in <lambda>
    lambda: self.connect_check_health(
  File "D:\毕业设计\Travel_python\.venv\Lib\site-packages\redis\connection.py", line 1044, in connect_check_health
    raise e

redis.exceptions.TimeoutError: Timeout connecting to server
2026-07-10 18:49:12.397 | INFO     | N/A | ⏳ 等待 Profile 更新任务...
2026-07-10 18:49:17.495 | INFO     | N/A | ⏳ 等待 Profile 更新任务...
2026-07-10 18:49:22.555 | INFO     | N/A | ⏳ 等待 Profile 更新任务...
2026-07-10 18:49:27.596 | INFO     | N/A | ⏳ 等待 Profile 更新任务...
2026-07-10 18:49:32.652 | INFO     | N/A | ⏳ 等待 Profile 更新任务...
2026-07-10 18:49:37.680 | INFO     | N/A | ⏳ 等待 Profile 更新任务...
2026-07-10 18:49:42.696 | INFO     | N/A | ⏳ 等待 Profile 更新任务...
2026-07-10 18:49:47.728 | INFO     | N/A | ⏳ 等待 Profile 更新任务...
2026-07-10 18:49:52.763 | INFO     | N/A | ⏳ 等待 Profile 更新任务...
2026-07-10 18:49:57.793 | INFO     | N/A | ⏳ 等待 Profile 更新任务...
2026-07-10 18:50:02.826 | INFO     | N/A | ⏳ 等待 Profile 更新任务...
2026-07-10 18:50:07.837 | INFO     | N/A | ⏳ 等待 Profile 更新任务...
2026-07-10 18:50:12.886 | INFO     | N/A | ⏳ 等待 Profile 更新任务...
2026-07-10 18:50:17.919 | INFO     | N/A | ⏳ 等待 Profile 更新任务...
2026-07-10 18:50:22.952 | INFO     | N/A | ⏳ 等待 Profile 更新任务...
2026-07-10 18:50:27.988 | INFO     | N/A | ⏳ 等待 Profile 更新任务...
2026-07-10 18:50:33.041 | INFO     | N/A | ⏳ 等待 Profile 更新任务...
2026-07-10 18:50:38.064 | INFO     | N/A | ⏳ 等待 Profile 更新任务...
2026-07-10 18:50:43.096 | INFO     | N/A | ⏳ 等待 Profile 更新任务...
2026-07-10 18:50:48.124 | INFO     | N/A | ⏳ 等待 Profile 更新任务...
2026-07-10 18:50:53.155 | INFO     | N/A | ⏳ 等待 Profile 更新任务...
2026-07-10 18:50:58.189 | INFO     | N/A | ⏳ 等待 Profile 更新任务...
2026-07-10 18:51:03.235 | INFO     | N/A | ⏳ 等待 Profile 更新任务...
2026-07-10 18:51:08.269 | INFO     | N/A | ⏳ 等待 Profile 更新任务...
2026-07-10 18:51:13.299 | INFO     | N/A | ⏳ 等待 Profile 更新任务...
2026-07-10 18:51:18.330 | INFO     | N/A | ⏳ 等待 Profile 更新任务...
2026-07-10 18:51:23.360 | INFO     | N/A | ⏳ 等待 Profile 更新任务...
2026-07-10 18:51:28.395 | INFO     | N/A | ⏳ 等待 Profile 更新任务...
2026-07-10 18:51:33.448 | INFO     | N/A | ⏳ 等待 Profile 更新任务...
2026-07-10 18:51:38.486 | INFO     | N/A | ⏳ 等待 Profile 更新任务...
2026-07-10 18:51:43.516 | INFO     | N/A | ⏳ 等待 Profile 更新任务...
2026-07-10 18:51:48.547 | INFO     | N/A | ⏳ 等待 Profile 更新任务...
2026-07-10 18:51:53.575 | INFO     | N/A | ⏳ 等待 Profile 更新任务...
2026-07-10 18:51:58.615 | INFO     | N/A | ⏳ 等待 Profile 更新任务...
2026-07-10 18:52:03.650 | INFO     | N/A | ⏳ 等待 Profile 更新任务...
2026-07-10 18:52:08.680 | INFO     | N/A | ⏳ 等待 Profile 更新任务...
2026-07-10 18:52:13.709 | INFO     | N/A | ⏳ 等待 Profile 更新任务...
2026-07-10 18:52:18.744 | INFO     | N/A | ⏳ 等待 Profile 更新任务...
2026-07-10 18:52:23.535 | INFO     | N/A | ⏳ 等待 Profile 更新任务...
2026-07-10 18:52:28.179 | INFO     | N/A | ⏳ 等待 Profile 更新任务...
2026-07-10 18:52:33.128 | INFO     | N/A | ⏳ 等待 Profile 更新任务...
2026-07-10 18:52:38.173 | INFO     | N/A | ⏳ 等待 Profile 更新任务...
2026-07-10 18:52:43.198 | INFO     | N/A | ⏳ 等待 Profile 更新任务...
2026-07-10 18:52:48.230 | INFO     | N/A | ⏳ 等待 Profile 更新任务...
2026-07-10 18:52:53.264 | INFO     | N/A | ⏳ 等待 Profile 更新任务...
2026-07-10 18:52:58.299 | INFO     | N/A | ⏳ 等待 Profile 更新任务...
2026-07-10 18:53:03.335 | INFO     | N/A | ⏳ 等待 Profile 更新任务...
2026-07-10 18:53:08.374 | INFO     | N/A | ⏳ 等待 Profile 更新任务...
2026-07-10 18:53:13.391 | INFO     | N/A | ⏳ 等待 Profile 更新任务...
2026-07-10 18:53:18.426 | INFO     | N/A | ⏳ 等待 Profile 更新任务...
2026-07-10 18:53:23.463 | INFO     | N/A | ⏳ 等待 Profile 更新任务...
2026-07-10 18:53:28.500 | INFO     | N/A | ⏳ 等待 Profile 更新任务...
2026-07-10 18:53:33.527 | INFO     | N/A | ⏳ 等待 Profile 更新任务...
2026-07-10 18:53:38.555 | INFO     | N/A | ⏳ 等待 Profile 更新任务...
2026-07-10 18:53:43.585 | INFO     | N/A | ⏳ 等待 Profile 更新任务...
2026-07-10 18:53:48.616 | INFO     | N/A | ⏳ 等待 Profile 更新任务...
2026-07-10 18:53:53.644 | INFO     | N/A | ⏳ 等待 Profile 更新任务...
2026-07-10 18:53:58.675 | INFO     | N/A | ⏳ 等待 Profile 更新任务...
2026-07-10 18:54:03.707 | INFO     | N/A | ⏳ 等待 Profile 更新任务...
2026-07-10 18:54:08.732 | INFO     | N/A | ⏳ 等待 Profile 更新任务...
2026-07-10 18:54:13.766 | INFO     | N/A | ⏳ 等待 Profile 更新任务...
2026-07-10 18:54:18.801 | INFO     | N/A | ⏳ 等待 Profile 更新任务...
2026-07-10 18:54:23.830 | INFO     | N/A | ⏳ 等待 Profile 更新任务...
2026-07-10 18:54:28.859 | INFO     | N/A | ⏳ 等待 Profile 更新任务...
2026-07-10 18:54:33.887 | INFO     | N/A | ⏳ 等待 Profile 更新任务...
2026-07-10 18:54:38.968 | INFO     | N/A | ⏳ 等待 Profile 更新任务...
2026-07-10 18:54:43.988 | INFO     | N/A | ⏳ 等待 Profile 更新任务...
2026-07-10 18:54:49.022 | INFO     | N/A | ⏳ 等待 Profile 更新任务...
2026-07-10 18:54:54.105 | INFO     | N/A | ⏳ 等待 Profile 更新任务...
2026-07-10 18:54:59.134 | INFO     | N/A | ⏳ 等待 Profile 更新任务...
2026-07-10 18:55:04.164 | INFO     | N/A | ⏳ 等待 Profile 更新任务...
2026-07-10 18:55:09.202 | INFO     | N/A | ⏳ 等待 Profile 更新任务...
2026-07-10 18:55:14.240 | INFO     | N/A | ⏳ 等待 Profile 更新任务...
2026-07-10 18:55:19.304 | INFO     | N/A | ⏳ 等待 Profile 更新任务...
2026-07-10 18:55:24.357 | INFO     | N/A | ⏳ 等待 Profile 更新任务...
2026-07-10 18:55:29.417 | INFO     | N/A | ⏳ 等待 Profile 更新任务...
2026-07-10 18:55:34.451 | INFO     | N/A | ⏳ 等待 Profile 更新任务...
2026-07-10 18:55:39.502 | INFO     | N/A | ⏳ 等待 Profile 更新任务...
2026-07-10 18:55:44.533 | INFO     | N/A | ⏳ 等待 Profile 更新任务...
2026-07-10 18:55:49.569 | INFO     | N/A | ⏳ 等待 Profile 更新任务...
2026-07-10 18:55:54.609 | INFO     | N/A | ⏳ 等待 Profile 更新任务...
2026-07-10 18:55:59.643 | INFO     | N/A | ⏳ 等待 Profile 更新任务...
2026-07-10 18:56:04.680 | INFO     | N/A | ⏳ 等待 Profile 更新任务...
2026-07-10 18:56:09.717 | INFO     | N/A | ⏳ 等待 Profile 更新任务...
2026-07-10 18:56:14.749 | INFO     | N/A | ⏳ 等待 Profile 更新任务...
2026-07-10 18:56:19.785 | INFO     | N/A | ⏳ 等待 Profile 更新任务...
2026-07-10 18:56:24.821 | INFO     | N/A | ⏳ 等待 Profile 更新任务...
2026-07-10 18:56:29.859 | INFO     | N/A | ⏳ 等待 Profile 更新任务...
2026-07-10 18:56:34.901 | INFO     | N/A | ⏳ 等待 Profile 更新任务...
2026-07-10 18:56:39.943 | INFO     | N/A | ⏳ 等待 Profile 更新任务...
2026-07-10 18:56:44.979 | INFO     | N/A | ⏳ 等待 Profile 更新任务...
2026-07-10 18:56:50.017 | INFO     | N/A | ⏳ 等待 Profile 更新任务...
2026-07-10 18:56:55.054 | INFO     | N/A | ⏳ 等待 Profile 更新任务...
2026-07-10 18:57:00.094 | INFO     | N/A | ⏳ 等待 Profile 更新任务...
2026-07-10 18:57:05.132 | INFO     | N/A | ⏳ 等待 Profile 更新任务...
2026-07-10 18:57:10.166 | INFO     | N/A | ⏳ 等待 Profile 更新任务...
2026-07-10 18:57:15.198 | INFO     | N/A | ⏳ 等待 Profile 更新任务...
2026-07-10 18:57:20.248 | INFO     | N/A | ⏳ 等待 Profile 更新任务...
2026-07-10 18:57:25.284 | INFO     | N/A | ⏳ 等待 Profile 更新任务...
2026-07-10 18:57:30.323 | INFO     | N/A | ⏳ 等待 Profile 更新任务...
2026-07-10 18:57:35.359 | INFO     | N/A | ⏳ 等待 Profile 更新任务...
2026-07-10 18:57:40.393 | INFO     | N/A | ⏳ 等待 Profile 更新任务...
2026-07-10 18:57:45.431 | INFO     | N/A | ⏳ 等待 Profile 更新任务...
2026-07-10 18:57:50.473 | INFO     | N/A | ⏳ 等待 Profile 更新任务...
2026-07-10 18:57:55.506 | INFO     | N/A | ⏳ 等待 Profile 更新任务...
2026-07-10 18:58:00.540 | INFO     | N/A | ⏳ 等待 Profile 更新任务...
2026-07-10 18:58:05.579 | INFO     | N/A | ⏳ 等待 Profile 更新任务...
2026-07-10 18:58:10.619 | INFO     | N/A | ⏳ 等待 Profile 更新任务...
2026-07-10 18:58:15.658 | INFO     | N/A | ⏳ 等待 Profile 更新任务...
2026-07-10 18:58:20.695 | INFO     | N/A | ⏳ 等待 Profile 更新任务...
2026-07-10 18:58:25.736 | INFO     | N/A | ⏳ 等待 Profile 更新任务...
2026-07-10 18:58:30.771 | INFO     | N/A | ⏳ 等待 Profile 更新任务...
2026-07-10 18:58:35.810 | INFO     | N/A | ⏳ 等待 Profile 更新任务...
2026-07-10 18:58:40.844 | INFO     | N/A | ⏳ 等待 Profile 更新任务...
2026-07-10 18:58:45.888 | INFO     | N/A | ⏳ 等待 Profile 更新任务...
2026-07-10 18:58:50.930 | INFO     | N/A | ⏳ 等待 Profile 更新任务...
2026-07-10 18:58:55.967 | INFO     | N/A | ⏳ 等待 Profile 更新任务...
2026-07-10 18:59:01.005 | INFO     | N/A | ⏳ 等待 Profile 更新任务...
2026-07-10 18:59:06.044 | INFO     | N/A | ⏳ 等待 Profile 更新任务...
2026-07-10 18:59:11.070 | INFO     | N/A | ⏳ 等待 Profile 更新任务...
2026-07-10 19:10:41.571 | ERROR    | N/A | Worker 主循环异常: Timeout reading from socket
Traceback (most recent call last):

  File "D:\毕业设计\Travel_python\.venv\Lib\site-packages\redis\_parsers\socket.py", line 64, in _read_from_socket
    data = sock.recv(socket_read_size)

TimeoutError: timed out


During handling of the above exception, another exception occurred:


Traceback (most recent call last):

  File "D:\毕业设计\Travel_python\travel_ai_python\app\service\profile_worker.py", line 194, in <module>
    run_worker()

> File "D:\毕业设计\Travel_python\travel_ai_python\app\service\profile_worker.py", line 169, in run_worker
    task_data = pop_profile_update_task(block=True, timeout=5)

  File "D:\毕业设计\Travel_python\travel_ai_python\app\utils\redis_client.py", line 43, in pop_profile_update_task
    result = redis_client.brpop(PROFILE_UPDATE_QUEUE, timeout=timeout)

  File "D:\毕业设计\Travel_python\.venv\Lib\site-packages\redis\commands\core.py", line 4751, in brpop
    return self.execute_command("BRPOP", *keys)
  File "D:\毕业设计\Travel_python\.venv\Lib\site-packages\redis\client.py", line 787, in execute_command
    return self._execute_command(*args, **options)
  File "D:\毕业设计\Travel_python\.venv\Lib\site-packages\redis\client.py", line 809, in _execute_command
    result = conn.retry.call_with_retry(
  File "D:\毕业设计\Travel_python\.venv\Lib\site-packages\redis\retry.py", line 132, in call_with_retry
    raise error
  File "D:\毕业设计\Travel_python\.venv\Lib\site-packages\redis\retry.py", line 120, in call_with_retry
    return do()
  File "D:\毕业设计\Travel_python\.venv\Lib\site-packages\redis\client.py", line 810, in <lambda>
    lambda: self._send_command_parse_response(
  File "D:\毕业设计\Travel_python\.venv\Lib\site-packages\redis\client.py", line 753, in _send_command_parse_response
    return self.parse_response(conn, command_name, **options)
  File "D:\毕业设计\Travel_python\.venv\Lib\site-packages\redis\client.py", line 853, in parse_response
    response = connection.read_response()
  File "D:\毕业设计\Travel_python\.venv\Lib\site-packages\redis\connection.py", line 1371, in read_response
    response = self._parser.read_response(
  File "D:\毕业设计\Travel_python\.venv\Lib\site-packages\redis\_parsers\resp3.py", line 40, in read_response
    result = self._read_response(
  File "D:\毕业设计\Travel_python\.venv\Lib\site-packages\redis\_parsers\resp3.py", line 65, in _read_response
    raw = self._buffer.readline(timeout=timeout)
  File "D:\毕业设计\Travel_python\.venv\Lib\site-packages\redis\_parsers\socket.py", line 117, in readline
    self._read_from_socket(timeout=timeout)
  File "D:\毕业设计\Travel_python\.venv\Lib\site-packages\redis\_parsers\socket.py", line 77, in _read_from_socket
    raise TimeoutError("Timeout reading from socket")

redis.exceptions.TimeoutError: Timeout reading from socket
2026-07-10 19:10:42.966 | INFO     | N/A | ⏳ 等待 Profile 更新任务...
2026-07-10 19:10:48.061 | INFO     | N/A | ⏳ 等待 Profile 更新任务...
2026-07-10 19:10:53.114 | INFO     | N/A | ⏳ 等待 Profile 更新任务...
2026-07-10 19:10:58.144 | INFO     | N/A | ⏳ 等待 Profile 更新任务...
2026-07-10 19:11:03.171 | INFO     | N/A | ⏳ 等待 Profile 更新任务...
2026-07-10 19:11:08.208 | INFO     | N/A | ⏳ 等待 Profile 更新任务...
2026-07-10 19:11:13.246 | INFO     | N/A | ⏳ 等待 Profile 更新任务...
2026-07-10 19:11:18.277 | INFO     | N/A | ⏳ 等待 Profile 更新任务...
2026-07-10 19:11:23.306 | INFO     | N/A | ⏳ 等待 Profile 更新任务...
2026-07-10 19:11:28.338 | INFO     | N/A | ⏳ 等待 Profile 更新任务...
2026-07-10 19:11:33.368 | INFO     | N/A | ⏳ 等待 Profile 更新任务...
2026-07-10 19:11:38.400 | INFO     | N/A | ⏳ 等待 Profile 更新任务...
2026-07-10 19:11:43.430 | INFO     | N/A | ⏳ 等待 Profile 更新任务...
2026-07-10 19:11:48.461 | INFO     | N/A | ⏳ 等待 Profile 更新任务...
2026-07-10 19:11:53.489 | INFO     | N/A | ⏳ 等待 Profile 更新任务...
2026-07-10 19:11:58.519 | INFO     | N/A | ⏳ 等待 Profile 更新任务...
2026-07-10 19:12:03.555 | INFO     | N/A | ⏳ 等待 Profile 更新任务...
2026-07-10 19:12:08.598 | INFO     | N/A | ⏳ 等待 Profile 更新任务...
2026-07-10 19:12:13.629 | INFO     | N/A | ⏳ 等待 Profile 更新任务...
2026-07-10 19:12:18.670 | INFO     | N/A | ⏳ 等待 Profile 更新任务...
2026-07-10 19:12:23.699 | INFO     | N/A | ⏳ 等待 Profile 更新任务...
2026-07-10 19:12:28.725 | INFO     | N/A | ⏳ 等待 Profile 更新任务...
2026-07-10 19:12:33.757 | INFO     | N/A | ⏳ 等待 Profile 更新任务...
2026-07-10 19:12:38.783 | INFO     | N/A | ⏳ 等待 Profile 更新任务...
2026-07-10 19:12:43.837 | INFO     | N/A | ⏳ 等待 Profile 更新任务...
2026-07-10 19:12:48.872 | INFO     | N/A | ⏳ 等待 Profile 更新任务...
2026-07-10 19:12:53.902 | INFO     | N/A | ⏳ 等待 Profile 更新任务...
2026-07-10 19:12:58.933 | INFO     | N/A | ⏳ 等待 Profile 更新任务...
2026-07-10 19:13:03.730 | INFO     | N/A | ⏳ 等待 Profile 更新任务...
2026-07-10 19:13:08.388 | INFO     | N/A | ⏳ 等待 Profile 更新任务...
2026-07-10 19:13:13.334 | INFO     | N/A | ⏳ 等待 Profile 更新任务...
2026-07-10 19:13:18.407 | INFO     | N/A | ⏳ 等待 Profile 更新任务...
2026-07-10 19:13:23.413 | INFO     | N/A | ⏳ 等待 Profile 更新任务...
2026-07-10 19:13:28.424 | INFO     | N/A | ⏳ 等待 Profile 更新任务...
2026-07-10 19:13:33.508 | INFO     | N/A | ⏳ 等待 Profile 更新任务...
2026-07-10 19:13:38.545 | INFO     | N/A | ⏳ 等待 Profile 更新任务...
2026-07-10 19:13:43.609 | INFO     | N/A | ⏳ 等待 Profile 更新任务...
2026-07-10 19:13:48.619 | INFO     | N/A | ⏳ 等待 Profile 更新任务...
2026-07-10 19:13:53.648 | INFO     | N/A | ⏳ 等待 Profile 更新任务...
2026-07-10 19:13:58.681 | INFO     | N/A | ⏳ 等待 Profile 更新任务...
2026-07-10 19:14:03.707 | INFO     | N/A | ⏳ 等待 Profile 更新任务...
2026-07-10 19:14:08.740 | INFO     | N/A | ⏳ 等待 Profile 更新任务...
2026-07-10 19:14:13.815 | INFO     | N/A | ⏳ 等待 Profile 更新任务...
2026-07-10 19:14:18.842 | INFO     | N/A | ⏳ 等待 Profile 更新任务...
2026-07-10 19:14:23.940 | INFO     | N/A | ⏳ 等待 Profile 更新任务...
2026-07-10 19:14:28.975 | INFO     | N/A | ⏳ 等待 Profile 更新任务...
2026-07-10 19:14:34.012 | INFO     | N/A | ⏳ 等待 Profile 更新任务...
2026-07-10 19:14:39.048 | INFO     | N/A | ⏳ 等待 Profile 更新任务...
2026-07-10 19:14:44.093 | INFO     | N/A | ⏳ 等待 Profile 更新任务...
2026-07-10 19:14:49.182 | INFO     | N/A | ⏳ 等待 Profile 更新任务...
2026-07-10 19:14:54.215 | INFO     | N/A | ⏳ 等待 Profile 更新任务...
2026-07-10 19:14:59.240 | INFO     | N/A | ⏳ 等待 Profile 更新任务...
2026-07-10 19:15:04.273 | INFO     | N/A | ⏳ 等待 Profile 更新任务...
2026-07-10 19:15:09.306 | INFO     | N/A | ⏳ 等待 Profile 更新任务...
2026-07-10 19:15:14.341 | INFO     | N/A | ⏳ 等待 Profile 更新任务...
2026-07-10 19:15:19.393 | INFO     | N/A | ⏳ 等待 Profile 更新任务...
2026-07-10 19:15:24.450 | INFO     | N/A | ⏳ 等待 Profile 更新任务...
2026-07-10 19:15:29.483 | INFO     | N/A | ⏳ 等待 Profile 更新任务...
2026-07-10 19:15:34.511 | INFO     | N/A | ⏳ 等待 Profile 更新任务...
2026-07-10 19:15:39.574 | INFO     | N/A | ⏳ 等待 Profile 更新任务...
2026-07-10 19:15:44.598 | INFO     | N/A | ⏳ 等待 Profile 更新任务...
2026-07-10 19:15:49.632 | INFO     | N/A | ⏳ 等待 Profile 更新任务...
2026-07-10 19:15:54.678 | INFO     | N/A | ⏳ 等待 Profile 更新任务...
2026-07-10 19:15:59.724 | INFO     | N/A | ⏳ 等待 Profile 更新任务...
2026-07-10 19:16:04.796 | INFO     | N/A | ⏳ 等待 Profile 更新任务...
2026-07-10 19:16:09.837 | INFO     | N/A | ⏳ 等待 Profile 更新任务...
2026-07-10 19:16:14.893 | INFO     | N/A | ⏳ 等待 Profile 更新任务...
2026-07-10 19:16:19.943 | INFO     | N/A | ⏳ 等待 Profile 更新任务...
2026-07-10 19:16:25.002 | INFO     | N/A | ⏳ 等待 Profile 更新任务...
2026-07-10 19:16:30.047 | INFO     | N/A | ⏳ 等待 Profile 更新任务...
2026-07-10 19:16:35.098 | INFO     | N/A | ⏳ 等待 Profile 更新任务...
2026-07-10 19:16:40.127 | INFO     | N/A | ⏳ 等待 Profile 更新任务...
2026-07-10 19:16:45.210 | INFO     | N/A | ⏳ 等待 Profile 更新任务...
2026-07-10 19:16:50.268 | INFO     | N/A | ⏳ 等待 Profile 更新任务...
2026-07-10 19:16:55.304 | INFO     | N/A | ⏳ 等待 Profile 更新任务...
2026-07-10 19:17:00.336 | INFO     | N/A | ⏳ 等待 Profile 更新任务...
2026-07-10 19:17:05.368 | INFO     | N/A | ⏳ 等待 Profile 更新任务...
2026-07-10 19:17:10.399 | INFO     | N/A | ⏳ 等待 Profile 更新任务...
2026-07-10 19:17:15.442 | INFO     | N/A | ⏳ 等待 Profile 更新任务...
2026-07-10 19:17:20.478 | INFO     | N/A | ⏳ 等待 Profile 更新任务...
2026-07-10 19:17:25.506 | INFO     | N/A | ⏳ 等待 Profile 更新任务...
2026-07-10 19:17:30.541 | INFO     | N/A | ⏳ 等待 Profile 更新任务...
2026-07-10 19:17:35.573 | INFO     | N/A | ⏳ 等待 Profile 更新任务...
2026-07-10 19:17:40.610 | INFO     | N/A | ⏳ 等待 Profile 更新任务...
2026-07-10 19:17:45.642 | INFO     | N/A | ⏳ 等待 Profile 更新任务...
2026-07-10 19:17:50.680 | INFO     | N/A | ⏳ 等待 Profile 更新任务...
2026-07-10 19:17:55.717 | INFO     | N/A | ⏳ 等待 Profile 更新任务...
2026-07-10 19:18:00.762 | INFO     | N/A | ⏳ 等待 Profile 更新任务...
2026-07-10 19:18:05.822 | INFO     | N/A | ⏳ 等待 Profile 更新任务...
2026-07-10 19:18:10.851 | INFO     | N/A | ⏳ 等待 Profile 更新任务...
2026-07-10 19:18:15.880 | INFO     | N/A | ⏳ 等待 Profile 更新任务...
2026-07-10 19:18:20.915 | INFO     | N/A | ⏳ 等待 Profile 更新任务...
2026-07-10 19:18:25.944 | INFO     | N/A | ⏳ 等待 Profile 更新任务...
2026-07-10 19:18:30.983 | INFO     | N/A | ⏳ 等待 Profile 更新任务...
2026-07-10 19:18:36.011 | INFO     | N/A | ⏳ 等待 Profile 更新任务...
2026-07-10 19:18:41.039 | INFO     | N/A | ⏳ 等待 Profile 更新任务...
2026-07-10 19:18:46.071 | INFO     | N/A | ⏳ 等待 Profile 更新任务...
2026-07-10 19:18:51.105 | INFO     | N/A | ⏳ 等待 Profile 更新任务...
2026-07-10 19:18:56.143 | INFO     | N/A | ⏳ 等待 Profile 更新任务...
2026-07-10 19:19:01.193 | INFO     | N/A | ⏳ 等待 Profile 更新任务...
2026-07-10 19:19:06.279 | INFO     | N/A | ⏳ 等待 Profile 更新任务...
2026-07-10 19:19:11.354 | INFO     | N/A | ⏳ 等待 Profile 更新任务...
2026-07-10 19:19:16.392 | INFO     | N/A | ⏳ 等待 Profile 更新任务...
2026-07-10 19:19:21.422 | INFO     | N/A | ⏳ 等待 Profile 更新任务...
2026-07-10 19:19:26.455 | INFO     | N/A | ⏳ 等待 Profile 更新任务...
2026-07-10 19:19:31.491 | INFO     | N/A | ⏳ 等待 Profile 更新任务...
2026-07-10 19:19:36.514 | INFO     | N/A | ⏳ 等待 Profile 更新任务...
2026-07-10 19:19:41.539 | INFO     | N/A | ⏳ 等待 Profile 更新任务...
2026-07-10 19:19:46.568 | INFO     | N/A | ⏳ 等待 Profile 更新任务...
2026-07-10 19:19:51.602 | INFO     | N/A | ⏳ 等待 Profile 更新任务...
2026-07-10 19:19:56.636 | INFO     | N/A | ⏳ 等待 Profile 更新任务...
2026-07-10 19:20:01.661 | INFO     | N/A | ⏳ 等待 Profile 更新任务...
2026-07-10 19:20:06.683 | INFO     | N/A | ⏳ 等待 Profile 更新任务...
2026-07-10 19:20:11.707 | INFO     | N/A | ⏳ 等待 Profile 更新任务...
2026-07-10 19:20:16.758 | INFO     | N/A | ⏳ 等待 Profile 更新任务...
2026-07-10 19:20:21.862 | INFO     | N/A | ⏳ 等待 Profile 更新任务...
2026-07-10 19:20:26.918 | INFO     | N/A | ⏳ 等待 Profile 更新任务...
2026-07-10 19:20:31.954 | INFO     | N/A | ⏳ 等待 Profile 更新任务...
2026-07-10 19:20:36.989 | INFO     | N/A | ⏳ 等待 Profile 更新任务...
2026-07-10 19:20:42.007 | INFO     | N/A | ⏳ 等待 Profile 更新任务...
2026-07-10 19:20:47.042 | INFO     | N/A | ⏳ 等待 Profile 更新任务...
2026-07-10 19:20:52.079 | INFO     | N/A | ⏳ 等待 Profile 更新任务...
2026-07-10 19:20:57.144 | INFO     | N/A | ⏳ 等待 Profile 更新任务...
2026-07-10 19:21:02.181 | INFO     | N/A | ⏳ 等待 Profile 更新任务...
2026-07-10 19:21:07.221 | INFO     | N/A | ⏳ 等待 Profile 更新任务...
2026-07-10 19:21:12.281 | INFO     | N/A | ⏳ 等待 Profile 更新任务...
2026-07-10 19:21:17.316 | INFO     | N/A | ⏳ 等待 Profile 更新任务...
2026-07-10 19:21:22.353 | INFO     | N/A | ⏳ 等待 Profile 更新任务...
2026-07-10 19:21:27.392 | INFO     | N/A | ⏳ 等待 Profile 更新任务...
2026-07-10 19:21:32.435 | INFO     | N/A | ⏳ 等待 Profile 更新任务...
2026-07-10 19:21:37.471 | INFO     | N/A | ⏳ 等待 Profile 更新任务...
2026-07-10 19:21:42.502 | INFO     | N/A | ⏳ 等待 Profile 更新任务...
2026-07-10 19:21:47.553 | INFO     | N/A | ⏳ 等待 Profile 更新任务...
2026-07-10 19:21:52.806 | INFO     | N/A | ⏳ 等待 Profile 更新任务...
2026-07-10 19:21:57.895 | INFO     | N/A | ⏳ 等待 Profile 更新任务...
2026-07-10 19:22:02.993 | INFO     | N/A | ⏳ 等待 Profile 更新任务...
2026-07-10 19:22:08.064 | INFO     | N/A | ⏳ 等待 Profile 更新任务...
2026-07-10 19:22:13.086 | INFO     | N/A | ⏳ 等待 Profile 更新任务...
2026-07-10 19:22:18.153 | INFO     | N/A | ⏳ 等待 Profile 更新任务...
2026-07-10 19:22:23.220 | INFO     | N/A | ⏳ 等待 Profile 更新任务...
2026-07-10 19:22:28.320 | INFO     | N/A | ⏳ 等待 Profile 更新任务...
2026-07-10 19:22:33.366 | INFO     | N/A | ⏳ 等待 Profile 更新任务...
2026-07-10 19:22:38.402 | INFO     | N/A | ⏳ 等待 Profile 更新任务...
2026-07-10 19:22:43.432 | INFO     | N/A | ⏳ 等待 Profile 更新任务...
2026-07-10 19:22:48.469 | INFO     | N/A | ⏳ 等待 Profile 更新任务...
2026-07-10 19:22:53.528 | INFO     | N/A | ⏳ 等待 Profile 更新任务...
2026-07-10 19:22:58.596 | INFO     | N/A | ⏳ 等待 Profile 更新任务...
2026-07-10 19:23:03.626 | INFO     | N/A | ⏳ 等待 Profile 更新任务...
2026-07-10 19:23:08.657 | INFO     | N/A | ⏳ 等待 Profile 更新任务...
2026-07-10 19:23:13.692 | INFO     | N/A | ⏳ 等待 Profile 更新任务...
2026-07-10 19:23:18.725 | INFO     | N/A | ⏳ 等待 Profile 更新任务...
2026-07-10 19:23:23.760 | INFO     | N/A | ⏳ 等待 Profile 更新任务...
2026-07-10 19:23:28.791 | INFO     | N/A | ⏳ 等待 Profile 更新任务...
2026-07-10 19:23:33.826 | INFO     | N/A | ⏳ 等待 Profile 更新任务...
2026-07-10 19:23:38.861 | INFO     | N/A | ⏳ 等待 Profile 更新任务...
2026-07-10 19:23:43.899 | INFO     | N/A | ⏳ 等待 Profile 更新任务...
2026-07-10 19:23:48.997 | INFO     | N/A | ⏳ 等待 Profile 更新任务...
2026-07-10 19:23:54.032 | INFO     | N/A | ⏳ 等待 Profile 更新任务...
2026-07-10 19:23:59.067 | INFO     | N/A | ⏳ 等待 Profile 更新任务...
2026-07-10 19:24:04.101 | INFO     | N/A | ⏳ 等待 Profile 更新任务...
2026-07-10 19:24:09.167 | INFO     | N/A | ⏳ 等待 Profile 更新任务...
2026-07-10 19:24:14.245 | INFO     | N/A | ⏳ 等待 Profile 更新任务...
2026-07-10 19:24:19.275 | INFO     | N/A | ⏳ 等待 Profile 更新任务...
2026-07-10 19:24:24.310 | INFO     | N/A | ⏳ 等待 Profile 更新任务...
2026-07-10 19:24:29.346 | INFO     | N/A | ⏳ 等待 Profile 更新任务...
2026-07-10 19:24:34.390 | INFO     | N/A | ⏳ 等待 Profile 更新任务...
2026-07-10 19:24:39.427 | INFO     | N/A | ⏳ 等待 Profile 更新任务...
2026-07-10 19:24:44.460 | INFO     | N/A | ⏳ 等待 Profile 更新任务...
2026-07-10 19:24:49.497 | INFO     | N/A | ⏳ 等待 Profile 更新任务...
2026-07-10 19:24:54.531 | INFO     | N/A | ⏳ 等待 Profile 更新任务...
2026-07-10 19:24:59.566 | INFO     | N/A | ⏳ 等待 Profile 更新任务...
2026-07-10 19:25:04.612 | INFO     | N/A | ⏳ 等待 Profile 更新任务...
2026-07-10 19:25:09.642 | INFO     | N/A | ⏳ 等待 Profile 更新任务...
2026-07-10 19:25:14.676 | INFO     | N/A | ⏳ 等待 Profile 更新任务...
2026-07-10 19:25:19.706 | INFO     | N/A | ⏳ 等待 Profile 更新任务...
2026-07-10 19:25:24.740 | INFO     | N/A | ⏳ 等待 Profile 更新任务...
2026-07-10 19:25:29.778 | INFO     | N/A | ⏳ 等待 Profile 更新任务...
2026-07-10 19:25:34.813 | INFO     | N/A | ⏳ 等待 Profile 更新任务...
2026-07-10 19:25:39.847 | INFO     | N/A | ⏳ 等待 Profile 更新任务...
2026-07-10 19:25:44.905 | INFO     | N/A | ⏳ 等待 Profile 更新任务...
2026-07-10 19:25:49.957 | INFO     | N/A | ⏳ 等待 Profile 更新任务...
2026-07-10 19:25:55.025 | INFO     | N/A | ⏳ 等待 Profile 更新任务...
2026-07-10 19:26:00.099 | INFO     | N/A | ⏳ 等待 Profile 更新任务...
2026-07-10 19:26:05.183 | INFO     | N/A | ⏳ 等待 Profile 更新任务...
2026-07-10 19:26:10.218 | INFO     | N/A | ⏳ 等待 Profile 更新任务...
2026-07-10 19:26:15.255 | INFO     | N/A | ⏳ 等待 Profile 更新任务...
2026-07-10 19:26:20.287 | INFO     | N/A | ⏳ 等待 Profile 更新任务...
2026-07-10 19:26:25.321 | INFO     | N/A | ⏳ 等待 Profile 更新任务...
2026-07-10 19:26:30.356 | INFO     | N/A | ⏳ 等待 Profile 更新任务...
2026-07-10 19:26:35.395 | INFO     | N/A | ⏳ 等待 Profile 更新任务...
2026-07-10 19:26:40.425 | INFO     | N/A | ⏳ 等待 Profile 更新任务...
2026-07-10 19:26:45.460 | INFO     | N/A | ⏳ 等待 Profile 更新任务...
2026-07-10 19:26:50.495 | INFO     | N/A | ⏳ 等待 Profile 更新任务...
2026-07-10 19:26:55.554 | INFO     | N/A | ⏳ 等待 Profile 更新任务...
2026-07-10 19:27:00.584 | INFO     | N/A | ⏳ 等待 Profile 更新任务...
2026-07-10 19:27:05.614 | INFO     | N/A | ⏳ 等待 Profile 更新任务...
2026-07-10 19:27:10.686 | INFO     | N/A | ⏳ 等待 Profile 更新任务...
2026-07-10 19:27:15.774 | INFO     | N/A | ⏳ 等待 Profile 更新任务...
2026-07-10 19:27:20.835 | INFO     | N/A | ⏳ 等待 Profile 更新任务...
2026-07-10 19:27:25.873 | INFO     | N/A | ⏳ 等待 Profile 更新任务...
2026-07-10 19:27:30.906 | INFO     | N/A | ⏳ 等待 Profile 更新任务...
2026-07-10 19:27:35.946 | INFO     | N/A | ⏳ 等待 Profile 更新任务...
2026-07-10 19:27:40.982 | INFO     | N/A | ⏳ 等待 Profile 更新任务...
2026-07-10 19:27:46.049 | INFO     | N/A | ⏳ 等待 Profile 更新任务...
2026-07-10 19:27:51.140 | INFO     | N/A | ⏳ 等待 Profile 更新任务...
2026-07-10 19:27:56.153 | INFO     | N/A | ⏳ 等待 Profile 更新任务...
2026-07-10 19:28:01.186 | INFO     | N/A | ⏳ 等待 Profile 更新任务...
2026-07-10 19:28:06.221 | INFO     | N/A | ⏳ 等待 Profile 更新任务...
2026-07-10 19:28:11.256 | INFO     | N/A | ⏳ 等待 Profile 更新任务...
2026-07-10 19:28:16.289 | INFO     | N/A | ⏳ 等待 Profile 更新任务...
2026-07-10 19:28:21.351 | INFO     | N/A | ⏳ 等待 Profile 更新任务...
2026-07-10 19:28:26.387 | INFO     | N/A | ⏳ 等待 Profile 更新任务...
2026-07-10 19:28:31.428 | INFO     | N/A | ⏳ 等待 Profile 更新任务...
2026-07-10 19:28:36.462 | INFO     | N/A | ⏳ 等待 Profile 更新任务...
2026-07-10 19:28:41.528 | INFO     | N/A | ⏳ 等待 Profile 更新任务...
2026-07-10 19:28:46.608 | INFO     | N/A | ⏳ 等待 Profile 更新任务...
2026-07-10 19:28:51.711 | INFO     | N/A | ⏳ 等待 Profile 更新任务...
2026-07-10 19:28:56.731 | INFO     | N/A | ⏳ 等待 Profile 更新任务...
2026-07-10 19:29:01.766 | INFO     | N/A | ⏳ 等待 Profile 更新任务...
2026-07-10 19:29:06.827 | INFO     | N/A | ⏳ 等待 Profile 更新任务...
2026-07-10 19:29:11.865 | INFO     | N/A | ⏳ 等待 Profile 更新任务...
2026-07-10 19:29:16.899 | INFO     | N/A | ⏳ 等待 Profile 更新任务...
2026-07-10 19:29:21.934 | INFO     | N/A | ⏳ 等待 Profile 更新任务...
2026-07-10 19:29:26.969 | INFO     | N/A | ⏳ 等待 Profile 更新任务...
2026-07-10 19:29:32.000 | INFO     | N/A | ⏳ 等待 Profile 更新任务...
2026-07-10 19:29:37.037 | INFO     | N/A | ⏳ 等待 Profile 更新任务...
2026-07-10 19:29:42.088 | INFO     | N/A | ⏳ 等待 Profile 更新任务...
2026-07-10 19:29:47.132 | INFO     | N/A | ⏳ 等待 Profile 更新任务...
2026-07-10 19:29:52.181 | INFO     | N/A | ⏳ 等待 Profile 更新任务...
2026-07-10 19:29:57.241 | INFO     | N/A | ⏳ 等待 Profile 更新任务...
2026-07-10 19:30:02.295 | INFO     | N/A | ⏳ 等待 Profile 更新任务...
2026-07-10 19:30:07.331 | INFO     | N/A | ⏳ 等待 Profile 更新任务...
2026-07-10 19:30:12.367 | INFO     | N/A | ⏳ 等待 Profile 更新任务...
2026-07-10 19:30:17.401 | INFO     | N/A | ⏳ 等待 Profile 更新任务...
2026-07-10 19:30:22.467 | INFO     | N/A | ⏳ 等待 Profile 更新任务...
2026-07-10 19:30:27.500 | INFO     | N/A | ⏳ 等待 Profile 更新任务...
2026-07-10 19:30:32.570 | INFO     | N/A | ⏳ 等待 Profile 更新任务...
2026-07-10 19:30:37.602 | INFO     | N/A | ⏳ 等待 Profile 更新任务...
2026-07-10 19:30:42.650 | INFO     | N/A | ⏳ 等待 Profile 更新任务...
2026-07-10 19:30:47.695 | INFO     | N/A | ⏳ 等待 Profile 更新任务...
2026-07-10 19:30:52.733 | INFO     | N/A | ⏳ 等待 Profile 更新任务...
2026-07-10 19:30:57.767 | INFO     | N/A | ⏳ 等待 Profile 更新任务...
2026-07-10 19:31:02.818 | INFO     | N/A | ⏳ 等待 Profile 更新任务...
2026-07-10 19:31:07.856 | INFO     | N/A | ⏳ 等待 Profile 更新任务...
2026-07-10 19:31:12.886 | INFO     | N/A | ⏳ 等待 Profile 更新任务...
2026-07-10 19:31:17.924 | INFO     | N/A | ⏳ 等待 Profile 更新任务...
2026-07-10 19:31:22.983 | INFO     | N/A | ⏳ 等待 Profile 更新任务...
2026-07-10 19:31:28.019 | INFO     | N/A | ⏳ 等待 Profile 更新任务...
2026-07-10 19:31:33.055 | INFO     | N/A | ⏳ 等待 Profile 更新任务...
2026-07-10 19:31:38.090 | INFO     | N/A | ⏳ 等待 Profile 更新任务...
2026-07-10 19:31:43.127 | INFO     | N/A | ⏳ 等待 Profile 更新任务...
2026-07-10 19:31:48.173 | INFO     | N/A | ⏳ 等待 Profile 更新任务...
2026-07-10 19:31:53.203 | INFO     | N/A | ⏳ 等待 Profile 更新任务...
2026-07-10 19:31:58.239 | INFO     | N/A | ⏳ 等待 Profile 更新任务...
2026-07-10 19:32:03.272 | INFO     | N/A | ⏳ 等待 Profile 更新任务...
2026-07-10 19:32:08.330 | INFO     | N/A | ⏳ 等待 Profile 更新任务...
2026-07-10 19:32:13.364 | INFO     | N/A | ⏳ 等待 Profile 更新任务...
2026-07-10 19:32:18.399 | INFO     | N/A | ⏳ 等待 Profile 更新任务...
2026-07-10 19:32:23.436 | INFO     | N/A | ⏳ 等待 Profile 更新任务...
2026-07-10 19:32:28.471 | INFO     | N/A | ⏳ 等待 Profile 更新任务...
2026-07-10 19:32:33.504 | INFO     | N/A | ⏳ 等待 Profile 更新任务...
2026-07-10 19:32:38.563 | INFO     | N/A | ⏳ 等待 Profile 更新任务...
2026-07-10 19:32:43.603 | INFO     | N/A | ⏳ 等待 Profile 更新任务...
2026-07-10 19:32:48.693 | INFO     | N/A | ⏳ 等待 Profile 更新任务...
2026-07-10 19:32:53.765 | INFO     | N/A | ⏳ 等待 Profile 更新任务...
2026-07-10 19:32:58.799 | INFO     | N/A | ⏳ 等待 Profile 更新任务...
2026-07-10 19:33:03.832 | INFO     | N/A | ⏳ 等待 Profile 更新任务...
2026-07-10 19:33:08.870 | INFO     | N/A | ⏳ 等待 Profile 更新任务...
2026-07-10 19:33:13.903 | INFO     | N/A | ⏳ 等待 Profile 更新任务...
2026-07-10 19:33:20.431 | INFO     | N/A | ⏳ 等待 Profile 更新任务...
2026-07-10 19:33:25.526 | INFO     | N/A | ⏳ 等待 Profile 更新任务...
2026-07-10 19:33:30.556 | INFO     | N/A | ⏳ 等待 Profile 更新任务...
2026-07-10 19:33:35.593 | INFO     | N/A | ⏳ 等待 Profile 更新任务...
2026-07-10 19:33:40.629 | INFO     | N/A | ⏳ 等待 Profile 更新任务...
2026-07-10 19:33:45.679 | INFO     | N/A | ⏳ 等待 Profile 更新任务...
2026-07-10 19:33:50.713 | INFO     | N/A | ⏳ 等待 Profile 更新任务...
2026-07-10 19:33:55.764 | INFO     | N/A | ⏳ 等待 Profile 更新任务...
2026-07-10 19:34:00.844 | INFO     | N/A | ⏳ 等待 Profile 更新任务...
2026-07-10 19:34:05.881 | INFO     | N/A | ⏳ 等待 Profile 更新任务...
2026-07-10 19:34:10.916 | INFO     | N/A | ⏳ 等待 Profile 更新任务...
2026-07-10 19:34:15.949 | INFO     | N/A | ⏳ 等待 Profile 更新任务...
2026-07-10 19:34:20.983 | INFO     | N/A | ⏳ 等待 Profile 更新任务...
2026-07-10 19:34:26.037 | INFO     | N/A | ⏳ 等待 Profile 更新任务...
2026-07-10 19:34:31.081 | INFO     | N/A | ⏳ 等待 Profile 更新任务...
2026-07-10 19:34:36.111 | INFO     | N/A | ⏳ 等待 Profile 更新任务...
2026-07-10 19:34:41.137 | INFO     | N/A | ⏳ 等待 Profile 更新任务...
2026-07-10 19:34:46.166 | INFO     | N/A | ⏳ 等待 Profile 更新任务...
2026-07-10 19:34:51.204 | INFO     | N/A | ⏳ 等待 Profile 更新任务...
2026-07-10 19:34:56.250 | INFO     | N/A | ⏳ 等待 Profile 更新任务...
2026-07-10 19:35:01.296 | INFO     | N/A | ⏳ 等待 Profile 更新任务...
2026-07-10 19:35:06.336 | INFO     | N/A | ⏳ 等待 Profile 更新任务...
2026-07-10 19:35:11.369 | INFO     | N/A | ⏳ 等待 Profile 更新任务...
2026-07-10 19:35:16.408 | INFO     | N/A | ⏳ 等待 Profile 更新任务...
2026-07-10 19:35:21.441 | INFO     | N/A | ⏳ 等待 Profile 更新任务...
2026-07-10 19:35:26.478 | INFO     | N/A | ⏳ 等待 Profile 更新任务...
2026-07-10 19:35:31.511 | INFO     | N/A | ⏳ 等待 Profile 更新任务...
2026-07-10 19:35:36.543 | INFO     | N/A | ⏳ 等待 Profile 更新任务...
2026-07-10 19:35:41.633 | INFO     | N/A | ⏳ 等待 Profile 更新任务...
2026-07-10 19:35:46.699 | INFO     | N/A | ⏳ 等待 Profile 更新任务...
2026-07-10 19:35:51.746 | INFO     | N/A | ⏳ 等待 Profile 更新任务...
2026-07-10 19:35:56.783 | INFO     | N/A | ⏳ 等待 Profile 更新任务...
2026-07-10 19:36:01.816 | INFO     | N/A | ⏳ 等待 Profile 更新任务...
2026-07-10 19:36:06.848 | INFO     | N/A | ⏳ 等待 Profile 更新任务...
2026-07-10 19:36:11.911 | INFO     | N/A | ⏳ 等待 Profile 更新任务...
2026-07-10 19:36:16.945 | INFO     | N/A | ⏳ 等待 Profile 更新任务...
2026-07-10 19:36:21.979 | INFO     | N/A | ⏳ 等待 Profile 更新任务...
2026-07-10 19:36:27.013 | INFO     | N/A | ⏳ 等待 Profile 更新任务...
2026-07-10 19:36:32.045 | INFO     | N/A | ⏳ 等待 Profile 更新任务...
2026-07-10 19:36:37.088 | INFO     | N/A | ⏳ 等待 Profile 更新任务...
2026-07-10 19:36:42.123 | INFO     | N/A | ⏳ 等待 Profile 更新任务...
2026-07-10 19:36:47.161 | INFO     | N/A | ⏳ 等待 Profile 更新任务...
2026-07-10 19:36:52.196 | INFO     | N/A | ⏳ 等待 Profile 更新任务...
2026-07-10 19:36:57.249 | INFO     | N/A | ⏳ 等待 Profile 更新任务...
2026-07-10 19:37:02.283 | INFO     | N/A | ⏳ 等待 Profile 更新任务...
2026-07-10 19:37:07.332 | INFO     | N/A | ⏳ 等待 Profile 更新任务...
2026-07-10 19:37:12.366 | INFO     | N/A | ⏳ 等待 Profile 更新任务...
2026-07-10 19:37:17.401 | INFO     | N/A | ⏳ 等待 Profile 更新任务...
2026-07-10 19:37:22.436 | INFO     | N/A | ⏳ 等待 Profile 更新任务...
2026-07-10 19:37:27.473 | INFO     | N/A | ⏳ 等待 Profile 更新任务...
2026-07-10 19:37:32.507 | INFO     | N/A | ⏳ 等待 Profile 更新任务...
2026-07-10 19:37:37.528 | INFO     | N/A | ⏳ 等待 Profile 更新任务...
2026-07-10 19:37:42.563 | INFO     | N/A | ⏳ 等待 Profile 更新任务...
2026-07-10 19:37:47.653 | INFO     | N/A | ⏳ 等待 Profile 更新任务...
2026-07-10 19:37:52.686 | INFO     | N/A | ⏳ 等待 Profile 更新任务...
2026-07-10 19:37:57.739 | INFO     | N/A | ⏳ 等待 Profile 更新任务...
2026-07-10 19:38:02.800 | INFO     | N/A | ⏳ 等待 Profile 更新任务...
2026-07-10 19:38:07.838 | INFO     | N/A | ⏳ 等待 Profile 更新任务...
2026-07-10 19:38:12.871 | INFO     | N/A | ⏳ 等待 Profile 更新任务...
2026-07-10 19:38:17.903 | INFO     | N/A | ⏳ 等待 Profile 更新任务...
2026-07-10 19:38:22.952 | INFO     | N/A | ⏳ 等待 Profile 更新任务...
2026-07-10 19:38:27.998 | INFO     | N/A | ⏳ 等待 Profile 更新任务...
2026-07-10 19:38:33.092 | INFO     | N/A | ⏳ 等待 Profile 更新任务...
2026-07-10 19:38:38.124 | INFO     | N/A | ⏳ 等待 Profile 更新任务...
2026-07-10 19:38:43.160 | INFO     | N/A | ⏳ 等待 Profile 更新任务...
2026-07-10 19:38:48.196 | INFO     | N/A | ⏳ 等待 Profile 更新任务...
2026-07-10 19:38:53.230 | INFO     | N/A | ⏳ 等待 Profile 更新任务...
2026-07-10 19:38:58.323 | INFO     | N/A | ⏳ 等待 Profile 更新任务...
2026-07-10 19:39:03.353 | INFO     | N/A | ⏳ 等待 Profile 更新任务...
2026-07-10 19:39:08.396 | INFO     | N/A | ⏳ 等待 Profile 更新任务...
2026-07-10 19:39:13.427 | INFO     | N/A | ⏳ 等待 Profile 更新任务...
2026-07-10 19:39:18.465 | INFO     | N/A | ⏳ 等待 Profile 更新任务...
2026-07-10 19:39:23.542 | INFO     | N/A | ⏳ 等待 Profile 更新任务...
2026-07-10 19:39:28.623 | INFO     | N/A | ⏳ 等待 Profile 更新任务...
2026-07-10 19:39:33.657 | INFO     | N/A | ⏳ 等待 Profile 更新任务...
2026-07-10 19:39:38.691 | INFO     | N/A | ⏳ 等待 Profile 更新任务...
2026-07-10 19:39:43.734 | INFO     | N/A | ⏳ 等待 Profile 更新任务...
2026-07-10 19:39:48.772 | INFO     | N/A | ⏳ 等待 Profile 更新任务...
2026-07-10 19:39:53.804 | INFO     | N/A | ⏳ 等待 Profile 更新任务...
2026-07-10 19:39:58.835 | INFO     | N/A | ⏳ 等待 Profile 更新任务...
2026-07-10 19:40:03.869 | INFO     | N/A | ⏳ 等待 Profile 更新任务...
2026-07-10 19:40:08.905 | INFO     | N/A | ⏳ 等待 Profile 更新任务...
2026-07-10 19:40:13.937 | INFO     | N/A | ⏳ 等待 Profile 更新任务...
2026-07-10 19:40:19.007 | INFO     | N/A | ⏳ 等待 Profile 更新任务...
2026-07-10 19:40:24.041 | INFO     | N/A | ⏳ 等待 Profile 更新任务...
2026-07-10 19:40:29.075 | INFO     | N/A | ⏳ 等待 Profile 更新任务...
2026-07-10 19:40:34.113 | INFO     | N/A | ⏳ 等待 Profile 更新任务...
2026-07-10 19:40:39.148 | INFO     | N/A | ⏳ 等待 Profile 更新任务...
2026-07-10 19:40:44.181 | INFO     | N/A | ⏳ 等待 Profile 更新任务...
2026-07-10 19:40:49.227 | INFO     | N/A | ⏳ 等待 Profile 更新任务...
2026-07-10 19:40:54.253 | INFO     | N/A | ⏳ 等待 Profile 更新任务...
2026-07-10 19:40:59.311 | INFO     | N/A | ⏳ 等待 Profile 更新任务...
2026-07-10 19:41:04.394 | INFO     | N/A | ⏳ 等待 Profile 更新任务...
2026-07-10 19:41:09.472 | INFO     | N/A | ⏳ 等待 Profile 更新任务...
2026-07-10 19:41:14.498 | INFO     | N/A | ⏳ 等待 Profile 更新任务...
2026-07-10 19:41:19.535 | INFO     | N/A | ⏳ 等待 Profile 更新任务...
2026-07-10 19:41:24.596 | INFO     | N/A | ⏳ 等待 Profile 更新任务...
2026-07-10 19:41:29.697 | INFO     | N/A | ⏳ 等待 Profile 更新任务...
2026-07-10 19:41:34.729 | INFO     | N/A | ⏳ 等待 Profile 更新任务...
2026-07-10 19:41:39.783 | INFO     | N/A | ⏳ 等待 Profile 更新任务...
2026-07-10 19:41:44.818 | INFO     | N/A | ⏳ 等待 Profile 更新任务...
2026-07-10 19:41:49.872 | INFO     | N/A | ⏳ 等待 Profile 更新任务...
2026-07-10 19:41:54.948 | INFO     | N/A | ⏳ 等待 Profile 更新任务...
2026-07-10 19:41:59.951 | INFO     | N/A | ⏳ 等待 Profile 更新任务...
2026-07-10 19:42:04.985 | INFO     | N/A | ⏳ 等待 Profile 更新任务...
2026-07-10 19:42:10.013 | INFO     | N/A | ⏳ 等待 Profile 更新任务...
2026-07-10 19:42:15.094 | INFO     | N/A | ⏳ 等待 Profile 更新任务...
2026-07-10 19:42:20.122 | INFO     | N/A | ⏳ 等待 Profile 更新任务...
2026-07-10 19:42:25.181 | INFO     | N/A | ⏳ 等待 Profile 更新任务...
2026-07-10 19:42:30.431 | INFO     | N/A | ⏳ 等待 Profile 更新任务...
2026-07-10 19:42:35.466 | INFO     | N/A | ⏳ 等待 Profile 更新任务...
2026-07-10 19:42:40.530 | INFO     | N/A | ⏳ 等待 Profile 更新任务...
2026-07-10 19:42:45.566 | INFO     | N/A | ⏳ 等待 Profile 更新任务...
2026-07-10 19:42:50.583 | INFO     | N/A | ⏳ 等待 Profile 更新任务...
2026-07-10 19:42:55.651 | INFO     | N/A | ⏳ 等待 Profile 更新任务...
2026-07-10 19:43:00.677 | INFO     | N/A | ⏳ 等待 Profile 更新任务...
2026-07-10 19:43:05.754 | INFO     | N/A | ⏳ 等待 Profile 更新任务...
2026-07-10 19:43:10.793 | INFO     | N/A | ⏳ 等待 Profile 更新任务...
2026-07-10 19:43:15.846 | INFO     | N/A | ⏳ 等待 Profile 更新任务...
2026-07-10 19:43:21.067 | INFO     | N/A | ⏳ 等待 Profile 更新任务...
2026-07-10 19:43:26.086 | INFO     | N/A | ⏳ 等待 Profile 更新任务...
2026-07-10 19:43:31.115 | INFO     | N/A | ⏳ 等待 Profile 更新任务...
2026-07-10 19:43:36.153 | INFO     | N/A | ⏳ 等待 Profile 更新任务...
2026-07-10 19:43:41.232 | INFO     | N/A | ⏳ 等待 Profile 更新任务...
2026-07-10 19:43:46.273 | INFO     | N/A | ⏳ 等待 Profile 更新任务...
2026-07-10 19:43:51.309 | INFO     | N/A | ⏳ 等待 Profile 更新任务...
2026-07-10 19:43:56.342 | INFO     | N/A | ⏳ 等待 Profile 更新任务...
2026-07-10 19:44:01.381 | INFO     | N/A | ⏳ 等待 Profile 更新任务...
2026-07-10 19:44:06.412 | INFO     | N/A | ⏳ 等待 Profile 更新任务...
2026-07-10 19:44:11.451 | INFO     | N/A | ⏳ 等待 Profile 更新任务...
2026-07-10 19:44:16.489 | INFO     | N/A | ⏳ 等待 Profile 更新任务...
2026-07-10 19:44:21.538 | INFO     | N/A | ⏳ 等待 Profile 更新任务...
2026-07-10 19:44:26.581 | INFO     | N/A | ⏳ 等待 Profile 更新任务...
2026-07-10 19:44:31.638 | INFO     | N/A | ⏳ 等待 Profile 更新任务...
2026-07-10 19:44:36.683 | INFO     | N/A | ⏳ 等待 Profile 更新任务...
2026-07-10 19:44:41.742 | INFO     | N/A | ⏳ 等待 Profile 更新任务...
2026-07-10 19:44:46.778 | INFO     | N/A | ⏳ 等待 Profile 更新任务...
2026-07-10 19:44:51.832 | INFO     | N/A | ⏳ 等待 Profile 更新任务...
2026-07-10 19:44:56.945 | INFO     | N/A | ⏳ 等待 Profile 更新任务...
2026-07-10 19:45:02.017 | INFO     | N/A | ⏳ 等待 Profile 更新任务...
2026-07-10 19:45:07.114 | INFO     | N/A | ⏳ 等待 Profile 更新任务...
2026-07-10 19:45:12.167 | INFO     | N/A | ⏳ 等待 Profile 更新任务...
2026-07-10 19:45:17.214 | INFO     | N/A | ⏳ 等待 Profile 更新任务...
2026-07-10 19:45:22.288 | INFO     | N/A | ⏳ 等待 Profile 更新任务...
2026-07-10 19:45:27.300 | INFO     | N/A | ⏳ 等待 Profile 更新任务...
2026-07-10 19:45:32.367 | INFO     | N/A | ⏳ 等待 Profile 更新任务...
2026-07-10 19:45:37.396 | INFO     | N/A | ⏳ 等待 Profile 更新任务...
2026-07-10 19:45:42.430 | INFO     | N/A | ⏳ 等待 Profile 更新任务...
2026-07-10 19:45:47.464 | INFO     | N/A | ⏳ 等待 Profile 更新任务...
2026-07-10 19:45:52.496 | INFO     | N/A | ⏳ 等待 Profile 更新任务...
2026-07-10 19:45:57.554 | INFO     | N/A | ⏳ 等待 Profile 更新任务...
2026-07-10 19:46:02.591 | INFO     | N/A | ⏳ 等待 Profile 更新任务...
2026-07-10 19:46:07.632 | INFO     | N/A | ⏳ 等待 Profile 更新任务...
2026-07-10 19:46:12.669 | INFO     | N/A | ⏳ 等待 Profile 更新任务...
2026-07-10 19:46:17.705 | INFO     | N/A | ⏳ 等待 Profile 更新任务...
2026-07-10 19:46:22.741 | INFO     | N/A | ⏳ 等待 Profile 更新任务...
2026-07-10 19:46:27.795 | INFO     | N/A | ⏳ 等待 Profile 更新任务...
2026-07-10 19:46:32.826 | INFO     | N/A | ⏳ 等待 Profile 更新任务...
2026-07-10 19:46:37.860 | INFO     | N/A | ⏳ 等待 Profile 更新任务...
2026-07-10 19:46:42.897 | INFO     | N/A | ⏳ 等待 Profile 更新任务...
2026-07-10 19:46:47.931 | INFO     | N/A | ⏳ 等待 Profile 更新任务...
2026-07-10 19:46:52.985 | INFO     | N/A | ⏳ 等待 Profile 更新任务...
2026-07-10 19:46:58.021 | INFO     | N/A | ⏳ 等待 Profile 更新任务...
2026-07-10 19:47:03.055 | INFO     | N/A | ⏳ 等待 Profile 更新任务...
2026-07-10 19:47:08.089 | INFO     | N/A | ⏳ 等待 Profile 更新任务...
2026-07-10 19:47:13.128 | INFO     | N/A | ⏳ 等待 Profile 更新任务...
2026-07-10 19:47:18.165 | INFO     | N/A | ⏳ 等待 Profile 更新任务...
2026-07-10 19:47:23.198 | INFO     | N/A | ⏳ 等待 Profile 更新任务...
2026-07-10 19:47:28.236 | INFO     | N/A | ⏳ 等待 Profile 更新任务...
2026-07-10 19:47:33.269 | INFO     | N/A | ⏳ 等待 Profile 更新任务...
2026-07-10 19:47:38.307 | INFO     | N/A | ⏳ 等待 Profile 更新任务...
2026-07-10 19:47:43.342 | INFO     | N/A | ⏳ 等待 Profile 更新任务...
2026-07-10 19:47:48.383 | INFO     | N/A | ⏳ 等待 Profile 更新任务...
2026-07-10 19:47:53.425 | INFO     | N/A | ⏳ 等待 Profile 更新任务...
2026-07-10 19:47:58.460 | INFO     | N/A | ⏳ 等待 Profile 更新任务...
2026-07-10 19:48:03.499 | INFO     | N/A | ⏳ 等待 Profile 更新任务...
2026-07-10 19:48:08.533 | INFO     | N/A | ⏳ 等待 Profile 更新任务...
2026-07-10 19:48:13.576 | INFO     | N/A | ⏳ 等待 Profile 更新任务...
2026-07-10 19:48:18.612 | INFO     | N/A | ⏳ 等待 Profile 更新任务...
2026-07-10 19:48:23.624 | INFO     | N/A | ⏳ 等待 Profile 更新任务...
2026-07-10 19:48:28.654 | INFO     | N/A | ⏳ 等待 Profile 更新任务...
2026-07-10 19:48:33.748 | INFO     | N/A | ⏳ 等待 Profile 更新任务...
2026-07-10 19:48:38.830 | INFO     | N/A | ⏳ 等待 Profile 更新任务...
2026-07-10 19:48:43.864 | INFO     | N/A | ⏳ 等待 Profile 更新任务...
2026-07-10 19:48:48.898 | INFO     | N/A | ⏳ 等待 Profile 更新任务...
2026-07-10 19:48:53.935 | INFO     | N/A | ⏳ 等待 Profile 更新任务...
2026-07-10 19:48:58.977 | INFO     | N/A | ⏳ 等待 Profile 更新任务...
2026-07-10 19:49:04.010 | INFO     | N/A | ⏳ 等待 Profile 更新任务...
2026-07-10 19:49:09.050 | INFO     | N/A | ⏳ 等待 Profile 更新任务...
2026-07-10 19:49:14.089 | INFO     | N/A | ⏳ 等待 Profile 更新任务...
2026-07-10 19:49:19.131 | INFO     | N/A | ⏳ 等待 Profile 更新任务...
2026-07-10 19:49:24.169 | INFO     | N/A | ⏳ 等待 Profile 更新任务...
2026-07-10 19:49:29.204 | INFO     | N/A | ⏳ 等待 Profile 更新任务...
2026-07-10 19:49:34.239 | INFO     | N/A | ⏳ 等待 Profile 更新任务...
2026-07-10 19:49:39.341 | INFO     | N/A | ⏳ 等待 Profile 更新任务...
2026-07-10 19:49:44.378 | INFO     | N/A | ⏳ 等待 Profile 更新任务...
2026-07-10 19:49:49.412 | INFO     | N/A | ⏳ 等待 Profile 更新任务...
2026-07-10 19:49:54.450 | INFO     | N/A | ⏳ 等待 Profile 更新任务...
2026-07-10 19:49:59.539 | INFO     | N/A | ⏳ 等待 Profile 更新任务...
2026-07-10 19:50:04.575 | INFO     | N/A | ⏳ 等待 Profile 更新任务...
2026-07-10 19:50:09.618 | INFO     | N/A | ⏳ 等待 Profile 更新任务...
2026-07-10 19:50:14.653 | INFO     | N/A | ⏳ 等待 Profile 更新任务...
2026-07-10 19:50:19.690 | INFO     | N/A | ⏳ 等待 Profile 更新任务...
2026-07-10 19:50:24.725 | INFO     | N/A | ⏳ 等待 Profile 更新任务...
2026-07-10 19:50:29.761 | INFO     | N/A | ⏳ 等待 Profile 更新任务...
2026-07-10 19:50:34.800 | INFO     | N/A | ⏳ 等待 Profile 更新任务...
2026-07-10 19:50:39.840 | INFO     | N/A | ⏳ 等待 Profile 更新任务...
2026-07-10 19:50:44.875 | INFO     | N/A | ⏳ 等待 Profile 更新任务...
2026-07-10 19:50:49.912 | INFO     | N/A | ⏳ 等待 Profile 更新任务...
2026-07-10 19:50:54.945 | INFO     | N/A | ⏳ 等待 Profile 更新任务...
2026-07-10 19:50:59.990 | INFO     | N/A | ⏳ 等待 Profile 更新任务...
2026-07-10 19:51:05.018 | INFO     | N/A | ⏳ 等待 Profile 更新任务...
2026-07-10 19:51:10.056 | INFO     | N/A | ⏳ 等待 Profile 更新任务...
2026-07-10 19:51:15.092 | INFO     | N/A | ⏳ 等待 Profile 更新任务...
2026-07-10 19:51:20.196 | INFO     | N/A | ⏳ 等待 Profile 更新任务...
2026-07-10 19:51:25.225 | INFO     | N/A | ⏳ 等待 Profile 更新任务...
2026-07-10 19:51:30.269 | INFO     | N/A | ⏳ 等待 Profile 更新任务...
2026-07-10 19:51:35.306 | INFO     | N/A | ⏳ 等待 Profile 更新任务...
2026-07-10 19:51:40.343 | INFO     | N/A | ⏳ 等待 Profile 更新任务...
2026-07-10 19:51:45.397 | INFO     | N/A | ⏳ 等待 Profile 更新任务...
2026-07-10 19:51:50.436 | INFO     | N/A | ⏳ 等待 Profile 更新任务...
2026-07-10 19:51:55.474 | INFO     | N/A | ⏳ 等待 Profile 更新任务...
2026-07-10 19:52:00.509 | INFO     | N/A | ⏳ 等待 Profile 更新任务...
2026-07-10 19:52:05.546 | INFO     | N/A | ⏳ 等待 Profile 更新任务...
2026-07-10 19:52:10.582 | INFO     | N/A | ⏳ 等待 Profile 更新任务...
2026-07-10 19:52:15.619 | INFO     | N/A | ⏳ 等待 Profile 更新任务...
2026-07-10 19:52:20.655 | INFO     | N/A | ⏳ 等待 Profile 更新任务...
2026-07-10 19:52:25.692 | INFO     | N/A | ⏳ 等待 Profile 更新任务...
2026-07-10 19:52:30.731 | INFO     | N/A | ⏳ 等待 Profile 更新任务...
2026-07-10 19:52:35.767 | INFO     | N/A | ⏳ 等待 Profile 更新任务...
2026-07-10 19:52:40.805 | INFO     | N/A | ⏳ 等待 Profile 更新任务...
2026-07-10 19:52:45.840 | INFO     | N/A | ⏳ 等待 Profile 更新任务...
2026-07-10 19:52:50.875 | INFO     | N/A | ⏳ 等待 Profile 更新任务...
2026-07-10 19:52:55.912 | INFO     | N/A | ⏳ 等待 Profile 更新任务...
2026-07-10 19:53:00.949 | INFO     | N/A | ⏳ 等待 Profile 更新任务...
2026-07-10 19:53:05.980 | INFO     | N/A | ⏳ 等待 Profile 更新任务...
2026-07-10 19:53:11.021 | INFO     | N/A | ⏳ 等待 Profile 更新任务...
2026-07-10 19:53:16.059 | INFO     | N/A | ⏳ 等待 Profile 更新任务...
2026-07-10 19:53:21.068 | INFO     | N/A | ⏳ 等待 Profile 更新任务...
2026-07-10 19:53:26.101 | INFO     | N/A | ⏳ 等待 Profile 更新任务...
2026-07-10 19:53:31.141 | INFO     | N/A | ⏳ 等待 Profile 更新任务...
2026-07-10 19:53:36.180 | INFO     | N/A | ⏳ 等待 Profile 更新任务...
2026-07-10 19:53:41.229 | INFO     | N/A | ⏳ 等待 Profile 更新任务...
2026-07-10 19:53:46.273 | INFO     | N/A | ⏳ 等待 Profile 更新任务...
2026-07-10 19:53:51.307 | INFO     | N/A | ⏳ 等待 Profile 更新任务...
2026-07-10 19:53:56.348 | INFO     | N/A | ⏳ 等待 Profile 更新任务...
2026-07-10 19:54:01.381 | INFO     | N/A | ⏳ 等待 Profile 更新任务...
2026-07-10 19:54:06.416 | INFO     | N/A | ⏳ 等待 Profile 更新任务...
2026-07-10 19:54:11.451 | INFO     | N/A | ⏳ 等待 Profile 更新任务...
2026-07-10 19:54:16.486 | INFO     | N/A | ⏳ 等待 Profile 更新任务...
2026-07-10 19:54:21.522 | INFO     | N/A | ⏳ 等待 Profile 更新任务...
2026-07-10 19:54:26.560 | INFO     | N/A | ⏳ 等待 Profile 更新任务...
2026-07-10 19:54:31.603 | INFO     | N/A | ⏳ 等待 Profile 更新任务...
2026-07-10 19:54:36.639 | INFO     | N/A | ⏳ 等待 Profile 更新任务...
2026-07-10 19:54:41.673 | INFO     | N/A | ⏳ 等待 Profile 更新任务...
2026-07-10 19:54:46.707 | INFO     | N/A | ⏳ 等待 Profile 更新任务...
2026-07-10 19:54:51.744 | INFO     | N/A | ⏳ 等待 Profile 更新任务...
2026-07-10 19:54:56.786 | INFO     | N/A | ⏳ 等待 Profile 更新任务...
2026-07-10 19:55:01.818 | INFO     | N/A | ⏳ 等待 Profile 更新任务...
2026-07-10 19:55:06.851 | INFO     | N/A | ⏳ 等待 Profile 更新任务...
2026-07-10 19:55:11.887 | INFO     | N/A | ⏳ 等待 Profile 更新任务...
2026-07-10 19:55:16.925 | INFO     | N/A | ⏳ 等待 Profile 更新任务...
2026-07-10 19:55:22.052 | INFO     | N/A | ⏳ 等待 Profile 更新任务...
2026-07-10 19:55:27.151 | INFO     | N/A | ⏳ 等待 Profile 更新任务...
2026-07-10 19:55:32.212 | INFO     | N/A | ⏳ 等待 Profile 更新任务...
2026-07-10 19:55:37.261 | INFO     | N/A | ⏳ 等待 Profile 更新任务...
2026-07-10 19:55:42.316 | INFO     | N/A | ⏳ 等待 Profile 更新任务...
2026-07-10 19:55:47.372 | INFO     | N/A | ⏳ 等待 Profile 更新任务...
2026-07-10 19:55:52.404 | INFO     | N/A | ⏳ 等待 Profile 更新任务...
2026-07-10 19:55:57.439 | INFO     | N/A | ⏳ 等待 Profile 更新任务...
2026-07-10 19:56:02.470 | INFO     | N/A | ⏳ 等待 Profile 更新任务...
2026-07-10 19:56:07.504 | INFO     | N/A | ⏳ 等待 Profile 更新任务...
2026-07-10 19:56:12.580 | INFO     | N/A | ⏳ 等待 Profile 更新任务...
2026-07-10 19:56:17.627 | INFO     | N/A | ⏳ 等待 Profile 更新任务...
2026-07-10 19:56:22.690 | INFO     | N/A | ⏳ 等待 Profile 更新任务...
2026-07-10 19:56:27.699 | INFO     | N/A | ⏳ 等待 Profile 更新任务...
2026-07-10 19:56:32.763 | INFO     | N/A | ⏳ 等待 Profile 更新任务...
2026-07-10 19:56:37.831 | INFO     | N/A | ⏳ 等待 Profile 更新任务...
2026-07-10 19:56:42.916 | INFO     | N/A | ⏳ 等待 Profile 更新任务...
2026-07-10 19:56:48.000 | INFO     | N/A | ⏳ 等待 Profile 更新任务...
2026-07-10 19:56:53.035 | INFO     | N/A | ⏳ 等待 Profile 更新任务...
2026-07-10 19:56:58.070 | INFO     | N/A | ⏳ 等待 Profile 更新任务...
2026-07-10 19:57:03.099 | INFO     | N/A | ⏳ 等待 Profile 更新任务...
2026-07-10 19:57:08.146 | INFO     | N/A | ⏳ 等待 Profile 更新任务...
2026-07-10 19:57:13.170 | INFO     | N/A | ⏳ 等待 Profile 更新任务...
2026-07-10 19:57:18.252 | INFO     | N/A | ⏳ 等待 Profile 更新任务...
2026-07-10 19:57:29.106 | INFO     | N/A | ⏳ 等待 Profile 更新任务...
2026-07-10 19:57:34.145 | INFO     | N/A | ⏳ 等待 Profile 更新任务...
2026-07-10 19:57:39.185 | INFO     | N/A | ⏳ 等待 Profile 更新任务...
2026-07-10 19:57:44.218 | INFO     | N/A | ⏳ 等待 Profile 更新任务...
2026-07-10 19:57:49.253 | INFO     | N/A | ⏳ 等待 Profile 更新任务...
2026-07-10 19:57:54.296 | INFO     | N/A | ⏳ 等待 Profile 更新任务...
2026-07-10 19:57:59.341 | INFO     | N/A | ⏳ 等待 Profile 更新任务...
2026-07-10 19:58:04.376 | INFO     | N/A | ⏳ 等待 Profile 更新任务...
2026-07-10 19:58:09.469 | INFO     | N/A | ⏳ 等待 Profile 更新任务...
2026-07-10 19:58:14.502 | INFO     | N/A | ⏳ 等待 Profile 更新任务...
2026-07-10 19:58:19.539 | INFO     | N/A | ⏳ 等待 Profile 更新任务...
2026-07-10 19:58:24.595 | INFO     | N/A | ⏳ 等待 Profile 更新任务...
2026-07-10 19:58:29.634 | INFO     | N/A | ⏳ 等待 Profile 更新任务...
2026-07-10 19:58:34.660 | INFO     | N/A | ⏳ 等待 Profile 更新任务...
2026-07-10 19:58:39.696 | INFO     | N/A | ⏳ 等待 Profile 更新任务...
2026-07-10 19:58:44.733 | INFO     | N/A | ⏳ 等待 Profile 更新任务...
2026-07-10 19:58:49.833 | INFO     | N/A | ⏳ 等待 Profile 更新任务...
2026-07-10 19:58:54.868 | INFO     | N/A | ⏳ 等待 Profile 更新任务...
2026-07-10 19:58:59.931 | INFO     | N/A | ⏳ 等待 Profile 更新任务...
2026-07-10 19:59:04.972 | INFO     | N/A | ⏳ 等待 Profile 更新任务...
2026-07-10 19:59:10.005 | INFO     | N/A | ⏳ 等待 Profile 更新任务...
2026-07-10 19:59:15.040 | INFO     | N/A | ⏳ 等待 Profile 更新任务...
2026-07-10 19:59:20.073 | INFO     | N/A | ⏳ 等待 Profile 更新任务...
2026-07-10 19:59:25.110 | INFO     | N/A | ⏳ 等待 Profile 更新任务...
2026-07-10 19:59:30.148 | INFO     | N/A | ⏳ 等待 Profile 更新任务...
2026-07-10 19:59:35.219 | INFO     | N/A | ⏳ 等待 Profile 更新任务...
2026-07-10 19:59:40.236 | INFO     | N/A | ⏳ 等待 Profile 更新任务...
2026-07-10 19:59:45.268 | INFO     | N/A | ⏳ 等待 Profile 更新任务...
2026-07-10 19:59:50.310 | INFO     | N/A | ⏳ 等待 Profile 更新任务...
2026-07-10 19:59:55.343 | INFO     | N/A | ⏳ 等待 Profile 更新任务...
2026-07-10 20:00:00.383 | INFO     | N/A | ⏳ 等待 Profile 更新任务...
2026-07-10 20:00:05.420 | INFO     | N/A | ⏳ 等待 Profile 更新任务...
2026-07-10 20:00:10.455 | INFO     | N/A | ⏳ 等待 Profile 更新任务...
2026-07-10 20:00:16.041 | INFO     | N/A | ⏳ 等待 Profile 更新任务...
2026-07-10 20:00:21.516 | INFO     | N/A | ⏳ 等待 Profile 更新任务...
2026-07-10 20:00:26.552 | INFO     | N/A | ⏳ 等待 Profile 更新任务...
2026-07-10 20:00:31.590 | INFO     | N/A | ⏳ 等待 Profile 更新任务...
2026-07-10 20:00:36.637 | INFO     | N/A | ⏳ 等待 Profile 更新任务...
2026-07-10 20:00:41.674 | INFO     | N/A | ⏳ 等待 Profile 更新任务...
2026-07-10 20:00:46.708 | INFO     | N/A | ⏳ 等待 Profile 更新任务...
2026-07-10 20:00:51.796 | INFO     | N/A | ⏳ 等待 Profile 更新任务...
2026-07-10 20:00:56.833 | INFO     | N/A | ⏳ 等待 Profile 更新任务...
2026-07-10 20:01:01.887 | INFO     | N/A | ⏳ 等待 Profile 更新任务...
2026-07-10 20:01:06.924 | INFO     | N/A | ⏳ 等待 Profile 更新任务...
2026-07-10 20:01:11.971 | INFO     | N/A | ⏳ 等待 Profile 更新任务...
2026-07-10 20:01:17.012 | INFO     | N/A | ⏳ 等待 Profile 更新任务...
2026-07-10 20:01:22.047 | INFO     | N/A | ⏳ 等待 Profile 更新任务...
2026-07-10 20:01:27.083 | INFO     | N/A | ⏳ 等待 Profile 更新任务...
2026-07-10 20:01:32.118 | INFO     | N/A | ⏳ 等待 Profile 更新任务...
2026-07-10 20:01:37.151 | INFO     | N/A | ⏳ 等待 Profile 更新任务...
2026-07-10 20:01:42.187 | INFO     | N/A | ⏳ 等待 Profile 更新任务...
2026-07-10 20:01:47.222 | INFO     | N/A | ⏳ 等待 Profile 更新任务...
2026-07-10 20:01:52.258 | INFO     | N/A | ⏳ 等待 Profile 更新任务...
2026-07-10 20:01:57.294 | INFO     | N/A | ⏳ 等待 Profile 更新任务...
2026-07-10 20:02:02.329 | INFO     | N/A | ⏳ 等待 Profile 更新任务...
2026-07-10 20:02:07.363 | INFO     | N/A | ⏳ 等待 Profile 更新任务...
2026-07-10 20:02:12.395 | INFO     | N/A | ⏳ 等待 Profile 更新任务...
2026-07-10 20:02:17.434 | INFO     | N/A | ⏳ 等待 Profile 更新任务...
2026-07-10 20:02:22.467 | INFO     | N/A | ⏳ 等待 Profile 更新任务...
2026-07-10 20:02:27.501 | INFO     | N/A | ⏳ 等待 Profile 更新任务...
2026-07-10 20:02:32.536 | INFO     | N/A | ⏳ 等待 Profile 更新任务...
2026-07-10 20:02:37.573 | INFO     | N/A | ⏳ 等待 Profile 更新任务...
2026-07-10 20:02:42.609 | INFO     | N/A | ⏳ 等待 Profile 更新任务...
2026-07-10 20:02:47.646 | INFO     | N/A | ⏳ 等待 Profile 更新任务...
2026-07-10 20:02:52.682 | INFO     | N/A | ⏳ 等待 Profile 更新任务...
2026-07-10 20:02:57.747 | INFO     | N/A | ⏳ 等待 Profile 更新任务...
2026-07-10 20:03:02.784 | INFO     | N/A | ⏳ 等待 Profile 更新任务...
2026-07-10 20:03:07.824 | INFO     | N/A | ⏳ 等待 Profile 更新任务...
2026-07-10 20:03:12.862 | INFO     | N/A | ⏳ 等待 Profile 更新任务...
2026-07-10 20:03:17.894 | INFO     | N/A | ⏳ 等待 Profile 更新任务...
2026-07-10 20:03:22.932 | INFO     | N/A | ⏳ 等待 Profile 更新任务...
2026-07-10 20:03:27.964 | INFO     | N/A | ⏳ 等待 Profile 更新任务...
2026-07-10 20:03:33.005 | INFO     | N/A | ⏳ 等待 Profile 更新任务...
2026-07-10 20:03:38.046 | INFO     | N/A | ⏳ 等待 Profile 更新任务...
2026-07-10 20:03:43.078 | INFO     | N/A | ⏳ 等待 Profile 更新任务...
2026-07-10 20:03:48.114 | INFO     | N/A | ⏳ 等待 Profile 更新任务...
2026-07-10 20:03:53.146 | INFO     | N/A | ⏳ 等待 Profile 更新任务...
2026-07-10 20:03:58.183 | INFO     | N/A | ⏳ 等待 Profile 更新任务...
2026-07-10 20:04:03.222 | INFO     | N/A | ⏳ 等待 Profile 更新任务...
2026-07-10 20:04:08.257 | INFO     | N/A | ⏳ 等待 Profile 更新任务...
2026-07-10 20:04:13.289 | INFO     | N/A | ⏳ 等待 Profile 更新任务...
2026-07-10 20:04:18.326 | INFO     | N/A | ⏳ 等待 Profile 更新任务...
2026-07-10 20:04:23.419 | INFO     | N/A | ⏳ 等待 Profile 更新任务...
2026-07-10 20:04:28.458 | INFO     | N/A | ⏳ 等待 Profile 更新任务...
2026-07-10 20:04:33.490 | INFO     | N/A | ⏳ 等待 Profile 更新任务...
2026-07-10 20:04:38.527 | INFO     | N/A | ⏳ 等待 Profile 更新任务...
2026-07-10 20:04:43.561 | INFO     | N/A | ⏳ 等待 Profile 更新任务...
2026-07-10 20:04:48.602 | INFO     | N/A | ⏳ 等待 Profile 更新任务...
2026-07-10 20:04:53.693 | INFO     | N/A | ⏳ 等待 Profile 更新任务...
2026-07-10 20:04:58.729 | INFO     | N/A | ⏳ 等待 Profile 更新任务...
2026-07-10 20:05:03.763 | INFO     | N/A | ⏳ 等待 Profile 更新任务...
2026-07-10 20:05:08.802 | INFO     | N/A | ⏳ 等待 Profile 更新任务...
2026-07-10 20:05:13.837 | INFO     | N/A | ⏳ 等待 Profile 更新任务...
2026-07-10 20:05:18.873 | INFO     | N/A | ⏳ 等待 Profile 更新任务...
2026-07-10 20:05:23.904 | INFO     | N/A | ⏳ 等待 Profile 更新任务...
2026-07-10 20:05:28.944 | INFO     | N/A | ⏳ 等待 Profile 更新任务...
2026-07-10 20:05:34.017 | INFO     | N/A | ⏳ 等待 Profile 更新任务...
2026-07-10 20:05:39.044 | INFO     | N/A | ⏳ 等待 Profile 更新任务...
2026-07-10 20:05:44.076 | INFO     | N/A | ⏳ 等待 Profile 更新任务...
2026-07-10 20:05:49.110 | INFO     | N/A | ⏳ 等待 Profile 更新任务...
2026-07-10 20:05:54.140 | INFO     | N/A | ⏳ 等待 Profile 更新任务...
2026-07-10 20:05:59.181 | INFO     | N/A | ⏳ 等待 Profile 更新任务...
2026-07-10 20:06:04.271 | INFO     | N/A | ⏳ 等待 Profile 更新任务...
2026-07-10 20:06:09.336 | INFO     | N/A | ⏳ 等待 Profile 更新任务...
2026-07-10 20:06:14.368 | INFO     | N/A | ⏳ 等待 Profile 更新任务...
2026-07-10 20:06:19.407 | INFO     | N/A | ⏳ 等待 Profile 更新任务...
2026-07-10 20:06:24.439 | INFO     | N/A | ⏳ 等待 Profile 更新任务...
2026-07-10 20:06:29.489 | INFO     | N/A | ⏳ 等待 Profile 更新任务...
2026-07-10 20:06:34.522 | INFO     | N/A | ⏳ 等待 Profile 更新任务...
2026-07-10 20:06:39.570 | INFO     | N/A | ⏳ 等待 Profile 更新任务...
2026-07-10 20:06:44.605 | INFO     | N/A | ⏳ 等待 Profile 更新任务...
2026-07-10 20:06:49.640 | INFO     | N/A | ⏳ 等待 Profile 更新任务...
2026-07-10 20:06:54.676 | INFO     | N/A | ⏳ 等待 Profile 更新任务...
2026-07-10 20:06:59.734 | INFO     | N/A | ⏳ 等待 Profile 更新任务...
2026-07-10 20:07:04.771 | INFO     | N/A | ⏳ 等待 Profile 更新任务...
2026-07-10 20:07:09.810 | INFO     | N/A | ⏳ 等待 Profile 更新任务...
2026-07-10 20:07:14.845 | INFO     | N/A | ⏳ 等待 Profile 更新任务...
2026-07-10 20:07:19.878 | INFO     | N/A | ⏳ 等待 Profile 更新任务...
2026-07-10 20:07:24.910 | INFO     | N/A | ⏳ 等待 Profile 更新任务...
2026-07-10 20:07:29.948 | INFO     | N/A | ⏳ 等待 Profile 更新任务...
2026-07-10 20:07:34.980 | INFO     | N/A | ⏳ 等待 Profile 更新任务...
2026-07-10 20:07:40.035 | INFO     | N/A | ⏳ 等待 Profile 更新任务...
2026-07-10 20:07:45.073 | INFO     | N/A | ⏳ 等待 Profile 更新任务...
2026-07-10 20:07:50.108 | INFO     | N/A | ⏳ 等待 Profile 更新任务...
2026-07-10 20:07:55.148 | INFO     | N/A | ⏳ 等待 Profile 更新任务...
2026-07-10 20:08:00.187 | INFO     | N/A | ⏳ 等待 Profile 更新任务...
2026-07-10 20:08:05.225 | INFO     | N/A | ⏳ 等待 Profile 更新任务...
2026-07-10 20:08:10.259 | INFO     | N/A | ⏳ 等待 Profile 更新任务...
2026-07-10 20:08:15.293 | INFO     | N/A | ⏳ 等待 Profile 更新任务...
2026-07-10 20:08:20.344 | INFO     | N/A | ⏳ 等待 Profile 更新任务...
2026-07-10 20:08:25.376 | INFO     | N/A | ⏳ 等待 Profile 更新任务...
2026-07-10 20:08:30.457 | INFO     | N/A | ⏳ 等待 Profile 更新任务...
2026-07-10 20:08:35.492 | INFO     | N/A | ⏳ 等待 Profile 更新任务...
2026-07-10 20:08:40.541 | INFO     | N/A | ⏳ 等待 Profile 更新任务...
2026-07-10 20:08:45.574 | INFO     | N/A | ⏳ 等待 Profile 更新任务...
2026-07-10 20:08:50.610 | INFO     | N/A | ⏳ 等待 Profile 更新任务...
2026-07-10 20:08:55.648 | INFO     | N/A | ⏳ 等待 Profile 更新任务...
2026-07-10 20:09:00.683 | INFO     | N/A | ⏳ 等待 Profile 更新任务...
2026-07-10 20:09:05.740 | INFO     | N/A | ⏳ 等待 Profile 更新任务...
2026-07-10 20:09:10.774 | INFO     | N/A | ⏳ 等待 Profile 更新任务...
2026-07-10 20:09:15.805 | INFO     | N/A | ⏳ 等待 Profile 更新任务...
2026-07-10 20:09:20.839 | INFO     | N/A | ⏳ 等待 Profile 更新任务...
2026-07-10 20:09:25.928 | INFO     | N/A | ⏳ 等待 Profile 更新任务...
2026-07-10 20:09:30.962 | INFO     | N/A | ⏳ 等待 Profile 更新任务...
2026-07-10 20:09:36.019 | INFO     | N/A | ⏳ 等待 Profile 更新任务...
2026-07-10 20:09:41.051 | INFO     | N/A | ⏳ 等待 Profile 更新任务...
2026-07-10 20:09:46.067 | INFO     | N/A | ⏳ 等待 Profile 更新任务...
2026-07-10 20:09:51.166 | INFO     | N/A | ⏳ 等待 Profile 更新任务...
2026-07-10 20:09:56.236 | INFO     | N/A | ⏳ 等待 Profile 更新任务...
2026-07-10 20:10:01.293 | INFO     | N/A | ⏳ 等待 Profile 更新任务...
2026-07-10 20:10:06.311 | INFO     | N/A | ⏳ 等待 Profile 更新任务...
2026-07-10 20:10:11.328 | INFO     | N/A | ⏳ 等待 Profile 更新任务...
2026-07-10 20:10:16.352 | INFO     | N/A | ⏳ 等待 Profile 更新任务...
2026-07-10 20:10:21.416 | INFO     | N/A | ⏳ 等待 Profile 更新任务...
2026-07-10 20:10:26.428 | INFO     | N/A | ⏳ 等待 Profile 更新任务...
2026-07-10 20:10:31.520 | INFO     | N/A | ⏳ 等待 Profile 更新任务...
2026-07-10 20:10:36.575 | INFO     | N/A | ⏳ 等待 Profile 更新任务...
2026-07-10 20:10:41.692 | INFO     | N/A | ⏳ 等待 Profile 更新任务...
2026-07-10 20:10:46.848 | INFO     | N/A | ⏳ 等待 Profile 更新任务...
2026-07-10 20:10:52.013 | INFO     | N/A | ⏳ 等待 Profile 更新任务...
2026-07-10 20:10:57.059 | INFO     | N/A | ⏳ 等待 Profile 更新任务...
2026-07-10 20:11:02.088 | INFO     | N/A | ⏳ 等待 Profile 更新任务...
2026-07-10 20:11:07.123 | INFO     | N/A | ⏳ 等待 Profile 更新任务...
2026-07-10 20:11:12.167 | INFO     | N/A | ⏳ 等待 Profile 更新任务...
2026-07-10 20:11:17.207 | INFO     | N/A | ⏳ 等待 Profile 更新任务...
2026-07-10 20:11:22.271 | INFO     | N/A | ⏳ 等待 Profile 更新任务...
2026-07-10 20:11:27.338 | INFO     | N/A | ⏳ 等待 Profile 更新任务...
2026-07-10 20:11:32.442 | INFO     | N/A | ⏳ 等待 Profile 更新任务...
2026-07-10 20:11:37.486 | INFO     | N/A | ⏳ 等待 Profile 更新任务...
2026-07-10 20:11:42.527 | INFO     | N/A | ⏳ 等待 Profile 更新任务...
2026-07-10 20:11:47.635 | INFO     | N/A | ⏳ 等待 Profile 更新任务...
2026-07-10 20:11:52.676 | INFO     | N/A | ⏳ 等待 Profile 更新任务...
2026-07-10 20:11:57.763 | INFO     | N/A | ⏳ 等待 Profile 更新任务...
2026-07-10 20:12:02.852 | INFO     | N/A | ⏳ 等待 Profile 更新任务...
2026-07-10 20:12:07.870 | INFO     | N/A | ⏳ 等待 Profile 更新任务...
2026-07-10 20:12:12.970 | INFO     | N/A | ⏳ 等待 Profile 更新任务...
2026-07-10 20:12:18.025 | INFO     | N/A | ⏳ 等待 Profile 更新任务...
2026-07-10 20:12:23.128 | INFO     | N/A | ⏳ 等待 Profile 更新任务...
2026-07-10 20:12:28.221 | INFO     | N/A | ⏳ 等待 Profile 更新任务...
2026-07-10 20:12:33.328 | INFO     | N/A | ⏳ 等待 Profile 更新任务...
2026-07-10 20:12:38.429 | INFO     | N/A | ⏳ 等待 Profile 更新任务...
2026-07-10 20:12:43.484 | INFO     | N/A | ⏳ 等待 Profile 更新任务...
2026-07-10 20:12:48.586 | INFO     | N/A | ⏳ 等待 Profile 更新任务...
2026-07-10 20:12:53.667 | INFO     | N/A | ⏳ 等待 Profile 更新任务...
2026-07-10 20:12:58.687 | INFO     | N/A | ⏳ 等待 Profile 更新任务...
2026-07-10 20:13:03.736 | INFO     | N/A | ⏳ 等待 Profile 更新任务...
2026-07-10 20:13:08.779 | INFO     | N/A | ⏳ 等待 Profile 更新任务...
2026-07-10 20:13:13.839 | INFO     | N/A | ⏳ 等待 Profile 更新任务...
2026-07-10 20:13:18.893 | INFO     | N/A | ⏳ 等待 Profile 更新任务...
2026-07-10 20:13:28.586 | INFO     | N/A | ⏳ 等待 Profile 更新任务...
2026-07-10 20:13:33.806 | INFO     | N/A | ⏳ 等待 Profile 更新任务...
2026-07-10 20:13:38.915 | INFO     | N/A | ⏳ 等待 Profile 更新任务...
2026-07-10 20:13:43.951 | INFO     | N/A | ⏳ 等待 Profile 更新任务...
2026-07-10 20:13:48.990 | INFO     | N/A | ⏳ 等待 Profile 更新任务...
2026-07-10 20:13:54.037 | INFO     | N/A | ⏳ 等待 Profile 更新任务...
2026-07-10 20:13:59.084 | INFO     | N/A | ⏳ 等待 Profile 更新任务...
2026-07-10 20:14:04.181 | INFO     | N/A | ⏳ 等待 Profile 更新任务...
2026-07-10 20:14:09.218 | INFO     | N/A | ⏳ 等待 Profile 更新任务...
2026-07-10 20:14:14.257 | INFO     | N/A | ⏳ 等待 Profile 更新任务...
2026-07-10 20:14:19.271 | INFO     | N/A | ⏳ 等待 Profile 更新任务...
2026-07-10 20:14:24.350 | INFO     | N/A | ⏳ 等待 Profile 更新任务...
2026-07-10 20:14:29.452 | INFO     | N/A | ⏳ 等待 Profile 更新任务...
2026-07-10 20:14:34.523 | INFO     | N/A | ⏳ 等待 Profile 更新任务...
2026-07-10 20:14:39.574 | INFO     | N/A | ⏳ 等待 Profile 更新任务...
2026-07-10 20:14:44.695 | INFO     | N/A | ⏳ 等待 Profile 更新任务...
2026-07-10 20:14:49.703 | INFO     | N/A | ⏳ 等待 Profile 更新任务...
2026-07-10 20:14:54.733 | INFO     | N/A | ⏳ 等待 Profile 更新任务...
2026-07-10 20:14:59.763 | INFO     | N/A | ⏳ 等待 Profile 更新任务...
2026-07-10 20:15:04.821 | INFO     | N/A | ⏳ 等待 Profile 更新任务...
2026-07-10 20:15:09.862 | INFO     | N/A | ⏳ 等待 Profile 更新任务...
2026-07-10 20:15:14.882 | INFO     | N/A | ⏳ 等待 Profile 更新任务...
2026-07-10 20:15:19.981 | INFO     | N/A | ⏳ 等待 Profile 更新任务...
2026-07-10 20:15:25.080 | INFO     | N/A | ⏳ 等待 Profile 更新任务...
2026-07-10 20:15:30.132 | INFO     | N/A | ⏳ 等待 Profile 更新任务...
2026-07-10 20:15:35.139 | INFO     | N/A | ⏳ 等待 Profile 更新任务...
2026-07-10 20:15:40.240 | INFO     | N/A | ⏳ 等待 Profile 更新任务...
2026-07-10 20:15:45.368 | INFO     | N/A | ⏳ 等待 Profile 更新任务...
2026-07-10 20:15:50.428 | INFO     | N/A | ⏳ 等待 Profile 更新任务...
2026-07-10 20:15:55.488 | INFO     | N/A | ⏳ 等待 Profile 更新任务...
2026-07-10 20:16:00.500 | INFO     | N/A | ⏳ 等待 Profile 更新任务...
2026-07-10 20:16:05.531 | INFO     | N/A | ⏳ 等待 Profile 更新任务...
2026-07-10 20:16:10.565 | INFO     | N/A | ⏳ 等待 Profile 更新任务...
2026-07-10 20:16:15.598 | INFO     | N/A | ⏳ 等待 Profile 更新任务...
2026-07-10 20:16:20.628 | INFO     | N/A | ⏳ 等待 Profile 更新任务...
2026-07-10 20:16:25.669 | INFO     | N/A | ⏳ 等待 Profile 更新任务...
2026-07-10 20:16:30.698 | INFO     | N/A | ⏳ 等待 Profile 更新任务...
2026-07-10 20:16:35.729 | INFO     | N/A | ⏳ 等待 Profile 更新任务...
2026-07-10 20:16:40.761 | INFO     | N/A | ⏳ 等待 Profile 更新任务...
2026-07-10 20:16:45.793 | INFO     | N/A | ⏳ 等待 Profile 更新任务...
2026-07-10 20:16:50.829 | INFO     | N/A | ⏳ 等待 Profile 更新任务...
2026-07-10 20:16:55.859 | INFO     | N/A | ⏳ 等待 Profile 更新任务...
2026-07-10 20:17:00.916 | INFO     | N/A | ⏳ 等待 Profile 更新任务...
2026-07-10 20:17:05.950 | INFO     | N/A | ⏳ 等待 Profile 更新任务...
2026-07-10 20:17:10.982 | INFO     | N/A | ⏳ 等待 Profile 更新任务...
2026-07-10 20:17:16.011 | INFO     | N/A | ⏳ 等待 Profile 更新任务...
2026-07-10 20:17:21.098 | INFO     | N/A | ⏳ 等待 Profile 更新任务...
2026-07-10 20:17:26.130 | INFO     | N/A | ⏳ 等待 Profile 更新任务...
2026-07-10 20:17:31.162 | INFO     | N/A | ⏳ 等待 Profile 更新任务...
2026-07-10 20:17:36.195 | INFO     | N/A | ⏳ 等待 Profile 更新任务...
2026-07-10 20:17:41.227 | INFO     | N/A | ⏳ 等待 Profile 更新任务...
2026-07-10 20:17:46.258 | INFO     | N/A | ⏳ 等待 Profile 更新任务...
2026-07-10 20:17:51.306 | INFO     | N/A | ⏳ 等待 Profile 更新任务...
2026-07-10 20:17:56.337 | INFO     | N/A | ⏳ 等待 Profile 更新任务...
2026-07-10 20:18:01.371 | INFO     | N/A | ⏳ 等待 Profile 更新任务...
2026-07-10 20:18:06.435 | INFO     | N/A | ⏳ 等待 Profile 更新任务...
2026-07-10 20:18:11.470 | INFO     | N/A | ⏳ 等待 Profile 更新任务...
2026-07-10 20:18:16.503 | INFO     | N/A | ⏳ 等待 Profile 更新任务...
2026-07-10 20:18:21.531 | INFO     | N/A | ⏳ 等待 Profile 更新任务...
2026-07-10 20:18:26.561 | INFO     | N/A | ⏳ 等待 Profile 更新任务...
2026-07-10 20:18:31.594 | INFO     | N/A | ⏳ 等待 Profile 更新任务...
2026-07-10 20:18:36.636 | INFO     | N/A | ⏳ 等待 Profile 更新任务...
2026-07-10 20:18:41.680 | INFO     | N/A | ⏳ 等待 Profile 更新任务...
2026-07-10 20:18:46.711 | INFO     | N/A | ⏳ 等待 Profile 更新任务...
2026-07-10 20:18:51.763 | INFO     | N/A | ⏳ 等待 Profile 更新任务...
2026-07-10 20:18:56.793 | INFO     | N/A | ⏳ 等待 Profile 更新任务...
2026-07-10 20:19:01.824 | INFO     | N/A | ⏳ 等待 Profile 更新任务...
2026-07-10 20:19:06.858 | INFO     | N/A | ⏳ 等待 Profile 更新任务...
2026-07-10 20:19:11.896 | INFO     | N/A | ⏳ 等待 Profile 更新任务...
2026-07-10 20:19:16.926 | INFO     | N/A | ⏳ 等待 Profile 更新任务...
2026-07-10 20:19:21.956 | INFO     | N/A | ⏳ 等待 Profile 更新任务...
2026-07-10 20:19:26.988 | INFO     | N/A | ⏳ 等待 Profile 更新任务...
2026-07-10 20:19:32.020 | INFO     | N/A | ⏳ 等待 Profile 更新任务...
2026-07-10 20:19:37.051 | INFO     | N/A | ⏳ 等待 Profile 更新任务...
2026-07-10 20:19:42.081 | INFO     | N/A | ⏳ 等待 Profile 更新任务...
2026-07-10 20:19:47.117 | INFO     | N/A | ⏳ 等待 Profile 更新任务...
2026-07-10 20:19:52.153 | INFO     | N/A | ⏳ 等待 Profile 更新任务...
2026-07-10 20:19:57.181 | INFO     | N/A | ⏳ 等待 Profile 更新任务...
2026-07-10 20:20:02.225 | INFO     | N/A | ⏳ 等待 Profile 更新任务...
2026-07-10 20:20:07.260 | INFO     | N/A | ⏳ 等待 Profile 更新任务...
2026-07-10 20:20:12.294 | INFO     | N/A | ⏳ 等待 Profile 更新任务...
2026-07-10 20:20:17.324 | INFO     | N/A | ⏳ 等待 Profile 更新任务...
2026-07-10 20:20:22.358 | INFO     | N/A | ⏳ 等待 Profile 更新任务...
2026-07-10 20:20:27.389 | INFO     | N/A | ⏳ 等待 Profile 更新任务...
2026-07-10 20:20:32.418 | INFO     | N/A | ⏳ 等待 Profile 更新任务...
2026-07-10 20:20:37.447 | INFO     | N/A | ⏳ 等待 Profile 更新任务...
2026-07-10 20:20:42.486 | INFO     | N/A | ⏳ 等待 Profile 更新任务...
2026-07-10 20:20:47.519 | INFO     | N/A | ⏳ 等待 Profile 更新任务...
2026-07-10 20:20:52.553 | INFO     | N/A | ⏳ 等待 Profile 更新任务...
2026-07-10 20:20:57.588 | INFO     | N/A | ⏳ 等待 Profile 更新任务...
2026-07-10 20:21:02.621 | INFO     | N/A | ⏳ 等待 Profile 更新任务...
2026-07-10 20:21:07.661 | INFO     | N/A | ⏳ 等待 Profile 更新任务...
2026-07-10 20:21:12.695 | INFO     | N/A | ⏳ 等待 Profile 更新任务...
2026-07-10 20:21:17.727 | INFO     | N/A | ⏳ 等待 Profile 更新任务...
2026-07-10 20:21:22.762 | INFO     | N/A | ⏳ 等待 Profile 更新任务...
2026-07-10 20:21:27.798 | INFO     | N/A | ⏳ 等待 Profile 更新任务...
2026-07-10 20:21:32.833 | INFO     | N/A | ⏳ 等待 Profile 更新任务...
2026-07-10 20:21:37.869 | INFO     | N/A | ⏳ 等待 Profile 更新任务...
2026-07-10 20:21:42.905 | INFO     | N/A | ⏳ 等待 Profile 更新任务...
2026-07-10 20:21:47.935 | INFO     | N/A | ⏳ 等待 Profile 更新任务...
2026-07-10 20:21:52.971 | INFO     | N/A | ⏳ 等待 Profile 更新任务...
2026-07-10 20:21:58.006 | INFO     | N/A | ⏳ 等待 Profile 更新任务...
2026-07-10 20:22:03.041 | INFO     | N/A | ⏳ 等待 Profile 更新任务...
2026-07-10 20:22:08.077 | INFO     | N/A | ⏳ 等待 Profile 更新任务...
2026-07-10 20:22:13.118 | INFO     | N/A | ⏳ 等待 Profile 更新任务...
2026-07-10 20:22:18.152 | INFO     | N/A | ⏳ 等待 Profile 更新任务...
2026-07-10 20:22:23.186 | INFO     | N/A | ⏳ 等待 Profile 更新任务...
2026-07-10 20:22:28.243 | INFO     | N/A | ⏳ 等待 Profile 更新任务...
2026-07-10 20:22:33.276 | INFO     | N/A | ⏳ 等待 Profile 更新任务...
2026-07-10 20:22:38.311 | INFO     | N/A | ⏳ 等待 Profile 更新任务...
2026-07-10 20:22:43.346 | INFO     | N/A | ⏳ 等待 Profile 更新任务...
2026-07-10 20:22:48.384 | INFO     | N/A | ⏳ 等待 Profile 更新任务...
2026-07-10 20:22:53.418 | INFO     | N/A | ⏳ 等待 Profile 更新任务...
2026-07-10 20:22:58.455 | INFO     | N/A | ⏳ 等待 Profile 更新任务...
2026-07-10 20:23:03.492 | INFO     | N/A | ⏳ 等待 Profile 更新任务...
2026-07-10 20:23:08.527 | INFO     | N/A | ⏳ 等待 Profile 更新任务...
2026-07-10 20:23:13.564 | INFO     | N/A | ⏳ 等待 Profile 更新任务...
2026-07-10 20:23:18.599 | INFO     | N/A | ⏳ 等待 Profile 更新任务...
2026-07-10 20:23:23.635 | INFO     | N/A | ⏳ 等待 Profile 更新任务...
2026-07-10 20:23:28.668 | INFO     | N/A | ⏳ 等待 Profile 更新任务...
2026-07-10 20:23:33.705 | INFO     | N/A | ⏳ 等待 Profile 更新任务...
2026-07-10 20:23:38.738 | INFO     | N/A | ⏳ 等待 Profile 更新任务...
2026-07-10 20:23:43.774 | INFO     | N/A | ⏳ 等待 Profile 更新任务...
2026-07-10 20:23:48.809 | INFO     | N/A | ⏳ 等待 Profile 更新任务...
2026-07-10 20:23:53.848 | INFO     | N/A | ⏳ 等待 Profile 更新任务...
2026-07-10 20:23:58.882 | INFO     | N/A | ⏳ 等待 Profile 更新任务...
2026-07-10 20:24:03.917 | INFO     | N/A | ⏳ 等待 Profile 更新任务...
2026-07-10 20:24:08.955 | INFO     | N/A | ⏳ 等待 Profile 更新任务...
2026-07-10 20:24:13.995 | INFO     | N/A | ⏳ 等待 Profile 更新任务...
2026-07-10 20:24:19.035 | INFO     | N/A | ⏳ 等待 Profile 更新任务...
2026-07-10 20:24:24.066 | INFO     | N/A | ⏳ 等待 Profile 更新任务...
2026-07-10 20:24:29.100 | INFO     | N/A | ⏳ 等待 Profile 更新任务...
2026-07-10 20:24:34.141 | INFO     | N/A | ⏳ 等待 Profile 更新任务...
2026-07-10 20:24:39.182 | INFO     | N/A | ⏳ 等待 Profile 更新任务...
2026-07-10 20:24:44.215 | INFO     | N/A | ⏳ 等待 Profile 更新任务...
2026-07-10 20:24:49.251 | INFO     | N/A | ⏳ 等待 Profile 更新任务...
2026-07-10 20:24:54.283 | INFO     | N/A | ⏳ 等待 Profile 更新任务...
2026-07-10 20:24:59.317 | INFO     | N/A | ⏳ 等待 Profile 更新任务...
2026-07-10 20:25:04.355 | INFO     | N/A | ⏳ 等待 Profile 更新任务...
2026-07-10 20:25:09.394 | INFO     | N/A | ⏳ 等待 Profile 更新任务...
2026-07-10 20:25:14.495 | INFO     | N/A | ⏳ 等待 Profile 更新任务...
2026-07-10 20:25:19.572 | INFO     | N/A | ⏳ 等待 Profile 更新任务...
2026-07-10 20:25:24.605 | INFO     | N/A | ⏳ 等待 Profile 更新任务...
2026-07-10 20:25:29.638 | INFO     | N/A | ⏳ 等待 Profile 更新任务...
2026-07-10 20:25:34.694 | INFO     | N/A | ⏳ 等待 Profile 更新任务...
2026-07-10 20:25:39.729 | INFO     | N/A | ⏳ 等待 Profile 更新任务...
2026-07-10 20:25:44.762 | INFO     | N/A | ⏳ 等待 Profile 更新任务...
2026-07-10 20:25:49.804 | INFO     | N/A | ⏳ 等待 Profile 更新任务...
2026-07-10 20:25:54.838 | INFO     | N/A | ⏳ 等待 Profile 更新任务...
2026-07-10 20:25:59.873 | INFO     | N/A | ⏳ 等待 Profile 更新任务...
2026-07-10 20:26:04.906 | INFO     | N/A | ⏳ 等待 Profile 更新任务...
2026-07-10 20:26:09.939 | INFO     | N/A | ⏳ 等待 Profile 更新任务...
2026-07-10 20:26:14.976 | INFO     | N/A | ⏳ 等待 Profile 更新任务...
2026-07-10 20:26:20.011 | INFO     | N/A | ⏳ 等待 Profile 更新任务...
2026-07-10 20:26:25.044 | INFO     | N/A | ⏳ 等待 Profile 更新任务...
2026-07-10 20:26:30.076 | INFO     | N/A | ⏳ 等待 Profile 更新任务...
2026-07-10 20:26:35.114 | INFO     | N/A | ⏳ 等待 Profile 更新任务...
2026-07-10 20:26:40.146 | INFO     | N/A | ⏳ 等待 Profile 更新任务...
2026-07-10 20:26:45.180 | INFO     | N/A | ⏳ 等待 Profile 更新任务...
2026-07-10 20:26:50.218 | INFO     | N/A | ⏳ 等待 Profile 更新任务...
2026-07-10 20:26:55.252 | INFO     | N/A | ⏳ 等待 Profile 更新任务...
2026-07-10 20:27:00.284 | INFO     | N/A | ⏳ 等待 Profile 更新任务...
2026-07-10 20:27:05.319 | INFO     | N/A | ⏳ 等待 Profile 更新任务...
2026-07-10 20:27:10.354 | INFO     | N/A | ⏳ 等待 Profile 更新任务...
2026-07-10 20:27:15.388 | INFO     | N/A | ⏳ 等待 Profile 更新任务...
2026-07-10 20:27:20.424 | INFO     | N/A | ⏳ 等待 Profile 更新任务...
2026-07-10 20:27:25.459 | INFO     | N/A | ⏳ 等待 Profile 更新任务...
2026-07-10 20:27:30.496 | INFO     | N/A | ⏳ 等待 Profile 更新任务...
2026-07-10 20:27:35.503 | INFO     | N/A | ⏳ 等待 Profile 更新任务...
2026-07-10 20:27:40.537 | INFO     | N/A | ⏳ 等待 Profile 更新任务...
2026-07-10 20:27:45.592 | INFO     | N/A | ⏳ 等待 Profile 更新任务...
2026-07-10 20:27:50.648 | INFO     | N/A | ⏳ 等待 Profile 更新任务...
2026-07-10 20:27:55.682 | INFO     | N/A | ⏳ 等待 Profile 更新任务...
2026-07-10 20:28:00.715 | INFO     | N/A | ⏳ 等待 Profile 更新任务...
2026-07-10 20:28:05.750 | INFO     | N/A | ⏳ 等待 Profile 更新任务...
2026-07-10 20:28:10.785 | INFO     | N/A | ⏳ 等待 Profile 更新任务...
2026-07-10 20:28:15.816 | INFO     | N/A | ⏳ 等待 Profile 更新任务...
2026-07-10 20:28:20.852 | INFO     | N/A | ⏳ 等待 Profile 更新任务...
2026-07-10 20:28:25.886 | INFO     | N/A | ⏳ 等待 Profile 更新任务...
2026-07-10 20:28:30.920 | INFO     | N/A | ⏳ 等待 Profile 更新任务...
2026-07-10 20:28:35.951 | INFO     | N/A | ⏳ 等待 Profile 更新任务...
2026-07-10 20:28:40.985 | INFO     | N/A | ⏳ 等待 Profile 更新任务...
2026-07-10 20:28:46.022 | INFO     | N/A | ⏳ 等待 Profile 更新任务...
2026-07-10 20:28:51.054 | INFO     | N/A | ⏳ 等待 Profile 更新任务...
2026-07-10 20:28:56.088 | INFO     | N/A | ⏳ 等待 Profile 更新任务...
2026-07-10 20:29:01.124 | INFO     | N/A | ⏳ 等待 Profile 更新任务...
2026-07-10 20:29:06.162 | INFO     | N/A | ⏳ 等待 Profile 更新任务...
2026-07-10 20:29:11.193 | INFO     | N/A | ⏳ 等待 Profile 更新任务...
2026-07-10 20:29:16.230 | INFO     | N/A | ⏳ 等待 Profile 更新任务...
2026-07-10 20:29:21.266 | INFO     | N/A | ⏳ 等待 Profile 更新任务...
2026-07-10 20:29:26.300 | INFO     | N/A | ⏳ 等待 Profile 更新任务...
2026-07-10 20:29:31.335 | INFO     | N/A | ⏳ 等待 Profile 更新任务...
2026-07-10 20:29:36.367 | INFO     | N/A | ⏳ 等待 Profile 更新任务...
2026-07-10 20:29:41.405 | INFO     | N/A | ⏳ 等待 Profile 更新任务...
2026-07-10 20:29:46.530 | INFO     | N/A | ⏳ 等待 Profile 更新任务...
2026-07-10 20:29:51.544 | INFO     | N/A | ⏳ 等待 Profile 更新任务...
2026-07-10 20:29:56.569 | INFO     | N/A | ⏳ 等待 Profile 更新任务...
2026-07-10 20:30:01.596 | INFO     | N/A | ⏳ 等待 Profile 更新任务...
2026-07-10 20:30:06.627 | INFO     | N/A | ⏳ 等待 Profile 更新任务...
2026-07-10 20:30:11.687 | INFO     | N/A | ⏳ 等待 Profile 更新任务...
2026-07-10 20:30:16.755 | INFO     | N/A | ⏳ 等待 Profile 更新任务...
2026-07-10 20:30:21.783 | INFO     | N/A | ⏳ 等待 Profile 更新任务...
2026-07-10 20:30:26.815 | INFO     | N/A | ⏳ 等待 Profile 更新任务...
2026-07-10 20:30:31.838 | INFO     | N/A | ⏳ 等待 Profile 更新任务...
2026-07-10 20:30:36.870 | INFO     | N/A | ⏳ 等待 Profile 更新任务...
2026-07-10 20:30:41.915 | INFO     | N/A | ⏳ 等待 Profile 更新任务...
2026-07-10 20:30:46.949 | INFO     | N/A | ⏳ 等待 Profile 更新任务...
2026-07-10 20:30:52.010 | INFO     | N/A | ⏳ 等待 Profile 更新任务...
2026-07-10 20:30:57.105 | INFO     | N/A | ⏳ 等待 Profile 更新任务...
2026-07-10 20:31:02.199 | INFO     | N/A | ⏳ 等待 Profile 更新任务...
2026-07-10 20:31:07.392 | INFO     | N/A | ⏳ 等待 Profile 更新任务...
2026-07-10 20:31:12.449 | INFO     | N/A | ⏳ 等待 Profile 更新任务...
2026-07-10 20:31:17.511 | INFO     | N/A | ⏳ 等待 Profile 更新任务...
2026-07-10 20:31:22.555 | INFO     | N/A | ⏳ 等待 Profile 更新任务...
2026-07-10 20:31:27.587 | INFO     | N/A | ⏳ 等待 Profile 更新任务...
2026-07-10 20:31:32.621 | INFO     | N/A | ⏳ 等待 Profile 更新任务...
2026-07-10 20:31:37.662 | INFO     | N/A | ⏳ 等待 Profile 更新任务...
2026-07-10 20:31:42.695 | INFO     | N/A | ⏳ 等待 Profile 更新任务...
2026-07-10 20:31:47.750 | INFO     | N/A | ⏳ 等待 Profile 更新任务...
2026-07-10 20:31:52.768 | INFO     | N/A | ⏳ 等待 Profile 更新任务...
2026-07-10 20:31:57.804 | INFO     | N/A | ⏳ 等待 Profile 更新任务...
2026-07-10 20:32:02.810 | INFO     | N/A | ⏳ 等待 Profile 更新任务...
2026-07-10 20:32:07.874 | INFO     | N/A | ⏳ 等待 Profile 更新任务...
2026-07-10 20:32:12.907 | INFO     | N/A | ⏳ 等待 Profile 更新任务...
2026-07-10 20:32:17.982 | INFO     | N/A | ⏳ 等待 Profile 更新任务...
2026-07-10 20:32:23.072 | INFO     | N/A | ⏳ 等待 Profile 更新任务...
2026-07-10 20:32:28.094 | INFO     | N/A | ⏳ 等待 Profile 更新任务...
2026-07-10 20:32:33.135 | INFO     | N/A | ⏳ 等待 Profile 更新任务...
2026-07-10 20:32:38.168 | INFO     | N/A | ⏳ 等待 Profile 更新任务...
2026-07-10 20:32:43.208 | INFO     | N/A | ⏳ 等待 Profile 更新任务...
2026-07-10 20:32:48.244 | INFO     | N/A | ⏳ 等待 Profile 更新任务...
2026-07-10 20:32:53.314 | INFO     | N/A | ⏳ 等待 Profile 更新任务...
2026-07-10 20:32:58.394 | INFO     | N/A | ⏳ 等待 Profile 更新任务...
2026-07-10 20:33:03.483 | INFO     | N/A | ⏳ 等待 Profile 更新任务...
2026-07-10 20:33:08.515 | INFO     | N/A | ⏳ 等待 Profile 更新任务...
2026-07-10 20:33:13.557 | INFO     | N/A | ⏳ 等待 Profile 更新任务...
2026-07-10 20:33:18.588 | INFO     | N/A | ⏳ 等待 Profile 更新任务...
2026-07-10 20:33:23.650 | INFO     | N/A | ⏳ 等待 Profile 更新任务...
2026-07-10 20:33:28.699 | INFO     | N/A | ⏳ 等待 Profile 更新任务...
2026-07-10 20:33:33.753 | INFO     | N/A | ⏳ 等待 Profile 更新任务...
2026-07-10 20:33:38.804 | INFO     | N/A | ⏳ 等待 Profile 更新任务...
2026-07-10 20:33:43.843 | INFO     | N/A | ⏳ 等待 Profile 更新任务...
2026-07-10 20:33:48.925 | INFO     | N/A | ⏳ 等待 Profile 更新任务...
2026-07-10 20:33:53.974 | INFO     | N/A | ⏳ 等待 Profile 更新任务...
2026-07-10 20:33:59.010 | INFO     | N/A | ⏳ 等待 Profile 更新任务...
2026-07-10 20:34:04.048 | INFO     | N/A | ⏳ 等待 Profile 更新任务...
2026-07-10 20:34:09.095 | INFO     | N/A | ⏳ 等待 Profile 更新任务...
2026-07-10 20:34:14.130 | INFO     | N/A | ⏳ 等待 Profile 更新任务...
2026-07-10 20:34:19.204 | INFO     | N/A | ⏳ 等待 Profile 更新任务...
2026-07-10 20:34:24.254 | INFO     | N/A | ⏳ 等待 Profile 更新任务...
2026-07-10 20:34:29.286 | INFO     | N/A | ⏳ 等待 Profile 更新任务...
2026-07-10 20:34:34.332 | INFO     | N/A | ⏳ 等待 Profile 更新任务...
2026-07-10 20:34:39.367 | INFO     | N/A | ⏳ 等待 Profile 更新任务...
2026-07-10 20:34:44.410 | INFO     | N/A | ⏳ 等待 Profile 更新任务...
2026-07-10 20:34:49.507 | INFO     | N/A | ⏳ 等待 Profile 更新任务...
2026-07-10 20:34:54.543 | INFO     | N/A | ⏳ 等待 Profile 更新任务...
2026-07-10 20:34:59.577 | INFO     | N/A | ⏳ 等待 Profile 更新任务...
2026-07-10 20:35:04.629 | INFO     | N/A | ⏳ 等待 Profile 更新任务...
2026-07-10 20:35:09.682 | INFO     | N/A | ⏳ 等待 Profile 更新任务...
2026-07-10 20:35:14.721 | INFO     | N/A | ⏳ 等待 Profile 更新任务...
2026-07-10 20:35:19.785 | INFO     | N/A | ⏳ 等待 Profile 更新任务...
2026-07-10 20:35:24.835 | INFO     | N/A | ⏳ 等待 Profile 更新任务...
2026-07-10 20:35:29.879 | INFO     | N/A | ⏳ 等待 Profile 更新任务...
2026-07-10 20:35:34.920 | INFO     | N/A | ⏳ 等待 Profile 更新任务...
2026-07-10 20:35:40.022 | INFO     | N/A | ⏳ 等待 Profile 更新任务...
2026-07-10 20:35:45.107 | INFO     | N/A | ⏳ 等待 Profile 更新任务...
2026-07-10 20:35:50.147 | INFO     | N/A | ⏳ 等待 Profile 更新任务...
2026-07-10 20:35:55.182 | INFO     | N/A | ⏳ 等待 Profile 更新任务...
2026-07-10 20:36:00.217 | INFO     | N/A | ⏳ 等待 Profile 更新任务...
2026-07-10 20:36:05.272 | INFO     | N/A | ⏳ 等待 Profile 更新任务...
2026-07-10 20:36:10.276 | INFO     | N/A | ⏳ 等待 Profile 更新任务...
2026-07-10 20:36:15.336 | INFO     | N/A | ⏳ 等待 Profile 更新任务...
2026-07-10 20:36:20.417 | INFO     | N/A | ⏳ 等待 Profile 更新任务...
2026-07-10 20:36:25.460 | INFO     | N/A | ⏳ 等待 Profile 更新任务...
2026-07-10 20:36:30.526 | INFO     | N/A | ⏳ 等待 Profile 更新任务...
2026-07-10 20:36:35.561 | INFO     | N/A | ⏳ 等待 Profile 更新任务...
2026-07-10 20:36:40.599 | INFO     | N/A | ⏳ 等待 Profile 更新任务...
2026-07-10 20:36:45.694 | INFO     | N/A | ⏳ 等待 Profile 更新任务...
2026-07-10 20:36:50.735 | INFO     | N/A | ⏳ 等待 Profile 更新任务...
2026-07-10 20:36:55.771 | INFO     | N/A | ⏳ 等待 Profile 更新任务...
2026-07-10 20:37:00.826 | INFO     | N/A | ⏳ 等待 Profile 更新任务...
2026-07-10 20:37:05.860 | INFO     | N/A | ⏳ 等待 Profile 更新任务...
2026-07-10 20:37:10.898 | INFO     | N/A | ⏳ 等待 Profile 更新任务...
2026-07-10 20:37:15.963 | INFO     | N/A | ⏳ 等待 Profile 更新任务...
2026-07-10 20:37:21.025 | INFO     | N/A | ⏳ 等待 Profile 更新任务...
2026-07-10 20:37:26.058 | INFO     | N/A | ⏳ 等待 Profile 更新任务...
2026-07-10 20:37:31.135 | INFO     | N/A | ⏳ 等待 Profile 更新任务...
2026-07-10 20:37:36.166 | INFO     | N/A | ⏳ 等待 Profile 更新任务...
2026-07-10 20:37:41.199 | INFO     | N/A | ⏳ 等待 Profile 更新任务...
2026-07-10 20:37:46.226 | INFO     | N/A | ⏳ 等待 Profile 更新任务...
2026-07-10 20:37:51.318 | INFO     | N/A | ⏳ 等待 Profile 更新任务...
2026-07-10 20:37:56.353 | INFO     | N/A | ⏳ 等待 Profile 更新任务...
2026-07-10 20:38:01.423 | INFO     | N/A | ⏳ 等待 Profile 更新任务...
2026-07-10 20:38:06.476 | INFO     | N/A | ⏳ 等待 Profile 更新任务...
2026-07-10 20:38:11.573 | INFO     | N/A | ⏳ 等待 Profile 更新任务...
2026-07-10 20:38:16.637 | INFO     | N/A | ⏳ 等待 Profile 更新任务...
2026-07-10 20:38:21.716 | INFO     | N/A | ⏳ 等待 Profile 更新任务...
2026-07-10 20:38:26.760 | INFO     | N/A | ⏳ 等待 Profile 更新任务...
2026-07-10 20:38:31.816 | INFO     | N/A | ⏳ 等待 Profile 更新任务...
2026-07-10 20:38:36.868 | INFO     | N/A | ⏳ 等待 Profile 更新任务...
2026-07-10 20:38:41.878 | INFO     | N/A | ⏳ 等待 Profile 更新任务...
2026-07-10 20:38:46.909 | INFO     | N/A | ⏳ 等待 Profile 更新任务...
2026-07-10 20:38:51.940 | INFO     | N/A | ⏳ 等待 Profile 更新任务...
2026-07-10 20:38:56.976 | INFO     | N/A | ⏳ 等待 Profile 更新任务...
2026-07-10 20:39:02.016 | INFO     | N/A | ⏳ 等待 Profile 更新任务...
2026-07-10 20:39:07.065 | INFO     | N/A | ⏳ 等待 Profile 更新任务...
2026-07-10 20:39:12.109 | INFO     | N/A | ⏳ 等待 Profile 更新任务...
2026-07-10 20:39:17.159 | INFO     | N/A | ⏳ 等待 Profile 更新任务...
2026-07-10 20:39:22.193 | INFO     | N/A | ⏳ 等待 Profile 更新任务...
2026-07-10 20:39:27.274 | INFO     | N/A | ⏳ 等待 Profile 更新任务...
2026-07-10 20:39:32.352 | INFO     | N/A | ⏳ 等待 Profile 更新任务...
2026-07-10 20:39:37.380 | INFO     | N/A | ⏳ 等待 Profile 更新任务...
2026-07-10 20:39:42.423 | INFO     | N/A | ⏳ 等待 Profile 更新任务...
2026-07-10 20:39:47.455 | INFO     | N/A | ⏳ 等待 Profile 更新任务...
2026-07-10 20:39:52.496 | INFO     | N/A | ⏳ 等待 Profile 更新任务...
2026-07-10 20:39:57.532 | INFO     | N/A | ⏳ 等待 Profile 更新任务...
2026-07-10 20:40:02.631 | INFO     | N/A | ⏳ 等待 Profile 更新任务...
2026-07-10 20:40:07.720 | INFO     | N/A | ⏳ 等待 Profile 更新任务...
2026-07-10 20:40:12.815 | INFO     | N/A | ⏳ 等待 Profile 更新任务...
2026-07-10 20:40:17.848 | INFO     | N/A | ⏳ 等待 Profile 更新任务...
2026-07-10 20:40:22.862 | INFO     | N/A | ⏳ 等待 Profile 更新任务...
2026-07-10 20:40:27.936 | INFO     | N/A | ⏳ 等待 Profile 更新任务...
2026-07-10 20:40:32.972 | INFO     | N/A | ⏳ 等待 Profile 更新任务...
2026-07-10 20:40:38.005 | INFO     | N/A | ⏳ 等待 Profile 更新任务...
2026-07-10 20:40:43.051 | INFO     | N/A | ⏳ 等待 Profile 更新任务...
2026-07-10 20:40:48.105 | INFO     | N/A | ⏳ 等待 Profile 更新任务...
2026-07-10 20:40:53.183 | INFO     | N/A | ⏳ 等待 Profile 更新任务...
2026-07-10 20:40:58.197 | INFO     | N/A | ⏳ 等待 Profile 更新任务...
2026-07-10 20:41:03.227 | INFO     | N/A | ⏳ 等待 Profile 更新任务...
2026-07-10 20:41:08.303 | INFO     | N/A | ⏳ 等待 Profile 更新任务...
2026-07-10 20:41:13.334 | INFO     | N/A | ⏳ 等待 Profile 更新任务...
2026-07-10 20:41:18.367 | INFO     | N/A | ⏳ 等待 Profile 更新任务...
2026-07-10 20:41:23.400 | INFO     | N/A | ⏳ 等待 Profile 更新任务...
2026-07-10 20:41:28.435 | INFO     | N/A | ⏳ 等待 Profile 更新任务...
2026-07-10 20:41:33.467 | INFO     | N/A | ⏳ 等待 Profile 更新任务...
2026-07-10 20:41:38.495 | INFO     | N/A | ⏳ 等待 Profile 更新任务...
2026-07-10 20:41:43.540 | INFO     | N/A | ⏳ 等待 Profile 更新任务...
2026-07-10 20:41:48.571 | INFO     | N/A | ⏳ 等待 Profile 更新任务...
2026-07-10 20:41:53.642 | INFO     | N/A | ⏳ 等待 Profile 更新任务...
2026-07-10 20:41:58.674 | INFO     | N/A | ⏳ 等待 Profile 更新任务...
2026-07-10 20:42:03.714 | INFO     | N/A | ⏳ 等待 Profile 更新任务...
2026-07-10 20:42:08.774 | INFO     | N/A | ⏳ 等待 Profile 更新任务...
2026-07-10 20:42:13.828 | INFO     | N/A | ⏳ 等待 Profile 更新任务...
2026-07-10 20:42:18.862 | INFO     | N/A | ⏳ 等待 Profile 更新任务...
2026-07-10 20:42:23.936 | INFO     | N/A | ⏳ 等待 Profile 更新任务...
2026-07-10 20:42:28.969 | INFO     | N/A | ⏳ 等待 Profile 更新任务...
2026-07-10 20:42:33.980 | INFO     | N/A | ⏳ 等待 Profile 更新任务...
2026-07-10 20:42:39.034 | INFO     | N/A | ⏳ 等待 Profile 更新任务...
2026-07-10 20:42:44.114 | INFO     | N/A | ⏳ 等待 Profile 更新任务...
2026-07-10 20:42:49.262 | INFO     | N/A | ⏳ 等待 Profile 更新任务...
2026-07-10 20:42:54.269 | INFO     | N/A | ⏳ 等待 Profile 更新任务...
2026-07-10 20:42:59.276 | INFO     | N/A | ⏳ 等待 Profile 更新任务...
2026-07-10 20:43:04.316 | INFO     | N/A | ⏳ 等待 Profile 更新任务...
2026-07-10 20:43:09.353 | INFO     | N/A | ⏳ 等待 Profile 更新任务...
2026-07-10 20:43:14.387 | INFO     | N/A | ⏳ 等待 Profile 更新任务...
2026-07-10 20:43:19.410 | INFO     | N/A | ⏳ 等待 Profile 更新任务...
2026-07-10 20:43:24.440 | INFO     | N/A | ⏳ 等待 Profile 更新任务...
2026-07-10 20:43:29.506 | INFO     | N/A | ⏳ 等待 Profile 更新任务...
2026-07-10 20:43:34.545 | INFO     | N/A | ⏳ 等待 Profile 更新任务...
2026-07-10 20:43:39.577 | INFO     | N/A | ⏳ 等待 Profile 更新任务...
2026-07-10 20:43:44.633 | INFO     | N/A | ⏳ 等待 Profile 更新任务...
2026-07-10 20:43:49.640 | INFO     | N/A | ⏳ 等待 Profile 更新任务...
2026-07-10 20:43:54.701 | INFO     | N/A | ⏳ 等待 Profile 更新任务...
2026-07-10 20:43:59.738 | INFO     | N/A | ⏳ 等待 Profile 更新任务...
2026-07-10 20:44:04.800 | INFO     | N/A | ⏳ 等待 Profile 更新任务...
2026-07-10 20:44:09.833 | INFO     | N/A | ⏳ 等待 Profile 更新任务...
2026-07-10 20:44:14.863 | INFO     | N/A | ⏳ 等待 Profile 更新任务...
2026-07-10 20:44:19.943 | INFO     | N/A | ⏳ 等待 Profile 更新任务...
2026-07-10 20:44:25.036 | INFO     | N/A | ⏳ 等待 Profile 更新任务...
2026-07-10 20:44:30.080 | INFO     | N/A | ⏳ 等待 Profile 更新任务...
2026-07-10 20:44:35.127 | INFO     | N/A | ⏳ 等待 Profile 更新任务...
2026-07-10 20:44:40.163 | INFO     | N/A | ⏳ 等待 Profile 更新任务...
2026-07-10 20:44:45.197 | INFO     | N/A | ⏳ 等待 Profile 更新任务...
2026-07-10 20:44:50.229 | INFO     | N/A | ⏳ 等待 Profile 更新任务...
2026-07-10 20:44:55.318 | INFO     | N/A | ⏳ 等待 Profile 更新任务...
2026-07-10 20:45:00.356 | INFO     | N/A | ⏳ 等待 Profile 更新任务...
2026-07-10 20:45:05.393 | INFO     | N/A | ⏳ 等待 Profile 更新任务...
2026-07-10 20:45:10.460 | INFO     | N/A | ⏳ 等待 Profile 更新任务...
2026-07-10 20:45:15.517 | INFO     | N/A | ⏳ 等待 Profile 更新任务...
2026-07-10 20:45:20.586 | INFO     | N/A | ⏳ 等待 Profile 更新任务...
2026-07-10 20:45:25.627 | INFO     | N/A | ⏳ 等待 Profile 更新任务...
2026-07-10 20:45:30.661 | INFO     | N/A | ⏳ 等待 Profile 更新任务...
2026-07-10 20:45:35.752 | INFO     | N/A | ⏳ 等待 Profile 更新任务...
2026-07-10 20:45:40.786 | INFO     | N/A | ⏳ 等待 Profile 更新任务...
2026-07-10 20:45:45.823 | INFO     | N/A | ⏳ 等待 Profile 更新任务...
2026-07-10 20:45:50.864 | INFO     | N/A | ⏳ 等待 Profile 更新任务...
2026-07-10 20:45:55.940 | INFO     | N/A | ⏳ 等待 Profile 更新任务...
2026-07-10 20:46:00.971 | INFO     | N/A | ⏳ 等待 Profile 更新任务...
2026-07-10 20:46:06.004 | INFO     | N/A | ⏳ 等待 Profile 更新任务...
2026-07-10 20:46:11.088 | INFO     | N/A | ⏳ 等待 Profile 更新任务...
2026-07-10 20:46:16.182 | INFO     | N/A | ⏳ 等待 Profile 更新任务...
2026-07-10 20:46:21.236 | INFO     | N/A | ⏳ 等待 Profile 更新任务...
2026-07-10 20:46:26.315 | INFO     | N/A | ⏳ 等待 Profile 更新任务...
2026-07-10 20:46:31.350 | INFO     | N/A | ⏳ 等待 Profile 更新任务...
2026-07-10 20:46:36.356 | INFO     | N/A | ⏳ 等待 Profile 更新任务...
2026-07-10 20:46:41.365 | INFO     | N/A | ⏳ 等待 Profile 更新任务...
2026-07-10 20:46:46.404 | INFO     | N/A | ⏳ 等待 Profile 更新任务...
2026-07-10 20:46:51.466 | INFO     | N/A | ⏳ 等待 Profile 更新任务...
2026-07-10 20:46:56.490 | INFO     | N/A | ⏳ 等待 Profile 更新任务...
2026-07-10 20:47:01.526 | INFO     | N/A | ⏳ 等待 Profile 更新任务...
2026-07-10 20:47:06.542 | INFO     | N/A | ⏳ 等待 Profile 更新任务...
2026-07-10 20:47:11.581 | INFO     | N/A | ⏳ 等待 Profile 更新任务...
2026-07-10 20:47:16.618 | INFO     | N/A | ⏳ 等待 Profile 更新任务...
2026-07-10 20:47:21.643 | INFO     | N/A | ⏳ 等待 Profile 更新任务...
2026-07-10 20:47:26.682 | INFO     | N/A | ⏳ 等待 Profile 更新任务...
2026-07-10 20:47:31.737 | INFO     | N/A | ⏳ 等待 Profile 更新任务...
2026-07-10 20:47:36.819 | INFO     | N/A | ⏳ 等待 Profile 更新任务...
2026-07-10 20:47:41.857 | INFO     | N/A | ⏳ 等待 Profile 更新任务...
2026-07-10 20:47:46.896 | INFO     | N/A | ⏳ 等待 Profile 更新任务...
2026-07-10 20:47:51.948 | INFO     | N/A | ⏳ 等待 Profile 更新任务...
2026-07-10 20:47:56.979 | INFO     | N/A | ⏳ 等待 Profile 更新任务...
2026-07-10 20:48:02.013 | INFO     | N/A | ⏳ 等待 Profile 更新任务...
2026-07-10 20:48:07.051 | INFO     | N/A | ⏳ 等待 Profile 更新任务...
2026-07-10 20:48:12.084 | INFO     | N/A | ⏳ 等待 Profile 更新任务...
2026-07-10 20:48:17.119 | INFO     | N/A | ⏳ 等待 Profile 更新任务...
2026-07-10 20:48:22.158 | INFO     | N/A | ⏳ 等待 Profile 更新任务...
2026-07-10 20:48:27.206 | INFO     | N/A | ⏳ 等待 Profile 更新任务...
2026-07-10 20:48:32.283 | INFO     | N/A | ⏳ 等待 Profile 更新任务...
2026-07-10 20:48:37.315 | INFO     | N/A | ⏳ 等待 Profile 更新任务...
2026-07-10 20:48:42.350 | INFO     | N/A | ⏳ 等待 Profile 更新任务...
2026-07-10 20:48:47.395 | INFO     | N/A | ⏳ 等待 Profile 更新任务...
2026-07-10 20:48:52.501 | INFO     | N/A | ⏳ 等待 Profile 更新任务...
2026-07-10 20:48:57.532 | INFO     | N/A | ⏳ 等待 Profile 更新任务...
2026-07-10 20:49:02.538 | INFO     | N/A | ⏳ 等待 Profile 更新任务...
2026-07-10 20:49:07.613 | INFO     | N/A | ⏳ 等待 Profile 更新任务...
2026-07-10 20:49:12.648 | INFO     | N/A | ⏳ 等待 Profile 更新任务...
2026-07-10 20:49:17.720 | INFO     | N/A | ⏳ 等待 Profile 更新任务...
2026-07-10 20:49:22.751 | INFO     | N/A | ⏳ 等待 Profile 更新任务...
2026-07-10 20:49:27.783 | INFO     | N/A | ⏳ 等待 Profile 更新任务...
2026-07-10 20:49:32.860 | INFO     | N/A | ⏳ 等待 Profile 更新任务...
2026-07-10 20:49:37.892 | INFO     | N/A | ⏳ 等待 Profile 更新任务...
2026-07-10 20:49:42.966 | INFO     | N/A | ⏳ 等待 Profile 更新任务...
2026-07-10 20:49:48.002 | INFO     | N/A | ⏳ 等待 Profile 更新任务...
2026-07-10 20:49:53.032 | INFO     | N/A | ⏳ 等待 Profile 更新任务...
2026-07-10 20:49:58.060 | INFO     | N/A | ⏳ 等待 Profile 更新任务...
2026-07-10 20:50:03.154 | INFO     | N/A | ⏳ 等待 Profile 更新任务...
2026-07-10 20:50:08.187 | INFO     | N/A | ⏳ 等待 Profile 更新任务...
2026-07-10 20:50:13.222 | INFO     | N/A | ⏳ 等待 Profile 更新任务...
2026-07-10 20:50:18.310 | INFO     | N/A | ⏳ 等待 Profile 更新任务...
2026-07-10 20:50:23.402 | INFO     | N/A | ⏳ 等待 Profile 更新任务...
2026-07-10 20:50:28.448 | INFO     | N/A | ⏳ 等待 Profile 更新任务...
2026-07-10 20:50:33.490 | INFO     | N/A | ⏳ 等待 Profile 更新任务...
2026-07-10 20:50:38.522 | INFO     | N/A | ⏳ 等待 Profile 更新任务...
2026-07-10 20:50:43.555 | INFO     | N/A | ⏳ 等待 Profile 更新任务...
2026-07-10 20:50:48.589 | INFO     | N/A | ⏳ 等待 Profile 更新任务...
2026-07-10 20:50:53.663 | INFO     | N/A | ⏳ 等待 Profile 更新任务...
2026-07-10 20:50:58.726 | INFO     | N/A | ⏳ 等待 Profile 更新任务...
2026-07-10 20:51:03.758 | INFO     | N/A | ⏳ 等待 Profile 更新任务...
2026-07-10 20:51:08.852 | INFO     | N/A | ⏳ 等待 Profile 更新任务...
2026-07-10 20:51:13.883 | INFO     | N/A | ⏳ 等待 Profile 更新任务...
2026-07-10 20:51:18.926 | INFO     | N/A | ⏳ 等待 Profile 更新任务...
2026-07-10 20:51:23.958 | INFO     | N/A | ⏳ 等待 Profile 更新任务...
2026-07-10 20:51:29.028 | INFO     | N/A | ⏳ 等待 Profile 更新任务...
2026-07-10 20:51:34.061 | INFO     | N/A | ⏳ 等待 Profile 更新任务...
2026-07-10 20:51:39.093 | INFO     | N/A | ⏳ 等待 Profile 更新任务...
2026-07-10 20:51:44.124 | INFO     | N/A | ⏳ 等待 Profile 更新任务...
2026-07-10 20:51:49.158 | INFO     | N/A | ⏳ 等待 Profile 更新任务...
2026-07-10 20:51:54.190 | INFO     | N/A | ⏳ 等待 Profile 更新任务...
2026-07-10 20:51:59.244 | INFO     | N/A | ⏳ 等待 Profile 更新任务...
2026-07-10 20:52:04.351 | INFO     | N/A | ⏳ 等待 Profile 更新任务...
2026-07-10 20:52:09.385 | INFO     | N/A | ⏳ 等待 Profile 更新任务...
2026-07-10 20:52:14.418 | INFO     | N/A | ⏳ 等待 Profile 更新任务...
2026-07-10 20:52:19.453 | INFO     | N/A | ⏳ 等待 Profile 更新任务...
2026-07-10 20:52:24.487 | INFO     | N/A | ⏳ 等待 Profile 更新任务...
2026-07-10 20:52:29.540 | INFO     | N/A | ⏳ 等待 Profile 更新任务...
2026-07-10 20:52:34.572 | INFO     | N/A | ⏳ 等待 Profile 更新任务...
2026-07-10 20:52:39.603 | INFO     | N/A | ⏳ 等待 Profile 更新任务...
2026-07-10 20:52:44.638 | INFO     | N/A | ⏳ 等待 Profile 更新任务...
2026-07-10 20:52:49.672 | INFO     | N/A | ⏳ 等待 Profile 更新任务...
2026-07-10 20:52:54.706 | INFO     | N/A | ⏳ 等待 Profile 更新任务...
2026-07-10 20:52:59.740 | INFO     | N/A | ⏳ 等待 Profile 更新任务...
2026-07-10 20:53:04.785 | INFO     | N/A | ⏳ 等待 Profile 更新任务...
2026-07-10 20:53:09.821 | INFO     | N/A | ⏳ 等待 Profile 更新任务...
2026-07-10 20:53:14.853 | INFO     | N/A | ⏳ 等待 Profile 更新任务...
2026-07-10 20:53:19.888 | INFO     | N/A | ⏳ 等待 Profile 更新任务...
2026-07-10 20:53:24.918 | INFO     | N/A | ⏳ 等待 Profile 更新任务...
2026-07-10 20:53:29.950 | INFO     | N/A | ⏳ 等待 Profile 更新任务...
2026-07-10 20:53:35.002 | INFO     | N/A | ⏳ 等待 Profile 更新任务...
2026-07-10 20:53:40.080 | INFO     | N/A | ⏳ 等待 Profile 更新任务...
2026-07-10 20:53:45.113 | INFO     | N/A | ⏳ 等待 Profile 更新任务...
2026-07-10 20:53:50.152 | INFO     | N/A | ⏳ 等待 Profile 更新任务...
2026-07-10 20:53:55.181 | INFO     | N/A | ⏳ 等待 Profile 更新任务...
2026-07-10 20:54:00.262 | INFO     | N/A | ⏳ 等待 Profile 更新任务...
2026-07-10 20:54:05.297 | INFO     | N/A | ⏳ 等待 Profile 更新任务...
2026-07-10 20:54:10.330 | INFO     | N/A | ⏳ 等待 Profile 更新任务...
2026-07-10 20:54:15.361 | INFO     | N/A | ⏳ 等待 Profile 更新任务...
2026-07-10 20:54:20.396 | INFO     | N/A | ⏳ 等待 Profile 更新任务...
2026-07-10 20:54:25.432 | INFO     | N/A | ⏳ 等待 Profile 更新任务...
2026-07-10 20:54:30.467 | INFO     | N/A | ⏳ 等待 Profile 更新任务...
2026-07-10 20:54:35.502 | INFO     | N/A | ⏳ 等待 Profile 更新任务...
2026-07-10 20:54:40.535 | INFO     | N/A | ⏳ 等待 Profile 更新任务...
2026-07-10 20:54:45.566 | INFO     | N/A | ⏳ 等待 Profile 更新任务...
2026-07-10 20:54:50.606 | INFO     | N/A | ⏳ 等待 Profile 更新任务...
2026-07-10 20:54:55.637 | INFO     | N/A | ⏳ 等待 Profile 更新任务...
2026-07-10 20:55:00.668 | INFO     | N/A | ⏳ 等待 Profile 更新任务...
2026-07-10 20:55:05.733 | INFO     | N/A | ⏳ 等待 Profile 更新任务...
2026-07-10 20:55:10.766 | INFO     | N/A | ⏳ 等待 Profile 更新任务...
2026-07-10 20:55:15.800 | INFO     | N/A | ⏳ 等待 Profile 更新任务...
2026-07-10 20:55:20.837 | INFO     | N/A | ⏳ 等待 Profile 更新任务...
2026-07-10 20:55:25.869 | INFO     | N/A | ⏳ 等待 Profile 更新任务...
2026-07-10 20:55:30.915 | INFO     | N/A | ⏳ 等待 Profile 更新任务...
2026-07-10 20:55:35.959 | INFO     | N/A | ⏳ 等待 Profile 更新任务...
2026-07-10 20:55:40.999 | INFO     | N/A | ⏳ 等待 Profile 更新任务...
2026-07-10 20:55:46.077 | INFO     | N/A | ⏳ 等待 Profile 更新任务...
2026-07-10 20:55:51.111 | INFO     | N/A | ⏳ 等待 Profile 更新任务...
2026-07-10 20:55:56.173 | INFO     | N/A | ⏳ 等待 Profile 更新任务...
2026-07-10 20:56:01.220 | INFO     | N/A | ⏳ 等待 Profile 更新任务...
2026-07-10 20:56:06.257 | INFO     | N/A | ⏳ 等待 Profile 更新任务...
2026-07-10 20:56:11.293 | INFO     | N/A | ⏳ 等待 Profile 更新任务...
2026-07-10 20:56:16.327 | INFO     | N/A | ⏳ 等待 Profile 更新任务...
2026-07-10 20:56:21.360 | INFO     | N/A | ⏳ 等待 Profile 更新任务...
2026-07-10 20:56:26.392 | INFO     | N/A | ⏳ 等待 Profile 更新任务...
2026-07-10 20:56:31.441 | INFO     | N/A | ⏳ 等待 Profile 更新任务...
2026-07-10 20:56:36.481 | INFO     | N/A | ⏳ 等待 Profile 更新任务...
2026-07-10 20:56:41.510 | INFO     | N/A | ⏳ 等待 Profile 更新任务...
2026-07-10 20:56:46.514 | INFO     | N/A | ⏳ 等待 Profile 更新任务...
2026-07-10 20:56:51.528 | INFO     | N/A | ⏳ 等待 Profile 更新任务...
2026-07-10 20:56:56.532 | INFO     | N/A | ⏳ 等待 Profile 更新任务...
2026-07-10 20:57:01.567 | INFO     | N/A | ⏳ 等待 Profile 更新任务...
2026-07-10 20:57:06.620 | INFO     | N/A | ⏳ 等待 Profile 更新任务...
2026-07-10 20:57:11.655 | INFO     | N/A | ⏳ 等待 Profile 更新任务...
2026-07-10 20:57:16.695 | INFO     | N/A | ⏳ 等待 Profile 更新任务...
2026-07-10 20:57:21.728 | INFO     | N/A | ⏳ 等待 Profile 更新任务...
2026-07-10 20:57:26.772 | INFO     | N/A | ⏳ 等待 Profile 更新任务...
2026-07-10 20:57:31.812 | INFO     | N/A | ⏳ 等待 Profile 更新任务...
2026-07-10 20:57:36.842 | INFO     | N/A | ⏳ 等待 Profile 更新任务...
2026-07-10 20:57:41.875 | INFO     | N/A | ⏳ 等待 Profile 更新任务...
2026-07-10 20:57:46.908 | INFO     | N/A | ⏳ 等待 Profile 更新任务...
2026-07-10 20:57:51.945 | INFO     | N/A | ⏳ 等待 Profile 更新任务...
2026-07-10 20:57:56.975 | INFO     | N/A | ⏳ 等待 Profile 更新任务...
2026-07-10 20:58:02.008 | INFO     | N/A | ⏳ 等待 Profile 更新任务...
2026-07-10 20:58:07.045 | INFO     | N/A | ⏳ 等待 Profile 更新任务...
2026-07-10 20:58:12.078 | INFO     | N/A | ⏳ 等待 Profile 更新任务...
2026-07-10 20:58:17.111 | INFO     | N/A | ⏳ 等待 Profile 更新任务...
2026-07-10 20:58:22.146 | INFO     | N/A | ⏳ 等待 Profile 更新任务...
2026-07-10 20:58:27.153 | INFO     | N/A | ⏳ 等待 Profile 更新任务...
2026-07-10 20:58:32.192 | INFO     | N/A | ⏳ 等待 Profile 更新任务...
2026-07-10 20:58:37.275 | INFO     | N/A | ⏳ 等待 Profile 更新任务...
2026-07-10 20:58:42.309 | INFO     | N/A | ⏳ 等待 Profile 更新任务...
2026-07-10 20:58:47.343 | INFO     | N/A | ⏳ 等待 Profile 更新任务...
2026-07-10 20:58:52.390 | INFO     | N/A | ⏳ 等待 Profile 更新任务...
2026-07-10 20:58:57.427 | INFO     | N/A | ⏳ 等待 Profile 更新任务...
2026-07-10 20:59:02.455 | INFO     | N/A | ⏳ 等待 Profile 更新任务...
2026-07-10 20:59:07.489 | INFO     | N/A | ⏳ 等待 Profile 更新任务...
2026-07-10 20:59:12.524 | INFO     | N/A | ⏳ 等待 Profile 更新任务...
2026-07-10 20:59:17.557 | INFO     | N/A | ⏳ 等待 Profile 更新任务...
2026-07-10 20:59:22.588 | INFO     | N/A | ⏳ 等待 Profile 更新任务...
2026-07-10 20:59:27.595 | INFO     | N/A | ⏳ 等待 Profile 更新任务...
2026-07-10 20:59:32.626 | INFO     | N/A | ⏳ 等待 Profile 更新任务...
2026-07-10 20:59:37.664 | INFO     | N/A | ⏳ 等待 Profile 更新任务...
2026-07-10 20:59:42.695 | INFO     | N/A | ⏳ 等待 Profile 更新任务...
2026-07-10 20:59:47.729 | INFO     | N/A | ⏳ 等待 Profile 更新任务...
2026-07-10 20:59:52.767 | INFO     | N/A | ⏳ 等待 Profile 更新任务...
2026-07-10 20:59:57.801 | INFO     | N/A | ⏳ 等待 Profile 更新任务...
2026-07-10 21:00:02.838 | INFO     | N/A | ⏳ 等待 Profile 更新任务...
2026-07-10 21:00:07.868 | INFO     | N/A | ⏳ 等待 Profile 更新任务...
2026-07-10 21:00:12.910 | INFO     | N/A | ⏳ 等待 Profile 更新任务...
2026-07-10 21:00:17.975 | INFO     | N/A | ⏳ 等待 Profile 更新任务...
2026-07-10 21:00:23.004 | INFO     | N/A | ⏳ 等待 Profile 更新任务...
2026-07-10 21:00:28.043 | INFO     | N/A | ⏳ 等待 Profile 更新任务...
2026-07-10 21:00:33.085 | INFO     | N/A | ⏳ 等待 Profile 更新任务...
2026-07-10 21:00:38.118 | INFO     | N/A | ⏳ 等待 Profile 更新任务...
2026-07-10 21:00:43.151 | INFO     | N/A | ⏳ 等待 Profile 更新任务...
2026-07-10 21:00:48.184 | INFO     | N/A | ⏳ 等待 Profile 更新任务...
2026-07-10 21:00:53.217 | INFO     | N/A | ⏳ 等待 Profile 更新任务...
2026-07-10 21:00:58.289 | INFO     | N/A | ⏳ 等待 Profile 更新任务...
2026-07-10 21:01:03.325 | INFO     | N/A | ⏳ 等待 Profile 更新任务...
2026-07-10 21:01:08.376 | INFO     | N/A | ⏳ 等待 Profile 更新任务...
2026-07-10 21:01:13.415 | INFO     | N/A | ⏳ 等待 Profile 更新任务...
2026-07-10 21:01:18.506 | INFO     | N/A | ⏳ 等待 Profile 更新任务...
2026-07-10 21:01:23.648 | INFO     | N/A | ⏳ 等待 Profile 更新任务...
2026-07-10 21:01:28.693 | INFO     | N/A | ⏳ 等待 Profile 更新任务...
2026-07-10 21:01:33.725 | INFO     | N/A | ⏳ 等待 Profile 更新任务...
2026-07-10 21:01:38.809 | INFO     | N/A | ⏳ 等待 Profile 更新任务...
2026-07-10 21:01:43.891 | INFO     | N/A | ⏳ 等待 Profile 更新任务...
2026-07-10 21:01:48.979 | INFO     | N/A | ⏳ 等待 Profile 更新任务...
2026-07-10 21:01:54.013 | INFO     | N/A | ⏳ 等待 Profile 更新任务...
2026-07-10 21:01:59.046 | INFO     | N/A | ⏳ 等待 Profile 更新任务...
2026-07-10 21:02:04.098 | INFO     | N/A | ⏳ 等待 Profile 更新任务...
2026-07-10 21:02:09.135 | INFO     | N/A | ⏳ 等待 Profile 更新任务...
2026-07-10 21:02:14.165 | INFO     | N/A | ⏳ 等待 Profile 更新任务...
2026-07-10 21:02:19.204 | INFO     | N/A | ⏳ 等待 Profile 更新任务...
2026-07-10 21:02:24.239 | INFO     | N/A | ⏳ 等待 Profile 更新任务...
2026-07-10 21:02:29.271 | INFO     | N/A | ⏳ 等待 Profile 更新任务...
2026-07-10 21:02:34.305 | INFO     | N/A | ⏳ 等待 Profile 更新任务...
2026-07-10 21:02:39.343 | INFO     | N/A | ⏳ 等待 Profile 更新任务...
2026-07-10 21:02:44.377 | INFO     | N/A | ⏳ 等待 Profile 更新任务...
2026-07-10 21:02:49.427 | INFO     | N/A | ⏳ 等待 Profile 更新任务...
2026-07-10 21:02:54.474 | INFO     | N/A | ⏳ 等待 Profile 更新任务...
2026-07-10 21:02:59.505 | INFO     | N/A | ⏳ 等待 Profile 更新任务...
2026-07-10 21:03:04.536 | INFO     | N/A | ⏳ 等待 Profile 更新任务...
2026-07-10 21:03:09.567 | INFO     | N/A | ⏳ 等待 Profile 更新任务...
2026-07-10 21:03:14.648 | INFO     | N/A | ⏳ 等待 Profile 更新任务...
2026-07-10 21:03:19.678 | INFO     | N/A | ⏳ 等待 Profile 更新任务...
2026-07-10 21:03:24.766 | INFO     | N/A | ⏳ 等待 Profile 更新任务...
2026-07-10 21:03:29.825 | INFO     | N/A | ⏳ 等待 Profile 更新任务...
2026-07-10 21:03:34.856 | INFO     | N/A | ⏳ 等待 Profile 更新任务...
2026-07-10 21:03:39.894 | INFO     | N/A | ⏳ 等待 Profile 更新任务...
2026-07-10 21:03:44.925 | INFO     | N/A | ⏳ 等待 Profile 更新任务...
2026-07-10 21:03:49.957 | INFO     | N/A | ⏳ 等待 Profile 更新任务...
2026-07-10 21:03:54.996 | INFO     | N/A | ⏳ 等待 Profile 更新任务...
2026-07-10 21:04:00.028 | INFO     | N/A | ⏳ 等待 Profile 更新任务...
2026-07-10 21:04:05.060 | INFO     | N/A | ⏳ 等待 Profile 更新任务...
2026-07-10 21:04:10.077 | INFO     | N/A | ⏳ 等待 Profile 更新任务...
2026-07-10 21:04:15.105 | INFO     | N/A | ⏳ 等待 Profile 更新任务...
2026-07-10 21:04:20.138 | INFO     | N/A | ⏳ 等待 Profile 更新任务...
2026-07-10 21:04:25.169 | INFO     | N/A | ⏳ 等待 Profile 更新任务...
2026-07-10 21:04:30.204 | INFO     | N/A | ⏳ 等待 Profile 更新任务...
2026-07-10 21:04:35.236 | INFO     | N/A | ⏳ 等待 Profile 更新任务...
2026-07-10 21:04:40.270 | INFO     | N/A | ⏳ 等待 Profile 更新任务...
2026-07-10 21:04:45.303 | INFO     | N/A | ⏳ 等待 Profile 更新任务...
2026-07-10 21:04:50.335 | INFO     | N/A | ⏳ 等待 Profile 更新任务...
2026-07-10 21:04:55.376 | INFO     | N/A | ⏳ 等待 Profile 更新任务...
2026-07-10 21:05:00.407 | INFO     | N/A | ⏳ 等待 Profile 更新任务...
2026-07-10 21:05:05.440 | INFO     | N/A | ⏳ 等待 Profile 更新任务...
2026-07-10 21:05:10.478 | INFO     | N/A | ⏳ 等待 Profile 更新任务...
2026-07-10 21:05:15.532 | INFO     | N/A | ⏳ 等待 Profile 更新任务...
2026-07-10 21:05:20.562 | INFO     | N/A | ⏳ 等待 Profile 更新任务...
2026-07-10 21:05:25.606 | INFO     | N/A | ⏳ 等待 Profile 更新任务...
2026-07-10 21:05:30.665 | INFO     | N/A | ⏳ 等待 Profile 更新任务...
2026-07-10 21:05:35.696 | INFO     | N/A | ⏳ 等待 Profile 更新任务...
2026-07-10 21:05:40.732 | INFO     | N/A | ⏳ 等待 Profile 更新任务...
2026-07-10 21:05:45.761 | INFO     | N/A | ⏳ 等待 Profile 更新任务...
2026-07-10 21:05:50.791 | INFO     | N/A | ⏳ 等待 Profile 更新任务...
2026-07-10 21:05:55.830 | INFO     | N/A | ⏳ 等待 Profile 更新任务...
2026-07-10 21:06:00.867 | INFO     | N/A | ⏳ 等待 Profile 更新任务...
2026-07-10 21:06:05.913 | INFO     | N/A | ⏳ 等待 Profile 更新任务...
2026-07-10 21:06:10.949 | INFO     | N/A | ⏳ 等待 Profile 更新任务...
2026-07-10 21:06:15.981 | INFO     | N/A | ⏳ 等待 Profile 更新任务...
2026-07-10 21:06:20.985 | INFO     | N/A | ⏳ 等待 Profile 更新任务...
2026-07-10 21:06:26.058 | INFO     | N/A | ⏳ 等待 Profile 更新任务...
2026-07-10 21:06:31.148 | INFO     | N/A | ⏳ 等待 Profile 更新任务...
2026-07-10 21:06:36.239 | INFO     | N/A | ⏳ 等待 Profile 更新任务...
2026-07-10 21:06:41.299 | INFO     | N/A | ⏳ 等待 Profile 更新任务...
2026-07-10 21:06:46.333 | INFO     | N/A | ⏳ 等待 Profile 更新任务...
2026-07-10 21:06:51.381 | INFO     | N/A | ⏳ 等待 Profile 更新任务...
2026-07-10 21:06:56.435 | INFO     | N/A | ⏳ 等待 Profile 更新任务...
2026-07-10 21:07:01.469 | INFO     | N/A | ⏳ 等待 Profile 更新任务...
2026-07-10 21:07:06.505 | INFO     | N/A | ⏳ 等待 Profile 更新任务...
2026-07-10 21:07:11.543 | INFO     | N/A | ⏳ 等待 Profile 更新任务...
2026-07-10 21:07:16.576 | INFO     | N/A | ⏳ 等待 Profile 更新任务...
2026-07-10 21:07:21.649 | INFO     | N/A | ⏳ 等待 Profile 更新任务...
2026-07-10 21:07:26.686 | INFO     | N/A | ⏳ 等待 Profile 更新任务...
2026-07-10 21:07:31.717 | INFO     | N/A | ⏳ 等待 Profile 更新任务...
2026-07-10 21:07:36.756 | INFO     | N/A | ⏳ 等待 Profile 更新任务...
2026-07-10 21:07:41.785 | INFO     | N/A | ⏳ 等待 Profile 更新任务...
2026-07-10 21:07:46.819 | INFO     | N/A | ⏳ 等待 Profile 更新任务...
2026-07-10 21:07:51.852 | INFO     | N/A | ⏳ 等待 Profile 更新任务...
2026-07-10 21:07:56.906 | INFO     | N/A | ⏳ 等待 Profile 更新任务...
2026-07-10 21:08:01.938 | INFO     | N/A | ⏳ 等待 Profile 更新任务...
2026-07-10 21:08:06.974 | INFO     | N/A | ⏳ 等待 Profile 更新任务...
2026-07-10 21:08:12.005 | INFO     | N/A | ⏳ 等待 Profile 更新任务...
2026-07-10 21:08:17.041 | INFO     | N/A | ⏳ 等待 Profile 更新任务...
2026-07-10 21:08:22.073 | INFO     | N/A | ⏳ 等待 Profile 更新任务...
2026-07-10 21:08:27.109 | INFO     | N/A | ⏳ 等待 Profile 更新任务...
2026-07-10 21:08:32.158 | INFO     | N/A | ⏳ 等待 Profile 更新任务...
2026-07-10 21:08:37.199 | INFO     | N/A | ⏳ 等待 Profile 更新任务...
2026-07-10 21:08:42.233 | INFO     | N/A | ⏳ 等待 Profile 更新任务...
2026-07-10 21:08:47.330 | INFO     | N/A | ⏳ 等待 Profile 更新任务...
2026-07-10 21:08:52.384 | INFO     | N/A | ⏳ 等待 Profile 更新任务...
2026-07-10 21:08:57.441 | INFO     | N/A | ⏳ 等待 Profile 更新任务...
2026-07-10 21:09:02.474 | INFO     | N/A | ⏳ 等待 Profile 更新任务...
2026-07-10 21:09:07.508 | INFO     | N/A | ⏳ 等待 Profile 更新任务...
2026-07-10 21:09:12.555 | INFO     | N/A | ⏳ 等待 Profile 更新任务...
2026-07-10 21:09:17.645 | INFO     | N/A | ⏳ 等待 Profile 更新任务...
2026-07-10 21:09:22.687 | INFO     | N/A | ⏳ 等待 Profile 更新任务...
2026-07-10 21:09:27.723 | INFO     | N/A | ⏳ 等待 Profile 更新任务...
2026-07-10 21:09:32.789 | INFO     | N/A | ⏳ 等待 Profile 更新任务...
2026-07-10 21:09:37.820 | INFO     | N/A | ⏳ 等待 Profile 更新任务...
2026-07-10 21:09:42.853 | INFO     | N/A | ⏳ 等待 Profile 更新任务...
2026-07-10 21:09:47.948 | INFO     | N/A | ⏳ 等待 Profile 更新任务...
2026-07-10 21:09:52.983 | INFO     | N/A | ⏳ 等待 Profile 更新任务...
2026-07-10 21:09:58.017 | INFO     | N/A | ⏳ 等待 Profile 更新任务...
2026-07-10 21:10:03.052 | INFO     | N/A | ⏳ 等待 Profile 更新任务...
2026-07-10 21:10:08.088 | INFO     | N/A | ⏳ 等待 Profile 更新任务...
2026-07-10 21:10:13.120 | INFO     | N/A | ⏳ 等待 Profile 更新任务...
2026-07-10 21:10:18.170 | INFO     | N/A | ⏳ 等待 Profile 更新任务...
2026-07-10 21:10:23.260 | INFO     | N/A | ⏳ 等待 Profile 更新任务...
2026-07-10 21:10:28.290 | INFO     | N/A | ⏳ 等待 Profile 更新任务...
2026-07-10 21:10:33.322 | INFO     | N/A | ⏳ 等待 Profile 更新任务...
2026-07-10 21:10:38.362 | INFO     | N/A | ⏳ 等待 Profile 更新任务...
2026-07-10 21:10:43.456 | INFO     | N/A | ⏳ 等待 Profile 更新任务...
2026-07-10 21:10:48.498 | INFO     | N/A | ⏳ 等待 Profile 更新任务...
2026-07-10 21:10:53.529 | INFO     | N/A | ⏳ 等待 Profile 更新任务...
2026-07-10 21:10:58.594 | INFO     | N/A | ⏳ 等待 Profile 更新任务...
2026-07-10 21:11:03.643 | INFO     | N/A | ⏳ 等待 Profile 更新任务...
2026-07-10 21:11:08.671 | INFO     | N/A | ⏳ 等待 Profile 更新任务...
2026-07-10 21:11:13.735 | INFO     | N/A | ⏳ 等待 Profile 更新任务...
2026-07-10 21:11:18.803 | INFO     | N/A | ⏳ 等待 Profile 更新任务...
2026-07-10 21:11:23.833 | INFO     | N/A | ⏳ 等待 Profile 更新任务...
2026-07-10 21:11:28.928 | INFO     | N/A | ⏳ 等待 Profile 更新任务...
2026-07-10 21:11:33.957 | INFO     | N/A | ⏳ 等待 Profile 更新任务...
2026-07-10 21:11:39.017 | INFO     | N/A | ⏳ 等待 Profile 更新任务...
2026-07-10 21:11:44.028 | INFO     | N/A | ⏳ 等待 Profile 更新任务...
2026-07-10 21:11:49.122 | INFO     | N/A | ⏳ 等待 Profile 更新任务...
2026-07-10 21:11:54.225 | INFO     | N/A | ⏳ 等待 Profile 更新任务...
2026-07-10 21:11:59.300 | INFO     | N/A | ⏳ 等待 Profile 更新任务...
2026-07-10 21:12:04.329 | INFO     | N/A | ⏳ 等待 Profile 更新任务...
2026-07-10 21:12:09.368 | INFO     | N/A | ⏳ 等待 Profile 更新任务...
2026-07-10 21:12:14.411 | INFO     | N/A | ⏳ 等待 Profile 更新任务...
2026-07-10 21:12:19.462 | INFO     | N/A | ⏳ 等待 Profile 更新任务...
2026-07-10 21:12:24.497 | INFO     | N/A | ⏳ 等待 Profile 更新任务...
2026-07-10 21:12:29.511 | INFO     | N/A | ⏳ 等待 Profile 更新任务...
2026-07-10 21:12:34.605 | INFO     | N/A | ⏳ 等待 Profile 更新任务...
2026-07-10 21:12:39.702 | INFO     | N/A | ⏳ 等待 Profile 更新任务...
2026-07-10 21:12:44.744 | INFO     | N/A | ⏳ 等待 Profile 更新任务...
2026-07-10 21:12:49.759 | INFO     | N/A | ⏳ 等待 Profile 更新任务...
2026-07-10 21:12:54.791 | INFO     | N/A | ⏳ 等待 Profile 更新任务...
2026-07-10 21:12:59.830 | INFO     | N/A | ⏳ 等待 Profile 更新任务...
2026-07-10 21:13:04.856 | INFO     | N/A | ⏳ 等待 Profile 更新任务...
2026-07-10 21:13:09.889 | INFO     | N/A | ⏳ 等待 Profile 更新任务...
2026-07-10 21:13:14.937 | INFO     | N/A | ⏳ 等待 Profile 更新任务...
2026-07-10 21:13:19.968 | INFO     | N/A | ⏳ 等待 Profile 更新任务...
2026-07-10 21:13:25.008 | INFO     | N/A | ⏳ 等待 Profile 更新任务...
2026-07-10 21:13:30.049 | INFO     | N/A | ⏳ 等待 Profile 更新任务...
2026-07-10 21:13:35.083 | INFO     | N/A | ⏳ 等待 Profile 更新任务...
2026-07-10 21:13:40.115 | INFO     | N/A | ⏳ 等待 Profile 更新任务...
2026-07-10 21:13:45.146 | INFO     | N/A | ⏳ 等待 Profile 更新任务...
2026-07-10 21:13:50.181 | INFO     | N/A | ⏳ 等待 Profile 更新任务...
2026-07-10 21:13:55.218 | INFO     | N/A | ⏳ 等待 Profile 更新任务...
2026-07-10 21:14:00.257 | INFO     | N/A | ⏳ 等待 Profile 更新任务...
2026-07-10 21:14:05.290 | INFO     | N/A | ⏳ 等待 Profile 更新任务...
2026-07-10 21:14:10.313 | INFO     | N/A | ⏳ 等待 Profile 更新任务...
2026-07-10 21:14:15.360 | INFO     | N/A | ⏳ 等待 Profile 更新任务...
2026-07-10 21:14:20.395 | INFO     | N/A | ⏳ 等待 Profile 更新任务...
2026-07-10 21:14:25.427 | INFO     | N/A | ⏳ 等待 Profile 更新任务...
2026-07-10 21:14:30.468 | INFO     | N/A | ⏳ 等待 Profile 更新任务...
2026-07-10 21:14:35.499 | INFO     | N/A | ⏳ 等待 Profile 更新任务...
2026-07-10 21:14:40.531 | INFO     | N/A | ⏳ 等待 Profile 更新任务...
2026-07-10 21:14:45.565 | INFO     | N/A | ⏳ 等待 Profile 更新任务...
2026-07-10 21:14:50.598 | INFO     | N/A | ⏳ 等待 Profile 更新任务...
2026-07-10 21:14:55.627 | INFO     | N/A | ⏳ 等待 Profile 更新任务...
2026-07-10 21:15:00.660 | INFO     | N/A | ⏳ 等待 Profile 更新任务...
2026-07-10 21:15:05.694 | INFO     | N/A | ⏳ 等待 Profile 更新任务...
2026-07-10 21:15:10.747 | INFO     | N/A | ⏳ 等待 Profile 更新任务...
2026-07-10 21:15:15.781 | INFO     | N/A | ⏳ 等待 Profile 更新任务...
2026-07-10 21:15:20.820 | INFO     | N/A | ⏳ 等待 Profile 更新任务...
2026-07-10 21:15:25.856 | INFO     | N/A | ⏳ 等待 Profile 更新任务...
2026-07-10 21:15:30.892 | INFO     | N/A | ⏳ 等待 Profile 更新任务...
2026-07-10 21:15:35.927 | INFO     | N/A | ⏳ 等待 Profile 更新任务...
2026-07-10 21:15:40.958 | INFO     | N/A | ⏳ 等待 Profile 更新任务...
2026-07-10 21:15:45.981 | INFO     | N/A | ⏳ 等待 Profile 更新任务...
2026-07-10 21:15:51.011 | INFO     | N/A | ⏳ 等待 Profile 更新任务...
2026-07-10 21:15:56.034 | INFO     | N/A | ⏳ 等待 Profile 更新任务...
2026-07-10 21:16:01.060 | INFO     | N/A | ⏳ 等待 Profile 更新任务...
2026-07-10 21:16:06.085 | INFO     | N/A | ⏳ 等待 Profile 更新任务...
2026-07-10 21:16:11.109 | INFO     | N/A | ⏳ 等待 Profile 更新任务...
2026-07-10 21:16:16.132 | INFO     | N/A | ⏳ 等待 Profile 更新任务...
2026-07-10 21:16:21.156 | INFO     | N/A | ⏳ 等待 Profile 更新任务...
2026-07-10 21:16:26.179 | INFO     | N/A | ⏳ 等待 Profile 更新任务...
2026-07-10 21:16:31.204 | INFO     | N/A | ⏳ 等待 Profile 更新任务...
2026-07-10 21:16:36.230 | INFO     | N/A | ⏳ 等待 Profile 更新任务...
2026-07-10 21:16:41.253 | INFO     | N/A | ⏳ 等待 Profile 更新任务...
2026-07-10 21:16:46.275 | INFO     | N/A | ⏳ 等待 Profile 更新任务...
2026-07-10 21:16:51.299 | INFO     | N/A | ⏳ 等待 Profile 更新任务...
2026-07-10 21:16:56.322 | INFO     | N/A | ⏳ 等待 Profile 更新任务...
2026-07-10 21:17:01.348 | INFO     | N/A | ⏳ 等待 Profile 更新任务...
2026-07-10 21:17:06.370 | INFO     | N/A | ⏳ 等待 Profile 更新任务...
2026-07-10 21:17:11.394 | INFO     | N/A | ⏳ 等待 Profile 更新任务...
2026-07-10 21:17:16.417 | INFO     | N/A | ⏳ 等待 Profile 更新任务...
2026-07-10 21:17:21.438 | INFO     | N/A | ⏳ 等待 Profile 更新任务...
2026-07-10 21:17:26.459 | INFO     | N/A | ⏳ 等待 Profile 更新任务...
2026-07-10 21:17:31.484 | INFO     | N/A | ⏳ 等待 Profile 更新任务...
2026-07-10 21:17:36.505 | INFO     | N/A | ⏳ 等待 Profile 更新任务...
2026-07-10 21:17:41.527 | INFO     | N/A | ⏳ 等待 Profile 更新任务...
2026-07-10 21:17:46.553 | INFO     | N/A | ⏳ 等待 Profile 更新任务...
2026-07-10 21:17:51.577 | INFO     | N/A | ⏳ 等待 Profile 更新任务...
2026-07-10 21:17:56.603 | INFO     | N/A | ⏳ 等待 Profile 更新任务...
2026-07-10 21:18:01.627 | INFO     | N/A | ⏳ 等待 Profile 更新任务...
2026-07-10 21:18:06.650 | INFO     | N/A | ⏳ 等待 Profile 更新任务...
2026-07-10 21:18:11.672 | INFO     | N/A | ⏳ 等待 Profile 更新任务...
2026-07-10 21:18:16.694 | INFO     | N/A | ⏳ 等待 Profile 更新任务...
2026-07-10 21:18:21.717 | INFO     | N/A | ⏳ 等待 Profile 更新任务...
2026-07-10 21:18:26.739 | INFO     | N/A | ⏳ 等待 Profile 更新任务...
2026-07-10 21:18:31.762 | INFO     | N/A | ⏳ 等待 Profile 更新任务...
2026-07-10 21:18:36.785 | INFO     | N/A | ⏳ 等待 Profile 更新任务...
2026-07-10 21:18:41.806 | INFO     | N/A | ⏳ 等待 Profile 更新任务...
2026-07-10 21:18:46.831 | INFO     | N/A | ⏳ 等待 Profile 更新任务...
2026-07-10 21:18:51.862 | INFO     | N/A | ⏳ 等待 Profile 更新任务...
2026-07-10 21:18:56.884 | INFO     | N/A | ⏳ 等待 Profile 更新任务...
2026-07-10 21:19:01.910 | INFO     | N/A | ⏳ 等待 Profile 更新任务...
2026-07-10 21:19:06.933 | INFO     | N/A | ⏳ 等待 Profile 更新任务...
2026-07-10 21:19:11.955 | INFO     | N/A | ⏳ 等待 Profile 更新任务...
2026-07-10 21:19:16.978 | INFO     | N/A | ⏳ 等待 Profile 更新任务...
2026-07-10 21:19:22.000 | INFO     | N/A | ⏳ 等待 Profile 更新任务...
2026-07-10 21:19:27.022 | INFO     | N/A | ⏳ 等待 Profile 更新任务...
2026-07-10 21:19:32.046 | INFO     | N/A | ⏳ 等待 Profile 更新任务...
2026-07-10 21:19:37.068 | INFO     | N/A | ⏳ 等待 Profile 更新任务...
2026-07-10 21:19:42.093 | INFO     | N/A | ⏳ 等待 Profile 更新任务...
2026-07-10 21:19:47.116 | INFO     | N/A | ⏳ 等待 Profile 更新任务...
2026-07-10 21:19:52.135 | INFO     | N/A | ⏳ 等待 Profile 更新任务...
2026-07-10 21:19:57.156 | INFO     | N/A | ⏳ 等待 Profile 更新任务...
2026-07-10 21:20:02.178 | INFO     | N/A | ⏳ 等待 Profile 更新任务...
2026-07-10 21:20:07.198 | INFO     | N/A | ⏳ 等待 Profile 更新任务...
2026-07-10 21:20:12.221 | INFO     | N/A | ⏳ 等待 Profile 更新任务...
2026-07-10 21:20:17.241 | INFO     | N/A | ⏳ 等待 Profile 更新任务...
2026-07-10 21:20:22.261 | INFO     | N/A | ⏳ 等待 Profile 更新任务...
2026-07-10 21:20:27.282 | INFO     | N/A | ⏳ 等待 Profile 更新任务...
2026-07-10 21:20:32.303 | INFO     | N/A | ⏳ 等待 Profile 更新任务...
2026-07-10 21:20:37.322 | INFO     | N/A | ⏳ 等待 Profile 更新任务...
2026-07-10 21:20:42.343 | INFO     | N/A | ⏳ 等待 Profile 更新任务...
2026-07-10 21:20:47.364 | INFO     | N/A | ⏳ 等待 Profile 更新任务...
2026-07-10 21:20:52.386 | INFO     | N/A | ⏳ 等待 Profile 更新任务...
2026-07-10 21:20:57.406 | INFO     | N/A | ⏳ 等待 Profile 更新任务...
2026-07-10 21:21:02.429 | INFO     | N/A | ⏳ 等待 Profile 更新任务...
2026-07-10 21:21:07.449 | INFO     | N/A | ⏳ 等待 Profile 更新任务...
2026-07-10 21:21:12.469 | INFO     | N/A | ⏳ 等待 Profile 更新任务...
2026-07-10 21:21:17.488 | INFO     | N/A | ⏳ 等待 Profile 更新任务...
2026-07-10 21:21:22.507 | INFO     | N/A | ⏳ 等待 Profile 更新任务...
2026-07-10 21:21:27.527 | INFO     | N/A | ⏳ 等待 Profile 更新任务...
2026-07-10 21:21:32.552 | INFO     | N/A | ⏳ 等待 Profile 更新任务...
2026-07-10 21:21:37.575 | INFO     | N/A | ⏳ 等待 Profile 更新任务...
2026-07-10 21:21:42.598 | INFO     | N/A | ⏳ 等待 Profile 更新任务...
2026-07-10 21:21:47.620 | INFO     | N/A | ⏳ 等待 Profile 更新任务...
2026-07-10 21:21:52.643 | INFO     | N/A | ⏳ 等待 Profile 更新任务...
2026-07-10 21:21:57.667 | INFO     | N/A | ⏳ 等待 Profile 更新任务...
2026-07-10 21:22:02.691 | INFO     | N/A | ⏳ 等待 Profile 更新任务...
2026-07-10 21:22:07.717 | INFO     | N/A | ⏳ 等待 Profile 更新任务...
2026-07-10 21:22:12.740 | INFO     | N/A | ⏳ 等待 Profile 更新任务...
2026-07-10 21:22:17.763 | INFO     | N/A | ⏳ 等待 Profile 更新任务...
2026-07-10 21:22:22.787 | INFO     | N/A | ⏳ 等待 Profile 更新任务...
2026-07-10 21:22:27.810 | INFO     | N/A | ⏳ 等待 Profile 更新任务...
2026-07-10 21:22:32.841 | INFO     | N/A | ⏳ 等待 Profile 更新任务...
2026-07-10 21:22:37.866 | INFO     | N/A | ⏳ 等待 Profile 更新任务...
2026-07-10 21:22:42.890 | INFO     | N/A | ⏳ 等待 Profile 更新任务...
2026-07-10 21:22:47.913 | INFO     | N/A | ⏳ 等待 Profile 更新任务...
2026-07-10 21:22:52.937 | INFO     | N/A | ⏳ 等待 Profile 更新任务...
2026-07-10 21:22:57.964 | INFO     | N/A | ⏳ 等待 Profile 更新任务...
2026-07-10 21:23:02.990 | INFO     | N/A | ⏳ 等待 Profile 更新任务...
2026-07-10 21:23:08.013 | INFO     | N/A | ⏳ 等待 Profile 更新任务...
2026-07-10 21:23:13.037 | INFO     | N/A | ⏳ 等待 Profile 更新任务...
2026-07-10 21:23:18.060 | INFO     | N/A | ⏳ 等待 Profile 更新任务...
2026-07-10 21:23:23.084 | INFO     | N/A | ⏳ 等待 Profile 更新任务...
2026-07-10 21:23:28.106 | INFO     | N/A | ⏳ 等待 Profile 更新任务...
2026-07-10 21:23:33.136 | INFO     | N/A | ⏳ 等待 Profile 更新任务...
2026-07-10 21:23:38.156 | INFO     | N/A | ⏳ 等待 Profile 更新任务...
2026-07-10 21:23:43.179 | INFO     | N/A | ⏳ 等待 Profile 更新任务...
2026-07-10 21:23:48.202 | INFO     | N/A | ⏳ 等待 Profile 更新任务...
2026-07-10 21:23:53.224 | INFO     | N/A | ⏳ 等待 Profile 更新任务...
2026-07-10 21:23:58.255 | INFO     | N/A | ⏳ 等待 Profile 更新任务...
2026-07-10 21:24:03.278 | INFO     | N/A | ⏳ 等待 Profile 更新任务...
2026-07-10 21:24:08.299 | INFO     | N/A | ⏳ 等待 Profile 更新任务...
2026-07-10 21:24:13.322 | INFO     | N/A | ⏳ 等待 Profile 更新任务...
2026-07-10 21:24:18.344 | INFO     | N/A | ⏳ 等待 Profile 更新任务...
2026-07-10 21:24:23.367 | INFO     | N/A | ⏳ 等待 Profile 更新任务...
2026-07-10 21:24:28.389 | INFO     | N/A | ⏳ 等待 Profile 更新任务...
2026-07-10 21:24:33.417 | INFO     | N/A | ⏳ 等待 Profile 更新任务...
2026-07-10 21:24:38.437 | INFO     | N/A | ⏳ 等待 Profile 更新任务...
2026-07-10 21:24:43.460 | INFO     | N/A | ⏳ 等待 Profile 更新任务...
2026-07-10 21:24:48.485 | INFO     | N/A | ⏳ 等待 Profile 更新任务...
2026-07-10 21:24:53.510 | INFO     | N/A | ⏳ 等待 Profile 更新任务...
2026-07-10 21:24:58.536 | INFO     | N/A | ⏳ 等待 Profile 更新任务...
2026-07-10 21:25:03.560 | INFO     | N/A | ⏳ 等待 Profile 更新任务...
2026-07-10 21:25:08.584 | INFO     | N/A | ⏳ 等待 Profile 更新任务...
2026-07-10 21:25:13.609 | INFO     | N/A | ⏳ 等待 Profile 更新任务...
2026-07-10 21:25:18.634 | INFO     | N/A | ⏳ 等待 Profile 更新任务...
2026-07-10 21:25:23.658 | INFO     | N/A | ⏳ 等待 Profile 更新任务...
2026-07-10 21:25:28.681 | INFO     | N/A | ⏳ 等待 Profile 更新任务...
2026-07-10 21:25:33.705 | INFO     | N/A | ⏳ 等待 Profile 更新任务...
2026-07-10 21:25:38.730 | INFO     | N/A | ⏳ 等待 Profile 更新任务...
2026-07-10 21:25:43.764 | INFO     | N/A | ⏳ 等待 Profile 更新任务...
2026-07-10 21:25:48.788 | INFO     | N/A | ⏳ 等待 Profile 更新任务...
2026-07-10 21:25:53.814 | INFO     | N/A | ⏳ 等待 Profile 更新任务...
2026-07-10 21:25:58.837 | INFO     | N/A | ⏳ 等待 Profile 更新任务...
2026-07-10 21:26:03.863 | INFO     | N/A | ⏳ 等待 Profile 更新任务...
2026-07-10 21:26:08.887 | INFO     | N/A | ⏳ 等待 Profile 更新任务...
2026-07-10 21:26:13.910 | INFO     | N/A | ⏳ 等待 Profile 更新任务...
2026-07-10 21:26:18.936 | INFO     | N/A | ⏳ 等待 Profile 更新任务...
2026-07-10 21:26:23.959 | INFO     | N/A | ⏳ 等待 Profile 更新任务...
2026-07-10 21:26:28.982 | INFO     | N/A | ⏳ 等待 Profile 更新任务...
2026-07-10 21:26:34.006 | INFO     | N/A | ⏳ 等待 Profile 更新任务...
2026-07-10 21:26:39.033 | INFO     | N/A | ⏳ 等待 Profile 更新任务...
2026-07-10 21:26:44.059 | INFO     | N/A | ⏳ 等待 Profile 更新任务...
2026-07-10 21:26:49.084 | INFO     | N/A | ⏳ 等待 Profile 更新任务...
2026-07-10 21:26:54.108 | INFO     | N/A | ⏳ 等待 Profile 更新任务...
2026-07-10 21:26:59.134 | INFO     | N/A | ⏳ 等待 Profile 更新任务...
2026-07-10 21:27:04.177 | INFO     | N/A | ⏳ 等待 Profile 更新任务...
2026-07-10 21:27:09.205 | INFO     | N/A | ⏳ 等待 Profile 更新任务...
2026-07-10 21:27:14.230 | INFO     | N/A | ⏳ 等待 Profile 更新任务...
2026-07-10 21:27:19.255 | INFO     | N/A | ⏳ 等待 Profile 更新任务...
2026-07-10 21:27:24.277 | INFO     | N/A | ⏳ 等待 Profile 更新任务...
2026-07-10 21:27:29.301 | INFO     | N/A | ⏳ 等待 Profile 更新任务...
2026-07-10 21:27:34.331 | INFO     | N/A | ⏳ 等待 Profile 更新任务...
2026-07-10 21:27:39.355 | INFO     | N/A | ⏳ 等待 Profile 更新任务...
2026-07-10 21:27:44.380 | INFO     | N/A | ⏳ 等待 Profile 更新任务...
2026-07-10 21:27:49.404 | INFO     | N/A | ⏳ 等待 Profile 更新任务...
2026-07-10 21:27:54.430 | INFO     | N/A | ⏳ 等待 Profile 更新任务...
2026-07-10 21:27:59.466 | INFO     | N/A | ⏳ 等待 Profile 更新任务...
2026-07-10 21:28:04.493 | INFO     | N/A | ⏳ 等待 Profile 更新任务...
2026-07-10 21:28:09.518 | INFO     | N/A | ⏳ 等待 Profile 更新任务...
2026-07-10 21:28:14.544 | INFO     | N/A | ⏳ 等待 Profile 更新任务...
2026-07-10 21:28:19.570 | INFO     | N/A | ⏳ 等待 Profile 更新任务...
2026-07-10 21:28:24.596 | INFO     | N/A | ⏳ 等待 Profile 更新任务...
2026-07-10 21:28:29.640 | INFO     | N/A | ⏳ 等待 Profile 更新任务...
2026-07-10 21:28:34.666 | INFO     | N/A | ⏳ 等待 Profile 更新任务...
2026-07-10 21:28:39.689 | INFO     | N/A | ⏳ 等待 Profile 更新任务...
2026-07-10 21:28:44.713 | INFO     | N/A | ⏳ 等待 Profile 更新任务...
2026-07-10 21:28:49.735 | INFO     | N/A | ⏳ 等待 Profile 更新任务...
2026-07-10 21:28:54.761 | INFO     | N/A | ⏳ 等待 Profile 更新任务...
2026-07-10 21:28:59.783 | INFO     | N/A | ⏳ 等待 Profile 更新任务...
2026-07-10 21:29:04.811 | INFO     | N/A | ⏳ 等待 Profile 更新任务...
2026-07-10 21:29:09.837 | INFO     | N/A | ⏳ 等待 Profile 更新任务...
2026-07-10 21:29:14.862 | INFO     | N/A | ⏳ 等待 Profile 更新任务...
2026-07-10 21:29:19.886 | INFO     | N/A | ⏳ 等待 Profile 更新任务...
2026-07-10 21:29:24.910 | INFO     | N/A | ⏳ 等待 Profile 更新任务...
2026-07-10 21:29:29.935 | INFO     | N/A | ⏳ 等待 Profile 更新任务...
2026-07-10 21:29:34.961 | INFO     | N/A | ⏳ 等待 Profile 更新任务...
2026-07-10 21:29:39.987 | INFO     | N/A | ⏳ 等待 Profile 更新任务...
2026-07-10 21:29:45.012 | INFO     | N/A | ⏳ 等待 Profile 更新任务...
2026-07-10 21:29:50.035 | INFO     | N/A | ⏳ 等待 Profile 更新任务...
2026-07-10 21:29:55.060 | INFO     | N/A | ⏳ 等待 Profile 更新任务...
2026-07-10 21:30:00.084 | INFO     | N/A | ⏳ 等待 Profile 更新任务...
2026-07-10 21:30:05.114 | INFO     | N/A | ⏳ 等待 Profile 更新任务...
2026-07-10 21:30:10.138 | INFO     | N/A | ⏳ 等待 Profile 更新任务...
2026-07-10 21:30:15.162 | INFO     | N/A | ⏳ 等待 Profile 更新任务...
2026-07-10 21:30:20.188 | INFO     | N/A | ⏳ 等待 Profile 更新任务...
2026-07-10 21:30:25.213 | INFO     | N/A | ⏳ 等待 Profile 更新任务...
2026-07-10 21:30:30.236 | INFO     | N/A | ⏳ 等待 Profile 更新任务...
2026-07-10 21:30:35.262 | INFO     | N/A | ⏳ 等待 Profile 更新任务...
2026-07-10 21:30:40.284 | INFO     | N/A | ⏳ 等待 Profile 更新任务...
2026-07-10 21:30:45.309 | INFO     | N/A | ⏳ 等待 Profile 更新任务...
2026-07-10 21:30:50.334 | INFO     | N/A | ⏳ 等待 Profile 更新任务...
2026-07-10 21:30:55.358 | INFO     | N/A | ⏳ 等待 Profile 更新任务...
2026-07-10 21:31:00.383 | INFO     | N/A | ⏳ 等待 Profile 更新任务...
2026-07-10 21:31:05.408 | INFO     | N/A | ⏳ 等待 Profile 更新任务...
2026-07-10 21:31:10.435 | INFO     | N/A | ⏳ 等待 Profile 更新任务...
2026-07-10 21:31:15.461 | INFO     | N/A | ⏳ 等待 Profile 更新任务...
2026-07-10 21:31:20.484 | INFO     | N/A | ⏳ 等待 Profile 更新任务...
2026-07-10 21:31:25.510 | INFO     | N/A | ⏳ 等待 Profile 更新任务...
2026-07-10 21:31:30.534 | INFO     | N/A | ⏳ 等待 Profile 更新任务...
2026-07-10 21:31:35.561 | INFO     | N/A | ⏳ 等待 Profile 更新任务...
2026-07-10 21:31:40.585 | INFO     | N/A | ⏳ 等待 Profile 更新任务...
2026-07-10 21:31:45.609 | INFO     | N/A | ⏳ 等待 Profile 更新任务...
2026-07-10 21:31:50.635 | INFO     | N/A | ⏳ 等待 Profile 更新任务...
2026-07-10 21:31:55.661 | INFO     | N/A | ⏳ 等待 Profile 更新任务...
2026-07-10 21:32:00.686 | INFO     | N/A | ⏳ 等待 Profile 更新任务...
2026-07-10 21:32:05.713 | INFO     | N/A | ⏳ 等待 Profile 更新任务...
2026-07-10 21:32:10.736 | INFO     | N/A | ⏳ 等待 Profile 更新任务...
2026-07-10 21:32:15.762 | INFO     | N/A | ⏳ 等待 Profile 更新任务...
2026-07-10 21:32:20.783 | INFO     | N/A | ⏳ 等待 Profile 更新任务...
2026-07-10 21:32:25.809 | INFO     | N/A | ⏳ 等待 Profile 更新任务...
2026-07-10 21:32:30.835 | INFO     | N/A | ⏳ 等待 Profile 更新任务...
2026-07-10 21:32:35.872 | INFO     | N/A | ⏳ 等待 Profile 更新任务...
2026-07-10 21:32:40.895 | INFO     | N/A | ⏳ 等待 Profile 更新任务...
2026-07-10 21:32:45.920 | INFO     | N/A | ⏳ 等待 Profile 更新任务...
2026-07-10 21:32:50.946 | INFO     | N/A | ⏳ 等待 Profile 更新任务...
2026-07-10 21:32:55.970 | INFO     | N/A | ⏳ 等待 Profile 更新任务...
2026-07-10 21:33:00.996 | INFO     | N/A | ⏳ 等待 Profile 更新任务...
2026-07-10 21:33:06.021 | INFO     | N/A | ⏳ 等待 Profile 更新任务...
2026-07-10 21:33:11.049 | INFO     | N/A | ⏳ 等待 Profile 更新任务...
2026-07-10 21:33:16.075 | INFO     | N/A | ⏳ 等待 Profile 更新任务...
2026-07-10 21:33:21.101 | INFO     | N/A | ⏳ 等待 Profile 更新任务...
2026-07-10 21:33:26.127 | INFO     | N/A | ⏳ 等待 Profile 更新任务...
2026-07-10 21:33:31.153 | INFO     | N/A | ⏳ 等待 Profile 更新任务...
2026-07-10 21:33:36.178 | INFO     | N/A | ⏳ 等待 Profile 更新任务...
2026-07-10 21:33:41.201 | INFO     | N/A | ⏳ 等待 Profile 更新任务...
2026-07-10 21:33:46.228 | INFO     | N/A | ⏳ 等待 Profile 更新任务...
2026-07-10 21:33:51.253 | INFO     | N/A | ⏳ 等待 Profile 更新任务...
2026-07-10 21:33:56.273 | INFO     | N/A | ⏳ 等待 Profile 更新任务...
2026-07-10 21:34:01.296 | INFO     | N/A | ⏳ 等待 Profile 更新任务...
2026-07-10 21:34:06.325 | INFO     | N/A | ⏳ 等待 Profile 更新任务...
2026-07-10 21:34:11.350 | INFO     | N/A | ⏳ 等待 Profile 更新任务...
2026-07-10 21:34:16.373 | INFO     | N/A | ⏳ 等待 Profile 更新任务...
2026-07-10 21:34:21.397 | INFO     | N/A | ⏳ 等待 Profile 更新任务...
2026-07-10 21:34:26.421 | INFO     | N/A | ⏳ 等待 Profile 更新任务...
2026-07-10 21:34:31.447 | INFO     | N/A | ⏳ 等待 Profile 更新任务...
2026-07-10 21:34:36.472 | INFO     | N/A | ⏳ 等待 Profile 更新任务...
2026-07-10 21:34:41.495 | INFO     | N/A | ⏳ 等待 Profile 更新任务...
2026-07-10 21:34:46.521 | INFO     | N/A | ⏳ 等待 Profile 更新任务...
2026-07-10 21:34:51.545 | INFO     | N/A | ⏳ 等待 Profile 更新任务...
2026-07-10 21:34:56.569 | INFO     | N/A | ⏳ 等待 Profile 更新任务...
2026-07-10 21:35:01.594 | INFO     | N/A | ⏳ 等待 Profile 更新任务...
2026-07-10 21:35:06.622 | INFO     | N/A | ⏳ 等待 Profile 更新任务...
2026-07-10 21:35:11.649 | INFO     | N/A | ⏳ 等待 Profile 更新任务...
2026-07-10 21:35:16.672 | INFO     | N/A | ⏳ 等待 Profile 更新任务...
2026-07-10 21:35:21.697 | INFO     | N/A | ⏳ 等待 Profile 更新任务...
2026-07-10 21:35:26.723 | INFO     | N/A | ⏳ 等待 Profile 更新任务...
2026-07-10 21:35:31.750 | INFO     | N/A | ⏳ 等待 Profile 更新任务...
2026-07-10 21:35:36.773 | INFO     | N/A | ⏳ 等待 Profile 更新任务...
2026-07-10 21:35:41.798 | INFO     | N/A | ⏳ 等待 Profile 更新任务...
2026-07-10 21:35:46.822 | INFO     | N/A | ⏳ 等待 Profile 更新任务...
2026-07-10 21:35:51.845 | INFO     | N/A | ⏳ 等待 Profile 更新任务...
2026-07-10 21:35:56.870 | INFO     | N/A | ⏳ 等待 Profile 更新任务...
2026-07-10 21:36:01.894 | INFO     | N/A | ⏳ 等待 Profile 更新任务...
2026-07-10 21:36:06.927 | INFO     | N/A | ⏳ 等待 Profile 更新任务...
2026-07-10 21:36:11.952 | INFO     | N/A | ⏳ 等待 Profile 更新任务...
2026-07-10 21:36:16.978 | INFO     | N/A | ⏳ 等待 Profile 更新任务...
2026-07-10 21:36:22.002 | INFO     | N/A | ⏳ 等待 Profile 更新任务...
2026-07-10 21:36:27.025 | INFO     | N/A | ⏳ 等待 Profile 更新任务...
2026-07-10 21:36:32.050 | INFO     | N/A | ⏳ 等待 Profile 更新任务...
2026-07-10 21:36:37.077 | INFO     | N/A | ⏳ 等待 Profile 更新任务...
2026-07-10 21:36:42.100 | INFO     | N/A | ⏳ 等待 Profile 更新任务...
2026-07-10 21:36:47.124 | INFO     | N/A | ⏳ 等待 Profile 更新任务...
2026-07-10 21:36:52.147 | INFO     | N/A | ⏳ 等待 Profile 更新任务...
2026-07-10 21:36:57.174 | INFO     | N/A | ⏳ 等待 Profile 更新任务...
2026-07-10 21:37:02.198 | INFO     | N/A | ⏳ 等待 Profile 更新任务...
2026-07-10 21:37:07.231 | INFO     | N/A | ⏳ 等待 Profile 更新任务...
2026-07-10 21:37:12.257 | INFO     | N/A | ⏳ 等待 Profile 更新任务...
2026-07-10 21:37:17.285 | INFO     | N/A | ⏳ 等待 Profile 更新任务...
2026-07-10 21:37:22.308 | INFO     | N/A | ⏳ 等待 Profile 更新任务...
2026-07-10 21:37:27.333 | INFO     | N/A | ⏳ 等待 Profile 更新任务...
2026-07-10 21:37:32.358 | INFO     | N/A | ⏳ 等待 Profile 更新任务...
2026-07-10 21:37:37.382 | INFO     | N/A | ⏳ 等待 Profile 更新任务...
2026-07-10 21:37:42.407 | INFO     | N/A | ⏳ 等待 Profile 更新任务...
2026-07-10 21:37:47.430 | INFO     | N/A | ⏳ 等待 Profile 更新任务...
2026-07-10 21:37:52.455 | INFO     | N/A | ⏳ 等待 Profile 更新任务...
2026-07-10 21:37:57.480 | INFO     | N/A | ⏳ 等待 Profile 更新任务...
2026-07-10 21:38:02.504 | INFO     | N/A | ⏳ 等待 Profile 更新任务...
2026-07-10 21:38:07.538 | INFO     | N/A | ⏳ 等待 Profile 更新任务...
2026-07-10 21:38:12.561 | INFO     | N/A | ⏳ 等待 Profile 更新任务...
2026-07-10 21:38:17.586 | INFO     | N/A | ⏳ 等待 Profile 更新任务...
2026-07-10 21:38:22.611 | INFO     | N/A | ⏳ 等待 Profile 更新任务...
2026-07-10 21:38:27.637 | INFO     | N/A | ⏳ 等待 Profile 更新任务...
2026-07-10 21:38:32.660 | INFO     | N/A | ⏳ 等待 Profile 更新任务...
2026-07-10 21:38:37.690 | INFO     | N/A | ⏳ 等待 Profile 更新任务...
2026-07-10 21:38:42.715 | INFO     | N/A | ⏳ 等待 Profile 更新任务...
2026-07-10 21:38:47.740 | INFO     | N/A | ⏳ 等待 Profile 更新任务...
2026-07-10 21:38:52.762 | INFO     | N/A | ⏳ 等待 Profile 更新任务...
2026-07-10 21:38:57.787 | INFO     | N/A | ⏳ 等待 Profile 更新任务...
2026-07-10 21:39:02.813 | INFO     | N/A | ⏳ 等待 Profile 更新任务...
2026-07-10 21:39:07.847 | INFO     | N/A | ⏳ 等待 Profile 更新任务...
2026-07-10 21:39:12.876 | INFO     | N/A | ⏳ 等待 Profile 更新任务...
2026-07-10 21:39:17.900 | INFO     | N/A | ⏳ 等待 Profile 更新任务...
2026-07-10 21:39:22.925 | INFO     | N/A | ⏳ 等待 Profile 更新任务...
2026-07-10 21:39:27.950 | INFO     | N/A | ⏳ 等待 Profile 更新任务...
2026-07-10 21:39:32.972 | INFO     | N/A | ⏳ 等待 Profile 更新任务...
2026-07-10 21:39:37.999 | INFO     | N/A | ⏳ 等待 Profile 更新任务...
2026-07-10 21:39:43.023 | INFO     | N/A | ⏳ 等待 Profile 更新任务...
2026-07-10 21:39:48.048 | INFO     | N/A | ⏳ 等待 Profile 更新任务...
2026-07-10 21:39:53.071 | INFO     | N/A | ⏳ 等待 Profile 更新任务...
2026-07-10 21:39:58.095 | INFO     | N/A | ⏳ 等待 Profile 更新任务...
2026-07-10 21:40:03.122 | INFO     | N/A | ⏳ 等待 Profile 更新任务...
2026-07-10 21:40:08.149 | INFO     | N/A | ⏳ 等待 Profile 更新任务...
2026-07-10 21:40:13.174 | INFO     | N/A | ⏳ 等待 Profile 更新任务...
2026-07-10 21:40:18.198 | INFO     | N/A | ⏳ 等待 Profile 更新任务...
2026-07-10 21:40:23.222 | INFO     | N/A | ⏳ 等待 Profile 更新任务...
2026-07-10 21:40:28.246 | INFO     | N/A | ⏳ 等待 Profile 更新任务...
2026-07-10 21:40:33.270 | INFO     | N/A | ⏳ 等待 Profile 更新任务...
2026-07-10 21:40:38.295 | INFO     | N/A | ⏳ 等待 Profile 更新任务...
2026-07-10 21:40:43.319 | INFO     | N/A | ⏳ 等待 Profile 更新任务...
2026-07-10 21:40:48.342 | INFO     | N/A | ⏳ 等待 Profile 更新任务...
2026-07-10 21:40:53.365 | INFO     | N/A | ⏳ 等待 Profile 更新任务...
2026-07-10 21:40:58.392 | INFO     | N/A | ⏳ 等待 Profile 更新任务...
2026-07-10 21:41:03.414 | INFO     | N/A | ⏳ 等待 Profile 更新任务...
2026-07-10 21:41:08.441 | INFO     | N/A | ⏳ 等待 Profile 更新任务...
2026-07-10 21:41:13.466 | INFO     | N/A | ⏳ 等待 Profile 更新任务...
2026-07-10 21:41:18.489 | INFO     | N/A | ⏳ 等待 Profile 更新任务...
2026-07-10 21:41:23.514 | INFO     | N/A | ⏳ 等待 Profile 更新任务...
2026-07-10 21:41:28.539 | INFO     | N/A | ⏳ 等待 Profile 更新任务...
2026-07-10 21:41:33.562 | INFO     | N/A | ⏳ 等待 Profile 更新任务...
2026-07-10 21:41:38.589 | INFO     | N/A | ⏳ 等待 Profile 更新任务...
2026-07-10 21:41:43.613 | INFO     | N/A | ⏳ 等待 Profile 更新任务...
2026-07-10 21:41:48.636 | INFO     | N/A | ⏳ 等待 Profile 更新任务...
2026-07-10 21:41:53.658 | INFO     | N/A | ⏳ 等待 Profile 更新任务...
2026-07-10 21:41:58.684 | INFO     | N/A | ⏳ 等待 Profile 更新任务...
2026-07-10 21:42:03.710 | INFO     | N/A | ⏳ 等待 Profile 更新任务...
2026-07-10 21:42:08.741 | INFO     | N/A | ⏳ 等待 Profile 更新任务...
2026-07-10 21:42:13.765 | INFO     | N/A | ⏳ 等待 Profile 更新任务...
2026-07-10 21:42:18.790 | INFO     | N/A | ⏳ 等待 Profile 更新任务...
2026-07-10 21:42:23.815 | INFO     | N/A | ⏳ 等待 Profile 更新任务...
2026-07-10 21:42:28.838 | INFO     | N/A | ⏳ 等待 Profile 更新任务...
2026-07-10 21:42:33.862 | INFO     | N/A | ⏳ 等待 Profile 更新任务...
2026-07-10 21:42:38.890 | INFO     | N/A | ⏳ 等待 Profile 更新任务...
2026-07-10 21:42:43.927 | INFO     | N/A | ⏳ 等待 Profile 更新任务...
2026-07-10 21:42:48.950 | INFO     | N/A | ⏳ 等待 Profile 更新任务...
2026-07-10 21:42:53.976 | INFO     | N/A | ⏳ 等待 Profile 更新任务...
2026-07-10 21:42:59.002 | INFO     | N/A | ⏳ 等待 Profile 更新任务...
2026-07-10 21:43:04.027 | INFO     | N/A | ⏳ 等待 Profile 更新任务...
2026-07-10 21:43:09.052 | INFO     | N/A | ⏳ 等待 Profile 更新任务...
2026-07-10 21:43:14.077 | INFO     | N/A | ⏳ 等待 Profile 更新任务...
2026-07-10 21:43:19.104 | INFO     | N/A | ⏳ 等待 Profile 更新任务...
2026-07-10 21:43:24.129 | INFO     | N/A | ⏳ 等待 Profile 更新任务...
2026-07-10 21:43:29.153 | INFO     | N/A | ⏳ 等待 Profile 更新任务...
2026-07-10 21:43:34.177 | INFO     | N/A | ⏳ 等待 Profile 更新任务...
2026-07-10 21:43:39.205 | INFO     | N/A | ⏳ 等待 Profile 更新任务...
2026-07-10 21:43:44.232 | INFO     | N/A | ⏳ 等待 Profile 更新任务...
2026-07-10 21:43:49.258 | INFO     | N/A | ⏳ 等待 Profile 更新任务...
2026-07-10 21:43:54.283 | INFO     | N/A | ⏳ 等待 Profile 更新任务...
2026-07-10 21:43:59.308 | INFO     | N/A | ⏳ 等待 Profile 更新任务...
2026-07-10 21:44:04.333 | INFO     | N/A | ⏳ 等待 Profile 更新任务...
2026-07-10 21:44:09.363 | INFO     | N/A | ⏳ 等待 Profile 更新任务...
2026-07-10 21:44:14.389 | INFO     | N/A | ⏳ 等待 Profile 更新任务...
2026-07-10 21:44:19.414 | INFO     | N/A | ⏳ 等待 Profile 更新任务...
2026-07-10 21:44:24.441 | INFO     | N/A | ⏳ 等待 Profile 更新任务...
2026-07-10 21:44:29.466 | INFO     | N/A | ⏳ 等待 Profile 更新任务...
2026-07-10 21:44:34.492 | INFO     | N/A | ⏳ 等待 Profile 更新任务...
2026-07-10 21:44:39.518 | INFO     | N/A | ⏳ 等待 Profile 更新任务...
2026-07-10 21:44:44.543 | INFO     | N/A | ⏳ 等待 Profile 更新任务...
2026-07-10 21:44:49.570 | INFO     | N/A | ⏳ 等待 Profile 更新任务...
2026-07-10 21:44:54.598 | INFO     | N/A | ⏳ 等待 Profile 更新任务...
2026-07-10 21:44:59.625 | INFO     | N/A | ⏳ 等待 Profile 更新任务...
2026-07-10 21:45:04.650 | INFO     | N/A | ⏳ 等待 Profile 更新任务...
2026-07-10 21:45:09.681 | INFO     | N/A | ⏳ 等待 Profile 更新任务...
2026-07-10 21:45:14.709 | INFO     | N/A | ⏳ 等待 Profile 更新任务...
2026-07-10 21:45:19.733 | INFO     | N/A | ⏳ 等待 Profile 更新任务...
2026-07-10 21:45:24.759 | INFO     | N/A | ⏳ 等待 Profile 更新任务...
2026-07-10 21:45:29.785 | INFO     | N/A | ⏳ 等待 Profile 更新任务...
2026-07-10 21:45:34.811 | INFO     | N/A | ⏳ 等待 Profile 更新任务...
2026-07-10 21:45:39.837 | INFO     | N/A | ⏳ 等待 Profile 更新任务...
2026-07-10 21:45:44.863 | INFO     | N/A | ⏳ 等待 Profile 更新任务...
2026-07-10 21:45:49.890 | INFO     | N/A | ⏳ 等待 Profile 更新任务...
2026-07-10 21:45:54.916 | INFO     | N/A | ⏳ 等待 Profile 更新任务...
2026-07-10 21:45:59.940 | INFO     | N/A | ⏳ 等待 Profile 更新任务...
2026-07-10 21:46:04.966 | INFO     | N/A | ⏳ 等待 Profile 更新任务...
2026-07-10 21:46:09.993 | INFO     | N/A | ⏳ 等待 Profile 更新任务...
2026-07-10 21:46:15.018 | INFO     | N/A | ⏳ 等待 Profile 更新任务...
2026-07-10 21:46:20.042 | INFO     | N/A | ⏳ 等待 Profile 更新任务...
2026-07-10 21:46:25.067 | INFO     | N/A | ⏳ 等待 Profile 更新任务...
2026-07-10 21:46:30.092 | INFO     | N/A | ⏳ 等待 Profile 更新任务...
2026-07-10 21:46:35.119 | INFO     | N/A | ⏳ 等待 Profile 更新任务...
2026-07-10 21:46:40.146 | INFO     | N/A | ⏳ 等待 Profile 更新任务...
2026-07-10 21:46:45.172 | INFO     | N/A | ⏳ 等待 Profile 更新任务...
2026-07-10 21:46:50.197 | INFO     | N/A | ⏳ 等待 Profile 更新任务...
2026-07-10 21:46:55.222 | INFO     | N/A | ⏳ 等待 Profile 更新任务...
2026-07-10 21:47:00.248 | INFO     | N/A | ⏳ 等待 Profile 更新任务...
2026-07-10 21:47:05.274 | INFO     | N/A | ⏳ 等待 Profile 更新任务...
2026-07-10 21:47:10.298 | INFO     | N/A | ⏳ 等待 Profile 更新任务...
2026-07-10 21:47:15.329 | INFO     | N/A | ⏳ 等待 Profile 更新任务...
2026-07-10 21:47:20.355 | INFO     | N/A | ⏳ 等待 Profile 更新任务...
2026-07-10 21:47:25.383 | INFO     | N/A | ⏳ 等待 Profile 更新任务...
2026-07-10 21:47:30.408 | INFO     | N/A | ⏳ 等待 Profile 更新任务...
2026-07-10 21:47:35.436 | INFO     | N/A | ⏳ 等待 Profile 更新任务...
2026-07-10 21:47:40.464 | INFO     | N/A | ⏳ 等待 Profile 更新任务...
2026-07-10 21:47:45.490 | INFO     | N/A | ⏳ 等待 Profile 更新任务...
2026-07-10 21:47:50.514 | INFO     | N/A | ⏳ 等待 Profile 更新任务...
2026-07-10 21:47:55.540 | INFO     | N/A | ⏳ 等待 Profile 更新任务...
2026-07-10 21:48:00.566 | INFO     | N/A | ⏳ 等待 Profile 更新任务...
2026-07-10 21:48:05.591 | INFO     | N/A | ⏳ 等待 Profile 更新任务...
2026-07-10 21:48:10.617 | INFO     | N/A | ⏳ 等待 Profile 更新任务...
2026-07-10 21:48:15.644 | INFO     | N/A | ⏳ 等待 Profile 更新任务...
2026-07-10 21:48:20.670 | INFO     | N/A | ⏳ 等待 Profile 更新任务...
2026-07-10 21:48:25.696 | INFO     | N/A | ⏳ 等待 Profile 更新任务...
2026-07-10 21:48:30.722 | INFO     | N/A | ⏳ 等待 Profile 更新任务...
2026-07-10 21:48:35.748 | INFO     | N/A | ⏳ 等待 Profile 更新任务...
2026-07-10 21:48:40.773 | INFO     | N/A | ⏳ 等待 Profile 更新任务...
2026-07-10 21:48:45.800 | INFO     | N/A | ⏳ 等待 Profile 更新任务...
2026-07-10 21:48:50.824 | INFO     | N/A | ⏳ 等待 Profile 更新任务...
2026-07-10 21:48:55.850 | INFO     | N/A | ⏳ 等待 Profile 更新任务...
2026-07-10 21:49:00.875 | INFO     | N/A | ⏳ 等待 Profile 更新任务...
2026-07-10 21:49:05.900 | INFO     | N/A | ⏳ 等待 Profile 更新任务...
2026-07-10 21:49:10.928 | INFO     | N/A | ⏳ 等待 Profile 更新任务...
2026-07-10 21:49:15.954 | INFO     | N/A | ⏳ 等待 Profile 更新任务...
2026-07-10 21:49:20.981 | INFO     | N/A | ⏳ 等待 Profile 更新任务...
2026-07-10 21:49:26.006 | INFO     | N/A | ⏳ 等待 Profile 更新任务...
2026-07-10 21:49:31.032 | INFO     | N/A | ⏳ 等待 Profile 更新任务...
2026-07-10 21:49:36.058 | INFO     | N/A | ⏳ 等待 Profile 更新任务...
2026-07-10 21:49:41.084 | INFO     | N/A | ⏳ 等待 Profile 更新任务...
2026-07-10 21:49:46.111 | INFO     | N/A | ⏳ 等待 Profile 更新任务...
2026-07-10 21:49:51.138 | INFO     | N/A | ⏳ 等待 Profile 更新任务...
2026-07-10 21:49:56.161 | INFO     | N/A | ⏳ 等待 Profile 更新任务...
2026-07-10 21:50:01.190 | INFO     | N/A | ⏳ 等待 Profile 更新任务...
2026-07-10 21:50:06.216 | INFO     | N/A | ⏳ 等待 Profile 更新任务...
2026-07-10 21:50:11.242 | INFO     | N/A | ⏳ 等待 Profile 更新任务...
2026-07-10 21:50:16.274 | INFO     | N/A | ⏳ 等待 Profile 更新任务...
2026-07-10 21:50:21.301 | INFO     | N/A | ⏳ 等待 Profile 更新任务...
2026-07-10 21:50:26.325 | INFO     | N/A | ⏳ 等待 Profile 更新任务...
2026-07-10 21:50:31.349 | INFO     | N/A | ⏳ 等待 Profile 更新任务...
2026-07-10 21:50:36.375 | INFO     | N/A | ⏳ 等待 Profile 更新任务...
2026-07-10 21:50:41.401 | INFO     | N/A | ⏳ 等待 Profile 更新任务...
2026-07-10 21:50:46.425 | INFO     | N/A | ⏳ 等待 Profile 更新任务...
2026-07-10 21:50:51.450 | INFO     | N/A | ⏳ 等待 Profile 更新任务...
2026-07-10 21:50:56.476 | INFO     | N/A | ⏳ 等待 Profile 更新任务...
2026-07-10 21:51:01.501 | INFO     | N/A | ⏳ 等待 Profile 更新任务...
2026-07-10 21:51:06.527 | INFO     | N/A | ⏳ 等待 Profile 更新任务...
2026-07-10 21:51:11.553 | INFO     | N/A | ⏳ 等待 Profile 更新任务...
2026-07-10 21:51:16.583 | INFO     | N/A | ⏳ 等待 Profile 更新任务...
2026-07-10 21:51:21.610 | INFO     | N/A | ⏳ 等待 Profile 更新任务...
2026-07-10 21:51:26.635 | INFO     | N/A | ⏳ 等待 Profile 更新任务...
2026-07-10 21:51:31.662 | INFO     | N/A | ⏳ 等待 Profile 更新任务...
2026-07-10 21:51:36.688 | INFO     | N/A | ⏳ 等待 Profile 更新任务...
2026-07-10 21:51:41.712 | INFO     | N/A | ⏳ 等待 Profile 更新任务...
2026-07-10 21:51:46.738 | INFO     | N/A | ⏳ 等待 Profile 更新任务...
2026-07-10 21:51:51.765 | INFO     | N/A | ⏳ 等待 Profile 更新任务...
2026-07-10 21:51:56.793 | INFO     | N/A | ⏳ 等待 Profile 更新任务...
2026-07-10 21:52:01.818 | INFO     | N/A | ⏳ 等待 Profile 更新任务...
2026-07-10 21:52:06.845 | INFO     | N/A | ⏳ 等待 Profile 更新任务...
2026-07-10 21:52:11.871 | INFO     | N/A | ⏳ 等待 Profile 更新任务...
2026-07-10 21:52:16.899 | INFO     | N/A | ⏳ 等待 Profile 更新任务...
2026-07-10 21:52:21.924 | INFO     | N/A | ⏳ 等待 Profile 更新任务...
2026-07-10 21:52:26.950 | INFO     | N/A | ⏳ 等待 Profile 更新任务...
2026-07-10 21:52:31.978 | INFO     | N/A | ⏳ 等待 Profile 更新任务...
2026-07-10 21:52:37.003 | INFO     | N/A | ⏳ 等待 Profile 更新任务...
2026-07-10 21:52:42.028 | INFO     | N/A | ⏳ 等待 Profile 更新任务...
2026-07-10 21:52:47.054 | INFO     | N/A | ⏳ 等待 Profile 更新任务...
2026-07-10 21:52:52.079 | INFO     | N/A | ⏳ 等待 Profile 更新任务...
2026-07-10 21:52:57.103 | INFO     | N/A | ⏳ 等待 Profile 更新任务...
2026-07-10 21:53:02.128 | INFO     | N/A | ⏳ 等待 Profile 更新任务...
2026-07-10 21:53:07.153 | INFO     | N/A | ⏳ 等待 Profile 更新任务...
2026-07-10 21:53:12.178 | INFO     | N/A | ⏳ 等待 Profile 更新任务...
2026-07-10 21:53:17.205 | INFO     | N/A | ⏳ 等待 Profile 更新任务...
2026-07-10 21:53:22.232 | INFO     | N/A | ⏳ 等待 Profile 更新任务...
2026-07-10 21:53:27.258 | INFO     | N/A | ⏳ 等待 Profile 更新任务...
2026-07-10 21:53:32.284 | INFO     | N/A | ⏳ 等待 Profile 更新任务...
2026-07-10 21:53:37.308 | INFO     | N/A | ⏳ 等待 Profile 更新任务...
2026-07-10 21:53:42.342 | INFO     | N/A | ⏳ 等待 Profile 更新任务...
2026-07-10 21:53:47.368 | INFO     | N/A | ⏳ 等待 Profile 更新任务...
2026-07-10 21:53:52.391 | INFO     | N/A | ⏳ 等待 Profile 更新任务...
2026-07-10 21:53:57.418 | INFO     | N/A | ⏳ 等待 Profile 更新任务...
2026-07-10 21:54:02.442 | INFO     | N/A | ⏳ 等待 Profile 更新任务...
2026-07-10 21:54:07.465 | INFO     | N/A | ⏳ 等待 Profile 更新任务...
2026-07-10 21:54:12.492 | INFO     | N/A | ⏳ 等待 Profile 更新任务...
2026-07-10 21:54:17.519 | INFO     | N/A | ⏳ 等待 Profile 更新任务...
2026-07-10 21:54:22.544 | INFO     | N/A | ⏳ 等待 Profile 更新任务...
2026-07-10 21:54:27.572 | INFO     | N/A | ⏳ 等待 Profile 更新任务...
2026-07-10 21:54:32.597 | INFO     | N/A | ⏳ 等待 Profile 更新任务...
2026-07-10 21:54:37.623 | INFO     | N/A | ⏳ 等待 Profile 更新任务...
2026-07-10 21:54:42.652 | INFO     | N/A | ⏳ 等待 Profile 更新任务...
2026-07-10 21:54:47.678 | INFO     | N/A | ⏳ 等待 Profile 更新任务...
2026-07-10 21:54:52.703 | INFO     | N/A | ⏳ 等待 Profile 更新任务...
2026-07-10 21:54:57.730 | INFO     | N/A | ⏳ 等待 Profile 更新任务...
2026-07-10 21:55:02.756 | INFO     | N/A | ⏳ 等待 Profile 更新任务...
2026-07-10 21:55:07.783 | INFO     | N/A | ⏳ 等待 Profile 更新任务...
2026-07-10 21:55:12.809 | INFO     | N/A | ⏳ 等待 Profile 更新任务...
2026-07-10 21:55:17.838 | INFO     | N/A | ⏳ 等待 Profile 更新任务...
2026-07-10 21:55:22.862 | INFO     | N/A | ⏳ 等待 Profile 更新任务...
2026-07-10 21:55:27.888 | INFO     | N/A | ⏳ 等待 Profile 更新任务...
2026-07-10 21:55:32.914 | INFO     | N/A | ⏳ 等待 Profile 更新任务...
2026-07-10 21:55:37.941 | INFO     | N/A | ⏳ 等待 Profile 更新任务...
2026-07-10 21:55:42.968 | INFO     | N/A | ⏳ 等待 Profile 更新任务...
2026-07-10 21:55:47.992 | INFO     | N/A | ⏳ 等待 Profile 更新任务...
2026-07-10 21:55:53.019 | INFO     | N/A | ⏳ 等待 Profile 更新任务...
2026-07-10 21:55:58.045 | INFO     | N/A | ⏳ 等待 Profile 更新任务...
2026-07-10 21:56:03.069 | INFO     | N/A | ⏳ 等待 Profile 更新任务...
2026-07-10 21:56:08.095 | INFO     | N/A | ⏳ 等待 Profile 更新任务...
2026-07-10 21:56:13.123 | INFO     | N/A | ⏳ 等待 Profile 更新任务...
2026-07-10 21:56:18.148 | INFO     | N/A | ⏳ 等待 Profile 更新任务...
2026-07-10 21:56:23.172 | INFO     | N/A | ⏳ 等待 Profile 更新任务...
2026-07-10 21:56:28.199 | INFO     | N/A | ⏳ 等待 Profile 更新任务...
2026-07-10 21:56:33.224 | INFO     | N/A | ⏳ 等待 Profile 更新任务...
2026-07-10 21:56:38.247 | INFO     | N/A | ⏳ 等待 Profile 更新任务...
2026-07-10 21:56:43.272 | INFO     | N/A | ⏳ 等待 Profile 更新任务...
2026-07-10 21:56:48.298 | INFO     | N/A | ⏳ 等待 Profile 更新任务...
2026-07-10 21:56:53.323 | INFO     | N/A | ⏳ 等待 Profile 更新任务...
2026-07-10 21:56:58.347 | INFO     | N/A | ⏳ 等待 Profile 更新任务...
2026-07-10 21:57:03.374 | INFO     | N/A | ⏳ 等待 Profile 更新任务...
2026-07-10 21:57:08.400 | INFO     | N/A | ⏳ 等待 Profile 更新任务...
2026-07-10 21:57:13.427 | INFO     | N/A | ⏳ 等待 Profile 更新任务...
2026-07-10 21:57:18.454 | INFO     | N/A | ⏳ 等待 Profile 更新任务...
2026-07-10 21:57:23.483 | INFO     | N/A | ⏳ 等待 Profile 更新任务...
2026-07-10 21:57:28.508 | INFO     | N/A | ⏳ 等待 Profile 更新任务...
2026-07-10 21:57:33.534 | INFO     | N/A | ⏳ 等待 Profile 更新任务...
2026-07-10 21:57:38.558 | INFO     | N/A | ⏳ 等待 Profile 更新任务...
2026-07-10 21:57:43.584 | INFO     | N/A | ⏳ 等待 Profile 更新任务...
2026-07-10 21:57:48.609 | INFO     | N/A | ⏳ 等待 Profile 更新任务...
2026-07-10 21:57:53.633 | INFO     | N/A | ⏳ 等待 Profile 更新任务...
2026-07-10 21:57:58.660 | INFO     | N/A | ⏳ 等待 Profile 更新任务...
2026-07-10 21:58:03.685 | INFO     | N/A | ⏳ 等待 Profile 更新任务...
2026-07-10 21:58:08.711 | INFO     | N/A | ⏳ 等待 Profile 更新任务...
2026-07-10 21:58:13.739 | INFO     | N/A | ⏳ 等待 Profile 更新任务...
2026-07-10 21:58:18.765 | INFO     | N/A | ⏳ 等待 Profile 更新任务...
2026-07-10 21:58:23.789 | INFO     | N/A | ⏳ 等待 Profile 更新任务...
2026-07-10 21:58:28.815 | INFO     | N/A | ⏳ 等待 Profile 更新任务...
2026-07-10 21:58:33.841 | INFO     | N/A | ⏳ 等待 Profile 更新任务...
2026-07-10 21:58:38.866 | INFO     | N/A | ⏳ 等待 Profile 更新任务...
2026-07-10 21:58:43.892 | INFO     | N/A | ⏳ 等待 Profile 更新任务...
2026-07-10 21:58:48.928 | INFO     | N/A | ⏳ 等待 Profile 更新任务...
2026-07-10 21:58:53.970 | INFO     | N/A | ⏳ 等待 Profile 更新任务...
2026-07-10 21:58:59.002 | INFO     | N/A | ⏳ 等待 Profile 更新任务...
2026-07-10 21:59:04.029 | INFO     | N/A | ⏳ 等待 Profile 更新任务...
2026-07-10 21:59:09.054 | INFO     | N/A | ⏳ 等待 Profile 更新任务...
2026-07-10 21:59:14.083 | INFO     | N/A | ⏳ 等待 Profile 更新任务...
2026-07-10 21:59:19.109 | INFO     | N/A | ⏳ 等待 Profile 更新任务...
2026-07-10 21:59:24.137 | INFO     | N/A | ⏳ 等待 Profile 更新任务...
2026-07-10 21:59:29.163 | INFO     | N/A | ⏳ 等待 Profile 更新任务...
2026-07-10 21:59:34.189 | INFO     | N/A | ⏳ 等待 Profile 更新任务...
2026-07-10 21:59:39.217 | INFO     | N/A | ⏳ 等待 Profile 更新任务...
2026-07-10 21:59:44.242 | INFO     | N/A | ⏳ 等待 Profile 更新任务...
2026-07-10 21:59:49.268 | INFO     | N/A | ⏳ 等待 Profile 更新任务...
2026-07-10 21:59:54.295 | INFO     | N/A | ⏳ 等待 Profile 更新任务...
2026-07-10 21:59:59.321 | INFO     | N/A | ⏳ 等待 Profile 更新任务...
2026-07-10 22:00:04.378 | INFO     | N/A | ⏳ 等待 Profile 更新任务...
2026-07-10 22:00:09.406 | INFO     | N/A | ⏳ 等待 Profile 更新任务...
2026-07-10 22:00:14.431 | INFO     | N/A | ⏳ 等待 Profile 更新任务...
2026-07-10 22:00:19.459 | INFO     | N/A | ⏳ 等待 Profile 更新任务...
2026-07-10 22:00:24.490 | INFO     | N/A | ⏳ 等待 Profile 更新任务...
2026-07-10 22:00:29.514 | INFO     | N/A | ⏳ 等待 Profile 更新任务...
2026-07-10 22:00:34.538 | INFO     | N/A | ⏳ 等待 Profile 更新任务...
2026-07-10 22:00:39.570 | INFO     | N/A | ⏳ 等待 Profile 更新任务...
2026-07-10 22:00:44.595 | INFO     | N/A | ⏳ 等待 Profile 更新任务...
2026-07-10 22:00:49.620 | INFO     | N/A | ⏳ 等待 Profile 更新任务...
2026-07-10 22:00:54.645 | INFO     | N/A | ⏳ 等待 Profile 更新任务...
2026-07-10 22:00:59.673 | INFO     | N/A | ⏳ 等待 Profile 更新任务...
2026-07-10 22:01:04.696 | INFO     | N/A | ⏳ 等待 Profile 更新任务...
2026-07-10 22:01:09.720 | INFO     | N/A | ⏳ 等待 Profile 更新任务...
2026-07-10 22:01:14.746 | INFO     | N/A | ⏳ 等待 Profile 更新任务...
2026-07-10 22:01:19.772 | INFO     | N/A | ⏳ 等待 Profile 更新任务...
2026-07-10 22:01:24.800 | INFO     | N/A | ⏳ 等待 Profile 更新任务...
2026-07-10 22:01:29.825 | INFO     | N/A | ⏳ 等待 Profile 更新任务...
2026-07-10 22:01:34.851 | INFO     | N/A | ⏳ 等待 Profile 更新任务...
2026-07-10 22:01:39.877 | INFO     | N/A | ⏳ 等待 Profile 更新任务...
2026-07-10 22:01:44.902 | INFO     | N/A | ⏳ 等待 Profile 更新任务...
2026-07-10 22:01:49.927 | INFO     | N/A | ⏳ 等待 Profile 更新任务...
2026-07-10 22:01:54.952 | INFO     | N/A | ⏳ 等待 Profile 更新任务...
2026-07-10 22:01:59.978 | INFO     | N/A | ⏳ 等待 Profile 更新任务...
2026-07-10 22:02:05.003 | INFO     | N/A | ⏳ 等待 Profile 更新任务...
2026-07-10 22:02:10.029 | INFO     | N/A | ⏳ 等待 Profile 更新任务...
2026-07-10 22:02:15.061 | INFO     | N/A | ⏳ 等待 Profile 更新任务...
2026-07-10 22:02:20.087 | INFO     | N/A | ⏳ 等待 Profile 更新任务...
2026-07-10 22:02:25.113 | INFO     | N/A | ⏳ 等待 Profile 更新任务...
2026-07-10 22:02:30.139 | INFO     | N/A | ⏳ 等待 Profile 更新任务...
2026-07-10 22:02:35.164 | INFO     | N/A | ⏳ 等待 Profile 更新任务...
2026-07-10 22:02:40.190 | INFO     | N/A | ⏳ 等待 Profile 更新任务...
2026-07-10 22:02:45.217 | INFO     | N/A | ⏳ 等待 Profile 更新任务...
2026-07-10 22:02:50.242 | INFO     | N/A | ⏳ 等待 Profile 更新任务...
2026-07-10 22:02:55.267 | INFO     | N/A | ⏳ 等待 Profile 更新任务...
2026-07-10 22:03:00.291 | INFO     | N/A | ⏳ 等待 Profile 更新任务...
2026-07-10 22:03:05.318 | INFO     | N/A | ⏳ 等待 Profile 更新任务...
2026-07-10 22:03:10.343 | INFO     | N/A | ⏳ 等待 Profile 更新任务...
2026-07-10 22:03:15.368 | INFO     | N/A | ⏳ 等待 Profile 更新任务...
2026-07-10 22:03:20.394 | INFO     | N/A | ⏳ 等待 Profile 更新任务...
2026-07-10 22:03:25.420 | INFO     | N/A | ⏳ 等待 Profile 更新任务...
2026-07-10 22:03:30.443 | INFO     | N/A | ⏳ 等待 Profile 更新任务...
2026-07-10 22:03:35.469 | INFO     | N/A | ⏳ 等待 Profile 更新任务...
2026-07-10 22:03:40.494 | INFO     | N/A | ⏳ 等待 Profile 更新任务...
2026-07-10 22:03:45.521 | INFO     | N/A | ⏳ 等待 Profile 更新任务...
2026-07-10 22:03:50.547 | INFO     | N/A | ⏳ 等待 Profile 更新任务...
2026-07-10 22:03:55.571 | INFO     | N/A | ⏳ 等待 Profile 更新任务...
2026-07-10 22:04:00.594 | INFO     | N/A | ⏳ 等待 Profile 更新任务...
2026-07-10 22:04:05.619 | INFO     | N/A | ⏳ 等待 Profile 更新任务...
2026-07-10 22:04:10.645 | INFO     | N/A | ⏳ 等待 Profile 更新任务...
2026-07-10 22:04:15.673 | INFO     | N/A | ⏳ 等待 Profile 更新任务...
2026-07-10 22:04:20.696 | INFO     | N/A | ⏳ 等待 Profile 更新任务...
2026-07-10 22:04:25.722 | INFO     | N/A | ⏳ 等待 Profile 更新任务...
2026-07-10 22:04:30.748 | INFO     | N/A | ⏳ 等待 Profile 更新任务...
2026-07-10 22:04:35.773 | INFO     | N/A | ⏳ 等待 Profile 更新任务...
2026-07-10 22:04:40.799 | INFO     | N/A | ⏳ 等待 Profile 更新任务...
2026-07-10 22:04:45.824 | INFO     | N/A | ⏳ 等待 Profile 更新任务...
2026-07-10 22:04:50.850 | INFO     | N/A | ⏳ 等待 Profile 更新任务...
2026-07-10 22:04:55.876 | INFO     | N/A | ⏳ 等待 Profile 更新任务...
2026-07-10 22:05:00.900 | INFO     | N/A | ⏳ 等待 Profile 更新任务...
2026-07-10 22:05:05.925 | INFO     | N/A | ⏳ 等待 Profile 更新任务...
2026-07-10 22:05:10.951 | INFO     | N/A | ⏳ 等待 Profile 更新任务...
2026-07-10 22:05:15.978 | INFO     | N/A | ⏳ 等待 Profile 更新任务...
2026-07-10 22:05:21.004 | INFO     | N/A | ⏳ 等待 Profile 更新任务...
2026-07-10 22:05:26.034 | INFO     | N/A | ⏳ 等待 Profile 更新任务...
2026-07-10 22:05:31.057 | INFO     | N/A | ⏳ 等待 Profile 更新任务...
2026-07-10 22:05:36.084 | INFO     | N/A | ⏳ 等待 Profile 更新任务...
2026-07-10 22:05:41.109 | INFO     | N/A | ⏳ 等待 Profile 更新任务...
2026-07-10 22:05:46.136 | INFO     | N/A | ⏳ 等待 Profile 更新任务...
2026-07-10 22:05:51.161 | INFO     | N/A | ⏳ 等待 Profile 更新任务...
2026-07-10 22:05:56.187 | INFO     | N/A | ⏳ 等待 Profile 更新任务...
2026-07-10 22:06:01.211 | INFO     | N/A | ⏳ 等待 Profile 更新任务...
2026-07-10 22:06:06.236 | INFO     | N/A | ⏳ 等待 Profile 更新任务...
2026-07-10 22:06:11.261 | INFO     | N/A | ⏳ 等待 Profile 更新任务...
2026-07-10 22:06:16.288 | INFO     | N/A | ⏳ 等待 Profile 更新任务...
2026-07-10 22:06:21.311 | INFO     | N/A | ⏳ 等待 Profile 更新任务...
2026-07-10 22:06:26.338 | INFO     | N/A | ⏳ 等待 Profile 更新任务...
2026-07-10 22:06:31.362 | INFO     | N/A | ⏳ 等待 Profile 更新任务...
2026-07-10 22:06:36.387 | INFO     | N/A | ⏳ 等待 Profile 更新任务...
2026-07-10 22:06:41.412 | INFO     | N/A | ⏳ 等待 Profile 更新任务...
2026-07-10 22:06:46.437 | INFO     | N/A | ⏳ 等待 Profile 更新任务...
2026-07-10 22:06:51.462 | INFO     | N/A | ⏳ 等待 Profile 更新任务...
2026-07-10 22:06:56.485 | INFO     | N/A | ⏳ 等待 Profile 更新任务...
2026-07-10 22:07:01.510 | INFO     | N/A | ⏳ 等待 Profile 更新任务...
2026-07-10 22:07:06.536 | INFO     | N/A | ⏳ 等待 Profile 更新任务...
2026-07-10 22:07:11.564 | INFO     | N/A | ⏳ 等待 Profile 更新任务...
2026-07-10 22:07:16.593 | INFO     | N/A | ⏳ 等待 Profile 更新任务...
2026-07-10 22:07:21.618 | INFO     | N/A | ⏳ 等待 Profile 更新任务...
2026-07-10 22:07:26.644 | INFO     | N/A | ⏳ 等待 Profile 更新任务...
2026-07-10 22:07:31.669 | INFO     | N/A | ⏳ 等待 Profile 更新任务...
2026-07-10 22:07:36.695 | INFO     | N/A | ⏳ 等待 Profile 更新任务...
2026-07-10 22:07:41.721 | INFO     | N/A | ⏳ 等待 Profile 更新任务...
2026-07-10 22:07:46.745 | INFO     | N/A | ⏳ 等待 Profile 更新任务...
2026-07-10 22:07:51.771 | INFO     | N/A | ⏳ 等待 Profile 更新任务...
2026-07-10 22:07:56.795 | INFO     | N/A | ⏳ 等待 Profile 更新任务...
2026-07-10 22:08:01.821 | INFO     | N/A | ⏳ 等待 Profile 更新任务...
2026-07-10 22:08:06.847 | INFO     | N/A | ⏳ 等待 Profile 更新任务...
2026-07-10 22:08:11.873 | INFO     | N/A | ⏳ 等待 Profile 更新任务...
2026-07-10 22:08:16.899 | INFO     | N/A | ⏳ 等待 Profile 更新任务...
2026-07-10 22:08:21.921 | INFO     | N/A | ⏳ 等待 Profile 更新任务...
2026-07-10 22:08:26.951 | INFO     | N/A | ⏳ 等待 Profile 更新任务...
2026-07-10 22:08:31.975 | INFO     | N/A | ⏳ 等待 Profile 更新任务...
2026-07-10 22:08:36.999 | INFO     | N/A | ⏳ 等待 Profile 更新任务...
2026-07-10 22:08:42.025 | INFO     | N/A | ⏳ 等待 Profile 更新任务...
2026-07-10 22:08:47.052 | INFO     | N/A | ⏳ 等待 Profile 更新任务...
2026-07-10 22:08:52.076 | INFO     | N/A | ⏳ 等待 Profile 更新任务...
2026-07-10 22:08:57.100 | INFO     | N/A | ⏳ 等待 Profile 更新任务...
2026-07-10 22:09:02.126 | INFO     | N/A | ⏳ 等待 Profile 更新任务...
2026-07-10 22:09:07.153 | INFO     | N/A | ⏳ 等待 Profile 更新任务...
2026-07-10 22:09:12.179 | INFO     | N/A | ⏳ 等待 Profile 更新任务...
2026-07-10 22:09:17.205 | INFO     | N/A | ⏳ 等待 Profile 更新任务...
2026-07-10 22:09:22.231 | INFO     | N/A | ⏳ 等待 Profile 更新任务...
2026-07-10 22:09:27.257 | INFO     | N/A | ⏳ 等待 Profile 更新任务...
2026-07-10 22:09:32.282 | INFO     | N/A | ⏳ 等待 Profile 更新任务...
2026-07-10 22:09:37.308 | INFO     | N/A | ⏳ 等待 Profile 更新任务...
2026-07-10 22:09:42.335 | INFO     | N/A | ⏳ 等待 Profile 更新任务...
2026-07-10 22:09:47.366 | INFO     | N/A | ⏳ 等待 Profile 更新任务...
2026-07-10 22:09:52.392 | INFO     | N/A | ⏳ 等待 Profile 更新任务...
2026-07-10 22:09:57.418 | INFO     | N/A | ⏳ 等待 Profile 更新任务...
2026-07-10 22:10:02.445 | INFO     | N/A | ⏳ 等待 Profile 更新任务...
2026-07-10 22:10:07.471 | INFO     | N/A | ⏳ 等待 Profile 更新任务...
2026-07-10 22:10:12.496 | INFO     | N/A | ⏳ 等待 Profile 更新任务...
2026-07-10 22:10:17.524 | INFO     | N/A | ⏳ 等待 Profile 更新任务...
2026-07-10 22:10:22.550 | INFO     | N/A | ⏳ 等待 Profile 更新任务...
2026-07-10 22:10:27.576 | INFO     | N/A | ⏳ 等待 Profile 更新任务...
2026-07-10 22:10:32.601 | INFO     | N/A | ⏳ 等待 Profile 更新任务...
2026-07-10 22:10:37.626 | INFO     | N/A | ⏳ 等待 Profile 更新任务...
2026-07-10 22:10:42.652 | INFO     | N/A | ⏳ 等待 Profile 更新任务...
2026-07-10 22:10:47.678 | INFO     | N/A | ⏳ 等待 Profile 更新任务...
2026-07-10 22:10:52.706 | INFO     | N/A | ⏳ 等待 Profile 更新任务...
2026-07-10 22:10:57.730 | INFO     | N/A | ⏳ 等待 Profile 更新任务...
2026-07-10 22:11:02.754 | INFO     | N/A | ⏳ 等待 Profile 更新任务...
2026-07-10 22:11:07.779 | INFO     | N/A | ⏳ 等待 Profile 更新任务...
2026-07-10 22:11:12.805 | INFO     | N/A | ⏳ 等待 Profile 更新任务...
2026-07-10 22:11:17.832 | INFO     | N/A | ⏳ 等待 Profile 更新任务...
2026-07-10 22:11:22.858 | INFO     | N/A | ⏳ 等待 Profile 更新任务...
2026-07-10 22:11:27.883 | INFO     | N/A | ⏳ 等待 Profile 更新任务...
2026-07-10 22:11:32.911 | INFO     | N/A | ⏳ 等待 Profile 更新任务...
2026-07-10 22:11:37.935 | INFO     | N/A | ⏳ 等待 Profile 更新任务...
2026-07-10 22:11:42.961 | INFO     | N/A | ⏳ 等待 Profile 更新任务...
2026-07-10 22:11:47.986 | INFO     | N/A | ⏳ 等待 Profile 更新任务...
2026-07-10 22:11:53.010 | INFO     | N/A | ⏳ 等待 Profile 更新任务...
2026-07-10 22:11:58.035 | INFO     | N/A | ⏳ 等待 Profile 更新任务...
2026-07-10 22:12:03.059 | INFO     | N/A | ⏳ 等待 Profile 更新任务...
2026-07-10 22:12:08.085 | INFO     | N/A | ⏳ 等待 Profile 更新任务...
2026-07-10 22:12:13.111 | INFO     | N/A | ⏳ 等待 Profile 更新任务...
2026-07-10 22:12:18.135 | INFO     | N/A | ⏳ 等待 Profile 更新任务...
2026-07-10 22:12:23.160 | INFO     | N/A | ⏳ 等待 Profile 更新任务...
2026-07-10 22:12:28.185 | INFO     | N/A | ⏳ 等待 Profile 更新任务...
2026-07-10 22:12:33.213 | INFO     | N/A | ⏳ 等待 Profile 更新任务...
2026-07-10 22:12:38.238 | INFO     | N/A | ⏳ 等待 Profile 更新任务...
2026-07-10 22:12:43.263 | INFO     | N/A | ⏳ 等待 Profile 更新任务...
2026-07-10 22:12:48.289 | INFO     | N/A | ⏳ 等待 Profile 更新任务...
2026-07-10 22:12:53.314 | INFO     | N/A | ⏳ 等待 Profile 更新任务...
2026-07-10 22:12:58.338 | INFO     | N/A | ⏳ 等待 Profile 更新任务...
2026-07-10 22:13:03.362 | INFO     | N/A | ⏳ 等待 Profile 更新任务...
2026-07-10 22:13:08.388 | INFO     | N/A | ⏳ 等待 Profile 更新任务...
2026-07-10 22:13:13.413 | INFO     | N/A | ⏳ 等待 Profile 更新任务...
2026-07-10 22:13:18.438 | INFO     | N/A | ⏳ 等待 Profile 更新任务...
2026-07-10 22:13:23.462 | INFO     | N/A | ⏳ 等待 Profile 更新任务...
2026-07-10 22:13:28.488 | INFO     | N/A | ⏳ 等待 Profile 更新任务...
2026-07-10 22:13:33.513 | INFO     | N/A | ⏳ 等待 Profile 更新任务...
2026-07-10 22:13:38.540 | INFO     | N/A | ⏳ 等待 Profile 更新任务...
2026-07-10 22:13:43.566 | INFO     | N/A | ⏳ 等待 Profile 更新任务...
2026-07-10 22:13:48.590 | INFO     | N/A | ⏳ 等待 Profile 更新任务...
2026-07-10 22:13:53.616 | INFO     | N/A | ⏳ 等待 Profile 更新任务...
2026-07-10 22:13:58.643 | INFO     | N/A | ⏳ 等待 Profile 更新任务...
2026-07-10 22:14:03.671 | INFO     | N/A | ⏳ 等待 Profile 更新任务...
2026-07-10 22:14:08.693 | INFO     | N/A | ⏳ 等待 Profile 更新任务...
2026-07-10 22:14:13.719 | INFO     | N/A | ⏳ 等待 Profile 更新任务...
2026-07-10 22:14:18.745 | INFO     | N/A | ⏳ 等待 Profile 更新任务...
2026-07-10 22:14:23.771 | INFO     | N/A | ⏳ 等待 Profile 更新任务...
2026-07-10 22:14:28.797 | INFO     | N/A | ⏳ 等待 Profile 更新任务...
2026-07-10 22:14:33.825 | INFO     | N/A | ⏳ 等待 Profile 更新任务...
2026-07-10 22:14:38.850 | INFO     | N/A | ⏳ 等待 Profile 更新任务...
2026-07-10 22:14:43.861 | INFO     | N/A | ⏳ 等待 Profile 更新任务...
2026-07-10 22:14:48.888 | INFO     | N/A | ⏳ 等待 Profile 更新任务...
2026-07-10 22:14:53.911 | INFO     | N/A | ⏳ 等待 Profile 更新任务...
2026-07-10 22:14:58.937 | INFO     | N/A | ⏳ 等待 Profile 更新任务...
2026-07-10 22:15:03.963 | INFO     | N/A | ⏳ 等待 Profile 更新任务...
2026-07-10 22:15:08.986 | INFO     | N/A | ⏳ 等待 Profile 更新任务...
2026-07-10 22:15:14.012 | INFO     | N/A | ⏳ 等待 Profile 更新任务...
2026-07-10 22:15:19.038 | INFO     | N/A | ⏳ 等待 Profile 更新任务...
2026-07-10 22:15:24.063 | INFO     | N/A | ⏳ 等待 Profile 更新任务...
2026-07-10 22:15:29.086 | INFO     | N/A | ⏳ 等待 Profile 更新任务...
2026-07-10 22:15:34.113 | INFO     | N/A | ⏳ 等待 Profile 更新任务...
2026-07-10 22:15:39.136 | INFO     | N/A | ⏳ 等待 Profile 更新任务...
2026-07-10 22:15:44.162 | INFO     | N/A | ⏳ 等待 Profile 更新任务...
2026-07-10 22:15:49.192 | INFO     | N/A | ⏳ 等待 Profile 更新任务...
2026-07-10 22:15:54.219 | INFO     | N/A | ⏳ 等待 Profile 更新任务...
2026-07-10 22:15:59.244 | INFO     | N/A | ⏳ 等待 Profile 更新任务...
2026-07-10 22:16:04.268 | INFO     | N/A | ⏳ 等待 Profile 更新任务...
2026-07-10 22:16:09.294 | INFO     | N/A | ⏳ 等待 Profile 更新任务...
2026-07-10 22:16:14.318 | INFO     | N/A | ⏳ 等待 Profile 更新任务...
2026-07-10 22:16:19.343 | INFO     | N/A | ⏳ 等待 Profile 更新任务...
2026-07-10 22:16:24.368 | INFO     | N/A | ⏳ 等待 Profile 更新任务...
2026-07-10 22:16:29.392 | INFO     | N/A | ⏳ 等待 Profile 更新任务...
2026-07-10 22:16:34.419 | INFO     | N/A | ⏳ 等待 Profile 更新任务...
2026-07-10 22:16:39.443 | INFO     | N/A | ⏳ 等待 Profile 更新任务...
2026-07-10 22:16:44.468 | INFO     | N/A | ⏳ 等待 Profile 更新任务...
2026-07-10 22:16:49.495 | INFO     | N/A | ⏳ 等待 Profile 更新任务...
2026-07-10 22:16:54.521 | INFO     | N/A | ⏳ 等待 Profile 更新任务...
2026-07-10 22:16:59.546 | INFO     | N/A | ⏳ 等待 Profile 更新任务...
2026-07-10 22:17:04.571 | INFO     | N/A | ⏳ 等待 Profile 更新任务...
2026-07-10 22:17:09.595 | INFO     | N/A | ⏳ 等待 Profile 更新任务...
2026-07-10 22:17:14.620 | INFO     | N/A | ⏳ 等待 Profile 更新任务...
2026-07-10 22:17:19.650 | INFO     | N/A | ⏳ 等待 Profile 更新任务...
2026-07-10 22:17:24.674 | INFO     | N/A | ⏳ 等待 Profile 更新任务...
2026-07-10 22:17:29.699 | INFO     | N/A | ⏳ 等待 Profile 更新任务...
2026-07-10 22:17:34.725 | INFO     | N/A | ⏳ 等待 Profile 更新任务...
2026-07-10 22:17:39.751 | INFO     | N/A | ⏳ 等待 Profile 更新任务...
2026-07-10 22:17:44.777 | INFO     | N/A | ⏳ 等待 Profile 更新任务...
2026-07-10 22:17:49.802 | INFO     | N/A | ⏳ 等待 Profile 更新任务...
2026-07-10 22:17:54.827 | INFO     | N/A | ⏳ 等待 Profile 更新任务...
2026-07-10 22:17:59.850 | INFO     | N/A | ⏳ 等待 Profile 更新任务...
2026-07-10 22:18:04.877 | INFO     | N/A | ⏳ 等待 Profile 更新任务...
2026-07-10 22:18:09.899 | INFO     | N/A | ⏳ 等待 Profile 更新任务...
2026-07-10 22:18:14.923 | INFO     | N/A | ⏳ 等待 Profile 更新任务...
2026-07-10 22:18:19.953 | INFO     | N/A | ⏳ 等待 Profile 更新任务...
2026-07-10 22:18:24.979 | INFO     | N/A | ⏳ 等待 Profile 更新任务...
2026-07-10 22:18:30.004 | INFO     | N/A | ⏳ 等待 Profile 更新任务...
2026-07-10 22:18:35.027 | INFO     | N/A | ⏳ 等待 Profile 更新任务...
2026-07-10 22:18:40.052 | INFO     | N/A | ⏳ 等待 Profile 更新任务...
2026-07-10 22:18:45.077 | INFO     | N/A | ⏳ 等待 Profile 更新任务...
2026-07-10 22:18:50.109 | INFO     | N/A | ⏳ 等待 Profile 更新任务...
2026-07-10 22:18:55.135 | INFO     | N/A | ⏳ 等待 Profile 更新任务...
2026-07-10 22:19:00.160 | INFO     | N/A | ⏳ 等待 Profile 更新任务...
2026-07-10 22:19:05.186 | INFO     | N/A | ⏳ 等待 Profile 更新任务...
2026-07-10 22:19:10.213 | INFO     | N/A | ⏳ 等待 Profile 更新任务...
2026-07-10 22:19:15.237 | INFO     | N/A | ⏳ 等待 Profile 更新任务...
2026-07-10 22:19:20.262 | INFO     | N/A | ⏳ 等待 Profile 更新任务...
2026-07-10 22:19:25.288 | INFO     | N/A | ⏳ 等待 Profile 更新任务...
2026-07-10 22:19:30.313 | INFO     | N/A | ⏳ 等待 Profile 更新任务...
2026-07-10 22:19:35.339 | INFO     | N/A | ⏳ 等待 Profile 更新任务...
2026-07-10 22:19:40.364 | INFO     | N/A | ⏳ 等待 Profile 更新任务...
2026-07-10 22:19:45.392 | INFO     | N/A | ⏳ 等待 Profile 更新任务...
2026-07-10 22:19:50.416 | INFO     | N/A | ⏳ 等待 Profile 更新任务...
2026-07-10 22:19:55.442 | INFO     | N/A | ⏳ 等待 Profile 更新任务...
2026-07-10 22:20:00.468 | INFO     | N/A | ⏳ 等待 Profile 更新任务...
2026-07-10 22:20:05.492 | INFO     | N/A | ⏳ 等待 Profile 更新任务...
2026-07-10 22:20:10.517 | INFO     | N/A | ⏳ 等待 Profile 更新任务...
2026-07-10 22:20:15.541 | INFO     | N/A | ⏳ 等待 Profile 更新任务...
2026-07-10 22:20:20.567 | INFO     | N/A | ⏳ 等待 Profile 更新任务...
2026-07-10 22:20:25.591 | INFO     | N/A | ⏳ 等待 Profile 更新任务...
2026-07-10 22:20:30.616 | INFO     | N/A | ⏳ 等待 Profile 更新任务...
2026-07-10 22:20:35.645 | INFO     | N/A | ⏳ 等待 Profile 更新任务...
2026-07-10 22:20:40.669 | INFO     | N/A | ⏳ 等待 Profile 更新任务...
2026-07-10 22:20:45.694 | INFO     | N/A | ⏳ 等待 Profile 更新任务...
2026-07-10 22:20:50.720 | INFO     | N/A | ⏳ 等待 Profile 更新任务...
2026-07-10 22:20:55.744 | INFO     | N/A | ⏳ 等待 Profile 更新任务...
2026-07-10 22:21:00.770 | INFO     | N/A | ⏳ 等待 Profile 更新任务...
2026-07-10 22:21:05.794 | INFO     | N/A | ⏳ 等待 Profile 更新任务...
2026-07-10 22:21:10.820 | INFO     | N/A | ⏳ 等待 Profile 更新任务...
2026-07-10 22:21:15.844 | INFO     | N/A | ⏳ 等待 Profile 更新任务...
2026-07-10 22:21:20.872 | INFO     | N/A | ⏳ 等待 Profile 更新任务...
2026-07-10 22:21:25.895 | INFO     | N/A | ⏳ 等待 Profile 更新任务...
2026-07-10 22:21:30.918 | INFO     | N/A | ⏳ 等待 Profile 更新任务...
2026-07-10 22:21:35.945 | INFO     | N/A | ⏳ 等待 Profile 更新任务...
2026-07-10 22:21:40.970 | INFO     | N/A | ⏳ 等待 Profile 更新任务...
2026-07-10 22:21:45.996 | INFO     | N/A | ⏳ 等待 Profile 更新任务...
2026-07-10 22:21:51.022 | INFO     | N/A | ⏳ 等待 Profile 更新任务...
2026-07-10 22:21:56.047 | INFO     | N/A | ⏳ 等待 Profile 更新任务...
2026-07-10 22:22:01.071 | INFO     | N/A | ⏳ 等待 Profile 更新任务...
2026-07-10 22:22:06.094 | INFO     | N/A | ⏳ 等待 Profile 更新任务...
2026-07-10 22:22:11.119 | INFO     | N/A | ⏳ 等待 Profile 更新任务...
2026-07-10 22:22:16.147 | INFO     | N/A | ⏳ 等待 Profile 更新任务...
2026-07-10 22:22:21.174 | INFO     | N/A | ⏳ 等待 Profile 更新任务...
2026-07-10 22:22:26.199 | INFO     | N/A | ⏳ 等待 Profile 更新任务...
2026-07-10 22:22:31.224 | INFO     | N/A | ⏳ 等待 Profile 更新任务...
2026-07-10 22:22:36.248 | INFO     | N/A | ⏳ 等待 Profile 更新任务...
2026-07-10 22:22:41.274 | INFO     | N/A | ⏳ 等待 Profile 更新任务...
2026-07-10 22:22:46.299 | INFO     | N/A | ⏳ 等待 Profile 更新任务...
2026-07-10 22:22:51.326 | INFO     | N/A | ⏳ 等待 Profile 更新任务...
2026-07-10 22:22:56.349 | INFO     | N/A | ⏳ 等待 Profile 更新任务...
2026-07-10 22:23:01.373 | INFO     | N/A | ⏳ 等待 Profile 更新任务...
2026-07-10 22:23:06.401 | INFO     | N/A | ⏳ 等待 Profile 更新任务...
2026-07-10 22:23:11.424 | INFO     | N/A | ⏳ 等待 Profile 更新任务...
2026-07-10 22:23:16.449 | INFO     | N/A | ⏳ 等待 Profile 更新任务...
2026-07-10 22:23:21.474 | INFO     | N/A | ⏳ 等待 Profile 更新任务...
2026-07-10 22:23:26.500 | INFO     | N/A | ⏳ 等待 Profile 更新任务...
2026-07-10 22:23:31.527 | INFO     | N/A | ⏳ 等待 Profile 更新任务...
2026-07-10 22:23:36.556 | INFO     | N/A | ⏳ 等待 Profile 更新任务...
2026-07-10 22:23:41.581 | INFO     | N/A | ⏳ 等待 Profile 更新任务...
2026-07-10 22:23:46.601 | INFO     | N/A | ⏳ 等待 Profile 更新任务...
2026-07-10 22:23:51.630 | INFO     | N/A | ⏳ 等待 Profile 更新任务...
2026-07-10 22:23:56.654 | INFO     | N/A | ⏳ 等待 Profile 更新任务...
2026-07-10 22:24:01.679 | INFO     | N/A | ⏳ 等待 Profile 更新任务...
2026-07-10 22:24:06.704 | INFO     | N/A | ⏳ 等待 Profile 更新任务...
2026-07-10 22:24:11.731 | INFO     | N/A | ⏳ 等待 Profile 更新任务...
2026-07-10 22:24:16.756 | INFO     | N/A | ⏳ 等待 Profile 更新任务...
2026-07-10 22:24:21.780 | INFO     | N/A | ⏳ 等待 Profile 更新任务...
2026-07-10 22:24:26.805 | INFO     | N/A | ⏳ 等待 Profile 更新任务...
2026-07-10 22:24:31.830 | INFO     | N/A | ⏳ 等待 Profile 更新任务...
2026-07-10 22:24:36.855 | INFO     | N/A | ⏳ 等待 Profile 更新任务...
2026-07-10 22:24:41.882 | INFO     | N/A | ⏳ 等待 Profile 更新任务...
2026-07-10 22:24:46.906 | INFO     | N/A | ⏳ 等待 Profile 更新任务...
2026-07-10 22:24:51.931 | INFO     | N/A | ⏳ 等待 Profile 更新任务...
2026-07-10 22:24:56.954 | INFO     | N/A | ⏳ 等待 Profile 更新任务...
2026-07-10 22:25:01.979 | INFO     | N/A | ⏳ 等待 Profile 更新任务...
2026-07-10 22:25:07.006 | INFO     | N/A | ⏳ 等待 Profile 更新任务...
2026-07-10 22:25:12.031 | INFO     | N/A | ⏳ 等待 Profile 更新任务...
2026-07-10 22:25:17.056 | INFO     | N/A | ⏳ 等待 Profile 更新任务...
2026-07-10 22:25:22.081 | INFO     | N/A | ⏳ 等待 Profile 更新任务...
2026-07-10 22:25:27.108 | INFO     | N/A | ⏳ 等待 Profile 更新任务...
2026-07-10 22:25:32.133 | INFO     | N/A | ⏳ 等待 Profile 更新任务...
2026-07-10 22:25:37.157 | INFO     | N/A | ⏳ 等待 Profile 更新任务...
2026-07-10 22:25:42.188 | INFO     | N/A | ⏳ 等待 Profile 更新任务...
2026-07-10 22:25:47.214 | INFO     | N/A | ⏳ 等待 Profile 更新任务...
2026-07-10 22:25:52.239 | INFO     | N/A | ⏳ 等待 Profile 更新任务...
2026-07-10 22:25:57.264 | INFO     | N/A | ⏳ 等待 Profile 更新任务...
2026-07-10 22:26:02.287 | INFO     | N/A | ⏳ 等待 Profile 更新任务...
2026-07-10 22:26:07.313 | INFO     | N/A | ⏳ 等待 Profile 更新任务...
2026-07-10 22:26:12.335 | INFO     | N/A | ⏳ 等待 Profile 更新任务...
2026-07-10 22:26:17.362 | INFO     | N/A | ⏳ 等待 Profile 更新任务...
2026-07-10 22:26:22.388 | INFO     | N/A | ⏳ 等待 Profile 更新任务...
2026-07-10 22:26:27.413 | INFO     | N/A | ⏳ 等待 Profile 更新任务...
2026-07-10 22:26:32.438 | INFO     | N/A | ⏳ 等待 Profile 更新任务...
2026-07-10 22:26:37.462 | INFO     | N/A | ⏳ 等待 Profile 更新任务...
2026-07-10 22:26:42.486 | INFO     | N/A | ⏳ 等待 Profile 更新任务...
2026-07-10 22:26:47.511 | INFO     | N/A | ⏳ 等待 Profile 更新任务...
2026-07-10 22:26:52.538 | INFO     | N/A | ⏳ 等待 Profile 更新任务...
2026-07-10 22:26:57.562 | INFO     | N/A | ⏳ 等待 Profile 更新任务...
2026-07-10 22:27:02.587 | INFO     | N/A | ⏳ 等待 Profile 更新任务...
2026-07-10 22:27:07.613 | INFO     | N/A | ⏳ 等待 Profile 更新任务...
2026-07-10 22:27:12.639 | INFO     | N/A | ⏳ 等待 Profile 更新任务...
2026-07-10 22:27:17.663 | INFO     | N/A | ⏳ 等待 Profile 更新任务...
2026-07-10 22:27:22.689 | INFO     | N/A | ⏳ 等待 Profile 更新任务...
2026-07-10 22:27:27.714 | INFO     | N/A | ⏳ 等待 Profile 更新任务...
2026-07-10 22:27:32.739 | INFO     | N/A | ⏳ 等待 Profile 更新任务...
2026-07-10 22:27:37.762 | INFO     | N/A | ⏳ 等待 Profile 更新任务...
2026-07-10 22:27:42.791 | INFO     | N/A | ⏳ 等待 Profile 更新任务...
2026-07-10 22:27:47.814 | INFO     | N/A | ⏳ 等待 Profile 更新任务...
2026-07-10 22:27:52.841 | INFO     | N/A | ⏳ 等待 Profile 更新任务...
2026-07-10 22:27:57.867 | INFO     | N/A | ⏳ 等待 Profile 更新任务...
2026-07-10 22:28:02.890 | INFO     | N/A | ⏳ 等待 Profile 更新任务...
2026-07-10 22:28:07.914 | INFO     | N/A | ⏳ 等待 Profile 更新任务...
2026-07-10 22:28:12.940 | INFO     | N/A | ⏳ 等待 Profile 更新任务...
2026-07-10 22:28:17.964 | INFO     | N/A | ⏳ 等待 Profile 更新任务...
2026-07-10 22:28:22.988 | INFO     | N/A | ⏳ 等待 Profile 更新任务...
2026-07-10 22:28:28.014 | INFO     | N/A | ⏳ 等待 Profile 更新任务...
2026-07-10 22:28:33.040 | INFO     | N/A | ⏳ 等待 Profile 更新任务...
2026-07-10 22:28:38.065 | INFO     | N/A | ⏳ 等待 Profile 更新任务...
2026-07-10 22:28:43.090 | INFO     | N/A | ⏳ 等待 Profile 更新任务...
2026-07-10 22:28:48.115 | INFO     | N/A | ⏳ 等待 Profile 更新任务...
2026-07-10 22:28:53.141 | INFO     | N/A | ⏳ 等待 Profile 更新任务...
2026-07-10 22:28:58.166 | INFO     | N/A | ⏳ 等待 Profile 更新任务...
2026-07-10 22:29:03.189 | INFO     | N/A | ⏳ 等待 Profile 更新任务...
2026-07-10 22:29:08.213 | INFO     | N/A | ⏳ 等待 Profile 更新任务...
2026-07-10 22:29:13.238 | INFO     | N/A | ⏳ 等待 Profile 更新任务...
2026-07-10 22:29:18.263 | INFO     | N/A | ⏳ 等待 Profile 更新任务...
2026-07-10 22:29:23.288 | INFO     | N/A | ⏳ 等待 Profile 更新任务...
2026-07-10 22:29:28.312 | INFO     | N/A | ⏳ 等待 Profile 更新任务...
2026-07-10 22:29:33.338 | INFO     | N/A | ⏳ 等待 Profile 更新任务...
2026-07-10 22:29:38.362 | INFO     | N/A | ⏳ 等待 Profile 更新任务...
2026-07-10 22:29:43.390 | INFO     | N/A | ⏳ 等待 Profile 更新任务...
2026-07-10 22:29:48.415 | INFO     | N/A | ⏳ 等待 Profile 更新任务...
2026-07-10 22:29:53.442 | INFO     | N/A | ⏳ 等待 Profile 更新任务...
2026-07-10 22:29:58.464 | INFO     | N/A | ⏳ 等待 Profile 更新任务...
2026-07-10 22:30:03.491 | INFO     | N/A | ⏳ 等待 Profile 更新任务...
2026-07-10 22:30:08.514 | INFO     | N/A | ⏳ 等待 Profile 更新任务...
2026-07-10 22:30:13.538 | INFO     | N/A | ⏳ 等待 Profile 更新任务...
2026-07-10 22:30:18.563 | INFO     | N/A | ⏳ 等待 Profile 更新任务...
2026-07-10 22:30:23.591 | INFO     | N/A | ⏳ 等待 Profile 更新任务...
2026-07-10 22:30:28.616 | INFO     | N/A | ⏳ 等待 Profile 更新任务...
2026-07-10 22:30:33.641 | INFO     | N/A | ⏳ 等待 Profile 更新任务...
2026-07-10 22:30:38.666 | INFO     | N/A | ⏳ 等待 Profile 更新任务...
2026-07-10 22:30:43.693 | INFO     | N/A | ⏳ 等待 Profile 更新任务...
2026-07-10 22:30:48.717 | INFO     | N/A | ⏳ 等待 Profile 更新任务...
2026-07-10 22:30:53.742 | INFO     | N/A | ⏳ 等待 Profile 更新任务...
2026-07-10 22:30:58.768 | INFO     | N/A | ⏳ 等待 Profile 更新任务...
2026-07-10 22:31:03.793 | INFO     | N/A | ⏳ 等待 Profile 更新任务...
2026-07-10 22:31:08.815 | INFO     | N/A | ⏳ 等待 Profile 更新任务...
2026-07-10 22:31:13.841 | INFO     | N/A | ⏳ 等待 Profile 更新任务...
2026-07-10 22:31:18.865 | INFO     | N/A | ⏳ 等待 Profile 更新任务...
2026-07-10 22:31:23.891 | INFO     | N/A | ⏳ 等待 Profile 更新任务...
2026-07-10 22:31:28.916 | INFO     | N/A | ⏳ 等待 Profile 更新任务...
2026-07-10 22:31:33.941 | INFO     | N/A | ⏳ 等待 Profile 更新任务...
2026-07-10 22:31:38.965 | INFO     | N/A | ⏳ 等待 Profile 更新任务...
2026-07-10 22:31:43.991 | INFO     | N/A | ⏳ 等待 Profile 更新任务...
2026-07-10 22:31:49.014 | INFO     | N/A | ⏳ 等待 Profile 更新任务...
2026-07-10 22:31:54.037 | INFO     | N/A | ⏳ 等待 Profile 更新任务...
2026-07-10 22:31:59.062 | INFO     | N/A | ⏳ 等待 Profile 更新任务...
2026-07-10 22:32:04.087 | INFO     | N/A | ⏳ 等待 Profile 更新任务...
2026-07-10 22:32:09.113 | INFO     | N/A | ⏳ 等待 Profile 更新任务...
2026-07-10 22:32:14.139 | INFO     | N/A | ⏳ 等待 Profile 更新任务...
2026-07-10 22:32:19.165 | INFO     | N/A | ⏳ 等待 Profile 更新任务...
2026-07-10 22:32:24.192 | INFO     | N/A | ⏳ 等待 Profile 更新任务...
2026-07-10 22:32:29.218 | INFO     | N/A | ⏳ 等待 Profile 更新任务...
2026-07-10 22:32:34.242 | INFO     | N/A | ⏳ 等待 Profile 更新任务...
2026-07-10 22:32:39.264 | INFO     | N/A | ⏳ 等待 Profile 更新任务...
2026-07-10 22:32:44.291 | INFO     | N/A | ⏳ 等待 Profile 更新任务...
2026-07-10 22:32:49.314 | INFO     | N/A | ⏳ 等待 Profile 更新任务...
2026-07-10 22:32:54.342 | INFO     | N/A | ⏳ 等待 Profile 更新任务...
2026-07-10 22:32:59.369 | INFO     | N/A | ⏳ 等待 Profile 更新任务...
2026-07-10 22:33:04.393 | INFO     | N/A | ⏳ 等待 Profile 更新任务...
2026-07-10 22:33:09.418 | INFO     | N/A | ⏳ 等待 Profile 更新任务...
2026-07-10 22:33:14.444 | INFO     | N/A | ⏳ 等待 Profile 更新任务...
2026-07-10 22:33:19.469 | INFO     | N/A | ⏳ 等待 Profile 更新任务...
2026-07-10 22:33:24.497 | INFO     | N/A | ⏳ 等待 Profile 更新任务...
2026-07-10 22:33:29.520 | INFO     | N/A | ⏳ 等待 Profile 更新任务...
2026-07-10 22:33:34.547 | INFO     | N/A | ⏳ 等待 Profile 更新任务...
2026-07-10 22:33:39.573 | INFO     | N/A | ⏳ 等待 Profile 更新任务...
2026-07-10 22:33:44.599 | INFO     | N/A | ⏳ 等待 Profile 更新任务...
2026-07-10 22:33:49.622 | INFO     | N/A | ⏳ 等待 Profile 更新任务...
2026-07-10 22:33:54.648 | INFO     | N/A | ⏳ 等待 Profile 更新任务...
2026-07-10 22:33:59.673 | INFO     | N/A | ⏳ 等待 Profile 更新任务...
2026-07-10 22:34:04.698 | INFO     | N/A | ⏳ 等待 Profile 更新任务...
2026-07-10 22:34:09.721 | INFO     | N/A | ⏳ 等待 Profile 更新任务...
2026-07-10 22:34:14.746 | INFO     | N/A | ⏳ 等待 Profile 更新任务...
2026-07-10 22:34:19.771 | INFO     | N/A | ⏳ 等待 Profile 更新任务...
2026-07-10 22:34:24.795 | INFO     | N/A | ⏳ 等待 Profile 更新任务...
2026-07-10 22:34:29.820 | INFO     | N/A | ⏳ 等待 Profile 更新任务...
2026-07-10 22:34:34.845 | INFO     | N/A | ⏳ 等待 Profile 更新任务...
2026-07-10 22:34:39.870 | INFO     | N/A | ⏳ 等待 Profile 更新任务...
2026-07-10 22:34:44.895 | INFO     | N/A | ⏳ 等待 Profile 更新任务...
2026-07-10 22:34:49.920 | INFO     | N/A | ⏳ 等待 Profile 更新任务...
2026-07-10 22:34:54.946 | INFO     | N/A | ⏳ 等待 Profile 更新任务...
2026-07-10 22:34:59.972 | INFO     | N/A | ⏳ 等待 Profile 更新任务...
2026-07-10 22:35:04.996 | INFO     | N/A | ⏳ 等待 Profile 更新任务...
2026-07-10 22:35:10.020 | INFO     | N/A | ⏳ 等待 Profile 更新任务...
2026-07-10 22:35:15.045 | INFO     | N/A | ⏳ 等待 Profile 更新任务...
2026-07-10 22:35:20.070 | INFO     | N/A | ⏳ 等待 Profile 更新任务...
2026-07-10 22:35:25.094 | INFO     | N/A | ⏳ 等待 Profile 更新任务...
2026-07-10 22:35:30.121 | INFO     | N/A | ⏳ 等待 Profile 更新任务...
2026-07-10 22:35:35.145 | INFO     | N/A | ⏳ 等待 Profile 更新任务...
2026-07-10 22:35:40.170 | INFO     | N/A | ⏳ 等待 Profile 更新任务...
2026-07-10 22:35:45.197 | INFO     | N/A | ⏳ 等待 Profile 更新任务...
2026-07-10 22:35:50.224 | INFO     | N/A | ⏳ 等待 Profile 更新任务...
2026-07-10 22:35:55.250 | INFO     | N/A | ⏳ 等待 Profile 更新任务...
2026-07-10 22:36:00.274 | INFO     | N/A | ⏳ 等待 Profile 更新任务...
2026-07-10 22:36:05.297 | INFO     | N/A | ⏳ 等待 Profile 更新任务...
2026-07-10 22:36:10.324 | INFO     | N/A | ⏳ 等待 Profile 更新任务...
2026-07-10 22:36:15.346 | INFO     | N/A | ⏳ 等待 Profile 更新任务...
2026-07-10 22:36:20.370 | INFO     | N/A | ⏳ 等待 Profile 更新任务...
2026-07-10 22:36:25.393 | INFO     | N/A | ⏳ 等待 Profile 更新任务...
2026-07-10 22:36:30.419 | INFO     | N/A | ⏳ 等待 Profile 更新任务...
2026-07-10 22:36:35.444 | INFO     | N/A | ⏳ 等待 Profile 更新任务...
2026-07-10 22:36:40.470 | INFO     | N/A | ⏳ 等待 Profile 更新任务...
2026-07-10 22:36:45.496 | INFO     | N/A | ⏳ 等待 Profile 更新任务...
2026-07-10 22:36:50.526 | INFO     | N/A | ⏳ 等待 Profile 更新任务...
2026-07-10 22:36:55.556 | INFO     | N/A | ⏳ 等待 Profile 更新任务...
2026-07-10 22:37:00.582 | INFO     | N/A | ⏳ 等待 Profile 更新任务...
2026-07-10 22:37:05.607 | INFO     | N/A | ⏳ 等待 Profile 更新任务...
2026-07-10 22:37:10.634 | INFO     | N/A | ⏳ 等待 Profile 更新任务...
2026-07-10 22:37:15.655 | INFO     | N/A | ⏳ 等待 Profile 更新任务...
2026-07-10 22:37:20.681 | INFO     | N/A | ⏳ 等待 Profile 更新任务...
2026-07-10 22:37:25.707 | INFO     | N/A | ⏳ 等待 Profile 更新任务...
2026-07-10 22:37:30.731 | INFO     | N/A | ⏳ 等待 Profile 更新任务...
2026-07-10 22:37:35.756 | INFO     | N/A | ⏳ 等待 Profile 更新任务...
2026-07-10 22:37:40.781 | INFO     | N/A | ⏳ 等待 Profile 更新任务...
2026-07-10 22:37:45.805 | INFO     | N/A | ⏳ 等待 Profile 更新任务...
2026-07-10 22:37:50.833 | INFO     | N/A | ⏳ 等待 Profile 更新任务...
2026-07-10 22:37:55.859 | INFO     | N/A | ⏳ 等待 Profile 更新任务...
2026-07-10 22:38:00.883 | INFO     | N/A | ⏳ 等待 Profile 更新任务...
2026-07-10 22:38:05.909 | INFO     | N/A | ⏳ 等待 Profile 更新任务...
2026-07-10 22:38:10.934 | INFO     | N/A | ⏳ 等待 Profile 更新任务...
2026-07-10 22:38:15.958 | INFO     | N/A | ⏳ 等待 Profile 更新任务...
2026-07-10 22:38:20.986 | INFO     | N/A | ⏳ 等待 Profile 更新任务...
2026-07-10 22:38:26.009 | INFO     | N/A | ⏳ 等待 Profile 更新任务...
2026-07-10 22:38:31.035 | INFO     | N/A | ⏳ 等待 Profile 更新任务...
2026-07-10 22:38:36.061 | INFO     | N/A | ⏳ 等待 Profile 更新任务...
2026-07-10 22:38:41.086 | INFO     | N/A | ⏳ 等待 Profile 更新任务...
2026-07-10 22:38:46.108 | INFO     | N/A | ⏳ 等待 Profile 更新任务...
2026-07-10 22:38:51.136 | INFO     | N/A | ⏳ 等待 Profile 更新任务...
2026-07-10 22:38:56.161 | INFO     | N/A | ⏳ 等待 Profile 更新任务...
2026-07-10 22:39:01.187 | INFO     | N/A | ⏳ 等待 Profile 更新任务...
2026-07-10 22:39:06.210 | INFO     | N/A | ⏳ 等待 Profile 更新任务...
2026-07-10 22:39:11.237 | INFO     | N/A | ⏳ 等待 Profile 更新任务...
2026-07-10 22:39:16.262 | INFO     | N/A | ⏳ 等待 Profile 更新任务...
2026-07-10 22:39:21.286 | INFO     | N/A | ⏳ 等待 Profile 更新任务...
2026-07-10 22:39:26.310 | INFO     | N/A | ⏳ 等待 Profile 更新任务...
2026-07-10 22:39:31.335 | INFO     | N/A | ⏳ 等待 Profile 更新任务...
2026-07-10 22:39:36.363 | INFO     | N/A | ⏳ 等待 Profile 更新任务...
2026-07-10 22:39:41.388 | INFO     | N/A | ⏳ 等待 Profile 更新任务...
2026-07-10 22:39:46.412 | INFO     | N/A | ⏳ 等待 Profile 更新任务...
2026-07-10 22:39:51.438 | INFO     | N/A | ⏳ 等待 Profile 更新任务...
2026-07-10 22:39:56.465 | INFO     | N/A | ⏳ 等待 Profile 更新任务...
2026-07-10 22:40:01.493 | INFO     | N/A | ⏳ 等待 Profile 更新任务...
2026-07-10 22:40:06.519 | INFO     | N/A | ⏳ 等待 Profile 更新任务...
2026-07-10 22:40:11.543 | INFO     | N/A | ⏳ 等待 Profile 更新任务...
2026-07-10 22:40:16.568 | INFO     | N/A | ⏳ 等待 Profile 更新任务...
2026-07-10 22:40:21.592 | INFO     | N/A | ⏳ 等待 Profile 更新任务...
2026-07-10 22:40:26.615 | INFO     | N/A | ⏳ 等待 Profile 更新任务...
2026-07-10 22:40:31.641 | INFO     | N/A | ⏳ 等待 Profile 更新任务...
2026-07-10 22:40:36.666 | INFO     | N/A | ⏳ 等待 Profile 更新任务...
2026-07-10 22:40:41.688 | INFO     | N/A | ⏳ 等待 Profile 更新任务...
2026-07-10 22:40:46.714 | INFO     | N/A | ⏳ 等待 Profile 更新任务...
2026-07-10 22:40:51.740 | INFO     | N/A | ⏳ 等待 Profile 更新任务...
2026-07-10 22:40:56.763 | INFO     | N/A | ⏳ 等待 Profile 更新任务...
2026-07-10 22:41:01.789 | INFO     | N/A | ⏳ 等待 Profile 更新任务...
2026-07-10 22:41:06.813 | INFO     | N/A | ⏳ 等待 Profile 更新任务...
2026-07-10 22:41:11.835 | INFO     | N/A | ⏳ 等待 Profile 更新任务...
2026-07-10 22:41:16.862 | INFO     | N/A | ⏳ 等待 Profile 更新任务...
2026-07-10 22:41:21.887 | INFO     | N/A | ⏳ 等待 Profile 更新任务...
2026-07-10 22:41:26.914 | INFO     | N/A | ⏳ 等待 Profile 更新任务...
2026-07-10 22:41:31.937 | INFO     | N/A | ⏳ 等待 Profile 更新任务...
2026-07-10 22:41:36.961 | INFO     | N/A | ⏳ 等待 Profile 更新任务...
2026-07-10 22:41:41.988 | INFO     | N/A | ⏳ 等待 Profile 更新任务...
2026-07-10 22:41:47.012 | INFO     | N/A | ⏳ 等待 Profile 更新任务...
2026-07-10 22:41:52.038 | INFO     | N/A | ⏳ 等待 Profile 更新任务...
2026-07-10 22:41:57.065 | INFO     | N/A | ⏳ 等待 Profile 更新任务...
2026-07-10 22:42:02.090 | INFO     | N/A | ⏳ 等待 Profile 更新任务...
2026-07-10 22:42:07.114 | INFO     | N/A | ⏳ 等待 Profile 更新任务...
2026-07-10 22:42:12.142 | INFO     | N/A | ⏳ 等待 Profile 更新任务...
2026-07-10 22:42:17.168 | INFO     | N/A | ⏳ 等待 Profile 更新任务...
2026-07-10 22:42:22.191 | INFO     | N/A | ⏳ 等待 Profile 更新任务...
2026-07-10 22:42:27.217 | INFO     | N/A | ⏳ 等待 Profile 更新任务...
2026-07-10 22:42:32.242 | INFO     | N/A | ⏳ 等待 Profile 更新任务...
2026-07-10 22:42:37.266 | INFO     | N/A | ⏳ 等待 Profile 更新任务...
2026-07-10 22:42:42.289 | INFO     | N/A | ⏳ 等待 Profile 更新任务...
2026-07-10 22:42:47.314 | INFO     | N/A | ⏳ 等待 Profile 更新任务...
2026-07-10 22:42:52.343 | INFO     | N/A | ⏳ 等待 Profile 更新任务...
2026-07-10 22:42:57.368 | INFO     | N/A | ⏳ 等待 Profile 更新任务...
2026-07-10 22:43:02.393 | INFO     | N/A | ⏳ 等待 Profile 更新任务...
2026-07-10 22:43:07.419 | INFO     | N/A | ⏳ 等待 Profile 更新任务...
2026-07-10 22:43:12.443 | INFO     | N/A | ⏳ 等待 Profile 更新任务...
2026-07-10 22:43:17.470 | INFO     | N/A | ⏳ 等待 Profile 更新任务...
2026-07-10 22:43:22.494 | INFO     | N/A | ⏳ 等待 Profile 更新任务...
2026-07-10 22:43:27.520 | INFO     | N/A | ⏳ 等待 Profile 更新任务...
2026-07-10 22:43:32.544 | INFO     | N/A | ⏳ 等待 Profile 更新任务...
2026-07-10 22:43:37.569 | INFO     | N/A | ⏳ 等待 Profile 更新任务...
2026-07-10 22:43:42.593 | INFO     | N/A | ⏳ 等待 Profile 更新任务...
2026-07-10 22:43:47.622 | INFO     | N/A | ⏳ 等待 Profile 更新任务...
2026-07-10 22:43:52.646 | INFO     | N/A | ⏳ 等待 Profile 更新任务...
2026-07-10 22:43:57.673 | INFO     | N/A | ⏳ 等待 Profile 更新任务...
2026-07-10 22:44:02.698 | INFO     | N/A | ⏳ 等待 Profile 更新任务...
2026-07-10 22:44:07.722 | INFO     | N/A | ⏳ 等待 Profile 更新任务...
2026-07-10 22:44:12.746 | INFO     | N/A | ⏳ 等待 Profile 更新任务...
2026-07-10 22:44:17.770 | INFO     | N/A | ⏳ 等待 Profile 更新任务...
2026-07-10 22:44:22.793 | INFO     | N/A | ⏳ 等待 Profile 更新任务...
2026-07-10 22:44:27.823 | INFO     | N/A | ⏳ 等待 Profile 更新任务...
2026-07-10 22:44:32.847 | INFO     | N/A | ⏳ 等待 Profile 更新任务...
2026-07-10 22:44:37.872 | INFO     | N/A | ⏳ 等待 Profile 更新任务...
2026-07-10 22:44:42.895 | INFO     | N/A | ⏳ 等待 Profile 更新任务...
2026-07-10 22:44:47.919 | INFO     | N/A | ⏳ 等待 Profile 更新任务...
2026-07-10 22:44:52.947 | INFO     | N/A | ⏳ 等待 Profile 更新任务...
2026-07-10 22:44:57.973 | INFO     | N/A | ⏳ 等待 Profile 更新任务...
2026-07-10 22:45:02.999 | INFO     | N/A | ⏳ 等待 Profile 更新任务...
2026-07-10 22:45:08.025 | INFO     | N/A | ⏳ 等待 Profile 更新任务...
2026-07-10 22:45:13.048 | INFO     | N/A | ⏳ 等待 Profile 更新任务...
2026-07-10 22:45:18.072 | INFO     | N/A | ⏳ 等待 Profile 更新任务...
2026-07-10 22:45:23.097 | INFO     | N/A | ⏳ 等待 Profile 更新任务...
2026-07-10 22:45:28.125 | INFO     | N/A | ⏳ 等待 Profile 更新任务...
2026-07-10 22:45:33.151 | INFO     | N/A | ⏳ 等待 Profile 更新任务...
2026-07-10 22:45:38.174 | INFO     | N/A | ⏳ 等待 Profile 更新任务...
2026-07-10 22:45:43.199 | INFO     | N/A | ⏳ 等待 Profile 更新任务...
2026-07-10 22:45:48.225 | INFO     | N/A | ⏳ 等待 Profile 更新任务...
2026-07-10 22:45:53.256 | INFO     | N/A | ⏳ 等待 Profile 更新任务...
2026-07-10 22:45:58.281 | INFO     | N/A | ⏳ 等待 Profile 更新任务...
2026-07-10 22:46:03.307 | INFO     | N/A | ⏳ 等待 Profile 更新任务...
2026-07-10 22:46:08.332 | INFO     | N/A | ⏳ 等待 Profile 更新任务...
2026-07-10 22:46:13.356 | INFO     | N/A | ⏳ 等待 Profile 更新任务...
2026-07-10 22:46:18.382 | INFO     | N/A | ⏳ 等待 Profile 更新任务...
2026-07-10 22:46:23.407 | INFO     | N/A | ⏳ 等待 Profile 更新任务...
2026-07-10 22:46:28.433 | INFO     | N/A | ⏳ 等待 Profile 更新任务...
2026-07-10 22:46:33.458 | INFO     | N/A | ⏳ 等待 Profile 更新任务...
2026-07-10 22:46:38.484 | INFO     | N/A | ⏳ 等待 Profile 更新任务...
2026-07-10 22:46:43.508 | INFO     | N/A | ⏳ 等待 Profile 更新任务...
2026-07-10 22:46:48.535 | INFO     | N/A | ⏳ 等待 Profile 更新任务...
2026-07-10 22:46:53.561 | INFO     | N/A | ⏳ 等待 Profile 更新任务...
2026-07-10 22:46:58.583 | INFO     | N/A | ⏳ 等待 Profile 更新任务...
2026-07-10 22:47:03.607 | INFO     | N/A | ⏳ 等待 Profile 更新任务...
2026-07-10 22:47:08.632 | INFO     | N/A | ⏳ 等待 Profile 更新任务...
2026-07-10 22:47:13.657 | INFO     | N/A | ⏳ 等待 Profile 更新任务...
2026-07-10 22:47:18.680 | INFO     | N/A | ⏳ 等待 Profile 更新任务...
2026-07-10 22:47:23.705 | INFO     | N/A | ⏳ 等待 Profile 更新任务...
2026-07-10 22:47:28.734 | INFO     | N/A | ⏳ 等待 Profile 更新任务...
2026-07-10 22:47:33.758 | INFO     | N/A | ⏳ 等待 Profile 更新任务...
2026-07-10 22:47:38.783 | INFO     | N/A | ⏳ 等待 Profile 更新任务...
2026-07-10 22:47:43.809 | INFO     | N/A | ⏳ 等待 Profile 更新任务...
2026-07-10 22:47:48.834 | INFO     | N/A | ⏳ 等待 Profile 更新任务...
2026-07-10 22:47:53.860 | INFO     | N/A | ⏳ 等待 Profile 更新任务...
2026-07-10 22:47:58.883 | INFO     | N/A | ⏳ 等待 Profile 更新任务...
2026-07-10 22:48:03.908 | INFO     | N/A | ⏳ 等待 Profile 更新任务...
2026-07-10 22:48:08.932 | INFO     | N/A | ⏳ 等待 Profile 更新任务...
2026-07-10 22:48:13.958 | INFO     | N/A | ⏳ 等待 Profile 更新任务...
2026-07-10 22:48:18.982 | INFO     | N/A | ⏳ 等待 Profile 更新任务...
2026-07-10 22:48:24.008 | INFO     | N/A | ⏳ 等待 Profile 更新任务...
2026-07-10 22:48:29.039 | INFO     | N/A | ⏳ 等待 Profile 更新任务...
2026-07-10 22:48:34.064 | INFO     | N/A | ⏳ 等待 Profile 更新任务...
2026-07-10 22:48:39.087 | INFO     | N/A | ⏳ 等待 Profile 更新任务...
2026-07-10 22:48:44.109 | INFO     | N/A | ⏳ 等待 Profile 更新任务...
2026-07-10 22:48:49.133 | INFO     | N/A | ⏳ 等待 Profile 更新任务...
2026-07-10 22:48:54.157 | INFO     | N/A | ⏳ 等待 Profile 更新任务...
2026-07-10 22:48:59.182 | INFO     | N/A | ⏳ 等待 Profile 更新任务...
2026-07-10 22:49:04.207 | INFO     | N/A | ⏳ 等待 Profile 更新任务...
2026-07-10 22:49:09.231 | INFO     | N/A | ⏳ 等待 Profile 更新任务...
2026-07-10 22:49:14.254 | INFO     | N/A | ⏳ 等待 Profile 更新任务...
2026-07-10 22:49:19.280 | INFO     | N/A | ⏳ 等待 Profile 更新任务...
2026-07-10 22:49:24.304 | INFO     | N/A | ⏳ 等待 Profile 更新任务...
2026-07-10 22:49:29.331 | INFO     | N/A | ⏳ 等待 Profile 更新任务...
2026-07-10 22:49:34.355 | INFO     | N/A | ⏳ 等待 Profile 更新任务...
2026-07-10 22:49:39.380 | INFO     | N/A | ⏳ 等待 Profile 更新任务...
2026-07-10 22:49:44.403 | INFO     | N/A | ⏳ 等待 Profile 更新任务...
2026-07-10 22:49:49.429 | INFO     | N/A | ⏳ 等待 Profile 更新任务...
2026-07-10 22:49:54.452 | INFO     | N/A | ⏳ 等待 Profile 更新任务...
2026-07-10 22:49:59.484 | INFO     | N/A | ⏳ 等待 Profile 更新任务...
2026-07-10 22:50:04.509 | INFO     | N/A | ⏳ 等待 Profile 更新任务...
2026-07-10 22:50:09.534 | INFO     | N/A | ⏳ 等待 Profile 更新任务...
2026-07-10 22:50:14.557 | INFO     | N/A | ⏳ 等待 Profile 更新任务...
2026-07-10 22:50:19.582 | INFO     | N/A | ⏳ 等待 Profile 更新任务...
2026-07-10 22:50:24.609 | INFO     | N/A | ⏳ 等待 Profile 更新任务...
2026-07-10 22:50:29.635 | INFO     | N/A | ⏳ 等待 Profile 更新任务...
2026-07-10 22:50:34.661 | INFO     | N/A | ⏳ 等待 Profile 更新任务...
2026-07-10 22:50:39.684 | INFO     | N/A | ⏳ 等待 Profile 更新任务...
2026-07-10 22:50:44.708 | INFO     | N/A | ⏳ 等待 Profile 更新任务...
2026-07-10 22:50:49.732 | INFO     | N/A | ⏳ 等待 Profile 更新任务...
2026-07-10 22:50:54.756 | INFO     | N/A | ⏳ 等待 Profile 更新任务...
2026-07-10 22:50:59.783 | INFO     | N/A | ⏳ 等待 Profile 更新任务...
2026-07-10 22:51:04.808 | INFO     | N/A | ⏳ 等待 Profile 更新任务...
2026-07-10 22:51:09.833 | INFO     | N/A | ⏳ 等待 Profile 更新任务...
2026-07-10 22:51:14.858 | INFO     | N/A | ⏳ 等待 Profile 更新任务...
2026-07-10 22:51:19.884 | INFO     | N/A | ⏳ 等待 Profile 更新任务...
2026-07-10 22:51:24.908 | INFO     | N/A | ⏳ 等待 Profile 更新任务...
2026-07-10 22:51:29.940 | INFO     | N/A | ⏳ 等待 Profile 更新任务...
2026-07-10 22:51:34.965 | INFO     | N/A | ⏳ 等待 Profile 更新任务...
2026-07-10 22:51:39.989 | INFO     | N/A | ⏳ 等待 Profile 更新任务...
2026-07-10 22:51:45.017 | INFO     | N/A | ⏳ 等待 Profile 更新任务...
2026-07-10 22:51:50.041 | INFO     | N/A | ⏳ 等待 Profile 更新任务...
2026-07-10 22:51:55.065 | INFO     | N/A | ⏳ 等待 Profile 更新任务...
2026-07-10 22:52:00.088 | INFO     | N/A | ⏳ 等待 Profile 更新任务...
2026-07-10 22:52:05.112 | INFO     | N/A | ⏳ 等待 Profile 更新任务...
2026-07-10 22:52:10.136 | INFO     | N/A | ⏳ 等待 Profile 更新任务...
2026-07-10 22:52:15.158 | INFO     | N/A | ⏳ 等待 Profile 更新任务...
2026-07-10 22:52:20.182 | INFO     | N/A | ⏳ 等待 Profile 更新任务...
2026-07-10 22:52:25.206 | INFO     | N/A | ⏳ 等待 Profile 更新任务...
2026-07-10 22:52:30.230 | INFO     | N/A | ⏳ 等待 Profile 更新任务...
2026-07-10 22:52:35.257 | INFO     | N/A | ⏳ 等待 Profile 更新任务...
2026-07-10 22:52:40.280 | INFO     | N/A | ⏳ 等待 Profile 更新任务...
2026-07-10 22:52:45.303 | INFO     | N/A | ⏳ 等待 Profile 更新任务...
2026-07-10 22:52:50.326 | INFO     | N/A | ⏳ 等待 Profile 更新任务...
2026-07-10 22:52:55.350 | INFO     | N/A | ⏳ 等待 Profile 更新任务...
2026-07-10 22:53:00.373 | INFO     | N/A | ⏳ 等待 Profile 更新任务...
2026-07-10 22:53:05.397 | INFO     | N/A | ⏳ 等待 Profile 更新任务...
2026-07-10 22:53:10.420 | INFO     | N/A | ⏳ 等待 Profile 更新任务...
2026-07-10 22:53:15.445 | INFO     | N/A | ⏳ 等待 Profile 更新任务...
2026-07-10 22:53:20.469 | INFO     | N/A | ⏳ 等待 Profile 更新任务...
2026-07-10 22:53:25.494 | INFO     | N/A | ⏳ 等待 Profile 更新任务...
2026-07-10 22:53:30.523 | INFO     | N/A | ⏳ 等待 Profile 更新任务...
2026-07-10 22:53:35.548 | INFO     | N/A | ⏳ 等待 Profile 更新任务...
2026-07-10 22:53:40.572 | INFO     | N/A | ⏳ 等待 Profile 更新任务...
2026-07-10 22:53:45.595 | INFO     | N/A | ⏳ 等待 Profile 更新任务...
2026-07-10 22:53:50.619 | INFO     | N/A | ⏳ 等待 Profile 更新任务...
2026-07-10 22:53:55.643 | INFO     | N/A | ⏳ 等待 Profile 更新任务...
2026-07-10 22:54:00.672 | INFO     | N/A | ⏳ 等待 Profile 更新任务...
2026-07-10 22:54:05.696 | INFO     | N/A | ⏳ 等待 Profile 更新任务...
2026-07-10 22:54:10.718 | INFO     | N/A | ⏳ 等待 Profile 更新任务...
2026-07-10 22:54:15.742 | INFO     | N/A | ⏳ 等待 Profile 更新任务...
2026-07-10 22:54:20.769 | INFO     | N/A | ⏳ 等待 Profile 更新任务...
2026-07-10 22:54:25.792 | INFO     | N/A | ⏳ 等待 Profile 更新任务...
2026-07-10 22:54:30.821 | INFO     | N/A | ⏳ 等待 Profile 更新任务...
2026-07-10 22:54:35.844 | INFO     | N/A | ⏳ 等待 Profile 更新任务...
2026-07-10 22:54:40.868 | INFO     | N/A | ⏳ 等待 Profile 更新任务...
2026-07-10 22:54:45.890 | INFO     | N/A | ⏳ 等待 Profile 更新任务...
2026-07-10 22:54:50.913 | INFO     | N/A | ⏳ 等待 Profile 更新任务...
2026-07-10 22:54:55.936 | INFO     | N/A | ⏳ 等待 Profile 更新任务...
2026-07-10 22:55:00.964 | INFO     | N/A | ⏳ 等待 Profile 更新任务...
2026-07-10 22:55:05.989 | INFO     | N/A | ⏳ 等待 Profile 更新任务...
2026-07-10 22:55:11.011 | INFO     | N/A | ⏳ 等待 Profile 更新任务...
2026-07-10 22:55:16.035 | INFO     | N/A | ⏳ 等待 Profile 更新任务...
2026-07-10 22:55:21.060 | INFO     | N/A | ⏳ 等待 Profile 更新任务...
2026-07-10 22:55:26.084 | INFO     | N/A | ⏳ 等待 Profile 更新任务...
2026-07-10 22:55:31.112 | INFO     | N/A | ⏳ 等待 Profile 更新任务...
2026-07-10 22:55:36.138 | INFO     | N/A | ⏳ 等待 Profile 更新任务...
2026-07-10 22:55:41.162 | INFO     | N/A | ⏳ 等待 Profile 更新任务...
2026-07-10 22:55:46.189 | INFO     | N/A | ⏳ 等待 Profile 更新任务...
2026-07-10 22:55:51.213 | INFO     | N/A | ⏳ 等待 Profile 更新任务...
2026-07-10 22:55:56.238 | INFO     | N/A | ⏳ 等待 Profile 更新任务...
2026-07-10 22:56:01.268 | INFO     | N/A | ⏳ 等待 Profile 更新任务...
2026-07-10 22:56:06.291 | INFO     | N/A | ⏳ 等待 Profile 更新任务...
2026-07-10 22:56:11.312 | INFO     | N/A | ⏳ 等待 Profile 更新任务...
2026-07-10 22:56:16.337 | INFO     | N/A | ⏳ 等待 Profile 更新任务...
2026-07-10 22:56:21.360 | INFO     | N/A | ⏳ 等待 Profile 更新任务...
2026-07-10 22:56:26.384 | INFO     | N/A | ⏳ 等待 Profile 更新任务...
2026-07-10 22:56:31.409 | INFO     | N/A | ⏳ 等待 Profile 更新任务...
2026-07-10 22:56:36.434 | INFO     | N/A | ⏳ 等待 Profile 更新任务...
2026-07-10 22:56:41.457 | INFO     | N/A | ⏳ 等待 Profile 更新任务...
2026-07-10 22:56:46.481 | INFO     | N/A | ⏳ 等待 Profile 更新任务...
2026-07-10 22:56:51.505 | INFO     | N/A | ⏳ 等待 Profile 更新任务...
2026-07-10 22:56:56.529 | INFO     | N/A | ⏳ 等待 Profile 更新任务...
2026-07-10 22:57:01.553 | INFO     | N/A | ⏳ 等待 Profile 更新任务...
2026-07-10 22:57:06.578 | INFO     | N/A | ⏳ 等待 Profile 更新任务...
2026-07-10 22:57:11.604 | INFO     | N/A | ⏳ 等待 Profile 更新任务...
2026-07-10 22:57:16.629 | INFO     | N/A | ⏳ 等待 Profile 更新任务...
2026-07-10 22:57:21.653 | INFO     | N/A | ⏳ 等待 Profile 更新任务...
2026-07-10 22:57:26.678 | INFO     | N/A | ⏳ 等待 Profile 更新任务...
2026-07-10 22:57:31.705 | INFO     | N/A | ⏳ 等待 Profile 更新任务...
2026-07-10 22:57:36.730 | INFO     | N/A | ⏳ 等待 Profile 更新任务...
2026-07-10 22:57:41.754 | INFO     | N/A | ⏳ 等待 Profile 更新任务...
2026-07-10 22:57:46.777 | INFO     | N/A | ⏳ 等待 Profile 更新任务...
2026-07-10 22:57:51.804 | INFO     | N/A | ⏳ 等待 Profile 更新任务...
2026-07-10 22:57:56.827 | INFO     | N/A | ⏳ 等待 Profile 更新任务...
2026-07-10 22:58:01.854 | INFO     | N/A | ⏳ 等待 Profile 更新任务...
2026-07-10 22:58:06.878 | INFO     | N/A | ⏳ 等待 Profile 更新任务...
2026-07-10 22:58:11.903 | INFO     | N/A | ⏳ 等待 Profile 更新任务...
2026-07-10 22:58:16.926 | INFO     | N/A | ⏳ 等待 Profile 更新任务...
2026-07-10 22:58:21.952 | INFO     | N/A | ⏳ 等待 Profile 更新任务...
2026-07-10 22:58:26.975 | INFO     | N/A | ⏳ 等待 Profile 更新任务...
2026-07-10 22:58:32.001 | INFO     | N/A | ⏳ 等待 Profile 更新任务...
2026-07-10 22:58:37.026 | INFO     | N/A | ⏳ 等待 Profile 更新任务...
2026-07-10 22:58:42.050 | INFO     | N/A | ⏳ 等待 Profile 更新任务...
2026-07-10 22:58:47.106 | INFO     | N/A | ⏳ 等待 Profile 更新任务...
2026-07-10 22:58:52.142 | INFO     | N/A | ⏳ 等待 Profile 更新任务...
2026-07-10 22:58:57.183 | INFO     | N/A | ⏳ 等待 Profile 更新任务...
2026-07-10 22:59:02.208 | INFO     | N/A | ⏳ 等待 Profile 更新任务...
2026-07-10 22:59:07.233 | INFO     | N/A | ⏳ 等待 Profile 更新任务...
2026-07-10 22:59:12.257 | INFO     | N/A | ⏳ 等待 Profile 更新任务...
2026-07-10 22:59:17.281 | INFO     | N/A | ⏳ 等待 Profile 更新任务...
2026-07-10 22:59:22.307 | INFO     | N/A | ⏳ 等待 Profile 更新任务...
2026-07-10 22:59:27.331 | INFO     | N/A | ⏳ 等待 Profile 更新任务...
2026-07-10 22:59:32.356 | INFO     | N/A | ⏳ 等待 Profile 更新任务...
2026-07-10 22:59:37.378 | INFO     | N/A | ⏳ 等待 Profile 更新任务...
2026-07-10 22:59:42.402 | INFO     | N/A | ⏳ 等待 Profile 更新任务...
2026-07-10 22:59:47.427 | INFO     | N/A | ⏳ 等待 Profile 更新任务...
2026-07-10 22:59:52.451 | INFO     | N/A | ⏳ 等待 Profile 更新任务...
2026-07-10 22:59:57.476 | INFO     | N/A | ⏳ 等待 Profile 更新任务...
2026-07-10 23:00:02.505 | INFO     | N/A | ⏳ 等待 Profile 更新任务...
2026-07-10 23:00:07.530 | INFO     | N/A | ⏳ 等待 Profile 更新任务...
2026-07-10 23:00:12.554 | INFO     | N/A | ⏳ 等待 Profile 更新任务...
2026-07-10 23:00:17.578 | INFO     | N/A | ⏳ 等待 Profile 更新任务...
2026-07-10 23:00:22.603 | INFO     | N/A | ⏳ 等待 Profile 更新任务...
2026-07-10 23:00:27.627 | INFO     | N/A | ⏳ 等待 Profile 更新任务...
2026-07-10 23:00:32.653 | INFO     | N/A | ⏳ 等待 Profile 更新任务...
2026-07-10 23:00:37.676 | INFO     | N/A | ⏳ 等待 Profile 更新任务...
2026-07-10 23:00:42.700 | INFO     | N/A | ⏳ 等待 Profile 更新任务...
2026-07-10 23:00:47.723 | INFO     | N/A | ⏳ 等待 Profile 更新任务...
2026-07-10 23:00:52.747 | INFO     | N/A | ⏳ 等待 Profile 更新任务...
2026-07-10 23:00:57.773 | INFO     | N/A | ⏳ 等待 Profile 更新任务...
2026-07-10 23:01:02.797 | INFO     | N/A | ⏳ 等待 Profile 更新任务...
2026-07-10 23:01:07.824 | INFO     | N/A | ⏳ 等待 Profile 更新任务...
2026-07-10 23:01:12.849 | INFO     | N/A | ⏳ 等待 Profile 更新任务...
2026-07-10 23:01:17.875 | INFO     | N/A | ⏳ 等待 Profile 更新任务...
2026-07-10 23:01:22.900 | INFO     | N/A | ⏳ 等待 Profile 更新任务...
2026-07-10 23:01:27.926 | INFO     | N/A | ⏳ 等待 Profile 更新任务...
2026-07-10 23:01:32.950 | INFO     | N/A | ⏳ 等待 Profile 更新任务...
2026-07-10 23:01:37.975 | INFO     | N/A | ⏳ 等待 Profile 更新任务...
2026-07-10 23:01:42.998 | INFO     | N/A | ⏳ 等待 Profile 更新任务...
2026-07-10 23:01:48.022 | INFO     | N/A | ⏳ 等待 Profile 更新任务...
2026-07-10 23:01:53.045 | INFO     | N/A | ⏳ 等待 Profile 更新任务...
2026-07-10 23:01:58.070 | INFO     | N/A | ⏳ 等待 Profile 更新任务...
2026-07-10 23:02:03.095 | INFO     | N/A | ⏳ 等待 Profile 更新任务...
2026-07-10 23:02:08.121 | INFO     | N/A | ⏳ 等待 Profile 更新任务...
2026-07-10 23:02:13.144 | INFO     | N/A | ⏳ 等待 Profile 更新任务...
2026-07-10 23:02:18.167 | INFO     | N/A | ⏳ 等待 Profile 更新任务...
2026-07-10 23:02:23.192 | INFO     | N/A | ⏳ 等待 Profile 更新任务...
2026-07-10 23:02:28.216 | INFO     | N/A | ⏳ 等待 Profile 更新任务...
2026-07-10 23:02:33.241 | INFO     | N/A | ⏳ 等待 Profile 更新任务...
2026-07-10 23:02:38.265 | INFO     | N/A | ⏳ 等待 Profile 更新任务...
2026-07-10 23:02:43.290 | INFO     | N/A | ⏳ 等待 Profile 更新任务...
2026-07-10 23:02:48.314 | INFO     | N/A | ⏳ 等待 Profile 更新任务...
2026-07-10 23:02:53.338 | INFO     | N/A | ⏳ 等待 Profile 更新任务...
2026-07-10 23:02:58.363 | INFO     | N/A | ⏳ 等待 Profile 更新任务...
2026-07-10 23:03:03.390 | INFO     | N/A | ⏳ 等待 Profile 更新任务...
2026-07-10 23:03:08.415 | INFO     | N/A | ⏳ 等待 Profile 更新任务...
2026-07-10 23:03:13.438 | INFO     | N/A | ⏳ 等待 Profile 更新任务...
2026-07-10 23:03:18.463 | INFO     | N/A | ⏳ 等待 Profile 更新任务...
2026-07-10 23:03:23.488 | INFO     | N/A | ⏳ 等待 Profile 更新任务...
2026-07-10 23:03:28.514 | INFO     | N/A | ⏳ 等待 Profile 更新任务...
2026-07-10 23:03:33.537 | INFO     | N/A | ⏳ 等待 Profile 更新任务...
2026-07-10 23:03:38.560 | INFO     | N/A | ⏳ 等待 Profile 更新任务...
2026-07-10 23:03:43.584 | INFO     | N/A | ⏳ 等待 Profile 更新任务...
2026-07-10 23:03:48.609 | INFO     | N/A | ⏳ 等待 Profile 更新任务...
2026-07-10 23:03:53.632 | INFO     | N/A | ⏳ 等待 Profile 更新任务...
2026-07-10 23:03:58.656 | INFO     | N/A | ⏳ 等待 Profile 更新任务...
2026-07-10 23:04:03.683 | INFO     | N/A | ⏳ 等待 Profile 更新任务...
2026-07-10 23:04:08.709 | INFO     | N/A | ⏳ 等待 Profile 更新任务...
2026-07-10 23:04:13.733 | INFO     | N/A | ⏳ 等待 Profile 更新任务...
2026-07-10 23:04:18.760 | INFO     | N/A | ⏳ 等待 Profile 更新任务...
2026-07-10 23:04:23.783 | INFO     | N/A | ⏳ 等待 Profile 更新任务...
2026-07-10 23:04:28.808 | INFO     | N/A | ⏳ 等待 Profile 更新任务...
2026-07-10 23:04:33.831 | INFO     | N/A | ⏳ 等待 Profile 更新任务...
2026-07-10 23:04:38.854 | INFO     | N/A | ⏳ 等待 Profile 更新任务...
2026-07-10 23:04:43.876 | INFO     | N/A | ⏳ 等待 Profile 更新任务...
2026-07-10 23:04:48.898 | INFO     | N/A | ⏳ 等待 Profile 更新任务...
2026-07-10 23:04:53.920 | INFO     | N/A | ⏳ 等待 Profile 更新任务...
2026-07-10 23:04:58.945 | INFO     | N/A | ⏳ 等待 Profile 更新任务...
2026-07-10 23:05:03.967 | INFO     | N/A | ⏳ 等待 Profile 更新任务...
2026-07-10 23:05:08.991 | INFO     | N/A | ⏳ 等待 Profile 更新任务...
2026-07-10 23:05:14.016 | INFO     | N/A | ⏳ 等待 Profile 更新任务...
2026-07-10 23:05:19.040 | INFO     | N/A | ⏳ 等待 Profile 更新任务...
2026-07-10 23:05:24.066 | INFO     | N/A | ⏳ 等待 Profile 更新任务...
2026-07-10 23:05:29.091 | INFO     | N/A | ⏳ 等待 Profile 更新任务...
2026-07-10 23:05:34.113 | INFO     | N/A | ⏳ 等待 Profile 更新任务...
2026-07-10 23:05:39.134 | INFO     | N/A | ⏳ 等待 Profile 更新任务...
2026-07-10 23:05:44.155 | INFO     | N/A | ⏳ 等待 Profile 更新任务...
2026-07-10 23:05:49.177 | INFO     | N/A | ⏳ 等待 Profile 更新任务...
2026-07-10 23:05:54.199 | INFO     | N/A | ⏳ 等待 Profile 更新任务...
2026-07-10 23:05:59.224 | INFO     | N/A | ⏳ 等待 Profile 更新任务...
2026-07-10 23:06:04.253 | INFO     | N/A | ⏳ 等待 Profile 更新任务...
2026-07-10 23:06:09.276 | INFO     | N/A | ⏳ 等待 Profile 更新任务...
2026-07-10 23:06:14.297 | INFO     | N/A | ⏳ 等待 Profile 更新任务...
2026-07-10 23:06:19.321 | INFO     | N/A | ⏳ 等待 Profile 更新任务...
2026-07-10 23:06:24.346 | INFO     | N/A | ⏳ 等待 Profile 更新任务...
2026-07-10 23:06:29.369 | INFO     | N/A | ⏳ 等待 Profile 更新任务...
2026-07-10 23:06:34.393 | INFO     | N/A | ⏳ 等待 Profile 更新任务...
2026-07-10 23:06:39.415 | INFO     | N/A | ⏳ 等待 Profile 更新任务...
2026-07-10 23:06:44.438 | INFO     | N/A | ⏳ 等待 Profile 更新任务...
2026-07-10 23:06:49.459 | INFO     | N/A | ⏳ 等待 Profile 更新任务...
2026-07-10 23:06:54.483 | INFO     | N/A | ⏳ 等待 Profile 更新任务...
2026-07-10 23:06:59.505 | INFO     | N/A | ⏳ 等待 Profile 更新任务...
2026-07-10 23:07:04.529 | INFO     | N/A | ⏳ 等待 Profile 更新任务...
2026-07-10 23:07:09.552 | INFO     | N/A | ⏳ 等待 Profile 更新任务...
2026-07-10 23:07:14.575 | INFO     | N/A | ⏳ 等待 Profile 更新任务...
2026-07-10 23:07:19.598 | INFO     | N/A | ⏳ 等待 Profile 更新任务...
2026-07-10 23:07:24.621 | INFO     | N/A | ⏳ 等待 Profile 更新任务...
2026-07-10 23:07:29.644 | INFO     | N/A | ⏳ 等待 Profile 更新任务...
2026-07-10 23:07:34.668 | INFO     | N/A | ⏳ 等待 Profile 更新任务...
2026-07-10 23:07:39.689 | INFO     | N/A | ⏳ 等待 Profile 更新任务...
2026-07-10 23:07:44.712 | INFO     | N/A | ⏳ 等待 Profile 更新任务...
2026-07-10 23:07:49.732 | INFO     | N/A | ⏳ 等待 Profile 更新任务...
2026-07-10 23:07:54.754 | INFO     | N/A | ⏳ 等待 Profile 更新任务...
2026-07-10 23:07:59.777 | INFO     | N/A | ⏳ 等待 Profile 更新任务...
2026-07-10 23:08:04.799 | INFO     | N/A | ⏳ 等待 Profile 更新任务...
2026-07-10 23:08:09.822 | INFO     | N/A | ⏳ 等待 Profile 更新任务...
2026-07-10 23:08:14.844 | INFO     | N/A | ⏳ 等待 Profile 更新任务...
2026-07-10 23:08:19.867 | INFO     | N/A | ⏳ 等待 Profile 更新任务...
2026-07-10 23:08:24.890 | INFO     | N/A | ⏳ 等待 Profile 更新任务...
2026-07-10 23:08:29.913 | INFO     | N/A | ⏳ 等待 Profile 更新任务...
2026-07-10 23:08:34.936 | INFO     | N/A | ⏳ 等待 Profile 更新任务...
2026-07-10 23:08:39.960 | INFO     | N/A | ⏳ 等待 Profile 更新任务...
2026-07-10 23:08:44.984 | INFO     | N/A | ⏳ 等待 Profile 更新任务...
2026-07-10 23:08:50.007 | INFO     | N/A | ⏳ 等待 Profile 更新任务...
2026-07-10 23:08:55.030 | INFO     | N/A | ⏳ 等待 Profile 更新任务...
2026-07-10 23:09:00.051 | INFO     | N/A | ⏳ 等待 Profile 更新任务...
2026-07-10 23:09:05.072 | INFO     | N/A | ⏳ 等待 Profile 更新任务...
2026-07-10 23:09:10.097 | INFO     | N/A | ⏳ 等待 Profile 更新任务...
2026-07-10 23:09:15.118 | INFO     | N/A | ⏳ 等待 Profile 更新任务...
2026-07-10 23:09:20.141 | INFO     | N/A | ⏳ 等待 Profile 更新任务...
2026-07-10 23:09:25.163 | INFO     | N/A | ⏳ 等待 Profile 更新任务...
2026-07-10 23:09:30.186 | INFO     | N/A | ⏳ 等待 Profile 更新任务...
2026-07-10 23:09:35.210 | INFO     | N/A | ⏳ 等待 Profile 更新任务...
2026-07-10 23:09:40.235 | INFO     | N/A | ⏳ 等待 Profile 更新任务...
2026-07-10 23:09:45.258 | INFO     | N/A | ⏳ 等待 Profile 更新任务...
2026-07-10 23:09:50.280 | INFO     | N/A | ⏳ 等待 Profile 更新任务...
2026-07-10 23:09:55.302 | INFO     | N/A | ⏳ 等待 Profile 更新任务...
2026-07-10 23:10:00.325 | INFO     | N/A | ⏳ 等待 Profile 更新任务...
2026-07-10 23:10:05.350 | INFO     | N/A | ⏳ 等待 Profile 更新任务...
2026-07-10 23:10:10.375 | INFO     | N/A | ⏳ 等待 Profile 更新任务...
2026-07-10 23:10:15.399 | INFO     | N/A | ⏳ 等待 Profile 更新任务...
2026-07-10 23:10:20.422 | INFO     | N/A | ⏳ 等待 Profile 更新任务...
2026-07-10 23:10:25.446 | INFO     | N/A | ⏳ 等待 Profile 更新任务...
2026-07-10 23:10:30.470 | INFO     | N/A | ⏳ 等待 Profile 更新任务...
2026-07-10 23:10:35.494 | INFO     | N/A | ⏳ 等待 Profile 更新任务...
2026-07-10 23:10:40.518 | INFO     | N/A | ⏳ 等待 Profile 更新任务...
2026-07-10 23:10:45.543 | INFO     | N/A | ⏳ 等待 Profile 更新任务...
2026-07-10 23:10:50.567 | INFO     | N/A | ⏳ 等待 Profile 更新任务...
2026-07-10 23:10:55.590 | INFO     | N/A | ⏳ 等待 Profile 更新任务...
2026-07-10 23:11:00.614 | INFO     | N/A | ⏳ 等待 Profile 更新任务...
2026-07-10 23:11:05.637 | INFO     | N/A | ⏳ 等待 Profile 更新任务...
2026-07-10 23:11:10.664 | INFO     | N/A | ⏳ 等待 Profile 更新任务...
2026-07-10 23:11:15.690 | INFO     | N/A | ⏳ 等待 Profile 更新任务...
2026-07-10 23:11:20.713 | INFO     | N/A | ⏳ 等待 Profile 更新任务...
2026-07-10 23:11:25.734 | INFO     | N/A | ⏳ 等待 Profile 更新任务...
2026-07-10 23:11:30.759 | INFO     | N/A | ⏳ 等待 Profile 更新任务...
2026-07-10 23:11:35.781 | INFO     | N/A | ⏳ 等待 Profile 更新任务...
2026-07-10 23:11:40.802 | INFO     | N/A | ⏳ 等待 Profile 更新任务...
2026-07-10 23:11:45.826 | INFO     | N/A | ⏳ 等待 Profile 更新任务...
2026-07-10 23:11:50.850 | INFO     | N/A | ⏳ 等待 Profile 更新任务...
2026-07-10 23:11:55.874 | INFO     | N/A | ⏳ 等待 Profile 更新任务...
2026-07-10 23:12:00.897 | INFO     | N/A | ⏳ 等待 Profile 更新任务...
2026-07-10 23:12:05.919 | INFO     | N/A | ⏳ 等待 Profile 更新任务...
2026-07-10 23:12:10.947 | INFO     | N/A | ⏳ 等待 Profile 更新任务...
2026-07-10 23:12:15.968 | INFO     | N/A | ⏳ 等待 Profile 更新任务...
2026-07-10 23:12:20.997 | INFO     | N/A | ⏳ 等待 Profile 更新任务...
2026-07-10 23:12:26.021 | INFO     | N/A | ⏳ 等待 Profile 更新任务...
2026-07-10 23:12:31.046 | INFO     | N/A | ⏳ 等待 Profile 更新任务...
2026-07-10 23:12:36.070 | INFO     | N/A | ⏳ 等待 Profile 更新任务...
2026-07-10 23:12:41.094 | INFO     | N/A | ⏳ 等待 Profile 更新任务...
2026-07-10 23:12:46.118 | INFO     | N/A | ⏳ 等待 Profile 更新任务...
2026-07-10 23:12:51.141 | INFO     | N/A | ⏳ 等待 Profile 更新任务...
2026-07-10 23:12:56.165 | INFO     | N/A | ⏳ 等待 Profile 更新任务...
2026-07-10 23:13:01.185 | INFO     | N/A | ⏳ 等待 Profile 更新任务...
2026-07-10 23:13:06.207 | INFO     | N/A | ⏳ 等待 Profile 更新任务...
2026-07-10 23:13:11.232 | INFO     | N/A | ⏳ 等待 Profile 更新任务...
2026-07-10 23:13:16.254 | INFO     | N/A | ⏳ 等待 Profile 更新任务...
2026-07-10 23:13:21.275 | INFO     | N/A | ⏳ 等待 Profile 更新任务...
2026-07-10 23:13:26.299 | INFO     | N/A | ⏳ 等待 Profile 更新任务...
2026-07-10 23:13:31.324 | INFO     | N/A | ⏳ 等待 Profile 更新任务...
2026-07-10 23:13:36.350 | INFO     | N/A | ⏳ 等待 Profile 更新任务...
2026-07-10 23:13:41.375 | INFO     | N/A | ⏳ 等待 Profile 更新任务...
2026-07-10 23:13:46.400 | INFO     | N/A | ⏳ 等待 Profile 更新任务...
2026-07-10 23:13:51.425 | INFO     | N/A | ⏳ 等待 Profile 更新任务...
2026-07-10 23:13:56.448 | INFO     | N/A | ⏳ 等待 Profile 更新任务...
2026-07-10 23:14:01.473 | INFO     | N/A | ⏳ 等待 Profile 更新任务...
2026-07-10 23:14:06.497 | INFO     | N/A | ⏳ 等待 Profile 更新任务...
2026-07-10 23:14:11.522 | INFO     | N/A | ⏳ 等待 Profile 更新任务...
2026-07-10 23:14:16.546 | INFO     | N/A | ⏳ 等待 Profile 更新任务...
2026-07-10 23:14:21.569 | INFO     | N/A | ⏳ 等待 Profile 更新任务...
2026-07-10 23:14:26.591 | INFO     | N/A | ⏳ 等待 Profile 更新任务...
2026-07-10 23:14:31.614 | INFO     | N/A | ⏳ 等待 Profile 更新任务...
2026-07-10 23:14:36.639 | INFO     | N/A | ⏳ 等待 Profile 更新任务...
2026-07-10 23:14:41.660 | INFO     | N/A | ⏳ 等待 Profile 更新任务...
2026-07-10 23:14:46.708 | INFO     | N/A | ⏳ 等待 Profile 更新任务...
2026-07-10 23:14:51.731 | INFO     | N/A | ⏳ 等待 Profile 更新任务...
2026-07-10 23:14:56.754 | INFO     | N/A | ⏳ 等待 Profile 更新任务...
2026-07-10 23:15:01.778 | INFO     | N/A | ⏳ 等待 Profile 更新任务...
2026-07-10 23:15:06.802 | INFO     | N/A | ⏳ 等待 Profile 更新任务...
2026-07-10 23:15:11.825 | INFO     | N/A | ⏳ 等待 Profile 更新任务...
2026-07-10 23:15:16.848 | INFO     | N/A | ⏳ 等待 Profile 更新任务...
2026-07-10 23:15:21.871 | INFO     | N/A | ⏳ 等待 Profile 更新任务...
2026-07-10 23:15:26.893 | INFO     | N/A | ⏳ 等待 Profile 更新任务...
2026-07-10 23:15:31.918 | INFO     | N/A | ⏳ 等待 Profile 更新任务...
2026-07-10 23:15:36.941 | INFO     | N/A | ⏳ 等待 Profile 更新任务...
2026-07-10 23:15:41.964 | INFO     | N/A | ⏳ 等待 Profile 更新任务...
2026-07-10 23:15:46.987 | INFO     | N/A | ⏳ 等待 Profile 更新任务...
2026-07-10 23:15:52.011 | INFO     | N/A | ⏳ 等待 Profile 更新任务...
2026-07-10 23:15:57.036 | INFO     | N/A | ⏳ 等待 Profile 更新任务...
2026-07-10 23:16:02.059 | INFO     | N/A | ⏳ 等待 Profile 更新任务...
2026-07-10 23:16:07.083 | INFO     | N/A | ⏳ 等待 Profile 更新任务...
2026-07-10 23:16:12.106 | INFO     | N/A | ⏳ 等待 Profile 更新任务...
2026-07-10 23:16:17.130 | INFO     | N/A | ⏳ 等待 Profile 更新任务...
2026-07-10 23:16:22.155 | INFO     | N/A | ⏳ 等待 Profile 更新任务...
2026-07-10 23:16:27.180 | INFO     | N/A | ⏳ 等待 Profile 更新任务...
2026-07-10 23:16:32.205 | INFO     | N/A | ⏳ 等待 Profile 更新任务...
2026-07-10 23:16:37.229 | INFO     | N/A | ⏳ 等待 Profile 更新任务...
2026-07-10 23:16:42.252 | INFO     | N/A | ⏳ 等待 Profile 更新任务...
2026-07-10 23:16:47.275 | INFO     | N/A | ⏳ 等待 Profile 更新任务...
2026-07-10 23:16:52.298 | INFO     | N/A | ⏳ 等待 Profile 更新任务...
2026-07-10 23:16:57.321 | INFO     | N/A | ⏳ 等待 Profile 更新任务...
2026-07-10 23:17:02.345 | INFO     | N/A | ⏳ 等待 Profile 更新任务...
2026-07-10 23:17:07.371 | INFO     | N/A | ⏳ 等待 Profile 更新任务...
2026-07-10 23:17:12.393 | INFO     | N/A | ⏳ 等待 Profile 更新任务...
2026-07-10 23:17:17.422 | INFO     | N/A | ⏳ 等待 Profile 更新任务...
2026-07-10 23:17:22.445 | INFO     | N/A | ⏳ 等待 Profile 更新任务...
2026-07-10 23:17:27.468 | INFO     | N/A | ⏳ 等待 Profile 更新任务...
2026-07-10 23:17:32.490 | INFO     | N/A | ⏳ 等待 Profile 更新任务...
2026-07-10 23:17:37.513 | INFO     | N/A | ⏳ 等待 Profile 更新任务...
2026-07-10 23:17:42.535 | INFO     | N/A | ⏳ 等待 Profile 更新任务...
2026-07-10 23:17:47.558 | INFO     | N/A | ⏳ 等待 Profile 更新任务...
2026-07-10 23:17:52.582 | INFO     | N/A | ⏳ 等待 Profile 更新任务...
2026-07-10 23:17:57.605 | INFO     | N/A | ⏳ 等待 Profile 更新任务...
2026-07-10 23:18:02.629 | INFO     | N/A | ⏳ 等待 Profile 更新任务...
2026-07-10 23:18:07.650 | INFO     | N/A | ⏳ 等待 Profile 更新任务...
2026-07-10 23:18:12.674 | INFO     | N/A | ⏳ 等待 Profile 更新任务...
2026-07-10 23:18:17.699 | INFO     | N/A | ⏳ 等待 Profile 更新任务...
2026-07-10 23:18:22.721 | INFO     | N/A | ⏳ 等待 Profile 更新任务...
2026-07-10 23:18:27.745 | INFO     | N/A | ⏳ 等待 Profile 更新任务...
2026-07-10 23:18:32.768 | INFO     | N/A | ⏳ 等待 Profile 更新任务...
2026-07-10 23:18:37.793 | INFO     | N/A | ⏳ 等待 Profile 更新任务...
2026-07-10 23:18:42.815 | INFO     | N/A | ⏳ 等待 Profile 更新任务...
2026-07-10 23:18:47.839 | INFO     | N/A | ⏳ 等待 Profile 更新任务...
2026-07-10 23:18:52.860 | INFO     | N/A | ⏳ 等待 Profile 更新任务...
2026-07-10 23:18:57.882 | INFO     | N/A | ⏳ 等待 Profile 更新任务...
2026-07-10 23:19:02.904 | INFO     | N/A | ⏳ 等待 Profile 更新任务...
2026-07-10 23:19:07.931 | INFO     | N/A | ⏳ 等待 Profile 更新任务...
2026-07-10 23:19:12.953 | INFO     | N/A | ⏳ 等待 Profile 更新任务...
2026-07-10 23:19:17.998 | INFO     | N/A | ⏳ 等待 Profile 更新任务...
2026-07-10 23:19:23.021 | INFO     | N/A | ⏳ 等待 Profile 更新任务...
2026-07-10 23:19:28.044 | INFO     | N/A | ⏳ 等待 Profile 更新任务...
2026-07-10 23:19:33.065 | INFO     | N/A | ⏳ 等待 Profile 更新任务...
2026-07-10 23:19:38.088 | INFO     | N/A | ⏳ 等待 Profile 更新任务...
2026-07-10 23:19:43.110 | INFO     | N/A | ⏳ 等待 Profile 更新任务...
2026-07-10 23:19:48.134 | INFO     | N/A | ⏳ 等待 Profile 更新任务...
2026-07-10 23:19:53.158 | INFO     | N/A | ⏳ 等待 Profile 更新任务...
2026-07-10 23:19:58.182 | INFO     | N/A | ⏳ 等待 Profile 更新任务...
2026-07-10 23:20:03.206 | INFO     | N/A | ⏳ 等待 Profile 更新任务...
2026-07-10 23:20:08.232 | INFO     | N/A | ⏳ 等待 Profile 更新任务...
2026-07-10 23:20:13.256 | INFO     | N/A | ⏳ 等待 Profile 更新任务...
2026-07-10 23:20:18.283 | INFO     | N/A | ⏳ 等待 Profile 更新任务...
2026-07-10 23:20:23.308 | INFO     | N/A | ⏳ 等待 Profile 更新任务...
2026-07-10 23:20:28.331 | INFO     | N/A | ⏳ 等待 Profile 更新任务...
2026-07-10 23:20:33.352 | INFO     | N/A | ⏳ 等待 Profile 更新任务...
2026-07-10 23:20:38.378 | INFO     | N/A | ⏳ 等待 Profile 更新任务...
2026-07-10 23:20:43.402 | INFO     | N/A | ⏳ 等待 Profile 更新任务...
2026-07-10 23:20:48.425 | INFO     | N/A | ⏳ 等待 Profile 更新任务...
2026-07-10 23:20:53.450 | INFO     | N/A | ⏳ 等待 Profile 更新任务...
2026-07-10 23:20:58.471 | INFO     | N/A | ⏳ 等待 Profile 更新任务...
2026-07-10 23:21:03.493 | INFO     | N/A | ⏳ 等待 Profile 更新任务...
2026-07-10 23:21:08.517 | INFO     | N/A | ⏳ 等待 Profile 更新任务...
2026-07-10 23:21:13.540 | INFO     | N/A | ⏳ 等待 Profile 更新任务...
2026-07-10 23:21:18.562 | INFO     | N/A | ⏳ 等待 Profile 更新任务...
2026-07-10 23:21:23.583 | INFO     | N/A | ⏳ 等待 Profile 更新任务...
2026-07-10 23:21:28.605 | INFO     | N/A | ⏳ 等待 Profile 更新任务...
2026-07-10 23:21:33.628 | INFO     | N/A | ⏳ 等待 Profile 更新任务...
2026-07-10 23:21:38.653 | INFO     | N/A | ⏳ 等待 Profile 更新任务...
2026-07-10 23:21:43.675 | INFO     | N/A | ⏳ 等待 Profile 更新任务...
2026-07-10 23:21:48.697 | INFO     | N/A | ⏳ 等待 Profile 更新任务...
2026-07-10 23:21:53.722 | INFO     | N/A | ⏳ 等待 Profile 更新任务...
2026-07-10 23:21:58.744 | INFO     | N/A | ⏳ 等待 Profile 更新任务...
2026-07-10 23:22:03.767 | INFO     | N/A | ⏳ 等待 Profile 更新任务...
2026-07-10 23:22:08.789 | INFO     | N/A | ⏳ 等待 Profile 更新任务...
2026-07-10 23:22:13.814 | INFO     | N/A | ⏳ 等待 Profile 更新任务...
2026-07-10 23:22:18.842 | INFO     | N/A | ⏳ 等待 Profile 更新任务...
2026-07-10 23:22:23.869 | INFO     | N/A | ⏳ 等待 Profile 更新任务...
2026-07-10 23:22:28.894 | INFO     | N/A | ⏳ 等待 Profile 更新任务...
2026-07-10 23:22:33.918 | INFO     | N/A | ⏳ 等待 Profile 更新任务...
2026-07-10 23:22:38.942 | INFO     | N/A | ⏳ 等待 Profile 更新任务...
2026-07-10 23:22:43.964 | INFO     | N/A | ⏳ 等待 Profile 更新任务...
2026-07-10 23:22:48.987 | INFO     | N/A | ⏳ 等待 Profile 更新任务...
2026-07-10 23:22:54.010 | INFO     | N/A | ⏳ 等待 Profile 更新任务...
2026-07-10 23:22:59.033 | INFO     | N/A | ⏳ 等待 Profile 更新任务...
2026-07-10 23:23:04.056 | INFO     | N/A | ⏳ 等待 Profile 更新任务...
2026-07-10 23:23:09.077 | INFO     | N/A | ⏳ 等待 Profile 更新任务...
2026-07-10 23:23:14.102 | INFO     | N/A | ⏳ 等待 Profile 更新任务...
2026-07-10 23:23:19.134 | INFO     | N/A | ⏳ 等待 Profile 更新任务...
2026-07-10 23:23:24.157 | INFO     | N/A | ⏳ 等待 Profile 更新任务...
2026-07-10 23:23:29.178 | INFO     | N/A | ⏳ 等待 Profile 更新任务...
2026-07-10 23:23:34.202 | INFO     | N/A | ⏳ 等待 Profile 更新任务...
2026-07-10 23:23:39.225 | INFO     | N/A | ⏳ 等待 Profile 更新任务...
2026-07-10 23:23:44.247 | INFO     | N/A | ⏳ 等待 Profile 更新任务...
2026-07-10 23:23:49.270 | INFO     | N/A | ⏳ 等待 Profile 更新任务...
2026-07-10 23:23:54.292 | INFO     | N/A | ⏳ 等待 Profile 更新任务...
2026-07-10 23:23:59.314 | INFO     | N/A | ⏳ 等待 Profile 更新任务...
2026-07-10 23:24:04.337 | INFO     | N/A | ⏳ 等待 Profile 更新任务...
2026-07-10 23:24:09.357 | INFO     | N/A | ⏳ 等待 Profile 更新任务...
2026-07-10 23:24:14.380 | INFO     | N/A | ⏳ 等待 Profile 更新任务...
2026-07-10 23:24:19.405 | INFO     | N/A | ⏳ 等待 Profile 更新任务...
2026-07-10 23:24:24.428 | INFO     | N/A | ⏳ 等待 Profile 更新任务...
2026-07-10 23:24:29.450 | INFO     | N/A | ⏳ 等待 Profile 更新任务...
2026-07-10 23:24:34.473 | INFO     | N/A | ⏳ 等待 Profile 更新任务...
2026-07-10 23:24:39.498 | INFO     | N/A | ⏳ 等待 Profile 更新任务...
2026-07-10 23:24:44.521 | INFO     | N/A | ⏳ 等待 Profile 更新任务...
2026-07-10 23:24:49.548 | INFO     | N/A | ⏳ 等待 Profile 更新任务...
2026-07-10 23:24:54.568 | INFO     | N/A | ⏳ 等待 Profile 更新任务...
2026-07-10 23:24:59.594 | INFO     | N/A | ⏳ 等待 Profile 更新任务...
2026-07-10 23:25:04.616 | INFO     | N/A | ⏳ 等待 Profile 更新任务...
2026-07-10 23:25:09.639 | INFO     | N/A | ⏳ 等待 Profile 更新任务...
2026-07-10 23:25:14.663 | INFO     | N/A | ⏳ 等待 Profile 更新任务...
2026-07-10 23:25:19.691 | INFO     | N/A | ⏳ 等待 Profile 更新任务...
2026-07-10 23:25:24.715 | INFO     | N/A | ⏳ 等待 Profile 更新任务...
2026-07-10 23:25:29.739 | INFO     | N/A | ⏳ 等待 Profile 更新任务...
2026-07-10 23:25:34.763 | INFO     | N/A | ⏳ 等待 Profile 更新任务...
2026-07-10 23:25:39.786 | INFO     | N/A | ⏳ 等待 Profile 更新任务...
2026-07-10 23:25:44.810 | INFO     | N/A | ⏳ 等待 Profile 更新任务...
2026-07-10 23:25:49.834 | INFO     | N/A | ⏳ 等待 Profile 更新任务...
2026-07-10 23:25:54.858 | INFO     | N/A | ⏳ 等待 Profile 更新任务...
2026-07-10 23:25:59.884 | INFO     | N/A | ⏳ 等待 Profile 更新任务...
2026-07-10 23:26:04.908 | INFO     | N/A | ⏳ 等待 Profile 更新任务...
2026-07-10 23:26:09.932 | INFO     | N/A | ⏳ 等待 Profile 更新任务...
2026-07-10 23:26:14.956 | INFO     | N/A | ⏳ 等待 Profile 更新任务...
2026-07-10 23:26:19.983 | INFO     | N/A | ⏳ 等待 Profile 更新任务...
2026-07-10 23:26:25.004 | INFO     | N/A | ⏳ 等待 Profile 更新任务...
2026-07-10 23:26:30.028 | INFO     | N/A | ⏳ 等待 Profile 更新任务...
2026-07-10 23:26:35.051 | INFO     | N/A | ⏳ 等待 Profile 更新任务...
2026-07-10 23:26:40.075 | INFO     | N/A | ⏳ 等待 Profile 更新任务...
2026-07-10 23:26:45.099 | INFO     | N/A | ⏳ 等待 Profile 更新任务...
2026-07-10 23:26:50.122 | INFO     | N/A | ⏳ 等待 Profile 更新任务...
2026-07-10 23:26:55.145 | INFO     | N/A | ⏳ 等待 Profile 更新任务...
2026-07-10 23:27:00.168 | INFO     | N/A | ⏳ 等待 Profile 更新任务...
2026-07-10 23:27:05.193 | INFO     | N/A | ⏳ 等待 Profile 更新任务...
2026-07-10 23:27:10.217 | INFO     | N/A | ⏳ 等待 Profile 更新任务...
2026-07-10 23:27:15.240 | INFO     | N/A | ⏳ 等待 Profile 更新任务...
2026-07-10 23:27:20.263 | INFO     | N/A | ⏳ 等待 Profile 更新任务...
2026-07-10 23:27:25.287 | INFO     | N/A | ⏳ 等待 Profile 更新任务...
2026-07-10 23:27:30.312 | INFO     | N/A | ⏳ 等待 Profile 更新任务...
2026-07-10 23:27:35.335 | INFO     | N/A | ⏳ 等待 Profile 更新任务...
2026-07-10 23:27:40.359 | INFO     | N/A | ⏳ 等待 Profile 更新任务...
2026-07-10 23:27:45.381 | INFO     | N/A | ⏳ 等待 Profile 更新任务...
2026-07-10 23:27:50.404 | INFO     | N/A | ⏳ 等待 Profile 更新任务...
2026-07-10 23:27:55.428 | INFO     | N/A | ⏳ 等待 Profile 更新任务...
2026-07-10 23:28:00.451 | INFO     | N/A | ⏳ 等待 Profile 更新任务...
2026-07-10 23:28:05.476 | INFO     | N/A | ⏳ 等待 Profile 更新任务...
2026-07-10 23:28:10.500 | INFO     | N/A | ⏳ 等待 Profile 更新任务...
2026-07-10 23:28:15.523 | INFO     | N/A | ⏳ 等待 Profile 更新任务...
2026-07-10 23:28:20.546 | INFO     | N/A | ⏳ 等待 Profile 更新任务...
2026-07-10 23:28:25.573 | INFO     | N/A | ⏳ 等待 Profile 更新任务...
2026-07-10 23:28:30.596 | INFO     | N/A | ⏳ 等待 Profile 更新任务...
2026-07-10 23:28:35.620 | INFO     | N/A | ⏳ 等待 Profile 更新任务...
2026-07-10 23:28:40.642 | INFO     | N/A | ⏳ 等待 Profile 更新任务...
2026-07-10 23:28:45.665 | INFO     | N/A | ⏳ 等待 Profile 更新任务...
2026-07-10 23:28:50.688 | INFO     | N/A | ⏳ 等待 Profile 更新任务...
2026-07-10 23:28:55.711 | INFO     | N/A | ⏳ 等待 Profile 更新任务...
2026-07-10 23:29:00.736 | INFO     | N/A | ⏳ 等待 Profile 更新任务...
2026-07-10 23:29:05.760 | INFO     | N/A | ⏳ 等待 Profile 更新任务...
2026-07-10 23:29:10.783 | INFO     | N/A | ⏳ 等待 Profile 更新任务...
2026-07-10 23:29:15.807 | INFO     | N/A | ⏳ 等待 Profile 更新任务...
2026-07-10 23:29:20.832 | INFO     | N/A | ⏳ 等待 Profile 更新任务...
2026-07-10 23:29:25.859 | INFO     | N/A | ⏳ 等待 Profile 更新任务...
2026-07-10 23:29:30.883 | INFO     | N/A | ⏳ 等待 Profile 更新任务...
2026-07-10 23:29:35.905 | INFO     | N/A | ⏳ 等待 Profile 更新任务...
2026-07-10 23:29:40.931 | INFO     | N/A | ⏳ 等待 Profile 更新任务...
2026-07-10 23:29:45.954 | INFO     | N/A | ⏳ 等待 Profile 更新任务...
2026-07-10 23:29:50.978 | INFO     | N/A | ⏳ 等待 Profile 更新任务...
2026-07-10 23:29:56.001 | INFO     | N/A | ⏳ 等待 Profile 更新任务...
2026-07-10 23:30:01.029 | INFO     | N/A | ⏳ 等待 Profile 更新任务...
2026-07-10 23:30:06.053 | INFO     | N/A | ⏳ 等待 Profile 更新任务...
2026-07-10 23:30:11.076 | INFO     | N/A | ⏳ 等待 Profile 更新任务...
2026-07-10 23:30:16.098 | INFO     | N/A | ⏳ 等待 Profile 更新任务...
2026-07-10 23:30:21.121 | INFO     | N/A | ⏳ 等待 Profile 更新任务...
2026-07-10 23:30:26.146 | INFO     | N/A | ⏳ 等待 Profile 更新任务...
2026-07-10 23:30:31.169 | INFO     | N/A | ⏳ 等待 Profile 更新任务...
2026-07-10 23:30:36.195 | INFO     | N/A | ⏳ 等待 Profile 更新任务...
2026-07-10 23:30:41.219 | INFO     | N/A | ⏳ 等待 Profile 更新任务...
2026-07-10 23:30:46.242 | INFO     | N/A | ⏳ 等待 Profile 更新任务...
2026-07-10 23:30:51.266 | INFO     | N/A | ⏳ 等待 Profile 更新任务...
2026-07-10 23:30:56.289 | INFO     | N/A | ⏳ 等待 Profile 更新任务...
2026-07-10 23:31:01.312 | INFO     | N/A | ⏳ 等待 Profile 更新任务...
2026-07-10 23:31:06.336 | INFO     | N/A | ⏳ 等待 Profile 更新任务...
2026-07-10 23:31:11.364 | INFO     | N/A | ⏳ 等待 Profile 更新任务...
2026-07-10 23:31:16.386 | INFO     | N/A | ⏳ 等待 Profile 更新任务...
2026-07-10 23:31:21.414 | INFO     | N/A | ⏳ 等待 Profile 更新任务...
2026-07-10 23:31:26.441 | INFO     | N/A | ⏳ 等待 Profile 更新任务...
2026-07-10 23:31:31.464 | INFO     | N/A | ⏳ 等待 Profile 更新任务...
2026-07-10 23:31:36.487 | INFO     | N/A | ⏳ 等待 Profile 更新任务...
2026-07-10 23:31:41.516 | INFO     | N/A | ⏳ 等待 Profile 更新任务...
2026-07-10 23:31:46.538 | INFO     | N/A | ⏳ 等待 Profile 更新任务...
2026-07-10 23:31:51.561 | INFO     | N/A | ⏳ 等待 Profile 更新任务...
2026-07-10 23:31:56.583 | INFO     | N/A | ⏳ 等待 Profile 更新任务...
2026-07-10 23:32:01.606 | INFO     | N/A | ⏳ 等待 Profile 更新任务...
2026-07-10 23:32:06.629 | INFO     | N/A | ⏳ 等待 Profile 更新任务...
2026-07-10 23:32:11.670 | INFO     | N/A | ⏳ 等待 Profile 更新任务...
2026-07-10 23:32:16.693 | INFO     | N/A | ⏳ 等待 Profile 更新任务...
2026-07-10 23:32:21.716 | INFO     | N/A | ⏳ 等待 Profile 更新任务...
2026-07-10 23:32:26.742 | INFO     | N/A | ⏳ 等待 Profile 更新任务...
2026-07-10 23:32:31.763 | INFO     | N/A | ⏳ 等待 Profile 更新任务...
2026-07-10 23:32:36.787 | INFO     | N/A | ⏳ 等待 Profile 更新任务...
2026-07-10 23:32:41.814 | INFO     | N/A | ⏳ 等待 Profile 更新任务...
2026-07-10 23:32:46.837 | INFO     | N/A | ⏳ 等待 Profile 更新任务...
2026-07-10 23:32:51.859 | INFO     | N/A | ⏳ 等待 Profile 更新任务...
2026-07-10 23:32:56.881 | INFO     | N/A | ⏳ 等待 Profile 更新任务...
2026-07-10 23:33:01.904 | INFO     | N/A | ⏳ 等待 Profile 更新任务...
2026-07-10 23:33:06.927 | INFO     | N/A | ⏳ 等待 Profile 更新任务...
2026-07-10 23:33:11.952 | INFO     | N/A | ⏳ 等待 Profile 更新任务...
2026-07-10 23:33:16.976 | INFO     | N/A | ⏳ 等待 Profile 更新任务...
2026-07-10 23:33:22.000 | INFO     | N/A | ⏳ 等待 Profile 更新任务...
2026-07-10 23:33:27.026 | INFO     | N/A | ⏳ 等待 Profile 更新任务...
2026-07-10 23:33:32.048 | INFO     | N/A | ⏳ 等待 Profile 更新任务...
2026-07-10 23:33:37.071 | INFO     | N/A | ⏳ 等待 Profile 更新任务...
2026-07-10 23:33:42.095 | INFO     | N/A | ⏳ 等待 Profile 更新任务...
2026-07-10 23:33:47.117 | INFO     | N/A | ⏳ 等待 Profile 更新任务...
2026-07-10 23:33:52.140 | INFO     | N/A | ⏳ 等待 Profile 更新任务...
2026-07-10 23:33:57.162 | INFO     | N/A | ⏳ 等待 Profile 更新任务...
2026-07-10 23:34:02.184 | INFO     | N/A | ⏳ 等待 Profile 更新任务...
2026-07-10 23:34:07.206 | INFO     | N/A | ⏳ 等待 Profile 更新任务...
2026-07-10 23:34:12.229 | INFO     | N/A | ⏳ 等待 Profile 更新任务...
2026-07-10 23:34:17.252 | INFO     | N/A | ⏳ 等待 Profile 更新任务...
2026-07-10 23:34:22.275 | INFO     | N/A | ⏳ 等待 Profile 更新任务...
2026-07-10 23:34:27.298 | INFO     | N/A | ⏳ 等待 Profile 更新任务...
2026-07-10 23:34:32.321 | INFO     | N/A | ⏳ 等待 Profile 更新任务...
2026-07-10 23:34:37.343 | INFO     | N/A | ⏳ 等待 Profile 更新任务...
2026-07-10 23:34:42.367 | INFO     | N/A | ⏳ 等待 Profile 更新任务...
2026-07-10 23:34:47.390 | INFO     | N/A | ⏳ 等待 Profile 更新任务...
2026-07-10 23:34:52.413 | INFO     | N/A | ⏳ 等待 Profile 更新任务...
2026-07-10 23:34:57.435 | INFO     | N/A | ⏳ 等待 Profile 更新任务...
2026-07-10 23:35:02.458 | INFO     | N/A | ⏳ 等待 Profile 更新任务...
2026-07-10 23:35:07.480 | INFO     | N/A | ⏳ 等待 Profile 更新任务...
2026-07-10 23:35:12.507 | INFO     | N/A | ⏳ 等待 Profile 更新任务...
2026-07-10 23:35:17.531 | INFO     | N/A | ⏳ 等待 Profile 更新任务...
2026-07-10 23:35:22.557 | INFO     | N/A | ⏳ 等待 Profile 更新任务...
2026-07-10 23:35:27.581 | INFO     | N/A | ⏳ 等待 Profile 更新任务...
2026-07-10 23:35:32.627 | INFO     | N/A | ⏳ 等待 Profile 更新任务...
2026-07-10 23:35:37.651 | INFO     | N/A | ⏳ 等待 Profile 更新任务...
2026-07-10 23:35:42.673 | INFO     | N/A | ⏳ 等待 Profile 更新任务...
2026-07-10 23:35:47.695 | INFO     | N/A | ⏳ 等待 Profile 更新任务...
2026-07-10 23:35:52.718 | INFO     | N/A | ⏳ 等待 Profile 更新任务...
2026-07-10 23:35:57.741 | INFO     | N/A | ⏳ 等待 Profile 更新任务...
2026-07-10 23:36:02.768 | INFO     | N/A | ⏳ 等待 Profile 更新任务...
2026-07-10 23:36:07.793 | INFO     | N/A | ⏳ 等待 Profile 更新任务...
2026-07-10 23:36:12.816 | INFO     | N/A | ⏳ 等待 Profile 更新任务...
2026-07-10 23:36:17.840 | INFO     | N/A | ⏳ 等待 Profile 更新任务...
2026-07-10 23:36:22.863 | INFO     | N/A | ⏳ 等待 Profile 更新任务...
2026-07-10 23:36:27.887 | INFO     | N/A | ⏳ 等待 Profile 更新任务...
2026-07-10 23:36:32.910 | INFO     | N/A | ⏳ 等待 Profile 更新任务...
2026-07-10 23:36:37.935 | INFO     | N/A | ⏳ 等待 Profile 更新任务...
2026-07-10 23:36:42.959 | INFO     | N/A | ⏳ 等待 Profile 更新任务...
2026-07-10 23:36:47.982 | INFO     | N/A | ⏳ 等待 Profile 更新任务...
2026-07-10 23:36:53.005 | INFO     | N/A | ⏳ 等待 Profile 更新任务...
2026-07-10 23:36:58.029 | INFO     | N/A | ⏳ 等待 Profile 更新任务...
2026-07-10 23:37:03.053 | INFO     | N/A | ⏳ 等待 Profile 更新任务...
2026-07-10 23:37:08.075 | INFO     | N/A | ⏳ 等待 Profile 更新任务...
2026-07-10 23:37:13.100 | INFO     | N/A | ⏳ 等待 Profile 更新任务...
2026-07-10 23:37:18.123 | INFO     | N/A | ⏳ 等待 Profile 更新任务...
2026-07-10 23:37:23.148 | INFO     | N/A | ⏳ 等待 Profile 更新任务...
2026-07-10 23:37:28.172 | INFO     | N/A | ⏳ 等待 Profile 更新任务...
2026-07-10 23:37:33.197 | INFO     | N/A | ⏳ 等待 Profile 更新任务...
2026-07-10 23:37:38.220 | INFO     | N/A | ⏳ 等待 Profile 更新任务...
2026-07-10 23:37:43.247 | INFO     | N/A | ⏳ 等待 Profile 更新任务...
2026-07-10 23:37:48.272 | INFO     | N/A | ⏳ 等待 Profile 更新任务...
2026-07-10 23:37:53.294 | INFO     | N/A | ⏳ 等待 Profile 更新任务...
2026-07-10 23:37:58.318 | INFO     | N/A | ⏳ 等待 Profile 更新任务...
2026-07-10 23:38:03.342 | INFO     | N/A | ⏳ 等待 Profile 更新任务...
2026-07-10 23:38:08.366 | INFO     | N/A | ⏳ 等待 Profile 更新任务...
2026-07-10 23:38:13.392 | INFO     | N/A | ⏳ 等待 Profile 更新任务...
2026-07-10 23:38:18.416 | INFO     | N/A | ⏳ 等待 Profile 更新任务...
2026-07-10 23:38:23.441 | INFO     | N/A | ⏳ 等待 Profile 更新任务...
2026-07-10 23:38:28.465 | INFO     | N/A | ⏳ 等待 Profile 更新任务...
2026-07-10 23:38:33.489 | INFO     | N/A | ⏳ 等待 Profile 更新任务...
2026-07-10 23:38:38.514 | INFO     | N/A | ⏳ 等待 Profile 更新任务...
2026-07-10 23:38:43.539 | INFO     | N/A | ⏳ 等待 Profile 更新任务...
2026-07-10 23:38:48.564 | INFO     | N/A | ⏳ 等待 Profile 更新任务...
2026-07-10 23:38:53.588 | INFO     | N/A | ⏳ 等待 Profile 更新任务...
2026-07-10 23:38:58.613 | INFO     | N/A | ⏳ 等待 Profile 更新任务...
2026-07-10 23:39:03.636 | INFO     | N/A | ⏳ 等待 Profile 更新任务...
2026-07-10 23:39:08.660 | INFO     | N/A | ⏳ 等待 Profile 更新任务...
2026-07-10 23:39:13.684 | INFO     | N/A | ⏳ 等待 Profile 更新任务...
2026-07-10 23:39:18.708 | INFO     | N/A | ⏳ 等待 Profile 更新任务...
2026-07-10 23:39:23.734 | INFO     | N/A | ⏳ 等待 Profile 更新任务...
2026-07-10 23:39:28.758 | INFO     | N/A | ⏳ 等待 Profile 更新任务...
2026-07-10 23:39:33.786 | INFO     | N/A | ⏳ 等待 Profile 更新任务...
2026-07-10 23:39:38.810 | INFO     | N/A | ⏳ 等待 Profile 更新任务...
2026-07-10 23:39:43.833 | INFO     | N/A | ⏳ 等待 Profile 更新任务...
2026-07-10 23:39:48.858 | INFO     | N/A | ⏳ 等待 Profile 更新任务...
2026-07-10 23:39:53.882 | INFO     | N/A | ⏳ 等待 Profile 更新任务...
2026-07-10 23:39:58.907 | INFO     | N/A | ⏳ 等待 Profile 更新任务...
2026-07-10 23:40:03.932 | INFO     | N/A | ⏳ 等待 Profile 更新任务...
2026-07-10 23:40:08.956 | INFO     | N/A | ⏳ 等待 Profile 更新任务...
2026-07-10 23:40:13.980 | INFO     | N/A | ⏳ 等待 Profile 更新任务...
2026-07-10 23:40:19.004 | INFO     | N/A | ⏳ 等待 Profile 更新任务...
2026-07-10 23:40:24.028 | INFO     | N/A | ⏳ 等待 Profile 更新任务...
2026-07-10 23:40:29.052 | INFO     | N/A | ⏳ 等待 Profile 更新任务...
2026-07-10 23:40:34.077 | INFO     | N/A | ⏳ 等待 Profile 更新任务...
2026-07-10 23:40:39.101 | INFO     | N/A | ⏳ 等待 Profile 更新任务...
2026-07-10 23:40:44.125 | INFO     | N/A | ⏳ 等待 Profile 更新任务...
2026-07-10 23:40:49.149 | INFO     | N/A | ⏳ 等待 Profile 更新任务...
2026-07-10 23:40:54.173 | INFO     | N/A | ⏳ 等待 Profile 更新任务...
2026-07-10 23:40:59.196 | INFO     | N/A | ⏳ 等待 Profile 更新任务...
2026-07-10 23:41:04.218 | INFO     | N/A | ⏳ 等待 Profile 更新任务...
2026-07-10 23:41:09.243 | INFO     | N/A | ⏳ 等待 Profile 更新任务...
2026-07-10 23:41:14.267 | INFO     | N/A | ⏳ 等待 Profile 更新任务...
2026-07-10 23:41:19.291 | INFO     | N/A | ⏳ 等待 Profile 更新任务...
2026-07-10 23:41:24.316 | INFO     | N/A | ⏳ 等待 Profile 更新任务...
2026-07-10 23:41:29.339 | INFO     | N/A | ⏳ 等待 Profile 更新任务...
2026-07-10 23:41:34.366 | INFO     | N/A | ⏳ 等待 Profile 更新任务...
2026-07-10 23:41:39.391 | INFO     | N/A | ⏳ 等待 Profile 更新任务...
2026-07-10 23:41:44.416 | INFO     | N/A | ⏳ 等待 Profile 更新任务...
2026-07-10 23:41:49.440 | INFO     | N/A | ⏳ 等待 Profile 更新任务...
2026-07-10 23:41:54.465 | INFO     | N/A | ⏳ 等待 Profile 更新任务...
2026-07-10 23:41:59.489 | INFO     | N/A | ⏳ 等待 Profile 更新任务...
2026-07-10 23:42:04.512 | INFO     | N/A | ⏳ 等待 Profile 更新任务...
2026-07-10 23:42:09.535 | INFO     | N/A | ⏳ 等待 Profile 更新任务...
2026-07-10 23:42:14.563 | INFO     | N/A | ⏳ 等待 Profile 更新任务...
2026-07-10 23:42:19.585 | INFO     | N/A | ⏳ 等待 Profile 更新任务...
2026-07-10 23:42:24.611 | INFO     | N/A | ⏳ 等待 Profile 更新任务...
2026-07-10 23:42:29.636 | INFO     | N/A | ⏳ 等待 Profile 更新任务...
2026-07-10 23:42:34.663 | INFO     | N/A | ⏳ 等待 Profile 更新任务...
2026-07-10 23:42:39.687 | INFO     | N/A | ⏳ 等待 Profile 更新任务...
2026-07-10 23:42:44.721 | INFO     | N/A | ⏳ 等待 Profile 更新任务...
2026-07-10 23:42:49.745 | INFO     | N/A | ⏳ 等待 Profile 更新任务...
2026-07-10 23:42:54.771 | INFO     | N/A | ⏳ 等待 Profile 更新任务...
2026-07-10 23:42:59.796 | INFO     | N/A | ⏳ 等待 Profile 更新任务...
2026-07-10 23:43:04.822 | INFO     | N/A | ⏳ 等待 Profile 更新任务...
2026-07-10 23:43:09.847 | INFO     | N/A | ⏳ 等待 Profile 更新任务...
2026-07-10 23:43:14.880 | INFO     | N/A | ⏳ 等待 Profile 更新任务...
2026-07-10 23:43:19.905 | INFO     | N/A | ⏳ 等待 Profile 更新任务...
2026-07-10 23:43:24.929 | INFO     | N/A | ⏳ 等待 Profile 更新任务...
2026-07-10 23:43:29.954 | INFO     | N/A | ⏳ 等待 Profile 更新任务...
2026-07-10 23:43:34.979 | INFO     | N/A | ⏳ 等待 Profile 更新任务...
2026-07-10 23:43:40.003 | INFO     | N/A | ⏳ 等待 Profile 更新任务...
2026-07-10 23:43:45.031 | INFO     | N/A | ⏳ 等待 Profile 更新任务...
2026-07-10 23:43:50.056 | INFO     | N/A | ⏳ 等待 Profile 更新任务...
2026-07-10 23:43:55.080 | INFO     | N/A | ⏳ 等待 Profile 更新任务...
2026-07-10 23:44:00.105 | INFO     | N/A | ⏳ 等待 Profile 更新任务...
2026-07-10 23:44:05.129 | INFO     | N/A | ⏳ 等待 Profile 更新任务...
2026-07-10 23:44:10.154 | INFO     | N/A | ⏳ 等待 Profile 更新任务...
2026-07-10 23:44:15.179 | INFO     | N/A | ⏳ 等待 Profile 更新任务...
2026-07-10 23:44:20.202 | INFO     | N/A | ⏳ 等待 Profile 更新任务...
2026-07-10 23:44:25.227 | INFO     | N/A | ⏳ 等待 Profile 更新任务...
2026-07-10 23:44:30.249 | INFO     | N/A | ⏳ 等待 Profile 更新任务...
2026-07-10 23:44:35.273 | INFO     | N/A | ⏳ 等待 Profile 更新任务...
2026-07-10 23:44:40.299 | INFO     | N/A | ⏳ 等待 Profile 更新任务...
2026-07-10 23:44:45.322 | INFO     | N/A | ⏳ 等待 Profile 更新任务...
2026-07-10 23:44:50.355 | INFO     | N/A | ⏳ 等待 Profile 更新任务...
2026-07-10 23:44:55.382 | INFO     | N/A | ⏳ 等待 Profile 更新任务...
2026-07-10 23:45:00.406 | INFO     | N/A | ⏳ 等待 Profile 更新任务...
2026-07-10 23:45:05.430 | INFO     | N/A | ⏳ 等待 Profile 更新任务...
2026-07-10 23:45:10.456 | INFO     | N/A | ⏳ 等待 Profile 更新任务...
2026-07-10 23:45:15.481 | INFO     | N/A | ⏳ 等待 Profile 更新任务...
2026-07-10 23:45:20.505 | INFO     | N/A | ⏳ 等待 Profile 更新任务...
2026-07-10 23:45:25.530 | INFO     | N/A | ⏳ 等待 Profile 更新任务...
2026-07-10 23:45:30.556 | INFO     | N/A | ⏳ 等待 Profile 更新任务...
2026-07-10 23:45:35.580 | INFO     | N/A | ⏳ 等待 Profile 更新任务...
2026-07-10 23:45:40.603 | INFO     | N/A | ⏳ 等待 Profile 更新任务...
2026-07-10 23:45:45.626 | INFO     | N/A | ⏳ 等待 Profile 更新任务...
2026-07-10 23:45:50.649 | INFO     | N/A | ⏳ 等待 Profile 更新任务...
2026-07-10 23:45:55.673 | INFO     | N/A | ⏳ 等待 Profile 更新任务...
2026-07-10 23:46:00.694 | INFO     | N/A | ⏳ 等待 Profile 更新任务...
2026-07-10 23:46:05.719 | INFO     | N/A | ⏳ 等待 Profile 更新任务...
2026-07-10 23:46:10.742 | INFO     | N/A | ⏳ 等待 Profile 更新任务...
2026-07-10 23:46:15.765 | INFO     | N/A | ⏳ 等待 Profile 更新任务...
2026-07-10 23:46:20.787 | INFO     | N/A | ⏳ 等待 Profile 更新任务...
2026-07-10 23:46:25.811 | INFO     | N/A | ⏳ 等待 Profile 更新任务...
2026-07-10 23:46:30.831 | INFO     | N/A | ⏳ 等待 Profile 更新任务...
2026-07-10 23:46:35.854 | INFO     | N/A | ⏳ 等待 Profile 更新任务...
2026-07-10 23:46:40.878 | INFO     | N/A | ⏳ 等待 Profile 更新任务...
2026-07-10 23:46:45.905 | INFO     | N/A | ⏳ 等待 Profile 更新任务...
2026-07-10 23:46:50.930 | INFO     | N/A | ⏳ 等待 Profile 更新任务...
2026-07-10 23:46:55.954 | INFO     | N/A | ⏳ 等待 Profile 更新任务...
2026-07-10 23:47:00.979 | INFO     | N/A | ⏳ 等待 Profile 更新任务...
2026-07-10 23:47:06.001 | INFO     | N/A | ⏳ 等待 Profile 更新任务...
2026-07-10 23:47:11.026 | INFO     | N/A | ⏳ 等待 Profile 更新任务...
2026-07-10 23:47:16.050 | INFO     | N/A | ⏳ 等待 Profile 更新任务...
2026-07-10 23:47:21.077 | INFO     | N/A | ⏳ 等待 Profile 更新任务...
2026-07-10 23:47:26.101 | INFO     | N/A | ⏳ 等待 Profile 更新任务...
2026-07-10 23:47:31.123 | INFO     | N/A | ⏳ 等待 Profile 更新任务...
2026-07-10 23:47:36.156 | INFO     | N/A | ⏳ 等待 Profile 更新任务...
2026-07-10 23:47:41.173 | INFO     | N/A | ⏳ 等待 Profile 更新任务...
2026-07-10 23:47:46.198 | INFO     | N/A | ⏳ 等待 Profile 更新任务...
2026-07-10 23:47:51.221 | INFO     | N/A | ⏳ 等待 Profile 更新任务...
2026-07-10 23:47:56.246 | INFO     | N/A | ⏳ 等待 Profile 更新任务...
2026-07-10 23:48:01.271 | INFO     | N/A | ⏳ 等待 Profile 更新任务...
2026-07-10 23:48:06.295 | INFO     | N/A | ⏳ 等待 Profile 更新任务...
2026-07-10 23:48:11.317 | INFO     | N/A | ⏳ 等待 Profile 更新任务...
2026-07-10 23:48:16.342 | INFO     | N/A | ⏳ 等待 Profile 更新任务...
2026-07-10 23:48:21.365 | INFO     | N/A | ⏳ 等待 Profile 更新任务...
2026-07-10 23:48:26.389 | INFO     | N/A | ⏳ 等待 Profile 更新任务...
2026-07-10 23:48:31.410 | INFO     | N/A | ⏳ 等待 Profile 更新任务...
2026-07-10 23:48:36.435 | INFO     | N/A | ⏳ 等待 Profile 更新任务...
2026-07-10 23:48:41.460 | INFO     | N/A | ⏳ 等待 Profile 更新任务...
2026-07-10 23:48:46.488 | INFO     | N/A | ⏳ 等待 Profile 更新任务...
2026-07-10 23:48:51.511 | INFO     | N/A | ⏳ 等待 Profile 更新任务...
2026-07-10 23:48:56.535 | INFO     | N/A | ⏳ 等待 Profile 更新任务...
2026-07-10 23:49:01.558 | INFO     | N/A | ⏳ 等待 Profile 更新任务...
2026-07-10 23:49:06.581 | INFO     | N/A | ⏳ 等待 Profile 更新任务...
2026-07-10 23:49:11.605 | INFO     | N/A | ⏳ 等待 Profile 更新任务...
2026-07-10 23:49:16.628 | INFO     | N/A | ⏳ 等待 Profile 更新任务...
2026-07-10 23:49:21.653 | INFO     | N/A | ⏳ 等待 Profile 更新任务...
2026-07-10 23:49:26.677 | INFO     | N/A | ⏳ 等待 Profile 更新任务...
2026-07-10 23:49:31.700 | INFO     | N/A | ⏳ 等待 Profile 更新任务...
2026-07-10 23:49:36.723 | INFO     | N/A | ⏳ 等待 Profile 更新任务...
2026-07-10 23:49:41.747 | INFO     | N/A | ⏳ 等待 Profile 更新任务...
2026-07-10 23:49:46.773 | INFO     | N/A | ⏳ 等待 Profile 更新任务...
2026-07-10 23:49:51.795 | INFO     | N/A | ⏳ 等待 Profile 更新任务...
2026-07-10 23:49:56.818 | INFO     | N/A | ⏳ 等待 Profile 更新任务...
2026-07-10 23:50:01.841 | INFO     | N/A | ⏳ 等待 Profile 更新任务...
2026-07-10 23:50:06.864 | INFO     | N/A | ⏳ 等待 Profile 更新任务...
2026-07-10 23:50:11.887 | INFO     | N/A | ⏳ 等待 Profile 更新任务...
2026-07-10 23:50:16.910 | INFO     | N/A | ⏳ 等待 Profile 更新任务...
2026-07-10 23:50:21.934 | INFO     | N/A | ⏳ 等待 Profile 更新任务...
2026-07-10 23:50:26.956 | INFO     | N/A | ⏳ 等待 Profile 更新任务...
2026-07-10 23:50:31.980 | INFO     | N/A | ⏳ 等待 Profile 更新任务...
2026-07-10 23:50:37.004 | INFO     | N/A | ⏳ 等待 Profile 更新任务...
2026-07-10 23:50:42.028 | INFO     | N/A | ⏳ 等待 Profile 更新任务...
2026-07-10 23:50:47.052 | INFO     | N/A | ⏳ 等待 Profile 更新任务...
2026-07-10 23:50:52.075 | INFO     | N/A | ⏳ 等待 Profile 更新任务...
2026-07-10 23:50:57.097 | INFO     | N/A | ⏳ 等待 Profile 更新任务...
2026-07-10 23:51:02.124 | INFO     | N/A | ⏳ 等待 Profile 更新任务...
2026-07-10 23:51:07.147 | INFO     | N/A | ⏳ 等待 Profile 更新任务...
2026-07-10 23:51:12.171 | INFO     | N/A | ⏳ 等待 Profile 更新任务...
2026-07-10 23:51:17.196 | INFO     | N/A | ⏳ 等待 Profile 更新任务...
2026-07-10 23:51:22.220 | INFO     | N/A | ⏳ 等待 Profile 更新任务...
2026-07-10 23:51:27.243 | INFO     | N/A | ⏳ 等待 Profile 更新任务...
2026-07-10 23:51:32.268 | INFO     | N/A | ⏳ 等待 Profile 更新任务...
2026-07-10 23:51:37.295 | INFO     | N/A | ⏳ 等待 Profile 更新任务...
2026-07-10 23:51:42.321 | INFO     | N/A | ⏳ 等待 Profile 更新任务...
2026-07-10 23:51:47.344 | INFO     | N/A | ⏳ 等待 Profile 更新任务...
2026-07-10 23:51:52.367 | INFO     | N/A | ⏳ 等待 Profile 更新任务...
2026-07-10 23:51:57.390 | INFO     | N/A | ⏳ 等待 Profile 更新任务...
2026-07-10 23:52:02.412 | INFO     | N/A | ⏳ 等待 Profile 更新任务...
2026-07-10 23:52:07.434 | INFO     | N/A | ⏳ 等待 Profile 更新任务...
2026-07-10 23:52:12.456 | INFO     | N/A | ⏳ 等待 Profile 更新任务...
2026-07-10 23:52:17.479 | INFO     | N/A | ⏳ 等待 Profile 更新任务...
2026-07-10 23:52:22.503 | INFO     | N/A | ⏳ 等待 Profile 更新任务...
2026-07-10 23:52:27.527 | INFO     | N/A | ⏳ 等待 Profile 更新任务...
2026-07-10 23:52:32.548 | INFO     | N/A | ⏳ 等待 Profile 更新任务...
2026-07-10 23:52:37.573 | INFO     | N/A | ⏳ 等待 Profile 更新任务...
2026-07-10 23:52:42.596 | INFO     | N/A | ⏳ 等待 Profile 更新任务...
2026-07-10 23:52:47.619 | INFO     | N/A | ⏳ 等待 Profile 更新任务...
2026-07-10 23:52:52.642 | INFO     | N/A | ⏳ 等待 Profile 更新任务...
2026-07-10 23:52:57.665 | INFO     | N/A | ⏳ 等待 Profile 更新任务...
2026-07-10 23:53:02.689 | INFO     | N/A | ⏳ 等待 Profile 更新任务...
2026-07-10 23:53:07.711 | INFO     | N/A | ⏳ 等待 Profile 更新任务...
2026-07-10 23:53:12.733 | INFO     | N/A | ⏳ 等待 Profile 更新任务...
2026-07-10 23:53:17.758 | INFO     | N/A | ⏳ 等待 Profile 更新任务...
2026-07-10 23:53:22.783 | INFO     | N/A | ⏳ 等待 Profile 更新任务...
2026-07-10 23:53:27.805 | INFO     | N/A | ⏳ 等待 Profile 更新任务...
2026-07-10 23:53:32.828 | INFO     | N/A | ⏳ 等待 Profile 更新任务...
2026-07-10 23:53:37.852 | INFO     | N/A | ⏳ 等待 Profile 更新任务...
2026-07-10 23:53:42.876 | INFO     | N/A | ⏳ 等待 Profile 更新任务...
2026-07-10 23:53:47.901 | INFO     | N/A | ⏳ 等待 Profile 更新任务...
2026-07-10 23:53:52.922 | INFO     | N/A | ⏳ 等待 Profile 更新任务...
2026-07-10 23:53:57.945 | INFO     | N/A | ⏳ 等待 Profile 更新任务...
2026-07-10 23:54:02.971 | INFO     | N/A | ⏳ 等待 Profile 更新任务...
2026-07-10 23:54:07.995 | INFO     | N/A | ⏳ 等待 Profile 更新任务...
2026-07-10 23:54:13.019 | INFO     | N/A | ⏳ 等待 Profile 更新任务...
2026-07-10 23:54:18.042 | INFO     | N/A | ⏳ 等待 Profile 更新任务...
2026-07-10 23:54:23.070 | INFO     | N/A | ⏳ 等待 Profile 更新任务...
2026-07-10 23:54:28.094 | INFO     | N/A | ⏳ 等待 Profile 更新任务...
2026-07-10 23:54:33.119 | INFO     | N/A | ⏳ 等待 Profile 更新任务...
2026-07-10 23:54:38.144 | INFO     | N/A | ⏳ 等待 Profile 更新任务...
2026-07-10 23:54:43.169 | INFO     | N/A | ⏳ 等待 Profile 更新任务...
2026-07-10 23:54:48.196 | INFO     | N/A | ⏳ 等待 Profile 更新任务...
2026-07-10 23:54:53.220 | INFO     | N/A | ⏳ 等待 Profile 更新任务...
2026-07-10 23:54:58.244 | INFO     | N/A | ⏳ 等待 Profile 更新任务...
2026-07-10 23:55:03.270 | INFO     | N/A | ⏳ 等待 Profile 更新任务...
2026-07-10 23:55:08.295 | INFO     | N/A | ⏳ 等待 Profile 更新任务...
2026-07-10 23:55:13.321 | INFO     | N/A | ⏳ 等待 Profile 更新任务...
2026-07-10 23:55:18.347 | INFO     | N/A | ⏳ 等待 Profile 更新任务...
2026-07-10 23:55:23.371 | INFO     | N/A | ⏳ 等待 Profile 更新任务...
2026-07-10 23:55:28.396 | INFO     | N/A | ⏳ 等待 Profile 更新任务...
2026-07-10 23:55:33.419 | INFO     | N/A | ⏳ 等待 Profile 更新任务...
2026-07-10 23:55:38.442 | INFO     | N/A | ⏳ 等待 Profile 更新任务...
2026-07-10 23:55:43.471 | INFO     | N/A | ⏳ 等待 Profile 更新任务...
2026-07-10 23:55:48.495 | INFO     | N/A | ⏳ 等待 Profile 更新任务...
2026-07-10 23:55:53.519 | INFO     | N/A | ⏳ 等待 Profile 更新任务...
2026-07-10 23:55:58.545 | INFO     | N/A | ⏳ 等待 Profile 更新任务...
2026-07-10 23:56:03.571 | INFO     | N/A | ⏳ 等待 Profile 更新任务...
2026-07-10 23:56:08.594 | INFO     | N/A | ⏳ 等待 Profile 更新任务...
2026-07-10 23:56:13.618 | INFO     | N/A | ⏳ 等待 Profile 更新任务...
2026-07-10 23:56:18.644 | INFO     | N/A | ⏳ 等待 Profile 更新任务...
2026-07-10 23:56:23.668 | INFO     | N/A | ⏳ 等待 Profile 更新任务...
2026-07-10 23:56:28.692 | INFO     | N/A | ⏳ 等待 Profile 更新任务...
2026-07-10 23:56:33.716 | INFO     | N/A | ⏳ 等待 Profile 更新任务...
2026-07-10 23:56:38.741 | INFO     | N/A | ⏳ 等待 Profile 更新任务...
2026-07-10 23:56:43.766 | INFO     | N/A | ⏳ 等待 Profile 更新任务...
2026-07-10 23:56:48.789 | INFO     | N/A | ⏳ 等待 Profile 更新任务...
2026-07-10 23:56:53.812 | INFO     | N/A | ⏳ 等待 Profile 更新任务...
2026-07-10 23:56:58.834 | INFO     | N/A | ⏳ 等待 Profile 更新任务...
2026-07-10 23:57:03.859 | INFO     | N/A | ⏳ 等待 Profile 更新任务...
2026-07-10 23:57:08.881 | INFO     | N/A | ⏳ 等待 Profile 更新任务...
2026-07-10 23:57:13.905 | INFO     | N/A | ⏳ 等待 Profile 更新任务...
2026-07-10 23:57:18.929 | INFO     | N/A | ⏳ 等待 Profile 更新任务...
2026-07-10 23:57:23.953 | INFO     | N/A | ⏳ 等待 Profile 更新任务...
2026-07-10 23:57:28.975 | INFO     | N/A | ⏳ 等待 Profile 更新任务...
2026-07-10 23:57:33.998 | INFO     | N/A | ⏳ 等待 Profile 更新任务...
2026-07-10 23:57:39.023 | INFO     | N/A | ⏳ 等待 Profile 更新任务...
2026-07-10 23:57:44.055 | INFO     | N/A | ⏳ 等待 Profile 更新任务...
2026-07-10 23:57:49.080 | INFO     | N/A | ⏳ 等待 Profile 更新任务...
2026-07-10 23:57:54.103 | INFO     | N/A | ⏳ 等待 Profile 更新任务...
2026-07-10 23:57:59.128 | INFO     | N/A | ⏳ 等待 Profile 更新任务...
2026-07-10 23:58:04.150 | INFO     | N/A | ⏳ 等待 Profile 更新任务...
2026-07-10 23:58:09.174 | INFO     | N/A | ⏳ 等待 Profile 更新任务...
2026-07-10 23:58:14.196 | INFO     | N/A | ⏳ 等待 Profile 更新任务...
2026-07-10 23:58:19.220 | INFO     | N/A | ⏳ 等待 Profile 更新任务...
2026-07-10 23:58:24.243 | INFO     | N/A | ⏳ 等待 Profile 更新任务...
2026-07-10 23:58:29.266 | INFO     | N/A | ⏳ 等待 Profile 更新任务...
2026-07-10 23:58:34.289 | INFO     | N/A | ⏳ 等待 Profile 更新任务...
2026-07-10 23:58:39.311 | INFO     | N/A | ⏳ 等待 Profile 更新任务...
2026-07-10 23:58:44.344 | INFO     | N/A | ⏳ 等待 Profile 更新任务...
2026-07-10 23:58:49.365 | INFO     | N/A | ⏳ 等待 Profile 更新任务...
2026-07-10 23:58:54.389 | INFO     | N/A | ⏳ 等待 Profile 更新任务...
2026-07-10 23:58:59.414 | INFO     | N/A | ⏳ 等待 Profile 更新任务...
2026-07-10 23:59:04.437 | INFO     | N/A | ⏳ 等待 Profile 更新任务...
2026-07-10 23:59:09.461 | INFO     | N/A | ⏳ 等待 Profile 更新任务...
2026-07-10 23:59:14.485 | INFO     | N/A | ⏳ 等待 Profile 更新任务...
2026-07-10 23:59:19.508 | INFO     | N/A | ⏳ 等待 Profile 更新任务...
2026-07-10 23:59:24.531 | INFO     | N/A | ⏳ 等待 Profile 更新任务...
2026-07-10 23:59:29.555 | INFO     | N/A | ⏳ 等待 Profile 更新任务...
2026-07-10 23:59:34.579 | INFO     | N/A | ⏳ 等待 Profile 更新任务...
2026-07-10 23:59:39.599 | INFO     | N/A | ⏳ 等待 Profile 更新任务...
2026-07-10 23:59:44.626 | INFO     | N/A | ⏳ 等待 Profile 更新任务...
