2026-07-24 02:45:04.108 | ERROR    | N/A | Worker 主循环异常: Timeout reading from socket
Traceback (most recent call last):

  File "D:\毕业设计\Travel_python\.venv\Lib\site-packages\redis\_parsers\socket.py", line 64, in _read_from_socket
    data = sock.recv(socket_read_size)

TimeoutError: timed out


During handling of the above exception, another exception occurred:


Traceback (most recent call last):

  File "D:\毕业设计\Travel_python\travel_ai_python\app\service\profile_worker.py", line 194, in <module>
    run_worker()

> File "D:\毕业设计\Travel_python\travel_ai_python\app\service\profile_worker.py", line 169, in run_worker
    task_data = pop_profile_update_task(block=True, timeout=5)

  File "D:\毕业设计\Travel_python\travel_ai_python\app\utils\redis_client.py", line 43, in pop_profile_update_task
    result = redis_client.brpop(PROFILE_UPDATE_QUEUE, timeout=timeout)

  File "D:\毕业设计\Travel_python\.venv\Lib\site-packages\redis\commands\core.py", line 4751, in brpop
    return self.execute_command("BRPOP", *keys)
  File "D:\毕业设计\Travel_python\.venv\Lib\site-packages\redis\client.py", line 787, in execute_command
    return self._execute_command(*args, **options)
  File "D:\毕业设计\Travel_python\.venv\Lib\site-packages\redis\client.py", line 809, in _execute_command
    result = conn.retry.call_with_retry(
  File "D:\毕业设计\Travel_python\.venv\Lib\site-packages\redis\retry.py", line 132, in call_with_retry
    raise error
  File "D:\毕业设计\Travel_python\.venv\Lib\site-packages\redis\retry.py", line 120, in call_with_retry
    return do()
  File "D:\毕业设计\Travel_python\.venv\Lib\site-packages\redis\client.py", line 810, in <lambda>
    lambda: self._send_command_parse_response(
  File "D:\毕业设计\Travel_python\.venv\Lib\site-packages\redis\client.py", line 753, in _send_command_parse_response
    return self.parse_response(conn, command_name, **options)
  File "D:\毕业设计\Travel_python\.venv\Lib\site-packages\redis\client.py", line 853, in parse_response
    response = connection.read_response()
  File "D:\毕业设计\Travel_python\.venv\Lib\site-packages\redis\connection.py", line 1371, in read_response
    response = self._parser.read_response(
  File "D:\毕业设计\Travel_python\.venv\Lib\site-packages\redis\_parsers\resp3.py", line 40, in read_response
    result = self._read_response(
  File "D:\毕业设计\Travel_python\.venv\Lib\site-packages\redis\_parsers\resp3.py", line 65, in _read_response
    raw = self._buffer.readline(timeout=timeout)
  File "D:\毕业设计\Travel_python\.venv\Lib\site-packages\redis\_parsers\socket.py", line 117, in readline
    self._read_from_socket(timeout=timeout)
  File "D:\毕业设计\Travel_python\.venv\Lib\site-packages\redis\_parsers\socket.py", line 77, in _read_from_socket
    raise TimeoutError("Timeout reading from socket")

redis.exceptions.TimeoutError: Timeout reading from socket
2026-07-24 02:45:05.787 | INFO     | N/A | ⏳ 等待 Profile 更新任务...
2026-07-24 09:27:01.026 | ERROR    | N/A | Worker 主循环异常: Timeout connecting to server
Traceback (most recent call last):

  File "D:\毕业设计\Travel_python\.venv\Lib\site-packages\redis\connection.py", line 1033, in connect_check_health
    sock = self._connect()
  File "D:\毕业设计\Travel_python\.venv\Lib\site-packages\redis\connection.py", line 1581, in _connect
    raise err
  File "D:\毕业设计\Travel_python\.venv\Lib\site-packages\redis\connection.py", line 1565, in _connect
    sock.connect(socket_address)

TimeoutError: timed out


During handling of the above exception, another exception occurred:


Traceback (most recent call last):

  File "D:\毕业设计\Travel_python\travel_ai_python\app\service\profile_worker.py", line 194, in <module>
    run_worker()

> File "D:\毕业设计\Travel_python\travel_ai_python\app\service\profile_worker.py", line 169, in run_worker
    task_data = pop_profile_update_task(block=True, timeout=5)

  File "D:\毕业设计\Travel_python\travel_ai_python\app\utils\redis_client.py", line 43, in pop_profile_update_task
    result = redis_client.brpop(PROFILE_UPDATE_QUEUE, timeout=timeout)

  File "D:\毕业设计\Travel_python\.venv\Lib\site-packages\redis\commands\core.py", line 4751, in brpop
    return self.execute_command("BRPOP", *keys)
  File "D:\毕业设计\Travel_python\.venv\Lib\site-packages\redis\client.py", line 787, in execute_command
    return self._execute_command(*args, **options)
  File "D:\毕业设计\Travel_python\.venv\Lib\site-packages\redis\client.py", line 793, in _execute_command
    conn = self.connection or pool.get_connection()
  File "D:\毕业设计\Travel_python\.venv\Lib\site-packages\redis\utils.py", line 258, in wrapper
    return func(*args, **kwargs)
  File "D:\毕业设计\Travel_python\.venv\Lib\site-packages\redis\connection.py", line 3139, in get_connection
    connection.connect()
  File "D:\毕业设计\Travel_python\.venv\Lib\site-packages\redis\connection.py", line 1006, in connect
    self.retry.call_with_retry(
  File "D:\毕业设计\Travel_python\.venv\Lib\site-packages\redis\retry.py", line 132, in call_with_retry
    raise error
  File "D:\毕业设计\Travel_python\.venv\Lib\site-packages\redis\retry.py", line 120, in call_with_retry
    return do()
  File "D:\毕业设计\Travel_python\.venv\Lib\site-packages\redis\connection.py", line 1007, in <lambda>
    lambda: self.connect_check_health(
  File "D:\毕业设计\Travel_python\.venv\Lib\site-packages\redis\connection.py", line 1044, in connect_check_health
    raise e

redis.exceptions.TimeoutError: Timeout connecting to server
2026-07-24 09:27:19.024 | INFO     | N/A | ⏳ 等待 Profile 更新任务...
2026-07-24 09:27:24.139 | INFO     | N/A | ⏳ 等待 Profile 更新任务...
2026-07-24 09:27:29.213 | INFO     | N/A | ⏳ 等待 Profile 更新任务...
2026-07-24 09:27:34.287 | INFO     | N/A | ⏳ 等待 Profile 更新任务...
2026-07-24 09:27:39.357 | INFO     | N/A | ⏳ 等待 Profile 更新任务...
2026-07-24 09:27:44.440 | INFO     | N/A | ⏳ 等待 Profile 更新任务...
2026-07-24 09:27:49.483 | INFO     | N/A | ⏳ 等待 Profile 更新任务...
2026-07-24 09:27:54.500 | INFO     | N/A | ⏳ 等待 Profile 更新任务...
2026-07-24 09:27:59.517 | INFO     | N/A | ⏳ 等待 Profile 更新任务...
2026-07-24 09:28:04.532 | INFO     | N/A | ⏳ 等待 Profile 更新任务...
2026-07-24 09:28:09.548 | INFO     | N/A | ⏳ 等待 Profile 更新任务...
2026-07-24 09:28:14.567 | INFO     | N/A | ⏳ 等待 Profile 更新任务...
2026-07-24 09:28:19.582 | INFO     | N/A | ⏳ 等待 Profile 更新任务...
2026-07-24 09:28:24.597 | INFO     | N/A | ⏳ 等待 Profile 更新任务...
2026-07-24 09:28:29.612 | INFO     | N/A | ⏳ 等待 Profile 更新任务...
2026-07-24 09:28:34.635 | INFO     | N/A | ⏳ 等待 Profile 更新任务...
2026-07-24 09:28:39.659 | INFO     | N/A | ⏳ 等待 Profile 更新任务...
2026-07-24 09:28:44.688 | INFO     | N/A | ⏳ 等待 Profile 更新任务...
2026-07-24 09:28:49.708 | INFO     | N/A | ⏳ 等待 Profile 更新任务...
2026-07-24 09:28:54.733 | INFO     | N/A | ⏳ 等待 Profile 更新任务...
2026-07-24 09:28:59.762 | INFO     | N/A | ⏳ 等待 Profile 更新任务...
2026-07-24 09:29:04.785 | INFO     | N/A | ⏳ 等待 Profile 更新任务...
2026-07-24 09:29:09.807 | INFO     | N/A | ⏳ 等待 Profile 更新任务...
2026-07-24 09:29:14.839 | INFO     | N/A | ⏳ 等待 Profile 更新任务...
2026-07-24 09:29:19.860 | INFO     | N/A | ⏳ 等待 Profile 更新任务...
2026-07-24 09:29:24.881 | INFO     | N/A | ⏳ 等待 Profile 更新任务...
2026-07-24 09:29:29.902 | INFO     | N/A | ⏳ 等待 Profile 更新任务...
2026-07-24 09:29:34.927 | INFO     | N/A | ⏳ 等待 Profile 更新任务...
2026-07-24 09:29:39.934 | INFO     | N/A | ⏳ 等待 Profile 更新任务...
2026-07-24 09:29:44.987 | INFO     | N/A | ⏳ 等待 Profile 更新任务...
2026-07-24 09:29:50.017 | INFO     | N/A | ⏳ 等待 Profile 更新任务...
2026-07-24 09:29:55.044 | INFO     | N/A | ⏳ 等待 Profile 更新任务...
2026-07-24 09:30:00.076 | INFO     | N/A | ⏳ 等待 Profile 更新任务...
2026-07-24 09:30:05.103 | INFO     | N/A | ⏳ 等待 Profile 更新任务...
2026-07-24 09:30:10.128 | INFO     | N/A | ⏳ 等待 Profile 更新任务...
2026-07-24 09:30:15.162 | INFO     | N/A | ⏳ 等待 Profile 更新任务...
2026-07-24 09:30:20.189 | INFO     | N/A | ⏳ 等待 Profile 更新任务...
2026-07-24 09:30:25.212 | INFO     | N/A | ⏳ 等待 Profile 更新任务...
2026-07-24 09:30:29.858 | INFO     | N/A | ⏳ 等待 Profile 更新任务...
2026-07-24 09:30:34.501 | INFO     | N/A | ⏳ 等待 Profile 更新任务...
2026-07-24 09:30:39.189 | INFO     | N/A | ⏳ 等待 Profile 更新任务...
2026-07-24 09:30:44.225 | INFO     | N/A | ⏳ 等待 Profile 更新任务...
2026-07-24 09:30:49.246 | INFO     | N/A | ⏳ 等待 Profile 更新任务...
2026-07-24 09:30:54.268 | INFO     | N/A | ⏳ 等待 Profile 更新任务...
2026-07-24 09:30:59.289 | INFO     | N/A | ⏳ 等待 Profile 更新任务...
2026-07-24 09:31:04.311 | INFO     | N/A | ⏳ 等待 Profile 更新任务...
2026-07-24 09:31:09.338 | INFO     | N/A | ⏳ 等待 Profile 更新任务...
2026-07-24 09:31:14.378 | INFO     | N/A | ⏳ 等待 Profile 更新任务...
2026-07-24 09:31:19.407 | INFO     | N/A | ⏳ 等待 Profile 更新任务...
2026-07-24 09:31:24.431 | INFO     | N/A | ⏳ 等待 Profile 更新任务...
2026-07-24 09:31:29.457 | INFO     | N/A | ⏳ 等待 Profile 更新任务...
2026-07-24 09:31:34.484 | INFO     | N/A | ⏳ 等待 Profile 更新任务...
2026-07-24 09:31:39.509 | INFO     | N/A | ⏳ 等待 Profile 更新任务...
2026-07-24 09:31:44.554 | INFO     | N/A | ⏳ 等待 Profile 更新任务...
2026-07-24 09:31:49.583 | INFO     | N/A | ⏳ 等待 Profile 更新任务...
2026-07-24 09:31:54.613 | INFO     | N/A | ⏳ 等待 Profile 更新任务...
2026-07-24 09:31:59.645 | INFO     | N/A | ⏳ 等待 Profile 更新任务...
2026-07-24 09:32:04.674 | INFO     | N/A | ⏳ 等待 Profile 更新任务...
2026-07-24 09:32:09.702 | INFO     | N/A | ⏳ 等待 Profile 更新任务...
2026-07-24 09:32:14.740 | INFO     | N/A | ⏳ 等待 Profile 更新任务...
2026-07-24 09:32:19.776 | INFO     | N/A | ⏳ 等待 Profile 更新任务...
2026-07-24 09:32:24.804 | INFO     | N/A | ⏳ 等待 Profile 更新任务...
2026-07-24 09:32:29.835 | INFO     | N/A | ⏳ 等待 Profile 更新任务...
2026-07-24 09:32:34.861 | INFO     | N/A | ⏳ 等待 Profile 更新任务...
2026-07-24 09:32:39.888 | INFO     | N/A | ⏳ 等待 Profile 更新任务...
2026-07-24 09:32:44.925 | INFO     | N/A | ⏳ 等待 Profile 更新任务...
2026-07-24 09:32:49.951 | INFO     | N/A | ⏳ 等待 Profile 更新任务...
2026-07-24 09:32:54.975 | INFO     | N/A | ⏳ 等待 Profile 更新任务...
2026-07-24 09:32:59.999 | INFO     | N/A | ⏳ 等待 Profile 更新任务...
2026-07-24 09:33:05.018 | INFO     | N/A | ⏳ 等待 Profile 更新任务...
2026-07-24 09:33:10.038 | INFO     | N/A | ⏳ 等待 Profile 更新任务...
2026-07-24 09:33:15.067 | INFO     | N/A | ⏳ 等待 Profile 更新任务...
2026-07-24 09:33:20.094 | INFO     | N/A | ⏳ 等待 Profile 更新任务...
2026-07-24 09:33:25.120 | INFO     | N/A | ⏳ 等待 Profile 更新任务...
2026-07-24 09:33:30.153 | INFO     | N/A | ⏳ 等待 Profile 更新任务...
2026-07-24 09:33:35.178 | INFO     | N/A | ⏳ 等待 Profile 更新任务...
2026-07-24 09:33:40.204 | INFO     | N/A | ⏳ 等待 Profile 更新任务...
2026-07-24 09:33:45.244 | INFO     | N/A | ⏳ 等待 Profile 更新任务...
2026-07-24 09:33:50.270 | INFO     | N/A | ⏳ 等待 Profile 更新任务...
2026-07-24 09:33:55.294 | INFO     | N/A | ⏳ 等待 Profile 更新任务...
2026-07-24 09:34:00.318 | INFO     | N/A | ⏳ 等待 Profile 更新任务...
2026-07-24 09:34:05.342 | INFO     | N/A | ⏳ 等待 Profile 更新任务...
2026-07-24 09:34:10.368 | INFO     | N/A | ⏳ 等待 Profile 更新任务...
2026-07-24 09:34:15.404 | INFO     | N/A | ⏳ 等待 Profile 更新任务...
2026-07-24 09:34:20.429 | INFO     | N/A | ⏳ 等待 Profile 更新任务...
2026-07-24 09:34:25.456 | INFO     | N/A | ⏳ 等待 Profile 更新任务...
2026-07-24 09:34:30.480 | INFO     | N/A | ⏳ 等待 Profile 更新任务...
2026-07-24 09:34:35.507 | INFO     | N/A | ⏳ 等待 Profile 更新任务...
2026-07-24 09:34:40.531 | INFO     | N/A | ⏳ 等待 Profile 更新任务...
2026-07-24 09:34:45.569 | INFO     | N/A | ⏳ 等待 Profile 更新任务...
2026-07-24 09:34:50.596 | INFO     | N/A | ⏳ 等待 Profile 更新任务...
2026-07-24 09:34:55.619 | INFO     | N/A | ⏳ 等待 Profile 更新任务...
2026-07-24 09:35:00.646 | INFO     | N/A | ⏳ 等待 Profile 更新任务...
2026-07-24 09:35:05.673 | INFO     | N/A | ⏳ 等待 Profile 更新任务...
2026-07-24 09:35:10.698 | INFO     | N/A | ⏳ 等待 Profile 更新任务...
2026-07-24 09:35:15.734 | INFO     | N/A | ⏳ 等待 Profile 更新任务...
2026-07-24 09:35:20.756 | INFO     | N/A | ⏳ 等待 Profile 更新任务...
2026-07-24 09:35:25.784 | INFO     | N/A | ⏳ 等待 Profile 更新任务...
2026-07-24 09:35:30.810 | INFO     | N/A | ⏳ 等待 Profile 更新任务...
2026-07-24 09:35:35.836 | INFO     | N/A | ⏳ 等待 Profile 更新任务...
2026-07-24 09:35:40.842 | INFO     | N/A | ⏳ 等待 Profile 更新任务...
2026-07-24 09:35:45.897 | INFO     | N/A | ⏳ 等待 Profile 更新任务...
2026-07-24 09:35:50.924 | INFO     | N/A | ⏳ 等待 Profile 更新任务...
2026-07-24 09:35:55.949 | INFO     | N/A | ⏳ 等待 Profile 更新任务...
2026-07-24 09:36:00.973 | INFO     | N/A | ⏳ 等待 Profile 更新任务...
2026-07-24 09:36:05.998 | INFO     | N/A | ⏳ 等待 Profile 更新任务...
2026-07-24 09:36:11.024 | INFO     | N/A | ⏳ 等待 Profile 更新任务...
2026-07-24 09:36:16.059 | INFO     | N/A | ⏳ 等待 Profile 更新任务...
2026-07-24 09:36:21.084 | INFO     | N/A | ⏳ 等待 Profile 更新任务...
2026-07-24 09:36:26.104 | INFO     | N/A | ⏳ 等待 Profile 更新任务...
2026-07-24 09:36:31.126 | INFO     | N/A | ⏳ 等待 Profile 更新任务...
2026-07-24 09:36:36.147 | INFO     | N/A | ⏳ 等待 Profile 更新任务...
2026-07-24 09:36:41.167 | INFO     | N/A | ⏳ 等待 Profile 更新任务...
2026-07-24 09:36:46.199 | INFO     | N/A | ⏳ 等待 Profile 更新任务...
2026-07-24 09:36:51.221 | INFO     | N/A | ⏳ 等待 Profile 更新任务...
2026-07-24 09:36:56.244 | INFO     | N/A | ⏳ 等待 Profile 更新任务...
2026-07-24 09:37:01.265 | INFO     | N/A | ⏳ 等待 Profile 更新任务...
2026-07-24 09:37:06.296 | INFO     | N/A | ⏳ 等待 Profile 更新任务...
2026-07-24 09:37:11.318 | INFO     | N/A | ⏳ 等待 Profile 更新任务...
2026-07-24 09:37:16.349 | INFO     | N/A | ⏳ 等待 Profile 更新任务...
2026-07-24 09:37:21.373 | INFO     | N/A | ⏳ 等待 Profile 更新任务...
2026-07-24 09:37:26.394 | INFO     | N/A | ⏳ 等待 Profile 更新任务...
2026-07-24 09:37:31.418 | INFO     | N/A | ⏳ 等待 Profile 更新任务...
2026-07-24 09:37:36.439 | INFO     | N/A | ⏳ 等待 Profile 更新任务...
2026-07-24 09:37:41.461 | INFO     | N/A | ⏳ 等待 Profile 更新任务...
2026-07-24 09:37:46.490 | INFO     | N/A | ⏳ 等待 Profile 更新任务...
2026-07-24 09:37:51.511 | INFO     | N/A | ⏳ 等待 Profile 更新任务...
2026-07-24 09:37:56.533 | INFO     | N/A | ⏳ 等待 Profile 更新任务...
2026-07-24 09:38:01.556 | INFO     | N/A | ⏳ 等待 Profile 更新任务...
2026-07-24 09:38:06.579 | INFO     | N/A | ⏳ 等待 Profile 更新任务...
2026-07-24 09:38:11.602 | INFO     | N/A | ⏳ 等待 Profile 更新任务...
2026-07-24 09:38:16.632 | INFO     | N/A | ⏳ 等待 Profile 更新任务...
2026-07-24 09:38:21.654 | INFO     | N/A | ⏳ 等待 Profile 更新任务...
2026-07-24 09:38:26.677 | INFO     | N/A | ⏳ 等待 Profile 更新任务...
2026-07-24 09:38:31.698 | INFO     | N/A | ⏳ 等待 Profile 更新任务...
2026-07-24 09:38:36.721 | INFO     | N/A | ⏳ 等待 Profile 更新任务...
2026-07-24 09:38:41.745 | INFO     | N/A | ⏳ 等待 Profile 更新任务...
2026-07-24 09:38:46.783 | INFO     | N/A | ⏳ 等待 Profile 更新任务...
2026-07-24 09:38:51.806 | INFO     | N/A | ⏳ 等待 Profile 更新任务...
2026-07-24 09:38:56.830 | INFO     | N/A | ⏳ 等待 Profile 更新任务...
2026-07-24 09:39:01.855 | INFO     | N/A | ⏳ 等待 Profile 更新任务...
2026-07-24 09:39:06.882 | INFO     | N/A | ⏳ 等待 Profile 更新任务...
2026-07-24 09:39:11.909 | INFO     | N/A | ⏳ 等待 Profile 更新任务...
2026-07-24 09:39:16.941 | INFO     | N/A | ⏳ 等待 Profile 更新任务...
2026-07-24 09:39:21.964 | INFO     | N/A | ⏳ 等待 Profile 更新任务...
2026-07-24 09:39:26.989 | INFO     | N/A | ⏳ 等待 Profile 更新任务...
2026-07-24 09:39:32.013 | INFO     | N/A | ⏳ 等待 Profile 更新任务...
2026-07-24 09:39:37.039 | INFO     | N/A | ⏳ 等待 Profile 更新任务...
2026-07-24 09:39:42.064 | INFO     | N/A | ⏳ 等待 Profile 更新任务...
2026-07-24 09:39:47.094 | INFO     | N/A | ⏳ 等待 Profile 更新任务...
2026-07-24 09:39:52.124 | INFO     | N/A | ⏳ 等待 Profile 更新任务...
2026-07-24 09:39:57.149 | INFO     | N/A | ⏳ 等待 Profile 更新任务...
2026-07-24 09:40:02.175 | INFO     | N/A | ⏳ 等待 Profile 更新任务...
2026-07-24 09:40:07.199 | INFO     | N/A | ⏳ 等待 Profile 更新任务...
2026-07-24 09:40:12.228 | INFO     | N/A | ⏳ 等待 Profile 更新任务...
2026-07-24 09:40:17.258 | INFO     | N/A | ⏳ 等待 Profile 更新任务...
2026-07-24 09:40:22.282 | INFO     | N/A | ⏳ 等待 Profile 更新任务...
2026-07-24 09:40:27.309 | INFO     | N/A | ⏳ 等待 Profile 更新任务...
2026-07-24 09:40:32.337 | INFO     | N/A | ⏳ 等待 Profile 更新任务...
2026-07-24 09:40:37.363 | INFO     | N/A | ⏳ 等待 Profile 更新任务...
2026-07-24 09:40:42.388 | INFO     | N/A | ⏳ 等待 Profile 更新任务...
2026-07-24 09:40:47.421 | INFO     | N/A | ⏳ 等待 Profile 更新任务...
2026-07-24 09:40:52.449 | INFO     | N/A | ⏳ 等待 Profile 更新任务...
2026-07-24 09:40:57.473 | INFO     | N/A | ⏳ 等待 Profile 更新任务...
2026-07-24 09:41:02.498 | INFO     | N/A | ⏳ 等待 Profile 更新任务...
2026-07-24 09:41:07.524 | INFO     | N/A | ⏳ 等待 Profile 更新任务...
2026-07-24 09:41:12.554 | INFO     | N/A | ⏳ 等待 Profile 更新任务...
2026-07-24 09:41:17.585 | INFO     | N/A | ⏳ 等待 Profile 更新任务...
2026-07-24 09:41:22.608 | INFO     | N/A | ⏳ 等待 Profile 更新任务...
2026-07-24 09:41:27.634 | INFO     | N/A | ⏳ 等待 Profile 更新任务...
2026-07-24 09:41:32.661 | INFO     | N/A | ⏳ 等待 Profile 更新任务...
2026-07-24 09:41:37.686 | INFO     | N/A | ⏳ 等待 Profile 更新任务...
2026-07-24 09:41:42.712 | INFO     | N/A | ⏳ 等待 Profile 更新任务...
2026-07-24 09:41:47.745 | INFO     | N/A | ⏳ 等待 Profile 更新任务...
2026-07-24 09:41:52.768 | INFO     | N/A | ⏳ 等待 Profile 更新任务...
2026-07-24 09:41:57.795 | INFO     | N/A | ⏳ 等待 Profile 更新任务...
2026-07-24 09:42:02.818 | INFO     | N/A | ⏳ 等待 Profile 更新任务...
2026-07-24 09:42:07.841 | INFO     | N/A | ⏳ 等待 Profile 更新任务...
2026-07-24 09:42:12.868 | INFO     | N/A | ⏳ 等待 Profile 更新任务...
2026-07-24 09:42:17.900 | INFO     | N/A | ⏳ 等待 Profile 更新任务...
2026-07-24 09:42:22.923 | INFO     | N/A | ⏳ 等待 Profile 更新任务...
2026-07-24 09:42:27.976 | INFO     | N/A | ⏳ 等待 Profile 更新任务...
2026-07-24 09:42:33.000 | INFO     | N/A | ⏳ 等待 Profile 更新任务...
2026-07-24 09:42:38.025 | INFO     | N/A | ⏳ 等待 Profile 更新任务...
2026-07-24 09:42:43.055 | INFO     | N/A | ⏳ 等待 Profile 更新任务...
2026-07-24 09:42:48.087 | INFO     | N/A | ⏳ 等待 Profile 更新任务...
2026-07-24 09:42:53.112 | INFO     | N/A | ⏳ 等待 Profile 更新任务...
2026-07-24 09:42:58.138 | INFO     | N/A | ⏳ 等待 Profile 更新任务...
2026-07-24 09:43:03.167 | INFO     | N/A | ⏳ 等待 Profile 更新任务...
2026-07-24 09:43:08.190 | INFO     | N/A | ⏳ 等待 Profile 更新任务...
2026-07-24 09:43:13.220 | INFO     | N/A | ⏳ 等待 Profile 更新任务...
2026-07-24 09:43:18.253 | INFO     | N/A | ⏳ 等待 Profile 更新任务...
2026-07-24 09:43:23.277 | INFO     | N/A | ⏳ 等待 Profile 更新任务...
2026-07-24 09:43:28.302 | INFO     | N/A | ⏳ 等待 Profile 更新任务...
2026-07-24 09:43:33.330 | INFO     | N/A | ⏳ 等待 Profile 更新任务...
2026-07-24 09:43:38.353 | INFO     | N/A | ⏳ 等待 Profile 更新任务...
2026-07-24 09:43:43.386 | INFO     | N/A | ⏳ 等待 Profile 更新任务...
2026-07-24 09:43:48.419 | INFO     | N/A | ⏳ 等待 Profile 更新任务...
2026-07-24 09:43:53.443 | INFO     | N/A | ⏳ 等待 Profile 更新任务...
2026-07-24 09:43:58.467 | INFO     | N/A | ⏳ 等待 Profile 更新任务...
2026-07-24 09:44:03.489 | INFO     | N/A | ⏳ 等待 Profile 更新任务...
2026-07-24 09:44:08.515 | INFO     | N/A | ⏳ 等待 Profile 更新任务...
2026-07-24 09:44:13.542 | INFO     | N/A | ⏳ 等待 Profile 更新任务...
2026-07-24 09:44:18.570 | INFO     | N/A | ⏳ 等待 Profile 更新任务...
2026-07-24 09:44:23.595 | INFO     | N/A | ⏳ 等待 Profile 更新任务...
2026-07-24 09:44:28.622 | INFO     | N/A | ⏳ 等待 Profile 更新任务...
2026-07-24 09:44:33.649 | INFO     | N/A | ⏳ 等待 Profile 更新任务...
2026-07-24 09:44:38.674 | INFO     | N/A | ⏳ 等待 Profile 更新任务...
2026-07-24 09:44:43.703 | INFO     | N/A | ⏳ 等待 Profile 更新任务...
2026-07-24 09:44:48.734 | INFO     | N/A | ⏳ 等待 Profile 更新任务...
2026-07-24 09:44:53.758 | INFO     | N/A | ⏳ 等待 Profile 更新任务...
2026-07-24 09:44:58.782 | INFO     | N/A | ⏳ 等待 Profile 更新任务...
2026-07-24 09:45:03.807 | INFO     | N/A | ⏳ 等待 Profile 更新任务...
2026-07-24 09:45:08.861 | INFO     | N/A | ⏳ 等待 Profile 更新任务...
2026-07-24 09:45:13.897 | INFO     | N/A | ⏳ 等待 Profile 更新任务...
2026-07-24 09:45:18.927 | INFO     | N/A | ⏳ 等待 Profile 更新任务...
2026-07-24 09:45:23.950 | INFO     | N/A | ⏳ 等待 Profile 更新任务...
2026-07-24 09:45:28.974 | INFO     | N/A | ⏳ 等待 Profile 更新任务...
2026-07-24 09:45:33.999 | INFO     | N/A | ⏳ 等待 Profile 更新任务...
2026-07-24 09:45:39.024 | INFO     | N/A | ⏳ 等待 Profile 更新任务...
2026-07-24 09:45:44.039 | INFO     | N/A | ⏳ 等待 Profile 更新任务...
2026-07-24 09:45:49.086 | INFO     | N/A | ⏳ 等待 Profile 更新任务...
2026-07-24 09:45:54.110 | INFO     | N/A | ⏳ 等待 Profile 更新任务...
2026-07-24 09:45:59.133 | INFO     | N/A | ⏳ 等待 Profile 更新任务...
2026-07-24 09:46:04.154 | INFO     | N/A | ⏳ 等待 Profile 更新任务...
2026-07-24 09:46:09.179 | INFO     | N/A | ⏳ 等待 Profile 更新任务...
2026-07-24 09:46:14.209 | INFO     | N/A | ⏳ 等待 Profile 更新任务...
2026-07-24 09:46:19.239 | INFO     | N/A | ⏳ 等待 Profile 更新任务...
2026-07-24 09:46:24.281 | INFO     | N/A | ⏳ 等待 Profile 更新任务...
2026-07-24 09:46:29.306 | INFO     | N/A | ⏳ 等待 Profile 更新任务...
2026-07-24 09:46:34.333 | INFO     | N/A | ⏳ 等待 Profile 更新任务...
2026-07-24 09:46:39.358 | INFO     | N/A | ⏳ 等待 Profile 更新任务...
2026-07-24 09:46:44.391 | INFO     | N/A | ⏳ 等待 Profile 更新任务...
2026-07-24 09:46:49.423 | INFO     | N/A | ⏳ 等待 Profile 更新任务...
2026-07-24 09:46:54.446 | INFO     | N/A | ⏳ 等待 Profile 更新任务...
2026-07-24 09:46:59.473 | INFO     | N/A | ⏳ 等待 Profile 更新任务...
2026-07-24 09:47:04.497 | INFO     | N/A | ⏳ 等待 Profile 更新任务...
2026-07-24 09:47:09.523 | INFO     | N/A | ⏳ 等待 Profile 更新任务...
2026-07-24 09:47:14.541 | INFO     | N/A | ⏳ 等待 Profile 更新任务...
2026-07-24 09:47:19.584 | INFO     | N/A | ⏳ 等待 Profile 更新任务...
2026-07-24 09:47:24.608 | INFO     | N/A | ⏳ 等待 Profile 更新任务...
2026-07-24 09:47:29.633 | INFO     | N/A | ⏳ 等待 Profile 更新任务...
2026-07-24 09:47:34.657 | INFO     | N/A | ⏳ 等待 Profile 更新任务...
2026-07-24 09:47:39.684 | INFO     | N/A | ⏳ 等待 Profile 更新任务...
2026-07-24 09:47:44.717 | INFO     | N/A | ⏳ 等待 Profile 更新任务...
2026-07-24 09:47:49.748 | INFO     | N/A | ⏳ 等待 Profile 更新任务...
2026-07-24 09:47:54.772 | INFO     | N/A | ⏳ 等待 Profile 更新任务...
2026-07-24 09:47:59.796 | INFO     | N/A | ⏳ 等待 Profile 更新任务...
2026-07-24 09:48:04.819 | INFO     | N/A | ⏳ 等待 Profile 更新任务...
2026-07-24 09:48:09.844 | INFO     | N/A | ⏳ 等待 Profile 更新任务...
2026-07-24 09:48:14.879 | INFO     | N/A | ⏳ 等待 Profile 更新任务...
2026-07-24 09:48:19.905 | INFO     | N/A | ⏳ 等待 Profile 更新任务...
2026-07-24 09:48:24.931 | INFO     | N/A | ⏳ 等待 Profile 更新任务...
2026-07-24 09:48:29.956 | INFO     | N/A | ⏳ 等待 Profile 更新任务...
2026-07-24 09:48:34.982 | INFO     | N/A | ⏳ 等待 Profile 更新任务...
2026-07-24 09:48:40.009 | INFO     | N/A | ⏳ 等待 Profile 更新任务...
2026-07-24 09:48:45.041 | INFO     | N/A | ⏳ 等待 Profile 更新任务...
2026-07-24 09:48:50.068 | INFO     | N/A | ⏳ 等待 Profile 更新任务...
2026-07-24 09:48:55.092 | INFO     | N/A | ⏳ 等待 Profile 更新任务...
2026-07-24 09:49:00.118 | INFO     | N/A | ⏳ 等待 Profile 更新任务...
2026-07-24 09:49:05.143 | INFO     | N/A | ⏳ 等待 Profile 更新任务...
2026-07-24 09:49:10.167 | INFO     | N/A | ⏳ 等待 Profile 更新任务...
2026-07-24 09:49:15.203 | INFO     | N/A | ⏳ 等待 Profile 更新任务...
2026-07-24 09:49:20.230 | INFO     | N/A | ⏳ 等待 Profile 更新任务...
2026-07-24 09:49:25.256 | INFO     | N/A | ⏳ 等待 Profile 更新任务...
2026-07-24 09:49:30.278 | INFO     | N/A | ⏳ 等待 Profile 更新任务...
2026-07-24 09:49:35.302 | INFO     | N/A | ⏳ 等待 Profile 更新任务...
2026-07-24 09:49:40.326 | INFO     | N/A | ⏳ 等待 Profile 更新任务...
2026-07-24 09:49:45.358 | INFO     | N/A | ⏳ 等待 Profile 更新任务...
2026-07-24 09:49:50.386 | INFO     | N/A | ⏳ 等待 Profile 更新任务...
2026-07-24 09:49:55.410 | INFO     | N/A | ⏳ 等待 Profile 更新任务...
2026-07-24 09:50:00.433 | INFO     | N/A | ⏳ 等待 Profile 更新任务...
2026-07-24 09:50:05.461 | INFO     | N/A | ⏳ 等待 Profile 更新任务...
2026-07-24 09:50:10.486 | INFO     | N/A | ⏳ 等待 Profile 更新任务...
2026-07-24 09:50:15.516 | INFO     | N/A | ⏳ 等待 Profile 更新任务...
2026-07-24 09:50:20.543 | INFO     | N/A | ⏳ 等待 Profile 更新任务...
2026-07-24 09:50:25.566 | INFO     | N/A | ⏳ 等待 Profile 更新任务...
2026-07-24 09:50:30.591 | INFO     | N/A | ⏳ 等待 Profile 更新任务...
2026-07-24 09:50:35.613 | INFO     | N/A | ⏳ 等待 Profile 更新任务...
2026-07-24 09:50:40.639 | INFO     | N/A | ⏳ 等待 Profile 更新任务...
2026-07-24 09:50:45.674 | INFO     | N/A | ⏳ 等待 Profile 更新任务...
2026-07-24 09:50:50.697 | INFO     | N/A | ⏳ 等待 Profile 更新任务...
2026-07-24 09:50:55.713 | INFO     | N/A | ⏳ 等待 Profile 更新任务...
2026-07-24 09:51:00.732 | INFO     | N/A | ⏳ 等待 Profile 更新任务...
2026-07-24 09:51:05.755 | INFO     | N/A | ⏳ 等待 Profile 更新任务...
2026-07-24 09:51:10.778 | INFO     | N/A | ⏳ 等待 Profile 更新任务...
2026-07-24 09:51:15.812 | INFO     | N/A | ⏳ 等待 Profile 更新任务...
2026-07-24 09:51:20.836 | INFO     | N/A | ⏳ 等待 Profile 更新任务...
2026-07-24 09:51:25.864 | INFO     | N/A | ⏳ 等待 Profile 更新任务...
2026-07-24 09:51:30.888 | INFO     | N/A | ⏳ 等待 Profile 更新任务...
2026-07-24 09:51:35.913 | INFO     | N/A | ⏳ 等待 Profile 更新任务...
2026-07-24 09:51:40.938 | INFO     | N/A | ⏳ 等待 Profile 更新任务...
2026-07-24 09:51:45.978 | INFO     | N/A | ⏳ 等待 Profile 更新任务...
2026-07-24 09:51:51.003 | INFO     | N/A | ⏳ 等待 Profile 更新任务...
2026-07-24 09:51:56.027 | INFO     | N/A | ⏳ 等待 Profile 更新任务...
2026-07-24 09:52:01.051 | INFO     | N/A | ⏳ 等待 Profile 更新任务...
2026-07-24 09:52:06.075 | INFO     | N/A | ⏳ 等待 Profile 更新任务...
2026-07-24 09:52:11.101 | INFO     | N/A | ⏳ 等待 Profile 更新任务...
2026-07-24 09:52:16.135 | INFO     | N/A | ⏳ 等待 Profile 更新任务...
2026-07-24 09:52:21.162 | INFO     | N/A | ⏳ 等待 Profile 更新任务...
2026-07-24 09:52:26.187 | INFO     | N/A | ⏳ 等待 Profile 更新任务...
2026-07-24 09:52:31.210 | INFO     | N/A | ⏳ 等待 Profile 更新任务...
2026-07-24 09:52:36.235 | INFO     | N/A | ⏳ 等待 Profile 更新任务...
2026-07-24 09:52:41.261 | INFO     | N/A | ⏳ 等待 Profile 更新任务...
2026-07-24 09:52:46.293 | INFO     | N/A | ⏳ 等待 Profile 更新任务...
2026-07-24 09:52:51.320 | INFO     | N/A | ⏳ 等待 Profile 更新任务...
2026-07-24 09:52:56.344 | INFO     | N/A | ⏳ 等待 Profile 更新任务...
2026-07-24 09:53:01.369 | INFO     | N/A | ⏳ 等待 Profile 更新任务...
2026-07-24 09:53:06.395 | INFO     | N/A | ⏳ 等待 Profile 更新任务...
2026-07-24 09:53:11.418 | INFO     | N/A | ⏳ 等待 Profile 更新任务...
2026-07-24 09:53:16.444 | INFO     | N/A | ⏳ 等待 Profile 更新任务...
2026-07-24 09:53:21.475 | INFO     | N/A | ⏳ 等待 Profile 更新任务...
2026-07-24 09:53:26.498 | INFO     | N/A | ⏳ 等待 Profile 更新任务...
2026-07-24 09:53:31.521 | INFO     | N/A | ⏳ 等待 Profile 更新任务...
2026-07-24 09:53:36.546 | INFO     | N/A | ⏳ 等待 Profile 更新任务...
2026-07-24 09:53:41.571 | INFO     | N/A | ⏳ 等待 Profile 更新任务...
2026-07-24 09:53:46.608 | INFO     | N/A | ⏳ 等待 Profile 更新任务...
2026-07-24 09:53:51.633 | INFO     | N/A | ⏳ 等待 Profile 更新任务...
2026-07-24 09:53:56.659 | INFO     | N/A | ⏳ 等待 Profile 更新任务...
2026-07-24 09:54:01.682 | INFO     | N/A | ⏳ 等待 Profile 更新任务...
2026-07-24 09:54:06.706 | INFO     | N/A | ⏳ 等待 Profile 更新任务...
2026-07-24 09:54:11.730 | INFO     | N/A | ⏳ 等待 Profile 更新任务...
2026-07-24 09:54:16.762 | INFO     | N/A | ⏳ 等待 Profile 更新任务...
2026-07-24 09:54:21.789 | INFO     | N/A | ⏳ 等待 Profile 更新任务...
2026-07-24 09:54:26.812 | INFO     | N/A | ⏳ 等待 Profile 更新任务...
2026-07-24 09:54:31.836 | INFO     | N/A | ⏳ 等待 Profile 更新任务...
2026-07-24 09:54:36.861 | INFO     | N/A | ⏳ 等待 Profile 更新任务...
2026-07-24 09:54:41.884 | INFO     | N/A | ⏳ 等待 Profile 更新任务...
2026-07-24 09:54:46.922 | INFO     | N/A | ⏳ 等待 Profile 更新任务...
2026-07-24 09:54:51.946 | INFO     | N/A | ⏳ 等待 Profile 更新任务...
2026-07-24 09:54:56.970 | INFO     | N/A | ⏳ 等待 Profile 更新任务...
2026-07-24 09:55:01.995 | INFO     | N/A | ⏳ 等待 Profile 更新任务...
2026-07-24 09:55:07.021 | INFO     | N/A | ⏳ 等待 Profile 更新任务...
2026-07-24 09:55:12.052 | INFO     | N/A | ⏳ 等待 Profile 更新任务...
2026-07-24 09:55:17.090 | INFO     | N/A | ⏳ 等待 Profile 更新任务...
2026-07-24 09:55:22.117 | INFO     | N/A | ⏳ 等待 Profile 更新任务...
2026-07-24 09:55:27.169 | INFO     | N/A | ⏳ 等待 Profile 更新任务...
2026-07-24 09:55:32.195 | INFO     | N/A | ⏳ 等待 Profile 更新任务...
2026-07-24 09:55:37.219 | INFO     | N/A | ⏳ 等待 Profile 更新任务...
2026-07-24 09:55:42.244 | INFO     | N/A | ⏳ 等待 Profile 更新任务...
2026-07-24 09:55:47.275 | INFO     | N/A | ⏳ 等待 Profile 更新任务...
2026-07-24 09:55:52.298 | INFO     | N/A | ⏳ 等待 Profile 更新任务...
2026-07-24 09:55:57.323 | INFO     | N/A | ⏳ 等待 Profile 更新任务...
2026-07-24 09:56:02.348 | INFO     | N/A | ⏳ 等待 Profile 更新任务...
2026-07-24 09:56:07.374 | INFO     | N/A | ⏳ 等待 Profile 更新任务...
2026-07-24 09:56:12.399 | INFO     | N/A | ⏳ 等待 Profile 更新任务...
2026-07-24 09:56:17.436 | INFO     | N/A | ⏳ 等待 Profile 更新任务...
2026-07-24 09:56:22.461 | INFO     | N/A | ⏳ 等待 Profile 更新任务...
2026-07-24 09:56:27.486 | INFO     | N/A | ⏳ 等待 Profile 更新任务...
2026-07-24 09:56:32.513 | INFO     | N/A | ⏳ 等待 Profile 更新任务...
2026-07-24 09:56:37.536 | INFO     | N/A | ⏳ 等待 Profile 更新任务...
2026-07-24 09:56:42.564 | INFO     | N/A | ⏳ 等待 Profile 更新任务...
2026-07-24 09:56:47.601 | INFO     | N/A | ⏳ 等待 Profile 更新任务...
2026-07-24 09:56:52.622 | INFO     | N/A | ⏳ 等待 Profile 更新任务...
2026-07-24 09:56:57.647 | INFO     | N/A | ⏳ 等待 Profile 更新任务...
2026-07-24 09:57:02.671 | INFO     | N/A | ⏳ 等待 Profile 更新任务...
2026-07-24 09:57:07.697 | INFO     | N/A | ⏳ 等待 Profile 更新任务...
2026-07-24 09:57:12.721 | INFO     | N/A | ⏳ 等待 Profile 更新任务...
2026-07-24 09:57:17.756 | INFO     | N/A | ⏳ 等待 Profile 更新任务...
2026-07-24 09:57:22.782 | INFO     | N/A | ⏳ 等待 Profile 更新任务...
2026-07-24 09:57:27.804 | INFO     | N/A | ⏳ 等待 Profile 更新任务...
2026-07-24 09:57:32.829 | INFO     | N/A | ⏳ 等待 Profile 更新任务...
2026-07-24 09:57:37.853 | INFO     | N/A | ⏳ 等待 Profile 更新任务...
2026-07-24 09:57:42.878 | INFO     | N/A | ⏳ 等待 Profile 更新任务...
2026-07-24 09:57:47.914 | INFO     | N/A | ⏳ 等待 Profile 更新任务...
2026-07-24 09:57:52.937 | INFO     | N/A | ⏳ 等待 Profile 更新任务...
2026-07-24 09:57:57.960 | INFO     | N/A | ⏳ 等待 Profile 更新任务...
2026-07-24 09:58:02.986 | INFO     | N/A | ⏳ 等待 Profile 更新任务...
2026-07-24 09:58:08.013 | INFO     | N/A | ⏳ 等待 Profile 更新任务...
2026-07-24 09:58:13.039 | INFO     | N/A | ⏳ 等待 Profile 更新任务...
2026-07-24 09:58:18.108 | INFO     | N/A | ⏳ 等待 Profile 更新任务...
2026-07-24 09:58:23.133 | INFO     | N/A | ⏳ 等待 Profile 更新任务...
2026-07-24 09:58:28.159 | INFO     | N/A | ⏳ 等待 Profile 更新任务...
2026-07-24 09:58:33.184 | INFO     | N/A | ⏳ 等待 Profile 更新任务...
2026-07-24 09:58:38.207 | INFO     | N/A | ⏳ 等待 Profile 更新任务...
2026-07-24 09:58:43.230 | INFO     | N/A | ⏳ 等待 Profile 更新任务...
2026-07-24 09:58:48.268 | INFO     | N/A | ⏳ 等待 Profile 更新任务...
2026-07-24 09:58:53.292 | INFO     | N/A | ⏳ 等待 Profile 更新任务...
2026-07-24 09:58:58.317 | INFO     | N/A | ⏳ 等待 Profile 更新任务...
2026-07-24 09:59:03.340 | INFO     | N/A | ⏳ 等待 Profile 更新任务...
2026-07-24 09:59:08.367 | INFO     | N/A | ⏳ 等待 Profile 更新任务...
2026-07-24 09:59:13.391 | INFO     | N/A | ⏳ 等待 Profile 更新任务...
2026-07-24 09:59:18.428 | INFO     | N/A | ⏳ 等待 Profile 更新任务...
2026-07-24 09:59:23.453 | INFO     | N/A | ⏳ 等待 Profile 更新任务...
2026-07-24 09:59:28.475 | INFO     | N/A | ⏳ 等待 Profile 更新任务...
2026-07-24 09:59:33.502 | INFO     | N/A | ⏳ 等待 Profile 更新任务...
2026-07-24 09:59:38.527 | INFO     | N/A | ⏳ 等待 Profile 更新任务...
2026-07-24 09:59:43.551 | INFO     | N/A | ⏳ 等待 Profile 更新任务...
2026-07-24 09:59:48.589 | INFO     | N/A | ⏳ 等待 Profile 更新任务...
2026-07-24 09:59:53.615 | INFO     | N/A | ⏳ 等待 Profile 更新任务...
2026-07-24 09:59:58.637 | INFO     | N/A | ⏳ 等待 Profile 更新任务...
2026-07-24 10:00:03.663 | INFO     | N/A | ⏳ 等待 Profile 更新任务...
2026-07-24 10:00:08.688 | INFO     | N/A | ⏳ 等待 Profile 更新任务...
2026-07-24 10:00:13.717 | INFO     | N/A | ⏳ 等待 Profile 更新任务...
2026-07-24 10:00:18.751 | INFO     | N/A | ⏳ 等待 Profile 更新任务...
2026-07-24 10:00:23.777 | INFO     | N/A | ⏳ 等待 Profile 更新任务...
2026-07-24 10:00:28.803 | INFO     | N/A | ⏳ 等待 Profile 更新任务...
2026-07-24 10:00:33.831 | INFO     | N/A | ⏳ 等待 Profile 更新任务...
2026-07-24 10:00:38.856 | INFO     | N/A | ⏳ 等待 Profile 更新任务...
2026-07-24 10:00:43.880 | INFO     | N/A | ⏳ 等待 Profile 更新任务...
2026-07-24 10:00:48.918 | INFO     | N/A | ⏳ 等待 Profile 更新任务...
2026-07-24 10:00:53.944 | INFO     | N/A | ⏳ 等待 Profile 更新任务...
2026-07-24 10:00:58.970 | INFO     | N/A | ⏳ 等待 Profile 更新任务...
2026-07-24 10:01:03.993 | INFO     | N/A | ⏳ 等待 Profile 更新任务...
2026-07-24 10:01:09.018 | INFO     | N/A | ⏳ 等待 Profile 更新任务...
2026-07-24 10:01:14.042 | INFO     | N/A | ⏳ 等待 Profile 更新任务...
2026-07-24 10:01:19.077 | INFO     | N/A | ⏳ 等待 Profile 更新任务...
2026-07-24 10:01:24.100 | INFO     | N/A | ⏳ 等待 Profile 更新任务...
2026-07-24 10:01:29.124 | INFO     | N/A | ⏳ 等待 Profile 更新任务...
2026-07-24 10:01:34.151 | INFO     | N/A | ⏳ 等待 Profile 更新任务...
2026-07-24 10:01:39.175 | INFO     | N/A | ⏳ 等待 Profile 更新任务...
2026-07-24 10:01:44.200 | INFO     | N/A | ⏳ 等待 Profile 更新任务...
2026-07-24 10:01:49.240 | INFO     | N/A | ⏳ 等待 Profile 更新任务...
2026-07-24 10:01:54.264 | INFO     | N/A | ⏳ 等待 Profile 更新任务...
2026-07-24 10:01:59.289 | INFO     | N/A | ⏳ 等待 Profile 更新任务...
2026-07-24 10:02:04.312 | INFO     | N/A | ⏳ 等待 Profile 更新任务...
2026-07-24 10:02:09.336 | INFO     | N/A | ⏳ 等待 Profile 更新任务...
2026-07-24 10:02:14.360 | INFO     | N/A | ⏳ 等待 Profile 更新任务...
2026-07-24 10:02:19.397 | INFO     | N/A | ⏳ 等待 Profile 更新任务...
2026-07-24 10:02:24.420 | INFO     | N/A | ⏳ 等待 Profile 更新任务...
2026-07-24 10:02:29.444 | INFO     | N/A | ⏳ 等待 Profile 更新任务...
2026-07-24 10:02:34.470 | INFO     | N/A | ⏳ 等待 Profile 更新任务...
2026-07-24 10:02:39.496 | INFO     | N/A | ⏳ 等待 Profile 更新任务...
2026-07-24 10:02:44.523 | INFO     | N/A | ⏳ 等待 Profile 更新任务...
2026-07-24 10:02:49.560 | INFO     | N/A | ⏳ 等待 Profile 更新任务...
2026-07-24 10:02:54.587 | INFO     | N/A | ⏳ 等待 Profile 更新任务...
2026-07-24 10:02:59.614 | INFO     | N/A | ⏳ 等待 Profile 更新任务...
2026-07-24 10:03:04.638 | INFO     | N/A | ⏳ 等待 Profile 更新任务...
2026-07-24 10:03:09.662 | INFO     | N/A | ⏳ 等待 Profile 更新任务...
2026-07-24 10:03:14.688 | INFO     | N/A | ⏳ 等待 Profile 更新任务...
2026-07-24 10:03:19.726 | INFO     | N/A | ⏳ 等待 Profile 更新任务...
2026-07-24 10:03:24.752 | INFO     | N/A | ⏳ 等待 Profile 更新任务...
2026-07-24 10:03:29.777 | INFO     | N/A | ⏳ 等待 Profile 更新任务...
2026-07-24 10:03:34.802 | INFO     | N/A | ⏳ 等待 Profile 更新任务...
2026-07-24 10:03:39.829 | INFO     | N/A | ⏳ 等待 Profile 更新任务...
2026-07-24 10:03:44.855 | INFO     | N/A | ⏳ 等待 Profile 更新任务...
2026-07-24 10:03:49.891 | INFO     | N/A | ⏳ 等待 Profile 更新任务...
2026-07-24 10:03:54.916 | INFO     | N/A | ⏳ 等待 Profile 更新任务...
2026-07-24 10:03:59.940 | INFO     | N/A | ⏳ 等待 Profile 更新任务...
2026-07-24 10:04:04.967 | INFO     | N/A | ⏳ 等待 Profile 更新任务...
2026-07-24 10:04:09.991 | INFO     | N/A | ⏳ 等待 Profile 更新任务...
2026-07-24 10:04:15.017 | INFO     | N/A | ⏳ 等待 Profile 更新任务...
2026-07-24 10:04:20.052 | INFO     | N/A | ⏳ 等待 Profile 更新任务...
2026-07-24 10:04:25.078 | INFO     | N/A | ⏳ 等待 Profile 更新任务...
2026-07-24 10:04:30.100 | INFO     | N/A | ⏳ 等待 Profile 更新任务...
2026-07-24 10:04:35.125 | INFO     | N/A | ⏳ 等待 Profile 更新任务...
2026-07-24 10:04:40.151 | INFO     | N/A | ⏳ 等待 Profile 更新任务...
2026-07-24 10:04:45.177 | INFO     | N/A | ⏳ 等待 Profile 更新任务...
2026-07-24 10:04:50.209 | INFO     | N/A | ⏳ 等待 Profile 更新任务...
2026-07-24 10:04:55.234 | INFO     | N/A | ⏳ 等待 Profile 更新任务...
2026-07-24 10:05:00.260 | INFO     | N/A | ⏳ 等待 Profile 更新任务...
2026-07-24 10:05:05.285 | INFO     | N/A | ⏳ 等待 Profile 更新任务...
2026-07-24 10:05:10.310 | INFO     | N/A | ⏳ 等待 Profile 更新任务...
2026-07-24 10:05:15.335 | INFO     | N/A | ⏳ 等待 Profile 更新任务...
2026-07-24 10:05:20.369 | INFO     | N/A | ⏳ 等待 Profile 更新任务...
2026-07-24 10:05:25.391 | INFO     | N/A | ⏳ 等待 Profile 更新任务...
2026-07-24 10:05:30.432 | INFO     | N/A | ⏳ 等待 Profile 更新任务...
2026-07-24 10:05:35.457 | INFO     | N/A | ⏳ 等待 Profile 更新任务...
2026-07-24 10:05:40.481 | INFO     | N/A | ⏳ 等待 Profile 更新任务...
2026-07-24 10:05:45.506 | INFO     | N/A | ⏳ 等待 Profile 更新任务...
2026-07-24 10:05:50.543 | INFO     | N/A | ⏳ 等待 Profile 更新任务...
2026-07-24 10:05:55.567 | INFO     | N/A | ⏳ 等待 Profile 更新任务...
2026-07-24 10:06:00.590 | INFO     | N/A | ⏳ 等待 Profile 更新任务...
2026-07-24 10:06:05.611 | INFO     | N/A | ⏳ 等待 Profile 更新任务...
2026-07-24 10:06:10.636 | INFO     | N/A | ⏳ 等待 Profile 更新任务...
2026-07-24 10:06:15.661 | INFO     | N/A | ⏳ 等待 Profile 更新任务...
2026-07-24 10:06:20.700 | INFO     | N/A | ⏳ 等待 Profile 更新任务...
2026-07-24 10:06:25.724 | INFO     | N/A | ⏳ 等待 Profile 更新任务...
2026-07-24 10:06:30.749 | INFO     | N/A | ⏳ 等待 Profile 更新任务...
2026-07-24 10:06:35.774 | INFO     | N/A | ⏳ 等待 Profile 更新任务...
2026-07-24 10:06:40.800 | INFO     | N/A | ⏳ 等待 Profile 更新任务...
2026-07-24 10:06:45.824 | INFO     | N/A | ⏳ 等待 Profile 更新任务...
2026-07-24 10:06:50.859 | INFO     | N/A | ⏳ 等待 Profile 更新任务...
2026-07-24 10:06:55.884 | INFO     | N/A | ⏳ 等待 Profile 更新任务...
2026-07-24 10:07:00.907 | INFO     | N/A | ⏳ 等待 Profile 更新任务...
2026-07-24 10:07:05.931 | INFO     | N/A | ⏳ 等待 Profile 更新任务...
2026-07-24 10:07:10.954 | INFO     | N/A | ⏳ 等待 Profile 更新任务...
2026-07-24 10:07:15.980 | INFO     | N/A | ⏳ 等待 Profile 更新任务...
2026-07-24 10:07:21.016 | INFO     | N/A | ⏳ 等待 Profile 更新任务...
2026-07-24 10:07:26.038 | INFO     | N/A | ⏳ 等待 Profile 更新任务...
2026-07-24 10:07:31.065 | INFO     | N/A | ⏳ 等待 Profile 更新任务...
2026-07-24 10:07:36.089 | INFO     | N/A | ⏳ 等待 Profile 更新任务...
2026-07-24 10:07:41.114 | INFO     | N/A | ⏳ 等待 Profile 更新任务...
2026-07-24 10:07:46.138 | INFO     | N/A | ⏳ 等待 Profile 更新任务...
2026-07-24 10:07:51.173 | INFO     | N/A | ⏳ 等待 Profile 更新任务...
2026-07-24 10:07:56.198 | INFO     | N/A | ⏳ 等待 Profile 更新任务...
2026-07-24 10:08:01.221 | INFO     | N/A | ⏳ 等待 Profile 更新任务...
2026-07-24 10:08:06.245 | INFO     | N/A | ⏳ 等待 Profile 更新任务...
2026-07-24 10:08:11.271 | INFO     | N/A | ⏳ 等待 Profile 更新任务...
2026-07-24 10:08:16.298 | INFO     | N/A | ⏳ 等待 Profile 更新任务...
2026-07-24 10:08:21.333 | INFO     | N/A | ⏳ 等待 Profile 更新任务...
2026-07-24 10:08:26.358 | INFO     | N/A | ⏳ 等待 Profile 更新任务...
2026-07-24 10:08:31.383 | INFO     | N/A | ⏳ 等待 Profile 更新任务...
2026-07-24 10:08:36.407 | INFO     | N/A | ⏳ 等待 Profile 更新任务...
2026-07-24 10:08:41.432 | INFO     | N/A | ⏳ 等待 Profile 更新任务...
2026-07-24 10:08:46.456 | INFO     | N/A | ⏳ 等待 Profile 更新任务...
2026-07-24 10:08:51.493 | INFO     | N/A | ⏳ 等待 Profile 更新任务...
2026-07-24 10:08:56.515 | INFO     | N/A | ⏳ 等待 Profile 更新任务...
2026-07-24 10:09:01.538 | INFO     | N/A | ⏳ 等待 Profile 更新任务...
2026-07-24 10:09:06.563 | INFO     | N/A | ⏳ 等待 Profile 更新任务...
2026-07-24 10:09:11.589 | INFO     | N/A | ⏳ 等待 Profile 更新任务...
2026-07-24 10:09:16.610 | INFO     | N/A | ⏳ 等待 Profile 更新任务...
2026-07-24 10:09:21.644 | INFO     | N/A | ⏳ 等待 Profile 更新任务...
2026-07-24 10:09:26.669 | INFO     | N/A | ⏳ 等待 Profile 更新任务...
2026-07-24 10:09:31.695 | INFO     | N/A | ⏳ 等待 Profile 更新任务...
2026-07-24 10:09:36.718 | INFO     | N/A | ⏳ 等待 Profile 更新任务...
2026-07-24 10:09:41.742 | INFO     | N/A | ⏳ 等待 Profile 更新任务...
2026-07-24 10:09:46.768 | INFO     | N/A | ⏳ 等待 Profile 更新任务...
2026-07-24 10:09:51.803 | INFO     | N/A | ⏳ 等待 Profile 更新任务...
2026-07-24 10:09:56.829 | INFO     | N/A | ⏳ 等待 Profile 更新任务...
2026-07-24 10:10:01.853 | INFO     | N/A | ⏳ 等待 Profile 更新任务...
2026-07-24 10:10:06.876 | INFO     | N/A | ⏳ 等待 Profile 更新任务...
2026-07-24 10:10:11.901 | INFO     | N/A | ⏳ 等待 Profile 更新任务...
2026-07-24 10:10:16.928 | INFO     | N/A | ⏳ 等待 Profile 更新任务...
2026-07-24 10:10:21.966 | INFO     | N/A | ⏳ 等待 Profile 更新任务...
2026-07-24 10:10:26.991 | INFO     | N/A | ⏳ 等待 Profile 更新任务...
2026-07-24 10:10:32.014 | INFO     | N/A | ⏳ 等待 Profile 更新任务...
2026-07-24 10:10:37.040 | INFO     | N/A | ⏳ 等待 Profile 更新任务...
2026-07-24 10:10:42.066 | INFO     | N/A | ⏳ 等待 Profile 更新任务...
2026-07-24 10:10:47.092 | INFO     | N/A | ⏳ 等待 Profile 更新任务...
2026-07-24 10:10:52.126 | INFO     | N/A | ⏳ 等待 Profile 更新任务...
2026-07-24 10:10:57.152 | INFO     | N/A | ⏳ 等待 Profile 更新任务...
2026-07-24 10:11:02.180 | INFO     | N/A | ⏳ 等待 Profile 更新任务...
2026-07-24 10:11:07.202 | INFO     | N/A | ⏳ 等待 Profile 更新任务...
2026-07-24 10:11:12.227 | INFO     | N/A | ⏳ 等待 Profile 更新任务...
2026-07-24 10:11:17.252 | INFO     | N/A | ⏳ 等待 Profile 更新任务...
2026-07-24 10:11:22.284 | INFO     | N/A | ⏳ 等待 Profile 更新任务...
2026-07-24 10:11:27.310 | INFO     | N/A | ⏳ 等待 Profile 更新任务...
2026-07-24 10:11:32.336 | INFO     | N/A | ⏳ 等待 Profile 更新任务...
2026-07-24 10:11:37.366 | INFO     | N/A | ⏳ 等待 Profile 更新任务...
2026-07-24 10:11:42.393 | INFO     | N/A | ⏳ 等待 Profile 更新任务...
2026-07-24 10:11:47.418 | INFO     | N/A | ⏳ 等待 Profile 更新任务...
2026-07-24 10:11:52.454 | INFO     | N/A | ⏳ 等待 Profile 更新任务...
2026-07-24 10:11:57.479 | INFO     | N/A | ⏳ 等待 Profile 更新任务...
2026-07-24 10:12:02.503 | INFO     | N/A | ⏳ 等待 Profile 更新任务...
2026-07-24 10:12:07.529 | INFO     | N/A | ⏳ 等待 Profile 更新任务...
2026-07-24 10:12:12.558 | INFO     | N/A | ⏳ 等待 Profile 更新任务...
2026-07-24 10:12:17.584 | INFO     | N/A | ⏳ 等待 Profile 更新任务...
2026-07-24 10:12:22.617 | INFO     | N/A | ⏳ 等待 Profile 更新任务...
2026-07-24 10:12:27.640 | INFO     | N/A | ⏳ 等待 Profile 更新任务...
2026-07-24 10:12:32.663 | INFO     | N/A | ⏳ 等待 Profile 更新任务...
2026-07-24 10:12:37.688 | INFO     | N/A | ⏳ 等待 Profile 更新任务...
2026-07-24 10:12:42.712 | INFO     | N/A | ⏳ 等待 Profile 更新任务...
2026-07-24 10:12:47.737 | INFO     | N/A | ⏳ 等待 Profile 更新任务...
2026-07-24 10:12:52.771 | INFO     | N/A | ⏳ 等待 Profile 更新任务...
2026-07-24 10:12:57.795 | INFO     | N/A | ⏳ 等待 Profile 更新任务...
2026-07-24 10:13:02.820 | INFO     | N/A | ⏳ 等待 Profile 更新任务...
2026-07-24 10:13:07.844 | INFO     | N/A | ⏳ 等待 Profile 更新任务...
2026-07-24 10:13:12.867 | INFO     | N/A | ⏳ 等待 Profile 更新任务...
2026-07-24 10:13:17.889 | INFO     | N/A | ⏳ 等待 Profile 更新任务...
2026-07-24 10:13:22.924 | INFO     | N/A | ⏳ 等待 Profile 更新任务...
2026-07-24 10:13:27.946 | INFO     | N/A | ⏳ 等待 Profile 更新任务...
2026-07-24 10:13:32.970 | INFO     | N/A | ⏳ 等待 Profile 更新任务...
2026-07-24 10:13:37.998 | INFO     | N/A | ⏳ 等待 Profile 更新任务...
2026-07-24 10:13:43.017 | INFO     | N/A | ⏳ 等待 Profile 更新任务...
2026-07-24 10:13:48.041 | INFO     | N/A | ⏳ 等待 Profile 更新任务...
2026-07-24 10:13:53.076 | INFO     | N/A | ⏳ 等待 Profile 更新任务...
2026-07-24 10:13:58.102 | INFO     | N/A | ⏳ 等待 Profile 更新任务...
2026-07-24 10:14:03.126 | INFO     | N/A | ⏳ 等待 Profile 更新任务...
2026-07-24 10:14:08.150 | INFO     | N/A | ⏳ 等待 Profile 更新任务...
2026-07-24 10:14:13.177 | INFO     | N/A | ⏳ 等待 Profile 更新任务...
2026-07-24 10:14:18.201 | INFO     | N/A | ⏳ 等待 Profile 更新任务...
2026-07-24 10:14:23.238 | INFO     | N/A | ⏳ 等待 Profile 更新任务...
2026-07-24 10:14:28.263 | INFO     | N/A | ⏳ 等待 Profile 更新任务...
2026-07-24 10:14:33.287 | INFO     | N/A | ⏳ 等待 Profile 更新任务...
2026-07-24 10:14:38.310 | INFO     | N/A | ⏳ 等待 Profile 更新任务...
2026-07-24 10:14:43.335 | INFO     | N/A | ⏳ 等待 Profile 更新任务...
2026-07-24 10:14:48.360 | INFO     | N/A | ⏳ 等待 Profile 更新任务...
2026-07-24 10:14:53.394 | INFO     | N/A | ⏳ 等待 Profile 更新任务...
2026-07-24 10:14:58.419 | INFO     | N/A | ⏳ 等待 Profile 更新任务...
2026-07-24 10:15:03.444 | INFO     | N/A | ⏳ 等待 Profile 更新任务...
2026-07-24 10:15:08.469 | INFO     | N/A | ⏳ 等待 Profile 更新任务...
2026-07-24 10:15:13.493 | INFO     | N/A | ⏳ 等待 Profile 更新任务...
2026-07-24 10:15:18.519 | INFO     | N/A | ⏳ 等待 Profile 更新任务...
2026-07-24 10:15:23.562 | INFO     | N/A | ⏳ 等待 Profile 更新任务...
2026-07-24 10:15:28.587 | INFO     | N/A | ⏳ 等待 Profile 更新任务...
2026-07-24 10:15:33.610 | INFO     | N/A | ⏳ 等待 Profile 更新任务...
2026-07-24 10:15:38.635 | INFO     | N/A | ⏳ 等待 Profile 更新任务...
2026-07-24 10:15:43.661 | INFO     | N/A | ⏳ 等待 Profile 更新任务...
2026-07-24 10:15:48.688 | INFO     | N/A | ⏳ 等待 Profile 更新任务...
2026-07-24 10:15:53.719 | INFO     | N/A | ⏳ 等待 Profile 更新任务...
2026-07-24 10:15:58.743 | INFO     | N/A | ⏳ 等待 Profile 更新任务...
2026-07-24 10:16:03.768 | INFO     | N/A | ⏳ 等待 Profile 更新任务...
2026-07-24 10:16:08.790 | INFO     | N/A | ⏳ 等待 Profile 更新任务...
2026-07-24 10:16:13.814 | INFO     | N/A | ⏳ 等待 Profile 更新任务...
2026-07-24 10:16:18.839 | INFO     | N/A | ⏳ 等待 Profile 更新任务...
2026-07-24 10:16:23.875 | INFO     | N/A | ⏳ 等待 Profile 更新任务...
2026-07-24 10:16:28.898 | INFO     | N/A | ⏳ 等待 Profile 更新任务...
2026-07-24 10:16:33.923 | INFO     | N/A | ⏳ 等待 Profile 更新任务...
2026-07-24 10:16:38.946 | INFO     | N/A | ⏳ 等待 Profile 更新任务...
2026-07-24 10:16:43.969 | INFO     | N/A | ⏳ 等待 Profile 更新任务...
2026-07-24 10:16:48.995 | INFO     | N/A | ⏳ 等待 Profile 更新任务...
2026-07-24 10:16:54.030 | INFO     | N/A | ⏳ 等待 Profile 更新任务...
2026-07-24 10:16:59.054 | INFO     | N/A | ⏳ 等待 Profile 更新任务...
2026-07-24 10:17:04.078 | INFO     | N/A | ⏳ 等待 Profile 更新任务...
2026-07-24 10:17:09.102 | INFO     | N/A | ⏳ 等待 Profile 更新任务...
2026-07-24 10:17:14.125 | INFO     | N/A | ⏳ 等待 Profile 更新任务...
2026-07-24 10:17:19.132 | INFO     | N/A | ⏳ 等待 Profile 更新任务...
2026-07-24 10:17:24.188 | INFO     | N/A | ⏳ 等待 Profile 更新任务...
2026-07-24 10:17:29.213 | INFO     | N/A | ⏳ 等待 Profile 更新任务...
2026-07-24 10:17:34.237 | INFO     | N/A | ⏳ 等待 Profile 更新任务...
2026-07-24 10:17:39.262 | INFO     | N/A | ⏳ 等待 Profile 更新任务...
2026-07-24 10:17:44.286 | INFO     | N/A | ⏳ 等待 Profile 更新任务...
2026-07-24 10:17:49.312 | INFO     | N/A | ⏳ 等待 Profile 更新任务...
2026-07-24 10:17:54.348 | INFO     | N/A | ⏳ 等待 Profile 更新任务...
2026-07-24 10:17:59.372 | INFO     | N/A | ⏳ 等待 Profile 更新任务...
2026-07-24 10:18:04.393 | INFO     | N/A | ⏳ 等待 Profile 更新任务...
2026-07-24 10:18:09.418 | INFO     | N/A | ⏳ 等待 Profile 更新任务...
2026-07-24 10:18:14.441 | INFO     | N/A | ⏳ 等待 Profile 更新任务...
2026-07-24 10:18:19.466 | INFO     | N/A | ⏳ 等待 Profile 更新任务...
2026-07-24 10:18:24.500 | INFO     | N/A | ⏳ 等待 Profile 更新任务...
2026-07-24 10:18:29.523 | INFO     | N/A | ⏳ 等待 Profile 更新任务...
2026-07-24 10:18:34.547 | INFO     | N/A | ⏳ 等待 Profile 更新任务...
2026-07-24 10:18:39.570 | INFO     | N/A | ⏳ 等待 Profile 更新任务...
2026-07-24 10:18:44.595 | INFO     | N/A | ⏳ 等待 Profile 更新任务...
2026-07-24 10:18:49.623 | INFO     | N/A | ⏳ 等待 Profile 更新任务...
2026-07-24 10:18:54.653 | INFO     | N/A | ⏳ 等待 Profile 更新任务...
2026-07-24 10:18:59.680 | INFO     | N/A | ⏳ 等待 Profile 更新任务...
2026-07-24 10:19:04.703 | INFO     | N/A | ⏳ 等待 Profile 更新任务...
2026-07-24 10:19:09.725 | INFO     | N/A | ⏳ 等待 Profile 更新任务...
2026-07-24 10:19:14.748 | INFO     | N/A | ⏳ 等待 Profile 更新任务...
2026-07-24 10:19:19.773 | INFO     | N/A | ⏳ 等待 Profile 更新任务...
2026-07-24 10:19:24.810 | INFO     | N/A | ⏳ 等待 Profile 更新任务...
2026-07-24 10:19:29.835 | INFO     | N/A | ⏳ 等待 Profile 更新任务...
2026-07-24 10:19:34.863 | INFO     | N/A | ⏳ 等待 Profile 更新任务...
2026-07-24 10:19:39.889 | INFO     | N/A | ⏳ 等待 Profile 更新任务...
2026-07-24 10:19:44.913 | INFO     | N/A | ⏳ 等待 Profile 更新任务...
2026-07-24 10:19:49.937 | INFO     | N/A | ⏳ 等待 Profile 更新任务...
2026-07-24 10:19:54.970 | INFO     | N/A | ⏳ 等待 Profile 更新任务...
2026-07-24 10:19:59.997 | INFO     | N/A | ⏳ 等待 Profile 更新任务...
2026-07-24 10:20:05.021 | INFO     | N/A | ⏳ 等待 Profile 更新任务...
2026-07-24 10:20:10.047 | INFO     | N/A | ⏳ 等待 Profile 更新任务...
2026-07-24 10:20:15.071 | INFO     | N/A | ⏳ 等待 Profile 更新任务...
2026-07-24 10:20:20.099 | INFO     | N/A | ⏳ 等待 Profile 更新任务...
2026-07-24 10:20:25.132 | INFO     | N/A | ⏳ 等待 Profile 更新任务...
2026-07-24 10:20:30.159 | INFO     | N/A | ⏳ 等待 Profile 更新任务...
2026-07-24 10:20:35.184 | INFO     | N/A | ⏳ 等待 Profile 更新任务...
2026-07-24 10:20:40.207 | INFO     | N/A | ⏳ 等待 Profile 更新任务...
2026-07-24 10:20:45.230 | INFO     | N/A | ⏳ 等待 Profile 更新任务...
2026-07-24 10:20:50.256 | INFO     | N/A | ⏳ 等待 Profile 更新任务...
2026-07-24 10:20:55.289 | INFO     | N/A | ⏳ 等待 Profile 更新任务...
2026-07-24 10:21:00.313 | INFO     | N/A | ⏳ 等待 Profile 更新任务...
2026-07-24 10:21:05.338 | INFO     | N/A | ⏳ 等待 Profile 更新任务...
2026-07-24 10:21:10.364 | INFO     | N/A | ⏳ 等待 Profile 更新任务...
2026-07-24 10:21:15.389 | INFO     | N/A | ⏳ 等待 Profile 更新任务...
2026-07-24 10:21:20.416 | INFO     | N/A | ⏳ 等待 Profile 更新任务...
2026-07-24 10:21:25.447 | INFO     | N/A | ⏳ 等待 Profile 更新任务...
2026-07-24 10:21:30.472 | INFO     | N/A | ⏳ 等待 Profile 更新任务...
2026-07-24 10:21:35.498 | INFO     | N/A | ⏳ 等待 Profile 更新任务...
2026-07-24 10:21:40.524 | INFO     | N/A | ⏳ 等待 Profile 更新任务...
2026-07-24 10:21:45.549 | INFO     | N/A | ⏳ 等待 Profile 更新任务...
2026-07-24 10:21:50.576 | INFO     | N/A | ⏳ 等待 Profile 更新任务...
2026-07-24 10:21:55.614 | INFO     | N/A | ⏳ 等待 Profile 更新任务...
2026-07-24 10:22:00.636 | INFO     | N/A | ⏳ 等待 Profile 更新任务...
2026-07-24 10:22:05.660 | INFO     | N/A | ⏳ 等待 Profile 更新任务...
2026-07-24 10:22:10.685 | INFO     | N/A | ⏳ 等待 Profile 更新任务...
2026-07-24 10:22:15.708 | INFO     | N/A | ⏳ 等待 Profile 更新任务...
2026-07-24 10:22:20.734 | INFO     | N/A | ⏳ 等待 Profile 更新任务...
2026-07-24 10:22:25.767 | INFO     | N/A | ⏳ 等待 Profile 更新任务...
2026-07-24 10:22:30.791 | INFO     | N/A | ⏳ 等待 Profile 更新任务...
2026-07-24 10:22:35.816 | INFO     | N/A | ⏳ 等待 Profile 更新任务...
2026-07-24 10:22:40.844 | INFO     | N/A | ⏳ 等待 Profile 更新任务...
2026-07-24 10:22:45.867 | INFO     | N/A | ⏳ 等待 Profile 更新任务...
2026-07-24 10:22:50.892 | INFO     | N/A | ⏳ 等待 Profile 更新任务...
2026-07-24 10:22:55.923 | INFO     | N/A | ⏳ 等待 Profile 更新任务...
2026-07-24 10:23:00.947 | INFO     | N/A | ⏳ 等待 Profile 更新任务...
2026-07-24 10:23:05.973 | INFO     | N/A | ⏳ 等待 Profile 更新任务...
2026-07-24 10:23:10.996 | INFO     | N/A | ⏳ 等待 Profile 更新任务...
2026-07-24 10:23:16.022 | INFO     | N/A | ⏳ 等待 Profile 更新任务...
2026-07-24 10:23:21.036 | INFO     | N/A | ⏳ 等待 Profile 更新任务...
2026-07-24 10:23:26.077 | INFO     | N/A | ⏳ 等待 Profile 更新任务...
2026-07-24 10:23:31.104 | INFO     | N/A | ⏳ 等待 Profile 更新任务...
2026-07-24 10:23:36.134 | INFO     | N/A | ⏳ 等待 Profile 更新任务...
2026-07-24 10:23:41.159 | INFO     | N/A | ⏳ 等待 Profile 更新任务...
2026-07-24 10:23:46.184 | INFO     | N/A | ⏳ 等待 Profile 更新任务...
2026-07-24 10:23:51.215 | INFO     | N/A | ⏳ 等待 Profile 更新任务...
2026-07-24 10:23:56.249 | INFO     | N/A | ⏳ 等待 Profile 更新任务...
2026-07-24 10:24:01.274 | INFO     | N/A | ⏳ 等待 Profile 更新任务...
2026-07-24 10:24:06.299 | INFO     | N/A | ⏳ 等待 Profile 更新任务...
2026-07-24 10:24:11.322 | INFO     | N/A | ⏳ 等待 Profile 更新任务...
2026-07-24 10:24:16.370 | INFO     | N/A | ⏳ 等待 Profile 更新任务...
2026-07-24 10:24:21.397 | INFO     | N/A | ⏳ 等待 Profile 更新任务...
2026-07-24 10:24:26.427 | INFO     | N/A | ⏳ 等待 Profile 更新任务...
2026-07-24 10:24:31.452 | INFO     | N/A | ⏳ 等待 Profile 更新任务...
2026-07-24 10:24:36.478 | INFO     | N/A | ⏳ 等待 Profile 更新任务...
2026-07-24 10:24:41.500 | INFO     | N/A | ⏳ 等待 Profile 更新任务...
2026-07-24 10:24:46.522 | INFO     | N/A | ⏳ 等待 Profile 更新任务...
2026-07-24 10:24:51.535 | INFO     | N/A | ⏳ 等待 Profile 更新任务...
2026-07-24 10:24:56.584 | INFO     | N/A | ⏳ 等待 Profile 更新任务...
2026-07-24 10:25:01.610 | INFO     | N/A | ⏳ 等待 Profile 更新任务...
2026-07-24 10:25:06.639 | INFO     | N/A | ⏳ 等待 Profile 更新任务...
2026-07-24 10:25:11.666 | INFO     | N/A | ⏳ 等待 Profile 更新任务...
2026-07-24 10:25:16.694 | INFO     | N/A | ⏳ 等待 Profile 更新任务...
2026-07-24 10:25:21.721 | INFO     | N/A | ⏳ 等待 Profile 更新任务...
2026-07-24 10:25:26.753 | INFO     | N/A | ⏳ 等待 Profile 更新任务...
2026-07-24 10:25:31.778 | INFO     | N/A | ⏳ 等待 Profile 更新任务...
2026-07-24 10:25:36.801 | INFO     | N/A | ⏳ 等待 Profile 更新任务...
2026-07-24 10:25:41.825 | INFO     | N/A | ⏳ 等待 Profile 更新任务...
2026-07-24 10:25:46.848 | INFO     | N/A | ⏳ 等待 Profile 更新任务...
2026-07-24 10:25:51.877 | INFO     | N/A | ⏳ 等待 Profile 更新任务...
2026-07-24 10:25:56.907 | INFO     | N/A | ⏳ 等待 Profile 更新任务...
2026-07-24 10:26:01.933 | INFO     | N/A | ⏳ 等待 Profile 更新任务...
2026-07-24 10:26:06.960 | INFO     | N/A | ⏳ 等待 Profile 更新任务...
2026-07-24 10:26:11.987 | INFO     | N/A | ⏳ 等待 Profile 更新任务...
2026-07-24 10:26:17.011 | INFO     | N/A | ⏳ 等待 Profile 更新任务...
2026-07-24 10:26:22.038 | INFO     | N/A | ⏳ 等待 Profile 更新任务...
2026-07-24 10:26:27.068 | INFO     | N/A | ⏳ 等待 Profile 更新任务...
2026-07-24 10:26:32.091 | INFO     | N/A | ⏳ 等待 Profile 更新任务...
2026-07-24 10:26:37.115 | INFO     | N/A | ⏳ 等待 Profile 更新任务...
2026-07-24 10:26:42.142 | INFO     | N/A | ⏳ 等待 Profile 更新任务...
2026-07-24 10:26:47.166 | INFO     | N/A | ⏳ 等待 Profile 更新任务...
2026-07-24 10:26:52.198 | INFO     | N/A | ⏳ 等待 Profile 更新任务...
2026-07-24 10:26:57.231 | INFO     | N/A | ⏳ 等待 Profile 更新任务...
2026-07-24 10:27:02.256 | INFO     | N/A | ⏳ 等待 Profile 更新任务...
2026-07-24 10:27:07.279 | INFO     | N/A | ⏳ 等待 Profile 更新任务...
2026-07-24 10:27:12.302 | INFO     | N/A | ⏳ 等待 Profile 更新任务...
2026-07-24 10:27:17.326 | INFO     | N/A | ⏳ 等待 Profile 更新任务...
2026-07-24 10:27:22.337 | INFO     | N/A | ⏳ 等待 Profile 更新任务...
2026-07-24 10:27:27.390 | INFO     | N/A | ⏳ 等待 Profile 更新任务...
2026-07-24 10:27:32.413 | INFO     | N/A | ⏳ 等待 Profile 更新任务...
2026-07-24 10:27:37.439 | INFO     | N/A | ⏳ 等待 Profile 更新任务...
2026-07-24 10:27:42.460 | INFO     | N/A | ⏳ 等待 Profile 更新任务...
2026-07-24 10:27:47.486 | INFO     | N/A | ⏳ 等待 Profile 更新任务...
2026-07-24 10:27:52.518 | INFO     | N/A | ⏳ 等待 Profile 更新任务...
2026-07-24 10:27:57.548 | INFO     | N/A | ⏳ 等待 Profile 更新任务...
2026-07-24 10:28:02.575 | INFO     | N/A | ⏳ 等待 Profile 更新任务...
2026-07-24 10:28:07.599 | INFO     | N/A | ⏳ 等待 Profile 更新任务...
2026-07-24 10:28:12.624 | INFO     | N/A | ⏳ 等待 Profile 更新任务...
2026-07-24 10:28:17.647 | INFO     | N/A | ⏳ 等待 Profile 更新任务...
2026-07-24 10:28:22.677 | INFO     | N/A | ⏳ 等待 Profile 更新任务...
2026-07-24 10:28:27.704 | INFO     | N/A | ⏳ 等待 Profile 更新任务...
2026-07-24 10:28:32.727 | INFO     | N/A | ⏳ 等待 Profile 更新任务...
2026-07-24 10:28:37.752 | INFO     | N/A | ⏳ 等待 Profile 更新任务...
2026-07-24 10:28:42.775 | INFO     | N/A | ⏳ 等待 Profile 更新任务...
2026-07-24 10:28:47.802 | INFO     | N/A | ⏳ 等待 Profile 更新任务...
2026-07-24 10:28:52.830 | INFO     | N/A | ⏳ 等待 Profile 更新任务...
2026-07-24 10:28:57.859 | INFO     | N/A | ⏳ 等待 Profile 更新任务...
2026-07-24 10:29:02.884 | INFO     | N/A | ⏳ 等待 Profile 更新任务...
2026-07-24 10:29:07.908 | INFO     | N/A | ⏳ 等待 Profile 更新任务...
2026-07-24 10:29:12.932 | INFO     | N/A | ⏳ 等待 Profile 更新任务...
2026-07-24 10:29:17.960 | INFO     | N/A | ⏳ 等待 Profile 更新任务...
2026-07-24 10:29:22.989 | INFO     | N/A | ⏳ 等待 Profile 更新任务...
2026-07-24 10:29:28.018 | INFO     | N/A | ⏳ 等待 Profile 更新任务...
2026-07-24 10:29:33.041 | INFO     | N/A | ⏳ 等待 Profile 更新任务...
2026-07-24 10:29:38.066 | INFO     | N/A | ⏳ 等待 Profile 更新任务...
2026-07-24 10:29:43.089 | INFO     | N/A | ⏳ 等待 Profile 更新任务...
2026-07-24 10:29:48.114 | INFO     | N/A | ⏳ 等待 Profile 更新任务...
2026-07-24 10:29:53.136 | INFO     | N/A | ⏳ 等待 Profile 更新任务...
2026-07-24 10:29:58.177 | INFO     | N/A | ⏳ 等待 Profile 更新任务...
2026-07-24 10:30:03.199 | INFO     | N/A | ⏳ 等待 Profile 更新任务...
2026-07-24 10:30:08.224 | INFO     | N/A | ⏳ 等待 Profile 更新任务...
2026-07-24 10:30:13.249 | INFO     | N/A | ⏳ 等待 Profile 更新任务...
2026-07-24 10:30:18.273 | INFO     | N/A | ⏳ 等待 Profile 更新任务...
2026-07-24 10:30:23.305 | INFO     | N/A | ⏳ 等待 Profile 更新任务...
2026-07-24 10:30:28.331 | INFO     | N/A | ⏳ 等待 Profile 更新任务...
2026-07-24 10:30:33.357 | INFO     | N/A | ⏳ 等待 Profile 更新任务...
2026-07-24 10:30:38.381 | INFO     | N/A | ⏳ 等待 Profile 更新任务...
2026-07-24 10:30:43.406 | INFO     | N/A | ⏳ 等待 Profile 更新任务...
2026-07-24 10:30:48.430 | INFO     | N/A | ⏳ 等待 Profile 更新任务...
2026-07-24 10:30:53.439 | INFO     | N/A | ⏳ 等待 Profile 更新任务...
2026-07-24 10:30:58.488 | INFO     | N/A | ⏳ 等待 Profile 更新任务...
2026-07-24 10:31:03.512 | INFO     | N/A | ⏳ 等待 Profile 更新任务...
2026-07-24 10:31:08.540 | INFO     | N/A | ⏳ 等待 Profile 更新任务...
2026-07-24 10:31:13.563 | INFO     | N/A | ⏳ 等待 Profile 更新任务...
2026-07-24 10:31:18.586 | INFO     | N/A | ⏳ 等待 Profile 更新任务...
2026-07-24 10:31:23.615 | INFO     | N/A | ⏳ 等待 Profile 更新任务...
2026-07-24 10:31:28.645 | INFO     | N/A | ⏳ 等待 Profile 更新任务...
2026-07-24 10:31:33.671 | INFO     | N/A | ⏳ 等待 Profile 更新任务...
2026-07-24 10:31:38.701 | INFO     | N/A | ⏳ 等待 Profile 更新任务...
2026-07-24 10:31:43.725 | INFO     | N/A | ⏳ 等待 Profile 更新任务...
2026-07-24 10:31:48.749 | INFO     | N/A | ⏳ 等待 Profile 更新任务...
2026-07-24 10:31:53.785 | INFO     | N/A | ⏳ 等待 Profile 更新任务...
2026-07-24 10:31:58.814 | INFO     | N/A | ⏳ 等待 Profile 更新任务...
2026-07-24 10:32:03.839 | INFO     | N/A | ⏳ 等待 Profile 更新任务...
2026-07-24 10:32:08.863 | INFO     | N/A | ⏳ 等待 Profile 更新任务...
2026-07-24 10:32:13.888 | INFO     | N/A | ⏳ 等待 Profile 更新任务...
2026-07-24 10:32:18.914 | INFO     | N/A | ⏳ 等待 Profile 更新任务...
2026-07-24 10:32:23.946 | INFO     | N/A | ⏳ 等待 Profile 更新任务...
2026-07-24 10:32:28.974 | INFO     | N/A | ⏳ 等待 Profile 更新任务...
2026-07-24 10:32:33.999 | INFO     | N/A | ⏳ 等待 Profile 更新任务...
2026-07-24 10:32:39.023 | INFO     | N/A | ⏳ 等待 Profile 更新任务...
2026-07-24 10:32:44.050 | INFO     | N/A | ⏳ 等待 Profile 更新任务...
2026-07-24 10:32:49.075 | INFO     | N/A | ⏳ 等待 Profile 更新任务...
2026-07-24 10:32:54.107 | INFO     | N/A | ⏳ 等待 Profile 更新任务...
2026-07-24 10:32:59.134 | INFO     | N/A | ⏳ 等待 Profile 更新任务...
2026-07-24 10:33:04.160 | INFO     | N/A | ⏳ 等待 Profile 更新任务...
2026-07-24 10:33:09.184 | INFO     | N/A | ⏳ 等待 Profile 更新任务...
2026-07-24 10:33:14.207 | INFO     | N/A | ⏳ 等待 Profile 更新任务...
2026-07-24 10:33:19.230 | INFO     | N/A | ⏳ 等待 Profile 更新任务...
2026-07-24 10:33:24.238 | INFO     | N/A | ⏳ 等待 Profile 更新任务...
2026-07-24 10:33:29.285 | INFO     | N/A | ⏳ 等待 Profile 更新任务...
2026-07-24 10:33:34.308 | INFO     | N/A | ⏳ 等待 Profile 更新任务...
2026-07-24 10:33:39.330 | INFO     | N/A | ⏳ 等待 Profile 更新任务...
2026-07-24 10:33:44.353 | INFO     | N/A | ⏳ 等待 Profile 更新任务...
2026-07-24 10:33:49.378 | INFO     | N/A | ⏳ 等待 Profile 更新任务...
2026-07-24 10:33:54.410 | INFO     | N/A | ⏳ 等待 Profile 更新任务...
2026-07-24 10:33:59.436 | INFO     | N/A | ⏳ 等待 Profile 更新任务...
2026-07-24 10:34:04.459 | INFO     | N/A | ⏳ 等待 Profile 更新任务...
2026-07-24 10:34:09.486 | INFO     | N/A | ⏳ 等待 Profile 更新任务...
2026-07-24 10:34:14.514 | INFO     | N/A | ⏳ 等待 Profile 更新任务...
2026-07-24 10:34:19.537 | INFO     | N/A | ⏳ 等待 Profile 更新任务...
2026-07-24 10:34:24.569 | INFO     | N/A | ⏳ 等待 Profile 更新任务...
2026-07-24 10:34:29.593 | INFO     | N/A | ⏳ 等待 Profile 更新任务...
2026-07-24 10:34:34.616 | INFO     | N/A | ⏳ 等待 Profile 更新任务...
2026-07-24 10:34:39.641 | INFO     | N/A | ⏳ 等待 Profile 更新任务...
2026-07-24 10:34:44.665 | INFO     | N/A | ⏳ 等待 Profile 更新任务...
2026-07-24 10:34:49.691 | INFO     | N/A | ⏳ 等待 Profile 更新任务...
2026-07-24 10:34:54.727 | INFO     | N/A | ⏳ 等待 Profile 更新任务...
2026-07-24 10:34:59.753 | INFO     | N/A | ⏳ 等待 Profile 更新任务...
2026-07-24 10:35:04.778 | INFO     | N/A | ⏳ 等待 Profile 更新任务...
2026-07-24 10:35:09.802 | INFO     | N/A | ⏳ 等待 Profile 更新任务...
2026-07-24 10:35:14.830 | INFO     | N/A | ⏳ 等待 Profile 更新任务...
2026-07-24 10:35:19.855 | INFO     | N/A | ⏳ 等待 Profile 更新任务...
2026-07-24 10:35:24.887 | INFO     | N/A | ⏳ 等待 Profile 更新任务...
2026-07-24 10:35:29.915 | INFO     | N/A | ⏳ 等待 Profile 更新任务...
2026-07-24 10:35:34.938 | INFO     | N/A | ⏳ 等待 Profile 更新任务...
2026-07-24 10:35:39.963 | INFO     | N/A | ⏳ 等待 Profile 更新任务...
2026-07-24 10:35:44.994 | INFO     | N/A | ⏳ 等待 Profile 更新任务...
2026-07-24 10:35:50.016 | INFO     | N/A | ⏳ 等待 Profile 更新任务...
2026-07-24 10:35:55.051 | INFO     | N/A | ⏳ 等待 Profile 更新任务...
2026-07-24 10:36:00.076 | INFO     | N/A | ⏳ 等待 Profile 更新任务...
2026-07-24 10:36:05.099 | INFO     | N/A | ⏳ 等待 Profile 更新任务...
2026-07-24 10:36:10.125 | INFO     | N/A | ⏳ 等待 Profile 更新任务...
2026-07-24 10:36:15.150 | INFO     | N/A | ⏳ 等待 Profile 更新任务...
2026-07-24 10:36:20.200 | INFO     | N/A | ⏳ 等待 Profile 更新任务...
2026-07-24 10:36:25.234 | INFO     | N/A | ⏳ 等待 Profile 更新任务...
2026-07-24 10:36:30.258 | INFO     | N/A | ⏳ 等待 Profile 更新任务...
2026-07-24 10:36:35.282 | INFO     | N/A | ⏳ 等待 Profile 更新任务...
2026-07-24 10:36:40.306 | INFO     | N/A | ⏳ 等待 Profile 更新任务...
2026-07-24 10:36:45.329 | INFO     | N/A | ⏳ 等待 Profile 更新任务...
2026-07-24 10:36:50.354 | INFO     | N/A | ⏳ 等待 Profile 更新任务...
2026-07-24 10:36:55.387 | INFO     | N/A | ⏳ 等待 Profile 更新任务...
2026-07-24 10:37:00.413 | INFO     | N/A | ⏳ 等待 Profile 更新任务...
2026-07-24 10:37:05.438 | INFO     | N/A | ⏳ 等待 Profile 更新任务...
2026-07-24 10:37:10.461 | INFO     | N/A | ⏳ 等待 Profile 更新任务...
2026-07-24 10:37:15.486 | INFO     | N/A | ⏳ 等待 Profile 更新任务...
2026-07-24 10:37:20.511 | INFO     | N/A | ⏳ 等待 Profile 更新任务...
2026-07-24 10:37:25.541 | INFO     | N/A | ⏳ 等待 Profile 更新任务...
2026-07-24 10:37:30.566 | INFO     | N/A | ⏳ 等待 Profile 更新任务...
2026-07-24 10:37:35.590 | INFO     | N/A | ⏳ 等待 Profile 更新任务...
2026-07-24 10:37:40.615 | INFO     | N/A | ⏳ 等待 Profile 更新任务...
2026-07-24 10:37:45.639 | INFO     | N/A | ⏳ 等待 Profile 更新任务...
2026-07-24 10:37:50.664 | INFO     | N/A | ⏳ 等待 Profile 更新任务...
2026-07-24 10:37:55.699 | INFO     | N/A | ⏳ 等待 Profile 更新任务...
2026-07-24 10:38:00.724 | INFO     | N/A | ⏳ 等待 Profile 更新任务...
2026-07-24 10:38:05.748 | INFO     | N/A | ⏳ 等待 Profile 更新任务...
2026-07-24 10:38:10.776 | INFO     | N/A | ⏳ 等待 Profile 更新任务...
2026-07-24 10:38:15.800 | INFO     | N/A | ⏳ 等待 Profile 更新任务...
2026-07-24 10:38:20.824 | INFO     | N/A | ⏳ 等待 Profile 更新任务...
2026-07-24 10:38:25.857 | INFO     | N/A | ⏳ 等待 Profile 更新任务...
2026-07-24 10:38:30.881 | INFO     | N/A | ⏳ 等待 Profile 更新任务...
2026-07-24 10:38:35.906 | INFO     | N/A | ⏳ 等待 Profile 更新任务...
2026-07-24 10:38:40.932 | INFO     | N/A | ⏳ 等待 Profile 更新任务...
2026-07-24 10:38:45.959 | INFO     | N/A | ⏳ 等待 Profile 更新任务...
2026-07-24 10:38:50.984 | INFO     | N/A | ⏳ 等待 Profile 更新任务...
2026-07-24 10:38:56.023 | INFO     | N/A | ⏳ 等待 Profile 更新任务...
2026-07-24 10:39:01.047 | INFO     | N/A | ⏳ 等待 Profile 更新任务...
2026-07-24 10:39:06.070 | INFO     | N/A | ⏳ 等待 Profile 更新任务...
2026-07-24 10:39:11.093 | INFO     | N/A | ⏳ 等待 Profile 更新任务...
2026-07-24 10:39:16.117 | INFO     | N/A | ⏳ 等待 Profile 更新任务...
2026-07-24 10:39:21.142 | INFO     | N/A | ⏳ 等待 Profile 更新任务...
2026-07-24 10:39:26.176 | INFO     | N/A | ⏳ 等待 Profile 更新任务...
2026-07-24 10:39:31.201 | INFO     | N/A | ⏳ 等待 Profile 更新任务...
2026-07-24 10:39:36.224 | INFO     | N/A | ⏳ 等待 Profile 更新任务...
2026-07-24 10:39:41.250 | INFO     | N/A | ⏳ 等待 Profile 更新任务...
2026-07-24 10:39:46.275 | INFO     | N/A | ⏳ 等待 Profile 更新任务...
2026-07-24 10:39:51.301 | INFO     | N/A | ⏳ 等待 Profile 更新任务...
2026-07-24 10:39:56.337 | INFO     | N/A | ⏳ 等待 Profile 更新任务...
2026-07-24 10:40:01.361 | INFO     | N/A | ⏳ 等待 Profile 更新任务...
2026-07-24 10:40:06.387 | INFO     | N/A | ⏳ 等待 Profile 更新任务...
2026-07-24 10:40:11.410 | INFO     | N/A | ⏳ 等待 Profile 更新任务...
2026-07-24 10:40:16.435 | INFO     | N/A | ⏳ 等待 Profile 更新任务...
2026-07-24 10:40:21.462 | INFO     | N/A | ⏳ 等待 Profile 更新任务...
2026-07-24 10:40:26.494 | INFO     | N/A | ⏳ 等待 Profile 更新任务...
2026-07-24 10:40:31.521 | INFO     | N/A | ⏳ 等待 Profile 更新任务...
2026-07-24 10:40:36.546 | INFO     | N/A | ⏳ 等待 Profile 更新任务...
2026-07-24 10:40:41.571 | INFO     | N/A | ⏳ 等待 Profile 更新任务...
2026-07-24 10:40:46.596 | INFO     | N/A | ⏳ 等待 Profile 更新任务...
2026-07-24 10:40:51.621 | INFO     | N/A | ⏳ 等待 Profile 更新任务...
2026-07-24 10:40:56.658 | INFO     | N/A | ⏳ 等待 Profile 更新任务...
2026-07-24 10:41:01.684 | INFO     | N/A | ⏳ 等待 Profile 更新任务...
2026-07-24 10:41:06.709 | INFO     | N/A | ⏳ 等待 Profile 更新任务...
2026-07-24 10:41:11.734 | INFO     | N/A | ⏳ 等待 Profile 更新任务...
2026-07-24 10:41:16.757 | INFO     | N/A | ⏳ 等待 Profile 更新任务...
2026-07-24 10:41:21.785 | INFO     | N/A | ⏳ 等待 Profile 更新任务...
2026-07-24 10:41:26.817 | INFO     | N/A | ⏳ 等待 Profile 更新任务...
2026-07-24 10:41:31.843 | INFO     | N/A | ⏳ 等待 Profile 更新任务...
2026-07-24 10:41:36.870 | INFO     | N/A | ⏳ 等待 Profile 更新任务...
2026-07-24 10:41:41.895 | INFO     | N/A | ⏳ 等待 Profile 更新任务...
2026-07-24 10:41:46.922 | INFO     | N/A | ⏳ 等待 Profile 更新任务...
2026-07-24 10:41:51.947 | INFO     | N/A | ⏳ 等待 Profile 更新任务...
2026-07-24 10:41:56.985 | INFO     | N/A | ⏳ 等待 Profile 更新任务...
2026-07-24 10:42:02.009 | INFO     | N/A | ⏳ 等待 Profile 更新任务...
2026-07-24 10:42:07.035 | INFO     | N/A | ⏳ 等待 Profile 更新任务...
2026-07-24 10:42:12.063 | INFO     | N/A | ⏳ 等待 Profile 更新任务...
2026-07-24 10:42:17.088 | INFO     | N/A | ⏳ 等待 Profile 更新任务...
2026-07-24 10:42:22.113 | INFO     | N/A | ⏳ 等待 Profile 更新任务...
2026-07-24 10:42:27.148 | INFO     | N/A | ⏳ 等待 Profile 更新任务...
2026-07-24 10:42:32.175 | INFO     | N/A | ⏳ 等待 Profile 更新任务...
2026-07-24 10:42:37.200 | INFO     | N/A | ⏳ 等待 Profile 更新任务...
2026-07-24 10:42:42.223 | INFO     | N/A | ⏳ 等待 Profile 更新任务...
2026-07-24 10:42:47.249 | INFO     | N/A | ⏳ 等待 Profile 更新任务...
2026-07-24 10:42:52.272 | INFO     | N/A | ⏳ 等待 Profile 更新任务...
2026-07-24 10:42:57.307 | INFO     | N/A | ⏳ 等待 Profile 更新任务...
2026-07-24 10:43:02.331 | INFO     | N/A | ⏳ 等待 Profile 更新任务...
2026-07-24 10:43:07.356 | INFO     | N/A | ⏳ 等待 Profile 更新任务...
2026-07-24 10:43:12.382 | INFO     | N/A | ⏳ 等待 Profile 更新任务...
2026-07-24 10:43:17.405 | INFO     | N/A | ⏳ 等待 Profile 更新任务...
2026-07-24 10:43:22.430 | INFO     | N/A | ⏳ 等待 Profile 更新任务...
2026-07-24 10:43:27.467 | INFO     | N/A | ⏳ 等待 Profile 更新任务...
2026-07-24 10:43:32.493 | INFO     | N/A | ⏳ 等待 Profile 更新任务...
2026-07-24 10:43:37.518 | INFO     | N/A | ⏳ 等待 Profile 更新任务...
2026-07-24 10:43:42.542 | INFO     | N/A | ⏳ 等待 Profile 更新任务...
2026-07-24 10:43:47.567 | INFO     | N/A | ⏳ 等待 Profile 更新任务...
2026-07-24 10:43:52.594 | INFO     | N/A | ⏳ 等待 Profile 更新任务...
2026-07-24 10:43:57.631 | INFO     | N/A | ⏳ 等待 Profile 更新任务...
2026-07-24 10:44:02.657 | INFO     | N/A | ⏳ 等待 Profile 更新任务...
2026-07-24 10:44:07.682 | INFO     | N/A | ⏳ 等待 Profile 更新任务...
2026-07-24 10:44:12.706 | INFO     | N/A | ⏳ 等待 Profile 更新任务...
2026-07-24 10:44:17.733 | INFO     | N/A | ⏳ 等待 Profile 更新任务...
2026-07-24 10:44:22.757 | INFO     | N/A | ⏳ 等待 Profile 更新任务...
2026-07-24 10:44:27.789 | INFO     | N/A | ⏳ 等待 Profile 更新任务...
2026-07-24 10:44:32.814 | INFO     | N/A | ⏳ 等待 Profile 更新任务...
2026-07-24 10:44:37.839 | INFO     | N/A | ⏳ 等待 Profile 更新任务...
2026-07-24 10:44:42.863 | INFO     | N/A | ⏳ 等待 Profile 更新任务...
2026-07-24 10:44:47.888 | INFO     | N/A | ⏳ 等待 Profile 更新任务...
2026-07-24 10:44:52.915 | INFO     | N/A | ⏳ 等待 Profile 更新任务...
2026-07-24 10:44:57.954 | INFO     | N/A | ⏳ 等待 Profile 更新任务...
2026-07-24 10:45:02.976 | INFO     | N/A | ⏳ 等待 Profile 更新任务...
2026-07-24 10:45:08.000 | INFO     | N/A | ⏳ 等待 Profile 更新任务...
2026-07-24 10:45:13.024 | INFO     | N/A | ⏳ 等待 Profile 更新任务...
2026-07-24 10:45:18.048 | INFO     | N/A | ⏳ 等待 Profile 更新任务...
2026-07-24 10:45:23.072 | INFO     | N/A | ⏳ 等待 Profile 更新任务...
2026-07-24 10:45:28.110 | INFO     | N/A | ⏳ 等待 Profile 更新任务...
2026-07-24 10:45:33.135 | INFO     | N/A | ⏳ 等待 Profile 更新任务...
2026-07-24 10:45:38.162 | INFO     | N/A | ⏳ 等待 Profile 更新任务...
2026-07-24 10:45:43.186 | INFO     | N/A | ⏳ 等待 Profile 更新任务...
2026-07-24 10:45:48.213 | INFO     | N/A | ⏳ 等待 Profile 更新任务...
2026-07-24 10:45:53.238 | INFO     | N/A | ⏳ 等待 Profile 更新任务...
2026-07-24 10:45:58.276 | INFO     | N/A | ⏳ 等待 Profile 更新任务...
2026-07-24 10:46:03.301 | INFO     | N/A | ⏳ 等待 Profile 更新任务...
2026-07-24 10:46:08.326 | INFO     | N/A | ⏳ 等待 Profile 更新任务...
2026-07-24 10:46:13.353 | INFO     | N/A | ⏳ 等待 Profile 更新任务...
2026-07-24 10:46:18.379 | INFO     | N/A | ⏳ 等待 Profile 更新任务...
2026-07-24 10:46:23.403 | INFO     | N/A | ⏳ 等待 Profile 更新任务...
2026-07-24 10:46:28.438 | INFO     | N/A | ⏳ 等待 Profile 更新任务...
2026-07-24 10:46:33.463 | INFO     | N/A | ⏳ 等待 Profile 更新任务...
2026-07-24 10:46:38.489 | INFO     | N/A | ⏳ 等待 Profile 更新任务...
2026-07-24 10:46:43.514 | INFO     | N/A | ⏳ 等待 Profile 更新任务...
2026-07-24 10:46:48.538 | INFO     | N/A | ⏳ 等待 Profile 更新任务...
2026-07-24 10:46:53.562 | INFO     | N/A | ⏳ 等待 Profile 更新任务...
2026-07-24 10:46:58.598 | INFO     | N/A | ⏳ 等待 Profile 更新任务...
2026-07-24 10:47:03.623 | INFO     | N/A | ⏳ 等待 Profile 更新任务...
2026-07-24 10:47:08.646 | INFO     | N/A | ⏳ 等待 Profile 更新任务...
2026-07-24 10:47:13.670 | INFO     | N/A | ⏳ 等待 Profile 更新任务...
2026-07-24 10:47:18.697 | INFO     | N/A | ⏳ 等待 Profile 更新任务...
2026-07-24 10:47:23.720 | INFO     | N/A | ⏳ 等待 Profile 更新任务...
2026-07-24 10:47:28.756 | INFO     | N/A | ⏳ 等待 Profile 更新任务...
2026-07-24 10:47:33.780 | INFO     | N/A | ⏳ 等待 Profile 更新任务...
2026-07-24 10:47:38.803 | INFO     | N/A | ⏳ 等待 Profile 更新任务...
2026-07-24 10:47:43.826 | INFO     | N/A | ⏳ 等待 Profile 更新任务...
2026-07-24 10:47:48.852 | INFO     | N/A | ⏳ 等待 Profile 更新任务...
2026-07-24 10:47:53.877 | INFO     | N/A | ⏳ 等待 Profile 更新任务...
2026-07-24 10:47:58.913 | INFO     | N/A | ⏳ 等待 Profile 更新任务...
2026-07-24 10:48:03.937 | INFO     | N/A | ⏳ 等待 Profile 更新任务...
2026-07-24 10:48:08.966 | INFO     | N/A | ⏳ 等待 Profile 更新任务...
2026-07-24 10:48:13.991 | INFO     | N/A | ⏳ 等待 Profile 更新任务...
2026-07-24 10:48:19.017 | INFO     | N/A | ⏳ 等待 Profile 更新任务...
2026-07-24 10:48:24.042 | INFO     | N/A | ⏳ 等待 Profile 更新任务...
2026-07-24 10:48:29.082 | INFO     | N/A | ⏳ 等待 Profile 更新任务...
2026-07-24 10:48:34.106 | INFO     | N/A | ⏳ 等待 Profile 更新任务...
2026-07-24 10:48:39.128 | INFO     | N/A | ⏳ 等待 Profile 更新任务...
2026-07-24 10:48:44.153 | INFO     | N/A | ⏳ 等待 Profile 更新任务...
2026-07-24 10:48:49.180 | INFO     | N/A | ⏳ 等待 Profile 更新任务...
2026-07-24 10:48:54.204 | INFO     | N/A | ⏳ 等待 Profile 更新任务...
2026-07-24 10:48:59.238 | INFO     | N/A | ⏳ 等待 Profile 更新任务...
2026-07-24 10:49:04.262 | INFO     | N/A | ⏳ 等待 Profile 更新任务...
2026-07-24 10:49:09.289 | INFO     | N/A | ⏳ 等待 Profile 更新任务...
2026-07-24 10:49:14.313 | INFO     | N/A | ⏳ 等待 Profile 更新任务...
2026-07-24 10:49:19.338 | INFO     | N/A | ⏳ 等待 Profile 更新任务...
2026-07-24 10:49:24.365 | INFO     | N/A | ⏳ 等待 Profile 更新任务...
2026-07-24 10:49:29.408 | INFO     | N/A | ⏳ 等待 Profile 更新任务...
2026-07-24 10:49:34.434 | INFO     | N/A | ⏳ 等待 Profile 更新任务...
2026-07-24 10:49:39.459 | INFO     | N/A | ⏳ 等待 Profile 更新任务...
2026-07-24 10:49:44.482 | INFO     | N/A | ⏳ 等待 Profile 更新任务...
2026-07-24 10:49:49.504 | INFO     | N/A | ⏳ 等待 Profile 更新任务...
2026-07-24 10:49:54.530 | INFO     | N/A | ⏳ 等待 Profile 更新任务...
2026-07-24 10:49:59.565 | INFO     | N/A | ⏳ 等待 Profile 更新任务...
2026-07-24 10:50:04.593 | INFO     | N/A | ⏳ 等待 Profile 更新任务...
2026-07-24 10:50:09.619 | INFO     | N/A | ⏳ 等待 Profile 更新任务...
2026-07-24 10:50:14.645 | INFO     | N/A | ⏳ 等待 Profile 更新任务...
2026-07-24 10:50:19.670 | INFO     | N/A | ⏳ 等待 Profile 更新任务...
2026-07-24 10:50:24.697 | INFO     | N/A | ⏳ 等待 Profile 更新任务...
2026-07-24 10:50:29.737 | INFO     | N/A | ⏳ 等待 Profile 更新任务...
2026-07-24 10:50:34.763 | INFO     | N/A | ⏳ 等待 Profile 更新任务...
2026-07-24 10:50:39.785 | INFO     | N/A | ⏳ 等待 Profile 更新任务...
2026-07-24 10:50:44.807 | INFO     | N/A | ⏳ 等待 Profile 更新任务...
2026-07-24 10:50:49.833 | INFO     | N/A | ⏳ 等待 Profile 更新任务...
2026-07-24 10:50:54.857 | INFO     | N/A | ⏳ 等待 Profile 更新任务...
2026-07-24 10:50:59.896 | INFO     | N/A | ⏳ 等待 Profile 更新任务...
2026-07-24 10:51:04.920 | INFO     | N/A | ⏳ 等待 Profile 更新任务...
2026-07-24 10:51:09.944 | INFO     | N/A | ⏳ 等待 Profile 更新任务...
2026-07-24 10:51:14.967 | INFO     | N/A | ⏳ 等待 Profile 更新任务...
2026-07-24 10:51:19.992 | INFO     | N/A | ⏳ 等待 Profile 更新任务...
2026-07-24 10:51:25.025 | INFO     | N/A | ⏳ 等待 Profile 更新任务...
2026-07-24 10:51:30.054 | INFO     | N/A | ⏳ 等待 Profile 更新任务...
2026-07-24 10:51:35.077 | INFO     | N/A | ⏳ 等待 Profile 更新任务...
2026-07-24 10:51:40.099 | INFO     | N/A | ⏳ 等待 Profile 更新任务...
2026-07-24 10:51:45.123 | INFO     | N/A | ⏳ 等待 Profile 更新任务...
2026-07-24 10:51:50.148 | INFO     | N/A | ⏳ 等待 Profile 更新任务...
2026-07-24 10:51:55.172 | INFO     | N/A | ⏳ 等待 Profile 更新任务...
2026-07-24 10:52:00.208 | INFO     | N/A | ⏳ 等待 Profile 更新任务...
2026-07-24 10:52:05.232 | INFO     | N/A | ⏳ 等待 Profile 更新任务...
2026-07-24 10:52:10.258 | INFO     | N/A | ⏳ 等待 Profile 更新任务...
2026-07-24 10:52:15.282 | INFO     | N/A | ⏳ 等待 Profile 更新任务...
2026-07-24 10:52:20.308 | INFO     | N/A | ⏳ 等待 Profile 更新任务...
2026-07-24 10:52:25.331 | INFO     | N/A | ⏳ 等待 Profile 更新任务...
2026-07-24 10:52:30.368 | INFO     | N/A | ⏳ 等待 Profile 更新任务...
2026-07-24 10:52:35.390 | INFO     | N/A | ⏳ 等待 Profile 更新任务...
2026-07-24 10:52:40.416 | INFO     | N/A | ⏳ 等待 Profile 更新任务...
2026-07-24 10:52:45.440 | INFO     | N/A | ⏳ 等待 Profile 更新任务...
2026-07-24 10:52:50.466 | INFO     | N/A | ⏳ 等待 Profile 更新任务...
2026-07-24 10:52:55.490 | INFO     | N/A | ⏳ 等待 Profile 更新任务...
2026-07-24 10:53:00.524 | INFO     | N/A | ⏳ 等待 Profile 更新任务...
2026-07-24 10:53:05.548 | INFO     | N/A | ⏳ 等待 Profile 更新任务...
2026-07-24 10:53:10.576 | INFO     | N/A | ⏳ 等待 Profile 更新任务...
2026-07-24 10:53:15.600 | INFO     | N/A | ⏳ 等待 Profile 更新任务...
2026-07-24 10:53:20.624 | INFO     | N/A | ⏳ 等待 Profile 更新任务...
2026-07-24 10:53:25.647 | INFO     | N/A | ⏳ 等待 Profile 更新任务...
2026-07-24 10:53:30.682 | INFO     | N/A | ⏳ 等待 Profile 更新任务...
2026-07-24 10:53:35.710 | INFO     | N/A | ⏳ 等待 Profile 更新任务...
2026-07-24 10:53:40.735 | INFO     | N/A | ⏳ 等待 Profile 更新任务...
2026-07-24 10:53:45.761 | INFO     | N/A | ⏳ 等待 Profile 更新任务...
2026-07-24 10:53:50.787 | INFO     | N/A | ⏳ 等待 Profile 更新任务...
2026-07-24 10:53:55.811 | INFO     | N/A | ⏳ 等待 Profile 更新任务...
2026-07-24 10:54:00.849 | INFO     | N/A | ⏳ 等待 Profile 更新任务...
2026-07-24 10:54:05.873 | INFO     | N/A | ⏳ 等待 Profile 更新任务...
2026-07-24 10:54:10.899 | INFO     | N/A | ⏳ 等待 Profile 更新任务...
2026-07-24 10:54:15.924 | INFO     | N/A | ⏳ 等待 Profile 更新任务...
2026-07-24 10:54:20.949 | INFO     | N/A | ⏳ 等待 Profile 更新任务...
2026-07-24 10:54:25.974 | INFO     | N/A | ⏳ 等待 Profile 更新任务...
2026-07-24 10:54:31.009 | INFO     | N/A | ⏳ 等待 Profile 更新任务...
2026-07-24 10:54:36.035 | INFO     | N/A | ⏳ 等待 Profile 更新任务...
2026-07-24 10:54:41.059 | INFO     | N/A | ⏳ 等待 Profile 更新任务...
2026-07-24 10:54:46.082 | INFO     | N/A | ⏳ 等待 Profile 更新任务...
2026-07-24 10:54:51.110 | INFO     | N/A | ⏳ 等待 Profile 更新任务...
2026-07-24 10:54:56.133 | INFO     | N/A | ⏳ 等待 Profile 更新任务...
2026-07-24 10:55:01.169 | INFO     | N/A | ⏳ 等待 Profile 更新任务...
2026-07-24 10:55:06.194 | INFO     | N/A | ⏳ 等待 Profile 更新任务...
2026-07-24 10:55:11.218 | INFO     | N/A | ⏳ 等待 Profile 更新任务...
2026-07-24 10:55:16.242 | INFO     | N/A | ⏳ 等待 Profile 更新任务...
2026-07-24 10:55:21.267 | INFO     | N/A | ⏳ 等待 Profile 更新任务...
2026-07-24 10:55:26.291 | INFO     | N/A | ⏳ 等待 Profile 更新任务...
2026-07-24 10:55:31.327 | INFO     | N/A | ⏳ 等待 Profile 更新任务...
2026-07-24 10:55:36.352 | INFO     | N/A | ⏳ 等待 Profile 更新任务...
2026-07-24 10:55:41.377 | INFO     | N/A | ⏳ 等待 Profile 更新任务...
2026-07-24 10:55:46.401 | INFO     | N/A | ⏳ 等待 Profile 更新任务...
2026-07-24 10:55:51.426 | INFO     | N/A | ⏳ 等待 Profile 更新任务...
2026-07-24 10:55:56.450 | INFO     | N/A | ⏳ 等待 Profile 更新任务...
2026-07-24 10:56:01.489 | INFO     | N/A | ⏳ 等待 Profile 更新任务...
2026-07-24 10:56:06.512 | INFO     | N/A | ⏳ 等待 Profile 更新任务...
2026-07-24 10:56:11.537 | INFO     | N/A | ⏳ 等待 Profile 更新任务...
2026-07-24 10:56:16.562 | INFO     | N/A | ⏳ 等待 Profile 更新任务...
2026-07-24 10:56:21.586 | INFO     | N/A | ⏳ 等待 Profile 更新任务...
2026-07-24 10:56:26.612 | INFO     | N/A | ⏳ 等待 Profile 更新任务...
2026-07-24 10:56:31.648 | INFO     | N/A | ⏳ 等待 Profile 更新任务...
2026-07-24 10:56:36.670 | INFO     | N/A | ⏳ 等待 Profile 更新任务...
2026-07-24 10:56:41.693 | INFO     | N/A | ⏳ 等待 Profile 更新任务...
2026-07-24 10:56:46.719 | INFO     | N/A | ⏳ 等待 Profile 更新任务...
2026-07-24 10:56:51.742 | INFO     | N/A | ⏳ 等待 Profile 更新任务...
2026-07-24 10:56:56.769 | INFO     | N/A | ⏳ 等待 Profile 更新任务...
2026-07-24 10:57:01.802 | INFO     | N/A | ⏳ 等待 Profile 更新任务...
2026-07-24 10:57:06.827 | INFO     | N/A | ⏳ 等待 Profile 更新任务...
2026-07-24 10:57:11.849 | INFO     | N/A | ⏳ 等待 Profile 更新任务...
2026-07-24 10:57:16.875 | INFO     | N/A | ⏳ 等待 Profile 更新任务...
2026-07-24 10:57:21.899 | INFO     | N/A | ⏳ 等待 Profile 更新任务...
2026-07-24 10:57:26.921 | INFO     | N/A | ⏳ 等待 Profile 更新任务...
2026-07-24 10:57:31.964 | INFO     | N/A | ⏳ 等待 Profile 更新任务...
2026-07-24 10:57:36.983 | INFO     | N/A | ⏳ 等待 Profile 更新任务...
2026-07-24 10:57:42.009 | INFO     | N/A | ⏳ 等待 Profile 更新任务...
2026-07-24 10:57:47.034 | INFO     | N/A | ⏳ 等待 Profile 更新任务...
2026-07-24 10:57:52.058 | INFO     | N/A | ⏳ 等待 Profile 更新任务...
2026-07-24 10:57:57.081 | INFO     | N/A | ⏳ 等待 Profile 更新任务...
2026-07-24 10:58:02.152 | INFO     | N/A | ⏳ 等待 Profile 更新任务...
2026-07-24 10:58:07.165 | INFO     | N/A | ⏳ 等待 Profile 更新任务...
2026-07-24 10:58:12.191 | INFO     | N/A | ⏳ 等待 Profile 更新任务...
2026-07-24 10:58:17.215 | INFO     | N/A | ⏳ 等待 Profile 更新任务...
2026-07-24 10:58:22.240 | INFO     | N/A | ⏳ 等待 Profile 更新任务...
2026-07-24 10:58:27.264 | INFO     | N/A | ⏳ 等待 Profile 更新任务...
2026-07-24 10:58:32.302 | INFO     | N/A | ⏳ 等待 Profile 更新任务...
2026-07-24 10:58:37.327 | INFO     | N/A | ⏳ 等待 Profile 更新任务...
2026-07-24 10:58:42.352 | INFO     | N/A | ⏳ 等待 Profile 更新任务...
2026-07-24 10:58:47.377 | INFO     | N/A | ⏳ 等待 Profile 更新任务...
2026-07-24 10:58:52.402 | INFO     | N/A | ⏳ 等待 Profile 更新任务...
2026-07-24 10:58:57.427 | INFO     | N/A | ⏳ 等待 Profile 更新任务...
2026-07-24 10:59:02.462 | INFO     | N/A | ⏳ 等待 Profile 更新任务...
2026-07-24 10:59:07.484 | INFO     | N/A | ⏳ 等待 Profile 更新任务...
2026-07-24 10:59:12.508 | INFO     | N/A | ⏳ 等待 Profile 更新任务...
2026-07-24 10:59:17.533 | INFO     | N/A | ⏳ 等待 Profile 更新任务...
2026-07-24 10:59:22.556 | INFO     | N/A | ⏳ 等待 Profile 更新任务...
2026-07-24 10:59:27.584 | INFO     | N/A | ⏳ 等待 Profile 更新任务...
2026-07-24 10:59:32.622 | INFO     | N/A | ⏳ 等待 Profile 更新任务...
2026-07-24 10:59:37.644 | INFO     | N/A | ⏳ 等待 Profile 更新任务...
2026-07-24 10:59:42.668 | INFO     | N/A | ⏳ 等待 Profile 更新任务...
2026-07-24 10:59:47.692 | INFO     | N/A | ⏳ 等待 Profile 更新任务...
2026-07-24 10:59:52.722 | INFO     | N/A | ⏳ 等待 Profile 更新任务...
2026-07-24 10:59:57.748 | INFO     | N/A | ⏳ 等待 Profile 更新任务...
2026-07-24 11:00:02.783 | INFO     | N/A | ⏳ 等待 Profile 更新任务...
2026-07-24 11:00:07.807 | INFO     | N/A | ⏳ 等待 Profile 更新任务...
2026-07-24 11:00:12.834 | INFO     | N/A | ⏳ 等待 Profile 更新任务...
2026-07-24 11:00:17.857 | INFO     | N/A | ⏳ 等待 Profile 更新任务...
2026-07-24 11:00:22.884 | INFO     | N/A | ⏳ 等待 Profile 更新任务...
2026-07-24 11:00:27.910 | INFO     | N/A | ⏳ 等待 Profile 更新任务...
2026-07-24 11:00:32.950 | INFO     | N/A | ⏳ 等待 Profile 更新任务...
2026-07-24 11:00:37.971 | INFO     | N/A | ⏳ 等待 Profile 更新任务...
2026-07-24 11:00:42.997 | INFO     | N/A | ⏳ 等待 Profile 更新任务...
2026-07-24 11:00:48.020 | INFO     | N/A | ⏳ 等待 Profile 更新任务...
2026-07-24 11:00:53.043 | INFO     | N/A | ⏳ 等待 Profile 更新任务...
2026-07-24 11:00:58.073 | INFO     | N/A | ⏳ 等待 Profile 更新任务...
2026-07-24 11:01:03.105 | INFO     | N/A | ⏳ 等待 Profile 更新任务...
2026-07-24 11:01:08.130 | INFO     | N/A | ⏳ 等待 Profile 更新任务...
2026-07-24 11:01:13.153 | INFO     | N/A | ⏳ 等待 Profile 更新任务...
2026-07-24 11:01:18.179 | INFO     | N/A | ⏳ 等待 Profile 更新任务...
2026-07-24 11:01:23.203 | INFO     | N/A | ⏳ 等待 Profile 更新任务...
2026-07-24 11:01:28.228 | INFO     | N/A | ⏳ 等待 Profile 更新任务...
2026-07-24 11:01:33.270 | INFO     | N/A | ⏳ 等待 Profile 更新任务...
2026-07-24 11:01:38.295 | INFO     | N/A | ⏳ 等待 Profile 更新任务...
2026-07-24 11:01:43.320 | INFO     | N/A | ⏳ 等待 Profile 更新任务...
2026-07-24 11:01:48.346 | INFO     | N/A | ⏳ 等待 Profile 更新任务...
2026-07-24 11:01:53.369 | INFO     | N/A | ⏳ 等待 Profile 更新任务...
2026-07-24 11:01:58.397 | INFO     | N/A | ⏳ 等待 Profile 更新任务...
2026-07-24 11:02:03.430 | INFO     | N/A | ⏳ 等待 Profile 更新任务...
2026-07-24 11:02:08.456 | INFO     | N/A | ⏳ 等待 Profile 更新任务...
2026-07-24 11:02:13.482 | INFO     | N/A | ⏳ 等待 Profile 更新任务...
2026-07-24 11:02:18.509 | INFO     | N/A | ⏳ 等待 Profile 更新任务...
2026-07-24 11:02:23.534 | INFO     | N/A | ⏳ 等待 Profile 更新任务...
2026-07-24 11:02:28.559 | INFO     | N/A | ⏳ 等待 Profile 更新任务...
2026-07-24 11:02:33.590 | INFO     | N/A | ⏳ 等待 Profile 更新任务...
2026-07-24 11:02:38.615 | INFO     | N/A | ⏳ 等待 Profile 更新任务...
2026-07-24 11:02:43.642 | INFO     | N/A | ⏳ 等待 Profile 更新任务...
2026-07-24 11:02:48.666 | INFO     | N/A | ⏳ 等待 Profile 更新任务...
2026-07-24 11:02:53.692 | INFO     | N/A | ⏳ 等待 Profile 更新任务...
2026-07-24 11:02:58.721 | INFO     | N/A | ⏳ 等待 Profile 更新任务...
2026-07-24 11:03:03.753 | INFO     | N/A | ⏳ 等待 Profile 更新任务...
2026-07-24 11:03:08.780 | INFO     | N/A | ⏳ 等待 Profile 更新任务...
2026-07-24 11:03:13.806 | INFO     | N/A | ⏳ 等待 Profile 更新任务...
2026-07-24 11:03:18.831 | INFO     | N/A | ⏳ 等待 Profile 更新任务...
2026-07-24 11:03:23.855 | INFO     | N/A | ⏳ 等待 Profile 更新任务...
2026-07-24 11:03:28.892 | INFO     | N/A | ⏳ 等待 Profile 更新任务...
2026-07-24 11:03:33.932 | INFO     | N/A | ⏳ 等待 Profile 更新任务...
2026-07-24 11:03:38.957 | INFO     | N/A | ⏳ 等待 Profile 更新任务...
2026-07-24 11:03:43.980 | INFO     | N/A | ⏳ 等待 Profile 更新任务...
2026-07-24 11:03:49.006 | INFO     | N/A | ⏳ 等待 Profile 更新任务...
2026-07-24 11:03:54.030 | INFO     | N/A | ⏳ 等待 Profile 更新任务...
2026-07-24 11:03:59.058 | INFO     | N/A | ⏳ 等待 Profile 更新任务...
2026-07-24 11:04:04.091 | INFO     | N/A | ⏳ 等待 Profile 更新任务...
2026-07-24 11:04:09.118 | INFO     | N/A | ⏳ 等待 Profile 更新任务...
2026-07-24 11:04:14.141 | INFO     | N/A | ⏳ 等待 Profile 更新任务...
2026-07-24 11:04:19.165 | INFO     | N/A | ⏳ 等待 Profile 更新任务...
2026-07-24 11:04:24.188 | INFO     | N/A | ⏳ 等待 Profile 更新任务...
2026-07-24 11:04:29.220 | INFO     | N/A | ⏳ 等待 Profile 更新任务...
2026-07-24 11:04:34.251 | INFO     | N/A | ⏳ 等待 Profile 更新任务...
2026-07-24 11:04:39.274 | INFO     | N/A | ⏳ 等待 Profile 更新任务...
2026-07-24 11:04:44.299 | INFO     | N/A | ⏳ 等待 Profile 更新任务...
2026-07-24 11:04:49.324 | INFO     | N/A | ⏳ 等待 Profile 更新任务...
2026-07-24 11:04:54.348 | INFO     | N/A | ⏳ 等待 Profile 更新任务...
2026-07-24 11:04:59.376 | INFO     | N/A | ⏳ 等待 Profile 更新任务...
2026-07-24 11:05:04.411 | INFO     | N/A | ⏳ 等待 Profile 更新任务...
2026-07-24 11:05:09.436 | INFO     | N/A | ⏳ 等待 Profile 更新任务...
2026-07-24 11:05:14.460 | INFO     | N/A | ⏳ 等待 Profile 更新任务...
2026-07-24 11:05:19.483 | INFO     | N/A | ⏳ 等待 Profile 更新任务...
2026-07-24 11:05:24.508 | INFO     | N/A | ⏳ 等待 Profile 更新任务...
2026-07-24 11:05:29.538 | INFO     | N/A | ⏳ 等待 Profile 更新任务...
2026-07-24 11:05:34.570 | INFO     | N/A | ⏳ 等待 Profile 更新任务...
2026-07-24 11:05:39.595 | INFO     | N/A | ⏳ 等待 Profile 更新任务...
2026-07-24 11:05:44.621 | INFO     | N/A | ⏳ 等待 Profile 更新任务...
2026-07-24 11:05:49.646 | INFO     | N/A | ⏳ 等待 Profile 更新任务...
2026-07-24 11:05:54.673 | INFO     | N/A | ⏳ 等待 Profile 更新任务...
2026-07-24 11:05:59.703 | INFO     | N/A | ⏳ 等待 Profile 更新任务...
2026-07-24 11:06:04.734 | INFO     | N/A | ⏳ 等待 Profile 更新任务...
2026-07-24 11:06:09.759 | INFO     | N/A | ⏳ 等待 Profile 更新任务...
2026-07-24 11:06:14.783 | INFO     | N/A | ⏳ 等待 Profile 更新任务...
2026-07-24 11:06:19.807 | INFO     | N/A | ⏳ 等待 Profile 更新任务...
2026-07-24 11:06:24.833 | INFO     | N/A | ⏳ 等待 Profile 更新任务...
2026-07-24 11:06:29.864 | INFO     | N/A | ⏳ 等待 Profile 更新任务...
2026-07-24 11:06:34.895 | INFO     | N/A | ⏳ 等待 Profile 更新任务...
2026-07-24 11:06:39.919 | INFO     | N/A | ⏳ 等待 Profile 更新任务...
2026-07-24 11:06:44.947 | INFO     | N/A | ⏳ 等待 Profile 更新任务...
2026-07-24 11:06:49.972 | INFO     | N/A | ⏳ 等待 Profile 更新任务...
2026-07-24 11:06:54.996 | INFO     | N/A | ⏳ 等待 Profile 更新任务...
2026-07-24 11:07:00.027 | INFO     | N/A | ⏳ 等待 Profile 更新任务...
2026-07-24 11:07:05.055 | INFO     | N/A | ⏳ 等待 Profile 更新任务...
2026-07-24 11:07:10.078 | INFO     | N/A | ⏳ 等待 Profile 更新任务...
2026-07-24 11:07:15.105 | INFO     | N/A | ⏳ 等待 Profile 更新任务...
2026-07-24 11:07:20.133 | INFO     | N/A | ⏳ 等待 Profile 更新任务...
2026-07-24 11:07:25.159 | INFO     | N/A | ⏳ 等待 Profile 更新任务...
2026-07-24 11:07:30.187 | INFO     | N/A | ⏳ 等待 Profile 更新任务...
2026-07-24 11:07:35.217 | INFO     | N/A | ⏳ 等待 Profile 更新任务...
2026-07-24 11:07:40.241 | INFO     | N/A | ⏳ 等待 Profile 更新任务...
2026-07-24 11:07:45.265 | INFO     | N/A | ⏳ 等待 Profile 更新任务...
2026-07-24 11:07:50.290 | INFO     | N/A | ⏳ 等待 Profile 更新任务...
2026-07-24 11:07:55.313 | INFO     | N/A | ⏳ 等待 Profile 更新任务...
2026-07-24 11:08:00.339 | INFO     | N/A | ⏳ 等待 Profile 更新任务...
2026-07-24 11:08:05.374 | INFO     | N/A | ⏳ 等待 Profile 更新任务...
2026-07-24 11:08:10.397 | INFO     | N/A | ⏳ 等待 Profile 更新任务...
2026-07-24 11:08:15.423 | INFO     | N/A | ⏳ 等待 Profile 更新任务...
2026-07-24 11:08:20.449 | INFO     | N/A | ⏳ 等待 Profile 更新任务...
2026-07-24 11:08:25.471 | INFO     | N/A | ⏳ 等待 Profile 更新任务...
2026-07-24 11:08:30.500 | INFO     | N/A | ⏳ 等待 Profile 更新任务...
2026-07-24 11:08:35.531 | INFO     | N/A | ⏳ 等待 Profile 更新任务...
2026-07-24 11:08:40.556 | INFO     | N/A | ⏳ 等待 Profile 更新任务...
2026-07-24 11:08:45.580 | INFO     | N/A | ⏳ 等待 Profile 更新任务...
2026-07-24 11:08:50.604 | INFO     | N/A | ⏳ 等待 Profile 更新任务...
2026-07-24 11:08:55.628 | INFO     | N/A | ⏳ 等待 Profile 更新任务...
2026-07-24 11:09:00.637 | INFO     | N/A | ⏳ 等待 Profile 更新任务...
2026-07-24 11:09:05.686 | INFO     | N/A | ⏳ 等待 Profile 更新任务...
2026-07-24 11:09:10.713 | INFO     | N/A | ⏳ 等待 Profile 更新任务...
2026-07-24 11:09:15.739 | INFO     | N/A | ⏳ 等待 Profile 更新任务...
2026-07-24 11:09:20.762 | INFO     | N/A | ⏳ 等待 Profile 更新任务...
2026-07-24 11:09:25.789 | INFO     | N/A | ⏳ 等待 Profile 更新任务...
2026-07-24 11:09:30.818 | INFO     | N/A | ⏳ 等待 Profile 更新任务...
2026-07-24 11:09:35.848 | INFO     | N/A | ⏳ 等待 Profile 更新任务...
2026-07-24 11:09:40.873 | INFO     | N/A | ⏳ 等待 Profile 更新任务...
2026-07-24 11:09:45.898 | INFO     | N/A | ⏳ 等待 Profile 更新任务...
2026-07-24 11:09:50.924 | INFO     | N/A | ⏳ 等待 Profile 更新任务...
2026-07-24 11:09:55.948 | INFO     | N/A | ⏳ 等待 Profile 更新任务...
2026-07-24 11:10:00.983 | INFO     | N/A | ⏳ 等待 Profile 更新任务...
2026-07-24 11:10:06.016 | INFO     | N/A | ⏳ 等待 Profile 更新任务...
2026-07-24 11:10:11.040 | INFO     | N/A | ⏳ 等待 Profile 更新任务...
2026-07-24 11:10:16.063 | INFO     | N/A | ⏳ 等待 Profile 更新任务...
2026-07-24 11:10:21.087 | INFO     | N/A | ⏳ 等待 Profile 更新任务...
2026-07-24 11:10:26.113 | INFO     | N/A | ⏳ 等待 Profile 更新任务...
2026-07-24 11:10:31.130 | INFO     | N/A | ⏳ 等待 Profile 更新任务...
2026-07-24 11:10:36.172 | INFO     | N/A | ⏳ 等待 Profile 更新任务...
2026-07-24 11:10:41.195 | INFO     | N/A | ⏳ 等待 Profile 更新任务...
2026-07-24 11:10:46.219 | INFO     | N/A | ⏳ 等待 Profile 更新任务...
2026-07-24 11:10:51.242 | INFO     | N/A | ⏳ 等待 Profile 更新任务...
2026-07-24 11:10:56.268 | INFO     | N/A | ⏳ 等待 Profile 更新任务...
2026-07-24 11:11:01.302 | INFO     | N/A | ⏳ 等待 Profile 更新任务...
2026-07-24 11:11:06.329 | INFO     | N/A | ⏳ 等待 Profile 更新任务...
2026-07-24 11:11:11.355 | INFO     | N/A | ⏳ 等待 Profile 更新任务...
2026-07-24 11:11:16.378 | INFO     | N/A | ⏳ 等待 Profile 更新任务...
2026-07-24 11:11:21.403 | INFO     | N/A | ⏳ 等待 Profile 更新任务...
2026-07-24 11:11:26.428 | INFO     | N/A | ⏳ 等待 Profile 更新任务...
2026-07-24 11:11:31.439 | INFO     | N/A | ⏳ 等待 Profile 更新任务...
2026-07-24 11:11:36.488 | INFO     | N/A | ⏳ 等待 Profile 更新任务...
2026-07-24 11:11:41.515 | INFO     | N/A | ⏳ 等待 Profile 更新任务...
2026-07-24 11:11:46.540 | INFO     | N/A | ⏳ 等待 Profile 更新任务...
2026-07-24 11:11:51.566 | INFO     | N/A | ⏳ 等待 Profile 更新任务...
2026-07-24 11:11:56.593 | INFO     | N/A | ⏳ 等待 Profile 更新任务...
2026-07-24 11:12:01.626 | INFO     | N/A | ⏳ 等待 Profile 更新任务...
2026-07-24 11:12:06.653 | INFO     | N/A | ⏳ 等待 Profile 更新任务...
2026-07-24 11:12:11.677 | INFO     | N/A | ⏳ 等待 Profile 更新任务...
2026-07-24 11:12:16.700 | INFO     | N/A | ⏳ 等待 Profile 更新任务...
2026-07-24 11:12:21.725 | INFO     | N/A | ⏳ 等待 Profile 更新任务...
2026-07-24 11:12:26.750 | INFO     | N/A | ⏳ 等待 Profile 更新任务...
2026-07-24 11:12:31.780 | INFO     | N/A | ⏳ 等待 Profile 更新任务...
2026-07-24 11:12:36.806 | INFO     | N/A | ⏳ 等待 Profile 更新任务...
2026-07-24 11:12:41.829 | INFO     | N/A | ⏳ 等待 Profile 更新任务...
2026-07-24 11:12:46.853 | INFO     | N/A | ⏳ 等待 Profile 更新任务...
2026-07-24 11:12:51.879 | INFO     | N/A | ⏳ 等待 Profile 更新任务...
2026-07-24 11:12:56.902 | INFO     | N/A | ⏳ 等待 Profile 更新任务...
2026-07-24 11:13:01.936 | INFO     | N/A | ⏳ 等待 Profile 更新任务...
2026-07-24 11:13:06.966 | INFO     | N/A | ⏳ 等待 Profile 更新任务...
2026-07-24 11:13:11.989 | INFO     | N/A | ⏳ 等待 Profile 更新任务...
2026-07-24 11:13:17.012 | INFO     | N/A | ⏳ 等待 Profile 更新任务...
2026-07-24 11:13:22.040 | INFO     | N/A | ⏳ 等待 Profile 更新任务...
2026-07-24 11:13:27.064 | INFO     | N/A | ⏳ 等待 Profile 更新任务...
2026-07-24 11:13:32.094 | INFO     | N/A | ⏳ 等待 Profile 更新任务...
2026-07-24 11:13:37.120 | INFO     | N/A | ⏳ 等待 Profile 更新任务...
2026-07-24 11:13:42.145 | INFO     | N/A | ⏳ 等待 Profile 更新任务...
2026-07-24 11:13:47.171 | INFO     | N/A | ⏳ 等待 Profile 更新任务...
2026-07-24 11:13:52.200 | INFO     | N/A | ⏳ 等待 Profile 更新任务...
2026-07-24 11:13:57.222 | INFO     | N/A | ⏳ 等待 Profile 更新任务...
2026-07-24 11:14:02.257 | INFO     | N/A | ⏳ 等待 Profile 更新任务...
2026-07-24 11:14:07.285 | INFO     | N/A | ⏳ 等待 Profile 更新任务...
2026-07-24 11:14:12.312 | INFO     | N/A | ⏳ 等待 Profile 更新任务...
2026-07-24 11:14:17.337 | INFO     | N/A | ⏳ 等待 Profile 更新任务...
2026-07-24 11:14:22.362 | INFO     | N/A | ⏳ 等待 Profile 更新任务...
2026-07-24 11:14:27.387 | INFO     | N/A | ⏳ 等待 Profile 更新任务...
2026-07-24 11:14:32.422 | INFO     | N/A | ⏳ 等待 Profile 更新任务...
2026-07-24 11:14:37.451 | INFO     | N/A | ⏳ 等待 Profile 更新任务...
2026-07-24 11:14:42.473 | INFO     | N/A | ⏳ 等待 Profile 更新任务...
2026-07-24 11:14:47.501 | INFO     | N/A | ⏳ 等待 Profile 更新任务...
2026-07-24 11:14:52.526 | INFO     | N/A | ⏳ 等待 Profile 更新任务...
2026-07-24 11:14:57.554 | INFO     | N/A | ⏳ 等待 Profile 更新任务...
2026-07-24 11:15:02.586 | INFO     | N/A | ⏳ 等待 Profile 更新任务...
2026-07-24 11:15:07.612 | INFO     | N/A | ⏳ 等待 Profile 更新任务...
2026-07-24 11:15:12.638 | INFO     | N/A | ⏳ 等待 Profile 更新任务...
2026-07-24 11:15:17.666 | INFO     | N/A | ⏳ 等待 Profile 更新任务...
2026-07-24 11:15:22.690 | INFO     | N/A | ⏳ 等待 Profile 更新任务...
2026-07-24 11:15:27.715 | INFO     | N/A | ⏳ 等待 Profile 更新任务...
2026-07-24 11:15:32.755 | INFO     | N/A | ⏳ 等待 Profile 更新任务...
2026-07-24 11:15:37.780 | INFO     | N/A | ⏳ 等待 Profile 更新任务...
2026-07-24 11:15:42.803 | INFO     | N/A | ⏳ 等待 Profile 更新任务...
2026-07-24 11:15:47.827 | INFO     | N/A | ⏳ 等待 Profile 更新任务...
2026-07-24 11:15:52.853 | INFO     | N/A | ⏳ 等待 Profile 更新任务...
2026-07-24 11:15:57.876 | INFO     | N/A | ⏳ 等待 Profile 更新任务...
2026-07-24 11:16:02.911 | INFO     | N/A | ⏳ 等待 Profile 更新任务...
2026-07-24 11:16:07.938 | INFO     | N/A | ⏳ 等待 Profile 更新任务...
2026-07-24 11:16:12.962 | INFO     | N/A | ⏳ 等待 Profile 更新任务...
2026-07-24 11:16:17.988 | INFO     | N/A | ⏳ 等待 Profile 更新任务...
2026-07-24 11:16:23.010 | INFO     | N/A | ⏳ 等待 Profile 更新任务...
2026-07-24 11:16:28.034 | INFO     | N/A | ⏳ 等待 Profile 更新任务...
2026-07-24 11:16:33.041 | INFO     | N/A | ⏳ 等待 Profile 更新任务...
2026-07-24 11:16:38.091 | INFO     | N/A | ⏳ 等待 Profile 更新任务...
2026-07-24 11:16:43.116 | INFO     | N/A | ⏳ 等待 Profile 更新任务...
2026-07-24 11:16:48.143 | INFO     | N/A | ⏳ 等待 Profile 更新任务...
2026-07-24 11:16:53.170 | INFO     | N/A | ⏳ 等待 Profile 更新任务...
2026-07-24 11:16:58.196 | INFO     | N/A | ⏳ 等待 Profile 更新任务...
2026-07-24 11:17:03.231 | INFO     | N/A | ⏳ 等待 Profile 更新任务...
2026-07-24 11:17:08.256 | INFO     | N/A | ⏳ 等待 Profile 更新任务...
2026-07-24 11:17:13.308 | INFO     | N/A | ⏳ 等待 Profile 更新任务...
2026-07-24 11:17:18.334 | INFO     | N/A | ⏳ 等待 Profile 更新任务...
2026-07-24 11:17:23.359 | INFO     | N/A | ⏳ 等待 Profile 更新任务...
2026-07-24 11:17:28.385 | INFO     | N/A | ⏳ 等待 Profile 更新任务...
2026-07-24 11:17:33.418 | INFO     | N/A | ⏳ 等待 Profile 更新任务...
2026-07-24 11:17:38.444 | INFO     | N/A | ⏳ 等待 Profile 更新任务...
2026-07-24 11:17:43.470 | INFO     | N/A | ⏳ 等待 Profile 更新任务...
2026-07-24 11:17:48.494 | INFO     | N/A | ⏳ 等待 Profile 更新任务...
2026-07-24 11:17:53.516 | INFO     | N/A | ⏳ 等待 Profile 更新任务...
2026-07-24 11:17:58.540 | INFO     | N/A | ⏳ 等待 Profile 更新任务...
2026-07-24 11:18:03.574 | INFO     | N/A | ⏳ 等待 Profile 更新任务...
2026-07-24 11:18:08.601 | INFO     | N/A | ⏳ 等待 Profile 更新任务...
2026-07-24 11:18:13.629 | INFO     | N/A | ⏳ 等待 Profile 更新任务...
2026-07-24 11:18:18.654 | INFO     | N/A | ⏳ 等待 Profile 更新任务...
2026-07-24 11:18:23.679 | INFO     | N/A | ⏳ 等待 Profile 更新任务...
2026-07-24 11:18:28.703 | INFO     | N/A | ⏳ 等待 Profile 更新任务...
2026-07-24 11:18:33.739 | INFO     | N/A | ⏳ 等待 Profile 更新任务...
2026-07-24 11:18:38.764 | INFO     | N/A | ⏳ 等待 Profile 更新任务...
2026-07-24 11:18:43.787 | INFO     | N/A | ⏳ 等待 Profile 更新任务...
2026-07-24 11:18:48.812 | INFO     | N/A | ⏳ 等待 Profile 更新任务...
2026-07-24 11:18:53.836 | INFO     | N/A | ⏳ 等待 Profile 更新任务...
2026-07-24 11:18:58.861 | INFO     | N/A | ⏳ 等待 Profile 更新任务...
2026-07-24 11:19:03.900 | INFO     | N/A | ⏳ 等待 Profile 更新任务...
2026-07-24 11:19:08.947 | INFO     | N/A | ⏳ 等待 Profile 更新任务...
2026-07-24 11:19:13.972 | INFO     | N/A | ⏳ 等待 Profile 更新任务...
2026-07-24 11:19:18.995 | INFO     | N/A | ⏳ 等待 Profile 更新任务...
2026-07-24 11:19:24.023 | INFO     | N/A | ⏳ 等待 Profile 更新任务...
2026-07-24 11:19:29.048 | INFO     | N/A | ⏳ 等待 Profile 更新任务...
2026-07-24 11:19:34.098 | INFO     | N/A | ⏳ 等待 Profile 更新任务...
2026-07-24 11:19:39.124 | INFO     | N/A | ⏳ 等待 Profile 更新任务...
2026-07-24 11:19:44.149 | INFO     | N/A | ⏳ 等待 Profile 更新任务...
2026-07-24 11:19:49.174 | INFO     | N/A | ⏳ 等待 Profile 更新任务...
2026-07-24 11:19:54.199 | INFO     | N/A | ⏳ 等待 Profile 更新任务...
2026-07-24 11:19:59.225 | INFO     | N/A | ⏳ 等待 Profile 更新任务...
2026-07-24 11:20:04.261 | INFO     | N/A | ⏳ 等待 Profile 更新任务...
2026-07-24 11:20:09.288 | INFO     | N/A | ⏳ 等待 Profile 更新任务...
2026-07-24 11:20:14.312 | INFO     | N/A | ⏳ 等待 Profile 更新任务...
2026-07-24 11:20:19.336 | INFO     | N/A | ⏳ 等待 Profile 更新任务...
2026-07-24 11:20:24.362 | INFO     | N/A | ⏳ 等待 Profile 更新任务...
2026-07-24 11:20:29.388 | INFO     | N/A | ⏳ 等待 Profile 更新任务...
2026-07-24 11:20:34.421 | INFO     | N/A | ⏳ 等待 Profile 更新任务...
2026-07-24 11:20:39.446 | INFO     | N/A | ⏳ 等待 Profile 更新任务...
2026-07-24 11:20:44.470 | INFO     | N/A | ⏳ 等待 Profile 更新任务...
2026-07-24 11:20:49.495 | INFO     | N/A | ⏳ 等待 Profile 更新任务...
2026-07-24 11:20:54.523 | INFO     | N/A | ⏳ 等待 Profile 更新任务...
2026-07-24 11:20:59.549 | INFO     | N/A | ⏳ 等待 Profile 更新任务...
2026-07-24 11:21:04.583 | INFO     | N/A | ⏳ 等待 Profile 更新任务...
2026-07-24 11:21:09.609 | INFO     | N/A | ⏳ 等待 Profile 更新任务...
2026-07-24 11:21:14.633 | INFO     | N/A | ⏳ 等待 Profile 更新任务...
2026-07-24 11:21:19.658 | INFO     | N/A | ⏳ 等待 Profile 更新任务...
2026-07-24 11:21:24.683 | INFO     | N/A | ⏳ 等待 Profile 更新任务...
2026-07-24 11:21:29.709 | INFO     | N/A | ⏳ 等待 Profile 更新任务...
2026-07-24 11:21:34.755 | INFO     | N/A | ⏳ 等待 Profile 更新任务...
2026-07-24 11:21:39.787 | INFO     | N/A | ⏳ 等待 Profile 更新任务...
2026-07-24 11:21:44.812 | INFO     | N/A | ⏳ 等待 Profile 更新任务...
2026-07-24 11:21:49.834 | INFO     | N/A | ⏳ 等待 Profile 更新任务...
2026-07-24 11:21:54.858 | INFO     | N/A | ⏳ 等待 Profile 更新任务...
2026-07-24 11:21:59.881 | INFO     | N/A | ⏳ 等待 Profile 更新任务...
2026-07-24 11:22:04.912 | INFO     | N/A | ⏳ 等待 Profile 更新任务...
2026-07-24 11:22:09.935 | INFO     | N/A | ⏳ 等待 Profile 更新任务...
2026-07-24 11:22:14.957 | INFO     | N/A | ⏳ 等待 Profile 更新任务...
2026-07-24 11:22:19.984 | INFO     | N/A | ⏳ 等待 Profile 更新任务...
2026-07-24 11:22:25.009 | INFO     | N/A | ⏳ 等待 Profile 更新任务...
2026-07-24 11:22:30.033 | INFO     | N/A | ⏳ 等待 Profile 更新任务...
2026-07-24 11:22:35.071 | INFO     | N/A | ⏳ 等待 Profile 更新任务...
2026-07-24 11:22:40.098 | INFO     | N/A | ⏳ 等待 Profile 更新任务...
2026-07-24 11:22:45.124 | INFO     | N/A | ⏳ 等待 Profile 更新任务...
2026-07-24 11:22:50.149 | INFO     | N/A | ⏳ 等待 Profile 更新任务...
2026-07-24 11:22:55.173 | INFO     | N/A | ⏳ 等待 Profile 更新任务...
2026-07-24 11:23:00.199 | INFO     | N/A | ⏳ 等待 Profile 更新任务...
2026-07-24 11:23:05.235 | INFO     | N/A | ⏳ 等待 Profile 更新任务...
2026-07-24 11:23:10.257 | INFO     | N/A | ⏳ 等待 Profile 更新任务...
2026-07-24 11:23:15.281 | INFO     | N/A | ⏳ 等待 Profile 更新任务...
2026-07-24 11:23:20.307 | INFO     | N/A | ⏳ 等待 Profile 更新任务...
2026-07-24 11:23:25.334 | INFO     | N/A | ⏳ 等待 Profile 更新任务...
2026-07-24 11:23:30.361 | INFO     | N/A | ⏳ 等待 Profile 更新任务...
2026-07-24 11:23:35.402 | INFO     | N/A | ⏳ 等待 Profile 更新任务...
2026-07-24 11:23:40.424 | INFO     | N/A | ⏳ 等待 Profile 更新任务...
2026-07-24 11:23:45.448 | INFO     | N/A | ⏳ 等待 Profile 更新任务...
2026-07-24 11:23:50.475 | INFO     | N/A | ⏳ 等待 Profile 更新任务...
2026-07-24 11:23:55.499 | INFO     | N/A | ⏳ 等待 Profile 更新任务...
2026-07-24 11:24:00.526 | INFO     | N/A | ⏳ 等待 Profile 更新任务...
2026-07-24 11:24:05.565 | INFO     | N/A | ⏳ 等待 Profile 更新任务...
2026-07-24 11:24:10.591 | INFO     | N/A | ⏳ 等待 Profile 更新任务...
2026-07-24 11:24:15.618 | INFO     | N/A | ⏳ 等待 Profile 更新任务...
2026-07-24 11:24:20.642 | INFO     | N/A | ⏳ 等待 Profile 更新任务...
2026-07-24 11:24:25.667 | INFO     | N/A | ⏳ 等待 Profile 更新任务...
2026-07-24 11:24:30.692 | INFO     | N/A | ⏳ 等待 Profile 更新任务...
2026-07-24 11:24:35.729 | INFO     | N/A | ⏳ 等待 Profile 更新任务...
2026-07-24 11:24:40.754 | INFO     | N/A | ⏳ 等待 Profile 更新任务...
2026-07-24 11:24:45.779 | INFO     | N/A | ⏳ 等待 Profile 更新任务...
2026-07-24 11:24:50.802 | INFO     | N/A | ⏳ 等待 Profile 更新任务...
2026-07-24 11:24:55.830 | INFO     | N/A | ⏳ 等待 Profile 更新任务...
2026-07-24 11:25:00.851 | INFO     | N/A | ⏳ 等待 Profile 更新任务...
2026-07-24 11:25:05.887 | INFO     | N/A | ⏳ 等待 Profile 更新任务...
2026-07-24 11:25:10.912 | INFO     | N/A | ⏳ 等待 Profile 更新任务...
2026-07-24 11:25:15.935 | INFO     | N/A | ⏳ 等待 Profile 更新任务...
2026-07-24 11:25:20.963 | INFO     | N/A | ⏳ 等待 Profile 更新任务...
2026-07-24 11:25:25.986 | INFO     | N/A | ⏳ 等待 Profile 更新任务...
2026-07-24 11:25:31.011 | INFO     | N/A | ⏳ 等待 Profile 更新任务...
2026-07-24 11:25:36.048 | INFO     | N/A | ⏳ 等待 Profile 更新任务...
2026-07-24 11:25:41.072 | INFO     | N/A | ⏳ 等待 Profile 更新任务...
2026-07-24 11:25:46.097 | INFO     | N/A | ⏳ 等待 Profile 更新任务...
2026-07-24 11:25:51.124 | INFO     | N/A | ⏳ 等待 Profile 更新任务...
2026-07-24 11:25:56.146 | INFO     | N/A | ⏳ 等待 Profile 更新任务...
2026-07-24 11:26:01.175 | INFO     | N/A | ⏳ 等待 Profile 更新任务...
2026-07-24 11:26:06.213 | INFO     | N/A | ⏳ 等待 Profile 更新任务...
2026-07-24 11:26:11.236 | INFO     | N/A | ⏳ 等待 Profile 更新任务...
2026-07-24 11:26:16.260 | INFO     | N/A | ⏳ 等待 Profile 更新任务...
2026-07-24 11:26:21.286 | INFO     | N/A | ⏳ 等待 Profile 更新任务...
2026-07-24 11:26:26.311 | INFO     | N/A | ⏳ 等待 Profile 更新任务...
2026-07-24 11:26:31.336 | INFO     | N/A | ⏳ 等待 Profile 更新任务...
2026-07-24 11:26:36.368 | INFO     | N/A | ⏳ 等待 Profile 更新任务...
2026-07-24 11:26:41.392 | INFO     | N/A | ⏳ 等待 Profile 更新任务...
2026-07-24 11:26:46.416 | INFO     | N/A | ⏳ 等待 Profile 更新任务...
2026-07-24 11:26:51.440 | INFO     | N/A | ⏳ 等待 Profile 更新任务...
2026-07-24 11:26:56.466 | INFO     | N/A | ⏳ 等待 Profile 更新任务...
2026-07-24 11:27:01.489 | INFO     | N/A | ⏳ 等待 Profile 更新任务...
2026-07-24 11:27:06.524 | INFO     | N/A | ⏳ 等待 Profile 更新任务...
2026-07-24 11:27:11.548 | INFO     | N/A | ⏳ 等待 Profile 更新任务...
2026-07-24 11:27:16.571 | INFO     | N/A | ⏳ 等待 Profile 更新任务...
2026-07-24 11:27:21.597 | INFO     | N/A | ⏳ 等待 Profile 更新任务...
2026-07-24 11:27:26.626 | INFO     | N/A | ⏳ 等待 Profile 更新任务...
2026-07-24 11:27:31.651 | INFO     | N/A | ⏳ 等待 Profile 更新任务...
2026-07-24 11:27:36.685 | INFO     | N/A | ⏳ 等待 Profile 更新任务...
2026-07-24 11:27:41.710 | INFO     | N/A | ⏳ 等待 Profile 更新任务...
2026-07-24 11:27:46.734 | INFO     | N/A | ⏳ 等待 Profile 更新任务...
2026-07-24 11:27:51.759 | INFO     | N/A | ⏳ 等待 Profile 更新任务...
2026-07-24 11:27:56.782 | INFO     | N/A | ⏳ 等待 Profile 更新任务...
2026-07-24 11:28:01.806 | INFO     | N/A | ⏳ 等待 Profile 更新任务...
2026-07-24 11:28:06.843 | INFO     | N/A | ⏳ 等待 Profile 更新任务...
2026-07-24 11:28:11.868 | INFO     | N/A | ⏳ 等待 Profile 更新任务...
2026-07-24 11:28:16.894 | INFO     | N/A | ⏳ 等待 Profile 更新任务...
2026-07-24 11:28:21.919 | INFO     | N/A | ⏳ 等待 Profile 更新任务...
2026-07-24 11:28:26.944 | INFO     | N/A | ⏳ 等待 Profile 更新任务...
2026-07-24 11:28:31.969 | INFO     | N/A | ⏳ 等待 Profile 更新任务...
2026-07-24 11:28:37.002 | INFO     | N/A | ⏳ 等待 Profile 更新任务...
2026-07-24 11:28:42.027 | INFO     | N/A | ⏳ 等待 Profile 更新任务...
2026-07-24 11:28:47.051 | INFO     | N/A | ⏳ 等待 Profile 更新任务...
2026-07-24 11:28:52.076 | INFO     | N/A | ⏳ 等待 Profile 更新任务...
2026-07-24 11:28:57.099 | INFO     | N/A | ⏳ 等待 Profile 更新任务...
2026-07-24 11:29:02.124 | INFO     | N/A | ⏳ 等待 Profile 更新任务...
2026-07-24 11:29:07.162 | INFO     | N/A | ⏳ 等待 Profile 更新任务...
2026-07-24 11:29:12.188 | INFO     | N/A | ⏳ 等待 Profile 更新任务...
2026-07-24 11:29:17.214 | INFO     | N/A | ⏳ 等待 Profile 更新任务...
2026-07-24 11:29:22.239 | INFO     | N/A | ⏳ 等待 Profile 更新任务...
2026-07-24 11:29:27.261 | INFO     | N/A | ⏳ 等待 Profile 更新任务...
2026-07-24 11:29:32.287 | INFO     | N/A | ⏳ 等待 Profile 更新任务...
2026-07-24 11:29:37.324 | INFO     | N/A | ⏳ 等待 Profile 更新任务...
2026-07-24 11:29:42.348 | INFO     | N/A | ⏳ 等待 Profile 更新任务...
2026-07-24 11:29:47.373 | INFO     | N/A | ⏳ 等待 Profile 更新任务...
2026-07-24 11:29:52.401 | INFO     | N/A | ⏳ 等待 Profile 更新任务...
2026-07-24 11:29:57.426 | INFO     | N/A | ⏳ 等待 Profile 更新任务...
2026-07-24 11:30:02.453 | INFO     | N/A | ⏳ 等待 Profile 更新任务...
2026-07-24 11:30:07.488 | INFO     | N/A | ⏳ 等待 Profile 更新任务...
2026-07-24 11:30:12.512 | INFO     | N/A | ⏳ 等待 Profile 更新任务...
2026-07-24 11:30:17.536 | INFO     | N/A | ⏳ 等待 Profile 更新任务...
2026-07-24 11:30:22.559 | INFO     | N/A | ⏳ 等待 Profile 更新任务...
2026-07-24 11:30:27.582 | INFO     | N/A | ⏳ 等待 Profile 更新任务...
2026-07-24 11:30:32.607 | INFO     | N/A | ⏳ 等待 Profile 更新任务...
2026-07-24 11:30:37.642 | INFO     | N/A | ⏳ 等待 Profile 更新任务...
2026-07-24 11:30:42.665 | INFO     | N/A | ⏳ 等待 Profile 更新任务...
2026-07-24 11:30:47.691 | INFO     | N/A | ⏳ 等待 Profile 更新任务...
2026-07-24 11:30:52.717 | INFO     | N/A | ⏳ 等待 Profile 更新任务...
2026-07-24 11:30:57.742 | INFO     | N/A | ⏳ 等待 Profile 更新任务...
2026-07-24 11:31:02.764 | INFO     | N/A | ⏳ 等待 Profile 更新任务...
2026-07-24 11:31:07.802 | INFO     | N/A | ⏳ 等待 Profile 更新任务...
2026-07-24 11:31:12.823 | INFO     | N/A | ⏳ 等待 Profile 更新任务...
2026-07-24 11:31:17.845 | INFO     | N/A | ⏳ 等待 Profile 更新任务...
2026-07-24 11:31:22.868 | INFO     | N/A | ⏳ 等待 Profile 更新任务...
2026-07-24 11:31:27.893 | INFO     | N/A | ⏳ 等待 Profile 更新任务...
2026-07-24 11:31:32.919 | INFO     | N/A | ⏳ 等待 Profile 更新任务...
2026-07-24 11:31:37.953 | INFO     | N/A | ⏳ 等待 Profile 更新任务...
2026-07-24 11:31:42.976 | INFO     | N/A | ⏳ 等待 Profile 更新任务...
2026-07-24 11:31:48.000 | INFO     | N/A | ⏳ 等待 Profile 更新任务...
2026-07-24 11:31:53.025 | INFO     | N/A | ⏳ 等待 Profile 更新任务...
2026-07-24 11:31:58.049 | INFO     | N/A | ⏳ 等待 Profile 更新任务...
2026-07-24 11:32:03.071 | INFO     | N/A | ⏳ 等待 Profile 更新任务...
2026-07-24 11:32:08.106 | INFO     | N/A | ⏳ 等待 Profile 更新任务...
2026-07-24 11:32:13.129 | INFO     | N/A | ⏳ 等待 Profile 更新任务...
2026-07-24 11:32:18.154 | INFO     | N/A | ⏳ 等待 Profile 更新任务...
2026-07-24 11:32:23.176 | INFO     | N/A | ⏳ 等待 Profile 更新任务...
2026-07-24 11:32:28.202 | INFO     | N/A | ⏳ 等待 Profile 更新任务...
2026-07-24 11:32:33.230 | INFO     | N/A | ⏳ 等待 Profile 更新任务...
2026-07-24 11:32:38.266 | INFO     | N/A | ⏳ 等待 Profile 更新任务...
2026-07-24 11:32:43.292 | INFO     | N/A | ⏳ 等待 Profile 更新任务...
2026-07-24 11:32:48.323 | INFO     | N/A | ⏳ 等待 Profile 更新任务...
2026-07-24 11:32:53.351 | INFO     | N/A | ⏳ 等待 Profile 更新任务...
2026-07-24 11:32:58.385 | INFO     | N/A | ⏳ 等待 Profile 更新任务...
2026-07-24 11:33:03.417 | INFO     | N/A | ⏳ 等待 Profile 更新任务...
2026-07-24 11:33:08.453 | INFO     | N/A | ⏳ 等待 Profile 更新任务...
2026-07-24 11:33:13.478 | INFO     | N/A | ⏳ 等待 Profile 更新任务...
2026-07-24 11:33:18.501 | INFO     | N/A | ⏳ 等待 Profile 更新任务...
2026-07-24 11:33:23.531 | INFO     | N/A | ⏳ 等待 Profile 更新任务...
2026-07-24 11:33:28.556 | INFO     | N/A | ⏳ 等待 Profile 更新任务...
2026-07-24 11:33:33.581 | INFO     | N/A | ⏳ 等待 Profile 更新任务...
2026-07-24 11:33:38.617 | INFO     | N/A | ⏳ 等待 Profile 更新任务...
2026-07-24 11:33:43.644 | INFO     | N/A | ⏳ 等待 Profile 更新任务...
2026-07-24 11:33:48.670 | INFO     | N/A | ⏳ 等待 Profile 更新任务...
2026-07-24 11:33:53.693 | INFO     | N/A | ⏳ 等待 Profile 更新任务...
2026-07-24 11:33:58.716 | INFO     | N/A | ⏳ 等待 Profile 更新任务...
2026-07-24 11:34:03.739 | INFO     | N/A | ⏳ 等待 Profile 更新任务...
2026-07-24 11:34:08.774 | INFO     | N/A | ⏳ 等待 Profile 更新任务...
2026-07-24 11:34:13.799 | INFO     | N/A | ⏳ 等待 Profile 更新任务...
2026-07-24 11:34:18.824 | INFO     | N/A | ⏳ 等待 Profile 更新任务...
2026-07-24 11:34:23.852 | INFO     | N/A | ⏳ 等待 Profile 更新任务...
2026-07-24 11:34:28.880 | INFO     | N/A | ⏳ 等待 Profile 更新任务...
2026-07-24 11:34:33.905 | INFO     | N/A | ⏳ 等待 Profile 更新任务...
2026-07-24 11:34:38.939 | INFO     | N/A | ⏳ 等待 Profile 更新任务...
2026-07-24 11:34:43.964 | INFO     | N/A | ⏳ 等待 Profile 更新任务...
2026-07-24 11:34:48.989 | INFO     | N/A | ⏳ 等待 Profile 更新任务...
2026-07-24 11:34:54.014 | INFO     | N/A | ⏳ 等待 Profile 更新任务...
2026-07-24 11:34:59.036 | INFO     | N/A | ⏳ 等待 Profile 更新任务...
2026-07-24 11:35:04.060 | INFO     | N/A | ⏳ 等待 Profile 更新任务...
2026-07-24 11:35:09.094 | INFO     | N/A | ⏳ 等待 Profile 更新任务...
2026-07-24 11:35:14.119 | INFO     | N/A | ⏳ 等待 Profile 更新任务...
2026-07-24 11:35:19.143 | INFO     | N/A | ⏳ 等待 Profile 更新任务...
2026-07-24 11:35:24.169 | INFO     | N/A | ⏳ 等待 Profile 更新任务...
2026-07-24 11:35:29.195 | INFO     | N/A | ⏳ 等待 Profile 更新任务...
2026-07-24 11:35:34.220 | INFO     | N/A | ⏳ 等待 Profile 更新任务...
2026-07-24 11:35:39.253 | INFO     | N/A | ⏳ 等待 Profile 更新任务...
2026-07-24 11:35:44.279 | INFO     | N/A | ⏳ 等待 Profile 更新任务...
2026-07-24 11:35:49.306 | INFO     | N/A | ⏳ 等待 Profile 更新任务...
2026-07-24 11:35:54.331 | INFO     | N/A | ⏳ 等待 Profile 更新任务...
2026-07-24 11:35:59.359 | INFO     | N/A | ⏳ 等待 Profile 更新任务...
2026-07-24 11:36:04.381 | INFO     | N/A | ⏳ 等待 Profile 更新任务...
2026-07-24 11:36:09.421 | INFO     | N/A | ⏳ 等待 Profile 更新任务...
2026-07-24 11:36:14.446 | INFO     | N/A | ⏳ 等待 Profile 更新任务...
2026-07-24 11:36:19.471 | INFO     | N/A | ⏳ 等待 Profile 更新任务...
2026-07-24 11:36:24.498 | INFO     | N/A | ⏳ 等待 Profile 更新任务...
2026-07-24 11:36:29.523 | INFO     | N/A | ⏳ 等待 Profile 更新任务...
2026-07-24 11:36:34.549 | INFO     | N/A | ⏳ 等待 Profile 更新任务...
2026-07-24 11:36:39.585 | INFO     | N/A | ⏳ 等待 Profile 更新任务...
2026-07-24 11:36:44.609 | INFO     | N/A | ⏳ 等待 Profile 更新任务...
2026-07-24 11:36:49.634 | INFO     | N/A | ⏳ 等待 Profile 更新任务...
2026-07-24 11:36:54.659 | INFO     | N/A | ⏳ 等待 Profile 更新任务...
2026-07-24 11:36:59.682 | INFO     | N/A | ⏳ 等待 Profile 更新任务...
2026-07-24 11:37:04.706 | INFO     | N/A | ⏳ 等待 Profile 更新任务...
2026-07-24 11:37:09.742 | INFO     | N/A | ⏳ 等待 Profile 更新任务...
2026-07-24 11:37:14.766 | INFO     | N/A | ⏳ 等待 Profile 更新任务...
2026-07-24 11:37:19.791 | INFO     | N/A | ⏳ 等待 Profile 更新任务...
2026-07-24 11:37:24.815 | INFO     | N/A | ⏳ 等待 Profile 更新任务...
2026-07-24 11:37:29.842 | INFO     | N/A | ⏳ 等待 Profile 更新任务...
2026-07-24 11:37:34.865 | INFO     | N/A | ⏳ 等待 Profile 更新任务...
2026-07-24 11:37:39.905 | INFO     | N/A | ⏳ 等待 Profile 更新任务...
2026-07-24 11:37:44.929 | INFO     | N/A | ⏳ 等待 Profile 更新任务...
2026-07-24 11:37:49.953 | INFO     | N/A | ⏳ 等待 Profile 更新任务...
2026-07-24 11:37:54.978 | INFO     | N/A | ⏳ 等待 Profile 更新任务...
2026-07-24 11:38:00.002 | INFO     | N/A | ⏳ 等待 Profile 更新任务...
2026-07-24 11:38:05.026 | INFO     | N/A | ⏳ 等待 Profile 更新任务...
2026-07-24 11:38:10.059 | INFO     | N/A | ⏳ 等待 Profile 更新任务...
2026-07-24 11:38:15.083 | INFO     | N/A | ⏳ 等待 Profile 更新任务...
2026-07-24 11:38:20.111 | INFO     | N/A | ⏳ 等待 Profile 更新任务...
2026-07-24 11:38:25.142 | INFO     | N/A | ⏳ 等待 Profile 更新任务...
2026-07-24 11:38:30.168 | INFO     | N/A | ⏳ 等待 Profile 更新任务...
2026-07-24 11:38:35.193 | INFO     | N/A | ⏳ 等待 Profile 更新任务...
2026-07-24 11:38:40.228 | INFO     | N/A | ⏳ 等待 Profile 更新任务...
2026-07-24 11:38:45.255 | INFO     | N/A | ⏳ 等待 Profile 更新任务...
2026-07-24 11:38:50.281 | INFO     | N/A | ⏳ 等待 Profile 更新任务...
2026-07-24 11:38:55.302 | INFO     | N/A | ⏳ 等待 Profile 更新任务...
2026-07-24 11:39:00.327 | INFO     | N/A | ⏳ 等待 Profile 更新任务...
2026-07-24 11:39:05.353 | INFO     | N/A | ⏳ 等待 Profile 更新任务...
2026-07-24 11:39:10.390 | INFO     | N/A | ⏳ 等待 Profile 更新任务...
2026-07-24 11:39:15.414 | INFO     | N/A | ⏳ 等待 Profile 更新任务...
2026-07-24 11:39:20.435 | INFO     | N/A | ⏳ 等待 Profile 更新任务...
2026-07-24 11:39:25.458 | INFO     | N/A | ⏳ 等待 Profile 更新任务...
2026-07-24 11:39:30.484 | INFO     | N/A | ⏳ 等待 Profile 更新任务...
2026-07-24 11:39:35.523 | INFO     | N/A | ⏳ 等待 Profile 更新任务...
2026-07-24 11:39:40.557 | INFO     | N/A | ⏳ 等待 Profile 更新任务...
2026-07-24 11:39:45.581 | INFO     | N/A | ⏳ 等待 Profile 更新任务...
2026-07-24 11:39:50.605 | INFO     | N/A | ⏳ 等待 Profile 更新任务...
2026-07-24 11:39:55.634 | INFO     | N/A | ⏳ 等待 Profile 更新任务...
2026-07-24 11:40:00.661 | INFO     | N/A | ⏳ 等待 Profile 更新任务...
2026-07-24 11:40:05.684 | INFO     | N/A | ⏳ 等待 Profile 更新任务...
2026-07-24 11:40:10.731 | INFO     | N/A | ⏳ 等待 Profile 更新任务...
2026-07-24 11:40:15.755 | INFO     | N/A | ⏳ 等待 Profile 更新任务...
2026-07-24 11:40:20.781 | INFO     | N/A | ⏳ 等待 Profile 更新任务...
2026-07-24 11:40:25.806 | INFO     | N/A | ⏳ 等待 Profile 更新任务...
2026-07-24 11:40:30.832 | INFO     | N/A | ⏳ 等待 Profile 更新任务...
2026-07-24 11:40:35.857 | INFO     | N/A | ⏳ 等待 Profile 更新任务...
2026-07-24 11:40:40.890 | INFO     | N/A | ⏳ 等待 Profile 更新任务...
2026-07-24 11:40:45.915 | INFO     | N/A | ⏳ 等待 Profile 更新任务...
2026-07-24 11:40:50.939 | INFO     | N/A | ⏳ 等待 Profile 更新任务...
2026-07-24 11:40:55.964 | INFO     | N/A | ⏳ 等待 Profile 更新任务...
2026-07-24 11:41:00.989 | INFO     | N/A | ⏳ 等待 Profile 更新任务...
2026-07-24 11:41:06.016 | INFO     | N/A | ⏳ 等待 Profile 更新任务...
2026-07-24 11:41:11.051 | INFO     | N/A | ⏳ 等待 Profile 更新任务...
2026-07-24 11:41:16.074 | INFO     | N/A | ⏳ 等待 Profile 更新任务...
2026-07-24 11:41:21.099 | INFO     | N/A | ⏳ 等待 Profile 更新任务...
2026-07-24 11:41:26.123 | INFO     | N/A | ⏳ 等待 Profile 更新任务...
2026-07-24 11:41:31.146 | INFO     | N/A | ⏳ 等待 Profile 更新任务...
2026-07-24 11:41:36.171 | INFO     | N/A | ⏳ 等待 Profile 更新任务...
2026-07-24 11:41:41.204 | INFO     | N/A | ⏳ 等待 Profile 更新任务...
2026-07-24 11:41:46.228 | INFO     | N/A | ⏳ 等待 Profile 更新任务...
2026-07-24 11:41:51.252 | INFO     | N/A | ⏳ 等待 Profile 更新任务...
2026-07-24 11:41:56.278 | INFO     | N/A | ⏳ 等待 Profile 更新任务...
2026-07-24 11:42:01.302 | INFO     | N/A | ⏳ 等待 Profile 更新任务...
2026-07-24 11:42:06.332 | INFO     | N/A | ⏳ 等待 Profile 更新任务...
2026-07-24 11:42:11.365 | INFO     | N/A | ⏳ 等待 Profile 更新任务...
2026-07-24 11:42:16.389 | INFO     | N/A | ⏳ 等待 Profile 更新任务...
2026-07-24 11:42:21.411 | INFO     | N/A | ⏳ 等待 Profile 更新任务...
2026-07-24 11:42:26.438 | INFO     | N/A | ⏳ 等待 Profile 更新任务...
2026-07-24 11:42:31.461 | INFO     | N/A | ⏳ 等待 Profile 更新任务...
2026-07-24 11:42:36.488 | INFO     | N/A | ⏳ 等待 Profile 更新任务...
2026-07-24 11:42:41.521 | INFO     | N/A | ⏳ 等待 Profile 更新任务...
2026-07-24 11:42:46.545 | INFO     | N/A | ⏳ 等待 Profile 更新任务...
2026-07-24 11:42:51.570 | INFO     | N/A | ⏳ 等待 Profile 更新任务...
2026-07-24 11:42:56.595 | INFO     | N/A | ⏳ 等待 Profile 更新任务...
2026-07-24 11:43:01.620 | INFO     | N/A | ⏳ 等待 Profile 更新任务...
2026-07-24 11:43:06.647 | INFO     | N/A | ⏳ 等待 Profile 更新任务...
2026-07-24 11:43:11.677 | INFO     | N/A | ⏳ 等待 Profile 更新任务...
2026-07-24 11:43:16.701 | INFO     | N/A | ⏳ 等待 Profile 更新任务...
2026-07-24 11:43:21.729 | INFO     | N/A | ⏳ 等待 Profile 更新任务...
2026-07-24 11:43:26.753 | INFO     | N/A | ⏳ 等待 Profile 更新任务...
2026-07-24 11:43:31.777 | INFO     | N/A | ⏳ 等待 Profile 更新任务...
2026-07-24 11:43:36.804 | INFO     | N/A | ⏳ 等待 Profile 更新任务...
2026-07-24 11:43:41.836 | INFO     | N/A | ⏳ 等待 Profile 更新任务...
2026-07-24 11:43:46.863 | INFO     | N/A | ⏳ 等待 Profile 更新任务...
2026-07-24 11:43:51.888 | INFO     | N/A | ⏳ 等待 Profile 更新任务...
2026-07-24 11:43:56.910 | INFO     | N/A | ⏳ 等待 Profile 更新任务...
2026-07-24 11:44:01.936 | INFO     | N/A | ⏳ 等待 Profile 更新任务...
2026-07-24 11:44:06.961 | INFO     | N/A | ⏳ 等待 Profile 更新任务...
2026-07-24 11:44:11.996 | INFO     | N/A | ⏳ 等待 Profile 更新任务...
2026-07-24 11:44:17.020 | INFO     | N/A | ⏳ 等待 Profile 更新任务...
2026-07-24 11:44:22.050 | INFO     | N/A | ⏳ 等待 Profile 更新任务...
2026-07-24 11:44:27.074 | INFO     | N/A | ⏳ 等待 Profile 更新任务...
2026-07-24 11:44:32.095 | INFO     | N/A | ⏳ 等待 Profile 更新任务...
2026-07-24 11:44:37.124 | INFO     | N/A | ⏳ 等待 Profile 更新任务...
2026-07-24 11:44:42.156 | INFO     | N/A | ⏳ 等待 Profile 更新任务...
2026-07-24 11:44:47.182 | INFO     | N/A | ⏳ 等待 Profile 更新任务...
2026-07-24 11:44:52.205 | INFO     | N/A | ⏳ 等待 Profile 更新任务...
2026-07-24 11:44:57.232 | INFO     | N/A | ⏳ 等待 Profile 更新任务...
2026-07-24 11:45:02.256 | INFO     | N/A | ⏳ 等待 Profile 更新任务...
2026-07-24 11:45:07.283 | INFO     | N/A | ⏳ 等待 Profile 更新任务...
2026-07-24 11:45:12.317 | INFO     | N/A | ⏳ 等待 Profile 更新任务...
2026-07-24 11:45:17.343 | INFO     | N/A | ⏳ 等待 Profile 更新任务...
2026-07-24 11:45:22.366 | INFO     | N/A | ⏳ 等待 Profile 更新任务...
2026-07-24 11:45:27.390 | INFO     | N/A | ⏳ 等待 Profile 更新任务...
2026-07-24 11:45:32.417 | INFO     | N/A | ⏳ 等待 Profile 更新任务...
2026-07-24 11:45:37.442 | INFO     | N/A | ⏳ 等待 Profile 更新任务...
2026-07-24 11:45:42.475 | INFO     | N/A | ⏳ 等待 Profile 更新任务...
2026-07-24 11:45:47.500 | INFO     | N/A | ⏳ 等待 Profile 更新任务...
2026-07-24 11:45:52.530 | INFO     | N/A | ⏳ 等待 Profile 更新任务...
2026-07-24 11:45:57.557 | INFO     | N/A | ⏳ 等待 Profile 更新任务...
2026-07-24 11:46:02.583 | INFO     | N/A | ⏳ 等待 Profile 更新任务...
2026-07-24 11:46:07.611 | INFO     | N/A | ⏳ 等待 Profile 更新任务...
2026-07-24 11:46:12.644 | INFO     | N/A | ⏳ 等待 Profile 更新任务...
2026-07-24 11:46:17.667 | INFO     | N/A | ⏳ 等待 Profile 更新任务...
2026-07-24 11:46:22.694 | INFO     | N/A | ⏳ 等待 Profile 更新任务...
2026-07-24 11:46:27.719 | INFO     | N/A | ⏳ 等待 Profile 更新任务...
2026-07-24 11:46:32.747 | INFO     | N/A | ⏳ 等待 Profile 更新任务...
2026-07-24 11:46:37.774 | INFO     | N/A | ⏳ 等待 Profile 更新任务...
2026-07-24 11:46:42.804 | INFO     | N/A | ⏳ 等待 Profile 更新任务...
2026-07-24 11:46:47.826 | INFO     | N/A | ⏳ 等待 Profile 更新任务...
2026-07-24 11:46:52.851 | INFO     | N/A | ⏳ 等待 Profile 更新任务...
2026-07-24 11:46:57.875 | INFO     | N/A | ⏳ 等待 Profile 更新任务...
2026-07-24 11:47:02.898 | INFO     | N/A | ⏳ 等待 Profile 更新任务...
2026-07-24 11:47:07.925 | INFO     | N/A | ⏳ 等待 Profile 更新任务...
2026-07-24 11:47:12.956 | INFO     | N/A | ⏳ 等待 Profile 更新任务...
2026-07-24 11:47:17.983 | INFO     | N/A | ⏳ 等待 Profile 更新任务...
2026-07-24 11:47:23.006 | INFO     | N/A | ⏳ 等待 Profile 更新任务...
2026-07-24 11:47:28.032 | INFO     | N/A | ⏳ 等待 Profile 更新任务...
2026-07-24 11:47:33.055 | INFO     | N/A | ⏳ 等待 Profile 更新任务...
2026-07-24 11:47:38.084 | INFO     | N/A | ⏳ 等待 Profile 更新任务...
2026-07-24 11:47:43.116 | INFO     | N/A | ⏳ 等待 Profile 更新任务...
2026-07-24 11:47:48.140 | INFO     | N/A | ⏳ 等待 Profile 更新任务...
2026-07-24 11:47:53.165 | INFO     | N/A | ⏳ 等待 Profile 更新任务...
2026-07-24 11:47:58.191 | INFO     | N/A | ⏳ 等待 Profile 更新任务...
2026-07-24 11:48:03.217 | INFO     | N/A | ⏳ 等待 Profile 更新任务...
2026-07-24 11:48:08.246 | INFO     | N/A | ⏳ 等待 Profile 更新任务...
2026-07-24 11:48:13.278 | INFO     | N/A | ⏳ 等待 Profile 更新任务...
2026-07-24 11:48:18.304 | INFO     | N/A | ⏳ 等待 Profile 更新任务...
2026-07-24 11:48:23.331 | INFO     | N/A | ⏳ 等待 Profile 更新任务...
2026-07-24 11:48:28.355 | INFO     | N/A | ⏳ 等待 Profile 更新任务...
2026-07-24 11:48:33.382 | INFO     | N/A | ⏳ 等待 Profile 更新任务...
2026-07-24 11:48:38.409 | INFO     | N/A | ⏳ 等待 Profile 更新任务...
2026-07-24 11:48:43.440 | INFO     | N/A | ⏳ 等待 Profile 更新任务...
2026-07-24 11:48:48.464 | INFO     | N/A | ⏳ 等待 Profile 更新任务...
2026-07-24 11:48:53.491 | INFO     | N/A | ⏳ 等待 Profile 更新任务...
2026-07-24 11:48:58.516 | INFO     | N/A | ⏳ 等待 Profile 更新任务...
2026-07-24 11:49:03.540 | INFO     | N/A | ⏳ 等待 Profile 更新任务...
2026-07-24 11:49:08.584 | INFO     | N/A | ⏳ 等待 Profile 更新任务...
2026-07-24 11:49:13.612 | INFO     | N/A | ⏳ 等待 Profile 更新任务...
2026-07-24 11:49:18.633 | INFO     | N/A | ⏳ 等待 Profile 更新任务...
2026-07-24 11:49:23.659 | INFO     | N/A | ⏳ 等待 Profile 更新任务...
2026-07-24 11:49:28.685 | INFO     | N/A | ⏳ 等待 Profile 更新任务...
2026-07-24 11:49:33.729 | INFO     | N/A | ⏳ 等待 Profile 更新任务...
2026-07-24 11:49:38.753 | INFO     | N/A | ⏳ 等待 Profile 更新任务...
2026-07-24 11:49:43.800 | INFO     | N/A | ⏳ 等待 Profile 更新任务...
2026-07-24 11:49:48.842 | INFO     | N/A | ⏳ 等待 Profile 更新任务...
2026-07-24 11:49:53.876 | INFO     | N/A | ⏳ 等待 Profile 更新任务...
2026-07-24 11:49:58.906 | INFO     | N/A | ⏳ 等待 Profile 更新任务...
2026-07-24 11:50:03.958 | INFO     | N/A | ⏳ 等待 Profile 更新任务...
2026-07-24 11:50:08.985 | INFO     | N/A | ⏳ 等待 Profile 更新任务...
2026-07-24 11:50:14.013 | INFO     | N/A | ⏳ 等待 Profile 更新任务...
2026-07-24 11:50:19.050 | INFO     | N/A | ⏳ 等待 Profile 更新任务...
2026-07-24 11:50:24.081 | INFO     | N/A | ⏳ 等待 Profile 更新任务...
2026-07-24 11:50:29.115 | INFO     | N/A | ⏳ 等待 Profile 更新任务...
2026-07-24 11:50:34.149 | INFO     | N/A | ⏳ 等待 Profile 更新任务...
2026-07-24 11:50:39.192 | INFO     | N/A | ⏳ 等待 Profile 更新任务...
2026-07-24 11:50:44.231 | INFO     | N/A | ⏳ 等待 Profile 更新任务...
2026-07-24 11:50:49.265 | INFO     | N/A | ⏳ 等待 Profile 更新任务...
2026-07-24 11:50:54.306 | INFO     | N/A | ⏳ 等待 Profile 更新任务...
2026-07-24 11:50:59.341 | INFO     | N/A | ⏳ 等待 Profile 更新任务...
2026-07-24 11:51:04.376 | INFO     | N/A | ⏳ 等待 Profile 更新任务...
2026-07-24 11:51:09.443 | INFO     | N/A | ⏳ 等待 Profile 更新任务...
2026-07-24 11:51:14.488 | INFO     | N/A | ⏳ 等待 Profile 更新任务...
2026-07-24 11:51:19.529 | INFO     | N/A | ⏳ 等待 Profile 更新任务...
2026-07-24 11:51:24.581 | INFO     | N/A | ⏳ 等待 Profile 更新任务...
2026-07-24 11:51:29.612 | INFO     | N/A | ⏳ 等待 Profile 更新任务...
2026-07-24 11:51:34.647 | INFO     | N/A | ⏳ 等待 Profile 更新任务...
2026-07-24 11:51:39.694 | INFO     | N/A | ⏳ 等待 Profile 更新任务...
2026-07-24 11:51:44.796 | INFO     | N/A | ⏳ 等待 Profile 更新任务...
2026-07-24 11:51:49.830 | INFO     | N/A | ⏳ 等待 Profile 更新任务...
2026-07-24 11:51:54.881 | INFO     | N/A | ⏳ 等待 Profile 更新任务...
2026-07-24 11:51:59.927 | INFO     | N/A | ⏳ 等待 Profile 更新任务...
2026-07-24 11:52:04.960 | INFO     | N/A | ⏳ 等待 Profile 更新任务...
2026-07-24 11:52:10.008 | INFO     | N/A | ⏳ 等待 Profile 更新任务...
2026-07-24 11:52:15.059 | INFO     | N/A | ⏳ 等待 Profile 更新任务...
2026-07-24 11:52:20.096 | INFO     | N/A | ⏳ 等待 Profile 更新任务...
2026-07-24 11:52:25.135 | INFO     | N/A | ⏳ 等待 Profile 更新任务...
2026-07-24 11:52:30.171 | INFO     | N/A | ⏳ 等待 Profile 更新任务...
2026-07-24 11:52:35.204 | INFO     | N/A | ⏳ 等待 Profile 更新任务...
2026-07-24 11:52:40.238 | INFO     | N/A | ⏳ 等待 Profile 更新任务...
2026-07-24 11:52:45.295 | INFO     | N/A | ⏳ 等待 Profile 更新任务...
2026-07-24 11:52:50.328 | INFO     | N/A | ⏳ 等待 Profile 更新任务...
2026-07-24 12:20:41.503 | ERROR    | N/A | Worker 主循环异常: Timeout reading from socket
Traceback (most recent call last):

  File "D:\毕业设计\Travel_python\.venv\Lib\site-packages\redis\_parsers\socket.py", line 64, in _read_from_socket
    data = sock.recv(socket_read_size)

TimeoutError: timed out


During handling of the above exception, another exception occurred:


Traceback (most recent call last):

  File "D:\毕业设计\Travel_python\travel_ai_python\app\service\profile_worker.py", line 194, in <module>
    run_worker()

> File "D:\毕业设计\Travel_python\travel_ai_python\app\service\profile_worker.py", line 169, in run_worker
    task_data = pop_profile_update_task(block=True, timeout=5)

  File "D:\毕业设计\Travel_python\travel_ai_python\app\utils\redis_client.py", line 43, in pop_profile_update_task
    result = redis_client.brpop(PROFILE_UPDATE_QUEUE, timeout=timeout)

  File "D:\毕业设计\Travel_python\.venv\Lib\site-packages\redis\commands\core.py", line 4751, in brpop
    return self.execute_command("BRPOP", *keys)
  File "D:\毕业设计\Travel_python\.venv\Lib\site-packages\redis\client.py", line 787, in execute_command
    return self._execute_command(*args, **options)
  File "D:\毕业设计\Travel_python\.venv\Lib\site-packages\redis\client.py", line 809, in _execute_command
    result = conn.retry.call_with_retry(
  File "D:\毕业设计\Travel_python\.venv\Lib\site-packages\redis\retry.py", line 132, in call_with_retry
    raise error
  File "D:\毕业设计\Travel_python\.venv\Lib\site-packages\redis\retry.py", line 120, in call_with_retry
    return do()
  File "D:\毕业设计\Travel_python\.venv\Lib\site-packages\redis\client.py", line 810, in <lambda>
    lambda: self._send_command_parse_response(
  File "D:\毕业设计\Travel_python\.venv\Lib\site-packages\redis\client.py", line 753, in _send_command_parse_response
    return self.parse_response(conn, command_name, **options)
  File "D:\毕业设计\Travel_python\.venv\Lib\site-packages\redis\client.py", line 853, in parse_response
    response = connection.read_response()
  File "D:\毕业设计\Travel_python\.venv\Lib\site-packages\redis\connection.py", line 1371, in read_response
    response = self._parser.read_response(
  File "D:\毕业设计\Travel_python\.venv\Lib\site-packages\redis\_parsers\resp3.py", line 40, in read_response
    result = self._read_response(
  File "D:\毕业设计\Travel_python\.venv\Lib\site-packages\redis\_parsers\resp3.py", line 65, in _read_response
    raw = self._buffer.readline(timeout=timeout)
  File "D:\毕业设计\Travel_python\.venv\Lib\site-packages\redis\_parsers\socket.py", line 117, in readline
    self._read_from_socket(timeout=timeout)
  File "D:\毕业设计\Travel_python\.venv\Lib\site-packages\redis\_parsers\socket.py", line 77, in _read_from_socket
    raise TimeoutError("Timeout reading from socket")

redis.exceptions.TimeoutError: Timeout reading from socket
2026-07-24 12:20:42.749 | INFO     | N/A | ⏳ 等待 Profile 更新任务...
2026-07-24 12:20:47.815 | INFO     | N/A | ⏳ 等待 Profile 更新任务...
2026-07-24 12:20:52.905 | INFO     | N/A | ⏳ 等待 Profile 更新任务...
2026-07-24 12:20:57.952 | INFO     | N/A | ⏳ 等待 Profile 更新任务...
2026-07-24 12:21:02.992 | INFO     | N/A | ⏳ 等待 Profile 更新任务...
2026-07-24 12:21:08.095 | INFO     | N/A | ⏳ 等待 Profile 更新任务...
2026-07-24 12:21:13.142 | INFO     | N/A | ⏳ 等待 Profile 更新任务...
2026-07-24 12:21:18.174 | INFO     | N/A | ⏳ 等待 Profile 更新任务...
2026-07-24 12:21:23.207 | INFO     | N/A | ⏳ 等待 Profile 更新任务...
2026-07-24 12:21:28.254 | INFO     | N/A | ⏳ 等待 Profile 更新任务...
2026-07-24 12:21:33.289 | INFO     | N/A | ⏳ 等待 Profile 更新任务...
2026-07-24 12:21:38.328 | INFO     | N/A | ⏳ 等待 Profile 更新任务...
2026-07-24 12:21:43.360 | INFO     | N/A | ⏳ 等待 Profile 更新任务...
2026-07-24 12:21:48.380 | INFO     | N/A | ⏳ 等待 Profile 更新任务...
2026-07-24 12:21:53.404 | INFO     | N/A | ⏳ 等待 Profile 更新任务...
2026-07-24 12:21:58.428 | INFO     | N/A | ⏳ 等待 Profile 更新任务...
2026-07-24 12:22:03.489 | INFO     | N/A | ⏳ 等待 Profile 更新任务...
2026-07-24 12:22:08.522 | INFO     | N/A | ⏳ 等待 Profile 更新任务...
2026-07-24 12:22:13.565 | INFO     | N/A | ⏳ 等待 Profile 更新任务...
2026-07-24 12:22:18.602 | INFO     | N/A | ⏳ 等待 Profile 更新任务...
2026-07-24 12:22:23.638 | INFO     | N/A | ⏳ 等待 Profile 更新任务...
2026-07-24 12:22:28.649 | INFO     | N/A | ⏳ 等待 Profile 更新任务...
2026-07-24 12:22:33.687 | INFO     | N/A | ⏳ 等待 Profile 更新任务...
2026-07-24 12:22:38.731 | INFO     | N/A | ⏳ 等待 Profile 更新任务...
2026-07-24 12:22:43.763 | INFO     | N/A | ⏳ 等待 Profile 更新任务...
2026-07-24 12:22:48.794 | INFO     | N/A | ⏳ 等待 Profile 更新任务...
2026-07-24 12:22:53.829 | INFO     | N/A | ⏳ 等待 Profile 更新任务...
2026-07-24 12:22:58.924 | INFO     | N/A | ⏳ 等待 Profile 更新任务...
2026-07-24 12:23:03.961 | INFO     | N/A | ⏳ 等待 Profile 更新任务...
2026-07-24 12:23:08.997 | INFO     | N/A | ⏳ 等待 Profile 更新任务...
2026-07-24 12:23:14.034 | INFO     | N/A | ⏳ 等待 Profile 更新任务...
2026-07-24 12:23:19.079 | INFO     | N/A | ⏳ 等待 Profile 更新任务...
2026-07-24 12:23:24.117 | INFO     | N/A | ⏳ 等待 Profile 更新任务...
2026-07-24 12:23:29.152 | INFO     | N/A | ⏳ 等待 Profile 更新任务...
2026-07-24 12:23:34.186 | INFO     | N/A | ⏳ 等待 Profile 更新任务...
2026-07-24 12:23:39.230 | INFO     | N/A | ⏳ 等待 Profile 更新任务...
2026-07-24 12:23:44.335 | INFO     | N/A | ⏳ 等待 Profile 更新任务...
2026-07-24 12:23:49.372 | INFO     | N/A | ⏳ 等待 Profile 更新任务...
2026-07-24 12:23:54.406 | INFO     | N/A | ⏳ 等待 Profile 更新任务...
2026-07-24 12:23:59.446 | INFO     | N/A | ⏳ 等待 Profile 更新任务...
2026-07-24 12:24:04.484 | INFO     | N/A | ⏳ 等待 Profile 更新任务...
2026-07-24 12:24:09.520 | INFO     | N/A | ⏳ 等待 Profile 更新任务...
2026-07-24 12:54:26.925 | ERROR    | N/A | Worker 主循环异常: Timeout reading from socket
Traceback (most recent call last):

  File "D:\毕业设计\Travel_python\.venv\Lib\site-packages\redis\_parsers\socket.py", line 64, in _read_from_socket
    data = sock.recv(socket_read_size)

TimeoutError: timed out


During handling of the above exception, another exception occurred:


Traceback (most recent call last):

  File "D:\毕业设计\Travel_python\travel_ai_python\app\service\profile_worker.py", line 194, in <module>
    run_worker()

> File "D:\毕业设计\Travel_python\travel_ai_python\app\service\profile_worker.py", line 169, in run_worker
    task_data = pop_profile_update_task(block=True, timeout=5)

  File "D:\毕业设计\Travel_python\travel_ai_python\app\utils\redis_client.py", line 43, in pop_profile_update_task
    result = redis_client.brpop(PROFILE_UPDATE_QUEUE, timeout=timeout)

  File "D:\毕业设计\Travel_python\.venv\Lib\site-packages\redis\commands\core.py", line 4751, in brpop
    return self.execute_command("BRPOP", *keys)
  File "D:\毕业设计\Travel_python\.venv\Lib\site-packages\redis\client.py", line 787, in execute_command
    return self._execute_command(*args, **options)
  File "D:\毕业设计\Travel_python\.venv\Lib\site-packages\redis\client.py", line 809, in _execute_command
    result = conn.retry.call_with_retry(
  File "D:\毕业设计\Travel_python\.venv\Lib\site-packages\redis\retry.py", line 132, in call_with_retry
    raise error
  File "D:\毕业设计\Travel_python\.venv\Lib\site-packages\redis\retry.py", line 120, in call_with_retry
    return do()
  File "D:\毕业设计\Travel_python\.venv\Lib\site-packages\redis\client.py", line 810, in <lambda>
    lambda: self._send_command_parse_response(
  File "D:\毕业设计\Travel_python\.venv\Lib\site-packages\redis\client.py", line 753, in _send_command_parse_response
    return self.parse_response(conn, command_name, **options)
  File "D:\毕业设计\Travel_python\.venv\Lib\site-packages\redis\client.py", line 853, in parse_response
    response = connection.read_response()
  File "D:\毕业设计\Travel_python\.venv\Lib\site-packages\redis\connection.py", line 1371, in read_response
    response = self._parser.read_response(
  File "D:\毕业设计\Travel_python\.venv\Lib\site-packages\redis\_parsers\resp3.py", line 40, in read_response
    result = self._read_response(
  File "D:\毕业设计\Travel_python\.venv\Lib\site-packages\redis\_parsers\resp3.py", line 65, in _read_response
    raw = self._buffer.readline(timeout=timeout)
  File "D:\毕业设计\Travel_python\.venv\Lib\site-packages\redis\_parsers\socket.py", line 117, in readline
    self._read_from_socket(timeout=timeout)
  File "D:\毕业设计\Travel_python\.venv\Lib\site-packages\redis\_parsers\socket.py", line 77, in _read_from_socket
    raise TimeoutError("Timeout reading from socket")

redis.exceptions.TimeoutError: Timeout reading from socket
2026-07-24 12:54:28.293 | INFO     | N/A | ⏳ 等待 Profile 更新任务...
2026-07-24 12:54:33.592 | INFO     | N/A | ⏳ 等待 Profile 更新任务...
2026-07-24 12:54:38.648 | INFO     | N/A | ⏳ 等待 Profile 更新任务...
2026-07-24 12:54:43.678 | INFO     | N/A | ⏳ 等待 Profile 更新任务...
2026-07-24 12:54:48.701 | INFO     | N/A | ⏳ 等待 Profile 更新任务...
2026-07-24 12:54:53.782 | INFO     | N/A | ⏳ 等待 Profile 更新任务...
2026-07-24 12:54:58.806 | INFO     | N/A | ⏳ 等待 Profile 更新任务...
2026-07-24 12:55:03.829 | INFO     | N/A | ⏳ 等待 Profile 更新任务...
2026-07-24 12:55:08.853 | INFO     | N/A | ⏳ 等待 Profile 更新任务...
2026-07-24 12:55:13.873 | INFO     | N/A | ⏳ 等待 Profile 更新任务...
2026-07-24 12:55:18.898 | INFO     | N/A | ⏳ 等待 Profile 更新任务...
2026-07-24 12:55:23.925 | INFO     | N/A | ⏳ 等待 Profile 更新任务...
2026-07-24 12:55:28.952 | INFO     | N/A | ⏳ 等待 Profile 更新任务...
2026-07-24 12:55:33.974 | INFO     | N/A | ⏳ 等待 Profile 更新任务...
2026-07-24 12:55:38.998 | INFO     | N/A | ⏳ 等待 Profile 更新任务...
2026-07-24 12:55:44.031 | INFO     | N/A | ⏳ 等待 Profile 更新任务...
2026-07-24 12:55:49.038 | INFO     | N/A | ⏳ 等待 Profile 更新任务...
2026-07-24 12:55:54.060 | INFO     | N/A | ⏳ 等待 Profile 更新任务...
2026-07-24 12:55:59.085 | INFO     | N/A | ⏳ 等待 Profile 更新任务...
2026-07-24 12:56:04.111 | INFO     | N/A | ⏳ 等待 Profile 更新任务...
2026-07-24 12:56:09.133 | INFO     | N/A | ⏳ 等待 Profile 更新任务...
2026-07-24 12:56:14.160 | INFO     | N/A | ⏳ 等待 Profile 更新任务...
2026-07-24 12:56:19.185 | INFO     | N/A | ⏳ 等待 Profile 更新任务...
2026-07-24 12:56:24.209 | INFO     | N/A | ⏳ 等待 Profile 更新任务...
2026-07-24 12:56:29.238 | INFO     | N/A | ⏳ 等待 Profile 更新任务...
2026-07-24 12:56:34.263 | INFO     | N/A | ⏳ 等待 Profile 更新任务...
2026-07-24 12:56:39.145 | INFO     | N/A | ⏳ 等待 Profile 更新任务...
2026-07-24 12:56:43.790 | INFO     | N/A | ⏳ 等待 Profile 更新任务...
2026-07-24 12:56:48.437 | INFO     | N/A | ⏳ 等待 Profile 更新任务...
2026-07-24 12:56:53.098 | INFO     | N/A | ⏳ 等待 Profile 更新任务...
2026-07-24 12:56:58.078 | INFO     | N/A | ⏳ 等待 Profile 更新任务...
2026-07-24 12:57:03.101 | INFO     | N/A | ⏳ 等待 Profile 更新任务...
2026-07-24 12:57:08.128 | INFO     | N/A | ⏳ 等待 Profile 更新任务...
2026-07-24 12:57:13.155 | INFO     | N/A | ⏳ 等待 Profile 更新任务...
2026-07-24 12:57:18.181 | INFO     | N/A | ⏳ 等待 Profile 更新任务...
2026-07-24 12:57:23.204 | INFO     | N/A | ⏳ 等待 Profile 更新任务...
2026-07-24 12:57:28.230 | INFO     | N/A | ⏳ 等待 Profile 更新任务...
2026-07-24 12:57:33.255 | INFO     | N/A | ⏳ 等待 Profile 更新任务...
2026-07-24 12:57:38.282 | INFO     | N/A | ⏳ 等待 Profile 更新任务...
2026-07-24 12:57:43.310 | INFO     | N/A | ⏳ 等待 Profile 更新任务...
2026-07-24 12:57:48.332 | INFO     | N/A | ⏳ 等待 Profile 更新任务...
2026-07-24 12:57:53.367 | INFO     | N/A | ⏳ 等待 Profile 更新任务...
2026-07-24 12:57:58.394 | INFO     | N/A | ⏳ 等待 Profile 更新任务...
2026-07-24 12:58:03.421 | INFO     | N/A | ⏳ 等待 Profile 更新任务...
2026-07-24 12:58:08.445 | INFO     | N/A | ⏳ 等待 Profile 更新任务...
2026-07-24 12:58:13.468 | INFO     | N/A | ⏳ 等待 Profile 更新任务...
2026-07-24 12:58:18.503 | INFO     | N/A | ⏳ 等待 Profile 更新任务...
2026-07-24 12:58:23.532 | INFO     | N/A | ⏳ 等待 Profile 更新任务...
2026-07-24 12:58:28.560 | INFO     | N/A | ⏳ 等待 Profile 更新任务...
2026-07-24 12:58:33.608 | INFO     | N/A | ⏳ 等待 Profile 更新任务...
2026-07-24 12:58:38.646 | INFO     | N/A | ⏳ 等待 Profile 更新任务...
2026-07-24 12:58:43.672 | INFO     | N/A | ⏳ 等待 Profile 更新任务...
2026-07-24 12:58:48.684 | INFO     | N/A | ⏳ 等待 Profile 更新任务...
2026-07-24 12:58:53.707 | INFO     | N/A | ⏳ 等待 Profile 更新任务...
2026-07-24 12:58:58.732 | INFO     | N/A | ⏳ 等待 Profile 更新任务...
2026-07-24 12:59:03.760 | INFO     | N/A | ⏳ 等待 Profile 更新任务...
2026-07-24 12:59:08.786 | INFO     | N/A | ⏳ 等待 Profile 更新任务...
2026-07-24 12:59:13.814 | INFO     | N/A | ⏳ 等待 Profile 更新任务...
2026-07-24 12:59:18.841 | INFO     | N/A | ⏳ 等待 Profile 更新任务...
2026-07-24 12:59:23.866 | INFO     | N/A | ⏳ 等待 Profile 更新任务...
2026-07-24 12:59:28.895 | INFO     | N/A | ⏳ 等待 Profile 更新任务...
2026-07-24 12:59:33.921 | INFO     | N/A | ⏳ 等待 Profile 更新任务...
2026-07-24 12:59:38.946 | INFO     | N/A | ⏳ 等待 Profile 更新任务...
2026-07-24 12:59:43.973 | INFO     | N/A | ⏳ 等待 Profile 更新任务...
2026-07-24 12:59:49.001 | INFO     | N/A | ⏳ 等待 Profile 更新任务...
2026-07-24 12:59:54.027 | INFO     | N/A | ⏳ 等待 Profile 更新任务...
2026-07-24 12:59:59.055 | INFO     | N/A | ⏳ 等待 Profile 更新任务...
2026-07-24 13:00:04.130 | INFO     | N/A | ⏳ 等待 Profile 更新任务...
2026-07-24 13:00:09.156 | INFO     | N/A | ⏳ 等待 Profile 更新任务...
2026-07-24 13:00:14.177 | INFO     | N/A | ⏳ 等待 Profile 更新任务...
2026-07-24 13:00:19.199 | INFO     | N/A | ⏳ 等待 Profile 更新任务...
2026-07-24 13:00:24.227 | INFO     | N/A | ⏳ 等待 Profile 更新任务...
2026-07-24 13:00:29.294 | INFO     | N/A | ⏳ 等待 Profile 更新任务...
2026-07-24 13:00:34.329 | INFO     | N/A | ⏳ 等待 Profile 更新任务...
2026-07-24 13:00:39.362 | INFO     | N/A | ⏳ 等待 Profile 更新任务...
2026-07-24 13:00:44.388 | INFO     | N/A | ⏳ 等待 Profile 更新任务...
2026-07-24 13:00:49.412 | INFO     | N/A | ⏳ 等待 Profile 更新任务...
2026-07-24 13:00:54.437 | INFO     | N/A | ⏳ 等待 Profile 更新任务...
2026-07-24 13:00:59.464 | INFO     | N/A | ⏳ 等待 Profile 更新任务...
2026-07-24 13:01:04.488 | INFO     | N/A | ⏳ 等待 Profile 更新任务...
2026-07-24 13:01:09.512 | INFO     | N/A | ⏳ 等待 Profile 更新任务...
2026-07-24 13:01:14.535 | INFO     | N/A | ⏳ 等待 Profile 更新任务...
2026-07-24 13:01:19.562 | INFO     | N/A | ⏳ 等待 Profile 更新任务...
2026-07-24 13:01:24.588 | INFO     | N/A | ⏳ 等待 Profile 更新任务...
2026-07-24 13:01:29.620 | INFO     | N/A | ⏳ 等待 Profile 更新任务...
2026-07-24 13:01:34.644 | INFO     | N/A | ⏳ 等待 Profile 更新任务...
2026-07-24 13:01:39.667 | INFO     | N/A | ⏳ 等待 Profile 更新任务...
2026-07-24 13:01:44.693 | INFO     | N/A | ⏳ 等待 Profile 更新任务...
2026-07-24 13:01:49.718 | INFO     | N/A | ⏳ 等待 Profile 更新任务...
2026-07-24 13:01:54.742 | INFO     | N/A | ⏳ 等待 Profile 更新任务...
2026-07-24 13:01:59.768 | INFO     | N/A | ⏳ 等待 Profile 更新任务...
2026-07-24 13:02:04.797 | INFO     | N/A | ⏳ 等待 Profile 更新任务...
2026-07-24 13:02:09.823 | INFO     | N/A | ⏳ 等待 Profile 更新任务...
2026-07-24 13:02:14.846 | INFO     | N/A | ⏳ 等待 Profile 更新任务...
2026-07-24 13:02:19.872 | INFO     | N/A | ⏳ 等待 Profile 更新任务...
2026-07-24 13:02:24.895 | INFO     | N/A | ⏳ 等待 Profile 更新任务...
2026-07-24 13:02:29.922 | INFO     | N/A | ⏳ 等待 Profile 更新任务...
2026-07-24 13:02:34.981 | INFO     | N/A | ⏳ 等待 Profile 更新任务...
2026-07-24 13:02:40.006 | INFO     | N/A | ⏳ 等待 Profile 更新任务...
2026-07-24 13:02:45.029 | INFO     | N/A | ⏳ 等待 Profile 更新任务...
2026-07-24 13:02:50.053 | INFO     | N/A | ⏳ 等待 Profile 更新任务...
2026-07-24 13:02:55.080 | INFO     | N/A | ⏳ 等待 Profile 更新任务...
2026-07-24 13:03:00.108 | INFO     | N/A | ⏳ 等待 Profile 更新任务...
2026-07-24 13:03:05.139 | INFO     | N/A | ⏳ 等待 Profile 更新任务...
2026-07-24 13:03:10.164 | INFO     | N/A | ⏳ 等待 Profile 更新任务...
2026-07-24 13:03:15.191 | INFO     | N/A | ⏳ 等待 Profile 更新任务...
2026-07-24 13:03:20.255 | INFO     | N/A | ⏳ 等待 Profile 更新任务...
2026-07-24 13:03:25.279 | INFO     | N/A | ⏳ 等待 Profile 更新任务...
2026-07-24 13:03:30.303 | INFO     | N/A | ⏳ 等待 Profile 更新任务...
2026-07-24 13:03:35.391 | INFO     | N/A | ⏳ 等待 Profile 更新任务...
2026-07-24 13:03:40.442 | INFO     | N/A | ⏳ 等待 Profile 更新任务...
2026-07-24 13:03:45.482 | INFO     | N/A | ⏳ 等待 Profile 更新任务...
2026-07-24 13:03:50.509 | INFO     | N/A | ⏳ 等待 Profile 更新任务...
2026-07-24 13:03:55.534 | INFO     | N/A | ⏳ 等待 Profile 更新任务...
2026-07-24 13:04:00.562 | INFO     | N/A | ⏳ 等待 Profile 更新任务...
2026-07-24 13:04:05.587 | INFO     | N/A | ⏳ 等待 Profile 更新任务...
2026-07-24 13:04:10.610 | INFO     | N/A | ⏳ 等待 Profile 更新任务...
2026-07-24 13:04:15.637 | INFO     | N/A | ⏳ 等待 Profile 更新任务...
2026-07-24 13:04:20.663 | INFO     | N/A | ⏳ 等待 Profile 更新任务...
2026-07-24 13:04:25.704 | INFO     | N/A | ⏳ 等待 Profile 更新任务...
2026-07-24 13:04:30.731 | INFO     | N/A | ⏳ 等待 Profile 更新任务...
2026-07-24 13:04:35.767 | INFO     | N/A | ⏳ 等待 Profile 更新任务...
2026-07-24 13:04:40.791 | INFO     | N/A | ⏳ 等待 Profile 更新任务...
2026-07-24 13:04:45.858 | INFO     | N/A | ⏳ 等待 Profile 更新任务...
2026-07-24 13:04:50.883 | INFO     | N/A | ⏳ 等待 Profile 更新任务...
2026-07-24 13:04:55.908 | INFO     | N/A | ⏳ 等待 Profile 更新任务...
2026-07-24 13:05:00.937 | INFO     | N/A | ⏳ 等待 Profile 更新任务...
2026-07-24 13:05:05.961 | INFO     | N/A | ⏳ 等待 Profile 更新任务...
2026-07-24 13:05:10.989 | INFO     | N/A | ⏳ 等待 Profile 更新任务...
2026-07-24 13:05:16.017 | INFO     | N/A | ⏳ 等待 Profile 更新任务...
2026-07-24 13:05:21.042 | INFO     | N/A | ⏳ 等待 Profile 更新任务...
2026-07-24 13:05:26.071 | INFO     | N/A | ⏳ 等待 Profile 更新任务...
2026-07-24 13:05:31.128 | INFO     | N/A | ⏳ 等待 Profile 更新任务...
2026-07-24 13:05:36.154 | INFO     | N/A | ⏳ 等待 Profile 更新任务...
2026-07-24 13:05:41.182 | INFO     | N/A | ⏳ 等待 Profile 更新任务...
2026-07-24 13:05:46.209 | INFO     | N/A | ⏳ 等待 Profile 更新任务...
2026-07-24 13:05:51.236 | INFO     | N/A | ⏳ 等待 Profile 更新任务...
2026-07-24 13:05:56.276 | INFO     | N/A | ⏳ 等待 Profile 更新任务...
2026-07-24 13:06:01.305 | INFO     | N/A | ⏳ 等待 Profile 更新任务...
2026-07-24 13:06:06.359 | INFO     | N/A | ⏳ 等待 Profile 更新任务...
2026-07-24 13:06:11.385 | INFO     | N/A | ⏳ 等待 Profile 更新任务...
2026-07-24 13:06:16.413 | INFO     | N/A | ⏳ 等待 Profile 更新任务...
2026-07-24 13:06:21.441 | INFO     | N/A | ⏳ 等待 Profile 更新任务...
2026-07-24 13:06:26.469 | INFO     | N/A | ⏳ 等待 Profile 更新任务...
2026-07-24 13:06:31.496 | INFO     | N/A | ⏳ 等待 Profile 更新任务...
2026-07-24 13:06:36.546 | INFO     | N/A | ⏳ 等待 Profile 更新任务...
2026-07-24 13:06:41.572 | INFO     | N/A | ⏳ 等待 Profile 更新任务...
2026-07-24 13:06:46.602 | INFO     | N/A | ⏳ 等待 Profile 更新任务...
2026-07-24 13:06:51.626 | INFO     | N/A | ⏳ 等待 Profile 更新任务...
2026-07-24 13:06:56.653 | INFO     | N/A | ⏳ 等待 Profile 更新任务...
2026-07-24 13:07:01.703 | INFO     | N/A | ⏳ 等待 Profile 更新任务...
2026-07-24 13:07:06.729 | INFO     | N/A | ⏳ 等待 Profile 更新任务...
2026-07-24 13:07:11.758 | INFO     | N/A | ⏳ 等待 Profile 更新任务...
2026-07-24 13:07:16.787 | INFO     | N/A | ⏳ 等待 Profile 更新任务...
2026-07-24 13:07:21.813 | INFO     | N/A | ⏳ 等待 Profile 更新任务...
2026-07-24 13:07:26.842 | INFO     | N/A | ⏳ 等待 Profile 更新任务...
2026-07-24 13:07:31.871 | INFO     | N/A | ⏳ 等待 Profile 更新任务...
2026-07-24 13:07:36.899 | INFO     | N/A | ⏳ 等待 Profile 更新任务...
2026-07-24 13:07:41.925 | INFO     | N/A | ⏳ 等待 Profile 更新任务...
2026-07-24 13:07:46.952 | INFO     | N/A | ⏳ 等待 Profile 更新任务...
2026-07-24 13:07:51.993 | INFO     | N/A | ⏳ 等待 Profile 更新任务...
2026-07-24 13:07:57.020 | INFO     | N/A | ⏳ 等待 Profile 更新任务...
2026-07-24 13:08:02.047 | INFO     | N/A | ⏳ 等待 Profile 更新任务...
2026-07-24 13:08:07.077 | INFO     | N/A | ⏳ 等待 Profile 更新任务...
2026-07-24 13:08:12.104 | INFO     | N/A | ⏳ 等待 Profile 更新任务...
2026-07-24 13:08:17.130 | INFO     | N/A | ⏳ 等待 Profile 更新任务...
2026-07-24 13:08:22.159 | INFO     | N/A | ⏳ 等待 Profile 更新任务...
2026-07-24 13:08:27.185 | INFO     | N/A | ⏳ 等待 Profile 更新任务...
2026-07-24 13:08:32.215 | INFO     | N/A | ⏳ 等待 Profile 更新任务...
2026-07-24 13:08:37.241 | INFO     | N/A | ⏳ 等待 Profile 更新任务...
2026-07-24 13:08:42.267 | INFO     | N/A | ⏳ 等待 Profile 更新任务...
2026-07-24 13:08:47.293 | INFO     | N/A | ⏳ 等待 Profile 更新任务...
2026-07-24 13:08:52.316 | INFO     | N/A | ⏳ 等待 Profile 更新任务...
2026-07-24 13:08:57.344 | INFO     | N/A | ⏳ 等待 Profile 更新任务...
2026-07-24 13:09:02.374 | INFO     | N/A | ⏳ 等待 Profile 更新任务...
2026-07-24 13:09:07.400 | INFO     | N/A | ⏳ 等待 Profile 更新任务...
2026-07-24 13:09:12.430 | INFO     | N/A | ⏳ 等待 Profile 更新任务...
2026-07-24 13:09:17.458 | INFO     | N/A | ⏳ 等待 Profile 更新任务...
2026-07-24 13:09:22.503 | INFO     | N/A | ⏳ 等待 Profile 更新任务...
2026-07-24 13:09:27.572 | INFO     | N/A | ⏳ 等待 Profile 更新任务...
2026-07-24 13:09:32.599 | INFO     | N/A | ⏳ 等待 Profile 更新任务...
2026-07-24 13:09:37.623 | INFO     | N/A | ⏳ 等待 Profile 更新任务...
2026-07-24 13:09:42.678 | INFO     | N/A | ⏳ 等待 Profile 更新任务...
2026-07-24 13:09:47.705 | INFO     | N/A | ⏳ 等待 Profile 更新任务...
2026-07-24 13:09:52.745 | INFO     | N/A | ⏳ 等待 Profile 更新任务...
2026-07-24 13:09:57.773 | INFO     | N/A | ⏳ 等待 Profile 更新任务...
2026-07-24 13:10:02.804 | INFO     | N/A | ⏳ 等待 Profile 更新任务...
2026-07-24 13:10:07.831 | INFO     | N/A | ⏳ 等待 Profile 更新任务...
2026-07-24 13:10:12.858 | INFO     | N/A | ⏳ 等待 Profile 更新任务...
2026-07-24 13:10:17.885 | INFO     | N/A | ⏳ 等待 Profile 更新任务...
2026-07-24 13:10:22.914 | INFO     | N/A | ⏳ 等待 Profile 更新任务...
2026-07-24 13:10:27.943 | INFO     | N/A | ⏳ 等待 Profile 更新任务...
2026-07-24 13:10:32.972 | INFO     | N/A | ⏳ 等待 Profile 更新任务...
2026-07-24 13:10:37.998 | INFO     | N/A | ⏳ 等待 Profile 更新任务...
2026-07-24 13:10:43.028 | INFO     | N/A | ⏳ 等待 Profile 更新任务...
2026-07-24 13:10:48.057 | INFO     | N/A | ⏳ 等待 Profile 更新任务...
2026-07-24 13:10:53.085 | INFO     | N/A | ⏳ 等待 Profile 更新任务...
2026-07-24 13:10:58.113 | INFO     | N/A | ⏳ 等待 Profile 更新任务...
2026-07-24 13:11:03.140 | INFO     | N/A | ⏳ 等待 Profile 更新任务...
2026-07-24 13:11:08.168 | INFO     | N/A | ⏳ 等待 Profile 更新任务...
2026-07-24 13:11:13.195 | INFO     | N/A | ⏳ 等待 Profile 更新任务...
2026-07-24 13:11:18.223 | INFO     | N/A | ⏳ 等待 Profile 更新任务...
2026-07-24 13:11:23.252 | INFO     | N/A | ⏳ 等待 Profile 更新任务...
2026-07-24 13:11:28.279 | INFO     | N/A | ⏳ 等待 Profile 更新任务...
2026-07-24 13:11:33.309 | INFO     | N/A | ⏳ 等待 Profile 更新任务...
2026-07-24 13:11:38.336 | INFO     | N/A | ⏳ 等待 Profile 更新任务...
2026-07-24 13:11:43.366 | INFO     | N/A | ⏳ 等待 Profile 更新任务...
2026-07-24 13:11:48.392 | INFO     | N/A | ⏳ 等待 Profile 更新任务...
2026-07-24 13:11:53.420 | INFO     | N/A | ⏳ 等待 Profile 更新任务...
2026-07-24 13:11:58.447 | INFO     | N/A | ⏳ 等待 Profile 更新任务...
2026-07-24 13:12:03.478 | INFO     | N/A | ⏳ 等待 Profile 更新任务...
2026-07-24 13:12:08.503 | INFO     | N/A | ⏳ 等待 Profile 更新任务...
2026-07-24 13:12:13.532 | INFO     | N/A | ⏳ 等待 Profile 更新任务...
2026-07-24 13:12:18.561 | INFO     | N/A | ⏳ 等待 Profile 更新任务...
2026-07-24 13:12:23.590 | INFO     | N/A | ⏳ 等待 Profile 更新任务...
2026-07-24 13:12:28.620 | INFO     | N/A | ⏳ 等待 Profile 更新任务...
2026-07-24 13:12:33.651 | INFO     | N/A | ⏳ 等待 Profile 更新任务...
2026-07-24 13:12:38.713 | INFO     | N/A | ⏳ 等待 Profile 更新任务...
2026-07-24 13:12:43.738 | INFO     | N/A | ⏳ 等待 Profile 更新任务...
2026-07-24 13:12:48.766 | INFO     | N/A | ⏳ 等待 Profile 更新任务...
2026-07-24 13:12:53.805 | INFO     | N/A | ⏳ 等待 Profile 更新任务...
2026-07-24 13:12:58.830 | INFO     | N/A | ⏳ 等待 Profile 更新任务...
2026-07-24 13:13:03.858 | INFO     | N/A | ⏳ 等待 Profile 更新任务...
2026-07-24 13:13:08.886 | INFO     | N/A | ⏳ 等待 Profile 更新任务...
2026-07-24 13:13:13.913 | INFO     | N/A | ⏳ 等待 Profile 更新任务...
2026-07-24 13:13:18.941 | INFO     | N/A | ⏳ 等待 Profile 更新任务...
2026-07-24 13:13:23.967 | INFO     | N/A | ⏳ 等待 Profile 更新任务...
2026-07-24 13:13:28.996 | INFO     | N/A | ⏳ 等待 Profile 更新任务...
2026-07-24 13:13:34.023 | INFO     | N/A | ⏳ 等待 Profile 更新任务...
2026-07-24 13:13:39.049 | INFO     | N/A | ⏳ 等待 Profile 更新任务...
2026-07-24 13:13:44.077 | INFO     | N/A | ⏳ 等待 Profile 更新任务...
2026-07-24 13:13:49.104 | INFO     | N/A | ⏳ 等待 Profile 更新任务...
2026-07-24 13:13:54.128 | INFO     | N/A | ⏳ 等待 Profile 更新任务...
2026-07-24 13:13:59.154 | INFO     | N/A | ⏳ 等待 Profile 更新任务...
2026-07-24 13:14:04.215 | INFO     | N/A | ⏳ 等待 Profile 更新任务...
2026-07-24 13:14:09.241 | INFO     | N/A | ⏳ 等待 Profile 更新任务...
2026-07-24 13:14:14.300 | INFO     | N/A | ⏳ 等待 Profile 更新任务...
2026-07-24 13:14:19.326 | INFO     | N/A | ⏳ 等待 Profile 更新任务...
2026-07-24 13:14:24.354 | INFO     | N/A | ⏳ 等待 Profile 更新任务...
2026-07-24 13:14:29.381 | INFO     | N/A | ⏳ 等待 Profile 更新任务...
2026-07-24 13:14:34.409 | INFO     | N/A | ⏳ 等待 Profile 更新任务...
2026-07-24 13:14:39.469 | INFO     | N/A | ⏳ 等待 Profile 更新任务...
2026-07-24 13:14:44.495 | INFO     | N/A | ⏳ 等待 Profile 更新任务...
2026-07-24 13:14:49.525 | INFO     | N/A | ⏳ 等待 Profile 更新任务...
2026-07-24 13:14:54.555 | INFO     | N/A | ⏳ 等待 Profile 更新任务...
2026-07-24 13:14:59.582 | INFO     | N/A | ⏳ 等待 Profile 更新任务...
2026-07-24 13:15:04.608 | INFO     | N/A | ⏳ 等待 Profile 更新任务...
2026-07-24 13:15:09.634 | INFO     | N/A | ⏳ 等待 Profile 更新任务...
2026-07-24 13:15:14.660 | INFO     | N/A | ⏳ 等待 Profile 更新任务...
2026-07-24 13:15:19.686 | INFO     | N/A | ⏳ 等待 Profile 更新任务...
2026-07-24 13:15:24.711 | INFO     | N/A | ⏳ 等待 Profile 更新任务...
2026-07-24 13:15:29.735 | INFO     | N/A | ⏳ 等待 Profile 更新任务...
2026-07-24 13:15:34.764 | INFO     | N/A | ⏳ 等待 Profile 更新任务...
2026-07-24 13:15:39.791 | INFO     | N/A | ⏳ 等待 Profile 更新任务...
2026-07-24 13:15:44.817 | INFO     | N/A | ⏳ 等待 Profile 更新任务...
2026-07-24 13:15:49.844 | INFO     | N/A | ⏳ 等待 Profile 更新任务...
2026-07-24 13:15:54.871 | INFO     | N/A | ⏳ 等待 Profile 更新任务...
2026-07-24 13:15:59.892 | INFO     | N/A | ⏳ 等待 Profile 更新任务...
2026-07-24 13:16:04.922 | INFO     | N/A | ⏳ 等待 Profile 更新任务...
2026-07-24 13:16:09.950 | INFO     | N/A | ⏳ 等待 Profile 更新任务...
2026-07-24 13:16:14.983 | INFO     | N/A | ⏳ 等待 Profile 更新任务...
2026-07-24 13:16:20.008 | INFO     | N/A | ⏳ 等待 Profile 更新任务...
2026-07-24 13:16:25.057 | INFO     | N/A | ⏳ 等待 Profile 更新任务...
2026-07-24 13:16:30.081 | INFO     | N/A | ⏳ 等待 Profile 更新任务...
2026-07-24 13:16:35.121 | INFO     | N/A | ⏳ 等待 Profile 更新任务...
2026-07-24 13:16:40.169 | INFO     | N/A | ⏳ 等待 Profile 更新任务...
2026-07-24 13:16:45.195 | INFO     | N/A | ⏳ 等待 Profile 更新任务...
2026-07-24 13:16:50.219 | INFO     | N/A | ⏳ 等待 Profile 更新任务...
2026-07-24 13:16:55.245 | INFO     | N/A | ⏳ 等待 Profile 更新任务...
2026-07-24 13:17:00.278 | INFO     | N/A | ⏳ 等待 Profile 更新任务...
2026-07-24 13:17:05.367 | INFO     | N/A | ⏳ 等待 Profile 更新任务...
2026-07-24 13:17:10.392 | INFO     | N/A | ⏳ 等待 Profile 更新任务...
2026-07-24 13:17:15.396 | INFO     | N/A | ⏳ 等待 Profile 更新任务...
2026-07-24 13:17:20.421 | INFO     | N/A | ⏳ 等待 Profile 更新任务...
2026-07-24 13:17:25.444 | INFO     | N/A | ⏳ 等待 Profile 更新任务...
2026-07-24 13:17:30.466 | INFO     | N/A | ⏳ 等待 Profile 更新任务...
2026-07-24 13:17:35.490 | INFO     | N/A | ⏳ 等待 Profile 更新任务...
2026-07-24 13:17:40.512 | INFO     | N/A | ⏳ 等待 Profile 更新任务...
2026-07-24 13:17:45.537 | INFO     | N/A | ⏳ 等待 Profile 更新任务...
2026-07-24 13:17:50.561 | INFO     | N/A | ⏳ 等待 Profile 更新任务...
2026-07-24 13:17:55.587 | INFO     | N/A | ⏳ 等待 Profile 更新任务...
2026-07-24 13:18:00.611 | INFO     | N/A | ⏳ 等待 Profile 更新任务...
2026-07-24 13:18:05.644 | INFO     | N/A | ⏳ 等待 Profile 更新任务...
2026-07-24 13:18:10.670 | INFO     | N/A | ⏳ 等待 Profile 更新任务...
2026-07-24 13:18:15.695 | INFO     | N/A | ⏳ 等待 Profile 更新任务...
2026-07-24 13:18:20.736 | INFO     | N/A | ⏳ 等待 Profile 更新任务...
2026-07-24 13:18:25.762 | INFO     | N/A | ⏳ 等待 Profile 更新任务...
2026-07-24 13:18:30.789 | INFO     | N/A | ⏳ 等待 Profile 更新任务...
2026-07-24 13:18:35.814 | INFO     | N/A | ⏳ 等待 Profile 更新任务...
2026-07-24 13:18:40.841 | INFO     | N/A | ⏳ 等待 Profile 更新任务...
2026-07-24 13:18:45.867 | INFO     | N/A | ⏳ 等待 Profile 更新任务...
2026-07-24 13:18:50.893 | INFO     | N/A | ⏳ 等待 Profile 更新任务...
2026-07-24 13:18:55.916 | INFO     | N/A | ⏳ 等待 Profile 更新任务...
2026-07-24 13:19:00.939 | INFO     | N/A | ⏳ 等待 Profile 更新任务...
2026-07-24 13:19:05.969 | INFO     | N/A | ⏳ 等待 Profile 更新任务...
2026-07-24 13:19:10.992 | INFO     | N/A | ⏳ 等待 Profile 更新任务...
2026-07-24 13:19:16.071 | INFO     | N/A | ⏳ 等待 Profile 更新任务...
2026-07-24 13:19:21.093 | INFO     | N/A | ⏳ 等待 Profile 更新任务...
2026-07-24 13:19:26.119 | INFO     | N/A | ⏳ 等待 Profile 更新任务...
2026-07-24 13:19:31.143 | INFO     | N/A | ⏳ 等待 Profile 更新任务...
2026-07-24 13:19:36.172 | INFO     | N/A | ⏳ 等待 Profile 更新任务...
2026-07-24 13:19:41.196 | INFO     | N/A | ⏳ 等待 Profile 更新任务...
2026-07-24 13:19:46.222 | INFO     | N/A | ⏳ 等待 Profile 更新任务...
2026-07-24 13:19:51.249 | INFO     | N/A | ⏳ 等待 Profile 更新任务...
2026-07-24 13:19:56.277 | INFO     | N/A | ⏳ 等待 Profile 更新任务...
2026-07-24 13:20:01.305 | INFO     | N/A | ⏳ 等待 Profile 更新任务...
2026-07-24 13:20:06.333 | INFO     | N/A | ⏳ 等待 Profile 更新任务...
2026-07-24 13:20:11.360 | INFO     | N/A | ⏳ 等待 Profile 更新任务...
2026-07-24 13:20:16.385 | INFO     | N/A | ⏳ 等待 Profile 更新任务...
2026-07-24 13:20:21.412 | INFO     | N/A | ⏳ 等待 Profile 更新任务...
2026-07-24 13:20:26.435 | INFO     | N/A | ⏳ 等待 Profile 更新任务...
2026-07-24 13:20:31.464 | INFO     | N/A | ⏳ 等待 Profile 更新任务...
2026-07-24 13:20:36.496 | INFO     | N/A | ⏳ 等待 Profile 更新任务...
2026-07-24 13:20:41.516 | INFO     | N/A | ⏳ 等待 Profile 更新任务...
2026-07-24 13:20:46.538 | INFO     | N/A | ⏳ 等待 Profile 更新任务...
2026-07-24 13:20:51.564 | INFO     | N/A | ⏳ 等待 Profile 更新任务...
2026-07-24 13:20:56.587 | INFO     | N/A | ⏳ 等待 Profile 更新任务...
2026-07-24 13:21:01.611 | INFO     | N/A | ⏳ 等待 Profile 更新任务...
2026-07-24 13:21:06.638 | INFO     | N/A | ⏳ 等待 Profile 更新任务...
2026-07-24 13:21:11.664 | INFO     | N/A | ⏳ 等待 Profile 更新任务...
2026-07-24 13:21:16.691 | INFO     | N/A | ⏳ 等待 Profile 更新任务...
2026-07-24 13:21:21.717 | INFO     | N/A | ⏳ 等待 Profile 更新任务...
2026-07-24 13:21:26.815 | INFO     | N/A | ⏳ 等待 Profile 更新任务...
2026-07-24 13:21:31.842 | INFO     | N/A | ⏳ 等待 Profile 更新任务...
2026-07-24 13:21:36.869 | INFO     | N/A | ⏳ 等待 Profile 更新任务...
2026-07-24 13:21:41.884 | INFO     | N/A | ⏳ 等待 Profile 更新任务...
2026-07-24 13:21:46.912 | INFO     | N/A | ⏳ 等待 Profile 更新任务...
2026-07-24 13:21:51.936 | INFO     | N/A | ⏳ 等待 Profile 更新任务...
2026-07-24 13:21:56.962 | INFO     | N/A | ⏳ 等待 Profile 更新任务...
2026-07-24 13:22:01.988 | INFO     | N/A | ⏳ 等待 Profile 更新任务...
2026-07-24 13:22:07.016 | INFO     | N/A | ⏳ 等待 Profile 更新任务...
2026-07-24 13:22:12.044 | INFO     | N/A | ⏳ 等待 Profile 更新任务...
2026-07-24 13:22:17.071 | INFO     | N/A | ⏳ 等待 Profile 更新任务...
2026-07-24 13:22:22.095 | INFO     | N/A | ⏳ 等待 Profile 更新任务...
2026-07-24 13:22:27.119 | INFO     | N/A | ⏳ 等待 Profile 更新任务...
2026-07-24 13:22:32.143 | INFO     | N/A | ⏳ 等待 Profile 更新任务...
2026-07-24 13:22:37.170 | INFO     | N/A | ⏳ 等待 Profile 更新任务...
2026-07-24 13:22:42.206 | INFO     | N/A | ⏳ 等待 Profile 更新任务...
2026-07-24 13:22:47.232 | INFO     | N/A | ⏳ 等待 Profile 更新任务...
2026-07-24 13:22:52.238 | INFO     | N/A | ⏳ 等待 Profile 更新任务...
2026-07-24 13:22:57.264 | INFO     | N/A | ⏳ 等待 Profile 更新任务...
2026-07-24 13:23:02.291 | INFO     | N/A | ⏳ 等待 Profile 更新任务...
2026-07-24 13:23:07.317 | INFO     | N/A | ⏳ 等待 Profile 更新任务...
2026-07-24 13:23:12.343 | INFO     | N/A | ⏳ 等待 Profile 更新任务...
2026-07-24 13:23:17.368 | INFO     | N/A | ⏳ 等待 Profile 更新任务...
2026-07-24 13:23:22.395 | INFO     | N/A | ⏳ 等待 Profile 更新任务...
2026-07-24 13:23:27.417 | INFO     | N/A | ⏳ 等待 Profile 更新任务...
2026-07-24 13:23:32.442 | INFO     | N/A | ⏳ 等待 Profile 更新任务...
2026-07-24 13:23:37.466 | INFO     | N/A | ⏳ 等待 Profile 更新任务...
2026-07-24 13:23:42.494 | INFO     | N/A | ⏳ 等待 Profile 更新任务...
2026-07-24 13:23:47.531 | INFO     | N/A | ⏳ 等待 Profile 更新任务...
2026-07-24 13:23:52.560 | INFO     | N/A | ⏳ 等待 Profile 更新任务...
2026-07-24 13:23:57.585 | INFO     | N/A | ⏳ 等待 Profile 更新任务...
2026-07-24 13:24:02.613 | INFO     | N/A | ⏳ 等待 Profile 更新任务...
2026-07-24 13:24:07.644 | INFO     | N/A | ⏳ 等待 Profile 更新任务...
2026-07-24 13:24:12.670 | INFO     | N/A | ⏳ 等待 Profile 更新任务...
2026-07-24 13:24:17.696 | INFO     | N/A | ⏳ 等待 Profile 更新任务...
2026-07-24 13:24:22.725 | INFO     | N/A | ⏳ 等待 Profile 更新任务...
2026-07-24 13:24:27.752 | INFO     | N/A | ⏳ 等待 Profile 更新任务...
2026-07-24 13:24:32.775 | INFO     | N/A | ⏳ 等待 Profile 更新任务...
2026-07-24 13:24:37.802 | INFO     | N/A | ⏳ 等待 Profile 更新任务...
2026-07-24 13:24:42.827 | INFO     | N/A | ⏳ 等待 Profile 更新任务...
2026-07-24 13:24:47.855 | INFO     | N/A | ⏳ 等待 Profile 更新任务...
2026-07-24 13:24:52.882 | INFO     | N/A | ⏳ 等待 Profile 更新任务...
2026-07-24 13:24:57.910 | INFO     | N/A | ⏳ 等待 Profile 更新任务...
2026-07-24 13:25:02.935 | INFO     | N/A | ⏳ 等待 Profile 更新任务...
2026-07-24 13:25:07.966 | INFO     | N/A | ⏳ 等待 Profile 更新任务...
2026-07-24 13:25:12.995 | INFO     | N/A | ⏳ 等待 Profile 更新任务...
2026-07-24 13:25:18.020 | INFO     | N/A | ⏳ 等待 Profile 更新任务...
2026-07-24 13:25:23.045 | INFO     | N/A | ⏳ 等待 Profile 更新任务...
2026-07-24 13:25:28.072 | INFO     | N/A | ⏳ 等待 Profile 更新任务...
2026-07-24 13:25:33.098 | INFO     | N/A | ⏳ 等待 Profile 更新任务...
2026-07-24 13:25:38.127 | INFO     | N/A | ⏳ 等待 Profile 更新任务...
2026-07-24 13:25:43.156 | INFO     | N/A | ⏳ 等待 Profile 更新任务...
2026-07-24 13:25:48.181 | INFO     | N/A | ⏳ 等待 Profile 更新任务...
2026-07-24 13:25:53.206 | INFO     | N/A | ⏳ 等待 Profile 更新任务...
2026-07-24 13:25:58.235 | INFO     | N/A | ⏳ 等待 Profile 更新任务...
2026-07-24 13:26:03.264 | INFO     | N/A | ⏳ 等待 Profile 更新任务...
2026-07-24 13:26:08.292 | INFO     | N/A | ⏳ 等待 Profile 更新任务...
2026-07-24 13:26:13.318 | INFO     | N/A | ⏳ 等待 Profile 更新任务...
2026-07-24 13:26:18.345 | INFO     | N/A | ⏳ 等待 Profile 更新任务...
2026-07-24 13:26:23.370 | INFO     | N/A | ⏳ 等待 Profile 更新任务...
2026-07-24 13:26:28.398 | INFO     | N/A | ⏳ 等待 Profile 更新任务...
2026-07-24 13:26:33.427 | INFO     | N/A | ⏳ 等待 Profile 更新任务...
2026-07-24 13:26:38.457 | INFO     | N/A | ⏳ 等待 Profile 更新任务...
2026-07-24 13:26:43.482 | INFO     | N/A | ⏳ 等待 Profile 更新任务...
2026-07-24 13:26:48.509 | INFO     | N/A | ⏳ 等待 Profile 更新任务...
2026-07-24 13:26:53.536 | INFO     | N/A | ⏳ 等待 Profile 更新任务...
2026-07-24 13:26:58.563 | INFO     | N/A | ⏳ 等待 Profile 更新任务...
2026-07-24 13:27:03.593 | INFO     | N/A | ⏳ 等待 Profile 更新任务...
2026-07-24 13:27:08.621 | INFO     | N/A | ⏳ 等待 Profile 更新任务...
2026-07-24 13:27:13.646 | INFO     | N/A | ⏳ 等待 Profile 更新任务...
2026-07-24 13:27:18.672 | INFO     | N/A | ⏳ 等待 Profile 更新任务...
2026-07-24 13:27:23.697 | INFO     | N/A | ⏳ 等待 Profile 更新任务...
2026-07-24 13:27:28.724 | INFO     | N/A | ⏳ 等待 Profile 更新任务...
2026-07-24 13:27:33.774 | INFO     | N/A | ⏳ 等待 Profile 更新任务...
2026-07-24 13:27:38.800 | INFO     | N/A | ⏳ 等待 Profile 更新任务...
2026-07-24 13:27:43.849 | INFO     | N/A | ⏳ 等待 Profile 更新任务...
2026-07-24 13:27:48.913 | INFO     | N/A | ⏳ 等待 Profile 更新任务...
2026-07-24 13:27:53.939 | INFO     | N/A | ⏳ 等待 Profile 更新任务...
2026-07-24 13:27:58.966 | INFO     | N/A | ⏳ 等待 Profile 更新任务...
2026-07-24 13:28:03.996 | INFO     | N/A | ⏳ 等待 Profile 更新任务...
2026-07-24 13:28:09.023 | INFO     | N/A | ⏳ 等待 Profile 更新任务...
2026-07-24 13:28:14.050 | INFO     | N/A | ⏳ 等待 Profile 更新任务...
2026-07-24 13:28:19.076 | INFO     | N/A | ⏳ 等待 Profile 更新任务...
2026-07-24 13:28:24.104 | INFO     | N/A | ⏳ 等待 Profile 更新任务...
2026-07-24 13:28:29.130 | INFO     | N/A | ⏳ 等待 Profile 更新任务...
2026-07-24 13:28:34.158 | INFO     | N/A | ⏳ 等待 Profile 更新任务...
2026-07-24 13:28:39.184 | INFO     | N/A | ⏳ 等待 Profile 更新任务...
2026-07-24 13:28:44.206 | INFO     | N/A | ⏳ 等待 Profile 更新任务...
2026-07-24 13:28:49.233 | INFO     | N/A | ⏳ 等待 Profile 更新任务...
2026-07-24 13:28:54.280 | INFO     | N/A | ⏳ 等待 Profile 更新任务...
2026-07-24 13:28:59.306 | INFO     | N/A | ⏳ 等待 Profile 更新任务...
2026-07-24 13:29:04.337 | INFO     | N/A | ⏳ 等待 Profile 更新任务...
2026-07-24 13:29:09.362 | INFO     | N/A | ⏳ 等待 Profile 更新任务...
2026-07-24 13:29:14.388 | INFO     | N/A | ⏳ 等待 Profile 更新任务...
2026-07-24 13:29:19.428 | INFO     | N/A | ⏳ 等待 Profile 更新任务...
2026-07-24 13:29:24.453 | INFO     | N/A | ⏳ 等待 Profile 更新任务...
2026-07-24 13:29:29.478 | INFO     | N/A | ⏳ 等待 Profile 更新任务...
2026-07-24 13:29:34.510 | INFO     | N/A | ⏳ 等待 Profile 更新任务...
2026-07-24 13:29:39.537 | INFO     | N/A | ⏳ 等待 Profile 更新任务...
2026-07-24 13:29:44.563 | INFO     | N/A | ⏳ 等待 Profile 更新任务...
2026-07-24 13:29:49.589 | INFO     | N/A | ⏳ 等待 Profile 更新任务...
2026-07-24 13:29:54.615 | INFO     | N/A | ⏳ 等待 Profile 更新任务...
2026-07-24 13:29:59.643 | INFO     | N/A | ⏳ 等待 Profile 更新任务...
2026-07-24 13:30:04.670 | INFO     | N/A | ⏳ 等待 Profile 更新任务...
2026-07-24 13:30:09.696 | INFO     | N/A | ⏳ 等待 Profile 更新任务...
2026-07-24 13:30:14.723 | INFO     | N/A | ⏳ 等待 Profile 更新任务...
2026-07-24 13:30:19.749 | INFO     | N/A | ⏳ 等待 Profile 更新任务...
2026-07-24 13:30:24.774 | INFO     | N/A | ⏳ 等待 Profile 更新任务...
2026-07-24 13:30:29.801 | INFO     | N/A | ⏳ 等待 Profile 更新任务...
2026-07-24 13:30:34.829 | INFO     | N/A | ⏳ 等待 Profile 更新任务...
2026-07-24 13:30:39.857 | INFO     | N/A | ⏳ 等待 Profile 更新任务...
2026-07-24 13:30:44.897 | INFO     | N/A | ⏳ 等待 Profile 更新任务...
2026-07-24 13:30:49.922 | INFO     | N/A | ⏳ 等待 Profile 更新任务...
2026-07-24 13:30:54.948 | INFO     | N/A | ⏳ 等待 Profile 更新任务...
2026-07-24 13:30:59.974 | INFO     | N/A | ⏳ 等待 Profile 更新任务...
2026-07-24 13:31:05.001 | INFO     | N/A | ⏳ 等待 Profile 更新任务...
2026-07-24 13:31:10.029 | INFO     | N/A | ⏳ 等待 Profile 更新任务...
2026-07-24 13:31:15.057 | INFO     | N/A | ⏳ 等待 Profile 更新任务...
2026-07-24 13:31:20.086 | INFO     | N/A | ⏳ 等待 Profile 更新任务...
2026-07-24 13:31:25.115 | INFO     | N/A | ⏳ 等待 Profile 更新任务...
2026-07-24 13:31:30.142 | INFO     | N/A | ⏳ 等待 Profile 更新任务...
2026-07-24 13:31:35.170 | INFO     | N/A | ⏳ 等待 Profile 更新任务...
2026-07-24 13:31:40.206 | INFO     | N/A | ⏳ 等待 Profile 更新任务...
2026-07-24 13:31:45.234 | INFO     | N/A | ⏳ 等待 Profile 更新任务...
2026-07-24 13:31:50.262 | INFO     | N/A | ⏳ 等待 Profile 更新任务...
2026-07-24 13:31:55.289 | INFO     | N/A | ⏳ 等待 Profile 更新任务...
2026-07-24 13:32:00.315 | INFO     | N/A | ⏳ 等待 Profile 更新任务...
2026-07-24 13:32:05.371 | INFO     | N/A | ⏳ 等待 Profile 更新任务...
2026-07-24 13:32:10.399 | INFO     | N/A | ⏳ 等待 Profile 更新任务...
2026-07-24 13:32:15.425 | INFO     | N/A | ⏳ 等待 Profile 更新任务...
2026-07-24 13:32:20.452 | INFO     | N/A | ⏳ 等待 Profile 更新任务...
2026-07-24 13:32:25.479 | INFO     | N/A | ⏳ 等待 Profile 更新任务...
2026-07-24 13:32:30.507 | INFO     | N/A | ⏳ 等待 Profile 更新任务...
2026-07-24 13:32:35.541 | INFO     | N/A | ⏳ 等待 Profile 更新任务...
2026-07-24 13:32:40.567 | INFO     | N/A | ⏳ 等待 Profile 更新任务...
2026-07-24 13:32:45.623 | INFO     | N/A | ⏳ 等待 Profile 更新任务...
2026-07-24 13:32:50.652 | INFO     | N/A | ⏳ 等待 Profile 更新任务...
2026-07-24 13:32:55.678 | INFO     | N/A | ⏳ 等待 Profile 更新任务...
2026-07-24 13:33:00.706 | INFO     | N/A | ⏳ 等待 Profile 更新任务...
2026-07-24 13:33:05.732 | INFO     | N/A | ⏳ 等待 Profile 更新任务...
2026-07-24 13:33:10.758 | INFO     | N/A | ⏳ 等待 Profile 更新任务...
2026-07-24 13:33:15.783 | INFO     | N/A | ⏳ 等待 Profile 更新任务...
2026-07-24 13:33:20.808 | INFO     | N/A | ⏳ 等待 Profile 更新任务...
2026-07-24 13:33:25.834 | INFO     | N/A | ⏳ 等待 Profile 更新任务...
2026-07-24 13:33:30.860 | INFO     | N/A | ⏳ 等待 Profile 更新任务...
2026-07-24 13:33:35.888 | INFO     | N/A | ⏳ 等待 Profile 更新任务...
2026-07-24 13:33:40.915 | INFO     | N/A | ⏳ 等待 Profile 更新任务...
2026-07-24 13:33:45.944 | INFO     | N/A | ⏳ 等待 Profile 更新任务...
2026-07-24 13:33:50.970 | INFO     | N/A | ⏳ 等待 Profile 更新任务...
2026-07-24 13:33:55.997 | INFO     | N/A | ⏳ 等待 Profile 更新任务...
2026-07-24 13:34:01.020 | INFO     | N/A | ⏳ 等待 Profile 更新任务...
2026-07-24 13:34:06.047 | INFO     | N/A | ⏳ 等待 Profile 更新任务...
2026-07-24 13:34:11.074 | INFO     | N/A | ⏳ 等待 Profile 更新任务...
2026-07-24 13:34:16.101 | INFO     | N/A | ⏳ 等待 Profile 更新任务...
2026-07-24 13:34:21.129 | INFO     | N/A | ⏳ 等待 Profile 更新任务...
2026-07-24 13:34:26.157 | INFO     | N/A | ⏳ 等待 Profile 更新任务...
2026-07-24 13:34:31.184 | INFO     | N/A | ⏳ 等待 Profile 更新任务...
2026-07-24 13:34:36.210 | INFO     | N/A | ⏳ 等待 Profile 更新任务...
2026-07-24 13:34:41.236 | INFO     | N/A | ⏳ 等待 Profile 更新任务...
2026-07-24 13:34:46.270 | INFO     | N/A | ⏳ 等待 Profile 更新任务...
2026-07-24 13:34:51.298 | INFO     | N/A | ⏳ 等待 Profile 更新任务...
2026-07-24 13:34:56.328 | INFO     | N/A | ⏳ 等待 Profile 更新任务...
2026-07-24 13:35:01.356 | INFO     | N/A | ⏳ 等待 Profile 更新任务...
2026-07-24 13:35:06.384 | INFO     | N/A | ⏳ 等待 Profile 更新任务...
2026-07-24 13:35:11.412 | INFO     | N/A | ⏳ 等待 Profile 更新任务...
2026-07-24 13:35:16.435 | INFO     | N/A | ⏳ 等待 Profile 更新任务...
2026-07-24 13:35:21.462 | INFO     | N/A | ⏳ 等待 Profile 更新任务...
2026-07-24 13:35:26.490 | INFO     | N/A | ⏳ 等待 Profile 更新任务...
2026-07-24 13:35:31.519 | INFO     | N/A | ⏳ 等待 Profile 更新任务...
2026-07-24 13:35:36.546 | INFO     | N/A | ⏳ 等待 Profile 更新任务...
2026-07-24 13:35:41.577 | INFO     | N/A | ⏳ 等待 Profile 更新任务...
2026-07-24 13:35:46.603 | INFO     | N/A | ⏳ 等待 Profile 更新任务...
2026-07-24 13:35:51.630 | INFO     | N/A | ⏳ 等待 Profile 更新任务...
2026-07-24 13:35:56.656 | INFO     | N/A | ⏳ 等待 Profile 更新任务...
2026-07-24 13:36:01.684 | INFO     | N/A | ⏳ 等待 Profile 更新任务...
2026-07-24 13:36:06.716 | INFO     | N/A | ⏳ 等待 Profile 更新任务...
2026-07-24 13:36:11.745 | INFO     | N/A | ⏳ 等待 Profile 更新任务...
2026-07-24 13:36:16.769 | INFO     | N/A | ⏳ 等待 Profile 更新任务...
2026-07-24 13:36:21.795 | INFO     | N/A | ⏳ 等待 Profile 更新任务...
2026-07-24 13:36:26.822 | INFO     | N/A | ⏳ 等待 Profile 更新任务...
2026-07-24 13:36:31.847 | INFO     | N/A | ⏳ 等待 Profile 更新任务...
2026-07-24 13:36:36.879 | INFO     | N/A | ⏳ 等待 Profile 更新任务...
2026-07-24 13:36:41.905 | INFO     | N/A | ⏳ 等待 Profile 更新任务...
2026-07-24 13:36:46.930 | INFO     | N/A | ⏳ 等待 Profile 更新任务...
2026-07-24 13:36:51.954 | INFO     | N/A | ⏳ 等待 Profile 更新任务...
2026-07-24 13:36:56.980 | INFO     | N/A | ⏳ 等待 Profile 更新任务...
2026-07-24 13:37:02.008 | INFO     | N/A | ⏳ 等待 Profile 更新任务...
2026-07-24 13:37:07.033 | INFO     | N/A | ⏳ 等待 Profile 更新任务...
2026-07-24 13:37:12.061 | INFO     | N/A | ⏳ 等待 Profile 更新任务...
2026-07-24 13:37:17.087 | INFO     | N/A | ⏳ 等待 Profile 更新任务...
2026-07-24 13:37:22.113 | INFO     | N/A | ⏳ 等待 Profile 更新任务...
2026-07-24 13:37:27.139 | INFO     | N/A | ⏳ 等待 Profile 更新任务...
2026-07-24 13:37:32.164 | INFO     | N/A | ⏳ 等待 Profile 更新任务...
2026-07-24 13:37:37.191 | INFO     | N/A | ⏳ 等待 Profile 更新任务...
2026-07-24 13:37:42.218 | INFO     | N/A | ⏳ 等待 Profile 更新任务...
2026-07-24 13:37:47.244 | INFO     | N/A | ⏳ 等待 Profile 更新任务...
2026-07-24 13:37:52.268 | INFO     | N/A | ⏳ 等待 Profile 更新任务...
2026-07-24 13:37:57.294 | INFO     | N/A | ⏳ 等待 Profile 更新任务...
2026-07-24 13:38:02.318 | INFO     | N/A | ⏳ 等待 Profile 更新任务...
2026-07-24 13:38:07.343 | INFO     | N/A | ⏳ 等待 Profile 更新任务...
2026-07-24 13:38:12.368 | INFO     | N/A | ⏳ 等待 Profile 更新任务...
2026-07-24 13:38:17.394 | INFO     | N/A | ⏳ 等待 Profile 更新任务...
2026-07-24 13:38:22.421 | INFO     | N/A | ⏳ 等待 Profile 更新任务...
2026-07-24 13:38:27.448 | INFO     | N/A | ⏳ 等待 Profile 更新任务...
2026-07-24 13:38:32.473 | INFO     | N/A | ⏳ 等待 Profile 更新任务...
2026-07-24 13:38:37.497 | INFO     | N/A | ⏳ 等待 Profile 更新任务...
2026-07-24 13:38:42.523 | INFO     | N/A | ⏳ 等待 Profile 更新任务...
2026-07-24 13:38:47.544 | INFO     | N/A | ⏳ 等待 Profile 更新任务...
2026-07-24 13:38:52.568 | INFO     | N/A | ⏳ 等待 Profile 更新任务...
2026-07-24 13:38:57.626 | INFO     | N/A | ⏳ 等待 Profile 更新任务...
2026-07-24 13:39:02.650 | INFO     | N/A | ⏳ 等待 Profile 更新任务...
2026-07-24 13:39:07.689 | INFO     | N/A | ⏳ 等待 Profile 更新任务...
2026-07-24 13:39:12.713 | INFO     | N/A | ⏳ 等待 Profile 更新任务...
2026-07-24 13:39:17.736 | INFO     | N/A | ⏳ 等待 Profile 更新任务...
2026-07-24 13:39:22.759 | INFO     | N/A | ⏳ 等待 Profile 更新任务...
2026-07-24 13:39:27.785 | INFO     | N/A | ⏳ 等待 Profile 更新任务...
2026-07-24 13:39:32.809 | INFO     | N/A | ⏳ 等待 Profile 更新任务...
2026-07-24 13:39:37.833 | INFO     | N/A | ⏳ 等待 Profile 更新任务...
2026-07-24 13:39:42.858 | INFO     | N/A | ⏳ 等待 Profile 更新任务...
2026-07-24 13:39:47.883 | INFO     | N/A | ⏳ 等待 Profile 更新任务...
2026-07-24 13:39:52.908 | INFO     | N/A | ⏳ 等待 Profile 更新任务...
2026-07-24 13:39:57.935 | INFO     | N/A | ⏳ 等待 Profile 更新任务...
2026-07-24 13:40:02.960 | INFO     | N/A | ⏳ 等待 Profile 更新任务...
2026-07-24 13:40:07.988 | INFO     | N/A | ⏳ 等待 Profile 更新任务...
2026-07-24 13:40:13.014 | INFO     | N/A | ⏳ 等待 Profile 更新任务...
2026-07-24 13:40:18.056 | INFO     | N/A | ⏳ 等待 Profile 更新任务...
2026-07-24 13:40:23.085 | INFO     | N/A | ⏳ 等待 Profile 更新任务...
2026-07-24 13:40:28.110 | INFO     | N/A | ⏳ 等待 Profile 更新任务...
2026-07-24 13:40:33.138 | INFO     | N/A | ⏳ 等待 Profile 更新任务...
2026-07-24 13:40:38.164 | INFO     | N/A | ⏳ 等待 Profile 更新任务...
2026-07-24 13:40:43.188 | INFO     | N/A | ⏳ 等待 Profile 更新任务...
2026-07-24 13:40:48.235 | INFO     | N/A | ⏳ 等待 Profile 更新任务...
2026-07-24 13:40:53.261 | INFO     | N/A | ⏳ 等待 Profile 更新任务...
2026-07-24 13:40:58.286 | INFO     | N/A | ⏳ 等待 Profile 更新任务...
2026-07-24 13:41:03.316 | INFO     | N/A | ⏳ 等待 Profile 更新任务...
2026-07-24 13:41:08.368 | INFO     | N/A | ⏳ 等待 Profile 更新任务...
2026-07-24 13:41:13.392 | INFO     | N/A | ⏳ 等待 Profile 更新任务...
2026-07-24 13:41:18.418 | INFO     | N/A | ⏳ 等待 Profile 更新任务...
2026-07-24 13:41:23.447 | INFO     | N/A | ⏳ 等待 Profile 更新任务...
2026-07-24 13:41:28.470 | INFO     | N/A | ⏳ 等待 Profile 更新任务...
2026-07-24 13:41:33.494 | INFO     | N/A | ⏳ 等待 Profile 更新任务...
2026-07-24 13:41:38.519 | INFO     | N/A | ⏳ 等待 Profile 更新任务...
2026-07-24 13:41:43.544 | INFO     | N/A | ⏳ 等待 Profile 更新任务...
2026-07-24 13:41:48.569 | INFO     | N/A | ⏳ 等待 Profile 更新任务...
2026-07-24 13:41:53.595 | INFO     | N/A | ⏳ 等待 Profile 更新任务...
2026-07-24 13:41:58.617 | INFO     | N/A | ⏳ 等待 Profile 更新任务...
2026-07-24 13:42:03.639 | INFO     | N/A | ⏳ 等待 Profile 更新任务...
2026-07-24 13:42:08.665 | INFO     | N/A | ⏳ 等待 Profile 更新任务...
2026-07-24 13:42:13.691 | INFO     | N/A | ⏳ 等待 Profile 更新任务...
2026-07-24 13:42:18.719 | INFO     | N/A | ⏳ 等待 Profile 更新任务...
2026-07-24 13:42:23.745 | INFO     | N/A | ⏳ 等待 Profile 更新任务...
2026-07-24 13:42:28.770 | INFO     | N/A | ⏳ 等待 Profile 更新任务...
2026-07-24 13:42:33.794 | INFO     | N/A | ⏳ 等待 Profile 更新任务...
2026-07-24 13:42:38.819 | INFO     | N/A | ⏳ 等待 Profile 更新任务...
2026-07-24 13:42:43.847 | INFO     | N/A | ⏳ 等待 Profile 更新任务...
2026-07-24 13:42:48.871 | INFO     | N/A | ⏳ 等待 Profile 更新任务...
2026-07-24 13:42:53.898 | INFO     | N/A | ⏳ 等待 Profile 更新任务...
2026-07-24 13:42:58.924 | INFO     | N/A | ⏳ 等待 Profile 更新任务...
2026-07-24 13:43:03.949 | INFO     | N/A | ⏳ 等待 Profile 更新任务...
2026-07-24 13:43:08.979 | INFO     | N/A | ⏳ 等待 Profile 更新任务...
2026-07-24 13:43:14.009 | INFO     | N/A | ⏳ 等待 Profile 更新任务...
2026-07-24 13:43:19.034 | INFO     | N/A | ⏳ 等待 Profile 更新任务...
2026-07-24 13:43:24.062 | INFO     | N/A | ⏳ 等待 Profile 更新任务...
2026-07-24 13:43:29.087 | INFO     | N/A | ⏳ 等待 Profile 更新任务...
2026-07-24 13:43:34.110 | INFO     | N/A | ⏳ 等待 Profile 更新任务...
2026-07-24 13:43:39.136 | INFO     | N/A | ⏳ 等待 Profile 更新任务...
2026-07-24 13:43:44.161 | INFO     | N/A | ⏳ 等待 Profile 更新任务...
2026-07-24 13:43:49.187 | INFO     | N/A | ⏳ 等待 Profile 更新任务...
2026-07-24 13:43:54.216 | INFO     | N/A | ⏳ 等待 Profile 更新任务...
2026-07-24 13:43:59.240 | INFO     | N/A | ⏳ 等待 Profile 更新任务...
2026-07-24 13:44:04.263 | INFO     | N/A | ⏳ 等待 Profile 更新任务...
2026-07-24 13:44:09.292 | INFO     | N/A | ⏳ 等待 Profile 更新任务...
2026-07-24 13:44:14.390 | INFO     | N/A | ⏳ 等待 Profile 更新任务...
2026-07-24 13:44:19.416 | INFO     | N/A | ⏳ 等待 Profile 更新任务...
2026-07-24 13:44:24.443 | INFO     | N/A | ⏳ 等待 Profile 更新任务...
2026-07-24 13:44:29.466 | INFO     | N/A | ⏳ 等待 Profile 更新任务...
2026-07-24 13:44:34.492 | INFO     | N/A | ⏳ 等待 Profile 更新任务...
2026-07-24 13:44:39.522 | INFO     | N/A | ⏳ 等待 Profile 更新任务...
2026-07-24 13:44:44.547 | INFO     | N/A | ⏳ 等待 Profile 更新任务...
2026-07-24 13:44:49.607 | INFO     | N/A | ⏳ 等待 Profile 更新任务...
2026-07-24 13:44:54.635 | INFO     | N/A | ⏳ 等待 Profile 更新任务...
2026-07-24 13:44:59.663 | INFO     | N/A | ⏳ 等待 Profile 更新任务...
2026-07-24 13:45:04.690 | INFO     | N/A | ⏳ 等待 Profile 更新任务...
2026-07-24 13:45:09.715 | INFO     | N/A | ⏳ 等待 Profile 更新任务...
2026-07-24 13:45:14.740 | INFO     | N/A | ⏳ 等待 Profile 更新任务...
2026-07-24 13:45:19.768 | INFO     | N/A | ⏳ 等待 Profile 更新任务...
2026-07-24 13:45:24.794 | INFO     | N/A | ⏳ 等待 Profile 更新任务...
2026-07-24 13:45:29.815 | INFO     | N/A | ⏳ 等待 Profile 更新任务...
2026-07-24 13:45:34.837 | INFO     | N/A | ⏳ 等待 Profile 更新任务...
2026-07-24 13:45:39.865 | INFO     | N/A | ⏳ 等待 Profile 更新任务...
2026-07-24 13:45:44.892 | INFO     | N/A | ⏳ 等待 Profile 更新任务...
2026-07-24 13:45:49.918 | INFO     | N/A | ⏳ 等待 Profile 更新任务...
2026-07-24 13:45:54.948 | INFO     | N/A | ⏳ 等待 Profile 更新任务...
2026-07-24 13:45:59.974 | INFO     | N/A | ⏳ 等待 Profile 更新任务...
2026-07-24 13:46:04.998 | INFO     | N/A | ⏳ 等待 Profile 更新任务...
2026-07-24 13:46:10.026 | INFO     | N/A | ⏳ 等待 Profile 更新任务...
2026-07-24 13:46:15.052 | INFO     | N/A | ⏳ 等待 Profile 更新任务...
2026-07-24 13:46:20.079 | INFO     | N/A | ⏳ 等待 Profile 更新任务...
2026-07-24 13:46:25.106 | INFO     | N/A | ⏳ 等待 Profile 更新任务...
2026-07-24 13:46:30.132 | INFO     | N/A | ⏳ 等待 Profile 更新任务...
2026-07-24 13:46:35.159 | INFO     | N/A | ⏳ 等待 Profile 更新任务...
2026-07-24 13:46:40.187 | INFO     | N/A | ⏳ 等待 Profile 更新任务...
2026-07-24 13:46:45.224 | INFO     | N/A | ⏳ 等待 Profile 更新任务...
2026-07-24 13:46:50.302 | INFO     | N/A | ⏳ 等待 Profile 更新任务...
2026-07-24 13:46:55.331 | INFO     | N/A | ⏳ 等待 Profile 更新任务...
2026-07-24 13:47:00.360 | INFO     | N/A | ⏳ 等待 Profile 更新任务...
2026-07-24 13:47:05.387 | INFO     | N/A | ⏳ 等待 Profile 更新任务...
2026-07-24 13:47:10.415 | INFO     | N/A | ⏳ 等待 Profile 更新任务...
2026-07-24 13:47:15.442 | INFO     | N/A | ⏳ 等待 Profile 更新任务...
2026-07-24 13:47:20.467 | INFO     | N/A | ⏳ 等待 Profile 更新任务...
2026-07-24 13:47:25.492 | INFO     | N/A | ⏳ 等待 Profile 更新任务...
2026-07-24 13:47:30.518 | INFO     | N/A | ⏳ 等待 Profile 更新任务...
2026-07-24 13:47:35.546 | INFO     | N/A | ⏳ 等待 Profile 更新任务...
2026-07-24 13:47:40.575 | INFO     | N/A | ⏳ 等待 Profile 更新任务...
2026-07-24 13:47:45.607 | INFO     | N/A | ⏳ 等待 Profile 更新任务...
2026-07-24 13:47:50.635 | INFO     | N/A | ⏳ 等待 Profile 更新任务...
2026-07-24 13:47:55.663 | INFO     | N/A | ⏳ 等待 Profile 更新任务...
2026-07-24 13:48:00.690 | INFO     | N/A | ⏳ 等待 Profile 更新任务...
2026-07-24 13:48:05.715 | INFO     | N/A | ⏳ 等待 Profile 更新任务...
2026-07-24 13:48:10.744 | INFO     | N/A | ⏳ 等待 Profile 更新任务...
2026-07-24 13:48:15.773 | INFO     | N/A | ⏳ 等待 Profile 更新任务...
2026-07-24 13:48:20.800 | INFO     | N/A | ⏳ 等待 Profile 更新任务...
2026-07-24 13:48:25.828 | INFO     | N/A | ⏳ 等待 Profile 更新任务...
2026-07-24 13:48:30.857 | INFO     | N/A | ⏳ 等待 Profile 更新任务...
2026-07-24 13:48:35.887 | INFO     | N/A | ⏳ 等待 Profile 更新任务...
2026-07-24 13:48:40.916 | INFO     | N/A | ⏳ 等待 Profile 更新任务...
2026-07-24 13:48:45.943 | INFO     | N/A | ⏳ 等待 Profile 更新任务...
2026-07-24 13:48:50.979 | INFO     | N/A | ⏳ 等待 Profile 更新任务...
2026-07-24 13:48:56.061 | INFO     | N/A | ⏳ 等待 Profile 更新任务...
2026-07-24 13:49:01.089 | INFO     | N/A | ⏳ 等待 Profile 更新任务...
2026-07-24 13:49:06.183 | INFO     | N/A | ⏳ 等待 Profile 更新任务...
2026-07-24 13:49:11.212 | INFO     | N/A | ⏳ 等待 Profile 更新任务...
2026-07-24 13:49:16.241 | INFO     | N/A | ⏳ 等待 Profile 更新任务...
2026-07-24 13:49:21.267 | INFO     | N/A | ⏳ 等待 Profile 更新任务...
2026-07-24 13:49:26.298 | INFO     | N/A | ⏳ 等待 Profile 更新任务...
2026-07-24 13:49:31.325 | INFO     | N/A | ⏳ 等待 Profile 更新任务...
2026-07-24 13:49:36.354 | INFO     | N/A | ⏳ 等待 Profile 更新任务...
2026-07-24 13:49:41.384 | INFO     | N/A | ⏳ 等待 Profile 更新任务...
2026-07-24 13:49:46.470 | INFO     | N/A | ⏳ 等待 Profile 更新任务...
2026-07-24 13:49:51.503 | INFO     | N/A | ⏳ 等待 Profile 更新任务...
2026-07-24 13:49:56.530 | INFO     | N/A | ⏳ 等待 Profile 更新任务...
2026-07-24 13:50:01.557 | INFO     | N/A | ⏳ 等待 Profile 更新任务...
2026-07-24 13:50:06.585 | INFO     | N/A | ⏳ 等待 Profile 更新任务...
2026-07-24 13:50:11.613 | INFO     | N/A | ⏳ 等待 Profile 更新任务...
2026-07-24 13:50:16.640 | INFO     | N/A | ⏳ 等待 Profile 更新任务...
2026-07-24 13:50:21.668 | INFO     | N/A | ⏳ 等待 Profile 更新任务...
2026-07-24 13:50:26.699 | INFO     | N/A | ⏳ 等待 Profile 更新任务...
2026-07-24 13:50:31.726 | INFO     | N/A | ⏳ 等待 Profile 更新任务...
2026-07-24 13:50:36.753 | INFO     | N/A | ⏳ 等待 Profile 更新任务...
2026-07-24 13:50:41.779 | INFO     | N/A | ⏳ 等待 Profile 更新任务...
2026-07-24 13:50:46.805 | INFO     | N/A | ⏳ 等待 Profile 更新任务...
2026-07-24 13:50:51.844 | INFO     | N/A | ⏳ 等待 Profile 更新任务...
2026-07-24 13:50:56.872 | INFO     | N/A | ⏳ 等待 Profile 更新任务...
2026-07-24 13:51:01.898 | INFO     | N/A | ⏳ 等待 Profile 更新任务...
2026-07-24 13:51:06.976 | INFO     | N/A | ⏳ 等待 Profile 更新任务...
2026-07-24 13:51:12.004 | INFO     | N/A | ⏳ 等待 Profile 更新任务...
2026-07-24 13:51:17.032 | INFO     | N/A | ⏳ 等待 Profile 更新任务...
2026-07-24 13:51:22.061 | INFO     | N/A | ⏳ 等待 Profile 更新任务...
2026-07-24 13:51:27.089 | INFO     | N/A | ⏳ 等待 Profile 更新任务...
2026-07-24 13:51:32.118 | INFO     | N/A | ⏳ 等待 Profile 更新任务...
2026-07-24 13:51:37.146 | INFO     | N/A | ⏳ 等待 Profile 更新任务...
2026-07-24 13:51:42.179 | INFO     | N/A | ⏳ 等待 Profile 更新任务...
2026-07-24 13:51:47.209 | INFO     | N/A | ⏳ 等待 Profile 更新任务...
2026-07-24 13:51:52.250 | INFO     | N/A | ⏳ 等待 Profile 更新任务...
2026-07-24 13:51:57.277 | INFO     | N/A | ⏳ 等待 Profile 更新任务...
2026-07-24 13:52:02.304 | INFO     | N/A | ⏳ 等待 Profile 更新任务...
2026-07-24 13:52:07.329 | INFO     | N/A | ⏳ 等待 Profile 更新任务...
2026-07-24 13:52:12.357 | INFO     | N/A | ⏳ 等待 Profile 更新任务...
2026-07-24 13:52:17.385 | INFO     | N/A | ⏳ 等待 Profile 更新任务...
2026-07-24 13:52:22.411 | INFO     | N/A | ⏳ 等待 Profile 更新任务...
2026-07-24 13:52:27.437 | INFO     | N/A | ⏳ 等待 Profile 更新任务...
2026-07-24 13:52:32.465 | INFO     | N/A | ⏳ 等待 Profile 更新任务...
2026-07-24 13:52:37.493 | INFO     | N/A | ⏳ 等待 Profile 更新任务...
2026-07-24 13:52:42.537 | INFO     | N/A | ⏳ 等待 Profile 更新任务...
2026-07-24 13:52:47.562 | INFO     | N/A | ⏳ 等待 Profile 更新任务...
2026-07-24 13:52:52.581 | INFO     | N/A | ⏳ 等待 Profile 更新任务...
2026-07-24 13:52:57.605 | INFO     | N/A | ⏳ 等待 Profile 更新任务...
2026-07-24 13:53:02.629 | INFO     | N/A | ⏳ 等待 Profile 更新任务...
2026-07-24 13:53:07.653 | INFO     | N/A | ⏳ 等待 Profile 更新任务...
2026-07-24 13:53:12.679 | INFO     | N/A | ⏳ 等待 Profile 更新任务...
2026-07-24 13:53:17.704 | INFO     | N/A | ⏳ 等待 Profile 更新任务...
2026-07-24 13:53:22.731 | INFO     | N/A | ⏳ 等待 Profile 更新任务...
2026-07-24 13:53:27.760 | INFO     | N/A | ⏳ 等待 Profile 更新任务...
2026-07-24 13:53:32.786 | INFO     | N/A | ⏳ 等待 Profile 更新任务...
2026-07-24 13:53:37.813 | INFO     | N/A | ⏳ 等待 Profile 更新任务...
2026-07-24 13:53:42.843 | INFO     | N/A | ⏳ 等待 Profile 更新任务...
2026-07-24 13:53:47.872 | INFO     | N/A | ⏳ 等待 Profile 更新任务...
2026-07-24 13:53:52.900 | INFO     | N/A | ⏳ 等待 Profile 更新任务...
2026-07-24 13:53:57.926 | INFO     | N/A | ⏳ 等待 Profile 更新任务...
2026-07-24 13:54:02.953 | INFO     | N/A | ⏳ 等待 Profile 更新任务...
2026-07-24 13:54:07.980 | INFO     | N/A | ⏳ 等待 Profile 更新任务...
2026-07-24 13:54:13.010 | INFO     | N/A | ⏳ 等待 Profile 更新任务...
2026-07-24 13:54:18.036 | INFO     | N/A | ⏳ 等待 Profile 更新任务...
2026-07-24 13:54:23.060 | INFO     | N/A | ⏳ 等待 Profile 更新任务...
2026-07-24 13:54:28.087 | INFO     | N/A | ⏳ 等待 Profile 更新任务...
2026-07-24 13:54:33.111 | INFO     | N/A | ⏳ 等待 Profile 更新任务...
2026-07-24 13:54:38.137 | INFO     | N/A | ⏳ 等待 Profile 更新任务...
2026-07-24 13:54:43.168 | INFO     | N/A | ⏳ 等待 Profile 更新任务...
2026-07-24 13:54:48.196 | INFO     | N/A | ⏳ 等待 Profile 更新任务...
2026-07-24 13:54:53.224 | INFO     | N/A | ⏳ 等待 Profile 更新任务...
2026-07-24 13:54:58.251 | INFO     | N/A | ⏳ 等待 Profile 更新任务...
2026-07-24 13:55:03.277 | INFO     | N/A | ⏳ 等待 Profile 更新任务...
2026-07-24 13:55:08.302 | INFO     | N/A | ⏳ 等待 Profile 更新任务...
2026-07-24 13:55:13.357 | INFO     | N/A | ⏳ 等待 Profile 更新任务...
2026-07-24 13:55:18.384 | INFO     | N/A | ⏳ 等待 Profile 更新任务...
2026-07-24 13:55:23.412 | INFO     | N/A | ⏳ 等待 Profile 更新任务...
2026-07-24 13:55:28.450 | INFO     | N/A | ⏳ 等待 Profile 更新任务...
2026-07-24 13:55:33.478 | INFO     | N/A | ⏳ 等待 Profile 更新任务...
2026-07-24 13:55:38.505 | INFO     | N/A | ⏳ 等待 Profile 更新任务...
2026-07-24 13:55:43.533 | INFO     | N/A | ⏳ 等待 Profile 更新任务...
2026-07-24 13:55:48.560 | INFO     | N/A | ⏳ 等待 Profile 更新任务...
2026-07-24 13:55:53.586 | INFO     | N/A | ⏳ 等待 Profile 更新任务...
2026-07-24 13:55:58.614 | INFO     | N/A | ⏳ 等待 Profile 更新任务...
2026-07-24 13:56:03.643 | INFO     | N/A | ⏳ 等待 Profile 更新任务...
2026-07-24 13:56:08.670 | INFO     | N/A | ⏳ 等待 Profile 更新任务...
2026-07-24 13:56:13.721 | INFO     | N/A | ⏳ 等待 Profile 更新任务...
2026-07-24 13:56:18.748 | INFO     | N/A | ⏳ 等待 Profile 更新任务...
2026-07-24 13:56:23.787 | INFO     | N/A | ⏳ 等待 Profile 更新任务...
2026-07-24 13:56:28.812 | INFO     | N/A | ⏳ 等待 Profile 更新任务...
2026-07-24 13:56:33.839 | INFO     | N/A | ⏳ 等待 Profile 更新任务...
2026-07-24 13:56:38.867 | INFO     | N/A | ⏳ 等待 Profile 更新任务...
2026-07-24 13:56:43.896 | INFO     | N/A | ⏳ 等待 Profile 更新任务...
2026-07-24 13:56:48.925 | INFO     | N/A | ⏳ 等待 Profile 更新任务...
2026-07-24 13:56:53.951 | INFO     | N/A | ⏳ 等待 Profile 更新任务...
2026-07-24 13:56:58.977 | INFO     | N/A | ⏳ 等待 Profile 更新任务...
2026-07-24 13:57:04.006 | INFO     | N/A | ⏳ 等待 Profile 更新任务...
2026-07-24 13:57:09.033 | INFO     | N/A | ⏳ 等待 Profile 更新任务...
2026-07-24 13:57:14.062 | INFO     | N/A | ⏳ 等待 Profile 更新任务...
2026-07-24 13:57:19.088 | INFO     | N/A | ⏳ 等待 Profile 更新任务...
2026-07-24 13:57:24.115 | INFO     | N/A | ⏳ 等待 Profile 更新任务...
2026-07-24 13:57:29.140 | INFO     | N/A | ⏳ 等待 Profile 更新任务...
2026-07-24 13:57:34.169 | INFO     | N/A | ⏳ 等待 Profile 更新任务...
2026-07-24 13:57:39.200 | INFO     | N/A | ⏳ 等待 Profile 更新任务...
2026-07-24 13:57:44.227 | INFO     | N/A | ⏳ 等待 Profile 更新任务...
2026-07-24 13:57:49.320 | INFO     | N/A | ⏳ 等待 Profile 更新任务...
2026-07-24 13:57:54.349 | INFO     | N/A | ⏳ 等待 Profile 更新任务...
2026-07-24 13:57:59.376 | INFO     | N/A | ⏳ 等待 Profile 更新任务...
2026-07-24 13:58:04.404 | INFO     | N/A | ⏳ 等待 Profile 更新任务...
2026-07-24 13:58:09.430 | INFO     | N/A | ⏳ 等待 Profile 更新任务...
2026-07-24 13:58:14.457 | INFO     | N/A | ⏳ 等待 Profile 更新任务...
2026-07-24 13:58:19.485 | INFO     | N/A | ⏳ 等待 Profile 更新任务...
2026-07-24 13:58:24.512 | INFO     | N/A | ⏳ 等待 Profile 更新任务...
2026-07-24 13:58:29.541 | INFO     | N/A | ⏳ 等待 Profile 更新任务...
2026-07-24 13:58:34.569 | INFO     | N/A | ⏳ 等待 Profile 更新任务...
2026-07-24 13:58:39.597 | INFO     | N/A | ⏳ 等待 Profile 更新任务...
2026-07-24 13:58:44.630 | INFO     | N/A | ⏳ 等待 Profile 更新任务...
2026-07-24 13:58:49.657 | INFO     | N/A | ⏳ 等待 Profile 更新任务...
2026-07-24 13:58:54.682 | INFO     | N/A | ⏳ 等待 Profile 更新任务...
2026-07-24 13:58:59.718 | INFO     | N/A | ⏳ 等待 Profile 更新任务...
2026-07-24 13:59:04.758 | INFO     | N/A | ⏳ 等待 Profile 更新任务...
2026-07-24 13:59:09.796 | INFO     | N/A | ⏳ 等待 Profile 更新任务...
2026-07-24 13:59:14.824 | INFO     | N/A | ⏳ 等待 Profile 更新任务...
2026-07-24 13:59:19.852 | INFO     | N/A | ⏳ 等待 Profile 更新任务...
2026-07-24 13:59:24.879 | INFO     | N/A | ⏳ 等待 Profile 更新任务...
2026-07-24 13:59:29.920 | INFO     | N/A | ⏳ 等待 Profile 更新任务...
2026-07-24 13:59:34.945 | INFO     | N/A | ⏳ 等待 Profile 更新任务...
2026-07-24 13:59:39.974 | INFO     | N/A | ⏳ 等待 Profile 更新任务...
2026-07-24 13:59:45.004 | INFO     | N/A | ⏳ 等待 Profile 更新任务...
2026-07-24 13:59:50.031 | INFO     | N/A | ⏳ 等待 Profile 更新任务...
2026-07-24 13:59:55.059 | INFO     | N/A | ⏳ 等待 Profile 更新任务...
2026-07-24 14:00:00.088 | INFO     | N/A | ⏳ 等待 Profile 更新任务...
2026-07-24 14:00:05.114 | INFO     | N/A | ⏳ 等待 Profile 更新任务...
2026-07-24 14:00:10.142 | INFO     | N/A | ⏳ 等待 Profile 更新任务...
2026-07-24 14:00:15.170 | INFO     | N/A | ⏳ 等待 Profile 更新任务...
2026-07-24 14:00:20.196 | INFO     | N/A | ⏳ 等待 Profile 更新任务...
2026-07-24 14:00:25.221 | INFO     | N/A | ⏳ 等待 Profile 更新任务...
2026-07-24 14:00:30.249 | INFO     | N/A | ⏳ 等待 Profile 更新任务...
2026-07-24 14:00:35.274 | INFO     | N/A | ⏳ 等待 Profile 更新任务...
2026-07-24 14:00:40.303 | INFO     | N/A | ⏳ 等待 Profile 更新任务...
2026-07-24 14:00:45.333 | INFO     | N/A | ⏳ 等待 Profile 更新任务...
2026-07-24 14:00:50.360 | INFO     | N/A | ⏳ 等待 Profile 更新任务...
2026-07-24 14:00:55.387 | INFO     | N/A | ⏳ 等待 Profile 更新任务...
2026-07-24 14:01:00.415 | INFO     | N/A | ⏳ 等待 Profile 更新任务...
2026-07-24 14:01:05.442 | INFO     | N/A | ⏳ 等待 Profile 更新任务...
2026-07-24 14:01:10.473 | INFO     | N/A | ⏳ 等待 Profile 更新任务...
2026-07-24 14:01:15.499 | INFO     | N/A | ⏳ 等待 Profile 更新任务...
2026-07-24 14:01:20.527 | INFO     | N/A | ⏳ 等待 Profile 更新任务...
2026-07-24 14:01:25.553 | INFO     | N/A | ⏳ 等待 Profile 更新任务...
2026-07-24 14:01:30.580 | INFO     | N/A | ⏳ 等待 Profile 更新任务...
2026-07-24 14:01:35.609 | INFO     | N/A | ⏳ 等待 Profile 更新任务...
2026-07-24 14:01:40.636 | INFO     | N/A | ⏳ 等待 Profile 更新任务...
2026-07-24 14:01:45.674 | INFO     | N/A | ⏳ 等待 Profile 更新任务...
2026-07-24 14:01:50.700 | INFO     | N/A | ⏳ 等待 Profile 更新任务...
2026-07-24 14:01:55.727 | INFO     | N/A | ⏳ 等待 Profile 更新任务...
2026-07-24 14:02:00.756 | INFO     | N/A | ⏳ 等待 Profile 更新任务...
2026-07-24 14:02:05.784 | INFO     | N/A | ⏳ 等待 Profile 更新任务...
2026-07-24 14:02:10.813 | INFO     | N/A | ⏳ 等待 Profile 更新任务...
2026-07-24 14:02:15.840 | INFO     | N/A | ⏳ 等待 Profile 更新任务...
2026-07-24 14:02:20.868 | INFO     | N/A | ⏳ 等待 Profile 更新任务...
2026-07-24 14:02:25.895 | INFO     | N/A | ⏳ 等待 Profile 更新任务...
2026-07-24 14:02:30.923 | INFO     | N/A | ⏳ 等待 Profile 更新任务...
2026-07-24 14:02:35.952 | INFO     | N/A | ⏳ 等待 Profile 更新任务...
2026-07-24 14:02:40.981 | INFO     | N/A | ⏳ 等待 Profile 更新任务...
2026-07-24 14:02:46.008 | INFO     | N/A | ⏳ 等待 Profile 更新任务...
2026-07-24 14:02:51.037 | INFO     | N/A | ⏳ 等待 Profile 更新任务...
2026-07-24 14:02:56.063 | INFO     | N/A | ⏳ 等待 Profile 更新任务...
2026-07-24 14:03:01.089 | INFO     | N/A | ⏳ 等待 Profile 更新任务...
2026-07-24 14:03:06.116 | INFO     | N/A | ⏳ 等待 Profile 更新任务...
2026-07-24 14:03:11.144 | INFO     | N/A | ⏳ 等待 Profile 更新任务...
2026-07-24 14:03:16.170 | INFO     | N/A | ⏳ 等待 Profile 更新任务...
2026-07-24 14:03:21.198 | INFO     | N/A | ⏳ 等待 Profile 更新任务...
2026-07-24 14:03:26.224 | INFO     | N/A | ⏳ 等待 Profile 更新任务...
2026-07-24 14:03:31.250 | INFO     | N/A | ⏳ 等待 Profile 更新任务...
2026-07-24 14:03:36.342 | INFO     | N/A | ⏳ 等待 Profile 更新任务...
2026-07-24 14:03:41.371 | INFO     | N/A | ⏳ 等待 Profile 更新任务...
2026-07-24 14:03:46.399 | INFO     | N/A | ⏳ 等待 Profile 更新任务...
2026-07-24 14:03:51.426 | INFO     | N/A | ⏳ 等待 Profile 更新任务...
2026-07-24 14:03:56.451 | INFO     | N/A | ⏳ 等待 Profile 更新任务...
2026-07-24 14:04:01.477 | INFO     | N/A | ⏳ 等待 Profile 更新任务...
2026-07-24 14:04:06.504 | INFO     | N/A | ⏳ 等待 Profile 更新任务...
2026-07-24 14:04:11.533 | INFO     | N/A | ⏳ 等待 Profile 更新任务...
2026-07-24 14:04:16.561 | INFO     | N/A | ⏳ 等待 Profile 更新任务...
2026-07-24 14:04:21.588 | INFO     | N/A | ⏳ 等待 Profile 更新任务...
2026-07-24 14:04:26.616 | INFO     | N/A | ⏳ 等待 Profile 更新任务...
2026-07-24 14:04:31.644 | INFO     | N/A | ⏳ 等待 Profile 更新任务...
2026-07-24 14:04:36.671 | INFO     | N/A | ⏳ 等待 Profile 更新任务...
2026-07-24 14:04:41.697 | INFO     | N/A | ⏳ 等待 Profile 更新任务...
2026-07-24 14:04:46.722 | INFO     | N/A | ⏳ 等待 Profile 更新任务...
2026-07-24 14:04:51.748 | INFO     | N/A | ⏳ 等待 Profile 更新任务...
2026-07-24 14:04:56.843 | INFO     | N/A | ⏳ 等待 Profile 更新任务...
2026-07-24 14:05:01.867 | INFO     | N/A | ⏳ 等待 Profile 更新任务...
2026-07-24 14:05:06.891 | INFO     | N/A | ⏳ 等待 Profile 更新任务...
2026-07-24 14:05:11.918 | INFO     | N/A | ⏳ 等待 Profile 更新任务...
2026-07-24 14:05:16.945 | INFO     | N/A | ⏳ 等待 Profile 更新任务...
2026-07-24 14:05:21.970 | INFO     | N/A | ⏳ 等待 Profile 更新任务...
2026-07-24 14:05:26.996 | INFO     | N/A | ⏳ 等待 Profile 更新任务...
2026-07-24 14:05:32.023 | INFO     | N/A | ⏳ 等待 Profile 更新任务...
2026-07-24 14:05:37.049 | INFO     | N/A | ⏳ 等待 Profile 更新任务...
2026-07-24 14:05:42.076 | INFO     | N/A | ⏳ 等待 Profile 更新任务...
2026-07-24 14:05:47.103 | INFO     | N/A | ⏳ 等待 Profile 更新任务...
2026-07-24 14:05:52.130 | INFO     | N/A | ⏳ 等待 Profile 更新任务...
2026-07-24 14:05:57.156 | INFO     | N/A | ⏳ 等待 Profile 更新任务...
2026-07-24 14:06:02.181 | INFO     | N/A | ⏳ 等待 Profile 更新任务...
2026-07-24 14:06:07.207 | INFO     | N/A | ⏳ 等待 Profile 更新任务...
2026-07-24 14:06:12.234 | INFO     | N/A | ⏳ 等待 Profile 更新任务...
2026-07-24 14:06:17.263 | INFO     | N/A | ⏳ 等待 Profile 更新任务...
2026-07-24 14:06:22.288 | INFO     | N/A | ⏳ 等待 Profile 更新任务...
2026-07-24 14:06:27.313 | INFO     | N/A | ⏳ 等待 Profile 更新任务...
2026-07-24 14:06:32.339 | INFO     | N/A | ⏳ 等待 Profile 更新任务...
2026-07-24 14:06:37.365 | INFO     | N/A | ⏳ 等待 Profile 更新任务...
2026-07-24 14:06:42.391 | INFO     | N/A | ⏳ 等待 Profile 更新任务...
2026-07-24 14:06:47.418 | INFO     | N/A | ⏳ 等待 Profile 更新任务...
2026-07-24 14:06:52.446 | INFO     | N/A | ⏳ 等待 Profile 更新任务...
2026-07-24 14:06:57.487 | INFO     | N/A | ⏳ 等待 Profile 更新任务...
2026-07-24 14:07:02.512 | INFO     | N/A | ⏳ 等待 Profile 更新任务...
2026-07-24 14:07:07.539 | INFO     | N/A | ⏳ 等待 Profile 更新任务...
2026-07-24 14:07:12.569 | INFO     | N/A | ⏳ 等待 Profile 更新任务...
2026-07-24 14:07:17.596 | INFO     | N/A | ⏳ 等待 Profile 更新任务...
2026-07-24 14:07:22.624 | INFO     | N/A | ⏳ 等待 Profile 更新任务...
2026-07-24 14:07:27.650 | INFO     | N/A | ⏳ 等待 Profile 更新任务...
2026-07-24 14:07:32.681 | INFO     | N/A | ⏳ 等待 Profile 更新任务...
2026-07-24 14:07:37.709 | INFO     | N/A | ⏳ 等待 Profile 更新任务...
2026-07-24 14:07:42.739 | INFO     | N/A | ⏳ 等待 Profile 更新任务...
2026-07-24 14:07:47.765 | INFO     | N/A | ⏳ 等待 Profile 更新任务...
2026-07-24 14:07:52.793 | INFO     | N/A | ⏳ 等待 Profile 更新任务...
2026-07-24 14:07:57.819 | INFO     | N/A | ⏳ 等待 Profile 更新任务...
2026-07-24 14:08:02.847 | INFO     | N/A | ⏳ 等待 Profile 更新任务...
2026-07-24 14:08:07.874 | INFO     | N/A | ⏳ 等待 Profile 更新任务...
2026-07-24 14:08:12.900 | INFO     | N/A | ⏳ 等待 Profile 更新任务...
2026-07-24 14:08:17.928 | INFO     | N/A | ⏳ 等待 Profile 更新任务...
2026-07-24 14:08:22.954 | INFO     | N/A | ⏳ 等待 Profile 更新任务...
2026-07-24 14:08:27.981 | INFO     | N/A | ⏳ 等待 Profile 更新任务...
2026-07-24 14:08:33.011 | INFO     | N/A | ⏳ 等待 Profile 更新任务...
2026-07-24 14:08:38.037 | INFO     | N/A | ⏳ 等待 Profile 更新任务...
2026-07-24 14:08:43.067 | INFO     | N/A | ⏳ 等待 Profile 更新任务...
2026-07-24 14:08:48.092 | INFO     | N/A | ⏳ 等待 Profile 更新任务...
2026-07-24 14:08:53.120 | INFO     | N/A | ⏳ 等待 Profile 更新任务...
2026-07-24 14:08:58.147 | INFO     | N/A | ⏳ 等待 Profile 更新任务...
2026-07-24 14:09:03.176 | INFO     | N/A | ⏳ 等待 Profile 更新任务...
2026-07-24 14:09:08.206 | INFO     | N/A | ⏳ 等待 Profile 更新任务...
2026-07-24 14:09:13.234 | INFO     | N/A | ⏳ 等待 Profile 更新任务...
2026-07-24 14:09:18.263 | INFO     | N/A | ⏳ 等待 Profile 更新任务...
2026-07-24 14:09:23.289 | INFO     | N/A | ⏳ 等待 Profile 更新任务...
2026-07-24 14:09:28.317 | INFO     | N/A | ⏳ 等待 Profile 更新任务...
2026-07-24 14:09:33.343 | INFO     | N/A | ⏳ 等待 Profile 更新任务...
2026-07-24 14:09:38.371 | INFO     | N/A | ⏳ 等待 Profile 更新任务...
2026-07-24 14:09:43.398 | INFO     | N/A | ⏳ 等待 Profile 更新任务...
2026-07-24 14:09:48.425 | INFO     | N/A | ⏳ 等待 Profile 更新任务...
2026-07-24 14:09:53.452 | INFO     | N/A | ⏳ 等待 Profile 更新任务...
2026-07-24 14:09:58.480 | INFO     | N/A | ⏳ 等待 Profile 更新任务...
2026-07-24 14:10:03.510 | INFO     | N/A | ⏳ 等待 Profile 更新任务...
2026-07-24 14:10:08.536 | INFO     | N/A | ⏳ 等待 Profile 更新任务...
2026-07-24 14:10:13.564 | INFO     | N/A | ⏳ 等待 Profile 更新任务...
2026-07-24 14:10:18.590 | INFO     | N/A | ⏳ 等待 Profile 更新任务...
2026-07-24 14:10:23.617 | INFO     | N/A | ⏳ 等待 Profile 更新任务...
2026-07-24 14:10:28.644 | INFO     | N/A | ⏳ 等待 Profile 更新任务...
2026-07-24 14:10:33.672 | INFO     | N/A | ⏳ 等待 Profile 更新任务...
2026-07-24 14:10:38.700 | INFO     | N/A | ⏳ 等待 Profile 更新任务...
2026-07-24 14:10:43.730 | INFO     | N/A | ⏳ 等待 Profile 更新任务...
2026-07-24 14:10:48.754 | INFO     | N/A | ⏳ 等待 Profile 更新任务...
2026-07-24 14:10:53.779 | INFO     | N/A | ⏳ 等待 Profile 更新任务...
2026-07-24 14:10:58.806 | INFO     | N/A | ⏳ 等待 Profile 更新任务...
2026-07-24 14:11:03.830 | INFO     | N/A | ⏳ 等待 Profile 更新任务...
2026-07-24 14:11:08.856 | INFO     | N/A | ⏳ 等待 Profile 更新任务...
2026-07-24 14:11:13.879 | INFO     | N/A | ⏳ 等待 Profile 更新任务...
2026-07-24 14:11:18.905 | INFO     | N/A | ⏳ 等待 Profile 更新任务...
2026-07-24 14:11:23.934 | INFO     | N/A | ⏳ 等待 Profile 更新任务...
2026-07-24 14:11:28.956 | INFO     | N/A | ⏳ 等待 Profile 更新任务...
2026-07-24 14:11:33.985 | INFO     | N/A | ⏳ 等待 Profile 更新任务...
2026-07-24 14:11:39.010 | INFO     | N/A | ⏳ 等待 Profile 更新任务...
2026-07-24 14:11:44.035 | INFO     | N/A | ⏳ 等待 Profile 更新任务...
2026-07-24 14:11:49.061 | INFO     | N/A | ⏳ 等待 Profile 更新任务...
2026-07-24 14:11:54.087 | INFO     | N/A | ⏳ 等待 Profile 更新任务...
2026-07-24 14:11:59.113 | INFO     | N/A | ⏳ 等待 Profile 更新任务...
2026-07-24 14:12:04.140 | INFO     | N/A | ⏳ 等待 Profile 更新任务...
2026-07-24 14:12:09.166 | INFO     | N/A | ⏳ 等待 Profile 更新任务...
2026-07-24 14:12:14.194 | INFO     | N/A | ⏳ 等待 Profile 更新任务...
2026-07-24 14:12:19.221 | INFO     | N/A | ⏳ 等待 Profile 更新任务...
2026-07-24 14:12:24.246 | INFO     | N/A | ⏳ 等待 Profile 更新任务...
2026-07-24 14:12:29.273 | INFO     | N/A | ⏳ 等待 Profile 更新任务...
2026-07-24 14:12:34.298 | INFO     | N/A | ⏳ 等待 Profile 更新任务...
2026-07-24 14:12:39.325 | INFO     | N/A | ⏳ 等待 Profile 更新任务...
2026-07-24 14:12:44.352 | INFO     | N/A | ⏳ 等待 Profile 更新任务...
2026-07-24 14:12:49.415 | INFO     | N/A | ⏳ 等待 Profile 更新任务...
2026-07-24 14:12:54.441 | INFO     | N/A | ⏳ 等待 Profile 更新任务...
2026-07-24 14:12:59.466 | INFO     | N/A | ⏳ 等待 Profile 更新任务...
2026-07-24 14:13:04.496 | INFO     | N/A | ⏳ 等待 Profile 更新任务...
2026-07-24 14:13:09.523 | INFO     | N/A | ⏳ 等待 Profile 更新任务...
2026-07-24 14:13:14.557 | INFO     | N/A | ⏳ 等待 Profile 更新任务...
2026-07-24 14:13:19.585 | INFO     | N/A | ⏳ 等待 Profile 更新任务...
2026-07-24 14:13:24.611 | INFO     | N/A | ⏳ 等待 Profile 更新任务...
2026-07-24 14:13:29.638 | INFO     | N/A | ⏳ 等待 Profile 更新任务...
2026-07-24 14:13:34.663 | INFO     | N/A | ⏳ 等待 Profile 更新任务...
2026-07-24 14:13:39.689 | INFO     | N/A | ⏳ 等待 Profile 更新任务...
2026-07-24 14:13:44.717 | INFO     | N/A | ⏳ 等待 Profile 更新任务...
2026-07-24 14:13:49.740 | INFO     | N/A | ⏳ 等待 Profile 更新任务...
2026-07-24 14:13:54.769 | INFO     | N/A | ⏳ 等待 Profile 更新任务...
2026-07-24 14:13:59.795 | INFO     | N/A | ⏳ 等待 Profile 更新任务...
2026-07-24 14:14:04.822 | INFO     | N/A | ⏳ 等待 Profile 更新任务...
2026-07-24 14:14:09.852 | INFO     | N/A | ⏳ 等待 Profile 更新任务...
2026-07-24 14:14:14.881 | INFO     | N/A | ⏳ 等待 Profile 更新任务...
2026-07-24 14:14:19.909 | INFO     | N/A | ⏳ 等待 Profile 更新任务...
2026-07-24 14:14:24.935 | INFO     | N/A | ⏳ 等待 Profile 更新任务...
2026-07-24 14:14:29.966 | INFO     | N/A | ⏳ 等待 Profile 更新任务...
2026-07-24 14:14:34.993 | INFO     | N/A | ⏳ 等待 Profile 更新任务...
2026-07-24 14:14:40.020 | INFO     | N/A | ⏳ 等待 Profile 更新任务...
2026-07-24 14:14:45.047 | INFO     | N/A | ⏳ 等待 Profile 更新任务...
2026-07-24 14:14:50.074 | INFO     | N/A | ⏳ 等待 Profile 更新任务...
2026-07-24 14:14:55.102 | INFO     | N/A | ⏳ 等待 Profile 更新任务...
2026-07-24 14:15:00.132 | INFO     | N/A | ⏳ 等待 Profile 更新任务...
2026-07-24 14:15:05.159 | INFO     | N/A | ⏳ 等待 Profile 更新任务...
2026-07-24 14:15:10.186 | INFO     | N/A | ⏳ 等待 Profile 更新任务...
2026-07-24 14:15:15.215 | INFO     | N/A | ⏳ 等待 Profile 更新任务...
2026-07-24 14:15:20.241 | INFO     | N/A | ⏳ 等待 Profile 更新任务...
2026-07-24 14:15:25.266 | INFO     | N/A | ⏳ 等待 Profile 更新任务...
2026-07-24 14:15:30.294 | INFO     | N/A | ⏳ 等待 Profile 更新任务...
2026-07-24 14:15:35.320 | INFO     | N/A | ⏳ 等待 Profile 更新任务...
2026-07-24 14:15:40.346 | INFO     | N/A | ⏳ 等待 Profile 更新任务...
2026-07-24 14:15:45.374 | INFO     | N/A | ⏳ 等待 Profile 更新任务...
2026-07-24 14:15:50.403 | INFO     | N/A | ⏳ 等待 Profile 更新任务...
2026-07-24 14:15:55.430 | INFO     | N/A | ⏳ 等待 Profile 更新任务...
2026-07-24 14:16:00.458 | INFO     | N/A | ⏳ 等待 Profile 更新任务...
2026-07-24 14:16:05.486 | INFO     | N/A | ⏳ 等待 Profile 更新任务...
2026-07-24 14:16:10.516 | INFO     | N/A | ⏳ 等待 Profile 更新任务...
2026-07-24 14:16:15.545 | INFO     | N/A | ⏳ 等待 Profile 更新任务...
2026-07-24 14:16:20.573 | INFO     | N/A | ⏳ 等待 Profile 更新任务...
2026-07-24 14:16:25.599 | INFO     | N/A | ⏳ 等待 Profile 更新任务...
2026-07-24 14:16:30.626 | INFO     | N/A | ⏳ 等待 Profile 更新任务...
2026-07-24 14:16:35.652 | INFO     | N/A | ⏳ 等待 Profile 更新任务...
2026-07-24 14:16:40.676 | INFO     | N/A | ⏳ 等待 Profile 更新任务...
2026-07-24 14:16:45.704 | INFO     | N/A | ⏳ 等待 Profile 更新任务...
2026-07-24 14:16:50.732 | INFO     | N/A | ⏳ 等待 Profile 更新任务...
2026-07-24 14:16:55.767 | INFO     | N/A | ⏳ 等待 Profile 更新任务...
2026-07-24 14:17:00.793 | INFO     | N/A | ⏳ 等待 Profile 更新任务...
2026-07-24 14:17:05.819 | INFO     | N/A | ⏳ 等待 Profile 更新任务...
2026-07-24 14:17:10.847 | INFO     | N/A | ⏳ 等待 Profile 更新任务...
2026-07-24 14:17:15.876 | INFO     | N/A | ⏳ 等待 Profile 更新任务...
2026-07-24 14:17:20.945 | INFO     | N/A | ⏳ 等待 Profile 更新任务...
2026-07-24 14:17:25.973 | INFO     | N/A | ⏳ 等待 Profile 更新任务...
2026-07-24 14:17:30.999 | INFO     | N/A | ⏳ 等待 Profile 更新任务...
2026-07-24 14:17:36.027 | INFO     | N/A | ⏳ 等待 Profile 更新任务...
2026-07-24 14:17:41.115 | INFO     | N/A | ⏳ 等待 Profile 更新任务...
2026-07-24 14:17:46.144 | INFO     | N/A | ⏳ 等待 Profile 更新任务...
2026-07-24 14:17:51.174 | INFO     | N/A | ⏳ 等待 Profile 更新任务...
2026-07-24 14:17:56.201 | INFO     | N/A | ⏳ 等待 Profile 更新任务...
2026-07-24 14:18:01.224 | INFO     | N/A | ⏳ 等待 Profile 更新任务...
2026-07-24 14:18:06.251 | INFO     | N/A | ⏳ 等待 Profile 更新任务...
2026-07-24 14:18:11.279 | INFO     | N/A | ⏳ 等待 Profile 更新任务...
2026-07-24 14:18:16.307 | INFO     | N/A | ⏳ 等待 Profile 更新任务...
2026-07-24 14:18:21.334 | INFO     | N/A | ⏳ 等待 Profile 更新任务...
2026-07-24 14:18:26.363 | INFO     | N/A | ⏳ 等待 Profile 更新任务...
2026-07-24 14:18:31.391 | INFO     | N/A | ⏳ 等待 Profile 更新任务...
2026-07-24 14:18:36.419 | INFO     | N/A | ⏳ 等待 Profile 更新任务...
2026-07-24 14:18:41.446 | INFO     | N/A | ⏳ 等待 Profile 更新任务...
2026-07-24 14:18:46.474 | INFO     | N/A | ⏳ 等待 Profile 更新任务...
2026-07-24 14:18:51.501 | INFO     | N/A | ⏳ 等待 Profile 更新任务...
2026-07-24 14:18:56.528 | INFO     | N/A | ⏳ 等待 Profile 更新任务...
2026-07-24 14:19:01.552 | INFO     | N/A | ⏳ 等待 Profile 更新任务...
2026-07-24 14:19:06.581 | INFO     | N/A | ⏳ 等待 Profile 更新任务...
2026-07-24 14:19:11.609 | INFO     | N/A | ⏳ 等待 Profile 更新任务...
2026-07-24 14:19:16.638 | INFO     | N/A | ⏳ 等待 Profile 更新任务...
2026-07-24 14:19:21.665 | INFO     | N/A | ⏳ 等待 Profile 更新任务...
2026-07-24 14:19:26.693 | INFO     | N/A | ⏳ 等待 Profile 更新任务...
2026-07-24 14:19:31.721 | INFO     | N/A | ⏳ 等待 Profile 更新任务...
2026-07-24 14:19:36.748 | INFO     | N/A | ⏳ 等待 Profile 更新任务...
2026-07-24 14:19:41.778 | INFO     | N/A | ⏳ 等待 Profile 更新任务...
2026-07-24 14:19:46.805 | INFO     | N/A | ⏳ 等待 Profile 更新任务...
2026-07-24 14:19:51.831 | INFO     | N/A | ⏳ 等待 Profile 更新任务...
2026-07-24 14:19:56.858 | INFO     | N/A | ⏳ 等待 Profile 更新任务...
2026-07-24 14:20:01.918 | INFO     | N/A | ⏳ 等待 Profile 更新任务...
2026-07-24 14:20:06.945 | INFO     | N/A | ⏳ 等待 Profile 更新任务...
2026-07-24 14:20:11.972 | INFO     | N/A | ⏳ 等待 Profile 更新任务...
2026-07-24 14:20:17.002 | INFO     | N/A | ⏳ 等待 Profile 更新任务...
2026-07-24 14:20:22.027 | INFO     | N/A | ⏳ 等待 Profile 更新任务...
2026-07-24 14:20:27.053 | INFO     | N/A | ⏳ 等待 Profile 更新任务...
2026-07-24 14:20:32.080 | INFO     | N/A | ⏳ 等待 Profile 更新任务...
2026-07-24 14:20:37.117 | INFO     | N/A | ⏳ 等待 Profile 更新任务...
2026-07-24 14:20:42.181 | INFO     | N/A | ⏳ 等待 Profile 更新任务...
2026-07-24 14:20:47.209 | INFO     | N/A | ⏳ 等待 Profile 更新任务...
2026-07-24 14:20:52.236 | INFO     | N/A | ⏳ 等待 Profile 更新任务...
2026-07-24 14:20:57.265 | INFO     | N/A | ⏳ 等待 Profile 更新任务...
2026-07-24 14:21:02.292 | INFO     | N/A | ⏳ 等待 Profile 更新任务...
2026-07-24 14:21:07.319 | INFO     | N/A | ⏳ 等待 Profile 更新任务...
2026-07-24 14:21:12.347 | INFO     | N/A | ⏳ 等待 Profile 更新任务...
2026-07-24 14:21:17.375 | INFO     | N/A | ⏳ 等待 Profile 更新任务...
2026-07-24 14:21:22.441 | INFO     | N/A | ⏳ 等待 Profile 更新任务...
2026-07-24 14:21:27.466 | INFO     | N/A | ⏳ 等待 Profile 更新任务...
2026-07-24 14:21:32.497 | INFO     | N/A | ⏳ 等待 Profile 更新任务...
2026-07-24 14:21:37.524 | INFO     | N/A | ⏳ 等待 Profile 更新任务...
2026-07-24 14:21:42.594 | INFO     | N/A | ⏳ 等待 Profile 更新任务...
2026-07-24 14:21:47.619 | INFO     | N/A | ⏳ 等待 Profile 更新任务...
2026-07-24 14:21:52.645 | INFO     | N/A | ⏳ 等待 Profile 更新任务...
2026-07-24 14:21:57.674 | INFO     | N/A | ⏳ 等待 Profile 更新任务...
2026-07-24 14:22:02.703 | INFO     | N/A | ⏳ 等待 Profile 更新任务...
2026-07-24 14:22:07.730 | INFO     | N/A | ⏳ 等待 Profile 更新任务...
2026-07-24 14:22:12.759 | INFO     | N/A | ⏳ 等待 Profile 更新任务...
2026-07-24 14:22:17.790 | INFO     | N/A | ⏳ 等待 Profile 更新任务...
2026-07-24 14:22:22.816 | INFO     | N/A | ⏳ 等待 Profile 更新任务...
2026-07-24 14:22:27.841 | INFO     | N/A | ⏳ 等待 Profile 更新任务...
2026-07-24 14:22:32.868 | INFO     | N/A | ⏳ 等待 Profile 更新任务...
2026-07-24 14:22:37.894 | INFO     | N/A | ⏳ 等待 Profile 更新任务...
2026-07-24 14:22:42.923 | INFO     | N/A | ⏳ 等待 Profile 更新任务...
2026-07-24 14:22:47.951 | INFO     | N/A | ⏳ 等待 Profile 更新任务...
2026-07-24 14:22:52.980 | INFO     | N/A | ⏳ 等待 Profile 更新任务...
2026-07-24 14:22:58.008 | INFO     | N/A | ⏳ 等待 Profile 更新任务...
2026-07-24 14:23:03.031 | INFO     | N/A | ⏳ 等待 Profile 更新任务...
2026-07-24 14:23:08.056 | INFO     | N/A | ⏳ 等待 Profile 更新任务...
2026-07-24 14:23:13.080 | INFO     | N/A | ⏳ 等待 Profile 更新任务...
2026-07-24 14:23:18.111 | INFO     | N/A | ⏳ 等待 Profile 更新任务...
2026-07-24 14:23:23.138 | INFO     | N/A | ⏳ 等待 Profile 更新任务...
2026-07-24 14:23:28.164 | INFO     | N/A | ⏳ 等待 Profile 更新任务...
2026-07-24 14:23:33.190 | INFO     | N/A | ⏳ 等待 Profile 更新任务...
2026-07-24 14:23:38.216 | INFO     | N/A | ⏳ 等待 Profile 更新任务...
2026-07-24 14:23:43.242 | INFO     | N/A | ⏳ 等待 Profile 更新任务...
2026-07-24 14:23:48.268 | INFO     | N/A | ⏳ 等待 Profile 更新任务...
2026-07-24 14:23:53.294 | INFO     | N/A | ⏳ 等待 Profile 更新任务...
2026-07-24 14:23:58.318 | INFO     | N/A | ⏳ 等待 Profile 更新任务...
2026-07-24 14:24:03.342 | INFO     | N/A | ⏳ 等待 Profile 更新任务...
2026-07-24 14:24:08.369 | INFO     | N/A | ⏳ 等待 Profile 更新任务...
2026-07-24 14:24:13.395 | INFO     | N/A | ⏳ 等待 Profile 更新任务...
2026-07-24 14:24:18.423 | INFO     | N/A | ⏳ 等待 Profile 更新任务...
2026-07-24 14:24:23.447 | INFO     | N/A | ⏳ 等待 Profile 更新任务...
2026-07-24 14:24:28.472 | INFO     | N/A | ⏳ 等待 Profile 更新任务...
2026-07-24 14:24:33.500 | INFO     | N/A | ⏳ 等待 Profile 更新任务...
2026-07-24 14:24:38.527 | INFO     | N/A | ⏳ 等待 Profile 更新任务...
2026-07-24 14:24:43.553 | INFO     | N/A | ⏳ 等待 Profile 更新任务...
2026-07-24 14:24:48.580 | INFO     | N/A | ⏳ 等待 Profile 更新任务...
2026-07-24 14:24:53.605 | INFO     | N/A | ⏳ 等待 Profile 更新任务...
2026-07-24 14:24:58.632 | INFO     | N/A | ⏳ 等待 Profile 更新任务...
2026-07-24 14:25:03.657 | INFO     | N/A | ⏳ 等待 Profile 更新任务...
2026-07-24 14:25:08.684 | INFO     | N/A | ⏳ 等待 Profile 更新任务...
2026-07-24 14:25:13.694 | INFO     | N/A | ⏳ 等待 Profile 更新任务...
2026-07-24 14:25:18.719 | INFO     | N/A | ⏳ 等待 Profile 更新任务...
2026-07-24 14:25:23.743 | INFO     | N/A | ⏳ 等待 Profile 更新任务...
2026-07-24 14:25:28.772 | INFO     | N/A | ⏳ 等待 Profile 更新任务...
2026-07-24 14:25:33.799 | INFO     | N/A | ⏳ 等待 Profile 更新任务...
2026-07-24 14:25:38.824 | INFO     | N/A | ⏳ 等待 Profile 更新任务...
2026-07-24 14:25:43.849 | INFO     | N/A | ⏳ 等待 Profile 更新任务...
2026-07-24 14:25:48.876 | INFO     | N/A | ⏳ 等待 Profile 更新任务...
2026-07-24 14:25:53.900 | INFO     | N/A | ⏳ 等待 Profile 更新任务...
2026-07-24 14:25:58.925 | INFO     | N/A | ⏳ 等待 Profile 更新任务...
2026-07-24 14:26:03.950 | INFO     | N/A | ⏳ 等待 Profile 更新任务...
2026-07-24 14:26:08.978 | INFO     | N/A | ⏳ 等待 Profile 更新任务...
2026-07-24 14:26:14.014 | INFO     | N/A | ⏳ 等待 Profile 更新任务...
2026-07-24 14:26:19.040 | INFO     | N/A | ⏳ 等待 Profile 更新任务...
2026-07-24 14:26:24.078 | INFO     | N/A | ⏳ 等待 Profile 更新任务...
2026-07-24 14:26:29.103 | INFO     | N/A | ⏳ 等待 Profile 更新任务...
2026-07-24 14:26:34.134 | INFO     | N/A | ⏳ 等待 Profile 更新任务...
2026-07-24 14:26:39.159 | INFO     | N/A | ⏳ 等待 Profile 更新任务...
2026-07-24 14:26:44.188 | INFO     | N/A | ⏳ 等待 Profile 更新任务...
2026-07-24 14:26:49.219 | INFO     | N/A | ⏳ 等待 Profile 更新任务...
2026-07-24 14:26:54.248 | INFO     | N/A | ⏳ 等待 Profile 更新任务...
2026-07-24 14:26:59.274 | INFO     | N/A | ⏳ 等待 Profile 更新任务...
2026-07-24 14:27:04.300 | INFO     | N/A | ⏳ 等待 Profile 更新任务...
2026-07-24 14:27:09.328 | INFO     | N/A | ⏳ 等待 Profile 更新任务...
2026-07-24 14:27:14.355 | INFO     | N/A | ⏳ 等待 Profile 更新任务...
2026-07-24 14:27:19.412 | INFO     | N/A | ⏳ 等待 Profile 更新任务...
2026-07-24 14:27:24.441 | INFO     | N/A | ⏳ 等待 Profile 更新任务...
2026-07-24 14:27:29.470 | INFO     | N/A | ⏳ 等待 Profile 更新任务...
2026-07-24 14:27:34.498 | INFO     | N/A | ⏳ 等待 Profile 更新任务...
2026-07-24 14:27:39.549 | INFO     | N/A | ⏳ 等待 Profile 更新任务...
2026-07-24 14:27:44.574 | INFO     | N/A | ⏳ 等待 Profile 更新任务...
2026-07-24 14:27:49.603 | INFO     | N/A | ⏳ 等待 Profile 更新任务...
2026-07-24 14:27:54.631 | INFO     | N/A | ⏳ 等待 Profile 更新任务...
2026-07-24 14:27:59.658 | INFO     | N/A | ⏳ 等待 Profile 更新任务...
2026-07-24 14:28:04.685 | INFO     | N/A | ⏳ 等待 Profile 更新任务...
2026-07-24 14:28:09.712 | INFO     | N/A | ⏳ 等待 Profile 更新任务...
2026-07-24 14:28:14.740 | INFO     | N/A | ⏳ 等待 Profile 更新任务...
2026-07-24 14:28:19.769 | INFO     | N/A | ⏳ 等待 Profile 更新任务...
2026-07-24 14:28:24.796 | INFO     | N/A | ⏳ 等待 Profile 更新任务...
2026-07-24 14:28:29.823 | INFO     | N/A | ⏳ 等待 Profile 更新任务...
2026-07-24 14:28:34.852 | INFO     | N/A | ⏳ 等待 Profile 更新任务...
2026-07-24 14:28:39.905 | INFO     | N/A | ⏳ 等待 Profile 更新任务...
2026-07-24 14:28:44.931 | INFO     | N/A | ⏳ 等待 Profile 更新任务...
2026-07-24 14:28:49.958 | INFO     | N/A | ⏳ 等待 Profile 更新任务...
2026-07-24 14:28:54.987 | INFO     | N/A | ⏳ 等待 Profile 更新任务...
2026-07-24 14:29:00.013 | INFO     | N/A | ⏳ 等待 Profile 更新任务...
2026-07-24 14:29:05.051 | INFO     | N/A | ⏳ 等待 Profile 更新任务...
2026-07-24 14:29:10.076 | INFO     | N/A | ⏳ 等待 Profile 更新任务...
2026-07-24 14:29:15.102 | INFO     | N/A | ⏳ 等待 Profile 更新任务...
2026-07-24 14:29:20.131 | INFO     | N/A | ⏳ 等待 Profile 更新任务...
2026-07-24 14:29:25.158 | INFO     | N/A | ⏳ 等待 Profile 更新任务...
2026-07-24 14:29:30.184 | INFO     | N/A | ⏳ 等待 Profile 更新任务...
2026-07-24 14:29:35.212 | INFO     | N/A | ⏳ 等待 Profile 更新任务...
2026-07-24 14:29:40.239 | INFO     | N/A | ⏳ 等待 Profile 更新任务...
2026-07-24 14:29:45.268 | INFO     | N/A | ⏳ 等待 Profile 更新任务...
2026-07-24 14:29:50.298 | INFO     | N/A | ⏳ 等待 Profile 更新任务...
2026-07-24 14:29:55.326 | INFO     | N/A | ⏳ 等待 Profile 更新任务...
2026-07-24 14:30:00.355 | INFO     | N/A | ⏳ 等待 Profile 更新任务...
2026-07-24 14:30:05.381 | INFO     | N/A | ⏳ 等待 Profile 更新任务...
2026-07-24 14:30:10.407 | INFO     | N/A | ⏳ 等待 Profile 更新任务...
2026-07-24 14:30:15.429 | INFO     | N/A | ⏳ 等待 Profile 更新任务...
2026-07-24 14:30:20.464 | INFO     | N/A | ⏳ 等待 Profile 更新任务...
2026-07-24 14:30:25.492 | INFO     | N/A | ⏳ 等待 Profile 更新任务...
2026-07-24 14:30:30.519 | INFO     | N/A | ⏳ 等待 Profile 更新任务...
2026-07-24 14:30:35.545 | INFO     | N/A | ⏳ 等待 Profile 更新任务...
2026-07-24 14:30:40.571 | INFO     | N/A | ⏳ 等待 Profile 更新任务...
2026-07-24 14:30:45.598 | INFO     | N/A | ⏳ 等待 Profile 更新任务...
2026-07-24 14:30:50.628 | INFO     | N/A | ⏳ 等待 Profile 更新任务...
2026-07-24 14:30:55.656 | INFO     | N/A | ⏳ 等待 Profile 更新任务...
2026-07-24 14:31:00.683 | INFO     | N/A | ⏳ 等待 Profile 更新任务...
2026-07-24 14:31:05.725 | INFO     | N/A | ⏳ 等待 Profile 更新任务...
2026-07-24 14:31:10.750 | INFO     | N/A | ⏳ 等待 Profile 更新任务...
2026-07-24 14:31:15.779 | INFO     | N/A | ⏳ 等待 Profile 更新任务...
2026-07-24 14:31:20.855 | INFO     | N/A | ⏳ 等待 Profile 更新任务...
2026-07-24 14:31:25.882 | INFO     | N/A | ⏳ 等待 Profile 更新任务...
2026-07-24 14:31:30.910 | INFO     | N/A | ⏳ 等待 Profile 更新任务...
2026-07-24 14:31:35.935 | INFO     | N/A | ⏳ 等待 Profile 更新任务...
2026-07-24 14:31:40.963 | INFO     | N/A | ⏳ 等待 Profile 更新任务...
2026-07-24 14:31:45.990 | INFO     | N/A | ⏳ 等待 Profile 更新任务...
2026-07-24 14:31:51.018 | INFO     | N/A | ⏳ 等待 Profile 更新任务...
2026-07-24 14:31:56.046 | INFO     | N/A | ⏳ 等待 Profile 更新任务...
2026-07-24 14:32:01.072 | INFO     | N/A | ⏳ 等待 Profile 更新任务...
2026-07-24 14:32:06.099 | INFO     | N/A | ⏳ 等待 Profile 更新任务...
2026-07-24 14:32:11.127 | INFO     | N/A | ⏳ 等待 Profile 更新任务...
2026-07-24 14:32:16.159 | INFO     | N/A | ⏳ 等待 Profile 更新任务...
2026-07-24 14:32:21.181 | INFO     | N/A | ⏳ 等待 Profile 更新任务...
2026-07-24 14:32:26.208 | INFO     | N/A | ⏳ 等待 Profile 更新任务...
2026-07-24 14:32:31.236 | INFO     | N/A | ⏳ 等待 Profile 更新任务...
2026-07-24 14:32:36.265 | INFO     | N/A | ⏳ 等待 Profile 更新任务...
2026-07-24 14:32:41.292 | INFO     | N/A | ⏳ 等待 Profile 更新任务...
2026-07-24 14:32:46.319 | INFO     | N/A | ⏳ 等待 Profile 更新任务...
2026-07-24 14:32:51.348 | INFO     | N/A | ⏳ 等待 Profile 更新任务...
2026-07-24 14:32:56.374 | INFO     | N/A | ⏳ 等待 Profile 更新任务...
2026-07-24 14:33:01.417 | INFO     | N/A | ⏳ 等待 Profile 更新任务...
2026-07-24 14:33:06.445 | INFO     | N/A | ⏳ 等待 Profile 更新任务...
2026-07-24 14:33:11.473 | INFO     | N/A | ⏳ 等待 Profile 更新任务...
2026-07-24 14:33:16.499 | INFO     | N/A | ⏳ 等待 Profile 更新任务...
2026-07-24 14:33:21.544 | INFO     | N/A | ⏳ 等待 Profile 更新任务...
2026-07-24 14:33:26.572 | INFO     | N/A | ⏳ 等待 Profile 更新任务...
2026-07-24 14:33:31.600 | INFO     | N/A | ⏳ 等待 Profile 更新任务...
2026-07-24 14:33:36.626 | INFO     | N/A | ⏳ 等待 Profile 更新任务...
2026-07-24 14:33:41.654 | INFO     | N/A | ⏳ 等待 Profile 更新任务...
2026-07-24 14:33:46.682 | INFO     | N/A | ⏳ 等待 Profile 更新任务...
2026-07-24 14:33:51.709 | INFO     | N/A | ⏳ 等待 Profile 更新任务...
2026-07-24 14:33:56.734 | INFO     | N/A | ⏳ 等待 Profile 更新任务...
2026-07-24 14:34:01.761 | INFO     | N/A | ⏳ 等待 Profile 更新任务...
2026-07-24 14:34:06.815 | INFO     | N/A | ⏳ 等待 Profile 更新任务...
2026-07-24 14:34:11.843 | INFO     | N/A | ⏳ 等待 Profile 更新任务...
2026-07-24 14:34:16.887 | INFO     | N/A | ⏳ 等待 Profile 更新任务...
2026-07-24 14:34:21.916 | INFO     | N/A | ⏳ 等待 Profile 更新任务...
2026-07-24 14:34:26.941 | INFO     | N/A | ⏳ 等待 Profile 更新任务...
2026-07-24 14:34:31.964 | INFO     | N/A | ⏳ 等待 Profile 更新任务...
2026-07-24 14:34:36.991 | INFO     | N/A | ⏳ 等待 Profile 更新任务...
2026-07-24 14:34:42.017 | INFO     | N/A | ⏳ 等待 Profile 更新任务...
2026-07-24 14:34:47.046 | INFO     | N/A | ⏳ 等待 Profile 更新任务...
2026-07-24 14:34:52.073 | INFO     | N/A | ⏳ 等待 Profile 更新任务...
2026-07-24 14:34:57.103 | INFO     | N/A | ⏳ 等待 Profile 更新任务...
2026-07-24 14:35:02.131 | INFO     | N/A | ⏳ 等待 Profile 更新任务...
2026-07-24 14:35:07.221 | INFO     | N/A | ⏳ 等待 Profile 更新任务...
2026-07-24 14:35:12.250 | INFO     | N/A | ⏳ 等待 Profile 更新任务...
2026-07-24 14:35:17.279 | INFO     | N/A | ⏳ 等待 Profile 更新任务...
2026-07-24 14:35:22.323 | INFO     | N/A | ⏳ 等待 Profile 更新任务...
2026-07-24 14:35:27.349 | INFO     | N/A | ⏳ 等待 Profile 更新任务...
2026-07-24 14:35:32.378 | INFO     | N/A | ⏳ 等待 Profile 更新任务...
2026-07-24 14:35:37.407 | INFO     | N/A | ⏳ 等待 Profile 更新任务...
2026-07-24 14:35:42.433 | INFO     | N/A | ⏳ 等待 Profile 更新任务...
2026-07-24 14:35:47.459 | INFO     | N/A | ⏳ 等待 Profile 更新任务...
2026-07-24 14:35:52.487 | INFO     | N/A | ⏳ 等待 Profile 更新任务...
2026-07-24 14:35:57.511 | INFO     | N/A | ⏳ 等待 Profile 更新任务...
2026-07-24 14:36:02.568 | INFO     | N/A | ⏳ 等待 Profile 更新任务...
2026-07-24 14:36:07.611 | INFO     | N/A | ⏳ 等待 Profile 更新任务...
2026-07-24 14:36:12.636 | INFO     | N/A | ⏳ 等待 Profile 更新任务...
2026-07-24 14:36:17.665 | INFO     | N/A | ⏳ 等待 Profile 更新任务...
2026-07-24 14:36:22.692 | INFO     | N/A | ⏳ 等待 Profile 更新任务...
2026-07-24 14:36:27.721 | INFO     | N/A | ⏳ 等待 Profile 更新任务...
2026-07-24 14:36:32.750 | INFO     | N/A | ⏳ 等待 Profile 更新任务...
2026-07-24 14:36:37.776 | INFO     | N/A | ⏳ 等待 Profile 更新任务...
2026-07-24 14:36:42.819 | INFO     | N/A | ⏳ 等待 Profile 更新任务...
2026-07-24 14:36:47.846 | INFO     | N/A | ⏳ 等待 Profile 更新任务...
2026-07-24 14:36:52.872 | INFO     | N/A | ⏳ 等待 Profile 更新任务...
2026-07-24 14:36:57.898 | INFO     | N/A | ⏳ 等待 Profile 更新任务...
2026-07-24 14:37:02.924 | INFO     | N/A | ⏳ 等待 Profile 更新任务...
2026-07-24 14:37:07.977 | INFO     | N/A | ⏳ 等待 Profile 更新任务...
2026-07-24 14:37:13.002 | INFO     | N/A | ⏳ 等待 Profile 更新任务...
2026-07-24 14:37:18.030 | INFO     | N/A | ⏳ 等待 Profile 更新任务...
2026-07-24 14:37:23.056 | INFO     | N/A | ⏳ 等待 Profile 更新任务...
2026-07-24 14:37:28.083 | INFO     | N/A | ⏳ 等待 Profile 更新任务...
2026-07-24 14:37:33.112 | INFO     | N/A | ⏳ 等待 Profile 更新任务...
2026-07-24 14:37:38.139 | INFO     | N/A | ⏳ 等待 Profile 更新任务...
2026-07-24 14:37:43.165 | INFO     | N/A | ⏳ 等待 Profile 更新任务...
2026-07-24 14:37:48.195 | INFO     | N/A | ⏳ 等待 Profile 更新任务...
2026-07-24 14:37:53.222 | INFO     | N/A | ⏳ 等待 Profile 更新任务...
2026-07-24 14:37:58.245 | INFO     | N/A | ⏳ 等待 Profile 更新任务...
2026-07-24 14:38:03.268 | INFO     | N/A | ⏳ 等待 Profile 更新任务...
2026-07-24 14:38:08.292 | INFO     | N/A | ⏳ 等待 Profile 更新任务...
2026-07-24 14:38:13.319 | INFO     | N/A | ⏳ 等待 Profile 更新任务...
2026-07-24 14:38:18.350 | INFO     | N/A | ⏳ 等待 Profile 更新任务...
2026-07-24 14:38:23.377 | INFO     | N/A | ⏳ 等待 Profile 更新任务...
2026-07-24 14:38:28.405 | INFO     | N/A | ⏳ 等待 Profile 更新任务...
2026-07-24 14:38:33.447 | INFO     | N/A | ⏳ 等待 Profile 更新任务...
2026-07-24 14:38:38.472 | INFO     | N/A | ⏳ 等待 Profile 更新任务...
2026-07-24 14:38:43.562 | INFO     | N/A | ⏳ 等待 Profile 更新任务...
2026-07-24 14:38:48.591 | INFO     | N/A | ⏳ 等待 Profile 更新任务...
2026-07-24 14:38:53.621 | INFO     | N/A | ⏳ 等待 Profile 更新任务...
2026-07-24 14:38:58.647 | INFO     | N/A | ⏳ 等待 Profile 更新任务...
2026-07-24 14:39:03.674 | INFO     | N/A | ⏳ 等待 Profile 更新任务...
2026-07-24 14:39:08.721 | INFO     | N/A | ⏳ 等待 Profile 更新任务...
2026-07-24 14:39:13.748 | INFO     | N/A | ⏳ 等待 Profile 更新任务...
2026-07-24 14:39:18.779 | INFO     | N/A | ⏳ 等待 Profile 更新任务...
2026-07-24 14:39:23.807 | INFO     | N/A | ⏳ 等待 Profile 更新任务...
2026-07-24 14:39:28.904 | INFO     | N/A | ⏳ 等待 Profile 更新任务...
2026-07-24 14:39:33.930 | INFO     | N/A | ⏳ 等待 Profile 更新任务...
2026-07-24 14:39:38.958 | INFO     | N/A | ⏳ 等待 Profile 更新任务...
2026-07-24 14:39:43.985 | INFO     | N/A | ⏳ 等待 Profile 更新任务...
2026-07-24 14:39:49.025 | INFO     | N/A | ⏳ 等待 Profile 更新任务...
2026-07-24 14:39:54.052 | INFO     | N/A | ⏳ 等待 Profile 更新任务...
2026-07-24 14:39:59.084 | INFO     | N/A | ⏳ 等待 Profile 更新任务...
2026-07-24 14:40:04.113 | INFO     | N/A | ⏳ 等待 Profile 更新任务...
2026-07-24 14:40:09.142 | INFO     | N/A | ⏳ 等待 Profile 更新任务...
2026-07-24 14:40:14.170 | INFO     | N/A | ⏳ 等待 Profile 更新任务...
2026-07-24 14:40:19.203 | INFO     | N/A | ⏳ 等待 Profile 更新任务...
2026-07-24 14:40:24.229 | INFO     | N/A | ⏳ 等待 Profile 更新任务...
2026-07-24 14:40:29.257 | INFO     | N/A | ⏳ 等待 Profile 更新任务...
2026-07-24 14:40:34.303 | INFO     | N/A | ⏳ 等待 Profile 更新任务...
2026-07-24 14:40:39.337 | INFO     | N/A | ⏳ 等待 Profile 更新任务...
2026-07-24 14:40:44.364 | INFO     | N/A | ⏳ 等待 Profile 更新任务...
2026-07-24 14:40:49.391 | INFO     | N/A | ⏳ 等待 Profile 更新任务...
2026-07-24 14:40:54.423 | INFO     | N/A | ⏳ 等待 Profile 更新任务...
2026-07-24 14:40:59.451 | INFO     | N/A | ⏳ 等待 Profile 更新任务...
2026-07-24 14:41:04.478 | INFO     | N/A | ⏳ 等待 Profile 更新任务...
2026-07-24 14:41:09.504 | INFO     | N/A | ⏳ 等待 Profile 更新任务...
2026-07-24 14:41:14.531 | INFO     | N/A | ⏳ 等待 Profile 更新任务...
2026-07-24 14:41:19.560 | INFO     | N/A | ⏳ 等待 Profile 更新任务...
2026-07-24 14:41:24.585 | INFO     | N/A | ⏳ 等待 Profile 更新任务...
2026-07-24 14:41:29.613 | INFO     | N/A | ⏳ 等待 Profile 更新任务...
2026-07-24 14:41:34.640 | INFO     | N/A | ⏳ 等待 Profile 更新任务...
2026-07-24 14:41:39.668 | INFO     | N/A | ⏳ 等待 Profile 更新任务...
2026-07-24 14:41:44.696 | INFO     | N/A | ⏳ 等待 Profile 更新任务...
2026-07-24 14:41:49.723 | INFO     | N/A | ⏳ 等待 Profile 更新任务...
2026-07-24 14:41:54.751 | INFO     | N/A | ⏳ 等待 Profile 更新任务...
2026-07-24 14:41:59.780 | INFO     | N/A | ⏳ 等待 Profile 更新任务...
2026-07-24 14:42:04.808 | INFO     | N/A | ⏳ 等待 Profile 更新任务...
2026-07-24 14:42:09.833 | INFO     | N/A | ⏳ 等待 Profile 更新任务...
2026-07-24 14:42:14.862 | INFO     | N/A | ⏳ 等待 Profile 更新任务...
2026-07-24 14:42:19.888 | INFO     | N/A | ⏳ 等待 Profile 更新任务...
2026-07-24 14:42:24.912 | INFO     | N/A | ⏳ 等待 Profile 更新任务...
2026-07-24 14:42:29.936 | INFO     | N/A | ⏳ 等待 Profile 更新任务...
2026-07-24 14:42:34.961 | INFO     | N/A | ⏳ 等待 Profile 更新任务...
2026-07-24 14:42:39.988 | INFO     | N/A | ⏳ 等待 Profile 更新任务...
2026-07-24 14:42:45.016 | INFO     | N/A | ⏳ 等待 Profile 更新任务...
2026-07-24 14:42:50.049 | INFO     | N/A | ⏳ 等待 Profile 更新任务...
2026-07-24 14:42:55.075 | INFO     | N/A | ⏳ 等待 Profile 更新任务...
2026-07-24 14:43:00.102 | INFO     | N/A | ⏳ 等待 Profile 更新任务...
2026-07-24 14:43:05.129 | INFO     | N/A | ⏳ 等待 Profile 更新任务...
2026-07-24 14:43:10.153 | INFO     | N/A | ⏳ 等待 Profile 更新任务...
2026-07-24 14:43:15.177 | INFO     | N/A | ⏳ 等待 Profile 更新任务...
2026-07-24 14:43:20.206 | INFO     | N/A | ⏳ 等待 Profile 更新任务...
2026-07-24 14:43:25.232 | INFO     | N/A | ⏳ 等待 Profile 更新任务...
2026-07-24 14:43:30.261 | INFO     | N/A | ⏳ 等待 Profile 更新任务...
2026-07-24 14:43:35.287 | INFO     | N/A | ⏳ 等待 Profile 更新任务...
2026-07-24 14:43:40.314 | INFO     | N/A | ⏳ 等待 Profile 更新任务...
2026-07-24 14:43:45.343 | INFO     | N/A | ⏳ 等待 Profile 更新任务...
2026-07-24 14:43:50.372 | INFO     | N/A | ⏳ 等待 Profile 更新任务...
2026-07-24 14:43:55.400 | INFO     | N/A | ⏳ 等待 Profile 更新任务...
2026-07-24 14:44:00.429 | INFO     | N/A | ⏳ 等待 Profile 更新任务...
2026-07-24 14:44:05.454 | INFO     | N/A | ⏳ 等待 Profile 更新任务...
2026-07-24 14:44:10.481 | INFO     | N/A | ⏳ 等待 Profile 更新任务...
2026-07-24 14:44:15.509 | INFO     | N/A | ⏳ 等待 Profile 更新任务...
2026-07-24 14:44:20.539 | INFO     | N/A | ⏳ 等待 Profile 更新任务...
2026-07-24 14:44:25.567 | INFO     | N/A | ⏳ 等待 Profile 更新任务...
2026-07-24 14:44:30.591 | INFO     | N/A | ⏳ 等待 Profile 更新任务...
2026-07-24 14:44:35.616 | INFO     | N/A | ⏳ 等待 Profile 更新任务...
2026-07-24 14:44:40.642 | INFO     | N/A | ⏳ 等待 Profile 更新任务...
2026-07-24 14:44:45.668 | INFO     | N/A | ⏳ 等待 Profile 更新任务...
2026-07-24 14:44:50.697 | INFO     | N/A | ⏳ 等待 Profile 更新任务...
2026-07-24 14:44:55.725 | INFO     | N/A | ⏳ 等待 Profile 更新任务...
2026-07-24 14:45:00.752 | INFO     | N/A | ⏳ 等待 Profile 更新任务...
2026-07-24 14:45:05.776 | INFO     | N/A | ⏳ 等待 Profile 更新任务...
2026-07-24 14:45:10.802 | INFO     | N/A | ⏳ 等待 Profile 更新任务...
2026-07-24 14:45:15.848 | INFO     | N/A | ⏳ 等待 Profile 更新任务...
2026-07-24 14:45:20.875 | INFO     | N/A | ⏳ 等待 Profile 更新任务...
2026-07-24 14:45:25.903 | INFO     | N/A | ⏳ 等待 Profile 更新任务...
2026-07-24 14:45:30.929 | INFO     | N/A | ⏳ 等待 Profile 更新任务...
2026-07-24 14:45:35.957 | INFO     | N/A | ⏳ 等待 Profile 更新任务...
2026-07-24 14:45:40.984 | INFO     | N/A | ⏳ 等待 Profile 更新任务...
2026-07-24 14:45:46.011 | INFO     | N/A | ⏳ 等待 Profile 更新任务...
2026-07-24 14:45:51.039 | INFO     | N/A | ⏳ 等待 Profile 更新任务...
2026-07-24 14:45:56.065 | INFO     | N/A | ⏳ 等待 Profile 更新任务...
2026-07-24 14:46:01.092 | INFO     | N/A | ⏳ 等待 Profile 更新任务...
2026-07-24 14:46:06.118 | INFO     | N/A | ⏳ 等待 Profile 更新任务...
2026-07-24 14:46:11.144 | INFO     | N/A | ⏳ 等待 Profile 更新任务...
2026-07-24 14:46:16.171 | INFO     | N/A | ⏳ 等待 Profile 更新任务...
2026-07-24 14:46:21.202 | INFO     | N/A | ⏳ 等待 Profile 更新任务...
2026-07-24 14:46:26.229 | INFO     | N/A | ⏳ 等待 Profile 更新任务...
2026-07-24 14:46:31.255 | INFO     | N/A | ⏳ 等待 Profile 更新任务...
2026-07-24 14:46:36.283 | INFO     | N/A | ⏳ 等待 Profile 更新任务...
2026-07-24 14:46:41.310 | INFO     | N/A | ⏳ 等待 Profile 更新任务...
2026-07-24 14:46:46.338 | INFO     | N/A | ⏳ 等待 Profile 更新任务...
2026-07-24 14:46:51.365 | INFO     | N/A | ⏳ 等待 Profile 更新任务...
2026-07-24 14:46:56.394 | INFO     | N/A | ⏳ 等待 Profile 更新任务...
2026-07-24 14:47:01.421 | INFO     | N/A | ⏳ 等待 Profile 更新任务...
2026-07-24 14:47:06.448 | INFO     | N/A | ⏳ 等待 Profile 更新任务...
2026-07-24 14:47:11.543 | INFO     | N/A | ⏳ 等待 Profile 更新任务...
2026-07-24 14:47:16.637 | INFO     | N/A | ⏳ 等待 Profile 更新任务...
2026-07-24 14:47:21.662 | INFO     | N/A | ⏳ 等待 Profile 更新任务...
2026-07-24 14:47:26.690 | INFO     | N/A | ⏳ 等待 Profile 更新任务...
2026-07-24 14:47:31.719 | INFO     | N/A | ⏳ 等待 Profile 更新任务...
2026-07-24 14:47:36.748 | INFO     | N/A | ⏳ 等待 Profile 更新任务...
2026-07-24 14:47:41.775 | INFO     | N/A | ⏳ 等待 Profile 更新任务...
2026-07-24 14:47:46.804 | INFO     | N/A | ⏳ 等待 Profile 更新任务...
2026-07-24 14:47:51.830 | INFO     | N/A | ⏳ 等待 Profile 更新任务...
2026-07-24 14:47:56.857 | INFO     | N/A | ⏳ 等待 Profile 更新任务...
2026-07-24 14:48:01.884 | INFO     | N/A | ⏳ 等待 Profile 更新任务...
2026-07-24 14:48:06.913 | INFO     | N/A | ⏳ 等待 Profile 更新任务...
2026-07-24 14:48:11.941 | INFO     | N/A | ⏳ 等待 Profile 更新任务...
2026-07-24 14:48:16.967 | INFO     | N/A | ⏳ 等待 Profile 更新任务...
2026-07-24 14:48:21.992 | INFO     | N/A | ⏳ 等待 Profile 更新任务...
2026-07-24 14:48:27.019 | INFO     | N/A | ⏳ 等待 Profile 更新任务...
2026-07-24 14:48:32.049 | INFO     | N/A | ⏳ 等待 Profile 更新任务...
2026-07-24 14:48:37.075 | INFO     | N/A | ⏳ 等待 Profile 更新任务...
2026-07-24 14:48:42.105 | INFO     | N/A | ⏳ 等待 Profile 更新任务...
2026-07-24 14:48:47.147 | INFO     | N/A | ⏳ 等待 Profile 更新任务...
2026-07-24 14:48:52.178 | INFO     | N/A | ⏳ 等待 Profile 更新任务...
2026-07-24 14:48:57.206 | INFO     | N/A | ⏳ 等待 Profile 更新任务...
2026-07-24 14:49:02.232 | INFO     | N/A | ⏳ 等待 Profile 更新任务...
2026-07-24 14:49:07.258 | INFO     | N/A | ⏳ 等待 Profile 更新任务...
2026-07-24 14:49:12.285 | INFO     | N/A | ⏳ 等待 Profile 更新任务...
2026-07-24 14:49:17.312 | INFO     | N/A | ⏳ 等待 Profile 更新任务...
2026-07-24 14:49:22.346 | INFO     | N/A | ⏳ 等待 Profile 更新任务...
2026-07-24 14:49:27.375 | INFO     | N/A | ⏳ 等待 Profile 更新任务...
2026-07-24 14:49:32.403 | INFO     | N/A | ⏳ 等待 Profile 更新任务...
2026-07-24 14:49:37.427 | INFO     | N/A | ⏳ 等待 Profile 更新任务...
2026-07-24 14:49:42.454 | INFO     | N/A | ⏳ 等待 Profile 更新任务...
2026-07-24 14:49:47.477 | INFO     | N/A | ⏳ 等待 Profile 更新任务...
2026-07-24 14:49:52.509 | INFO     | N/A | ⏳ 等待 Profile 更新任务...
2026-07-24 14:49:57.534 | INFO     | N/A | ⏳ 等待 Profile 更新任务...
2026-07-24 14:50:02.563 | INFO     | N/A | ⏳ 等待 Profile 更新任务...
2026-07-24 14:50:07.588 | INFO     | N/A | ⏳ 等待 Profile 更新任务...
2026-07-24 14:50:12.615 | INFO     | N/A | ⏳ 等待 Profile 更新任务...
2026-07-24 14:50:17.644 | INFO     | N/A | ⏳ 等待 Profile 更新任务...
2026-07-24 14:50:22.669 | INFO     | N/A | ⏳ 等待 Profile 更新任务...
2026-07-24 14:50:27.694 | INFO     | N/A | ⏳ 等待 Profile 更新任务...
2026-07-24 14:50:32.722 | INFO     | N/A | ⏳ 等待 Profile 更新任务...
2026-07-24 14:50:37.750 | INFO     | N/A | ⏳ 等待 Profile 更新任务...
2026-07-24 14:50:42.779 | INFO     | N/A | ⏳ 等待 Profile 更新任务...
2026-07-24 14:50:47.810 | INFO     | N/A | ⏳ 等待 Profile 更新任务...
2026-07-24 14:50:52.838 | INFO     | N/A | ⏳ 等待 Profile 更新任务...
2026-07-24 14:50:57.865 | INFO     | N/A | ⏳ 等待 Profile 更新任务...
2026-07-24 14:51:02.889 | INFO     | N/A | ⏳ 等待 Profile 更新任务...
2026-07-24 14:51:07.915 | INFO     | N/A | ⏳ 等待 Profile 更新任务...
2026-07-24 14:51:12.939 | INFO     | N/A | ⏳ 等待 Profile 更新任务...
2026-07-24 14:51:17.966 | INFO     | N/A | ⏳ 等待 Profile 更新任务...
2026-07-24 14:51:22.995 | INFO     | N/A | ⏳ 等待 Profile 更新任务...
2026-07-24 14:51:28.021 | INFO     | N/A | ⏳ 等待 Profile 更新任务...
2026-07-24 14:51:33.047 | INFO     | N/A | ⏳ 等待 Profile 更新任务...
2026-07-24 14:51:38.073 | INFO     | N/A | ⏳ 等待 Profile 更新任务...
2026-07-24 14:51:43.097 | INFO     | N/A | ⏳ 等待 Profile 更新任务...
2026-07-24 14:51:48.128 | INFO     | N/A | ⏳ 等待 Profile 更新任务...
2026-07-24 14:51:53.159 | INFO     | N/A | ⏳ 等待 Profile 更新任务...
2026-07-24 14:51:58.188 | INFO     | N/A | ⏳ 等待 Profile 更新任务...
2026-07-24 14:52:03.215 | INFO     | N/A | ⏳ 等待 Profile 更新任务...
2026-07-24 14:52:08.243 | INFO     | N/A | ⏳ 等待 Profile 更新任务...
2026-07-24 14:52:13.272 | INFO     | N/A | ⏳ 等待 Profile 更新任务...
2026-07-24 14:52:18.300 | INFO     | N/A | ⏳ 等待 Profile 更新任务...
2026-07-24 14:52:23.309 | INFO     | N/A | ⏳ 等待 Profile 更新任务...
2026-07-24 14:52:28.337 | INFO     | N/A | ⏳ 等待 Profile 更新任务...
2026-07-24 14:52:33.366 | INFO     | N/A | ⏳ 等待 Profile 更新任务...
2026-07-24 14:52:38.406 | INFO     | N/A | ⏳ 等待 Profile 更新任务...
2026-07-24 14:52:43.433 | INFO     | N/A | ⏳ 等待 Profile 更新任务...
2026-07-24 14:52:48.464 | INFO     | N/A | ⏳ 等待 Profile 更新任务...
2026-07-24 14:52:53.492 | INFO     | N/A | ⏳ 等待 Profile 更新任务...
2026-07-24 14:52:58.519 | INFO     | N/A | ⏳ 等待 Profile 更新任务...
2026-07-24 14:53:03.550 | INFO     | N/A | ⏳ 等待 Profile 更新任务...
2026-07-24 14:53:08.578 | INFO     | N/A | ⏳ 等待 Profile 更新任务...
2026-07-24 14:53:13.603 | INFO     | N/A | ⏳ 等待 Profile 更新任务...
2026-07-24 14:53:18.634 | INFO     | N/A | ⏳ 等待 Profile 更新任务...
2026-07-24 14:53:23.661 | INFO     | N/A | ⏳ 等待 Profile 更新任务...
2026-07-24 14:53:28.690 | INFO     | N/A | ⏳ 等待 Profile 更新任务...
2026-07-24 14:53:33.719 | INFO     | N/A | ⏳ 等待 Profile 更新任务...
2026-07-24 14:53:38.747 | INFO     | N/A | ⏳ 等待 Profile 更新任务...
2026-07-24 14:53:43.776 | INFO     | N/A | ⏳ 等待 Profile 更新任务...
2026-07-24 14:53:48.814 | INFO     | N/A | ⏳ 等待 Profile 更新任务...
2026-07-24 14:53:53.844 | INFO     | N/A | ⏳ 等待 Profile 更新任务...
2026-07-24 14:53:58.874 | INFO     | N/A | ⏳ 等待 Profile 更新任务...
2026-07-24 14:54:03.903 | INFO     | N/A | ⏳ 等待 Profile 更新任务...
2026-07-24 14:54:08.932 | INFO     | N/A | ⏳ 等待 Profile 更新任务...
2026-07-24 14:54:13.962 | INFO     | N/A | ⏳ 等待 Profile 更新任务...
2026-07-24 14:54:18.990 | INFO     | N/A | ⏳ 等待 Profile 更新任务...
2026-07-24 14:54:24.023 | INFO     | N/A | ⏳ 等待 Profile 更新任务...
2026-07-24 14:54:29.049 | INFO     | N/A | ⏳ 等待 Profile 更新任务...
2026-07-24 14:54:34.073 | INFO     | N/A | ⏳ 等待 Profile 更新任务...
2026-07-24 14:54:39.098 | INFO     | N/A | ⏳ 等待 Profile 更新任务...
2026-07-24 14:54:44.129 | INFO     | N/A | ⏳ 等待 Profile 更新任务...
2026-07-24 14:54:49.158 | INFO     | N/A | ⏳ 等待 Profile 更新任务...
2026-07-24 14:54:54.187 | INFO     | N/A | ⏳ 等待 Profile 更新任务...
2026-07-24 14:54:59.238 | INFO     | N/A | ⏳ 等待 Profile 更新任务...
2026-07-24 14:55:04.269 | INFO     | N/A | ⏳ 等待 Profile 更新任务...
2026-07-24 14:55:09.295 | INFO     | N/A | ⏳ 等待 Profile 更新任务...
2026-07-24 14:55:14.322 | INFO     | N/A | ⏳ 等待 Profile 更新任务...
2026-07-24 14:55:19.351 | INFO     | N/A | ⏳ 等待 Profile 更新任务...
2026-07-24 14:55:24.381 | INFO     | N/A | ⏳ 等待 Profile 更新任务...
2026-07-24 14:55:29.456 | INFO     | N/A | ⏳ 等待 Profile 更新任务...
2026-07-24 14:55:34.511 | INFO     | N/A | ⏳ 等待 Profile 更新任务...
2026-07-24 14:55:39.543 | INFO     | N/A | ⏳ 等待 Profile 更新任务...
2026-07-24 14:55:44.570 | INFO     | N/A | ⏳ 等待 Profile 更新任务...
2026-07-24 14:55:49.599 | INFO     | N/A | ⏳ 等待 Profile 更新任务...
2026-07-24 14:55:54.630 | INFO     | N/A | ⏳ 等待 Profile 更新任务...
2026-07-24 14:55:59.654 | INFO     | N/A | ⏳ 等待 Profile 更新任务...
2026-07-24 14:56:04.680 | INFO     | N/A | ⏳ 等待 Profile 更新任务...
2026-07-24 14:56:09.709 | INFO     | N/A | ⏳ 等待 Profile 更新任务...
2026-07-24 14:56:14.737 | INFO     | N/A | ⏳ 等待 Profile 更新任务...
2026-07-24 14:56:19.766 | INFO     | N/A | ⏳ 等待 Profile 更新任务...
2026-07-24 14:56:24.797 | INFO     | N/A | ⏳ 等待 Profile 更新任务...
2026-07-24 14:56:29.900 | INFO     | N/A | ⏳ 等待 Profile 更新任务...
2026-07-24 14:56:34.929 | INFO     | N/A | ⏳ 等待 Profile 更新任务...
2026-07-24 14:56:39.958 | INFO     | N/A | ⏳ 等待 Profile 更新任务...
2026-07-24 14:56:44.985 | INFO     | N/A | ⏳ 等待 Profile 更新任务...
2026-07-24 14:56:50.014 | INFO     | N/A | ⏳ 等待 Profile 更新任务...
2026-07-24 14:56:55.045 | INFO     | N/A | ⏳ 等待 Profile 更新任务...
2026-07-24 14:57:00.074 | INFO     | N/A | ⏳ 等待 Profile 更新任务...
2026-07-24 14:57:05.100 | INFO     | N/A | ⏳ 等待 Profile 更新任务...
2026-07-24 14:57:10.130 | INFO     | N/A | ⏳ 等待 Profile 更新任务...
2026-07-24 14:57:15.161 | INFO     | N/A | ⏳ 等待 Profile 更新任务...
2026-07-24 14:57:20.191 | INFO     | N/A | ⏳ 等待 Profile 更新任务...
2026-07-24 14:57:25.255 | INFO     | N/A | ⏳ 等待 Profile 更新任务...
2026-07-24 14:57:30.283 | INFO     | N/A | ⏳ 等待 Profile 更新任务...
2026-07-24 14:57:35.315 | INFO     | N/A | ⏳ 等待 Profile 更新任务...
2026-07-24 14:57:40.345 | INFO     | N/A | ⏳ 等待 Profile 更新任务...
2026-07-24 14:57:45.388 | INFO     | N/A | ⏳ 等待 Profile 更新任务...
2026-07-24 14:57:50.414 | INFO     | N/A | ⏳ 等待 Profile 更新任务...
2026-07-24 14:57:55.444 | INFO     | N/A | ⏳ 等待 Profile 更新任务...
2026-07-24 14:58:00.472 | INFO     | N/A | ⏳ 等待 Profile 更新任务...
2026-07-24 14:58:05.499 | INFO     | N/A | ⏳ 等待 Profile 更新任务...
2026-07-24 14:58:10.529 | INFO     | N/A | ⏳ 等待 Profile 更新任务...
2026-07-24 14:58:15.556 | INFO     | N/A | ⏳ 等待 Profile 更新任务...
2026-07-24 14:58:20.584 | INFO     | N/A | ⏳ 等待 Profile 更新任务...
2026-07-24 14:58:25.616 | INFO     | N/A | ⏳ 等待 Profile 更新任务...
2026-07-24 14:58:30.644 | INFO     | N/A | ⏳ 等待 Profile 更新任务...
2026-07-24 14:58:35.673 | INFO     | N/A | ⏳ 等待 Profile 更新任务...
2026-07-24 14:58:40.701 | INFO     | N/A | ⏳ 等待 Profile 更新任务...
2026-07-24 14:58:45.737 | INFO     | N/A | ⏳ 等待 Profile 更新任务...
2026-07-24 14:58:50.766 | INFO     | N/A | ⏳ 等待 Profile 更新任务...
2026-07-24 14:58:55.799 | INFO     | N/A | ⏳ 等待 Profile 更新任务...
2026-07-24 14:59:00.829 | INFO     | N/A | ⏳ 等待 Profile 更新任务...
2026-07-24 14:59:05.855 | INFO     | N/A | ⏳ 等待 Profile 更新任务...
2026-07-24 14:59:10.916 | INFO     | N/A | ⏳ 等待 Profile 更新任务...
2026-07-24 14:59:15.946 | INFO     | N/A | ⏳ 等待 Profile 更新任务...
2026-07-24 14:59:20.972 | INFO     | N/A | ⏳ 等待 Profile 更新任务...
2026-07-24 14:59:26.002 | INFO     | N/A | ⏳ 等待 Profile 更新任务...
2026-07-24 14:59:31.027 | INFO     | N/A | ⏳ 等待 Profile 更新任务...
2026-07-24 14:59:36.095 | INFO     | N/A | ⏳ 等待 Profile 更新任务...
2026-07-24 14:59:41.120 | INFO     | N/A | ⏳ 等待 Profile 更新任务...
2026-07-24 14:59:46.145 | INFO     | N/A | ⏳ 等待 Profile 更新任务...
2026-07-24 14:59:51.171 | INFO     | N/A | ⏳ 等待 Profile 更新任务...
2026-07-24 14:59:56.199 | INFO     | N/A | ⏳ 等待 Profile 更新任务...
2026-07-24 15:00:01.227 | INFO     | N/A | ⏳ 等待 Profile 更新任务...
2026-07-24 15:00:06.251 | INFO     | N/A | ⏳ 等待 Profile 更新任务...
2026-07-24 15:00:11.278 | INFO     | N/A | ⏳ 等待 Profile 更新任务...
2026-07-24 15:00:16.304 | INFO     | N/A | ⏳ 等待 Profile 更新任务...
2026-07-24 15:00:21.328 | INFO     | N/A | ⏳ 等待 Profile 更新任务...
2026-07-24 15:00:26.398 | INFO     | N/A | ⏳ 等待 Profile 更新任务...
2026-07-24 15:00:31.426 | INFO     | N/A | ⏳ 等待 Profile 更新任务...
2026-07-24 15:00:36.453 | INFO     | N/A | ⏳ 等待 Profile 更新任务...
2026-07-24 15:00:41.481 | INFO     | N/A | ⏳ 等待 Profile 更新任务...
2026-07-24 15:00:46.508 | INFO     | N/A | ⏳ 等待 Profile 更新任务...
2026-07-24 15:00:51.536 | INFO     | N/A | ⏳ 等待 Profile 更新任务...
2026-07-24 15:00:56.562 | INFO     | N/A | ⏳ 等待 Profile 更新任务...
2026-07-24 15:01:01.593 | INFO     | N/A | ⏳ 等待 Profile 更新任务...
2026-07-24 15:01:06.618 | INFO     | N/A | ⏳ 等待 Profile 更新任务...
2026-07-24 15:01:11.640 | INFO     | N/A | ⏳ 等待 Profile 更新任务...
2026-07-24 15:01:16.662 | INFO     | N/A | ⏳ 等待 Profile 更新任务...
2026-07-24 15:01:21.702 | INFO     | N/A | ⏳ 等待 Profile 更新任务...
2026-07-24 15:01:26.732 | INFO     | N/A | ⏳ 等待 Profile 更新任务...
2026-07-24 15:01:31.758 | INFO     | N/A | ⏳ 等待 Profile 更新任务...
2026-07-24 15:01:36.787 | INFO     | N/A | ⏳ 等待 Profile 更新任务...
2026-07-24 15:01:41.815 | INFO     | N/A | ⏳ 等待 Profile 更新任务...
2026-07-24 15:01:46.842 | INFO     | N/A | ⏳ 等待 Profile 更新任务...
2026-07-24 15:01:51.871 | INFO     | N/A | ⏳ 等待 Profile 更新任务...
2026-07-24 15:01:56.897 | INFO     | N/A | ⏳ 等待 Profile 更新任务...
2026-07-24 15:02:01.926 | INFO     | N/A | ⏳ 等待 Profile 更新任务...
2026-07-24 15:02:06.956 | INFO     | N/A | ⏳ 等待 Profile 更新任务...
2026-07-24 15:02:11.982 | INFO     | N/A | ⏳ 等待 Profile 更新任务...
2026-07-24 15:02:17.011 | INFO     | N/A | ⏳ 等待 Profile 更新任务...
2026-07-24 15:02:22.037 | INFO     | N/A | ⏳ 等待 Profile 更新任务...
2026-07-24 15:02:27.067 | INFO     | N/A | ⏳ 等待 Profile 更新任务...
2026-07-24 15:02:32.118 | INFO     | N/A | ⏳ 等待 Profile 更新任务...
2026-07-24 15:02:37.148 | INFO     | N/A | ⏳ 等待 Profile 更新任务...
2026-07-24 15:02:42.176 | INFO     | N/A | ⏳ 等待 Profile 更新任务...
2026-07-24 15:02:47.205 | INFO     | N/A | ⏳ 等待 Profile 更新任务...
2026-07-24 15:02:52.236 | INFO     | N/A | ⏳ 等待 Profile 更新任务...
2026-07-24 15:02:57.264 | INFO     | N/A | ⏳ 等待 Profile 更新任务...
2026-07-24 15:03:02.292 | INFO     | N/A | ⏳ 等待 Profile 更新任务...
2026-07-24 15:03:07.321 | INFO     | N/A | ⏳ 等待 Profile 更新任务...
2026-07-24 15:03:12.351 | INFO     | N/A | ⏳ 等待 Profile 更新任务...
2026-07-24 15:03:17.377 | INFO     | N/A | ⏳ 等待 Profile 更新任务...
2026-07-24 15:03:22.403 | INFO     | N/A | ⏳ 等待 Profile 更新任务...
2026-07-24 15:03:27.457 | INFO     | N/A | ⏳ 等待 Profile 更新任务...
2026-07-24 15:03:32.483 | INFO     | N/A | ⏳ 等待 Profile 更新任务...
2026-07-24 15:03:37.524 | INFO     | N/A | ⏳ 等待 Profile 更新任务...
2026-07-24 15:03:42.553 | INFO     | N/A | ⏳ 等待 Profile 更新任务...
2026-07-24 15:03:47.584 | INFO     | N/A | ⏳ 等待 Profile 更新任务...
2026-07-24 15:03:52.611 | INFO     | N/A | ⏳ 等待 Profile 更新任务...
2026-07-24 15:03:57.642 | INFO     | N/A | ⏳ 等待 Profile 更新任务...
2026-07-24 15:04:02.669 | INFO     | N/A | ⏳ 等待 Profile 更新任务...
2026-07-24 15:04:07.698 | INFO     | N/A | ⏳ 等待 Profile 更新任务...
2026-07-24 15:04:12.726 | INFO     | N/A | ⏳ 等待 Profile 更新任务...
2026-07-24 15:04:17.755 | INFO     | N/A | ⏳ 等待 Profile 更新任务...
2026-07-24 15:04:22.784 | INFO     | N/A | ⏳ 等待 Profile 更新任务...
2026-07-24 15:04:27.814 | INFO     | N/A | ⏳ 等待 Profile 更新任务...
2026-07-24 15:04:32.842 | INFO     | N/A | ⏳ 等待 Profile 更新任务...
2026-07-24 15:04:37.870 | INFO     | N/A | ⏳ 等待 Profile 更新任务...
2026-07-24 15:04:42.900 | INFO     | N/A | ⏳ 等待 Profile 更新任务...
2026-07-24 15:04:47.928 | INFO     | N/A | ⏳ 等待 Profile 更新任务...
2026-07-24 15:04:52.943 | INFO     | N/A | ⏳ 等待 Profile 更新任务...
2026-07-24 15:04:57.981 | INFO     | N/A | ⏳ 等待 Profile 更新任务...
2026-07-24 15:05:03.009 | INFO     | N/A | ⏳ 等待 Profile 更新任务...
2026-07-24 15:05:08.038 | INFO     | N/A | ⏳ 等待 Profile 更新任务...
2026-07-24 15:05:13.066 | INFO     | N/A | ⏳ 等待 Profile 更新任务...
2026-07-24 15:05:18.118 | INFO     | N/A | ⏳ 等待 Profile 更新任务...
2026-07-24 15:05:23.148 | INFO     | N/A | ⏳ 等待 Profile 更新任务...
2026-07-24 15:05:28.175 | INFO     | N/A | ⏳ 等待 Profile 更新任务...
2026-07-24 15:05:33.202 | INFO     | N/A | ⏳ 等待 Profile 更新任务...
2026-07-24 15:05:38.232 | INFO     | N/A | ⏳ 等待 Profile 更新任务...
2026-07-24 15:05:43.318 | INFO     | N/A | ⏳ 等待 Profile 更新任务...
2026-07-24 15:05:48.348 | INFO     | N/A | ⏳ 等待 Profile 更新任务...
2026-07-24 15:05:53.378 | INFO     | N/A | ⏳ 等待 Profile 更新任务...
2026-07-24 15:05:58.406 | INFO     | N/A | ⏳ 等待 Profile 更新任务...
2026-07-24 15:06:03.435 | INFO     | N/A | ⏳ 等待 Profile 更新任务...
2026-07-24 15:06:08.465 | INFO     | N/A | ⏳ 等待 Profile 更新任务...
2026-07-24 15:06:13.493 | INFO     | N/A | ⏳ 等待 Profile 更新任务...
2026-07-24 15:06:18.522 | INFO     | N/A | ⏳ 等待 Profile 更新任务...
2026-07-24 15:06:23.551 | INFO     | N/A | ⏳ 等待 Profile 更新任务...
2026-07-24 15:06:28.581 | INFO     | N/A | ⏳ 等待 Profile 更新任务...
2026-07-24 15:06:33.644 | INFO     | N/A | ⏳ 等待 Profile 更新任务...
2026-07-24 15:06:38.671 | INFO     | N/A | ⏳ 等待 Profile 更新任务...
2026-07-24 15:06:43.703 | INFO     | N/A | ⏳ 等待 Profile 更新任务...
2026-07-24 15:06:48.731 | INFO     | N/A | ⏳ 等待 Profile 更新任务...
2026-07-24 15:06:53.760 | INFO     | N/A | ⏳ 等待 Profile 更新任务...
2026-07-24 15:06:58.789 | INFO     | N/A | ⏳ 等待 Profile 更新任务...
2026-07-24 15:07:03.818 | INFO     | N/A | ⏳ 等待 Profile 更新任务...
2026-07-24 15:07:08.849 | INFO     | N/A | ⏳ 等待 Profile 更新任务...
2026-07-24 15:07:13.878 | INFO     | N/A | ⏳ 等待 Profile 更新任务...
2026-07-24 15:07:18.955 | INFO     | N/A | ⏳ 等待 Profile 更新任务...
2026-07-24 15:07:23.984 | INFO     | N/A | ⏳ 等待 Profile 更新任务...
2026-07-24 15:07:29.011 | INFO     | N/A | ⏳ 等待 Profile 更新任务...
2026-07-24 15:07:34.040 | INFO     | N/A | ⏳ 等待 Profile 更新任务...
2026-07-24 15:07:39.067 | INFO     | N/A | ⏳ 等待 Profile 更新任务...
2026-07-24 15:07:44.095 | INFO     | N/A | ⏳ 等待 Profile 更新任务...
2026-07-24 15:07:49.125 | INFO     | N/A | ⏳ 等待 Profile 更新任务...
2026-07-24 15:07:54.152 | INFO     | N/A | ⏳ 等待 Profile 更新任务...
2026-07-24 15:07:59.182 | INFO     | N/A | ⏳ 等待 Profile 更新任务...
2026-07-24 15:08:04.210 | INFO     | N/A | ⏳ 等待 Profile 更新任务...
2026-07-24 15:08:09.238 | INFO     | N/A | ⏳ 等待 Profile 更新任务...
2026-07-24 15:08:14.268 | INFO     | N/A | ⏳ 等待 Profile 更新任务...
2026-07-24 15:08:19.296 | INFO     | N/A | ⏳ 等待 Profile 更新任务...
2026-07-24 15:08:24.325 | INFO     | N/A | ⏳ 等待 Profile 更新任务...
2026-07-24 15:08:29.356 | INFO     | N/A | ⏳ 等待 Profile 更新任务...
2026-07-24 15:08:34.386 | INFO     | N/A | ⏳ 等待 Profile 更新任务...
2026-07-24 15:08:39.415 | INFO     | N/A | ⏳ 等待 Profile 更新任务...
2026-07-24 15:08:44.444 | INFO     | N/A | ⏳ 等待 Profile 更新任务...
2026-07-24 15:08:49.473 | INFO     | N/A | ⏳ 等待 Profile 更新任务...
2026-07-24 15:08:54.502 | INFO     | N/A | ⏳ 等待 Profile 更新任务...
2026-07-24 15:08:59.530 | INFO     | N/A | ⏳ 等待 Profile 更新任务...
2026-07-24 15:09:04.555 | INFO     | N/A | ⏳ 等待 Profile 更新任务...
2026-07-24 15:09:09.583 | INFO     | N/A | ⏳ 等待 Profile 更新任务...
2026-07-24 15:09:14.611 | INFO     | N/A | ⏳ 等待 Profile 更新任务...
2026-07-24 15:09:19.640 | INFO     | N/A | ⏳ 等待 Profile 更新任务...
2026-07-24 15:09:24.683 | INFO     | N/A | ⏳ 等待 Profile 更新任务...
2026-07-24 15:09:29.712 | INFO     | N/A | ⏳ 等待 Profile 更新任务...
2026-07-24 15:09:34.742 | INFO     | N/A | ⏳ 等待 Profile 更新任务...
2026-07-24 15:09:39.771 | INFO     | N/A | ⏳ 等待 Profile 更新任务...
2026-07-24 15:09:44.800 | INFO     | N/A | ⏳ 等待 Profile 更新任务...
2026-07-24 15:09:49.832 | INFO     | N/A | ⏳ 等待 Profile 更新任务...
2026-07-24 15:09:54.861 | INFO     | N/A | ⏳ 等待 Profile 更新任务...
2026-07-24 15:09:59.890 | INFO     | N/A | ⏳ 等待 Profile 更新任务...
2026-07-24 15:10:04.920 | INFO     | N/A | ⏳ 等待 Profile 更新任务...
2026-07-24 15:10:09.948 | INFO     | N/A | ⏳ 等待 Profile 更新任务...
2026-07-24 15:10:14.976 | INFO     | N/A | ⏳ 等待 Profile 更新任务...
2026-07-24 15:10:20.005 | INFO     | N/A | ⏳ 等待 Profile 更新任务...
2026-07-24 15:10:25.035 | INFO     | N/A | ⏳ 等待 Profile 更新任务...
2026-07-24 15:10:30.067 | INFO     | N/A | ⏳ 等待 Profile 更新任务...
2026-07-24 15:10:35.095 | INFO     | N/A | ⏳ 等待 Profile 更新任务...
2026-07-24 15:10:40.120 | INFO     | N/A | ⏳ 等待 Profile 更新任务...
2026-07-24 15:10:45.148 | INFO     | N/A | ⏳ 等待 Profile 更新任务...
2026-07-24 15:10:50.176 | INFO     | N/A | ⏳ 等待 Profile 更新任务...
2026-07-24 15:10:55.209 | INFO     | N/A | ⏳ 等待 Profile 更新任务...
2026-07-24 15:11:00.236 | INFO     | N/A | ⏳ 等待 Profile 更新任务...
2026-07-24 15:11:05.265 | INFO     | N/A | ⏳ 等待 Profile 更新任务...
2026-07-24 15:11:10.294 | INFO     | N/A | ⏳ 等待 Profile 更新任务...
2026-07-24 15:11:15.324 | INFO     | N/A | ⏳ 等待 Profile 更新任务...
2026-07-24 15:11:20.353 | INFO     | N/A | ⏳ 等待 Profile 更新任务...
2026-07-24 15:11:25.383 | INFO     | N/A | ⏳ 等待 Profile 更新任务...
2026-07-24 15:11:30.409 | INFO     | N/A | ⏳ 等待 Profile 更新任务...
2026-07-24 15:11:35.438 | INFO     | N/A | ⏳ 等待 Profile 更新任务...
2026-07-24 15:11:40.488 | INFO     | N/A | ⏳ 等待 Profile 更新任务...
2026-07-24 15:11:45.517 | INFO     | N/A | ⏳ 等待 Profile 更新任务...
2026-07-24 15:11:50.545 | INFO     | N/A | ⏳ 等待 Profile 更新任务...
2026-07-24 15:11:55.572 | INFO     | N/A | ⏳ 等待 Profile 更新任务...
2026-07-24 15:12:00.597 | INFO     | N/A | ⏳ 等待 Profile 更新任务...
2026-07-24 15:12:05.622 | INFO     | N/A | ⏳ 等待 Profile 更新任务...
2026-07-24 15:12:10.648 | INFO     | N/A | ⏳ 等待 Profile 更新任务...
2026-07-24 15:12:15.677 | INFO     | N/A | ⏳ 等待 Profile 更新任务...
2026-07-24 15:12:20.701 | INFO     | N/A | ⏳ 等待 Profile 更新任务...
2026-07-24 15:12:25.725 | INFO     | N/A | ⏳ 等待 Profile 更新任务...
2026-07-24 15:12:30.749 | INFO     | N/A | ⏳ 等待 Profile 更新任务...
2026-07-24 15:12:35.774 | INFO     | N/A | ⏳ 等待 Profile 更新任务...
2026-07-24 15:12:40.796 | INFO     | N/A | ⏳ 等待 Profile 更新任务...
2026-07-24 15:12:45.826 | INFO     | N/A | ⏳ 等待 Profile 更新任务...
2026-07-24 15:12:50.852 | INFO     | N/A | ⏳ 等待 Profile 更新任务...
2026-07-24 15:12:55.881 | INFO     | N/A | ⏳ 等待 Profile 更新任务...
2026-07-24 15:13:00.906 | INFO     | N/A | ⏳ 等待 Profile 更新任务...
2026-07-24 15:13:05.931 | INFO     | N/A | ⏳ 等待 Profile 更新任务...
2026-07-24 15:13:10.957 | INFO     | N/A | ⏳ 等待 Profile 更新任务...
2026-07-24 15:13:15.985 | INFO     | N/A | ⏳ 等待 Profile 更新任务...
2026-07-24 15:13:21.012 | INFO     | N/A | ⏳ 等待 Profile 更新任务...
2026-07-24 15:13:26.037 | INFO     | N/A | ⏳ 等待 Profile 更新任务...
2026-07-24 15:13:31.061 | INFO     | N/A | ⏳ 等待 Profile 更新任务...
2026-07-24 15:13:36.085 | INFO     | N/A | ⏳ 等待 Profile 更新任务...
2026-07-24 15:13:41.109 | INFO     | N/A | ⏳ 等待 Profile 更新任务...
2026-07-24 15:13:46.132 | INFO     | N/A | ⏳ 等待 Profile 更新任务...
2026-07-24 15:13:51.158 | INFO     | N/A | ⏳ 等待 Profile 更新任务...
2026-07-24 15:13:56.185 | INFO     | N/A | ⏳ 等待 Profile 更新任务...
2026-07-24 15:14:01.212 | INFO     | N/A | ⏳ 等待 Profile 更新任务...
2026-07-24 15:14:06.238 | INFO     | N/A | ⏳ 等待 Profile 更新任务...
2026-07-24 15:14:11.266 | INFO     | N/A | ⏳ 等待 Profile 更新任务...
2026-07-24 15:14:16.294 | INFO     | N/A | ⏳ 等待 Profile 更新任务...
2026-07-24 15:14:21.321 | INFO     | N/A | ⏳ 等待 Profile 更新任务...
2026-07-24 15:14:26.347 | INFO     | N/A | ⏳ 等待 Profile 更新任务...
2026-07-24 15:14:31.374 | INFO     | N/A | ⏳ 等待 Profile 更新任务...
2026-07-24 15:14:36.416 | INFO     | N/A | ⏳ 等待 Profile 更新任务...
2026-07-24 15:14:41.443 | INFO     | N/A | ⏳ 等待 Profile 更新任务...
2026-07-24 15:14:46.471 | INFO     | N/A | ⏳ 等待 Profile 更新任务...
2026-07-24 15:14:51.499 | INFO     | N/A | ⏳ 等待 Profile 更新任务...
2026-07-24 15:14:56.529 | INFO     | N/A | ⏳ 等待 Profile 更新任务...
2026-07-24 15:15:01.558 | INFO     | N/A | ⏳ 等待 Profile 更新任务...
2026-07-24 15:15:06.589 | INFO     | N/A | ⏳ 等待 Profile 更新任务...
2026-07-24 15:15:11.617 | INFO     | N/A | ⏳ 等待 Profile 更新任务...
2026-07-24 15:15:16.645 | INFO     | N/A | ⏳ 等待 Profile 更新任务...
2026-07-24 15:15:21.672 | INFO     | N/A | ⏳ 等待 Profile 更新任务...
2026-07-24 15:15:26.700 | INFO     | N/A | ⏳ 等待 Profile 更新任务...
2026-07-24 15:15:31.733 | INFO     | N/A | ⏳ 等待 Profile 更新任务...
2026-07-24 15:15:36.761 | INFO     | N/A | ⏳ 等待 Profile 更新任务...
2026-07-24 15:15:41.788 | INFO     | N/A | ⏳ 等待 Profile 更新任务...
2026-07-24 15:15:46.813 | INFO     | N/A | ⏳ 等待 Profile 更新任务...
2026-07-24 15:15:51.860 | INFO     | N/A | ⏳ 等待 Profile 更新任务...
2026-07-24 15:15:56.884 | INFO     | N/A | ⏳ 等待 Profile 更新任务...
2026-07-24 15:16:01.909 | INFO     | N/A | ⏳ 等待 Profile 更新任务...
2026-07-24 15:16:06.936 | INFO     | N/A | ⏳ 等待 Profile 更新任务...
2026-07-24 15:16:11.968 | INFO     | N/A | ⏳ 等待 Profile 更新任务...
2026-07-24 15:16:16.997 | INFO     | N/A | ⏳ 等待 Profile 更新任务...
2026-07-24 15:16:22.023 | INFO     | N/A | ⏳ 等待 Profile 更新任务...
2026-07-24 15:16:27.046 | INFO     | N/A | ⏳ 等待 Profile 更新任务...
2026-07-24 15:16:32.073 | INFO     | N/A | ⏳ 等待 Profile 更新任务...
2026-07-24 15:16:37.102 | INFO     | N/A | ⏳ 等待 Profile 更新任务...
2026-07-24 15:16:42.129 | INFO     | N/A | ⏳ 等待 Profile 更新任务...
2026-07-24 15:16:47.164 | INFO     | N/A | ⏳ 等待 Profile 更新任务...
2026-07-24 15:16:52.195 | INFO     | N/A | ⏳ 等待 Profile 更新任务...
2026-07-24 15:16:57.221 | INFO     | N/A | ⏳ 等待 Profile 更新任务...
2026-07-24 15:17:02.249 | INFO     | N/A | ⏳ 等待 Profile 更新任务...
2026-07-24 15:17:07.276 | INFO     | N/A | ⏳ 等待 Profile 更新任务...
2026-07-24 15:17:12.303 | INFO     | N/A | ⏳ 等待 Profile 更新任务...
2026-07-24 15:17:17.333 | INFO     | N/A | ⏳ 等待 Profile 更新任务...
2026-07-24 15:17:22.357 | INFO     | N/A | ⏳ 等待 Profile 更新任务...
2026-07-24 15:17:27.384 | INFO     | N/A | ⏳ 等待 Profile 更新任务...
2026-07-24 15:17:32.412 | INFO     | N/A | ⏳ 等待 Profile 更新任务...
2026-07-24 15:17:37.436 | INFO     | N/A | ⏳ 等待 Profile 更新任务...
2026-07-24 15:17:42.465 | INFO     | N/A | ⏳ 等待 Profile 更新任务...
2026-07-24 15:17:47.490 | INFO     | N/A | ⏳ 等待 Profile 更新任务...
2026-07-24 15:17:52.521 | INFO     | N/A | ⏳ 等待 Profile 更新任务...
2026-07-24 15:17:57.550 | INFO     | N/A | ⏳ 等待 Profile 更新任务...
2026-07-24 15:18:02.578 | INFO     | N/A | ⏳ 等待 Profile 更新任务...
2026-07-24 15:18:07.623 | INFO     | N/A | ⏳ 等待 Profile 更新任务...
2026-07-24 15:18:12.650 | INFO     | N/A | ⏳ 等待 Profile 更新任务...
2026-07-24 15:18:17.682 | INFO     | N/A | ⏳ 等待 Profile 更新任务...
2026-07-24 15:18:22.708 | INFO     | N/A | ⏳ 等待 Profile 更新任务...
2026-07-24 15:18:27.737 | INFO     | N/A | ⏳ 等待 Profile 更新任务...
2026-07-24 15:18:32.773 | INFO     | N/A | ⏳ 等待 Profile 更新任务...
2026-07-24 15:18:37.798 | INFO     | N/A | ⏳ 等待 Profile 更新任务...
2026-07-24 15:18:42.830 | INFO     | N/A | ⏳ 等待 Profile 更新任务...
2026-07-24 15:18:47.855 | INFO     | N/A | ⏳ 等待 Profile 更新任务...
2026-07-24 15:18:52.881 | INFO     | N/A | ⏳ 等待 Profile 更新任务...
2026-07-24 15:18:57.906 | INFO     | N/A | ⏳ 等待 Profile 更新任务...
2026-07-24 15:19:02.931 | INFO     | N/A | ⏳ 等待 Profile 更新任务...
2026-07-24 15:19:07.956 | INFO     | N/A | ⏳ 等待 Profile 更新任务...
2026-07-24 15:19:12.982 | INFO     | N/A | ⏳ 等待 Profile 更新任务...
2026-07-24 15:19:18.011 | INFO     | N/A | ⏳ 等待 Profile 更新任务...
2026-07-24 15:19:23.040 | INFO     | N/A | ⏳ 等待 Profile 更新任务...
2026-07-24 15:19:28.071 | INFO     | N/A | ⏳ 等待 Profile 更新任务...
2026-07-24 15:19:33.100 | INFO     | N/A | ⏳ 等待 Profile 更新任务...
2026-07-24 15:19:38.130 | INFO     | N/A | ⏳ 等待 Profile 更新任务...
2026-07-24 15:19:43.158 | INFO     | N/A | ⏳ 等待 Profile 更新任务...
2026-07-24 15:19:48.187 | INFO     | N/A | ⏳ 等待 Profile 更新任务...
2026-07-24 15:19:53.216 | INFO     | N/A | ⏳ 等待 Profile 更新任务...
2026-07-24 15:19:58.245 | INFO     | N/A | ⏳ 等待 Profile 更新任务...
2026-07-24 15:20:03.276 | INFO     | N/A | ⏳ 等待 Profile 更新任务...
2026-07-24 15:20:08.302 | INFO     | N/A | ⏳ 等待 Profile 更新任务...
2026-07-24 15:20:13.332 | INFO     | N/A | ⏳ 等待 Profile 更新任务...
2026-07-24 15:20:18.381 | INFO     | N/A | ⏳ 等待 Profile 更新任务...
2026-07-24 15:20:23.410 | INFO     | N/A | ⏳ 等待 Profile 更新任务...
2026-07-24 15:20:28.441 | INFO     | N/A | ⏳ 等待 Profile 更新任务...
2026-07-24 15:20:33.469 | INFO     | N/A | ⏳ 等待 Profile 更新任务...
2026-07-24 15:20:38.533 | INFO     | N/A | ⏳ 等待 Profile 更新任务...
2026-07-24 15:20:43.561 | INFO     | N/A | ⏳ 等待 Profile 更新任务...
2026-07-24 15:20:48.589 | INFO     | N/A | ⏳ 等待 Profile 更新任务...
2026-07-24 15:20:53.614 | INFO     | N/A | ⏳ 等待 Profile 更新任务...
2026-07-24 15:20:58.644 | INFO     | N/A | ⏳ 等待 Profile 更新任务...
2026-07-24 15:21:03.673 | INFO     | N/A | ⏳ 等待 Profile 更新任务...
2026-07-24 15:21:08.699 | INFO     | N/A | ⏳ 等待 Profile 更新任务...
2026-07-24 15:21:13.726 | INFO     | N/A | ⏳ 等待 Profile 更新任务...
2026-07-24 15:21:18.755 | INFO     | N/A | ⏳ 等待 Profile 更新任务...
2026-07-24 15:21:23.782 | INFO     | N/A | ⏳ 等待 Profile 更新任务...
2026-07-24 15:21:28.812 | INFO     | N/A | ⏳ 等待 Profile 更新任务...
2026-07-24 15:21:33.847 | INFO     | N/A | ⏳ 等待 Profile 更新任务...
2026-07-24 15:21:38.875 | INFO     | N/A | ⏳ 等待 Profile 更新任务...
2026-07-24 15:21:43.905 | INFO     | N/A | ⏳ 等待 Profile 更新任务...
2026-07-24 15:21:48.934 | INFO     | N/A | ⏳ 等待 Profile 更新任务...
2026-07-24 15:21:53.961 | INFO     | N/A | ⏳ 等待 Profile 更新任务...
2026-07-24 15:21:58.966 | INFO     | N/A | ⏳ 等待 Profile 更新任务...
2026-07-24 15:22:03.992 | INFO     | N/A | ⏳ 等待 Profile 更新任务...
2026-07-24 15:22:09.021 | INFO     | N/A | ⏳ 等待 Profile 更新任务...
2026-07-24 15:22:14.047 | INFO     | N/A | ⏳ 等待 Profile 更新任务...
2026-07-24 15:22:19.075 | INFO     | N/A | ⏳ 等待 Profile 更新任务...
2026-07-24 15:22:24.104 | INFO     | N/A | ⏳ 等待 Profile 更新任务...
2026-07-24 15:22:29.137 | INFO     | N/A | ⏳ 等待 Profile 更新任务...
2026-07-24 15:22:34.166 | INFO     | N/A | ⏳ 等待 Profile 更新任务...
2026-07-24 15:22:39.194 | INFO     | N/A | ⏳ 等待 Profile 更新任务...
2026-07-24 15:22:44.219 | INFO     | N/A | ⏳ 等待 Profile 更新任务...
2026-07-24 15:22:49.247 | INFO     | N/A | ⏳ 等待 Profile 更新任务...
2026-07-24 15:22:54.274 | INFO     | N/A | ⏳ 等待 Profile 更新任务...
2026-07-24 15:22:59.305 | INFO     | N/A | ⏳ 等待 Profile 更新任务...
2026-07-24 15:23:04.332 | INFO     | N/A | ⏳ 等待 Profile 更新任务...
2026-07-24 15:23:09.357 | INFO     | N/A | ⏳ 等待 Profile 更新任务...
2026-07-24 15:23:14.401 | INFO     | N/A | ⏳ 等待 Profile 更新任务...
2026-07-24 15:23:19.428 | INFO     | N/A | ⏳ 等待 Profile 更新任务...
2026-07-24 15:23:24.454 | INFO     | N/A | ⏳ 等待 Profile 更新任务...
2026-07-24 15:23:29.483 | INFO     | N/A | ⏳ 等待 Profile 更新任务...
2026-07-24 15:23:34.511 | INFO     | N/A | ⏳ 等待 Profile 更新任务...
2026-07-24 15:23:39.540 | INFO     | N/A | ⏳ 等待 Profile 更新任务...
2026-07-24 15:23:44.581 | INFO     | N/A | ⏳ 等待 Profile 更新任务...
2026-07-24 15:23:49.612 | INFO     | N/A | ⏳ 等待 Profile 更新任务...
2026-07-24 15:23:54.640 | INFO     | N/A | ⏳ 等待 Profile 更新任务...
2026-07-24 15:23:59.674 | INFO     | N/A | ⏳ 等待 Profile 更新任务...
2026-07-24 15:24:04.702 | INFO     | N/A | ⏳ 等待 Profile 更新任务...
2026-07-24 15:24:09.729 | INFO     | N/A | ⏳ 等待 Profile 更新任务...
2026-07-24 15:24:14.756 | INFO     | N/A | ⏳ 等待 Profile 更新任务...
2026-07-24 15:24:19.784 | INFO     | N/A | ⏳ 等待 Profile 更新任务...
2026-07-24 15:24:24.815 | INFO     | N/A | ⏳ 等待 Profile 更新任务...
2026-07-24 15:24:29.847 | INFO     | N/A | ⏳ 等待 Profile 更新任务...
2026-07-24 15:24:34.872 | INFO     | N/A | ⏳ 等待 Profile 更新任务...
2026-07-24 15:24:39.898 | INFO     | N/A | ⏳ 等待 Profile 更新任务...
2026-07-24 15:24:44.926 | INFO     | N/A | ⏳ 等待 Profile 更新任务...
2026-07-24 15:24:49.953 | INFO     | N/A | ⏳ 等待 Profile 更新任务...
2026-07-24 15:24:54.980 | INFO     | N/A | ⏳ 等待 Profile 更新任务...
2026-07-24 15:25:00.011 | INFO     | N/A | ⏳ 等待 Profile 更新任务...
2026-07-24 15:25:05.038 | INFO     | N/A | ⏳ 等待 Profile 更新任务...
2026-07-24 15:25:10.065 | INFO     | N/A | ⏳ 等待 Profile 更新任务...
2026-07-24 15:25:15.091 | INFO     | N/A | ⏳ 等待 Profile 更新任务...
2026-07-24 15:25:20.117 | INFO     | N/A | ⏳ 等待 Profile 更新任务...
2026-07-24 15:25:25.145 | INFO     | N/A | ⏳ 等待 Profile 更新任务...
2026-07-24 15:25:30.200 | INFO     | N/A | ⏳ 等待 Profile 更新任务...
2026-07-24 15:25:35.227 | INFO     | N/A | ⏳ 等待 Profile 更新任务...
2026-07-24 15:25:40.291 | INFO     | N/A | ⏳ 等待 Profile 更新任务...
2026-07-24 15:25:45.316 | INFO     | N/A | ⏳ 等待 Profile 更新任务...
2026-07-24 15:25:50.341 | INFO     | N/A | ⏳ 等待 Profile 更新任务...
2026-07-24 15:25:55.368 | INFO     | N/A | ⏳ 等待 Profile 更新任务...
2026-07-24 15:26:00.436 | INFO     | N/A | ⏳ 等待 Profile 更新任务...
2026-07-24 15:26:05.463 | INFO     | N/A | ⏳ 等待 Profile 更新任务...
2026-07-24 15:26:10.491 | INFO     | N/A | ⏳ 等待 Profile 更新任务...
2026-07-24 15:26:15.548 | INFO     | N/A | ⏳ 等待 Profile 更新任务...
2026-07-24 15:26:20.574 | INFO     | N/A | ⏳ 等待 Profile 更新任务...
2026-07-24 15:26:25.598 | INFO     | N/A | ⏳ 等待 Profile 更新任务...
2026-07-24 15:26:30.623 | INFO     | N/A | ⏳ 等待 Profile 更新任务...
2026-07-24 15:26:35.648 | INFO     | N/A | ⏳ 等待 Profile 更新任务...
2026-07-24 15:26:40.672 | INFO     | N/A | ⏳ 等待 Profile 更新任务...
2026-07-24 15:26:45.703 | INFO     | N/A | ⏳ 等待 Profile 更新任务...
2026-07-24 15:26:50.780 | INFO     | N/A | ⏳ 等待 Profile 更新任务...
2026-07-24 15:26:55.806 | INFO     | N/A | ⏳ 等待 Profile 更新任务...
2026-07-24 15:27:00.832 | INFO     | N/A | ⏳ 等待 Profile 更新任务...
2026-07-24 15:27:05.858 | INFO     | N/A | ⏳ 等待 Profile 更新任务...
2026-07-24 15:27:10.936 | INFO     | N/A | ⏳ 等待 Profile 更新任务...
2026-07-24 15:27:15.959 | INFO     | N/A | ⏳ 等待 Profile 更新任务...
2026-07-24 15:27:20.987 | INFO     | N/A | ⏳ 等待 Profile 更新任务...
2026-07-24 15:27:26.015 | INFO     | N/A | ⏳ 等待 Profile 更新任务...
2026-07-24 15:27:31.067 | INFO     | N/A | ⏳ 等待 Profile 更新任务...
2026-07-24 15:27:36.092 | INFO     | N/A | ⏳ 等待 Profile 更新任务...
2026-07-24 15:27:41.118 | INFO     | N/A | ⏳ 等待 Profile 更新任务...
2026-07-24 15:27:46.145 | INFO     | N/A | ⏳ 等待 Profile 更新任务...
2026-07-24 15:27:51.186 | INFO     | N/A | ⏳ 等待 Profile 更新任务...
2026-07-24 15:27:56.209 | INFO     | N/A | ⏳ 等待 Profile 更新任务...
2026-07-24 15:28:01.238 | INFO     | N/A | ⏳ 等待 Profile 更新任务...
2026-07-24 15:28:06.266 | INFO     | N/A | ⏳ 等待 Profile 更新任务...
2026-07-24 15:28:11.291 | INFO     | N/A | ⏳ 等待 Profile 更新任务...
2026-07-24 15:28:16.316 | INFO     | N/A | ⏳ 等待 Profile 更新任务...
2026-07-24 15:28:21.343 | INFO     | N/A | ⏳ 等待 Profile 更新任务...
2026-07-24 15:28:26.370 | INFO     | N/A | ⏳ 等待 Profile 更新任务...
2026-07-24 15:28:31.399 | INFO     | N/A | ⏳ 等待 Profile 更新任务...
2026-07-24 15:28:36.437 | INFO     | N/A | ⏳ 等待 Profile 更新任务...
2026-07-24 15:28:41.463 | INFO     | N/A | ⏳ 等待 Profile 更新任务...
2026-07-24 15:28:46.492 | INFO     | N/A | ⏳ 等待 Profile 更新任务...
2026-07-24 15:28:51.519 | INFO     | N/A | ⏳ 等待 Profile 更新任务...
2026-07-24 15:28:56.544 | INFO     | N/A | ⏳ 等待 Profile 更新任务...
2026-07-24 15:29:01.571 | INFO     | N/A | ⏳ 等待 Profile 更新任务...
2026-07-24 15:29:06.600 | INFO     | N/A | ⏳ 等待 Profile 更新任务...
2026-07-24 15:29:11.628 | INFO     | N/A | ⏳ 等待 Profile 更新任务...
2026-07-24 15:29:16.655 | INFO     | N/A | ⏳ 等待 Profile 更新任务...
2026-07-24 15:29:21.682 | INFO     | N/A | ⏳ 等待 Profile 更新任务...
2026-07-24 15:29:26.708 | INFO     | N/A | ⏳ 等待 Profile 更新任务...
2026-07-24 15:29:31.736 | INFO     | N/A | ⏳ 等待 Profile 更新任务...
2026-07-24 15:29:36.762 | INFO     | N/A | ⏳ 等待 Profile 更新任务...
2026-07-24 15:29:41.789 | INFO     | N/A | ⏳ 等待 Profile 更新任务...
2026-07-24 15:29:46.815 | INFO     | N/A | ⏳ 等待 Profile 更新任务...
2026-07-24 15:29:51.843 | INFO     | N/A | ⏳ 等待 Profile 更新任务...
2026-07-24 15:29:56.871 | INFO     | N/A | ⏳ 等待 Profile 更新任务...
2026-07-24 15:30:01.904 | INFO     | N/A | ⏳ 等待 Profile 更新任务...
2026-07-24 15:30:06.928 | INFO     | N/A | ⏳ 等待 Profile 更新任务...
2026-07-24 15:30:11.953 | INFO     | N/A | ⏳ 等待 Profile 更新任务...
2026-07-24 15:30:16.979 | INFO     | N/A | ⏳ 等待 Profile 更新任务...
2026-07-24 15:30:22.005 | INFO     | N/A | ⏳ 等待 Profile 更新任务...
2026-07-24 15:30:27.030 | INFO     | N/A | ⏳ 等待 Profile 更新任务...
2026-07-24 15:30:32.056 | INFO     | N/A | ⏳ 等待 Profile 更新任务...
2026-07-24 15:30:37.092 | INFO     | N/A | ⏳ 等待 Profile 更新任务...
2026-07-24 15:30:42.118 | INFO     | N/A | ⏳ 等待 Profile 更新任务...
2026-07-24 15:30:47.146 | INFO     | N/A | ⏳ 等待 Profile 更新任务...
2026-07-24 15:30:52.173 | INFO     | N/A | ⏳ 等待 Profile 更新任务...
2026-07-24 15:30:57.211 | INFO     | N/A | ⏳ 等待 Profile 更新任务...
2026-07-24 15:31:02.239 | INFO     | N/A | ⏳ 等待 Profile 更新任务...
2026-07-24 15:31:07.266 | INFO     | N/A | ⏳ 等待 Profile 更新任务...
2026-07-24 15:31:12.294 | INFO     | N/A | ⏳ 等待 Profile 更新任务...
2026-07-24 15:31:17.322 | INFO     | N/A | ⏳ 等待 Profile 更新任务...
2026-07-24 15:31:22.349 | INFO     | N/A | ⏳ 等待 Profile 更新任务...
2026-07-24 15:31:27.376 | INFO     | N/A | ⏳ 等待 Profile 更新任务...
2026-07-24 15:31:32.406 | INFO     | N/A | ⏳ 等待 Profile 更新任务...
2026-07-24 15:31:37.438 | INFO     | N/A | ⏳ 等待 Profile 更新任务...
2026-07-24 15:31:42.493 | INFO     | N/A | ⏳ 等待 Profile 更新任务...
2026-07-24 15:31:47.523 | INFO     | N/A | ⏳ 等待 Profile 更新任务...
2026-07-24 15:31:52.551 | INFO     | N/A | ⏳ 等待 Profile 更新任务...
2026-07-24 15:31:57.631 | INFO     | N/A | ⏳ 等待 Profile 更新任务...
2026-07-24 15:32:02.660 | INFO     | N/A | ⏳ 等待 Profile 更新任务...
2026-07-24 15:32:07.690 | INFO     | N/A | ⏳ 等待 Profile 更新任务...
2026-07-24 15:32:12.721 | INFO     | N/A | ⏳ 等待 Profile 更新任务...
2026-07-24 15:32:17.750 | INFO     | N/A | ⏳ 等待 Profile 更新任务...
2026-07-24 15:32:22.780 | INFO     | N/A | ⏳ 等待 Profile 更新任务...
2026-07-24 15:32:27.809 | INFO     | N/A | ⏳ 等待 Profile 更新任务...
2026-07-24 15:32:32.882 | INFO     | N/A | ⏳ 等待 Profile 更新任务...
2026-07-24 15:32:37.910 | INFO     | N/A | ⏳ 等待 Profile 更新任务...
2026-07-24 15:32:42.937 | INFO     | N/A | ⏳ 等待 Profile 更新任务...
2026-07-24 15:32:47.964 | INFO     | N/A | ⏳ 等待 Profile 更新任务...
2026-07-24 15:32:52.993 | INFO     | N/A | ⏳ 等待 Profile 更新任务...
2026-07-24 15:32:58.023 | INFO     | N/A | ⏳ 等待 Profile 更新任务...
2026-07-24 15:33:03.050 | INFO     | N/A | ⏳ 等待 Profile 更新任务...
2026-07-24 15:33:08.081 | INFO     | N/A | ⏳ 等待 Profile 更新任务...
2026-07-24 15:33:13.111 | INFO     | N/A | ⏳ 等待 Profile 更新任务...
2026-07-24 15:33:18.139 | INFO     | N/A | ⏳ 等待 Profile 更新任务...
2026-07-24 15:33:23.187 | INFO     | N/A | ⏳ 等待 Profile 更新任务...
2026-07-24 15:33:28.223 | INFO     | N/A | ⏳ 等待 Profile 更新任务...
2026-07-24 15:33:33.255 | INFO     | N/A | ⏳ 等待 Profile 更新任务...
2026-07-24 15:33:38.282 | INFO     | N/A | ⏳ 等待 Profile 更新任务...
2026-07-24 15:33:43.309 | INFO     | N/A | ⏳ 等待 Profile 更新任务...
2026-07-24 15:33:48.342 | INFO     | N/A | ⏳ 等待 Profile 更新任务...
2026-07-24 15:33:53.384 | INFO     | N/A | ⏳ 等待 Profile 更新任务...
2026-07-24 15:33:58.410 | INFO     | N/A | ⏳ 等待 Profile 更新任务...
2026-07-24 15:34:03.442 | INFO     | N/A | ⏳ 等待 Profile 更新任务...
2026-07-24 15:34:08.504 | INFO     | N/A | ⏳ 等待 Profile 更新任务...
2026-07-24 15:34:13.530 | INFO     | N/A | ⏳ 等待 Profile 更新任务...
2026-07-24 15:34:18.556 | INFO     | N/A | ⏳ 等待 Profile 更新任务...
2026-07-24 15:34:23.584 | INFO     | N/A | ⏳ 等待 Profile 更新任务...
2026-07-24 15:34:28.610 | INFO     | N/A | ⏳ 等待 Profile 更新任务...
2026-07-24 15:34:33.639 | INFO     | N/A | ⏳ 等待 Profile 更新任务...
2026-07-24 15:34:38.666 | INFO     | N/A | ⏳ 等待 Profile 更新任务...
2026-07-24 15:34:43.696 | INFO     | N/A | ⏳ 等待 Profile 更新任务...
2026-07-24 15:34:48.725 | INFO     | N/A | ⏳ 等待 Profile 更新任务...
2026-07-24 15:34:53.752 | INFO     | N/A | ⏳ 等待 Profile 更新任务...
2026-07-24 15:34:58.782 | INFO     | N/A | ⏳ 等待 Profile 更新任务...
2026-07-24 15:35:03.826 | INFO     | N/A | ⏳ 等待 Profile 更新任务...
2026-07-24 15:35:08.851 | INFO     | N/A | ⏳ 等待 Profile 更新任务...
2026-07-24 15:35:13.878 | INFO     | N/A | ⏳ 等待 Profile 更新任务...
2026-07-24 15:35:18.906 | INFO     | N/A | ⏳ 等待 Profile 更新任务...
2026-07-24 15:35:23.935 | INFO     | N/A | ⏳ 等待 Profile 更新任务...
2026-07-24 15:35:28.992 | INFO     | N/A | ⏳ 等待 Profile 更新任务...
2026-07-24 15:35:34.020 | INFO     | N/A | ⏳ 等待 Profile 更新任务...
2026-07-24 15:35:39.050 | INFO     | N/A | ⏳ 等待 Profile 更新任务...
2026-07-24 15:35:44.079 | INFO     | N/A | ⏳ 等待 Profile 更新任务...
2026-07-24 15:35:49.108 | INFO     | N/A | ⏳ 等待 Profile 更新任务...
2026-07-24 15:35:54.170 | INFO     | N/A | ⏳ 等待 Profile 更新任务...
2026-07-24 15:35:59.202 | INFO     | N/A | ⏳ 等待 Profile 更新任务...
2026-07-24 15:36:04.230 | INFO     | N/A | ⏳ 等待 Profile 更新任务...
2026-07-24 15:36:09.259 | INFO     | N/A | ⏳ 等待 Profile 更新任务...
2026-07-24 15:36:14.287 | INFO     | N/A | ⏳ 等待 Profile 更新任务...
2026-07-24 15:36:19.314 | INFO     | N/A | ⏳ 等待 Profile 更新任务...
2026-07-24 15:36:24.339 | INFO     | N/A | ⏳ 等待 Profile 更新任务...
2026-07-24 15:36:29.367 | INFO     | N/A | ⏳ 等待 Profile 更新任务...
2026-07-24 15:36:34.395 | INFO     | N/A | ⏳ 等待 Profile 更新任务...
2026-07-24 15:36:39.423 | INFO     | N/A | ⏳ 等待 Profile 更新任务...
2026-07-24 15:36:44.453 | INFO     | N/A | ⏳ 等待 Profile 更新任务...
2026-07-24 15:36:49.482 | INFO     | N/A | ⏳ 等待 Profile 更新任务...
2026-07-24 15:36:54.512 | INFO     | N/A | ⏳ 等待 Profile 更新任务...
2026-07-24 15:36:59.545 | INFO     | N/A | ⏳ 等待 Profile 更新任务...
2026-07-24 15:37:04.572 | INFO     | N/A | ⏳ 等待 Profile 更新任务...
2026-07-24 15:37:09.599 | INFO     | N/A | ⏳ 等待 Profile 更新任务...
2026-07-24 15:37:14.626 | INFO     | N/A | ⏳ 等待 Profile 更新任务...
2026-07-24 15:37:19.654 | INFO     | N/A | ⏳ 等待 Profile 更新任务...
2026-07-24 15:37:24.686 | INFO     | N/A | ⏳ 等待 Profile 更新任务...
2026-07-24 15:37:29.713 | INFO     | N/A | ⏳ 等待 Profile 更新任务...
2026-07-24 15:37:34.737 | INFO     | N/A | ⏳ 等待 Profile 更新任务...
2026-07-24 15:37:39.761 | INFO     | N/A | ⏳ 等待 Profile 更新任务...
2026-07-24 15:37:44.788 | INFO     | N/A | ⏳ 等待 Profile 更新任务...
2026-07-24 15:37:49.817 | INFO     | N/A | ⏳ 等待 Profile 更新任务...
2026-07-24 15:37:54.843 | INFO     | N/A | ⏳ 等待 Profile 更新任务...
2026-07-24 15:37:59.872 | INFO     | N/A | ⏳ 等待 Profile 更新任务...
2026-07-24 15:38:04.902 | INFO     | N/A | ⏳ 等待 Profile 更新任务...
2026-07-24 15:38:09.930 | INFO     | N/A | ⏳ 等待 Profile 更新任务...
2026-07-24 15:38:14.981 | INFO     | N/A | ⏳ 等待 Profile 更新任务...
2026-07-24 15:38:20.006 | INFO     | N/A | ⏳ 等待 Profile 更新任务...
2026-07-24 15:38:25.067 | INFO     | N/A | ⏳ 等待 Profile 更新任务...
2026-07-24 15:38:30.094 | INFO     | N/A | ⏳ 等待 Profile 更新任务...
2026-07-24 15:38:35.121 | INFO     | N/A | ⏳ 等待 Profile 更新任务...
2026-07-24 15:38:40.147 | INFO     | N/A | ⏳ 等待 Profile 更新任务...
2026-07-24 15:38:45.177 | INFO     | N/A | ⏳ 等待 Profile 更新任务...
2026-07-24 15:38:50.214 | INFO     | N/A | ⏳ 等待 Profile 更新任务...
2026-07-24 15:38:55.235 | INFO     | N/A | ⏳ 等待 Profile 更新任务...
2026-07-24 15:39:00.268 | INFO     | N/A | ⏳ 等待 Profile 更新任务...
2026-07-24 15:39:05.297 | INFO     | N/A | ⏳ 等待 Profile 更新任务...
2026-07-24 15:39:10.326 | INFO     | N/A | ⏳ 等待 Profile 更新任务...
2026-07-24 15:39:15.354 | INFO     | N/A | ⏳ 等待 Profile 更新任务...
2026-07-24 15:39:20.384 | INFO     | N/A | ⏳ 等待 Profile 更新任务...
2026-07-24 15:39:25.418 | INFO     | N/A | ⏳ 等待 Profile 更新任务...
2026-07-24 15:39:30.447 | INFO     | N/A | ⏳ 等待 Profile 更新任务...
2026-07-24 15:39:35.472 | INFO     | N/A | ⏳ 等待 Profile 更新任务...
2026-07-24 15:39:40.498 | INFO     | N/A | ⏳ 等待 Profile 更新任务...
2026-07-24 15:39:45.523 | INFO     | N/A | ⏳ 等待 Profile 更新任务...
2026-07-24 15:39:50.552 | INFO     | N/A | ⏳ 等待 Profile 更新任务...
2026-07-24 15:39:55.581 | INFO     | N/A | ⏳ 等待 Profile 更新任务...
2026-07-24 15:40:00.612 | INFO     | N/A | ⏳ 等待 Profile 更新任务...
2026-07-24 15:40:05.638 | INFO     | N/A | ⏳ 等待 Profile 更新任务...
2026-07-24 15:40:10.667 | INFO     | N/A | ⏳ 等待 Profile 更新任务...
2026-07-24 15:40:15.696 | INFO     | N/A | ⏳ 等待 Profile 更新任务...
2026-07-24 15:40:20.720 | INFO     | N/A | ⏳ 等待 Profile 更新任务...
2026-07-24 15:40:25.750 | INFO     | N/A | ⏳ 等待 Profile 更新任务...
2026-07-24 15:40:30.781 | INFO     | N/A | ⏳ 等待 Profile 更新任务...
2026-07-24 15:40:35.811 | INFO     | N/A | ⏳ 等待 Profile 更新任务...
2026-07-24 15:40:40.839 | INFO     | N/A | ⏳ 等待 Profile 更新任务...
2026-07-24 15:40:45.867 | INFO     | N/A | ⏳ 等待 Profile 更新任务...
2026-07-24 15:40:50.896 | INFO     | N/A | ⏳ 等待 Profile 更新任务...
2026-07-24 15:40:55.924 | INFO     | N/A | ⏳ 等待 Profile 更新任务...
2026-07-24 15:41:00.956 | INFO     | N/A | ⏳ 等待 Profile 更新任务...
2026-07-24 15:41:05.983 | INFO     | N/A | ⏳ 等待 Profile 更新任务...
2026-07-24 15:41:11.014 | INFO     | N/A | ⏳ 等待 Profile 更新任务...
2026-07-24 15:41:16.041 | INFO     | N/A | ⏳ 等待 Profile 更新任务...
2026-07-24 15:41:21.068 | INFO     | N/A | ⏳ 等待 Profile 更新任务...
2026-07-24 15:41:26.095 | INFO     | N/A | ⏳ 等待 Profile 更新任务...
2026-07-24 15:41:31.130 | INFO     | N/A | ⏳ 等待 Profile 更新任务...
2026-07-24 15:41:36.160 | INFO     | N/A | ⏳ 等待 Profile 更新任务...
2026-07-24 15:41:41.188 | INFO     | N/A | ⏳ 等待 Profile 更新任务...
2026-07-24 15:41:46.226 | INFO     | N/A | ⏳ 等待 Profile 更新任务...
2026-07-24 15:41:51.266 | INFO     | N/A | ⏳ 等待 Profile 更新任务...
2026-07-24 15:41:56.292 | INFO     | N/A | ⏳ 等待 Profile 更新任务...
2026-07-24 15:42:01.320 | INFO     | N/A | ⏳ 等待 Profile 更新任务...
2026-07-24 15:42:06.345 | INFO     | N/A | ⏳ 等待 Profile 更新任务...
2026-07-24 15:42:11.373 | INFO     | N/A | ⏳ 等待 Profile 更新任务...
2026-07-24 15:42:16.408 | INFO     | N/A | ⏳ 等待 Profile 更新任务...
2026-07-24 15:42:21.436 | INFO     | N/A | ⏳ 等待 Profile 更新任务...
2026-07-24 15:42:26.462 | INFO     | N/A | ⏳ 等待 Profile 更新任务...
2026-07-24 15:42:31.492 | INFO     | N/A | ⏳ 等待 Profile 更新任务...
2026-07-24 15:42:36.552 | INFO     | N/A | ⏳ 等待 Profile 更新任务...
2026-07-24 15:42:41.579 | INFO     | N/A | ⏳ 等待 Profile 更新任务...
2026-07-24 15:42:46.607 | INFO     | N/A | ⏳ 等待 Profile 更新任务...
2026-07-24 15:42:51.635 | INFO     | N/A | ⏳ 等待 Profile 更新任务...
2026-07-24 15:42:56.661 | INFO     | N/A | ⏳ 等待 Profile 更新任务...
2026-07-24 15:43:01.690 | INFO     | N/A | ⏳ 等待 Profile 更新任务...
2026-07-24 15:43:06.718 | INFO     | N/A | ⏳ 等待 Profile 更新任务...
2026-07-24 15:43:11.745 | INFO     | N/A | ⏳ 等待 Profile 更新任务...
2026-07-24 15:43:16.808 | INFO     | N/A | ⏳ 等待 Profile 更新任务...
2026-07-24 15:43:21.823 | INFO     | N/A | ⏳ 等待 Profile 更新任务...
2026-07-24 15:43:26.850 | INFO     | N/A | ⏳ 等待 Profile 更新任务...
2026-07-24 15:43:31.877 | INFO     | N/A | ⏳ 等待 Profile 更新任务...
2026-07-24 15:43:36.906 | INFO     | N/A | ⏳ 等待 Profile 更新任务...
2026-07-24 15:43:41.934 | INFO     | N/A | ⏳ 等待 Profile 更新任务...
2026-07-24 15:43:46.961 | INFO     | N/A | ⏳ 等待 Profile 更新任务...
2026-07-24 15:43:51.989 | INFO     | N/A | ⏳ 等待 Profile 更新任务...
2026-07-24 15:43:57.017 | INFO     | N/A | ⏳ 等待 Profile 更新任务...
2026-07-24 15:44:02.099 | INFO     | N/A | ⏳ 等待 Profile 更新任务...
2026-07-24 15:44:07.129 | INFO     | N/A | ⏳ 等待 Profile 更新任务...
2026-07-24 15:44:12.146 | INFO     | N/A | ⏳ 等待 Profile 更新任务...
2026-07-24 15:44:17.175 | INFO     | N/A | ⏳ 等待 Profile 更新任务...
2026-07-24 15:44:22.203 | INFO     | N/A | ⏳ 等待 Profile 更新任务...
2026-07-24 15:44:27.267 | INFO     | N/A | ⏳ 等待 Profile 更新任务...
2026-07-24 15:44:32.296 | INFO     | N/A | ⏳ 等待 Profile 更新任务...
2026-07-24 15:44:37.322 | INFO     | N/A | ⏳ 等待 Profile 更新任务...
2026-07-24 15:44:42.350 | INFO     | N/A | ⏳ 等待 Profile 更新任务...
2026-07-24 15:44:47.378 | INFO     | N/A | ⏳ 等待 Profile 更新任务...
2026-07-24 15:44:52.409 | INFO     | N/A | ⏳ 等待 Profile 更新任务...
2026-07-24 15:44:57.435 | INFO     | N/A | ⏳ 等待 Profile 更新任务...
2026-07-24 15:45:02.469 | INFO     | N/A | ⏳ 等待 Profile 更新任务...
2026-07-24 15:45:07.495 | INFO     | N/A | ⏳ 等待 Profile 更新任务...
2026-07-24 15:45:12.523 | INFO     | N/A | ⏳ 等待 Profile 更新任务...
2026-07-24 15:45:17.549 | INFO     | N/A | ⏳ 等待 Profile 更新任务...
2026-07-24 15:45:22.576 | INFO     | N/A | ⏳ 等待 Profile 更新任务...
2026-07-24 15:45:27.634 | INFO     | N/A | ⏳ 等待 Profile 更新任务...
2026-07-24 15:45:32.662 | INFO     | N/A | ⏳ 等待 Profile 更新任务...
2026-07-24 15:45:37.692 | INFO     | N/A | ⏳ 等待 Profile 更新任务...
2026-07-24 15:45:42.722 | INFO     | N/A | ⏳ 等待 Profile 更新任务...
2026-07-24 15:45:47.749 | INFO     | N/A | ⏳ 等待 Profile 更新任务...
2026-07-24 15:45:52.778 | INFO     | N/A | ⏳ 等待 Profile 更新任务...
2026-07-24 15:45:57.835 | INFO     | N/A | ⏳ 等待 Profile 更新任务...
2026-07-24 15:46:02.864 | INFO     | N/A | ⏳ 等待 Profile 更新任务...
2026-07-24 15:46:07.892 | INFO     | N/A | ⏳ 等待 Profile 更新任务...
2026-07-24 15:46:12.919 | INFO     | N/A | ⏳ 等待 Profile 更新任务...
2026-07-24 15:46:17.948 | INFO     | N/A | ⏳ 等待 Profile 更新任务...
2026-07-24 15:46:22.977 | INFO     | N/A | ⏳ 等待 Profile 更新任务...
2026-07-24 15:46:28.009 | INFO     | N/A | ⏳ 等待 Profile 更新任务...
2026-07-24 15:46:33.038 | INFO     | N/A | ⏳ 等待 Profile 更新任务...
2026-07-24 15:46:38.066 | INFO     | N/A | ⏳ 等待 Profile 更新任务...
2026-07-24 15:46:43.092 | INFO     | N/A | ⏳ 等待 Profile 更新任务...
2026-07-24 15:46:48.122 | INFO     | N/A | ⏳ 等待 Profile 更新任务...
2026-07-24 15:46:53.150 | INFO     | N/A | ⏳ 等待 Profile 更新任务...
2026-07-24 15:46:58.178 | INFO     | N/A | ⏳ 等待 Profile 更新任务...
2026-07-24 15:47:03.206 | INFO     | N/A | ⏳ 等待 Profile 更新任务...
2026-07-24 15:47:08.234 | INFO     | N/A | ⏳ 等待 Profile 更新任务...
2026-07-24 15:47:13.261 | INFO     | N/A | ⏳ 等待 Profile 更新任务...
2026-07-24 15:47:18.290 | INFO     | N/A | ⏳ 等待 Profile 更新任务...
2026-07-24 15:47:23.318 | INFO     | N/A | ⏳ 等待 Profile 更新任务...
2026-07-24 15:47:28.345 | INFO     | N/A | ⏳ 等待 Profile 更新任务...
2026-07-24 15:47:33.374 | INFO     | N/A | ⏳ 等待 Profile 更新任务...
2026-07-24 15:47:38.404 | INFO     | N/A | ⏳ 等待 Profile 更新任务...
2026-07-24 15:47:43.431 | INFO     | N/A | ⏳ 等待 Profile 更新任务...
2026-07-24 15:47:48.460 | INFO     | N/A | ⏳ 等待 Profile 更新任务...
2026-07-24 15:47:53.483 | INFO     | N/A | ⏳ 等待 Profile 更新任务...
2026-07-24 15:47:58.513 | INFO     | N/A | ⏳ 等待 Profile 更新任务...
2026-07-24 15:48:03.542 | INFO     | N/A | ⏳ 等待 Profile 更新任务...
2026-07-24 15:48:08.570 | INFO     | N/A | ⏳ 等待 Profile 更新任务...
2026-07-24 15:48:13.600 | INFO     | N/A | ⏳ 等待 Profile 更新任务...
2026-07-24 15:48:18.628 | INFO     | N/A | ⏳ 等待 Profile 更新任务...
2026-07-24 15:48:23.655 | INFO     | N/A | ⏳ 等待 Profile 更新任务...
2026-07-24 15:48:28.684 | INFO     | N/A | ⏳ 等待 Profile 更新任务...
2026-07-24 15:48:33.714 | INFO     | N/A | ⏳ 等待 Profile 更新任务...
2026-07-24 15:48:38.743 | INFO     | N/A | ⏳ 等待 Profile 更新任务...
2026-07-24 15:48:43.772 | INFO     | N/A | ⏳ 等待 Profile 更新任务...
2026-07-24 15:48:48.802 | INFO     | N/A | ⏳ 等待 Profile 更新任务...
2026-07-24 15:48:53.828 | INFO     | N/A | ⏳ 等待 Profile 更新任务...
2026-07-24 15:48:58.858 | INFO     | N/A | ⏳ 等待 Profile 更新任务...
2026-07-24 15:49:03.888 | INFO     | N/A | ⏳ 等待 Profile 更新任务...
2026-07-24 15:49:08.919 | INFO     | N/A | ⏳ 等待 Profile 更新任务...
2026-07-24 15:49:13.945 | INFO     | N/A | ⏳ 等待 Profile 更新任务...
2026-07-24 15:49:18.974 | INFO     | N/A | ⏳ 等待 Profile 更新任务...
2026-07-24 15:49:24.004 | INFO     | N/A | ⏳ 等待 Profile 更新任务...
2026-07-24 15:49:29.032 | INFO     | N/A | ⏳ 等待 Profile 更新任务...
2026-07-24 15:49:34.059 | INFO     | N/A | ⏳ 等待 Profile 更新任务...
2026-07-24 15:49:39.087 | INFO     | N/A | ⏳ 等待 Profile 更新任务...
2026-07-24 15:49:44.115 | INFO     | N/A | ⏳ 等待 Profile 更新任务...
2026-07-24 15:49:49.141 | INFO     | N/A | ⏳ 等待 Profile 更新任务...
2026-07-24 15:49:54.170 | INFO     | N/A | ⏳ 等待 Profile 更新任务...
2026-07-24 15:49:59.198 | INFO     | N/A | ⏳ 等待 Profile 更新任务...
2026-07-24 15:50:04.229 | INFO     | N/A | ⏳ 等待 Profile 更新任务...
2026-07-24 15:50:09.259 | INFO     | N/A | ⏳ 等待 Profile 更新任务...
2026-07-24 15:50:14.288 | INFO     | N/A | ⏳ 等待 Profile 更新任务...
2026-07-24 15:50:19.316 | INFO     | N/A | ⏳ 等待 Profile 更新任务...
2026-07-24 15:50:24.345 | INFO     | N/A | ⏳ 等待 Profile 更新任务...
2026-07-24 15:50:29.373 | INFO     | N/A | ⏳ 等待 Profile 更新任务...
2026-07-24 15:50:34.402 | INFO     | N/A | ⏳ 等待 Profile 更新任务...
2026-07-24 15:50:39.429 | INFO     | N/A | ⏳ 等待 Profile 更新任务...
2026-07-24 15:50:44.457 | INFO     | N/A | ⏳ 等待 Profile 更新任务...
2026-07-24 15:50:49.484 | INFO     | N/A | ⏳ 等待 Profile 更新任务...
2026-07-24 15:50:54.507 | INFO     | N/A | ⏳ 等待 Profile 更新任务...
2026-07-24 15:50:59.533 | INFO     | N/A | ⏳ 等待 Profile 更新任务...
2026-07-24 15:51:04.566 | INFO     | N/A | ⏳ 等待 Profile 更新任务...
2026-07-24 15:51:09.595 | INFO     | N/A | ⏳ 等待 Profile 更新任务...
2026-07-24 15:51:14.668 | INFO     | N/A | ⏳ 等待 Profile 更新任务...
2026-07-24 15:51:19.692 | INFO     | N/A | ⏳ 等待 Profile 更新任务...
2026-07-24 15:51:24.718 | INFO     | N/A | ⏳ 等待 Profile 更新任务...
2026-07-24 15:51:29.748 | INFO     | N/A | ⏳ 等待 Profile 更新任务...
2026-07-24 15:51:34.783 | INFO     | N/A | ⏳ 等待 Profile 更新任务...
2026-07-24 15:51:39.814 | INFO     | N/A | ⏳ 等待 Profile 更新任务...
2026-07-24 15:51:44.842 | INFO     | N/A | ⏳ 等待 Profile 更新任务...
2026-07-24 15:51:49.872 | INFO     | N/A | ⏳ 等待 Profile 更新任务...
2026-07-24 15:51:54.900 | INFO     | N/A | ⏳ 等待 Profile 更新任务...
2026-07-24 15:51:59.930 | INFO     | N/A | ⏳ 等待 Profile 更新任务...
2026-07-24 15:52:04.959 | INFO     | N/A | ⏳ 等待 Profile 更新任务...
2026-07-24 15:52:09.991 | INFO     | N/A | ⏳ 等待 Profile 更新任务...
2026-07-24 15:52:15.019 | INFO     | N/A | ⏳ 等待 Profile 更新任务...
2026-07-24 15:52:20.049 | INFO     | N/A | ⏳ 等待 Profile 更新任务...
2026-07-24 15:52:25.079 | INFO     | N/A | ⏳ 等待 Profile 更新任务...
2026-07-24 15:52:30.107 | INFO     | N/A | ⏳ 等待 Profile 更新任务...
2026-07-24 15:52:35.136 | INFO     | N/A | ⏳ 等待 Profile 更新任务...
2026-07-24 15:52:40.162 | INFO     | N/A | ⏳ 等待 Profile 更新任务...
2026-07-24 15:52:45.190 | INFO     | N/A | ⏳ 等待 Profile 更新任务...
2026-07-24 15:52:50.218 | INFO     | N/A | ⏳ 等待 Profile 更新任务...
2026-07-24 15:52:55.248 | INFO     | N/A | ⏳ 等待 Profile 更新任务...
2026-07-24 15:53:00.278 | INFO     | N/A | ⏳ 等待 Profile 更新任务...
2026-07-24 15:53:05.307 | INFO     | N/A | ⏳ 等待 Profile 更新任务...
2026-07-24 15:53:10.338 | INFO     | N/A | ⏳ 等待 Profile 更新任务...
2026-07-24 15:53:15.367 | INFO     | N/A | ⏳ 等待 Profile 更新任务...
2026-07-24 15:53:20.392 | INFO     | N/A | ⏳ 等待 Profile 更新任务...
2026-07-24 15:53:25.420 | INFO     | N/A | ⏳ 等待 Profile 更新任务...
2026-07-24 15:53:30.446 | INFO     | N/A | ⏳ 等待 Profile 更新任务...
2026-07-24 15:53:35.478 | INFO     | N/A | ⏳ 等待 Profile 更新任务...
2026-07-24 15:53:40.508 | INFO     | N/A | ⏳ 等待 Profile 更新任务...
2026-07-24 15:53:45.536 | INFO     | N/A | ⏳ 等待 Profile 更新任务...
2026-07-24 15:53:50.565 | INFO     | N/A | ⏳ 等待 Profile 更新任务...
2026-07-24 15:53:55.596 | INFO     | N/A | ⏳ 等待 Profile 更新任务...
2026-07-24 15:54:00.624 | INFO     | N/A | ⏳ 等待 Profile 更新任务...
2026-07-24 15:54:05.654 | INFO     | N/A | ⏳ 等待 Profile 更新任务...
2026-07-24 15:54:10.685 | INFO     | N/A | ⏳ 等待 Profile 更新任务...
2026-07-24 15:54:15.717 | INFO     | N/A | ⏳ 等待 Profile 更新任务...
2026-07-24 15:54:20.747 | INFO     | N/A | ⏳ 等待 Profile 更新任务...
2026-07-24 15:54:25.775 | INFO     | N/A | ⏳ 等待 Profile 更新任务...
2026-07-24 15:54:30.803 | INFO     | N/A | ⏳ 等待 Profile 更新任务...
2026-07-24 15:54:35.831 | INFO     | N/A | ⏳ 等待 Profile 更新任务...
2026-07-24 15:54:40.913 | INFO     | N/A | ⏳ 等待 Profile 更新任务...
2026-07-24 15:54:45.942 | INFO     | N/A | ⏳ 等待 Profile 更新任务...
2026-07-24 15:54:50.970 | INFO     | N/A | ⏳ 等待 Profile 更新任务...
2026-07-24 15:54:55.999 | INFO     | N/A | ⏳ 等待 Profile 更新任务...
2026-07-24 15:55:01.028 | INFO     | N/A | ⏳ 等待 Profile 更新任务...
2026-07-24 15:55:06.057 | INFO     | N/A | ⏳ 等待 Profile 更新任务...
2026-07-24 15:55:11.087 | INFO     | N/A | ⏳ 等待 Profile 更新任务...
2026-07-24 15:55:16.117 | INFO     | N/A | ⏳ 等待 Profile 更新任务...
2026-07-24 15:55:21.146 | INFO     | N/A | ⏳ 等待 Profile 更新任务...
2026-07-24 15:55:26.174 | INFO     | N/A | ⏳ 等待 Profile 更新任务...
2026-07-24 15:55:31.203 | INFO     | N/A | ⏳ 等待 Profile 更新任务...
2026-07-24 15:55:36.236 | INFO     | N/A | ⏳ 等待 Profile 更新任务...
2026-07-24 15:55:41.266 | INFO     | N/A | ⏳ 等待 Profile 更新任务...
2026-07-24 15:55:46.295 | INFO     | N/A | ⏳ 等待 Profile 更新任务...
2026-07-24 15:55:51.323 | INFO     | N/A | ⏳ 等待 Profile 更新任务...
2026-07-24 15:55:56.354 | INFO     | N/A | ⏳ 等待 Profile 更新任务...
2026-07-24 15:56:01.383 | INFO     | N/A | ⏳ 等待 Profile 更新任务...
2026-07-24 15:56:06.417 | INFO     | N/A | ⏳ 等待 Profile 更新任务...
2026-07-24 15:56:11.446 | INFO     | N/A | ⏳ 等待 Profile 更新任务...
2026-07-24 15:56:16.475 | INFO     | N/A | ⏳ 等待 Profile 更新任务...
2026-07-24 15:56:21.505 | INFO     | N/A | ⏳ 等待 Profile 更新任务...
2026-07-24 15:56:26.532 | INFO     | N/A | ⏳ 等待 Profile 更新任务...
2026-07-24 15:56:31.561 | INFO     | N/A | ⏳ 等待 Profile 更新任务...
2026-07-24 15:56:36.598 | INFO     | N/A | ⏳ 等待 Profile 更新任务...
2026-07-24 15:56:41.627 | INFO     | N/A | ⏳ 等待 Profile 更新任务...
2026-07-24 15:56:46.655 | INFO     | N/A | ⏳ 等待 Profile 更新任务...
2026-07-24 15:56:51.685 | INFO     | N/A | ⏳ 等待 Profile 更新任务...
2026-07-24 15:56:56.714 | INFO     | N/A | ⏳ 等待 Profile 更新任务...
2026-07-24 15:57:01.745 | INFO     | N/A | ⏳ 等待 Profile 更新任务...
2026-07-24 15:57:06.776 | INFO     | N/A | ⏳ 等待 Profile 更新任务...
2026-07-24 15:57:11.804 | INFO     | N/A | ⏳ 等待 Profile 更新任务...
2026-07-24 15:57:16.831 | INFO     | N/A | ⏳ 等待 Profile 更新任务...
2026-07-24 15:57:21.860 | INFO     | N/A | ⏳ 等待 Profile 更新任务...
2026-07-24 15:57:26.890 | INFO     | N/A | ⏳ 等待 Profile 更新任务...
2026-07-24 15:57:31.920 | INFO     | N/A | ⏳ 等待 Profile 更新任务...
2026-07-24 15:57:36.950 | INFO     | N/A | ⏳ 等待 Profile 更新任务...
2026-07-24 15:57:41.981 | INFO     | N/A | ⏳ 等待 Profile 更新任务...
2026-07-24 15:57:47.009 | INFO     | N/A | ⏳ 等待 Profile 更新任务...
2026-07-24 15:57:52.039 | INFO     | N/A | ⏳ 等待 Profile 更新任务...
2026-07-24 15:57:57.073 | INFO     | N/A | ⏳ 等待 Profile 更新任务...
2026-07-24 15:58:02.099 | INFO     | N/A | ⏳ 等待 Profile 更新任务...
2026-07-24 15:58:07.130 | INFO     | N/A | ⏳ 等待 Profile 更新任务...
2026-07-24 15:58:12.161 | INFO     | N/A | ⏳ 等待 Profile 更新任务...
2026-07-24 15:58:17.190 | INFO     | N/A | ⏳ 等待 Profile 更新任务...
2026-07-24 15:58:22.219 | INFO     | N/A | ⏳ 等待 Profile 更新任务...
2026-07-24 15:58:27.248 | INFO     | N/A | ⏳ 等待 Profile 更新任务...
2026-07-24 15:58:32.276 | INFO     | N/A | ⏳ 等待 Profile 更新任务...
2026-07-24 15:58:37.306 | INFO     | N/A | ⏳ 等待 Profile 更新任务...
2026-07-24 15:58:42.332 | INFO     | N/A | ⏳ 等待 Profile 更新任务...
2026-07-24 15:58:47.363 | INFO     | N/A | ⏳ 等待 Profile 更新任务...
2026-07-24 15:58:52.392 | INFO     | N/A | ⏳ 等待 Profile 更新任务...
2026-07-24 15:58:57.424 | INFO     | N/A | ⏳ 等待 Profile 更新任务...
2026-07-24 15:59:02.454 | INFO     | N/A | ⏳ 等待 Profile 更新任务...
2026-07-24 15:59:07.482 | INFO     | N/A | ⏳ 等待 Profile 更新任务...
2026-07-24 15:59:12.512 | INFO     | N/A | ⏳ 等待 Profile 更新任务...
2026-07-24 15:59:17.541 | INFO     | N/A | ⏳ 等待 Profile 更新任务...
2026-07-24 15:59:22.568 | INFO     | N/A | ⏳ 等待 Profile 更新任务...
2026-07-24 15:59:27.596 | INFO     | N/A | ⏳ 等待 Profile 更新任务...
2026-07-24 15:59:32.622 | INFO     | N/A | ⏳ 等待 Profile 更新任务...
2026-07-24 15:59:37.657 | INFO     | N/A | ⏳ 等待 Profile 更新任务...
2026-07-24 15:59:42.686 | INFO     | N/A | ⏳ 等待 Profile 更新任务...
2026-07-24 15:59:47.714 | INFO     | N/A | ⏳ 等待 Profile 更新任务...
2026-07-24 15:59:52.745 | INFO     | N/A | ⏳ 等待 Profile 更新任务...
2026-07-24 15:59:57.775 | INFO     | N/A | ⏳ 等待 Profile 更新任务...
2026-07-24 16:00:02.803 | INFO     | N/A | ⏳ 等待 Profile 更新任务...
2026-07-24 16:00:07.834 | INFO     | N/A | ⏳ 等待 Profile 更新任务...
2026-07-24 16:00:12.865 | INFO     | N/A | ⏳ 等待 Profile 更新任务...
2026-07-24 16:00:17.893 | INFO     | N/A | ⏳ 等待 Profile 更新任务...
2026-07-24 16:00:22.922 | INFO     | N/A | ⏳ 等待 Profile 更新任务...
2026-07-24 16:00:27.950 | INFO     | N/A | ⏳ 等待 Profile 更新任务...
2026-07-24 16:00:32.978 | INFO     | N/A | ⏳ 等待 Profile 更新任务...
2026-07-24 16:00:38.006 | INFO     | N/A | ⏳ 等待 Profile 更新任务...
2026-07-24 16:00:43.043 | INFO     | N/A | ⏳ 等待 Profile 更新任务...
2026-07-24 16:00:48.075 | INFO     | N/A | ⏳ 等待 Profile 更新任务...
2026-07-24 16:00:53.105 | INFO     | N/A | ⏳ 等待 Profile 更新任务...
2026-07-24 16:00:58.135 | INFO     | N/A | ⏳ 等待 Profile 更新任务...
2026-07-24 16:01:03.164 | INFO     | N/A | ⏳ 等待 Profile 更新任务...
2026-07-24 16:01:08.195 | INFO     | N/A | ⏳ 等待 Profile 更新任务...
2026-07-24 16:01:13.225 | INFO     | N/A | ⏳ 等待 Profile 更新任务...
2026-07-24 16:01:18.255 | INFO     | N/A | ⏳ 等待 Profile 更新任务...
2026-07-24 16:01:23.283 | INFO     | N/A | ⏳ 等待 Profile 更新任务...
2026-07-24 16:01:28.312 | INFO     | N/A | ⏳ 等待 Profile 更新任务...
2026-07-24 16:01:33.340 | INFO     | N/A | ⏳ 等待 Profile 更新任务...
2026-07-24 16:01:38.367 | INFO     | N/A | ⏳ 等待 Profile 更新任务...
2026-07-24 16:01:43.396 | INFO     | N/A | ⏳ 等待 Profile 更新任务...
2026-07-24 16:01:48.423 | INFO     | N/A | ⏳ 等待 Profile 更新任务...
2026-07-24 16:01:53.457 | INFO     | N/A | ⏳ 等待 Profile 更新任务...
2026-07-24 16:01:58.488 | INFO     | N/A | ⏳ 等待 Profile 更新任务...
2026-07-24 16:02:03.517 | INFO     | N/A | ⏳ 等待 Profile 更新任务...
2026-07-24 16:02:08.553 | INFO     | N/A | ⏳ 等待 Profile 更新任务...
2026-07-24 16:02:13.587 | INFO     | N/A | ⏳ 等待 Profile 更新任务...
2026-07-24 16:02:18.613 | INFO     | N/A | ⏳ 等待 Profile 更新任务...
2026-07-24 16:02:23.641 | INFO     | N/A | ⏳ 等待 Profile 更新任务...
2026-07-24 16:02:28.671 | INFO     | N/A | ⏳ 等待 Profile 更新任务...
2026-07-24 16:02:33.700 | INFO     | N/A | ⏳ 等待 Profile 更新任务...
2026-07-24 16:02:38.731 | INFO     | N/A | ⏳ 等待 Profile 更新任务...
2026-07-24 16:02:43.758 | INFO     | N/A | ⏳ 等待 Profile 更新任务...
2026-07-24 16:02:48.787 | INFO     | N/A | ⏳ 等待 Profile 更新任务...
2026-07-24 16:02:53.815 | INFO     | N/A | ⏳ 等待 Profile 更新任务...
2026-07-24 16:02:58.843 | INFO     | N/A | ⏳ 等待 Profile 更新任务...
2026-07-24 16:03:03.875 | INFO     | N/A | ⏳ 等待 Profile 更新任务...
2026-07-24 16:03:08.907 | INFO     | N/A | ⏳ 等待 Profile 更新任务...
2026-07-24 16:03:13.934 | INFO     | N/A | ⏳ 等待 Profile 更新任务...
2026-07-24 16:03:18.966 | INFO     | N/A | ⏳ 等待 Profile 更新任务...
2026-07-24 16:03:23.995 | INFO     | N/A | ⏳ 等待 Profile 更新任务...
2026-07-24 16:03:29.026 | INFO     | N/A | ⏳ 等待 Profile 更新任务...
2026-07-24 16:03:34.055 | INFO     | N/A | ⏳ 等待 Profile 更新任务...
2026-07-24 16:03:39.090 | INFO     | N/A | ⏳ 等待 Profile 更新任务...
2026-07-24 16:03:44.121 | INFO     | N/A | ⏳ 等待 Profile 更新任务...
2026-07-24 16:03:49.148 | INFO     | N/A | ⏳ 等待 Profile 更新任务...
2026-07-24 16:03:54.178 | INFO     | N/A | ⏳ 等待 Profile 更新任务...
2026-07-24 16:03:59.207 | INFO     | N/A | ⏳ 等待 Profile 更新任务...
2026-07-24 16:04:04.241 | INFO     | N/A | ⏳ 等待 Profile 更新任务...
2026-07-24 16:04:09.276 | INFO     | N/A | ⏳ 等待 Profile 更新任务...
2026-07-24 16:04:14.305 | INFO     | N/A | ⏳ 等待 Profile 更新任务...
2026-07-24 16:04:19.335 | INFO     | N/A | ⏳ 等待 Profile 更新任务...
2026-07-24 16:04:24.362 | INFO     | N/A | ⏳ 等待 Profile 更新任务...
2026-07-24 16:04:29.388 | INFO     | N/A | ⏳ 等待 Profile 更新任务...
2026-07-24 16:04:34.415 | INFO     | N/A | ⏳ 等待 Profile 更新任务...
2026-07-24 16:04:39.445 | INFO     | N/A | ⏳ 等待 Profile 更新任务...
2026-07-24 16:04:44.473 | INFO     | N/A | ⏳ 等待 Profile 更新任务...
2026-07-24 16:04:49.503 | INFO     | N/A | ⏳ 等待 Profile 更新任务...
2026-07-24 16:04:54.531 | INFO     | N/A | ⏳ 等待 Profile 更新任务...
2026-07-24 16:04:59.560 | INFO     | N/A | ⏳ 等待 Profile 更新任务...
2026-07-24 16:05:04.588 | INFO     | N/A | ⏳ 等待 Profile 更新任务...
2026-07-24 16:05:09.622 | INFO     | N/A | ⏳ 等待 Profile 更新任务...
2026-07-24 16:05:14.650 | INFO     | N/A | ⏳ 等待 Profile 更新任务...
2026-07-24 16:05:19.681 | INFO     | N/A | ⏳ 等待 Profile 更新任务...
2026-07-24 16:05:24.709 | INFO     | N/A | ⏳ 等待 Profile 更新任务...
2026-07-24 16:05:29.733 | INFO     | N/A | ⏳ 等待 Profile 更新任务...
2026-07-24 16:05:34.762 | INFO     | N/A | ⏳ 等待 Profile 更新任务...
2026-07-24 16:05:39.793 | INFO     | N/A | ⏳ 等待 Profile 更新任务...
2026-07-24 16:05:44.822 | INFO     | N/A | ⏳ 等待 Profile 更新任务...
2026-07-24 16:05:49.849 | INFO     | N/A | ⏳ 等待 Profile 更新任务...
2026-07-24 16:05:54.879 | INFO     | N/A | ⏳ 等待 Profile 更新任务...
2026-07-24 16:05:59.910 | INFO     | N/A | ⏳ 等待 Profile 更新任务...
2026-07-24 16:06:04.943 | INFO     | N/A | ⏳ 等待 Profile 更新任务...
2026-07-24 16:06:09.973 | INFO     | N/A | ⏳ 等待 Profile 更新任务...
2026-07-24 16:06:15.001 | INFO     | N/A | ⏳ 等待 Profile 更新任务...
2026-07-24 16:06:20.029 | INFO     | N/A | ⏳ 等待 Profile 更新任务...
2026-07-24 16:06:25.057 | INFO     | N/A | ⏳ 等待 Profile 更新任务...
2026-07-24 16:06:30.086 | INFO     | N/A | ⏳ 等待 Profile 更新任务...
2026-07-24 16:06:35.115 | INFO     | N/A | ⏳ 等待 Profile 更新任务...
2026-07-24 16:06:40.147 | INFO     | N/A | ⏳ 等待 Profile 更新任务...
2026-07-24 16:06:45.175 | INFO     | N/A | ⏳ 等待 Profile 更新任务...
2026-07-24 16:06:50.204 | INFO     | N/A | ⏳ 等待 Profile 更新任务...
2026-07-24 16:06:55.232 | INFO     | N/A | ⏳ 等待 Profile 更新任务...
2026-07-24 16:07:00.261 | INFO     | N/A | ⏳ 等待 Profile 更新任务...
2026-07-24 16:07:05.300 | INFO     | N/A | ⏳ 等待 Profile 更新任务...
2026-07-24 16:07:10.330 | INFO     | N/A | ⏳ 等待 Profile 更新任务...
2026-07-24 16:07:15.359 | INFO     | N/A | ⏳ 等待 Profile 更新任务...
2026-07-24 16:07:20.387 | INFO     | N/A | ⏳ 等待 Profile 更新任务...
2026-07-24 16:07:25.415 | INFO     | N/A | ⏳ 等待 Profile 更新任务...
2026-07-24 16:07:30.445 | INFO     | N/A | ⏳ 等待 Profile 更新任务...
2026-07-24 16:07:35.525 | INFO     | N/A | ⏳ 等待 Profile 更新任务...
2026-07-24 16:07:40.552 | INFO     | N/A | ⏳ 等待 Profile 更新任务...
2026-07-24 16:07:45.581 | INFO     | N/A | ⏳ 等待 Profile 更新任务...
2026-07-24 16:07:50.610 | INFO     | N/A | ⏳ 等待 Profile 更新任务...
2026-07-24 16:07:55.641 | INFO     | N/A | ⏳ 等待 Profile 更新任务...
2026-07-24 16:08:00.675 | INFO     | N/A | ⏳ 等待 Profile 更新任务...
2026-07-24 16:08:05.702 | INFO     | N/A | ⏳ 等待 Profile 更新任务...
2026-07-24 16:08:10.731 | INFO     | N/A | ⏳ 等待 Profile 更新任务...
2026-07-24 16:08:15.759 | INFO     | N/A | ⏳ 等待 Profile 更新任务...
2026-07-24 16:08:20.788 | INFO     | N/A | ⏳ 等待 Profile 更新任务...
2026-07-24 16:08:25.815 | INFO     | N/A | ⏳ 等待 Profile 更新任务...
2026-07-24 16:08:30.844 | INFO     | N/A | ⏳ 等待 Profile 更新任务...
2026-07-24 16:08:35.933 | INFO     | N/A | ⏳ 等待 Profile 更新任务...
2026-07-24 16:08:40.959 | INFO     | N/A | ⏳ 等待 Profile 更新任务...
2026-07-24 16:08:45.989 | INFO     | N/A | ⏳ 等待 Profile 更新任务...
2026-07-24 16:08:51.016 | INFO     | N/A | ⏳ 等待 Profile 更新任务...
2026-07-24 16:08:56.061 | INFO     | N/A | ⏳ 等待 Profile 更新任务...
2026-07-24 16:09:01.091 | INFO     | N/A | ⏳ 等待 Profile 更新任务...
2026-07-24 16:09:06.168 | INFO     | N/A | ⏳ 等待 Profile 更新任务...
2026-07-24 16:09:11.196 | INFO     | N/A | ⏳ 等待 Profile 更新任务...
2026-07-24 16:09:16.217 | INFO     | N/A | ⏳ 等待 Profile 更新任务...
2026-07-24 16:09:21.240 | INFO     | N/A | ⏳ 等待 Profile 更新任务...
2026-07-24 16:09:26.266 | INFO     | N/A | ⏳ 等待 Profile 更新任务...
2026-07-24 16:09:31.293 | INFO     | N/A | ⏳ 等待 Profile 更新任务...
2026-07-24 16:09:36.320 | INFO     | N/A | ⏳ 等待 Profile 更新任务...
2026-07-24 16:09:41.347 | INFO     | N/A | ⏳ 等待 Profile 更新任务...
2026-07-24 16:09:46.372 | INFO     | N/A | ⏳ 等待 Profile 更新任务...
2026-07-24 16:09:51.398 | INFO     | N/A | ⏳ 等待 Profile 更新任务...
2026-07-24 16:09:56.424 | INFO     | N/A | ⏳ 等待 Profile 更新任务...
2026-07-24 16:10:01.451 | INFO     | N/A | ⏳ 等待 Profile 更新任务...
2026-07-24 16:10:06.478 | INFO     | N/A | ⏳ 等待 Profile 更新任务...
2026-07-24 16:10:11.502 | INFO     | N/A | ⏳ 等待 Profile 更新任务...
2026-07-24 16:10:16.531 | INFO     | N/A | ⏳ 等待 Profile 更新任务...
2026-07-24 16:10:21.559 | INFO     | N/A | ⏳ 等待 Profile 更新任务...
2026-07-24 16:10:26.584 | INFO     | N/A | ⏳ 等待 Profile 更新任务...
2026-07-24 16:10:31.607 | INFO     | N/A | ⏳ 等待 Profile 更新任务...
2026-07-24 16:10:36.633 | INFO     | N/A | ⏳ 等待 Profile 更新任务...
2026-07-24 16:10:41.658 | INFO     | N/A | ⏳ 等待 Profile 更新任务...
2026-07-24 16:10:46.684 | INFO     | N/A | ⏳ 等待 Profile 更新任务...
2026-07-24 16:10:51.711 | INFO     | N/A | ⏳ 等待 Profile 更新任务...
2026-07-24 16:10:56.738 | INFO     | N/A | ⏳ 等待 Profile 更新任务...
2026-07-24 16:11:01.763 | INFO     | N/A | ⏳ 等待 Profile 更新任务...
2026-07-24 16:11:06.790 | INFO     | N/A | ⏳ 等待 Profile 更新任务...
2026-07-24 16:11:11.816 | INFO     | N/A | ⏳ 等待 Profile 更新任务...
2026-07-24 16:11:16.841 | INFO     | N/A | ⏳ 等待 Profile 更新任务...
2026-07-24 16:11:21.869 | INFO     | N/A | ⏳ 等待 Profile 更新任务...
2026-07-24 16:11:26.895 | INFO     | N/A | ⏳ 等待 Profile 更新任务...
2026-07-24 16:11:31.922 | INFO     | N/A | ⏳ 等待 Profile 更新任务...
2026-07-24 16:11:36.953 | INFO     | N/A | ⏳ 等待 Profile 更新任务...
2026-07-24 16:11:41.976 | INFO     | N/A | ⏳ 等待 Profile 更新任务...
2026-07-24 16:11:47.001 | INFO     | N/A | ⏳ 等待 Profile 更新任务...
2026-07-24 16:11:52.024 | INFO     | N/A | ⏳ 等待 Profile 更新任务...
2026-07-24 16:11:57.048 | INFO     | N/A | ⏳ 等待 Profile 更新任务...
2026-07-24 16:12:02.073 | INFO     | N/A | ⏳ 等待 Profile 更新任务...
2026-07-24 16:12:07.100 | INFO     | N/A | ⏳ 等待 Profile 更新任务...
2026-07-24 16:12:12.122 | INFO     | N/A | ⏳ 等待 Profile 更新任务...
2026-07-24 16:12:17.146 | INFO     | N/A | ⏳ 等待 Profile 更新任务...
2026-07-24 16:12:22.173 | INFO     | N/A | ⏳ 等待 Profile 更新任务...
2026-07-24 16:12:27.198 | INFO     | N/A | ⏳ 等待 Profile 更新任务...
2026-07-24 16:12:32.223 | INFO     | N/A | ⏳ 等待 Profile 更新任务...
2026-07-24 16:12:37.252 | INFO     | N/A | ⏳ 等待 Profile 更新任务...
2026-07-24 16:12:42.276 | INFO     | N/A | ⏳ 等待 Profile 更新任务...
2026-07-24 16:12:47.303 | INFO     | N/A | ⏳ 等待 Profile 更新任务...
2026-07-24 16:12:52.335 | INFO     | N/A | ⏳ 等待 Profile 更新任务...
2026-07-24 16:12:57.362 | INFO     | N/A | ⏳ 等待 Profile 更新任务...
2026-07-24 16:13:02.385 | INFO     | N/A | ⏳ 等待 Profile 更新任务...
2026-07-24 16:13:07.489 | INFO     | N/A | ⏳ 等待 Profile 更新任务...
2026-07-24 16:13:12.514 | INFO     | N/A | ⏳ 等待 Profile 更新任务...
2026-07-24 16:13:17.540 | INFO     | N/A | ⏳ 等待 Profile 更新任务...
2026-07-24 16:13:22.564 | INFO     | N/A | ⏳ 等待 Profile 更新任务...
2026-07-24 16:13:27.589 | INFO     | N/A | ⏳ 等待 Profile 更新任务...
2026-07-24 16:13:32.615 | INFO     | N/A | ⏳ 等待 Profile 更新任务...
2026-07-24 16:13:37.645 | INFO     | N/A | ⏳ 等待 Profile 更新任务...
2026-07-24 16:13:42.674 | INFO     | N/A | ⏳ 等待 Profile 更新任务...
2026-07-24 16:13:47.700 | INFO     | N/A | ⏳ 等待 Profile 更新任务...
2026-07-24 16:13:52.724 | INFO     | N/A | ⏳ 等待 Profile 更新任务...
2026-07-24 16:13:57.753 | INFO     | N/A | ⏳ 等待 Profile 更新任务...
2026-07-24 16:14:02.779 | INFO     | N/A | ⏳ 等待 Profile 更新任务...
2026-07-24 16:14:07.829 | INFO     | N/A | ⏳ 等待 Profile 更新任务...
2026-07-24 16:14:12.855 | INFO     | N/A | ⏳ 等待 Profile 更新任务...
2026-07-24 16:14:17.883 | INFO     | N/A | ⏳ 等待 Profile 更新任务...
2026-07-24 16:14:22.909 | INFO     | N/A | ⏳ 等待 Profile 更新任务...
2026-07-24 16:14:27.936 | INFO     | N/A | ⏳ 等待 Profile 更新任务...
2026-07-24 16:14:32.961 | INFO     | N/A | ⏳ 等待 Profile 更新任务...
2026-07-24 16:14:37.986 | INFO     | N/A | ⏳ 等待 Profile 更新任务...
2026-07-24 16:14:43.011 | INFO     | N/A | ⏳ 等待 Profile 更新任务...
2026-07-24 16:14:48.034 | INFO     | N/A | ⏳ 等待 Profile 更新任务...
2026-07-24 16:14:53.059 | INFO     | N/A | ⏳ 等待 Profile 更新任务...
2026-07-24 16:14:58.188 | INFO     | N/A | ⏳ 等待 Profile 更新任务...
2026-07-24 16:15:03.241 | INFO     | N/A | ⏳ 等待 Profile 更新任务...
2026-07-24 16:15:08.304 | INFO     | N/A | ⏳ 等待 Profile 更新任务...
2026-07-24 16:15:13.331 | INFO     | N/A | ⏳ 等待 Profile 更新任务...
2026-07-24 16:15:18.355 | INFO     | N/A | ⏳ 等待 Profile 更新任务...
2026-07-24 16:15:23.380 | INFO     | N/A | ⏳ 等待 Profile 更新任务...
2026-07-24 16:15:28.404 | INFO     | N/A | ⏳ 等待 Profile 更新任务...
2026-07-24 16:15:33.430 | INFO     | N/A | ⏳ 等待 Profile 更新任务...
2026-07-24 16:15:38.454 | INFO     | N/A | ⏳ 等待 Profile 更新任务...
2026-07-24 16:15:43.506 | INFO     | N/A | ⏳ 等待 Profile 更新任务...
2026-07-24 16:15:48.533 | INFO     | N/A | ⏳ 等待 Profile 更新任务...
2026-07-24 16:15:53.560 | INFO     | N/A | ⏳ 等待 Profile 更新任务...
2026-07-24 16:15:58.584 | INFO     | N/A | ⏳ 等待 Profile 更新任务...
2026-07-24 16:16:03.608 | INFO     | N/A | ⏳ 等待 Profile 更新任务...
2026-07-24 16:16:08.684 | INFO     | N/A | ⏳ 等待 Profile 更新任务...
2026-07-24 16:16:13.708 | INFO     | N/A | ⏳ 等待 Profile 更新任务...
2026-07-24 16:16:18.730 | INFO     | N/A | ⏳ 等待 Profile 更新任务...
2026-07-24 16:16:23.756 | INFO     | N/A | ⏳ 等待 Profile 更新任务...
2026-07-24 16:16:28.786 | INFO     | N/A | ⏳ 等待 Profile 更新任务...
2026-07-24 16:16:33.815 | INFO     | N/A | ⏳ 等待 Profile 更新任务...
2026-07-24 16:16:38.844 | INFO     | N/A | ⏳ 等待 Profile 更新任务...
2026-07-24 16:16:43.874 | INFO     | N/A | ⏳ 等待 Profile 更新任务...
2026-07-24 16:16:48.901 | INFO     | N/A | ⏳ 等待 Profile 更新任务...
2026-07-24 16:16:53.929 | INFO     | N/A | ⏳ 等待 Profile 更新任务...
2026-07-24 16:16:58.955 | INFO     | N/A | ⏳ 等待 Profile 更新任务...
2026-07-24 16:17:03.982 | INFO     | N/A | ⏳ 等待 Profile 更新任务...
2026-07-24 16:17:09.011 | INFO     | N/A | ⏳ 等待 Profile 更新任务...
2026-07-24 16:17:14.042 | INFO     | N/A | ⏳ 等待 Profile 更新任务...
2026-07-24 16:17:19.069 | INFO     | N/A | ⏳ 等待 Profile 更新任务...
2026-07-24 16:17:24.097 | INFO     | N/A | ⏳ 等待 Profile 更新任务...
2026-07-24 16:17:29.125 | INFO     | N/A | ⏳ 等待 Profile 更新任务...
2026-07-24 16:17:34.153 | INFO     | N/A | ⏳ 等待 Profile 更新任务...
2026-07-24 16:17:39.181 | INFO     | N/A | ⏳ 等待 Profile 更新任务...
2026-07-24 16:17:44.208 | INFO     | N/A | ⏳ 等待 Profile 更新任务...
2026-07-24 16:17:49.269 | INFO     | N/A | ⏳ 等待 Profile 更新任务...
2026-07-24 16:17:54.298 | INFO     | N/A | ⏳ 等待 Profile 更新任务...
2026-07-24 16:17:59.326 | INFO     | N/A | ⏳ 等待 Profile 更新任务...
2026-07-24 16:18:04.357 | INFO     | N/A | ⏳ 等待 Profile 更新任务...
2026-07-24 16:18:09.390 | INFO     | N/A | ⏳ 等待 Profile 更新任务...
2026-07-24 16:18:14.417 | INFO     | N/A | ⏳ 等待 Profile 更新任务...
2026-07-24 16:18:19.441 | INFO     | N/A | ⏳ 等待 Profile 更新任务...
2026-07-24 16:18:24.465 | INFO     | N/A | ⏳ 等待 Profile 更新任务...
2026-07-24 16:18:29.492 | INFO     | N/A | ⏳ 等待 Profile 更新任务...
2026-07-24 16:18:34.515 | INFO     | N/A | ⏳ 等待 Profile 更新任务...
2026-07-24 16:18:39.541 | INFO     | N/A | ⏳ 等待 Profile 更新任务...
2026-07-24 16:18:44.568 | INFO     | N/A | ⏳ 等待 Profile 更新任务...
2026-07-24 16:18:49.593 | INFO     | N/A | ⏳ 等待 Profile 更新任务...
2026-07-24 16:18:54.645 | INFO     | N/A | ⏳ 等待 Profile 更新任务...
2026-07-24 16:18:59.672 | INFO     | N/A | ⏳ 等待 Profile 更新任务...
2026-07-24 16:19:04.701 | INFO     | N/A | ⏳ 等待 Profile 更新任务...
2026-07-24 16:19:09.730 | INFO     | N/A | ⏳ 等待 Profile 更新任务...
2026-07-24 16:19:14.754 | INFO     | N/A | ⏳ 等待 Profile 更新任务...
2026-07-24 16:19:19.811 | INFO     | N/A | ⏳ 等待 Profile 更新任务...
2026-07-24 16:19:24.839 | INFO     | N/A | ⏳ 等待 Profile 更新任务...
2026-07-24 16:19:29.867 | INFO     | N/A | ⏳ 等待 Profile 更新任务...
2026-07-24 16:19:34.895 | INFO     | N/A | ⏳ 等待 Profile 更新任务...
2026-07-24 16:19:39.925 | INFO     | N/A | ⏳ 等待 Profile 更新任务...
2026-07-24 16:19:44.953 | INFO     | N/A | ⏳ 等待 Profile 更新任务...
2026-07-24 16:19:49.984 | INFO     | N/A | ⏳ 等待 Profile 更新任务...
2026-07-24 16:19:55.013 | INFO     | N/A | ⏳ 等待 Profile 更新任务...
2026-07-24 16:20:00.042 | INFO     | N/A | ⏳ 等待 Profile 更新任务...
2026-07-24 16:20:05.063 | INFO     | N/A | ⏳ 等待 Profile 更新任务...
2026-07-24 16:20:10.093 | INFO     | N/A | ⏳ 等待 Profile 更新任务...
2026-07-24 16:20:15.120 | INFO     | N/A | ⏳ 等待 Profile 更新任务...
2026-07-24 16:20:20.156 | INFO     | N/A | ⏳ 等待 Profile 更新任务...
2026-07-24 16:20:25.186 | INFO     | N/A | ⏳ 等待 Profile 更新任务...
2026-07-24 16:20:30.213 | INFO     | N/A | ⏳ 等待 Profile 更新任务...
2026-07-24 16:20:35.272 | INFO     | N/A | ⏳ 等待 Profile 更新任务...
2026-07-24 16:20:40.300 | INFO     | N/A | ⏳ 等待 Profile 更新任务...
2026-07-24 16:20:45.326 | INFO     | N/A | ⏳ 等待 Profile 更新任务...
2026-07-24 16:20:50.353 | INFO     | N/A | ⏳ 等待 Profile 更新任务...
2026-07-24 16:20:55.380 | INFO     | N/A | ⏳ 等待 Profile 更新任务...
2026-07-24 16:21:00.410 | INFO     | N/A | ⏳ 等待 Profile 更新任务...
2026-07-24 16:21:05.437 | INFO     | N/A | ⏳ 等待 Profile 更新任务...
2026-07-24 16:21:10.463 | INFO     | N/A | ⏳ 等待 Profile 更新任务...
2026-07-24 16:21:15.517 | INFO     | N/A | ⏳ 等待 Profile 更新任务...
2026-07-24 16:21:20.542 | INFO     | N/A | ⏳ 等待 Profile 更新任务...
2026-07-24 16:21:25.568 | INFO     | N/A | ⏳ 等待 Profile 更新任务...
2026-07-24 16:21:30.593 | INFO     | N/A | ⏳ 等待 Profile 更新任务...
2026-07-24 16:21:35.622 | INFO     | N/A | ⏳ 等待 Profile 更新任务...
2026-07-24 16:21:40.655 | INFO     | N/A | ⏳ 等待 Profile 更新任务...
2026-07-24 16:21:45.680 | INFO     | N/A | ⏳ 等待 Profile 更新任务...
2026-07-24 16:21:50.710 | INFO     | N/A | ⏳ 等待 Profile 更新任务...
2026-07-24 16:21:55.737 | INFO     | N/A | ⏳ 等待 Profile 更新任务...
2026-07-24 16:22:00.766 | INFO     | N/A | ⏳ 等待 Profile 更新任务...
2026-07-24 16:22:05.794 | INFO     | N/A | ⏳ 等待 Profile 更新任务...
2026-07-24 16:22:10.822 | INFO     | N/A | ⏳ 等待 Profile 更新任务...
2026-07-24 16:22:15.847 | INFO     | N/A | ⏳ 等待 Profile 更新任务...
2026-07-24 16:22:20.887 | INFO     | N/A | ⏳ 等待 Profile 更新任务...
2026-07-24 16:22:25.911 | INFO     | N/A | ⏳ 等待 Profile 更新任务...
2026-07-24 16:22:30.938 | INFO     | N/A | ⏳ 等待 Profile 更新任务...
2026-07-24 16:22:35.963 | INFO     | N/A | ⏳ 等待 Profile 更新任务...
2026-07-24 16:22:40.991 | INFO     | N/A | ⏳ 等待 Profile 更新任务...
2026-07-24 16:22:46.015 | INFO     | N/A | ⏳ 等待 Profile 更新任务...
2026-07-24 16:22:51.044 | INFO     | N/A | ⏳ 等待 Profile 更新任务...
2026-07-24 16:22:56.071 | INFO     | N/A | ⏳ 等待 Profile 更新任务...
2026-07-24 16:23:01.098 | INFO     | N/A | ⏳ 等待 Profile 更新任务...
2026-07-24 16:23:06.124 | INFO     | N/A | ⏳ 等待 Profile 更新任务...
2026-07-24 16:23:11.183 | INFO     | N/A | ⏳ 等待 Profile 更新任务...
2026-07-24 16:23:16.210 | INFO     | N/A | ⏳ 等待 Profile 更新任务...
2026-07-24 16:23:21.237 | INFO     | N/A | ⏳ 等待 Profile 更新任务...
2026-07-24 16:23:26.265 | INFO     | N/A | ⏳ 等待 Profile 更新任务...
2026-07-24 16:23:31.290 | INFO     | N/A | ⏳ 等待 Profile 更新任务...
2026-07-24 16:23:36.316 | INFO     | N/A | ⏳ 等待 Profile 更新任务...
2026-07-24 16:23:41.342 | INFO     | N/A | ⏳ 等待 Profile 更新任务...
2026-07-24 16:23:46.371 | INFO     | N/A | ⏳ 等待 Profile 更新任务...
2026-07-24 16:23:51.399 | INFO     | N/A | ⏳ 等待 Profile 更新任务...
2026-07-24 16:23:56.425 | INFO     | N/A | ⏳ 等待 Profile 更新任务...
2026-07-24 16:24:01.452 | INFO     | N/A | ⏳ 等待 Profile 更新任务...
2026-07-24 16:24:06.478 | INFO     | N/A | ⏳ 等待 Profile 更新任务...
2026-07-24 16:24:11.508 | INFO     | N/A | ⏳ 等待 Profile 更新任务...
2026-07-24 16:24:16.537 | INFO     | N/A | ⏳ 等待 Profile 更新任务...
2026-07-24 16:24:21.561 | INFO     | N/A | ⏳ 等待 Profile 更新任务...
2026-07-24 16:24:26.587 | INFO     | N/A | ⏳ 等待 Profile 更新任务...
2026-07-24 16:24:31.614 | INFO     | N/A | ⏳ 等待 Profile 更新任务...
2026-07-24 16:24:36.709 | INFO     | N/A | ⏳ 等待 Profile 更新任务...
2026-07-24 16:24:41.737 | INFO     | N/A | ⏳ 等待 Profile 更新任务...
2026-07-24 16:24:46.762 | INFO     | N/A | ⏳ 等待 Profile 更新任务...
2026-07-24 16:24:51.789 | INFO     | N/A | ⏳ 等待 Profile 更新任务...
2026-07-24 16:24:56.817 | INFO     | N/A | ⏳ 等待 Profile 更新任务...
2026-07-24 16:25:01.844 | INFO     | N/A | ⏳ 等待 Profile 更新任务...
2026-07-24 16:25:06.871 | INFO     | N/A | ⏳ 等待 Profile 更新任务...
2026-07-24 16:25:11.923 | INFO     | N/A | ⏳ 等待 Profile 更新任务...
2026-07-24 16:25:16.951 | INFO     | N/A | ⏳ 等待 Profile 更新任务...
2026-07-24 16:25:21.978 | INFO     | N/A | ⏳ 等待 Profile 更新任务...
2026-07-24 16:25:27.006 | INFO     | N/A | ⏳ 等待 Profile 更新任务...
2026-07-24 16:25:32.034 | INFO     | N/A | ⏳ 等待 Profile 更新任务...
2026-07-24 16:25:37.063 | INFO     | N/A | ⏳ 等待 Profile 更新任务...
2026-07-24 16:25:42.122 | INFO     | N/A | ⏳ 等待 Profile 更新任务...
2026-07-24 16:25:47.150 | INFO     | N/A | ⏳ 等待 Profile 更新任务...
2026-07-24 16:25:52.175 | INFO     | N/A | ⏳ 等待 Profile 更新任务...
2026-07-24 16:25:57.202 | INFO     | N/A | ⏳ 等待 Profile 更新任务...
2026-07-24 16:26:02.230 | INFO     | N/A | ⏳ 等待 Profile 更新任务...
2026-07-24 16:26:07.267 | INFO     | N/A | ⏳ 等待 Profile 更新任务...
2026-07-24 16:26:12.300 | INFO     | N/A | ⏳ 等待 Profile 更新任务...
2026-07-24 16:26:17.330 | INFO     | N/A | ⏳ 等待 Profile 更新任务...
2026-07-24 16:26:22.356 | INFO     | N/A | ⏳ 等待 Profile 更新任务...
2026-07-24 16:26:27.383 | INFO     | N/A | ⏳ 等待 Profile 更新任务...
2026-07-24 16:26:32.409 | INFO     | N/A | ⏳ 等待 Profile 更新任务...
2026-07-24 16:26:37.437 | INFO     | N/A | ⏳ 等待 Profile 更新任务...
2026-07-24 16:26:42.466 | INFO     | N/A | ⏳ 等待 Profile 更新任务...
2026-07-24 16:26:47.492 | INFO     | N/A | ⏳ 等待 Profile 更新任务...
2026-07-24 16:26:52.520 | INFO     | N/A | ⏳ 等待 Profile 更新任务...
2026-07-24 16:26:57.548 | INFO     | N/A | ⏳ 等待 Profile 更新任务...
2026-07-24 16:27:02.575 | INFO     | N/A | ⏳ 等待 Profile 更新任务...
2026-07-24 16:27:07.603 | INFO     | N/A | ⏳ 等待 Profile 更新任务...
2026-07-24 16:27:12.630 | INFO     | N/A | ⏳ 等待 Profile 更新任务...
2026-07-24 16:27:17.658 | INFO     | N/A | ⏳ 等待 Profile 更新任务...
2026-07-24 16:27:22.685 | INFO     | N/A | ⏳ 等待 Profile 更新任务...
2026-07-24 16:27:27.714 | INFO     | N/A | ⏳ 等待 Profile 更新任务...
2026-07-24 16:27:32.740 | INFO     | N/A | ⏳ 等待 Profile 更新任务...
2026-07-24 16:27:37.765 | INFO     | N/A | ⏳ 等待 Profile 更新任务...
2026-07-24 16:27:42.794 | INFO     | N/A | ⏳ 等待 Profile 更新任务...
2026-07-24 16:27:47.821 | INFO     | N/A | ⏳ 等待 Profile 更新任务...
2026-07-24 16:27:52.851 | INFO     | N/A | ⏳ 等待 Profile 更新任务...
2026-07-24 16:27:57.879 | INFO     | N/A | ⏳ 等待 Profile 更新任务...
2026-07-24 16:28:02.907 | INFO     | N/A | ⏳ 等待 Profile 更新任务...
2026-07-24 16:28:07.936 | INFO     | N/A | ⏳ 等待 Profile 更新任务...
2026-07-24 16:28:12.962 | INFO     | N/A | ⏳ 等待 Profile 更新任务...
2026-07-24 16:28:17.988 | INFO     | N/A | ⏳ 等待 Profile 更新任务...
2026-07-24 16:28:23.014 | INFO     | N/A | ⏳ 等待 Profile 更新任务...
2026-07-24 16:28:28.041 | INFO     | N/A | ⏳ 等待 Profile 更新任务...
2026-07-24 16:28:33.077 | INFO     | N/A | ⏳ 等待 Profile 更新任务...
2026-07-24 16:28:38.171 | INFO     | N/A | ⏳ 等待 Profile 更新任务...
2026-07-24 16:28:43.180 | INFO     | N/A | ⏳ 等待 Profile 更新任务...
2026-07-24 16:28:48.223 | INFO     | N/A | ⏳ 等待 Profile 更新任务...
2026-07-24 16:28:53.252 | INFO     | N/A | ⏳ 等待 Profile 更新任务...
2026-07-24 16:28:58.277 | INFO     | N/A | ⏳ 等待 Profile 更新任务...
2026-07-24 16:29:03.304 | INFO     | N/A | ⏳ 等待 Profile 更新任务...
2026-07-24 16:29:08.328 | INFO     | N/A | ⏳ 等待 Profile 更新任务...
2026-07-24 16:29:13.357 | INFO     | N/A | ⏳ 等待 Profile 更新任务...
2026-07-24 16:29:18.386 | INFO     | N/A | ⏳ 等待 Profile 更新任务...
2026-07-24 16:29:23.413 | INFO     | N/A | ⏳ 等待 Profile 更新任务...
2026-07-24 16:29:28.443 | INFO     | N/A | ⏳ 等待 Profile 更新任务...
2026-07-24 16:29:33.471 | INFO     | N/A | ⏳ 等待 Profile 更新任务...
2026-07-24 16:29:38.527 | INFO     | N/A | ⏳ 等待 Profile 更新任务...
2026-07-24 16:29:43.558 | INFO     | N/A | ⏳ 等待 Profile 更新任务...
2026-07-24 16:29:48.585 | INFO     | N/A | ⏳ 等待 Profile 更新任务...
2026-07-24 16:29:53.612 | INFO     | N/A | ⏳ 等待 Profile 更新任务...
2026-07-24 16:29:58.640 | INFO     | N/A | ⏳ 等待 Profile 更新任务...
2026-07-24 16:30:03.666 | INFO     | N/A | ⏳ 等待 Profile 更新任务...
2026-07-24 16:30:08.694 | INFO     | N/A | ⏳ 等待 Profile 更新任务...
2026-07-24 16:30:13.722 | INFO     | N/A | ⏳ 等待 Profile 更新任务...
2026-07-24 16:30:18.747 | INFO     | N/A | ⏳ 等待 Profile 更新任务...
2026-07-24 16:30:23.776 | INFO     | N/A | ⏳ 等待 Profile 更新任务...
2026-07-24 16:30:28.804 | INFO     | N/A | ⏳ 等待 Profile 更新任务...
2026-07-24 16:30:33.833 | INFO     | N/A | ⏳ 等待 Profile 更新任务...
2026-07-24 16:30:38.863 | INFO     | N/A | ⏳ 等待 Profile 更新任务...
2026-07-24 16:30:43.895 | INFO     | N/A | ⏳ 等待 Profile 更新任务...
2026-07-24 16:30:48.951 | INFO     | N/A | ⏳ 等待 Profile 更新任务...
2026-07-24 16:30:54.010 | INFO     | N/A | ⏳ 等待 Profile 更新任务...
2026-07-24 16:30:59.094 | INFO     | N/A | ⏳ 等待 Profile 更新任务...
2026-07-24 16:31:04.120 | INFO     | N/A | ⏳ 等待 Profile 更新任务...
2026-07-24 16:31:09.148 | INFO     | N/A | ⏳ 等待 Profile 更新任务...
2026-07-24 16:31:14.180 | INFO     | N/A | ⏳ 等待 Profile 更新任务...
2026-07-24 16:31:19.208 | INFO     | N/A | ⏳ 等待 Profile 更新任务...
2026-07-24 16:31:24.235 | INFO     | N/A | ⏳ 等待 Profile 更新任务...
2026-07-24 16:31:29.263 | INFO     | N/A | ⏳ 等待 Profile 更新任务...
2026-07-24 16:31:34.291 | INFO     | N/A | ⏳ 等待 Profile 更新任务...
2026-07-24 16:31:39.320 | INFO     | N/A | ⏳ 等待 Profile 更新任务...
2026-07-24 16:31:44.350 | INFO     | N/A | ⏳ 等待 Profile 更新任务...
2026-07-24 16:31:49.379 | INFO     | N/A | ⏳ 等待 Profile 更新任务...
2026-07-24 16:31:54.407 | INFO     | N/A | ⏳ 等待 Profile 更新任务...
2026-07-24 16:31:59.433 | INFO     | N/A | ⏳ 等待 Profile 更新任务...
2026-07-24 16:32:04.459 | INFO     | N/A | ⏳ 等待 Profile 更新任务...
2026-07-24 16:32:09.488 | INFO     | N/A | ⏳ 等待 Profile 更新任务...
2026-07-24 16:32:14.549 | INFO     | N/A | ⏳ 等待 Profile 更新任务...
2026-07-24 16:32:19.592 | INFO     | N/A | ⏳ 等待 Profile 更新任务...
2026-07-24 16:32:24.620 | INFO     | N/A | ⏳ 等待 Profile 更新任务...
2026-07-24 16:32:29.667 | INFO     | N/A | ⏳ 等待 Profile 更新任务...
2026-07-24 16:32:34.692 | INFO     | N/A | ⏳ 等待 Profile 更新任务...
2026-07-24 16:32:39.719 | INFO     | N/A | ⏳ 等待 Profile 更新任务...
2026-07-24 16:32:44.749 | INFO     | N/A | ⏳ 等待 Profile 更新任务...
2026-07-24 16:32:49.773 | INFO     | N/A | ⏳ 等待 Profile 更新任务...
2026-07-24 16:32:54.799 | INFO     | N/A | ⏳ 等待 Profile 更新任务...
2026-07-24 16:32:59.826 | INFO     | N/A | ⏳ 等待 Profile 更新任务...
2026-07-24 16:33:04.871 | INFO     | N/A | ⏳ 等待 Profile 更新任务...
2026-07-24 16:33:09.897 | INFO     | N/A | ⏳ 等待 Profile 更新任务...
2026-07-24 16:33:14.923 | INFO     | N/A | ⏳ 等待 Profile 更新任务...
2026-07-24 16:33:19.951 | INFO     | N/A | ⏳ 等待 Profile 更新任务...
2026-07-24 16:33:24.978 | INFO     | N/A | ⏳ 等待 Profile 更新任务...
2026-07-24 16:33:30.005 | INFO     | N/A | ⏳ 等待 Profile 更新任务...
2026-07-24 16:33:35.032 | INFO     | N/A | ⏳ 等待 Profile 更新任务...
2026-07-24 16:33:40.060 | INFO     | N/A | ⏳ 等待 Profile 更新任务...
2026-07-24 16:33:45.125 | INFO     | N/A | ⏳ 等待 Profile 更新任务...
2026-07-24 16:33:50.153 | INFO     | N/A | ⏳ 等待 Profile 更新任务...
2026-07-24 16:33:55.180 | INFO     | N/A | ⏳ 等待 Profile 更新任务...
2026-07-24 16:34:00.205 | INFO     | N/A | ⏳ 等待 Profile 更新任务...
2026-07-24 16:34:05.234 | INFO     | N/A | ⏳ 等待 Profile 更新任务...
2026-07-24 16:34:10.262 | INFO     | N/A | ⏳ 等待 Profile 更新任务...
2026-07-24 16:34:15.291 | INFO     | N/A | ⏳ 等待 Profile 更新任务...
2026-07-24 16:34:20.320 | INFO     | N/A | ⏳ 等待 Profile 更新任务...
2026-07-24 16:34:25.348 | INFO     | N/A | ⏳ 等待 Profile 更新任务...
2026-07-24 16:34:30.374 | INFO     | N/A | ⏳ 等待 Profile 更新任务...
2026-07-24 16:34:35.401 | INFO     | N/A | ⏳ 等待 Profile 更新任务...
2026-07-24 16:34:40.426 | INFO     | N/A | ⏳ 等待 Profile 更新任务...
2026-07-24 16:34:45.453 | INFO     | N/A | ⏳ 等待 Profile 更新任务...
2026-07-24 16:34:50.478 | INFO     | N/A | ⏳ 等待 Profile 更新任务...
2026-07-24 16:34:55.505 | INFO     | N/A | ⏳ 等待 Profile 更新任务...
2026-07-24 16:35:00.531 | INFO     | N/A | ⏳ 等待 Profile 更新任务...
2026-07-24 16:35:05.556 | INFO     | N/A | ⏳ 等待 Profile 更新任务...
2026-07-24 16:35:10.585 | INFO     | N/A | ⏳ 等待 Profile 更新任务...
2026-07-24 16:35:15.614 | INFO     | N/A | ⏳ 等待 Profile 更新任务...
2026-07-24 16:35:20.641 | INFO     | N/A | ⏳ 等待 Profile 更新任务...
2026-07-24 16:35:25.667 | INFO     | N/A | ⏳ 等待 Profile 更新任务...
2026-07-24 16:35:30.696 | INFO     | N/A | ⏳ 等待 Profile 更新任务...
2026-07-24 16:35:35.721 | INFO     | N/A | ⏳ 等待 Profile 更新任务...
2026-07-24 16:35:40.750 | INFO     | N/A | ⏳ 等待 Profile 更新任务...
2026-07-24 16:35:45.779 | INFO     | N/A | ⏳ 等待 Profile 更新任务...
2026-07-24 16:35:50.805 | INFO     | N/A | ⏳ 等待 Profile 更新任务...
2026-07-24 16:35:55.833 | INFO     | N/A | ⏳ 等待 Profile 更新任务...
2026-07-24 16:36:00.859 | INFO     | N/A | ⏳ 等待 Profile 更新任务...
2026-07-24 16:36:05.885 | INFO     | N/A | ⏳ 等待 Profile 更新任务...
2026-07-24 16:36:10.912 | INFO     | N/A | ⏳ 等待 Profile 更新任务...
2026-07-24 16:36:15.942 | INFO     | N/A | ⏳ 等待 Profile 更新任务...
2026-07-24 16:36:20.987 | INFO     | N/A | ⏳ 等待 Profile 更新任务...
2026-07-24 16:36:26.013 | INFO     | N/A | ⏳ 等待 Profile 更新任务...
2026-07-24 16:36:31.041 | INFO     | N/A | ⏳ 等待 Profile 更新任务...
2026-07-24 16:36:36.068 | INFO     | N/A | ⏳ 等待 Profile 更新任务...
2026-07-24 16:36:41.095 | INFO     | N/A | ⏳ 等待 Profile 更新任务...
2026-07-24 16:36:46.126 | INFO     | N/A | ⏳ 等待 Profile 更新任务...
2026-07-24 16:36:51.153 | INFO     | N/A | ⏳ 等待 Profile 更新任务...
2026-07-24 16:36:56.208 | INFO     | N/A | ⏳ 等待 Profile 更新任务...
2026-07-24 16:37:01.237 | INFO     | N/A | ⏳ 等待 Profile 更新任务...
2026-07-24 16:37:06.266 | INFO     | N/A | ⏳ 等待 Profile 更新任务...
2026-07-24 16:37:11.293 | INFO     | N/A | ⏳ 等待 Profile 更新任务...
2026-07-24 16:37:16.323 | INFO     | N/A | ⏳ 等待 Profile 更新任务...
2026-07-24 16:37:21.349 | INFO     | N/A | ⏳ 等待 Profile 更新任务...
2026-07-24 16:37:26.375 | INFO     | N/A | ⏳ 等待 Profile 更新任务...
2026-07-24 16:37:31.403 | INFO     | N/A | ⏳ 等待 Profile 更新任务...
2026-07-24 16:37:36.430 | INFO     | N/A | ⏳ 等待 Profile 更新任务...
2026-07-24 16:37:41.477 | INFO     | N/A | ⏳ 等待 Profile 更新任务...
2026-07-24 16:37:46.503 | INFO     | N/A | ⏳ 等待 Profile 更新任务...
2026-07-24 16:37:51.528 | INFO     | N/A | ⏳ 等待 Profile 更新任务...
2026-07-24 16:37:56.556 | INFO     | N/A | ⏳ 等待 Profile 更新任务...
2026-07-24 16:38:01.583 | INFO     | N/A | ⏳ 等待 Profile 更新任务...
2026-07-24 16:38:06.610 | INFO     | N/A | ⏳ 等待 Profile 更新任务...
2026-07-24 16:38:11.639 | INFO     | N/A | ⏳ 等待 Profile 更新任务...
2026-07-24 16:38:16.666 | INFO     | N/A | ⏳ 等待 Profile 更新任务...
2026-07-24 16:38:21.694 | INFO     | N/A | ⏳ 等待 Profile 更新任务...
2026-07-24 16:38:26.724 | INFO     | N/A | ⏳ 等待 Profile 更新任务...
2026-07-24 16:38:31.752 | INFO     | N/A | ⏳ 等待 Profile 更新任务...
2026-07-24 16:38:36.778 | INFO     | N/A | ⏳ 等待 Profile 更新任务...
2026-07-24 16:38:41.807 | INFO     | N/A | ⏳ 等待 Profile 更新任务...
2026-07-24 16:38:46.835 | INFO     | N/A | ⏳ 等待 Profile 更新任务...
2026-07-24 16:38:51.863 | INFO     | N/A | ⏳ 等待 Profile 更新任务...
2026-07-24 16:38:56.904 | INFO     | N/A | ⏳ 等待 Profile 更新任务...
2026-07-24 16:39:01.931 | INFO     | N/A | ⏳ 等待 Profile 更新任务...
2026-07-24 16:39:06.957 | INFO     | N/A | ⏳ 等待 Profile 更新任务...
2026-07-24 16:39:11.988 | INFO     | N/A | ⏳ 等待 Profile 更新任务...
2026-07-24 16:39:17.014 | INFO     | N/A | ⏳ 等待 Profile 更新任务...
2026-07-24 16:39:22.044 | INFO     | N/A | ⏳ 等待 Profile 更新任务...
2026-07-24 16:39:27.069 | INFO     | N/A | ⏳ 等待 Profile 更新任务...
2026-07-24 16:39:32.098 | INFO     | N/A | ⏳ 等待 Profile 更新任务...
2026-07-24 16:39:37.124 | INFO     | N/A | ⏳ 等待 Profile 更新任务...
2026-07-24 16:39:42.153 | INFO     | N/A | ⏳ 等待 Profile 更新任务...
2026-07-24 16:39:47.181 | INFO     | N/A | ⏳ 等待 Profile 更新任务...
2026-07-24 16:39:52.211 | INFO     | N/A | ⏳ 等待 Profile 更新任务...
2026-07-24 16:39:57.238 | INFO     | N/A | ⏳ 等待 Profile 更新任务...
2026-07-24 16:40:02.266 | INFO     | N/A | ⏳ 等待 Profile 更新任务...
2026-07-24 16:40:07.293 | INFO     | N/A | ⏳ 等待 Profile 更新任务...
2026-07-24 16:40:12.319 | INFO     | N/A | ⏳ 等待 Profile 更新任务...
2026-07-24 16:40:17.345 | INFO     | N/A | ⏳ 等待 Profile 更新任务...
2026-07-24 16:40:22.373 | INFO     | N/A | ⏳ 等待 Profile 更新任务...
2026-07-24 16:40:27.400 | INFO     | N/A | ⏳ 等待 Profile 更新任务...
2026-07-24 16:40:32.428 | INFO     | N/A | ⏳ 等待 Profile 更新任务...
2026-07-24 16:40:37.455 | INFO     | N/A | ⏳ 等待 Profile 更新任务...
2026-07-24 16:40:42.484 | INFO     | N/A | ⏳ 等待 Profile 更新任务...
2026-07-24 16:40:47.512 | INFO     | N/A | ⏳ 等待 Profile 更新任务...
2026-07-24 16:40:52.539 | INFO     | N/A | ⏳ 等待 Profile 更新任务...
2026-07-24 16:40:57.566 | INFO     | N/A | ⏳ 等待 Profile 更新任务...
2026-07-24 16:41:02.590 | INFO     | N/A | ⏳ 等待 Profile 更新任务...
2026-07-24 16:41:07.617 | INFO     | N/A | ⏳ 等待 Profile 更新任务...
2026-07-24 16:41:12.646 | INFO     | N/A | ⏳ 等待 Profile 更新任务...
2026-07-24 16:41:17.713 | INFO     | N/A | ⏳ 等待 Profile 更新任务...
2026-07-24 16:41:22.739 | INFO     | N/A | ⏳ 等待 Profile 更新任务...
2026-07-24 16:41:27.769 | INFO     | N/A | ⏳ 等待 Profile 更新任务...
2026-07-24 16:41:32.796 | INFO     | N/A | ⏳ 等待 Profile 更新任务...
2026-07-24 16:41:37.822 | INFO     | N/A | ⏳ 等待 Profile 更新任务...
2026-07-24 16:41:42.850 | INFO     | N/A | ⏳ 等待 Profile 更新任务...
2026-07-24 16:41:47.876 | INFO     | N/A | ⏳ 等待 Profile 更新任务...
2026-07-24 16:41:52.903 | INFO     | N/A | ⏳ 等待 Profile 更新任务...
2026-07-24 16:41:57.929 | INFO     | N/A | ⏳ 等待 Profile 更新任务...
2026-07-24 16:42:02.957 | INFO     | N/A | ⏳ 等待 Profile 更新任务...
2026-07-24 16:42:07.984 | INFO     | N/A | ⏳ 等待 Profile 更新任务...
2026-07-24 16:42:13.013 | INFO     | N/A | ⏳ 等待 Profile 更新任务...
2026-07-24 16:42:18.038 | INFO     | N/A | ⏳ 等待 Profile 更新任务...
2026-07-24 16:42:23.064 | INFO     | N/A | ⏳ 等待 Profile 更新任务...
2026-07-24 16:42:28.092 | INFO     | N/A | ⏳ 等待 Profile 更新任务...
2026-07-24 16:42:33.122 | INFO     | N/A | ⏳ 等待 Profile 更新任务...
2026-07-24 16:42:38.148 | INFO     | N/A | ⏳ 等待 Profile 更新任务...
2026-07-24 16:42:43.177 | INFO     | N/A | ⏳ 等待 Profile 更新任务...
2026-07-24 16:42:48.207 | INFO     | N/A | ⏳ 等待 Profile 更新任务...
2026-07-24 16:42:53.212 | INFO     | N/A | ⏳ 等待 Profile 更新任务...
2026-07-24 16:42:58.259 | INFO     | N/A | ⏳ 等待 Profile 更新任务...
2026-07-24 16:43:03.286 | INFO     | N/A | ⏳ 等待 Profile 更新任务...
2026-07-24 16:43:08.315 | INFO     | N/A | ⏳ 等待 Profile 更新任务...
2026-07-24 16:43:13.345 | INFO     | N/A | ⏳ 等待 Profile 更新任务...
2026-07-24 16:43:18.375 | INFO     | N/A | ⏳ 等待 Profile 更新任务...
2026-07-24 16:43:23.403 | INFO     | N/A | ⏳ 等待 Profile 更新任务...
2026-07-24 16:43:28.428 | INFO     | N/A | ⏳ 等待 Profile 更新任务...
2026-07-24 16:43:33.453 | INFO     | N/A | ⏳ 等待 Profile 更新任务...
2026-07-24 16:43:38.481 | INFO     | N/A | ⏳ 等待 Profile 更新任务...
2026-07-24 16:43:43.510 | INFO     | N/A | ⏳ 等待 Profile 更新任务...
2026-07-24 16:43:48.540 | INFO     | N/A | ⏳ 等待 Profile 更新任务...
2026-07-24 16:43:53.596 | INFO     | N/A | ⏳ 等待 Profile 更新任务...
2026-07-24 16:43:58.623 | INFO     | N/A | ⏳ 等待 Profile 更新任务...
2026-07-24 16:44:03.652 | INFO     | N/A | ⏳ 等待 Profile 更新任务...
2026-07-24 16:44:08.680 | INFO     | N/A | ⏳ 等待 Profile 更新任务...
2026-07-24 16:44:13.706 | INFO     | N/A | ⏳ 等待 Profile 更新任务...
2026-07-24 16:44:18.733 | INFO     | N/A | ⏳ 等待 Profile 更新任务...
2026-07-24 16:44:23.759 | INFO     | N/A | ⏳ 等待 Profile 更新任务...
2026-07-24 16:44:28.786 | INFO     | N/A | ⏳ 等待 Profile 更新任务...
2026-07-24 16:44:33.810 | INFO     | N/A | ⏳ 等待 Profile 更新任务...
2026-07-24 16:44:38.859 | INFO     | N/A | ⏳ 等待 Profile 更新任务...
2026-07-24 16:44:43.890 | INFO     | N/A | ⏳ 等待 Profile 更新任务...
2026-07-24 16:44:48.917 | INFO     | N/A | ⏳ 等待 Profile 更新任务...
2026-07-24 16:44:53.943 | INFO     | N/A | ⏳ 等待 Profile 更新任务...
2026-07-24 16:44:58.972 | INFO     | N/A | ⏳ 等待 Profile 更新任务...
2026-07-24 16:45:03.999 | INFO     | N/A | ⏳ 等待 Profile 更新任务...
2026-07-24 16:45:09.026 | INFO     | N/A | ⏳ 等待 Profile 更新任务...
2026-07-24 16:45:14.057 | INFO     | N/A | ⏳ 等待 Profile 更新任务...
2026-07-24 16:45:19.084 | INFO     | N/A | ⏳ 等待 Profile 更新任务...
2026-07-24 16:45:24.112 | INFO     | N/A | ⏳ 等待 Profile 更新任务...
2026-07-24 16:45:29.139 | INFO     | N/A | ⏳ 等待 Profile 更新任务...
2026-07-24 16:45:34.188 | INFO     | N/A | ⏳ 等待 Profile 更新任务...
2026-07-24 16:45:39.216 | INFO     | N/A | ⏳ 等待 Profile 更新任务...
2026-07-24 16:45:44.245 | INFO     | N/A | ⏳ 等待 Profile 更新任务...
2026-07-24 16:45:49.273 | INFO     | N/A | ⏳ 等待 Profile 更新任务...
2026-07-24 16:45:54.303 | INFO     | N/A | ⏳ 等待 Profile 更新任务...
2026-07-24 16:45:59.330 | INFO     | N/A | ⏳ 等待 Profile 更新任务...
2026-07-24 16:46:04.357 | INFO     | N/A | ⏳ 等待 Profile 更新任务...
2026-07-24 16:46:09.385 | INFO     | N/A | ⏳ 等待 Profile 更新任务...
2026-07-24 16:46:14.414 | INFO     | N/A | ⏳ 等待 Profile 更新任务...
2026-07-24 16:46:19.444 | INFO     | N/A | ⏳ 等待 Profile 更新任务...
2026-07-24 16:46:24.472 | INFO     | N/A | ⏳ 等待 Profile 更新任务...
2026-07-24 16:46:29.498 | INFO     | N/A | ⏳ 等待 Profile 更新任务...
2026-07-24 16:46:34.527 | INFO     | N/A | ⏳ 等待 Profile 更新任务...
2026-07-24 16:46:39.554 | INFO     | N/A | ⏳ 等待 Profile 更新任务...
2026-07-24 16:46:44.589 | INFO     | N/A | ⏳ 等待 Profile 更新任务...
2026-07-24 16:46:49.623 | INFO     | N/A | ⏳ 等待 Profile 更新任务...
2026-07-24 16:46:54.724 | INFO     | N/A | ⏳ 等待 Profile 更新任务...
2026-07-24 16:46:59.752 | INFO     | N/A | ⏳ 等待 Profile 更新任务...
2026-07-24 16:47:04.771 | INFO     | N/A | ⏳ 等待 Profile 更新任务...
2026-07-24 16:47:09.776 | INFO     | N/A | ⏳ 等待 Profile 更新任务...
2026-07-24 16:47:14.813 | INFO     | N/A | ⏳ 等待 Profile 更新任务...
2026-07-24 16:47:19.881 | INFO     | N/A | ⏳ 等待 Profile 更新任务...
2026-07-24 16:47:24.916 | INFO     | N/A | ⏳ 等待 Profile 更新任务...
2026-07-24 16:47:29.950 | INFO     | N/A | ⏳ 等待 Profile 更新任务...
2026-07-24 16:47:34.985 | INFO     | N/A | ⏳ 等待 Profile 更新任务...
2026-07-24 16:47:40.023 | INFO     | N/A | ⏳ 等待 Profile 更新任务...
2026-07-24 16:47:45.060 | INFO     | N/A | ⏳ 等待 Profile 更新任务...
2026-07-24 16:47:50.107 | INFO     | N/A | ⏳ 等待 Profile 更新任务...
2026-07-24 16:47:55.139 | INFO     | N/A | ⏳ 等待 Profile 更新任务...
2026-07-24 16:48:00.175 | INFO     | N/A | ⏳ 等待 Profile 更新任务...
2026-07-24 16:48:05.210 | INFO     | N/A | ⏳ 等待 Profile 更新任务...
2026-07-24 16:48:10.246 | INFO     | N/A | ⏳ 等待 Profile 更新任务...
2026-07-24 16:48:15.290 | INFO     | N/A | ⏳ 等待 Profile 更新任务...
2026-07-24 16:48:20.326 | INFO     | N/A | ⏳ 等待 Profile 更新任务...
2026-07-24 16:48:25.366 | INFO     | N/A | ⏳ 等待 Profile 更新任务...
2026-07-24 16:48:30.405 | INFO     | N/A | ⏳ 等待 Profile 更新任务...
2026-07-24 16:48:35.438 | INFO     | N/A | ⏳ 等待 Profile 更新任务...
2026-07-24 16:48:40.470 | INFO     | N/A | ⏳ 等待 Profile 更新任务...
2026-07-24 16:48:45.509 | INFO     | N/A | ⏳ 等待 Profile 更新任务...
2026-07-24 16:48:50.546 | INFO     | N/A | ⏳ 等待 Profile 更新任务...
2026-07-24 16:48:55.580 | INFO     | N/A | ⏳ 等待 Profile 更新任务...
2026-07-24 16:49:00.612 | INFO     | N/A | ⏳ 等待 Profile 更新任务...
2026-07-24 16:49:05.699 | INFO     | N/A | ⏳ 等待 Profile 更新任务...
2026-07-24 16:49:10.732 | INFO     | N/A | ⏳ 等待 Profile 更新任务...
2026-07-24 16:49:15.768 | INFO     | N/A | ⏳ 等待 Profile 更新任务...
2026-07-24 16:49:20.802 | INFO     | N/A | ⏳ 等待 Profile 更新任务...
2026-07-24 16:49:25.843 | INFO     | N/A | ⏳ 等待 Profile 更新任务...
2026-07-24 16:49:30.857 | INFO     | N/A | ⏳ 等待 Profile 更新任务...
2026-07-24 16:49:35.890 | INFO     | N/A | ⏳ 等待 Profile 更新任务...
2026-07-24 16:49:40.922 | INFO     | N/A | ⏳ 等待 Profile 更新任务...
2026-07-24 16:49:45.941 | INFO     | N/A | ⏳ 等待 Profile 更新任务...
2026-07-24 16:49:50.975 | INFO     | N/A | ⏳ 等待 Profile 更新任务...
2026-07-24 16:49:56.007 | INFO     | N/A | ⏳ 等待 Profile 更新任务...
2026-07-24 16:50:01.043 | INFO     | N/A | ⏳ 等待 Profile 更新任务...
2026-07-24 16:50:06.077 | INFO     | N/A | ⏳ 等待 Profile 更新任务...
2026-07-24 16:50:11.114 | INFO     | N/A | ⏳ 等待 Profile 更新任务...
2026-07-24 16:50:16.147 | INFO     | N/A | ⏳ 等待 Profile 更新任务...
2026-07-24 16:50:21.173 | INFO     | N/A | ⏳ 等待 Profile 更新任务...
2026-07-24 16:50:26.205 | INFO     | N/A | ⏳ 等待 Profile 更新任务...
2026-07-24 16:50:31.237 | INFO     | N/A | ⏳ 等待 Profile 更新任务...
2026-07-24 16:50:36.271 | INFO     | N/A | ⏳ 等待 Profile 更新任务...
2026-07-24 16:50:41.302 | INFO     | N/A | ⏳ 等待 Profile 更新任务...
2026-07-24 16:50:46.334 | INFO     | N/A | ⏳ 等待 Profile 更新任务...
2026-07-24 16:50:51.369 | INFO     | N/A | ⏳ 等待 Profile 更新任务...
2026-07-24 16:50:56.409 | INFO     | N/A | ⏳ 等待 Profile 更新任务...
2026-07-24 16:51:01.510 | INFO     | N/A | ⏳ 等待 Profile 更新任务...
2026-07-24 16:51:06.538 | INFO     | N/A | ⏳ 等待 Profile 更新任务...
2026-07-24 16:51:11.577 | INFO     | N/A | ⏳ 等待 Profile 更新任务...
2026-07-24 16:51:16.612 | INFO     | N/A | ⏳ 等待 Profile 更新任务...
2026-07-24 16:51:21.643 | INFO     | N/A | ⏳ 等待 Profile 更新任务...
2026-07-24 16:51:26.673 | INFO     | N/A | ⏳ 等待 Profile 更新任务...
2026-07-24 16:51:31.705 | INFO     | N/A | ⏳ 等待 Profile 更新任务...
2026-07-24 16:51:36.735 | INFO     | N/A | ⏳ 等待 Profile 更新任务...
2026-07-24 16:51:41.826 | INFO     | N/A | ⏳ 等待 Profile 更新任务...
2026-07-24 16:51:46.858 | INFO     | N/A | ⏳ 等待 Profile 更新任务...
2026-07-24 16:51:51.908 | INFO     | N/A | ⏳ 等待 Profile 更新任务...
2026-07-24 16:51:56.942 | INFO     | N/A | ⏳ 等待 Profile 更新任务...
2026-07-24 16:52:01.975 | INFO     | N/A | ⏳ 等待 Profile 更新任务...
2026-07-24 16:52:07.006 | INFO     | N/A | ⏳ 等待 Profile 更新任务...
2026-07-24 16:52:12.037 | INFO     | N/A | ⏳ 等待 Profile 更新任务...
2026-07-24 16:52:17.072 | INFO     | N/A | ⏳ 等待 Profile 更新任务...
2026-07-24 16:52:22.107 | INFO     | N/A | ⏳ 等待 Profile 更新任务...
2026-07-24 16:52:27.139 | INFO     | N/A | ⏳ 等待 Profile 更新任务...
2026-07-24 16:52:32.173 | INFO     | N/A | ⏳ 等待 Profile 更新任务...
2026-07-24 16:52:37.205 | INFO     | N/A | ⏳ 等待 Profile 更新任务...
2026-07-24 16:52:42.226 | INFO     | N/A | ⏳ 等待 Profile 更新任务...
2026-07-24 16:52:47.259 | INFO     | N/A | ⏳ 等待 Profile 更新任务...
2026-07-24 16:52:52.291 | INFO     | N/A | ⏳ 等待 Profile 更新任务...
2026-07-24 16:52:57.322 | INFO     | N/A | ⏳ 等待 Profile 更新任务...
2026-07-24 16:53:02.353 | INFO     | N/A | ⏳ 等待 Profile 更新任务...
2026-07-24 16:53:07.389 | INFO     | N/A | ⏳ 等待 Profile 更新任务...
2026-07-24 16:53:12.400 | INFO     | N/A | ⏳ 等待 Profile 更新任务...
2026-07-24 16:53:17.433 | INFO     | N/A | ⏳ 等待 Profile 更新任务...
2026-07-24 16:53:22.468 | INFO     | N/A | ⏳ 等待 Profile 更新任务...
2026-07-24 16:53:27.508 | INFO     | N/A | ⏳ 等待 Profile 更新任务...
2026-07-24 16:53:32.543 | INFO     | N/A | ⏳ 等待 Profile 更新任务...
2026-07-24 16:53:37.576 | INFO     | N/A | ⏳ 等待 Profile 更新任务...
2026-07-24 16:53:42.608 | INFO     | N/A | ⏳ 等待 Profile 更新任务...
2026-07-24 16:53:47.644 | INFO     | N/A | ⏳ 等待 Profile 更新任务...
2026-07-24 16:53:52.674 | INFO     | N/A | ⏳ 等待 Profile 更新任务...
2026-07-24 16:53:57.707 | INFO     | N/A | ⏳ 等待 Profile 更新任务...
2026-07-24 16:54:02.739 | INFO     | N/A | ⏳ 等待 Profile 更新任务...
2026-07-24 16:54:07.773 | INFO     | N/A | ⏳ 等待 Profile 更新任务...
2026-07-24 16:54:12.841 | INFO     | N/A | ⏳ 等待 Profile 更新任务...
2026-07-24 16:54:17.887 | INFO     | N/A | ⏳ 等待 Profile 更新任务...
2026-07-24 16:54:22.925 | INFO     | N/A | ⏳ 等待 Profile 更新任务...
2026-07-24 16:54:27.967 | INFO     | N/A | ⏳ 等待 Profile 更新任务...
2026-07-24 16:54:33.000 | INFO     | N/A | ⏳ 等待 Profile 更新任务...
2026-07-24 16:54:38.036 | INFO     | N/A | ⏳ 等待 Profile 更新任务...
2026-07-24 16:54:43.071 | INFO     | N/A | ⏳ 等待 Profile 更新任务...
2026-07-24 16:54:48.121 | INFO     | N/A | ⏳ 等待 Profile 更新任务...
2026-07-24 16:54:53.155 | INFO     | N/A | ⏳ 等待 Profile 更新任务...
2026-07-24 16:54:58.191 | INFO     | N/A | ⏳ 等待 Profile 更新任务...
2026-07-24 16:55:03.230 | INFO     | N/A | ⏳ 等待 Profile 更新任务...
2026-07-24 16:55:08.271 | INFO     | N/A | ⏳ 等待 Profile 更新任务...
2026-07-24 16:55:13.369 | INFO     | N/A | ⏳ 等待 Profile 更新任务...
2026-07-24 16:55:18.410 | INFO     | N/A | ⏳ 等待 Profile 更新任务...
2026-07-24 16:55:23.447 | INFO     | N/A | ⏳ 等待 Profile 更新任务...
2026-07-24 16:55:28.491 | INFO     | N/A | ⏳ 等待 Profile 更新任务...
2026-07-24 16:55:33.526 | INFO     | N/A | ⏳ 等待 Profile 更新任务...
2026-07-24 16:55:38.562 | INFO     | N/A | ⏳ 等待 Profile 更新任务...
2026-07-24 16:55:43.593 | INFO     | N/A | ⏳ 等待 Profile 更新任务...
2026-07-24 16:55:48.675 | INFO     | N/A | ⏳ 等待 Profile 更新任务...
2026-07-24 16:55:53.711 | INFO     | N/A | ⏳ 等待 Profile 更新任务...
2026-07-24 16:55:58.745 | INFO     | N/A | ⏳ 等待 Profile 更新任务...
2026-07-24 16:56:03.777 | INFO     | N/A | ⏳ 等待 Profile 更新任务...
2026-07-24 16:56:08.816 | INFO     | N/A | ⏳ 等待 Profile 更新任务...
2026-07-24 16:56:13.826 | INFO     | N/A | ⏳ 等待 Profile 更新任务...
2026-07-24 16:56:18.865 | INFO     | N/A | ⏳ 等待 Profile 更新任务...
2026-07-24 16:56:23.901 | INFO     | N/A | ⏳ 等待 Profile 更新任务...
2026-07-24 16:56:28.937 | INFO     | N/A | ⏳ 等待 Profile 更新任务...
2026-07-24 16:56:33.980 | INFO     | N/A | ⏳ 等待 Profile 更新任务...
2026-07-24 16:56:39.036 | INFO     | N/A | ⏳ 等待 Profile 更新任务...
2026-07-24 16:56:44.067 | INFO     | N/A | ⏳ 等待 Profile 更新任务...
2026-07-24 16:56:49.110 | INFO     | N/A | ⏳ 等待 Profile 更新任务...
2026-07-24 16:56:54.143 | INFO     | N/A | ⏳ 等待 Profile 更新任务...
2026-07-24 16:56:59.221 | INFO     | N/A | ⏳ 等待 Profile 更新任务...
2026-07-24 16:57:04.263 | INFO     | N/A | ⏳ 等待 Profile 更新任务...
2026-07-24 16:57:09.351 | INFO     | N/A | ⏳ 等待 Profile 更新任务...
2026-07-24 16:57:14.391 | INFO     | N/A | ⏳ 等待 Profile 更新任务...
2026-07-24 16:57:19.457 | INFO     | N/A | ⏳ 等待 Profile 更新任务...
2026-07-24 16:57:24.491 | INFO     | N/A | ⏳ 等待 Profile 更新任务...
2026-07-24 16:57:29.524 | INFO     | N/A | ⏳ 等待 Profile 更新任务...
2026-07-24 16:57:34.560 | INFO     | N/A | ⏳ 等待 Profile 更新任务...
2026-07-24 16:57:39.594 | INFO     | N/A | ⏳ 等待 Profile 更新任务...
2026-07-24 16:57:44.629 | INFO     | N/A | ⏳ 等待 Profile 更新任务...
2026-07-24 16:57:49.686 | INFO     | N/A | ⏳ 等待 Profile 更新任务...
2026-07-24 16:57:54.721 | INFO     | N/A | ⏳ 等待 Profile 更新任务...
2026-07-24 16:57:59.765 | INFO     | N/A | ⏳ 等待 Profile 更新任务...
2026-07-24 16:58:04.798 | INFO     | N/A | ⏳ 等待 Profile 更新任务...
2026-07-24 16:58:09.839 | INFO     | N/A | ⏳ 等待 Profile 更新任务...
2026-07-24 16:58:14.873 | INFO     | N/A | ⏳ 等待 Profile 更新任务...
2026-07-24 16:58:19.887 | INFO     | N/A | ⏳ 等待 Profile 更新任务...
2026-07-24 16:58:24.916 | INFO     | N/A | ⏳ 等待 Profile 更新任务...
2026-07-24 16:58:29.954 | INFO     | N/A | ⏳ 等待 Profile 更新任务...
2026-07-24 16:58:35.004 | INFO     | N/A | ⏳ 等待 Profile 更新任务...
2026-07-24 16:58:40.037 | INFO     | N/A | ⏳ 等待 Profile 更新任务...
2026-07-24 16:58:45.075 | INFO     | N/A | ⏳ 等待 Profile 更新任务...
2026-07-24 16:58:50.118 | INFO     | N/A | ⏳ 等待 Profile 更新任务...
2026-07-24 16:58:55.147 | INFO     | N/A | ⏳ 等待 Profile 更新任务...
2026-07-24 16:59:00.224 | INFO     | N/A | ⏳ 等待 Profile 更新任务...
2026-07-24 16:59:05.275 | INFO     | N/A | ⏳ 等待 Profile 更新任务...
2026-07-24 16:59:10.309 | INFO     | N/A | ⏳ 等待 Profile 更新任务...
2026-07-24 16:59:15.345 | INFO     | N/A | ⏳ 等待 Profile 更新任务...
2026-07-24 16:59:20.359 | INFO     | N/A | ⏳ 等待 Profile 更新任务...
2026-07-24 16:59:25.383 | INFO     | N/A | ⏳ 等待 Profile 更新任务...
2026-07-24 16:59:30.422 | INFO     | N/A | ⏳ 等待 Profile 更新任务...
2026-07-24 16:59:35.457 | INFO     | N/A | ⏳ 等待 Profile 更新任务...
2026-07-24 16:59:40.509 | INFO     | N/A | ⏳ 等待 Profile 更新任务...
2026-07-24 16:59:45.541 | INFO     | N/A | ⏳ 等待 Profile 更新任务...
2026-07-24 16:59:50.576 | INFO     | N/A | ⏳ 等待 Profile 更新任务...
2026-07-24 16:59:55.611 | INFO     | N/A | ⏳ 等待 Profile 更新任务...
2026-07-24 17:00:00.649 | INFO     | N/A | ⏳ 等待 Profile 更新任务...
2026-07-24 17:00:05.683 | INFO     | N/A | ⏳ 等待 Profile 更新任务...
2026-07-24 17:00:10.745 | INFO     | N/A | ⏳ 等待 Profile 更新任务...
2026-07-24 17:00:15.783 | INFO     | N/A | ⏳ 等待 Profile 更新任务...
2026-07-24 17:00:20.822 | INFO     | N/A | ⏳ 等待 Profile 更新任务...
2026-07-24 17:00:25.862 | INFO     | N/A | ⏳ 等待 Profile 更新任务...
2026-07-24 17:00:30.897 | INFO     | N/A | ⏳ 等待 Profile 更新任务...
2026-07-24 17:00:35.933 | INFO     | N/A | ⏳ 等待 Profile 更新任务...
2026-07-24 17:00:40.971 | INFO     | N/A | ⏳ 等待 Profile 更新任务...
2026-07-24 17:00:46.057 | INFO     | N/A | ⏳ 等待 Profile 更新任务...
2026-07-24 17:00:51.084 | INFO     | N/A | ⏳ 等待 Profile 更新任务...
2026-07-24 17:00:56.118 | INFO     | N/A | ⏳ 等待 Profile 更新任务...
2026-07-24 17:01:01.151 | INFO     | N/A | ⏳ 等待 Profile 更新任务...
2026-07-24 17:01:06.187 | INFO     | N/A | ⏳ 等待 Profile 更新任务...
2026-07-24 17:01:11.220 | INFO     | N/A | ⏳ 等待 Profile 更新任务...
2026-07-24 17:01:16.285 | INFO     | N/A | ⏳ 等待 Profile 更新任务...
2026-07-24 17:01:21.387 | INFO     | N/A | ⏳ 等待 Profile 更新任务...
2026-07-24 17:01:26.423 | INFO     | N/A | ⏳ 等待 Profile 更新任务...
2026-07-24 17:01:31.450 | INFO     | N/A | ⏳ 等待 Profile 更新任务...
2026-07-24 17:01:36.539 | INFO     | N/A | ⏳ 等待 Profile 更新任务...
2026-07-24 17:01:41.572 | INFO     | N/A | ⏳ 等待 Profile 更新任务...
2026-07-24 17:01:46.607 | INFO     | N/A | ⏳ 等待 Profile 更新任务...
2026-07-24 17:01:51.647 | INFO     | N/A | ⏳ 等待 Profile 更新任务...
2026-07-24 17:01:56.678 | INFO     | N/A | ⏳ 等待 Profile 更新任务...
2026-07-24 17:02:01.705 | INFO     | N/A | ⏳ 等待 Profile 更新任务...
2026-07-24 17:02:06.732 | INFO     | N/A | ⏳ 等待 Profile 更新任务...
2026-07-24 17:02:11.819 | INFO     | N/A | ⏳ 等待 Profile 更新任务...
2026-07-24 17:02:16.853 | INFO     | N/A | ⏳ 等待 Profile 更新任务...
2026-07-24 17:02:21.879 | INFO     | N/A | ⏳ 等待 Profile 更新任务...
2026-07-24 17:02:26.908 | INFO     | N/A | ⏳ 等待 Profile 更新任务...
2026-07-24 17:02:31.937 | INFO     | N/A | ⏳ 等待 Profile 更新任务...
2026-07-24 17:02:36.976 | INFO     | N/A | ⏳ 等待 Profile 更新任务...
2026-07-24 17:02:42.011 | INFO     | N/A | ⏳ 等待 Profile 更新任务...
2026-07-24 17:02:47.046 | INFO     | N/A | ⏳ 等待 Profile 更新任务...
2026-07-24 17:02:52.075 | INFO     | N/A | ⏳ 等待 Profile 更新任务...
2026-07-24 17:02:57.107 | INFO     | N/A | ⏳ 等待 Profile 更新任务...
2026-07-24 17:03:02.153 | INFO     | N/A | ⏳ 等待 Profile 更新任务...
2026-07-24 17:03:07.183 | INFO     | N/A | ⏳ 等待 Profile 更新任务...
2026-07-24 17:03:12.212 | INFO     | N/A | ⏳ 等待 Profile 更新任务...
2026-07-24 17:03:17.250 | INFO     | N/A | ⏳ 等待 Profile 更新任务...
2026-07-24 17:03:22.413 | INFO     | N/A | ⏳ 等待 Profile 更新任务...
2026-07-24 17:03:27.475 | INFO     | N/A | ⏳ 等待 Profile 更新任务...
2026-07-24 17:03:32.505 | INFO     | N/A | ⏳ 等待 Profile 更新任务...
2026-07-24 17:03:37.542 | INFO     | N/A | ⏳ 等待 Profile 更新任务...
2026-07-24 17:03:42.593 | INFO     | N/A | ⏳ 等待 Profile 更新任务...
2026-07-24 17:03:47.634 | INFO     | N/A | ⏳ 等待 Profile 更新任务...
2026-07-24 17:03:52.661 | INFO     | N/A | ⏳ 等待 Profile 更新任务...
2026-07-24 17:03:57.669 | INFO     | N/A | ⏳ 等待 Profile 更新任务...
2026-07-24 17:04:02.702 | INFO     | N/A | ⏳ 等待 Profile 更新任务...
2026-07-24 17:04:07.734 | INFO     | N/A | ⏳ 等待 Profile 更新任务...
2026-07-24 17:04:12.768 | INFO     | N/A | ⏳ 等待 Profile 更新任务...
2026-07-24 17:04:17.799 | INFO     | N/A | ⏳ 等待 Profile 更新任务...
2026-07-24 17:04:22.830 | INFO     | N/A | ⏳ 等待 Profile 更新任务...
2026-07-24 17:04:27.864 | INFO     | N/A | ⏳ 等待 Profile 更新任务...
2026-07-24 17:04:32.899 | INFO     | N/A | ⏳ 等待 Profile 更新任务...
2026-07-24 17:04:37.934 | INFO     | N/A | ⏳ 等待 Profile 更新任务...
2026-07-24 17:04:42.964 | INFO     | N/A | ⏳ 等待 Profile 更新任务...
2026-07-24 17:04:47.982 | INFO     | N/A | ⏳ 等待 Profile 更新任务...
2026-07-24 17:04:53.008 | INFO     | N/A | ⏳ 等待 Profile 更新任务...
2026-07-24 17:04:58.041 | INFO     | N/A | ⏳ 等待 Profile 更新任务...
2026-07-24 17:05:03.072 | INFO     | N/A | ⏳ 等待 Profile 更新任务...
2026-07-24 17:05:08.106 | INFO     | N/A | ⏳ 等待 Profile 更新任务...
2026-07-24 17:05:13.139 | INFO     | N/A | ⏳ 等待 Profile 更新任务...
2026-07-24 17:05:18.176 | INFO     | N/A | ⏳ 等待 Profile 更新任务...
2026-07-24 17:05:23.211 | INFO     | N/A | ⏳ 等待 Profile 更新任务...
2026-07-24 17:05:28.305 | INFO     | N/A | ⏳ 等待 Profile 更新任务...
2026-07-24 17:05:33.353 | INFO     | N/A | ⏳ 等待 Profile 更新任务...
2026-07-24 17:05:38.423 | INFO     | N/A | ⏳ 等待 Profile 更新任务...
2026-07-24 17:05:43.453 | INFO     | N/A | ⏳ 等待 Profile 更新任务...
2026-07-24 17:05:48.501 | INFO     | N/A | ⏳ 等待 Profile 更新任务...
2026-07-24 17:05:53.537 | INFO     | N/A | ⏳ 等待 Profile 更新任务...
2026-07-24 17:05:58.576 | INFO     | N/A | ⏳ 等待 Profile 更新任务...
2026-07-24 17:06:03.614 | INFO     | N/A | ⏳ 等待 Profile 更新任务...
2026-07-24 17:06:08.648 | INFO     | N/A | ⏳ 等待 Profile 更新任务...
2026-07-24 17:06:13.680 | INFO     | N/A | ⏳ 等待 Profile 更新任务...
2026-07-24 17:06:18.714 | INFO     | N/A | ⏳ 等待 Profile 更新任务...
2026-07-24 17:06:23.748 | INFO     | N/A | ⏳ 等待 Profile 更新任务...
2026-07-24 17:06:28.800 | INFO     | N/A | ⏳ 等待 Profile 更新任务...
2026-07-24 17:06:33.826 | INFO     | N/A | ⏳ 等待 Profile 更新任务...
2026-07-24 17:06:38.855 | INFO     | N/A | ⏳ 等待 Profile 更新任务...
2026-07-24 17:06:43.890 | INFO     | N/A | ⏳ 等待 Profile 更新任务...
2026-07-24 17:06:48.931 | INFO     | N/A | ⏳ 等待 Profile 更新任务...
2026-07-24 17:06:53.964 | INFO     | N/A | ⏳ 等待 Profile 更新任务...
2026-07-24 17:06:58.997 | INFO     | N/A | ⏳ 等待 Profile 更新任务...
2026-07-24 17:07:04.031 | INFO     | N/A | ⏳ 等待 Profile 更新任务...
2026-07-24 17:07:09.062 | INFO     | N/A | ⏳ 等待 Profile 更新任务...
2026-07-24 17:07:14.097 | INFO     | N/A | ⏳ 等待 Profile 更新任务...
2026-07-24 17:07:19.139 | INFO     | N/A | ⏳ 等待 Profile 更新任务...
2026-07-24 17:07:24.173 | INFO     | N/A | ⏳ 等待 Profile 更新任务...
2026-07-24 17:07:29.228 | INFO     | N/A | ⏳ 等待 Profile 更新任务...
2026-07-24 17:07:34.266 | INFO     | N/A | ⏳ 等待 Profile 更新任务...
2026-07-24 17:07:39.342 | INFO     | N/A | ⏳ 等待 Profile 更新任务...
2026-07-24 17:07:44.382 | INFO     | N/A | ⏳ 等待 Profile 更新任务...
2026-07-24 17:07:49.481 | INFO     | N/A | ⏳ 等待 Profile 更新任务...
2026-07-24 17:07:54.526 | INFO     | N/A | ⏳ 等待 Profile 更新任务...
2026-07-24 17:07:59.602 | INFO     | N/A | ⏳ 等待 Profile 更新任务...
2026-07-24 17:08:04.687 | INFO     | N/A | ⏳ 等待 Profile 更新任务...
2026-07-24 17:08:09.753 | INFO     | N/A | ⏳ 等待 Profile 更新任务...
2026-07-24 17:08:14.785 | INFO     | N/A | ⏳ 等待 Profile 更新任务...
2026-07-24 17:08:19.827 | INFO     | N/A | ⏳ 等待 Profile 更新任务...
2026-07-24 17:08:24.858 | INFO     | N/A | ⏳ 等待 Profile 更新任务...
2026-07-24 17:08:29.892 | INFO     | N/A | ⏳ 等待 Profile 更新任务...
2026-07-24 17:08:34.923 | INFO     | N/A | ⏳ 等待 Profile 更新任务...
2026-07-24 17:08:39.953 | INFO     | N/A | ⏳ 等待 Profile 更新任务...
2026-07-24 17:08:44.998 | INFO     | N/A | ⏳ 等待 Profile 更新任务...
2026-07-24 17:08:50.030 | INFO     | N/A | ⏳ 等待 Profile 更新任务...
2026-07-24 17:08:58.441 | INFO     | N/A | ⏳ 等待 Profile 更新任务...
2026-07-24 17:09:03.504 | INFO     | N/A | ⏳ 等待 Profile 更新任务...
2026-07-24 17:09:08.590 | INFO     | N/A | ⏳ 等待 Profile 更新任务...
2026-07-24 17:09:13.657 | INFO     | N/A | ⏳ 等待 Profile 更新任务...
2026-07-24 17:09:18.741 | INFO     | N/A | ⏳ 等待 Profile 更新任务...
2026-07-24 17:09:23.819 | INFO     | N/A | ⏳ 等待 Profile 更新任务...
2026-07-24 17:09:28.833 | INFO     | N/A | ⏳ 等待 Profile 更新任务...
2026-07-24 17:09:33.915 | INFO     | N/A | ⏳ 等待 Profile 更新任务...
2026-07-24 17:09:39.368 | INFO     | N/A | ⏳ 等待 Profile 更新任务...
2026-07-24 17:09:44.391 | INFO     | N/A | ⏳ 等待 Profile 更新任务...
2026-07-24 17:09:49.425 | INFO     | N/A | ⏳ 等待 Profile 更新任务...
2026-07-24 17:09:54.477 | INFO     | N/A | ⏳ 等待 Profile 更新任务...
2026-07-24 17:09:59.505 | INFO     | N/A | ⏳ 等待 Profile 更新任务...
2026-07-24 17:10:04.579 | INFO     | N/A | ⏳ 等待 Profile 更新任务...
2026-07-24 17:10:09.616 | INFO     | N/A | ⏳ 等待 Profile 更新任务...
2026-07-24 17:10:14.650 | INFO     | N/A | ⏳ 等待 Profile 更新任务...
2026-07-24 17:10:19.688 | INFO     | N/A | ⏳ 等待 Profile 更新任务...
2026-07-24 17:10:24.731 | INFO     | N/A | ⏳ 等待 Profile 更新任务...
2026-07-24 17:10:29.764 | INFO     | N/A | ⏳ 等待 Profile 更新任务...
2026-07-24 17:10:34.803 | INFO     | N/A | ⏳ 等待 Profile 更新任务...
2026-07-24 17:10:39.861 | INFO     | N/A | ⏳ 等待 Profile 更新任务...
2026-07-24 17:10:44.916 | INFO     | N/A | ⏳ 等待 Profile 更新任务...
2026-07-24 17:10:49.961 | INFO     | N/A | ⏳ 等待 Profile 更新任务...
2026-07-24 17:10:54.992 | INFO     | N/A | ⏳ 等待 Profile 更新任务...
2026-07-24 17:11:00.121 | INFO     | N/A | ⏳ 等待 Profile 更新任务...
2026-07-24 17:11:05.196 | INFO     | N/A | ⏳ 等待 Profile 更新任务...
2026-07-24 17:11:10.224 | INFO     | N/A | ⏳ 等待 Profile 更新任务...
2026-07-24 17:11:15.247 | INFO     | N/A | ⏳ 等待 Profile 更新任务...
2026-07-24 17:11:20.338 | INFO     | N/A | ⏳ 等待 Profile 更新任务...
2026-07-24 17:11:25.380 | INFO     | N/A | ⏳ 等待 Profile 更新任务...
2026-07-24 17:11:30.467 | INFO     | N/A | ⏳ 等待 Profile 更新任务...
2026-07-24 17:11:35.524 | INFO     | N/A | ⏳ 等待 Profile 更新任务...
2026-07-24 17:11:40.558 | INFO     | N/A | ⏳ 等待 Profile 更新任务...
2026-07-24 17:11:45.596 | INFO     | N/A | ⏳ 等待 Profile 更新任务...
2026-07-24 17:11:50.627 | INFO     | N/A | ⏳ 等待 Profile 更新任务...
2026-07-24 17:11:55.659 | INFO     | N/A | 收到停止信号，Worker 即将关闭...
2026-07-24 17:11:55.661 | INFO     | N/A | Worker 关闭 | 总处理: 5 个任务, 失败: 0 个
