2026-07-23 02:35:45.869 | ERROR    | N/A | Worker 主循环异常: Timeout reading from socket
Traceback (most recent call last):

  File "D:\毕业设计\Travel_python\.venv\Lib\site-packages\redis\_parsers\socket.py", line 64, in _read_from_socket
    data = sock.recv(socket_read_size)

TimeoutError: timed out


During handling of the above exception, another exception occurred:


Traceback (most recent call last):

  File "D:\毕业设计\Travel_python\travel_ai_python\app\service\profile_worker.py", line 194, in <module>
    run_worker()

> File "D:\毕业设计\Travel_python\travel_ai_python\app\service\profile_worker.py", line 169, in run_worker
    task_data = pop_profile_update_task(block=True, timeout=5)

  File "D:\毕业设计\Travel_python\travel_ai_python\app\utils\redis_client.py", line 43, in pop_profile_update_task
    result = redis_client.brpop(PROFILE_UPDATE_QUEUE, timeout=timeout)

  File "D:\毕业设计\Travel_python\.venv\Lib\site-packages\redis\commands\core.py", line 4751, in brpop
    return self.execute_command("BRPOP", *keys)
  File "D:\毕业设计\Travel_python\.venv\Lib\site-packages\redis\client.py", line 787, in execute_command
    return self._execute_command(*args, **options)
  File "D:\毕业设计\Travel_python\.venv\Lib\site-packages\redis\client.py", line 809, in _execute_command
    result = conn.retry.call_with_retry(
  File "D:\毕业设计\Travel_python\.venv\Lib\site-packages\redis\retry.py", line 132, in call_with_retry
    raise error
  File "D:\毕业设计\Travel_python\.venv\Lib\site-packages\redis\retry.py", line 120, in call_with_retry
    return do()
  File "D:\毕业设计\Travel_python\.venv\Lib\site-packages\redis\client.py", line 810, in <lambda>
    lambda: self._send_command_parse_response(
  File "D:\毕业设计\Travel_python\.venv\Lib\site-packages\redis\client.py", line 753, in _send_command_parse_response
    return self.parse_response(conn, command_name, **options)
  File "D:\毕业设计\Travel_python\.venv\Lib\site-packages\redis\client.py", line 853, in parse_response
    response = connection.read_response()
  File "D:\毕业设计\Travel_python\.venv\Lib\site-packages\redis\connection.py", line 1371, in read_response
    response = self._parser.read_response(
  File "D:\毕业设计\Travel_python\.venv\Lib\site-packages\redis\_parsers\resp3.py", line 40, in read_response
    result = self._read_response(
  File "D:\毕业设计\Travel_python\.venv\Lib\site-packages\redis\_parsers\resp3.py", line 65, in _read_response
    raw = self._buffer.readline(timeout=timeout)
  File "D:\毕业设计\Travel_python\.venv\Lib\site-packages\redis\_parsers\socket.py", line 117, in readline
    self._read_from_socket(timeout=timeout)
  File "D:\毕业设计\Travel_python\.venv\Lib\site-packages\redis\_parsers\socket.py", line 77, in _read_from_socket
    raise TimeoutError("Timeout reading from socket")

redis.exceptions.TimeoutError: Timeout reading from socket
2026-07-23 02:35:46.942 | INFO     | N/A | ⏳ 等待 Profile 更新任务...
2026-07-23 09:45:22.686 | ERROR    | N/A | Worker 主循环异常: Timeout connecting to server
Traceback (most recent call last):

  File "D:\毕业设计\Travel_python\.venv\Lib\site-packages\redis\connection.py", line 1033, in connect_check_health
    sock = self._connect()
  File "D:\毕业设计\Travel_python\.venv\Lib\site-packages\redis\connection.py", line 1581, in _connect
    raise err
  File "D:\毕业设计\Travel_python\.venv\Lib\site-packages\redis\connection.py", line 1565, in _connect
    sock.connect(socket_address)

TimeoutError: timed out


During handling of the above exception, another exception occurred:


Traceback (most recent call last):

  File "D:\毕业设计\Travel_python\travel_ai_python\app\service\profile_worker.py", line 194, in <module>
    run_worker()

> File "D:\毕业设计\Travel_python\travel_ai_python\app\service\profile_worker.py", line 169, in run_worker
    task_data = pop_profile_update_task(block=True, timeout=5)

  File "D:\毕业设计\Travel_python\travel_ai_python\app\utils\redis_client.py", line 43, in pop_profile_update_task
    result = redis_client.brpop(PROFILE_UPDATE_QUEUE, timeout=timeout)

  File "D:\毕业设计\Travel_python\.venv\Lib\site-packages\redis\commands\core.py", line 4751, in brpop
    return self.execute_command("BRPOP", *keys)
  File "D:\毕业设计\Travel_python\.venv\Lib\site-packages\redis\client.py", line 787, in execute_command
    return self._execute_command(*args, **options)
  File "D:\毕业设计\Travel_python\.venv\Lib\site-packages\redis\client.py", line 793, in _execute_command
    conn = self.connection or pool.get_connection()
  File "D:\毕业设计\Travel_python\.venv\Lib\site-packages\redis\utils.py", line 258, in wrapper
    return func(*args, **kwargs)
  File "D:\毕业设计\Travel_python\.venv\Lib\site-packages\redis\connection.py", line 3139, in get_connection
    connection.connect()
  File "D:\毕业设计\Travel_python\.venv\Lib\site-packages\redis\connection.py", line 1006, in connect
    self.retry.call_with_retry(
  File "D:\毕业设计\Travel_python\.venv\Lib\site-packages\redis\retry.py", line 132, in call_with_retry
    raise error
  File "D:\毕业设计\Travel_python\.venv\Lib\site-packages\redis\retry.py", line 120, in call_with_retry
    return do()
  File "D:\毕业设计\Travel_python\.venv\Lib\site-packages\redis\connection.py", line 1007, in <lambda>
    lambda: self.connect_check_health(
  File "D:\毕业设计\Travel_python\.venv\Lib\site-packages\redis\connection.py", line 1044, in connect_check_health
    raise e

redis.exceptions.TimeoutError: Timeout connecting to server
2026-07-23 09:45:24.009 | INFO     | N/A | ⏳ 等待 Profile 更新任务...
2026-07-23 09:45:24.010 | ERROR    | N/A | Worker 主循环异常: Error 10065 connecting to 192.168.71.140:6379. 套接字操作尝试一个无法连接的主机。.
Traceback (most recent call last):

  File "D:\毕业设计\Travel_python\.venv\Lib\site-packages\redis\connection.py", line 1033, in connect_check_health
    sock = self._connect()
  File "D:\毕业设计\Travel_python\.venv\Lib\site-packages\redis\connection.py", line 1581, in _connect
    raise err
  File "D:\毕业设计\Travel_python\.venv\Lib\site-packages\redis\connection.py", line 1565, in _connect
    sock.connect(socket_address)

OSError: [WinError 10065] 套接字操作尝试一个无法连接的主机。


During handling of the above exception, another exception occurred:


Traceback (most recent call last):

  File "D:\毕业设计\Travel_python\travel_ai_python\app\service\profile_worker.py", line 194, in <module>
    run_worker()

> File "D:\毕业设计\Travel_python\travel_ai_python\app\service\profile_worker.py", line 169, in run_worker
    task_data = pop_profile_update_task(block=True, timeout=5)

  File "D:\毕业设计\Travel_python\travel_ai_python\app\utils\redis_client.py", line 43, in pop_profile_update_task
    result = redis_client.brpop(PROFILE_UPDATE_QUEUE, timeout=timeout)

  File "D:\毕业设计\Travel_python\.venv\Lib\site-packages\redis\commands\core.py", line 4751, in brpop
    return self.execute_command("BRPOP", *keys)
  File "D:\毕业设计\Travel_python\.venv\Lib\site-packages\redis\client.py", line 787, in execute_command
    return self._execute_command(*args, **options)
  File "D:\毕业设计\Travel_python\.venv\Lib\site-packages\redis\client.py", line 793, in _execute_command
    conn = self.connection or pool.get_connection()
  File "D:\毕业设计\Travel_python\.venv\Lib\site-packages\redis\utils.py", line 258, in wrapper
    return func(*args, **kwargs)
  File "D:\毕业设计\Travel_python\.venv\Lib\site-packages\redis\connection.py", line 3139, in get_connection
    connection.connect()
  File "D:\毕业设计\Travel_python\.venv\Lib\site-packages\redis\connection.py", line 1006, in connect
    self.retry.call_with_retry(
  File "D:\毕业设计\Travel_python\.venv\Lib\site-packages\redis\retry.py", line 132, in call_with_retry
    raise error
  File "D:\毕业设计\Travel_python\.venv\Lib\site-packages\redis\retry.py", line 120, in call_with_retry
    return do()
  File "D:\毕业设计\Travel_python\.venv\Lib\site-packages\redis\connection.py", line 1007, in <lambda>
    lambda: self.connect_check_health(
  File "D:\毕业设计\Travel_python\.venv\Lib\site-packages\redis\connection.py", line 1055, in connect_check_health
    raise e

redis.exceptions.ConnectionError: Error 10065 connecting to 192.168.71.140:6379. 套接字操作尝试一个无法连接的主机。.
2026-07-23 09:45:25.404 | INFO     | N/A | ⏳ 等待 Profile 更新任务...
2026-07-23 09:45:25.743 | ERROR    | N/A | Worker 主循环异常: Error 10065 connecting to 192.168.71.140:6379. 套接字操作尝试一个无法连接的主机。.
Traceback (most recent call last):

  File "D:\毕业设计\Travel_python\.venv\Lib\site-packages\redis\connection.py", line 1033, in connect_check_health
    sock = self._connect()
  File "D:\毕业设计\Travel_python\.venv\Lib\site-packages\redis\connection.py", line 1581, in _connect
    raise err
  File "D:\毕业设计\Travel_python\.venv\Lib\site-packages\redis\connection.py", line 1565, in _connect
    sock.connect(socket_address)

OSError: [WinError 10065] 套接字操作尝试一个无法连接的主机。


During handling of the above exception, another exception occurred:


Traceback (most recent call last):

  File "D:\毕业设计\Travel_python\travel_ai_python\app\service\profile_worker.py", line 194, in <module>
    run_worker()

> File "D:\毕业设计\Travel_python\travel_ai_python\app\service\profile_worker.py", line 169, in run_worker
    task_data = pop_profile_update_task(block=True, timeout=5)

  File "D:\毕业设计\Travel_python\travel_ai_python\app\utils\redis_client.py", line 43, in pop_profile_update_task
    result = redis_client.brpop(PROFILE_UPDATE_QUEUE, timeout=timeout)

  File "D:\毕业设计\Travel_python\.venv\Lib\site-packages\redis\commands\core.py", line 4751, in brpop
    return self.execute_command("BRPOP", *keys)
  File "D:\毕业设计\Travel_python\.venv\Lib\site-packages\redis\client.py", line 787, in execute_command
    return self._execute_command(*args, **options)
  File "D:\毕业设计\Travel_python\.venv\Lib\site-packages\redis\client.py", line 793, in _execute_command
    conn = self.connection or pool.get_connection()
  File "D:\毕业设计\Travel_python\.venv\Lib\site-packages\redis\utils.py", line 258, in wrapper
    return func(*args, **kwargs)
  File "D:\毕业设计\Travel_python\.venv\Lib\site-packages\redis\connection.py", line 3139, in get_connection
    connection.connect()
  File "D:\毕业设计\Travel_python\.venv\Lib\site-packages\redis\connection.py", line 1006, in connect
    self.retry.call_with_retry(
  File "D:\毕业设计\Travel_python\.venv\Lib\site-packages\redis\retry.py", line 132, in call_with_retry
    raise error
  File "D:\毕业设计\Travel_python\.venv\Lib\site-packages\redis\retry.py", line 120, in call_with_retry
    return do()
  File "D:\毕业设计\Travel_python\.venv\Lib\site-packages\redis\connection.py", line 1007, in <lambda>
    lambda: self.connect_check_health(
  File "D:\毕业设计\Travel_python\.venv\Lib\site-packages\redis\connection.py", line 1055, in connect_check_health
    raise e

redis.exceptions.ConnectionError: Error 10065 connecting to 192.168.71.140:6379. 套接字操作尝试一个无法连接的主机。.
2026-07-23 09:45:26.903 | INFO     | N/A | ⏳ 等待 Profile 更新任务...
2026-07-23 09:45:37.053 | INFO     | N/A | ⏳ 等待 Profile 更新任务...
2026-07-23 09:45:42.257 | INFO     | N/A | ⏳ 等待 Profile 更新任务...
2026-07-23 09:45:47.469 | INFO     | N/A | ⏳ 等待 Profile 更新任务...
2026-07-23 09:45:52.534 | INFO     | N/A | ⏳ 等待 Profile 更新任务...
2026-07-23 09:45:57.598 | INFO     | N/A | ⏳ 等待 Profile 更新任务...
2026-07-23 09:46:02.633 | INFO     | N/A | ⏳ 等待 Profile 更新任务...
2026-07-23 09:46:07.732 | INFO     | N/A | ⏳ 等待 Profile 更新任务...
2026-07-23 09:46:12.809 | INFO     | N/A | ⏳ 等待 Profile 更新任务...
2026-07-23 09:46:17.863 | INFO     | N/A | ⏳ 等待 Profile 更新任务...
2026-07-23 09:46:22.914 | INFO     | N/A | ⏳ 等待 Profile 更新任务...
2026-07-23 09:46:27.919 | INFO     | N/A | ⏳ 等待 Profile 更新任务...
2026-07-23 09:46:32.968 | INFO     | N/A | ⏳ 等待 Profile 更新任务...
2026-07-23 09:46:37.981 | INFO     | N/A | ⏳ 等待 Profile 更新任务...
2026-07-23 09:46:43.015 | INFO     | N/A | ⏳ 等待 Profile 更新任务...
2026-07-23 09:46:48.097 | INFO     | N/A | ⏳ 等待 Profile 更新任务...
2026-07-23 09:46:53.133 | INFO     | N/A | ⏳ 等待 Profile 更新任务...
2026-07-23 09:46:58.212 | INFO     | N/A | ⏳ 等待 Profile 更新任务...
2026-07-23 09:47:03.275 | INFO     | N/A | ⏳ 等待 Profile 更新任务...
2026-07-23 09:47:08.306 | INFO     | N/A | ⏳ 等待 Profile 更新任务...
2026-07-23 09:47:13.365 | INFO     | N/A | ⏳ 等待 Profile 更新任务...
2026-07-23 09:47:18.431 | INFO     | N/A | ⏳ 等待 Profile 更新任务...
2026-07-23 09:47:23.456 | INFO     | N/A | ⏳ 等待 Profile 更新任务...
2026-07-23 09:47:28.536 | INFO     | N/A | ⏳ 等待 Profile 更新任务...
2026-07-23 09:47:33.583 | INFO     | N/A | ⏳ 等待 Profile 更新任务...
2026-07-23 09:47:38.603 | INFO     | N/A | ⏳ 等待 Profile 更新任务...
2026-07-23 09:47:43.677 | INFO     | N/A | ⏳ 等待 Profile 更新任务...
2026-07-23 09:47:48.699 | INFO     | N/A | ⏳ 等待 Profile 更新任务...
2026-07-23 09:47:53.813 | INFO     | N/A | ⏳ 等待 Profile 更新任务...
2026-07-23 09:47:58.855 | INFO     | N/A | ⏳ 等待 Profile 更新任务...
2026-07-23 09:48:03.872 | INFO     | N/A | ⏳ 等待 Profile 更新任务...
2026-07-23 09:48:08.940 | INFO     | N/A | ⏳ 等待 Profile 更新任务...
2026-07-23 09:48:13.961 | INFO     | N/A | ⏳ 等待 Profile 更新任务...
2026-07-23 09:48:19.026 | INFO     | N/A | ⏳ 等待 Profile 更新任务...
2026-07-23 09:48:24.036 | INFO     | N/A | ⏳ 等待 Profile 更新任务...
2026-07-23 09:48:29.115 | INFO     | N/A | ⏳ 等待 Profile 更新任务...
2026-07-23 09:48:34.157 | INFO     | N/A | ⏳ 等待 Profile 更新任务...
2026-07-23 09:48:39.193 | INFO     | N/A | ⏳ 等待 Profile 更新任务...
2026-07-23 09:48:44.257 | INFO     | N/A | ⏳ 等待 Profile 更新任务...
2026-07-23 09:48:49.063 | INFO     | N/A | ⏳ 等待 Profile 更新任务...
2026-07-23 09:48:53.701 | INFO     | N/A | ⏳ 等待 Profile 更新任务...
2026-07-23 09:48:58.409 | INFO     | N/A | ⏳ 等待 Profile 更新任务...
2026-07-23 09:49:03.208 | INFO     | N/A | ⏳ 等待 Profile 更新任务...
2026-07-23 09:49:08.309 | INFO     | N/A | ⏳ 等待 Profile 更新任务...
2026-07-23 09:49:13.360 | INFO     | N/A | ⏳ 等待 Profile 更新任务...
2026-07-23 09:49:18.438 | INFO     | N/A | ⏳ 等待 Profile 更新任务...
2026-07-23 09:49:23.544 | INFO     | N/A | ⏳ 等待 Profile 更新任务...
2026-07-23 09:49:28.594 | INFO     | N/A | ⏳ 等待 Profile 更新任务...
2026-07-23 09:49:33.661 | INFO     | N/A | ⏳ 等待 Profile 更新任务...
2026-07-23 09:49:38.744 | INFO     | N/A | ⏳ 等待 Profile 更新任务...
2026-07-23 09:49:43.813 | INFO     | N/A | ⏳ 等待 Profile 更新任务...
2026-07-23 09:49:48.834 | INFO     | N/A | ⏳ 等待 Profile 更新任务...
2026-07-23 09:49:53.943 | INFO     | N/A | ⏳ 等待 Profile 更新任务...
2026-07-23 09:49:59.016 | INFO     | N/A | ⏳ 等待 Profile 更新任务...
2026-07-23 09:50:04.027 | INFO     | N/A | ⏳ 等待 Profile 更新任务...
2026-07-23 09:50:09.128 | INFO     | N/A | ⏳ 等待 Profile 更新任务...
2026-07-23 09:50:14.209 | INFO     | N/A | ⏳ 等待 Profile 更新任务...
2026-07-23 09:50:19.264 | INFO     | N/A | ⏳ 等待 Profile 更新任务...
2026-07-23 09:50:24.317 | INFO     | N/A | ⏳ 等待 Profile 更新任务...
2026-07-23 09:50:29.375 | INFO     | N/A | ⏳ 等待 Profile 更新任务...
2026-07-23 09:50:34.401 | INFO     | N/A | ⏳ 等待 Profile 更新任务...
2026-07-23 09:50:39.409 | INFO     | N/A | ⏳ 等待 Profile 更新任务...
2026-07-23 09:50:44.448 | INFO     | N/A | ⏳ 等待 Profile 更新任务...
2026-07-23 09:50:49.470 | INFO     | N/A | ⏳ 等待 Profile 更新任务...
2026-07-23 09:50:54.494 | INFO     | N/A | ⏳ 等待 Profile 更新任务...
2026-07-23 09:50:59.530 | INFO     | N/A | ⏳ 等待 Profile 更新任务...
2026-07-23 09:51:04.553 | INFO     | N/A | ⏳ 等待 Profile 更新任务...
2026-07-23 09:51:09.580 | INFO     | N/A | ⏳ 等待 Profile 更新任务...
2026-07-23 09:51:14.604 | INFO     | N/A | ⏳ 等待 Profile 更新任务...
2026-07-23 09:51:19.629 | INFO     | N/A | ⏳ 等待 Profile 更新任务...
2026-07-23 09:51:24.651 | INFO     | N/A | ⏳ 等待 Profile 更新任务...
2026-07-23 09:51:29.675 | INFO     | N/A | ⏳ 等待 Profile 更新任务...
2026-07-23 09:51:34.705 | INFO     | N/A | ⏳ 等待 Profile 更新任务...
2026-07-23 09:51:39.746 | INFO     | N/A | ⏳ 等待 Profile 更新任务...
2026-07-23 09:51:44.771 | INFO     | N/A | ⏳ 等待 Profile 更新任务...
2026-07-23 09:51:49.795 | INFO     | N/A | ⏳ 等待 Profile 更新任务...
2026-07-23 09:51:54.822 | INFO     | N/A | ⏳ 等待 Profile 更新任务...
2026-07-23 09:51:59.845 | INFO     | N/A | ⏳ 等待 Profile 更新任务...
2026-07-23 09:52:04.874 | INFO     | N/A | ⏳ 等待 Profile 更新任务...
2026-07-23 09:52:09.902 | INFO     | N/A | ⏳ 等待 Profile 更新任务...
2026-07-23 09:52:14.926 | INFO     | N/A | ⏳ 等待 Profile 更新任务...
2026-07-23 09:52:19.949 | INFO     | N/A | ⏳ 等待 Profile 更新任务...
2026-07-23 09:52:24.972 | INFO     | N/A | ⏳ 等待 Profile 更新任务...
2026-07-23 09:52:29.995 | INFO     | N/A | ⏳ 等待 Profile 更新任务...
2026-07-23 09:52:35.013 | INFO     | N/A | ⏳ 等待 Profile 更新任务...
2026-07-23 09:52:40.050 | INFO     | N/A | ⏳ 等待 Profile 更新任务...
2026-07-23 09:52:45.075 | INFO     | N/A | ⏳ 等待 Profile 更新任务...
2026-07-23 09:52:50.101 | INFO     | N/A | ⏳ 等待 Profile 更新任务...
2026-07-23 09:52:55.127 | INFO     | N/A | ⏳ 等待 Profile 更新任务...
2026-07-23 09:53:00.149 | INFO     | N/A | ⏳ 等待 Profile 更新任务...
2026-07-23 09:53:05.180 | INFO     | N/A | ⏳ 等待 Profile 更新任务...
2026-07-23 09:53:10.205 | INFO     | N/A | ⏳ 等待 Profile 更新任务...
2026-07-23 09:53:15.226 | INFO     | N/A | ⏳ 等待 Profile 更新任务...
2026-07-23 09:53:20.248 | INFO     | N/A | ⏳ 等待 Profile 更新任务...
2026-07-23 09:53:25.273 | INFO     | N/A | ⏳ 等待 Profile 更新任务...
2026-07-23 09:53:30.293 | INFO     | N/A | ⏳ 等待 Profile 更新任务...
2026-07-23 09:53:35.323 | INFO     | N/A | ⏳ 等待 Profile 更新任务...
2026-07-23 09:53:40.349 | INFO     | N/A | ⏳ 等待 Profile 更新任务...
2026-07-23 09:53:45.370 | INFO     | N/A | ⏳ 等待 Profile 更新任务...
2026-07-23 09:53:50.394 | INFO     | N/A | ⏳ 等待 Profile 更新任务...
2026-07-23 09:53:55.422 | INFO     | N/A | ⏳ 等待 Profile 更新任务...
2026-07-23 09:54:00.443 | INFO     | N/A | ⏳ 等待 Profile 更新任务...
2026-07-23 09:54:05.471 | INFO     | N/A | ⏳ 等待 Profile 更新任务...
2026-07-23 09:54:10.501 | INFO     | N/A | ⏳ 等待 Profile 更新任务...
2026-07-23 09:54:15.526 | INFO     | N/A | ⏳ 等待 Profile 更新任务...
2026-07-23 09:54:20.550 | INFO     | N/A | ⏳ 等待 Profile 更新任务...
2026-07-23 09:54:25.572 | INFO     | N/A | ⏳ 等待 Profile 更新任务...
2026-07-23 09:54:30.596 | INFO     | N/A | ⏳ 等待 Profile 更新任务...
2026-07-23 09:54:35.625 | INFO     | N/A | ⏳ 等待 Profile 更新任务...
2026-07-23 09:54:40.651 | INFO     | N/A | ⏳ 等待 Profile 更新任务...
2026-07-23 09:54:45.676 | INFO     | N/A | ⏳ 等待 Profile 更新任务...
2026-07-23 09:54:50.699 | INFO     | N/A | ⏳ 等待 Profile 更新任务...
2026-07-23 09:54:55.721 | INFO     | N/A | ⏳ 等待 Profile 更新任务...
2026-07-23 09:55:00.744 | INFO     | N/A | ⏳ 等待 Profile 更新任务...
2026-07-23 09:55:05.773 | INFO     | N/A | ⏳ 等待 Profile 更新任务...
2026-07-23 09:55:10.799 | INFO     | N/A | ⏳ 等待 Profile 更新任务...
2026-07-23 09:55:15.823 | INFO     | N/A | ⏳ 等待 Profile 更新任务...
2026-07-23 09:55:20.843 | INFO     | N/A | ⏳ 等待 Profile 更新任务...
2026-07-23 09:55:25.881 | INFO     | N/A | ⏳ 等待 Profile 更新任务...
2026-07-23 09:55:30.903 | INFO     | N/A | ⏳ 等待 Profile 更新任务...
2026-07-23 09:55:35.906 | INFO     | N/A | ⏳ 等待 Profile 更新任务...
2026-07-23 09:55:40.959 | INFO     | N/A | ⏳ 等待 Profile 更新任务...
2026-07-23 09:55:45.983 | INFO     | N/A | ⏳ 等待 Profile 更新任务...
2026-07-23 09:55:51.004 | INFO     | N/A | ⏳ 等待 Profile 更新任务...
2026-07-23 09:55:56.027 | INFO     | N/A | ⏳ 等待 Profile 更新任务...
2026-07-23 09:56:01.051 | INFO     | N/A | ⏳ 等待 Profile 更新任务...
2026-07-23 09:56:06.080 | INFO     | N/A | ⏳ 等待 Profile 更新任务...
2026-07-23 09:56:11.106 | INFO     | N/A | ⏳ 等待 Profile 更新任务...
2026-07-23 09:56:16.132 | INFO     | N/A | ⏳ 等待 Profile 更新任务...
2026-07-23 09:56:21.156 | INFO     | N/A | ⏳ 等待 Profile 更新任务...
2026-07-23 09:56:26.178 | INFO     | N/A | ⏳ 等待 Profile 更新任务...
2026-07-23 09:56:31.200 | INFO     | N/A | ⏳ 等待 Profile 更新任务...
2026-07-23 09:56:36.229 | INFO     | N/A | ⏳ 等待 Profile 更新任务...
2026-07-23 09:56:41.256 | INFO     | N/A | ⏳ 等待 Profile 更新任务...
2026-07-23 09:56:46.278 | INFO     | N/A | ⏳ 等待 Profile 更新任务...
2026-07-23 09:56:51.300 | INFO     | N/A | ⏳ 等待 Profile 更新任务...
2026-07-23 09:56:56.324 | INFO     | N/A | ⏳ 等待 Profile 更新任务...
2026-07-23 09:57:01.353 | INFO     | N/A | ⏳ 等待 Profile 更新任务...
2026-07-23 09:57:06.382 | INFO     | N/A | ⏳ 等待 Profile 更新任务...
2026-07-23 09:57:11.411 | INFO     | N/A | ⏳ 等待 Profile 更新任务...
2026-07-23 09:57:16.433 | INFO     | N/A | ⏳ 等待 Profile 更新任务...
2026-07-23 09:57:21.457 | INFO     | N/A | ⏳ 等待 Profile 更新任务...
2026-07-23 09:57:26.479 | INFO     | N/A | ⏳ 等待 Profile 更新任务...
2026-07-23 09:57:31.503 | INFO     | N/A | ⏳ 等待 Profile 更新任务...
2026-07-23 09:57:36.530 | INFO     | N/A | ⏳ 等待 Profile 更新任务...
2026-07-23 09:57:41.556 | INFO     | N/A | ⏳ 等待 Profile 更新任务...
2026-07-23 09:57:46.580 | INFO     | N/A | ⏳ 等待 Profile 更新任务...
2026-07-23 09:57:51.601 | INFO     | N/A | ⏳ 等待 Profile 更新任务...
2026-07-23 09:57:56.622 | INFO     | N/A | ⏳ 等待 Profile 更新任务...
2026-07-23 09:58:01.646 | INFO     | N/A | ⏳ 等待 Profile 更新任务...
2026-07-23 09:58:06.680 | INFO     | N/A | ⏳ 等待 Profile 更新任务...
2026-07-23 09:58:11.705 | INFO     | N/A | ⏳ 等待 Profile 更新任务...
2026-07-23 09:58:16.727 | INFO     | N/A | ⏳ 等待 Profile 更新任务...
2026-07-23 09:58:21.751 | INFO     | N/A | ⏳ 等待 Profile 更新任务...
2026-07-23 09:58:26.776 | INFO     | N/A | ⏳ 等待 Profile 更新任务...
2026-07-23 09:58:31.800 | INFO     | N/A | ⏳ 等待 Profile 更新任务...
2026-07-23 09:58:36.803 | INFO     | N/A | ⏳ 等待 Profile 更新任务...
2026-07-23 09:58:41.858 | INFO     | N/A | ⏳ 等待 Profile 更新任务...
2026-07-23 09:58:46.881 | INFO     | N/A | ⏳ 等待 Profile 更新任务...
2026-07-23 09:58:51.903 | INFO     | N/A | ⏳ 等待 Profile 更新任务...
2026-07-23 09:58:56.929 | INFO     | N/A | ⏳ 等待 Profile 更新任务...
2026-07-23 09:59:01.953 | INFO     | N/A | ⏳ 等待 Profile 更新任务...
2026-07-23 09:59:06.982 | INFO     | N/A | ⏳ 等待 Profile 更新任务...
2026-07-23 09:59:12.006 | INFO     | N/A | ⏳ 等待 Profile 更新任务...
2026-07-23 09:59:17.030 | INFO     | N/A | ⏳ 等待 Profile 更新任务...
2026-07-23 09:59:22.052 | INFO     | N/A | ⏳ 等待 Profile 更新任务...
2026-07-23 09:59:27.074 | INFO     | N/A | ⏳ 等待 Profile 更新任务...
2026-07-23 09:59:32.098 | INFO     | N/A | ⏳ 等待 Profile 更新任务...
2026-07-23 09:59:37.106 | INFO     | N/A | ⏳ 等待 Profile 更新任务...
2026-07-23 09:59:42.156 | INFO     | N/A | ⏳ 等待 Profile 更新任务...
2026-07-23 09:59:47.180 | INFO     | N/A | ⏳ 等待 Profile 更新任务...
2026-07-23 09:59:52.203 | INFO     | N/A | ⏳ 等待 Profile 更新任务...
2026-07-23 09:59:57.225 | INFO     | N/A | ⏳ 等待 Profile 更新任务...
2026-07-23 10:00:02.251 | INFO     | N/A | ⏳ 等待 Profile 更新任务...
2026-07-23 10:00:07.282 | INFO     | N/A | ⏳ 等待 Profile 更新任务...
2026-07-23 10:00:12.305 | INFO     | N/A | ⏳ 等待 Profile 更新任务...
2026-07-23 10:00:17.326 | INFO     | N/A | ⏳ 等待 Profile 更新任务...
2026-07-23 10:00:22.348 | INFO     | N/A | ⏳ 等待 Profile 更新任务...
2026-07-23 10:00:27.368 | INFO     | N/A | ⏳ 等待 Profile 更新任务...
2026-07-23 10:00:32.392 | INFO     | N/A | ⏳ 等待 Profile 更新任务...
2026-07-23 10:00:37.421 | INFO     | N/A | ⏳ 等待 Profile 更新任务...
2026-07-23 10:00:42.443 | INFO     | N/A | ⏳ 等待 Profile 更新任务...
2026-07-23 10:00:47.464 | INFO     | N/A | ⏳ 等待 Profile 更新任务...
2026-07-23 10:00:52.484 | INFO     | N/A | ⏳ 等待 Profile 更新任务...
2026-07-23 10:00:57.506 | INFO     | N/A | ⏳ 等待 Profile 更新任务...
2026-07-23 10:01:02.530 | INFO     | N/A | ⏳ 等待 Profile 更新任务...
2026-07-23 10:01:07.561 | INFO     | N/A | ⏳ 等待 Profile 更新任务...
2026-07-23 10:01:12.586 | INFO     | N/A | ⏳ 等待 Profile 更新任务...
2026-07-23 10:01:17.609 | INFO     | N/A | ⏳ 等待 Profile 更新任务...
2026-07-23 10:01:22.637 | INFO     | N/A | ⏳ 等待 Profile 更新任务...
2026-07-23 10:01:27.661 | INFO     | N/A | ⏳ 等待 Profile 更新任务...
2026-07-23 10:01:32.683 | INFO     | N/A | ⏳ 等待 Profile 更新任务...
2026-07-23 10:01:37.718 | INFO     | N/A | ⏳ 等待 Profile 更新任务...
2026-07-23 10:01:42.745 | INFO     | N/A | ⏳ 等待 Profile 更新任务...
2026-07-23 10:01:47.766 | INFO     | N/A | ⏳ 等待 Profile 更新任务...
2026-07-23 10:01:52.789 | INFO     | N/A | ⏳ 等待 Profile 更新任务...
2026-07-23 10:01:57.811 | INFO     | N/A | ⏳ 等待 Profile 更新任务...
2026-07-23 10:02:02.835 | INFO     | N/A | ⏳ 等待 Profile 更新任务...
2026-07-23 10:02:07.869 | INFO     | N/A | ⏳ 等待 Profile 更新任务...
2026-07-23 10:02:12.891 | INFO     | N/A | ⏳ 等待 Profile 更新任务...
2026-07-23 10:02:17.915 | INFO     | N/A | ⏳ 等待 Profile 更新任务...
2026-07-23 10:02:22.939 | INFO     | N/A | ⏳ 等待 Profile 更新任务...
2026-07-23 10:02:27.961 | INFO     | N/A | ⏳ 等待 Profile 更新任务...
2026-07-23 10:02:32.983 | INFO     | N/A | ⏳ 等待 Profile 更新任务...
2026-07-23 10:02:38.014 | INFO     | N/A | ⏳ 等待 Profile 更新任务...
2026-07-23 10:02:43.041 | INFO     | N/A | ⏳ 等待 Profile 更新任务...
2026-07-23 10:02:48.063 | INFO     | N/A | ⏳ 等待 Profile 更新任务...
2026-07-23 10:02:53.087 | INFO     | N/A | ⏳ 等待 Profile 更新任务...
2026-07-23 10:02:58.108 | INFO     | N/A | ⏳ 等待 Profile 更新任务...
2026-07-23 10:03:03.130 | INFO     | N/A | ⏳ 等待 Profile 更新任务...
2026-07-23 10:03:08.159 | INFO     | N/A | ⏳ 等待 Profile 更新任务...
2026-07-23 10:03:13.182 | INFO     | N/A | ⏳ 等待 Profile 更新任务...
2026-07-23 10:03:18.206 | INFO     | N/A | ⏳ 等待 Profile 更新任务...
2026-07-23 10:03:23.228 | INFO     | N/A | ⏳ 等待 Profile 更新任务...
2026-07-23 10:03:28.253 | INFO     | N/A | ⏳ 等待 Profile 更新任务...
2026-07-23 10:03:33.276 | INFO     | N/A | ⏳ 等待 Profile 更新任务...
2026-07-23 10:03:38.305 | INFO     | N/A | ⏳ 等待 Profile 更新任务...
2026-07-23 10:03:43.329 | INFO     | N/A | ⏳ 等待 Profile 更新任务...
2026-07-23 10:03:48.353 | INFO     | N/A | ⏳ 等待 Profile 更新任务...
2026-07-23 10:03:53.374 | INFO     | N/A | ⏳ 等待 Profile 更新任务...
2026-07-23 10:03:58.397 | INFO     | N/A | ⏳ 等待 Profile 更新任务...
2026-07-23 10:04:03.421 | INFO     | N/A | ⏳ 等待 Profile 更新任务...
2026-07-23 10:04:08.458 | INFO     | N/A | ⏳ 等待 Profile 更新任务...
2026-07-23 10:04:13.482 | INFO     | N/A | ⏳ 等待 Profile 更新任务...
2026-07-23 10:04:18.504 | INFO     | N/A | ⏳ 等待 Profile 更新任务...
2026-07-23 10:04:23.525 | INFO     | N/A | ⏳ 等待 Profile 更新任务...
2026-07-23 10:04:28.549 | INFO     | N/A | ⏳ 等待 Profile 更新任务...
2026-07-23 10:04:33.572 | INFO     | N/A | ⏳ 等待 Profile 更新任务...
2026-07-23 10:04:38.606 | INFO     | N/A | ⏳ 等待 Profile 更新任务...
2026-07-23 10:04:43.628 | INFO     | N/A | ⏳ 等待 Profile 更新任务...
2026-07-23 10:04:48.649 | INFO     | N/A | ⏳ 等待 Profile 更新任务...
2026-07-23 10:04:53.670 | INFO     | N/A | ⏳ 等待 Profile 更新任务...
2026-07-23 10:04:58.693 | INFO     | N/A | ⏳ 等待 Profile 更新任务...
2026-07-23 10:05:03.716 | INFO     | N/A | ⏳ 等待 Profile 更新任务...
2026-07-23 10:05:08.751 | INFO     | N/A | ⏳ 等待 Profile 更新任务...
2026-07-23 10:05:13.775 | INFO     | N/A | ⏳ 等待 Profile 更新任务...
2026-07-23 10:05:18.795 | INFO     | N/A | ⏳ 等待 Profile 更新任务...
2026-07-23 10:05:23.815 | INFO     | N/A | ⏳ 等待 Profile 更新任务...
2026-07-23 10:05:28.838 | INFO     | N/A | ⏳ 等待 Profile 更新任务...
2026-07-23 10:05:33.861 | INFO     | N/A | ⏳ 等待 Profile 更新任务...
2026-07-23 10:05:38.898 | INFO     | N/A | ⏳ 等待 Profile 更新任务...
2026-07-23 10:05:43.928 | INFO     | N/A | ⏳ 等待 Profile 更新任务...
2026-07-23 10:05:48.952 | INFO     | N/A | ⏳ 等待 Profile 更新任务...
2026-07-23 10:05:53.976 | INFO     | N/A | ⏳ 等待 Profile 更新任务...
2026-07-23 10:05:59.002 | INFO     | N/A | ⏳ 等待 Profile 更新任务...
2026-07-23 10:06:04.026 | INFO     | N/A | ⏳ 等待 Profile 更新任务...
2026-07-23 10:06:09.058 | INFO     | N/A | ⏳ 等待 Profile 更新任务...
2026-07-23 10:06:14.080 | INFO     | N/A | ⏳ 等待 Profile 更新任务...
2026-07-23 10:06:19.105 | INFO     | N/A | ⏳ 等待 Profile 更新任务...
2026-07-23 10:06:24.126 | INFO     | N/A | ⏳ 等待 Profile 更新任务...
2026-07-23 10:06:29.150 | INFO     | N/A | ⏳ 等待 Profile 更新任务...
2026-07-23 10:06:34.177 | INFO     | N/A | ⏳ 等待 Profile 更新任务...
2026-07-23 10:06:39.209 | INFO     | N/A | ⏳ 等待 Profile 更新任务...
2026-07-23 10:06:44.233 | INFO     | N/A | ⏳ 等待 Profile 更新任务...
2026-07-23 10:06:49.256 | INFO     | N/A | ⏳ 等待 Profile 更新任务...
2026-07-23 10:06:54.277 | INFO     | N/A | ⏳ 等待 Profile 更新任务...
2026-07-23 10:06:59.301 | INFO     | N/A | ⏳ 等待 Profile 更新任务...
2026-07-23 10:07:04.324 | INFO     | N/A | ⏳ 等待 Profile 更新任务...
2026-07-23 10:07:09.359 | INFO     | N/A | ⏳ 等待 Profile 更新任务...
2026-07-23 10:07:14.383 | INFO     | N/A | ⏳ 等待 Profile 更新任务...
2026-07-23 10:07:19.409 | INFO     | N/A | ⏳ 等待 Profile 更新任务...
2026-07-23 10:07:24.434 | INFO     | N/A | ⏳ 等待 Profile 更新任务...
2026-07-23 10:07:29.456 | INFO     | N/A | ⏳ 等待 Profile 更新任务...
2026-07-23 10:07:34.478 | INFO     | N/A | ⏳ 等待 Profile 更新任务...
2026-07-23 10:07:39.510 | INFO     | N/A | ⏳ 等待 Profile 更新任务...
2026-07-23 10:07:44.532 | INFO     | N/A | ⏳ 等待 Profile 更新任务...
2026-07-23 10:07:49.555 | INFO     | N/A | ⏳ 等待 Profile 更新任务...
2026-07-23 10:07:54.578 | INFO     | N/A | ⏳ 等待 Profile 更新任务...
2026-07-23 10:07:59.602 | INFO     | N/A | ⏳ 等待 Profile 更新任务...
2026-07-23 10:08:04.626 | INFO     | N/A | ⏳ 等待 Profile 更新任务...
2026-07-23 10:08:09.664 | INFO     | N/A | ⏳ 等待 Profile 更新任务...
2026-07-23 10:08:14.687 | INFO     | N/A | ⏳ 等待 Profile 更新任务...
2026-07-23 10:08:19.707 | INFO     | N/A | ⏳ 等待 Profile 更新任务...
2026-07-23 10:08:24.726 | INFO     | N/A | ⏳ 等待 Profile 更新任务...
2026-07-23 10:08:29.749 | INFO     | N/A | ⏳ 等待 Profile 更新任务...
2026-07-23 10:08:34.772 | INFO     | N/A | ⏳ 等待 Profile 更新任务...
2026-07-23 10:08:39.803 | INFO     | N/A | ⏳ 等待 Profile 更新任务...
2026-07-23 10:08:44.827 | INFO     | N/A | ⏳ 等待 Profile 更新任务...
2026-07-23 10:08:49.850 | INFO     | N/A | ⏳ 等待 Profile 更新任务...
2026-07-23 10:08:54.874 | INFO     | N/A | ⏳ 等待 Profile 更新任务...
2026-07-23 10:08:59.897 | INFO     | N/A | ⏳ 等待 Profile 更新任务...
2026-07-23 10:09:04.920 | INFO     | N/A | ⏳ 等待 Profile 更新任务...
2026-07-23 10:09:09.952 | INFO     | N/A | ⏳ 等待 Profile 更新任务...
2026-07-23 10:09:14.974 | INFO     | N/A | ⏳ 等待 Profile 更新任务...
2026-07-23 10:09:19.996 | INFO     | N/A | ⏳ 等待 Profile 更新任务...
2026-07-23 10:09:25.018 | INFO     | N/A | ⏳ 等待 Profile 更新任务...
2026-07-23 10:09:30.042 | INFO     | N/A | ⏳ 等待 Profile 更新任务...
2026-07-23 10:09:35.064 | INFO     | N/A | ⏳ 等待 Profile 更新任务...
2026-07-23 10:09:40.098 | INFO     | N/A | ⏳ 等待 Profile 更新任务...
2026-07-23 10:09:45.122 | INFO     | N/A | ⏳ 等待 Profile 更新任务...
2026-07-23 10:09:50.146 | INFO     | N/A | ⏳ 等待 Profile 更新任务...
2026-07-23 10:09:55.168 | INFO     | N/A | ⏳ 等待 Profile 更新任务...
2026-07-23 10:10:00.193 | INFO     | N/A | ⏳ 等待 Profile 更新任务...
2026-07-23 10:10:05.215 | INFO     | N/A | ⏳ 等待 Profile 更新任务...
2026-07-23 10:10:10.248 | INFO     | N/A | ⏳ 等待 Profile 更新任务...
2026-07-23 10:10:15.272 | INFO     | N/A | ⏳ 等待 Profile 更新任务...
2026-07-23 10:10:20.294 | INFO     | N/A | ⏳ 等待 Profile 更新任务...
2026-07-23 10:10:25.326 | INFO     | N/A | ⏳ 等待 Profile 更新任务...
2026-07-23 10:10:30.349 | INFO     | N/A | ⏳ 等待 Profile 更新任务...
2026-07-23 10:10:35.372 | INFO     | N/A | ⏳ 等待 Profile 更新任务...
2026-07-23 10:10:40.403 | INFO     | N/A | ⏳ 等待 Profile 更新任务...
2026-07-23 10:10:45.424 | INFO     | N/A | ⏳ 等待 Profile 更新任务...
2026-07-23 10:10:50.447 | INFO     | N/A | ⏳ 等待 Profile 更新任务...
2026-07-23 10:10:55.469 | INFO     | N/A | ⏳ 等待 Profile 更新任务...
2026-07-23 10:11:00.492 | INFO     | N/A | ⏳ 等待 Profile 更新任务...
2026-07-23 10:11:05.514 | INFO     | N/A | ⏳ 等待 Profile 更新任务...
2026-07-23 10:11:10.549 | INFO     | N/A | ⏳ 等待 Profile 更新任务...
2026-07-23 10:11:15.572 | INFO     | N/A | ⏳ 等待 Profile 更新任务...
2026-07-23 10:11:20.596 | INFO     | N/A | ⏳ 等待 Profile 更新任务...
2026-07-23 10:11:25.619 | INFO     | N/A | ⏳ 等待 Profile 更新任务...
2026-07-23 10:11:30.643 | INFO     | N/A | ⏳ 等待 Profile 更新任务...
2026-07-23 10:11:35.666 | INFO     | N/A | ⏳ 等待 Profile 更新任务...
2026-07-23 10:11:40.700 | INFO     | N/A | ⏳ 等待 Profile 更新任务...
2026-07-23 10:11:45.727 | INFO     | N/A | ⏳ 等待 Profile 更新任务...
2026-07-23 10:11:50.751 | INFO     | N/A | ⏳ 等待 Profile 更新任务...
2026-07-23 10:11:55.772 | INFO     | N/A | ⏳ 等待 Profile 更新任务...
2026-07-23 10:12:00.795 | INFO     | N/A | ⏳ 等待 Profile 更新任务...
2026-07-23 10:12:05.816 | INFO     | N/A | ⏳ 等待 Profile 更新任务...
2026-07-23 10:12:10.848 | INFO     | N/A | ⏳ 等待 Profile 更新任务...
2026-07-23 10:12:15.872 | INFO     | N/A | ⏳ 等待 Profile 更新任务...
2026-07-23 10:12:20.895 | INFO     | N/A | ⏳ 等待 Profile 更新任务...
2026-07-23 10:12:25.918 | INFO     | N/A | ⏳ 等待 Profile 更新任务...
2026-07-23 10:12:30.939 | INFO     | N/A | ⏳ 等待 Profile 更新任务...
2026-07-23 10:12:35.966 | INFO     | N/A | ⏳ 等待 Profile 更新任务...
2026-07-23 10:12:41.000 | INFO     | N/A | ⏳ 等待 Profile 更新任务...
2026-07-23 10:12:46.022 | INFO     | N/A | ⏳ 等待 Profile 更新任务...
2026-07-23 10:12:51.044 | INFO     | N/A | ⏳ 等待 Profile 更新任务...
2026-07-23 10:12:56.066 | INFO     | N/A | ⏳ 等待 Profile 更新任务...
2026-07-23 10:13:01.089 | INFO     | N/A | ⏳ 等待 Profile 更新任务...
2026-07-23 10:13:06.111 | INFO     | N/A | ⏳ 等待 Profile 更新任务...
2026-07-23 10:13:11.143 | INFO     | N/A | ⏳ 等待 Profile 更新任务...
2026-07-23 10:13:16.167 | INFO     | N/A | ⏳ 等待 Profile 更新任务...
2026-07-23 10:13:21.188 | INFO     | N/A | ⏳ 等待 Profile 更新任务...
2026-07-23 10:13:26.210 | INFO     | N/A | ⏳ 等待 Profile 更新任务...
2026-07-23 10:13:31.232 | INFO     | N/A | ⏳ 等待 Profile 更新任务...
2026-07-23 10:13:36.255 | INFO     | N/A | ⏳ 等待 Profile 更新任务...
2026-07-23 10:13:41.287 | INFO     | N/A | ⏳ 等待 Profile 更新任务...
2026-07-23 10:13:46.310 | INFO     | N/A | ⏳ 等待 Profile 更新任务...
2026-07-23 10:13:51.332 | INFO     | N/A | ⏳ 等待 Profile 更新任务...
2026-07-23 10:13:56.355 | INFO     | N/A | ⏳ 等待 Profile 更新任务...
2026-07-23 10:14:01.376 | INFO     | N/A | ⏳ 等待 Profile 更新任务...
2026-07-23 10:14:06.400 | INFO     | N/A | ⏳ 等待 Profile 更新任务...
2026-07-23 10:14:11.433 | INFO     | N/A | ⏳ 等待 Profile 更新任务...
2026-07-23 10:14:16.457 | INFO     | N/A | ⏳ 等待 Profile 更新任务...
2026-07-23 10:14:21.479 | INFO     | N/A | ⏳ 等待 Profile 更新任务...
2026-07-23 10:14:26.502 | INFO     | N/A | ⏳ 等待 Profile 更新任务...
2026-07-23 10:14:31.526 | INFO     | N/A | ⏳ 等待 Profile 更新任务...
2026-07-23 10:14:36.549 | INFO     | N/A | ⏳ 等待 Profile 更新任务...
2026-07-23 10:14:41.581 | INFO     | N/A | ⏳ 等待 Profile 更新任务...
2026-07-23 10:14:46.603 | INFO     | N/A | ⏳ 等待 Profile 更新任务...
2026-07-23 10:14:51.626 | INFO     | N/A | ⏳ 等待 Profile 更新任务...
2026-07-23 10:14:56.648 | INFO     | N/A | ⏳ 等待 Profile 更新任务...
2026-07-23 10:15:01.671 | INFO     | N/A | ⏳ 等待 Profile 更新任务...
2026-07-23 10:15:06.692 | INFO     | N/A | ⏳ 等待 Profile 更新任务...
2026-07-23 10:15:11.723 | INFO     | N/A | ⏳ 等待 Profile 更新任务...
2026-07-23 10:15:16.746 | INFO     | N/A | ⏳ 等待 Profile 更新任务...
2026-07-23 10:15:21.769 | INFO     | N/A | ⏳ 等待 Profile 更新任务...
2026-07-23 10:15:26.792 | INFO     | N/A | ⏳ 等待 Profile 更新任务...
2026-07-23 10:15:31.814 | INFO     | N/A | ⏳ 等待 Profile 更新任务...
2026-07-23 10:15:36.835 | INFO     | N/A | ⏳ 等待 Profile 更新任务...
2026-07-23 10:15:41.866 | INFO     | N/A | ⏳ 等待 Profile 更新任务...
2026-07-23 10:15:46.889 | INFO     | N/A | ⏳ 等待 Profile 更新任务...
2026-07-23 10:15:51.910 | INFO     | N/A | ⏳ 等待 Profile 更新任务...
2026-07-23 10:15:56.933 | INFO     | N/A | ⏳ 等待 Profile 更新任务...
2026-07-23 10:16:01.960 | INFO     | N/A | ⏳ 等待 Profile 更新任务...
2026-07-23 10:16:06.982 | INFO     | N/A | ⏳ 等待 Profile 更新任务...
2026-07-23 10:16:12.035 | INFO     | N/A | ⏳ 等待 Profile 更新任务...
2026-07-23 10:16:17.059 | INFO     | N/A | ⏳ 等待 Profile 更新任务...
2026-07-23 10:16:22.083 | INFO     | N/A | ⏳ 等待 Profile 更新任务...
2026-07-23 10:16:27.106 | INFO     | N/A | ⏳ 等待 Profile 更新任务...
2026-07-23 10:16:32.129 | INFO     | N/A | ⏳ 等待 Profile 更新任务...
2026-07-23 10:16:37.151 | INFO     | N/A | ⏳ 等待 Profile 更新任务...
2026-07-23 10:16:42.182 | INFO     | N/A | ⏳ 等待 Profile 更新任务...
2026-07-23 10:16:47.205 | INFO     | N/A | ⏳ 等待 Profile 更新任务...
2026-07-23 10:16:52.227 | INFO     | N/A | ⏳ 等待 Profile 更新任务...
2026-07-23 10:16:57.251 | INFO     | N/A | ⏳ 等待 Profile 更新任务...
2026-07-23 10:17:02.305 | INFO     | N/A | ⏳ 等待 Profile 更新任务...
2026-07-23 10:17:07.326 | INFO     | N/A | ⏳ 等待 Profile 更新任务...
2026-07-23 10:17:12.358 | INFO     | N/A | ⏳ 等待 Profile 更新任务...
2026-07-23 10:17:17.381 | INFO     | N/A | ⏳ 等待 Profile 更新任务...
2026-07-23 10:17:22.403 | INFO     | N/A | ⏳ 等待 Profile 更新任务...
2026-07-23 10:17:27.425 | INFO     | N/A | ⏳ 等待 Profile 更新任务...
2026-07-23 10:17:32.447 | INFO     | N/A | ⏳ 等待 Profile 更新任务...
2026-07-23 10:17:37.470 | INFO     | N/A | ⏳ 等待 Profile 更新任务...
2026-07-23 10:17:42.502 | INFO     | N/A | ⏳ 等待 Profile 更新任务...
2026-07-23 10:17:47.526 | INFO     | N/A | ⏳ 等待 Profile 更新任务...
2026-07-23 10:17:52.549 | INFO     | N/A | ⏳ 等待 Profile 更新任务...
2026-07-23 10:17:57.574 | INFO     | N/A | ⏳ 等待 Profile 更新任务...
2026-07-23 10:18:02.598 | INFO     | N/A | ⏳ 等待 Profile 更新任务...
2026-07-23 10:18:07.624 | INFO     | N/A | ⏳ 等待 Profile 更新任务...
2026-07-23 10:18:12.665 | INFO     | N/A | ⏳ 等待 Profile 更新任务...
2026-07-23 10:18:17.688 | INFO     | N/A | ⏳ 等待 Profile 更新任务...
2026-07-23 10:18:22.711 | INFO     | N/A | ⏳ 等待 Profile 更新任务...
2026-07-23 10:18:27.735 | INFO     | N/A | ⏳ 等待 Profile 更新任务...
2026-07-23 10:18:32.757 | INFO     | N/A | ⏳ 等待 Profile 更新任务...
2026-07-23 10:18:37.781 | INFO     | N/A | ⏳ 等待 Profile 更新任务...
2026-07-23 10:18:42.813 | INFO     | N/A | ⏳ 等待 Profile 更新任务...
2026-07-23 10:18:47.836 | INFO     | N/A | ⏳ 等待 Profile 更新任务...
2026-07-23 10:18:52.861 | INFO     | N/A | ⏳ 等待 Profile 更新任务...
2026-07-23 10:18:57.883 | INFO     | N/A | ⏳ 等待 Profile 更新任务...
2026-07-23 10:19:02.906 | INFO     | N/A | ⏳ 等待 Profile 更新任务...
2026-07-23 10:19:07.932 | INFO     | N/A | ⏳ 等待 Profile 更新任务...
2026-07-23 10:19:12.967 | INFO     | N/A | ⏳ 等待 Profile 更新任务...
2026-07-23 10:19:17.993 | INFO     | N/A | ⏳ 等待 Profile 更新任务...
2026-07-23 10:19:23.017 | INFO     | N/A | ⏳ 等待 Profile 更新任务...
2026-07-23 10:19:28.040 | INFO     | N/A | ⏳ 等待 Profile 更新任务...
2026-07-23 10:19:33.063 | INFO     | N/A | ⏳ 等待 Profile 更新任务...
2026-07-23 10:19:38.088 | INFO     | N/A | ⏳ 等待 Profile 更新任务...
2026-07-23 10:19:43.119 | INFO     | N/A | ⏳ 等待 Profile 更新任务...
2026-07-23 10:19:48.141 | INFO     | N/A | ⏳ 等待 Profile 更新任务...
2026-07-23 10:19:53.165 | INFO     | N/A | ⏳ 等待 Profile 更新任务...
2026-07-23 10:19:58.190 | INFO     | N/A | ⏳ 等待 Profile 更新任务...
2026-07-23 10:20:03.215 | INFO     | N/A | ⏳ 等待 Profile 更新任务...
2026-07-23 10:20:08.238 | INFO     | N/A | ⏳ 等待 Profile 更新任务...
2026-07-23 10:20:13.272 | INFO     | N/A | ⏳ 等待 Profile 更新任务...
2026-07-23 10:20:18.298 | INFO     | N/A | ⏳ 等待 Profile 更新任务...
2026-07-23 10:20:23.320 | INFO     | N/A | ⏳ 等待 Profile 更新任务...
2026-07-23 10:20:28.344 | INFO     | N/A | ⏳ 等待 Profile 更新任务...
2026-07-23 10:20:33.367 | INFO     | N/A | ⏳ 等待 Profile 更新任务...
2026-07-23 10:20:38.389 | INFO     | N/A | ⏳ 等待 Profile 更新任务...
2026-07-23 10:20:43.421 | INFO     | N/A | ⏳ 等待 Profile 更新任务...
2026-07-23 10:20:48.444 | INFO     | N/A | ⏳ 等待 Profile 更新任务...
2026-07-23 10:20:53.466 | INFO     | N/A | ⏳ 等待 Profile 更新任务...
2026-07-23 10:20:58.489 | INFO     | N/A | ⏳ 等待 Profile 更新任务...
2026-07-23 10:21:03.514 | INFO     | N/A | ⏳ 等待 Profile 更新任务...
2026-07-23 10:21:08.537 | INFO     | N/A | ⏳ 等待 Profile 更新任务...
2026-07-23 10:21:13.569 | INFO     | N/A | ⏳ 等待 Profile 更新任务...
2026-07-23 10:21:18.599 | INFO     | N/A | ⏳ 等待 Profile 更新任务...
2026-07-23 10:21:23.620 | INFO     | N/A | ⏳ 等待 Profile 更新任务...
2026-07-23 10:21:28.643 | INFO     | N/A | ⏳ 等待 Profile 更新任务...
2026-07-23 10:21:33.667 | INFO     | N/A | ⏳ 等待 Profile 更新任务...
2026-07-23 10:21:38.690 | INFO     | N/A | ⏳ 等待 Profile 更新任务...
2026-07-23 10:21:43.722 | INFO     | N/A | ⏳ 等待 Profile 更新任务...
2026-07-23 10:21:48.746 | INFO     | N/A | ⏳ 等待 Profile 更新任务...
2026-07-23 10:21:53.772 | INFO     | N/A | ⏳ 等待 Profile 更新任务...
2026-07-23 10:21:58.796 | INFO     | N/A | ⏳ 等待 Profile 更新任务...
2026-07-23 10:22:03.820 | INFO     | N/A | ⏳ 等待 Profile 更新任务...
2026-07-23 10:22:08.842 | INFO     | N/A | ⏳ 等待 Profile 更新任务...
2026-07-23 10:22:13.875 | INFO     | N/A | ⏳ 等待 Profile 更新任务...
2026-07-23 10:22:18.897 | INFO     | N/A | ⏳ 等待 Profile 更新任务...
2026-07-23 10:22:23.921 | INFO     | N/A | ⏳ 等待 Profile 更新任务...
2026-07-23 10:22:28.945 | INFO     | N/A | ⏳ 等待 Profile 更新任务...
2026-07-23 10:22:33.970 | INFO     | N/A | ⏳ 等待 Profile 更新任务...
2026-07-23 10:22:38.994 | INFO     | N/A | ⏳ 等待 Profile 更新任务...
2026-07-23 10:22:44.028 | INFO     | N/A | ⏳ 等待 Profile 更新任务...
2026-07-23 10:22:49.052 | INFO     | N/A | ⏳ 等待 Profile 更新任务...
2026-07-23 10:22:54.076 | INFO     | N/A | ⏳ 等待 Profile 更新任务...
2026-07-23 10:22:59.098 | INFO     | N/A | ⏳ 等待 Profile 更新任务...
2026-07-23 10:23:04.124 | INFO     | N/A | ⏳ 等待 Profile 更新任务...
2026-07-23 10:23:09.148 | INFO     | N/A | ⏳ 等待 Profile 更新任务...
2026-07-23 10:23:14.181 | INFO     | N/A | ⏳ 等待 Profile 更新任务...
2026-07-23 10:23:19.205 | INFO     | N/A | ⏳ 等待 Profile 更新任务...
2026-07-23 10:23:24.227 | INFO     | N/A | ⏳ 等待 Profile 更新任务...
2026-07-23 10:23:29.250 | INFO     | N/A | ⏳ 等待 Profile 更新任务...
2026-07-23 10:23:34.275 | INFO     | N/A | ⏳ 等待 Profile 更新任务...
2026-07-23 10:23:39.298 | INFO     | N/A | ⏳ 等待 Profile 更新任务...
2026-07-23 10:23:44.327 | INFO     | N/A | ⏳ 等待 Profile 更新任务...
2026-07-23 10:23:49.350 | INFO     | N/A | ⏳ 等待 Profile 更新任务...
2026-07-23 10:23:54.373 | INFO     | N/A | ⏳ 等待 Profile 更新任务...
2026-07-23 10:23:59.397 | INFO     | N/A | ⏳ 等待 Profile 更新任务...
2026-07-23 10:24:04.420 | INFO     | N/A | ⏳ 等待 Profile 更新任务...
2026-07-23 10:24:09.444 | INFO     | N/A | ⏳ 等待 Profile 更新任务...
2026-07-23 10:24:14.479 | INFO     | N/A | ⏳ 等待 Profile 更新任务...
2026-07-23 10:24:19.502 | INFO     | N/A | ⏳ 等待 Profile 更新任务...
2026-07-23 10:24:24.524 | INFO     | N/A | ⏳ 等待 Profile 更新任务...
2026-07-23 10:24:29.548 | INFO     | N/A | ⏳ 等待 Profile 更新任务...
2026-07-23 10:24:34.575 | INFO     | N/A | ⏳ 等待 Profile 更新任务...
2026-07-23 10:24:39.596 | INFO     | N/A | ⏳ 等待 Profile 更新任务...
2026-07-23 10:24:44.631 | INFO     | N/A | ⏳ 等待 Profile 更新任务...
2026-07-23 10:24:49.653 | INFO     | N/A | ⏳ 等待 Profile 更新任务...
2026-07-23 10:24:54.677 | INFO     | N/A | ⏳ 等待 Profile 更新任务...
2026-07-23 10:24:59.700 | INFO     | N/A | ⏳ 等待 Profile 更新任务...
2026-07-23 10:25:04.723 | INFO     | N/A | ⏳ 等待 Profile 更新任务...
2026-07-23 10:25:09.747 | INFO     | N/A | ⏳ 等待 Profile 更新任务...
2026-07-23 10:25:14.779 | INFO     | N/A | ⏳ 等待 Profile 更新任务...
2026-07-23 10:25:19.805 | INFO     | N/A | ⏳ 等待 Profile 更新任务...
2026-07-23 10:25:24.829 | INFO     | N/A | ⏳ 等待 Profile 更新任务...
2026-07-23 10:25:29.851 | INFO     | N/A | ⏳ 等待 Profile 更新任务...
2026-07-23 10:25:34.874 | INFO     | N/A | ⏳ 等待 Profile 更新任务...
2026-07-23 10:25:39.897 | INFO     | N/A | ⏳ 等待 Profile 更新任务...
2026-07-23 10:25:44.926 | INFO     | N/A | ⏳ 等待 Profile 更新任务...
2026-07-23 10:25:49.949 | INFO     | N/A | ⏳ 等待 Profile 更新任务...
2026-07-23 10:25:54.976 | INFO     | N/A | ⏳ 等待 Profile 更新任务...
2026-07-23 10:25:59.997 | INFO     | N/A | ⏳ 等待 Profile 更新任务...
2026-07-23 10:26:05.021 | INFO     | N/A | ⏳ 等待 Profile 更新任务...
2026-07-23 10:26:10.044 | INFO     | N/A | ⏳ 等待 Profile 更新任务...
2026-07-23 10:26:15.078 | INFO     | N/A | ⏳ 等待 Profile 更新任务...
2026-07-23 10:26:20.102 | INFO     | N/A | ⏳ 等待 Profile 更新任务...
2026-07-23 10:26:25.125 | INFO     | N/A | ⏳ 等待 Profile 更新任务...
2026-07-23 10:26:30.147 | INFO     | N/A | ⏳ 等待 Profile 更新任务...
2026-07-23 10:26:35.169 | INFO     | N/A | ⏳ 等待 Profile 更新任务...
2026-07-23 10:26:40.192 | INFO     | N/A | ⏳ 等待 Profile 更新任务...
2026-07-23 10:26:45.226 | INFO     | N/A | ⏳ 等待 Profile 更新任务...
2026-07-23 10:26:50.251 | INFO     | N/A | ⏳ 等待 Profile 更新任务...
2026-07-23 10:26:55.274 | INFO     | N/A | ⏳ 等待 Profile 更新任务...
2026-07-23 10:27:00.298 | INFO     | N/A | ⏳ 等待 Profile 更新任务...
2026-07-23 10:27:05.322 | INFO     | N/A | ⏳ 等待 Profile 更新任务...
2026-07-23 10:27:10.344 | INFO     | N/A | ⏳ 等待 Profile 更新任务...
2026-07-23 10:27:15.379 | INFO     | N/A | ⏳ 等待 Profile 更新任务...
2026-07-23 10:27:20.403 | INFO     | N/A | ⏳ 等待 Profile 更新任务...
2026-07-23 10:27:25.426 | INFO     | N/A | ⏳ 等待 Profile 更新任务...
2026-07-23 10:27:30.448 | INFO     | N/A | ⏳ 等待 Profile 更新任务...
2026-07-23 10:27:35.472 | INFO     | N/A | ⏳ 等待 Profile 更新任务...
2026-07-23 10:27:40.495 | INFO     | N/A | ⏳ 等待 Profile 更新任务...
2026-07-23 10:27:45.527 | INFO     | N/A | ⏳ 等待 Profile 更新任务...
2026-07-23 10:27:50.548 | INFO     | N/A | ⏳ 等待 Profile 更新任务...
2026-07-23 10:27:55.572 | INFO     | N/A | ⏳ 等待 Profile 更新任务...
2026-07-23 10:28:00.593 | INFO     | N/A | ⏳ 等待 Profile 更新任务...
2026-07-23 10:28:05.614 | INFO     | N/A | ⏳ 等待 Profile 更新任务...
2026-07-23 10:28:10.636 | INFO     | N/A | ⏳ 等待 Profile 更新任务...
2026-07-23 10:28:15.668 | INFO     | N/A | ⏳ 等待 Profile 更新任务...
2026-07-23 10:28:20.691 | INFO     | N/A | ⏳ 等待 Profile 更新任务...
2026-07-23 10:28:25.714 | INFO     | N/A | ⏳ 等待 Profile 更新任务...
2026-07-23 10:28:30.735 | INFO     | N/A | ⏳ 等待 Profile 更新任务...
2026-07-23 10:28:35.758 | INFO     | N/A | ⏳ 等待 Profile 更新任务...
2026-07-23 10:28:40.780 | INFO     | N/A | ⏳ 等待 Profile 更新任务...
2026-07-23 10:28:45.812 | INFO     | N/A | ⏳ 等待 Profile 更新任务...
2026-07-23 10:28:50.834 | INFO     | N/A | ⏳ 等待 Profile 更新任务...
2026-07-23 10:28:55.857 | INFO     | N/A | ⏳ 等待 Profile 更新任务...
2026-07-23 10:29:00.880 | INFO     | N/A | ⏳ 等待 Profile 更新任务...
2026-07-23 10:29:05.902 | INFO     | N/A | ⏳ 等待 Profile 更新任务...
2026-07-23 10:29:10.922 | INFO     | N/A | ⏳ 等待 Profile 更新任务...
2026-07-23 10:29:15.958 | INFO     | N/A | ⏳ 等待 Profile 更新任务...
2026-07-23 10:29:20.978 | INFO     | N/A | ⏳ 等待 Profile 更新任务...
2026-07-23 10:29:26.004 | INFO     | N/A | ⏳ 等待 Profile 更新任务...
2026-07-23 10:29:31.026 | INFO     | N/A | ⏳ 等待 Profile 更新任务...
2026-07-23 10:29:36.049 | INFO     | N/A | ⏳ 等待 Profile 更新任务...
2026-07-23 10:29:41.071 | INFO     | N/A | ⏳ 等待 Profile 更新任务...
2026-07-23 10:29:46.103 | INFO     | N/A | ⏳ 等待 Profile 更新任务...
2026-07-23 10:29:51.127 | INFO     | N/A | ⏳ 等待 Profile 更新任务...
2026-07-23 10:29:56.149 | INFO     | N/A | ⏳ 等待 Profile 更新任务...
2026-07-23 10:30:01.175 | INFO     | N/A | ⏳ 等待 Profile 更新任务...
2026-07-23 10:30:06.196 | INFO     | N/A | ⏳ 等待 Profile 更新任务...
2026-07-23 10:30:11.203 | INFO     | N/A | ⏳ 等待 Profile 更新任务...
2026-07-23 10:30:16.256 | INFO     | N/A | ⏳ 等待 Profile 更新任务...
2026-07-23 10:30:21.280 | INFO     | N/A | ⏳ 等待 Profile 更新任务...
2026-07-23 10:30:26.301 | INFO     | N/A | ⏳ 等待 Profile 更新任务...
2026-07-23 10:30:31.327 | INFO     | N/A | ⏳ 等待 Profile 更新任务...
2026-07-23 10:30:36.348 | INFO     | N/A | ⏳ 等待 Profile 更新任务...
2026-07-23 10:30:41.371 | INFO     | N/A | ⏳ 等待 Profile 更新任务...
2026-07-23 10:30:46.402 | INFO     | N/A | ⏳ 等待 Profile 更新任务...
2026-07-23 10:30:51.429 | INFO     | N/A | ⏳ 等待 Profile 更新任务...
2026-07-23 10:30:56.455 | INFO     | N/A | ⏳ 等待 Profile 更新任务...
2026-07-23 10:31:01.492 | INFO     | N/A | ⏳ 等待 Profile 更新任务...
2026-07-23 10:31:06.516 | INFO     | N/A | ⏳ 等待 Profile 更新任务...
2026-07-23 10:31:11.538 | INFO     | N/A | ⏳ 等待 Profile 更新任务...
2026-07-23 10:31:16.568 | INFO     | N/A | ⏳ 等待 Profile 更新任务...
2026-07-23 10:31:21.590 | INFO     | N/A | ⏳ 等待 Profile 更新任务...
2026-07-23 10:31:26.610 | INFO     | N/A | ⏳ 等待 Profile 更新任务...
2026-07-23 10:31:31.631 | INFO     | N/A | ⏳ 等待 Profile 更新任务...
2026-07-23 10:31:36.654 | INFO     | N/A | ⏳ 等待 Profile 更新任务...
2026-07-23 10:31:41.679 | INFO     | N/A | ⏳ 等待 Profile 更新任务...
2026-07-23 10:31:46.711 | INFO     | N/A | ⏳ 等待 Profile 更新任务...
2026-07-23 10:31:51.734 | INFO     | N/A | ⏳ 等待 Profile 更新任务...
2026-07-23 10:31:56.756 | INFO     | N/A | ⏳ 等待 Profile 更新任务...
2026-07-23 10:32:01.778 | INFO     | N/A | ⏳ 等待 Profile 更新任务...
2026-07-23 10:32:06.801 | INFO     | N/A | ⏳ 等待 Profile 更新任务...
2026-07-23 10:32:11.809 | INFO     | N/A | ⏳ 等待 Profile 更新任务...
2026-07-23 10:32:16.858 | INFO     | N/A | ⏳ 等待 Profile 更新任务...
2026-07-23 10:32:21.880 | INFO     | N/A | ⏳ 等待 Profile 更新任务...
2026-07-23 10:32:26.903 | INFO     | N/A | ⏳ 等待 Profile 更新任务...
2026-07-23 10:32:31.930 | INFO     | N/A | ⏳ 等待 Profile 更新任务...
2026-07-23 10:32:36.951 | INFO     | N/A | ⏳ 等待 Profile 更新任务...
2026-07-23 10:32:41.975 | INFO     | N/A | ⏳ 等待 Profile 更新任务...
2026-07-23 10:32:47.008 | INFO     | N/A | ⏳ 等待 Profile 更新任务...
2026-07-23 10:32:52.030 | INFO     | N/A | ⏳ 等待 Profile 更新任务...
2026-07-23 10:32:57.051 | INFO     | N/A | ⏳ 等待 Profile 更新任务...
2026-07-23 10:33:02.076 | INFO     | N/A | ⏳ 等待 Profile 更新任务...
2026-07-23 10:33:07.098 | INFO     | N/A | ⏳ 等待 Profile 更新任务...
2026-07-23 10:33:12.123 | INFO     | N/A | ⏳ 等待 Profile 更新任务...
2026-07-23 10:33:17.154 | INFO     | N/A | ⏳ 等待 Profile 更新任务...
2026-07-23 10:33:22.178 | INFO     | N/A | ⏳ 等待 Profile 更新任务...
2026-07-23 10:33:27.199 | INFO     | N/A | ⏳ 等待 Profile 更新任务...
2026-07-23 10:33:32.221 | INFO     | N/A | ⏳ 等待 Profile 更新任务...
2026-07-23 10:33:37.244 | INFO     | N/A | ⏳ 等待 Profile 更新任务...
2026-07-23 10:33:42.267 | INFO     | N/A | ⏳ 等待 Profile 更新任务...
2026-07-23 10:33:47.298 | INFO     | N/A | ⏳ 等待 Profile 更新任务...
2026-07-23 10:33:52.320 | INFO     | N/A | ⏳ 等待 Profile 更新任务...
2026-07-23 10:33:57.341 | INFO     | N/A | ⏳ 等待 Profile 更新任务...
2026-07-23 10:34:02.363 | INFO     | N/A | ⏳ 等待 Profile 更新任务...
2026-07-23 10:34:07.386 | INFO     | N/A | ⏳ 等待 Profile 更新任务...
2026-07-23 10:34:12.400 | INFO     | N/A | ⏳ 等待 Profile 更新任务...
2026-07-23 10:34:17.439 | INFO     | N/A | ⏳ 等待 Profile 更新任务...
2026-07-23 10:34:22.462 | INFO     | N/A | ⏳ 等待 Profile 更新任务...
2026-07-23 10:34:27.483 | INFO     | N/A | ⏳ 等待 Profile 更新任务...
2026-07-23 10:34:32.506 | INFO     | N/A | ⏳ 等待 Profile 更新任务...
2026-07-23 10:34:37.528 | INFO     | N/A | ⏳ 等待 Profile 更新任务...
2026-07-23 10:34:42.554 | INFO     | N/A | ⏳ 等待 Profile 更新任务...
2026-07-23 10:34:47.585 | INFO     | N/A | ⏳ 等待 Profile 更新任务...
2026-07-23 10:34:52.606 | INFO     | N/A | ⏳ 等待 Profile 更新任务...
2026-07-23 10:34:57.630 | INFO     | N/A | ⏳ 等待 Profile 更新任务...
2026-07-23 10:35:02.654 | INFO     | N/A | ⏳ 等待 Profile 更新任务...
2026-07-23 10:35:07.677 | INFO     | N/A | ⏳ 等待 Profile 更新任务...
2026-07-23 10:35:12.702 | INFO     | N/A | ⏳ 等待 Profile 更新任务...
2026-07-23 10:35:17.729 | INFO     | N/A | ⏳ 等待 Profile 更新任务...
2026-07-23 10:35:22.752 | INFO     | N/A | ⏳ 等待 Profile 更新任务...
2026-07-23 10:35:27.777 | INFO     | N/A | ⏳ 等待 Profile 更新任务...
2026-07-23 10:35:32.801 | INFO     | N/A | ⏳ 等待 Profile 更新任务...
2026-07-23 10:35:37.826 | INFO     | N/A | ⏳ 等待 Profile 更新任务...
2026-07-23 10:35:42.853 | INFO     | N/A | ⏳ 等待 Profile 更新任务...
2026-07-23 10:35:47.885 | INFO     | N/A | ⏳ 等待 Profile 更新任务...
2026-07-23 10:35:52.908 | INFO     | N/A | ⏳ 等待 Profile 更新任务...
2026-07-23 10:35:57.932 | INFO     | N/A | ⏳ 等待 Profile 更新任务...
2026-07-23 10:36:02.955 | INFO     | N/A | ⏳ 等待 Profile 更新任务...
2026-07-23 10:36:07.976 | INFO     | N/A | ⏳ 等待 Profile 更新任务...
2026-07-23 10:36:13.003 | INFO     | N/A | ⏳ 等待 Profile 更新任务...
2026-07-23 10:36:18.033 | INFO     | N/A | ⏳ 等待 Profile 更新任务...
2026-07-23 10:36:23.059 | INFO     | N/A | ⏳ 等待 Profile 更新任务...
2026-07-23 10:36:28.085 | INFO     | N/A | ⏳ 等待 Profile 更新任务...
2026-07-23 10:36:33.109 | INFO     | N/A | ⏳ 等待 Profile 更新任务...
2026-07-23 10:36:38.135 | INFO     | N/A | ⏳ 等待 Profile 更新任务...
2026-07-23 10:36:43.159 | INFO     | N/A | ⏳ 等待 Profile 更新任务...
2026-07-23 10:36:48.190 | INFO     | N/A | ⏳ 等待 Profile 更新任务...
2026-07-23 10:36:53.212 | INFO     | N/A | ⏳ 等待 Profile 更新任务...
2026-07-23 10:36:58.233 | INFO     | N/A | ⏳ 等待 Profile 更新任务...
2026-07-23 10:37:03.257 | INFO     | N/A | ⏳ 等待 Profile 更新任务...
2026-07-23 10:37:08.280 | INFO     | N/A | ⏳ 等待 Profile 更新任务...
2026-07-23 10:37:13.306 | INFO     | N/A | ⏳ 等待 Profile 更新任务...
2026-07-23 10:37:18.336 | INFO     | N/A | ⏳ 等待 Profile 更新任务...
2026-07-23 10:37:23.361 | INFO     | N/A | ⏳ 等待 Profile 更新任务...
2026-07-23 10:37:28.385 | INFO     | N/A | ⏳ 等待 Profile 更新任务...
2026-07-23 10:37:33.409 | INFO     | N/A | ⏳ 等待 Profile 更新任务...
2026-07-23 10:37:38.430 | INFO     | N/A | ⏳ 等待 Profile 更新任务...
2026-07-23 10:37:43.458 | INFO     | N/A | ⏳ 等待 Profile 更新任务...
2026-07-23 10:37:48.488 | INFO     | N/A | ⏳ 等待 Profile 更新任务...
2026-07-23 10:37:53.514 | INFO     | N/A | ⏳ 等待 Profile 更新任务...
2026-07-23 10:37:58.536 | INFO     | N/A | ⏳ 等待 Profile 更新任务...
2026-07-23 10:38:03.559 | INFO     | N/A | ⏳ 等待 Profile 更新任务...
2026-07-23 10:38:08.584 | INFO     | N/A | ⏳ 等待 Profile 更新任务...
2026-07-23 10:38:13.615 | INFO     | N/A | ⏳ 等待 Profile 更新任务...
2026-07-23 10:38:18.647 | INFO     | N/A | ⏳ 等待 Profile 更新任务...
2026-07-23 10:38:23.668 | INFO     | N/A | ⏳ 等待 Profile 更新任务...
2026-07-23 10:38:28.691 | INFO     | N/A | ⏳ 等待 Profile 更新任务...
2026-07-23 10:38:33.714 | INFO     | N/A | ⏳ 等待 Profile 更新任务...
2026-07-23 10:38:38.737 | INFO     | N/A | ⏳ 等待 Profile 更新任务...
2026-07-23 10:38:43.763 | INFO     | N/A | ⏳ 等待 Profile 更新任务...
2026-07-23 10:38:48.792 | INFO     | N/A | ⏳ 等待 Profile 更新任务...
2026-07-23 10:38:53.815 | INFO     | N/A | ⏳ 等待 Profile 更新任务...
2026-07-23 10:38:58.837 | INFO     | N/A | ⏳ 等待 Profile 更新任务...
2026-07-23 10:39:03.861 | INFO     | N/A | ⏳ 等待 Profile 更新任务...
2026-07-23 10:39:08.882 | INFO     | N/A | ⏳ 等待 Profile 更新任务...
2026-07-23 10:39:13.901 | INFO     | N/A | ⏳ 等待 Profile 更新任务...
2026-07-23 10:39:18.944 | INFO     | N/A | ⏳ 等待 Profile 更新任务...
2026-07-23 10:39:23.965 | INFO     | N/A | ⏳ 等待 Profile 更新任务...
2026-07-23 10:39:28.988 | INFO     | N/A | ⏳ 等待 Profile 更新任务...
2026-07-23 10:39:34.012 | INFO     | N/A | ⏳ 等待 Profile 更新任务...
2026-07-23 10:39:39.038 | INFO     | N/A | ⏳ 等待 Profile 更新任务...
2026-07-23 10:39:44.067 | INFO     | N/A | ⏳ 等待 Profile 更新任务...
2026-07-23 10:39:49.095 | INFO     | N/A | ⏳ 等待 Profile 更新任务...
2026-07-23 10:39:54.120 | INFO     | N/A | ⏳ 等待 Profile 更新任务...
2026-07-23 10:39:59.143 | INFO     | N/A | ⏳ 等待 Profile 更新任务...
2026-07-23 10:40:04.170 | INFO     | N/A | ⏳ 等待 Profile 更新任务...
2026-07-23 10:40:09.192 | INFO     | N/A | ⏳ 等待 Profile 更新任务...
2026-07-23 10:40:14.221 | INFO     | N/A | ⏳ 等待 Profile 更新任务...
2026-07-23 10:40:19.248 | INFO     | N/A | ⏳ 等待 Profile 更新任务...
2026-07-23 10:40:24.270 | INFO     | N/A | ⏳ 等待 Profile 更新任务...
2026-07-23 10:40:29.292 | INFO     | N/A | ⏳ 等待 Profile 更新任务...
2026-07-23 10:40:34.323 | INFO     | N/A | ⏳ 等待 Profile 更新任务...
2026-07-23 10:40:39.346 | INFO     | N/A | ⏳ 等待 Profile 更新任务...
2026-07-23 10:40:44.375 | INFO     | N/A | ⏳ 等待 Profile 更新任务...
2026-07-23 10:40:49.404 | INFO     | N/A | ⏳ 等待 Profile 更新任务...
2026-07-23 10:40:54.430 | INFO     | N/A | ⏳ 等待 Profile 更新任务...
2026-07-23 10:40:59.454 | INFO     | N/A | ⏳ 等待 Profile 更新任务...
2026-07-23 10:41:04.478 | INFO     | N/A | ⏳ 等待 Profile 更新任务...
2026-07-23 10:41:09.501 | INFO     | N/A | ⏳ 等待 Profile 更新任务...
2026-07-23 10:41:14.513 | INFO     | N/A | ⏳ 等待 Profile 更新任务...
2026-07-23 10:41:19.560 | INFO     | N/A | ⏳ 等待 Profile 更新任务...
2026-07-23 10:41:24.583 | INFO     | N/A | ⏳ 等待 Profile 更新任务...
2026-07-23 10:41:29.607 | INFO     | N/A | ⏳ 等待 Profile 更新任务...
2026-07-23 10:41:34.630 | INFO     | N/A | ⏳ 等待 Profile 更新任务...
2026-07-23 10:41:39.657 | INFO     | N/A | ⏳ 等待 Profile 更新任务...
2026-07-23 10:41:44.685 | INFO     | N/A | ⏳ 等待 Profile 更新任务...
2026-07-23 10:41:49.710 | INFO     | N/A | ⏳ 等待 Profile 更新任务...
2026-07-23 10:41:54.768 | INFO     | N/A | ⏳ 等待 Profile 更新任务...
2026-07-23 10:41:59.793 | INFO     | N/A | ⏳ 等待 Profile 更新任务...
2026-07-23 10:42:04.816 | INFO     | N/A | ⏳ 等待 Profile 更新任务...
2026-07-23 10:42:09.838 | INFO     | N/A | ⏳ 等待 Profile 更新任务...
2026-07-23 10:42:14.869 | INFO     | N/A | ⏳ 等待 Profile 更新任务...
2026-07-23 10:42:19.897 | INFO     | N/A | ⏳ 等待 Profile 更新任务...
2026-07-23 10:42:24.922 | INFO     | N/A | ⏳ 等待 Profile 更新任务...
2026-07-23 10:42:29.947 | INFO     | N/A | ⏳ 等待 Profile 更新任务...
2026-07-23 10:42:34.973 | INFO     | N/A | ⏳ 等待 Profile 更新任务...
2026-07-23 10:42:39.998 | INFO     | N/A | ⏳ 等待 Profile 更新任务...
2026-07-23 10:42:45.012 | INFO     | N/A | ⏳ 等待 Profile 更新任务...
2026-07-23 10:42:50.056 | INFO     | N/A | ⏳ 等待 Profile 更新任务...
2026-07-23 10:42:55.079 | INFO     | N/A | ⏳ 等待 Profile 更新任务...
2026-07-23 10:43:00.102 | INFO     | N/A | ⏳ 等待 Profile 更新任务...
2026-07-23 10:43:05.125 | INFO     | N/A | ⏳ 等待 Profile 更新任务...
2026-07-23 10:43:10.149 | INFO     | N/A | ⏳ 等待 Profile 更新任务...
2026-07-23 10:43:15.179 | INFO     | N/A | ⏳ 等待 Profile 更新任务...
2026-07-23 10:43:20.206 | INFO     | N/A | ⏳ 等待 Profile 更新任务...
2026-07-23 10:43:25.228 | INFO     | N/A | ⏳ 等待 Profile 更新任务...
2026-07-23 10:43:30.253 | INFO     | N/A | ⏳ 等待 Profile 更新任务...
2026-07-23 10:43:35.278 | INFO     | N/A | ⏳ 等待 Profile 更新任务...
2026-07-23 10:43:40.305 | INFO     | N/A | ⏳ 等待 Profile 更新任务...
2026-07-23 10:43:45.334 | INFO     | N/A | ⏳ 等待 Profile 更新任务...
2026-07-23 10:43:50.362 | INFO     | N/A | ⏳ 等待 Profile 更新任务...
2026-07-23 10:43:55.384 | INFO     | N/A | ⏳ 等待 Profile 更新任务...
2026-07-23 10:44:00.406 | INFO     | N/A | ⏳ 等待 Profile 更新任务...
2026-07-23 10:44:05.430 | INFO     | N/A | ⏳ 等待 Profile 更新任务...
2026-07-23 10:44:10.454 | INFO     | N/A | ⏳ 等待 Profile 更新任务...
2026-07-23 10:44:15.485 | INFO     | N/A | ⏳ 等待 Profile 更新任务...
2026-07-23 10:44:20.513 | INFO     | N/A | ⏳ 等待 Profile 更新任务...
2026-07-23 10:44:25.536 | INFO     | N/A | ⏳ 等待 Profile 更新任务...
2026-07-23 10:44:30.560 | INFO     | N/A | ⏳ 等待 Profile 更新任务...
2026-07-23 10:44:35.582 | INFO     | N/A | ⏳ 等待 Profile 更新任务...
2026-07-23 10:44:40.607 | INFO     | N/A | ⏳ 等待 Profile 更新任务...
2026-07-23 10:44:45.638 | INFO     | N/A | ⏳ 等待 Profile 更新任务...
2026-07-23 10:44:50.666 | INFO     | N/A | ⏳ 等待 Profile 更新任务...
2026-07-23 10:44:55.690 | INFO     | N/A | ⏳ 等待 Profile 更新任务...
2026-07-23 10:45:00.715 | INFO     | N/A | ⏳ 等待 Profile 更新任务...
2026-07-23 10:45:05.736 | INFO     | N/A | ⏳ 等待 Profile 更新任务...
2026-07-23 10:45:10.758 | INFO     | N/A | ⏳ 等待 Profile 更新任务...
2026-07-23 10:45:15.785 | INFO     | N/A | ⏳ 等待 Profile 更新任务...
2026-07-23 10:45:20.811 | INFO     | N/A | ⏳ 等待 Profile 更新任务...
2026-07-23 10:45:25.832 | INFO     | N/A | ⏳ 等待 Profile 更新任务...
2026-07-23 10:45:30.852 | INFO     | N/A | ⏳ 等待 Profile 更新任务...
2026-07-23 10:45:35.876 | INFO     | N/A | ⏳ 等待 Profile 更新任务...
2026-07-23 10:45:40.898 | INFO     | N/A | ⏳ 等待 Profile 更新任务...
2026-07-23 10:45:45.912 | INFO     | N/A | ⏳ 等待 Profile 更新任务...
2026-07-23 10:45:50.955 | INFO     | N/A | ⏳ 等待 Profile 更新任务...
2026-07-23 10:45:55.979 | INFO     | N/A | ⏳ 等待 Profile 更新任务...
2026-07-23 10:46:01.002 | INFO     | N/A | ⏳ 等待 Profile 更新任务...
2026-07-23 10:46:06.027 | INFO     | N/A | ⏳ 等待 Profile 更新任务...
2026-07-23 10:46:11.052 | INFO     | N/A | ⏳ 等待 Profile 更新任务...
2026-07-23 10:46:16.084 | INFO     | N/A | ⏳ 等待 Profile 更新任务...
2026-07-23 10:46:21.112 | INFO     | N/A | ⏳ 等待 Profile 更新任务...
2026-07-23 10:46:26.134 | INFO     | N/A | ⏳ 等待 Profile 更新任务...
2026-07-23 10:46:31.158 | INFO     | N/A | ⏳ 等待 Profile 更新任务...
2026-07-23 10:46:36.180 | INFO     | N/A | ⏳ 等待 Profile 更新任务...
2026-07-23 10:46:41.203 | INFO     | N/A | ⏳ 等待 Profile 更新任务...
2026-07-23 10:46:46.232 | INFO     | N/A | ⏳ 等待 Profile 更新任务...
2026-07-23 10:46:51.259 | INFO     | N/A | ⏳ 等待 Profile 更新任务...
2026-07-23 10:46:56.282 | INFO     | N/A | ⏳ 等待 Profile 更新任务...
2026-07-23 10:47:01.335 | INFO     | N/A | ⏳ 等待 Profile 更新任务...
2026-07-23 10:47:06.358 | INFO     | N/A | ⏳ 等待 Profile 更新任务...
2026-07-23 10:47:11.382 | INFO     | N/A | ⏳ 等待 Profile 更新任务...
2026-07-23 10:47:16.413 | INFO     | N/A | ⏳ 等待 Profile 更新任务...
2026-07-23 10:47:21.439 | INFO     | N/A | ⏳ 等待 Profile 更新任务...
2026-07-23 10:47:26.463 | INFO     | N/A | ⏳ 等待 Profile 更新任务...
2026-07-23 10:47:31.488 | INFO     | N/A | ⏳ 等待 Profile 更新任务...
2026-07-23 10:47:36.511 | INFO     | N/A | ⏳ 等待 Profile 更新任务...
2026-07-23 10:47:41.532 | INFO     | N/A | ⏳ 等待 Profile 更新任务...
2026-07-23 10:47:46.561 | INFO     | N/A | ⏳ 等待 Profile 更新任务...
2026-07-23 10:47:51.589 | INFO     | N/A | ⏳ 等待 Profile 更新任务...
2026-07-23 10:47:56.613 | INFO     | N/A | ⏳ 等待 Profile 更新任务...
2026-07-23 10:48:01.637 | INFO     | N/A | ⏳ 等待 Profile 更新任务...
2026-07-23 10:48:06.661 | INFO     | N/A | ⏳ 等待 Profile 更新任务...
2026-07-23 10:48:11.686 | INFO     | N/A | ⏳ 等待 Profile 更新任务...
2026-07-23 10:48:16.707 | INFO     | N/A | ⏳ 等待 Profile 更新任务...
2026-07-23 10:48:21.744 | INFO     | N/A | ⏳ 等待 Profile 更新任务...
2026-07-23 10:48:26.768 | INFO     | N/A | ⏳ 等待 Profile 更新任务...
2026-07-23 10:48:31.793 | INFO     | N/A | ⏳ 等待 Profile 更新任务...
2026-07-23 10:48:36.846 | INFO     | N/A | ⏳ 等待 Profile 更新任务...
2026-07-23 10:48:41.869 | INFO     | N/A | ⏳ 等待 Profile 更新任务...
2026-07-23 10:48:46.900 | INFO     | N/A | ⏳ 等待 Profile 更新任务...
2026-07-23 10:48:51.926 | INFO     | N/A | ⏳ 等待 Profile 更新任务...
2026-07-23 10:48:56.948 | INFO     | N/A | ⏳ 等待 Profile 更新任务...
2026-07-23 10:49:01.973 | INFO     | N/A | ⏳ 等待 Profile 更新任务...
2026-07-23 10:49:06.995 | INFO     | N/A | ⏳ 等待 Profile 更新任务...
2026-07-23 10:49:12.020 | INFO     | N/A | ⏳ 等待 Profile 更新任务...
2026-07-23 10:49:17.052 | INFO     | N/A | ⏳ 等待 Profile 更新任务...
2026-07-23 10:49:22.080 | INFO     | N/A | ⏳ 等待 Profile 更新任务...
2026-07-23 10:49:27.104 | INFO     | N/A | ⏳ 等待 Profile 更新任务...
2026-07-23 10:49:32.126 | INFO     | N/A | ⏳ 等待 Profile 更新任务...
2026-07-23 10:49:37.150 | INFO     | N/A | ⏳ 等待 Profile 更新任务...
2026-07-23 10:49:42.176 | INFO     | N/A | ⏳ 等待 Profile 更新任务...
2026-07-23 10:49:47.205 | INFO     | N/A | ⏳ 等待 Profile 更新任务...
2026-07-23 10:49:52.231 | INFO     | N/A | ⏳ 等待 Profile 更新任务...
2026-07-23 10:49:57.253 | INFO     | N/A | ⏳ 等待 Profile 更新任务...
2026-07-23 10:50:02.279 | INFO     | N/A | ⏳ 等待 Profile 更新任务...
2026-07-23 10:50:07.302 | INFO     | N/A | ⏳ 等待 Profile 更新任务...
2026-07-23 10:50:12.325 | INFO     | N/A | ⏳ 等待 Profile 更新任务...
2026-07-23 10:50:17.354 | INFO     | N/A | ⏳ 等待 Profile 更新任务...
2026-07-23 10:50:22.379 | INFO     | N/A | ⏳ 等待 Profile 更新任务...
2026-07-23 10:50:27.402 | INFO     | N/A | ⏳ 等待 Profile 更新任务...
2026-07-23 10:50:32.426 | INFO     | N/A | ⏳ 等待 Profile 更新任务...
2026-07-23 10:50:37.448 | INFO     | N/A | ⏳ 等待 Profile 更新任务...
2026-07-23 10:50:42.474 | INFO     | N/A | ⏳ 等待 Profile 更新任务...
2026-07-23 10:50:47.505 | INFO     | N/A | ⏳ 等待 Profile 更新任务...
2026-07-23 10:50:52.527 | INFO     | N/A | ⏳ 等待 Profile 更新任务...
2026-07-23 10:50:57.549 | INFO     | N/A | ⏳ 等待 Profile 更新任务...
2026-07-23 10:51:02.573 | INFO     | N/A | ⏳ 等待 Profile 更新任务...
2026-07-23 10:51:07.596 | INFO     | N/A | ⏳ 等待 Profile 更新任务...
2026-07-23 10:51:12.618 | INFO     | N/A | ⏳ 等待 Profile 更新任务...
2026-07-23 10:51:17.650 | INFO     | N/A | ⏳ 等待 Profile 更新任务...
2026-07-23 10:51:22.674 | INFO     | N/A | ⏳ 等待 Profile 更新任务...
2026-07-23 10:51:27.697 | INFO     | N/A | ⏳ 等待 Profile 更新任务...
2026-07-23 10:51:32.720 | INFO     | N/A | ⏳ 等待 Profile 更新任务...
2026-07-23 10:51:37.745 | INFO     | N/A | ⏳ 等待 Profile 更新任务...
2026-07-23 10:51:42.768 | INFO     | N/A | ⏳ 等待 Profile 更新任务...
2026-07-23 10:51:47.802 | INFO     | N/A | ⏳ 等待 Profile 更新任务...
2026-07-23 10:51:52.826 | INFO     | N/A | ⏳ 等待 Profile 更新任务...
2026-07-23 10:51:57.851 | INFO     | N/A | ⏳ 等待 Profile 更新任务...
2026-07-23 10:52:02.874 | INFO     | N/A | ⏳ 等待 Profile 更新任务...
2026-07-23 10:52:07.900 | INFO     | N/A | ⏳ 等待 Profile 更新任务...
2026-07-23 10:52:12.925 | INFO     | N/A | ⏳ 等待 Profile 更新任务...
2026-07-23 10:52:17.957 | INFO     | N/A | ⏳ 等待 Profile 更新任务...
2026-07-23 10:52:22.982 | INFO     | N/A | ⏳ 等待 Profile 更新任务...
2026-07-23 10:52:28.006 | INFO     | N/A | ⏳ 等待 Profile 更新任务...
2026-07-23 10:52:33.031 | INFO     | N/A | ⏳ 等待 Profile 更新任务...
2026-07-23 10:52:38.054 | INFO     | N/A | ⏳ 等待 Profile 更新任务...
2026-07-23 10:52:43.077 | INFO     | N/A | ⏳ 等待 Profile 更新任务...
2026-07-23 10:52:48.103 | INFO     | N/A | ⏳ 等待 Profile 更新任务...
2026-07-23 10:52:53.138 | INFO     | N/A | ⏳ 等待 Profile 更新任务...
2026-07-23 10:52:58.163 | INFO     | N/A | ⏳ 等待 Profile 更新任务...
2026-07-23 10:53:03.188 | INFO     | N/A | ⏳ 等待 Profile 更新任务...
2026-07-23 10:53:08.211 | INFO     | N/A | ⏳ 等待 Profile 更新任务...
2026-07-23 10:53:13.235 | INFO     | N/A | ⏳ 等待 Profile 更新任务...
2026-07-23 10:53:18.270 | INFO     | N/A | ⏳ 等待 Profile 更新任务...
2026-07-23 10:53:23.296 | INFO     | N/A | ⏳ 等待 Profile 更新任务...
2026-07-23 10:53:28.322 | INFO     | N/A | ⏳ 等待 Profile 更新任务...
2026-07-23 10:53:33.347 | INFO     | N/A | ⏳ 等待 Profile 更新任务...
2026-07-23 10:53:38.372 | INFO     | N/A | ⏳ 等待 Profile 更新任务...
2026-07-23 10:53:43.395 | INFO     | N/A | ⏳ 等待 Profile 更新任务...
2026-07-23 10:53:48.427 | INFO     | N/A | ⏳ 等待 Profile 更新任务...
2026-07-23 10:53:53.453 | INFO     | N/A | ⏳ 等待 Profile 更新任务...
2026-07-23 10:53:58.477 | INFO     | N/A | ⏳ 等待 Profile 更新任务...
2026-07-23 10:54:03.500 | INFO     | N/A | ⏳ 等待 Profile 更新任务...
2026-07-23 10:54:08.521 | INFO     | N/A | ⏳ 等待 Profile 更新任务...
2026-07-23 10:54:13.544 | INFO     | N/A | ⏳ 等待 Profile 更新任务...
2026-07-23 10:54:18.578 | INFO     | N/A | ⏳ 等待 Profile 更新任务...
2026-07-23 10:54:23.601 | INFO     | N/A | ⏳ 等待 Profile 更新任务...
2026-07-23 10:54:28.626 | INFO     | N/A | ⏳ 等待 Profile 更新任务...
2026-07-23 10:54:33.649 | INFO     | N/A | ⏳ 等待 Profile 更新任务...
2026-07-23 10:54:38.673 | INFO     | N/A | ⏳ 等待 Profile 更新任务...
2026-07-23 10:54:43.697 | INFO     | N/A | ⏳ 等待 Profile 更新任务...
2026-07-23 10:54:48.709 | INFO     | N/A | ⏳ 等待 Profile 更新任务...
2026-07-23 10:54:53.753 | INFO     | N/A | ⏳ 等待 Profile 更新任务...
2026-07-23 10:54:58.776 | INFO     | N/A | ⏳ 等待 Profile 更新任务...
2026-07-23 10:55:03.799 | INFO     | N/A | ⏳ 等待 Profile 更新任务...
2026-07-23 10:55:08.825 | INFO     | N/A | ⏳ 等待 Profile 更新任务...
2026-07-23 10:55:13.850 | INFO     | N/A | ⏳ 等待 Profile 更新任务...
2026-07-23 10:55:18.881 | INFO     | N/A | ⏳ 等待 Profile 更新任务...
2026-07-23 10:55:23.907 | INFO     | N/A | ⏳ 等待 Profile 更新任务...
2026-07-23 10:55:28.930 | INFO     | N/A | ⏳ 等待 Profile 更新任务...
2026-07-23 10:55:33.957 | INFO     | N/A | ⏳ 等待 Profile 更新任务...
2026-07-23 10:55:38.984 | INFO     | N/A | ⏳ 等待 Profile 更新任务...
2026-07-23 10:55:44.009 | INFO     | N/A | ⏳ 等待 Profile 更新任务...
2026-07-23 10:55:49.043 | INFO     | N/A | ⏳ 等待 Profile 更新任务...
2026-07-23 10:55:54.066 | INFO     | N/A | ⏳ 等待 Profile 更新任务...
2026-07-23 10:55:59.090 | INFO     | N/A | ⏳ 等待 Profile 更新任务...
2026-07-23 10:56:04.115 | INFO     | N/A | ⏳ 等待 Profile 更新任务...
2026-07-23 10:56:09.142 | INFO     | N/A | ⏳ 等待 Profile 更新任务...
2026-07-23 10:56:14.169 | INFO     | N/A | ⏳ 等待 Profile 更新任务...
2026-07-23 10:56:19.204 | INFO     | N/A | ⏳ 等待 Profile 更新任务...
2026-07-23 10:56:24.236 | INFO     | N/A | ⏳ 等待 Profile 更新任务...
2026-07-23 10:56:29.259 | INFO     | N/A | ⏳ 等待 Profile 更新任务...
2026-07-23 10:56:34.282 | INFO     | N/A | ⏳ 等待 Profile 更新任务...
2026-07-23 10:56:39.305 | INFO     | N/A | ⏳ 等待 Profile 更新任务...
2026-07-23 10:56:44.328 | INFO     | N/A | ⏳ 等待 Profile 更新任务...
2026-07-23 10:56:49.365 | INFO     | N/A | ⏳ 等待 Profile 更新任务...
2026-07-23 10:56:54.388 | INFO     | N/A | ⏳ 等待 Profile 更新任务...
2026-07-23 10:56:59.411 | INFO     | N/A | ⏳ 等待 Profile 更新任务...
2026-07-23 10:57:04.435 | INFO     | N/A | ⏳ 等待 Profile 更新任务...
2026-07-23 10:57:09.465 | INFO     | N/A | ⏳ 等待 Profile 更新任务...
2026-07-23 10:57:14.489 | INFO     | N/A | ⏳ 等待 Profile 更新任务...
2026-07-23 10:57:19.525 | INFO     | N/A | ⏳ 等待 Profile 更新任务...
2026-07-23 10:57:24.550 | INFO     | N/A | ⏳ 等待 Profile 更新任务...
2026-07-23 10:57:29.575 | INFO     | N/A | ⏳ 等待 Profile 更新任务...
2026-07-23 10:57:34.598 | INFO     | N/A | ⏳ 等待 Profile 更新任务...
2026-07-23 10:57:39.622 | INFO     | N/A | ⏳ 等待 Profile 更新任务...
2026-07-23 10:57:44.646 | INFO     | N/A | ⏳ 等待 Profile 更新任务...
2026-07-23 10:57:49.679 | INFO     | N/A | ⏳ 等待 Profile 更新任务...
2026-07-23 10:57:54.704 | INFO     | N/A | ⏳ 等待 Profile 更新任务...
2026-07-23 10:57:59.728 | INFO     | N/A | ⏳ 等待 Profile 更新任务...
2026-07-23 10:58:04.754 | INFO     | N/A | ⏳ 等待 Profile 更新任务...
2026-07-23 10:58:09.776 | INFO     | N/A | ⏳ 等待 Profile 更新任务...
2026-07-23 10:58:14.800 | INFO     | N/A | ⏳ 等待 Profile 更新任务...
2026-07-23 10:58:19.836 | INFO     | N/A | ⏳ 等待 Profile 更新任务...
2026-07-23 10:58:24.862 | INFO     | N/A | ⏳ 等待 Profile 更新任务...
2026-07-23 10:58:29.887 | INFO     | N/A | ⏳ 等待 Profile 更新任务...
2026-07-23 10:58:34.918 | INFO     | N/A | ⏳ 等待 Profile 更新任务...
2026-07-23 10:58:39.941 | INFO     | N/A | ⏳ 等待 Profile 更新任务...
2026-07-23 10:58:44.965 | INFO     | N/A | ⏳ 等待 Profile 更新任务...
2026-07-23 10:58:49.999 | INFO     | N/A | ⏳ 等待 Profile 更新任务...
2026-07-23 10:58:55.026 | INFO     | N/A | ⏳ 等待 Profile 更新任务...
2026-07-23 10:59:00.051 | INFO     | N/A | ⏳ 等待 Profile 更新任务...
2026-07-23 10:59:05.077 | INFO     | N/A | ⏳ 等待 Profile 更新任务...
2026-07-23 10:59:10.102 | INFO     | N/A | ⏳ 等待 Profile 更新任务...
2026-07-23 10:59:15.123 | INFO     | N/A | ⏳ 等待 Profile 更新任务...
2026-07-23 10:59:20.160 | INFO     | N/A | ⏳ 等待 Profile 更新任务...
2026-07-23 10:59:25.182 | INFO     | N/A | ⏳ 等待 Profile 更新任务...
2026-07-23 10:59:30.207 | INFO     | N/A | ⏳ 等待 Profile 更新任务...
2026-07-23 10:59:35.229 | INFO     | N/A | ⏳ 等待 Profile 更新任务...
2026-07-23 10:59:40.253 | INFO     | N/A | ⏳ 等待 Profile 更新任务...
2026-07-23 10:59:45.280 | INFO     | N/A | ⏳ 等待 Profile 更新任务...
2026-07-23 10:59:50.315 | INFO     | N/A | ⏳ 等待 Profile 更新任务...
2026-07-23 10:59:55.340 | INFO     | N/A | ⏳ 等待 Profile 更新任务...
2026-07-23 11:00:00.367 | INFO     | N/A | ⏳ 等待 Profile 更新任务...
2026-07-23 11:00:05.390 | INFO     | N/A | ⏳ 等待 Profile 更新任务...
2026-07-23 11:00:10.413 | INFO     | N/A | ⏳ 等待 Profile 更新任务...
2026-07-23 11:00:15.438 | INFO     | N/A | ⏳ 等待 Profile 更新任务...
2026-07-23 11:00:20.471 | INFO     | N/A | ⏳ 等待 Profile 更新任务...
2026-07-23 11:00:25.493 | INFO     | N/A | ⏳ 等待 Profile 更新任务...
2026-07-23 11:00:30.515 | INFO     | N/A | ⏳ 等待 Profile 更新任务...
2026-07-23 11:00:35.539 | INFO     | N/A | ⏳ 等待 Profile 更新任务...
2026-07-23 11:00:40.562 | INFO     | N/A | ⏳ 等待 Profile 更新任务...
2026-07-23 11:00:45.587 | INFO     | N/A | ⏳ 等待 Profile 更新任务...
2026-07-23 11:00:50.620 | INFO     | N/A | ⏳ 等待 Profile 更新任务...
2026-07-23 11:00:55.644 | INFO     | N/A | ⏳ 等待 Profile 更新任务...
2026-07-23 11:01:00.668 | INFO     | N/A | ⏳ 等待 Profile 更新任务...
2026-07-23 11:01:05.694 | INFO     | N/A | ⏳ 等待 Profile 更新任务...
2026-07-23 11:01:10.717 | INFO     | N/A | ⏳ 等待 Profile 更新任务...
2026-07-23 11:01:15.742 | INFO     | N/A | ⏳ 等待 Profile 更新任务...
2026-07-23 11:01:20.776 | INFO     | N/A | ⏳ 等待 Profile 更新任务...
2026-07-23 11:01:25.799 | INFO     | N/A | ⏳ 等待 Profile 更新任务...
2026-07-23 11:01:30.822 | INFO     | N/A | ⏳ 等待 Profile 更新任务...
2026-07-23 11:01:35.845 | INFO     | N/A | ⏳ 等待 Profile 更新任务...
2026-07-23 11:01:40.869 | INFO     | N/A | ⏳ 等待 Profile 更新任务...
2026-07-23 11:01:45.892 | INFO     | N/A | ⏳ 等待 Profile 更新任务...
2026-07-23 11:01:50.924 | INFO     | N/A | ⏳ 等待 Profile 更新任务...
2026-07-23 11:01:55.947 | INFO     | N/A | ⏳ 等待 Profile 更新任务...
2026-07-23 11:02:00.968 | INFO     | N/A | ⏳ 等待 Profile 更新任务...
2026-07-23 11:02:05.998 | INFO     | N/A | ⏳ 等待 Profile 更新任务...
2026-07-23 11:02:11.021 | INFO     | N/A | ⏳ 等待 Profile 更新任务...
2026-07-23 11:02:16.049 | INFO     | N/A | ⏳ 等待 Profile 更新任务...
2026-07-23 11:02:21.085 | INFO     | N/A | ⏳ 等待 Profile 更新任务...
2026-07-23 11:02:26.108 | INFO     | N/A | ⏳ 等待 Profile 更新任务...
2026-07-23 11:02:31.136 | INFO     | N/A | ⏳ 等待 Profile 更新任务...
2026-07-23 11:02:36.161 | INFO     | N/A | ⏳ 等待 Profile 更新任务...
2026-07-23 11:02:41.185 | INFO     | N/A | ⏳ 等待 Profile 更新任务...
2026-07-23 11:02:46.209 | INFO     | N/A | ⏳ 等待 Profile 更新任务...
2026-07-23 11:02:51.244 | INFO     | N/A | ⏳ 等待 Profile 更新任务...
2026-07-23 11:02:56.270 | INFO     | N/A | ⏳ 等待 Profile 更新任务...
2026-07-23 11:03:01.294 | INFO     | N/A | ⏳ 等待 Profile 更新任务...
2026-07-23 11:03:06.318 | INFO     | N/A | ⏳ 等待 Profile 更新任务...
2026-07-23 11:03:11.342 | INFO     | N/A | ⏳ 等待 Profile 更新任务...
2026-07-23 11:03:16.366 | INFO     | N/A | ⏳ 等待 Profile 更新任务...
2026-07-23 11:03:21.402 | INFO     | N/A | ⏳ 等待 Profile 更新任务...
2026-07-23 11:03:26.423 | INFO     | N/A | ⏳ 等待 Profile 更新任务...
2026-07-23 11:03:31.447 | INFO     | N/A | ⏳ 等待 Profile 更新任务...
2026-07-23 11:03:36.472 | INFO     | N/A | ⏳ 等待 Profile 更新任务...
2026-07-23 11:03:41.496 | INFO     | N/A | ⏳ 等待 Profile 更新任务...
2026-07-23 11:03:46.518 | INFO     | N/A | ⏳ 等待 Profile 更新任务...
2026-07-23 11:03:51.551 | INFO     | N/A | ⏳ 等待 Profile 更新任务...
2026-07-23 11:03:56.577 | INFO     | N/A | ⏳ 等待 Profile 更新任务...
2026-07-23 11:04:01.600 | INFO     | N/A | ⏳ 等待 Profile 更新任务...
2026-07-23 11:04:06.627 | INFO     | N/A | ⏳ 等待 Profile 更新任务...
2026-07-23 11:04:11.649 | INFO     | N/A | ⏳ 等待 Profile 更新任务...
2026-07-23 11:04:16.672 | INFO     | N/A | ⏳ 等待 Profile 更新任务...
2026-07-23 11:04:21.707 | INFO     | N/A | ⏳ 等待 Profile 更新任务...
2026-07-23 11:04:26.730 | INFO     | N/A | ⏳ 等待 Profile 更新任务...
2026-07-23 11:04:31.756 | INFO     | N/A | ⏳ 等待 Profile 更新任务...
2026-07-23 11:04:36.779 | INFO     | N/A | ⏳ 等待 Profile 更新任务...
2026-07-23 11:04:41.803 | INFO     | N/A | ⏳ 等待 Profile 更新任务...
2026-07-23 11:04:46.827 | INFO     | N/A | ⏳ 等待 Profile 更新任务...
2026-07-23 11:04:51.857 | INFO     | N/A | ⏳ 等待 Profile 更新任务...
2026-07-23 11:04:56.877 | INFO     | N/A | ⏳ 等待 Profile 更新任务...
2026-07-23 11:05:01.902 | INFO     | N/A | ⏳ 等待 Profile 更新任务...
2026-07-23 11:05:06.922 | INFO     | N/A | ⏳ 等待 Profile 更新任务...
2026-07-23 11:05:11.948 | INFO     | N/A | ⏳ 等待 Profile 更新任务...
2026-07-23 11:05:16.971 | INFO     | N/A | ⏳ 等待 Profile 更新任务...
2026-07-23 11:05:22.002 | INFO     | N/A | ⏳ 等待 Profile 更新任务...
2026-07-23 11:05:27.025 | INFO     | N/A | ⏳ 等待 Profile 更新任务...
2026-07-23 11:05:32.049 | INFO     | N/A | ⏳ 等待 Profile 更新任务...
2026-07-23 11:05:37.069 | INFO     | N/A | ⏳ 等待 Profile 更新任务...
2026-07-23 11:05:42.093 | INFO     | N/A | ⏳ 等待 Profile 更新任务...
2026-07-23 11:05:47.114 | INFO     | N/A | ⏳ 等待 Profile 更新任务...
2026-07-23 11:05:52.143 | INFO     | N/A | ⏳ 等待 Profile 更新任务...
2026-07-23 11:05:57.168 | INFO     | N/A | ⏳ 等待 Profile 更新任务...
2026-07-23 11:06:02.190 | INFO     | N/A | ⏳ 等待 Profile 更新任务...
2026-07-23 11:06:07.212 | INFO     | N/A | ⏳ 等待 Profile 更新任务...
2026-07-23 11:06:12.234 | INFO     | N/A | ⏳ 等待 Profile 更新任务...
2026-07-23 11:06:17.255 | INFO     | N/A | ⏳ 等待 Profile 更新任务...
2026-07-23 11:06:22.289 | INFO     | N/A | ⏳ 等待 Profile 更新任务...
2026-07-23 11:06:27.312 | INFO     | N/A | ⏳ 等待 Profile 更新任务...
2026-07-23 11:06:32.334 | INFO     | N/A | ⏳ 等待 Profile 更新任务...
2026-07-23 11:06:37.358 | INFO     | N/A | ⏳ 等待 Profile 更新任务...
2026-07-23 11:06:42.379 | INFO     | N/A | ⏳ 等待 Profile 更新任务...
2026-07-23 11:06:47.401 | INFO     | N/A | ⏳ 等待 Profile 更新任务...
2026-07-23 11:06:52.434 | INFO     | N/A | ⏳ 等待 Profile 更新任务...
2026-07-23 11:06:57.456 | INFO     | N/A | ⏳ 等待 Profile 更新任务...
2026-07-23 11:07:02.478 | INFO     | N/A | ⏳ 等待 Profile 更新任务...
2026-07-23 11:07:07.502 | INFO     | N/A | ⏳ 等待 Profile 更新任务...
2026-07-23 11:07:12.525 | INFO     | N/A | ⏳ 等待 Profile 更新任务...
2026-07-23 11:07:17.549 | INFO     | N/A | ⏳ 等待 Profile 更新任务...
2026-07-23 11:07:22.582 | INFO     | N/A | ⏳ 等待 Profile 更新任务...
2026-07-23 11:07:27.605 | INFO     | N/A | ⏳ 等待 Profile 更新任务...
2026-07-23 11:07:32.629 | INFO     | N/A | ⏳ 等待 Profile 更新任务...
2026-07-23 11:07:37.651 | INFO     | N/A | ⏳ 等待 Profile 更新任务...
2026-07-23 11:07:42.671 | INFO     | N/A | ⏳ 等待 Profile 更新任务...
2026-07-23 11:07:47.693 | INFO     | N/A | ⏳ 等待 Profile 更新任务...
2026-07-23 11:07:52.725 | INFO     | N/A | ⏳ 等待 Profile 更新任务...
2026-07-23 11:07:57.746 | INFO     | N/A | ⏳ 等待 Profile 更新任务...
2026-07-23 11:08:02.768 | INFO     | N/A | ⏳ 等待 Profile 更新任务...
2026-07-23 11:08:07.789 | INFO     | N/A | ⏳ 等待 Profile 更新任务...
2026-07-23 11:08:12.815 | INFO     | N/A | ⏳ 等待 Profile 更新任务...
2026-07-23 11:08:17.840 | INFO     | N/A | ⏳ 等待 Profile 更新任务...
2026-07-23 11:08:22.875 | INFO     | N/A | ⏳ 等待 Profile 更新任务...
2026-07-23 11:08:27.896 | INFO     | N/A | ⏳ 等待 Profile 更新任务...
2026-07-23 11:08:32.918 | INFO     | N/A | ⏳ 等待 Profile 更新任务...
2026-07-23 11:08:37.939 | INFO     | N/A | ⏳ 等待 Profile 更新任务...
2026-07-23 11:08:42.958 | INFO     | N/A | ⏳ 等待 Profile 更新任务...
2026-07-23 11:08:47.981 | INFO     | N/A | ⏳ 等待 Profile 更新任务...
2026-07-23 11:08:53.011 | INFO     | N/A | ⏳ 等待 Profile 更新任务...
2026-07-23 11:08:58.034 | INFO     | N/A | ⏳ 等待 Profile 更新任务...
2026-07-23 11:09:03.058 | INFO     | N/A | ⏳ 等待 Profile 更新任务...
2026-07-23 11:09:08.080 | INFO     | N/A | ⏳ 等待 Profile 更新任务...
2026-07-23 11:09:13.102 | INFO     | N/A | ⏳ 等待 Profile 更新任务...
2026-07-23 11:09:18.124 | INFO     | N/A | ⏳ 等待 Profile 更新任务...
2026-07-23 11:09:23.157 | INFO     | N/A | ⏳ 等待 Profile 更新任务...
2026-07-23 11:09:28.178 | INFO     | N/A | ⏳ 等待 Profile 更新任务...
2026-07-23 11:09:33.203 | INFO     | N/A | ⏳ 等待 Profile 更新任务...
2026-07-23 11:09:38.224 | INFO     | N/A | ⏳ 等待 Profile 更新任务...
2026-07-23 11:09:43.248 | INFO     | N/A | ⏳ 等待 Profile 更新任务...
2026-07-23 11:09:48.270 | INFO     | N/A | ⏳ 等待 Profile 更新任务...
2026-07-23 11:09:53.303 | INFO     | N/A | ⏳ 等待 Profile 更新任务...
2026-07-23 11:09:58.326 | INFO     | N/A | ⏳ 等待 Profile 更新任务...
2026-07-23 11:10:03.349 | INFO     | N/A | ⏳ 等待 Profile 更新任务...
2026-07-23 11:10:08.371 | INFO     | N/A | ⏳ 等待 Profile 更新任务...
2026-07-23 11:10:13.396 | INFO     | N/A | ⏳ 等待 Profile 更新任务...
2026-07-23 11:10:18.418 | INFO     | N/A | ⏳ 等待 Profile 更新任务...
2026-07-23 11:10:23.449 | INFO     | N/A | ⏳ 等待 Profile 更新任务...
2026-07-23 11:10:28.474 | INFO     | N/A | ⏳ 等待 Profile 更新任务...
2026-07-23 11:10:33.498 | INFO     | N/A | ⏳ 等待 Profile 更新任务...
2026-07-23 11:10:38.519 | INFO     | N/A | ⏳ 等待 Profile 更新任务...
2026-07-23 11:10:43.541 | INFO     | N/A | ⏳ 等待 Profile 更新任务...
2026-07-23 11:10:48.564 | INFO     | N/A | ⏳ 等待 Profile 更新任务...
2026-07-23 11:10:53.599 | INFO     | N/A | ⏳ 等待 Profile 更新任务...
2026-07-23 11:10:58.622 | INFO     | N/A | ⏳ 等待 Profile 更新任务...
2026-07-23 11:11:03.645 | INFO     | N/A | ⏳ 等待 Profile 更新任务...
2026-07-23 11:11:08.669 | INFO     | N/A | ⏳ 等待 Profile 更新任务...
2026-07-23 11:11:13.691 | INFO     | N/A | ⏳ 等待 Profile 更新任务...
2026-07-23 11:11:18.713 | INFO     | N/A | ⏳ 等待 Profile 更新任务...
2026-07-23 11:11:23.746 | INFO     | N/A | ⏳ 等待 Profile 更新任务...
2026-07-23 11:11:28.771 | INFO     | N/A | ⏳ 等待 Profile 更新任务...
2026-07-23 11:11:33.794 | INFO     | N/A | ⏳ 等待 Profile 更新任务...
2026-07-23 11:11:38.818 | INFO     | N/A | ⏳ 等待 Profile 更新任务...
2026-07-23 11:11:43.844 | INFO     | N/A | ⏳ 等待 Profile 更新任务...
2026-07-23 11:11:48.868 | INFO     | N/A | ⏳ 等待 Profile 更新任务...
2026-07-23 11:11:53.903 | INFO     | N/A | ⏳ 等待 Profile 更新任务...
2026-07-23 11:11:58.926 | INFO     | N/A | ⏳ 等待 Profile 更新任务...
2026-07-23 11:12:03.949 | INFO     | N/A | ⏳ 等待 Profile 更新任务...
2026-07-23 11:12:08.971 | INFO     | N/A | ⏳ 等待 Profile 更新任务...
2026-07-23 11:12:13.993 | INFO     | N/A | ⏳ 等待 Profile 更新任务...
2026-07-23 11:12:19.017 | INFO     | N/A | ⏳ 等待 Profile 更新任务...
2026-07-23 11:12:24.051 | INFO     | N/A | ⏳ 等待 Profile 更新任务...
2026-07-23 11:12:29.072 | INFO     | N/A | ⏳ 等待 Profile 更新任务...
2026-07-23 11:12:34.095 | INFO     | N/A | ⏳ 等待 Profile 更新任务...
2026-07-23 11:12:39.117 | INFO     | N/A | ⏳ 等待 Profile 更新任务...
2026-07-23 11:12:44.139 | INFO     | N/A | ⏳ 等待 Profile 更新任务...
2026-07-23 11:12:49.161 | INFO     | N/A | ⏳ 等待 Profile 更新任务...
2026-07-23 11:12:54.193 | INFO     | N/A | ⏳ 等待 Profile 更新任务...
2026-07-23 11:12:59.216 | INFO     | N/A | ⏳ 等待 Profile 更新任务...
2026-07-23 11:13:04.239 | INFO     | N/A | ⏳ 等待 Profile 更新任务...
2026-07-23 11:13:09.264 | INFO     | N/A | ⏳ 等待 Profile 更新任务...
2026-07-23 11:13:14.287 | INFO     | N/A | ⏳ 等待 Profile 更新任务...
2026-07-23 11:13:19.309 | INFO     | N/A | ⏳ 等待 Profile 更新任务...
2026-07-23 11:13:24.340 | INFO     | N/A | ⏳ 等待 Profile 更新任务...
2026-07-23 11:13:29.362 | INFO     | N/A | ⏳ 等待 Profile 更新任务...
2026-07-23 11:13:34.386 | INFO     | N/A | ⏳ 等待 Profile 更新任务...
2026-07-23 11:13:39.409 | INFO     | N/A | ⏳ 等待 Profile 更新任务...
2026-07-23 11:13:44.432 | INFO     | N/A | ⏳ 等待 Profile 更新任务...
2026-07-23 11:13:49.455 | INFO     | N/A | ⏳ 等待 Profile 更新任务...
2026-07-23 11:13:54.487 | INFO     | N/A | ⏳ 等待 Profile 更新任务...
2026-07-23 11:13:59.510 | INFO     | N/A | ⏳ 等待 Profile 更新任务...
2026-07-23 11:14:04.533 | INFO     | N/A | ⏳ 等待 Profile 更新任务...
2026-07-23 11:14:09.588 | INFO     | N/A | ⏳ 等待 Profile 更新任务...
2026-07-23 11:14:14.610 | INFO     | N/A | ⏳ 等待 Profile 更新任务...
2026-07-23 11:14:19.634 | INFO     | N/A | ⏳ 等待 Profile 更新任务...
2026-07-23 11:14:24.668 | INFO     | N/A | ⏳ 等待 Profile 更新任务...
2026-07-23 11:14:29.690 | INFO     | N/A | ⏳ 等待 Profile 更新任务...
2026-07-23 11:14:34.714 | INFO     | N/A | ⏳ 等待 Profile 更新任务...
2026-07-23 11:14:39.737 | INFO     | N/A | ⏳ 等待 Profile 更新任务...
2026-07-23 11:14:44.762 | INFO     | N/A | ⏳ 等待 Profile 更新任务...
2026-07-23 11:14:49.804 | INFO     | N/A | ⏳ 等待 Profile 更新任务...
2026-07-23 11:14:54.838 | INFO     | N/A | ⏳ 等待 Profile 更新任务...
2026-07-23 11:14:59.861 | INFO     | N/A | ⏳ 等待 Profile 更新任务...
2026-07-23 11:15:04.885 | INFO     | N/A | ⏳ 等待 Profile 更新任务...
2026-07-23 11:15:09.907 | INFO     | N/A | ⏳ 等待 Profile 更新任务...
2026-07-23 11:15:14.931 | INFO     | N/A | ⏳ 等待 Profile 更新任务...
2026-07-23 11:15:19.957 | INFO     | N/A | ⏳ 等待 Profile 更新任务...
2026-07-23 11:15:24.988 | INFO     | N/A | ⏳ 等待 Profile 更新任务...
2026-07-23 11:15:30.010 | INFO     | N/A | ⏳ 等待 Profile 更新任务...
2026-07-23 11:15:35.035 | INFO     | N/A | ⏳ 等待 Profile 更新任务...
2026-07-23 11:15:40.060 | INFO     | N/A | ⏳ 等待 Profile 更新任务...
2026-07-23 11:15:45.083 | INFO     | N/A | ⏳ 等待 Profile 更新任务...
2026-07-23 11:15:50.109 | INFO     | N/A | ⏳ 等待 Profile 更新任务...
2026-07-23 11:15:55.145 | INFO     | N/A | ⏳ 等待 Profile 更新任务...
2026-07-23 11:16:00.168 | INFO     | N/A | ⏳ 等待 Profile 更新任务...
2026-07-23 11:16:05.192 | INFO     | N/A | ⏳ 等待 Profile 更新任务...
2026-07-23 11:16:10.215 | INFO     | N/A | ⏳ 等待 Profile 更新任务...
2026-07-23 11:16:15.239 | INFO     | N/A | ⏳ 等待 Profile 更新任务...
2026-07-23 11:16:20.263 | INFO     | N/A | ⏳ 等待 Profile 更新任务...
2026-07-23 11:16:25.297 | INFO     | N/A | ⏳ 等待 Profile 更新任务...
2026-07-23 11:16:30.319 | INFO     | N/A | ⏳ 等待 Profile 更新任务...
2026-07-23 11:16:35.343 | INFO     | N/A | ⏳ 等待 Profile 更新任务...
2026-07-23 11:16:40.365 | INFO     | N/A | ⏳ 等待 Profile 更新任务...
2026-07-23 11:16:45.388 | INFO     | N/A | ⏳ 等待 Profile 更新任务...
2026-07-23 11:16:50.408 | INFO     | N/A | ⏳ 等待 Profile 更新任务...
2026-07-23 11:16:55.443 | INFO     | N/A | ⏳ 等待 Profile 更新任务...
2026-07-23 11:17:00.466 | INFO     | N/A | ⏳ 等待 Profile 更新任务...
2026-07-23 11:17:05.490 | INFO     | N/A | ⏳ 等待 Profile 更新任务...
2026-07-23 11:17:10.513 | INFO     | N/A | ⏳ 等待 Profile 更新任务...
2026-07-23 11:17:15.536 | INFO     | N/A | ⏳ 等待 Profile 更新任务...
2026-07-23 11:17:20.560 | INFO     | N/A | ⏳ 等待 Profile 更新任务...
2026-07-23 11:17:25.590 | INFO     | N/A | ⏳ 等待 Profile 更新任务...
2026-07-23 11:17:30.614 | INFO     | N/A | ⏳ 等待 Profile 更新任务...
2026-07-23 11:17:35.636 | INFO     | N/A | ⏳ 等待 Profile 更新任务...
2026-07-23 11:17:40.657 | INFO     | N/A | ⏳ 等待 Profile 更新任务...
2026-07-23 11:17:45.684 | INFO     | N/A | ⏳ 等待 Profile 更新任务...
2026-07-23 11:17:50.702 | INFO     | N/A | ⏳ 等待 Profile 更新任务...
2026-07-23 11:17:55.738 | INFO     | N/A | ⏳ 等待 Profile 更新任务...
2026-07-23 11:18:00.761 | INFO     | N/A | ⏳ 等待 Profile 更新任务...
2026-07-23 11:18:05.784 | INFO     | N/A | ⏳ 等待 Profile 更新任务...
2026-07-23 11:18:10.809 | INFO     | N/A | ⏳ 等待 Profile 更新任务...
2026-07-23 11:18:15.831 | INFO     | N/A | ⏳ 等待 Profile 更新任务...
2026-07-23 11:18:20.853 | INFO     | N/A | ⏳ 等待 Profile 更新任务...
2026-07-23 11:18:25.884 | INFO     | N/A | ⏳ 等待 Profile 更新任务...
2026-07-23 11:18:30.911 | INFO     | N/A | ⏳ 等待 Profile 更新任务...
2026-07-23 11:18:35.933 | INFO     | N/A | ⏳ 等待 Profile 更新任务...
2026-07-23 11:18:40.958 | INFO     | N/A | ⏳ 等待 Profile 更新任务...
2026-07-23 11:18:45.982 | INFO     | N/A | ⏳ 等待 Profile 更新任务...
2026-07-23 11:18:51.007 | INFO     | N/A | ⏳ 等待 Profile 更新任务...
2026-07-23 11:18:56.041 | INFO     | N/A | ⏳ 等待 Profile 更新任务...
2026-07-23 11:19:01.064 | INFO     | N/A | ⏳ 等待 Profile 更新任务...
2026-07-23 11:19:06.087 | INFO     | N/A | ⏳ 等待 Profile 更新任务...
2026-07-23 11:19:11.113 | INFO     | N/A | ⏳ 等待 Profile 更新任务...
2026-07-23 11:19:16.135 | INFO     | N/A | ⏳ 等待 Profile 更新任务...
2026-07-23 11:19:21.159 | INFO     | N/A | ⏳ 等待 Profile 更新任务...
2026-07-23 11:19:26.195 | INFO     | N/A | ⏳ 等待 Profile 更新任务...
2026-07-23 11:19:31.219 | INFO     | N/A | ⏳ 等待 Profile 更新任务...
2026-07-23 11:19:36.243 | INFO     | N/A | ⏳ 等待 Profile 更新任务...
2026-07-23 11:19:41.269 | INFO     | N/A | ⏳ 等待 Profile 更新任务...
2026-07-23 11:19:46.294 | INFO     | N/A | ⏳ 等待 Profile 更新任务...
2026-07-23 11:19:51.302 | INFO     | N/A | ⏳ 等待 Profile 更新任务...
2026-07-23 11:19:56.352 | INFO     | N/A | ⏳ 等待 Profile 更新任务...
2026-07-23 11:20:01.376 | INFO     | N/A | ⏳ 等待 Profile 更新任务...
2026-07-23 11:20:06.398 | INFO     | N/A | ⏳ 等待 Profile 更新任务...
2026-07-23 11:20:11.423 | INFO     | N/A | ⏳ 等待 Profile 更新任务...
2026-07-23 11:20:16.446 | INFO     | N/A | ⏳ 等待 Profile 更新任务...
2026-07-23 11:20:21.474 | INFO     | N/A | ⏳ 等待 Profile 更新任务...
2026-07-23 11:20:26.505 | INFO     | N/A | ⏳ 等待 Profile 更新任务...
2026-07-23 11:20:31.530 | INFO     | N/A | ⏳ 等待 Profile 更新任务...
2026-07-23 11:20:36.553 | INFO     | N/A | ⏳ 等待 Profile 更新任务...
2026-07-23 11:20:41.576 | INFO     | N/A | ⏳ 等待 Profile 更新任务...
2026-07-23 11:20:46.600 | INFO     | N/A | ⏳ 等待 Profile 更新任务...
2026-07-23 11:20:51.623 | INFO     | N/A | ⏳ 等待 Profile 更新任务...
2026-07-23 11:20:56.654 | INFO     | N/A | ⏳ 等待 Profile 更新任务...
2026-07-23 11:21:01.692 | INFO     | N/A | ⏳ 等待 Profile 更新任务...
2026-07-23 11:21:06.702 | INFO     | N/A | ⏳ 等待 Profile 更新任务...
2026-07-23 11:21:11.725 | INFO     | N/A | ⏳ 等待 Profile 更新任务...
2026-07-23 11:21:16.746 | INFO     | N/A | ⏳ 等待 Profile 更新任务...
2026-07-23 11:21:21.772 | INFO     | N/A | ⏳ 等待 Profile 更新任务...
2026-07-23 11:21:26.803 | INFO     | N/A | ⏳ 等待 Profile 更新任务...
2026-07-23 11:21:31.827 | INFO     | N/A | ⏳ 等待 Profile 更新任务...
2026-07-23 11:21:36.860 | INFO     | N/A | ⏳ 等待 Profile 更新任务...
2026-07-23 11:21:41.884 | INFO     | N/A | ⏳ 等待 Profile 更新任务...
2026-07-23 11:21:46.906 | INFO     | N/A | ⏳ 等待 Profile 更新任务...
2026-07-23 11:21:51.914 | INFO     | N/A | ⏳ 等待 Profile 更新任务...
2026-07-23 11:21:56.963 | INFO     | N/A | ⏳ 等待 Profile 更新任务...
2026-07-23 11:22:01.987 | INFO     | N/A | ⏳ 等待 Profile 更新任务...
2026-07-23 11:22:07.009 | INFO     | N/A | ⏳ 等待 Profile 更新任务...
2026-07-23 11:22:12.061 | INFO     | N/A | ⏳ 等待 Profile 更新任务...
2026-07-23 11:22:17.085 | INFO     | N/A | ⏳ 等待 Profile 更新任务...
2026-07-23 11:22:22.111 | INFO     | N/A | ⏳ 等待 Profile 更新任务...
2026-07-23 11:22:27.142 | INFO     | N/A | ⏳ 等待 Profile 更新任务...
2026-07-23 11:22:32.166 | INFO     | N/A | ⏳ 等待 Profile 更新任务...
2026-07-23 11:22:37.191 | INFO     | N/A | ⏳ 等待 Profile 更新任务...
2026-07-23 11:22:42.215 | INFO     | N/A | ⏳ 等待 Profile 更新任务...
2026-07-23 11:22:47.238 | INFO     | N/A | ⏳ 等待 Profile 更新任务...
2026-07-23 11:22:52.263 | INFO     | N/A | ⏳ 等待 Profile 更新任务...
2026-07-23 11:22:57.315 | INFO     | N/A | ⏳ 等待 Profile 更新任务...
2026-07-23 11:23:02.338 | INFO     | N/A | ⏳ 等待 Profile 更新任务...
2026-07-23 11:23:07.362 | INFO     | N/A | ⏳ 等待 Profile 更新任务...
2026-07-23 11:23:12.388 | INFO     | N/A | ⏳ 等待 Profile 更新任务...
2026-07-23 11:23:17.415 | INFO     | N/A | ⏳ 等待 Profile 更新任务...
2026-07-23 11:23:22.443 | INFO     | N/A | ⏳ 等待 Profile 更新任务...
2026-07-23 11:23:27.474 | INFO     | N/A | ⏳ 等待 Profile 更新任务...
2026-07-23 11:23:32.498 | INFO     | N/A | ⏳ 等待 Profile 更新任务...
2026-07-23 11:23:37.523 | INFO     | N/A | ⏳ 等待 Profile 更新任务...
2026-07-23 11:23:42.548 | INFO     | N/A | ⏳ 等待 Profile 更新任务...
2026-07-23 11:23:47.572 | INFO     | N/A | ⏳ 等待 Profile 更新任务...
2026-07-23 11:23:52.597 | INFO     | N/A | ⏳ 等待 Profile 更新任务...
2026-07-23 11:23:57.629 | INFO     | N/A | ⏳ 等待 Profile 更新任务...
2026-07-23 11:24:02.652 | INFO     | N/A | ⏳ 等待 Profile 更新任务...
2026-07-23 11:24:07.696 | INFO     | N/A | ⏳ 等待 Profile 更新任务...
2026-07-23 11:24:12.720 | INFO     | N/A | ⏳ 等待 Profile 更新任务...
2026-07-23 11:24:17.743 | INFO     | N/A | ⏳ 等待 Profile 更新任务...
2026-07-23 11:24:22.773 | INFO     | N/A | ⏳ 等待 Profile 更新任务...
2026-07-23 11:24:27.802 | INFO     | N/A | ⏳ 等待 Profile 更新任务...
2026-07-23 11:24:32.822 | INFO     | N/A | ⏳ 等待 Profile 更新任务...
2026-07-23 11:24:37.845 | INFO     | N/A | ⏳ 等待 Profile 更新任务...
2026-07-23 11:24:42.866 | INFO     | N/A | ⏳ 等待 Profile 更新任务...
2026-07-23 11:24:47.889 | INFO     | N/A | ⏳ 等待 Profile 更新任务...
2026-07-23 11:24:52.920 | INFO     | N/A | ⏳ 等待 Profile 更新任务...
2026-07-23 11:24:57.950 | INFO     | N/A | ⏳ 等待 Profile 更新任务...
2026-07-23 11:25:02.972 | INFO     | N/A | ⏳ 等待 Profile 更新任务...
2026-07-23 11:25:07.994 | INFO     | N/A | ⏳ 等待 Profile 更新任务...
2026-07-23 11:25:13.018 | INFO     | N/A | ⏳ 等待 Profile 更新任务...
2026-07-23 11:25:18.069 | INFO     | N/A | ⏳ 等待 Profile 更新任务...
2026-07-23 11:25:23.095 | INFO     | N/A | ⏳ 等待 Profile 更新任务...
2026-07-23 11:25:28.126 | INFO     | N/A | ⏳ 等待 Profile 更新任务...
2026-07-23 11:25:33.151 | INFO     | N/A | ⏳ 等待 Profile 更新任务...
2026-07-23 11:25:38.173 | INFO     | N/A | ⏳ 等待 Profile 更新任务...
2026-07-23 11:25:43.197 | INFO     | N/A | ⏳ 等待 Profile 更新任务...
2026-07-23 11:25:48.220 | INFO     | N/A | ⏳ 等待 Profile 更新任务...
2026-07-23 11:25:53.246 | INFO     | N/A | ⏳ 等待 Profile 更新任务...
2026-07-23 11:25:58.277 | INFO     | N/A | ⏳ 等待 Profile 更新任务...
2026-07-23 11:26:03.299 | INFO     | N/A | ⏳ 等待 Profile 更新任务...
2026-07-23 11:26:08.323 | INFO     | N/A | ⏳ 等待 Profile 更新任务...
2026-07-23 11:26:13.348 | INFO     | N/A | ⏳ 等待 Profile 更新任务...
2026-07-23 11:26:18.370 | INFO     | N/A | ⏳ 等待 Profile 更新任务...
2026-07-23 11:26:23.397 | INFO     | N/A | ⏳ 等待 Profile 更新任务...
2026-07-23 11:26:28.427 | INFO     | N/A | ⏳ 等待 Profile 更新任务...
2026-07-23 11:26:33.449 | INFO     | N/A | ⏳ 等待 Profile 更新任务...
2026-07-23 11:26:38.473 | INFO     | N/A | ⏳ 等待 Profile 更新任务...
2026-07-23 11:26:43.494 | INFO     | N/A | ⏳ 等待 Profile 更新任务...
2026-07-23 11:26:48.516 | INFO     | N/A | ⏳ 等待 Profile 更新任务...
2026-07-23 11:26:53.548 | INFO     | N/A | ⏳ 等待 Profile 更新任务...
2026-07-23 11:26:58.575 | INFO     | N/A | ⏳ 等待 Profile 更新任务...
2026-07-23 11:27:03.598 | INFO     | N/A | ⏳ 等待 Profile 更新任务...
2026-07-23 11:27:08.623 | INFO     | N/A | ⏳ 等待 Profile 更新任务...
2026-07-23 11:27:13.645 | INFO     | N/A | ⏳ 等待 Profile 更新任务...
2026-07-23 11:27:18.670 | INFO     | N/A | ⏳ 等待 Profile 更新任务...
2026-07-23 11:27:23.697 | INFO     | N/A | ⏳ 等待 Profile 更新任务...
2026-07-23 11:27:28.724 | INFO     | N/A | ⏳ 等待 Profile 更新任务...
2026-07-23 11:27:33.748 | INFO     | N/A | ⏳ 等待 Profile 更新任务...
2026-07-23 11:27:38.771 | INFO     | N/A | ⏳ 等待 Profile 更新任务...
2026-07-23 11:27:43.796 | INFO     | N/A | ⏳ 等待 Profile 更新任务...
2026-07-23 11:27:48.820 | INFO     | N/A | ⏳ 等待 Profile 更新任务...
2026-07-23 11:27:53.848 | INFO     | N/A | ⏳ 等待 Profile 更新任务...
2026-07-23 11:27:58.876 | INFO     | N/A | ⏳ 等待 Profile 更新任务...
2026-07-23 11:28:03.902 | INFO     | N/A | ⏳ 等待 Profile 更新任务...
2026-07-23 11:28:08.923 | INFO     | N/A | ⏳ 等待 Profile 更新任务...
2026-07-23 11:28:13.945 | INFO     | N/A | ⏳ 等待 Profile 更新任务...
2026-07-23 11:28:18.968 | INFO     | N/A | ⏳ 等待 Profile 更新任务...
2026-07-23 11:28:23.999 | INFO     | N/A | ⏳ 等待 Profile 更新任务...
2026-07-23 11:28:29.025 | INFO     | N/A | ⏳ 等待 Profile 更新任务...
2026-07-23 11:28:34.046 | INFO     | N/A | ⏳ 等待 Profile 更新任务...
2026-07-23 11:28:39.069 | INFO     | N/A | ⏳ 等待 Profile 更新任务...
2026-07-23 11:28:44.090 | INFO     | N/A | ⏳ 等待 Profile 更新任务...
2026-07-23 11:28:49.111 | INFO     | N/A | ⏳ 等待 Profile 更新任务...
2026-07-23 11:28:54.139 | INFO     | N/A | ⏳ 等待 Profile 更新任务...
2026-07-23 11:28:59.167 | INFO     | N/A | ⏳ 等待 Profile 更新任务...
2026-07-23 11:29:04.191 | INFO     | N/A | ⏳ 等待 Profile 更新任务...
2026-07-23 11:29:09.213 | INFO     | N/A | ⏳ 等待 Profile 更新任务...
2026-07-23 11:29:14.235 | INFO     | N/A | ⏳ 等待 Profile 更新任务...
2026-07-23 11:29:19.259 | INFO     | N/A | ⏳ 等待 Profile 更新任务...
2026-07-23 11:29:24.289 | INFO     | N/A | ⏳ 等待 Profile 更新任务...
2026-07-23 11:29:29.315 | INFO     | N/A | ⏳ 等待 Profile 更新任务...
2026-07-23 11:29:34.336 | INFO     | N/A | ⏳ 等待 Profile 更新任务...
2026-07-23 11:29:39.360 | INFO     | N/A | ⏳ 等待 Profile 更新任务...
2026-07-23 11:29:44.384 | INFO     | N/A | ⏳ 等待 Profile 更新任务...
2026-07-23 11:29:49.408 | INFO     | N/A | ⏳ 等待 Profile 更新任务...
2026-07-23 11:29:54.436 | INFO     | N/A | ⏳ 等待 Profile 更新任务...
2026-07-23 11:29:59.462 | INFO     | N/A | ⏳ 等待 Profile 更新任务...
2026-07-23 11:30:04.487 | INFO     | N/A | ⏳ 等待 Profile 更新任务...
2026-07-23 11:30:09.510 | INFO     | N/A | ⏳ 等待 Profile 更新任务...
2026-07-23 11:30:14.535 | INFO     | N/A | ⏳ 等待 Profile 更新任务...
2026-07-23 11:30:19.558 | INFO     | N/A | ⏳ 等待 Profile 更新任务...
2026-07-23 11:30:24.588 | INFO     | N/A | ⏳ 等待 Profile 更新任务...
2026-07-23 11:30:29.614 | INFO     | N/A | ⏳ 等待 Profile 更新任务...
2026-07-23 11:30:34.637 | INFO     | N/A | ⏳ 等待 Profile 更新任务...
2026-07-23 11:30:39.661 | INFO     | N/A | ⏳ 等待 Profile 更新任务...
2026-07-23 11:30:44.680 | INFO     | N/A | ⏳ 等待 Profile 更新任务...
2026-07-23 11:30:49.722 | INFO     | N/A | ⏳ 等待 Profile 更新任务...
2026-07-23 11:30:54.751 | INFO     | N/A | ⏳ 等待 Profile 更新任务...
2026-07-23 11:30:59.778 | INFO     | N/A | ⏳ 等待 Profile 更新任务...
2026-07-23 11:31:04.799 | INFO     | N/A | ⏳ 等待 Profile 更新任务...
2026-07-23 11:31:09.822 | INFO     | N/A | ⏳ 等待 Profile 更新任务...
2026-07-23 11:31:14.843 | INFO     | N/A | ⏳ 等待 Profile 更新任务...
2026-07-23 11:31:19.867 | INFO     | N/A | ⏳ 等待 Profile 更新任务...
2026-07-23 11:31:24.898 | INFO     | N/A | ⏳ 等待 Profile 更新任务...
2026-07-23 11:31:29.926 | INFO     | N/A | ⏳ 等待 Profile 更新任务...
2026-07-23 11:31:34.949 | INFO     | N/A | ⏳ 等待 Profile 更新任务...
2026-07-23 11:31:39.970 | INFO     | N/A | ⏳ 等待 Profile 更新任务...
2026-07-23 11:31:44.993 | INFO     | N/A | ⏳ 等待 Profile 更新任务...
2026-07-23 11:31:50.016 | INFO     | N/A | ⏳ 等待 Profile 更新任务...
2026-07-23 11:31:55.048 | INFO     | N/A | ⏳ 等待 Profile 更新任务...
2026-07-23 11:32:00.074 | INFO     | N/A | ⏳ 等待 Profile 更新任务...
2026-07-23 11:32:05.101 | INFO     | N/A | ⏳ 等待 Profile 更新任务...
2026-07-23 11:32:10.125 | INFO     | N/A | ⏳ 等待 Profile 更新任务...
2026-07-23 11:32:15.148 | INFO     | N/A | ⏳ 等待 Profile 更新任务...
2026-07-23 11:32:20.171 | INFO     | N/A | ⏳ 等待 Profile 更新任务...
2026-07-23 11:32:25.198 | INFO     | N/A | ⏳ 等待 Profile 更新任务...
2026-07-23 11:32:30.223 | INFO     | N/A | ⏳ 等待 Profile 更新任务...
2026-07-23 11:32:35.247 | INFO     | N/A | ⏳ 等待 Profile 更新任务...
2026-07-23 11:32:40.272 | INFO     | N/A | ⏳ 等待 Profile 更新任务...
2026-07-23 11:32:45.295 | INFO     | N/A | ⏳ 等待 Profile 更新任务...
2026-07-23 11:32:50.318 | INFO     | N/A | ⏳ 等待 Profile 更新任务...
2026-07-23 11:32:55.347 | INFO     | N/A | ⏳ 等待 Profile 更新任务...
2026-07-23 11:33:00.376 | INFO     | N/A | ⏳ 等待 Profile 更新任务...
2026-07-23 11:33:05.400 | INFO     | N/A | ⏳ 等待 Profile 更新任务...
2026-07-23 11:33:10.425 | INFO     | N/A | ⏳ 等待 Profile 更新任务...
2026-07-23 11:33:15.447 | INFO     | N/A | ⏳ 等待 Profile 更新任务...
2026-07-23 11:33:20.469 | INFO     | N/A | ⏳ 等待 Profile 更新任务...
2026-07-23 11:33:25.497 | INFO     | N/A | ⏳ 等待 Profile 更新任务...
2026-07-23 11:33:30.526 | INFO     | N/A | ⏳ 等待 Profile 更新任务...
2026-07-23 11:33:35.550 | INFO     | N/A | ⏳ 等待 Profile 更新任务...
2026-07-23 11:33:40.575 | INFO     | N/A | ⏳ 等待 Profile 更新任务...
2026-07-23 11:33:45.598 | INFO     | N/A | ⏳ 等待 Profile 更新任务...
2026-07-23 11:33:50.621 | INFO     | N/A | ⏳ 等待 Profile 更新任务...
2026-07-23 11:33:55.652 | INFO     | N/A | ⏳ 等待 Profile 更新任务...
2026-07-23 11:34:00.680 | INFO     | N/A | ⏳ 等待 Profile 更新任务...
2026-07-23 11:34:05.703 | INFO     | N/A | ⏳ 等待 Profile 更新任务...
2026-07-23 11:34:10.727 | INFO     | N/A | ⏳ 等待 Profile 更新任务...
2026-07-23 11:34:15.751 | INFO     | N/A | ⏳ 等待 Profile 更新任务...
2026-07-23 11:34:20.775 | INFO     | N/A | ⏳ 等待 Profile 更新任务...
2026-07-23 11:34:25.806 | INFO     | N/A | ⏳ 等待 Profile 更新任务...
2026-07-23 11:34:30.840 | INFO     | N/A | ⏳ 等待 Profile 更新任务...
2026-07-23 11:34:35.862 | INFO     | N/A | ⏳ 等待 Profile 更新任务...
2026-07-23 11:34:40.888 | INFO     | N/A | ⏳ 等待 Profile 更新任务...
2026-07-23 11:34:45.910 | INFO     | N/A | ⏳ 等待 Profile 更新任务...
2026-07-23 11:34:50.935 | INFO     | N/A | ⏳ 等待 Profile 更新任务...
2026-07-23 11:34:55.963 | INFO     | N/A | ⏳ 等待 Profile 更新任务...
2026-07-23 11:35:00.991 | INFO     | N/A | ⏳ 等待 Profile 更新任务...
2026-07-23 11:35:06.016 | INFO     | N/A | ⏳ 等待 Profile 更新任务...
2026-07-23 11:35:11.040 | INFO     | N/A | ⏳ 等待 Profile 更新任务...
2026-07-23 11:35:16.064 | INFO     | N/A | ⏳ 等待 Profile 更新任务...
2026-07-23 11:35:21.090 | INFO     | N/A | ⏳ 等待 Profile 更新任务...
2026-07-23 11:35:26.104 | INFO     | N/A | ⏳ 等待 Profile 更新任务...
2026-07-23 11:35:31.148 | INFO     | N/A | ⏳ 等待 Profile 更新任务...
2026-07-23 11:35:36.172 | INFO     | N/A | ⏳ 等待 Profile 更新任务...
2026-07-23 11:35:41.200 | INFO     | N/A | ⏳ 等待 Profile 更新任务...
2026-07-23 11:35:46.224 | INFO     | N/A | ⏳ 等待 Profile 更新任务...
2026-07-23 11:35:51.247 | INFO     | N/A | ⏳ 等待 Profile 更新任务...
2026-07-23 11:35:56.278 | INFO     | N/A | ⏳ 等待 Profile 更新任务...
2026-07-23 11:36:01.303 | INFO     | N/A | ⏳ 等待 Profile 更新任务...
2026-07-23 11:36:06.326 | INFO     | N/A | ⏳ 等待 Profile 更新任务...
2026-07-23 11:36:11.349 | INFO     | N/A | ⏳ 等待 Profile 更新任务...
2026-07-23 11:36:16.375 | INFO     | N/A | ⏳ 等待 Profile 更新任务...
2026-07-23 11:36:21.400 | INFO     | N/A | ⏳ 等待 Profile 更新任务...
2026-07-23 11:36:26.431 | INFO     | N/A | ⏳ 等待 Profile 更新任务...
2026-07-23 11:36:31.456 | INFO     | N/A | ⏳ 等待 Profile 更新任务...
2026-07-23 11:36:36.479 | INFO     | N/A | ⏳ 等待 Profile 更新任务...
2026-07-23 11:36:41.502 | INFO     | N/A | ⏳ 等待 Profile 更新任务...
2026-07-23 11:36:46.526 | INFO     | N/A | ⏳ 等待 Profile 更新任务...
2026-07-23 11:36:51.551 | INFO     | N/A | ⏳ 等待 Profile 更新任务...
2026-07-23 11:36:56.589 | INFO     | N/A | ⏳ 等待 Profile 更新任务...
2026-07-23 11:37:01.616 | INFO     | N/A | ⏳ 等待 Profile 更新任务...
2026-07-23 11:37:06.640 | INFO     | N/A | ⏳ 等待 Profile 更新任务...
2026-07-23 11:37:11.664 | INFO     | N/A | ⏳ 等待 Profile 更新任务...
2026-07-23 11:37:16.688 | INFO     | N/A | ⏳ 等待 Profile 更新任务...
2026-07-23 11:37:21.709 | INFO     | N/A | ⏳ 等待 Profile 更新任务...
2026-07-23 11:37:26.744 | INFO     | N/A | ⏳ 等待 Profile 更新任务...
2026-07-23 11:37:31.771 | INFO     | N/A | ⏳ 等待 Profile 更新任务...
2026-07-23 11:37:36.796 | INFO     | N/A | ⏳ 等待 Profile 更新任务...
2026-07-23 11:37:41.819 | INFO     | N/A | ⏳ 等待 Profile 更新任务...
2026-07-23 11:37:46.842 | INFO     | N/A | ⏳ 等待 Profile 更新任务...
2026-07-23 11:37:51.866 | INFO     | N/A | ⏳ 等待 Profile 更新任务...
2026-07-23 11:37:56.899 | INFO     | N/A | ⏳ 等待 Profile 更新任务...
2026-07-23 11:38:01.923 | INFO     | N/A | ⏳ 等待 Profile 更新任务...
2026-07-23 11:38:06.948 | INFO     | N/A | ⏳ 等待 Profile 更新任务...
2026-07-23 11:38:11.974 | INFO     | N/A | ⏳ 等待 Profile 更新任务...
2026-07-23 11:38:17.006 | INFO     | N/A | ⏳ 等待 Profile 更新任务...
2026-07-23 11:38:22.030 | INFO     | N/A | ⏳ 等待 Profile 更新任务...
2026-07-23 11:38:27.063 | INFO     | N/A | ⏳ 等待 Profile 更新任务...
2026-07-23 11:38:32.087 | INFO     | N/A | ⏳ 等待 Profile 更新任务...
2026-07-23 11:38:37.109 | INFO     | N/A | ⏳ 等待 Profile 更新任务...
2026-07-23 11:38:42.134 | INFO     | N/A | ⏳ 等待 Profile 更新任务...
2026-07-23 11:38:47.163 | INFO     | N/A | ⏳ 等待 Profile 更新任务...
2026-07-23 11:38:52.187 | INFO     | N/A | ⏳ 等待 Profile 更新任务...
2026-07-23 11:38:57.220 | INFO     | N/A | ⏳ 等待 Profile 更新任务...
2026-07-23 11:39:02.247 | INFO     | N/A | ⏳ 等待 Profile 更新任务...
2026-07-23 11:39:07.269 | INFO     | N/A | ⏳ 等待 Profile 更新任务...
2026-07-23 11:39:12.293 | INFO     | N/A | ⏳ 等待 Profile 更新任务...
2026-07-23 11:39:17.317 | INFO     | N/A | ⏳ 等待 Profile 更新任务...
2026-07-23 11:39:22.343 | INFO     | N/A | ⏳ 等待 Profile 更新任务...
2026-07-23 11:39:27.379 | INFO     | N/A | ⏳ 等待 Profile 更新任务...
2026-07-23 11:39:32.405 | INFO     | N/A | ⏳ 等待 Profile 更新任务...
2026-07-23 11:39:37.429 | INFO     | N/A | ⏳ 等待 Profile 更新任务...
2026-07-23 11:39:42.452 | INFO     | N/A | ⏳ 等待 Profile 更新任务...
2026-07-23 11:39:47.476 | INFO     | N/A | ⏳ 等待 Profile 更新任务...
2026-07-23 11:39:52.501 | INFO     | N/A | ⏳ 等待 Profile 更新任务...
2026-07-23 11:39:57.506 | INFO     | N/A | ⏳ 等待 Profile 更新任务...
2026-07-23 11:40:02.559 | INFO     | N/A | ⏳ 等待 Profile 更新任务...
2026-07-23 11:40:07.582 | INFO     | N/A | ⏳ 等待 Profile 更新任务...
2026-07-23 11:40:12.606 | INFO     | N/A | ⏳ 等待 Profile 更新任务...
2026-07-23 11:40:17.629 | INFO     | N/A | ⏳ 等待 Profile 更新任务...
2026-07-23 11:40:22.651 | INFO     | N/A | ⏳ 等待 Profile 更新任务...
2026-07-23 11:40:27.681 | INFO     | N/A | ⏳ 等待 Profile 更新任务...
2026-07-23 11:40:32.705 | INFO     | N/A | ⏳ 等待 Profile 更新任务...
2026-07-23 11:40:37.732 | INFO     | N/A | ⏳ 等待 Profile 更新任务...
2026-07-23 11:40:42.755 | INFO     | N/A | ⏳ 等待 Profile 更新任务...
2026-07-23 11:40:47.788 | INFO     | N/A | ⏳ 等待 Profile 更新任务...
2026-07-23 11:40:52.811 | INFO     | N/A | ⏳ 等待 Profile 更新任务...
2026-07-23 11:40:57.849 | INFO     | N/A | ⏳ 等待 Profile 更新任务...
2026-07-23 11:41:02.871 | INFO     | N/A | ⏳ 等待 Profile 更新任务...
2026-07-23 11:41:07.893 | INFO     | N/A | ⏳ 等待 Profile 更新任务...
2026-07-23 11:41:12.915 | INFO     | N/A | ⏳ 等待 Profile 更新任务...
2026-07-23 11:41:17.939 | INFO     | N/A | ⏳ 等待 Profile 更新任务...
2026-07-23 11:41:22.963 | INFO     | N/A | ⏳ 等待 Profile 更新任务...
2026-07-23 11:41:27.997 | INFO     | N/A | ⏳ 等待 Profile 更新任务...
2026-07-23 11:41:33.019 | INFO     | N/A | ⏳ 等待 Profile 更新任务...
2026-07-23 11:41:38.043 | INFO     | N/A | ⏳ 等待 Profile 更新任务...
2026-07-23 11:41:43.068 | INFO     | N/A | ⏳ 等待 Profile 更新任务...
2026-07-23 11:41:48.091 | INFO     | N/A | ⏳ 等待 Profile 更新任务...
2026-07-23 11:41:53.115 | INFO     | N/A | ⏳ 等待 Profile 更新任务...
2026-07-23 11:41:58.147 | INFO     | N/A | ⏳ 等待 Profile 更新任务...
2026-07-23 11:42:03.171 | INFO     | N/A | ⏳ 等待 Profile 更新任务...
2026-07-23 11:42:08.195 | INFO     | N/A | ⏳ 等待 Profile 更新任务...
2026-07-23 11:42:13.218 | INFO     | N/A | ⏳ 等待 Profile 更新任务...
2026-07-23 11:42:18.243 | INFO     | N/A | ⏳ 等待 Profile 更新任务...
2026-07-23 11:42:23.266 | INFO     | N/A | ⏳ 等待 Profile 更新任务...
2026-07-23 11:42:28.297 | INFO     | N/A | ⏳ 等待 Profile 更新任务...
2026-07-23 11:42:33.325 | INFO     | N/A | ⏳ 等待 Profile 更新任务...
2026-07-23 11:42:38.351 | INFO     | N/A | ⏳ 等待 Profile 更新任务...
2026-07-23 11:42:43.374 | INFO     | N/A | ⏳ 等待 Profile 更新任务...
2026-07-23 11:42:48.398 | INFO     | N/A | ⏳ 等待 Profile 更新任务...
2026-07-23 11:42:53.423 | INFO     | N/A | ⏳ 等待 Profile 更新任务...
2026-07-23 11:42:58.459 | INFO     | N/A | ⏳ 等待 Profile 更新任务...
2026-07-23 11:43:03.484 | INFO     | N/A | ⏳ 等待 Profile 更新任务...
2026-07-23 11:43:08.511 | INFO     | N/A | ⏳ 等待 Profile 更新任务...
2026-07-23 11:43:13.536 | INFO     | N/A | ⏳ 等待 Profile 更新任务...
2026-07-23 11:43:18.559 | INFO     | N/A | ⏳ 等待 Profile 更新任务...
2026-07-23 11:43:23.581 | INFO     | N/A | ⏳ 等待 Profile 更新任务...
2026-07-23 11:43:28.616 | INFO     | N/A | ⏳ 等待 Profile 更新任务...
2026-07-23 11:43:33.639 | INFO     | N/A | ⏳ 等待 Profile 更新任务...
2026-07-23 11:43:38.664 | INFO     | N/A | ⏳ 等待 Profile 更新任务...
2026-07-23 11:43:43.687 | INFO     | N/A | ⏳ 等待 Profile 更新任务...
2026-07-23 11:43:48.709 | INFO     | N/A | ⏳ 等待 Profile 更新任务...
2026-07-23 11:43:53.733 | INFO     | N/A | ⏳ 等待 Profile 更新任务...
2026-07-23 11:43:58.767 | INFO     | N/A | ⏳ 等待 Profile 更新任务...
2026-07-23 11:44:03.789 | INFO     | N/A | ⏳ 等待 Profile 更新任务...
2026-07-23 11:44:08.818 | INFO     | N/A | ⏳ 等待 Profile 更新任务...
2026-07-23 11:44:13.840 | INFO     | N/A | ⏳ 等待 Profile 更新任务...
2026-07-23 11:44:18.860 | INFO     | N/A | ⏳ 等待 Profile 更新任务...
2026-07-23 11:44:23.884 | INFO     | N/A | ⏳ 等待 Profile 更新任务...
2026-07-23 11:44:28.918 | INFO     | N/A | ⏳ 等待 Profile 更新任务...
2026-07-23 11:44:33.941 | INFO     | N/A | ⏳ 等待 Profile 更新任务...
2026-07-23 11:44:38.964 | INFO     | N/A | ⏳ 等待 Profile 更新任务...
2026-07-23 11:44:43.989 | INFO     | N/A | ⏳ 等待 Profile 更新任务...
2026-07-23 11:44:49.013 | INFO     | N/A | ⏳ 等待 Profile 更新任务...
2026-07-23 11:44:54.035 | INFO     | N/A | ⏳ 等待 Profile 更新任务...
2026-07-23 11:44:59.072 | INFO     | N/A | ⏳ 等待 Profile 更新任务...
2026-07-23 11:45:04.099 | INFO     | N/A | ⏳ 等待 Profile 更新任务...
2026-07-23 11:45:09.123 | INFO     | N/A | ⏳ 等待 Profile 更新任务...
2026-07-23 11:45:14.145 | INFO     | N/A | ⏳ 等待 Profile 更新任务...
2026-07-23 11:45:19.170 | INFO     | N/A | ⏳ 等待 Profile 更新任务...
2026-07-23 11:45:24.195 | INFO     | N/A | ⏳ 等待 Profile 更新任务...
2026-07-23 11:45:29.227 | INFO     | N/A | ⏳ 等待 Profile 更新任务...
2026-07-23 11:45:34.252 | INFO     | N/A | ⏳ 等待 Profile 更新任务...
2026-07-23 11:45:39.278 | INFO     | N/A | ⏳ 等待 Profile 更新任务...
2026-07-23 11:45:44.302 | INFO     | N/A | ⏳ 等待 Profile 更新任务...
2026-07-23 11:45:49.327 | INFO     | N/A | ⏳ 等待 Profile 更新任务...
2026-07-23 11:45:54.352 | INFO     | N/A | ⏳ 等待 Profile 更新任务...
2026-07-23 11:45:59.386 | INFO     | N/A | ⏳ 等待 Profile 更新任务...
2026-07-23 11:46:04.413 | INFO     | N/A | ⏳ 等待 Profile 更新任务...
2026-07-23 11:46:09.438 | INFO     | N/A | ⏳ 等待 Profile 更新任务...
2026-07-23 11:46:14.466 | INFO     | N/A | ⏳ 等待 Profile 更新任务...
2026-07-23 11:46:19.492 | INFO     | N/A | ⏳ 等待 Profile 更新任务...
2026-07-23 11:46:24.519 | INFO     | N/A | ⏳ 等待 Profile 更新任务...
2026-07-23 11:46:29.554 | INFO     | N/A | ⏳ 等待 Profile 更新任务...
2026-07-23 11:46:34.580 | INFO     | N/A | ⏳ 等待 Profile 更新任务...
2026-07-23 11:46:39.604 | INFO     | N/A | ⏳ 等待 Profile 更新任务...
2026-07-23 11:46:44.630 | INFO     | N/A | ⏳ 等待 Profile 更新任务...
2026-07-23 11:46:49.654 | INFO     | N/A | ⏳ 等待 Profile 更新任务...
2026-07-23 11:46:54.680 | INFO     | N/A | ⏳ 等待 Profile 更新任务...
2026-07-23 11:46:59.717 | INFO     | N/A | ⏳ 等待 Profile 更新任务...
2026-07-23 11:47:04.740 | INFO     | N/A | ⏳ 等待 Profile 更新任务...
2026-07-23 11:47:09.766 | INFO     | N/A | ⏳ 等待 Profile 更新任务...
2026-07-23 11:47:14.791 | INFO     | N/A | ⏳ 等待 Profile 更新任务...
2026-07-23 11:47:19.819 | INFO     | N/A | ⏳ 等待 Profile 更新任务...
2026-07-23 11:47:24.843 | INFO     | N/A | ⏳ 等待 Profile 更新任务...
2026-07-23 11:47:29.877 | INFO     | N/A | ⏳ 等待 Profile 更新任务...
2026-07-23 11:47:34.902 | INFO     | N/A | ⏳ 等待 Profile 更新任务...
2026-07-23 11:47:39.926 | INFO     | N/A | ⏳ 等待 Profile 更新任务...
2026-07-23 11:47:44.949 | INFO     | N/A | ⏳ 等待 Profile 更新任务...
2026-07-23 11:47:49.974 | INFO     | N/A | ⏳ 等待 Profile 更新任务...
2026-07-23 11:47:54.997 | INFO     | N/A | ⏳ 等待 Profile 更新任务...
2026-07-23 11:48:00.028 | INFO     | N/A | ⏳ 等待 Profile 更新任务...
2026-07-23 11:48:05.050 | INFO     | N/A | ⏳ 等待 Profile 更新任务...
2026-07-23 11:48:10.074 | INFO     | N/A | ⏳ 等待 Profile 更新任务...
2026-07-23 11:48:15.098 | INFO     | N/A | ⏳ 等待 Profile 更新任务...
2026-07-23 11:48:20.125 | INFO     | N/A | ⏳ 等待 Profile 更新任务...
2026-07-23 11:48:25.148 | INFO     | N/A | ⏳ 等待 Profile 更新任务...
2026-07-23 11:48:30.182 | INFO     | N/A | ⏳ 等待 Profile 更新任务...
2026-07-23 11:48:35.207 | INFO     | N/A | ⏳ 等待 Profile 更新任务...
2026-07-23 11:48:40.232 | INFO     | N/A | ⏳ 等待 Profile 更新任务...
2026-07-23 11:48:45.257 | INFO     | N/A | ⏳ 等待 Profile 更新任务...
2026-07-23 11:48:50.282 | INFO     | N/A | ⏳ 等待 Profile 更新任务...
2026-07-23 11:48:55.310 | INFO     | N/A | ⏳ 等待 Profile 更新任务...
2026-07-23 11:49:00.344 | INFO     | N/A | ⏳ 等待 Profile 更新任务...
2026-07-23 11:49:05.368 | INFO     | N/A | ⏳ 等待 Profile 更新任务...
2026-07-23 11:49:10.391 | INFO     | N/A | ⏳ 等待 Profile 更新任务...
2026-07-23 11:49:15.417 | INFO     | N/A | ⏳ 等待 Profile 更新任务...
2026-07-23 11:49:20.443 | INFO     | N/A | ⏳ 等待 Profile 更新任务...
2026-07-23 11:49:25.467 | INFO     | N/A | ⏳ 等待 Profile 更新任务...
2026-07-23 11:49:30.500 | INFO     | N/A | ⏳ 等待 Profile 更新任务...
2026-07-23 11:49:35.525 | INFO     | N/A | ⏳ 等待 Profile 更新任务...
2026-07-23 11:49:40.548 | INFO     | N/A | ⏳ 等待 Profile 更新任务...
2026-07-23 11:49:45.570 | INFO     | N/A | ⏳ 等待 Profile 更新任务...
2026-07-23 11:49:50.596 | INFO     | N/A | ⏳ 等待 Profile 更新任务...
2026-07-23 11:49:55.619 | INFO     | N/A | ⏳ 等待 Profile 更新任务...
2026-07-23 11:50:00.653 | INFO     | N/A | ⏳ 等待 Profile 更新任务...
2026-07-23 11:50:05.680 | INFO     | N/A | ⏳ 等待 Profile 更新任务...
2026-07-23 11:50:10.714 | INFO     | N/A | ⏳ 等待 Profile 更新任务...
2026-07-23 11:50:15.741 | INFO     | N/A | ⏳ 等待 Profile 更新任务...
2026-07-23 11:50:20.765 | INFO     | N/A | ⏳ 等待 Profile 更新任务...
2026-07-23 11:50:25.791 | INFO     | N/A | ⏳ 等待 Profile 更新任务...
2026-07-23 11:50:30.824 | INFO     | N/A | ⏳ 等待 Profile 更新任务...
2026-07-23 11:50:35.850 | INFO     | N/A | ⏳ 等待 Profile 更新任务...
2026-07-23 11:50:40.874 | INFO     | N/A | ⏳ 等待 Profile 更新任务...
2026-07-23 11:50:45.900 | INFO     | N/A | ⏳ 等待 Profile 更新任务...
2026-07-23 11:50:50.925 | INFO     | N/A | ⏳ 等待 Profile 更新任务...
2026-07-23 11:50:55.953 | INFO     | N/A | ⏳ 等待 Profile 更新任务...
2026-07-23 11:51:00.986 | INFO     | N/A | ⏳ 等待 Profile 更新任务...
2026-07-23 11:51:06.011 | INFO     | N/A | ⏳ 等待 Profile 更新任务...
2026-07-23 11:51:11.037 | INFO     | N/A | ⏳ 等待 Profile 更新任务...
2026-07-23 11:51:16.061 | INFO     | N/A | ⏳ 等待 Profile 更新任务...
2026-07-23 11:51:21.085 | INFO     | N/A | ⏳ 等待 Profile 更新任务...
2026-07-23 11:51:26.110 | INFO     | N/A | ⏳ 等待 Profile 更新任务...
2026-07-23 11:51:31.144 | INFO     | N/A | ⏳ 等待 Profile 更新任务...
2026-07-23 11:51:36.168 | INFO     | N/A | ⏳ 等待 Profile 更新任务...
2026-07-23 11:51:41.191 | INFO     | N/A | ⏳ 等待 Profile 更新任务...
2026-07-23 11:51:46.214 | INFO     | N/A | ⏳ 等待 Profile 更新任务...
2026-07-23 11:51:51.238 | INFO     | N/A | ⏳ 等待 Profile 更新任务...
2026-07-23 11:51:56.265 | INFO     | N/A | ⏳ 等待 Profile 更新任务...
2026-07-23 11:52:01.298 | INFO     | N/A | ⏳ 等待 Profile 更新任务...
2026-07-23 11:52:06.323 | INFO     | N/A | ⏳ 等待 Profile 更新任务...
2026-07-23 11:52:11.349 | INFO     | N/A | ⏳ 等待 Profile 更新任务...
2026-07-23 11:52:16.378 | INFO     | N/A | ⏳ 等待 Profile 更新任务...
2026-07-23 11:52:21.401 | INFO     | N/A | ⏳ 等待 Profile 更新任务...
2026-07-23 11:52:26.426 | INFO     | N/A | ⏳ 等待 Profile 更新任务...
2026-07-23 11:52:31.460 | INFO     | N/A | ⏳ 等待 Profile 更新任务...
2026-07-23 11:52:36.487 | INFO     | N/A | ⏳ 等待 Profile 更新任务...
2026-07-23 11:52:41.511 | INFO     | N/A | ⏳ 等待 Profile 更新任务...
2026-07-23 11:52:46.537 | INFO     | N/A | ⏳ 等待 Profile 更新任务...
2026-07-23 11:52:51.561 | INFO     | N/A | ⏳ 等待 Profile 更新任务...
2026-07-23 11:52:56.584 | INFO     | N/A | ⏳ 等待 Profile 更新任务...
2026-07-23 11:53:01.620 | INFO     | N/A | ⏳ 等待 Profile 更新任务...
2026-07-23 11:53:06.647 | INFO     | N/A | ⏳ 等待 Profile 更新任务...
2026-07-23 11:53:11.670 | INFO     | N/A | ⏳ 等待 Profile 更新任务...
2026-07-23 11:53:16.694 | INFO     | N/A | ⏳ 等待 Profile 更新任务...
2026-07-23 11:53:21.720 | INFO     | N/A | ⏳ 等待 Profile 更新任务...
2026-07-23 11:53:26.745 | INFO     | N/A | ⏳ 等待 Profile 更新任务...
2026-07-23 11:53:31.780 | INFO     | N/A | ⏳ 等待 Profile 更新任务...
2026-07-23 11:53:36.808 | INFO     | N/A | ⏳ 等待 Profile 更新任务...
2026-07-23 11:53:41.832 | INFO     | N/A | ⏳ 等待 Profile 更新任务...
2026-07-23 11:53:46.858 | INFO     | N/A | ⏳ 等待 Profile 更新任务...
2026-07-23 11:53:51.880 | INFO     | N/A | ⏳ 等待 Profile 更新任务...
2026-07-23 11:53:56.907 | INFO     | N/A | ⏳ 等待 Profile 更新任务...
2026-07-23 11:54:01.944 | INFO     | N/A | ⏳ 等待 Profile 更新任务...
2026-07-23 11:54:06.970 | INFO     | N/A | ⏳ 等待 Profile 更新任务...
2026-07-23 11:54:11.995 | INFO     | N/A | ⏳ 等待 Profile 更新任务...
2026-07-23 11:54:17.019 | INFO     | N/A | ⏳ 等待 Profile 更新任务...
2026-07-23 11:54:22.043 | INFO     | N/A | ⏳ 等待 Profile 更新任务...
2026-07-23 11:54:27.067 | INFO     | N/A | ⏳ 等待 Profile 更新任务...
2026-07-23 11:54:32.104 | INFO     | N/A | ⏳ 等待 Profile 更新任务...
2026-07-23 11:54:37.130 | INFO     | N/A | ⏳ 等待 Profile 更新任务...
2026-07-23 11:54:42.155 | INFO     | N/A | ⏳ 等待 Profile 更新任务...
2026-07-23 11:54:47.179 | INFO     | N/A | ⏳ 等待 Profile 更新任务...
2026-07-23 11:54:52.208 | INFO     | N/A | ⏳ 等待 Profile 更新任务...
2026-07-23 11:54:57.233 | INFO     | N/A | ⏳ 等待 Profile 更新任务...
2026-07-23 11:55:02.268 | INFO     | N/A | ⏳ 等待 Profile 更新任务...
2026-07-23 11:55:07.294 | INFO     | N/A | ⏳ 等待 Profile 更新任务...
2026-07-23 11:55:12.316 | INFO     | N/A | ⏳ 等待 Profile 更新任务...
2026-07-23 11:55:17.342 | INFO     | N/A | ⏳ 等待 Profile 更新任务...
2026-07-23 11:55:22.365 | INFO     | N/A | ⏳ 等待 Profile 更新任务...
2026-07-23 11:55:27.390 | INFO     | N/A | ⏳ 等待 Profile 更新任务...
2026-07-23 11:55:32.426 | INFO     | N/A | ⏳ 等待 Profile 更新任务...
2026-07-23 11:55:37.452 | INFO     | N/A | ⏳ 等待 Profile 更新任务...
2026-07-23 11:55:42.477 | INFO     | N/A | ⏳ 等待 Profile 更新任务...
2026-07-23 11:55:47.502 | INFO     | N/A | ⏳ 等待 Profile 更新任务...
2026-07-23 11:55:52.526 | INFO     | N/A | ⏳ 等待 Profile 更新任务...
2026-07-23 11:55:57.550 | INFO     | N/A | ⏳ 等待 Profile 更新任务...
2026-07-23 11:56:02.585 | INFO     | N/A | ⏳ 等待 Profile 更新任务...
2026-07-23 11:56:07.611 | INFO     | N/A | ⏳ 等待 Profile 更新任务...
2026-07-23 11:56:12.638 | INFO     | N/A | ⏳ 等待 Profile 更新任务...
2026-07-23 11:56:17.665 | INFO     | N/A | ⏳ 等待 Profile 更新任务...
2026-07-23 11:56:22.691 | INFO     | N/A | ⏳ 等待 Profile 更新任务...
2026-07-23 11:56:27.716 | INFO     | N/A | ⏳ 等待 Profile 更新任务...
2026-07-23 11:56:32.750 | INFO     | N/A | ⏳ 等待 Profile 更新任务...
2026-07-23 11:56:37.774 | INFO     | N/A | ⏳ 等待 Profile 更新任务...
2026-07-23 11:56:42.801 | INFO     | N/A | ⏳ 等待 Profile 更新任务...
2026-07-23 11:56:47.825 | INFO     | N/A | ⏳ 等待 Profile 更新任务...
2026-07-23 11:56:52.848 | INFO     | N/A | ⏳ 等待 Profile 更新任务...
2026-07-23 11:56:57.870 | INFO     | N/A | ⏳ 等待 Profile 更新任务...
2026-07-23 11:57:02.903 | INFO     | N/A | ⏳ 等待 Profile 更新任务...
2026-07-23 11:57:07.928 | INFO     | N/A | ⏳ 等待 Profile 更新任务...
2026-07-23 11:57:12.952 | INFO     | N/A | ⏳ 等待 Profile 更新任务...
2026-07-23 11:57:17.977 | INFO     | N/A | ⏳ 等待 Profile 更新任务...
2026-07-23 11:57:23.001 | INFO     | N/A | ⏳ 等待 Profile 更新任务...
2026-07-23 11:57:28.025 | INFO     | N/A | ⏳ 等待 Profile 更新任务...
2026-07-23 11:57:33.056 | INFO     | N/A | ⏳ 等待 Profile 更新任务...
2026-07-23 11:57:38.080 | INFO     | N/A | ⏳ 等待 Profile 更新任务...
2026-07-23 11:57:43.105 | INFO     | N/A | ⏳ 等待 Profile 更新任务...
2026-07-23 11:57:48.129 | INFO     | N/A | ⏳ 等待 Profile 更新任务...
2026-07-23 11:57:53.154 | INFO     | N/A | ⏳ 等待 Profile 更新任务...
2026-07-23 11:57:58.180 | INFO     | N/A | ⏳ 等待 Profile 更新任务...
2026-07-23 11:58:03.216 | INFO     | N/A | ⏳ 等待 Profile 更新任务...
2026-07-23 11:58:08.240 | INFO     | N/A | ⏳ 等待 Profile 更新任务...
2026-07-23 11:58:13.266 | INFO     | N/A | ⏳ 等待 Profile 更新任务...
2026-07-23 11:58:18.290 | INFO     | N/A | ⏳ 等待 Profile 更新任务...
2026-07-23 11:58:23.314 | INFO     | N/A | ⏳ 等待 Profile 更新任务...
2026-07-23 11:58:28.339 | INFO     | N/A | ⏳ 等待 Profile 更新任务...
2026-07-23 11:58:33.373 | INFO     | N/A | ⏳ 等待 Profile 更新任务...
2026-07-23 11:58:38.400 | INFO     | N/A | ⏳ 等待 Profile 更新任务...
2026-07-23 11:58:43.423 | INFO     | N/A | ⏳ 等待 Profile 更新任务...
2026-07-23 11:58:48.450 | INFO     | N/A | ⏳ 等待 Profile 更新任务...
2026-07-23 11:58:53.474 | INFO     | N/A | ⏳ 等待 Profile 更新任务...
2026-07-23 11:58:58.499 | INFO     | N/A | ⏳ 等待 Profile 更新任务...
2026-07-23 11:59:03.534 | INFO     | N/A | ⏳ 等待 Profile 更新任务...
2026-07-23 11:59:08.560 | INFO     | N/A | ⏳ 等待 Profile 更新任务...
2026-07-23 11:59:13.586 | INFO     | N/A | ⏳ 等待 Profile 更新任务...
2026-07-23 11:59:18.611 | INFO     | N/A | ⏳ 等待 Profile 更新任务...
2026-07-23 11:59:23.635 | INFO     | N/A | ⏳ 等待 Profile 更新任务...
2026-07-23 11:59:28.662 | INFO     | N/A | ⏳ 等待 Profile 更新任务...
2026-07-23 11:59:33.698 | INFO     | N/A | ⏳ 等待 Profile 更新任务...
2026-07-23 11:59:38.720 | INFO     | N/A | ⏳ 等待 Profile 更新任务...
2026-07-23 11:59:43.742 | INFO     | N/A | ⏳ 等待 Profile 更新任务...
2026-07-23 11:59:48.762 | INFO     | N/A | ⏳ 等待 Profile 更新任务...
2026-07-23 11:59:53.785 | INFO     | N/A | ⏳ 等待 Profile 更新任务...
2026-07-23 11:59:58.808 | INFO     | N/A | ⏳ 等待 Profile 更新任务...
2026-07-23 12:00:03.843 | INFO     | N/A | ⏳ 等待 Profile 更新任务...
2026-07-23 12:00:08.867 | INFO     | N/A | ⏳ 等待 Profile 更新任务...
2026-07-23 12:00:13.890 | INFO     | N/A | ⏳ 等待 Profile 更新任务...
2026-07-23 12:00:18.913 | INFO     | N/A | ⏳ 等待 Profile 更新任务...
2026-07-23 12:00:23.935 | INFO     | N/A | ⏳ 等待 Profile 更新任务...
2026-07-23 12:00:28.959 | INFO     | N/A | ⏳ 等待 Profile 更新任务...
2026-07-23 12:00:33.990 | INFO     | N/A | ⏳ 等待 Profile 更新任务...
2026-07-23 12:00:39.015 | INFO     | N/A | ⏳ 等待 Profile 更新任务...
2026-07-23 12:00:44.040 | INFO     | N/A | ⏳ 等待 Profile 更新任务...
2026-07-23 12:00:49.064 | INFO     | N/A | ⏳ 等待 Profile 更新任务...
2026-07-23 12:00:54.085 | INFO     | N/A | ⏳ 等待 Profile 更新任务...
2026-07-23 12:00:59.109 | INFO     | N/A | ⏳ 等待 Profile 更新任务...
2026-07-23 12:01:04.141 | INFO     | N/A | ⏳ 等待 Profile 更新任务...
2026-07-23 12:01:09.164 | INFO     | N/A | ⏳ 等待 Profile 更新任务...
2026-07-23 12:01:14.186 | INFO     | N/A | ⏳ 等待 Profile 更新任务...
2026-07-23 12:01:19.211 | INFO     | N/A | ⏳ 等待 Profile 更新任务...
2026-07-23 12:01:24.233 | INFO     | N/A | ⏳ 等待 Profile 更新任务...
2026-07-23 12:01:29.256 | INFO     | N/A | ⏳ 等待 Profile 更新任务...
2026-07-23 12:01:34.289 | INFO     | N/A | ⏳ 等待 Profile 更新任务...
2026-07-23 12:01:39.312 | INFO     | N/A | ⏳ 等待 Profile 更新任务...
2026-07-23 12:01:44.336 | INFO     | N/A | ⏳ 等待 Profile 更新任务...
2026-07-23 12:01:49.360 | INFO     | N/A | ⏳ 等待 Profile 更新任务...
2026-07-23 12:01:54.385 | INFO     | N/A | ⏳ 等待 Profile 更新任务...
2026-07-23 12:01:59.412 | INFO     | N/A | ⏳ 等待 Profile 更新任务...
2026-07-23 12:02:04.447 | INFO     | N/A | ⏳ 等待 Profile 更新任务...
2026-07-23 12:02:09.471 | INFO     | N/A | ⏳ 等待 Profile 更新任务...
2026-07-23 12:02:14.496 | INFO     | N/A | ⏳ 等待 Profile 更新任务...
2026-07-23 12:02:19.521 | INFO     | N/A | ⏳ 等待 Profile 更新任务...
2026-07-23 12:02:24.546 | INFO     | N/A | ⏳ 等待 Profile 更新任务...
2026-07-23 12:02:29.571 | INFO     | N/A | ⏳ 等待 Profile 更新任务...
2026-07-23 12:02:34.605 | INFO     | N/A | ⏳ 等待 Profile 更新任务...
2026-07-23 12:02:39.627 | INFO     | N/A | ⏳ 等待 Profile 更新任务...
2026-07-23 12:02:44.652 | INFO     | N/A | ⏳ 等待 Profile 更新任务...
2026-07-23 12:02:49.676 | INFO     | N/A | ⏳ 等待 Profile 更新任务...
2026-07-23 12:02:54.700 | INFO     | N/A | ⏳ 等待 Profile 更新任务...
2026-07-23 12:02:59.723 | INFO     | N/A | ⏳ 等待 Profile 更新任务...
2026-07-23 12:03:04.756 | INFO     | N/A | ⏳ 等待 Profile 更新任务...
2026-07-23 12:03:09.781 | INFO     | N/A | ⏳ 等待 Profile 更新任务...
2026-07-23 12:03:14.805 | INFO     | N/A | ⏳ 等待 Profile 更新任务...
2026-07-23 12:03:19.829 | INFO     | N/A | ⏳ 等待 Profile 更新任务...
2026-07-23 12:03:24.851 | INFO     | N/A | ⏳ 等待 Profile 更新任务...
2026-07-23 12:03:29.871 | INFO     | N/A | ⏳ 等待 Profile 更新任务...
2026-07-23 12:03:34.900 | INFO     | N/A | ⏳ 等待 Profile 更新任务...
2026-07-23 12:03:39.923 | INFO     | N/A | ⏳ 等待 Profile 更新任务...
2026-07-23 12:03:44.945 | INFO     | N/A | ⏳ 等待 Profile 更新任务...
2026-07-23 12:03:49.971 | INFO     | N/A | ⏳ 等待 Profile 更新任务...
2026-07-23 12:03:54.995 | INFO     | N/A | ⏳ 等待 Profile 更新任务...
2026-07-23 12:04:00.020 | INFO     | N/A | ⏳ 等待 Profile 更新任务...
2026-07-23 12:04:05.054 | INFO     | N/A | ⏳ 等待 Profile 更新任务...
2026-07-23 12:04:10.080 | INFO     | N/A | ⏳ 等待 Profile 更新任务...
2026-07-23 12:04:15.103 | INFO     | N/A | ⏳ 等待 Profile 更新任务...
2026-07-23 12:04:20.127 | INFO     | N/A | ⏳ 等待 Profile 更新任务...
2026-07-23 12:04:25.152 | INFO     | N/A | ⏳ 等待 Profile 更新任务...
2026-07-23 12:04:30.178 | INFO     | N/A | ⏳ 等待 Profile 更新任务...
2026-07-23 12:04:35.213 | INFO     | N/A | ⏳ 等待 Profile 更新任务...
2026-07-23 12:04:40.237 | INFO     | N/A | ⏳ 等待 Profile 更新任务...
2026-07-23 12:04:45.261 | INFO     | N/A | ⏳ 等待 Profile 更新任务...
2026-07-23 12:04:50.285 | INFO     | N/A | ⏳ 等待 Profile 更新任务...
2026-07-23 12:04:55.309 | INFO     | N/A | ⏳ 等待 Profile 更新任务...
2026-07-23 12:05:00.335 | INFO     | N/A | ⏳ 等待 Profile 更新任务...
2026-07-23 12:05:05.370 | INFO     | N/A | ⏳ 等待 Profile 更新任务...
2026-07-23 12:05:10.394 | INFO     | N/A | ⏳ 等待 Profile 更新任务...
2026-07-23 12:05:15.418 | INFO     | N/A | ⏳ 等待 Profile 更新任务...
2026-07-23 12:05:20.441 | INFO     | N/A | ⏳ 等待 Profile 更新任务...
2026-07-23 12:05:25.463 | INFO     | N/A | ⏳ 等待 Profile 更新任务...
2026-07-23 12:05:30.489 | INFO     | N/A | ⏳ 等待 Profile 更新任务...
2026-07-23 12:05:35.521 | INFO     | N/A | ⏳ 等待 Profile 更新任务...
2026-07-23 12:05:40.545 | INFO     | N/A | ⏳ 等待 Profile 更新任务...
2026-07-23 12:05:45.569 | INFO     | N/A | ⏳ 等待 Profile 更新任务...
2026-07-23 12:05:50.594 | INFO     | N/A | ⏳ 等待 Profile 更新任务...
2026-07-23 12:05:55.618 | INFO     | N/A | ⏳ 等待 Profile 更新任务...
2026-07-23 12:06:00.642 | INFO     | N/A | ⏳ 等待 Profile 更新任务...
2026-07-23 12:06:05.670 | INFO     | N/A | ⏳ 等待 Profile 更新任务...
2026-07-23 12:06:10.694 | INFO     | N/A | ⏳ 等待 Profile 更新任务...
2026-07-23 12:06:15.720 | INFO     | N/A | ⏳ 等待 Profile 更新任务...
2026-07-23 12:06:20.744 | INFO     | N/A | ⏳ 等待 Profile 更新任务...
2026-07-23 12:06:25.768 | INFO     | N/A | ⏳ 等待 Profile 更新任务...
2026-07-23 12:06:30.793 | INFO     | N/A | ⏳ 等待 Profile 更新任务...
2026-07-23 12:06:35.826 | INFO     | N/A | ⏳ 等待 Profile 更新任务...
2026-07-23 12:06:40.859 | INFO     | N/A | ⏳ 等待 Profile 更新任务...
2026-07-23 12:06:45.883 | INFO     | N/A | ⏳ 等待 Profile 更新任务...
2026-07-23 12:06:50.907 | INFO     | N/A | ⏳ 等待 Profile 更新任务...
2026-07-23 12:06:55.929 | INFO     | N/A | ⏳ 等待 Profile 更新任务...
2026-07-23 12:07:00.957 | INFO     | N/A | ⏳ 等待 Profile 更新任务...
2026-07-23 12:07:05.989 | INFO     | N/A | ⏳ 等待 Profile 更新任务...
2026-07-23 12:07:11.014 | INFO     | N/A | ⏳ 等待 Profile 更新任务...
2026-07-23 12:07:16.037 | INFO     | N/A | ⏳ 等待 Profile 更新任务...
2026-07-23 12:07:21.062 | INFO     | N/A | ⏳ 等待 Profile 更新任务...
2026-07-23 12:07:26.085 | INFO     | N/A | ⏳ 等待 Profile 更新任务...
2026-07-23 12:07:31.111 | INFO     | N/A | ⏳ 等待 Profile 更新任务...
2026-07-23 12:07:36.144 | INFO     | N/A | ⏳ 等待 Profile 更新任务...
2026-07-23 12:07:41.168 | INFO     | N/A | ⏳ 等待 Profile 更新任务...
2026-07-23 12:07:46.194 | INFO     | N/A | ⏳ 等待 Profile 更新任务...
2026-07-23 12:07:51.219 | INFO     | N/A | ⏳ 等待 Profile 更新任务...
2026-07-23 12:07:56.240 | INFO     | N/A | ⏳ 等待 Profile 更新任务...
2026-07-23 12:08:01.264 | INFO     | N/A | ⏳ 等待 Profile 更新任务...
2026-07-23 12:08:06.290 | INFO     | N/A | ⏳ 等待 Profile 更新任务...
2026-07-23 12:08:11.314 | INFO     | N/A | ⏳ 等待 Profile 更新任务...
2026-07-23 12:08:16.338 | INFO     | N/A | ⏳ 等待 Profile 更新任务...
2026-07-23 12:08:21.362 | INFO     | N/A | ⏳ 等待 Profile 更新任务...
2026-07-23 12:08:26.383 | INFO     | N/A | ⏳ 等待 Profile 更新任务...
2026-07-23 12:08:31.399 | INFO     | N/A | ⏳ 等待 Profile 更新任务...
2026-07-23 12:08:36.436 | INFO     | N/A | ⏳ 等待 Profile 更新任务...
2026-07-23 12:08:41.461 | INFO     | N/A | ⏳ 等待 Profile 更新任务...
2026-07-23 12:08:46.483 | INFO     | N/A | ⏳ 等待 Profile 更新任务...
2026-07-23 12:08:51.505 | INFO     | N/A | ⏳ 等待 Profile 更新任务...
2026-07-23 12:08:56.527 | INFO     | N/A | ⏳ 等待 Profile 更新任务...
2026-07-23 12:09:01.553 | INFO     | N/A | ⏳ 等待 Profile 更新任务...
2026-07-23 12:09:06.584 | INFO     | N/A | ⏳ 等待 Profile 更新任务...
2026-07-23 12:09:11.606 | INFO     | N/A | ⏳ 等待 Profile 更新任务...
2026-07-23 12:09:16.629 | INFO     | N/A | ⏳ 等待 Profile 更新任务...
2026-07-23 12:09:21.651 | INFO     | N/A | ⏳ 等待 Profile 更新任务...
2026-07-23 12:09:26.674 | INFO     | N/A | ⏳ 等待 Profile 更新任务...
2026-07-23 12:09:31.702 | INFO     | N/A | ⏳ 等待 Profile 更新任务...
2026-07-23 12:09:36.731 | INFO     | N/A | ⏳ 等待 Profile 更新任务...
2026-07-23 12:09:41.754 | INFO     | N/A | ⏳ 等待 Profile 更新任务...
2026-07-23 12:09:46.775 | INFO     | N/A | ⏳ 等待 Profile 更新任务...
2026-07-23 12:09:51.797 | INFO     | N/A | ⏳ 等待 Profile 更新任务...
2026-07-23 12:09:56.820 | INFO     | N/A | ⏳ 等待 Profile 更新任务...
2026-07-23 12:10:01.847 | INFO     | N/A | ⏳ 等待 Profile 更新任务...
2026-07-23 12:10:06.877 | INFO     | N/A | ⏳ 等待 Profile 更新任务...
2026-07-23 12:10:11.900 | INFO     | N/A | ⏳ 等待 Profile 更新任务...
2026-07-23 12:10:16.923 | INFO     | N/A | ⏳ 等待 Profile 更新任务...
2026-07-23 12:10:21.949 | INFO     | N/A | ⏳ 等待 Profile 更新任务...
2026-07-23 12:10:26.974 | INFO     | N/A | ⏳ 等待 Profile 更新任务...
2026-07-23 12:10:31.999 | INFO     | N/A | ⏳ 等待 Profile 更新任务...
2026-07-23 12:10:37.026 | INFO     | N/A | ⏳ 等待 Profile 更新任务...
2026-07-23 12:10:42.047 | INFO     | N/A | ⏳ 等待 Profile 更新任务...
2026-07-23 12:10:47.068 | INFO     | N/A | ⏳ 等待 Profile 更新任务...
2026-07-23 12:10:52.090 | INFO     | N/A | ⏳ 等待 Profile 更新任务...
2026-07-23 12:10:57.112 | INFO     | N/A | ⏳ 等待 Profile 更新任务...
2026-07-23 12:11:02.138 | INFO     | N/A | ⏳ 等待 Profile 更新任务...
2026-07-23 12:11:07.166 | INFO     | N/A | ⏳ 等待 Profile 更新任务...
2026-07-23 12:11:12.189 | INFO     | N/A | ⏳ 等待 Profile 更新任务...
2026-07-23 12:11:17.211 | INFO     | N/A | ⏳ 等待 Profile 更新任务...
2026-07-23 12:11:22.233 | INFO     | N/A | ⏳ 等待 Profile 更新任务...
2026-07-23 12:11:27.257 | INFO     | N/A | ⏳ 等待 Profile 更新任务...
2026-07-23 12:11:32.283 | INFO     | N/A | ⏳ 等待 Profile 更新任务...
2026-07-23 12:11:37.312 | INFO     | N/A | ⏳ 等待 Profile 更新任务...
2026-07-23 12:11:42.334 | INFO     | N/A | ⏳ 等待 Profile 更新任务...
2026-07-23 12:11:47.358 | INFO     | N/A | ⏳ 等待 Profile 更新任务...
2026-07-23 12:11:52.391 | INFO     | N/A | ⏳ 等待 Profile 更新任务...
2026-07-23 12:11:57.412 | INFO     | N/A | ⏳ 等待 Profile 更新任务...
2026-07-23 12:12:02.439 | INFO     | N/A | ⏳ 等待 Profile 更新任务...
2026-07-23 12:12:07.464 | INFO     | N/A | ⏳ 等待 Profile 更新任务...
2026-07-23 12:12:12.489 | INFO     | N/A | ⏳ 等待 Profile 更新任务...
2026-07-23 12:12:17.512 | INFO     | N/A | ⏳ 等待 Profile 更新任务...
2026-07-23 12:12:22.532 | INFO     | N/A | ⏳ 等待 Profile 更新任务...
2026-07-23 12:12:27.555 | INFO     | N/A | ⏳ 等待 Profile 更新任务...
2026-07-23 12:12:32.585 | INFO     | N/A | ⏳ 等待 Profile 更新任务...
2026-07-23 12:12:37.617 | INFO     | N/A | ⏳ 等待 Profile 更新任务...
2026-07-23 12:12:42.664 | INFO     | N/A | ⏳ 等待 Profile 更新任务...
2026-07-23 12:12:47.686 | INFO     | N/A | ⏳ 等待 Profile 更新任务...
2026-07-23 12:12:52.710 | INFO     | N/A | ⏳ 等待 Profile 更新任务...
2026-07-23 12:12:57.747 | INFO     | N/A | ⏳ 等待 Profile 更新任务...
2026-07-23 12:13:02.776 | INFO     | N/A | ⏳ 等待 Profile 更新任务...
2026-07-23 12:13:07.803 | INFO     | N/A | ⏳ 等待 Profile 更新任务...
2026-07-23 12:13:12.824 | INFO     | N/A | ⏳ 等待 Profile 更新任务...
2026-07-23 12:13:17.847 | INFO     | N/A | ⏳ 等待 Profile 更新任务...
2026-07-23 12:13:22.870 | INFO     | N/A | ⏳ 等待 Profile 更新任务...
2026-07-23 12:13:27.894 | INFO     | N/A | ⏳ 等待 Profile 更新任务...
2026-07-23 12:13:32.909 | INFO     | N/A | ⏳ 等待 Profile 更新任务...
2026-07-23 12:13:37.949 | INFO     | N/A | ⏳ 等待 Profile 更新任务...
2026-07-23 12:13:42.972 | INFO     | N/A | ⏳ 等待 Profile 更新任务...
2026-07-23 12:13:47.994 | INFO     | N/A | ⏳ 等待 Profile 更新任务...
2026-07-23 12:13:53.016 | INFO     | N/A | ⏳ 等待 Profile 更新任务...
2026-07-23 12:13:58.038 | INFO     | N/A | ⏳ 等待 Profile 更新任务...
2026-07-23 12:14:03.064 | INFO     | N/A | ⏳ 等待 Profile 更新任务...
2026-07-23 12:14:08.093 | INFO     | N/A | ⏳ 等待 Profile 更新任务...
2026-07-23 12:14:13.118 | INFO     | N/A | ⏳ 等待 Profile 更新任务...
2026-07-23 12:14:18.143 | INFO     | N/A | ⏳ 等待 Profile 更新任务...
2026-07-23 12:14:23.169 | INFO     | N/A | ⏳ 等待 Profile 更新任务...
2026-07-23 12:14:28.192 | INFO     | N/A | ⏳ 等待 Profile 更新任务...
2026-07-23 12:14:33.218 | INFO     | N/A | ⏳ 等待 Profile 更新任务...
2026-07-23 12:14:38.242 | INFO     | N/A | ⏳ 等待 Profile 更新任务...
2026-07-23 12:14:43.264 | INFO     | N/A | ⏳ 等待 Profile 更新任务...
2026-07-23 12:14:48.288 | INFO     | N/A | ⏳ 等待 Profile 更新任务...
2026-07-23 12:14:53.311 | INFO     | N/A | ⏳ 等待 Profile 更新任务...
2026-07-23 12:14:58.332 | INFO     | N/A | ⏳ 等待 Profile 更新任务...
2026-07-23 12:15:03.359 | INFO     | N/A | ⏳ 等待 Profile 更新任务...
2026-07-23 12:15:08.386 | INFO     | N/A | ⏳ 等待 Profile 更新任务...
2026-07-23 12:15:13.408 | INFO     | N/A | ⏳ 等待 Profile 更新任务...
2026-07-23 12:15:18.431 | INFO     | N/A | ⏳ 等待 Profile 更新任务...
2026-07-23 12:15:23.454 | INFO     | N/A | ⏳ 等待 Profile 更新任务...
2026-07-23 12:15:28.480 | INFO     | N/A | ⏳ 等待 Profile 更新任务...
2026-07-23 12:15:33.501 | INFO     | N/A | ⏳ 等待 Profile 更新任务...
2026-07-23 12:15:38.536 | INFO     | N/A | ⏳ 等待 Profile 更新任务...
2026-07-23 12:15:43.557 | INFO     | N/A | ⏳ 等待 Profile 更新任务...
2026-07-23 12:15:48.580 | INFO     | N/A | ⏳ 等待 Profile 更新任务...
2026-07-23 12:15:53.603 | INFO     | N/A | ⏳ 等待 Profile 更新任务...
2026-07-23 12:15:58.626 | INFO     | N/A | ⏳ 等待 Profile 更新任务...
2026-07-23 12:16:03.656 | INFO     | N/A | ⏳ 等待 Profile 更新任务...
2026-07-23 12:16:08.683 | INFO     | N/A | ⏳ 等待 Profile 更新任务...
2026-07-23 12:16:13.706 | INFO     | N/A | ⏳ 等待 Profile 更新任务...
2026-07-23 12:16:18.728 | INFO     | N/A | ⏳ 等待 Profile 更新任务...
2026-07-23 12:16:23.749 | INFO     | N/A | ⏳ 等待 Profile 更新任务...
2026-07-23 12:16:28.772 | INFO     | N/A | ⏳ 等待 Profile 更新任务...
2026-07-23 12:16:33.800 | INFO     | N/A | ⏳ 等待 Profile 更新任务...
2026-07-23 12:16:38.826 | INFO     | N/A | ⏳ 等待 Profile 更新任务...
2026-07-23 12:16:43.849 | INFO     | N/A | ⏳ 等待 Profile 更新任务...
2026-07-23 12:16:48.872 | INFO     | N/A | ⏳ 等待 Profile 更新任务...
2026-07-23 12:16:53.895 | INFO     | N/A | ⏳ 等待 Profile 更新任务...
2026-07-23 12:16:58.919 | INFO     | N/A | ⏳ 等待 Profile 更新任务...
2026-07-23 12:17:03.950 | INFO     | N/A | ⏳ 等待 Profile 更新任务...
2026-07-23 12:17:08.978 | INFO     | N/A | ⏳ 等待 Profile 更新任务...
2026-07-23 12:17:14.002 | INFO     | N/A | ⏳ 等待 Profile 更新任务...
2026-07-23 12:17:19.026 | INFO     | N/A | ⏳ 等待 Profile 更新任务...
2026-07-23 12:17:24.050 | INFO     | N/A | ⏳ 等待 Profile 更新任务...
2026-07-23 12:17:29.074 | INFO     | N/A | ⏳ 等待 Profile 更新任务...
2026-07-23 12:17:34.106 | INFO     | N/A | ⏳ 等待 Profile 更新任务...
2026-07-23 12:17:39.132 | INFO     | N/A | ⏳ 等待 Profile 更新任务...
2026-07-23 12:17:44.158 | INFO     | N/A | ⏳ 等待 Profile 更新任务...
2026-07-23 12:17:49.185 | INFO     | N/A | ⏳ 等待 Profile 更新任务...
2026-07-23 12:17:54.209 | INFO     | N/A | ⏳ 等待 Profile 更新任务...
2026-07-23 12:17:59.233 | INFO     | N/A | ⏳ 等待 Profile 更新任务...
2026-07-23 12:18:04.263 | INFO     | N/A | ⏳ 等待 Profile 更新任务...
2026-07-23 12:18:09.289 | INFO     | N/A | ⏳ 等待 Profile 更新任务...
2026-07-23 12:18:14.311 | INFO     | N/A | ⏳ 等待 Profile 更新任务...
2026-07-23 12:18:19.335 | INFO     | N/A | ⏳ 等待 Profile 更新任务...
2026-07-23 12:18:24.357 | INFO     | N/A | ⏳ 等待 Profile 更新任务...
2026-07-23 12:18:29.379 | INFO     | N/A | ⏳ 等待 Profile 更新任务...
2026-07-23 12:18:34.405 | INFO     | N/A | ⏳ 等待 Profile 更新任务...
2026-07-23 12:18:39.434 | INFO     | N/A | ⏳ 等待 Profile 更新任务...
2026-07-23 12:18:44.457 | INFO     | N/A | ⏳ 等待 Profile 更新任务...
2026-07-23 12:18:49.479 | INFO     | N/A | ⏳ 等待 Profile 更新任务...
2026-07-23 12:18:54.500 | INFO     | N/A | ⏳ 等待 Profile 更新任务...
2026-07-23 12:18:59.523 | INFO     | N/A | ⏳ 等待 Profile 更新任务...
2026-07-23 12:19:04.553 | INFO     | N/A | ⏳ 等待 Profile 更新任务...
2026-07-23 12:19:09.580 | INFO     | N/A | ⏳ 等待 Profile 更新任务...
2026-07-23 12:19:14.601 | INFO     | N/A | ⏳ 等待 Profile 更新任务...
2026-07-23 12:19:19.623 | INFO     | N/A | ⏳ 等待 Profile 更新任务...
2026-07-23 12:19:24.645 | INFO     | N/A | ⏳ 等待 Profile 更新任务...
2026-07-23 12:19:29.665 | INFO     | N/A | ⏳ 等待 Profile 更新任务...
2026-07-23 12:19:34.695 | INFO     | N/A | ⏳ 等待 Profile 更新任务...
2026-07-23 12:19:39.718 | INFO     | N/A | ⏳ 等待 Profile 更新任务...
2026-07-23 12:19:44.741 | INFO     | N/A | ⏳ 等待 Profile 更新任务...
2026-07-23 12:19:49.763 | INFO     | N/A | ⏳ 等待 Profile 更新任务...
2026-07-23 12:19:54.787 | INFO     | N/A | ⏳ 等待 Profile 更新任务...
2026-07-23 12:19:59.809 | INFO     | N/A | ⏳ 等待 Profile 更新任务...
2026-07-23 12:20:04.840 | INFO     | N/A | ⏳ 等待 Profile 更新任务...
2026-07-23 12:20:09.865 | INFO     | N/A | ⏳ 等待 Profile 更新任务...
2026-07-23 12:20:14.886 | INFO     | N/A | ⏳ 等待 Profile 更新任务...
2026-07-23 12:20:19.906 | INFO     | N/A | ⏳ 等待 Profile 更新任务...
2026-07-23 12:20:24.926 | INFO     | N/A | ⏳ 等待 Profile 更新任务...
2026-07-23 12:20:29.948 | INFO     | N/A | ⏳ 等待 Profile 更新任务...
2026-07-23 12:20:34.977 | INFO     | N/A | ⏳ 等待 Profile 更新任务...
2026-07-23 12:20:40.002 | INFO     | N/A | ⏳ 等待 Profile 更新任务...
2026-07-23 12:20:45.022 | INFO     | N/A | ⏳ 等待 Profile 更新任务...
2026-07-23 12:20:50.045 | INFO     | N/A | ⏳ 等待 Profile 更新任务...
2026-07-23 12:20:55.066 | INFO     | N/A | ⏳ 等待 Profile 更新任务...
2026-07-23 12:21:00.086 | INFO     | N/A | ⏳ 等待 Profile 更新任务...
2026-07-23 12:21:05.116 | INFO     | N/A | ⏳ 等待 Profile 更新任务...
2026-07-23 12:21:10.143 | INFO     | N/A | ⏳ 等待 Profile 更新任务...
2026-07-23 12:21:15.168 | INFO     | N/A | ⏳ 等待 Profile 更新任务...
2026-07-23 12:21:20.190 | INFO     | N/A | ⏳ 等待 Profile 更新任务...
2026-07-23 12:21:25.214 | INFO     | N/A | ⏳ 等待 Profile 更新任务...
2026-07-23 12:21:30.236 | INFO     | N/A | ⏳ 等待 Profile 更新任务...
2026-07-23 12:21:35.270 | INFO     | N/A | ⏳ 等待 Profile 更新任务...
2026-07-23 12:21:40.295 | INFO     | N/A | ⏳ 等待 Profile 更新任务...
2026-07-23 12:21:45.317 | INFO     | N/A | ⏳ 等待 Profile 更新任务...
2026-07-23 12:21:50.343 | INFO     | N/A | ⏳ 等待 Profile 更新任务...
2026-07-23 12:21:55.366 | INFO     | N/A | ⏳ 等待 Profile 更新任务...
2026-07-23 12:22:00.389 | INFO     | N/A | ⏳ 等待 Profile 更新任务...
2026-07-23 12:22:05.412 | INFO     | N/A | ⏳ 等待 Profile 更新任务...
2026-07-23 12:22:10.446 | INFO     | N/A | ⏳ 等待 Profile 更新任务...
2026-07-23 12:22:15.470 | INFO     | N/A | ⏳ 等待 Profile 更新任务...
2026-07-23 12:22:20.493 | INFO     | N/A | ⏳ 等待 Profile 更新任务...
2026-07-23 12:22:25.514 | INFO     | N/A | ⏳ 等待 Profile 更新任务...
2026-07-23 12:22:30.534 | INFO     | N/A | ⏳ 等待 Profile 更新任务...
2026-07-23 12:22:35.566 | INFO     | N/A | ⏳ 等待 Profile 更新任务...
2026-07-23 12:22:40.590 | INFO     | N/A | ⏳ 等待 Profile 更新任务...
2026-07-23 12:22:45.613 | INFO     | N/A | ⏳ 等待 Profile 更新任务...
2026-07-23 12:22:50.636 | INFO     | N/A | ⏳ 等待 Profile 更新任务...
2026-07-23 12:22:55.657 | INFO     | N/A | ⏳ 等待 Profile 更新任务...
2026-07-23 12:23:00.680 | INFO     | N/A | ⏳ 等待 Profile 更新任务...
2026-07-23 12:23:05.711 | INFO     | N/A | ⏳ 等待 Profile 更新任务...
2026-07-23 12:23:10.732 | INFO     | N/A | ⏳ 等待 Profile 更新任务...
2026-07-23 12:23:15.755 | INFO     | N/A | ⏳ 等待 Profile 更新任务...
2026-07-23 12:23:20.776 | INFO     | N/A | ⏳ 等待 Profile 更新任务...
2026-07-23 12:23:25.800 | INFO     | N/A | ⏳ 等待 Profile 更新任务...
2026-07-23 12:23:30.823 | INFO     | N/A | ⏳ 等待 Profile 更新任务...
2026-07-23 12:23:35.857 | INFO     | N/A | ⏳ 等待 Profile 更新任务...
2026-07-23 12:23:40.900 | INFO     | N/A | ⏳ 等待 Profile 更新任务...
2026-07-23 12:23:45.921 | INFO     | N/A | ⏳ 等待 Profile 更新任务...
2026-07-23 12:23:50.948 | INFO     | N/A | ⏳ 等待 Profile 更新任务...
2026-07-23 12:23:55.975 | INFO     | N/A | ⏳ 等待 Profile 更新任务...
2026-07-23 12:24:00.998 | INFO     | N/A | ⏳ 等待 Profile 更新任务...
2026-07-23 12:24:06.030 | INFO     | N/A | ⏳ 等待 Profile 更新任务...
2026-07-23 12:24:11.054 | INFO     | N/A | ⏳ 等待 Profile 更新任务...
2026-07-23 12:24:16.078 | INFO     | N/A | ⏳ 等待 Profile 更新任务...
2026-07-23 12:24:21.099 | INFO     | N/A | ⏳ 等待 Profile 更新任务...
2026-07-23 12:24:26.123 | INFO     | N/A | ⏳ 等待 Profile 更新任务...
2026-07-23 12:24:31.144 | INFO     | N/A | ⏳ 等待 Profile 更新任务...
2026-07-23 12:24:36.177 | INFO     | N/A | ⏳ 等待 Profile 更新任务...
2026-07-23 12:24:41.201 | INFO     | N/A | ⏳ 等待 Profile 更新任务...
2026-07-23 12:24:46.224 | INFO     | N/A | ⏳ 等待 Profile 更新任务...
2026-07-23 12:24:51.247 | INFO     | N/A | ⏳ 等待 Profile 更新任务...
2026-07-23 12:24:56.271 | INFO     | N/A | ⏳ 等待 Profile 更新任务...
2026-07-23 12:25:01.293 | INFO     | N/A | ⏳ 等待 Profile 更新任务...
2026-07-23 12:25:06.326 | INFO     | N/A | ⏳ 等待 Profile 更新任务...
2026-07-23 12:25:11.350 | INFO     | N/A | ⏳ 等待 Profile 更新任务...
2026-07-23 12:25:16.373 | INFO     | N/A | ⏳ 等待 Profile 更新任务...
2026-07-23 12:25:21.395 | INFO     | N/A | ⏳ 等待 Profile 更新任务...
2026-07-23 12:25:26.421 | INFO     | N/A | ⏳ 等待 Profile 更新任务...
2026-07-23 12:25:31.444 | INFO     | N/A | ⏳ 等待 Profile 更新任务...
2026-07-23 12:25:36.478 | INFO     | N/A | ⏳ 等待 Profile 更新任务...
2026-07-23 12:25:41.505 | INFO     | N/A | ⏳ 等待 Profile 更新任务...
2026-07-23 12:25:46.528 | INFO     | N/A | ⏳ 等待 Profile 更新任务...
2026-07-23 12:25:51.553 | INFO     | N/A | ⏳ 等待 Profile 更新任务...
2026-07-23 12:25:56.589 | INFO     | N/A | ⏳ 等待 Profile 更新任务...
2026-07-23 12:26:01.611 | INFO     | N/A | ⏳ 等待 Profile 更新任务...
2026-07-23 12:26:06.639 | INFO     | N/A | ⏳ 等待 Profile 更新任务...
2026-07-23 12:26:11.665 | INFO     | N/A | ⏳ 等待 Profile 更新任务...
2026-07-23 12:26:16.686 | INFO     | N/A | ⏳ 等待 Profile 更新任务...
2026-07-23 12:26:21.709 | INFO     | N/A | ⏳ 等待 Profile 更新任务...
2026-07-23 12:26:26.732 | INFO     | N/A | ⏳ 等待 Profile 更新任务...
2026-07-23 12:26:31.756 | INFO     | N/A | ⏳ 等待 Profile 更新任务...
2026-07-23 12:26:36.788 | INFO     | N/A | ⏳ 等待 Profile 更新任务...
2026-07-23 12:26:41.813 | INFO     | N/A | ⏳ 等待 Profile 更新任务...
2026-07-23 12:26:46.837 | INFO     | N/A | ⏳ 等待 Profile 更新任务...
2026-07-23 12:26:51.861 | INFO     | N/A | ⏳ 等待 Profile 更新任务...
2026-07-23 12:26:56.884 | INFO     | N/A | ⏳ 等待 Profile 更新任务...
2026-07-23 12:27:01.908 | INFO     | N/A | ⏳ 等待 Profile 更新任务...
2026-07-23 12:27:06.940 | INFO     | N/A | ⏳ 等待 Profile 更新任务...
2026-07-23 12:27:11.965 | INFO     | N/A | ⏳ 等待 Profile 更新任务...
2026-07-23 12:27:16.988 | INFO     | N/A | ⏳ 等待 Profile 更新任务...
2026-07-23 12:27:22.012 | INFO     | N/A | ⏳ 等待 Profile 更新任务...
2026-07-23 12:27:27.036 | INFO     | N/A | ⏳ 等待 Profile 更新任务...
2026-07-23 12:27:32.062 | INFO     | N/A | ⏳ 等待 Profile 更新任务...
2026-07-23 12:27:37.092 | INFO     | N/A | ⏳ 等待 Profile 更新任务...
2026-07-23 12:27:42.119 | INFO     | N/A | ⏳ 等待 Profile 更新任务...
2026-07-23 12:27:47.143 | INFO     | N/A | ⏳ 等待 Profile 更新任务...
2026-07-23 12:27:52.167 | INFO     | N/A | ⏳ 等待 Profile 更新任务...
2026-07-23 12:27:57.191 | INFO     | N/A | ⏳ 等待 Profile 更新任务...
2026-07-23 12:28:02.214 | INFO     | N/A | ⏳ 等待 Profile 更新任务...
2026-07-23 12:28:07.251 | INFO     | N/A | ⏳ 等待 Profile 更新任务...
2026-07-23 12:28:12.277 | INFO     | N/A | ⏳ 等待 Profile 更新任务...
2026-07-23 12:28:17.299 | INFO     | N/A | ⏳ 等待 Profile 更新任务...
2026-07-23 12:28:22.321 | INFO     | N/A | ⏳ 等待 Profile 更新任务...
2026-07-23 12:28:27.347 | INFO     | N/A | ⏳ 等待 Profile 更新任务...
2026-07-23 12:28:32.370 | INFO     | N/A | ⏳ 等待 Profile 更新任务...
2026-07-23 12:28:37.399 | INFO     | N/A | ⏳ 等待 Profile 更新任务...
2026-07-23 12:28:42.429 | INFO     | N/A | ⏳ 等待 Profile 更新任务...
2026-07-23 12:28:47.453 | INFO     | N/A | ⏳ 等待 Profile 更新任务...
2026-07-23 12:28:52.479 | INFO     | N/A | ⏳ 等待 Profile 更新任务...
2026-07-23 12:28:57.503 | INFO     | N/A | ⏳ 等待 Profile 更新任务...
2026-07-23 12:29:02.523 | INFO     | N/A | ⏳ 等待 Profile 更新任务...
2026-07-23 12:29:07.556 | INFO     | N/A | ⏳ 等待 Profile 更新任务...
2026-07-23 12:29:12.579 | INFO     | N/A | ⏳ 等待 Profile 更新任务...
2026-07-23 12:29:17.602 | INFO     | N/A | ⏳ 等待 Profile 更新任务...
2026-07-23 12:29:22.626 | INFO     | N/A | ⏳ 等待 Profile 更新任务...
2026-07-23 12:29:27.651 | INFO     | N/A | ⏳ 等待 Profile 更新任务...
2026-07-23 12:29:32.675 | INFO     | N/A | ⏳ 等待 Profile 更新任务...
2026-07-23 12:29:37.707 | INFO     | N/A | ⏳ 等待 Profile 更新任务...
2026-07-23 12:29:42.732 | INFO     | N/A | ⏳ 等待 Profile 更新任务...
2026-07-23 12:29:47.757 | INFO     | N/A | ⏳ 等待 Profile 更新任务...
2026-07-23 12:29:52.781 | INFO     | N/A | ⏳ 等待 Profile 更新任务...
2026-07-23 12:29:57.803 | INFO     | N/A | ⏳ 等待 Profile 更新任务...
2026-07-23 12:30:02.826 | INFO     | N/A | ⏳ 等待 Profile 更新任务...
2026-07-23 12:30:07.860 | INFO     | N/A | ⏳ 等待 Profile 更新任务...
2026-07-23 12:30:12.883 | INFO     | N/A | ⏳ 等待 Profile 更新任务...
2026-07-23 12:30:17.907 | INFO     | N/A | ⏳ 等待 Profile 更新任务...
2026-07-23 12:30:22.930 | INFO     | N/A | ⏳ 等待 Profile 更新任务...
2026-07-23 12:30:27.951 | INFO     | N/A | ⏳ 等待 Profile 更新任务...
2026-07-23 12:30:32.975 | INFO     | N/A | ⏳ 等待 Profile 更新任务...
2026-07-23 12:30:38.010 | INFO     | N/A | ⏳ 等待 Profile 更新任务...
2026-07-23 12:30:43.034 | INFO     | N/A | ⏳ 等待 Profile 更新任务...
2026-07-23 12:30:48.058 | INFO     | N/A | ⏳ 等待 Profile 更新任务...
2026-07-23 12:30:53.080 | INFO     | N/A | ⏳ 等待 Profile 更新任务...
2026-07-23 12:30:58.106 | INFO     | N/A | ⏳ 等待 Profile 更新任务...
2026-07-23 12:31:03.130 | INFO     | N/A | ⏳ 等待 Profile 更新任务...
2026-07-23 12:31:08.184 | INFO     | N/A | ⏳ 等待 Profile 更新任务...
2026-07-23 12:31:13.211 | INFO     | N/A | ⏳ 等待 Profile 更新任务...
2026-07-23 12:31:18.233 | INFO     | N/A | ⏳ 等待 Profile 更新任务...
2026-07-23 12:31:23.258 | INFO     | N/A | ⏳ 等待 Profile 更新任务...
2026-07-23 12:31:28.280 | INFO     | N/A | ⏳ 等待 Profile 更新任务...
2026-07-23 12:31:33.302 | INFO     | N/A | ⏳ 等待 Profile 更新任务...
2026-07-23 12:31:38.336 | INFO     | N/A | ⏳ 等待 Profile 更新任务...
2026-07-23 12:31:43.358 | INFO     | N/A | ⏳ 等待 Profile 更新任务...
2026-07-23 12:31:48.383 | INFO     | N/A | ⏳ 等待 Profile 更新任务...
2026-07-23 12:31:53.407 | INFO     | N/A | ⏳ 等待 Profile 更新任务...
2026-07-23 12:31:58.431 | INFO     | N/A | ⏳ 等待 Profile 更新任务...
2026-07-23 12:32:03.455 | INFO     | N/A | ⏳ 等待 Profile 更新任务...
2026-07-23 12:32:08.489 | INFO     | N/A | ⏳ 等待 Profile 更新任务...
2026-07-23 12:32:13.512 | INFO     | N/A | ⏳ 等待 Profile 更新任务...
2026-07-23 12:32:18.536 | INFO     | N/A | ⏳ 等待 Profile 更新任务...
2026-07-23 12:32:23.558 | INFO     | N/A | ⏳ 等待 Profile 更新任务...
2026-07-23 12:32:28.581 | INFO     | N/A | ⏳ 等待 Profile 更新任务...
2026-07-23 12:32:33.603 | INFO     | N/A | ⏳ 等待 Profile 更新任务...
2026-07-23 12:32:38.638 | INFO     | N/A | ⏳ 等待 Profile 更新任务...
2026-07-23 12:32:43.661 | INFO     | N/A | ⏳ 等待 Profile 更新任务...
2026-07-23 12:32:48.684 | INFO     | N/A | ⏳ 等待 Profile 更新任务...
2026-07-23 12:32:53.706 | INFO     | N/A | ⏳ 等待 Profile 更新任务...
2026-07-23 12:32:58.731 | INFO     | N/A | ⏳ 等待 Profile 更新任务...
2026-07-23 12:33:03.754 | INFO     | N/A | ⏳ 等待 Profile 更新任务...
2026-07-23 12:33:08.789 | INFO     | N/A | ⏳ 等待 Profile 更新任务...
2026-07-23 12:33:13.812 | INFO     | N/A | ⏳ 等待 Profile 更新任务...
2026-07-23 12:33:18.836 | INFO     | N/A | ⏳ 等待 Profile 更新任务...
2026-07-23 12:33:23.859 | INFO     | N/A | ⏳ 等待 Profile 更新任务...
2026-07-23 12:33:28.884 | INFO     | N/A | ⏳ 等待 Profile 更新任务...
2026-07-23 12:33:33.908 | INFO     | N/A | ⏳ 等待 Profile 更新任务...
2026-07-23 12:33:38.945 | INFO     | N/A | ⏳ 等待 Profile 更新任务...
2026-07-23 12:33:43.968 | INFO     | N/A | ⏳ 等待 Profile 更新任务...
2026-07-23 12:33:48.991 | INFO     | N/A | ⏳ 等待 Profile 更新任务...
2026-07-23 12:33:54.013 | INFO     | N/A | ⏳ 等待 Profile 更新任务...
2026-07-23 12:33:59.037 | INFO     | N/A | ⏳ 等待 Profile 更新任务...
2026-07-23 12:34:04.060 | INFO     | N/A | ⏳ 等待 Profile 更新任务...
2026-07-23 12:34:09.095 | INFO     | N/A | ⏳ 等待 Profile 更新任务...
2026-07-23 12:34:14.119 | INFO     | N/A | ⏳ 等待 Profile 更新任务...
2026-07-23 12:34:19.144 | INFO     | N/A | ⏳ 等待 Profile 更新任务...
2026-07-23 12:34:24.168 | INFO     | N/A | ⏳ 等待 Profile 更新任务...
2026-07-23 12:34:29.191 | INFO     | N/A | ⏳ 等待 Profile 更新任务...
2026-07-23 12:34:34.217 | INFO     | N/A | ⏳ 等待 Profile 更新任务...
2026-07-23 12:34:39.251 | INFO     | N/A | ⏳ 等待 Profile 更新任务...
2026-07-23 12:34:44.274 | INFO     | N/A | ⏳ 等待 Profile 更新任务...
2026-07-23 12:34:49.298 | INFO     | N/A | ⏳ 等待 Profile 更新任务...
2026-07-23 12:34:54.323 | INFO     | N/A | ⏳ 等待 Profile 更新任务...
2026-07-23 12:34:59.348 | INFO     | N/A | ⏳ 等待 Profile 更新任务...
2026-07-23 12:35:04.408 | INFO     | N/A | ⏳ 等待 Profile 更新任务...
2026-07-23 12:35:09.441 | INFO     | N/A | ⏳ 等待 Profile 更新任务...
2026-07-23 12:35:14.467 | INFO     | N/A | ⏳ 等待 Profile 更新任务...
2026-07-23 12:35:19.491 | INFO     | N/A | ⏳ 等待 Profile 更新任务...
2026-07-23 12:35:24.516 | INFO     | N/A | ⏳ 等待 Profile 更新任务...
2026-07-23 12:35:29.539 | INFO     | N/A | ⏳ 等待 Profile 更新任务...
2026-07-23 12:35:34.561 | INFO     | N/A | ⏳ 等待 Profile 更新任务...
2026-07-23 12:35:39.609 | INFO     | N/A | ⏳ 等待 Profile 更新任务...
2026-07-23 12:35:44.633 | INFO     | N/A | ⏳ 等待 Profile 更新任务...
2026-07-23 12:35:49.656 | INFO     | N/A | ⏳ 等待 Profile 更新任务...
2026-07-23 12:35:54.678 | INFO     | N/A | ⏳ 等待 Profile 更新任务...
2026-07-23 12:35:59.701 | INFO     | N/A | ⏳ 等待 Profile 更新任务...
2026-07-23 12:36:04.722 | INFO     | N/A | ⏳ 等待 Profile 更新任务...
2026-07-23 12:36:09.754 | INFO     | N/A | ⏳ 等待 Profile 更新任务...
2026-07-23 12:36:14.776 | INFO     | N/A | ⏳ 等待 Profile 更新任务...
2026-07-23 12:36:19.799 | INFO     | N/A | ⏳ 等待 Profile 更新任务...
2026-07-23 12:36:24.822 | INFO     | N/A | ⏳ 等待 Profile 更新任务...
2026-07-23 12:36:29.844 | INFO     | N/A | ⏳ 等待 Profile 更新任务...
2026-07-23 12:36:34.867 | INFO     | N/A | ⏳ 等待 Profile 更新任务...
2026-07-23 12:36:39.898 | INFO     | N/A | ⏳ 等待 Profile 更新任务...
2026-07-23 12:36:44.920 | INFO     | N/A | ⏳ 等待 Profile 更新任务...
2026-07-23 12:36:49.944 | INFO     | N/A | ⏳ 等待 Profile 更新任务...
2026-07-23 12:36:54.967 | INFO     | N/A | ⏳ 等待 Profile 更新任务...
2026-07-23 12:36:59.989 | INFO     | N/A | ⏳ 等待 Profile 更新任务...
2026-07-23 12:37:05.011 | INFO     | N/A | ⏳ 等待 Profile 更新任务...
2026-07-23 12:37:10.046 | INFO     | N/A | ⏳ 等待 Profile 更新任务...
2026-07-23 12:37:15.067 | INFO     | N/A | ⏳ 等待 Profile 更新任务...
2026-07-23 12:37:20.089 | INFO     | N/A | ⏳ 等待 Profile 更新任务...
2026-07-23 12:37:25.113 | INFO     | N/A | ⏳ 等待 Profile 更新任务...
2026-07-23 12:37:30.136 | INFO     | N/A | ⏳ 等待 Profile 更新任务...
2026-07-23 12:37:35.158 | INFO     | N/A | ⏳ 等待 Profile 更新任务...
2026-07-23 12:37:40.190 | INFO     | N/A | ⏳ 等待 Profile 更新任务...
2026-07-23 12:37:45.213 | INFO     | N/A | ⏳ 等待 Profile 更新任务...
2026-07-23 12:37:50.236 | INFO     | N/A | ⏳ 等待 Profile 更新任务...
2026-07-23 12:37:55.259 | INFO     | N/A | ⏳ 等待 Profile 更新任务...
2026-07-23 12:38:00.282 | INFO     | N/A | ⏳ 等待 Profile 更新任务...
2026-07-23 12:38:05.305 | INFO     | N/A | ⏳ 等待 Profile 更新任务...
2026-07-23 12:38:10.336 | INFO     | N/A | ⏳ 等待 Profile 更新任务...
2026-07-23 12:38:15.360 | INFO     | N/A | ⏳ 等待 Profile 更新任务...
2026-07-23 12:38:20.383 | INFO     | N/A | ⏳ 等待 Profile 更新任务...
2026-07-23 12:38:25.405 | INFO     | N/A | ⏳ 等待 Profile 更新任务...
2026-07-23 12:38:30.429 | INFO     | N/A | ⏳ 等待 Profile 更新任务...
2026-07-23 12:38:35.482 | INFO     | N/A | ⏳ 等待 Profile 更新任务...
2026-07-23 12:38:40.516 | INFO     | N/A | ⏳ 等待 Profile 更新任务...
2026-07-23 12:38:45.539 | INFO     | N/A | ⏳ 等待 Profile 更新任务...
2026-07-23 12:38:50.574 | INFO     | N/A | ⏳ 等待 Profile 更新任务...
2026-07-23 12:38:55.597 | INFO     | N/A | ⏳ 等待 Profile 更新任务...
2026-07-23 12:39:00.618 | INFO     | N/A | ⏳ 等待 Profile 更新任务...
2026-07-23 12:39:05.643 | INFO     | N/A | ⏳ 等待 Profile 更新任务...
2026-07-23 12:39:10.674 | INFO     | N/A | ⏳ 等待 Profile 更新任务...
2026-07-23 12:39:15.698 | INFO     | N/A | ⏳ 等待 Profile 更新任务...
2026-07-23 12:39:20.720 | INFO     | N/A | ⏳ 等待 Profile 更新任务...
2026-07-23 12:39:25.744 | INFO     | N/A | ⏳ 等待 Profile 更新任务...
2026-07-23 12:39:30.769 | INFO     | N/A | ⏳ 等待 Profile 更新任务...
2026-07-23 12:39:35.790 | INFO     | N/A | ⏳ 等待 Profile 更新任务...
2026-07-23 12:39:40.825 | INFO     | N/A | ⏳ 等待 Profile 更新任务...
2026-07-23 12:39:45.847 | INFO     | N/A | ⏳ 等待 Profile 更新任务...
2026-07-23 12:39:50.871 | INFO     | N/A | ⏳ 等待 Profile 更新任务...
2026-07-23 12:39:55.894 | INFO     | N/A | ⏳ 等待 Profile 更新任务...
2026-07-23 12:40:00.920 | INFO     | N/A | ⏳ 等待 Profile 更新任务...
2026-07-23 12:40:05.944 | INFO     | N/A | ⏳ 等待 Profile 更新任务...
2026-07-23 12:40:10.975 | INFO     | N/A | ⏳ 等待 Profile 更新任务...
2026-07-23 12:40:16.001 | INFO     | N/A | ⏳ 等待 Profile 更新任务...
2026-07-23 12:40:21.024 | INFO     | N/A | ⏳ 等待 Profile 更新任务...
2026-07-23 12:40:26.049 | INFO     | N/A | ⏳ 等待 Profile 更新任务...
2026-07-23 12:40:31.074 | INFO     | N/A | ⏳ 等待 Profile 更新任务...
2026-07-23 12:40:36.095 | INFO     | N/A | ⏳ 等待 Profile 更新任务...
2026-07-23 12:40:41.133 | INFO     | N/A | ⏳ 等待 Profile 更新任务...
2026-07-23 12:40:46.155 | INFO     | N/A | ⏳ 等待 Profile 更新任务...
2026-07-23 12:40:51.178 | INFO     | N/A | ⏳ 等待 Profile 更新任务...
2026-07-23 12:40:56.201 | INFO     | N/A | ⏳ 等待 Profile 更新任务...
2026-07-23 12:41:01.226 | INFO     | N/A | ⏳ 等待 Profile 更新任务...
2026-07-23 12:41:06.252 | INFO     | N/A | ⏳ 等待 Profile 更新任务...
2026-07-23 12:41:11.285 | INFO     | N/A | ⏳ 等待 Profile 更新任务...
2026-07-23 12:41:16.309 | INFO     | N/A | ⏳ 等待 Profile 更新任务...
2026-07-23 12:41:21.331 | INFO     | N/A | ⏳ 等待 Profile 更新任务...
2026-07-23 12:41:26.354 | INFO     | N/A | ⏳ 等待 Profile 更新任务...
2026-07-23 12:41:31.377 | INFO     | N/A | ⏳ 等待 Profile 更新任务...
2026-07-23 12:41:36.400 | INFO     | N/A | ⏳ 等待 Profile 更新任务...
2026-07-23 12:41:41.430 | INFO     | N/A | ⏳ 等待 Profile 更新任务...
2026-07-23 12:41:46.457 | INFO     | N/A | ⏳ 等待 Profile 更新任务...
2026-07-23 12:41:51.479 | INFO     | N/A | ⏳ 等待 Profile 更新任务...
2026-07-23 12:41:56.501 | INFO     | N/A | ⏳ 等待 Profile 更新任务...
2026-07-23 12:42:01.523 | INFO     | N/A | ⏳ 等待 Profile 更新任务...
2026-07-23 12:42:06.547 | INFO     | N/A | ⏳ 等待 Profile 更新任务...
2026-07-23 12:42:11.579 | INFO     | N/A | ⏳ 等待 Profile 更新任务...
2026-07-23 12:42:16.602 | INFO     | N/A | ⏳ 等待 Profile 更新任务...
2026-07-23 12:42:21.625 | INFO     | N/A | ⏳ 等待 Profile 更新任务...
2026-07-23 12:42:26.648 | INFO     | N/A | ⏳ 等待 Profile 更新任务...
2026-07-23 12:42:31.673 | INFO     | N/A | ⏳ 等待 Profile 更新任务...
2026-07-23 12:42:36.695 | INFO     | N/A | ⏳ 等待 Profile 更新任务...
2026-07-23 12:42:41.729 | INFO     | N/A | ⏳ 等待 Profile 更新任务...
2026-07-23 12:42:46.752 | INFO     | N/A | ⏳ 等待 Profile 更新任务...
2026-07-23 12:42:51.778 | INFO     | N/A | ⏳ 等待 Profile 更新任务...
2026-07-23 12:42:56.799 | INFO     | N/A | ⏳ 等待 Profile 更新任务...
2026-07-23 12:43:01.820 | INFO     | N/A | ⏳ 等待 Profile 更新任务...
2026-07-23 12:43:06.842 | INFO     | N/A | ⏳ 等待 Profile 更新任务...
2026-07-23 12:43:11.874 | INFO     | N/A | ⏳ 等待 Profile 更新任务...
2026-07-23 12:43:16.899 | INFO     | N/A | ⏳ 等待 Profile 更新任务...
2026-07-23 12:43:21.922 | INFO     | N/A | ⏳ 等待 Profile 更新任务...
2026-07-23 12:43:26.947 | INFO     | N/A | ⏳ 等待 Profile 更新任务...
2026-07-23 12:43:31.973 | INFO     | N/A | ⏳ 等待 Profile 更新任务...
2026-07-23 12:43:36.996 | INFO     | N/A | ⏳ 等待 Profile 更新任务...
2026-07-23 12:43:42.032 | INFO     | N/A | ⏳ 等待 Profile 更新任务...
2026-07-23 12:43:47.054 | INFO     | N/A | ⏳ 等待 Profile 更新任务...
2026-07-23 12:43:52.076 | INFO     | N/A | ⏳ 等待 Profile 更新任务...
2026-07-23 12:43:57.097 | INFO     | N/A | ⏳ 等待 Profile 更新任务...
2026-07-23 12:44:02.122 | INFO     | N/A | ⏳ 等待 Profile 更新任务...
2026-07-23 12:44:07.146 | INFO     | N/A | ⏳ 等待 Profile 更新任务...
2026-07-23 12:44:12.181 | INFO     | N/A | ⏳ 等待 Profile 更新任务...
2026-07-23 12:44:17.203 | INFO     | N/A | ⏳ 等待 Profile 更新任务...
2026-07-23 12:44:22.223 | INFO     | N/A | ⏳ 等待 Profile 更新任务...
2026-07-23 12:44:27.244 | INFO     | N/A | ⏳ 等待 Profile 更新任务...
2026-07-23 12:44:32.265 | INFO     | N/A | ⏳ 等待 Profile 更新任务...
2026-07-23 12:44:37.290 | INFO     | N/A | ⏳ 等待 Profile 更新任务...
2026-07-23 12:44:42.321 | INFO     | N/A | ⏳ 等待 Profile 更新任务...
2026-07-23 12:44:47.345 | INFO     | N/A | ⏳ 等待 Profile 更新任务...
2026-07-23 12:44:52.368 | INFO     | N/A | ⏳ 等待 Profile 更新任务...
2026-07-23 12:44:57.389 | INFO     | N/A | ⏳ 等待 Profile 更新任务...
2026-07-23 12:45:02.412 | INFO     | N/A | ⏳ 等待 Profile 更新任务...
2026-07-23 12:45:07.432 | INFO     | N/A | ⏳ 等待 Profile 更新任务...
2026-07-23 12:45:12.458 | INFO     | N/A | ⏳ 等待 Profile 更新任务...
2026-07-23 12:45:17.478 | INFO     | N/A | ⏳ 等待 Profile 更新任务...
2026-07-23 12:45:22.500 | INFO     | N/A | ⏳ 等待 Profile 更新任务...
2026-07-23 12:45:27.523 | INFO     | N/A | ⏳ 等待 Profile 更新任务...
2026-07-23 12:45:32.547 | INFO     | N/A | ⏳ 等待 Profile 更新任务...
2026-07-23 12:45:37.572 | INFO     | N/A | ⏳ 等待 Profile 更新任务...
2026-07-23 12:45:42.607 | INFO     | N/A | ⏳ 等待 Profile 更新任务...
2026-07-23 12:45:47.631 | INFO     | N/A | ⏳ 等待 Profile 更新任务...
2026-07-23 12:45:52.653 | INFO     | N/A | ⏳ 等待 Profile 更新任务...
2026-07-23 12:45:57.674 | INFO     | N/A | ⏳ 等待 Profile 更新任务...
2026-07-23 12:46:02.696 | INFO     | N/A | ⏳ 等待 Profile 更新任务...
2026-07-23 12:46:07.720 | INFO     | N/A | ⏳ 等待 Profile 更新任务...
2026-07-23 12:46:12.753 | INFO     | N/A | ⏳ 等待 Profile 更新任务...
2026-07-23 12:46:17.777 | INFO     | N/A | ⏳ 等待 Profile 更新任务...
2026-07-23 12:46:22.801 | INFO     | N/A | ⏳ 等待 Profile 更新任务...
2026-07-23 12:46:27.826 | INFO     | N/A | ⏳ 等待 Profile 更新任务...
2026-07-23 12:46:32.852 | INFO     | N/A | ⏳ 等待 Profile 更新任务...
2026-07-23 12:46:37.876 | INFO     | N/A | ⏳ 等待 Profile 更新任务...
2026-07-23 12:46:42.907 | INFO     | N/A | ⏳ 等待 Profile 更新任务...
2026-07-23 12:46:47.929 | INFO     | N/A | ⏳ 等待 Profile 更新任务...
2026-07-23 12:46:52.951 | INFO     | N/A | ⏳ 等待 Profile 更新任务...
2026-07-23 12:46:57.975 | INFO     | N/A | ⏳ 等待 Profile 更新任务...
2026-07-23 12:47:02.998 | INFO     | N/A | ⏳ 等待 Profile 更新任务...
2026-07-23 12:47:08.022 | INFO     | N/A | ⏳ 等待 Profile 更新任务...
2026-07-23 12:47:13.056 | INFO     | N/A | ⏳ 等待 Profile 更新任务...
2026-07-23 12:47:18.079 | INFO     | N/A | ⏳ 等待 Profile 更新任务...
2026-07-23 12:47:23.101 | INFO     | N/A | ⏳ 等待 Profile 更新任务...
2026-07-23 12:47:28.125 | INFO     | N/A | ⏳ 等待 Profile 更新任务...
2026-07-23 12:47:33.151 | INFO     | N/A | ⏳ 等待 Profile 更新任务...
2026-07-23 12:47:38.174 | INFO     | N/A | ⏳ 等待 Profile 更新任务...
2026-07-23 12:47:43.207 | INFO     | N/A | ⏳ 等待 Profile 更新任务...
2026-07-23 12:47:48.233 | INFO     | N/A | ⏳ 等待 Profile 更新任务...
2026-07-23 12:47:53.255 | INFO     | N/A | ⏳ 等待 Profile 更新任务...
2026-07-23 12:47:58.276 | INFO     | N/A | ⏳ 等待 Profile 更新任务...
2026-07-23 12:48:03.301 | INFO     | N/A | ⏳ 等待 Profile 更新任务...
2026-07-23 12:48:08.325 | INFO     | N/A | ⏳ 等待 Profile 更新任务...
2026-07-23 12:48:13.362 | INFO     | N/A | ⏳ 等待 Profile 更新任务...
2026-07-23 12:48:18.385 | INFO     | N/A | ⏳ 等待 Profile 更新任务...
2026-07-23 12:48:23.410 | INFO     | N/A | ⏳ 等待 Profile 更新任务...
2026-07-23 12:48:28.433 | INFO     | N/A | ⏳ 等待 Profile 更新任务...
2026-07-23 12:48:33.454 | INFO     | N/A | ⏳ 等待 Profile 更新任务...
2026-07-23 12:48:38.480 | INFO     | N/A | ⏳ 等待 Profile 更新任务...
2026-07-23 12:48:43.516 | INFO     | N/A | ⏳ 等待 Profile 更新任务...
2026-07-23 12:48:48.540 | INFO     | N/A | ⏳ 等待 Profile 更新任务...
2026-07-23 12:48:53.565 | INFO     | N/A | ⏳ 等待 Profile 更新任务...
2026-07-23 12:48:58.591 | INFO     | N/A | ⏳ 等待 Profile 更新任务...
2026-07-23 12:49:03.613 | INFO     | N/A | ⏳ 等待 Profile 更新任务...
2026-07-23 12:49:08.637 | INFO     | N/A | ⏳ 等待 Profile 更新任务...
2026-07-23 12:49:13.672 | INFO     | N/A | ⏳ 等待 Profile 更新任务...
2026-07-23 12:49:18.697 | INFO     | N/A | ⏳ 等待 Profile 更新任务...
2026-07-23 12:49:23.723 | INFO     | N/A | ⏳ 等待 Profile 更新任务...
2026-07-23 12:49:28.747 | INFO     | N/A | ⏳ 等待 Profile 更新任务...
2026-07-23 12:49:33.772 | INFO     | N/A | ⏳ 等待 Profile 更新任务...
2026-07-23 12:49:38.795 | INFO     | N/A | ⏳ 等待 Profile 更新任务...
2026-07-23 12:49:43.826 | INFO     | N/A | ⏳ 等待 Profile 更新任务...
2026-07-23 12:49:48.851 | INFO     | N/A | ⏳ 等待 Profile 更新任务...
2026-07-23 12:49:53.877 | INFO     | N/A | ⏳ 等待 Profile 更新任务...
2026-07-23 12:49:58.903 | INFO     | N/A | ⏳ 等待 Profile 更新任务...
2026-07-23 12:50:03.930 | INFO     | N/A | ⏳ 等待 Profile 更新任务...
2026-07-23 12:50:08.954 | INFO     | N/A | ⏳ 等待 Profile 更新任务...
2026-07-23 12:50:13.988 | INFO     | N/A | ⏳ 等待 Profile 更新任务...
2026-07-23 12:50:19.013 | INFO     | N/A | ⏳ 等待 Profile 更新任务...
2026-07-23 12:50:24.036 | INFO     | N/A | ⏳ 等待 Profile 更新任务...
2026-07-23 12:50:29.058 | INFO     | N/A | ⏳ 等待 Profile 更新任务...
2026-07-23 12:50:34.082 | INFO     | N/A | ⏳ 等待 Profile 更新任务...
2026-07-23 12:50:39.106 | INFO     | N/A | ⏳ 等待 Profile 更新任务...
2026-07-23 12:50:44.140 | INFO     | N/A | ⏳ 等待 Profile 更新任务...
2026-07-23 12:50:49.165 | INFO     | N/A | ⏳ 等待 Profile 更新任务...
2026-07-23 12:50:54.192 | INFO     | N/A | ⏳ 等待 Profile 更新任务...
2026-07-23 12:50:59.217 | INFO     | N/A | ⏳ 等待 Profile 更新任务...
2026-07-23 12:51:04.240 | INFO     | N/A | ⏳ 等待 Profile 更新任务...
2026-07-23 12:51:09.262 | INFO     | N/A | ⏳ 等待 Profile 更新任务...
2026-07-23 12:51:14.297 | INFO     | N/A | ⏳ 等待 Profile 更新任务...
2026-07-23 12:51:19.319 | INFO     | N/A | ⏳ 等待 Profile 更新任务...
2026-07-23 12:51:24.345 | INFO     | N/A | ⏳ 等待 Profile 更新任务...
2026-07-23 12:51:29.368 | INFO     | N/A | ⏳ 等待 Profile 更新任务...
2026-07-23 12:51:34.389 | INFO     | N/A | ⏳ 等待 Profile 更新任务...
2026-07-23 12:51:39.412 | INFO     | N/A | ⏳ 等待 Profile 更新任务...
2026-07-23 12:51:44.461 | INFO     | N/A | ⏳ 等待 Profile 更新任务...
2026-07-23 12:51:49.470 | INFO     | N/A | ⏳ 等待 Profile 更新任务...
2026-07-23 12:51:54.496 | INFO     | N/A | ⏳ 等待 Profile 更新任务...
2026-07-23 12:51:59.521 | INFO     | N/A | ⏳ 等待 Profile 更新任务...
2026-07-23 12:52:04.546 | INFO     | N/A | ⏳ 等待 Profile 更新任务...
2026-07-23 12:52:09.572 | INFO     | N/A | ⏳ 等待 Profile 更新任务...
2026-07-23 12:52:14.602 | INFO     | N/A | ⏳ 等待 Profile 更新任务...
2026-07-23 12:52:19.624 | INFO     | N/A | ⏳ 等待 Profile 更新任务...
2026-07-23 12:52:24.648 | INFO     | N/A | ⏳ 等待 Profile 更新任务...
2026-07-23 12:52:29.672 | INFO     | N/A | ⏳ 等待 Profile 更新任务...
2026-07-23 12:52:34.697 | INFO     | N/A | ⏳ 等待 Profile 更新任务...
2026-07-23 12:52:39.720 | INFO     | N/A | ⏳ 等待 Profile 更新任务...
2026-07-23 12:52:44.754 | INFO     | N/A | ⏳ 等待 Profile 更新任务...
2026-07-23 12:52:49.778 | INFO     | N/A | ⏳ 等待 Profile 更新任务...
2026-07-23 12:52:54.802 | INFO     | N/A | ⏳ 等待 Profile 更新任务...
2026-07-23 12:52:59.826 | INFO     | N/A | ⏳ 等待 Profile 更新任务...
2026-07-23 12:53:04.849 | INFO     | N/A | ⏳ 等待 Profile 更新任务...
2026-07-23 12:53:09.873 | INFO     | N/A | ⏳ 等待 Profile 更新任务...
2026-07-23 12:53:14.907 | INFO     | N/A | ⏳ 等待 Profile 更新任务...
2026-07-23 12:53:19.931 | INFO     | N/A | ⏳ 等待 Profile 更新任务...
2026-07-23 12:53:24.956 | INFO     | N/A | ⏳ 等待 Profile 更新任务...
2026-07-23 12:53:29.979 | INFO     | N/A | ⏳ 等待 Profile 更新任务...
2026-07-23 12:53:35.002 | INFO     | N/A | ⏳ 等待 Profile 更新任务...
2026-07-23 12:53:40.005 | INFO     | N/A | ⏳ 等待 Profile 更新任务...
2026-07-23 12:53:45.059 | INFO     | N/A | ⏳ 等待 Profile 更新任务...
2026-07-23 12:53:50.084 | INFO     | N/A | ⏳ 等待 Profile 更新任务...
2026-07-23 12:53:55.106 | INFO     | N/A | ⏳ 等待 Profile 更新任务...
2026-07-23 12:54:00.130 | INFO     | N/A | ⏳ 等待 Profile 更新任务...
2026-07-23 12:54:05.154 | INFO     | N/A | ⏳ 等待 Profile 更新任务...
2026-07-23 12:54:10.180 | INFO     | N/A | ⏳ 等待 Profile 更新任务...
2026-07-23 12:54:15.213 | INFO     | N/A | ⏳ 等待 Profile 更新任务...
2026-07-23 12:54:20.236 | INFO     | N/A | ⏳ 等待 Profile 更新任务...
2026-07-23 12:54:25.261 | INFO     | N/A | ⏳ 等待 Profile 更新任务...
2026-07-23 12:54:30.289 | INFO     | N/A | ⏳ 等待 Profile 更新任务...
2026-07-23 12:54:35.315 | INFO     | N/A | ⏳ 等待 Profile 更新任务...
2026-07-23 12:54:40.342 | INFO     | N/A | ⏳ 等待 Profile 更新任务...
2026-07-23 12:54:45.379 | INFO     | N/A | ⏳ 等待 Profile 更新任务...
2026-07-23 12:54:50.404 | INFO     | N/A | ⏳ 等待 Profile 更新任务...
2026-07-23 12:54:55.432 | INFO     | N/A | ⏳ 等待 Profile 更新任务...
2026-07-23 12:55:00.457 | INFO     | N/A | ⏳ 等待 Profile 更新任务...
2026-07-23 12:55:05.481 | INFO     | N/A | ⏳ 等待 Profile 更新任务...
2026-07-23 12:55:10.507 | INFO     | N/A | ⏳ 等待 Profile 更新任务...
2026-07-23 12:55:15.540 | INFO     | N/A | ⏳ 等待 Profile 更新任务...
2026-07-23 12:55:20.567 | INFO     | N/A | ⏳ 等待 Profile 更新任务...
2026-07-23 12:55:25.593 | INFO     | N/A | ⏳ 等待 Profile 更新任务...
2026-07-23 12:55:30.620 | INFO     | N/A | ⏳ 等待 Profile 更新任务...
2026-07-23 12:55:35.646 | INFO     | N/A | ⏳ 等待 Profile 更新任务...
2026-07-23 12:55:40.672 | INFO     | N/A | ⏳ 等待 Profile 更新任务...
2026-07-23 12:55:45.703 | INFO     | N/A | ⏳ 等待 Profile 更新任务...
2026-07-23 12:55:50.727 | INFO     | N/A | ⏳ 等待 Profile 更新任务...
2026-07-23 12:55:55.751 | INFO     | N/A | ⏳ 等待 Profile 更新任务...
2026-07-23 12:56:00.775 | INFO     | N/A | ⏳ 等待 Profile 更新任务...
2026-07-23 12:56:05.798 | INFO     | N/A | ⏳ 等待 Profile 更新任务...
2026-07-23 12:56:10.825 | INFO     | N/A | ⏳ 等待 Profile 更新任务...
2026-07-23 12:56:15.856 | INFO     | N/A | ⏳ 等待 Profile 更新任务...
2026-07-23 12:56:20.882 | INFO     | N/A | ⏳ 等待 Profile 更新任务...
2026-07-23 12:56:25.906 | INFO     | N/A | ⏳ 等待 Profile 更新任务...
2026-07-23 12:56:30.932 | INFO     | N/A | ⏳ 等待 Profile 更新任务...
2026-07-23 12:56:35.956 | INFO     | N/A | ⏳ 等待 Profile 更新任务...
2026-07-23 12:56:40.984 | INFO     | N/A | ⏳ 等待 Profile 更新任务...
2026-07-23 12:56:46.016 | INFO     | N/A | ⏳ 等待 Profile 更新任务...
2026-07-23 12:56:51.045 | INFO     | N/A | ⏳ 等待 Profile 更新任务...
2026-07-23 12:56:56.068 | INFO     | N/A | ⏳ 等待 Profile 更新任务...
2026-07-23 12:57:01.094 | INFO     | N/A | ⏳ 等待 Profile 更新任务...
2026-07-23 12:57:06.119 | INFO     | N/A | ⏳ 等待 Profile 更新任务...
2026-07-23 12:57:11.148 | INFO     | N/A | ⏳ 等待 Profile 更新任务...
2026-07-23 12:57:16.176 | INFO     | N/A | ⏳ 等待 Profile 更新任务...
2026-07-23 12:57:21.201 | INFO     | N/A | ⏳ 等待 Profile 更新任务...
2026-07-23 12:57:26.228 | INFO     | N/A | ⏳ 等待 Profile 更新任务...
2026-07-23 12:57:31.253 | INFO     | N/A | ⏳ 等待 Profile 更新任务...
2026-07-23 12:57:36.289 | INFO     | N/A | ⏳ 等待 Profile 更新任务...
2026-07-23 12:57:41.314 | INFO     | N/A | ⏳ 等待 Profile 更新任务...
2026-07-23 12:57:46.349 | INFO     | N/A | ⏳ 等待 Profile 更新任务...
2026-07-23 12:57:51.372 | INFO     | N/A | ⏳ 等待 Profile 更新任务...
2026-07-23 12:57:56.397 | INFO     | N/A | ⏳ 等待 Profile 更新任务...
2026-07-23 12:58:01.421 | INFO     | N/A | ⏳ 等待 Profile 更新任务...
2026-07-23 12:58:06.448 | INFO     | N/A | ⏳ 等待 Profile 更新任务...
2026-07-23 12:58:11.476 | INFO     | N/A | ⏳ 等待 Profile 更新任务...
2026-07-23 12:58:16.510 | INFO     | N/A | ⏳ 等待 Profile 更新任务...
2026-07-23 12:58:21.538 | INFO     | N/A | ⏳ 等待 Profile 更新任务...
2026-07-23 12:58:26.566 | INFO     | N/A | ⏳ 等待 Profile 更新任务...
2026-07-23 12:58:31.591 | INFO     | N/A | ⏳ 等待 Profile 更新任务...
2026-07-23 12:58:36.615 | INFO     | N/A | ⏳ 等待 Profile 更新任务...
2026-07-23 12:58:41.645 | INFO     | N/A | ⏳ 等待 Profile 更新任务...
2026-07-23 12:58:46.676 | INFO     | N/A | ⏳ 等待 Profile 更新任务...
2026-07-23 12:58:51.725 | INFO     | N/A | ⏳ 等待 Profile 更新任务...
2026-07-23 12:58:56.751 | INFO     | N/A | ⏳ 等待 Profile 更新任务...
2026-07-23 12:59:01.775 | INFO     | N/A | ⏳ 等待 Profile 更新任务...
2026-07-23 12:59:06.803 | INFO     | N/A | ⏳ 等待 Profile 更新任务...
2026-07-23 12:59:11.811 | INFO     | N/A | ⏳ 等待 Profile 更新任务...
2026-07-23 12:59:16.867 | INFO     | N/A | ⏳ 等待 Profile 更新任务...
2026-07-23 12:59:21.894 | INFO     | N/A | ⏳ 等待 Profile 更新任务...
2026-07-23 12:59:26.918 | INFO     | N/A | ⏳ 等待 Profile 更新任务...
2026-07-23 12:59:31.946 | INFO     | N/A | ⏳ 等待 Profile 更新任务...
2026-07-23 12:59:36.971 | INFO     | N/A | ⏳ 等待 Profile 更新任务...
2026-07-23 12:59:42.006 | INFO     | N/A | ⏳ 等待 Profile 更新任务...
2026-07-23 12:59:47.037 | INFO     | N/A | ⏳ 等待 Profile 更新任务...
2026-07-23 12:59:52.063 | INFO     | N/A | ⏳ 等待 Profile 更新任务...
2026-07-23 12:59:57.090 | INFO     | N/A | ⏳ 等待 Profile 更新任务...
2026-07-23 13:00:02.118 | INFO     | N/A | ⏳ 等待 Profile 更新任务...
2026-07-23 13:00:07.144 | INFO     | N/A | ⏳ 等待 Profile 更新任务...
2026-07-23 13:00:12.173 | INFO     | N/A | ⏳ 等待 Profile 更新任务...
2026-07-23 13:00:17.206 | INFO     | N/A | ⏳ 等待 Profile 更新任务...
2026-07-23 13:00:22.231 | INFO     | N/A | ⏳ 等待 Profile 更新任务...
2026-07-23 13:00:27.255 | INFO     | N/A | ⏳ 等待 Profile 更新任务...
2026-07-23 13:00:32.281 | INFO     | N/A | ⏳ 等待 Profile 更新任务...
2026-07-23 13:00:37.306 | INFO     | N/A | ⏳ 等待 Profile 更新任务...
2026-07-23 13:00:42.340 | INFO     | N/A | ⏳ 等待 Profile 更新任务...
2026-07-23 13:00:47.372 | INFO     | N/A | ⏳ 等待 Profile 更新任务...
2026-07-23 13:00:52.395 | INFO     | N/A | ⏳ 等待 Profile 更新任务...
2026-07-23 13:00:57.427 | INFO     | N/A | ⏳ 等待 Profile 更新任务...
2026-07-23 13:01:02.451 | INFO     | N/A | ⏳ 等待 Profile 更新任务...
2026-07-23 13:01:07.477 | INFO     | N/A | ⏳ 等待 Profile 更新任务...
2026-07-23 13:01:12.507 | INFO     | N/A | ⏳ 等待 Profile 更新任务...
2026-07-23 13:01:17.536 | INFO     | N/A | ⏳ 等待 Profile 更新任务...
2026-07-23 13:01:22.562 | INFO     | N/A | ⏳ 等待 Profile 更新任务...
2026-07-23 13:01:27.584 | INFO     | N/A | ⏳ 等待 Profile 更新任务...
2026-07-23 13:01:32.609 | INFO     | N/A | ⏳ 等待 Profile 更新任务...
2026-07-23 13:01:37.638 | INFO     | N/A | ⏳ 等待 Profile 更新任务...
2026-07-23 13:01:42.669 | INFO     | N/A | ⏳ 等待 Profile 更新任务...
2026-07-23 13:01:47.699 | INFO     | N/A | ⏳ 等待 Profile 更新任务...
2026-07-23 13:01:52.726 | INFO     | N/A | ⏳ 等待 Profile 更新任务...
2026-07-23 13:01:57.751 | INFO     | N/A | ⏳ 等待 Profile 更新任务...
2026-07-23 13:02:02.775 | INFO     | N/A | ⏳ 等待 Profile 更新任务...
2026-07-23 13:02:07.799 | INFO     | N/A | ⏳ 等待 Profile 更新任务...
2026-07-23 13:02:12.805 | INFO     | N/A | ⏳ 等待 Profile 更新任务...
2026-07-23 13:02:17.860 | INFO     | N/A | ⏳ 等待 Profile 更新任务...
2026-07-23 13:02:22.883 | INFO     | N/A | ⏳ 等待 Profile 更新任务...
2026-07-23 13:02:27.907 | INFO     | N/A | ⏳ 等待 Profile 更新任务...
2026-07-23 13:02:32.930 | INFO     | N/A | ⏳ 等待 Profile 更新任务...
2026-07-23 13:02:37.955 | INFO     | N/A | ⏳ 等待 Profile 更新任务...
2026-07-23 13:02:42.988 | INFO     | N/A | ⏳ 等待 Profile 更新任务...
2026-07-23 13:02:48.017 | INFO     | N/A | ⏳ 等待 Profile 更新任务...
2026-07-23 13:02:53.042 | INFO     | N/A | ⏳ 等待 Profile 更新任务...
2026-07-23 13:02:58.068 | INFO     | N/A | ⏳ 等待 Profile 更新任务...
2026-07-23 13:03:03.094 | INFO     | N/A | ⏳ 等待 Profile 更新任务...
2026-07-23 13:03:08.117 | INFO     | N/A | ⏳ 等待 Profile 更新任务...
2026-07-23 13:03:13.152 | INFO     | N/A | ⏳ 等待 Profile 更新任务...
2026-07-23 13:03:18.181 | INFO     | N/A | ⏳ 等待 Profile 更新任务...
2026-07-23 13:03:23.207 | INFO     | N/A | ⏳ 等待 Profile 更新任务...
2026-07-23 13:03:28.236 | INFO     | N/A | ⏳ 等待 Profile 更新任务...
2026-07-23 13:03:33.262 | INFO     | N/A | ⏳ 等待 Profile 更新任务...
2026-07-23 13:03:38.286 | INFO     | N/A | ⏳ 等待 Profile 更新任务...
2026-07-23 13:03:43.316 | INFO     | N/A | ⏳ 等待 Profile 更新任务...
2026-07-23 13:03:48.348 | INFO     | N/A | ⏳ 等待 Profile 更新任务...
2026-07-23 13:03:53.374 | INFO     | N/A | ⏳ 等待 Profile 更新任务...
2026-07-23 13:03:58.399 | INFO     | N/A | ⏳ 等待 Profile 更新任务...
2026-07-23 13:04:03.425 | INFO     | N/A | ⏳ 等待 Profile 更新任务...
2026-07-23 13:04:08.451 | INFO     | N/A | ⏳ 等待 Profile 更新任务...
2026-07-23 13:04:13.499 | INFO     | N/A | ⏳ 等待 Profile 更新任务...
2026-07-23 13:04:18.541 | INFO     | N/A | ⏳ 等待 Profile 更新任务...
2026-07-23 13:04:23.565 | INFO     | N/A | ⏳ 等待 Profile 更新任务...
2026-07-23 13:04:28.592 | INFO     | N/A | ⏳ 等待 Profile 更新任务...
2026-07-23 13:04:33.620 | INFO     | N/A | ⏳ 等待 Profile 更新任务...
2026-07-23 13:04:38.645 | INFO     | N/A | ⏳ 等待 Profile 更新任务...
2026-07-23 13:04:43.679 | INFO     | N/A | ⏳ 等待 Profile 更新任务...
2026-07-23 13:04:48.708 | INFO     | N/A | ⏳ 等待 Profile 更新任务...
2026-07-23 13:04:53.734 | INFO     | N/A | ⏳ 等待 Profile 更新任务...
2026-07-23 13:04:58.759 | INFO     | N/A | ⏳ 等待 Profile 更新任务...
2026-07-23 13:05:03.785 | INFO     | N/A | ⏳ 等待 Profile 更新任务...
2026-07-23 13:05:08.808 | INFO     | N/A | ⏳ 等待 Profile 更新任务...
2026-07-23 13:05:13.859 | INFO     | N/A | ⏳ 等待 Profile 更新任务...
2026-07-23 13:05:18.887 | INFO     | N/A | ⏳ 等待 Profile 更新任务...
2026-07-23 13:05:23.915 | INFO     | N/A | ⏳ 等待 Profile 更新任务...
2026-07-23 13:05:28.940 | INFO     | N/A | ⏳ 等待 Profile 更新任务...
2026-07-23 13:05:33.966 | INFO     | N/A | ⏳ 等待 Profile 更新任务...
2026-07-23 13:05:38.990 | INFO     | N/A | ⏳ 等待 Profile 更新任务...
2026-07-23 13:05:44.021 | INFO     | N/A | ⏳ 等待 Profile 更新任务...
2026-07-23 13:05:49.048 | INFO     | N/A | ⏳ 等待 Profile 更新任务...
2026-07-23 13:05:54.074 | INFO     | N/A | ⏳ 等待 Profile 更新任务...
2026-07-23 13:05:59.099 | INFO     | N/A | ⏳ 等待 Profile 更新任务...
2026-07-23 13:06:04.125 | INFO     | N/A | ⏳ 等待 Profile 更新任务...
2026-07-23 13:06:09.153 | INFO     | N/A | ⏳ 等待 Profile 更新任务...
2026-07-23 13:06:14.184 | INFO     | N/A | ⏳ 等待 Profile 更新任务...
2026-07-23 13:06:19.211 | INFO     | N/A | ⏳ 等待 Profile 更新任务...
2026-07-23 13:06:24.238 | INFO     | N/A | ⏳ 等待 Profile 更新任务...
2026-07-23 13:06:29.265 | INFO     | N/A | ⏳ 等待 Profile 更新任务...
2026-07-23 13:06:34.292 | INFO     | N/A | ⏳ 等待 Profile 更新任务...
2026-07-23 13:06:39.318 | INFO     | N/A | ⏳ 等待 Profile 更新任务...
2026-07-23 13:06:44.349 | INFO     | N/A | ⏳ 等待 Profile 更新任务...
2026-07-23 13:06:49.377 | INFO     | N/A | ⏳ 等待 Profile 更新任务...
2026-07-23 13:06:54.402 | INFO     | N/A | ⏳ 等待 Profile 更新任务...
2026-07-23 13:06:59.427 | INFO     | N/A | ⏳ 等待 Profile 更新任务...
2026-07-23 13:07:04.452 | INFO     | N/A | ⏳ 等待 Profile 更新任务...
2026-07-23 13:07:09.485 | INFO     | N/A | ⏳ 等待 Profile 更新任务...
2026-07-23 13:07:14.509 | INFO     | N/A | ⏳ 等待 Profile 更新任务...
2026-07-23 13:07:19.545 | INFO     | N/A | ⏳ 等待 Profile 更新任务...
2026-07-23 13:07:24.571 | INFO     | N/A | ⏳ 等待 Profile 更新任务...
2026-07-23 13:07:29.599 | INFO     | N/A | ⏳ 等待 Profile 更新任务...
2026-07-23 13:07:34.623 | INFO     | N/A | ⏳ 等待 Profile 更新任务...
2026-07-23 13:07:39.648 | INFO     | N/A | ⏳ 等待 Profile 更新任务...
2026-07-23 13:07:44.683 | INFO     | N/A | ⏳ 等待 Profile 更新任务...
2026-07-23 13:07:49.712 | INFO     | N/A | ⏳ 等待 Profile 更新任务...
2026-07-23 13:07:54.737 | INFO     | N/A | ⏳ 等待 Profile 更新任务...
2026-07-23 13:07:59.761 | INFO     | N/A | ⏳ 等待 Profile 更新任务...
2026-07-23 13:08:04.787 | INFO     | N/A | ⏳ 等待 Profile 更新任务...
2026-07-23 13:08:09.813 | INFO     | N/A | ⏳ 等待 Profile 更新任务...
2026-07-23 13:08:14.847 | INFO     | N/A | ⏳ 等待 Profile 更新任务...
2026-07-23 13:08:19.873 | INFO     | N/A | ⏳ 等待 Profile 更新任务...
2026-07-23 13:08:24.900 | INFO     | N/A | ⏳ 等待 Profile 更新任务...
2026-07-23 13:08:29.928 | INFO     | N/A | ⏳ 等待 Profile 更新任务...
2026-07-23 13:08:34.952 | INFO     | N/A | ⏳ 等待 Profile 更新任务...
2026-07-23 13:08:39.975 | INFO     | N/A | ⏳ 等待 Profile 更新任务...
2026-07-23 13:08:45.007 | INFO     | N/A | ⏳ 等待 Profile 更新任务...
2026-07-23 13:08:50.034 | INFO     | N/A | ⏳ 等待 Profile 更新任务...
2026-07-23 13:08:55.058 | INFO     | N/A | ⏳ 等待 Profile 更新任务...
2026-07-23 13:09:00.086 | INFO     | N/A | ⏳ 等待 Profile 更新任务...
2026-07-23 13:09:05.111 | INFO     | N/A | ⏳ 等待 Profile 更新任务...
2026-07-23 13:09:10.134 | INFO     | N/A | ⏳ 等待 Profile 更新任务...
2026-07-23 13:09:15.165 | INFO     | N/A | ⏳ 等待 Profile 更新任务...
2026-07-23 13:09:20.190 | INFO     | N/A | ⏳ 等待 Profile 更新任务...
2026-07-23 13:09:25.217 | INFO     | N/A | ⏳ 等待 Profile 更新任务...
2026-07-23 13:09:30.245 | INFO     | N/A | ⏳ 等待 Profile 更新任务...
2026-07-23 13:09:35.269 | INFO     | N/A | ⏳ 等待 Profile 更新任务...
2026-07-23 13:09:40.293 | INFO     | N/A | ⏳ 等待 Profile 更新任务...
2026-07-23 13:09:45.328 | INFO     | N/A | ⏳ 等待 Profile 更新任务...
2026-07-23 13:09:50.355 | INFO     | N/A | ⏳ 等待 Profile 更新任务...
2026-07-23 13:09:55.381 | INFO     | N/A | ⏳ 等待 Profile 更新任务...
2026-07-23 13:10:00.409 | INFO     | N/A | ⏳ 等待 Profile 更新任务...
2026-07-23 13:10:05.432 | INFO     | N/A | ⏳ 等待 Profile 更新任务...
2026-07-23 13:10:10.458 | INFO     | N/A | ⏳ 等待 Profile 更新任务...
2026-07-23 13:10:15.491 | INFO     | N/A | ⏳ 等待 Profile 更新任务...
2026-07-23 13:10:20.516 | INFO     | N/A | ⏳ 等待 Profile 更新任务...
2026-07-23 13:10:25.542 | INFO     | N/A | ⏳ 等待 Profile 更新任务...
2026-07-23 13:10:30.565 | INFO     | N/A | ⏳ 等待 Profile 更新任务...
2026-07-23 13:10:35.592 | INFO     | N/A | ⏳ 等待 Profile 更新任务...
2026-07-23 13:10:40.616 | INFO     | N/A | ⏳ 等待 Profile 更新任务...
2026-07-23 13:10:45.652 | INFO     | N/A | ⏳ 等待 Profile 更新任务...
2026-07-23 13:10:50.679 | INFO     | N/A | ⏳ 等待 Profile 更新任务...
2026-07-23 13:10:55.707 | INFO     | N/A | ⏳ 等待 Profile 更新任务...
2026-07-23 13:11:00.731 | INFO     | N/A | ⏳ 等待 Profile 更新任务...
2026-07-23 13:11:05.758 | INFO     | N/A | ⏳ 等待 Profile 更新任务...
2026-07-23 13:11:10.783 | INFO     | N/A | ⏳ 等待 Profile 更新任务...
2026-07-23 13:11:15.818 | INFO     | N/A | ⏳ 等待 Profile 更新任务...
2026-07-23 13:11:20.844 | INFO     | N/A | ⏳ 等待 Profile 更新任务...
2026-07-23 13:11:25.872 | INFO     | N/A | ⏳ 等待 Profile 更新任务...
2026-07-23 13:11:30.899 | INFO     | N/A | ⏳ 等待 Profile 更新任务...
2026-07-23 13:11:35.926 | INFO     | N/A | ⏳ 等待 Profile 更新任务...
2026-07-23 13:11:40.950 | INFO     | N/A | ⏳ 等待 Profile 更新任务...
2026-07-23 13:11:45.986 | INFO     | N/A | ⏳ 等待 Profile 更新任务...
2026-07-23 13:11:51.015 | INFO     | N/A | ⏳ 等待 Profile 更新任务...
2026-07-23 13:11:56.040 | INFO     | N/A | ⏳ 等待 Profile 更新任务...
2026-07-23 13:12:01.066 | INFO     | N/A | ⏳ 等待 Profile 更新任务...
2026-07-23 13:12:06.095 | INFO     | N/A | ⏳ 等待 Profile 更新任务...
2026-07-23 13:12:11.119 | INFO     | N/A | ⏳ 等待 Profile 更新任务...
2026-07-23 13:12:16.155 | INFO     | N/A | ⏳ 等待 Profile 更新任务...
2026-07-23 13:12:21.182 | INFO     | N/A | ⏳ 等待 Profile 更新任务...
2026-07-23 13:12:26.206 | INFO     | N/A | ⏳ 等待 Profile 更新任务...
2026-07-23 13:12:31.231 | INFO     | N/A | ⏳ 等待 Profile 更新任务...
2026-07-23 13:12:36.258 | INFO     | N/A | ⏳ 等待 Profile 更新任务...
2026-07-23 13:12:41.283 | INFO     | N/A | ⏳ 等待 Profile 更新任务...
2026-07-23 13:12:46.319 | INFO     | N/A | ⏳ 等待 Profile 更新任务...
2026-07-23 13:12:51.350 | INFO     | N/A | ⏳ 等待 Profile 更新任务...
2026-07-23 13:12:56.375 | INFO     | N/A | ⏳ 等待 Profile 更新任务...
2026-07-23 13:13:01.399 | INFO     | N/A | ⏳ 等待 Profile 更新任务...
2026-07-23 13:13:06.424 | INFO     | N/A | ⏳ 等待 Profile 更新任务...
2026-07-23 13:13:11.455 | INFO     | N/A | ⏳ 等待 Profile 更新任务...
2026-07-23 13:13:16.490 | INFO     | N/A | ⏳ 等待 Profile 更新任务...
2026-07-23 13:13:21.517 | INFO     | N/A | ⏳ 等待 Profile 更新任务...
2026-07-23 13:13:26.542 | INFO     | N/A | ⏳ 等待 Profile 更新任务...
2026-07-23 13:13:31.564 | INFO     | N/A | ⏳ 等待 Profile 更新任务...
2026-07-23 13:13:36.592 | INFO     | N/A | ⏳ 等待 Profile 更新任务...
2026-07-23 13:13:41.616 | INFO     | N/A | ⏳ 等待 Profile 更新任务...
2026-07-23 13:13:46.650 | INFO     | N/A | ⏳ 等待 Profile 更新任务...
2026-07-23 13:13:51.678 | INFO     | N/A | ⏳ 等待 Profile 更新任务...
2026-07-23 13:13:56.703 | INFO     | N/A | ⏳ 等待 Profile 更新任务...
2026-07-23 13:14:01.730 | INFO     | N/A | ⏳ 等待 Profile 更新任务...
2026-07-23 13:14:06.755 | INFO     | N/A | ⏳ 等待 Profile 更新任务...
2026-07-23 13:14:11.779 | INFO     | N/A | ⏳ 等待 Profile 更新任务...
2026-07-23 13:14:16.817 | INFO     | N/A | ⏳ 等待 Profile 更新任务...
2026-07-23 13:14:21.843 | INFO     | N/A | ⏳ 等待 Profile 更新任务...
2026-07-23 13:14:26.870 | INFO     | N/A | ⏳ 等待 Profile 更新任务...
2026-07-23 13:14:31.895 | INFO     | N/A | ⏳ 等待 Profile 更新任务...
2026-07-23 13:14:36.919 | INFO     | N/A | ⏳ 等待 Profile 更新任务...
2026-07-23 13:14:41.942 | INFO     | N/A | ⏳ 等待 Profile 更新任务...
2026-07-23 13:14:46.977 | INFO     | N/A | ⏳ 等待 Profile 更新任务...
2026-07-23 13:14:52.003 | INFO     | N/A | ⏳ 等待 Profile 更新任务...
2026-07-23 13:14:57.030 | INFO     | N/A | ⏳ 等待 Profile 更新任务...
2026-07-23 13:15:02.057 | INFO     | N/A | ⏳ 等待 Profile 更新任务...
2026-07-23 13:15:07.082 | INFO     | N/A | ⏳ 等待 Profile 更新任务...
2026-07-23 13:15:12.107 | INFO     | N/A | ⏳ 等待 Profile 更新任务...
2026-07-23 13:15:17.141 | INFO     | N/A | ⏳ 等待 Profile 更新任务...
2026-07-23 13:15:22.168 | INFO     | N/A | ⏳ 等待 Profile 更新任务...
2026-07-23 13:15:27.193 | INFO     | N/A | ⏳ 等待 Profile 更新任务...
2026-07-23 13:15:32.217 | INFO     | N/A | ⏳ 等待 Profile 更新任务...
2026-07-23 13:15:37.244 | INFO     | N/A | ⏳ 等待 Profile 更新任务...
2026-07-23 13:15:42.269 | INFO     | N/A | ⏳ 等待 Profile 更新任务...
2026-07-23 13:15:47.302 | INFO     | N/A | ⏳ 等待 Profile 更新任务...
2026-07-23 13:15:52.326 | INFO     | N/A | ⏳ 等待 Profile 更新任务...
2026-07-23 13:15:57.352 | INFO     | N/A | ⏳ 等待 Profile 更新任务...
2026-07-23 13:16:02.377 | INFO     | N/A | ⏳ 等待 Profile 更新任务...
2026-07-23 13:16:07.404 | INFO     | N/A | ⏳ 等待 Profile 更新任务...
2026-07-23 13:16:12.429 | INFO     | N/A | ⏳ 等待 Profile 更新任务...
2026-07-23 13:16:17.465 | INFO     | N/A | ⏳ 等待 Profile 更新任务...
2026-07-23 13:16:22.488 | INFO     | N/A | ⏳ 等待 Profile 更新任务...
2026-07-23 13:16:27.514 | INFO     | N/A | ⏳ 等待 Profile 更新任务...
2026-07-23 13:16:32.539 | INFO     | N/A | ⏳ 等待 Profile 更新任务...
2026-07-23 13:16:37.562 | INFO     | N/A | ⏳ 等待 Profile 更新任务...
2026-07-23 13:16:42.589 | INFO     | N/A | ⏳ 等待 Profile 更新任务...
2026-07-23 13:16:47.623 | INFO     | N/A | ⏳ 等待 Profile 更新任务...
2026-07-23 13:16:52.651 | INFO     | N/A | ⏳ 等待 Profile 更新任务...
2026-07-23 13:16:57.677 | INFO     | N/A | ⏳ 等待 Profile 更新任务...
2026-07-23 13:17:02.711 | INFO     | N/A | ⏳ 等待 Profile 更新任务...
2026-07-23 13:17:07.736 | INFO     | N/A | ⏳ 等待 Profile 更新任务...
2026-07-23 13:17:12.763 | INFO     | N/A | ⏳ 等待 Profile 更新任务...
2026-07-23 13:17:17.796 | INFO     | N/A | ⏳ 等待 Profile 更新任务...
2026-07-23 13:17:22.822 | INFO     | N/A | ⏳ 等待 Profile 更新任务...
2026-07-23 13:17:27.847 | INFO     | N/A | ⏳ 等待 Profile 更新任务...
2026-07-23 13:17:32.872 | INFO     | N/A | ⏳ 等待 Profile 更新任务...
2026-07-23 13:17:37.897 | INFO     | N/A | ⏳ 等待 Profile 更新任务...
2026-07-23 13:17:42.924 | INFO     | N/A | ⏳ 等待 Profile 更新任务...
2026-07-23 13:17:47.956 | INFO     | N/A | ⏳ 等待 Profile 更新任务...
2026-07-23 13:17:52.981 | INFO     | N/A | ⏳ 等待 Profile 更新任务...
2026-07-23 13:17:58.005 | INFO     | N/A | ⏳ 等待 Profile 更新任务...
2026-07-23 13:18:03.030 | INFO     | N/A | ⏳ 等待 Profile 更新任务...
2026-07-23 13:18:08.055 | INFO     | N/A | ⏳ 等待 Profile 更新任务...
2026-07-23 13:18:13.082 | INFO     | N/A | ⏳ 等待 Profile 更新任务...
2026-07-23 13:18:18.116 | INFO     | N/A | ⏳ 等待 Profile 更新任务...
2026-07-23 13:18:23.140 | INFO     | N/A | ⏳ 等待 Profile 更新任务...
2026-07-23 13:18:28.164 | INFO     | N/A | ⏳ 等待 Profile 更新任务...
2026-07-23 13:18:33.189 | INFO     | N/A | ⏳ 等待 Profile 更新任务...
2026-07-23 13:18:38.215 | INFO     | N/A | ⏳ 等待 Profile 更新任务...
2026-07-23 13:18:43.243 | INFO     | N/A | ⏳ 等待 Profile 更新任务...
2026-07-23 13:18:48.280 | INFO     | N/A | ⏳ 等待 Profile 更新任务...
2026-07-23 13:18:53.305 | INFO     | N/A | ⏳ 等待 Profile 更新任务...
2026-07-23 13:18:58.329 | INFO     | N/A | ⏳ 等待 Profile 更新任务...
2026-07-23 13:19:03.354 | INFO     | N/A | ⏳ 等待 Profile 更新任务...
2026-07-23 13:19:08.378 | INFO     | N/A | ⏳ 等待 Profile 更新任务...
2026-07-23 13:19:13.402 | INFO     | N/A | ⏳ 等待 Profile 更新任务...
2026-07-23 13:19:18.436 | INFO     | N/A | ⏳ 等待 Profile 更新任务...
2026-07-23 13:19:23.475 | INFO     | N/A | ⏳ 等待 Profile 更新任务...
2026-07-23 13:19:28.498 | INFO     | N/A | ⏳ 等待 Profile 更新任务...
2026-07-23 13:19:33.555 | INFO     | N/A | ⏳ 等待 Profile 更新任务...
2026-07-23 13:19:38.578 | INFO     | N/A | ⏳ 等待 Profile 更新任务...
2026-07-23 13:19:43.603 | INFO     | N/A | ⏳ 等待 Profile 更新任务...
2026-07-23 13:19:48.639 | INFO     | N/A | ⏳ 等待 Profile 更新任务...
2026-07-23 13:19:53.664 | INFO     | N/A | ⏳ 等待 Profile 更新任务...
2026-07-23 13:19:58.689 | INFO     | N/A | ⏳ 等待 Profile 更新任务...
2026-07-23 13:20:03.715 | INFO     | N/A | ⏳ 等待 Profile 更新任务...
2026-07-23 13:20:08.739 | INFO     | N/A | ⏳ 等待 Profile 更新任务...
2026-07-23 13:20:13.763 | INFO     | N/A | ⏳ 等待 Profile 更新任务...
2026-07-23 13:20:18.800 | INFO     | N/A | ⏳ 等待 Profile 更新任务...
2026-07-23 13:20:23.825 | INFO     | N/A | ⏳ 等待 Profile 更新任务...
2026-07-23 13:20:28.848 | INFO     | N/A | ⏳ 等待 Profile 更新任务...
2026-07-23 13:20:33.875 | INFO     | N/A | ⏳ 等待 Profile 更新任务...
2026-07-23 13:20:38.900 | INFO     | N/A | ⏳ 等待 Profile 更新任务...
2026-07-23 13:20:43.926 | INFO     | N/A | ⏳ 等待 Profile 更新任务...
2026-07-23 13:20:48.961 | INFO     | N/A | ⏳ 等待 Profile 更新任务...
2026-07-23 13:20:53.988 | INFO     | N/A | ⏳ 等待 Profile 更新任务...
2026-07-23 13:20:59.013 | INFO     | N/A | ⏳ 等待 Profile 更新任务...
2026-07-23 13:21:04.036 | INFO     | N/A | ⏳ 等待 Profile 更新任务...
2026-07-23 13:21:09.061 | INFO     | N/A | ⏳ 等待 Profile 更新任务...
2026-07-23 13:21:14.086 | INFO     | N/A | ⏳ 等待 Profile 更新任务...
2026-07-23 13:21:19.123 | INFO     | N/A | ⏳ 等待 Profile 更新任务...
2026-07-23 13:21:24.151 | INFO     | N/A | ⏳ 等待 Profile 更新任务...
2026-07-23 13:21:29.180 | INFO     | N/A | ⏳ 等待 Profile 更新任务...
2026-07-23 13:21:34.205 | INFO     | N/A | ⏳ 等待 Profile 更新任务...
2026-07-23 13:21:39.230 | INFO     | N/A | ⏳ 等待 Profile 更新任务...
2026-07-23 13:21:44.254 | INFO     | N/A | ⏳ 等待 Profile 更新任务...
2026-07-23 13:21:49.288 | INFO     | N/A | ⏳ 等待 Profile 更新任务...
2026-07-23 13:21:54.313 | INFO     | N/A | ⏳ 等待 Profile 更新任务...
2026-07-23 13:21:59.337 | INFO     | N/A | ⏳ 等待 Profile 更新任务...
2026-07-23 13:22:04.362 | INFO     | N/A | ⏳ 等待 Profile 更新任务...
2026-07-23 13:22:09.390 | INFO     | N/A | ⏳ 等待 Profile 更新任务...
2026-07-23 13:22:14.417 | INFO     | N/A | ⏳ 等待 Profile 更新任务...
2026-07-23 13:22:19.451 | INFO     | N/A | ⏳ 等待 Profile 更新任务...
2026-07-23 13:22:24.476 | INFO     | N/A | ⏳ 等待 Profile 更新任务...
2026-07-23 13:22:29.501 | INFO     | N/A | ⏳ 等待 Profile 更新任务...
2026-07-23 13:22:34.526 | INFO     | N/A | ⏳ 等待 Profile 更新任务...
2026-07-23 13:22:39.550 | INFO     | N/A | ⏳ 等待 Profile 更新任务...
2026-07-23 13:22:44.575 | INFO     | N/A | ⏳ 等待 Profile 更新任务...
2026-07-23 13:22:49.609 | INFO     | N/A | ⏳ 等待 Profile 更新任务...
2026-07-23 13:22:54.636 | INFO     | N/A | ⏳ 等待 Profile 更新任务...
2026-07-23 13:22:59.662 | INFO     | N/A | ⏳ 等待 Profile 更新任务...
2026-07-23 13:23:04.687 | INFO     | N/A | ⏳ 等待 Profile 更新任务...
2026-07-23 13:23:09.712 | INFO     | N/A | ⏳ 等待 Profile 更新任务...
2026-07-23 13:23:14.736 | INFO     | N/A | ⏳ 等待 Profile 更新任务...
2026-07-23 13:23:19.771 | INFO     | N/A | ⏳ 等待 Profile 更新任务...
2026-07-23 13:23:24.797 | INFO     | N/A | ⏳ 等待 Profile 更新任务...
2026-07-23 13:23:29.821 | INFO     | N/A | ⏳ 等待 Profile 更新任务...
2026-07-23 13:23:34.848 | INFO     | N/A | ⏳ 等待 Profile 更新任务...
2026-07-23 13:23:39.873 | INFO     | N/A | ⏳ 等待 Profile 更新任务...
2026-07-23 13:23:44.896 | INFO     | N/A | ⏳ 等待 Profile 更新任务...
2026-07-23 13:23:49.932 | INFO     | N/A | ⏳ 等待 Profile 更新任务...
2026-07-23 13:23:54.958 | INFO     | N/A | ⏳ 等待 Profile 更新任务...
2026-07-23 13:23:59.983 | INFO     | N/A | ⏳ 等待 Profile 更新任务...
2026-07-23 13:24:05.007 | INFO     | N/A | ⏳ 等待 Profile 更新任务...
2026-07-23 13:24:10.032 | INFO     | N/A | ⏳ 等待 Profile 更新任务...
2026-07-23 13:24:15.055 | INFO     | N/A | ⏳ 等待 Profile 更新任务...
2026-07-23 13:24:20.090 | INFO     | N/A | ⏳ 等待 Profile 更新任务...
2026-07-23 13:24:25.117 | INFO     | N/A | ⏳ 等待 Profile 更新任务...
2026-07-23 13:24:30.141 | INFO     | N/A | ⏳ 等待 Profile 更新任务...
2026-07-23 13:24:35.175 | INFO     | N/A | ⏳ 等待 Profile 更新任务...
2026-07-23 13:24:40.199 | INFO     | N/A | ⏳ 等待 Profile 更新任务...
2026-07-23 13:24:45.226 | INFO     | N/A | ⏳ 等待 Profile 更新任务...
2026-07-23 13:24:50.260 | INFO     | N/A | ⏳ 等待 Profile 更新任务...
2026-07-23 13:24:55.285 | INFO     | N/A | ⏳ 等待 Profile 更新任务...
2026-07-23 13:25:00.309 | INFO     | N/A | ⏳ 等待 Profile 更新任务...
2026-07-23 13:25:05.335 | INFO     | N/A | ⏳ 等待 Profile 更新任务...
2026-07-23 13:25:10.361 | INFO     | N/A | ⏳ 等待 Profile 更新任务...
2026-07-23 13:25:15.383 | INFO     | N/A | ⏳ 等待 Profile 更新任务...
2026-07-23 13:25:20.418 | INFO     | N/A | ⏳ 等待 Profile 更新任务...
2026-07-23 13:25:25.444 | INFO     | N/A | ⏳ 等待 Profile 更新任务...
2026-07-23 13:25:30.470 | INFO     | N/A | ⏳ 等待 Profile 更新任务...
2026-07-23 13:25:35.494 | INFO     | N/A | ⏳ 等待 Profile 更新任务...
2026-07-23 13:25:40.516 | INFO     | N/A | ⏳ 等待 Profile 更新任务...
2026-07-23 13:25:45.541 | INFO     | N/A | ⏳ 等待 Profile 更新任务...
2026-07-23 13:25:50.576 | INFO     | N/A | ⏳ 等待 Profile 更新任务...
2026-07-23 13:25:55.599 | INFO     | N/A | ⏳ 等待 Profile 更新任务...
2026-07-23 13:26:00.624 | INFO     | N/A | ⏳ 等待 Profile 更新任务...
2026-07-23 13:26:05.648 | INFO     | N/A | ⏳ 等待 Profile 更新任务...
2026-07-23 13:26:10.676 | INFO     | N/A | ⏳ 等待 Profile 更新任务...
2026-07-23 13:26:15.702 | INFO     | N/A | ⏳ 等待 Profile 更新任务...
2026-07-23 13:26:20.738 | INFO     | N/A | ⏳ 等待 Profile 更新任务...
2026-07-23 13:26:25.763 | INFO     | N/A | ⏳ 等待 Profile 更新任务...
2026-07-23 13:26:30.788 | INFO     | N/A | ⏳ 等待 Profile 更新任务...
2026-07-23 13:26:35.813 | INFO     | N/A | ⏳ 等待 Profile 更新任务...
2026-07-23 13:26:40.841 | INFO     | N/A | ⏳ 等待 Profile 更新任务...
2026-07-23 13:26:45.866 | INFO     | N/A | ⏳ 等待 Profile 更新任务...
2026-07-23 13:26:50.900 | INFO     | N/A | ⏳ 等待 Profile 更新任务...
2026-07-23 13:26:55.926 | INFO     | N/A | ⏳ 等待 Profile 更新任务...
2026-07-23 13:27:00.952 | INFO     | N/A | ⏳ 等待 Profile 更新任务...
2026-07-23 13:27:05.982 | INFO     | N/A | ⏳ 等待 Profile 更新任务...
2026-07-23 13:27:11.008 | INFO     | N/A | ⏳ 等待 Profile 更新任务...
2026-07-23 13:27:16.033 | INFO     | N/A | ⏳ 等待 Profile 更新任务...
2026-07-23 13:27:21.071 | INFO     | N/A | ⏳ 等待 Profile 更新任务...
2026-07-23 13:27:26.096 | INFO     | N/A | ⏳ 等待 Profile 更新任务...
2026-07-23 13:27:31.119 | INFO     | N/A | ⏳ 等待 Profile 更新任务...
2026-07-23 13:27:36.145 | INFO     | N/A | ⏳ 等待 Profile 更新任务...
2026-07-23 13:27:41.174 | INFO     | N/A | ⏳ 等待 Profile 更新任务...
2026-07-23 13:27:46.199 | INFO     | N/A | ⏳ 等待 Profile 更新任务...
2026-07-23 13:27:51.236 | INFO     | N/A | ⏳ 等待 Profile 更新任务...
2026-07-23 13:27:56.261 | INFO     | N/A | ⏳ 等待 Profile 更新任务...
2026-07-23 13:28:01.285 | INFO     | N/A | ⏳ 等待 Profile 更新任务...
2026-07-23 13:28:06.310 | INFO     | N/A | ⏳ 等待 Profile 更新任务...
2026-07-23 13:28:11.334 | INFO     | N/A | ⏳ 等待 Profile 更新任务...
2026-07-23 13:28:16.357 | INFO     | N/A | ⏳ 等待 Profile 更新任务...
2026-07-23 13:28:21.395 | INFO     | N/A | ⏳ 等待 Profile 更新任务...
2026-07-23 13:28:26.420 | INFO     | N/A | ⏳ 等待 Profile 更新任务...
2026-07-23 13:28:31.445 | INFO     | N/A | ⏳ 等待 Profile 更新任务...
2026-07-23 13:28:36.472 | INFO     | N/A | ⏳ 等待 Profile 更新任务...
2026-07-23 13:28:41.497 | INFO     | N/A | ⏳ 等待 Profile 更新任务...
2026-07-23 13:28:46.522 | INFO     | N/A | ⏳ 等待 Profile 更新任务...
2026-07-23 13:28:51.558 | INFO     | N/A | ⏳ 等待 Profile 更新任务...
2026-07-23 13:28:56.585 | INFO     | N/A | ⏳ 等待 Profile 更新任务...
2026-07-23 13:29:01.611 | INFO     | N/A | ⏳ 等待 Profile 更新任务...
2026-07-23 13:29:06.635 | INFO     | N/A | ⏳ 等待 Profile 更新任务...
2026-07-23 13:29:11.660 | INFO     | N/A | ⏳ 等待 Profile 更新任务...
2026-07-23 13:29:16.685 | INFO     | N/A | ⏳ 等待 Profile 更新任务...
2026-07-23 13:29:21.723 | INFO     | N/A | ⏳ 等待 Profile 更新任务...
2026-07-23 13:29:26.748 | INFO     | N/A | ⏳ 等待 Profile 更新任务...
2026-07-23 13:29:31.771 | INFO     | N/A | ⏳ 等待 Profile 更新任务...
2026-07-23 13:29:36.795 | INFO     | N/A | ⏳ 等待 Profile 更新任务...
2026-07-23 13:29:41.819 | INFO     | N/A | ⏳ 等待 Profile 更新任务...
2026-07-23 13:29:46.843 | INFO     | N/A | ⏳ 等待 Profile 更新任务...
2026-07-23 13:29:51.880 | INFO     | N/A | ⏳ 等待 Profile 更新任务...
2026-07-23 13:29:56.904 | INFO     | N/A | ⏳ 等待 Profile 更新任务...
2026-07-23 13:30:01.930 | INFO     | N/A | ⏳ 等待 Profile 更新任务...
2026-07-23 13:30:06.955 | INFO     | N/A | ⏳ 等待 Profile 更新任务...
2026-07-23 13:30:11.979 | INFO     | N/A | ⏳ 等待 Profile 更新任务...
2026-07-23 13:30:17.003 | INFO     | N/A | ⏳ 等待 Profile 更新任务...
2026-07-23 13:30:22.041 | INFO     | N/A | ⏳ 等待 Profile 更新任务...
2026-07-23 13:30:27.067 | INFO     | N/A | ⏳ 等待 Profile 更新任务...
2026-07-23 13:30:32.093 | INFO     | N/A | ⏳ 等待 Profile 更新任务...
2026-07-23 13:30:37.120 | INFO     | N/A | ⏳ 等待 Profile 更新任务...
2026-07-23 13:30:42.146 | INFO     | N/A | ⏳ 等待 Profile 更新任务...
2026-07-23 13:30:47.171 | INFO     | N/A | ⏳ 等待 Profile 更新任务...
2026-07-23 13:30:52.206 | INFO     | N/A | ⏳ 等待 Profile 更新任务...
2026-07-23 13:30:57.233 | INFO     | N/A | ⏳ 等待 Profile 更新任务...
2026-07-23 13:31:02.258 | INFO     | N/A | ⏳ 等待 Profile 更新任务...
2026-07-23 13:31:07.282 | INFO     | N/A | ⏳ 等待 Profile 更新任务...
2026-07-23 13:31:12.306 | INFO     | N/A | ⏳ 等待 Profile 更新任务...
2026-07-23 13:31:17.311 | INFO     | N/A | ⏳ 等待 Profile 更新任务...
2026-07-23 13:31:22.366 | INFO     | N/A | ⏳ 等待 Profile 更新任务...
2026-07-23 13:31:27.392 | INFO     | N/A | ⏳ 等待 Profile 更新任务...
2026-07-23 13:31:32.419 | INFO     | N/A | ⏳ 等待 Profile 更新任务...
2026-07-23 13:31:37.445 | INFO     | N/A | ⏳ 等待 Profile 更新任务...
2026-07-23 13:31:42.471 | INFO     | N/A | ⏳ 等待 Profile 更新任务...
2026-07-23 13:31:47.521 | INFO     | N/A | ⏳ 等待 Profile 更新任务...
2026-07-23 13:31:52.554 | INFO     | N/A | ⏳ 等待 Profile 更新任务...
2026-07-23 13:31:57.581 | INFO     | N/A | ⏳ 等待 Profile 更新任务...
2026-07-23 13:32:02.606 | INFO     | N/A | ⏳ 等待 Profile 更新任务...
2026-07-23 13:32:07.631 | INFO     | N/A | ⏳ 等待 Profile 更新任务...
2026-07-23 13:32:12.656 | INFO     | N/A | ⏳ 等待 Profile 更新任务...
2026-07-23 13:32:17.683 | INFO     | N/A | ⏳ 等待 Profile 更新任务...
2026-07-23 13:32:22.719 | INFO     | N/A | ⏳ 等待 Profile 更新任务...
2026-07-23 13:32:27.744 | INFO     | N/A | ⏳ 等待 Profile 更新任务...
2026-07-23 13:32:32.769 | INFO     | N/A | ⏳ 等待 Profile 更新任务...
2026-07-23 13:32:37.793 | INFO     | N/A | ⏳ 等待 Profile 更新任务...
2026-07-23 13:32:42.820 | INFO     | N/A | ⏳ 等待 Profile 更新任务...
2026-07-23 13:32:47.845 | INFO     | N/A | ⏳ 等待 Profile 更新任务...
2026-07-23 13:32:52.881 | INFO     | N/A | ⏳ 等待 Profile 更新任务...
2026-07-23 13:32:57.905 | INFO     | N/A | ⏳ 等待 Profile 更新任务...
2026-07-23 13:33:02.930 | INFO     | N/A | ⏳ 等待 Profile 更新任务...
2026-07-23 13:33:07.956 | INFO     | N/A | ⏳ 等待 Profile 更新任务...
2026-07-23 13:33:12.981 | INFO     | N/A | ⏳ 等待 Profile 更新任务...
2026-07-23 13:33:18.007 | INFO     | N/A | ⏳ 等待 Profile 更新任务...
2026-07-23 13:33:23.039 | INFO     | N/A | ⏳ 等待 Profile 更新任务...
2026-07-23 13:33:28.063 | INFO     | N/A | ⏳ 等待 Profile 更新任务...
2026-07-23 13:33:33.088 | INFO     | N/A | ⏳ 等待 Profile 更新任务...
2026-07-23 13:33:38.113 | INFO     | N/A | ⏳ 等待 Profile 更新任务...
2026-07-23 13:33:43.139 | INFO     | N/A | ⏳ 等待 Profile 更新任务...
2026-07-23 13:33:48.165 | INFO     | N/A | ⏳ 等待 Profile 更新任务...
2026-07-23 13:33:53.199 | INFO     | N/A | ⏳ 等待 Profile 更新任务...
2026-07-23 13:33:58.225 | INFO     | N/A | ⏳ 等待 Profile 更新任务...
2026-07-23 13:34:03.249 | INFO     | N/A | ⏳ 等待 Profile 更新任务...
2026-07-23 13:34:08.275 | INFO     | N/A | ⏳ 等待 Profile 更新任务...
2026-07-23 13:34:13.302 | INFO     | N/A | ⏳ 等待 Profile 更新任务...
2026-07-23 13:34:18.307 | INFO     | N/A | ⏳ 等待 Profile 更新任务...
2026-07-23 13:34:23.362 | INFO     | N/A | ⏳ 等待 Profile 更新任务...
2026-07-23 13:34:28.388 | INFO     | N/A | ⏳ 等待 Profile 更新任务...
2026-07-23 13:34:33.412 | INFO     | N/A | ⏳ 等待 Profile 更新任务...
2026-07-23 13:34:38.441 | INFO     | N/A | ⏳ 等待 Profile 更新任务...
2026-07-23 13:34:43.465 | INFO     | N/A | ⏳ 等待 Profile 更新任务...
2026-07-23 13:34:48.494 | INFO     | N/A | ⏳ 等待 Profile 更新任务...
2026-07-23 13:34:53.523 | INFO     | N/A | ⏳ 等待 Profile 更新任务...
2026-07-23 13:34:58.548 | INFO     | N/A | ⏳ 等待 Profile 更新任务...
2026-07-23 13:35:03.575 | INFO     | N/A | ⏳ 等待 Profile 更新任务...
2026-07-23 13:35:08.600 | INFO     | N/A | ⏳ 等待 Profile 更新任务...
2026-07-23 13:35:13.624 | INFO     | N/A | ⏳ 等待 Profile 更新任务...
2026-07-23 13:35:18.649 | INFO     | N/A | ⏳ 等待 Profile 更新任务...
2026-07-23 13:35:23.685 | INFO     | N/A | ⏳ 等待 Profile 更新任务...
2026-07-23 13:35:28.711 | INFO     | N/A | ⏳ 等待 Profile 更新任务...
2026-07-23 13:35:33.736 | INFO     | N/A | ⏳ 等待 Profile 更新任务...
2026-07-23 13:35:38.761 | INFO     | N/A | ⏳ 等待 Profile 更新任务...
2026-07-23 13:35:43.786 | INFO     | N/A | ⏳ 等待 Profile 更新任务...
2026-07-23 13:35:48.809 | INFO     | N/A | ⏳ 等待 Profile 更新任务...
2026-07-23 13:35:53.844 | INFO     | N/A | ⏳ 等待 Profile 更新任务...
2026-07-23 13:35:58.869 | INFO     | N/A | ⏳ 等待 Profile 更新任务...
2026-07-23 13:36:03.894 | INFO     | N/A | ⏳ 等待 Profile 更新任务...
2026-07-23 13:36:08.920 | INFO     | N/A | ⏳ 等待 Profile 更新任务...
2026-07-23 13:36:13.944 | INFO     | N/A | ⏳ 等待 Profile 更新任务...
2026-07-23 13:36:18.970 | INFO     | N/A | ⏳ 等待 Profile 更新任务...
2026-07-23 13:36:24.003 | INFO     | N/A | ⏳ 等待 Profile 更新任务...
2026-07-23 13:36:29.029 | INFO     | N/A | ⏳ 等待 Profile 更新任务...
2026-07-23 13:36:34.056 | INFO     | N/A | ⏳ 等待 Profile 更新任务...
2026-07-23 13:36:39.082 | INFO     | N/A | ⏳ 等待 Profile 更新任务...
2026-07-23 13:36:44.105 | INFO     | N/A | ⏳ 等待 Profile 更新任务...
2026-07-23 13:36:49.148 | INFO     | N/A | ⏳ 等待 Profile 更新任务...
2026-07-23 13:36:54.181 | INFO     | N/A | ⏳ 等待 Profile 更新任务...
2026-07-23 13:36:59.204 | INFO     | N/A | ⏳ 等待 Profile 更新任务...
2026-07-23 13:37:04.231 | INFO     | N/A | ⏳ 等待 Profile 更新任务...
2026-07-23 13:37:09.256 | INFO     | N/A | ⏳ 等待 Profile 更新任务...
2026-07-23 13:37:14.279 | INFO     | N/A | ⏳ 等待 Profile 更新任务...
2026-07-23 13:37:19.307 | INFO     | N/A | ⏳ 等待 Profile 更新任务...
2026-07-23 13:37:24.339 | INFO     | N/A | ⏳ 等待 Profile 更新任务...
2026-07-23 13:37:29.397 | INFO     | N/A | ⏳ 等待 Profile 更新任务...
2026-07-23 13:37:34.422 | INFO     | N/A | ⏳ 等待 Profile 更新任务...
2026-07-23 13:37:39.449 | INFO     | N/A | ⏳ 等待 Profile 更新任务...
2026-07-23 13:37:44.472 | INFO     | N/A | ⏳ 等待 Profile 更新任务...
2026-07-23 13:37:49.499 | INFO     | N/A | ⏳ 等待 Profile 更新任务...
2026-07-23 13:37:54.527 | INFO     | N/A | ⏳ 等待 Profile 更新任务...
2026-07-23 13:37:59.553 | INFO     | N/A | ⏳ 等待 Profile 更新任务...
2026-07-23 13:38:04.577 | INFO     | N/A | ⏳ 等待 Profile 更新任务...
2026-07-23 13:38:09.604 | INFO     | N/A | ⏳ 等待 Profile 更新任务...
2026-07-23 13:38:14.631 | INFO     | N/A | ⏳ 等待 Profile 更新任务...
2026-07-23 13:38:19.664 | INFO     | N/A | ⏳ 等待 Profile 更新任务...
2026-07-23 13:38:24.695 | INFO     | N/A | ⏳ 等待 Profile 更新任务...
2026-07-23 13:38:29.719 | INFO     | N/A | ⏳ 等待 Profile 更新任务...
2026-07-23 13:38:34.745 | INFO     | N/A | ⏳ 等待 Profile 更新任务...
2026-07-23 13:38:39.769 | INFO     | N/A | ⏳ 等待 Profile 更新任务...
2026-07-23 13:38:44.791 | INFO     | N/A | ⏳ 等待 Profile 更新任务...
2026-07-23 13:38:49.820 | INFO     | N/A | ⏳ 等待 Profile 更新任务...
2026-07-23 13:38:54.851 | INFO     | N/A | ⏳ 等待 Profile 更新任务...
2026-07-23 13:38:59.876 | INFO     | N/A | ⏳ 等待 Profile 更新任务...
2026-07-23 13:39:04.901 | INFO     | N/A | ⏳ 等待 Profile 更新任务...
2026-07-23 13:39:09.927 | INFO     | N/A | ⏳ 等待 Profile 更新任务...
2026-07-23 13:39:14.952 | INFO     | N/A | ⏳ 等待 Profile 更新任务...
2026-07-23 13:39:19.983 | INFO     | N/A | ⏳ 等待 Profile 更新任务...
2026-07-23 13:39:25.013 | INFO     | N/A | ⏳ 等待 Profile 更新任务...
2026-07-23 13:39:30.040 | INFO     | N/A | ⏳ 等待 Profile 更新任务...
2026-07-23 13:39:35.065 | INFO     | N/A | ⏳ 等待 Profile 更新任务...
2026-07-23 13:39:40.094 | INFO     | N/A | ⏳ 等待 Profile 更新任务...
2026-07-23 13:39:45.117 | INFO     | N/A | ⏳ 等待 Profile 更新任务...
2026-07-23 13:39:50.146 | INFO     | N/A | ⏳ 等待 Profile 更新任务...
2026-07-23 13:39:55.175 | INFO     | N/A | ⏳ 等待 Profile 更新任务...
2026-07-23 13:40:00.201 | INFO     | N/A | ⏳ 等待 Profile 更新任务...
2026-07-23 13:40:05.225 | INFO     | N/A | ⏳ 等待 Profile 更新任务...
2026-07-23 13:40:10.250 | INFO     | N/A | ⏳ 等待 Profile 更新任务...
2026-07-23 13:40:15.273 | INFO     | N/A | ⏳ 等待 Profile 更新任务...
2026-07-23 13:40:20.304 | INFO     | N/A | ⏳ 等待 Profile 更新任务...
2026-07-23 13:40:25.333 | INFO     | N/A | ⏳ 等待 Profile 更新任务...
2026-07-23 13:40:30.357 | INFO     | N/A | ⏳ 等待 Profile 更新任务...
2026-07-23 13:40:35.381 | INFO     | N/A | ⏳ 等待 Profile 更新任务...
2026-07-23 13:40:40.406 | INFO     | N/A | ⏳ 等待 Profile 更新任务...
2026-07-23 13:40:45.431 | INFO     | N/A | ⏳ 等待 Profile 更新任务...
2026-07-23 13:40:50.465 | INFO     | N/A | ⏳ 等待 Profile 更新任务...
2026-07-23 13:40:55.496 | INFO     | N/A | ⏳ 等待 Profile 更新任务...
2026-07-23 13:41:00.522 | INFO     | N/A | ⏳ 等待 Profile 更新任务...
2026-07-23 13:41:05.548 | INFO     | N/A | ⏳ 等待 Profile 更新任务...
2026-07-23 13:41:10.573 | INFO     | N/A | ⏳ 等待 Profile 更新任务...
2026-07-23 13:41:15.598 | INFO     | N/A | ⏳ 等待 Profile 更新任务...
2026-07-23 13:41:20.614 | INFO     | N/A | ⏳ 等待 Profile 更新任务...
2026-07-23 13:41:25.658 | INFO     | N/A | ⏳ 等待 Profile 更新任务...
2026-07-23 13:41:30.683 | INFO     | N/A | ⏳ 等待 Profile 更新任务...
2026-07-23 13:41:35.707 | INFO     | N/A | ⏳ 等待 Profile 更新任务...
2026-07-23 13:41:40.734 | INFO     | N/A | ⏳ 等待 Profile 更新任务...
2026-07-23 13:41:45.761 | INFO     | N/A | ⏳ 等待 Profile 更新任务...
2026-07-23 13:41:50.793 | INFO     | N/A | ⏳ 等待 Profile 更新任务...
2026-07-23 13:41:55.824 | INFO     | N/A | ⏳ 等待 Profile 更新任务...
2026-07-23 13:42:00.848 | INFO     | N/A | ⏳ 等待 Profile 更新任务...
2026-07-23 13:42:05.871 | INFO     | N/A | ⏳ 等待 Profile 更新任务...
2026-07-23 13:42:10.894 | INFO     | N/A | ⏳ 等待 Profile 更新任务...
2026-07-23 13:42:15.918 | INFO     | N/A | ⏳ 等待 Profile 更新任务...
2026-07-23 13:42:20.948 | INFO     | N/A | ⏳ 等待 Profile 更新任务...
2026-07-23 13:42:25.977 | INFO     | N/A | ⏳ 等待 Profile 更新任务...
2026-07-23 13:42:31.000 | INFO     | N/A | ⏳ 等待 Profile 更新任务...
2026-07-23 13:42:36.024 | INFO     | N/A | ⏳ 等待 Profile 更新任务...
2026-07-23 13:42:41.050 | INFO     | N/A | ⏳ 等待 Profile 更新任务...
2026-07-23 13:42:46.075 | INFO     | N/A | ⏳ 等待 Profile 更新任务...
2026-07-23 13:42:51.106 | INFO     | N/A | ⏳ 等待 Profile 更新任务...
2026-07-23 13:42:56.136 | INFO     | N/A | ⏳ 等待 Profile 更新任务...
2026-07-23 13:43:01.161 | INFO     | N/A | ⏳ 等待 Profile 更新任务...
2026-07-23 13:43:06.184 | INFO     | N/A | ⏳ 等待 Profile 更新任务...
2026-07-23 13:43:11.207 | INFO     | N/A | ⏳ 等待 Profile 更新任务...
2026-07-23 13:43:16.233 | INFO     | N/A | ⏳ 等待 Profile 更新任务...
2026-07-23 13:43:21.267 | INFO     | N/A | ⏳ 等待 Profile 更新任务...
2026-07-23 13:43:26.297 | INFO     | N/A | ⏳ 等待 Profile 更新任务...
2026-07-23 13:43:31.323 | INFO     | N/A | ⏳ 等待 Profile 更新任务...
2026-07-23 13:43:36.348 | INFO     | N/A | ⏳ 等待 Profile 更新任务...
2026-07-23 13:43:41.374 | INFO     | N/A | ⏳ 等待 Profile 更新任务...
2026-07-23 13:43:46.400 | INFO     | N/A | ⏳ 等待 Profile 更新任务...
2026-07-23 13:43:51.411 | INFO     | N/A | ⏳ 等待 Profile 更新任务...
2026-07-23 13:43:56.461 | INFO     | N/A | ⏳ 等待 Profile 更新任务...
2026-07-23 13:44:01.486 | INFO     | N/A | ⏳ 等待 Profile 更新任务...
2026-07-23 13:44:06.507 | INFO     | N/A | ⏳ 等待 Profile 更新任务...
2026-07-23 13:44:11.534 | INFO     | N/A | ⏳ 等待 Profile 更新任务...
2026-07-23 13:44:16.558 | INFO     | N/A | ⏳ 等待 Profile 更新任务...
2026-07-23 13:44:21.591 | INFO     | N/A | ⏳ 等待 Profile 更新任务...
2026-07-23 13:44:26.616 | INFO     | N/A | ⏳ 等待 Profile 更新任务...
2026-07-23 13:44:31.641 | INFO     | N/A | ⏳ 等待 Profile 更新任务...
2026-07-23 13:44:36.664 | INFO     | N/A | ⏳ 等待 Profile 更新任务...
2026-07-23 13:44:41.687 | INFO     | N/A | ⏳ 等待 Profile 更新任务...
2026-07-23 13:44:46.714 | INFO     | N/A | ⏳ 等待 Profile 更新任务...
2026-07-23 13:44:51.748 | INFO     | N/A | ⏳ 等待 Profile 更新任务...
2026-07-23 13:44:56.774 | INFO     | N/A | ⏳ 等待 Profile 更新任务...
2026-07-23 13:45:01.799 | INFO     | N/A | ⏳ 等待 Profile 更新任务...
2026-07-23 13:45:06.826 | INFO     | N/A | ⏳ 等待 Profile 更新任务...
2026-07-23 13:45:11.850 | INFO     | N/A | ⏳ 等待 Profile 更新任务...
2026-07-23 13:45:16.877 | INFO     | N/A | ⏳ 等待 Profile 更新任务...
2026-07-23 13:45:21.908 | INFO     | N/A | ⏳ 等待 Profile 更新任务...
2026-07-23 13:45:26.936 | INFO     | N/A | ⏳ 等待 Profile 更新任务...
2026-07-23 13:45:31.963 | INFO     | N/A | ⏳ 等待 Profile 更新任务...
2026-07-23 13:45:36.988 | INFO     | N/A | ⏳ 等待 Profile 更新任务...
2026-07-23 13:45:42.014 | INFO     | N/A | ⏳ 等待 Profile 更新任务...
2026-07-23 13:45:47.040 | INFO     | N/A | ⏳ 等待 Profile 更新任务...
2026-07-23 13:45:52.073 | INFO     | N/A | ⏳ 等待 Profile 更新任务...
2026-07-23 13:45:57.099 | INFO     | N/A | ⏳ 等待 Profile 更新任务...
2026-07-23 13:46:02.123 | INFO     | N/A | ⏳ 等待 Profile 更新任务...
2026-07-23 13:46:07.148 | INFO     | N/A | ⏳ 等待 Profile 更新任务...
2026-07-23 13:46:12.174 | INFO     | N/A | ⏳ 等待 Profile 更新任务...
2026-07-23 13:46:17.200 | INFO     | N/A | ⏳ 等待 Profile 更新任务...
2026-07-23 13:46:22.214 | INFO     | N/A | ⏳ 等待 Profile 更新任务...
2026-07-23 13:46:27.262 | INFO     | N/A | ⏳ 等待 Profile 更新任务...
2026-07-23 13:46:32.286 | INFO     | N/A | ⏳ 等待 Profile 更新任务...
2026-07-23 13:46:37.311 | INFO     | N/A | ⏳ 等待 Profile 更新任务...
2026-07-23 13:46:42.335 | INFO     | N/A | ⏳ 等待 Profile 更新任务...
2026-07-23 13:46:47.359 | INFO     | N/A | ⏳ 等待 Profile 更新任务...
2026-07-23 13:46:52.396 | INFO     | N/A | ⏳ 等待 Profile 更新任务...
2026-07-23 13:46:57.422 | INFO     | N/A | ⏳ 等待 Profile 更新任务...
2026-07-23 13:47:02.449 | INFO     | N/A | ⏳ 等待 Profile 更新任务...
2026-07-23 13:47:07.475 | INFO     | N/A | ⏳ 等待 Profile 更新任务...
2026-07-23 13:47:12.499 | INFO     | N/A | ⏳ 等待 Profile 更新任务...
2026-07-23 13:47:17.526 | INFO     | N/A | ⏳ 等待 Profile 更新任务...
2026-07-23 13:47:22.564 | INFO     | N/A | ⏳ 等待 Profile 更新任务...
2026-07-23 13:47:27.591 | INFO     | N/A | ⏳ 等待 Profile 更新任务...
2026-07-23 13:47:32.617 | INFO     | N/A | ⏳ 等待 Profile 更新任务...
2026-07-23 13:47:37.645 | INFO     | N/A | ⏳ 等待 Profile 更新任务...
2026-07-23 13:47:42.669 | INFO     | N/A | ⏳ 等待 Profile 更新任务...
2026-07-23 13:47:47.693 | INFO     | N/A | ⏳ 等待 Profile 更新任务...
2026-07-23 13:47:52.727 | INFO     | N/A | ⏳ 等待 Profile 更新任务...
2026-07-23 13:47:57.755 | INFO     | N/A | ⏳ 等待 Profile 更新任务...
2026-07-23 13:48:02.779 | INFO     | N/A | ⏳ 等待 Profile 更新任务...
2026-07-23 13:48:07.803 | INFO     | N/A | ⏳ 等待 Profile 更新任务...
2026-07-23 13:48:12.830 | INFO     | N/A | ⏳ 等待 Profile 更新任务...
2026-07-23 13:48:17.854 | INFO     | N/A | ⏳ 等待 Profile 更新任务...
2026-07-23 13:48:22.888 | INFO     | N/A | ⏳ 等待 Profile 更新任务...
2026-07-23 13:48:27.916 | INFO     | N/A | ⏳ 等待 Profile 更新任务...
2026-07-23 13:48:32.944 | INFO     | N/A | ⏳ 等待 Profile 更新任务...
2026-07-23 13:48:37.970 | INFO     | N/A | ⏳ 等待 Profile 更新任务...
2026-07-23 13:48:42.994 | INFO     | N/A | ⏳ 等待 Profile 更新任务...
2026-07-23 13:48:48.018 | INFO     | N/A | ⏳ 等待 Profile 更新任务...
2026-07-23 13:48:53.052 | INFO     | N/A | ⏳ 等待 Profile 更新任务...
2026-07-23 13:48:58.077 | INFO     | N/A | ⏳ 等待 Profile 更新任务...
2026-07-23 13:49:03.102 | INFO     | N/A | ⏳ 等待 Profile 更新任务...
2026-07-23 13:49:08.125 | INFO     | N/A | ⏳ 等待 Profile 更新任务...
2026-07-23 13:49:13.181 | INFO     | N/A | ⏳ 等待 Profile 更新任务...
2026-07-23 13:49:18.203 | INFO     | N/A | ⏳ 等待 Profile 更新任务...
2026-07-23 13:49:23.237 | INFO     | N/A | ⏳ 等待 Profile 更新任务...
2026-07-23 13:49:28.261 | INFO     | N/A | ⏳ 等待 Profile 更新任务...
2026-07-23 13:49:33.287 | INFO     | N/A | ⏳ 等待 Profile 更新任务...
2026-07-23 13:49:38.309 | INFO     | N/A | ⏳ 等待 Profile 更新任务...
2026-07-23 13:49:43.334 | INFO     | N/A | ⏳ 等待 Profile 更新任务...
2026-07-23 13:49:48.359 | INFO     | N/A | ⏳ 等待 Profile 更新任务...
2026-07-23 13:49:53.390 | INFO     | N/A | ⏳ 等待 Profile 更新任务...
2026-07-23 13:49:58.415 | INFO     | N/A | ⏳ 等待 Profile 更新任务...
2026-07-23 13:50:03.440 | INFO     | N/A | ⏳ 等待 Profile 更新任务...
2026-07-23 13:50:08.464 | INFO     | N/A | ⏳ 等待 Profile 更新任务...
2026-07-23 13:50:13.488 | INFO     | N/A | ⏳ 等待 Profile 更新任务...
2026-07-23 13:50:18.514 | INFO     | N/A | ⏳ 等待 Profile 更新任务...
2026-07-23 13:50:23.549 | INFO     | N/A | ⏳ 等待 Profile 更新任务...
2026-07-23 13:50:28.576 | INFO     | N/A | ⏳ 等待 Profile 更新任务...
2026-07-23 13:50:33.602 | INFO     | N/A | ⏳ 等待 Profile 更新任务...
2026-07-23 13:50:38.627 | INFO     | N/A | ⏳ 等待 Profile 更新任务...
2026-07-23 13:50:43.649 | INFO     | N/A | ⏳ 等待 Profile 更新任务...
2026-07-23 13:50:48.674 | INFO     | N/A | ⏳ 等待 Profile 更新任务...
2026-07-23 13:50:53.708 | INFO     | N/A | ⏳ 等待 Profile 更新任务...
2026-07-23 13:50:58.732 | INFO     | N/A | ⏳ 等待 Profile 更新任务...
2026-07-23 13:51:03.758 | INFO     | N/A | ⏳ 等待 Profile 更新任务...
2026-07-23 13:51:08.783 | INFO     | N/A | ⏳ 等待 Profile 更新任务...
2026-07-23 13:51:13.809 | INFO     | N/A | ⏳ 等待 Profile 更新任务...
2026-07-23 13:51:18.848 | INFO     | N/A | ⏳ 等待 Profile 更新任务...
2026-07-23 13:51:23.881 | INFO     | N/A | ⏳ 等待 Profile 更新任务...
2026-07-23 13:51:28.906 | INFO     | N/A | ⏳ 等待 Profile 更新任务...
2026-07-23 13:51:33.931 | INFO     | N/A | ⏳ 等待 Profile 更新任务...
2026-07-23 13:51:38.986 | INFO     | N/A | ⏳ 等待 Profile 更新任务...
2026-07-23 13:51:44.010 | INFO     | N/A | ⏳ 等待 Profile 更新任务...
2026-07-23 13:51:49.035 | INFO     | N/A | ⏳ 等待 Profile 更新任务...
2026-07-23 13:51:54.070 | INFO     | N/A | ⏳ 等待 Profile 更新任务...
2026-07-23 13:51:59.094 | INFO     | N/A | ⏳ 等待 Profile 更新任务...
2026-07-23 13:52:04.117 | INFO     | N/A | ⏳ 等待 Profile 更新任务...
2026-07-23 13:52:09.143 | INFO     | N/A | ⏳ 等待 Profile 更新任务...
2026-07-23 13:52:14.167 | INFO     | N/A | ⏳ 等待 Profile 更新任务...
2026-07-23 13:52:19.191 | INFO     | N/A | ⏳ 等待 Profile 更新任务...
2026-07-23 13:52:24.225 | INFO     | N/A | ⏳ 等待 Profile 更新任务...
2026-07-23 13:52:29.252 | INFO     | N/A | ⏳ 等待 Profile 更新任务...
2026-07-23 13:52:34.277 | INFO     | N/A | ⏳ 等待 Profile 更新任务...
2026-07-23 13:52:39.300 | INFO     | N/A | ⏳ 等待 Profile 更新任务...
2026-07-23 13:52:44.326 | INFO     | N/A | ⏳ 等待 Profile 更新任务...
2026-07-23 13:52:49.351 | INFO     | N/A | ⏳ 等待 Profile 更新任务...
2026-07-23 13:52:54.386 | INFO     | N/A | ⏳ 等待 Profile 更新任务...
2026-07-23 13:52:59.410 | INFO     | N/A | ⏳ 等待 Profile 更新任务...
2026-07-23 13:53:04.434 | INFO     | N/A | ⏳ 等待 Profile 更新任务...
2026-07-23 13:53:09.458 | INFO     | N/A | ⏳ 等待 Profile 更新任务...
2026-07-23 13:53:14.482 | INFO     | N/A | ⏳ 等待 Profile 更新任务...
2026-07-23 13:53:19.504 | INFO     | N/A | ⏳ 等待 Profile 更新任务...
2026-07-23 13:53:24.537 | INFO     | N/A | ⏳ 等待 Profile 更新任务...
2026-07-23 13:53:29.560 | INFO     | N/A | ⏳ 等待 Profile 更新任务...
2026-07-23 13:53:34.587 | INFO     | N/A | ⏳ 等待 Profile 更新任务...
2026-07-23 13:53:39.612 | INFO     | N/A | ⏳ 等待 Profile 更新任务...
2026-07-23 13:53:44.637 | INFO     | N/A | ⏳ 等待 Profile 更新任务...
2026-07-23 13:53:49.660 | INFO     | N/A | ⏳ 等待 Profile 更新任务...
2026-07-23 13:53:54.695 | INFO     | N/A | ⏳ 等待 Profile 更新任务...
2026-07-23 13:53:59.719 | INFO     | N/A | ⏳ 等待 Profile 更新任务...
2026-07-23 13:54:04.742 | INFO     | N/A | ⏳ 等待 Profile 更新任务...
2026-07-23 13:54:09.768 | INFO     | N/A | ⏳ 等待 Profile 更新任务...
2026-07-23 13:54:14.791 | INFO     | N/A | ⏳ 等待 Profile 更新任务...
2026-07-23 13:54:19.813 | INFO     | N/A | ⏳ 等待 Profile 更新任务...
2026-07-23 13:54:24.851 | INFO     | N/A | ⏳ 等待 Profile 更新任务...
2026-07-23 13:54:29.880 | INFO     | N/A | ⏳ 等待 Profile 更新任务...
2026-07-23 13:54:34.904 | INFO     | N/A | ⏳ 等待 Profile 更新任务...
2026-07-23 13:54:39.930 | INFO     | N/A | ⏳ 等待 Profile 更新任务...
2026-07-23 13:54:44.955 | INFO     | N/A | ⏳ 等待 Profile 更新任务...
2026-07-23 13:54:49.978 | INFO     | N/A | ⏳ 等待 Profile 更新任务...
2026-07-23 13:54:55.007 | INFO     | N/A | ⏳ 等待 Profile 更新任务...
2026-07-23 13:55:00.031 | INFO     | N/A | ⏳ 等待 Profile 更新任务...
2026-07-23 13:55:05.055 | INFO     | N/A | ⏳ 等待 Profile 更新任务...
2026-07-23 13:55:10.077 | INFO     | N/A | ⏳ 等待 Profile 更新任务...
2026-07-23 13:55:15.104 | INFO     | N/A | ⏳ 等待 Profile 更新任务...
2026-07-23 13:55:20.127 | INFO     | N/A | ⏳ 等待 Profile 更新任务...
2026-07-23 13:55:25.162 | INFO     | N/A | ⏳ 等待 Profile 更新任务...
2026-07-23 13:55:30.185 | INFO     | N/A | ⏳ 等待 Profile 更新任务...
2026-07-23 13:55:35.212 | INFO     | N/A | ⏳ 等待 Profile 更新任务...
2026-07-23 13:55:40.240 | INFO     | N/A | ⏳ 等待 Profile 更新任务...
2026-07-23 13:55:45.265 | INFO     | N/A | ⏳ 等待 Profile 更新任务...
2026-07-23 13:55:50.290 | INFO     | N/A | ⏳ 等待 Profile 更新任务...
2026-07-23 13:55:55.325 | INFO     | N/A | ⏳ 等待 Profile 更新任务...
2026-07-23 13:56:00.351 | INFO     | N/A | ⏳ 等待 Profile 更新任务...
2026-07-23 13:56:05.376 | INFO     | N/A | ⏳ 等待 Profile 更新任务...
2026-07-23 13:56:10.400 | INFO     | N/A | ⏳ 等待 Profile 更新任务...
2026-07-23 13:56:15.426 | INFO     | N/A | ⏳ 等待 Profile 更新任务...
2026-07-23 13:56:20.451 | INFO     | N/A | ⏳ 等待 Profile 更新任务...
2026-07-23 13:56:25.489 | INFO     | N/A | ⏳ 等待 Profile 更新任务...
2026-07-23 13:56:30.512 | INFO     | N/A | ⏳ 等待 Profile 更新任务...
2026-07-23 13:56:35.537 | INFO     | N/A | ⏳ 等待 Profile 更新任务...
2026-07-23 13:56:40.562 | INFO     | N/A | ⏳ 等待 Profile 更新任务...
2026-07-23 13:56:45.614 | INFO     | N/A | ⏳ 等待 Profile 更新任务...
2026-07-23 13:56:50.639 | INFO     | N/A | ⏳ 等待 Profile 更新任务...
2026-07-23 13:56:55.674 | INFO     | N/A | ⏳ 等待 Profile 更新任务...
2026-07-23 13:57:00.700 | INFO     | N/A | ⏳ 等待 Profile 更新任务...
2026-07-23 13:57:05.725 | INFO     | N/A | ⏳ 等待 Profile 更新任务...
2026-07-23 13:57:10.751 | INFO     | N/A | ⏳ 等待 Profile 更新任务...
2026-07-23 13:57:15.775 | INFO     | N/A | ⏳ 等待 Profile 更新任务...
2026-07-23 13:57:20.800 | INFO     | N/A | ⏳ 等待 Profile 更新任务...
2026-07-23 13:57:25.835 | INFO     | N/A | ⏳ 等待 Profile 更新任务...
2026-07-23 13:57:30.862 | INFO     | N/A | ⏳ 等待 Profile 更新任务...
2026-07-23 13:57:35.885 | INFO     | N/A | ⏳ 等待 Profile 更新任务...
2026-07-23 13:57:40.909 | INFO     | N/A | ⏳ 等待 Profile 更新任务...
2026-07-23 13:57:45.936 | INFO     | N/A | ⏳ 等待 Profile 更新任务...
2026-07-23 13:57:50.962 | INFO     | N/A | ⏳ 等待 Profile 更新任务...
2026-07-23 13:57:55.998 | INFO     | N/A | ⏳ 等待 Profile 更新任务...
2026-07-23 13:58:01.022 | INFO     | N/A | ⏳ 等待 Profile 更新任务...
2026-07-23 13:58:06.047 | INFO     | N/A | ⏳ 等待 Profile 更新任务...
2026-07-23 13:58:11.073 | INFO     | N/A | ⏳ 等待 Profile 更新任务...
2026-07-23 13:58:16.100 | INFO     | N/A | ⏳ 等待 Profile 更新任务...
2026-07-23 13:58:21.125 | INFO     | N/A | ⏳ 等待 Profile 更新任务...
2026-07-23 13:58:26.159 | INFO     | N/A | ⏳ 等待 Profile 更新任务...
2026-07-23 13:58:31.183 | INFO     | N/A | ⏳ 等待 Profile 更新任务...
2026-07-23 13:58:36.238 | INFO     | N/A | ⏳ 等待 Profile 更新任务...
2026-07-23 13:58:41.262 | INFO     | N/A | ⏳ 等待 Profile 更新任务...
2026-07-23 13:58:46.288 | INFO     | N/A | ⏳ 等待 Profile 更新任务...
2026-07-23 13:58:51.315 | INFO     | N/A | ⏳ 等待 Profile 更新任务...
2026-07-23 13:58:56.352 | INFO     | N/A | ⏳ 等待 Profile 更新任务...
2026-07-23 13:59:01.378 | INFO     | N/A | ⏳ 等待 Profile 更新任务...
2026-07-23 13:59:06.401 | INFO     | N/A | ⏳ 等待 Profile 更新任务...
2026-07-23 13:59:11.423 | INFO     | N/A | ⏳ 等待 Profile 更新任务...
2026-07-23 13:59:16.447 | INFO     | N/A | ⏳ 等待 Profile 更新任务...
2026-07-23 13:59:21.474 | INFO     | N/A | ⏳ 等待 Profile 更新任务...
2026-07-23 13:59:26.509 | INFO     | N/A | ⏳ 等待 Profile 更新任务...
2026-07-23 13:59:31.536 | INFO     | N/A | ⏳ 等待 Profile 更新任务...
2026-07-23 13:59:36.561 | INFO     | N/A | ⏳ 等待 Profile 更新任务...
2026-07-23 13:59:41.589 | INFO     | N/A | ⏳ 等待 Profile 更新任务...
2026-07-23 13:59:46.614 | INFO     | N/A | ⏳ 等待 Profile 更新任务...
2026-07-23 13:59:51.639 | INFO     | N/A | ⏳ 等待 Profile 更新任务...
2026-07-23 13:59:56.678 | INFO     | N/A | ⏳ 等待 Profile 更新任务...
2026-07-23 14:00:01.706 | INFO     | N/A | ⏳ 等待 Profile 更新任务...
2026-07-23 14:00:06.735 | INFO     | N/A | ⏳ 等待 Profile 更新任务...
2026-07-23 14:00:11.757 | INFO     | N/A | ⏳ 等待 Profile 更新任务...
2026-07-23 14:00:16.784 | INFO     | N/A | ⏳ 等待 Profile 更新任务...
2026-07-23 14:00:21.810 | INFO     | N/A | ⏳ 等待 Profile 更新任务...
2026-07-23 14:00:26.846 | INFO     | N/A | ⏳ 等待 Profile 更新任务...
2026-07-23 14:00:31.871 | INFO     | N/A | ⏳ 等待 Profile 更新任务...
2026-07-23 14:00:36.894 | INFO     | N/A | ⏳ 等待 Profile 更新任务...
2026-07-23 14:00:41.919 | INFO     | N/A | ⏳ 等待 Profile 更新任务...
2026-07-23 14:00:46.945 | INFO     | N/A | ⏳ 等待 Profile 更新任务...
2026-07-23 14:00:51.970 | INFO     | N/A | ⏳ 等待 Profile 更新任务...
2026-07-23 14:00:57.005 | INFO     | N/A | ⏳ 等待 Profile 更新任务...
2026-07-23 14:01:02.032 | INFO     | N/A | ⏳ 等待 Profile 更新任务...
2026-07-23 14:01:07.057 | INFO     | N/A | ⏳ 等待 Profile 更新任务...
2026-07-23 14:01:12.079 | INFO     | N/A | ⏳ 等待 Profile 更新任务...
2026-07-23 14:01:17.107 | INFO     | N/A | ⏳ 等待 Profile 更新任务...
2026-07-23 14:01:22.142 | INFO     | N/A | ⏳ 等待 Profile 更新任务...
2026-07-23 14:01:27.178 | INFO     | N/A | ⏳ 等待 Profile 更新任务...
2026-07-23 14:01:32.204 | INFO     | N/A | ⏳ 等待 Profile 更新任务...
2026-07-23 14:01:37.230 | INFO     | N/A | ⏳ 等待 Profile 更新任务...
2026-07-23 14:01:42.254 | INFO     | N/A | ⏳ 等待 Profile 更新任务...
2026-07-23 14:01:47.278 | INFO     | N/A | ⏳ 等待 Profile 更新任务...
2026-07-23 14:01:52.306 | INFO     | N/A | ⏳ 等待 Profile 更新任务...
2026-07-23 14:01:57.344 | INFO     | N/A | ⏳ 等待 Profile 更新任务...
2026-07-23 14:02:02.369 | INFO     | N/A | ⏳ 等待 Profile 更新任务...
2026-07-23 14:02:07.394 | INFO     | N/A | ⏳ 等待 Profile 更新任务...
2026-07-23 14:02:12.419 | INFO     | N/A | ⏳ 等待 Profile 更新任务...
2026-07-23 14:02:17.442 | INFO     | N/A | ⏳ 等待 Profile 更新任务...
2026-07-23 14:02:22.469 | INFO     | N/A | ⏳ 等待 Profile 更新任务...
2026-07-23 14:02:27.504 | INFO     | N/A | ⏳ 等待 Profile 更新任务...
2026-07-23 14:02:32.527 | INFO     | N/A | ⏳ 等待 Profile 更新任务...
2026-07-23 14:02:37.553 | INFO     | N/A | ⏳ 等待 Profile 更新任务...
2026-07-23 14:02:42.578 | INFO     | N/A | ⏳ 等待 Profile 更新任务...
2026-07-23 14:02:47.604 | INFO     | N/A | ⏳ 等待 Profile 更新任务...
2026-07-23 14:02:52.630 | INFO     | N/A | ⏳ 等待 Profile 更新任务...
2026-07-23 14:02:57.665 | INFO     | N/A | ⏳ 等待 Profile 更新任务...
2026-07-23 14:03:02.689 | INFO     | N/A | ⏳ 等待 Profile 更新任务...
2026-07-23 14:03:07.714 | INFO     | N/A | ⏳ 等待 Profile 更新任务...
2026-07-23 14:03:12.739 | INFO     | N/A | ⏳ 等待 Profile 更新任务...
2026-07-23 14:03:17.764 | INFO     | N/A | ⏳ 等待 Profile 更新任务...
2026-07-23 14:03:22.788 | INFO     | N/A | ⏳ 等待 Profile 更新任务...
2026-07-23 14:03:27.822 | INFO     | N/A | ⏳ 等待 Profile 更新任务...
2026-07-23 14:03:32.847 | INFO     | N/A | ⏳ 等待 Profile 更新任务...
2026-07-23 14:03:37.871 | INFO     | N/A | ⏳ 等待 Profile 更新任务...
2026-07-23 14:03:42.897 | INFO     | N/A | ⏳ 等待 Profile 更新任务...
2026-07-23 14:03:47.922 | INFO     | N/A | ⏳ 等待 Profile 更新任务...
2026-07-23 14:03:52.945 | INFO     | N/A | ⏳ 等待 Profile 更新任务...
2026-07-23 14:03:57.978 | INFO     | N/A | ⏳ 等待 Profile 更新任务...
2026-07-23 14:04:03.004 | INFO     | N/A | ⏳ 等待 Profile 更新任务...
2026-07-23 14:04:08.029 | INFO     | N/A | ⏳ 等待 Profile 更新任务...
2026-07-23 14:04:13.054 | INFO     | N/A | ⏳ 等待 Profile 更新任务...
2026-07-23 14:04:18.080 | INFO     | N/A | ⏳ 等待 Profile 更新任务...
2026-07-23 14:04:23.102 | INFO     | N/A | ⏳ 等待 Profile 更新任务...
2026-07-23 14:04:28.136 | INFO     | N/A | ⏳ 等待 Profile 更新任务...
2026-07-23 14:04:33.165 | INFO     | N/A | ⏳ 等待 Profile 更新任务...
2026-07-23 14:04:38.188 | INFO     | N/A | ⏳ 等待 Profile 更新任务...
2026-07-23 14:04:43.211 | INFO     | N/A | ⏳ 等待 Profile 更新任务...
2026-07-23 14:04:48.234 | INFO     | N/A | ⏳ 等待 Profile 更新任务...
2026-07-23 14:04:53.258 | INFO     | N/A | ⏳ 等待 Profile 更新任务...
2026-07-23 14:04:58.291 | INFO     | N/A | ⏳ 等待 Profile 更新任务...
2026-07-23 14:05:03.317 | INFO     | N/A | ⏳ 等待 Profile 更新任务...
2026-07-23 14:05:08.341 | INFO     | N/A | ⏳ 等待 Profile 更新任务...
2026-07-23 14:05:13.364 | INFO     | N/A | ⏳ 等待 Profile 更新任务...
2026-07-23 14:05:18.390 | INFO     | N/A | ⏳ 等待 Profile 更新任务...
2026-07-23 14:05:23.415 | INFO     | N/A | ⏳ 等待 Profile 更新任务...
2026-07-23 14:05:28.448 | INFO     | N/A | ⏳ 等待 Profile 更新任务...
2026-07-23 14:05:33.471 | INFO     | N/A | ⏳ 等待 Profile 更新任务...
2026-07-23 14:05:38.493 | INFO     | N/A | ⏳ 等待 Profile 更新任务...
2026-07-23 14:05:43.517 | INFO     | N/A | ⏳ 等待 Profile 更新任务...
2026-07-23 14:05:48.540 | INFO     | N/A | ⏳ 等待 Profile 更新任务...
2026-07-23 14:05:53.563 | INFO     | N/A | ⏳ 等待 Profile 更新任务...
2026-07-23 14:05:58.598 | INFO     | N/A | ⏳ 等待 Profile 更新任务...
2026-07-23 14:06:03.625 | INFO     | N/A | ⏳ 等待 Profile 更新任务...
2026-07-23 14:06:08.648 | INFO     | N/A | ⏳ 等待 Profile 更新任务...
2026-07-23 14:06:13.671 | INFO     | N/A | ⏳ 等待 Profile 更新任务...
2026-07-23 14:06:18.696 | INFO     | N/A | ⏳ 等待 Profile 更新任务...
2026-07-23 14:06:23.719 | INFO     | N/A | ⏳ 等待 Profile 更新任务...
2026-07-23 14:06:28.752 | INFO     | N/A | ⏳ 等待 Profile 更新任务...
2026-07-23 14:06:33.777 | INFO     | N/A | ⏳ 等待 Profile 更新任务...
2026-07-23 14:06:38.799 | INFO     | N/A | ⏳ 等待 Profile 更新任务...
2026-07-23 14:06:43.825 | INFO     | N/A | ⏳ 等待 Profile 更新任务...
2026-07-23 14:06:48.849 | INFO     | N/A | ⏳ 等待 Profile 更新任务...
2026-07-23 14:06:53.874 | INFO     | N/A | ⏳ 等待 Profile 更新任务...
2026-07-23 14:06:58.906 | INFO     | N/A | ⏳ 等待 Profile 更新任务...
2026-07-23 14:07:03.930 | INFO     | N/A | ⏳ 等待 Profile 更新任务...
2026-07-23 14:07:08.957 | INFO     | N/A | ⏳ 等待 Profile 更新任务...
2026-07-23 14:07:13.981 | INFO     | N/A | ⏳ 等待 Profile 更新任务...
2026-07-23 14:07:19.006 | INFO     | N/A | ⏳ 等待 Profile 更新任务...
2026-07-23 14:07:24.035 | INFO     | N/A | ⏳ 等待 Profile 更新任务...
2026-07-23 14:07:29.068 | INFO     | N/A | ⏳ 等待 Profile 更新任务...
2026-07-23 14:07:34.095 | INFO     | N/A | ⏳ 等待 Profile 更新任务...
2026-07-23 14:07:39.121 | INFO     | N/A | ⏳ 等待 Profile 更新任务...
2026-07-23 14:07:44.146 | INFO     | N/A | ⏳ 等待 Profile 更新任务...
2026-07-23 14:07:49.171 | INFO     | N/A | ⏳ 等待 Profile 更新任务...
2026-07-23 14:07:54.195 | INFO     | N/A | ⏳ 等待 Profile 更新任务...
2026-07-23 14:07:59.231 | INFO     | N/A | ⏳ 等待 Profile 更新任务...
2026-07-23 14:08:04.258 | INFO     | N/A | ⏳ 等待 Profile 更新任务...
2026-07-23 14:08:09.284 | INFO     | N/A | ⏳ 等待 Profile 更新任务...
2026-07-23 14:08:14.309 | INFO     | N/A | ⏳ 等待 Profile 更新任务...
2026-07-23 14:08:19.333 | INFO     | N/A | ⏳ 等待 Profile 更新任务...
2026-07-23 14:08:24.356 | INFO     | N/A | ⏳ 等待 Profile 更新任务...
2026-07-23 14:08:29.391 | INFO     | N/A | ⏳ 等待 Profile 更新任务...
2026-07-23 14:08:34.416 | INFO     | N/A | ⏳ 等待 Profile 更新任务...
2026-07-23 14:08:39.440 | INFO     | N/A | ⏳ 等待 Profile 更新任务...
2026-07-23 14:08:44.465 | INFO     | N/A | ⏳ 等待 Profile 更新任务...
2026-07-23 14:08:49.490 | INFO     | N/A | ⏳ 等待 Profile 更新任务...
2026-07-23 14:08:54.515 | INFO     | N/A | ⏳ 等待 Profile 更新任务...
2026-07-23 14:08:59.547 | INFO     | N/A | ⏳ 等待 Profile 更新任务...
2026-07-23 14:09:04.572 | INFO     | N/A | ⏳ 等待 Profile 更新任务...
2026-07-23 14:09:09.596 | INFO     | N/A | ⏳ 等待 Profile 更新任务...
2026-07-23 14:09:14.622 | INFO     | N/A | ⏳ 等待 Profile 更新任务...
2026-07-23 14:09:19.646 | INFO     | N/A | ⏳ 等待 Profile 更新任务...
2026-07-23 14:09:24.678 | INFO     | N/A | ⏳ 等待 Profile 更新任务...
2026-07-23 14:09:29.714 | INFO     | N/A | ⏳ 等待 Profile 更新任务...
2026-07-23 14:09:34.739 | INFO     | N/A | ⏳ 等待 Profile 更新任务...
2026-07-23 14:09:39.764 | INFO     | N/A | ⏳ 等待 Profile 更新任务...
2026-07-23 14:09:44.791 | INFO     | N/A | ⏳ 等待 Profile 更新任务...
2026-07-23 14:09:49.824 | INFO     | N/A | ⏳ 等待 Profile 更新任务...
2026-07-23 14:09:54.850 | INFO     | N/A | ⏳ 等待 Profile 更新任务...
2026-07-23 14:09:59.889 | INFO     | N/A | ⏳ 等待 Profile 更新任务...
2026-07-23 14:10:04.916 | INFO     | N/A | ⏳ 等待 Profile 更新任务...
2026-07-23 14:10:09.942 | INFO     | N/A | ⏳ 等待 Profile 更新任务...
2026-07-23 14:10:14.965 | INFO     | N/A | ⏳ 等待 Profile 更新任务...
2026-07-23 14:10:19.991 | INFO     | N/A | ⏳ 等待 Profile 更新任务...
2026-07-23 14:10:25.016 | INFO     | N/A | ⏳ 等待 Profile 更新任务...
2026-07-23 14:10:30.049 | INFO     | N/A | ⏳ 等待 Profile 更新任务...
2026-07-23 14:10:35.072 | INFO     | N/A | ⏳ 等待 Profile 更新任务...
2026-07-23 14:10:40.096 | INFO     | N/A | ⏳ 等待 Profile 更新任务...
2026-07-23 14:10:45.122 | INFO     | N/A | ⏳ 等待 Profile 更新任务...
2026-07-23 14:10:50.144 | INFO     | N/A | ⏳ 等待 Profile 更新任务...
2026-07-23 14:10:55.172 | INFO     | N/A | ⏳ 等待 Profile 更新任务...
2026-07-23 14:11:00.208 | INFO     | N/A | ⏳ 等待 Profile 更新任务...
2026-07-23 14:11:05.239 | INFO     | N/A | ⏳ 等待 Profile 更新任务...
2026-07-23 14:11:10.264 | INFO     | N/A | ⏳ 等待 Profile 更新任务...
2026-07-23 14:11:15.288 | INFO     | N/A | ⏳ 等待 Profile 更新任务...
2026-07-23 14:11:20.314 | INFO     | N/A | ⏳ 等待 Profile 更新任务...
2026-07-23 14:11:25.341 | INFO     | N/A | ⏳ 等待 Profile 更新任务...
2026-07-23 14:11:30.375 | INFO     | N/A | ⏳ 等待 Profile 更新任务...
2026-07-23 14:11:35.399 | INFO     | N/A | ⏳ 等待 Profile 更新任务...
2026-07-23 14:11:40.425 | INFO     | N/A | ⏳ 等待 Profile 更新任务...
2026-07-23 14:11:45.451 | INFO     | N/A | ⏳ 等待 Profile 更新任务...
2026-07-23 14:11:50.476 | INFO     | N/A | ⏳ 等待 Profile 更新任务...
2026-07-23 14:11:55.501 | INFO     | N/A | ⏳ 等待 Profile 更新任务...
2026-07-23 14:12:00.534 | INFO     | N/A | ⏳ 等待 Profile 更新任务...
2026-07-23 14:12:05.558 | INFO     | N/A | ⏳ 等待 Profile 更新任务...
2026-07-23 14:12:10.581 | INFO     | N/A | ⏳ 等待 Profile 更新任务...
2026-07-23 14:12:15.606 | INFO     | N/A | ⏳ 等待 Profile 更新任务...
2026-07-23 14:12:20.631 | INFO     | N/A | ⏳ 等待 Profile 更新任务...
2026-07-23 14:12:25.657 | INFO     | N/A | ⏳ 等待 Profile 更新任务...
2026-07-23 14:12:30.692 | INFO     | N/A | ⏳ 等待 Profile 更新任务...
2026-07-23 14:12:35.715 | INFO     | N/A | ⏳ 等待 Profile 更新任务...
2026-07-23 14:12:40.739 | INFO     | N/A | ⏳ 等待 Profile 更新任务...
2026-07-23 14:12:45.763 | INFO     | N/A | ⏳ 等待 Profile 更新任务...
2026-07-23 14:12:50.786 | INFO     | N/A | ⏳ 等待 Profile 更新任务...
2026-07-23 14:12:55.804 | INFO     | N/A | ⏳ 等待 Profile 更新任务...
2026-07-23 14:13:00.840 | INFO     | N/A | ⏳ 等待 Profile 更新任务...
2026-07-23 14:13:05.864 | INFO     | N/A | ⏳ 等待 Profile 更新任务...
2026-07-23 14:13:10.888 | INFO     | N/A | ⏳ 等待 Profile 更新任务...
2026-07-23 14:13:15.911 | INFO     | N/A | ⏳ 等待 Profile 更新任务...
2026-07-23 14:13:20.936 | INFO     | N/A | ⏳ 等待 Profile 更新任务...
2026-07-23 14:13:25.959 | INFO     | N/A | ⏳ 等待 Profile 更新任务...
2026-07-23 14:13:30.992 | INFO     | N/A | ⏳ 等待 Profile 更新任务...
2026-07-23 14:13:36.017 | INFO     | N/A | ⏳ 等待 Profile 更新任务...
2026-07-23 14:13:41.041 | INFO     | N/A | ⏳ 等待 Profile 更新任务...
2026-07-23 14:13:46.066 | INFO     | N/A | ⏳ 等待 Profile 更新任务...
2026-07-23 14:13:51.091 | INFO     | N/A | ⏳ 等待 Profile 更新任务...
2026-07-23 14:13:56.115 | INFO     | N/A | ⏳ 等待 Profile 更新任务...
2026-07-23 14:14:01.149 | INFO     | N/A | ⏳ 等待 Profile 更新任务...
2026-07-23 14:14:06.172 | INFO     | N/A | ⏳ 等待 Profile 更新任务...
2026-07-23 14:14:11.196 | INFO     | N/A | ⏳ 等待 Profile 更新任务...
2026-07-23 14:14:16.218 | INFO     | N/A | ⏳ 等待 Profile 更新任务...
2026-07-23 14:14:21.241 | INFO     | N/A | ⏳ 等待 Profile 更新任务...
2026-07-23 14:14:26.265 | INFO     | N/A | ⏳ 等待 Profile 更新任务...
2026-07-23 14:14:31.298 | INFO     | N/A | ⏳ 等待 Profile 更新任务...
2026-07-23 14:14:36.322 | INFO     | N/A | ⏳ 等待 Profile 更新任务...
2026-07-23 14:14:41.347 | INFO     | N/A | ⏳ 等待 Profile 更新任务...
2026-07-23 14:14:46.371 | INFO     | N/A | ⏳ 等待 Profile 更新任务...
2026-07-23 14:14:51.397 | INFO     | N/A | ⏳ 等待 Profile 更新任务...
2026-07-23 14:14:56.407 | INFO     | N/A | ⏳ 等待 Profile 更新任务...
2026-07-23 14:15:01.454 | INFO     | N/A | ⏳ 等待 Profile 更新任务...
2026-07-23 14:15:06.479 | INFO     | N/A | ⏳ 等待 Profile 更新任务...
2026-07-23 14:15:11.501 | INFO     | N/A | ⏳ 等待 Profile 更新任务...
2026-07-23 14:15:16.524 | INFO     | N/A | ⏳ 等待 Profile 更新任务...
2026-07-23 14:15:21.549 | INFO     | N/A | ⏳ 等待 Profile 更新任务...
2026-07-23 14:15:26.580 | INFO     | N/A | ⏳ 等待 Profile 更新任务...
2026-07-23 14:15:31.612 | INFO     | N/A | ⏳ 等待 Profile 更新任务...
2026-07-23 14:15:36.637 | INFO     | N/A | ⏳ 等待 Profile 更新任务...
2026-07-23 14:15:41.660 | INFO     | N/A | ⏳ 等待 Profile 更新任务...
2026-07-23 14:15:46.683 | INFO     | N/A | ⏳ 等待 Profile 更新任务...
2026-07-23 14:15:51.705 | INFO     | N/A | ⏳ 等待 Profile 更新任务...
2026-07-23 14:15:56.728 | INFO     | N/A | ⏳ 等待 Profile 更新任务...
2026-07-23 14:16:01.762 | INFO     | N/A | ⏳ 等待 Profile 更新任务...
2026-07-23 14:16:06.783 | INFO     | N/A | ⏳ 等待 Profile 更新任务...
2026-07-23 14:16:11.808 | INFO     | N/A | ⏳ 等待 Profile 更新任务...
2026-07-23 14:16:16.831 | INFO     | N/A | ⏳ 等待 Profile 更新任务...
2026-07-23 14:16:21.853 | INFO     | N/A | ⏳ 等待 Profile 更新任务...
2026-07-23 14:16:26.877 | INFO     | N/A | ⏳ 等待 Profile 更新任务...
2026-07-23 14:16:31.907 | INFO     | N/A | ⏳ 等待 Profile 更新任务...
2026-07-23 14:16:36.928 | INFO     | N/A | ⏳ 等待 Profile 更新任务...
2026-07-23 14:16:41.949 | INFO     | N/A | ⏳ 等待 Profile 更新任务...
2026-07-23 14:16:46.971 | INFO     | N/A | ⏳ 等待 Profile 更新任务...
2026-07-23 14:16:51.993 | INFO     | N/A | ⏳ 等待 Profile 更新任务...
2026-07-23 14:16:57.008 | INFO     | N/A | ⏳ 等待 Profile 更新任务...
2026-07-23 14:17:02.046 | INFO     | N/A | ⏳ 等待 Profile 更新任务...
2026-07-23 14:17:07.070 | INFO     | N/A | ⏳ 等待 Profile 更新任务...
2026-07-23 14:17:12.094 | INFO     | N/A | ⏳ 等待 Profile 更新任务...
2026-07-23 14:17:17.115 | INFO     | N/A | ⏳ 等待 Profile 更新任务...
2026-07-23 14:17:22.137 | INFO     | N/A | ⏳ 等待 Profile 更新任务...
2026-07-23 14:17:27.163 | INFO     | N/A | ⏳ 等待 Profile 更新任务...
2026-07-23 14:17:32.197 | INFO     | N/A | ⏳ 等待 Profile 更新任务...
2026-07-23 14:17:37.221 | INFO     | N/A | ⏳ 等待 Profile 更新任务...
2026-07-23 14:17:42.247 | INFO     | N/A | ⏳ 等待 Profile 更新任务...
2026-07-23 14:17:47.272 | INFO     | N/A | ⏳ 等待 Profile 更新任务...
2026-07-23 14:17:52.298 | INFO     | N/A | ⏳ 等待 Profile 更新任务...
2026-07-23 14:17:57.306 | INFO     | N/A | ⏳ 等待 Profile 更新任务...
2026-07-23 14:18:02.355 | INFO     | N/A | ⏳ 等待 Profile 更新任务...
2026-07-23 14:18:07.378 | INFO     | N/A | ⏳ 等待 Profile 更新任务...
2026-07-23 14:18:12.402 | INFO     | N/A | ⏳ 等待 Profile 更新任务...
2026-07-23 14:18:17.423 | INFO     | N/A | ⏳ 等待 Profile 更新任务...
2026-07-23 14:18:22.446 | INFO     | N/A | ⏳ 等待 Profile 更新任务...
2026-07-23 14:18:27.473 | INFO     | N/A | ⏳ 等待 Profile 更新任务...
2026-07-23 14:18:32.503 | INFO     | N/A | ⏳ 等待 Profile 更新任务...
2026-07-23 14:18:37.526 | INFO     | N/A | ⏳ 等待 Profile 更新任务...
2026-07-23 14:18:42.549 | INFO     | N/A | ⏳ 等待 Profile 更新任务...
2026-07-23 14:18:47.572 | INFO     | N/A | ⏳ 等待 Profile 更新任务...
2026-07-23 14:18:52.593 | INFO     | N/A | ⏳ 等待 Profile 更新任务...
2026-07-23 14:18:57.621 | INFO     | N/A | ⏳ 等待 Profile 更新任务...
2026-07-23 14:19:02.654 | INFO     | N/A | ⏳ 等待 Profile 更新任务...
2026-07-23 14:19:07.676 | INFO     | N/A | ⏳ 等待 Profile 更新任务...
2026-07-23 14:19:12.703 | INFO     | N/A | ⏳ 等待 Profile 更新任务...
2026-07-23 14:19:17.728 | INFO     | N/A | ⏳ 等待 Profile 更新任务...
2026-07-23 14:19:22.752 | INFO     | N/A | ⏳ 等待 Profile 更新任务...
2026-07-23 14:19:27.777 | INFO     | N/A | ⏳ 等待 Profile 更新任务...
2026-07-23 14:19:32.803 | INFO     | N/A | ⏳ 等待 Profile 更新任务...
2026-07-23 14:19:37.824 | INFO     | N/A | ⏳ 等待 Profile 更新任务...
2026-07-23 14:19:42.845 | INFO     | N/A | ⏳ 等待 Profile 更新任务...
2026-07-23 14:19:47.873 | INFO     | N/A | ⏳ 等待 Profile 更新任务...
2026-07-23 14:19:52.895 | INFO     | N/A | ⏳ 等待 Profile 更新任务...
2026-07-23 14:19:57.909 | INFO     | N/A | ⏳ 等待 Profile 更新任务...
2026-07-23 14:20:02.948 | INFO     | N/A | ⏳ 等待 Profile 更新任务...
2026-07-23 14:20:07.969 | INFO     | N/A | ⏳ 等待 Profile 更新任务...
2026-07-23 14:20:12.991 | INFO     | N/A | ⏳ 等待 Profile 更新任务...
2026-07-23 14:20:18.030 | INFO     | N/A | ⏳ 等待 Profile 更新任务...
2026-07-23 14:20:23.052 | INFO     | N/A | ⏳ 等待 Profile 更新任务...
2026-07-23 14:20:28.080 | INFO     | N/A | ⏳ 等待 Profile 更新任务...
2026-07-23 14:20:33.129 | INFO     | N/A | ⏳ 等待 Profile 更新任务...
2026-07-23 14:20:38.151 | INFO     | N/A | ⏳ 等待 Profile 更新任务...
2026-07-23 14:20:43.172 | INFO     | N/A | ⏳ 等待 Profile 更新任务...
2026-07-23 14:20:48.194 | INFO     | N/A | ⏳ 等待 Profile 更新任务...
2026-07-23 14:20:53.217 | INFO     | N/A | ⏳ 等待 Profile 更新任务...
2026-07-23 14:20:58.245 | INFO     | N/A | ⏳ 等待 Profile 更新任务...
2026-07-23 14:21:03.273 | INFO     | N/A | ⏳ 等待 Profile 更新任务...
2026-07-23 14:21:08.294 | INFO     | N/A | ⏳ 等待 Profile 更新任务...
2026-07-23 14:21:13.316 | INFO     | N/A | ⏳ 等待 Profile 更新任务...
2026-07-23 14:21:18.338 | INFO     | N/A | ⏳ 等待 Profile 更新任务...
2026-07-23 14:21:23.358 | INFO     | N/A | ⏳ 等待 Profile 更新任务...
2026-07-23 14:21:28.397 | INFO     | N/A | ⏳ 等待 Profile 更新任务...
2026-07-23 14:21:33.423 | INFO     | N/A | ⏳ 等待 Profile 更新任务...
2026-07-23 14:21:38.448 | INFO     | N/A | ⏳ 等待 Profile 更新任务...
2026-07-23 14:21:43.489 | INFO     | N/A | ⏳ 等待 Profile 更新任务...
2026-07-23 14:21:48.513 | INFO     | N/A | ⏳ 等待 Profile 更新任务...
2026-07-23 14:21:53.535 | INFO     | N/A | ⏳ 等待 Profile 更新任务...
2026-07-23 14:21:58.564 | INFO     | N/A | ⏳ 等待 Profile 更新任务...
2026-07-23 14:22:03.592 | INFO     | N/A | ⏳ 等待 Profile 更新任务...
2026-07-23 14:22:08.613 | INFO     | N/A | ⏳ 等待 Profile 更新任务...
2026-07-23 14:22:13.635 | INFO     | N/A | ⏳ 等待 Profile 更新任务...
2026-07-23 14:22:18.658 | INFO     | N/A | ⏳ 等待 Profile 更新任务...
2026-07-23 14:22:23.682 | INFO     | N/A | ⏳ 等待 Profile 更新任务...
2026-07-23 14:22:28.711 | INFO     | N/A | ⏳ 等待 Profile 更新任务...
2026-07-23 14:22:33.740 | INFO     | N/A | ⏳ 等待 Profile 更新任务...
2026-07-23 14:22:38.761 | INFO     | N/A | ⏳ 等待 Profile 更新任务...
2026-07-23 14:22:43.784 | INFO     | N/A | ⏳ 等待 Profile 更新任务...
2026-07-23 14:22:48.809 | INFO     | N/A | ⏳ 等待 Profile 更新任务...
2026-07-23 14:22:53.831 | INFO     | N/A | ⏳ 等待 Profile 更新任务...
2026-07-23 14:22:58.859 | INFO     | N/A | ⏳ 等待 Profile 更新任务...
2026-07-23 14:23:03.891 | INFO     | N/A | ⏳ 等待 Profile 更新任务...
2026-07-23 14:23:08.914 | INFO     | N/A | ⏳ 等待 Profile 更新任务...
2026-07-23 14:23:13.940 | INFO     | N/A | ⏳ 等待 Profile 更新任务...
2026-07-23 14:23:18.965 | INFO     | N/A | ⏳ 等待 Profile 更新任务...
2026-07-23 14:23:23.989 | INFO     | N/A | ⏳ 等待 Profile 更新任务...
2026-07-23 14:23:29.013 | INFO     | N/A | ⏳ 等待 Profile 更新任务...
2026-07-23 14:23:34.044 | INFO     | N/A | ⏳ 等待 Profile 更新任务...
2026-07-23 14:23:39.065 | INFO     | N/A | ⏳ 等待 Profile 更新任务...
2026-07-23 14:23:44.089 | INFO     | N/A | ⏳ 等待 Profile 更新任务...
2026-07-23 14:23:49.116 | INFO     | N/A | ⏳ 等待 Profile 更新任务...
2026-07-23 14:23:54.139 | INFO     | N/A | ⏳ 等待 Profile 更新任务...
2026-07-23 14:23:59.169 | INFO     | N/A | ⏳ 等待 Profile 更新任务...
2026-07-23 14:24:04.195 | INFO     | N/A | ⏳ 等待 Profile 更新任务...
2026-07-23 14:24:09.221 | INFO     | N/A | ⏳ 等待 Profile 更新任务...
2026-07-23 14:24:14.246 | INFO     | N/A | ⏳ 等待 Profile 更新任务...
2026-07-23 14:24:19.268 | INFO     | N/A | ⏳ 等待 Profile 更新任务...
2026-07-23 14:24:24.292 | INFO     | N/A | ⏳ 等待 Profile 更新任务...
2026-07-23 14:24:29.324 | INFO     | N/A | ⏳ 等待 Profile 更新任务...
2026-07-23 14:24:34.351 | INFO     | N/A | ⏳ 等待 Profile 更新任务...
2026-07-23 14:24:39.375 | INFO     | N/A | ⏳ 等待 Profile 更新任务...
2026-07-23 14:24:44.401 | INFO     | N/A | ⏳ 等待 Profile 更新任务...
2026-07-23 14:24:49.427 | INFO     | N/A | ⏳ 等待 Profile 更新任务...
2026-07-23 14:24:54.449 | INFO     | N/A | ⏳ 等待 Profile 更新任务...
2026-07-23 14:24:59.475 | INFO     | N/A | ⏳ 等待 Profile 更新任务...
2026-07-23 14:25:04.500 | INFO     | N/A | ⏳ 等待 Profile 更新任务...
2026-07-23 14:25:09.524 | INFO     | N/A | ⏳ 等待 Profile 更新任务...
2026-07-23 14:25:14.549 | INFO     | N/A | ⏳ 等待 Profile 更新任务...
2026-07-23 14:25:19.574 | INFO     | N/A | ⏳ 等待 Profile 更新任务...
2026-07-23 14:25:24.596 | INFO     | N/A | ⏳ 等待 Profile 更新任务...
2026-07-23 14:25:29.622 | INFO     | N/A | ⏳ 等待 Profile 更新任务...
2026-07-23 14:25:34.649 | INFO     | N/A | ⏳ 等待 Profile 更新任务...
2026-07-23 14:25:39.672 | INFO     | N/A | ⏳ 等待 Profile 更新任务...
2026-07-23 14:25:44.697 | INFO     | N/A | ⏳ 等待 Profile 更新任务...
2026-07-23 14:25:49.721 | INFO     | N/A | ⏳ 等待 Profile 更新任务...
2026-07-23 14:25:54.744 | INFO     | N/A | ⏳ 等待 Profile 更新任务...
2026-07-23 14:25:59.774 | INFO     | N/A | ⏳ 等待 Profile 更新任务...
2026-07-23 14:26:04.802 | INFO     | N/A | ⏳ 等待 Profile 更新任务...
2026-07-23 14:26:09.824 | INFO     | N/A | ⏳ 等待 Profile 更新任务...
2026-07-23 14:26:14.846 | INFO     | N/A | ⏳ 等待 Profile 更新任务...
2026-07-23 14:26:19.869 | INFO     | N/A | ⏳ 等待 Profile 更新任务...
2026-07-23 14:26:24.891 | INFO     | N/A | ⏳ 等待 Profile 更新任务...
2026-07-23 14:26:29.907 | INFO     | N/A | ⏳ 等待 Profile 更新任务...
2026-07-23 14:26:34.947 | INFO     | N/A | ⏳ 等待 Profile 更新任务...
2026-07-23 14:26:39.973 | INFO     | N/A | ⏳ 等待 Profile 更新任务...
2026-07-23 14:26:44.995 | INFO     | N/A | ⏳ 等待 Profile 更新任务...
2026-07-23 14:26:50.023 | INFO     | N/A | ⏳ 等待 Profile 更新任务...
2026-07-23 14:26:55.048 | INFO     | N/A | ⏳ 等待 Profile 更新任务...
2026-07-23 14:27:00.078 | INFO     | N/A | ⏳ 等待 Profile 更新任务...
2026-07-23 14:27:05.108 | INFO     | N/A | ⏳ 等待 Profile 更新任务...
2026-07-23 14:27:10.129 | INFO     | N/A | ⏳ 等待 Profile 更新任务...
2026-07-23 14:27:15.153 | INFO     | N/A | ⏳ 等待 Profile 更新任务...
2026-07-23 14:27:20.175 | INFO     | N/A | ⏳ 等待 Profile 更新任务...
2026-07-23 14:27:25.198 | INFO     | N/A | ⏳ 等待 Profile 更新任务...
2026-07-23 14:27:30.229 | INFO     | N/A | ⏳ 等待 Profile 更新任务...
2026-07-23 14:27:35.258 | INFO     | N/A | ⏳ 等待 Profile 更新任务...
2026-07-23 14:27:40.280 | INFO     | N/A | ⏳ 等待 Profile 更新任务...
2026-07-23 14:27:45.306 | INFO     | N/A | ⏳ 等待 Profile 更新任务...
2026-07-23 14:27:50.328 | INFO     | N/A | ⏳ 等待 Profile 更新任务...
2026-07-23 14:27:55.351 | INFO     | N/A | ⏳ 等待 Profile 更新任务...
2026-07-23 14:28:00.382 | INFO     | N/A | ⏳ 等待 Profile 更新任务...
2026-07-23 14:28:05.410 | INFO     | N/A | ⏳ 等待 Profile 更新任务...
2026-07-23 14:28:10.433 | INFO     | N/A | ⏳ 等待 Profile 更新任务...
2026-07-23 14:28:15.457 | INFO     | N/A | ⏳ 等待 Profile 更新任务...
2026-07-23 14:28:20.480 | INFO     | N/A | ⏳ 等待 Profile 更新任务...
2026-07-23 14:28:25.501 | INFO     | N/A | ⏳ 等待 Profile 更新任务...
2026-07-23 14:28:30.532 | INFO     | N/A | ⏳ 等待 Profile 更新任务...
2026-07-23 14:28:35.557 | INFO     | N/A | ⏳ 等待 Profile 更新任务...
2026-07-23 14:28:40.583 | INFO     | N/A | ⏳ 等待 Profile 更新任务...
2026-07-23 14:28:45.606 | INFO     | N/A | ⏳ 等待 Profile 更新任务...
2026-07-23 14:28:50.631 | INFO     | N/A | ⏳ 等待 Profile 更新任务...
2026-07-23 14:28:55.656 | INFO     | N/A | ⏳ 等待 Profile 更新任务...
2026-07-23 14:29:00.687 | INFO     | N/A | ⏳ 等待 Profile 更新任务...
2026-07-23 14:29:05.715 | INFO     | N/A | ⏳ 等待 Profile 更新任务...
2026-07-23 14:29:10.739 | INFO     | N/A | ⏳ 等待 Profile 更新任务...
2026-07-23 14:29:15.762 | INFO     | N/A | ⏳ 等待 Profile 更新任务...
2026-07-23 14:29:20.788 | INFO     | N/A | ⏳ 等待 Profile 更新任务...
2026-07-23 14:29:25.809 | INFO     | N/A | ⏳ 等待 Profile 更新任务...
2026-07-23 14:29:30.814 | INFO     | N/A | ⏳ 等待 Profile 更新任务...
2026-07-23 14:29:35.866 | INFO     | N/A | ⏳ 等待 Profile 更新任务...
2026-07-23 14:29:40.893 | INFO     | N/A | ⏳ 等待 Profile 更新任务...
2026-07-23 14:29:45.916 | INFO     | N/A | ⏳ 等待 Profile 更新任务...
2026-07-23 14:29:50.940 | INFO     | N/A | ⏳ 等待 Profile 更新任务...
2026-07-23 14:29:55.963 | INFO     | N/A | ⏳ 等待 Profile 更新任务...
2026-07-23 14:30:00.997 | INFO     | N/A | ⏳ 等待 Profile 更新任务...
2026-07-23 14:30:06.023 | INFO     | N/A | ⏳ 等待 Profile 更新任务...
2026-07-23 14:30:11.046 | INFO     | N/A | ⏳ 等待 Profile 更新任务...
2026-07-23 14:30:16.071 | INFO     | N/A | ⏳ 等待 Profile 更新任务...
2026-07-23 14:30:21.094 | INFO     | N/A | ⏳ 等待 Profile 更新任务...
2026-07-23 14:30:26.116 | INFO     | N/A | ⏳ 等待 Profile 更新任务...
2026-07-23 14:30:31.146 | INFO     | N/A | ⏳ 等待 Profile 更新任务...
2026-07-23 14:30:36.174 | INFO     | N/A | ⏳ 等待 Profile 更新任务...
2026-07-23 14:30:41.195 | INFO     | N/A | ⏳ 等待 Profile 更新任务...
2026-07-23 14:30:46.218 | INFO     | N/A | ⏳ 等待 Profile 更新任务...
2026-07-23 14:30:51.243 | INFO     | N/A | ⏳ 等待 Profile 更新任务...
2026-07-23 14:30:56.265 | INFO     | N/A | ⏳ 等待 Profile 更新任务...
2026-07-23 14:31:01.296 | INFO     | N/A | ⏳ 等待 Profile 更新任务...
2026-07-23 14:31:06.324 | INFO     | N/A | ⏳ 等待 Profile 更新任务...
2026-07-23 14:31:11.346 | INFO     | N/A | ⏳ 等待 Profile 更新任务...
2026-07-23 14:31:16.370 | INFO     | N/A | ⏳ 等待 Profile 更新任务...
2026-07-23 14:31:21.395 | INFO     | N/A | ⏳ 等待 Profile 更新任务...
2026-07-23 14:31:26.417 | INFO     | N/A | ⏳ 等待 Profile 更新任务...
2026-07-23 14:31:31.449 | INFO     | N/A | ⏳ 等待 Profile 更新任务...
2026-07-23 14:31:36.475 | INFO     | N/A | ⏳ 等待 Profile 更新任务...
2026-07-23 14:31:41.496 | INFO     | N/A | ⏳ 等待 Profile 更新任务...
2026-07-23 14:31:46.520 | INFO     | N/A | ⏳ 等待 Profile 更新任务...
2026-07-23 14:31:51.545 | INFO     | N/A | ⏳ 等待 Profile 更新任务...
2026-07-23 14:31:56.569 | INFO     | N/A | ⏳ 等待 Profile 更新任务...
2026-07-23 14:32:01.604 | INFO     | N/A | ⏳ 等待 Profile 更新任务...
2026-07-23 14:32:06.630 | INFO     | N/A | ⏳ 等待 Profile 更新任务...
2026-07-23 14:32:11.653 | INFO     | N/A | ⏳ 等待 Profile 更新任务...
2026-07-23 14:32:16.675 | INFO     | N/A | ⏳ 等待 Profile 更新任务...
2026-07-23 14:32:21.704 | INFO     | N/A | ⏳ 等待 Profile 更新任务...
2026-07-23 14:32:26.725 | INFO     | N/A | ⏳ 等待 Profile 更新任务...
2026-07-23 14:32:31.761 | INFO     | N/A | ⏳ 等待 Profile 更新任务...
2026-07-23 14:32:36.786 | INFO     | N/A | ⏳ 等待 Profile 更新任务...
2026-07-23 14:32:41.809 | INFO     | N/A | ⏳ 等待 Profile 更新任务...
2026-07-23 14:32:46.830 | INFO     | N/A | ⏳ 等待 Profile 更新任务...
2026-07-23 14:32:51.854 | INFO     | N/A | ⏳ 等待 Profile 更新任务...
2026-07-23 14:32:56.877 | INFO     | N/A | ⏳ 等待 Profile 更新任务...
2026-07-23 14:33:01.910 | INFO     | N/A | ⏳ 等待 Profile 更新任务...
2026-07-23 14:33:06.934 | INFO     | N/A | ⏳ 等待 Profile 更新任务...
2026-07-23 14:33:11.957 | INFO     | N/A | ⏳ 等待 Profile 更新任务...
2026-07-23 14:33:16.980 | INFO     | N/A | ⏳ 等待 Profile 更新任务...
2026-07-23 14:33:22.006 | INFO     | N/A | ⏳ 等待 Profile 更新任务...
2026-07-23 14:33:27.030 | INFO     | N/A | ⏳ 等待 Profile 更新任务...
2026-07-23 14:33:32.060 | INFO     | N/A | ⏳ 等待 Profile 更新任务...
2026-07-23 14:33:37.082 | INFO     | N/A | ⏳ 等待 Profile 更新任务...
2026-07-23 14:33:42.105 | INFO     | N/A | ⏳ 等待 Profile 更新任务...
2026-07-23 14:33:47.130 | INFO     | N/A | ⏳ 等待 Profile 更新任务...
2026-07-23 14:33:52.152 | INFO     | N/A | ⏳ 等待 Profile 更新任务...
2026-07-23 14:33:57.175 | INFO     | N/A | ⏳ 等待 Profile 更新任务...
2026-07-23 14:34:02.202 | INFO     | N/A | ⏳ 等待 Profile 更新任务...
2026-07-23 14:34:07.230 | INFO     | N/A | ⏳ 等待 Profile 更新任务...
2026-07-23 14:34:12.254 | INFO     | N/A | ⏳ 等待 Profile 更新任务...
2026-07-23 14:34:17.278 | INFO     | N/A | ⏳ 等待 Profile 更新任务...
2026-07-23 14:34:22.301 | INFO     | N/A | ⏳ 等待 Profile 更新任务...
2026-07-23 14:34:27.324 | INFO     | N/A | ⏳ 等待 Profile 更新任务...
2026-07-23 14:34:32.359 | INFO     | N/A | ⏳ 等待 Profile 更新任务...
2026-07-23 14:34:37.385 | INFO     | N/A | ⏳ 等待 Profile 更新任务...
2026-07-23 14:34:42.408 | INFO     | N/A | ⏳ 等待 Profile 更新任务...
2026-07-23 14:34:47.430 | INFO     | N/A | ⏳ 等待 Profile 更新任务...
2026-07-23 14:34:52.453 | INFO     | N/A | ⏳ 等待 Profile 更新任务...
2026-07-23 14:34:57.477 | INFO     | N/A | ⏳ 等待 Profile 更新任务...
2026-07-23 14:35:02.511 | INFO     | N/A | ⏳ 等待 Profile 更新任务...
2026-07-23 14:35:07.534 | INFO     | N/A | ⏳ 等待 Profile 更新任务...
2026-07-23 14:35:12.555 | INFO     | N/A | ⏳ 等待 Profile 更新任务...
2026-07-23 14:35:17.577 | INFO     | N/A | ⏳ 等待 Profile 更新任务...
2026-07-23 14:35:22.603 | INFO     | N/A | ⏳ 等待 Profile 更新任务...
2026-07-23 14:35:27.624 | INFO     | N/A | ⏳ 等待 Profile 更新任务...
2026-07-23 14:35:32.667 | INFO     | N/A | ⏳ 等待 Profile 更新任务...
2026-07-23 14:35:37.690 | INFO     | N/A | ⏳ 等待 Profile 更新任务...
2026-07-23 14:35:42.712 | INFO     | N/A | ⏳ 等待 Profile 更新任务...
2026-07-23 14:35:47.736 | INFO     | N/A | ⏳ 等待 Profile 更新任务...
2026-07-23 14:35:52.760 | INFO     | N/A | ⏳ 等待 Profile 更新任务...
2026-07-23 14:35:57.783 | INFO     | N/A | ⏳ 等待 Profile 更新任务...
2026-07-23 14:36:02.803 | INFO     | N/A | ⏳ 等待 Profile 更新任务...
2026-07-23 14:36:07.841 | INFO     | N/A | ⏳ 等待 Profile 更新任务...
2026-07-23 14:36:12.864 | INFO     | N/A | ⏳ 等待 Profile 更新任务...
2026-07-23 14:36:17.886 | INFO     | N/A | ⏳ 等待 Profile 更新任务...
2026-07-23 14:36:22.911 | INFO     | N/A | ⏳ 等待 Profile 更新任务...
2026-07-23 14:36:27.935 | INFO     | N/A | ⏳ 等待 Profile 更新任务...
2026-07-23 14:36:32.971 | INFO     | N/A | ⏳ 等待 Profile 更新任务...
2026-07-23 14:36:37.997 | INFO     | N/A | ⏳ 等待 Profile 更新任务...
2026-07-23 14:36:43.021 | INFO     | N/A | ⏳ 等待 Profile 更新任务...
2026-07-23 14:36:48.046 | INFO     | N/A | ⏳ 等待 Profile 更新任务...
2026-07-23 14:36:53.071 | INFO     | N/A | ⏳ 等待 Profile 更新任务...
2026-07-23 14:36:58.096 | INFO     | N/A | ⏳ 等待 Profile 更新任务...
2026-07-23 14:37:03.132 | INFO     | N/A | ⏳ 等待 Profile 更新任务...
2026-07-23 14:37:08.156 | INFO     | N/A | ⏳ 等待 Profile 更新任务...
2026-07-23 14:37:13.180 | INFO     | N/A | ⏳ 等待 Profile 更新任务...
2026-07-23 14:37:18.203 | INFO     | N/A | ⏳ 等待 Profile 更新任务...
2026-07-23 14:37:23.227 | INFO     | N/A | ⏳ 等待 Profile 更新任务...
2026-07-23 14:37:28.251 | INFO     | N/A | ⏳ 等待 Profile 更新任务...
2026-07-23 14:37:33.284 | INFO     | N/A | ⏳ 等待 Profile 更新任务...
2026-07-23 14:37:38.307 | INFO     | N/A | ⏳ 等待 Profile 更新任务...
2026-07-23 14:37:43.332 | INFO     | N/A | ⏳ 等待 Profile 更新任务...
2026-07-23 14:37:48.355 | INFO     | N/A | ⏳ 等待 Profile 更新任务...
2026-07-23 14:37:53.378 | INFO     | N/A | ⏳ 等待 Profile 更新任务...
2026-07-23 14:37:58.401 | INFO     | N/A | ⏳ 等待 Profile 更新任务...
2026-07-23 14:38:03.434 | INFO     | N/A | ⏳ 等待 Profile 更新任务...
2026-07-23 14:38:08.457 | INFO     | N/A | ⏳ 等待 Profile 更新任务...
2026-07-23 14:38:13.478 | INFO     | N/A | ⏳ 等待 Profile 更新任务...
2026-07-23 14:38:18.501 | INFO     | N/A | ⏳ 等待 Profile 更新任务...
2026-07-23 14:38:23.523 | INFO     | N/A | ⏳ 等待 Profile 更新任务...
2026-07-23 14:38:28.548 | INFO     | N/A | ⏳ 等待 Profile 更新任务...
2026-07-23 14:38:33.585 | INFO     | N/A | ⏳ 等待 Profile 更新任务...
2026-07-23 14:38:38.608 | INFO     | N/A | ⏳ 等待 Profile 更新任务...
2026-07-23 14:38:43.632 | INFO     | N/A | ⏳ 等待 Profile 更新任务...
2026-07-23 14:38:48.654 | INFO     | N/A | ⏳ 等待 Profile 更新任务...
2026-07-23 14:38:53.675 | INFO     | N/A | ⏳ 等待 Profile 更新任务...
2026-07-23 14:38:58.698 | INFO     | N/A | ⏳ 等待 Profile 更新任务...
2026-07-23 14:39:03.730 | INFO     | N/A | ⏳ 等待 Profile 更新任务...
2026-07-23 14:39:08.754 | INFO     | N/A | ⏳ 等待 Profile 更新任务...
2026-07-23 14:39:13.780 | INFO     | N/A | ⏳ 等待 Profile 更新任务...
2026-07-23 14:39:18.802 | INFO     | N/A | ⏳ 等待 Profile 更新任务...
2026-07-23 14:39:23.823 | INFO     | N/A | ⏳ 等待 Profile 更新任务...
2026-07-23 14:39:28.847 | INFO     | N/A | ⏳ 等待 Profile 更新任务...
2026-07-23 14:39:33.877 | INFO     | N/A | ⏳ 等待 Profile 更新任务...
2026-07-23 14:39:38.902 | INFO     | N/A | ⏳ 等待 Profile 更新任务...
2026-07-23 14:39:43.928 | INFO     | N/A | ⏳ 等待 Profile 更新任务...
2026-07-23 14:39:48.950 | INFO     | N/A | ⏳ 等待 Profile 更新任务...
2026-07-23 14:39:53.976 | INFO     | N/A | ⏳ 等待 Profile 更新任务...
2026-07-23 14:39:58.998 | INFO     | N/A | ⏳ 等待 Profile 更新任务...
2026-07-23 14:40:04.035 | INFO     | N/A | ⏳ 等待 Profile 更新任务...
2026-07-23 14:40:09.062 | INFO     | N/A | ⏳ 等待 Profile 更新任务...
2026-07-23 14:40:14.088 | INFO     | N/A | ⏳ 等待 Profile 更新任务...
2026-07-23 14:40:19.140 | INFO     | N/A | ⏳ 等待 Profile 更新任务...
2026-07-23 14:40:24.163 | INFO     | N/A | ⏳ 等待 Profile 更新任务...
2026-07-23 14:40:29.189 | INFO     | N/A | ⏳ 等待 Profile 更新任务...
2026-07-23 14:40:34.219 | INFO     | N/A | ⏳ 等待 Profile 更新任务...
2026-07-23 14:40:39.242 | INFO     | N/A | ⏳ 等待 Profile 更新任务...
2026-07-23 14:40:44.265 | INFO     | N/A | ⏳ 等待 Profile 更新任务...
2026-07-23 14:40:49.289 | INFO     | N/A | ⏳ 等待 Profile 更新任务...
2026-07-23 14:40:54.312 | INFO     | N/A | ⏳ 等待 Profile 更新任务...
2026-07-23 14:40:59.334 | INFO     | N/A | ⏳ 等待 Profile 更新任务...
2026-07-23 14:41:04.367 | INFO     | N/A | ⏳ 等待 Profile 更新任务...
2026-07-23 14:41:09.390 | INFO     | N/A | ⏳ 等待 Profile 更新任务...
2026-07-23 14:41:14.413 | INFO     | N/A | ⏳ 等待 Profile 更新任务...
2026-07-23 14:41:19.435 | INFO     | N/A | ⏳ 等待 Profile 更新任务...
2026-07-23 14:41:24.455 | INFO     | N/A | ⏳ 等待 Profile 更新任务...
2026-07-23 14:41:29.479 | INFO     | N/A | ⏳ 等待 Profile 更新任务...
2026-07-23 14:41:34.511 | INFO     | N/A | ⏳ 等待 Profile 更新任务...
2026-07-23 14:41:39.533 | INFO     | N/A | ⏳ 等待 Profile 更新任务...
2026-07-23 14:41:44.555 | INFO     | N/A | ⏳ 等待 Profile 更新任务...
2026-07-23 14:41:49.578 | INFO     | N/A | ⏳ 等待 Profile 更新任务...
2026-07-23 14:41:54.603 | INFO     | N/A | ⏳ 等待 Profile 更新任务...
2026-07-23 14:41:59.627 | INFO     | N/A | ⏳ 等待 Profile 更新任务...
2026-07-23 14:42:04.658 | INFO     | N/A | ⏳ 等待 Profile 更新任务...
2026-07-23 14:42:09.679 | INFO     | N/A | ⏳ 等待 Profile 更新任务...
2026-07-23 14:42:14.701 | INFO     | N/A | ⏳ 等待 Profile 更新任务...
2026-07-23 14:42:19.724 | INFO     | N/A | ⏳ 等待 Profile 更新任务...
2026-07-23 14:42:24.745 | INFO     | N/A | ⏳ 等待 Profile 更新任务...
2026-07-23 14:42:29.768 | INFO     | N/A | ⏳ 等待 Profile 更新任务...
2026-07-23 14:42:34.800 | INFO     | N/A | ⏳ 等待 Profile 更新任务...
2026-07-23 14:42:39.821 | INFO     | N/A | ⏳ 等待 Profile 更新任务...
2026-07-23 14:42:44.844 | INFO     | N/A | ⏳ 等待 Profile 更新任务...
2026-07-23 14:42:49.867 | INFO     | N/A | ⏳ 等待 Profile 更新任务...
2026-07-23 14:42:54.892 | INFO     | N/A | ⏳ 等待 Profile 更新任务...
2026-07-23 14:42:59.915 | INFO     | N/A | ⏳ 等待 Profile 更新任务...
2026-07-23 14:43:04.948 | INFO     | N/A | ⏳ 等待 Profile 更新任务...
2026-07-23 14:43:09.971 | INFO     | N/A | ⏳ 等待 Profile 更新任务...
2026-07-23 14:43:14.993 | INFO     | N/A | ⏳ 等待 Profile 更新任务...
2026-07-23 14:43:20.016 | INFO     | N/A | ⏳ 等待 Profile 更新任务...
2026-07-23 14:43:25.039 | INFO     | N/A | ⏳ 等待 Profile 更新任务...
2026-07-23 14:43:30.064 | INFO     | N/A | ⏳ 等待 Profile 更新任务...
2026-07-23 14:43:35.095 | INFO     | N/A | ⏳ 等待 Profile 更新任务...
2026-07-23 14:43:40.117 | INFO     | N/A | ⏳ 等待 Profile 更新任务...
2026-07-23 14:43:45.142 | INFO     | N/A | ⏳ 等待 Profile 更新任务...
2026-07-23 14:43:50.165 | INFO     | N/A | ⏳ 等待 Profile 更新任务...
2026-07-23 14:43:55.180 | INFO     | N/A | ⏳ 等待 Profile 更新任务...
2026-07-23 14:44:00.215 | INFO     | N/A | ⏳ 等待 Profile 更新任务...
2026-07-23 14:44:05.343 | INFO     | N/A | ⏳ 等待 Profile 更新任务...
2026-07-23 14:44:10.373 | INFO     | N/A | ⏳ 等待 Profile 更新任务...
2026-07-23 14:44:15.409 | INFO     | N/A | ⏳ 等待 Profile 更新任务...
2026-07-23 14:44:20.491 | INFO     | N/A | ⏳ 等待 Profile 更新任务...
2026-07-23 14:44:25.506 | INFO     | N/A | ⏳ 等待 Profile 更新任务...
2026-07-23 14:44:30.541 | INFO     | N/A | ⏳ 等待 Profile 更新任务...
2026-07-23 14:44:35.594 | INFO     | N/A | ⏳ 等待 Profile 更新任务...
2026-07-23 14:44:40.679 | INFO     | N/A | ⏳ 等待 Profile 更新任务...
2026-07-23 14:44:45.749 | INFO     | N/A | ⏳ 等待 Profile 更新任务...
2026-07-23 14:44:50.808 | INFO     | N/A | ⏳ 等待 Profile 更新任务...
2026-07-23 14:44:55.855 | INFO     | N/A | ⏳ 等待 Profile 更新任务...
2026-07-23 14:45:00.928 | INFO     | N/A | ⏳ 等待 Profile 更新任务...
2026-07-23 14:45:05.995 | INFO     | N/A | ⏳ 等待 Profile 更新任务...
2026-07-23 14:45:11.015 | INFO     | N/A | ⏳ 等待 Profile 更新任务...
2026-07-23 14:45:16.055 | INFO     | N/A | ⏳ 等待 Profile 更新任务...
2026-07-23 14:45:21.103 | INFO     | N/A | ⏳ 等待 Profile 更新任务...
2026-07-23 14:45:26.175 | INFO     | N/A | ⏳ 等待 Profile 更新任务...
2026-07-23 14:45:31.205 | INFO     | N/A | ⏳ 等待 Profile 更新任务...
2026-07-23 14:45:36.214 | INFO     | N/A | ⏳ 等待 Profile 更新任务...
2026-07-23 14:45:41.312 | INFO     | N/A | ⏳ 等待 Profile 更新任务...
2026-07-23 14:45:46.352 | INFO     | N/A | ⏳ 等待 Profile 更新任务...
2026-07-23 14:45:51.426 | INFO     | N/A | ⏳ 等待 Profile 更新任务...
2026-07-23 14:45:56.474 | INFO     | N/A | ⏳ 等待 Profile 更新任务...
2026-07-23 14:46:01.532 | INFO     | N/A | ⏳ 等待 Profile 更新任务...
2026-07-23 14:46:06.614 | INFO     | N/A | ⏳ 等待 Profile 更新任务...
2026-07-23 14:46:11.666 | INFO     | N/A | ⏳ 等待 Profile 更新任务...
2026-07-23 14:46:16.709 | INFO     | N/A | ⏳ 等待 Profile 更新任务...
2026-07-23 14:46:21.748 | INFO     | N/A | ⏳ 等待 Profile 更新任务...
2026-07-23 14:46:26.829 | INFO     | N/A | ⏳ 等待 Profile 更新任务...
2026-07-23 14:46:31.892 | INFO     | N/A | ⏳ 等待 Profile 更新任务...
2026-07-23 14:46:36.965 | INFO     | N/A | ⏳ 等待 Profile 更新任务...
2026-07-23 14:46:42.045 | INFO     | N/A | ⏳ 等待 Profile 更新任务...
2026-07-23 14:46:47.090 | INFO     | N/A | ⏳ 等待 Profile 更新任务...
2026-07-23 14:46:52.126 | INFO     | N/A | ⏳ 等待 Profile 更新任务...
2026-07-23 14:46:57.181 | INFO     | N/A | ⏳ 等待 Profile 更新任务...
2026-07-23 14:47:02.221 | INFO     | N/A | ⏳ 等待 Profile 更新任务...
2026-07-23 14:47:07.290 | INFO     | N/A | ⏳ 等待 Profile 更新任务...
2026-07-23 14:47:12.339 | INFO     | N/A | ⏳ 等待 Profile 更新任务...
2026-07-23 14:47:17.424 | INFO     | N/A | ⏳ 等待 Profile 更新任务...
2026-07-23 14:47:22.466 | INFO     | N/A | ⏳ 等待 Profile 更新任务...
2026-07-23 14:47:27.536 | INFO     | N/A | ⏳ 等待 Profile 更新任务...
2026-07-23 14:47:32.589 | INFO     | N/A | ⏳ 等待 Profile 更新任务...
2026-07-23 14:47:37.636 | INFO     | N/A | ⏳ 等待 Profile 更新任务...
2026-07-23 14:47:42.676 | INFO     | N/A | ⏳ 等待 Profile 更新任务...
2026-07-23 14:47:47.732 | INFO     | N/A | ⏳ 等待 Profile 更新任务...
2026-07-23 14:47:52.791 | INFO     | N/A | ⏳ 等待 Profile 更新任务...
2026-07-23 14:47:57.840 | INFO     | N/A | ⏳ 等待 Profile 更新任务...
2026-07-23 14:48:02.889 | INFO     | N/A | ⏳ 等待 Profile 更新任务...
2026-07-23 14:48:07.941 | INFO     | N/A | ⏳ 等待 Profile 更新任务...
2026-07-23 14:48:12.987 | INFO     | N/A | ⏳ 等待 Profile 更新任务...
2026-07-23 14:48:18.028 | INFO     | N/A | ⏳ 等待 Profile 更新任务...
2026-07-23 14:48:23.147 | INFO     | N/A | ⏳ 等待 Profile 更新任务...
2026-07-23 14:48:28.251 | INFO     | N/A | ⏳ 等待 Profile 更新任务...
2026-07-23 14:48:33.308 | INFO     | N/A | ⏳ 等待 Profile 更新任务...
2026-07-23 14:48:38.350 | INFO     | N/A | ⏳ 等待 Profile 更新任务...
2026-07-23 14:48:43.397 | INFO     | N/A | ⏳ 等待 Profile 更新任务...
2026-07-23 14:48:48.436 | INFO     | N/A | ⏳ 等待 Profile 更新任务...
2026-07-23 14:48:53.485 | INFO     | N/A | ⏳ 等待 Profile 更新任务...
2026-07-23 14:48:58.547 | INFO     | N/A | ⏳ 等待 Profile 更新任务...
2026-07-23 14:49:03.636 | INFO     | N/A | ⏳ 等待 Profile 更新任务...
2026-07-23 14:49:08.690 | INFO     | N/A | ⏳ 等待 Profile 更新任务...
2026-07-23 14:49:13.782 | INFO     | N/A | ⏳ 等待 Profile 更新任务...
2026-07-23 14:49:18.835 | INFO     | N/A | ⏳ 等待 Profile 更新任务...
2026-07-23 14:49:23.928 | INFO     | N/A | ⏳ 等待 Profile 更新任务...
2026-07-23 14:49:29.003 | INFO     | N/A | ⏳ 等待 Profile 更新任务...
2026-07-23 14:49:34.025 | INFO     | N/A | ⏳ 等待 Profile 更新任务...
2026-07-23 14:49:39.059 | INFO     | N/A | ⏳ 等待 Profile 更新任务...
2026-07-23 14:49:44.134 | INFO     | N/A | ⏳ 等待 Profile 更新任务...
2026-07-23 14:49:49.182 | INFO     | N/A | ⏳ 等待 Profile 更新任务...
2026-07-23 14:49:54.205 | INFO     | N/A | ⏳ 等待 Profile 更新任务...
2026-07-23 14:49:59.255 | INFO     | N/A | ⏳ 等待 Profile 更新任务...
2026-07-23 14:50:04.313 | INFO     | N/A | ⏳ 等待 Profile 更新任务...
2026-07-23 14:50:09.420 | INFO     | N/A | ⏳ 等待 Profile 更新任务...
2026-07-23 14:50:14.472 | INFO     | N/A | ⏳ 等待 Profile 更新任务...
2026-07-23 14:50:19.509 | INFO     | N/A | ⏳ 等待 Profile 更新任务...
2026-07-23 14:50:24.555 | INFO     | N/A | ⏳ 等待 Profile 更新任务...
2026-07-23 14:50:29.593 | INFO     | N/A | ⏳ 等待 Profile 更新任务...
2026-07-23 14:50:34.643 | INFO     | N/A | ⏳ 等待 Profile 更新任务...
2026-07-23 14:50:39.653 | INFO     | N/A | ⏳ 等待 Profile 更新任务...
2026-07-23 14:50:44.756 | INFO     | N/A | ⏳ 等待 Profile 更新任务...
2026-07-23 14:50:49.804 | INFO     | N/A | ⏳ 等待 Profile 更新任务...
2026-07-23 14:50:54.893 | INFO     | N/A | ⏳ 等待 Profile 更新任务...
2026-07-23 14:50:59.940 | INFO     | N/A | ⏳ 等待 Profile 更新任务...
2026-07-23 14:51:05.007 | INFO     | N/A | ⏳ 等待 Profile 更新任务...
2026-07-23 14:51:10.060 | INFO     | N/A | ⏳ 等待 Profile 更新任务...
2026-07-23 14:51:15.148 | INFO     | N/A | ⏳ 等待 Profile 更新任务...
2026-07-23 14:51:20.202 | INFO     | N/A | ⏳ 等待 Profile 更新任务...
2026-07-23 14:51:25.284 | INFO     | N/A | ⏳ 等待 Profile 更新任务...
2026-07-23 14:51:30.333 | INFO     | N/A | ⏳ 等待 Profile 更新任务...
2026-07-23 14:51:35.358 | INFO     | N/A | ⏳ 等待 Profile 更新任务...
2026-07-23 14:51:40.389 | INFO     | N/A | ⏳ 等待 Profile 更新任务...
2026-07-23 14:51:45.474 | INFO     | N/A | ⏳ 等待 Profile 更新任务...
2026-07-23 14:51:50.537 | INFO     | N/A | ⏳ 等待 Profile 更新任务...
2026-07-23 14:51:55.608 | INFO     | N/A | ⏳ 等待 Profile 更新任务...
2026-07-23 14:52:00.689 | INFO     | N/A | ⏳ 等待 Profile 更新任务...
2026-07-23 14:52:05.735 | INFO     | N/A | ⏳ 等待 Profile 更新任务...
2026-07-23 14:52:10.782 | INFO     | N/A | ⏳ 等待 Profile 更新任务...
2026-07-23 14:52:15.882 | INFO     | N/A | ⏳ 等待 Profile 更新任务...
2026-07-23 14:52:20.943 | INFO     | N/A | ⏳ 等待 Profile 更新任务...
2026-07-23 14:52:25.990 | INFO     | N/A | ⏳ 等待 Profile 更新任务...
2026-07-23 14:52:31.048 | INFO     | N/A | ⏳ 等待 Profile 更新任务...
2026-07-23 14:52:36.100 | INFO     | N/A | ⏳ 等待 Profile 更新任务...
2026-07-23 14:52:41.171 | INFO     | N/A | ⏳ 等待 Profile 更新任务...
2026-07-23 14:52:46.210 | INFO     | N/A | ⏳ 等待 Profile 更新任务...
2026-07-23 14:52:51.305 | INFO     | N/A | ⏳ 等待 Profile 更新任务...
2026-07-23 14:52:56.343 | INFO     | N/A | ⏳ 等待 Profile 更新任务...
2026-07-23 14:53:01.422 | INFO     | N/A | ⏳ 等待 Profile 更新任务...
2026-07-23 14:53:06.473 | INFO     | N/A | ⏳ 等待 Profile 更新任务...
2026-07-23 14:53:11.519 | INFO     | N/A | ⏳ 等待 Profile 更新任务...
2026-07-23 14:53:16.575 | INFO     | N/A | ⏳ 等待 Profile 更新任务...
2026-07-23 14:53:21.661 | INFO     | N/A | ⏳ 等待 Profile 更新任务...
2026-07-23 14:53:26.693 | INFO     | N/A | ⏳ 等待 Profile 更新任务...
2026-07-23 14:54:26.008 | ERROR    | N/A | Worker 主循环异常: Timeout reading from socket
Traceback (most recent call last):

  File "D:\毕业设计\Travel_python\.venv\Lib\site-packages\redis\_parsers\socket.py", line 64, in _read_from_socket
    data = sock.recv(socket_read_size)

TimeoutError: timed out


During handling of the above exception, another exception occurred:


Traceback (most recent call last):

  File "D:\毕业设计\Travel_python\travel_ai_python\app\service\profile_worker.py", line 194, in <module>
    run_worker()

> File "D:\毕业设计\Travel_python\travel_ai_python\app\service\profile_worker.py", line 169, in run_worker
    task_data = pop_profile_update_task(block=True, timeout=5)

  File "D:\毕业设计\Travel_python\travel_ai_python\app\utils\redis_client.py", line 43, in pop_profile_update_task
    result = redis_client.brpop(PROFILE_UPDATE_QUEUE, timeout=timeout)

  File "D:\毕业设计\Travel_python\.venv\Lib\site-packages\redis\commands\core.py", line 4751, in brpop
    return self.execute_command("BRPOP", *keys)
  File "D:\毕业设计\Travel_python\.venv\Lib\site-packages\redis\client.py", line 787, in execute_command
    return self._execute_command(*args, **options)
  File "D:\毕业设计\Travel_python\.venv\Lib\site-packages\redis\client.py", line 809, in _execute_command
    result = conn.retry.call_with_retry(
  File "D:\毕业设计\Travel_python\.venv\Lib\site-packages\redis\retry.py", line 132, in call_with_retry
    raise error
  File "D:\毕业设计\Travel_python\.venv\Lib\site-packages\redis\retry.py", line 120, in call_with_retry
    return do()
  File "D:\毕业设计\Travel_python\.venv\Lib\site-packages\redis\client.py", line 810, in <lambda>
    lambda: self._send_command_parse_response(
  File "D:\毕业设计\Travel_python\.venv\Lib\site-packages\redis\client.py", line 753, in _send_command_parse_response
    return self.parse_response(conn, command_name, **options)
  File "D:\毕业设计\Travel_python\.venv\Lib\site-packages\redis\client.py", line 853, in parse_response
    response = connection.read_response()
  File "D:\毕业设计\Travel_python\.venv\Lib\site-packages\redis\connection.py", line 1371, in read_response
    response = self._parser.read_response(
  File "D:\毕业设计\Travel_python\.venv\Lib\site-packages\redis\_parsers\resp3.py", line 40, in read_response
    result = self._read_response(
  File "D:\毕业设计\Travel_python\.venv\Lib\site-packages\redis\_parsers\resp3.py", line 65, in _read_response
    raw = self._buffer.readline(timeout=timeout)
  File "D:\毕业设计\Travel_python\.venv\Lib\site-packages\redis\_parsers\socket.py", line 117, in readline
    self._read_from_socket(timeout=timeout)
  File "D:\毕业设计\Travel_python\.venv\Lib\site-packages\redis\_parsers\socket.py", line 77, in _read_from_socket
    raise TimeoutError("Timeout reading from socket")

redis.exceptions.TimeoutError: Timeout reading from socket
2026-07-23 14:54:27.124 | INFO     | N/A | ⏳ 等待 Profile 更新任务...
2026-07-23 14:54:32.308 | INFO     | N/A | ⏳ 等待 Profile 更新任务...
2026-07-23 14:54:37.374 | INFO     | N/A | ⏳ 等待 Profile 更新任务...
2026-07-23 14:54:42.426 | INFO     | N/A | ⏳ 等待 Profile 更新任务...
2026-07-23 14:54:47.475 | INFO     | N/A | ⏳ 等待 Profile 更新任务...
2026-07-23 14:54:52.510 | INFO     | N/A | ⏳ 等待 Profile 更新任务...
2026-07-23 14:54:57.571 | INFO     | N/A | ⏳ 等待 Profile 更新任务...
2026-07-23 14:55:02.615 | INFO     | N/A | ⏳ 等待 Profile 更新任务...
2026-07-23 14:55:07.655 | INFO     | N/A | ⏳ 等待 Profile 更新任务...
2026-07-23 14:55:12.690 | INFO     | N/A | ⏳ 等待 Profile 更新任务...
2026-07-23 14:55:17.728 | INFO     | N/A | ⏳ 等待 Profile 更新任务...
2026-07-23 14:55:22.761 | INFO     | N/A | ⏳ 等待 Profile 更新任务...
2026-07-23 14:55:27.849 | INFO     | N/A | ⏳ 等待 Profile 更新任务...
2026-07-23 14:55:32.882 | INFO     | N/A | ⏳ 等待 Profile 更新任务...
2026-07-23 14:55:37.972 | INFO     | N/A | ⏳ 等待 Profile 更新任务...
2026-07-23 14:55:43.027 | INFO     | N/A | ⏳ 等待 Profile 更新任务...
2026-07-23 14:55:48.059 | INFO     | N/A | ⏳ 等待 Profile 更新任务...
2026-07-23 14:55:53.094 | INFO     | N/A | ⏳ 等待 Profile 更新任务...
2026-07-23 14:55:58.142 | INFO     | N/A | ⏳ 等待 Profile 更新任务...
2026-07-23 14:56:03.174 | INFO     | N/A | ⏳ 等待 Profile 更新任务...
2026-07-23 14:56:08.213 | INFO     | N/A | ⏳ 等待 Profile 更新任务...
2026-07-23 14:56:13.242 | INFO     | N/A | ⏳ 等待 Profile 更新任务...
2026-07-23 14:56:18.307 | INFO     | N/A | ⏳ 等待 Profile 更新任务...
2026-07-23 14:56:23.374 | INFO     | N/A | ⏳ 等待 Profile 更新任务...
2026-07-23 14:56:28.381 | INFO     | N/A | ⏳ 等待 Profile 更新任务...
2026-07-23 14:56:33.437 | INFO     | N/A | ⏳ 等待 Profile 更新任务...
2026-07-23 14:56:38.481 | INFO     | N/A | ⏳ 等待 Profile 更新任务...
2026-07-23 14:56:43.518 | INFO     | N/A | ⏳ 等待 Profile 更新任务...
2026-07-23 14:56:48.549 | INFO     | N/A | ⏳ 等待 Profile 更新任务...
2026-07-23 14:56:53.595 | INFO     | N/A | ⏳ 等待 Profile 更新任务...
2026-07-23 14:56:58.634 | INFO     | N/A | ⏳ 等待 Profile 更新任务...
2026-07-23 14:57:03.680 | INFO     | N/A | ⏳ 等待 Profile 更新任务...
2026-07-23 14:57:08.722 | INFO     | N/A | ⏳ 等待 Profile 更新任务...
2026-07-23 14:57:13.763 | INFO     | N/A | ⏳ 等待 Profile 更新任务...
2026-07-23 14:57:18.833 | INFO     | N/A | ⏳ 等待 Profile 更新任务...
2026-07-23 14:57:23.873 | INFO     | N/A | ⏳ 等待 Profile 更新任务...
2026-07-23 14:57:28.925 | INFO     | N/A | ⏳ 等待 Profile 更新任务...
2026-07-23 14:57:34.000 | INFO     | N/A | ⏳ 等待 Profile 更新任务...
2026-07-23 14:57:39.031 | INFO     | N/A | ⏳ 等待 Profile 更新任务...
2026-07-23 14:57:44.068 | INFO     | N/A | ⏳ 等待 Profile 更新任务...
2026-07-23 14:57:49.099 | INFO     | N/A | ⏳ 等待 Profile 更新任务...
2026-07-23 14:57:54.154 | INFO     | N/A | ⏳ 等待 Profile 更新任务...
2026-07-23 14:57:59.214 | INFO     | N/A | ⏳ 等待 Profile 更新任务...
2026-07-23 14:58:04.315 | INFO     | N/A | ⏳ 等待 Profile 更新任务...
2026-07-23 14:58:09.358 | INFO     | N/A | ⏳ 等待 Profile 更新任务...
2026-07-23 14:58:14.429 | INFO     | N/A | ⏳ 等待 Profile 更新任务...
2026-07-23 14:58:19.466 | INFO     | N/A | ⏳ 等待 Profile 更新任务...
2026-07-23 14:58:24.507 | INFO     | N/A | ⏳ 等待 Profile 更新任务...
2026-07-23 14:58:29.550 | INFO     | N/A | ⏳ 等待 Profile 更新任务...
2026-07-23 14:58:34.579 | INFO     | N/A | ⏳ 等待 Profile 更新任务...
2026-07-23 14:58:39.674 | INFO     | N/A | ⏳ 等待 Profile 更新任务...
2026-07-23 14:58:44.736 | INFO     | N/A | ⏳ 等待 Profile 更新任务...
2026-07-23 14:58:49.819 | INFO     | N/A | ⏳ 等待 Profile 更新任务...
2026-07-23 14:58:54.853 | INFO     | N/A | ⏳ 等待 Profile 更新任务...
2026-07-23 14:58:59.892 | INFO     | N/A | ⏳ 等待 Profile 更新任务...
2026-07-23 14:59:04.951 | INFO     | N/A | ⏳ 等待 Profile 更新任务...
2026-07-23 14:59:09.994 | INFO     | N/A | ⏳ 等待 Profile 更新任务...
2026-07-23 14:59:15.039 | INFO     | N/A | ⏳ 等待 Profile 更新任务...
2026-07-23 14:59:20.085 | INFO     | N/A | ⏳ 等待 Profile 更新任务...
2026-07-23 14:59:25.145 | INFO     | N/A | ⏳ 等待 Profile 更新任务...
2026-07-23 14:59:30.185 | INFO     | N/A | ⏳ 等待 Profile 更新任务...
2026-07-23 14:59:35.233 | INFO     | N/A | ⏳ 等待 Profile 更新任务...
2026-07-23 14:59:40.263 | INFO     | N/A | ⏳ 等待 Profile 更新任务...
2026-07-23 14:59:45.303 | INFO     | N/A | ⏳ 等待 Profile 更新任务...
2026-07-23 14:59:50.383 | INFO     | N/A | ⏳ 等待 Profile 更新任务...
2026-07-23 14:59:55.442 | INFO     | N/A | ⏳ 等待 Profile 更新任务...
2026-07-23 15:00:00.530 | INFO     | N/A | ⏳ 等待 Profile 更新任务...
2026-07-23 15:00:05.582 | INFO     | N/A | ⏳ 等待 Profile 更新任务...
2026-07-23 15:00:10.614 | INFO     | N/A | ⏳ 等待 Profile 更新任务...
2026-07-23 15:00:15.652 | INFO     | N/A | ⏳ 等待 Profile 更新任务...
2026-07-23 15:00:20.684 | INFO     | N/A | ⏳ 等待 Profile 更新任务...
2026-07-23 15:00:25.724 | INFO     | N/A | ⏳ 等待 Profile 更新任务...
2026-07-23 15:00:30.729 | INFO     | N/A | ⏳ 等待 Profile 更新任务...
2026-07-23 15:00:35.766 | INFO     | N/A | ⏳ 等待 Profile 更新任务...
2026-07-23 15:00:40.831 | INFO     | N/A | ⏳ 等待 Profile 更新任务...
2026-07-23 15:00:45.872 | INFO     | N/A | ⏳ 等待 Profile 更新任务...
2026-07-23 15:00:50.947 | INFO     | N/A | ⏳ 等待 Profile 更新任务...
2026-07-23 15:00:56.023 | INFO     | N/A | ⏳ 等待 Profile 更新任务...
2026-07-23 15:01:01.073 | INFO     | N/A | ⏳ 等待 Profile 更新任务...
2026-07-23 15:01:06.130 | INFO     | N/A | ⏳ 等待 Profile 更新任务...
2026-07-23 15:01:11.186 | INFO     | N/A | ⏳ 等待 Profile 更新任务...
2026-07-23 15:01:16.248 | INFO     | N/A | ⏳ 等待 Profile 更新任务...
2026-07-23 15:01:21.290 | INFO     | N/A | ⏳ 等待 Profile 更新任务...
2026-07-23 15:01:26.363 | INFO     | N/A | ⏳ 等待 Profile 更新任务...
2026-07-23 15:01:31.424 | INFO     | N/A | ⏳ 等待 Profile 更新任务...
2026-07-23 15:01:36.498 | INFO     | N/A | ⏳ 等待 Profile 更新任务...
2026-07-23 15:01:41.539 | INFO     | N/A | ⏳ 等待 Profile 更新任务...
2026-07-23 15:01:46.589 | INFO     | N/A | ⏳ 等待 Profile 更新任务...
2026-07-23 15:01:51.633 | INFO     | N/A | ⏳ 等待 Profile 更新任务...
2026-07-23 15:01:56.730 | INFO     | N/A | ⏳ 等待 Profile 更新任务...
2026-07-23 15:02:01.773 | INFO     | N/A | ⏳ 等待 Profile 更新任务...
2026-07-23 15:02:06.823 | INFO     | N/A | ⏳ 等待 Profile 更新任务...
2026-07-23 15:02:11.864 | INFO     | N/A | ⏳ 等待 Profile 更新任务...
2026-07-23 15:02:16.969 | INFO     | N/A | ⏳ 等待 Profile 更新任务...
2026-07-23 15:02:22.001 | INFO     | N/A | ⏳ 等待 Profile 更新任务...
2026-07-23 15:02:27.075 | INFO     | N/A | ⏳ 等待 Profile 更新任务...
2026-07-23 15:02:32.181 | INFO     | N/A | ⏳ 等待 Profile 更新任务...
2026-07-23 15:02:37.232 | INFO     | N/A | ⏳ 等待 Profile 更新任务...
2026-07-23 15:02:42.293 | INFO     | N/A | ⏳ 等待 Profile 更新任务...
2026-07-23 15:02:47.375 | INFO     | N/A | ⏳ 等待 Profile 更新任务...
2026-07-23 15:02:52.446 | INFO     | N/A | ⏳ 等待 Profile 更新任务...
2026-07-23 15:02:57.494 | INFO     | N/A | ⏳ 等待 Profile 更新任务...
2026-07-23 15:03:02.546 | INFO     | N/A | ⏳ 等待 Profile 更新任务...
2026-07-23 15:03:07.600 | INFO     | N/A | ⏳ 等待 Profile 更新任务...
2026-07-23 15:03:12.637 | INFO     | N/A | ⏳ 等待 Profile 更新任务...
2026-07-23 15:03:17.686 | INFO     | N/A | ⏳ 等待 Profile 更新任务...
2026-07-23 15:03:22.723 | INFO     | N/A | ⏳ 等待 Profile 更新任务...
2026-07-23 15:03:27.791 | INFO     | N/A | ⏳ 等待 Profile 更新任务...
2026-07-23 15:03:32.844 | INFO     | N/A | ⏳ 等待 Profile 更新任务...
2026-07-23 15:03:37.890 | INFO     | N/A | ⏳ 等待 Profile 更新任务...
2026-07-23 15:03:42.991 | INFO     | N/A | ⏳ 等待 Profile 更新任务...
2026-07-23 15:03:48.034 | INFO     | N/A | ⏳ 等待 Profile 更新任务...
2026-07-23 15:03:53.097 | INFO     | N/A | ⏳ 等待 Profile 更新任务...
2026-07-23 15:03:58.162 | INFO     | N/A | ⏳ 等待 Profile 更新任务...
2026-07-23 15:04:03.215 | INFO     | N/A | ⏳ 等待 Profile 更新任务...
2026-07-23 15:04:08.293 | INFO     | N/A | ⏳ 等待 Profile 更新任务...
2026-07-23 15:04:13.303 | INFO     | N/A | ⏳ 等待 Profile 更新任务...
2026-07-23 15:04:18.352 | INFO     | N/A | ⏳ 等待 Profile 更新任务...
2026-07-23 15:04:23.425 | INFO     | N/A | ⏳ 等待 Profile 更新任务...
2026-07-23 15:04:28.485 | INFO     | N/A | ⏳ 等待 Profile 更新任务...
2026-07-23 15:04:33.514 | INFO     | N/A | ⏳ 等待 Profile 更新任务...
2026-07-23 15:04:38.553 | INFO     | N/A | ⏳ 等待 Profile 更新任务...
2026-07-23 15:04:43.566 | INFO     | N/A | ⏳ 等待 Profile 更新任务...
2026-07-23 15:04:48.604 | INFO     | N/A | ⏳ 等待 Profile 更新任务...
2026-07-23 15:04:53.658 | INFO     | N/A | ⏳ 等待 Profile 更新任务...
2026-07-23 15:04:58.706 | INFO     | N/A | ⏳ 等待 Profile 更新任务...
2026-07-23 15:05:03.754 | INFO     | N/A | ⏳ 等待 Profile 更新任务...
2026-07-23 15:05:08.799 | INFO     | N/A | ⏳ 等待 Profile 更新任务...
2026-07-23 15:05:13.862 | INFO     | N/A | ⏳ 等待 Profile 更新任务...
2026-07-23 15:05:18.907 | INFO     | N/A | ⏳ 等待 Profile 更新任务...
2026-07-23 15:05:23.961 | INFO     | N/A | ⏳ 等待 Profile 更新任务...
2026-07-23 15:05:29.014 | INFO     | N/A | ⏳ 等待 Profile 更新任务...
2026-07-23 15:05:34.071 | INFO     | N/A | ⏳ 等待 Profile 更新任务...
2026-07-23 15:05:39.111 | INFO     | N/A | ⏳ 等待 Profile 更新任务...
2026-07-23 15:05:44.183 | INFO     | N/A | ⏳ 等待 Profile 更新任务...
2026-07-23 15:05:49.252 | INFO     | N/A | ⏳ 等待 Profile 更新任务...
2026-07-23 15:05:54.334 | INFO     | N/A | ⏳ 等待 Profile 更新任务...
2026-07-23 15:05:59.379 | INFO     | N/A | ⏳ 等待 Profile 更新任务...
2026-07-23 15:06:04.390 | INFO     | N/A | ⏳ 等待 Profile 更新任务...
2026-07-23 15:06:09.405 | INFO     | N/A | ⏳ 等待 Profile 更新任务...
2026-07-23 15:06:14.505 | INFO     | N/A | ⏳ 等待 Profile 更新任务...
2026-07-23 15:06:19.542 | INFO     | N/A | ⏳ 等待 Profile 更新任务...
2026-07-23 15:06:24.627 | INFO     | N/A | ⏳ 等待 Profile 更新任务...
2026-07-23 15:06:29.695 | INFO     | N/A | ⏳ 等待 Profile 更新任务...
2026-07-23 15:06:34.744 | INFO     | N/A | ⏳ 等待 Profile 更新任务...
2026-07-23 15:06:39.797 | INFO     | N/A | ⏳ 等待 Profile 更新任务...
2026-07-23 15:06:44.892 | INFO     | N/A | ⏳ 等待 Profile 更新任务...
2026-07-23 15:06:49.971 | INFO     | N/A | ⏳ 等待 Profile 更新任务...
2026-07-23 15:06:55.020 | INFO     | N/A | ⏳ 等待 Profile 更新任务...
2026-07-23 15:11:29.077 | INFO     | N/A | ⏳ 等待 Profile 更新任务...
2026-07-23 15:11:34.234 | INFO     | N/A | ⏳ 等待 Profile 更新任务...
2026-07-23 15:11:39.282 | INFO     | N/A | ⏳ 等待 Profile 更新任务...
2026-07-23 15:11:44.323 | INFO     | N/A | ⏳ 等待 Profile 更新任务...
2026-07-23 15:11:49.358 | INFO     | N/A | ⏳ 等待 Profile 更新任务...
2026-07-23 15:11:54.421 | INFO     | N/A | ⏳ 等待 Profile 更新任务...
2026-07-23 15:11:59.464 | INFO     | N/A | ⏳ 等待 Profile 更新任务...
2026-07-23 15:12:04.497 | INFO     | N/A | ⏳ 等待 Profile 更新任务...
2026-07-23 15:12:09.531 | INFO     | N/A | ⏳ 等待 Profile 更新任务...
2026-07-23 15:12:14.588 | INFO     | N/A | ⏳ 等待 Profile 更新任务...
2026-07-23 15:12:19.655 | INFO     | N/A | ⏳ 等待 Profile 更新任务...
2026-07-23 15:12:24.706 | INFO     | N/A | ⏳ 等待 Profile 更新任务...
2026-07-23 15:12:29.787 | INFO     | N/A | ⏳ 等待 Profile 更新任务...
2026-07-23 15:12:34.847 | INFO     | N/A | ⏳ 等待 Profile 更新任务...
2026-07-23 15:12:39.881 | INFO     | N/A | ⏳ 等待 Profile 更新任务...
2026-07-23 15:12:44.898 | INFO     | N/A | ⏳ 等待 Profile 更新任务...
2026-07-23 15:12:49.917 | INFO     | N/A | ⏳ 等待 Profile 更新任务...
2026-07-23 15:12:55.021 | INFO     | N/A | ⏳ 等待 Profile 更新任务...
2026-07-23 15:13:00.082 | INFO     | N/A | ⏳ 等待 Profile 更新任务...
2026-07-23 15:13:05.123 | INFO     | N/A | ⏳ 等待 Profile 更新任务...
2026-07-23 15:13:10.160 | INFO     | N/A | ⏳ 等待 Profile 更新任务...
2026-07-23 15:13:15.206 | INFO     | N/A | ⏳ 等待 Profile 更新任务...
2026-07-23 15:13:20.254 | INFO     | N/A | ⏳ 等待 Profile 更新任务...
2026-07-23 15:13:25.312 | INFO     | N/A | ⏳ 等待 Profile 更新任务...
2026-07-23 15:13:30.393 | INFO     | N/A | ⏳ 等待 Profile 更新任务...
2026-07-23 15:13:35.408 | INFO     | N/A | ⏳ 等待 Profile 更新任务...
2026-07-23 15:13:40.472 | INFO     | N/A | ⏳ 等待 Profile 更新任务...
2026-07-23 15:13:45.516 | INFO     | N/A | ⏳ 等待 Profile 更新任务...
2026-07-23 15:13:50.548 | INFO     | N/A | ⏳ 等待 Profile 更新任务...
2026-07-23 15:13:55.577 | INFO     | N/A | ⏳ 等待 Profile 更新任务...
2026-07-23 15:14:00.635 | INFO     | N/A | ⏳ 等待 Profile 更新任务...
2026-07-23 15:14:05.720 | INFO     | N/A | ⏳ 等待 Profile 更新任务...
2026-07-23 15:14:10.752 | INFO     | N/A | ⏳ 等待 Profile 更新任务...
2026-07-23 15:14:15.836 | INFO     | N/A | ⏳ 等待 Profile 更新任务...
2026-07-23 15:14:20.872 | INFO     | N/A | ⏳ 等待 Profile 更新任务...
2026-07-23 15:14:25.929 | INFO     | N/A | ⏳ 等待 Profile 更新任务...
2026-07-23 15:14:30.955 | INFO     | N/A | ⏳ 等待 Profile 更新任务...
2026-07-23 15:14:35.979 | INFO     | N/A | ⏳ 等待 Profile 更新任务...
2026-07-23 15:14:41.004 | INFO     | N/A | ⏳ 等待 Profile 更新任务...
2026-07-23 15:14:46.029 | INFO     | N/A | ⏳ 等待 Profile 更新任务...
2026-07-23 15:14:51.051 | INFO     | N/A | ⏳ 等待 Profile 更新任务...
2026-07-23 15:14:56.073 | INFO     | N/A | ⏳ 等待 Profile 更新任务...
2026-07-23 15:15:01.100 | INFO     | N/A | ⏳ 等待 Profile 更新任务...
2026-07-23 15:15:06.123 | INFO     | N/A | ⏳ 等待 Profile 更新任务...
2026-07-23 15:15:11.148 | INFO     | N/A | ⏳ 等待 Profile 更新任务...
2026-07-23 15:15:16.172 | INFO     | N/A | ⏳ 等待 Profile 更新任务...
2026-07-23 15:15:21.197 | INFO     | N/A | ⏳ 等待 Profile 更新任务...
2026-07-23 15:15:26.220 | INFO     | N/A | ⏳ 等待 Profile 更新任务...
2026-07-23 15:15:31.246 | INFO     | N/A | ⏳ 等待 Profile 更新任务...
2026-07-23 15:15:36.272 | INFO     | N/A | ⏳ 等待 Profile 更新任务...
2026-07-23 15:15:41.296 | INFO     | N/A | ⏳ 等待 Profile 更新任务...
2026-07-23 15:15:46.320 | INFO     | N/A | ⏳ 等待 Profile 更新任务...
2026-07-23 15:15:51.343 | INFO     | N/A | ⏳ 等待 Profile 更新任务...
2026-07-23 15:15:56.366 | INFO     | N/A | ⏳ 等待 Profile 更新任务...
2026-07-23 15:16:01.390 | INFO     | N/A | ⏳ 等待 Profile 更新任务...
2026-07-23 15:16:06.415 | INFO     | N/A | ⏳ 等待 Profile 更新任务...
2026-07-23 15:16:11.439 | INFO     | N/A | ⏳ 等待 Profile 更新任务...
2026-07-23 15:16:16.462 | INFO     | N/A | ⏳ 等待 Profile 更新任务...
2026-07-23 15:16:21.485 | INFO     | N/A | ⏳ 等待 Profile 更新任务...
2026-07-23 15:16:26.508 | INFO     | N/A | ⏳ 等待 Profile 更新任务...
2026-07-23 15:16:31.538 | INFO     | N/A | ⏳ 等待 Profile 更新任务...
2026-07-23 15:16:36.561 | INFO     | N/A | ⏳ 等待 Profile 更新任务...
2026-07-23 15:16:41.585 | INFO     | N/A | ⏳ 等待 Profile 更新任务...
2026-07-23 15:16:46.609 | INFO     | N/A | ⏳ 等待 Profile 更新任务...
2026-07-23 15:16:51.632 | INFO     | N/A | ⏳ 等待 Profile 更新任务...
2026-07-23 15:16:56.655 | INFO     | N/A | ⏳ 等待 Profile 更新任务...
2026-07-23 15:17:01.684 | INFO     | N/A | ⏳ 等待 Profile 更新任务...
2026-07-23 15:17:06.705 | INFO     | N/A | ⏳ 等待 Profile 更新任务...
2026-07-23 15:17:11.729 | INFO     | N/A | ⏳ 等待 Profile 更新任务...
2026-07-23 15:17:16.752 | INFO     | N/A | ⏳ 等待 Profile 更新任务...
2026-07-23 15:17:21.775 | INFO     | N/A | ⏳ 等待 Profile 更新任务...
2026-07-23 15:17:26.799 | INFO     | N/A | ⏳ 等待 Profile 更新任务...
2026-07-23 15:17:31.823 | INFO     | N/A | ⏳ 等待 Profile 更新任务...
2026-07-23 15:17:36.846 | INFO     | N/A | ⏳ 等待 Profile 更新任务...
2026-07-23 15:17:41.871 | INFO     | N/A | ⏳ 等待 Profile 更新任务...
2026-07-23 15:17:46.895 | INFO     | N/A | ⏳ 等待 Profile 更新任务...
2026-07-23 15:17:51.917 | INFO     | N/A | ⏳ 等待 Profile 更新任务...
2026-07-23 15:17:56.939 | INFO     | N/A | ⏳ 等待 Profile 更新任务...
2026-07-23 15:18:01.969 | INFO     | N/A | ⏳ 等待 Profile 更新任务...
2026-07-23 15:18:06.998 | INFO     | N/A | ⏳ 等待 Profile 更新任务...
2026-07-23 15:18:12.020 | INFO     | N/A | ⏳ 等待 Profile 更新任务...
2026-07-23 15:18:17.044 | INFO     | N/A | ⏳ 等待 Profile 更新任务...
2026-07-23 15:18:22.067 | INFO     | N/A | ⏳ 等待 Profile 更新任务...
2026-07-23 15:18:27.091 | INFO     | N/A | ⏳ 等待 Profile 更新任务...
2026-07-23 15:18:32.119 | INFO     | N/A | ⏳ 等待 Profile 更新任务...
2026-07-23 15:18:37.143 | INFO     | N/A | ⏳ 等待 Profile 更新任务...
2026-07-23 15:18:42.166 | INFO     | N/A | ⏳ 等待 Profile 更新任务...
2026-07-23 15:18:47.191 | INFO     | N/A | ⏳ 等待 Profile 更新任务...
2026-07-23 15:18:52.215 | INFO     | N/A | ⏳ 等待 Profile 更新任务...
2026-07-23 15:18:57.237 | INFO     | N/A | ⏳ 等待 Profile 更新任务...
2026-07-23 15:19:02.266 | INFO     | N/A | ⏳ 等待 Profile 更新任务...
2026-07-23 15:19:07.289 | INFO     | N/A | ⏳ 等待 Profile 更新任务...
2026-07-23 15:19:12.311 | INFO     | N/A | ⏳ 等待 Profile 更新任务...
2026-07-23 15:19:17.336 | INFO     | N/A | ⏳ 等待 Profile 更新任务...
2026-07-23 15:19:22.359 | INFO     | N/A | ⏳ 等待 Profile 更新任务...
2026-07-23 15:19:27.382 | INFO     | N/A | ⏳ 等待 Profile 更新任务...
2026-07-23 15:19:32.408 | INFO     | N/A | ⏳ 等待 Profile 更新任务...
2026-07-23 15:19:37.433 | INFO     | N/A | ⏳ 等待 Profile 更新任务...
2026-07-23 15:19:42.458 | INFO     | N/A | ⏳ 等待 Profile 更新任务...
2026-07-23 15:19:47.479 | INFO     | N/A | ⏳ 等待 Profile 更新任务...
2026-07-23 15:19:52.502 | INFO     | N/A | ⏳ 等待 Profile 更新任务...
2026-07-23 15:19:57.524 | INFO     | N/A | ⏳ 等待 Profile 更新任务...
2026-07-23 15:20:02.549 | INFO     | N/A | ⏳ 等待 Profile 更新任务...
2026-07-23 15:20:07.572 | INFO     | N/A | ⏳ 等待 Profile 更新任务...
2026-07-23 15:20:12.595 | INFO     | N/A | ⏳ 等待 Profile 更新任务...
2026-07-23 15:20:17.615 | INFO     | N/A | ⏳ 等待 Profile 更新任务...
2026-07-23 15:20:22.637 | INFO     | N/A | ⏳ 等待 Profile 更新任务...
2026-07-23 15:20:27.659 | INFO     | N/A | ⏳ 等待 Profile 更新任务...
2026-07-23 15:20:32.681 | INFO     | N/A | ⏳ 等待 Profile 更新任务...
2026-07-23 15:20:37.704 | INFO     | N/A | ⏳ 等待 Profile 更新任务...
2026-07-23 15:20:42.728 | INFO     | N/A | ⏳ 等待 Profile 更新任务...
2026-07-23 15:20:47.752 | INFO     | N/A | ⏳ 等待 Profile 更新任务...
2026-07-23 15:20:52.776 | INFO     | N/A | ⏳ 等待 Profile 更新任务...
2026-07-23 15:20:57.799 | INFO     | N/A | ⏳ 等待 Profile 更新任务...
2026-07-23 15:21:02.827 | INFO     | N/A | ⏳ 等待 Profile 更新任务...
2026-07-23 15:21:07.848 | INFO     | N/A | ⏳ 等待 Profile 更新任务...
2026-07-23 15:21:12.872 | INFO     | N/A | ⏳ 等待 Profile 更新任务...
2026-07-23 15:21:17.894 | INFO     | N/A | ⏳ 等待 Profile 更新任务...
2026-07-23 15:21:22.917 | INFO     | N/A | ⏳ 等待 Profile 更新任务...
2026-07-23 15:21:27.941 | INFO     | N/A | ⏳ 等待 Profile 更新任务...
2026-07-23 15:21:32.966 | INFO     | N/A | ⏳ 等待 Profile 更新任务...
2026-07-23 15:21:37.989 | INFO     | N/A | ⏳ 等待 Profile 更新任务...
2026-07-23 15:21:43.011 | INFO     | N/A | ⏳ 等待 Profile 更新任务...
2026-07-23 15:21:48.036 | INFO     | N/A | ⏳ 等待 Profile 更新任务...
2026-07-23 15:21:53.060 | INFO     | N/A | ⏳ 等待 Profile 更新任务...
2026-07-23 15:21:58.083 | INFO     | N/A | ⏳ 等待 Profile 更新任务...
2026-07-23 15:22:03.110 | INFO     | N/A | ⏳ 等待 Profile 更新任务...
2026-07-23 15:22:08.132 | INFO     | N/A | ⏳ 等待 Profile 更新任务...
2026-07-23 15:22:13.156 | INFO     | N/A | ⏳ 等待 Profile 更新任务...
2026-07-23 15:22:18.180 | INFO     | N/A | ⏳ 等待 Profile 更新任务...
2026-07-23 15:22:23.204 | INFO     | N/A | ⏳ 等待 Profile 更新任务...
2026-07-23 15:22:28.229 | INFO     | N/A | ⏳ 等待 Profile 更新任务...
2026-07-23 15:22:33.253 | INFO     | N/A | ⏳ 等待 Profile 更新任务...
2026-07-23 15:22:38.275 | INFO     | N/A | ⏳ 等待 Profile 更新任务...
2026-07-23 15:22:43.297 | INFO     | N/A | ⏳ 等待 Profile 更新任务...
2026-07-23 15:22:48.321 | INFO     | N/A | ⏳ 等待 Profile 更新任务...
2026-07-23 15:22:53.341 | INFO     | N/A | ⏳ 等待 Profile 更新任务...
2026-07-23 15:22:58.366 | INFO     | N/A | ⏳ 等待 Profile 更新任务...
2026-07-23 15:23:03.391 | INFO     | N/A | ⏳ 等待 Profile 更新任务...
2026-07-23 15:23:08.414 | INFO     | N/A | ⏳ 等待 Profile 更新任务...
2026-07-23 15:23:13.437 | INFO     | N/A | ⏳ 等待 Profile 更新任务...
2026-07-23 15:23:18.461 | INFO     | N/A | ⏳ 等待 Profile 更新任务...
2026-07-23 15:23:23.483 | INFO     | N/A | ⏳ 等待 Profile 更新任务...
2026-07-23 15:23:28.507 | INFO     | N/A | ⏳ 等待 Profile 更新任务...
2026-07-23 15:23:33.531 | INFO     | N/A | ⏳ 等待 Profile 更新任务...
2026-07-23 15:23:38.557 | INFO     | N/A | ⏳ 等待 Profile 更新任务...
2026-07-23 15:23:43.580 | INFO     | N/A | ⏳ 等待 Profile 更新任务...
2026-07-23 15:23:48.603 | INFO     | N/A | ⏳ 等待 Profile 更新任务...
2026-07-23 15:23:53.626 | INFO     | N/A | ⏳ 等待 Profile 更新任务...
2026-07-23 15:23:58.650 | INFO     | N/A | ⏳ 等待 Profile 更新任务...
2026-07-23 15:24:03.674 | INFO     | N/A | ⏳ 等待 Profile 更新任务...
2026-07-23 15:24:08.699 | INFO     | N/A | ⏳ 等待 Profile 更新任务...
2026-07-23 15:24:13.723 | INFO     | N/A | ⏳ 等待 Profile 更新任务...
2026-07-23 15:24:18.747 | INFO     | N/A | ⏳ 等待 Profile 更新任务...
2026-07-23 15:24:23.769 | INFO     | N/A | ⏳ 等待 Profile 更新任务...
2026-07-23 15:24:28.791 | INFO     | N/A | ⏳ 等待 Profile 更新任务...
2026-07-23 15:24:33.819 | INFO     | N/A | ⏳ 等待 Profile 更新任务...
2026-07-23 15:24:38.841 | INFO     | N/A | ⏳ 等待 Profile 更新任务...
2026-07-23 15:24:43.865 | INFO     | N/A | ⏳ 等待 Profile 更新任务...
2026-07-23 15:24:48.888 | INFO     | N/A | ⏳ 等待 Profile 更新任务...
2026-07-23 15:24:53.909 | INFO     | N/A | ⏳ 等待 Profile 更新任务...
2026-07-23 15:24:58.931 | INFO     | N/A | ⏳ 等待 Profile 更新任务...
2026-07-23 15:25:03.955 | INFO     | N/A | ⏳ 等待 Profile 更新任务...
2026-07-23 15:25:08.978 | INFO     | N/A | ⏳ 等待 Profile 更新任务...
2026-07-23 15:25:14.002 | INFO     | N/A | ⏳ 等待 Profile 更新任务...
2026-07-23 15:25:19.027 | INFO     | N/A | ⏳ 等待 Profile 更新任务...
2026-07-23 15:25:24.049 | INFO     | N/A | ⏳ 等待 Profile 更新任务...
2026-07-23 15:25:29.072 | INFO     | N/A | ⏳ 等待 Profile 更新任务...
2026-07-23 15:25:34.103 | INFO     | N/A | ⏳ 等待 Profile 更新任务...
2026-07-23 15:25:39.131 | INFO     | N/A | ⏳ 等待 Profile 更新任务...
2026-07-23 15:25:44.153 | INFO     | N/A | ⏳ 等待 Profile 更新任务...
2026-07-23 15:25:49.175 | INFO     | N/A | ⏳ 等待 Profile 更新任务...
2026-07-23 15:25:54.197 | INFO     | N/A | ⏳ 等待 Profile 更新任务...
2026-07-23 15:25:59.220 | INFO     | N/A | ⏳ 等待 Profile 更新任务...
2026-07-23 15:26:03.986 | INFO     | N/A | ⏳ 等待 Profile 更新任务...
2026-07-23 15:26:08.629 | INFO     | N/A | ⏳ 等待 Profile 更新任务...
2026-07-23 15:26:13.275 | INFO     | N/A | ⏳ 等待 Profile 更新任务...
2026-07-23 15:26:17.924 | INFO     | N/A | ⏳ 等待 Profile 更新任务...
2026-07-23 15:26:22.675 | INFO     | N/A | ⏳ 等待 Profile 更新任务...
2026-07-23 15:26:27.699 | INFO     | N/A | ⏳ 等待 Profile 更新任务...
2026-07-23 15:26:32.725 | INFO     | N/A | ⏳ 等待 Profile 更新任务...
2026-07-23 15:26:37.750 | INFO     | N/A | ⏳ 等待 Profile 更新任务...
2026-07-23 15:26:42.773 | INFO     | N/A | ⏳ 等待 Profile 更新任务...
2026-07-23 15:26:47.796 | INFO     | N/A | ⏳ 等待 Profile 更新任务...
2026-07-23 15:26:52.820 | INFO     | N/A | ⏳ 等待 Profile 更新任务...
2026-07-23 15:26:57.841 | INFO     | N/A | ⏳ 等待 Profile 更新任务...
2026-07-23 15:27:02.865 | INFO     | N/A | ⏳ 等待 Profile 更新任务...
2026-07-23 15:27:07.888 | INFO     | N/A | ⏳ 等待 Profile 更新任务...
2026-07-23 15:27:12.914 | INFO     | N/A | ⏳ 等待 Profile 更新任务...
2026-07-23 15:27:17.937 | INFO     | N/A | ⏳ 等待 Profile 更新任务...
2026-07-23 15:27:22.962 | INFO     | N/A | ⏳ 等待 Profile 更新任务...
2026-07-23 15:27:27.984 | INFO     | N/A | ⏳ 等待 Profile 更新任务...
2026-07-23 15:27:33.008 | INFO     | N/A | ⏳ 等待 Profile 更新任务...
2026-07-23 15:27:38.036 | INFO     | N/A | ⏳ 等待 Profile 更新任务...
2026-07-23 15:27:43.058 | INFO     | N/A | ⏳ 等待 Profile 更新任务...
2026-07-23 15:27:48.083 | INFO     | N/A | ⏳ 等待 Profile 更新任务...
2026-07-23 15:27:53.106 | INFO     | N/A | ⏳ 等待 Profile 更新任务...
2026-07-23 15:27:58.129 | INFO     | N/A | ⏳ 等待 Profile 更新任务...
2026-07-23 15:28:03.154 | INFO     | N/A | ⏳ 等待 Profile 更新任务...
2026-07-23 15:28:08.177 | INFO     | N/A | ⏳ 等待 Profile 更新任务...
2026-07-23 15:28:13.200 | INFO     | N/A | ⏳ 等待 Profile 更新任务...
2026-07-23 15:28:18.227 | INFO     | N/A | ⏳ 等待 Profile 更新任务...
2026-07-23 15:28:23.251 | INFO     | N/A | ⏳ 等待 Profile 更新任务...
2026-07-23 15:28:28.272 | INFO     | N/A | ⏳ 等待 Profile 更新任务...
2026-07-23 15:28:33.296 | INFO     | N/A | ⏳ 等待 Profile 更新任务...
2026-07-23 15:28:38.321 | INFO     | N/A | ⏳ 等待 Profile 更新任务...
2026-07-23 15:28:43.347 | INFO     | N/A | ⏳ 等待 Profile 更新任务...
2026-07-23 15:28:48.370 | INFO     | N/A | ⏳ 等待 Profile 更新任务...
2026-07-23 15:28:53.394 | INFO     | N/A | ⏳ 等待 Profile 更新任务...
2026-07-23 15:28:58.420 | INFO     | N/A | ⏳ 等待 Profile 更新任务...
2026-07-23 15:29:03.445 | INFO     | N/A | ⏳ 等待 Profile 更新任务...
2026-07-23 15:29:08.468 | INFO     | N/A | ⏳ 等待 Profile 更新任务...
2026-07-23 15:29:13.492 | INFO     | N/A | ⏳ 等待 Profile 更新任务...
2026-07-23 15:29:18.517 | INFO     | N/A | ⏳ 等待 Profile 更新任务...
2026-07-23 15:29:23.542 | INFO     | N/A | ⏳ 等待 Profile 更新任务...
2026-07-23 15:29:28.567 | INFO     | N/A | ⏳ 等待 Profile 更新任务...
2026-07-23 15:29:33.593 | INFO     | N/A | ⏳ 等待 Profile 更新任务...
2026-07-23 15:29:38.617 | INFO     | N/A | ⏳ 等待 Profile 更新任务...
2026-07-23 15:29:43.641 | INFO     | N/A | ⏳ 等待 Profile 更新任务...
2026-07-23 15:29:48.667 | INFO     | N/A | ⏳ 等待 Profile 更新任务...
2026-07-23 15:29:53.692 | INFO     | N/A | ⏳ 等待 Profile 更新任务...
2026-07-23 15:29:58.715 | INFO     | N/A | ⏳ 等待 Profile 更新任务...
2026-07-23 15:30:03.743 | INFO     | N/A | ⏳ 等待 Profile 更新任务...
2026-07-23 15:30:08.770 | INFO     | N/A | ⏳ 等待 Profile 更新任务...
2026-07-23 15:30:13.793 | INFO     | N/A | ⏳ 等待 Profile 更新任务...
2026-07-23 15:30:18.816 | INFO     | N/A | ⏳ 等待 Profile 更新任务...
2026-07-23 15:30:23.841 | INFO     | N/A | ⏳ 等待 Profile 更新任务...
2026-07-23 15:30:28.864 | INFO     | N/A | ⏳ 等待 Profile 更新任务...
2026-07-23 15:30:33.894 | INFO     | N/A | ⏳ 等待 Profile 更新任务...
2026-07-23 15:30:38.917 | INFO     | N/A | ⏳ 等待 Profile 更新任务...
2026-07-23 15:30:43.939 | INFO     | N/A | ⏳ 等待 Profile 更新任务...
2026-07-23 15:30:48.962 | INFO     | N/A | ⏳ 等待 Profile 更新任务...
2026-07-23 15:30:53.985 | INFO     | N/A | ⏳ 等待 Profile 更新任务...
2026-07-23 15:30:59.008 | INFO     | N/A | ⏳ 等待 Profile 更新任务...
2026-07-23 15:31:04.032 | INFO     | N/A | ⏳ 等待 Profile 更新任务...
2026-07-23 15:31:09.057 | INFO     | N/A | ⏳ 等待 Profile 更新任务...
2026-07-23 15:31:14.080 | INFO     | N/A | ⏳ 等待 Profile 更新任务...
2026-07-23 15:31:19.105 | INFO     | N/A | ⏳ 等待 Profile 更新任务...
2026-07-23 15:31:24.128 | INFO     | N/A | ⏳ 等待 Profile 更新任务...
2026-07-23 15:31:29.151 | INFO     | N/A | ⏳ 等待 Profile 更新任务...
2026-07-23 15:31:34.179 | INFO     | N/A | ⏳ 等待 Profile 更新任务...
2026-07-23 15:31:39.201 | INFO     | N/A | ⏳ 等待 Profile 更新任务...
2026-07-23 15:31:44.224 | INFO     | N/A | ⏳ 等待 Profile 更新任务...
2026-07-23 15:31:49.247 | INFO     | N/A | ⏳ 等待 Profile 更新任务...
2026-07-23 15:31:54.272 | INFO     | N/A | ⏳ 等待 Profile 更新任务...
2026-07-23 15:31:59.298 | INFO     | N/A | ⏳ 等待 Profile 更新任务...
2026-07-23 15:32:04.324 | INFO     | N/A | ⏳ 等待 Profile 更新任务...
2026-07-23 15:32:09.347 | INFO     | N/A | ⏳ 等待 Profile 更新任务...
2026-07-23 15:32:14.370 | INFO     | N/A | ⏳ 等待 Profile 更新任务...
2026-07-23 15:32:19.393 | INFO     | N/A | ⏳ 等待 Profile 更新任务...
2026-07-23 15:32:24.416 | INFO     | N/A | ⏳ 等待 Profile 更新任务...
2026-07-23 15:32:29.438 | INFO     | N/A | ⏳ 等待 Profile 更新任务...
2026-07-23 15:32:34.462 | INFO     | N/A | ⏳ 等待 Profile 更新任务...
2026-07-23 15:32:39.488 | INFO     | N/A | ⏳ 等待 Profile 更新任务...
2026-07-23 15:32:44.512 | INFO     | N/A | ⏳ 等待 Profile 更新任务...
2026-07-23 15:32:49.534 | INFO     | N/A | ⏳ 等待 Profile 更新任务...
2026-07-23 15:32:54.559 | INFO     | N/A | ⏳ 等待 Profile 更新任务...
2026-07-23 15:32:59.582 | INFO     | N/A | ⏳ 等待 Profile 更新任务...
2026-07-23 15:33:04.607 | INFO     | N/A | ⏳ 等待 Profile 更新任务...
2026-07-23 15:33:09.628 | INFO     | N/A | ⏳ 等待 Profile 更新任务...
2026-07-23 15:33:14.654 | INFO     | N/A | ⏳ 等待 Profile 更新任务...
2026-07-23 15:33:19.678 | INFO     | N/A | ⏳ 等待 Profile 更新任务...
2026-07-23 15:33:24.701 | INFO     | N/A | ⏳ 等待 Profile 更新任务...
2026-07-23 15:33:29.725 | INFO     | N/A | ⏳ 等待 Profile 更新任务...
2026-07-23 15:33:34.754 | INFO     | N/A | ⏳ 等待 Profile 更新任务...
2026-07-23 15:33:39.781 | INFO     | N/A | ⏳ 等待 Profile 更新任务...
2026-07-23 15:33:44.803 | INFO     | N/A | ⏳ 等待 Profile 更新任务...
2026-07-23 15:33:49.827 | INFO     | N/A | ⏳ 等待 Profile 更新任务...
2026-07-23 15:33:54.853 | INFO     | N/A | ⏳ 等待 Profile 更新任务...
2026-07-23 15:33:59.875 | INFO     | N/A | ⏳ 等待 Profile 更新任务...
2026-07-23 15:34:04.902 | INFO     | N/A | ⏳ 等待 Profile 更新任务...
2026-07-23 15:34:09.927 | INFO     | N/A | ⏳ 等待 Profile 更新任务...
2026-07-23 15:34:14.951 | INFO     | N/A | ⏳ 等待 Profile 更新任务...
2026-07-23 15:34:19.973 | INFO     | N/A | ⏳ 等待 Profile 更新任务...
2026-07-23 15:34:24.996 | INFO     | N/A | ⏳ 等待 Profile 更新任务...
2026-07-23 15:34:30.042 | INFO     | N/A | ⏳ 等待 Profile 更新任务...
2026-07-23 15:34:35.066 | INFO     | N/A | ⏳ 等待 Profile 更新任务...
2026-07-23 15:34:40.088 | INFO     | N/A | ⏳ 等待 Profile 更新任务...
2026-07-23 15:34:45.119 | INFO     | N/A | ⏳ 等待 Profile 更新任务...
2026-07-23 15:34:50.139 | INFO     | N/A | ⏳ 等待 Profile 更新任务...
2026-07-23 15:34:55.161 | INFO     | N/A | ⏳ 等待 Profile 更新任务...
2026-07-23 15:35:00.184 | INFO     | N/A | ⏳ 等待 Profile 更新任务...
2026-07-23 15:35:05.211 | INFO     | N/A | ⏳ 等待 Profile 更新任务...
2026-07-23 15:35:10.238 | INFO     | N/A | ⏳ 等待 Profile 更新任务...
2026-07-23 15:35:15.262 | INFO     | N/A | ⏳ 等待 Profile 更新任务...
2026-07-23 15:35:20.284 | INFO     | N/A | ⏳ 等待 Profile 更新任务...
2026-07-23 15:35:25.309 | INFO     | N/A | ⏳ 等待 Profile 更新任务...
2026-07-23 15:35:30.333 | INFO     | N/A | ⏳ 等待 Profile 更新任务...
2026-07-23 15:35:35.359 | INFO     | N/A | ⏳ 等待 Profile 更新任务...
2026-07-23 15:35:40.384 | INFO     | N/A | ⏳ 等待 Profile 更新任务...
2026-07-23 15:35:45.405 | INFO     | N/A | ⏳ 等待 Profile 更新任务...
2026-07-23 15:35:50.427 | INFO     | N/A | ⏳ 等待 Profile 更新任务...
2026-07-23 15:35:55.449 | INFO     | N/A | ⏳ 等待 Profile 更新任务...
2026-07-23 15:36:00.473 | INFO     | N/A | ⏳ 等待 Profile 更新任务...
2026-07-23 15:36:05.500 | INFO     | N/A | ⏳ 等待 Profile 更新任务...
2026-07-23 15:36:10.521 | INFO     | N/A | ⏳ 等待 Profile 更新任务...
2026-07-23 15:36:15.544 | INFO     | N/A | ⏳ 等待 Profile 更新任务...
2026-07-23 15:36:20.566 | INFO     | N/A | ⏳ 等待 Profile 更新任务...
2026-07-23 15:36:25.589 | INFO     | N/A | ⏳ 等待 Profile 更新任务...
2026-07-23 15:36:30.610 | INFO     | N/A | ⏳ 等待 Profile 更新任务...
2026-07-23 15:36:35.636 | INFO     | N/A | ⏳ 等待 Profile 更新任务...
2026-07-23 15:36:40.659 | INFO     | N/A | ⏳ 等待 Profile 更新任务...
2026-07-23 15:36:45.682 | INFO     | N/A | ⏳ 等待 Profile 更新任务...
2026-07-23 15:36:50.704 | INFO     | N/A | ⏳ 等待 Profile 更新任务...
2026-07-23 15:36:55.726 | INFO     | N/A | ⏳ 等待 Profile 更新任务...
2026-07-23 15:37:00.750 | INFO     | N/A | ⏳ 等待 Profile 更新任务...
2026-07-23 15:37:05.776 | INFO     | N/A | ⏳ 等待 Profile 更新任务...
2026-07-23 15:37:10.797 | INFO     | N/A | ⏳ 等待 Profile 更新任务...
2026-07-23 15:37:15.818 | INFO     | N/A | ⏳ 等待 Profile 更新任务...
2026-07-23 15:37:20.842 | INFO     | N/A | ⏳ 等待 Profile 更新任务...
2026-07-23 15:37:25.863 | INFO     | N/A | ⏳ 等待 Profile 更新任务...
2026-07-23 15:37:30.885 | INFO     | N/A | ⏳ 等待 Profile 更新任务...
2026-07-23 15:37:35.915 | INFO     | N/A | ⏳ 等待 Profile 更新任务...
2026-07-23 15:37:40.938 | INFO     | N/A | ⏳ 等待 Profile 更新任务...
2026-07-23 15:37:45.962 | INFO     | N/A | ⏳ 等待 Profile 更新任务...
2026-07-23 15:37:50.986 | INFO     | N/A | ⏳ 等待 Profile 更新任务...
2026-07-23 15:37:56.009 | INFO     | N/A | ⏳ 等待 Profile 更新任务...
2026-07-23 15:38:01.031 | INFO     | N/A | ⏳ 等待 Profile 更新任务...
2026-07-23 15:38:06.055 | INFO     | N/A | ⏳ 等待 Profile 更新任务...
2026-07-23 15:38:11.078 | INFO     | N/A | ⏳ 等待 Profile 更新任务...
2026-07-23 15:38:16.102 | INFO     | N/A | ⏳ 等待 Profile 更新任务...
2026-07-23 15:38:21.127 | INFO     | N/A | ⏳ 等待 Profile 更新任务...
2026-07-23 15:38:26.150 | INFO     | N/A | ⏳ 等待 Profile 更新任务...
2026-07-23 15:38:31.174 | INFO     | N/A | ⏳ 等待 Profile 更新任务...
2026-07-23 15:38:36.199 | INFO     | N/A | ⏳ 等待 Profile 更新任务...
2026-07-23 15:38:41.223 | INFO     | N/A | ⏳ 等待 Profile 更新任务...
2026-07-23 15:38:46.245 | INFO     | N/A | ⏳ 等待 Profile 更新任务...
2026-07-23 15:38:51.270 | INFO     | N/A | ⏳ 等待 Profile 更新任务...
2026-07-23 15:38:56.293 | INFO     | N/A | ⏳ 等待 Profile 更新任务...
2026-07-23 15:39:01.316 | INFO     | N/A | ⏳ 等待 Profile 更新任务...
2026-07-23 15:39:06.344 | INFO     | N/A | ⏳ 等待 Profile 更新任务...
2026-07-23 15:39:11.365 | INFO     | N/A | ⏳ 等待 Profile 更新任务...
2026-07-23 15:39:16.387 | INFO     | N/A | ⏳ 等待 Profile 更新任务...
2026-07-23 15:39:21.410 | INFO     | N/A | ⏳ 等待 Profile 更新任务...
2026-07-23 15:39:26.433 | INFO     | N/A | ⏳ 等待 Profile 更新任务...
2026-07-23 15:39:31.458 | INFO     | N/A | ⏳ 等待 Profile 更新任务...
2026-07-23 15:39:36.484 | INFO     | N/A | ⏳ 等待 Profile 更新任务...
2026-07-23 15:39:41.518 | INFO     | N/A | ⏳ 等待 Profile 更新任务...
2026-07-23 15:39:46.541 | INFO     | N/A | ⏳ 等待 Profile 更新任务...
2026-07-23 15:39:51.564 | INFO     | N/A | ⏳ 等待 Profile 更新任务...
2026-07-23 15:39:56.588 | INFO     | N/A | ⏳ 等待 Profile 更新任务...
2026-07-23 15:40:01.614 | INFO     | N/A | ⏳ 等待 Profile 更新任务...
2026-07-23 15:40:06.637 | INFO     | N/A | ⏳ 等待 Profile 更新任务...
2026-07-23 15:40:11.659 | INFO     | N/A | ⏳ 等待 Profile 更新任务...
2026-07-23 15:40:16.682 | INFO     | N/A | ⏳ 等待 Profile 更新任务...
2026-07-23 15:40:21.726 | INFO     | N/A | ⏳ 等待 Profile 更新任务...
2026-07-23 15:40:26.748 | INFO     | N/A | ⏳ 等待 Profile 更新任务...
2026-07-23 15:40:31.773 | INFO     | N/A | ⏳ 等待 Profile 更新任务...
2026-07-23 15:40:36.798 | INFO     | N/A | ⏳ 等待 Profile 更新任务...
2026-07-23 15:40:41.820 | INFO     | N/A | ⏳ 等待 Profile 更新任务...
2026-07-23 15:40:46.841 | INFO     | N/A | ⏳ 等待 Profile 更新任务...
2026-07-23 15:40:51.864 | INFO     | N/A | ⏳ 等待 Profile 更新任务...
2026-07-23 15:40:56.887 | INFO     | N/A | ⏳ 等待 Profile 更新任务...
2026-07-23 15:41:01.913 | INFO     | N/A | ⏳ 等待 Profile 更新任务...
2026-07-23 15:41:06.940 | INFO     | N/A | ⏳ 等待 Profile 更新任务...
2026-07-23 15:41:11.967 | INFO     | N/A | ⏳ 等待 Profile 更新任务...
2026-07-23 15:41:16.990 | INFO     | N/A | ⏳ 等待 Profile 更新任务...
2026-07-23 15:41:22.011 | INFO     | N/A | ⏳ 等待 Profile 更新任务...
2026-07-23 15:41:27.035 | INFO     | N/A | ⏳ 等待 Profile 更新任务...
2026-07-23 15:41:32.058 | INFO     | N/A | ⏳ 等待 Profile 更新任务...
2026-07-23 15:41:37.085 | INFO     | N/A | ⏳ 等待 Profile 更新任务...
2026-07-23 15:41:42.108 | INFO     | N/A | ⏳ 等待 Profile 更新任务...
2026-07-23 15:41:47.131 | INFO     | N/A | ⏳ 等待 Profile 更新任务...
2026-07-23 15:41:52.152 | INFO     | N/A | ⏳ 等待 Profile 更新任务...
2026-07-23 15:41:57.175 | INFO     | N/A | ⏳ 等待 Profile 更新任务...
2026-07-23 15:42:02.198 | INFO     | N/A | ⏳ 等待 Profile 更新任务...
2026-07-23 15:42:07.223 | INFO     | N/A | ⏳ 等待 Profile 更新任务...
2026-07-23 15:42:12.248 | INFO     | N/A | ⏳ 等待 Profile 更新任务...
2026-07-23 15:42:17.270 | INFO     | N/A | ⏳ 等待 Profile 更新任务...
2026-07-23 15:42:22.291 | INFO     | N/A | ⏳ 等待 Profile 更新任务...
2026-07-23 15:42:27.311 | INFO     | N/A | ⏳ 等待 Profile 更新任务...
2026-07-23 15:42:32.334 | INFO     | N/A | ⏳ 等待 Profile 更新任务...
2026-07-23 15:42:37.360 | INFO     | N/A | ⏳ 等待 Profile 更新任务...
2026-07-23 15:42:42.382 | INFO     | N/A | ⏳ 等待 Profile 更新任务...
2026-07-23 15:42:47.407 | INFO     | N/A | ⏳ 等待 Profile 更新任务...
2026-07-23 15:42:52.431 | INFO     | N/A | ⏳ 等待 Profile 更新任务...
2026-07-23 15:42:57.455 | INFO     | N/A | ⏳ 等待 Profile 更新任务...
2026-07-23 15:43:02.479 | INFO     | N/A | ⏳ 等待 Profile 更新任务...
2026-07-23 15:43:07.500 | INFO     | N/A | ⏳ 等待 Profile 更新任务...
2026-07-23 15:43:12.526 | INFO     | N/A | ⏳ 等待 Profile 更新任务...
2026-07-23 15:43:17.549 | INFO     | N/A | ⏳ 等待 Profile 更新任务...
2026-07-23 15:43:22.572 | INFO     | N/A | ⏳ 等待 Profile 更新任务...
2026-07-23 15:43:27.595 | INFO     | N/A | ⏳ 等待 Profile 更新任务...
2026-07-23 15:43:32.618 | INFO     | N/A | ⏳ 等待 Profile 更新任务...
2026-07-23 15:43:37.643 | INFO     | N/A | ⏳ 等待 Profile 更新任务...
2026-07-23 15:43:42.667 | INFO     | N/A | ⏳ 等待 Profile 更新任务...
2026-07-23 15:43:47.688 | INFO     | N/A | ⏳ 等待 Profile 更新任务...
2026-07-23 15:43:52.713 | INFO     | N/A | ⏳ 等待 Profile 更新任务...
2026-07-23 15:43:57.738 | INFO     | N/A | ⏳ 等待 Profile 更新任务...
2026-07-23 15:44:02.761 | INFO     | N/A | ⏳ 等待 Profile 更新任务...
2026-07-23 15:44:07.787 | INFO     | N/A | ⏳ 等待 Profile 更新任务...
2026-07-23 15:44:12.811 | INFO     | N/A | ⏳ 等待 Profile 更新任务...
2026-07-23 15:44:17.837 | INFO     | N/A | ⏳ 等待 Profile 更新任务...
2026-07-23 15:44:22.860 | INFO     | N/A | ⏳ 等待 Profile 更新任务...
2026-07-23 15:44:27.881 | INFO     | N/A | ⏳ 等待 Profile 更新任务...
2026-07-23 15:44:32.903 | INFO     | N/A | ⏳ 等待 Profile 更新任务...
2026-07-23 15:44:37.928 | INFO     | N/A | ⏳ 等待 Profile 更新任务...
2026-07-23 15:44:42.950 | INFO     | N/A | ⏳ 等待 Profile 更新任务...
2026-07-23 15:44:47.972 | INFO     | N/A | ⏳ 等待 Profile 更新任务...
2026-07-23 15:44:52.998 | INFO     | N/A | ⏳ 等待 Profile 更新任务...
2026-07-23 15:44:58.021 | INFO     | N/A | ⏳ 等待 Profile 更新任务...
2026-07-23 15:45:03.045 | INFO     | N/A | ⏳ 等待 Profile 更新任务...
2026-07-23 15:45:08.074 | INFO     | N/A | ⏳ 等待 Profile 更新任务...
2026-07-23 15:45:13.095 | INFO     | N/A | ⏳ 等待 Profile 更新任务...
2026-07-23 15:45:18.119 | INFO     | N/A | ⏳ 等待 Profile 更新任务...
2026-07-23 15:45:23.140 | INFO     | N/A | ⏳ 等待 Profile 更新任务...
2026-07-23 15:45:28.162 | INFO     | N/A | ⏳ 等待 Profile 更新任务...
2026-07-23 15:45:33.185 | INFO     | N/A | ⏳ 等待 Profile 更新任务...
2026-07-23 15:45:38.212 | INFO     | N/A | ⏳ 等待 Profile 更新任务...
2026-07-23 15:45:43.234 | INFO     | N/A | ⏳ 等待 Profile 更新任务...
2026-07-23 15:45:48.260 | INFO     | N/A | ⏳ 等待 Profile 更新任务...
2026-07-23 15:45:53.284 | INFO     | N/A | ⏳ 等待 Profile 更新任务...
2026-07-23 15:45:58.309 | INFO     | N/A | ⏳ 等待 Profile 更新任务...
2026-07-23 15:46:03.333 | INFO     | N/A | ⏳ 等待 Profile 更新任务...
2026-07-23 15:46:08.358 | INFO     | N/A | ⏳ 等待 Profile 更新任务...
2026-07-23 15:46:13.378 | INFO     | N/A | ⏳ 等待 Profile 更新任务...
2026-07-23 15:46:18.404 | INFO     | N/A | ⏳ 等待 Profile 更新任务...
2026-07-23 15:46:23.427 | INFO     | N/A | ⏳ 等待 Profile 更新任务...
2026-07-23 15:46:28.448 | INFO     | N/A | ⏳ 等待 Profile 更新任务...
2026-07-23 15:46:33.472 | INFO     | N/A | ⏳ 等待 Profile 更新任务...
2026-07-23 15:46:38.500 | INFO     | N/A | ⏳ 等待 Profile 更新任务...
2026-07-23 15:46:43.523 | INFO     | N/A | ⏳ 等待 Profile 更新任务...
2026-07-23 15:46:48.546 | INFO     | N/A | ⏳ 等待 Profile 更新任务...
2026-07-23 15:46:53.568 | INFO     | N/A | ⏳ 等待 Profile 更新任务...
2026-07-23 15:46:58.592 | INFO     | N/A | ⏳ 等待 Profile 更新任务...
2026-07-23 15:47:03.619 | INFO     | N/A | ⏳ 等待 Profile 更新任务...
2026-07-23 15:47:08.642 | INFO     | N/A | ⏳ 等待 Profile 更新任务...
2026-07-23 15:47:13.665 | INFO     | N/A | ⏳ 等待 Profile 更新任务...
2026-07-23 15:47:18.688 | INFO     | N/A | ⏳ 等待 Profile 更新任务...
2026-07-23 15:47:23.710 | INFO     | N/A | ⏳ 等待 Profile 更新任务...
2026-07-23 15:47:28.733 | INFO     | N/A | ⏳ 等待 Profile 更新任务...
2026-07-23 15:47:33.754 | INFO     | N/A | ⏳ 等待 Profile 更新任务...
2026-07-23 15:47:38.782 | INFO     | N/A | ⏳ 等待 Profile 更新任务...
2026-07-23 15:47:43.806 | INFO     | N/A | ⏳ 等待 Profile 更新任务...
2026-07-23 15:47:48.829 | INFO     | N/A | ⏳ 等待 Profile 更新任务...
2026-07-23 15:47:53.850 | INFO     | N/A | ⏳ 等待 Profile 更新任务...
2026-07-23 15:47:58.873 | INFO     | N/A | ⏳ 等待 Profile 更新任务...
2026-07-23 15:48:03.897 | INFO     | N/A | ⏳ 等待 Profile 更新任务...
2026-07-23 15:48:08.923 | INFO     | N/A | ⏳ 等待 Profile 更新任务...
2026-07-23 15:48:13.948 | INFO     | N/A | ⏳ 等待 Profile 更新任务...
2026-07-23 15:48:18.972 | INFO     | N/A | ⏳ 等待 Profile 更新任务...
2026-07-23 15:48:23.995 | INFO     | N/A | ⏳ 等待 Profile 更新任务...
2026-07-23 15:48:29.018 | INFO     | N/A | ⏳ 等待 Profile 更新任务...
2026-07-23 15:48:34.041 | INFO     | N/A | ⏳ 等待 Profile 更新任务...
2026-07-23 15:48:39.067 | INFO     | N/A | ⏳ 等待 Profile 更新任务...
2026-07-23 15:48:44.092 | INFO     | N/A | ⏳ 等待 Profile 更新任务...
2026-07-23 15:48:49.114 | INFO     | N/A | ⏳ 等待 Profile 更新任务...
2026-07-23 15:48:54.137 | INFO     | N/A | ⏳ 等待 Profile 更新任务...
2026-07-23 15:48:59.160 | INFO     | N/A | ⏳ 等待 Profile 更新任务...
2026-07-23 15:49:04.182 | INFO     | N/A | ⏳ 等待 Profile 更新任务...
2026-07-23 15:49:09.206 | INFO     | N/A | ⏳ 等待 Profile 更新任务...
2026-07-23 15:49:14.228 | INFO     | N/A | ⏳ 等待 Profile 更新任务...
2026-07-23 15:49:19.248 | INFO     | N/A | ⏳ 等待 Profile 更新任务...
2026-07-23 15:49:24.272 | INFO     | N/A | ⏳ 等待 Profile 更新任务...
2026-07-23 15:49:29.295 | INFO     | N/A | ⏳ 等待 Profile 更新任务...
2026-07-23 15:49:34.319 | INFO     | N/A | ⏳ 等待 Profile 更新任务...
2026-07-23 15:49:39.346 | INFO     | N/A | ⏳ 等待 Profile 更新任务...
2026-07-23 15:49:44.368 | INFO     | N/A | ⏳ 等待 Profile 更新任务...
2026-07-23 15:49:49.390 | INFO     | N/A | ⏳ 等待 Profile 更新任务...
2026-07-23 15:49:54.413 | INFO     | N/A | ⏳ 等待 Profile 更新任务...
2026-07-23 15:49:59.435 | INFO     | N/A | ⏳ 等待 Profile 更新任务...
2026-07-23 15:50:04.460 | INFO     | N/A | ⏳ 等待 Profile 更新任务...
2026-07-23 15:50:09.487 | INFO     | N/A | ⏳ 等待 Profile 更新任务...
2026-07-23 15:50:14.510 | INFO     | N/A | ⏳ 等待 Profile 更新任务...
2026-07-23 15:50:19.533 | INFO     | N/A | ⏳ 等待 Profile 更新任务...
2026-07-23 15:50:24.555 | INFO     | N/A | ⏳ 等待 Profile 更新任务...
2026-07-23 15:50:29.581 | INFO     | N/A | ⏳ 等待 Profile 更新任务...
2026-07-23 15:50:34.604 | INFO     | N/A | ⏳ 等待 Profile 更新任务...
2026-07-23 15:50:39.631 | INFO     | N/A | ⏳ 等待 Profile 更新任务...
2026-07-23 15:50:44.655 | INFO     | N/A | ⏳ 等待 Profile 更新任务...
2026-07-23 15:50:49.677 | INFO     | N/A | ⏳ 等待 Profile 更新任务...
2026-07-23 15:50:54.699 | INFO     | N/A | ⏳ 等待 Profile 更新任务...
2026-07-23 15:50:59.720 | INFO     | N/A | ⏳ 等待 Profile 更新任务...
2026-07-23 15:51:04.742 | INFO     | N/A | ⏳ 等待 Profile 更新任务...
2026-07-23 15:51:09.770 | INFO     | N/A | ⏳ 等待 Profile 更新任务...
2026-07-23 15:51:14.793 | INFO     | N/A | ⏳ 等待 Profile 更新任务...
2026-07-23 15:51:19.814 | INFO     | N/A | ⏳ 等待 Profile 更新任务...
2026-07-23 15:51:24.837 | INFO     | N/A | ⏳ 等待 Profile 更新任务...
2026-07-23 15:51:29.860 | INFO     | N/A | ⏳ 等待 Profile 更新任务...
2026-07-23 15:51:34.883 | INFO     | N/A | ⏳ 等待 Profile 更新任务...
2026-07-23 15:51:39.908 | INFO     | N/A | ⏳ 等待 Profile 更新任务...
2026-07-23 15:51:44.930 | INFO     | N/A | ⏳ 等待 Profile 更新任务...
2026-07-23 15:51:49.955 | INFO     | N/A | ⏳ 等待 Profile 更新任务...
2026-07-23 15:51:54.976 | INFO     | N/A | ⏳ 等待 Profile 更新任务...
2026-07-23 15:51:59.999 | INFO     | N/A | ⏳ 等待 Profile 更新任务...
2026-07-23 15:52:05.022 | INFO     | N/A | ⏳ 等待 Profile 更新任务...
2026-07-23 15:52:10.049 | INFO     | N/A | ⏳ 等待 Profile 更新任务...
2026-07-23 15:52:15.071 | INFO     | N/A | ⏳ 等待 Profile 更新任务...
2026-07-23 15:52:20.095 | INFO     | N/A | ⏳ 等待 Profile 更新任务...
2026-07-23 15:52:25.118 | INFO     | N/A | ⏳ 等待 Profile 更新任务...
2026-07-23 15:52:30.142 | INFO     | N/A | ⏳ 等待 Profile 更新任务...
2026-07-23 15:52:35.164 | INFO     | N/A | ⏳ 等待 Profile 更新任务...
2026-07-23 15:52:40.192 | INFO     | N/A | ⏳ 等待 Profile 更新任务...
2026-07-23 15:52:45.214 | INFO     | N/A | ⏳ 等待 Profile 更新任务...
2026-07-23 15:52:50.237 | INFO     | N/A | ⏳ 等待 Profile 更新任务...
2026-07-23 15:52:55.260 | INFO     | N/A | ⏳ 等待 Profile 更新任务...
2026-07-23 15:53:00.285 | INFO     | N/A | ⏳ 等待 Profile 更新任务...
2026-07-23 15:53:05.309 | INFO     | N/A | ⏳ 等待 Profile 更新任务...
2026-07-23 15:53:10.334 | INFO     | N/A | ⏳ 等待 Profile 更新任务...
2026-07-23 15:53:15.356 | INFO     | N/A | ⏳ 等待 Profile 更新任务...
2026-07-23 15:53:20.382 | INFO     | N/A | ⏳ 等待 Profile 更新任务...
2026-07-23 15:53:25.403 | INFO     | N/A | ⏳ 等待 Profile 更新任务...
2026-07-23 15:53:30.426 | INFO     | N/A | ⏳ 等待 Profile 更新任务...
2026-07-23 15:53:35.449 | INFO     | N/A | ⏳ 等待 Profile 更新任务...
2026-07-23 15:53:40.476 | INFO     | N/A | ⏳ 等待 Profile 更新任务...
2026-07-23 15:53:45.500 | INFO     | N/A | ⏳ 等待 Profile 更新任务...
2026-07-23 15:53:50.525 | INFO     | N/A | ⏳ 等待 Profile 更新任务...
2026-07-23 15:53:55.550 | INFO     | N/A | ⏳ 等待 Profile 更新任务...
2026-07-23 15:54:00.574 | INFO     | N/A | ⏳ 等待 Profile 更新任务...
2026-07-23 15:54:05.596 | INFO     | N/A | ⏳ 等待 Profile 更新任务...
2026-07-23 15:54:10.622 | INFO     | N/A | ⏳ 等待 Profile 更新任务...
2026-07-23 15:54:15.643 | INFO     | N/A | ⏳ 等待 Profile 更新任务...
2026-07-23 15:54:20.666 | INFO     | N/A | ⏳ 等待 Profile 更新任务...
2026-07-23 15:54:25.690 | INFO     | N/A | ⏳ 等待 Profile 更新任务...
2026-07-23 15:54:30.712 | INFO     | N/A | ⏳ 等待 Profile 更新任务...
2026-07-23 15:54:35.734 | INFO     | N/A | ⏳ 等待 Profile 更新任务...
2026-07-23 15:54:40.760 | INFO     | N/A | ⏳ 等待 Profile 更新任务...
2026-07-23 15:54:45.785 | INFO     | N/A | ⏳ 等待 Profile 更新任务...
2026-07-23 15:54:50.809 | INFO     | N/A | ⏳ 等待 Profile 更新任务...
2026-07-23 15:54:55.831 | INFO     | N/A | ⏳ 等待 Profile 更新任务...
2026-07-23 15:55:00.856 | INFO     | N/A | ⏳ 等待 Profile 更新任务...
2026-07-23 15:55:05.880 | INFO     | N/A | ⏳ 等待 Profile 更新任务...
2026-07-23 15:55:10.907 | INFO     | N/A | ⏳ 等待 Profile 更新任务...
2026-07-23 15:55:15.929 | INFO     | N/A | ⏳ 等待 Profile 更新任务...
2026-07-23 15:55:20.951 | INFO     | N/A | ⏳ 等待 Profile 更新任务...
2026-07-23 15:55:25.979 | INFO     | N/A | ⏳ 等待 Profile 更新任务...
2026-07-23 15:55:31.002 | INFO     | N/A | ⏳ 等待 Profile 更新任务...
2026-07-23 15:55:36.026 | INFO     | N/A | ⏳ 等待 Profile 更新任务...
2026-07-23 15:55:41.051 | INFO     | N/A | ⏳ 等待 Profile 更新任务...
2026-07-23 15:55:46.075 | INFO     | N/A | ⏳ 等待 Profile 更新任务...
2026-07-23 15:55:51.099 | INFO     | N/A | ⏳ 等待 Profile 更新任务...
2026-07-23 15:55:56.122 | INFO     | N/A | ⏳ 等待 Profile 更新任务...
2026-07-23 15:56:01.145 | INFO     | N/A | ⏳ 等待 Profile 更新任务...
2026-07-23 15:56:06.170 | INFO     | N/A | ⏳ 等待 Profile 更新任务...
2026-07-23 15:56:11.192 | INFO     | N/A | ⏳ 等待 Profile 更新任务...
2026-07-23 15:56:16.214 | INFO     | N/A | ⏳ 等待 Profile 更新任务...
2026-07-23 15:56:21.238 | INFO     | N/A | ⏳ 等待 Profile 更新任务...
2026-07-23 15:56:26.262 | INFO     | N/A | ⏳ 等待 Profile 更新任务...
2026-07-23 15:56:31.283 | INFO     | N/A | ⏳ 等待 Profile 更新任务...
2026-07-23 15:56:36.306 | INFO     | N/A | ⏳ 等待 Profile 更新任务...
2026-07-23 15:56:41.329 | INFO     | N/A | ⏳ 等待 Profile 更新任务...
2026-07-23 15:56:46.352 | INFO     | N/A | ⏳ 等待 Profile 更新任务...
2026-07-23 15:56:51.400 | INFO     | N/A | ⏳ 等待 Profile 更新任务...
2026-07-23 15:56:56.421 | INFO     | N/A | ⏳ 等待 Profile 更新任务...
2026-07-23 15:57:01.443 | INFO     | N/A | ⏳ 等待 Profile 更新任务...
2026-07-23 15:57:06.467 | INFO     | N/A | ⏳ 等待 Profile 更新任务...
2026-07-23 15:57:11.491 | INFO     | N/A | ⏳ 等待 Profile 更新任务...
2026-07-23 15:57:16.513 | INFO     | N/A | ⏳ 等待 Profile 更新任务...
2026-07-23 15:57:21.534 | INFO     | N/A | ⏳ 等待 Profile 更新任务...
2026-07-23 15:57:26.556 | INFO     | N/A | ⏳ 等待 Profile 更新任务...
2026-07-23 15:57:31.577 | INFO     | N/A | ⏳ 等待 Profile 更新任务...
2026-07-23 15:57:36.600 | INFO     | N/A | ⏳ 等待 Profile 更新任务...
2026-07-23 15:57:41.622 | INFO     | N/A | ⏳ 等待 Profile 更新任务...
2026-07-23 15:57:46.644 | INFO     | N/A | ⏳ 等待 Profile 更新任务...
2026-07-23 15:57:51.668 | INFO     | N/A | ⏳ 等待 Profile 更新任务...
2026-07-23 15:57:56.691 | INFO     | N/A | ⏳ 等待 Profile 更新任务...
2026-07-23 15:58:01.715 | INFO     | N/A | ⏳ 等待 Profile 更新任务...
2026-07-23 15:58:06.739 | INFO     | N/A | ⏳ 等待 Profile 更新任务...
2026-07-23 15:58:11.764 | INFO     | N/A | ⏳ 等待 Profile 更新任务...
2026-07-23 15:58:16.785 | INFO     | N/A | ⏳ 等待 Profile 更新任务...
2026-07-23 15:58:21.809 | INFO     | N/A | ⏳ 等待 Profile 更新任务...
2026-07-23 15:58:26.832 | INFO     | N/A | ⏳ 等待 Profile 更新任务...
2026-07-23 15:58:31.856 | INFO     | N/A | ⏳ 等待 Profile 更新任务...
2026-07-23 15:58:36.880 | INFO     | N/A | ⏳ 等待 Profile 更新任务...
2026-07-23 15:58:41.907 | INFO     | N/A | ⏳ 等待 Profile 更新任务...
2026-07-23 15:58:46.931 | INFO     | N/A | ⏳ 等待 Profile 更新任务...
2026-07-23 15:58:51.953 | INFO     | N/A | ⏳ 等待 Profile 更新任务...
2026-07-23 15:58:56.977 | INFO     | N/A | ⏳ 等待 Profile 更新任务...
2026-07-23 15:59:02.002 | INFO     | N/A | ⏳ 等待 Profile 更新任务...
2026-07-23 15:59:07.023 | INFO     | N/A | ⏳ 等待 Profile 更新任务...
2026-07-23 15:59:12.048 | INFO     | N/A | ⏳ 等待 Profile 更新任务...
2026-07-23 15:59:17.072 | INFO     | N/A | ⏳ 等待 Profile 更新任务...
2026-07-23 15:59:22.095 | INFO     | N/A | ⏳ 等待 Profile 更新任务...
2026-07-23 15:59:27.118 | INFO     | N/A | ⏳ 等待 Profile 更新任务...
2026-07-23 15:59:32.143 | INFO     | N/A | ⏳ 等待 Profile 更新任务...
2026-07-23 15:59:37.166 | INFO     | N/A | ⏳ 等待 Profile 更新任务...
2026-07-23 15:59:42.190 | INFO     | N/A | ⏳ 等待 Profile 更新任务...
2026-07-23 15:59:47.214 | INFO     | N/A | ⏳ 等待 Profile 更新任务...
2026-07-23 15:59:52.236 | INFO     | N/A | ⏳ 等待 Profile 更新任务...
2026-07-23 15:59:57.258 | INFO     | N/A | ⏳ 等待 Profile 更新任务...
2026-07-23 16:00:02.282 | INFO     | N/A | ⏳ 等待 Profile 更新任务...
2026-07-23 16:00:07.307 | INFO     | N/A | ⏳ 等待 Profile 更新任务...
2026-07-23 16:00:12.331 | INFO     | N/A | ⏳ 等待 Profile 更新任务...
2026-07-23 16:00:17.353 | INFO     | N/A | ⏳ 等待 Profile 更新任务...
2026-07-23 16:00:22.377 | INFO     | N/A | ⏳ 等待 Profile 更新任务...
2026-07-23 16:00:27.399 | INFO     | N/A | ⏳ 等待 Profile 更新任务...
2026-07-23 16:00:32.418 | INFO     | N/A | ⏳ 等待 Profile 更新任务...
2026-07-23 16:00:37.440 | INFO     | N/A | ⏳ 等待 Profile 更新任务...
2026-07-23 16:00:42.463 | INFO     | N/A | ⏳ 等待 Profile 更新任务...
2026-07-23 16:00:47.485 | INFO     | N/A | ⏳ 等待 Profile 更新任务...
2026-07-23 16:00:52.506 | INFO     | N/A | ⏳ 等待 Profile 更新任务...
2026-07-23 16:00:57.527 | INFO     | N/A | ⏳ 等待 Profile 更新任务...
2026-07-23 16:01:02.551 | INFO     | N/A | ⏳ 等待 Profile 更新任务...
2026-07-23 16:01:07.574 | INFO     | N/A | ⏳ 等待 Profile 更新任务...
2026-07-23 16:01:12.597 | INFO     | N/A | ⏳ 等待 Profile 更新任务...
2026-07-23 16:01:17.620 | INFO     | N/A | ⏳ 等待 Profile 更新任务...
2026-07-23 16:01:22.641 | INFO     | N/A | ⏳ 等待 Profile 更新任务...
2026-07-23 16:01:27.665 | INFO     | N/A | ⏳ 等待 Profile 更新任务...
2026-07-23 16:01:32.688 | INFO     | N/A | ⏳ 等待 Profile 更新任务...
2026-07-23 16:01:37.709 | INFO     | N/A | ⏳ 等待 Profile 更新任务...
2026-07-23 16:01:42.735 | INFO     | N/A | ⏳ 等待 Profile 更新任务...
2026-07-23 16:01:47.758 | INFO     | N/A | ⏳ 等待 Profile 更新任务...
2026-07-23 16:01:52.780 | INFO     | N/A | ⏳ 等待 Profile 更新任务...
2026-07-23 16:01:57.804 | INFO     | N/A | ⏳ 等待 Profile 更新任务...
2026-07-23 16:02:02.824 | INFO     | N/A | ⏳ 等待 Profile 更新任务...
2026-07-23 16:02:07.850 | INFO     | N/A | ⏳ 等待 Profile 更新任务...
2026-07-23 16:02:12.876 | INFO     | N/A | ⏳ 等待 Profile 更新任务...
2026-07-23 16:02:17.901 | INFO     | N/A | ⏳ 等待 Profile 更新任务...
2026-07-23 16:02:22.924 | INFO     | N/A | ⏳ 等待 Profile 更新任务...
2026-07-23 16:02:27.949 | INFO     | N/A | ⏳ 等待 Profile 更新任务...
2026-07-23 16:02:32.972 | INFO     | N/A | ⏳ 等待 Profile 更新任务...
2026-07-23 16:02:37.995 | INFO     | N/A | ⏳ 等待 Profile 更新任务...
2026-07-23 16:02:43.023 | INFO     | N/A | ⏳ 等待 Profile 更新任务...
2026-07-23 16:02:48.046 | INFO     | N/A | ⏳ 等待 Profile 更新任务...
2026-07-23 16:02:53.069 | INFO     | N/A | ⏳ 等待 Profile 更新任务...
2026-07-23 16:02:58.094 | INFO     | N/A | ⏳ 等待 Profile 更新任务...
2026-07-23 16:03:03.115 | INFO     | N/A | ⏳ 等待 Profile 更新任务...
2026-07-23 16:03:08.139 | INFO     | N/A | ⏳ 等待 Profile 更新任务...
2026-07-23 16:03:13.163 | INFO     | N/A | ⏳ 等待 Profile 更新任务...
2026-07-23 16:03:18.187 | INFO     | N/A | ⏳ 等待 Profile 更新任务...
2026-07-23 16:03:23.211 | INFO     | N/A | ⏳ 等待 Profile 更新任务...
2026-07-23 16:03:28.233 | INFO     | N/A | ⏳ 等待 Profile 更新任务...
2026-07-23 16:03:33.256 | INFO     | N/A | ⏳ 等待 Profile 更新任务...
2026-07-23 16:03:38.278 | INFO     | N/A | ⏳ 等待 Profile 更新任务...
2026-07-23 16:03:43.306 | INFO     | N/A | ⏳ 等待 Profile 更新任务...
2026-07-23 16:03:48.334 | INFO     | N/A | ⏳ 等待 Profile 更新任务...
2026-07-23 16:03:53.356 | INFO     | N/A | ⏳ 等待 Profile 更新任务...
2026-07-23 16:03:58.378 | INFO     | N/A | ⏳ 等待 Profile 更新任务...
2026-07-23 16:04:03.401 | INFO     | N/A | ⏳ 等待 Profile 更新任务...
2026-07-23 16:04:08.425 | INFO     | N/A | ⏳ 等待 Profile 更新任务...
2026-07-23 16:04:13.450 | INFO     | N/A | ⏳ 等待 Profile 更新任务...
2026-07-23 16:04:18.475 | INFO     | N/A | ⏳ 等待 Profile 更新任务...
2026-07-23 16:04:23.495 | INFO     | N/A | ⏳ 等待 Profile 更新任务...
2026-07-23 16:04:28.517 | INFO     | N/A | ⏳ 等待 Profile 更新任务...
2026-07-23 16:04:33.541 | INFO     | N/A | ⏳ 等待 Profile 更新任务...
2026-07-23 16:04:38.562 | INFO     | N/A | ⏳ 等待 Profile 更新任务...
2026-07-23 16:04:43.586 | INFO     | N/A | ⏳ 等待 Profile 更新任务...
2026-07-23 16:04:48.608 | INFO     | N/A | ⏳ 等待 Profile 更新任务...
2026-07-23 16:04:53.634 | INFO     | N/A | ⏳ 等待 Profile 更新任务...
2026-07-23 16:04:58.657 | INFO     | N/A | ⏳ 等待 Profile 更新任务...
2026-07-23 16:05:03.680 | INFO     | N/A | ⏳ 等待 Profile 更新任务...
2026-07-23 16:05:08.703 | INFO     | N/A | ⏳ 等待 Profile 更新任务...
2026-07-23 16:05:13.729 | INFO     | N/A | ⏳ 等待 Profile 更新任务...
2026-07-23 16:05:18.750 | INFO     | N/A | ⏳ 等待 Profile 更新任务...
2026-07-23 16:05:23.775 | INFO     | N/A | ⏳ 等待 Profile 更新任务...
2026-07-23 16:05:28.796 | INFO     | N/A | ⏳ 等待 Profile 更新任务...
2026-07-23 16:05:33.818 | INFO     | N/A | ⏳ 等待 Profile 更新任务...
2026-07-23 16:05:38.841 | INFO     | N/A | ⏳ 等待 Profile 更新任务...
2026-07-23 16:05:43.866 | INFO     | N/A | ⏳ 等待 Profile 更新任务...
2026-07-23 16:05:48.893 | INFO     | N/A | ⏳ 等待 Profile 更新任务...
2026-07-23 16:05:53.914 | INFO     | N/A | ⏳ 等待 Profile 更新任务...
2026-07-23 16:05:58.937 | INFO     | N/A | ⏳ 等待 Profile 更新任务...
2026-07-23 16:06:03.959 | INFO     | N/A | ⏳ 等待 Profile 更新任务...
2026-07-23 16:06:08.983 | INFO     | N/A | ⏳ 等待 Profile 更新任务...
2026-07-23 16:06:14.007 | INFO     | N/A | ⏳ 等待 Profile 更新任务...
2026-07-23 16:06:19.029 | INFO     | N/A | ⏳ 等待 Profile 更新任务...
2026-07-23 16:06:24.051 | INFO     | N/A | ⏳ 等待 Profile 更新任务...
2026-07-23 16:06:29.073 | INFO     | N/A | ⏳ 等待 Profile 更新任务...
2026-07-23 16:06:34.094 | INFO     | N/A | ⏳ 等待 Profile 更新任务...
2026-07-23 16:06:39.118 | INFO     | N/A | ⏳ 等待 Profile 更新任务...
2026-07-23 16:06:44.144 | INFO     | N/A | ⏳ 等待 Profile 更新任务...
2026-07-23 16:06:49.167 | INFO     | N/A | ⏳ 等待 Profile 更新任务...
2026-07-23 16:06:54.188 | INFO     | N/A | ⏳ 等待 Profile 更新任务...
2026-07-23 16:06:59.211 | INFO     | N/A | ⏳ 等待 Profile 更新任务...
2026-07-23 16:07:04.233 | INFO     | N/A | ⏳ 等待 Profile 更新任务...
2026-07-23 16:07:09.256 | INFO     | N/A | ⏳ 等待 Profile 更新任务...
2026-07-23 16:07:14.286 | INFO     | N/A | ⏳ 等待 Profile 更新任务...
2026-07-23 16:07:19.310 | INFO     | N/A | ⏳ 等待 Profile 更新任务...
2026-07-23 16:07:24.337 | INFO     | N/A | ⏳ 等待 Profile 更新任务...
2026-07-23 16:07:29.360 | INFO     | N/A | ⏳ 等待 Profile 更新任务...
2026-07-23 16:07:34.383 | INFO     | N/A | ⏳ 等待 Profile 更新任务...
2026-07-23 16:07:39.406 | INFO     | N/A | ⏳ 等待 Profile 更新任务...
2026-07-23 16:07:44.436 | INFO     | N/A | ⏳ 等待 Profile 更新任务...
2026-07-23 16:07:49.461 | INFO     | N/A | ⏳ 等待 Profile 更新任务...
2026-07-23 16:07:54.484 | INFO     | N/A | ⏳ 等待 Profile 更新任务...
2026-07-23 16:07:59.507 | INFO     | N/A | ⏳ 等待 Profile 更新任务...
2026-07-23 16:08:04.530 | INFO     | N/A | ⏳ 等待 Profile 更新任务...
2026-07-23 16:08:09.554 | INFO     | N/A | ⏳ 等待 Profile 更新任务...
2026-07-23 16:08:14.581 | INFO     | N/A | ⏳ 等待 Profile 更新任务...
2026-07-23 16:08:19.604 | INFO     | N/A | ⏳ 等待 Profile 更新任务...
2026-07-23 16:08:24.626 | INFO     | N/A | ⏳ 等待 Profile 更新任务...
2026-07-23 16:08:29.654 | INFO     | N/A | ⏳ 等待 Profile 更新任务...
2026-07-23 16:08:34.677 | INFO     | N/A | ⏳ 等待 Profile 更新任务...
2026-07-23 16:08:39.699 | INFO     | N/A | ⏳ 等待 Profile 更新任务...
2026-07-23 16:08:44.723 | INFO     | N/A | ⏳ 等待 Profile 更新任务...
2026-07-23 16:08:49.746 | INFO     | N/A | ⏳ 等待 Profile 更新任务...
2026-07-23 16:08:54.767 | INFO     | N/A | ⏳ 等待 Profile 更新任务...
2026-07-23 16:08:59.790 | INFO     | N/A | ⏳ 等待 Profile 更新任务...
2026-07-23 16:09:04.811 | INFO     | N/A | ⏳ 等待 Profile 更新任务...
2026-07-23 16:09:09.835 | INFO     | N/A | ⏳ 等待 Profile 更新任务...
2026-07-23 16:09:14.860 | INFO     | N/A | ⏳ 等待 Profile 更新任务...
2026-07-23 16:09:19.882 | INFO     | N/A | ⏳ 等待 Profile 更新任务...
2026-07-23 16:09:24.905 | INFO     | N/A | ⏳ 等待 Profile 更新任务...
2026-07-23 16:09:29.930 | INFO     | N/A | ⏳ 等待 Profile 更新任务...
2026-07-23 16:09:34.952 | INFO     | N/A | ⏳ 等待 Profile 更新任务...
2026-07-23 16:09:39.974 | INFO     | N/A | ⏳ 等待 Profile 更新任务...
2026-07-23 16:09:44.999 | INFO     | N/A | ⏳ 等待 Profile 更新任务...
2026-07-23 16:09:50.021 | INFO     | N/A | ⏳ 等待 Profile 更新任务...
2026-07-23 16:09:55.043 | INFO     | N/A | ⏳ 等待 Profile 更新任务...
2026-07-23 16:10:00.066 | INFO     | N/A | ⏳ 等待 Profile 更新任务...
2026-07-23 16:10:05.089 | INFO     | N/A | ⏳ 等待 Profile 更新任务...
2026-07-23 16:10:10.112 | INFO     | N/A | ⏳ 等待 Profile 更新任务...
2026-07-23 16:10:15.136 | INFO     | N/A | ⏳ 等待 Profile 更新任务...
2026-07-23 16:10:20.159 | INFO     | N/A | ⏳ 等待 Profile 更新任务...
2026-07-23 16:10:25.179 | INFO     | N/A | ⏳ 等待 Profile 更新任务...
2026-07-23 16:10:30.203 | INFO     | N/A | ⏳ 等待 Profile 更新任务...
2026-07-23 16:10:35.227 | INFO     | N/A | ⏳ 等待 Profile 更新任务...
2026-07-23 16:10:40.250 | INFO     | N/A | ⏳ 等待 Profile 更新任务...
2026-07-23 16:10:45.278 | INFO     | N/A | ⏳ 等待 Profile 更新任务...
2026-07-23 16:10:50.301 | INFO     | N/A | ⏳ 等待 Profile 更新任务...
2026-07-23 16:10:55.322 | INFO     | N/A | ⏳ 等待 Profile 更新任务...
2026-07-23 16:11:00.343 | INFO     | N/A | ⏳ 等待 Profile 更新任务...
2026-07-23 16:11:05.367 | INFO     | N/A | ⏳ 等待 Profile 更新任务...
2026-07-23 16:11:10.392 | INFO     | N/A | ⏳ 等待 Profile 更新任务...
2026-07-23 16:11:15.417 | INFO     | N/A | ⏳ 等待 Profile 更新任务...
2026-07-23 16:11:20.441 | INFO     | N/A | ⏳ 等待 Profile 更新任务...
2026-07-23 16:11:25.464 | INFO     | N/A | ⏳ 等待 Profile 更新任务...
2026-07-23 16:11:30.485 | INFO     | N/A | ⏳ 等待 Profile 更新任务...
2026-07-23 16:11:35.507 | INFO     | N/A | ⏳ 等待 Profile 更新任务...
2026-07-23 16:11:40.530 | INFO     | N/A | ⏳ 等待 Profile 更新任务...
2026-07-23 16:11:45.558 | INFO     | N/A | ⏳ 等待 Profile 更新任务...
2026-07-23 16:11:50.580 | INFO     | N/A | ⏳ 等待 Profile 更新任务...
2026-07-23 16:11:55.604 | INFO     | N/A | ⏳ 等待 Profile 更新任务...
2026-07-23 16:12:00.629 | INFO     | N/A | ⏳ 等待 Profile 更新任务...
2026-07-23 16:12:05.652 | INFO     | N/A | ⏳ 等待 Profile 更新任务...
2026-07-23 16:12:10.675 | INFO     | N/A | ⏳ 等待 Profile 更新任务...
2026-07-23 16:12:15.698 | INFO     | N/A | ⏳ 等待 Profile 更新任务...
2026-07-23 16:12:20.721 | INFO     | N/A | ⏳ 等待 Profile 更新任务...
2026-07-23 16:12:25.744 | INFO     | N/A | ⏳ 等待 Profile 更新任务...
2026-07-23 16:12:30.767 | INFO     | N/A | ⏳ 等待 Profile 更新任务...
2026-07-23 16:12:35.790 | INFO     | N/A | ⏳ 等待 Profile 更新任务...
2026-07-23 16:12:40.813 | INFO     | N/A | ⏳ 等待 Profile 更新任务...
2026-07-23 16:12:45.839 | INFO     | N/A | ⏳ 等待 Profile 更新任务...
2026-07-23 16:12:50.862 | INFO     | N/A | ⏳ 等待 Profile 更新任务...
2026-07-23 16:12:55.887 | INFO     | N/A | ⏳ 等待 Profile 更新任务...
2026-07-23 16:13:00.909 | INFO     | N/A | ⏳ 等待 Profile 更新任务...
2026-07-23 16:13:05.932 | INFO     | N/A | ⏳ 等待 Profile 更新任务...
2026-07-23 16:13:10.956 | INFO     | N/A | ⏳ 等待 Profile 更新任务...
2026-07-23 16:13:15.982 | INFO     | N/A | ⏳ 等待 Profile 更新任务...
2026-07-23 16:13:21.004 | INFO     | N/A | ⏳ 等待 Profile 更新任务...
2026-07-23 16:13:26.025 | INFO     | N/A | ⏳ 等待 Profile 更新任务...
2026-07-23 16:13:31.050 | INFO     | N/A | ⏳ 等待 Profile 更新任务...
2026-07-23 16:13:36.073 | INFO     | N/A | ⏳ 等待 Profile 更新任务...
2026-07-23 16:13:41.098 | INFO     | N/A | ⏳ 等待 Profile 更新任务...
2026-07-23 16:13:46.120 | INFO     | N/A | ⏳ 等待 Profile 更新任务...
2026-07-23 16:13:51.144 | INFO     | N/A | ⏳ 等待 Profile 更新任务...
2026-07-23 16:13:56.169 | INFO     | N/A | ⏳ 等待 Profile 更新任务...
2026-07-23 16:14:01.193 | INFO     | N/A | ⏳ 等待 Profile 更新任务...
2026-07-23 16:14:06.216 | INFO     | N/A | ⏳ 等待 Profile 更新任务...
2026-07-23 16:14:11.242 | INFO     | N/A | ⏳ 等待 Profile 更新任务...
2026-07-23 16:14:16.263 | INFO     | N/A | ⏳ 等待 Profile 更新任务...
2026-07-23 16:14:21.289 | INFO     | N/A | ⏳ 等待 Profile 更新任务...
2026-07-23 16:14:26.313 | INFO     | N/A | ⏳ 等待 Profile 更新任务...
2026-07-23 16:14:31.336 | INFO     | N/A | ⏳ 等待 Profile 更新任务...
2026-07-23 16:14:36.367 | INFO     | N/A | ⏳ 等待 Profile 更新任务...
2026-07-23 16:14:41.393 | INFO     | N/A | ⏳ 等待 Profile 更新任务...
2026-07-23 16:14:46.416 | INFO     | N/A | ⏳ 等待 Profile 更新任务...
2026-07-23 16:14:51.439 | INFO     | N/A | ⏳ 等待 Profile 更新任务...
2026-07-23 16:14:56.462 | INFO     | N/A | ⏳ 等待 Profile 更新任务...
2026-07-23 16:15:01.484 | INFO     | N/A | ⏳ 等待 Profile 更新任务...
2026-07-23 16:15:06.506 | INFO     | N/A | ⏳ 等待 Profile 更新任务...
2026-07-23 16:15:11.532 | INFO     | N/A | ⏳ 等待 Profile 更新任务...
2026-07-23 16:15:16.555 | INFO     | N/A | ⏳ 等待 Profile 更新任务...
2026-07-23 16:15:21.579 | INFO     | N/A | ⏳ 等待 Profile 更新任务...
2026-07-23 16:15:26.603 | INFO     | N/A | ⏳ 等待 Profile 更新任务...
2026-07-23 16:15:31.628 | INFO     | N/A | ⏳ 等待 Profile 更新任务...
2026-07-23 16:15:36.651 | INFO     | N/A | ⏳ 等待 Profile 更新任务...
2026-07-23 16:15:41.674 | INFO     | N/A | ⏳ 等待 Profile 更新任务...
2026-07-23 16:15:46.698 | INFO     | N/A | ⏳ 等待 Profile 更新任务...
2026-07-23 16:15:51.719 | INFO     | N/A | ⏳ 等待 Profile 更新任务...
2026-07-23 16:15:56.740 | INFO     | N/A | ⏳ 等待 Profile 更新任务...
2026-07-23 16:16:01.764 | INFO     | N/A | ⏳ 等待 Profile 更新任务...
2026-07-23 16:16:06.788 | INFO     | N/A | ⏳ 等待 Profile 更新任务...
2026-07-23 16:16:11.812 | INFO     | N/A | ⏳ 等待 Profile 更新任务...
2026-07-23 16:16:16.838 | INFO     | N/A | ⏳ 等待 Profile 更新任务...
2026-07-23 16:16:21.892 | INFO     | N/A | ⏳ 等待 Profile 更新任务...
2026-07-23 16:16:26.915 | INFO     | N/A | ⏳ 等待 Profile 更新任务...
2026-07-23 16:16:31.938 | INFO     | N/A | ⏳ 等待 Profile 更新任务...
2026-07-23 16:16:36.966 | INFO     | N/A | ⏳ 等待 Profile 更新任务...
2026-07-23 16:16:41.991 | INFO     | N/A | ⏳ 等待 Profile 更新任务...
2026-07-23 16:16:47.020 | INFO     | N/A | ⏳ 等待 Profile 更新任务...
2026-07-23 16:16:52.040 | INFO     | N/A | ⏳ 等待 Profile 更新任务...
2026-07-23 16:16:57.061 | INFO     | N/A | ⏳ 等待 Profile 更新任务...
2026-07-23 16:17:02.083 | INFO     | N/A | ⏳ 等待 Profile 更新任务...
2026-07-23 16:17:07.106 | INFO     | N/A | ⏳ 等待 Profile 更新任务...
2026-07-23 16:17:12.133 | INFO     | N/A | ⏳ 等待 Profile 更新任务...
2026-07-23 16:17:17.155 | INFO     | N/A | ⏳ 等待 Profile 更新任务...
2026-07-23 16:17:22.177 | INFO     | N/A | ⏳ 等待 Profile 更新任务...
2026-07-23 16:17:27.203 | INFO     | N/A | ⏳ 等待 Profile 更新任务...
2026-07-23 16:17:32.224 | INFO     | N/A | ⏳ 等待 Profile 更新任务...
2026-07-23 16:17:37.246 | INFO     | N/A | ⏳ 等待 Profile 更新任务...
2026-07-23 16:17:42.268 | INFO     | N/A | ⏳ 等待 Profile 更新任务...
2026-07-23 16:17:47.291 | INFO     | N/A | ⏳ 等待 Profile 更新任务...
2026-07-23 16:17:52.313 | INFO     | N/A | ⏳ 等待 Profile 更新任务...
2026-07-23 16:17:57.341 | INFO     | N/A | ⏳ 等待 Profile 更新任务...
2026-07-23 16:18:02.363 | INFO     | N/A | ⏳ 等待 Profile 更新任务...
2026-07-23 16:18:07.387 | INFO     | N/A | ⏳ 等待 Profile 更新任务...
2026-07-23 16:18:12.414 | INFO     | N/A | ⏳ 等待 Profile 更新任务...
2026-07-23 16:18:17.437 | INFO     | N/A | ⏳ 等待 Profile 更新任务...
2026-07-23 16:18:22.461 | INFO     | N/A | ⏳ 等待 Profile 更新任务...
2026-07-23 16:18:27.485 | INFO     | N/A | ⏳ 等待 Profile 更新任务...
2026-07-23 16:18:32.507 | INFO     | N/A | ⏳ 等待 Profile 更新任务...
2026-07-23 16:18:37.531 | INFO     | N/A | ⏳ 等待 Profile 更新任务...
2026-07-23 16:18:42.557 | INFO     | N/A | ⏳ 等待 Profile 更新任务...
2026-07-23 16:18:47.579 | INFO     | N/A | ⏳ 等待 Profile 更新任务...
2026-07-23 16:18:52.602 | INFO     | N/A | ⏳ 等待 Profile 更新任务...
2026-07-23 16:18:57.625 | INFO     | N/A | ⏳ 等待 Profile 更新任务...
2026-07-23 16:19:02.648 | INFO     | N/A | ⏳ 等待 Profile 更新任务...
2026-07-23 16:19:07.671 | INFO     | N/A | ⏳ 等待 Profile 更新任务...
2026-07-23 16:19:12.695 | INFO     | N/A | ⏳ 等待 Profile 更新任务...
2026-07-23 16:19:17.718 | INFO     | N/A | ⏳ 等待 Profile 更新任务...
2026-07-23 16:19:22.747 | INFO     | N/A | ⏳ 等待 Profile 更新任务...
2026-07-23 16:19:27.774 | INFO     | N/A | ⏳ 等待 Profile 更新任务...
2026-07-23 16:19:32.797 | INFO     | N/A | ⏳ 等待 Profile 更新任务...
2026-07-23 16:19:37.821 | INFO     | N/A | ⏳ 等待 Profile 更新任务...
2026-07-23 16:19:42.847 | INFO     | N/A | ⏳ 等待 Profile 更新任务...
2026-07-23 16:19:47.870 | INFO     | N/A | ⏳ 等待 Profile 更新任务...
2026-07-23 16:19:52.893 | INFO     | N/A | ⏳ 等待 Profile 更新任务...
2026-07-23 16:19:57.917 | INFO     | N/A | ⏳ 等待 Profile 更新任务...
2026-07-23 16:20:02.942 | INFO     | N/A | ⏳ 等待 Profile 更新任务...
2026-07-23 16:20:07.967 | INFO     | N/A | ⏳ 等待 Profile 更新任务...
2026-07-23 16:20:12.996 | INFO     | N/A | ⏳ 等待 Profile 更新任务...
2026-07-23 16:20:18.019 | INFO     | N/A | ⏳ 等待 Profile 更新任务...
2026-07-23 16:20:23.042 | INFO     | N/A | ⏳ 等待 Profile 更新任务...
2026-07-23 16:20:28.065 | INFO     | N/A | ⏳ 等待 Profile 更新任务...
2026-07-23 16:20:33.088 | INFO     | N/A | ⏳ 等待 Profile 更新任务...
2026-07-23 16:20:38.112 | INFO     | N/A | ⏳ 等待 Profile 更新任务...
2026-07-23 16:20:43.137 | INFO     | N/A | ⏳ 等待 Profile 更新任务...
2026-07-23 16:20:48.165 | INFO     | N/A | ⏳ 等待 Profile 更新任务...
2026-07-23 16:20:53.188 | INFO     | N/A | ⏳ 等待 Profile 更新任务...
2026-07-23 16:20:58.213 | INFO     | N/A | ⏳ 等待 Profile 更新任务...
2026-07-23 16:21:03.237 | INFO     | N/A | ⏳ 等待 Profile 更新任务...
2026-07-23 16:21:08.262 | INFO     | N/A | ⏳ 等待 Profile 更新任务...
2026-07-23 16:21:13.289 | INFO     | N/A | ⏳ 等待 Profile 更新任务...
2026-07-23 16:21:18.313 | INFO     | N/A | ⏳ 等待 Profile 更新任务...
2026-07-23 16:21:23.336 | INFO     | N/A | ⏳ 等待 Profile 更新任务...
2026-07-23 16:21:28.362 | INFO     | N/A | ⏳ 等待 Profile 更新任务...
2026-07-23 16:21:33.388 | INFO     | N/A | ⏳ 等待 Profile 更新任务...
2026-07-23 16:21:38.416 | INFO     | N/A | ⏳ 等待 Profile 更新任务...
2026-07-23 16:21:43.443 | INFO     | N/A | ⏳ 等待 Profile 更新任务...
2026-07-23 16:21:48.464 | INFO     | N/A | ⏳ 等待 Profile 更新任务...
2026-07-23 16:21:53.487 | INFO     | N/A | ⏳ 等待 Profile 更新任务...
2026-07-23 16:21:58.509 | INFO     | N/A | ⏳ 等待 Profile 更新任务...
2026-07-23 16:22:03.532 | INFO     | N/A | ⏳ 等待 Profile 更新任务...
2026-07-23 16:22:08.554 | INFO     | N/A | ⏳ 等待 Profile 更新任务...
2026-07-23 16:22:13.580 | INFO     | N/A | ⏳ 等待 Profile 更新任务...
2026-07-23 16:22:18.602 | INFO     | N/A | ⏳ 等待 Profile 更新任务...
2026-07-23 16:22:23.626 | INFO     | N/A | ⏳ 等待 Profile 更新任务...
2026-07-23 16:22:28.651 | INFO     | N/A | ⏳ 等待 Profile 更新任务...
2026-07-23 16:22:33.674 | INFO     | N/A | ⏳ 等待 Profile 更新任务...
2026-07-23 16:22:38.700 | INFO     | N/A | ⏳ 等待 Profile 更新任务...
2026-07-23 16:22:43.727 | INFO     | N/A | ⏳ 等待 Profile 更新任务...
2026-07-23 16:22:48.751 | INFO     | N/A | ⏳ 等待 Profile 更新任务...
2026-07-23 16:22:53.777 | INFO     | N/A | ⏳ 等待 Profile 更新任务...
2026-07-23 16:22:58.801 | INFO     | N/A | ⏳ 等待 Profile 更新任务...
2026-07-23 16:23:03.826 | INFO     | N/A | ⏳ 等待 Profile 更新任务...
2026-07-23 16:23:08.848 | INFO     | N/A | ⏳ 等待 Profile 更新任务...
2026-07-23 16:23:13.875 | INFO     | N/A | ⏳ 等待 Profile 更新任务...
2026-07-23 16:23:18.899 | INFO     | N/A | ⏳ 等待 Profile 更新任务...
2026-07-23 16:23:23.922 | INFO     | N/A | ⏳ 等待 Profile 更新任务...
2026-07-23 16:23:28.946 | INFO     | N/A | ⏳ 等待 Profile 更新任务...
2026-07-23 16:23:33.970 | INFO     | N/A | ⏳ 等待 Profile 更新任务...
2026-07-23 16:23:38.995 | INFO     | N/A | ⏳ 等待 Profile 更新任务...
2026-07-23 16:23:44.022 | INFO     | N/A | ⏳ 等待 Profile 更新任务...
2026-07-23 16:23:49.046 | INFO     | N/A | ⏳ 等待 Profile 更新任务...
2026-07-23 16:23:54.068 | INFO     | N/A | ⏳ 等待 Profile 更新任务...
2026-07-23 16:23:59.092 | INFO     | N/A | ⏳ 等待 Profile 更新任务...
2026-07-23 16:24:04.116 | INFO     | N/A | ⏳ 等待 Profile 更新任务...
2026-07-23 16:24:09.140 | INFO     | N/A | ⏳ 等待 Profile 更新任务...
2026-07-23 16:24:14.167 | INFO     | N/A | ⏳ 等待 Profile 更新任务...
2026-07-23 16:24:19.191 | INFO     | N/A | ⏳ 等待 Profile 更新任务...
2026-07-23 16:24:24.217 | INFO     | N/A | ⏳ 等待 Profile 更新任务...
2026-07-23 16:24:29.241 | INFO     | N/A | ⏳ 等待 Profile 更新任务...
2026-07-23 16:24:34.265 | INFO     | N/A | ⏳ 等待 Profile 更新任务...
2026-07-23 16:24:39.288 | INFO     | N/A | ⏳ 等待 Profile 更新任务...
2026-07-23 16:24:44.314 | INFO     | N/A | ⏳ 等待 Profile 更新任务...
2026-07-23 16:24:49.339 | INFO     | N/A | ⏳ 等待 Profile 更新任务...
2026-07-23 16:24:54.362 | INFO     | N/A | ⏳ 等待 Profile 更新任务...
2026-07-23 16:24:59.385 | INFO     | N/A | ⏳ 等待 Profile 更新任务...
2026-07-23 16:25:04.409 | INFO     | N/A | ⏳ 等待 Profile 更新任务...
2026-07-23 16:25:09.431 | INFO     | N/A | ⏳ 等待 Profile 更新任务...
2026-07-23 16:25:14.458 | INFO     | N/A | ⏳ 等待 Profile 更新任务...
2026-07-23 16:25:19.481 | INFO     | N/A | ⏳ 等待 Profile 更新任务...
2026-07-23 16:25:24.504 | INFO     | N/A | ⏳ 等待 Profile 更新任务...
2026-07-23 16:25:29.528 | INFO     | N/A | ⏳ 等待 Profile 更新任务...
2026-07-23 16:25:34.551 | INFO     | N/A | ⏳ 等待 Profile 更新任务...
2026-07-23 16:25:39.574 | INFO     | N/A | ⏳ 等待 Profile 更新任务...
2026-07-23 16:25:44.599 | INFO     | N/A | ⏳ 等待 Profile 更新任务...
2026-07-23 16:25:49.623 | INFO     | N/A | ⏳ 等待 Profile 更新任务...
2026-07-23 16:25:54.650 | INFO     | N/A | ⏳ 等待 Profile 更新任务...
2026-07-23 16:25:59.673 | INFO     | N/A | ⏳ 等待 Profile 更新任务...
2026-07-23 16:26:04.695 | INFO     | N/A | ⏳ 等待 Profile 更新任务...
2026-07-23 16:26:09.719 | INFO     | N/A | ⏳ 等待 Profile 更新任务...
2026-07-23 16:26:14.762 | INFO     | N/A | ⏳ 等待 Profile 更新任务...
2026-07-23 16:26:19.786 | INFO     | N/A | ⏳ 等待 Profile 更新任务...
2026-07-23 16:26:24.810 | INFO     | N/A | ⏳ 等待 Profile 更新任务...
2026-07-23 16:26:29.833 | INFO     | N/A | ⏳ 等待 Profile 更新任务...
2026-07-23 16:26:34.858 | INFO     | N/A | ⏳ 等待 Profile 更新任务...
2026-07-23 16:26:39.881 | INFO     | N/A | ⏳ 等待 Profile 更新任务...
2026-07-23 16:26:44.905 | INFO     | N/A | ⏳ 等待 Profile 更新任务...
2026-07-23 16:26:49.929 | INFO     | N/A | ⏳ 等待 Profile 更新任务...
2026-07-23 16:26:54.952 | INFO     | N/A | ⏳ 等待 Profile 更新任务...
2026-07-23 16:26:59.974 | INFO     | N/A | ⏳ 等待 Profile 更新任务...
2026-07-23 16:27:04.998 | INFO     | N/A | ⏳ 等待 Profile 更新任务...
2026-07-23 16:27:10.022 | INFO     | N/A | ⏳ 等待 Profile 更新任务...
2026-07-23 16:27:15.049 | INFO     | N/A | ⏳ 等待 Profile 更新任务...
2026-07-23 16:27:20.074 | INFO     | N/A | ⏳ 等待 Profile 更新任务...
2026-07-23 16:27:25.097 | INFO     | N/A | ⏳ 等待 Profile 更新任务...
2026-07-23 16:27:30.122 | INFO     | N/A | ⏳ 等待 Profile 更新任务...
2026-07-23 16:27:35.145 | INFO     | N/A | ⏳ 等待 Profile 更新任务...
2026-07-23 16:27:40.170 | INFO     | N/A | ⏳ 等待 Profile 更新任务...
2026-07-23 16:27:45.193 | INFO     | N/A | ⏳ 等待 Profile 更新任务...
2026-07-23 16:27:50.217 | INFO     | N/A | ⏳ 等待 Profile 更新任务...
2026-07-23 16:27:55.240 | INFO     | N/A | ⏳ 等待 Profile 更新任务...
2026-07-23 16:28:00.264 | INFO     | N/A | ⏳ 等待 Profile 更新任务...
2026-07-23 16:28:05.287 | INFO     | N/A | ⏳ 等待 Profile 更新任务...
2026-07-23 16:28:10.311 | INFO     | N/A | ⏳ 等待 Profile 更新任务...
2026-07-23 16:28:15.336 | INFO     | N/A | ⏳ 等待 Profile 更新任务...
2026-07-23 16:28:20.361 | INFO     | N/A | ⏳ 等待 Profile 更新任务...
2026-07-23 16:28:25.385 | INFO     | N/A | ⏳ 等待 Profile 更新任务...
2026-07-23 16:28:30.409 | INFO     | N/A | ⏳ 等待 Profile 更新任务...
2026-07-23 16:28:35.432 | INFO     | N/A | ⏳ 等待 Profile 更新任务...
2026-07-23 16:28:40.457 | INFO     | N/A | ⏳ 等待 Profile 更新任务...
2026-07-23 16:28:45.481 | INFO     | N/A | ⏳ 等待 Profile 更新任务...
2026-07-23 16:28:50.504 | INFO     | N/A | ⏳ 等待 Profile 更新任务...
2026-07-23 16:28:55.527 | INFO     | N/A | ⏳ 等待 Profile 更新任务...
2026-07-23 16:29:00.551 | INFO     | N/A | ⏳ 等待 Profile 更新任务...
2026-07-23 16:29:05.573 | INFO     | N/A | ⏳ 等待 Profile 更新任务...
2026-07-23 16:29:10.597 | INFO     | N/A | ⏳ 等待 Profile 更新任务...
2026-07-23 16:29:15.622 | INFO     | N/A | ⏳ 等待 Profile 更新任务...
2026-07-23 16:29:20.646 | INFO     | N/A | ⏳ 等待 Profile 更新任务...
2026-07-23 16:29:25.669 | INFO     | N/A | ⏳ 等待 Profile 更新任务...
2026-07-23 16:29:30.692 | INFO     | N/A | ⏳ 等待 Profile 更新任务...
2026-07-23 16:29:35.718 | INFO     | N/A | ⏳ 等待 Profile 更新任务...
2026-07-23 16:29:40.740 | INFO     | N/A | ⏳ 等待 Profile 更新任务...
2026-07-23 16:29:45.766 | INFO     | N/A | ⏳ 等待 Profile 更新任务...
2026-07-23 16:29:50.791 | INFO     | N/A | ⏳ 等待 Profile 更新任务...
2026-07-23 16:29:55.815 | INFO     | N/A | ⏳ 等待 Profile 更新任务...
2026-07-23 16:30:00.843 | INFO     | N/A | ⏳ 等待 Profile 更新任务...
2026-07-23 16:30:05.867 | INFO     | N/A | ⏳ 等待 Profile 更新任务...
2026-07-23 16:30:10.891 | INFO     | N/A | ⏳ 等待 Profile 更新任务...
2026-07-23 16:30:15.918 | INFO     | N/A | ⏳ 等待 Profile 更新任务...
2026-07-23 16:30:20.943 | INFO     | N/A | ⏳ 等待 Profile 更新任务...
2026-07-23 16:30:25.966 | INFO     | N/A | ⏳ 等待 Profile 更新任务...
2026-07-23 16:30:30.991 | INFO     | N/A | ⏳ 等待 Profile 更新任务...
2026-07-23 16:30:36.014 | INFO     | N/A | ⏳ 等待 Profile 更新任务...
2026-07-23 16:30:41.040 | INFO     | N/A | ⏳ 等待 Profile 更新任务...
2026-07-23 16:30:46.067 | INFO     | N/A | ⏳ 等待 Profile 更新任务...
2026-07-23 16:30:51.093 | INFO     | N/A | ⏳ 等待 Profile 更新任务...
2026-07-23 16:30:56.117 | INFO     | N/A | ⏳ 等待 Profile 更新任务...
2026-07-23 16:31:01.141 | INFO     | N/A | ⏳ 等待 Profile 更新任务...
2026-07-23 16:31:06.166 | INFO     | N/A | ⏳ 等待 Profile 更新任务...
2026-07-23 16:31:11.190 | INFO     | N/A | ⏳ 等待 Profile 更新任务...
2026-07-23 16:31:16.216 | INFO     | N/A | ⏳ 等待 Profile 更新任务...
2026-07-23 16:31:21.242 | INFO     | N/A | ⏳ 等待 Profile 更新任务...
2026-07-23 16:31:26.266 | INFO     | N/A | ⏳ 等待 Profile 更新任务...
2026-07-23 16:31:31.292 | INFO     | N/A | ⏳ 等待 Profile 更新任务...
2026-07-23 16:31:36.317 | INFO     | N/A | ⏳ 等待 Profile 更新任务...
2026-07-23 16:31:41.342 | INFO     | N/A | ⏳ 等待 Profile 更新任务...
2026-07-23 16:31:46.371 | INFO     | N/A | ⏳ 等待 Profile 更新任务...
2026-07-23 16:31:51.394 | INFO     | N/A | ⏳ 等待 Profile 更新任务...
2026-07-23 16:31:56.419 | INFO     | N/A | ⏳ 等待 Profile 更新任务...
2026-07-23 16:32:01.444 | INFO     | N/A | ⏳ 等待 Profile 更新任务...
2026-07-23 16:32:06.470 | INFO     | N/A | ⏳ 等待 Profile 更新任务...
2026-07-23 16:32:11.494 | INFO     | N/A | ⏳ 等待 Profile 更新任务...
2026-07-23 16:32:16.520 | INFO     | N/A | ⏳ 等待 Profile 更新任务...
2026-07-23 16:32:21.546 | INFO     | N/A | ⏳ 等待 Profile 更新任务...
2026-07-23 16:32:26.572 | INFO     | N/A | ⏳ 等待 Profile 更新任务...
2026-07-23 16:32:31.597 | INFO     | N/A | ⏳ 等待 Profile 更新任务...
2026-07-23 16:32:36.624 | INFO     | N/A | ⏳ 等待 Profile 更新任务...
2026-07-23 16:32:41.650 | INFO     | N/A | ⏳ 等待 Profile 更新任务...
2026-07-23 16:32:46.677 | INFO     | N/A | ⏳ 等待 Profile 更新任务...
2026-07-23 16:32:51.702 | INFO     | N/A | ⏳ 等待 Profile 更新任务...
2026-07-23 16:32:56.726 | INFO     | N/A | ⏳ 等待 Profile 更新任务...
2026-07-23 16:33:01.749 | INFO     | N/A | ⏳ 等待 Profile 更新任务...
2026-07-23 16:33:06.772 | INFO     | N/A | ⏳ 等待 Profile 更新任务...
2026-07-23 16:33:11.796 | INFO     | N/A | ⏳ 等待 Profile 更新任务...
2026-07-23 16:33:16.825 | INFO     | N/A | ⏳ 等待 Profile 更新任务...
2026-07-23 16:33:21.850 | INFO     | N/A | ⏳ 等待 Profile 更新任务...
2026-07-23 16:33:26.876 | INFO     | N/A | ⏳ 等待 Profile 更新任务...
2026-07-23 16:33:31.900 | INFO     | N/A | ⏳ 等待 Profile 更新任务...
2026-07-23 16:33:36.925 | INFO     | N/A | ⏳ 等待 Profile 更新任务...
2026-07-23 16:33:41.948 | INFO     | N/A | ⏳ 等待 Profile 更新任务...
2026-07-23 16:33:46.975 | INFO     | N/A | ⏳ 等待 Profile 更新任务...
2026-07-23 16:33:52.000 | INFO     | N/A | ⏳ 等待 Profile 更新任务...
2026-07-23 16:33:57.023 | INFO     | N/A | ⏳ 等待 Profile 更新任务...
2026-07-23 16:34:02.048 | INFO     | N/A | ⏳ 等待 Profile 更新任务...
2026-07-23 16:34:07.073 | INFO     | N/A | ⏳ 等待 Profile 更新任务...
2026-07-23 16:34:12.098 | INFO     | N/A | ⏳ 等待 Profile 更新任务...
2026-07-23 16:34:17.130 | INFO     | N/A | ⏳ 等待 Profile 更新任务...
2026-07-23 16:34:22.154 | INFO     | N/A | ⏳ 等待 Profile 更新任务...
2026-07-23 16:34:27.178 | INFO     | N/A | ⏳ 等待 Profile 更新任务...
2026-07-23 16:34:32.203 | INFO     | N/A | ⏳ 等待 Profile 更新任务...
2026-07-23 16:34:37.226 | INFO     | N/A | ⏳ 等待 Profile 更新任务...
2026-07-23 16:34:42.251 | INFO     | N/A | ⏳ 等待 Profile 更新任务...
2026-07-23 16:34:47.277 | INFO     | N/A | ⏳ 等待 Profile 更新任务...
2026-07-23 16:34:52.301 | INFO     | N/A | ⏳ 等待 Profile 更新任务...
2026-07-23 16:34:57.325 | INFO     | N/A | ⏳ 等待 Profile 更新任务...
2026-07-23 16:35:02.351 | INFO     | N/A | ⏳ 等待 Profile 更新任务...
2026-07-23 16:35:07.376 | INFO     | N/A | ⏳ 等待 Profile 更新任务...
2026-07-23 16:35:12.400 | INFO     | N/A | ⏳ 等待 Profile 更新任务...
2026-07-23 16:35:17.427 | INFO     | N/A | ⏳ 等待 Profile 更新任务...
2026-07-23 16:35:22.452 | INFO     | N/A | ⏳ 等待 Profile 更新任务...
2026-07-23 16:35:27.474 | INFO     | N/A | ⏳ 等待 Profile 更新任务...
2026-07-23 16:35:32.498 | INFO     | N/A | ⏳ 等待 Profile 更新任务...
2026-07-23 16:35:37.522 | INFO     | N/A | ⏳ 等待 Profile 更新任务...
2026-07-23 16:35:42.546 | INFO     | N/A | ⏳ 等待 Profile 更新任务...
2026-07-23 16:35:47.575 | INFO     | N/A | ⏳ 等待 Profile 更新任务...
2026-07-23 16:35:52.597 | INFO     | N/A | ⏳ 等待 Profile 更新任务...
2026-07-23 16:35:57.621 | INFO     | N/A | ⏳ 等待 Profile 更新任务...
2026-07-23 16:36:02.646 | INFO     | N/A | ⏳ 等待 Profile 更新任务...
2026-07-23 16:36:07.670 | INFO     | N/A | ⏳ 等待 Profile 更新任务...
2026-07-23 16:36:12.692 | INFO     | N/A | ⏳ 等待 Profile 更新任务...
2026-07-23 16:36:17.717 | INFO     | N/A | ⏳ 等待 Profile 更新任务...
2026-07-23 16:36:22.741 | INFO     | N/A | ⏳ 等待 Profile 更新任务...
2026-07-23 16:36:27.765 | INFO     | N/A | ⏳ 等待 Profile 更新任务...
2026-07-23 16:36:32.790 | INFO     | N/A | ⏳ 等待 Profile 更新任务...
2026-07-23 16:36:37.813 | INFO     | N/A | ⏳ 等待 Profile 更新任务...
2026-07-23 16:36:42.839 | INFO     | N/A | ⏳ 等待 Profile 更新任务...
2026-07-23 16:36:47.869 | INFO     | N/A | ⏳ 等待 Profile 更新任务...
2026-07-23 16:36:52.891 | INFO     | N/A | ⏳ 等待 Profile 更新任务...
2026-07-23 16:36:57.916 | INFO     | N/A | ⏳ 等待 Profile 更新任务...
2026-07-23 16:37:02.941 | INFO     | N/A | ⏳ 等待 Profile 更新任务...
2026-07-23 16:37:07.966 | INFO     | N/A | ⏳ 等待 Profile 更新任务...
2026-07-23 16:37:12.991 | INFO     | N/A | ⏳ 等待 Profile 更新任务...
2026-07-23 16:37:18.022 | INFO     | N/A | ⏳ 等待 Profile 更新任务...
2026-07-23 16:37:23.047 | INFO     | N/A | ⏳ 等待 Profile 更新任务...
2026-07-23 16:37:28.071 | INFO     | N/A | ⏳ 等待 Profile 更新任务...
2026-07-23 16:37:33.095 | INFO     | N/A | ⏳ 等待 Profile 更新任务...
2026-07-23 16:37:38.117 | INFO     | N/A | ⏳ 等待 Profile 更新任务...
2026-07-23 16:37:43.143 | INFO     | N/A | ⏳ 等待 Profile 更新任务...
2026-07-23 16:37:48.173 | INFO     | N/A | ⏳ 等待 Profile 更新任务...
2026-07-23 16:37:53.196 | INFO     | N/A | ⏳ 等待 Profile 更新任务...
2026-07-23 16:37:58.220 | INFO     | N/A | ⏳ 等待 Profile 更新任务...
2026-07-23 16:38:03.246 | INFO     | N/A | ⏳ 等待 Profile 更新任务...
2026-07-23 16:38:08.270 | INFO     | N/A | ⏳ 等待 Profile 更新任务...
2026-07-23 16:38:13.295 | INFO     | N/A | ⏳ 等待 Profile 更新任务...
2026-07-23 16:38:18.322 | INFO     | N/A | ⏳ 等待 Profile 更新任务...
2026-07-23 16:38:23.345 | INFO     | N/A | ⏳ 等待 Profile 更新任务...
2026-07-23 16:38:28.368 | INFO     | N/A | ⏳ 等待 Profile 更新任务...
2026-07-23 16:38:33.394 | INFO     | N/A | ⏳ 等待 Profile 更新任务...
2026-07-23 16:38:38.418 | INFO     | N/A | ⏳ 等待 Profile 更新任务...
2026-07-23 16:38:43.444 | INFO     | N/A | ⏳ 等待 Profile 更新任务...
2026-07-23 16:38:48.470 | INFO     | N/A | ⏳ 等待 Profile 更新任务...
2026-07-23 16:38:53.493 | INFO     | N/A | ⏳ 等待 Profile 更新任务...
2026-07-23 16:38:58.516 | INFO     | N/A | ⏳ 等待 Profile 更新任务...
2026-07-23 16:39:03.537 | INFO     | N/A | ⏳ 等待 Profile 更新任务...
2026-07-23 16:39:08.562 | INFO     | N/A | ⏳ 等待 Profile 更新任务...
2026-07-23 16:39:13.585 | INFO     | N/A | ⏳ 等待 Profile 更新任务...
2026-07-23 16:39:18.611 | INFO     | N/A | ⏳ 等待 Profile 更新任务...
2026-07-23 16:39:23.638 | INFO     | N/A | ⏳ 等待 Profile 更新任务...
2026-07-23 16:39:28.662 | INFO     | N/A | ⏳ 等待 Profile 更新任务...
2026-07-23 16:39:33.685 | INFO     | N/A | ⏳ 等待 Profile 更新任务...
2026-07-23 16:39:38.711 | INFO     | N/A | ⏳ 等待 Profile 更新任务...
2026-07-23 16:39:43.736 | INFO     | N/A | ⏳ 等待 Profile 更新任务...
2026-07-23 16:39:48.765 | INFO     | N/A | ⏳ 等待 Profile 更新任务...
2026-07-23 16:39:53.790 | INFO     | N/A | ⏳ 等待 Profile 更新任务...
2026-07-23 16:39:58.814 | INFO     | N/A | ⏳ 等待 Profile 更新任务...
2026-07-23 16:40:03.840 | INFO     | N/A | ⏳ 等待 Profile 更新任务...
2026-07-23 16:40:08.866 | INFO     | N/A | ⏳ 等待 Profile 更新任务...
2026-07-23 16:40:13.889 | INFO     | N/A | ⏳ 等待 Profile 更新任务...
2026-07-23 16:40:18.920 | INFO     | N/A | ⏳ 等待 Profile 更新任务...
2026-07-23 16:40:23.945 | INFO     | N/A | ⏳ 等待 Profile 更新任务...
2026-07-23 16:40:28.968 | INFO     | N/A | ⏳ 等待 Profile 更新任务...
2026-07-23 16:40:33.992 | INFO     | N/A | ⏳ 等待 Profile 更新任务...
2026-07-23 16:40:39.015 | INFO     | N/A | ⏳ 等待 Profile 更新任务...
2026-07-23 16:40:44.038 | INFO     | N/A | ⏳ 等待 Profile 更新任务...
2026-07-23 16:40:49.066 | INFO     | N/A | ⏳ 等待 Profile 更新任务...
2026-07-23 16:40:54.092 | INFO     | N/A | ⏳ 等待 Profile 更新任务...
2026-07-23 16:40:59.117 | INFO     | N/A | ⏳ 等待 Profile 更新任务...
2026-07-23 16:41:04.140 | INFO     | N/A | ⏳ 等待 Profile 更新任务...
2026-07-23 16:41:09.164 | INFO     | N/A | ⏳ 等待 Profile 更新任务...
2026-07-23 16:41:14.188 | INFO     | N/A | ⏳ 等待 Profile 更新任务...
2026-07-23 16:41:19.213 | INFO     | N/A | ⏳ 等待 Profile 更新任务...
2026-07-23 16:41:24.237 | INFO     | N/A | ⏳ 等待 Profile 更新任务...
2026-07-23 16:41:29.259 | INFO     | N/A | ⏳ 等待 Profile 更新任务...
2026-07-23 16:41:34.283 | INFO     | N/A | ⏳ 等待 Profile 更新任务...
2026-07-23 16:41:39.308 | INFO     | N/A | ⏳ 等待 Profile 更新任务...
2026-07-23 16:41:44.332 | INFO     | N/A | ⏳ 等待 Profile 更新任务...
2026-07-23 16:41:49.358 | INFO     | N/A | ⏳ 等待 Profile 更新任务...
2026-07-23 16:41:54.379 | INFO     | N/A | ⏳ 等待 Profile 更新任务...
2026-07-23 16:41:59.403 | INFO     | N/A | ⏳ 等待 Profile 更新任务...
2026-07-23 16:42:04.427 | INFO     | N/A | ⏳ 等待 Profile 更新任务...
2026-07-23 16:42:09.448 | INFO     | N/A | ⏳ 等待 Profile 更新任务...
2026-07-23 16:42:14.470 | INFO     | N/A | ⏳ 等待 Profile 更新任务...
2026-07-23 16:42:19.492 | INFO     | N/A | ⏳ 等待 Profile 更新任务...
2026-07-23 16:42:24.514 | INFO     | N/A | ⏳ 等待 Profile 更新任务...
2026-07-23 16:42:29.537 | INFO     | N/A | ⏳ 等待 Profile 更新任务...
2026-07-23 16:42:34.560 | INFO     | N/A | ⏳ 等待 Profile 更新任务...
2026-07-23 16:42:39.585 | INFO     | N/A | ⏳ 等待 Profile 更新任务...
2026-07-23 16:42:44.607 | INFO     | N/A | ⏳ 等待 Profile 更新任务...
2026-07-23 16:42:49.635 | INFO     | N/A | ⏳ 等待 Profile 更新任务...
2026-07-23 16:42:54.658 | INFO     | N/A | ⏳ 等待 Profile 更新任务...
2026-07-23 16:42:59.683 | INFO     | N/A | ⏳ 等待 Profile 更新任务...
2026-07-23 16:43:04.705 | INFO     | N/A | ⏳ 等待 Profile 更新任务...
2026-07-23 16:43:09.730 | INFO     | N/A | ⏳ 等待 Profile 更新任务...
2026-07-23 16:43:14.753 | INFO     | N/A | ⏳ 等待 Profile 更新任务...
2026-07-23 16:43:19.779 | INFO     | N/A | ⏳ 等待 Profile 更新任务...
2026-07-23 16:43:24.802 | INFO     | N/A | ⏳ 等待 Profile 更新任务...
2026-07-23 16:43:29.826 | INFO     | N/A | ⏳ 等待 Profile 更新任务...
2026-07-23 16:43:34.849 | INFO     | N/A | ⏳ 等待 Profile 更新任务...
2026-07-23 16:43:39.872 | INFO     | N/A | ⏳ 等待 Profile 更新任务...
2026-07-23 16:43:44.896 | INFO     | N/A | ⏳ 等待 Profile 更新任务...
2026-07-23 16:43:49.925 | INFO     | N/A | ⏳ 等待 Profile 更新任务...
2026-07-23 16:43:54.949 | INFO     | N/A | ⏳ 等待 Profile 更新任务...
2026-07-23 16:43:59.971 | INFO     | N/A | ⏳ 等待 Profile 更新任务...
2026-07-23 16:44:04.994 | INFO     | N/A | ⏳ 等待 Profile 更新任务...
2026-07-23 16:44:10.019 | INFO     | N/A | ⏳ 等待 Profile 更新任务...
2026-07-23 16:44:15.042 | INFO     | N/A | ⏳ 等待 Profile 更新任务...
2026-07-23 16:44:20.071 | INFO     | N/A | ⏳ 等待 Profile 更新任务...
2026-07-23 16:44:25.094 | INFO     | N/A | ⏳ 等待 Profile 更新任务...
2026-07-23 16:44:30.118 | INFO     | N/A | ⏳ 等待 Profile 更新任务...
2026-07-23 16:44:35.144 | INFO     | N/A | ⏳ 等待 Profile 更新任务...
2026-07-23 16:44:40.167 | INFO     | N/A | ⏳ 等待 Profile 更新任务...
2026-07-23 16:44:45.192 | INFO     | N/A | ⏳ 等待 Profile 更新任务...
2026-07-23 16:44:50.238 | INFO     | N/A | ⏳ 等待 Profile 更新任务...
2026-07-23 16:44:55.261 | INFO     | N/A | ⏳ 等待 Profile 更新任务...
2026-07-23 16:45:00.287 | INFO     | N/A | ⏳ 等待 Profile 更新任务...
2026-07-23 16:45:05.308 | INFO     | N/A | ⏳ 等待 Profile 更新任务...
2026-07-23 16:45:10.332 | INFO     | N/A | ⏳ 等待 Profile 更新任务...
2026-07-23 16:45:15.354 | INFO     | N/A | ⏳ 等待 Profile 更新任务...
2026-07-23 16:45:20.380 | INFO     | N/A | ⏳ 等待 Profile 更新任务...
2026-07-23 16:45:25.403 | INFO     | N/A | ⏳ 等待 Profile 更新任务...
2026-07-23 16:45:30.426 | INFO     | N/A | ⏳ 等待 Profile 更新任务...
2026-07-23 16:45:35.448 | INFO     | N/A | ⏳ 等待 Profile 更新任务...
2026-07-23 16:45:40.473 | INFO     | N/A | ⏳ 等待 Profile 更新任务...
2026-07-23 16:45:45.497 | INFO     | N/A | ⏳ 等待 Profile 更新任务...
2026-07-23 16:45:50.522 | INFO     | N/A | ⏳ 等待 Profile 更新任务...
2026-07-23 16:45:55.545 | INFO     | N/A | ⏳ 等待 Profile 更新任务...
2026-07-23 16:46:00.568 | INFO     | N/A | ⏳ 等待 Profile 更新任务...
2026-07-23 16:46:05.592 | INFO     | N/A | ⏳ 等待 Profile 更新任务...
2026-07-23 16:46:10.640 | INFO     | N/A | ⏳ 等待 Profile 更新任务...
2026-07-23 16:46:15.663 | INFO     | N/A | ⏳ 等待 Profile 更新任务...
2026-07-23 16:46:20.694 | INFO     | N/A | ⏳ 等待 Profile 更新任务...
2026-07-23 16:46:25.717 | INFO     | N/A | ⏳ 等待 Profile 更新任务...
2026-07-23 16:46:30.740 | INFO     | N/A | ⏳ 等待 Profile 更新任务...
2026-07-23 16:46:35.764 | INFO     | N/A | ⏳ 等待 Profile 更新任务...
2026-07-23 16:46:40.789 | INFO     | N/A | ⏳ 等待 Profile 更新任务...
2026-07-23 16:46:45.814 | INFO     | N/A | ⏳ 等待 Profile 更新任务...
2026-07-23 16:46:50.845 | INFO     | N/A | ⏳ 等待 Profile 更新任务...
2026-07-23 16:46:55.870 | INFO     | N/A | ⏳ 等待 Profile 更新任务...
2026-07-23 16:47:00.897 | INFO     | N/A | ⏳ 等待 Profile 更新任务...
2026-07-23 16:47:05.922 | INFO     | N/A | ⏳ 等待 Profile 更新任务...
2026-07-23 16:47:10.945 | INFO     | N/A | ⏳ 等待 Profile 更新任务...
2026-07-23 16:47:15.968 | INFO     | N/A | ⏳ 等待 Profile 更新任务...
2026-07-23 16:47:20.994 | INFO     | N/A | ⏳ 等待 Profile 更新任务...
2026-07-23 16:47:26.018 | INFO     | N/A | ⏳ 等待 Profile 更新任务...
2026-07-23 16:47:31.043 | INFO     | N/A | ⏳ 等待 Profile 更新任务...
2026-07-23 16:47:36.066 | INFO     | N/A | ⏳ 等待 Profile 更新任务...
2026-07-23 16:47:41.091 | INFO     | N/A | ⏳ 等待 Profile 更新任务...
2026-07-23 16:47:46.114 | INFO     | N/A | ⏳ 等待 Profile 更新任务...
2026-07-23 16:47:51.141 | INFO     | N/A | ⏳ 等待 Profile 更新任务...
2026-07-23 16:47:56.165 | INFO     | N/A | ⏳ 等待 Profile 更新任务...
2026-07-23 16:48:01.195 | INFO     | N/A | ⏳ 等待 Profile 更新任务...
2026-07-23 16:48:06.220 | INFO     | N/A | ⏳ 等待 Profile 更新任务...
2026-07-23 16:48:11.241 | INFO     | N/A | ⏳ 等待 Profile 更新任务...
2026-07-23 16:48:16.265 | INFO     | N/A | ⏳ 等待 Profile 更新任务...
2026-07-23 16:48:21.291 | INFO     | N/A | ⏳ 等待 Profile 更新任务...
2026-07-23 16:48:26.315 | INFO     | N/A | ⏳ 等待 Profile 更新任务...
2026-07-23 16:48:31.339 | INFO     | N/A | ⏳ 等待 Profile 更新任务...
2026-07-23 16:48:36.363 | INFO     | N/A | ⏳ 等待 Profile 更新任务...
2026-07-23 16:48:41.388 | INFO     | N/A | ⏳ 等待 Profile 更新任务...
2026-07-23 16:48:46.411 | INFO     | N/A | ⏳ 等待 Profile 更新任务...
2026-07-23 16:48:51.437 | INFO     | N/A | ⏳ 等待 Profile 更新任务...
2026-07-23 16:48:56.461 | INFO     | N/A | ⏳ 等待 Profile 更新任务...
2026-07-23 16:49:01.488 | INFO     | N/A | ⏳ 等待 Profile 更新任务...
2026-07-23 16:49:06.511 | INFO     | N/A | ⏳ 等待 Profile 更新任务...
2026-07-23 16:49:11.535 | INFO     | N/A | ⏳ 等待 Profile 更新任务...
2026-07-23 16:49:16.558 | INFO     | N/A | ⏳ 等待 Profile 更新任务...
2026-07-23 16:49:21.586 | INFO     | N/A | ⏳ 等待 Profile 更新任务...
2026-07-23 16:49:26.610 | INFO     | N/A | ⏳ 等待 Profile 更新任务...
2026-07-23 16:49:31.632 | INFO     | N/A | ⏳ 等待 Profile 更新任务...
2026-07-23 16:49:36.655 | INFO     | N/A | ⏳ 等待 Profile 更新任务...
2026-07-23 16:49:41.678 | INFO     | N/A | ⏳ 等待 Profile 更新任务...
2026-07-23 16:49:46.703 | INFO     | N/A | ⏳ 等待 Profile 更新任务...
2026-07-23 16:49:51.727 | INFO     | N/A | ⏳ 等待 Profile 更新任务...
2026-07-23 16:49:56.750 | INFO     | N/A | ⏳ 等待 Profile 更新任务...
2026-07-23 16:50:01.776 | INFO     | N/A | ⏳ 等待 Profile 更新任务...
2026-07-23 16:50:06.798 | INFO     | N/A | ⏳ 等待 Profile 更新任务...
2026-07-23 16:50:11.822 | INFO     | N/A | ⏳ 等待 Profile 更新任务...
2026-07-23 16:50:16.845 | INFO     | N/A | ⏳ 等待 Profile 更新任务...
2026-07-23 16:50:21.873 | INFO     | N/A | ⏳ 等待 Profile 更新任务...
2026-07-23 16:50:26.895 | INFO     | N/A | ⏳ 等待 Profile 更新任务...
2026-07-23 16:50:31.919 | INFO     | N/A | ⏳ 等待 Profile 更新任务...
2026-07-23 16:50:36.942 | INFO     | N/A | ⏳ 等待 Profile 更新任务...
2026-07-23 16:50:41.966 | INFO     | N/A | ⏳ 等待 Profile 更新任务...
2026-07-23 16:50:46.991 | INFO     | N/A | ⏳ 等待 Profile 更新任务...
2026-07-23 16:50:52.018 | INFO     | N/A | ⏳ 等待 Profile 更新任务...
2026-07-23 16:50:57.043 | INFO     | N/A | ⏳ 等待 Profile 更新任务...
2026-07-23 16:51:02.066 | INFO     | N/A | ⏳ 等待 Profile 更新任务...
2026-07-23 16:51:07.090 | INFO     | N/A | ⏳ 等待 Profile 更新任务...
2026-07-23 16:51:12.115 | INFO     | N/A | ⏳ 等待 Profile 更新任务...
2026-07-23 16:51:17.137 | INFO     | N/A | ⏳ 等待 Profile 更新任务...
2026-07-23 16:51:22.163 | INFO     | N/A | ⏳ 等待 Profile 更新任务...
2026-07-23 16:51:27.186 | INFO     | N/A | ⏳ 等待 Profile 更新任务...
2026-07-23 16:51:32.209 | INFO     | N/A | ⏳ 等待 Profile 更新任务...
2026-07-23 16:51:37.236 | INFO     | N/A | ⏳ 等待 Profile 更新任务...
2026-07-23 16:51:42.257 | INFO     | N/A | ⏳ 等待 Profile 更新任务...
2026-07-23 16:51:47.281 | INFO     | N/A | ⏳ 等待 Profile 更新任务...
2026-07-23 16:51:52.332 | INFO     | N/A | ⏳ 等待 Profile 更新任务...
2026-07-23 16:51:57.356 | INFO     | N/A | ⏳ 等待 Profile 更新任务...
2026-07-23 16:52:02.378 | INFO     | N/A | ⏳ 等待 Profile 更新任务...
2026-07-23 16:52:07.402 | INFO     | N/A | ⏳ 等待 Profile 更新任务...
2026-07-23 16:52:12.425 | INFO     | N/A | ⏳ 等待 Profile 更新任务...
2026-07-23 16:52:17.449 | INFO     | N/A | ⏳ 等待 Profile 更新任务...
2026-07-23 16:52:22.473 | INFO     | N/A | ⏳ 等待 Profile 更新任务...
2026-07-23 16:52:27.499 | INFO     | N/A | ⏳ 等待 Profile 更新任务...
2026-07-23 16:52:32.522 | INFO     | N/A | ⏳ 等待 Profile 更新任务...
2026-07-23 16:52:37.546 | INFO     | N/A | ⏳ 等待 Profile 更新任务...
2026-07-23 16:52:42.568 | INFO     | N/A | ⏳ 等待 Profile 更新任务...
2026-07-23 16:52:47.592 | INFO     | N/A | ⏳ 等待 Profile 更新任务...
2026-07-23 16:52:52.617 | INFO     | N/A | ⏳ 等待 Profile 更新任务...
2026-07-23 16:52:57.641 | INFO     | N/A | ⏳ 等待 Profile 更新任务...
2026-07-23 16:53:02.665 | INFO     | N/A | ⏳ 等待 Profile 更新任务...
2026-07-23 16:53:07.690 | INFO     | N/A | ⏳ 等待 Profile 更新任务...
2026-07-23 16:53:12.723 | INFO     | N/A | ⏳ 等待 Profile 更新任务...
2026-07-23 16:53:17.746 | INFO     | N/A | ⏳ 等待 Profile 更新任务...
2026-07-23 16:53:22.775 | INFO     | N/A | ⏳ 等待 Profile 更新任务...
2026-07-23 16:53:27.799 | INFO     | N/A | ⏳ 等待 Profile 更新任务...
2026-07-23 16:53:32.821 | INFO     | N/A | ⏳ 等待 Profile 更新任务...
2026-07-23 16:53:37.844 | INFO     | N/A | ⏳ 等待 Profile 更新任务...
2026-07-23 16:53:42.868 | INFO     | N/A | ⏳ 等待 Profile 更新任务...
2026-07-23 16:53:47.891 | INFO     | N/A | ⏳ 等待 Profile 更新任务...
2026-07-23 16:53:52.918 | INFO     | N/A | ⏳ 等待 Profile 更新任务...
2026-07-23 16:53:57.942 | INFO     | N/A | ⏳ 等待 Profile 更新任务...
2026-07-23 16:54:02.965 | INFO     | N/A | ⏳ 等待 Profile 更新任务...
2026-07-23 16:54:08.002 | INFO     | N/A | ⏳ 等待 Profile 更新任务...
2026-07-23 16:54:13.013 | INFO     | N/A | ⏳ 等待 Profile 更新任务...
2026-07-23 16:54:18.036 | INFO     | N/A | ⏳ 等待 Profile 更新任务...
2026-07-23 16:54:23.063 | INFO     | N/A | ⏳ 等待 Profile 更新任务...
2026-07-23 16:54:28.090 | INFO     | N/A | ⏳ 等待 Profile 更新任务...
2026-07-23 16:54:33.114 | INFO     | N/A | ⏳ 等待 Profile 更新任务...
2026-07-23 16:54:38.141 | INFO     | N/A | ⏳ 等待 Profile 更新任务...
2026-07-23 16:54:43.164 | INFO     | N/A | ⏳ 等待 Profile 更新任务...
2026-07-23 16:54:48.188 | INFO     | N/A | ⏳ 等待 Profile 更新任务...
2026-07-23 16:54:53.215 | INFO     | N/A | ⏳ 等待 Profile 更新任务...
2026-07-23 16:54:58.238 | INFO     | N/A | ⏳ 等待 Profile 更新任务...
2026-07-23 16:55:03.263 | INFO     | N/A | ⏳ 等待 Profile 更新任务...
2026-07-23 16:55:08.288 | INFO     | N/A | ⏳ 等待 Profile 更新任务...
2026-07-23 16:55:13.311 | INFO     | N/A | ⏳ 等待 Profile 更新任务...
2026-07-23 16:55:18.337 | INFO     | N/A | ⏳ 等待 Profile 更新任务...
2026-07-23 16:55:23.363 | INFO     | N/A | ⏳ 等待 Profile 更新任务...
2026-07-23 16:55:28.385 | INFO     | N/A | ⏳ 等待 Profile 更新任务...
2026-07-23 16:55:33.408 | INFO     | N/A | ⏳ 等待 Profile 更新任务...
2026-07-23 16:55:38.434 | INFO     | N/A | ⏳ 等待 Profile 更新任务...
2026-07-23 16:55:43.459 | INFO     | N/A | ⏳ 等待 Profile 更新任务...
2026-07-23 16:55:48.483 | INFO     | N/A | ⏳ 等待 Profile 更新任务...
2026-07-23 16:55:53.507 | INFO     | N/A | ⏳ 等待 Profile 更新任务...
2026-07-23 16:55:58.532 | INFO     | N/A | ⏳ 等待 Profile 更新任务...
2026-07-23 16:56:03.556 | INFO     | N/A | ⏳ 等待 Profile 更新任务...
2026-07-23 16:56:08.579 | INFO     | N/A | ⏳ 等待 Profile 更新任务...
2026-07-23 16:56:13.603 | INFO     | N/A | ⏳ 等待 Profile 更新任务...
2026-07-23 16:56:18.626 | INFO     | N/A | ⏳ 等待 Profile 更新任务...
2026-07-23 16:56:23.654 | INFO     | N/A | ⏳ 等待 Profile 更新任务...
2026-07-23 16:56:28.678 | INFO     | N/A | ⏳ 等待 Profile 更新任务...
2026-07-23 16:56:33.703 | INFO     | N/A | ⏳ 等待 Profile 更新任务...
2026-07-23 16:56:38.727 | INFO     | N/A | ⏳ 等待 Profile 更新任务...
2026-07-23 16:56:43.751 | INFO     | N/A | ⏳ 等待 Profile 更新任务...
2026-07-23 16:56:48.775 | INFO     | N/A | ⏳ 等待 Profile 更新任务...
2026-07-23 16:56:53.801 | INFO     | N/A | ⏳ 等待 Profile 更新任务...
2026-07-23 16:56:58.824 | INFO     | N/A | ⏳ 等待 Profile 更新任务...
2026-07-23 16:57:03.848 | INFO     | N/A | ⏳ 等待 Profile 更新任务...
2026-07-23 16:57:08.871 | INFO     | N/A | ⏳ 等待 Profile 更新任务...
2026-07-23 16:57:13.895 | INFO     | N/A | ⏳ 等待 Profile 更新任务...
2026-07-23 16:57:18.919 | INFO     | N/A | ⏳ 等待 Profile 更新任务...
2026-07-23 16:57:23.945 | INFO     | N/A | ⏳ 等待 Profile 更新任务...
2026-07-23 16:57:28.969 | INFO     | N/A | ⏳ 等待 Profile 更新任务...
2026-07-23 16:57:33.994 | INFO     | N/A | ⏳ 等待 Profile 更新任务...
2026-07-23 16:57:39.019 | INFO     | N/A | ⏳ 等待 Profile 更新任务...
2026-07-23 16:57:44.045 | INFO     | N/A | ⏳ 等待 Profile 更新任务...
2026-07-23 16:57:49.071 | INFO     | N/A | ⏳ 等待 Profile 更新任务...
2026-07-23 16:57:54.100 | INFO     | N/A | ⏳ 等待 Profile 更新任务...
2026-07-23 16:57:59.126 | INFO     | N/A | ⏳ 等待 Profile 更新任务...
2026-07-23 16:58:04.151 | INFO     | N/A | ⏳ 等待 Profile 更新任务...
2026-07-23 16:58:09.176 | INFO     | N/A | ⏳ 等待 Profile 更新任务...
2026-07-23 16:58:14.199 | INFO     | N/A | ⏳ 等待 Profile 更新任务...
2026-07-23 16:58:19.222 | INFO     | N/A | ⏳ 等待 Profile 更新任务...
2026-07-23 16:58:24.247 | INFO     | N/A | ⏳ 等待 Profile 更新任务...
2026-07-23 16:58:29.272 | INFO     | N/A | ⏳ 等待 Profile 更新任务...
2026-07-23 16:58:34.294 | INFO     | N/A | ⏳ 等待 Profile 更新任务...
2026-07-23 16:58:39.318 | INFO     | N/A | ⏳ 等待 Profile 更新任务...
2026-07-23 16:58:44.342 | INFO     | N/A | ⏳ 等待 Profile 更新任务...
2026-07-23 16:58:49.367 | INFO     | N/A | ⏳ 等待 Profile 更新任务...
2026-07-23 16:58:54.399 | INFO     | N/A | ⏳ 等待 Profile 更新任务...
2026-07-23 16:58:59.423 | INFO     | N/A | ⏳ 等待 Profile 更新任务...
2026-07-23 16:59:04.468 | INFO     | N/A | ⏳ 等待 Profile 更新任务...
2026-07-23 16:59:09.493 | INFO     | N/A | ⏳ 等待 Profile 更新任务...
2026-07-23 16:59:14.517 | INFO     | N/A | ⏳ 等待 Profile 更新任务...
2026-07-23 16:59:19.542 | INFO     | N/A | ⏳ 等待 Profile 更新任务...
2026-07-23 16:59:24.566 | INFO     | N/A | ⏳ 等待 Profile 更新任务...
2026-07-23 16:59:29.590 | INFO     | N/A | ⏳ 等待 Profile 更新任务...
2026-07-23 16:59:34.616 | INFO     | N/A | ⏳ 等待 Profile 更新任务...
2026-07-23 16:59:39.645 | INFO     | N/A | ⏳ 等待 Profile 更新任务...
2026-07-23 16:59:44.669 | INFO     | N/A | ⏳ 等待 Profile 更新任务...
2026-07-23 16:59:49.692 | INFO     | N/A | ⏳ 等待 Profile 更新任务...
2026-07-23 16:59:54.720 | INFO     | N/A | ⏳ 等待 Profile 更新任务...
2026-07-23 16:59:59.743 | INFO     | N/A | ⏳ 等待 Profile 更新任务...
2026-07-23 17:00:04.768 | INFO     | N/A | ⏳ 等待 Profile 更新任务...
2026-07-23 17:00:09.818 | INFO     | N/A | ⏳ 等待 Profile 更新任务...
2026-07-23 17:00:14.843 | INFO     | N/A | ⏳ 等待 Profile 更新任务...
2026-07-23 17:00:19.867 | INFO     | N/A | ⏳ 等待 Profile 更新任务...
2026-07-23 17:00:24.894 | INFO     | N/A | ⏳ 等待 Profile 更新任务...
2026-07-23 17:00:29.919 | INFO     | N/A | ⏳ 等待 Profile 更新任务...
2026-07-23 17:00:34.944 | INFO     | N/A | ⏳ 等待 Profile 更新任务...
2026-07-23 17:00:39.967 | INFO     | N/A | ⏳ 等待 Profile 更新任务...
2026-07-23 17:00:44.991 | INFO     | N/A | ⏳ 等待 Profile 更新任务...
2026-07-23 17:00:50.016 | INFO     | N/A | ⏳ 等待 Profile 更新任务...
2026-07-23 17:00:55.045 | INFO     | N/A | ⏳ 等待 Profile 更新任务...
2026-07-23 17:01:00.071 | INFO     | N/A | ⏳ 等待 Profile 更新任务...
2026-07-23 17:01:05.095 | INFO     | N/A | ⏳ 等待 Profile 更新任务...
2026-07-23 17:01:10.120 | INFO     | N/A | ⏳ 等待 Profile 更新任务...
2026-07-23 17:01:15.142 | INFO     | N/A | ⏳ 等待 Profile 更新任务...
2026-07-23 17:01:20.166 | INFO     | N/A | ⏳ 等待 Profile 更新任务...
2026-07-23 17:01:25.198 | INFO     | N/A | ⏳ 等待 Profile 更新任务...
2026-07-23 17:01:30.220 | INFO     | N/A | ⏳ 等待 Profile 更新任务...
2026-07-23 17:01:35.244 | INFO     | N/A | ⏳ 等待 Profile 更新任务...
2026-07-23 17:01:40.268 | INFO     | N/A | ⏳ 等待 Profile 更新任务...
2026-07-23 17:01:45.291 | INFO     | N/A | ⏳ 等待 Profile 更新任务...
2026-07-23 17:01:50.318 | INFO     | N/A | ⏳ 等待 Profile 更新任务...
2026-07-23 17:01:55.343 | INFO     | N/A | ⏳ 等待 Profile 更新任务...
2026-07-23 17:02:00.368 | INFO     | N/A | ⏳ 等待 Profile 更新任务...
2026-07-23 17:02:05.391 | INFO     | N/A | ⏳ 等待 Profile 更新任务...
2026-07-23 17:02:10.415 | INFO     | N/A | ⏳ 等待 Profile 更新任务...
2026-07-23 17:02:15.437 | INFO     | N/A | ⏳ 等待 Profile 更新任务...
2026-07-23 17:02:20.462 | INFO     | N/A | ⏳ 等待 Profile 更新任务...
2026-07-23 17:02:25.489 | INFO     | N/A | ⏳ 等待 Profile 更新任务...
2026-07-23 17:02:30.513 | INFO     | N/A | ⏳ 等待 Profile 更新任务...
2026-07-23 17:02:35.536 | INFO     | N/A | ⏳ 等待 Profile 更新任务...
2026-07-23 17:02:40.559 | INFO     | N/A | ⏳ 等待 Profile 更新任务...
2026-07-23 17:02:45.583 | INFO     | N/A | ⏳ 等待 Profile 更新任务...
2026-07-23 17:02:50.609 | INFO     | N/A | ⏳ 等待 Profile 更新任务...
2026-07-23 17:02:55.636 | INFO     | N/A | ⏳ 等待 Profile 更新任务...
2026-07-23 17:03:00.660 | INFO     | N/A | ⏳ 等待 Profile 更新任务...
2026-07-23 17:03:05.684 | INFO     | N/A | ⏳ 等待 Profile 更新任务...
2026-07-23 17:03:10.710 | INFO     | N/A | ⏳ 等待 Profile 更新任务...
2026-07-23 17:03:15.733 | INFO     | N/A | ⏳ 等待 Profile 更新任务...
2026-07-23 17:03:20.757 | INFO     | N/A | ⏳ 等待 Profile 更新任务...
2026-07-23 17:03:25.785 | INFO     | N/A | ⏳ 等待 Profile 更新任务...
2026-07-23 17:03:30.809 | INFO     | N/A | ⏳ 等待 Profile 更新任务...
2026-07-23 17:03:35.834 | INFO     | N/A | ⏳ 等待 Profile 更新任务...
2026-07-23 17:03:40.860 | INFO     | N/A | ⏳ 等待 Profile 更新任务...
2026-07-23 17:03:45.884 | INFO     | N/A | ⏳ 等待 Profile 更新任务...
2026-07-23 17:03:50.908 | INFO     | N/A | ⏳ 等待 Profile 更新任务...
2026-07-23 17:03:55.936 | INFO     | N/A | ⏳ 等待 Profile 更新任务...
2026-07-23 17:04:00.958 | INFO     | N/A | ⏳ 等待 Profile 更新任务...
2026-07-23 17:04:05.983 | INFO     | N/A | ⏳ 等待 Profile 更新任务...
2026-07-23 17:04:11.007 | INFO     | N/A | ⏳ 等待 Profile 更新任务...
2026-07-23 17:04:16.029 | INFO     | N/A | ⏳ 等待 Profile 更新任务...
2026-07-23 17:04:21.052 | INFO     | N/A | ⏳ 等待 Profile 更新任务...
2026-07-23 17:04:26.080 | INFO     | N/A | ⏳ 等待 Profile 更新任务...
2026-07-23 17:04:31.104 | INFO     | N/A | ⏳ 等待 Profile 更新任务...
2026-07-23 17:04:36.128 | INFO     | N/A | ⏳ 等待 Profile 更新任务...
2026-07-23 17:04:41.151 | INFO     | N/A | ⏳ 等待 Profile 更新任务...
2026-07-23 17:04:46.174 | INFO     | N/A | ⏳ 等待 Profile 更新任务...
2026-07-23 17:04:51.198 | INFO     | N/A | ⏳ 等待 Profile 更新任务...
2026-07-23 17:04:56.225 | INFO     | N/A | ⏳ 等待 Profile 更新任务...
2026-07-23 17:05:01.250 | INFO     | N/A | ⏳ 等待 Profile 更新任务...
2026-07-23 17:05:06.274 | INFO     | N/A | ⏳ 等待 Profile 更新任务...
2026-07-23 17:05:11.298 | INFO     | N/A | ⏳ 等待 Profile 更新任务...
2026-07-23 17:05:16.324 | INFO     | N/A | ⏳ 等待 Profile 更新任务...
2026-07-23 17:05:21.347 | INFO     | N/A | ⏳ 等待 Profile 更新任务...
2026-07-23 17:05:26.375 | INFO     | N/A | ⏳ 等待 Profile 更新任务...
2026-07-23 17:05:31.397 | INFO     | N/A | ⏳ 等待 Profile 更新任务...
2026-07-23 17:05:36.422 | INFO     | N/A | ⏳ 等待 Profile 更新任务...
2026-07-23 17:05:41.446 | INFO     | N/A | ⏳ 等待 Profile 更新任务...
2026-07-23 17:05:46.470 | INFO     | N/A | ⏳ 等待 Profile 更新任务...
2026-07-23 17:05:51.493 | INFO     | N/A | ⏳ 等待 Profile 更新任务...
2026-07-23 17:05:56.519 | INFO     | N/A | ⏳ 等待 Profile 更新任务...
2026-07-23 17:06:01.543 | INFO     | N/A | ⏳ 等待 Profile 更新任务...
2026-07-23 17:06:06.566 | INFO     | N/A | ⏳ 等待 Profile 更新任务...
2026-07-23 17:06:11.592 | INFO     | N/A | ⏳ 等待 Profile 更新任务...
2026-07-23 17:06:16.614 | INFO     | N/A | ⏳ 等待 Profile 更新任务...
2026-07-23 17:06:21.645 | INFO     | N/A | ⏳ 等待 Profile 更新任务...
2026-07-23 17:06:26.671 | INFO     | N/A | ⏳ 等待 Profile 更新任务...
2026-07-23 17:06:31.694 | INFO     | N/A | ⏳ 等待 Profile 更新任务...
2026-07-23 17:06:36.719 | INFO     | N/A | ⏳ 等待 Profile 更新任务...
2026-07-23 17:06:41.744 | INFO     | N/A | ⏳ 等待 Profile 更新任务...
2026-07-23 17:06:46.768 | INFO     | N/A | ⏳ 等待 Profile 更新任务...
2026-07-23 17:06:51.792 | INFO     | N/A | ⏳ 等待 Profile 更新任务...
2026-07-23 17:06:56.817 | INFO     | N/A | ⏳ 等待 Profile 更新任务...
2026-07-23 17:07:01.841 | INFO     | N/A | ⏳ 等待 Profile 更新任务...
2026-07-23 17:07:06.865 | INFO     | N/A | ⏳ 等待 Profile 更新任务...
2026-07-23 17:07:11.890 | INFO     | N/A | ⏳ 等待 Profile 更新任务...
2026-07-23 17:07:16.914 | INFO     | N/A | ⏳ 等待 Profile 更新任务...
2026-07-23 17:07:21.940 | INFO     | N/A | ⏳ 等待 Profile 更新任务...
2026-07-23 17:07:26.964 | INFO     | N/A | ⏳ 等待 Profile 更新任务...
2026-07-23 17:07:31.989 | INFO     | N/A | ⏳ 等待 Profile 更新任务...
2026-07-23 17:07:37.013 | INFO     | N/A | ⏳ 等待 Profile 更新任务...
2026-07-23 17:07:42.038 | INFO     | N/A | ⏳ 等待 Profile 更新任务...
2026-07-23 17:07:47.064 | INFO     | N/A | ⏳ 等待 Profile 更新任务...
2026-07-23 17:07:52.091 | INFO     | N/A | ⏳ 等待 Profile 更新任务...
2026-07-23 17:07:57.114 | INFO     | N/A | ⏳ 等待 Profile 更新任务...
2026-07-23 17:08:02.143 | INFO     | N/A | ⏳ 等待 Profile 更新任务...
2026-07-23 17:08:07.166 | INFO     | N/A | ⏳ 等待 Profile 更新任务...
2026-07-23 17:08:12.189 | INFO     | N/A | ⏳ 等待 Profile 更新任务...
2026-07-23 17:08:17.213 | INFO     | N/A | ⏳ 等待 Profile 更新任务...
2026-07-23 17:08:22.235 | INFO     | N/A | ⏳ 等待 Profile 更新任务...
2026-07-23 17:08:27.258 | INFO     | N/A | ⏳ 等待 Profile 更新任务...
2026-07-23 17:08:32.282 | INFO     | N/A | ⏳ 等待 Profile 更新任务...
2026-07-23 17:08:37.304 | INFO     | N/A | ⏳ 等待 Profile 更新任务...
2026-07-23 17:08:42.327 | INFO     | N/A | ⏳ 等待 Profile 更新任务...
2026-07-23 17:08:47.351 | INFO     | N/A | ⏳ 等待 Profile 更新任务...
2026-07-23 17:08:52.385 | INFO     | N/A | ⏳ 等待 Profile 更新任务...
2026-07-23 17:08:57.409 | INFO     | N/A | ⏳ 等待 Profile 更新任务...
2026-07-23 17:09:02.432 | INFO     | N/A | ⏳ 等待 Profile 更新任务...
2026-07-23 17:09:07.464 | INFO     | N/A | ⏳ 等待 Profile 更新任务...
2026-07-23 17:09:12.487 | INFO     | N/A | ⏳ 等待 Profile 更新任务...
2026-07-23 17:09:17.530 | INFO     | N/A | ⏳ 等待 Profile 更新任务...
2026-07-23 17:09:22.555 | INFO     | N/A | ⏳ 等待 Profile 更新任务...
2026-07-23 17:09:27.578 | INFO     | N/A | ⏳ 等待 Profile 更新任务...
2026-07-23 17:09:32.603 | INFO     | N/A | ⏳ 等待 Profile 更新任务...
2026-07-23 17:09:37.627 | INFO     | N/A | ⏳ 等待 Profile 更新任务...
2026-07-23 17:09:42.651 | INFO     | N/A | ⏳ 等待 Profile 更新任务...
2026-07-23 17:09:47.675 | INFO     | N/A | ⏳ 等待 Profile 更新任务...
2026-07-23 17:09:52.699 | INFO     | N/A | ⏳ 等待 Profile 更新任务...
2026-07-23 17:09:57.722 | INFO     | N/A | ⏳ 等待 Profile 更新任务...
2026-07-23 17:10:02.743 | INFO     | N/A | ⏳ 等待 Profile 更新任务...
2026-07-23 17:10:07.801 | INFO     | N/A | ⏳ 等待 Profile 更新任务...
2026-07-23 17:10:12.823 | INFO     | N/A | ⏳ 等待 Profile 更新任务...
2026-07-23 17:10:17.845 | INFO     | N/A | ⏳ 等待 Profile 更新任务...
2026-07-23 17:10:22.871 | INFO     | N/A | ⏳ 等待 Profile 更新任务...
2026-07-23 17:10:27.895 | INFO     | N/A | ⏳ 等待 Profile 更新任务...
2026-07-23 17:10:32.920 | INFO     | N/A | ⏳ 等待 Profile 更新任务...
2026-07-23 17:10:37.946 | INFO     | N/A | ⏳ 等待 Profile 更新任务...
2026-07-23 17:10:42.968 | INFO     | N/A | ⏳ 等待 Profile 更新任务...
2026-07-23 17:10:47.990 | INFO     | N/A | ⏳ 等待 Profile 更新任务...
2026-07-23 17:10:53.020 | INFO     | N/A | ⏳ 等待 Profile 更新任务...
2026-07-23 17:10:58.045 | INFO     | N/A | ⏳ 等待 Profile 更新任务...
2026-07-23 17:11:03.071 | INFO     | N/A | ⏳ 等待 Profile 更新任务...
2026-07-23 17:11:08.093 | INFO     | N/A | ⏳ 等待 Profile 更新任务...
2026-07-23 17:11:13.117 | INFO     | N/A | ⏳ 等待 Profile 更新任务...
2026-07-23 17:11:18.142 | INFO     | N/A | ⏳ 等待 Profile 更新任务...
2026-07-23 17:11:23.187 | INFO     | N/A | ⏳ 等待 Profile 更新任务...
2026-07-23 17:11:28.211 | INFO     | N/A | ⏳ 等待 Profile 更新任务...
2026-07-23 17:11:33.234 | INFO     | N/A | ⏳ 等待 Profile 更新任务...
2026-07-23 17:11:38.257 | INFO     | N/A | ⏳ 等待 Profile 更新任务...
2026-07-23 17:11:43.282 | INFO     | N/A | ⏳ 等待 Profile 更新任务...
2026-07-23 17:11:48.305 | INFO     | N/A | ⏳ 等待 Profile 更新任务...
2026-07-23 17:11:53.331 | INFO     | N/A | ⏳ 等待 Profile 更新任务...
2026-07-23 17:11:58.356 | INFO     | N/A | ⏳ 等待 Profile 更新任务...
2026-07-23 17:12:03.382 | INFO     | N/A | ⏳ 等待 Profile 更新任务...
2026-07-23 17:12:08.404 | INFO     | N/A | ⏳ 等待 Profile 更新任务...
2026-07-23 17:12:13.428 | INFO     | N/A | ⏳ 等待 Profile 更新任务...
2026-07-23 17:12:18.453 | INFO     | N/A | ⏳ 等待 Profile 更新任务...
2026-07-23 17:12:23.479 | INFO     | N/A | ⏳ 等待 Profile 更新任务...
2026-07-23 17:12:28.501 | INFO     | N/A | ⏳ 等待 Profile 更新任务...
2026-07-23 17:12:33.525 | INFO     | N/A | ⏳ 等待 Profile 更新任务...
2026-07-23 17:12:38.550 | INFO     | N/A | ⏳ 等待 Profile 更新任务...
2026-07-23 17:12:43.576 | INFO     | N/A | ⏳ 等待 Profile 更新任务...
2026-07-23 17:12:48.601 | INFO     | N/A | ⏳ 等待 Profile 更新任务...
2026-07-23 17:12:53.632 | INFO     | N/A | ⏳ 等待 Profile 更新任务...
2026-07-23 17:12:58.656 | INFO     | N/A | ⏳ 等待 Profile 更新任务...
2026-07-23 17:13:03.683 | INFO     | N/A | ⏳ 等待 Profile 更新任务...
2026-07-23 17:13:08.708 | INFO     | N/A | ⏳ 等待 Profile 更新任务...
2026-07-23 17:13:13.731 | INFO     | N/A | ⏳ 等待 Profile 更新任务...
2026-07-23 17:13:18.757 | INFO     | N/A | ⏳ 等待 Profile 更新任务...
2026-07-23 17:13:23.784 | INFO     | N/A | ⏳ 等待 Profile 更新任务...
2026-07-23 17:13:28.809 | INFO     | N/A | ⏳ 等待 Profile 更新任务...
2026-07-23 17:13:33.833 | INFO     | N/A | ⏳ 等待 Profile 更新任务...
2026-07-23 17:13:38.856 | INFO     | N/A | ⏳ 等待 Profile 更新任务...
2026-07-23 17:13:43.878 | INFO     | N/A | ⏳ 等待 Profile 更新任务...
2026-07-23 17:13:48.901 | INFO     | N/A | ⏳ 等待 Profile 更新任务...
2026-07-23 17:13:53.928 | INFO     | N/A | ⏳ 等待 Profile 更新任务...
2026-07-23 17:13:58.951 | INFO     | N/A | ⏳ 等待 Profile 更新任务...
2026-07-23 17:14:03.992 | INFO     | N/A | ⏳ 等待 Profile 更新任务...
2026-07-23 17:14:09.015 | INFO     | N/A | ⏳ 等待 Profile 更新任务...
2026-07-23 17:14:14.039 | INFO     | N/A | ⏳ 等待 Profile 更新任务...
2026-07-23 17:14:19.061 | INFO     | N/A | ⏳ 等待 Profile 更新任务...
2026-07-23 17:14:24.085 | INFO     | N/A | ⏳ 等待 Profile 更新任务...
2026-07-23 17:14:29.109 | INFO     | N/A | ⏳ 等待 Profile 更新任务...
2026-07-23 17:14:34.132 | INFO     | N/A | ⏳ 等待 Profile 更新任务...
2026-07-23 17:14:39.157 | INFO     | N/A | ⏳ 等待 Profile 更新任务...
2026-07-23 17:14:44.179 | INFO     | N/A | ⏳ 等待 Profile 更新任务...
2026-07-23 17:14:49.205 | INFO     | N/A | ⏳ 等待 Profile 更新任务...
2026-07-23 17:14:54.228 | INFO     | N/A | ⏳ 等待 Profile 更新任务...
2026-07-23 17:14:59.254 | INFO     | N/A | ⏳ 等待 Profile 更新任务...
2026-07-23 17:15:04.278 | INFO     | N/A | ⏳ 等待 Profile 更新任务...
2026-07-23 17:15:09.303 | INFO     | N/A | ⏳ 等待 Profile 更新任务...
2026-07-23 17:15:14.325 | INFO     | N/A | ⏳ 等待 Profile 更新任务...
2026-07-23 17:15:19.349 | INFO     | N/A | ⏳ 等待 Profile 更新任务...
2026-07-23 17:15:24.373 | INFO     | N/A | ⏳ 等待 Profile 更新任务...
2026-07-23 17:15:29.397 | INFO     | N/A | ⏳ 等待 Profile 更新任务...
2026-07-23 17:15:34.422 | INFO     | N/A | ⏳ 等待 Profile 更新任务...
2026-07-23 17:15:39.446 | INFO     | N/A | ⏳ 等待 Profile 更新任务...
2026-07-23 17:15:44.470 | INFO     | N/A | ⏳ 等待 Profile 更新任务...
2026-07-23 17:15:49.495 | INFO     | N/A | ⏳ 等待 Profile 更新任务...
2026-07-23 17:15:54.520 | INFO     | N/A | ⏳ 等待 Profile 更新任务...
2026-07-23 17:15:59.542 | INFO     | N/A | ⏳ 等待 Profile 更新任务...
2026-07-23 17:16:04.567 | INFO     | N/A | ⏳ 等待 Profile 更新任务...
2026-07-23 17:16:09.591 | INFO     | N/A | ⏳ 等待 Profile 更新任务...
2026-07-23 17:16:14.614 | INFO     | N/A | ⏳ 等待 Profile 更新任务...
2026-07-23 17:16:19.638 | INFO     | N/A | ⏳ 等待 Profile 更新任务...
2026-07-23 17:16:24.670 | INFO     | N/A | ⏳ 等待 Profile 更新任务...
2026-07-23 17:16:29.694 | INFO     | N/A | ⏳ 等待 Profile 更新任务...
2026-07-23 17:16:34.718 | INFO     | N/A | ⏳ 等待 Profile 更新任务...
2026-07-23 17:16:39.744 | INFO     | N/A | ⏳ 等待 Profile 更新任务...
2026-07-23 17:16:44.768 | INFO     | N/A | ⏳ 等待 Profile 更新任务...
2026-07-23 17:16:49.791 | INFO     | N/A | ⏳ 等待 Profile 更新任务...
2026-07-23 17:16:54.817 | INFO     | N/A | ⏳ 等待 Profile 更新任务...
2026-07-23 17:16:59.840 | INFO     | N/A | ⏳ 等待 Profile 更新任务...
2026-07-23 17:17:04.864 | INFO     | N/A | ⏳ 等待 Profile 更新任务...
2026-07-23 17:17:09.888 | INFO     | N/A | ⏳ 等待 Profile 更新任务...
2026-07-23 17:17:14.914 | INFO     | N/A | ⏳ 等待 Profile 更新任务...
2026-07-23 17:17:19.938 | INFO     | N/A | ⏳ 等待 Profile 更新任务...
2026-07-23 17:17:24.965 | INFO     | N/A | ⏳ 等待 Profile 更新任务...
2026-07-23 17:17:29.988 | INFO     | N/A | ⏳ 等待 Profile 更新任务...
2026-07-23 17:17:35.013 | INFO     | N/A | ⏳ 等待 Profile 更新任务...
2026-07-23 17:17:40.036 | INFO     | N/A | ⏳ 等待 Profile 更新任务...
2026-07-23 17:17:45.060 | INFO     | N/A | ⏳ 等待 Profile 更新任务...
2026-07-23 17:17:50.084 | INFO     | N/A | ⏳ 等待 Profile 更新任务...
2026-07-23 17:17:55.113 | INFO     | N/A | ⏳ 等待 Profile 更新任务...
2026-07-23 17:18:00.136 | INFO     | N/A | ⏳ 等待 Profile 更新任务...
2026-07-23 17:18:05.161 | INFO     | N/A | ⏳ 等待 Profile 更新任务...
2026-07-23 17:18:10.184 | INFO     | N/A | ⏳ 等待 Profile 更新任务...
2026-07-23 17:18:15.209 | INFO     | N/A | ⏳ 等待 Profile 更新任务...
2026-07-23 17:18:20.232 | INFO     | N/A | ⏳ 等待 Profile 更新任务...
2026-07-23 17:18:25.256 | INFO     | N/A | ⏳ 等待 Profile 更新任务...
2026-07-23 17:18:30.279 | INFO     | N/A | ⏳ 等待 Profile 更新任务...
2026-07-23 17:18:35.304 | INFO     | N/A | ⏳ 等待 Profile 更新任务...
2026-07-23 17:18:40.327 | INFO     | N/A | ⏳ 等待 Profile 更新任务...
2026-07-23 17:18:45.353 | INFO     | N/A | ⏳ 等待 Profile 更新任务...
2026-07-23 17:18:50.376 | INFO     | N/A | ⏳ 等待 Profile 更新任务...
2026-07-23 17:18:55.403 | INFO     | N/A | ⏳ 等待 Profile 更新任务...
2026-07-23 17:19:00.428 | INFO     | N/A | ⏳ 等待 Profile 更新任务...
2026-07-23 17:19:05.452 | INFO     | N/A | ⏳ 等待 Profile 更新任务...
2026-07-23 17:19:10.476 | INFO     | N/A | ⏳ 等待 Profile 更新任务...
2026-07-23 17:19:15.499 | INFO     | N/A | ⏳ 等待 Profile 更新任务...
2026-07-23 17:19:20.524 | INFO     | N/A | ⏳ 等待 Profile 更新任务...
2026-07-23 17:19:25.550 | INFO     | N/A | ⏳ 等待 Profile 更新任务...
2026-07-23 17:19:30.572 | INFO     | N/A | ⏳ 等待 Profile 更新任务...
2026-07-23 17:19:35.595 | INFO     | N/A | ⏳ 等待 Profile 更新任务...
2026-07-23 17:19:40.648 | INFO     | N/A | ⏳ 等待 Profile 更新任务...
2026-07-23 17:19:45.670 | INFO     | N/A | ⏳ 等待 Profile 更新任务...
2026-07-23 17:19:50.694 | INFO     | N/A | ⏳ 等待 Profile 更新任务...
2026-07-23 17:19:55.723 | INFO     | N/A | ⏳ 等待 Profile 更新任务...
2026-07-23 17:20:00.746 | INFO     | N/A | ⏳ 等待 Profile 更新任务...
2026-07-23 17:20:05.769 | INFO     | N/A | ⏳ 等待 Profile 更新任务...
2026-07-23 17:20:10.794 | INFO     | N/A | ⏳ 等待 Profile 更新任务...
2026-07-23 17:20:15.819 | INFO     | N/A | ⏳ 等待 Profile 更新任务...
2026-07-23 17:20:20.844 | INFO     | N/A | ⏳ 等待 Profile 更新任务...
2026-07-23 17:20:25.870 | INFO     | N/A | ⏳ 等待 Profile 更新任务...
2026-07-23 17:20:30.893 | INFO     | N/A | ⏳ 等待 Profile 更新任务...
2026-07-23 17:20:35.916 | INFO     | N/A | ⏳ 等待 Profile 更新任务...
2026-07-23 17:20:40.940 | INFO     | N/A | ⏳ 等待 Profile 更新任务...
2026-07-23 17:20:45.966 | INFO     | N/A | ⏳ 等待 Profile 更新任务...
2026-07-23 17:20:50.991 | INFO     | N/A | ⏳ 等待 Profile 更新任务...
2026-07-23 17:20:56.014 | INFO     | N/A | ⏳ 等待 Profile 更新任务...
2026-07-23 17:21:01.041 | INFO     | N/A | ⏳ 等待 Profile 更新任务...
2026-07-23 17:21:06.066 | INFO     | N/A | ⏳ 等待 Profile 更新任务...
2026-07-23 17:21:11.091 | INFO     | N/A | ⏳ 等待 Profile 更新任务...
2026-07-23 17:21:16.115 | INFO     | N/A | ⏳ 等待 Profile 更新任务...
2026-07-23 17:21:21.136 | INFO     | N/A | ⏳ 等待 Profile 更新任务...
2026-07-23 17:21:26.161 | INFO     | N/A | ⏳ 等待 Profile 更新任务...
2026-07-23 17:21:31.184 | INFO     | N/A | ⏳ 等待 Profile 更新任务...
2026-07-23 17:21:36.209 | INFO     | N/A | ⏳ 等待 Profile 更新任务...
2026-07-23 17:21:41.234 | INFO     | N/A | ⏳ 等待 Profile 更新任务...
2026-07-23 17:21:46.259 | INFO     | N/A | ⏳ 等待 Profile 更新任务...
2026-07-23 17:21:51.280 | INFO     | N/A | ⏳ 等待 Profile 更新任务...
2026-07-23 17:21:56.305 | INFO     | N/A | ⏳ 等待 Profile 更新任务...
2026-07-23 17:22:01.330 | INFO     | N/A | ⏳ 等待 Profile 更新任务...
2026-07-23 17:22:06.358 | INFO     | N/A | ⏳ 等待 Profile 更新任务...
2026-07-23 17:22:11.382 | INFO     | N/A | ⏳ 等待 Profile 更新任务...
2026-07-23 17:22:16.406 | INFO     | N/A | ⏳ 等待 Profile 更新任务...
2026-07-23 17:22:21.427 | INFO     | N/A | ⏳ 等待 Profile 更新任务...
2026-07-23 17:22:26.452 | INFO     | N/A | ⏳ 等待 Profile 更新任务...
2026-07-23 17:22:31.474 | INFO     | N/A | ⏳ 等待 Profile 更新任务...
2026-07-23 17:22:36.499 | INFO     | N/A | ⏳ 等待 Profile 更新任务...
2026-07-23 17:22:41.523 | INFO     | N/A | ⏳ 等待 Profile 更新任务...
2026-07-23 17:22:46.547 | INFO     | N/A | ⏳ 等待 Profile 更新任务...
2026-07-23 17:22:51.569 | INFO     | N/A | ⏳ 等待 Profile 更新任务...
2026-07-23 17:22:56.596 | INFO     | N/A | ⏳ 等待 Profile 更新任务...
2026-07-23 17:23:01.621 | INFO     | N/A | ⏳ 等待 Profile 更新任务...
2026-07-23 17:23:06.648 | INFO     | N/A | ⏳ 等待 Profile 更新任务...
2026-07-23 17:23:11.673 | INFO     | N/A | ⏳ 等待 Profile 更新任务...
2026-07-23 17:23:16.697 | INFO     | N/A | ⏳ 等待 Profile 更新任务...
2026-07-23 17:23:21.721 | INFO     | N/A | ⏳ 等待 Profile 更新任务...
2026-07-23 17:23:26.747 | INFO     | N/A | ⏳ 等待 Profile 更新任务...
2026-07-23 17:23:31.771 | INFO     | N/A | ⏳ 等待 Profile 更新任务...
2026-07-23 17:23:36.793 | INFO     | N/A | ⏳ 等待 Profile 更新任务...
2026-07-23 17:23:41.816 | INFO     | N/A | ⏳ 等待 Profile 更新任务...
2026-07-23 17:23:46.838 | INFO     | N/A | ⏳ 等待 Profile 更新任务...
2026-07-23 17:23:51.864 | INFO     | N/A | ⏳ 等待 Profile 更新任务...
2026-07-23 17:23:56.888 | INFO     | N/A | ⏳ 等待 Profile 更新任务...
2026-07-23 17:24:01.910 | INFO     | N/A | ⏳ 等待 Profile 更新任务...
2026-07-23 17:24:06.934 | INFO     | N/A | ⏳ 等待 Profile 更新任务...
2026-07-23 17:24:11.960 | INFO     | N/A | ⏳ 等待 Profile 更新任务...
2026-07-23 17:24:16.983 | INFO     | N/A | ⏳ 等待 Profile 更新任务...
2026-07-23 17:24:22.009 | INFO     | N/A | ⏳ 等待 Profile 更新任务...
2026-07-23 17:24:27.038 | INFO     | N/A | ⏳ 等待 Profile 更新任务...
2026-07-23 17:24:32.066 | INFO     | N/A | ⏳ 等待 Profile 更新任务...
2026-07-23 17:24:37.091 | INFO     | N/A | ⏳ 等待 Profile 更新任务...
2026-07-23 17:24:42.113 | INFO     | N/A | ⏳ 等待 Profile 更新任务...
2026-07-23 17:24:47.137 | INFO     | N/A | ⏳ 等待 Profile 更新任务...
2026-07-23 17:24:52.160 | INFO     | N/A | ⏳ 等待 Profile 更新任务...
2026-07-23 17:24:57.185 | INFO     | N/A | ⏳ 等待 Profile 更新任务...
2026-07-23 17:25:02.212 | INFO     | N/A | ⏳ 等待 Profile 更新任务...
2026-07-23 17:25:07.238 | INFO     | N/A | ⏳ 等待 Profile 更新任务...
2026-07-23 17:25:12.264 | INFO     | N/A | ⏳ 等待 Profile 更新任务...
2026-07-23 17:25:17.288 | INFO     | N/A | ⏳ 等待 Profile 更新任务...
2026-07-23 17:25:22.310 | INFO     | N/A | ⏳ 等待 Profile 更新任务...
2026-07-23 17:25:27.337 | INFO     | N/A | ⏳ 等待 Profile 更新任务...
2026-07-23 17:25:32.361 | INFO     | N/A | ⏳ 等待 Profile 更新任务...
2026-07-23 17:25:37.386 | INFO     | N/A | ⏳ 等待 Profile 更新任务...
2026-07-23 17:25:42.408 | INFO     | N/A | ⏳ 等待 Profile 更新任务...
2026-07-23 17:25:47.432 | INFO     | N/A | ⏳ 等待 Profile 更新任务...
2026-07-23 17:25:52.455 | INFO     | N/A | ⏳ 等待 Profile 更新任务...
2026-07-23 17:25:57.481 | INFO     | N/A | ⏳ 等待 Profile 更新任务...
2026-07-23 17:26:02.505 | INFO     | N/A | ⏳ 等待 Profile 更新任务...
2026-07-23 17:26:07.529 | INFO     | N/A | ⏳ 等待 Profile 更新任务...
2026-07-23 17:26:12.553 | INFO     | N/A | ⏳ 等待 Profile 更新任务...
2026-07-23 17:26:17.579 | INFO     | N/A | ⏳ 等待 Profile 更新任务...
2026-07-23 17:26:22.604 | INFO     | N/A | ⏳ 等待 Profile 更新任务...
2026-07-23 17:26:27.627 | INFO     | N/A | ⏳ 等待 Profile 更新任务...
2026-07-23 17:26:32.652 | INFO     | N/A | ⏳ 等待 Profile 更新任务...
2026-07-23 17:26:37.676 | INFO     | N/A | ⏳ 等待 Profile 更新任务...
2026-07-23 17:26:42.702 | INFO     | N/A | ⏳ 等待 Profile 更新任务...
2026-07-23 17:26:47.725 | INFO     | N/A | ⏳ 等待 Profile 更新任务...
2026-07-23 17:26:52.748 | INFO     | N/A | ⏳ 等待 Profile 更新任务...
2026-07-23 17:26:57.773 | INFO     | N/A | ⏳ 等待 Profile 更新任务...
2026-07-23 17:27:02.798 | INFO     | N/A | ⏳ 等待 Profile 更新任务...
2026-07-23 17:27:07.822 | INFO     | N/A | ⏳ 等待 Profile 更新任务...
2026-07-23 17:27:12.845 | INFO     | N/A | ⏳ 等待 Profile 更新任务...
2026-07-23 17:27:17.872 | INFO     | N/A | ⏳ 等待 Profile 更新任务...
2026-07-23 17:27:22.896 | INFO     | N/A | ⏳ 等待 Profile 更新任务...
2026-07-23 17:27:27.926 | INFO     | N/A | ⏳ 等待 Profile 更新任务...
2026-07-23 17:27:32.953 | INFO     | N/A | ⏳ 等待 Profile 更新任务...
2026-07-23 17:27:37.977 | INFO     | N/A | ⏳ 等待 Profile 更新任务...
2026-07-23 17:27:43.003 | INFO     | N/A | ⏳ 等待 Profile 更新任务...
2026-07-23 17:27:48.028 | INFO     | N/A | ⏳ 等待 Profile 更新任务...
2026-07-23 17:27:53.052 | INFO     | N/A | ⏳ 等待 Profile 更新任务...
2026-07-23 17:27:58.077 | INFO     | N/A | ⏳ 等待 Profile 更新任务...
2026-07-23 17:28:03.102 | INFO     | N/A | ⏳ 等待 Profile 更新任务...
2026-07-23 17:28:08.127 | INFO     | N/A | ⏳ 等待 Profile 更新任务...
2026-07-23 17:28:13.178 | INFO     | N/A | ⏳ 等待 Profile 更新任务...
2026-07-23 17:28:18.201 | INFO     | N/A | ⏳ 等待 Profile 更新任务...
2026-07-23 17:28:23.227 | INFO     | N/A | ⏳ 等待 Profile 更新任务...
2026-07-23 17:28:28.258 | INFO     | N/A | ⏳ 等待 Profile 更新任务...
2026-07-23 17:28:33.280 | INFO     | N/A | ⏳ 等待 Profile 更新任务...
2026-07-23 17:28:38.304 | INFO     | N/A | ⏳ 等待 Profile 更新任务...
2026-07-23 17:28:43.329 | INFO     | N/A | ⏳ 等待 Profile 更新任务...
2026-07-23 17:28:48.355 | INFO     | N/A | ⏳ 等待 Profile 更新任务...
2026-07-23 17:28:53.380 | INFO     | N/A | ⏳ 等待 Profile 更新任务...
2026-07-23 17:28:58.405 | INFO     | N/A | ⏳ 等待 Profile 更新任务...
2026-07-23 17:29:03.427 | INFO     | N/A | ⏳ 等待 Profile 更新任务...
2026-07-23 17:29:08.451 | INFO     | N/A | ⏳ 等待 Profile 更新任务...
2026-07-23 17:29:13.474 | INFO     | N/A | ⏳ 等待 Profile 更新任务...
2026-07-23 17:29:18.497 | INFO     | N/A | ⏳ 等待 Profile 更新任务...
2026-07-23 17:29:23.519 | INFO     | N/A | ⏳ 等待 Profile 更新任务...
2026-07-23 17:29:28.546 | INFO     | N/A | ⏳ 等待 Profile 更新任务...
2026-07-23 17:29:33.569 | INFO     | N/A | ⏳ 等待 Profile 更新任务...
2026-07-23 17:29:38.594 | INFO     | N/A | ⏳ 等待 Profile 更新任务...
2026-07-23 17:29:43.619 | INFO     | N/A | ⏳ 等待 Profile 更新任务...
2026-07-23 17:29:48.641 | INFO     | N/A | ⏳ 等待 Profile 更新任务...
2026-07-23 17:29:53.665 | INFO     | N/A | ⏳ 等待 Profile 更新任务...
2026-07-23 17:29:58.690 | INFO     | N/A | ⏳ 等待 Profile 更新任务...
2026-07-23 17:30:03.714 | INFO     | N/A | ⏳ 等待 Profile 更新任务...
2026-07-23 17:30:08.737 | INFO     | N/A | ⏳ 等待 Profile 更新任务...
2026-07-23 17:30:13.763 | INFO     | N/A | ⏳ 等待 Profile 更新任务...
2026-07-23 17:30:18.786 | INFO     | N/A | ⏳ 等待 Profile 更新任务...
2026-07-23 17:30:23.809 | INFO     | N/A | ⏳ 等待 Profile 更新任务...
2026-07-23 17:30:28.832 | INFO     | N/A | ⏳ 等待 Profile 更新任务...
2026-07-23 17:30:33.856 | INFO     | N/A | ⏳ 等待 Profile 更新任务...
2026-07-23 17:30:38.879 | INFO     | N/A | ⏳ 等待 Profile 更新任务...
2026-07-23 17:30:43.903 | INFO     | N/A | ⏳ 等待 Profile 更新任务...
2026-07-23 17:30:48.928 | INFO     | N/A | ⏳ 等待 Profile 更新任务...
2026-07-23 17:30:53.952 | INFO     | N/A | ⏳ 等待 Profile 更新任务...
2026-07-23 17:30:58.979 | INFO     | N/A | ⏳ 等待 Profile 更新任务...
2026-07-23 17:31:04.002 | INFO     | N/A | ⏳ 等待 Profile 更新任务...
2026-07-23 17:31:09.028 | INFO     | N/A | ⏳ 等待 Profile 更新任务...
2026-07-23 17:31:14.051 | INFO     | N/A | ⏳ 等待 Profile 更新任务...
2026-07-23 17:31:19.075 | INFO     | N/A | ⏳ 等待 Profile 更新任务...
2026-07-23 17:31:24.096 | INFO     | N/A | ⏳ 等待 Profile 更新任务...
2026-07-23 17:31:29.125 | INFO     | N/A | ⏳ 等待 Profile 更新任务...
2026-07-23 17:31:34.148 | INFO     | N/A | ⏳ 等待 Profile 更新任务...
2026-07-23 17:31:39.171 | INFO     | N/A | ⏳ 等待 Profile 更新任务...
2026-07-23 17:31:44.196 | INFO     | N/A | ⏳ 等待 Profile 更新任务...
2026-07-23 17:31:49.220 | INFO     | N/A | ⏳ 等待 Profile 更新任务...
2026-07-23 17:31:54.246 | INFO     | N/A | ⏳ 等待 Profile 更新任务...
2026-07-23 17:31:59.277 | INFO     | N/A | ⏳ 等待 Profile 更新任务...
2026-07-23 17:32:04.303 | INFO     | N/A | ⏳ 等待 Profile 更新任务...
2026-07-23 17:32:09.324 | INFO     | N/A | ⏳ 等待 Profile 更新任务...
2026-07-23 17:32:14.347 | INFO     | N/A | ⏳ 等待 Profile 更新任务...
2026-07-23 17:32:19.371 | INFO     | N/A | ⏳ 等待 Profile 更新任务...
2026-07-23 17:32:24.395 | INFO     | N/A | ⏳ 等待 Profile 更新任务...
2026-07-23 17:32:29.427 | INFO     | N/A | ⏳ 等待 Profile 更新任务...
2026-07-23 17:32:34.452 | INFO     | N/A | ⏳ 等待 Profile 更新任务...
2026-07-23 17:32:39.477 | INFO     | N/A | ⏳ 等待 Profile 更新任务...
2026-07-23 17:32:44.500 | INFO     | N/A | ⏳ 等待 Profile 更新任务...
2026-07-23 17:32:49.522 | INFO     | N/A | ⏳ 等待 Profile 更新任务...
2026-07-23 17:32:54.545 | INFO     | N/A | ⏳ 等待 Profile 更新任务...
2026-07-23 17:32:59.571 | INFO     | N/A | ⏳ 等待 Profile 更新任务...
2026-07-23 17:33:04.593 | INFO     | N/A | ⏳ 等待 Profile 更新任务...
2026-07-23 17:33:09.618 | INFO     | N/A | ⏳ 等待 Profile 更新任务...
2026-07-23 17:33:14.644 | INFO     | N/A | ⏳ 等待 Profile 更新任务...
2026-07-23 17:33:19.669 | INFO     | N/A | ⏳ 等待 Profile 更新任务...
2026-07-23 17:33:24.691 | INFO     | N/A | ⏳ 等待 Profile 更新任务...
2026-07-23 17:33:29.714 | INFO     | N/A | ⏳ 等待 Profile 更新任务...
2026-07-23 17:33:34.738 | INFO     | N/A | ⏳ 等待 Profile 更新任务...
2026-07-23 17:33:39.762 | INFO     | N/A | ⏳ 等待 Profile 更新任务...
2026-07-23 17:33:44.786 | INFO     | N/A | ⏳ 等待 Profile 更新任务...
2026-07-23 17:33:49.810 | INFO     | N/A | ⏳ 等待 Profile 更新任务...
2026-07-23 17:33:54.832 | INFO     | N/A | ⏳ 等待 Profile 更新任务...
2026-07-23 17:33:59.861 | INFO     | N/A | ⏳ 等待 Profile 更新任务...
2026-07-23 17:34:04.884 | INFO     | N/A | ⏳ 等待 Profile 更新任务...
2026-07-23 17:34:09.907 | INFO     | N/A | ⏳ 等待 Profile 更新任务...
2026-07-23 17:34:14.929 | INFO     | N/A | ⏳ 等待 Profile 更新任务...
2026-07-23 17:34:19.952 | INFO     | N/A | ⏳ 等待 Profile 更新任务...
2026-07-23 17:34:24.976 | INFO     | N/A | ⏳ 等待 Profile 更新任务...
2026-07-23 17:34:30.001 | INFO     | N/A | ⏳ 等待 Profile 更新任务...
2026-07-23 17:34:35.025 | INFO     | N/A | ⏳ 等待 Profile 更新任务...
2026-07-23 17:34:40.048 | INFO     | N/A | ⏳ 等待 Profile 更新任务...
2026-07-23 17:34:45.073 | INFO     | N/A | ⏳ 等待 Profile 更新任务...
2026-07-23 17:34:50.098 | INFO     | N/A | ⏳ 等待 Profile 更新任务...
2026-07-23 17:34:55.123 | INFO     | N/A | ⏳ 等待 Profile 更新任务...
2026-07-23 17:35:00.155 | INFO     | N/A | ⏳ 等待 Profile 更新任务...
2026-07-23 17:35:05.180 | INFO     | N/A | ⏳ 等待 Profile 更新任务...
2026-07-23 17:35:10.205 | INFO     | N/A | ⏳ 等待 Profile 更新任务...
2026-07-23 17:35:15.229 | INFO     | N/A | ⏳ 等待 Profile 更新任务...
2026-07-23 17:35:20.253 | INFO     | N/A | ⏳ 等待 Profile 更新任务...
2026-07-23 17:35:25.277 | INFO     | N/A | ⏳ 等待 Profile 更新任务...
2026-07-23 17:35:30.303 | INFO     | N/A | ⏳ 等待 Profile 更新任务...
2026-07-23 17:35:35.328 | INFO     | N/A | ⏳ 等待 Profile 更新任务...
2026-07-23 17:35:40.351 | INFO     | N/A | ⏳ 等待 Profile 更新任务...
2026-07-23 17:35:45.374 | INFO     | N/A | ⏳ 等待 Profile 更新任务...
2026-07-23 17:35:50.400 | INFO     | N/A | ⏳ 等待 Profile 更新任务...
2026-07-23 17:35:55.424 | INFO     | N/A | ⏳ 等待 Profile 更新任务...
2026-07-23 17:36:00.454 | INFO     | N/A | ⏳ 等待 Profile 更新任务...
2026-07-23 17:36:05.480 | INFO     | N/A | ⏳ 等待 Profile 更新任务...
2026-07-23 17:36:10.507 | INFO     | N/A | ⏳ 等待 Profile 更新任务...
2026-07-23 17:36:15.532 | INFO     | N/A | ⏳ 等待 Profile 更新任务...
2026-07-23 17:36:20.558 | INFO     | N/A | ⏳ 等待 Profile 更新任务...
2026-07-23 17:36:25.581 | INFO     | N/A | ⏳ 等待 Profile 更新任务...
2026-07-23 17:36:30.610 | INFO     | N/A | ⏳ 等待 Profile 更新任务...
2026-07-23 17:36:35.634 | INFO     | N/A | ⏳ 等待 Profile 更新任务...
2026-07-23 17:36:40.659 | INFO     | N/A | ⏳ 等待 Profile 更新任务...
2026-07-23 17:36:45.682 | INFO     | N/A | ⏳ 等待 Profile 更新任务...
2026-07-23 17:36:50.707 | INFO     | N/A | ⏳ 等待 Profile 更新任务...
2026-07-23 17:36:55.731 | INFO     | N/A | ⏳ 等待 Profile 更新任务...
2026-07-23 17:37:00.761 | INFO     | N/A | ⏳ 等待 Profile 更新任务...
2026-07-23 17:37:05.786 | INFO     | N/A | ⏳ 等待 Profile 更新任务...
2026-07-23 17:37:10.810 | INFO     | N/A | ⏳ 等待 Profile 更新任务...
2026-07-23 17:37:15.835 | INFO     | N/A | ⏳ 等待 Profile 更新任务...
2026-07-23 17:37:20.859 | INFO     | N/A | ⏳ 等待 Profile 更新任务...
2026-07-23 17:37:25.880 | INFO     | N/A | ⏳ 等待 Profile 更新任务...
2026-07-23 17:37:30.910 | INFO     | N/A | ⏳ 等待 Profile 更新任务...
2026-07-23 17:37:35.934 | INFO     | N/A | ⏳ 等待 Profile 更新任务...
2026-07-23 17:37:40.958 | INFO     | N/A | ⏳ 等待 Profile 更新任务...
2026-07-23 17:37:45.982 | INFO     | N/A | ⏳ 等待 Profile 更新任务...
2026-07-23 17:37:51.006 | INFO     | N/A | ⏳ 等待 Profile 更新任务...
2026-07-23 17:37:56.030 | INFO     | N/A | ⏳ 等待 Profile 更新任务...
2026-07-23 17:38:01.056 | INFO     | N/A | ⏳ 等待 Profile 更新任务...
2026-07-23 17:38:06.082 | INFO     | N/A | ⏳ 等待 Profile 更新任务...
2026-07-23 17:38:11.112 | INFO     | N/A | ⏳ 等待 Profile 更新任务...
2026-07-23 17:38:16.134 | INFO     | N/A | ⏳ 等待 Profile 更新任务...
2026-07-23 17:38:21.160 | INFO     | N/A | ⏳ 等待 Profile 更新任务...
2026-07-23 17:38:26.184 | INFO     | N/A | ⏳ 等待 Profile 更新任务...
2026-07-23 17:38:31.208 | INFO     | N/A | ⏳ 等待 Profile 更新任务...
2026-07-23 17:38:36.234 | INFO     | N/A | ⏳ 等待 Profile 更新任务...
2026-07-23 17:38:41.257 | INFO     | N/A | ⏳ 等待 Profile 更新任务...
2026-07-23 17:38:46.281 | INFO     | N/A | ⏳ 等待 Profile 更新任务...
2026-07-23 17:38:51.306 | INFO     | N/A | ⏳ 等待 Profile 更新任务...
2026-07-23 17:38:56.329 | INFO     | N/A | ⏳ 等待 Profile 更新任务...
2026-07-23 17:39:01.356 | INFO     | N/A | ⏳ 等待 Profile 更新任务...
2026-07-23 17:39:06.382 | INFO     | N/A | ⏳ 等待 Profile 更新任务...
2026-07-23 17:39:11.405 | INFO     | N/A | ⏳ 等待 Profile 更新任务...
2026-07-23 17:39:16.429 | INFO     | N/A | ⏳ 等待 Profile 更新任务...
2026-07-23 17:39:21.451 | INFO     | N/A | ⏳ 等待 Profile 更新任务...
2026-07-23 17:39:26.476 | INFO     | N/A | ⏳ 等待 Profile 更新任务...
2026-07-23 17:39:31.502 | INFO     | N/A | ⏳ 等待 Profile 更新任务...
2026-07-23 17:39:36.524 | INFO     | N/A | ⏳ 等待 Profile 更新任务...
2026-07-23 17:39:41.552 | INFO     | N/A | ⏳ 等待 Profile 更新任务...
2026-07-23 17:39:46.573 | INFO     | N/A | ⏳ 等待 Profile 更新任务...
2026-07-23 17:39:51.598 | INFO     | N/A | ⏳ 等待 Profile 更新任务...
2026-07-23 17:39:56.621 | INFO     | N/A | ⏳ 等待 Profile 更新任务...
2026-07-23 17:40:01.648 | INFO     | N/A | ⏳ 等待 Profile 更新任务...
2026-07-23 17:40:06.684 | INFO     | N/A | ⏳ 等待 Profile 更新任务...
2026-07-23 17:40:11.695 | INFO     | N/A | ⏳ 等待 Profile 更新任务...
2026-07-23 17:40:16.719 | INFO     | N/A | ⏳ 等待 Profile 更新任务...
2026-07-23 17:40:21.742 | INFO     | N/A | ⏳ 等待 Profile 更新任务...
2026-07-23 17:40:26.764 | INFO     | N/A | ⏳ 等待 Profile 更新任务...
2026-07-23 17:40:31.790 | INFO     | N/A | ⏳ 等待 Profile 更新任务...
2026-07-23 17:40:36.812 | INFO     | N/A | ⏳ 等待 Profile 更新任务...
2026-07-23 17:40:41.836 | INFO     | N/A | ⏳ 等待 Profile 更新任务...
2026-07-23 17:40:46.859 | INFO     | N/A | ⏳ 等待 Profile 更新任务...
2026-07-23 17:40:51.883 | INFO     | N/A | ⏳ 等待 Profile 更新任务...
2026-07-23 17:40:56.907 | INFO     | N/A | ⏳ 等待 Profile 更新任务...
2026-07-23 17:41:01.935 | INFO     | N/A | ⏳ 等待 Profile 更新任务...
2026-07-23 17:41:06.957 | INFO     | N/A | ⏳ 等待 Profile 更新任务...
2026-07-23 17:41:11.981 | INFO     | N/A | ⏳ 等待 Profile 更新任务...
2026-07-23 17:41:17.004 | INFO     | N/A | ⏳ 等待 Profile 更新任务...
2026-07-23 17:41:22.029 | INFO     | N/A | ⏳ 等待 Profile 更新任务...
2026-07-23 17:41:27.053 | INFO     | N/A | ⏳ 等待 Profile 更新任务...
2026-07-23 17:41:32.083 | INFO     | N/A | ⏳ 等待 Profile 更新任务...
2026-07-23 17:41:37.105 | INFO     | N/A | ⏳ 等待 Profile 更新任务...
2026-07-23 17:41:42.129 | INFO     | N/A | ⏳ 等待 Profile 更新任务...
2026-07-23 17:41:47.152 | INFO     | N/A | ⏳ 等待 Profile 更新任务...
2026-07-23 17:41:52.176 | INFO     | N/A | ⏳ 等待 Profile 更新任务...
2026-07-23 17:41:57.198 | INFO     | N/A | ⏳ 等待 Profile 更新任务...
2026-07-23 17:42:02.225 | INFO     | N/A | ⏳ 等待 Profile 更新任务...
2026-07-23 17:42:07.249 | INFO     | N/A | ⏳ 等待 Profile 更新任务...
2026-07-23 17:42:12.274 | INFO     | N/A | ⏳ 等待 Profile 更新任务...
2026-07-23 17:42:17.296 | INFO     | N/A | ⏳ 等待 Profile 更新任务...
2026-07-23 17:42:22.321 | INFO     | N/A | ⏳ 等待 Profile 更新任务...
2026-07-23 17:42:27.346 | INFO     | N/A | ⏳ 等待 Profile 更新任务...
2026-07-23 17:42:32.372 | INFO     | N/A | ⏳ 等待 Profile 更新任务...
2026-07-23 17:42:37.394 | INFO     | N/A | ⏳ 等待 Profile 更新任务...
2026-07-23 17:42:42.417 | INFO     | N/A | ⏳ 等待 Profile 更新任务...
2026-07-23 17:42:47.442 | INFO     | N/A | ⏳ 等待 Profile 更新任务...
2026-07-23 17:42:52.466 | INFO     | N/A | ⏳ 等待 Profile 更新任务...
2026-07-23 17:42:57.492 | INFO     | N/A | ⏳ 等待 Profile 更新任务...
2026-07-23 17:43:02.522 | INFO     | N/A | ⏳ 等待 Profile 更新任务...
2026-07-23 17:43:07.547 | INFO     | N/A | ⏳ 等待 Profile 更新任务...
2026-07-23 17:43:12.576 | INFO     | N/A | ⏳ 等待 Profile 更新任务...
2026-07-23 17:43:17.601 | INFO     | N/A | ⏳ 等待 Profile 更新任务...
2026-07-23 17:43:22.624 | INFO     | N/A | ⏳ 等待 Profile 更新任务...
2026-07-23 17:43:27.646 | INFO     | N/A | ⏳ 等待 Profile 更新任务...
2026-07-23 17:43:32.673 | INFO     | N/A | ⏳ 等待 Profile 更新任务...
2026-07-23 17:43:37.702 | INFO     | N/A | ⏳ 等待 Profile 更新任务...
2026-07-23 17:43:42.727 | INFO     | N/A | ⏳ 等待 Profile 更新任务...
2026-07-23 17:43:47.750 | INFO     | N/A | ⏳ 等待 Profile 更新任务...
2026-07-23 17:43:52.773 | INFO     | N/A | ⏳ 等待 Profile 更新任务...
2026-07-23 17:43:57.795 | INFO     | N/A | ⏳ 等待 Profile 更新任务...
2026-07-23 17:44:02.819 | INFO     | N/A | ⏳ 等待 Profile 更新任务...
2026-07-23 17:44:07.843 | INFO     | N/A | ⏳ 等待 Profile 更新任务...
2026-07-23 17:44:12.870 | INFO     | N/A | ⏳ 等待 Profile 更新任务...
2026-07-23 17:44:17.893 | INFO     | N/A | ⏳ 等待 Profile 更新任务...
2026-07-23 17:44:22.915 | INFO     | N/A | ⏳ 等待 Profile 更新任务...
2026-07-23 17:44:27.938 | INFO     | N/A | ⏳ 等待 Profile 更新任务...
2026-07-23 17:44:32.961 | INFO     | N/A | ⏳ 等待 Profile 更新任务...
2026-07-23 17:44:37.984 | INFO     | N/A | ⏳ 等待 Profile 更新任务...
2026-07-23 17:44:43.008 | INFO     | N/A | ⏳ 等待 Profile 更新任务...
2026-07-23 17:44:48.029 | INFO     | N/A | ⏳ 等待 Profile 更新任务...
2026-07-23 17:44:53.051 | INFO     | N/A | ⏳ 等待 Profile 更新任务...
2026-07-23 17:44:58.074 | INFO     | N/A | ⏳ 等待 Profile 更新任务...
2026-07-23 17:45:03.098 | INFO     | N/A | ⏳ 等待 Profile 更新任务...
2026-07-23 17:45:08.121 | INFO     | N/A | ⏳ 等待 Profile 更新任务...
2026-07-23 17:45:13.145 | INFO     | N/A | ⏳ 等待 Profile 更新任务...
2026-07-23 17:45:18.168 | INFO     | N/A | ⏳ 等待 Profile 更新任务...
2026-07-23 17:45:23.189 | INFO     | N/A | ⏳ 等待 Profile 更新任务...
2026-07-23 17:45:28.213 | INFO     | N/A | ⏳ 等待 Profile 更新任务...
2026-07-23 17:45:33.234 | INFO     | N/A | ⏳ 等待 Profile 更新任务...
2026-07-23 17:45:38.258 | INFO     | N/A | ⏳ 等待 Profile 更新任务...
2026-07-23 17:45:43.279 | INFO     | N/A | ⏳ 等待 Profile 更新任务...
2026-07-23 17:45:48.301 | INFO     | N/A | ⏳ 等待 Profile 更新任务...
2026-07-23 17:45:53.323 | INFO     | N/A | ⏳ 等待 Profile 更新任务...
2026-07-23 17:45:58.345 | INFO     | N/A | ⏳ 等待 Profile 更新任务...
2026-07-23 17:46:03.375 | INFO     | N/A | ⏳ 等待 Profile 更新任务...
2026-07-23 17:46:08.401 | INFO     | N/A | ⏳ 等待 Profile 更新任务...
2026-07-23 17:46:13.424 | INFO     | N/A | ⏳ 等待 Profile 更新任务...
2026-07-23 17:46:18.449 | INFO     | N/A | ⏳ 等待 Profile 更新任务...
2026-07-23 17:46:23.472 | INFO     | N/A | ⏳ 等待 Profile 更新任务...
2026-07-23 17:46:28.494 | INFO     | N/A | ⏳ 等待 Profile 更新任务...
2026-07-23 17:46:33.518 | INFO     | N/A | ⏳ 等待 Profile 更新任务...
2026-07-23 17:46:38.540 | INFO     | N/A | ⏳ 等待 Profile 更新任务...
2026-07-23 17:46:43.562 | INFO     | N/A | ⏳ 等待 Profile 更新任务...
2026-07-23 17:46:48.585 | INFO     | N/A | ⏳ 等待 Profile 更新任务...
2026-07-23 17:46:53.610 | INFO     | N/A | ⏳ 等待 Profile 更新任务...
2026-07-23 17:46:58.634 | INFO     | N/A | ⏳ 等待 Profile 更新任务...
2026-07-23 17:47:03.662 | INFO     | N/A | ⏳ 等待 Profile 更新任务...
2026-07-23 17:47:08.685 | INFO     | N/A | ⏳ 等待 Profile 更新任务...
2026-07-23 17:47:13.708 | INFO     | N/A | ⏳ 等待 Profile 更新任务...
2026-07-23 17:47:18.730 | INFO     | N/A | ⏳ 等待 Profile 更新任务...
2026-07-23 17:47:23.754 | INFO     | N/A | ⏳ 等待 Profile 更新任务...
2026-07-23 17:47:28.777 | INFO     | N/A | ⏳ 等待 Profile 更新任务...
2026-07-23 17:47:33.801 | INFO     | N/A | ⏳ 等待 Profile 更新任务...
2026-07-23 17:47:38.827 | INFO     | N/A | ⏳ 等待 Profile 更新任务...
2026-07-23 17:47:43.851 | INFO     | N/A | ⏳ 等待 Profile 更新任务...
2026-07-23 17:47:48.877 | INFO     | N/A | ⏳ 等待 Profile 更新任务...
2026-07-23 17:47:53.901 | INFO     | N/A | ⏳ 等待 Profile 更新任务...
2026-07-23 17:47:58.925 | INFO     | N/A | ⏳ 等待 Profile 更新任务...
2026-07-23 17:48:03.950 | INFO     | N/A | ⏳ 等待 Profile 更新任务...
2026-07-23 17:48:08.978 | INFO     | N/A | ⏳ 等待 Profile 更新任务...
2026-07-23 17:48:14.002 | INFO     | N/A | ⏳ 等待 Profile 更新任务...
2026-07-23 17:48:19.024 | INFO     | N/A | ⏳ 等待 Profile 更新任务...
2026-07-23 17:48:24.048 | INFO     | N/A | ⏳ 等待 Profile 更新任务...
2026-07-23 17:48:29.071 | INFO     | N/A | ⏳ 等待 Profile 更新任务...
2026-07-23 17:48:34.098 | INFO     | N/A | ⏳ 等待 Profile 更新任务...
2026-07-23 17:48:39.124 | INFO     | N/A | ⏳ 等待 Profile 更新任务...
2026-07-23 17:48:44.148 | INFO     | N/A | ⏳ 等待 Profile 更新任务...
2026-07-23 17:48:49.172 | INFO     | N/A | ⏳ 等待 Profile 更新任务...
2026-07-23 17:48:54.194 | INFO     | N/A | ⏳ 等待 Profile 更新任务...
2026-07-23 17:48:59.220 | INFO     | N/A | ⏳ 等待 Profile 更新任务...
2026-07-23 17:49:04.247 | INFO     | N/A | ⏳ 等待 Profile 更新任务...
2026-07-23 17:49:09.270 | INFO     | N/A | ⏳ 等待 Profile 更新任务...
2026-07-23 17:49:14.294 | INFO     | N/A | ⏳ 等待 Profile 更新任务...
2026-07-23 17:49:19.319 | INFO     | N/A | ⏳ 等待 Profile 更新任务...
2026-07-23 17:49:24.343 | INFO     | N/A | ⏳ 等待 Profile 更新任务...
2026-07-23 17:49:29.370 | INFO     | N/A | ⏳ 等待 Profile 更新任务...
2026-07-23 17:49:34.394 | INFO     | N/A | ⏳ 等待 Profile 更新任务...
2026-07-23 17:49:39.418 | INFO     | N/A | ⏳ 等待 Profile 更新任务...
2026-07-23 17:49:44.441 | INFO     | N/A | ⏳ 等待 Profile 更新任务...
2026-07-23 17:49:49.468 | INFO     | N/A | ⏳ 等待 Profile 更新任务...
2026-07-23 17:49:54.493 | INFO     | N/A | ⏳ 等待 Profile 更新任务...
2026-07-23 17:49:59.516 | INFO     | N/A | ⏳ 等待 Profile 更新任务...
2026-07-23 17:50:04.544 | INFO     | N/A | ⏳ 等待 Profile 更新任务...
2026-07-23 17:50:09.567 | INFO     | N/A | ⏳ 等待 Profile 更新任务...
2026-07-23 17:50:14.589 | INFO     | N/A | ⏳ 等待 Profile 更新任务...
2026-07-23 17:50:19.612 | INFO     | N/A | ⏳ 等待 Profile 更新任务...
2026-07-23 17:50:24.634 | INFO     | N/A | ⏳ 等待 Profile 更新任务...
2026-07-23 17:50:29.659 | INFO     | N/A | ⏳ 等待 Profile 更新任务...
2026-07-23 17:50:34.688 | INFO     | N/A | ⏳ 等待 Profile 更新任务...
2026-07-23 17:50:39.710 | INFO     | N/A | ⏳ 等待 Profile 更新任务...
2026-07-23 17:50:44.734 | INFO     | N/A | ⏳ 等待 Profile 更新任务...
2026-07-23 17:50:49.757 | INFO     | N/A | ⏳ 等待 Profile 更新任务...
2026-07-23 17:50:54.783 | INFO     | N/A | ⏳ 等待 Profile 更新任务...
2026-07-23 17:50:59.807 | INFO     | N/A | ⏳ 等待 Profile 更新任务...
2026-07-23 17:51:04.835 | INFO     | N/A | ⏳ 等待 Profile 更新任务...
2026-07-23 17:51:09.859 | INFO     | N/A | ⏳ 等待 Profile 更新任务...
2026-07-23 17:51:14.883 | INFO     | N/A | ⏳ 等待 Profile 更新任务...
2026-07-23 17:51:19.908 | INFO     | N/A | ⏳ 等待 Profile 更新任务...
2026-07-23 17:51:24.932 | INFO     | N/A | ⏳ 等待 Profile 更新任务...
2026-07-23 17:51:29.957 | INFO     | N/A | ⏳ 等待 Profile 更新任务...
2026-07-23 17:51:34.985 | INFO     | N/A | ⏳ 等待 Profile 更新任务...
2026-07-23 17:51:40.008 | INFO     | N/A | ⏳ 等待 Profile 更新任务...
2026-07-23 17:51:45.034 | INFO     | N/A | ⏳ 等待 Profile 更新任务...
2026-07-23 17:51:50.061 | INFO     | N/A | ⏳ 等待 Profile 更新任务...
2026-07-23 17:51:55.085 | INFO     | N/A | ⏳ 等待 Profile 更新任务...
2026-07-23 17:52:00.109 | INFO     | N/A | ⏳ 等待 Profile 更新任务...
2026-07-23 17:52:05.140 | INFO     | N/A | ⏳ 等待 Profile 更新任务...
2026-07-23 17:52:10.163 | INFO     | N/A | ⏳ 等待 Profile 更新任务...
2026-07-23 17:52:15.189 | INFO     | N/A | ⏳ 等待 Profile 更新任务...
2026-07-23 17:52:20.213 | INFO     | N/A | ⏳ 等待 Profile 更新任务...
2026-07-23 17:52:25.235 | INFO     | N/A | ⏳ 等待 Profile 更新任务...
2026-07-23 17:52:30.259 | INFO     | N/A | ⏳ 等待 Profile 更新任务...
2026-07-23 17:52:35.283 | INFO     | N/A | ⏳ 等待 Profile 更新任务...
2026-07-23 17:52:40.308 | INFO     | N/A | ⏳ 等待 Profile 更新任务...
2026-07-23 17:52:45.333 | INFO     | N/A | ⏳ 等待 Profile 更新任务...
2026-07-23 17:52:50.356 | INFO     | N/A | ⏳ 等待 Profile 更新任务...
2026-07-23 17:52:55.378 | INFO     | N/A | ⏳ 等待 Profile 更新任务...
2026-07-23 17:53:00.403 | INFO     | N/A | ⏳ 等待 Profile 更新任务...
2026-07-23 17:53:05.430 | INFO     | N/A | ⏳ 等待 Profile 更新任务...
2026-07-23 17:53:10.453 | INFO     | N/A | ⏳ 等待 Profile 更新任务...
2026-07-23 17:53:15.477 | INFO     | N/A | ⏳ 等待 Profile 更新任务...
2026-07-23 17:53:20.500 | INFO     | N/A | ⏳ 等待 Profile 更新任务...
2026-07-23 17:53:25.524 | INFO     | N/A | ⏳ 等待 Profile 更新任务...
2026-07-23 17:53:30.547 | INFO     | N/A | ⏳ 等待 Profile 更新任务...
2026-07-23 17:53:35.570 | INFO     | N/A | ⏳ 等待 Profile 更新任务...
2026-07-23 17:53:40.592 | INFO     | N/A | ⏳ 等待 Profile 更新任务...
2026-07-23 17:53:45.615 | INFO     | N/A | ⏳ 等待 Profile 更新任务...
2026-07-23 17:53:50.638 | INFO     | N/A | ⏳ 等待 Profile 更新任务...
2026-07-23 17:53:55.661 | INFO     | N/A | ⏳ 等待 Profile 更新任务...
2026-07-23 17:54:00.687 | INFO     | N/A | ⏳ 等待 Profile 更新任务...
2026-07-23 17:54:05.719 | INFO     | N/A | ⏳ 等待 Profile 更新任务...
2026-07-23 17:54:10.742 | INFO     | N/A | ⏳ 等待 Profile 更新任务...
2026-07-23 17:54:15.767 | INFO     | N/A | ⏳ 等待 Profile 更新任务...
2026-07-23 17:54:20.791 | INFO     | N/A | ⏳ 等待 Profile 更新任务...
2026-07-23 17:54:25.815 | INFO     | N/A | ⏳ 等待 Profile 更新任务...
2026-07-23 17:54:30.837 | INFO     | N/A | ⏳ 等待 Profile 更新任务...
2026-07-23 17:54:35.864 | INFO     | N/A | ⏳ 等待 Profile 更新任务...
2026-07-23 17:54:40.888 | INFO     | N/A | ⏳ 等待 Profile 更新任务...
2026-07-23 17:54:45.911 | INFO     | N/A | ⏳ 等待 Profile 更新任务...
2026-07-23 17:54:50.935 | INFO     | N/A | ⏳ 等待 Profile 更新任务...
2026-07-23 17:54:55.958 | INFO     | N/A | ⏳ 等待 Profile 更新任务...
2026-07-23 17:55:00.981 | INFO     | N/A | ⏳ 等待 Profile 更新任务...
2026-07-23 17:55:06.008 | INFO     | N/A | ⏳ 等待 Profile 更新任务...
2026-07-23 17:55:11.035 | INFO     | N/A | ⏳ 等待 Profile 更新任务...
2026-07-23 17:55:16.058 | INFO     | N/A | ⏳ 等待 Profile 更新任务...
2026-07-23 17:55:21.084 | INFO     | N/A | ⏳ 等待 Profile 更新任务...
2026-07-23 17:55:26.110 | INFO     | N/A | ⏳ 等待 Profile 更新任务...
2026-07-23 17:55:31.132 | INFO     | N/A | ⏳ 等待 Profile 更新任务...
2026-07-23 17:55:36.160 | INFO     | N/A | ⏳ 等待 Profile 更新任务...
2026-07-23 17:55:41.184 | INFO     | N/A | ⏳ 等待 Profile 更新任务...
2026-07-23 17:55:46.209 | INFO     | N/A | ⏳ 等待 Profile 更新任务...
2026-07-23 17:55:51.235 | INFO     | N/A | ⏳ 等待 Profile 更新任务...
2026-07-23 17:55:56.257 | INFO     | N/A | ⏳ 等待 Profile 更新任务...
2026-07-23 17:56:01.280 | INFO     | N/A | ⏳ 等待 Profile 更新任务...
2026-07-23 17:56:06.313 | INFO     | N/A | ⏳ 等待 Profile 更新任务...
2026-07-23 17:56:11.338 | INFO     | N/A | ⏳ 等待 Profile 更新任务...
2026-07-23 17:56:16.360 | INFO     | N/A | ⏳ 等待 Profile 更新任务...
2026-07-23 17:56:21.384 | INFO     | N/A | ⏳ 等待 Profile 更新任务...
2026-07-23 17:56:26.407 | INFO     | N/A | ⏳ 等待 Profile 更新任务...
2026-07-23 17:56:31.431 | INFO     | N/A | ⏳ 等待 Profile 更新任务...
2026-07-23 17:56:36.455 | INFO     | N/A | ⏳ 等待 Profile 更新任务...
2026-07-23 17:56:41.479 | INFO     | N/A | ⏳ 等待 Profile 更新任务...
2026-07-23 17:56:46.502 | INFO     | N/A | ⏳ 等待 Profile 更新任务...
2026-07-23 17:56:51.525 | INFO     | N/A | ⏳ 等待 Profile 更新任务...
2026-07-23 17:56:56.550 | INFO     | N/A | ⏳ 等待 Profile 更新任务...
2026-07-23 17:57:01.575 | INFO     | N/A | ⏳ 等待 Profile 更新任务...
2026-07-23 17:57:06.601 | INFO     | N/A | ⏳ 等待 Profile 更新任务...
2026-07-23 17:57:11.626 | INFO     | N/A | ⏳ 等待 Profile 更新任务...
2026-07-23 17:57:16.650 | INFO     | N/A | ⏳ 等待 Profile 更新任务...
2026-07-23 17:57:21.672 | INFO     | N/A | ⏳ 等待 Profile 更新任务...
2026-07-23 17:57:26.697 | INFO     | N/A | ⏳ 等待 Profile 更新任务...
2026-07-23 17:57:31.720 | INFO     | N/A | ⏳ 等待 Profile 更新任务...
2026-07-23 17:57:36.752 | INFO     | N/A | ⏳ 等待 Profile 更新任务...
2026-07-23 17:57:41.774 | INFO     | N/A | ⏳ 等待 Profile 更新任务...
2026-07-23 17:57:46.798 | INFO     | N/A | ⏳ 等待 Profile 更新任务...
2026-07-23 17:57:51.821 | INFO     | N/A | ⏳ 等待 Profile 更新任务...
2026-07-23 17:57:56.844 | INFO     | N/A | ⏳ 等待 Profile 更新任务...
2026-07-23 17:58:01.866 | INFO     | N/A | ⏳ 等待 Profile 更新任务...
2026-07-23 17:58:06.890 | INFO     | N/A | ⏳ 等待 Profile 更新任务...
2026-07-23 17:58:11.912 | INFO     | N/A | ⏳ 等待 Profile 更新任务...
2026-07-23 17:58:16.935 | INFO     | N/A | ⏳ 等待 Profile 更新任务...
2026-07-23 17:58:21.960 | INFO     | N/A | ⏳ 等待 Profile 更新任务...
2026-07-23 17:58:26.985 | INFO     | N/A | ⏳ 等待 Profile 更新任务...
2026-07-23 17:58:32.010 | INFO     | N/A | ⏳ 等待 Profile 更新任务...
2026-07-23 17:58:37.034 | INFO     | N/A | ⏳ 等待 Profile 更新任务...
2026-07-23 17:58:42.059 | INFO     | N/A | ⏳ 等待 Profile 更新任务...
2026-07-23 17:58:47.082 | INFO     | N/A | ⏳ 等待 Profile 更新任务...
2026-07-23 17:58:52.103 | INFO     | N/A | ⏳ 等待 Profile 更新任务...
2026-07-23 17:58:57.129 | INFO     | N/A | ⏳ 等待 Profile 更新任务...
2026-07-23 17:59:02.165 | INFO     | N/A | ⏳ 等待 Profile 更新任务...
2026-07-23 17:59:07.190 | INFO     | N/A | ⏳ 等待 Profile 更新任务...
2026-07-23 17:59:12.215 | INFO     | N/A | ⏳ 等待 Profile 更新任务...
2026-07-23 17:59:17.239 | INFO     | N/A | ⏳ 等待 Profile 更新任务...
2026-07-23 17:59:22.264 | INFO     | N/A | ⏳ 等待 Profile 更新任务...
2026-07-23 17:59:27.288 | INFO     | N/A | ⏳ 等待 Profile 更新任务...
2026-07-23 17:59:32.318 | INFO     | N/A | ⏳ 等待 Profile 更新任务...
2026-07-23 17:59:37.341 | INFO     | N/A | ⏳ 等待 Profile 更新任务...
2026-07-23 17:59:42.365 | INFO     | N/A | ⏳ 等待 Profile 更新任务...
2026-07-23 17:59:47.390 | INFO     | N/A | ⏳ 等待 Profile 更新任务...
2026-07-23 17:59:52.414 | INFO     | N/A | ⏳ 等待 Profile 更新任务...
2026-07-23 17:59:57.438 | INFO     | N/A | ⏳ 等待 Profile 更新任务...
2026-07-23 18:00:02.465 | INFO     | N/A | ⏳ 等待 Profile 更新任务...
2026-07-23 18:00:07.521 | INFO     | N/A | ⏳ 等待 Profile 更新任务...
2026-07-23 18:00:12.547 | INFO     | N/A | ⏳ 等待 Profile 更新任务...
2026-07-23 18:00:17.577 | INFO     | N/A | ⏳ 等待 Profile 更新任务...
2026-07-23 18:00:22.601 | INFO     | N/A | ⏳ 等待 Profile 更新任务...
2026-07-23 18:00:27.626 | INFO     | N/A | ⏳ 等待 Profile 更新任务...
2026-07-23 18:00:32.651 | INFO     | N/A | ⏳ 等待 Profile 更新任务...
2026-07-23 18:00:37.673 | INFO     | N/A | ⏳ 等待 Profile 更新任务...
2026-07-23 18:00:42.696 | INFO     | N/A | ⏳ 等待 Profile 更新任务...
2026-07-23 18:00:47.721 | INFO     | N/A | ⏳ 等待 Profile 更新任务...
2026-07-23 18:00:52.745 | INFO     | N/A | ⏳ 等待 Profile 更新任务...
2026-07-23 18:00:57.769 | INFO     | N/A | ⏳ 等待 Profile 更新任务...
2026-07-23 18:01:02.792 | INFO     | N/A | ⏳ 等待 Profile 更新任务...
2026-07-23 18:01:07.816 | INFO     | N/A | ⏳ 等待 Profile 更新任务...
2026-07-23 18:01:12.840 | INFO     | N/A | ⏳ 等待 Profile 更新任务...
2026-07-23 18:01:17.864 | INFO     | N/A | ⏳ 等待 Profile 更新任务...
2026-07-23 18:01:22.889 | INFO     | N/A | ⏳ 等待 Profile 更新任务...
2026-07-23 18:01:27.913 | INFO     | N/A | ⏳ 等待 Profile 更新任务...
2026-07-23 18:01:32.939 | INFO     | N/A | ⏳ 等待 Profile 更新任务...
2026-07-23 18:01:37.963 | INFO     | N/A | ⏳ 等待 Profile 更新任务...
2026-07-23 18:01:42.988 | INFO     | N/A | ⏳ 等待 Profile 更新任务...
2026-07-23 18:01:48.012 | INFO     | N/A | ⏳ 等待 Profile 更新任务...
2026-07-23 18:01:53.036 | INFO     | N/A | ⏳ 等待 Profile 更新任务...
2026-07-23 18:01:58.060 | INFO     | N/A | ⏳ 等待 Profile 更新任务...
2026-07-23 18:02:03.087 | INFO     | N/A | ⏳ 等待 Profile 更新任务...
2026-07-23 18:02:08.111 | INFO     | N/A | ⏳ 等待 Profile 更新任务...
2026-07-23 18:02:13.133 | INFO     | N/A | ⏳ 等待 Profile 更新任务...
2026-07-23 18:02:18.156 | INFO     | N/A | ⏳ 等待 Profile 更新任务...
2026-07-23 18:02:23.178 | INFO     | N/A | ⏳ 等待 Profile 更新任务...
2026-07-23 18:02:28.202 | INFO     | N/A | ⏳ 等待 Profile 更新任务...
2026-07-23 18:02:33.227 | INFO     | N/A | ⏳ 等待 Profile 更新任务...
2026-07-23 18:02:38.252 | INFO     | N/A | ⏳ 等待 Profile 更新任务...
2026-07-23 18:02:43.277 | INFO     | N/A | ⏳ 等待 Profile 更新任务...
2026-07-23 18:02:48.302 | INFO     | N/A | ⏳ 等待 Profile 更新任务...
2026-07-23 18:02:53.327 | INFO     | N/A | ⏳ 等待 Profile 更新任务...
2026-07-23 18:02:58.350 | INFO     | N/A | ⏳ 等待 Profile 更新任务...
2026-07-23 18:03:03.377 | INFO     | N/A | ⏳ 等待 Profile 更新任务...
2026-07-23 18:03:08.402 | INFO     | N/A | ⏳ 等待 Profile 更新任务...
2026-07-23 18:03:13.426 | INFO     | N/A | ⏳ 等待 Profile 更新任务...
2026-07-23 18:03:18.453 | INFO     | N/A | ⏳ 等待 Profile 更新任务...
2026-07-23 18:03:23.477 | INFO     | N/A | ⏳ 等待 Profile 更新任务...
2026-07-23 18:03:28.500 | INFO     | N/A | ⏳ 等待 Profile 更新任务...
2026-07-23 18:03:33.530 | INFO     | N/A | ⏳ 等待 Profile 更新任务...
2026-07-23 18:03:38.551 | INFO     | N/A | ⏳ 等待 Profile 更新任务...
2026-07-23 18:03:43.579 | INFO     | N/A | ⏳ 等待 Profile 更新任务...
2026-07-23 18:03:48.604 | INFO     | N/A | ⏳ 等待 Profile 更新任务...
2026-07-23 18:03:53.627 | INFO     | N/A | ⏳ 等待 Profile 更新任务...
2026-07-23 18:03:58.652 | INFO     | N/A | ⏳ 等待 Profile 更新任务...
2026-07-23 18:04:03.682 | INFO     | N/A | ⏳ 等待 Profile 更新任务...
2026-07-23 18:04:08.708 | INFO     | N/A | ⏳ 等待 Profile 更新任务...
2026-07-23 18:04:13.734 | INFO     | N/A | ⏳ 等待 Profile 更新任务...
2026-07-23 18:04:18.757 | INFO     | N/A | ⏳ 等待 Profile 更新任务...
2026-07-23 18:04:23.784 | INFO     | N/A | ⏳ 等待 Profile 更新任务...
2026-07-23 18:04:28.807 | INFO     | N/A | ⏳ 等待 Profile 更新任务...
2026-07-23 18:04:33.834 | INFO     | N/A | ⏳ 等待 Profile 更新任务...
2026-07-23 18:04:38.858 | INFO     | N/A | ⏳ 等待 Profile 更新任务...
2026-07-23 18:04:43.881 | INFO     | N/A | ⏳ 等待 Profile 更新任务...
2026-07-23 18:04:48.904 | INFO     | N/A | ⏳ 等待 Profile 更新任务...
2026-07-23 18:04:53.930 | INFO     | N/A | ⏳ 等待 Profile 更新任务...
2026-07-23 18:04:58.953 | INFO     | N/A | ⏳ 等待 Profile 更新任务...
2026-07-23 18:05:03.977 | INFO     | N/A | ⏳ 等待 Profile 更新任务...
2026-07-23 18:05:09.002 | INFO     | N/A | ⏳ 等待 Profile 更新任务...
2026-07-23 18:05:14.024 | INFO     | N/A | ⏳ 等待 Profile 更新任务...
2026-07-23 18:05:19.048 | INFO     | N/A | ⏳ 等待 Profile 更新任务...
2026-07-23 18:05:24.070 | INFO     | N/A | ⏳ 等待 Profile 更新任务...
2026-07-23 18:05:29.092 | INFO     | N/A | ⏳ 等待 Profile 更新任务...
2026-07-23 18:05:34.118 | INFO     | N/A | ⏳ 等待 Profile 更新任务...
2026-07-23 18:05:39.142 | INFO     | N/A | ⏳ 等待 Profile 更新任务...
2026-07-23 18:05:44.164 | INFO     | N/A | ⏳ 等待 Profile 更新任务...
2026-07-23 18:05:49.191 | INFO     | N/A | ⏳ 等待 Profile 更新任务...
2026-07-23 18:05:54.214 | INFO     | N/A | ⏳ 等待 Profile 更新任务...
2026-07-23 18:05:59.239 | INFO     | N/A | ⏳ 等待 Profile 更新任务...
2026-07-23 18:06:04.266 | INFO     | N/A | ⏳ 等待 Profile 更新任务...
2026-07-23 18:06:09.291 | INFO     | N/A | ⏳ 等待 Profile 更新任务...
2026-07-23 18:06:14.316 | INFO     | N/A | ⏳ 等待 Profile 更新任务...
2026-07-23 18:06:19.339 | INFO     | N/A | ⏳ 等待 Profile 更新任务...
2026-07-23 18:06:24.361 | INFO     | N/A | ⏳ 等待 Profile 更新任务...
2026-07-23 18:06:29.388 | INFO     | N/A | ⏳ 等待 Profile 更新任务...
2026-07-23 18:06:34.415 | INFO     | N/A | ⏳ 等待 Profile 更新任务...
2026-07-23 18:06:39.439 | INFO     | N/A | ⏳ 等待 Profile 更新任务...
2026-07-23 18:06:44.463 | INFO     | N/A | ⏳ 等待 Profile 更新任务...
2026-07-23 18:06:49.488 | INFO     | N/A | ⏳ 等待 Profile 更新任务...
2026-07-23 18:06:54.510 | INFO     | N/A | ⏳ 等待 Profile 更新任务...
2026-07-23 18:06:59.532 | INFO     | N/A | ⏳ 等待 Profile 更新任务...
2026-07-23 18:07:04.559 | INFO     | N/A | ⏳ 等待 Profile 更新任务...
2026-07-23 18:07:09.584 | INFO     | N/A | ⏳ 等待 Profile 更新任务...
2026-07-23 18:07:14.608 | INFO     | N/A | ⏳ 等待 Profile 更新任务...
2026-07-23 18:07:19.634 | INFO     | N/A | ⏳ 等待 Profile 更新任务...
2026-07-23 18:07:24.664 | INFO     | N/A | ⏳ 等待 Profile 更新任务...
2026-07-23 18:07:29.691 | INFO     | N/A | ⏳ 等待 Profile 更新任务...
2026-07-23 18:07:34.721 | INFO     | N/A | ⏳ 等待 Profile 更新任务...
2026-07-23 18:07:39.744 | INFO     | N/A | ⏳ 等待 Profile 更新任务...
2026-07-23 18:07:44.768 | INFO     | N/A | ⏳ 等待 Profile 更新任务...
2026-07-23 18:07:49.793 | INFO     | N/A | ⏳ 等待 Profile 更新任务...
2026-07-23 18:07:54.839 | INFO     | N/A | ⏳ 等待 Profile 更新任务...
2026-07-23 18:07:59.862 | INFO     | N/A | ⏳ 等待 Profile 更新任务...
2026-07-23 18:08:04.888 | INFO     | N/A | ⏳ 等待 Profile 更新任务...
2026-07-23 18:08:09.911 | INFO     | N/A | ⏳ 等待 Profile 更新任务...
2026-07-23 18:08:14.937 | INFO     | N/A | ⏳ 等待 Profile 更新任务...
2026-07-23 18:08:19.962 | INFO     | N/A | ⏳ 等待 Profile 更新任务...
2026-07-23 18:08:24.989 | INFO     | N/A | ⏳ 等待 Profile 更新任务...
2026-07-23 18:08:30.014 | INFO     | N/A | ⏳ 等待 Profile 更新任务...
2026-07-23 18:08:35.047 | INFO     | N/A | ⏳ 等待 Profile 更新任务...
2026-07-23 18:08:40.072 | INFO     | N/A | ⏳ 等待 Profile 更新任务...
2026-07-23 18:08:45.097 | INFO     | N/A | ⏳ 等待 Profile 更新任务...
2026-07-23 18:08:50.122 | INFO     | N/A | ⏳ 等待 Profile 更新任务...
2026-07-23 18:08:55.146 | INFO     | N/A | ⏳ 等待 Profile 更新任务...
2026-07-23 18:09:00.170 | INFO     | N/A | ⏳ 等待 Profile 更新任务...
2026-07-23 18:09:05.196 | INFO     | N/A | ⏳ 等待 Profile 更新任务...
2026-07-23 18:09:10.221 | INFO     | N/A | ⏳ 等待 Profile 更新任务...
2026-07-23 18:09:15.244 | INFO     | N/A | ⏳ 等待 Profile 更新任务...
2026-07-23 18:09:20.268 | INFO     | N/A | ⏳ 等待 Profile 更新任务...
2026-07-23 18:09:25.293 | INFO     | N/A | ⏳ 等待 Profile 更新任务...
2026-07-23 18:09:30.316 | INFO     | N/A | ⏳ 等待 Profile 更新任务...
2026-07-23 18:09:35.340 | INFO     | N/A | ⏳ 等待 Profile 更新任务...
2026-07-23 18:09:40.362 | INFO     | N/A | ⏳ 等待 Profile 更新任务...
2026-07-23 18:09:45.388 | INFO     | N/A | ⏳ 等待 Profile 更新任务...
2026-07-23 18:09:50.414 | INFO     | N/A | ⏳ 等待 Profile 更新任务...
2026-07-23 18:09:55.436 | INFO     | N/A | ⏳ 等待 Profile 更新任务...
2026-07-23 18:10:00.463 | INFO     | N/A | ⏳ 等待 Profile 更新任务...
2026-07-23 18:10:05.488 | INFO     | N/A | ⏳ 等待 Profile 更新任务...
2026-07-23 18:10:10.510 | INFO     | N/A | ⏳ 等待 Profile 更新任务...
2026-07-23 18:10:15.534 | INFO     | N/A | ⏳ 等待 Profile 更新任务...
2026-07-23 18:10:20.563 | INFO     | N/A | ⏳ 等待 Profile 更新任务...
2026-07-23 18:10:25.586 | INFO     | N/A | ⏳ 等待 Profile 更新任务...
2026-07-23 18:10:30.609 | INFO     | N/A | ⏳ 等待 Profile 更新任务...
2026-07-23 18:10:35.638 | INFO     | N/A | ⏳ 等待 Profile 更新任务...
2026-07-23 18:10:40.662 | INFO     | N/A | ⏳ 等待 Profile 更新任务...
2026-07-23 18:10:45.687 | INFO     | N/A | ⏳ 等待 Profile 更新任务...
2026-07-23 18:10:50.711 | INFO     | N/A | ⏳ 等待 Profile 更新任务...
2026-07-23 18:10:55.736 | INFO     | N/A | ⏳ 等待 Profile 更新任务...
2026-07-23 18:11:00.760 | INFO     | N/A | ⏳ 等待 Profile 更新任务...
2026-07-23 18:11:05.787 | INFO     | N/A | ⏳ 等待 Profile 更新任务...
2026-07-23 18:11:10.811 | INFO     | N/A | ⏳ 等待 Profile 更新任务...
2026-07-23 18:11:15.835 | INFO     | N/A | ⏳ 等待 Profile 更新任务...
2026-07-23 18:11:20.860 | INFO     | N/A | ⏳ 等待 Profile 更新任务...
2026-07-23 18:11:25.885 | INFO     | N/A | ⏳ 等待 Profile 更新任务...
2026-07-23 18:11:30.910 | INFO     | N/A | ⏳ 等待 Profile 更新任务...
2026-07-23 18:11:35.939 | INFO     | N/A | ⏳ 等待 Profile 更新任务...
2026-07-23 18:11:40.963 | INFO     | N/A | ⏳ 等待 Profile 更新任务...
2026-07-23 18:11:45.994 | INFO     | N/A | ⏳ 等待 Profile 更新任务...
2026-07-23 18:11:51.018 | INFO     | N/A | ⏳ 等待 Profile 更新任务...
2026-07-23 18:11:56.042 | INFO     | N/A | ⏳ 等待 Profile 更新任务...
2026-07-23 18:12:01.066 | INFO     | N/A | ⏳ 等待 Profile 更新任务...
2026-07-23 18:12:06.090 | INFO     | N/A | ⏳ 等待 Profile 更新任务...
2026-07-23 18:12:11.114 | INFO     | N/A | ⏳ 等待 Profile 更新任务...
2026-07-23 18:12:16.138 | INFO     | N/A | ⏳ 等待 Profile 更新任务...
2026-07-23 18:12:21.162 | INFO     | N/A | ⏳ 等待 Profile 更新任务...
2026-07-23 18:12:26.192 | INFO     | N/A | ⏳ 等待 Profile 更新任务...
2026-07-23 18:12:31.214 | INFO     | N/A | ⏳ 等待 Profile 更新任务...
2026-07-23 18:12:36.243 | INFO     | N/A | ⏳ 等待 Profile 更新任务...
2026-07-23 18:12:41.267 | INFO     | N/A | ⏳ 等待 Profile 更新任务...
2026-07-23 18:12:46.291 | INFO     | N/A | ⏳ 等待 Profile 更新任务...
2026-07-23 18:12:51.316 | INFO     | N/A | ⏳ 等待 Profile 更新任务...
2026-07-23 18:12:56.340 | INFO     | N/A | ⏳ 等待 Profile 更新任务...
2026-07-23 18:13:01.363 | INFO     | N/A | ⏳ 等待 Profile 更新任务...
2026-07-23 18:13:06.390 | INFO     | N/A | ⏳ 等待 Profile 更新任务...
2026-07-23 18:13:11.412 | INFO     | N/A | ⏳ 等待 Profile 更新任务...
2026-07-23 18:13:16.435 | INFO     | N/A | ⏳ 等待 Profile 更新任务...
2026-07-23 18:13:21.460 | INFO     | N/A | ⏳ 等待 Profile 更新任务...
2026-07-23 18:13:26.485 | INFO     | N/A | ⏳ 等待 Profile 更新任务...
2026-07-23 18:13:31.509 | INFO     | N/A | ⏳ 等待 Profile 更新任务...
2026-07-23 18:13:36.534 | INFO     | N/A | ⏳ 等待 Profile 更新任务...
2026-07-23 18:13:41.558 | INFO     | N/A | ⏳ 等待 Profile 更新任务...
2026-07-23 18:13:46.581 | INFO     | N/A | ⏳ 等待 Profile 更新任务...
2026-07-23 18:13:51.607 | INFO     | N/A | ⏳ 等待 Profile 更新任务...
2026-07-23 18:13:56.632 | INFO     | N/A | ⏳ 等待 Profile 更新任务...
2026-07-23 18:14:01.654 | INFO     | N/A | ⏳ 等待 Profile 更新任务...
2026-07-23 18:14:06.684 | INFO     | N/A | ⏳ 等待 Profile 更新任务...
2026-07-23 18:14:11.707 | INFO     | N/A | ⏳ 等待 Profile 更新任务...
2026-07-23 18:14:16.730 | INFO     | N/A | ⏳ 等待 Profile 更新任务...
2026-07-23 18:14:21.762 | INFO     | N/A | ⏳ 等待 Profile 更新任务...
2026-07-23 18:14:26.784 | INFO     | N/A | ⏳ 等待 Profile 更新任务...
2026-07-23 18:14:31.807 | INFO     | N/A | ⏳ 等待 Profile 更新任务...
2026-07-23 18:14:36.832 | INFO     | N/A | ⏳ 等待 Profile 更新任务...
2026-07-23 18:14:41.856 | INFO     | N/A | ⏳ 等待 Profile 更新任务...
2026-07-23 18:14:46.878 | INFO     | N/A | ⏳ 等待 Profile 更新任务...
2026-07-23 18:14:51.902 | INFO     | N/A | ⏳ 等待 Profile 更新任务...
2026-07-23 18:14:56.928 | INFO     | N/A | ⏳ 等待 Profile 更新任务...
2026-07-23 18:15:01.950 | INFO     | N/A | ⏳ 等待 Profile 更新任务...
2026-07-23 18:15:06.979 | INFO     | N/A | ⏳ 等待 Profile 更新任务...
2026-07-23 18:15:12.002 | INFO     | N/A | ⏳ 等待 Profile 更新任务...
2026-07-23 18:15:17.026 | INFO     | N/A | ⏳ 等待 Profile 更新任务...
2026-07-23 18:15:22.050 | INFO     | N/A | ⏳ 等待 Profile 更新任务...
2026-07-23 18:15:27.073 | INFO     | N/A | ⏳ 等待 Profile 更新任务...
2026-07-23 18:15:32.096 | INFO     | N/A | ⏳ 等待 Profile 更新任务...
2026-07-23 18:15:37.121 | INFO     | N/A | ⏳ 等待 Profile 更新任务...
2026-07-23 18:15:42.145 | INFO     | N/A | ⏳ 等待 Profile 更新任务...
2026-07-23 18:15:47.166 | INFO     | N/A | ⏳ 等待 Profile 更新任务...
2026-07-23 18:15:52.190 | INFO     | N/A | ⏳ 等待 Profile 更新任务...
2026-07-23 18:15:57.213 | INFO     | N/A | ⏳ 等待 Profile 更新任务...
2026-07-23 18:16:02.239 | INFO     | N/A | ⏳ 等待 Profile 更新任务...
2026-07-23 18:16:07.265 | INFO     | N/A | ⏳ 等待 Profile 更新任务...
2026-07-23 18:16:12.288 | INFO     | N/A | ⏳ 等待 Profile 更新任务...
2026-07-23 18:16:17.311 | INFO     | N/A | ⏳ 等待 Profile 更新任务...
2026-07-23 18:16:22.334 | INFO     | N/A | ⏳ 等待 Profile 更新任务...
2026-07-23 18:16:27.357 | INFO     | N/A | ⏳ 等待 Profile 更新任务...
2026-07-23 18:16:32.380 | INFO     | N/A | ⏳ 等待 Profile 更新任务...
2026-07-23 18:16:37.408 | INFO     | N/A | ⏳ 等待 Profile 更新任务...
2026-07-23 18:16:42.433 | INFO     | N/A | ⏳ 等待 Profile 更新任务...
2026-07-23 18:16:47.457 | INFO     | N/A | ⏳ 等待 Profile 更新任务...
2026-07-23 18:16:52.481 | INFO     | N/A | ⏳ 等待 Profile 更新任务...
2026-07-23 18:16:57.505 | INFO     | N/A | ⏳ 等待 Profile 更新任务...
2026-07-23 18:17:02.529 | INFO     | N/A | ⏳ 等待 Profile 更新任务...
2026-07-23 18:17:07.556 | INFO     | N/A | ⏳ 等待 Profile 更新任务...
2026-07-23 18:17:12.580 | INFO     | N/A | ⏳ 等待 Profile 更新任务...
2026-07-23 18:17:17.604 | INFO     | N/A | ⏳ 等待 Profile 更新任务...
2026-07-23 18:17:22.625 | INFO     | N/A | ⏳ 等待 Profile 更新任务...
2026-07-23 18:17:27.647 | INFO     | N/A | ⏳ 等待 Profile 更新任务...
2026-07-23 18:17:32.670 | INFO     | N/A | ⏳ 等待 Profile 更新任务...
2026-07-23 18:17:37.696 | INFO     | N/A | ⏳ 等待 Profile 更新任务...
2026-07-23 18:17:42.723 | INFO     | N/A | ⏳ 等待 Profile 更新任务...
2026-07-23 18:17:47.746 | INFO     | N/A | ⏳ 等待 Profile 更新任务...
2026-07-23 18:17:52.769 | INFO     | N/A | ⏳ 等待 Profile 更新任务...
2026-07-23 18:17:57.792 | INFO     | N/A | ⏳ 等待 Profile 更新任务...
2026-07-23 18:18:02.817 | INFO     | N/A | ⏳ 等待 Profile 更新任务...
2026-07-23 18:18:07.845 | INFO     | N/A | ⏳ 等待 Profile 更新任务...
2026-07-23 18:18:12.867 | INFO     | N/A | ⏳ 等待 Profile 更新任务...
2026-07-23 18:18:17.890 | INFO     | N/A | ⏳ 等待 Profile 更新任务...
2026-07-23 18:18:22.917 | INFO     | N/A | ⏳ 等待 Profile 更新任务...
2026-07-23 18:18:27.948 | INFO     | N/A | ⏳ 等待 Profile 更新任务...
2026-07-23 18:18:32.971 | INFO     | N/A | ⏳ 等待 Profile 更新任务...
2026-07-23 18:18:38.001 | INFO     | N/A | ⏳ 等待 Profile 更新任务...
2026-07-23 18:18:43.024 | INFO     | N/A | ⏳ 等待 Profile 更新任务...
2026-07-23 18:18:48.048 | INFO     | N/A | ⏳ 等待 Profile 更新任务...
2026-07-23 18:18:53.074 | INFO     | N/A | ⏳ 等待 Profile 更新任务...
2026-07-23 18:18:58.098 | INFO     | N/A | ⏳ 等待 Profile 更新任务...
2026-07-23 18:19:03.121 | INFO     | N/A | ⏳ 等待 Profile 更新任务...
2026-07-23 18:19:08.146 | INFO     | N/A | ⏳ 等待 Profile 更新任务...
2026-07-23 18:19:13.171 | INFO     | N/A | ⏳ 等待 Profile 更新任务...
2026-07-23 18:19:18.194 | INFO     | N/A | ⏳ 等待 Profile 更新任务...
2026-07-23 18:19:23.219 | INFO     | N/A | ⏳ 等待 Profile 更新任务...
2026-07-23 18:19:28.242 | INFO     | N/A | ⏳ 等待 Profile 更新任务...
2026-07-23 18:19:33.268 | INFO     | N/A | ⏳ 等待 Profile 更新任务...
2026-07-23 18:19:38.295 | INFO     | N/A | ⏳ 等待 Profile 更新任务...
2026-07-23 18:19:43.318 | INFO     | N/A | ⏳ 等待 Profile 更新任务...
2026-07-23 18:19:48.344 | INFO     | N/A | ⏳ 等待 Profile 更新任务...
2026-07-23 18:19:53.369 | INFO     | N/A | ⏳ 等待 Profile 更新任务...
2026-07-23 18:19:58.394 | INFO     | N/A | ⏳ 等待 Profile 更新任务...
2026-07-23 18:20:03.422 | INFO     | N/A | ⏳ 等待 Profile 更新任务...
2026-07-23 18:20:08.455 | INFO     | N/A | ⏳ 等待 Profile 更新任务...
2026-07-23 18:20:13.481 | INFO     | N/A | ⏳ 等待 Profile 更新任务...
2026-07-23 18:20:18.507 | INFO     | N/A | ⏳ 等待 Profile 更新任务...
2026-07-23 18:20:23.536 | INFO     | N/A | ⏳ 等待 Profile 更新任务...
2026-07-23 18:20:28.558 | INFO     | N/A | ⏳ 等待 Profile 更新任务...
2026-07-23 18:20:33.598 | INFO     | N/A | ⏳ 等待 Profile 更新任务...
2026-07-23 18:20:38.625 | INFO     | N/A | ⏳ 等待 Profile 更新任务...
2026-07-23 18:20:43.648 | INFO     | N/A | ⏳ 等待 Profile 更新任务...
2026-07-23 18:20:48.672 | INFO     | N/A | ⏳ 等待 Profile 更新任务...
2026-07-23 18:20:53.697 | INFO     | N/A | ⏳ 等待 Profile 更新任务...
2026-07-23 18:20:58.722 | INFO     | N/A | ⏳ 等待 Profile 更新任务...
2026-07-23 18:21:03.745 | INFO     | N/A | ⏳ 等待 Profile 更新任务...
2026-07-23 18:21:08.770 | INFO     | N/A | ⏳ 等待 Profile 更新任务...
2026-07-23 18:21:13.795 | INFO     | N/A | ⏳ 等待 Profile 更新任务...
2026-07-23 18:21:18.821 | INFO     | N/A | ⏳ 等待 Profile 更新任务...
2026-07-23 18:21:23.845 | INFO     | N/A | ⏳ 等待 Profile 更新任务...
2026-07-23 18:21:28.870 | INFO     | N/A | ⏳ 等待 Profile 更新任务...
2026-07-23 18:21:33.893 | INFO     | N/A | ⏳ 等待 Profile 更新任务...
2026-07-23 18:21:38.917 | INFO     | N/A | ⏳ 等待 Profile 更新任务...
2026-07-23 18:21:43.939 | INFO     | N/A | ⏳ 等待 Profile 更新任务...
2026-07-23 18:21:48.962 | INFO     | N/A | ⏳ 等待 Profile 更新任务...
2026-07-23 18:21:53.987 | INFO     | N/A | ⏳ 等待 Profile 更新任务...
2026-07-23 18:21:59.010 | INFO     | N/A | ⏳ 等待 Profile 更新任务...
2026-07-23 18:22:04.032 | INFO     | N/A | ⏳ 等待 Profile 更新任务...
2026-07-23 18:22:09.058 | INFO     | N/A | ⏳ 等待 Profile 更新任务...
2026-07-23 18:22:14.081 | INFO     | N/A | ⏳ 等待 Profile 更新任务...
2026-07-23 18:22:19.104 | INFO     | N/A | ⏳ 等待 Profile 更新任务...
2026-07-23 18:22:24.127 | INFO     | N/A | ⏳ 等待 Profile 更新任务...
2026-07-23 18:22:29.150 | INFO     | N/A | ⏳ 等待 Profile 更新任务...
2026-07-23 18:22:34.172 | INFO     | N/A | ⏳ 等待 Profile 更新任务...
2026-07-23 18:22:39.201 | INFO     | N/A | ⏳ 等待 Profile 更新任务...
2026-07-23 18:22:44.224 | INFO     | N/A | ⏳ 等待 Profile 更新任务...
2026-07-23 18:22:49.248 | INFO     | N/A | ⏳ 等待 Profile 更新任务...
2026-07-23 18:22:54.278 | INFO     | N/A | ⏳ 等待 Profile 更新任务...
2026-07-23 18:22:59.301 | INFO     | N/A | ⏳ 等待 Profile 更新任务...
2026-07-23 18:23:04.323 | INFO     | N/A | ⏳ 等待 Profile 更新任务...
2026-07-23 18:23:09.370 | INFO     | N/A | ⏳ 等待 Profile 更新任务...
2026-07-23 18:23:14.393 | INFO     | N/A | ⏳ 等待 Profile 更新任务...
2026-07-23 18:23:19.416 | INFO     | N/A | ⏳ 等待 Profile 更新任务...
2026-07-23 18:23:24.441 | INFO     | N/A | ⏳ 等待 Profile 更新任务...
2026-07-23 18:23:29.464 | INFO     | N/A | ⏳ 等待 Profile 更新任务...
2026-07-23 18:23:34.488 | INFO     | N/A | ⏳ 等待 Profile 更新任务...
2026-07-23 18:23:39.515 | INFO     | N/A | ⏳ 等待 Profile 更新任务...
2026-07-23 18:23:44.540 | INFO     | N/A | ⏳ 等待 Profile 更新任务...
2026-07-23 18:23:49.562 | INFO     | N/A | ⏳ 等待 Profile 更新任务...
2026-07-23 18:23:54.588 | INFO     | N/A | ⏳ 等待 Profile 更新任务...
2026-07-23 18:23:59.611 | INFO     | N/A | ⏳ 等待 Profile 更新任务...
2026-07-23 18:24:04.636 | INFO     | N/A | ⏳ 等待 Profile 更新任务...
2026-07-23 18:24:09.661 | INFO     | N/A | ⏳ 等待 Profile 更新任务...
2026-07-23 18:24:14.684 | INFO     | N/A | ⏳ 等待 Profile 更新任务...
2026-07-23 18:24:19.708 | INFO     | N/A | ⏳ 等待 Profile 更新任务...
2026-07-23 18:24:24.728 | INFO     | N/A | ⏳ 等待 Profile 更新任务...
2026-07-23 18:24:29.752 | INFO     | N/A | ⏳ 等待 Profile 更新任务...
2026-07-23 18:24:34.776 | INFO     | N/A | ⏳ 等待 Profile 更新任务...
2026-07-23 18:24:39.803 | INFO     | N/A | ⏳ 等待 Profile 更新任务...
2026-07-23 18:24:44.830 | INFO     | N/A | ⏳ 等待 Profile 更新任务...
2026-07-23 18:24:49.854 | INFO     | N/A | ⏳ 等待 Profile 更新任务...
2026-07-23 18:24:54.882 | INFO     | N/A | ⏳ 等待 Profile 更新任务...
2026-07-23 18:24:59.906 | INFO     | N/A | ⏳ 等待 Profile 更新任务...
2026-07-23 18:25:04.929 | INFO     | N/A | ⏳ 等待 Profile 更新任务...
2026-07-23 18:25:09.957 | INFO     | N/A | ⏳ 等待 Profile 更新任务...
2026-07-23 18:25:14.982 | INFO     | N/A | ⏳ 等待 Profile 更新任务...
2026-07-23 18:25:20.003 | INFO     | N/A | ⏳ 等待 Profile 更新任务...
2026-07-23 18:25:25.027 | INFO     | N/A | ⏳ 等待 Profile 更新任务...
2026-07-23 18:25:30.052 | INFO     | N/A | ⏳ 等待 Profile 更新任务...
2026-07-23 18:25:35.076 | INFO     | N/A | ⏳ 等待 Profile 更新任务...
2026-07-23 18:25:40.108 | INFO     | N/A | ⏳ 等待 Profile 更新任务...
2026-07-23 18:25:45.131 | INFO     | N/A | ⏳ 等待 Profile 更新任务...
2026-07-23 18:25:50.155 | INFO     | N/A | ⏳ 等待 Profile 更新任务...
2026-07-23 18:25:55.177 | INFO     | N/A | ⏳ 等待 Profile 更新任务...
2026-07-23 18:26:00.201 | INFO     | N/A | ⏳ 等待 Profile 更新任务...
2026-07-23 18:26:05.226 | INFO     | N/A | ⏳ 等待 Profile 更新任务...
2026-07-23 18:26:10.253 | INFO     | N/A | ⏳ 等待 Profile 更新任务...
2026-07-23 18:26:15.280 | INFO     | N/A | ⏳ 等待 Profile 更新任务...
2026-07-23 18:26:20.304 | INFO     | N/A | ⏳ 等待 Profile 更新任务...
2026-07-23 18:26:25.327 | INFO     | N/A | ⏳ 等待 Profile 更新任务...
2026-07-23 18:26:30.350 | INFO     | N/A | ⏳ 等待 Profile 更新任务...
2026-07-23 18:26:35.376 | INFO     | N/A | ⏳ 等待 Profile 更新任务...
2026-07-23 18:26:40.407 | INFO     | N/A | ⏳ 等待 Profile 更新任务...
2026-07-23 18:26:45.434 | INFO     | N/A | ⏳ 等待 Profile 更新任务...
2026-07-23 18:26:50.461 | INFO     | N/A | ⏳ 等待 Profile 更新任务...
2026-07-23 18:26:55.484 | INFO     | N/A | ⏳ 等待 Profile 更新任务...
2026-07-23 18:27:00.505 | INFO     | N/A | ⏳ 等待 Profile 更新任务...
2026-07-23 18:27:05.530 | INFO     | N/A | ⏳ 等待 Profile 更新任务...
2026-07-23 18:27:10.558 | INFO     | N/A | ⏳ 等待 Profile 更新任务...
2026-07-23 18:27:15.583 | INFO     | N/A | ⏳ 等待 Profile 更新任务...
2026-07-23 18:27:20.609 | INFO     | N/A | ⏳ 等待 Profile 更新任务...
2026-07-23 18:27:25.632 | INFO     | N/A | ⏳ 等待 Profile 更新任务...
2026-07-23 18:27:30.655 | INFO     | N/A | ⏳ 等待 Profile 更新任务...
2026-07-23 18:27:35.680 | INFO     | N/A | ⏳ 等待 Profile 更新任务...
2026-07-23 18:27:40.708 | INFO     | N/A | ⏳ 等待 Profile 更新任务...
2026-07-23 18:27:45.732 | INFO     | N/A | ⏳ 等待 Profile 更新任务...
2026-07-23 18:27:50.756 | INFO     | N/A | ⏳ 等待 Profile 更新任务...
2026-07-23 18:27:55.780 | INFO     | N/A | ⏳ 等待 Profile 更新任务...
2026-07-23 18:28:00.806 | INFO     | N/A | ⏳ 等待 Profile 更新任务...
2026-07-23 18:28:05.827 | INFO     | N/A | ⏳ 等待 Profile 更新任务...
2026-07-23 18:28:10.858 | INFO     | N/A | ⏳ 等待 Profile 更新任务...
2026-07-23 18:28:15.882 | INFO     | N/A | ⏳ 等待 Profile 更新任务...
2026-07-23 18:28:20.906 | INFO     | N/A | ⏳ 等待 Profile 更新任务...
2026-07-23 18:28:25.929 | INFO     | N/A | ⏳ 等待 Profile 更新任务...
2026-07-23 18:28:30.953 | INFO     | N/A | ⏳ 等待 Profile 更新任务...
2026-07-23 18:28:35.975 | INFO     | N/A | ⏳ 等待 Profile 更新任务...
2026-07-23 18:28:41.005 | INFO     | N/A | ⏳ 等待 Profile 更新任务...
2026-07-23 18:28:46.029 | INFO     | N/A | ⏳ 等待 Profile 更新任务...
2026-07-23 18:28:51.053 | INFO     | N/A | ⏳ 等待 Profile 更新任务...
2026-07-23 18:28:56.078 | INFO     | N/A | ⏳ 等待 Profile 更新任务...
2026-07-23 18:29:01.101 | INFO     | N/A | ⏳ 等待 Profile 更新任务...
2026-07-23 18:29:06.126 | INFO     | N/A | ⏳ 等待 Profile 更新任务...
2026-07-23 18:29:11.154 | INFO     | N/A | ⏳ 等待 Profile 更新任务...
2026-07-23 18:29:16.181 | INFO     | N/A | ⏳ 等待 Profile 更新任务...
2026-07-23 18:29:21.206 | INFO     | N/A | ⏳ 等待 Profile 更新任务...
2026-07-23 18:29:26.231 | INFO     | N/A | ⏳ 等待 Profile 更新任务...
2026-07-23 18:29:31.256 | INFO     | N/A | ⏳ 等待 Profile 更新任务...
2026-07-23 18:29:36.280 | INFO     | N/A | ⏳ 等待 Profile 更新任务...
2026-07-23 18:29:41.307 | INFO     | N/A | ⏳ 等待 Profile 更新任务...
2026-07-23 18:29:46.331 | INFO     | N/A | ⏳ 等待 Profile 更新任务...
2026-07-23 18:29:51.354 | INFO     | N/A | ⏳ 等待 Profile 更新任务...
2026-07-23 18:29:56.378 | INFO     | N/A | ⏳ 等待 Profile 更新任务...
2026-07-23 18:30:01.403 | INFO     | N/A | ⏳ 等待 Profile 更新任务...
2026-07-23 18:30:06.426 | INFO     | N/A | ⏳ 等待 Profile 更新任务...
2026-07-23 18:30:11.453 | INFO     | N/A | ⏳ 等待 Profile 更新任务...
2026-07-23 18:30:16.475 | INFO     | N/A | ⏳ 等待 Profile 更新任务...
2026-07-23 18:30:21.505 | INFO     | N/A | ⏳ 等待 Profile 更新任务...
2026-07-23 18:30:26.528 | INFO     | N/A | ⏳ 等待 Profile 更新任务...
2026-07-23 18:30:31.551 | INFO     | N/A | ⏳ 等待 Profile 更新任务...
2026-07-23 18:30:36.576 | INFO     | N/A | ⏳ 等待 Profile 更新任务...
2026-07-23 18:30:41.605 | INFO     | N/A | ⏳ 等待 Profile 更新任务...
2026-07-23 18:30:46.628 | INFO     | N/A | ⏳ 等待 Profile 更新任务...
2026-07-23 18:30:51.652 | INFO     | N/A | ⏳ 等待 Profile 更新任务...
2026-07-23 18:30:56.677 | INFO     | N/A | ⏳ 等待 Profile 更新任务...
2026-07-23 18:31:01.701 | INFO     | N/A | ⏳ 等待 Profile 更新任务...
2026-07-23 18:31:06.723 | INFO     | N/A | ⏳ 等待 Profile 更新任务...
2026-07-23 18:31:11.750 | INFO     | N/A | ⏳ 等待 Profile 更新任务...
2026-07-23 18:31:16.774 | INFO     | N/A | ⏳ 等待 Profile 更新任务...
2026-07-23 18:31:21.798 | INFO     | N/A | ⏳ 等待 Profile 更新任务...
2026-07-23 18:31:26.823 | INFO     | N/A | ⏳ 等待 Profile 更新任务...
2026-07-23 18:31:31.847 | INFO     | N/A | ⏳ 等待 Profile 更新任务...
2026-07-23 18:31:36.873 | INFO     | N/A | ⏳ 等待 Profile 更新任务...
2026-07-23 18:31:41.903 | INFO     | N/A | ⏳ 等待 Profile 更新任务...
2026-07-23 18:31:46.925 | INFO     | N/A | ⏳ 等待 Profile 更新任务...
2026-07-23 18:31:51.946 | INFO     | N/A | ⏳ 等待 Profile 更新任务...
2026-07-23 18:31:56.968 | INFO     | N/A | ⏳ 等待 Profile 更新任务...
2026-07-23 18:32:02.019 | INFO     | N/A | ⏳ 等待 Profile 更新任务...
2026-07-23 18:32:07.042 | INFO     | N/A | ⏳ 等待 Profile 更新任务...
2026-07-23 18:32:12.072 | INFO     | N/A | ⏳ 等待 Profile 更新任务...
2026-07-23 18:32:17.096 | INFO     | N/A | ⏳ 等待 Profile 更新任务...
2026-07-23 18:32:22.118 | INFO     | N/A | ⏳ 等待 Profile 更新任务...
2026-07-23 18:32:27.139 | INFO     | N/A | ⏳ 等待 Profile 更新任务...
2026-07-23 18:32:32.163 | INFO     | N/A | ⏳ 等待 Profile 更新任务...
2026-07-23 18:32:37.187 | INFO     | N/A | ⏳ 等待 Profile 更新任务...
2026-07-23 18:32:42.214 | INFO     | N/A | ⏳ 等待 Profile 更新任务...
2026-07-23 18:32:47.240 | INFO     | N/A | ⏳ 等待 Profile 更新任务...
2026-07-23 18:32:52.263 | INFO     | N/A | ⏳ 等待 Profile 更新任务...
2026-07-23 18:32:57.288 | INFO     | N/A | ⏳ 等待 Profile 更新任务...
2026-07-23 18:33:02.314 | INFO     | N/A | ⏳ 等待 Profile 更新任务...
2026-07-23 18:33:07.339 | INFO     | N/A | ⏳ 等待 Profile 更新任务...
2026-07-23 18:33:12.363 | INFO     | N/A | ⏳ 等待 Profile 更新任务...
2026-07-23 18:33:17.387 | INFO     | N/A | ⏳ 等待 Profile 更新任务...
2026-07-23 18:33:22.410 | INFO     | N/A | ⏳ 等待 Profile 更新任务...
2026-07-23 18:33:27.433 | INFO     | N/A | ⏳ 等待 Profile 更新任务...
2026-07-23 18:33:32.457 | INFO     | N/A | ⏳ 等待 Profile 更新任务...
2026-07-23 18:33:37.479 | INFO     | N/A | ⏳ 等待 Profile 更新任务...
2026-07-23 18:33:42.512 | INFO     | N/A | ⏳ 等待 Profile 更新任务...
2026-07-23 18:33:47.539 | INFO     | N/A | ⏳ 等待 Profile 更新任务...
2026-07-23 18:33:52.562 | INFO     | N/A | ⏳ 等待 Profile 更新任务...
2026-07-23 18:33:57.586 | INFO     | N/A | ⏳ 等待 Profile 更新任务...
2026-07-23 18:34:02.611 | INFO     | N/A | ⏳ 等待 Profile 更新任务...
2026-07-23 18:34:07.635 | INFO     | N/A | ⏳ 等待 Profile 更新任务...
2026-07-23 18:34:12.661 | INFO     | N/A | ⏳ 等待 Profile 更新任务...
2026-07-23 18:34:17.685 | INFO     | N/A | ⏳ 等待 Profile 更新任务...
2026-07-23 18:34:22.711 | INFO     | N/A | ⏳ 等待 Profile 更新任务...
2026-07-23 18:34:27.737 | INFO     | N/A | ⏳ 等待 Profile 更新任务...
2026-07-23 18:34:32.760 | INFO     | N/A | ⏳ 等待 Profile 更新任务...
2026-07-23 18:34:37.784 | INFO     | N/A | ⏳ 等待 Profile 更新任务...
2026-07-23 18:34:42.811 | INFO     | N/A | ⏳ 等待 Profile 更新任务...
2026-07-23 18:34:47.834 | INFO     | N/A | ⏳ 等待 Profile 更新任务...
2026-07-23 18:34:52.856 | INFO     | N/A | ⏳ 等待 Profile 更新任务...
2026-07-23 18:34:57.879 | INFO     | N/A | ⏳ 等待 Profile 更新任务...
2026-07-23 18:35:02.902 | INFO     | N/A | ⏳ 等待 Profile 更新任务...
2026-07-23 18:35:07.926 | INFO     | N/A | ⏳ 等待 Profile 更新任务...
2026-07-23 18:35:12.953 | INFO     | N/A | ⏳ 等待 Profile 更新任务...
2026-07-23 18:35:17.982 | INFO     | N/A | ⏳ 等待 Profile 更新任务...
2026-07-23 18:35:23.005 | INFO     | N/A | ⏳ 等待 Profile 更新任务...
2026-07-23 18:35:28.028 | INFO     | N/A | ⏳ 等待 Profile 更新任务...
2026-07-23 18:35:33.053 | INFO     | N/A | ⏳ 等待 Profile 更新任务...
2026-07-23 18:35:38.077 | INFO     | N/A | ⏳ 等待 Profile 更新任务...
2026-07-23 18:35:43.104 | INFO     | N/A | ⏳ 等待 Profile 更新任务...
2026-07-23 18:35:48.126 | INFO     | N/A | ⏳ 等待 Profile 更新任务...
2026-07-23 18:35:53.153 | INFO     | N/A | ⏳ 等待 Profile 更新任务...
2026-07-23 18:35:58.177 | INFO     | N/A | ⏳ 等待 Profile 更新任务...
2026-07-23 18:36:03.202 | INFO     | N/A | ⏳ 等待 Profile 更新任务...
2026-07-23 18:36:08.225 | INFO     | N/A | ⏳ 等待 Profile 更新任务...
2026-07-23 18:36:13.251 | INFO     | N/A | ⏳ 等待 Profile 更新任务...
2026-07-23 18:36:18.273 | INFO     | N/A | ⏳ 等待 Profile 更新任务...
2026-07-23 18:36:23.294 | INFO     | N/A | ⏳ 等待 Profile 更新任务...
2026-07-23 18:36:28.319 | INFO     | N/A | ⏳ 等待 Profile 更新任务...
2026-07-23 18:36:33.347 | INFO     | N/A | ⏳ 等待 Profile 更新任务...
2026-07-23 18:36:38.372 | INFO     | N/A | ⏳ 等待 Profile 更新任务...
2026-07-23 18:36:43.398 | INFO     | N/A | ⏳ 等待 Profile 更新任务...
2026-07-23 18:36:48.421 | INFO     | N/A | ⏳ 等待 Profile 更新任务...
2026-07-23 18:36:53.445 | INFO     | N/A | ⏳ 等待 Profile 更新任务...
2026-07-23 18:36:58.474 | INFO     | N/A | ⏳ 等待 Profile 更新任务...
2026-07-23 18:37:03.500 | INFO     | N/A | ⏳ 等待 Profile 更新任务...
2026-07-23 18:37:08.522 | INFO     | N/A | ⏳ 等待 Profile 更新任务...
2026-07-23 18:37:13.549 | INFO     | N/A | ⏳ 等待 Profile 更新任务...
2026-07-23 18:37:18.574 | INFO     | N/A | ⏳ 等待 Profile 更新任务...
2026-07-23 18:37:23.598 | INFO     | N/A | ⏳ 等待 Profile 更新任务...
2026-07-23 18:37:28.623 | INFO     | N/A | ⏳ 等待 Profile 更新任务...
2026-07-23 18:37:33.646 | INFO     | N/A | ⏳ 等待 Profile 更新任务...
2026-07-23 18:37:38.671 | INFO     | N/A | ⏳ 等待 Profile 更新任务...
2026-07-23 18:37:43.698 | INFO     | N/A | ⏳ 等待 Profile 更新任务...
2026-07-23 18:37:48.721 | INFO     | N/A | ⏳ 等待 Profile 更新任务...
2026-07-23 18:37:53.745 | INFO     | N/A | ⏳ 等待 Profile 更新任务...
2026-07-23 18:37:58.770 | INFO     | N/A | ⏳ 等待 Profile 更新任务...
2026-07-23 18:38:03.796 | INFO     | N/A | ⏳ 等待 Profile 更新任务...
2026-07-23 18:38:08.820 | INFO     | N/A | ⏳ 等待 Profile 更新任务...
2026-07-23 18:38:13.847 | INFO     | N/A | ⏳ 等待 Profile 更新任务...
2026-07-23 18:38:18.868 | INFO     | N/A | ⏳ 等待 Profile 更新任务...
2026-07-23 18:38:23.893 | INFO     | N/A | ⏳ 等待 Profile 更新任务...
2026-07-23 18:38:28.916 | INFO     | N/A | ⏳ 等待 Profile 更新任务...
2026-07-23 18:38:33.938 | INFO     | N/A | ⏳ 等待 Profile 更新任务...
2026-07-23 18:38:38.963 | INFO     | N/A | ⏳ 等待 Profile 更新任务...
2026-07-23 18:38:43.988 | INFO     | N/A | ⏳ 等待 Profile 更新任务...
2026-07-23 18:38:49.012 | INFO     | N/A | ⏳ 等待 Profile 更新任务...
2026-07-23 18:38:54.035 | INFO     | N/A | ⏳ 等待 Profile 更新任务...
2026-07-23 18:38:59.061 | INFO     | N/A | ⏳ 等待 Profile 更新任务...
2026-07-23 18:39:04.087 | INFO     | N/A | ⏳ 等待 Profile 更新任务...
2026-07-23 18:39:09.109 | INFO     | N/A | ⏳ 等待 Profile 更新任务...
2026-07-23 18:39:14.137 | INFO     | N/A | ⏳ 等待 Profile 更新任务...
2026-07-23 18:39:19.160 | INFO     | N/A | ⏳ 等待 Profile 更新任务...
2026-07-23 18:39:24.183 | INFO     | N/A | ⏳ 等待 Profile 更新任务...
2026-07-23 18:39:29.207 | INFO     | N/A | ⏳ 等待 Profile 更新任务...
2026-07-23 18:39:34.230 | INFO     | N/A | ⏳ 等待 Profile 更新任务...
2026-07-23 18:39:39.253 | INFO     | N/A | ⏳ 等待 Profile 更新任务...
2026-07-23 18:39:44.285 | INFO     | N/A | ⏳ 等待 Profile 更新任务...
2026-07-23 18:39:49.310 | INFO     | N/A | ⏳ 等待 Profile 更新任务...
2026-07-23 18:39:54.331 | INFO     | N/A | ⏳ 等待 Profile 更新任务...
2026-07-23 18:39:59.353 | INFO     | N/A | ⏳ 等待 Profile 更新任务...
2026-07-23 18:40:04.378 | INFO     | N/A | ⏳ 等待 Profile 更新任务...
2026-07-23 18:40:09.403 | INFO     | N/A | ⏳ 等待 Profile 更新任务...
2026-07-23 18:40:14.427 | INFO     | N/A | ⏳ 等待 Profile 更新任务...
2026-07-23 18:40:19.453 | INFO     | N/A | ⏳ 等待 Profile 更新任务...
2026-07-23 18:40:24.477 | INFO     | N/A | ⏳ 等待 Profile 更新任务...
2026-07-23 18:40:29.499 | INFO     | N/A | ⏳ 等待 Profile 更新任务...
2026-07-23 18:40:34.523 | INFO     | N/A | ⏳ 等待 Profile 更新任务...
2026-07-23 18:40:39.546 | INFO     | N/A | ⏳ 等待 Profile 更新任务...
2026-07-23 18:40:44.571 | INFO     | N/A | ⏳ 等待 Profile 更新任务...
2026-07-23 18:40:49.595 | INFO     | N/A | ⏳ 等待 Profile 更新任务...
2026-07-23 18:40:54.618 | INFO     | N/A | ⏳ 等待 Profile 更新任务...
2026-07-23 18:40:59.642 | INFO     | N/A | ⏳ 等待 Profile 更新任务...
2026-07-23 18:41:04.665 | INFO     | N/A | ⏳ 等待 Profile 更新任务...
2026-07-23 18:41:09.687 | INFO     | N/A | ⏳ 等待 Profile 更新任务...
2026-07-23 18:41:14.714 | INFO     | N/A | ⏳ 等待 Profile 更新任务...
2026-07-23 18:41:19.738 | INFO     | N/A | ⏳ 等待 Profile 更新任务...
2026-07-23 18:41:24.760 | INFO     | N/A | ⏳ 等待 Profile 更新任务...
2026-07-23 18:41:29.783 | INFO     | N/A | ⏳ 等待 Profile 更新任务...
2026-07-23 18:41:34.805 | INFO     | N/A | ⏳ 等待 Profile 更新任务...
2026-07-23 18:41:39.828 | INFO     | N/A | ⏳ 等待 Profile 更新任务...
2026-07-23 18:41:44.855 | INFO     | N/A | ⏳ 等待 Profile 更新任务...
2026-07-23 18:41:49.876 | INFO     | N/A | ⏳ 等待 Profile 更新任务...
2026-07-23 18:41:54.897 | INFO     | N/A | ⏳ 等待 Profile 更新任务...
2026-07-23 18:41:59.921 | INFO     | N/A | ⏳ 等待 Profile 更新任务...
2026-07-23 18:42:04.946 | INFO     | N/A | ⏳ 等待 Profile 更新任务...
2026-07-23 18:42:09.969 | INFO     | N/A | ⏳ 等待 Profile 更新任务...
2026-07-23 18:42:14.995 | INFO     | N/A | ⏳ 等待 Profile 更新任务...
2026-07-23 18:42:20.020 | INFO     | N/A | ⏳ 等待 Profile 更新任务...
2026-07-23 18:42:25.042 | INFO     | N/A | ⏳ 等待 Profile 更新任务...
2026-07-23 18:42:30.066 | INFO     | N/A | ⏳ 等待 Profile 更新任务...
2026-07-23 18:42:35.089 | INFO     | N/A | ⏳ 等待 Profile 更新任务...
2026-07-23 18:42:40.109 | INFO     | N/A | ⏳ 等待 Profile 更新任务...
2026-07-23 18:42:45.131 | INFO     | N/A | ⏳ 等待 Profile 更新任务...
2026-07-23 18:42:50.154 | INFO     | N/A | ⏳ 等待 Profile 更新任务...
2026-07-23 18:42:55.175 | INFO     | N/A | ⏳ 等待 Profile 更新任务...
2026-07-23 18:43:00.196 | INFO     | N/A | ⏳ 等待 Profile 更新任务...
2026-07-23 18:43:05.219 | INFO     | N/A | ⏳ 等待 Profile 更新任务...
2026-07-23 18:43:10.243 | INFO     | N/A | ⏳ 等待 Profile 更新任务...
2026-07-23 18:43:15.273 | INFO     | N/A | ⏳ 等待 Profile 更新任务...
2026-07-23 18:43:20.294 | INFO     | N/A | ⏳ 等待 Profile 更新任务...
2026-07-23 18:43:25.316 | INFO     | N/A | ⏳ 等待 Profile 更新任务...
2026-07-23 18:43:30.339 | INFO     | N/A | ⏳ 等待 Profile 更新任务...
2026-07-23 18:43:35.360 | INFO     | N/A | ⏳ 等待 Profile 更新任务...
2026-07-23 18:43:40.383 | INFO     | N/A | ⏳ 等待 Profile 更新任务...
2026-07-23 18:43:45.408 | INFO     | N/A | ⏳ 等待 Profile 更新任务...
2026-07-23 18:43:50.431 | INFO     | N/A | ⏳ 等待 Profile 更新任务...
2026-07-23 18:43:55.454 | INFO     | N/A | ⏳ 等待 Profile 更新任务...
2026-07-23 18:44:00.475 | INFO     | N/A | ⏳ 等待 Profile 更新任务...
2026-07-23 18:44:05.498 | INFO     | N/A | ⏳ 等待 Profile 更新任务...
2026-07-23 18:44:10.519 | INFO     | N/A | ⏳ 等待 Profile 更新任务...
2026-07-23 18:44:15.543 | INFO     | N/A | ⏳ 等待 Profile 更新任务...
2026-07-23 18:44:20.567 | INFO     | N/A | ⏳ 等待 Profile 更新任务...
2026-07-23 18:44:25.596 | INFO     | N/A | ⏳ 等待 Profile 更新任务...
2026-07-23 18:44:30.621 | INFO     | N/A | ⏳ 等待 Profile 更新任务...
2026-07-23 18:44:35.646 | INFO     | N/A | ⏳ 等待 Profile 更新任务...
2026-07-23 18:44:40.668 | INFO     | N/A | ⏳ 等待 Profile 更新任务...
2026-07-23 18:44:45.696 | INFO     | N/A | ⏳ 等待 Profile 更新任务...
2026-07-23 18:44:50.720 | INFO     | N/A | ⏳ 等待 Profile 更新任务...
2026-07-23 18:44:55.744 | INFO     | N/A | ⏳ 等待 Profile 更新任务...
2026-07-23 18:45:00.767 | INFO     | N/A | ⏳ 等待 Profile 更新任务...
2026-07-23 18:45:05.791 | INFO     | N/A | ⏳ 等待 Profile 更新任务...
2026-07-23 18:45:10.816 | INFO     | N/A | ⏳ 等待 Profile 更新任务...
2026-07-23 18:45:15.841 | INFO     | N/A | ⏳ 等待 Profile 更新任务...
2026-07-23 18:45:20.864 | INFO     | N/A | ⏳ 等待 Profile 更新任务...
2026-07-23 18:45:25.888 | INFO     | N/A | ⏳ 等待 Profile 更新任务...
2026-07-23 18:45:30.909 | INFO     | N/A | ⏳ 等待 Profile 更新任务...
2026-07-23 18:45:35.933 | INFO     | N/A | ⏳ 等待 Profile 更新任务...
2026-07-23 18:45:40.958 | INFO     | N/A | ⏳ 等待 Profile 更新任务...
2026-07-23 18:45:45.987 | INFO     | N/A | ⏳ 等待 Profile 更新任务...
2026-07-23 18:45:51.009 | INFO     | N/A | ⏳ 等待 Profile 更新任务...
2026-07-23 18:45:56.033 | INFO     | N/A | ⏳ 等待 Profile 更新任务...
2026-07-23 18:46:01.058 | INFO     | N/A | ⏳ 等待 Profile 更新任务...
2026-07-23 18:46:06.081 | INFO     | N/A | ⏳ 等待 Profile 更新任务...
2026-07-23 18:46:11.106 | INFO     | N/A | ⏳ 等待 Profile 更新任务...
2026-07-23 18:46:16.132 | INFO     | N/A | ⏳ 等待 Profile 更新任务...
2026-07-23 18:46:21.156 | INFO     | N/A | ⏳ 等待 Profile 更新任务...
2026-07-23 18:46:26.180 | INFO     | N/A | ⏳ 等待 Profile 更新任务...
2026-07-23 18:46:31.204 | INFO     | N/A | ⏳ 等待 Profile 更新任务...
2026-07-23 18:46:36.229 | INFO     | N/A | ⏳ 等待 Profile 更新任务...
2026-07-23 18:46:41.253 | INFO     | N/A | ⏳ 等待 Profile 更新任务...
2026-07-23 18:46:46.281 | INFO     | N/A | ⏳ 等待 Profile 更新任务...
2026-07-23 18:46:51.306 | INFO     | N/A | ⏳ 等待 Profile 更新任务...
2026-07-23 18:46:56.329 | INFO     | N/A | ⏳ 等待 Profile 更新任务...
2026-07-23 18:47:01.353 | INFO     | N/A | ⏳ 等待 Profile 更新任务...
2026-07-23 18:47:06.376 | INFO     | N/A | ⏳ 等待 Profile 更新任务...
2026-07-23 18:47:11.400 | INFO     | N/A | ⏳ 等待 Profile 更新任务...
2026-07-23 18:47:16.427 | INFO     | N/A | ⏳ 等待 Profile 更新任务...
2026-07-23 18:47:21.452 | INFO     | N/A | ⏳ 等待 Profile 更新任务...
2026-07-23 18:47:26.495 | INFO     | N/A | ⏳ 等待 Profile 更新任务...
2026-07-23 18:47:31.578 | INFO     | N/A | ⏳ 等待 Profile 更新任务...
2026-07-23 18:47:36.652 | INFO     | N/A | ⏳ 等待 Profile 更新任务...
2026-07-23 18:47:41.686 | INFO     | N/A | ⏳ 等待 Profile 更新任务...
2026-07-23 18:47:46.731 | INFO     | N/A | ⏳ 等待 Profile 更新任务...
2026-07-23 18:47:51.774 | INFO     | N/A | ⏳ 等待 Profile 更新任务...
2026-07-23 18:47:56.823 | INFO     | N/A | ⏳ 等待 Profile 更新任务...
2026-07-23 18:48:01.856 | INFO     | N/A | ⏳ 等待 Profile 更新任务...
2026-07-23 18:48:06.901 | INFO     | N/A | ⏳ 等待 Profile 更新任务...
2026-07-23 18:48:11.939 | INFO     | N/A | ⏳ 等待 Profile 更新任务...
2026-07-23 18:48:16.976 | INFO     | N/A | ⏳ 等待 Profile 更新任务...
2026-07-23 18:48:22.010 | INFO     | N/A | ⏳ 等待 Profile 更新任务...
2026-07-23 18:48:27.046 | INFO     | N/A | ⏳ 等待 Profile 更新任务...
2026-07-23 18:48:32.090 | INFO     | N/A | ⏳ 等待 Profile 更新任务...
2026-07-23 18:48:37.127 | INFO     | N/A | ⏳ 等待 Profile 更新任务...
2026-07-23 18:48:42.166 | INFO     | N/A | ⏳ 等待 Profile 更新任务...
2026-07-23 18:48:47.201 | INFO     | N/A | ⏳ 等待 Profile 更新任务...
2026-07-23 18:48:52.277 | INFO     | N/A | ⏳ 等待 Profile 更新任务...
2026-07-23 18:48:57.308 | INFO     | N/A | ⏳ 等待 Profile 更新任务...
2026-07-23 18:49:02.340 | INFO     | N/A | ⏳ 等待 Profile 更新任务...
2026-07-23 18:49:07.374 | INFO     | N/A | ⏳ 等待 Profile 更新任务...
2026-07-23 18:49:12.421 | INFO     | N/A | ⏳ 等待 Profile 更新任务...
2026-07-23 18:49:17.461 | INFO     | N/A | ⏳ 等待 Profile 更新任务...
2026-07-23 18:49:22.504 | INFO     | N/A | ⏳ 等待 Profile 更新任务...
2026-07-23 18:49:27.536 | INFO     | N/A | ⏳ 等待 Profile 更新任务...
2026-07-23 18:49:32.564 | INFO     | N/A | ⏳ 等待 Profile 更新任务...
2026-07-23 18:49:37.595 | INFO     | N/A | ⏳ 等待 Profile 更新任务...
2026-07-23 18:49:42.683 | INFO     | N/A | ⏳ 等待 Profile 更新任务...
2026-07-23 18:49:47.734 | INFO     | N/A | ⏳ 等待 Profile 更新任务...
2026-07-23 18:49:52.769 | INFO     | N/A | ⏳ 等待 Profile 更新任务...
2026-07-23 18:49:57.806 | INFO     | N/A | ⏳ 等待 Profile 更新任务...
2026-07-23 18:50:02.846 | INFO     | N/A | ⏳ 等待 Profile 更新任务...
2026-07-23 18:50:07.880 | INFO     | N/A | ⏳ 等待 Profile 更新任务...
2026-07-23 18:50:12.918 | INFO     | N/A | ⏳ 等待 Profile 更新任务...
2026-07-23 18:50:17.954 | INFO     | N/A | ⏳ 等待 Profile 更新任务...
2026-07-23 18:50:22.993 | INFO     | N/A | ⏳ 等待 Profile 更新任务...
2026-07-23 18:50:28.083 | INFO     | N/A | ⏳ 等待 Profile 更新任务...
2026-07-23 18:50:33.120 | INFO     | N/A | ⏳ 等待 Profile 更新任务...
2026-07-23 18:50:38.159 | INFO     | N/A | ⏳ 等待 Profile 更新任务...
2026-07-23 18:50:43.208 | INFO     | N/A | ⏳ 等待 Profile 更新任务...
2026-07-23 18:50:48.247 | INFO     | N/A | ⏳ 等待 Profile 更新任务...
2026-07-23 18:50:53.281 | INFO     | N/A | ⏳ 等待 Profile 更新任务...
2026-07-23 18:50:58.321 | INFO     | N/A | ⏳ 等待 Profile 更新任务...
2026-07-23 18:51:03.363 | INFO     | N/A | ⏳ 等待 Profile 更新任务...
2026-07-23 18:51:08.399 | INFO     | N/A | ⏳ 等待 Profile 更新任务...
2026-07-23 18:51:13.435 | INFO     | N/A | ⏳ 等待 Profile 更新任务...
2026-07-23 18:51:18.471 | INFO     | N/A | ⏳ 等待 Profile 更新任务...
2026-07-23 18:51:23.508 | INFO     | N/A | ⏳ 等待 Profile 更新任务...
2026-07-23 18:51:28.544 | INFO     | N/A | ⏳ 等待 Profile 更新任务...
2026-07-23 18:51:33.585 | INFO     | N/A | ⏳ 等待 Profile 更新任务...
2026-07-23 18:51:40.617 | INFO     | N/A | ⏳ 等待 Profile 更新任务...
2026-07-23 18:51:45.672 | INFO     | N/A | ⏳ 等待 Profile 更新任务...
2026-07-23 18:51:50.708 | INFO     | N/A | ⏳ 等待 Profile 更新任务...
2026-07-23 18:51:55.741 | INFO     | N/A | ⏳ 等待 Profile 更新任务...
2026-07-23 18:52:00.795 | INFO     | N/A | ⏳ 等待 Profile 更新任务...
2026-07-23 18:52:05.832 | INFO     | N/A | ⏳ 等待 Profile 更新任务...
2026-07-23 18:52:10.873 | INFO     | N/A | ⏳ 等待 Profile 更新任务...
2026-07-23 18:52:15.912 | INFO     | N/A | ⏳ 等待 Profile 更新任务...
2026-07-23 18:52:20.946 | INFO     | N/A | ⏳ 等待 Profile 更新任务...
2026-07-23 18:52:25.984 | INFO     | N/A | ⏳ 等待 Profile 更新任务...
2026-07-23 18:52:31.043 | INFO     | N/A | ⏳ 等待 Profile 更新任务...
2026-07-23 18:52:36.111 | INFO     | N/A | ⏳ 等待 Profile 更新任务...
2026-07-23 18:52:41.146 | INFO     | N/A | ⏳ 等待 Profile 更新任务...
2026-07-23 19:31:41.537 | ERROR    | N/A | Worker 主循环异常: Timeout reading from socket
Traceback (most recent call last):

  File "D:\毕业设计\Travel_python\.venv\Lib\site-packages\redis\_parsers\socket.py", line 64, in _read_from_socket
    data = sock.recv(socket_read_size)

TimeoutError: timed out


During handling of the above exception, another exception occurred:


Traceback (most recent call last):

  File "D:\毕业设计\Travel_python\travel_ai_python\app\service\profile_worker.py", line 194, in <module>
    run_worker()

> File "D:\毕业设计\Travel_python\travel_ai_python\app\service\profile_worker.py", line 169, in run_worker
    task_data = pop_profile_update_task(block=True, timeout=5)

  File "D:\毕业设计\Travel_python\travel_ai_python\app\utils\redis_client.py", line 43, in pop_profile_update_task
    result = redis_client.brpop(PROFILE_UPDATE_QUEUE, timeout=timeout)

  File "D:\毕业设计\Travel_python\.venv\Lib\site-packages\redis\commands\core.py", line 4751, in brpop
    return self.execute_command("BRPOP", *keys)
  File "D:\毕业设计\Travel_python\.venv\Lib\site-packages\redis\client.py", line 787, in execute_command
    return self._execute_command(*args, **options)
  File "D:\毕业设计\Travel_python\.venv\Lib\site-packages\redis\client.py", line 809, in _execute_command
    result = conn.retry.call_with_retry(
  File "D:\毕业设计\Travel_python\.venv\Lib\site-packages\redis\retry.py", line 132, in call_with_retry
    raise error
  File "D:\毕业设计\Travel_python\.venv\Lib\site-packages\redis\retry.py", line 120, in call_with_retry
    return do()
  File "D:\毕业设计\Travel_python\.venv\Lib\site-packages\redis\client.py", line 810, in <lambda>
    lambda: self._send_command_parse_response(
  File "D:\毕业设计\Travel_python\.venv\Lib\site-packages\redis\client.py", line 753, in _send_command_parse_response
    return self.parse_response(conn, command_name, **options)
  File "D:\毕业设计\Travel_python\.venv\Lib\site-packages\redis\client.py", line 853, in parse_response
    response = connection.read_response()
  File "D:\毕业设计\Travel_python\.venv\Lib\site-packages\redis\connection.py", line 1371, in read_response
    response = self._parser.read_response(
  File "D:\毕业设计\Travel_python\.venv\Lib\site-packages\redis\_parsers\resp3.py", line 40, in read_response
    result = self._read_response(
  File "D:\毕业设计\Travel_python\.venv\Lib\site-packages\redis\_parsers\resp3.py", line 65, in _read_response
    raw = self._buffer.readline(timeout=timeout)
  File "D:\毕业设计\Travel_python\.venv\Lib\site-packages\redis\_parsers\socket.py", line 117, in readline
    self._read_from_socket(timeout=timeout)
  File "D:\毕业设计\Travel_python\.venv\Lib\site-packages\redis\_parsers\socket.py", line 77, in _read_from_socket
    raise TimeoutError("Timeout reading from socket")

redis.exceptions.TimeoutError: Timeout reading from socket
2026-07-23 19:31:43.454 | INFO     | N/A | ⏳ 等待 Profile 更新任务...
2026-07-23 19:31:48.485 | ERROR    | N/A | Worker 主循环异常: Timeout connecting to server
Traceback (most recent call last):

  File "D:\毕业设计\Travel_python\.venv\Lib\site-packages\redis\connection.py", line 1033, in connect_check_health
    sock = self._connect()
  File "D:\毕业设计\Travel_python\.venv\Lib\site-packages\redis\connection.py", line 1581, in _connect
    raise err
  File "D:\毕业设计\Travel_python\.venv\Lib\site-packages\redis\connection.py", line 1565, in _connect
    sock.connect(socket_address)

TimeoutError: timed out


During handling of the above exception, another exception occurred:


Traceback (most recent call last):

  File "D:\毕业设计\Travel_python\travel_ai_python\app\service\profile_worker.py", line 194, in <module>
    run_worker()

> File "D:\毕业设计\Travel_python\travel_ai_python\app\service\profile_worker.py", line 169, in run_worker
    task_data = pop_profile_update_task(block=True, timeout=5)

  File "D:\毕业设计\Travel_python\travel_ai_python\app\utils\redis_client.py", line 43, in pop_profile_update_task
    result = redis_client.brpop(PROFILE_UPDATE_QUEUE, timeout=timeout)

  File "D:\毕业设计\Travel_python\.venv\Lib\site-packages\redis\commands\core.py", line 4751, in brpop
    return self.execute_command("BRPOP", *keys)
  File "D:\毕业设计\Travel_python\.venv\Lib\site-packages\redis\client.py", line 787, in execute_command
    return self._execute_command(*args, **options)
  File "D:\毕业设计\Travel_python\.venv\Lib\site-packages\redis\client.py", line 793, in _execute_command
    conn = self.connection or pool.get_connection()
  File "D:\毕业设计\Travel_python\.venv\Lib\site-packages\redis\utils.py", line 258, in wrapper
    return func(*args, **kwargs)
  File "D:\毕业设计\Travel_python\.venv\Lib\site-packages\redis\connection.py", line 3139, in get_connection
    connection.connect()
  File "D:\毕业设计\Travel_python\.venv\Lib\site-packages\redis\connection.py", line 1006, in connect
    self.retry.call_with_retry(
  File "D:\毕业设计\Travel_python\.venv\Lib\site-packages\redis\retry.py", line 132, in call_with_retry
    raise error
  File "D:\毕业设计\Travel_python\.venv\Lib\site-packages\redis\retry.py", line 120, in call_with_retry
    return do()
  File "D:\毕业设计\Travel_python\.venv\Lib\site-packages\redis\connection.py", line 1007, in <lambda>
    lambda: self.connect_check_health(
  File "D:\毕业设计\Travel_python\.venv\Lib\site-packages\redis\connection.py", line 1044, in connect_check_health
    raise e

redis.exceptions.TimeoutError: Timeout connecting to server
2026-07-23 19:31:49.918 | INFO     | N/A | ⏳ 等待 Profile 更新任务...
2026-07-23 19:31:54.958 | ERROR    | N/A | Worker 主循环异常: Timeout connecting to server
Traceback (most recent call last):

  File "D:\毕业设计\Travel_python\.venv\Lib\site-packages\redis\connection.py", line 1033, in connect_check_health
    sock = self._connect()
  File "D:\毕业设计\Travel_python\.venv\Lib\site-packages\redis\connection.py", line 1581, in _connect
    raise err
  File "D:\毕业设计\Travel_python\.venv\Lib\site-packages\redis\connection.py", line 1565, in _connect
    sock.connect(socket_address)

TimeoutError: timed out


During handling of the above exception, another exception occurred:


Traceback (most recent call last):

  File "D:\毕业设计\Travel_python\travel_ai_python\app\service\profile_worker.py", line 194, in <module>
    run_worker()

> File "D:\毕业设计\Travel_python\travel_ai_python\app\service\profile_worker.py", line 169, in run_worker
    task_data = pop_profile_update_task(block=True, timeout=5)

  File "D:\毕业设计\Travel_python\travel_ai_python\app\utils\redis_client.py", line 43, in pop_profile_update_task
    result = redis_client.brpop(PROFILE_UPDATE_QUEUE, timeout=timeout)

  File "D:\毕业设计\Travel_python\.venv\Lib\site-packages\redis\commands\core.py", line 4751, in brpop
    return self.execute_command("BRPOP", *keys)
  File "D:\毕业设计\Travel_python\.venv\Lib\site-packages\redis\client.py", line 787, in execute_command
    return self._execute_command(*args, **options)
  File "D:\毕业设计\Travel_python\.venv\Lib\site-packages\redis\client.py", line 793, in _execute_command
    conn = self.connection or pool.get_connection()
  File "D:\毕业设计\Travel_python\.venv\Lib\site-packages\redis\utils.py", line 258, in wrapper
    return func(*args, **kwargs)
  File "D:\毕业设计\Travel_python\.venv\Lib\site-packages\redis\connection.py", line 3139, in get_connection
    connection.connect()
  File "D:\毕业设计\Travel_python\.venv\Lib\site-packages\redis\connection.py", line 1006, in connect
    self.retry.call_with_retry(
  File "D:\毕业设计\Travel_python\.venv\Lib\site-packages\redis\retry.py", line 132, in call_with_retry
    raise error
  File "D:\毕业设计\Travel_python\.venv\Lib\site-packages\redis\retry.py", line 120, in call_with_retry
    return do()
  File "D:\毕业设计\Travel_python\.venv\Lib\site-packages\redis\connection.py", line 1007, in <lambda>
    lambda: self.connect_check_health(
  File "D:\毕业设计\Travel_python\.venv\Lib\site-packages\redis\connection.py", line 1044, in connect_check_health
    raise e

redis.exceptions.TimeoutError: Timeout connecting to server
2026-07-23 19:31:56.394 | INFO     | N/A | ⏳ 等待 Profile 更新任务...
2026-07-23 19:32:01.428 | ERROR    | N/A | Worker 主循环异常: Timeout connecting to server
Traceback (most recent call last):

  File "D:\毕业设计\Travel_python\.venv\Lib\site-packages\redis\connection.py", line 1033, in connect_check_health
    sock = self._connect()
  File "D:\毕业设计\Travel_python\.venv\Lib\site-packages\redis\connection.py", line 1581, in _connect
    raise err
  File "D:\毕业设计\Travel_python\.venv\Lib\site-packages\redis\connection.py", line 1565, in _connect
    sock.connect(socket_address)

TimeoutError: timed out


During handling of the above exception, another exception occurred:


Traceback (most recent call last):

  File "D:\毕业设计\Travel_python\travel_ai_python\app\service\profile_worker.py", line 194, in <module>
    run_worker()

> File "D:\毕业设计\Travel_python\travel_ai_python\app\service\profile_worker.py", line 169, in run_worker
    task_data = pop_profile_update_task(block=True, timeout=5)

  File "D:\毕业设计\Travel_python\travel_ai_python\app\utils\redis_client.py", line 43, in pop_profile_update_task
    result = redis_client.brpop(PROFILE_UPDATE_QUEUE, timeout=timeout)

  File "D:\毕业设计\Travel_python\.venv\Lib\site-packages\redis\commands\core.py", line 4751, in brpop
    return self.execute_command("BRPOP", *keys)
  File "D:\毕业设计\Travel_python\.venv\Lib\site-packages\redis\client.py", line 787, in execute_command
    return self._execute_command(*args, **options)
  File "D:\毕业设计\Travel_python\.venv\Lib\site-packages\redis\client.py", line 793, in _execute_command
    conn = self.connection or pool.get_connection()
  File "D:\毕业设计\Travel_python\.venv\Lib\site-packages\redis\utils.py", line 258, in wrapper
    return func(*args, **kwargs)
  File "D:\毕业设计\Travel_python\.venv\Lib\site-packages\redis\connection.py", line 3139, in get_connection
    connection.connect()
  File "D:\毕业设计\Travel_python\.venv\Lib\site-packages\redis\connection.py", line 1006, in connect
    self.retry.call_with_retry(
  File "D:\毕业设计\Travel_python\.venv\Lib\site-packages\redis\retry.py", line 132, in call_with_retry
    raise error
  File "D:\毕业设计\Travel_python\.venv\Lib\site-packages\redis\retry.py", line 120, in call_with_retry
    return do()
  File "D:\毕业设计\Travel_python\.venv\Lib\site-packages\redis\connection.py", line 1007, in <lambda>
    lambda: self.connect_check_health(
  File "D:\毕业设计\Travel_python\.venv\Lib\site-packages\redis\connection.py", line 1044, in connect_check_health
    raise e

redis.exceptions.TimeoutError: Timeout connecting to server
2026-07-23 19:32:02.524 | INFO     | N/A | ⏳ 等待 Profile 更新任务...
2026-07-23 19:44:29.700 | ERROR    | N/A | Worker 主循环异常: Timeout connecting to server
Traceback (most recent call last):

  File "D:\毕业设计\Travel_python\.venv\Lib\site-packages\redis\connection.py", line 1033, in connect_check_health
    sock = self._connect()
  File "D:\毕业设计\Travel_python\.venv\Lib\site-packages\redis\connection.py", line 1581, in _connect
    raise err
  File "D:\毕业设计\Travel_python\.venv\Lib\site-packages\redis\connection.py", line 1565, in _connect
    sock.connect(socket_address)

TimeoutError: timed out


During handling of the above exception, another exception occurred:


Traceback (most recent call last):

  File "D:\毕业设计\Travel_python\travel_ai_python\app\service\profile_worker.py", line 194, in <module>
    run_worker()

> File "D:\毕业设计\Travel_python\travel_ai_python\app\service\profile_worker.py", line 169, in run_worker
    task_data = pop_profile_update_task(block=True, timeout=5)

  File "D:\毕业设计\Travel_python\travel_ai_python\app\utils\redis_client.py", line 43, in pop_profile_update_task
    result = redis_client.brpop(PROFILE_UPDATE_QUEUE, timeout=timeout)

  File "D:\毕业设计\Travel_python\.venv\Lib\site-packages\redis\commands\core.py", line 4751, in brpop
    return self.execute_command("BRPOP", *keys)
  File "D:\毕业设计\Travel_python\.venv\Lib\site-packages\redis\client.py", line 787, in execute_command
    return self._execute_command(*args, **options)
  File "D:\毕业设计\Travel_python\.venv\Lib\site-packages\redis\client.py", line 793, in _execute_command
    conn = self.connection or pool.get_connection()
  File "D:\毕业设计\Travel_python\.venv\Lib\site-packages\redis\utils.py", line 258, in wrapper
    return func(*args, **kwargs)
  File "D:\毕业设计\Travel_python\.venv\Lib\site-packages\redis\connection.py", line 3139, in get_connection
    connection.connect()
  File "D:\毕业设计\Travel_python\.venv\Lib\site-packages\redis\connection.py", line 1006, in connect
    self.retry.call_with_retry(
  File "D:\毕业设计\Travel_python\.venv\Lib\site-packages\redis\retry.py", line 132, in call_with_retry
    raise error
  File "D:\毕业设计\Travel_python\.venv\Lib\site-packages\redis\retry.py", line 120, in call_with_retry
    return do()
  File "D:\毕业设计\Travel_python\.venv\Lib\site-packages\redis\connection.py", line 1007, in <lambda>
    lambda: self.connect_check_health(
  File "D:\毕业设计\Travel_python\.venv\Lib\site-packages\redis\connection.py", line 1044, in connect_check_health
    raise e

redis.exceptions.TimeoutError: Timeout connecting to server
2026-07-23 19:44:31.253 | INFO     | N/A | ⏳ 等待 Profile 更新任务...
2026-07-23 19:44:36.295 | ERROR    | N/A | Worker 主循环异常: Timeout connecting to server
Traceback (most recent call last):

  File "D:\毕业设计\Travel_python\.venv\Lib\site-packages\redis\connection.py", line 1033, in connect_check_health
    sock = self._connect()
  File "D:\毕业设计\Travel_python\.venv\Lib\site-packages\redis\connection.py", line 1581, in _connect
    raise err
  File "D:\毕业设计\Travel_python\.venv\Lib\site-packages\redis\connection.py", line 1565, in _connect
    sock.connect(socket_address)

TimeoutError: timed out


During handling of the above exception, another exception occurred:


Traceback (most recent call last):

  File "D:\毕业设计\Travel_python\travel_ai_python\app\service\profile_worker.py", line 194, in <module>
    run_worker()

> File "D:\毕业设计\Travel_python\travel_ai_python\app\service\profile_worker.py", line 169, in run_worker
    task_data = pop_profile_update_task(block=True, timeout=5)

  File "D:\毕业设计\Travel_python\travel_ai_python\app\utils\redis_client.py", line 43, in pop_profile_update_task
    result = redis_client.brpop(PROFILE_UPDATE_QUEUE, timeout=timeout)

  File "D:\毕业设计\Travel_python\.venv\Lib\site-packages\redis\commands\core.py", line 4751, in brpop
    return self.execute_command("BRPOP", *keys)
  File "D:\毕业设计\Travel_python\.venv\Lib\site-packages\redis\client.py", line 787, in execute_command
    return self._execute_command(*args, **options)
  File "D:\毕业设计\Travel_python\.venv\Lib\site-packages\redis\client.py", line 793, in _execute_command
    conn = self.connection or pool.get_connection()
  File "D:\毕业设计\Travel_python\.venv\Lib\site-packages\redis\utils.py", line 258, in wrapper
    return func(*args, **kwargs)
  File "D:\毕业设计\Travel_python\.venv\Lib\site-packages\redis\connection.py", line 3139, in get_connection
    connection.connect()
  File "D:\毕业设计\Travel_python\.venv\Lib\site-packages\redis\connection.py", line 1006, in connect
    self.retry.call_with_retry(
  File "D:\毕业设计\Travel_python\.venv\Lib\site-packages\redis\retry.py", line 132, in call_with_retry
    raise error
  File "D:\毕业设计\Travel_python\.venv\Lib\site-packages\redis\retry.py", line 120, in call_with_retry
    return do()
  File "D:\毕业设计\Travel_python\.venv\Lib\site-packages\redis\connection.py", line 1007, in <lambda>
    lambda: self.connect_check_health(
  File "D:\毕业设计\Travel_python\.venv\Lib\site-packages\redis\connection.py", line 1044, in connect_check_health
    raise e

redis.exceptions.TimeoutError: Timeout connecting to server
2026-07-23 19:44:37.800 | INFO     | N/A | ⏳ 等待 Profile 更新任务...
2026-07-23 19:44:42.803 | ERROR    | N/A | Worker 主循环异常: Timeout connecting to server
Traceback (most recent call last):

  File "D:\毕业设计\Travel_python\.venv\Lib\site-packages\redis\connection.py", line 1033, in connect_check_health
    sock = self._connect()
  File "D:\毕业设计\Travel_python\.venv\Lib\site-packages\redis\connection.py", line 1581, in _connect
    raise err
  File "D:\毕业设计\Travel_python\.venv\Lib\site-packages\redis\connection.py", line 1565, in _connect
    sock.connect(socket_address)

TimeoutError: timed out


During handling of the above exception, another exception occurred:


Traceback (most recent call last):

  File "D:\毕业设计\Travel_python\travel_ai_python\app\service\profile_worker.py", line 194, in <module>
    run_worker()

> File "D:\毕业设计\Travel_python\travel_ai_python\app\service\profile_worker.py", line 169, in run_worker
    task_data = pop_profile_update_task(block=True, timeout=5)

  File "D:\毕业设计\Travel_python\travel_ai_python\app\utils\redis_client.py", line 43, in pop_profile_update_task
    result = redis_client.brpop(PROFILE_UPDATE_QUEUE, timeout=timeout)

  File "D:\毕业设计\Travel_python\.venv\Lib\site-packages\redis\commands\core.py", line 4751, in brpop
    return self.execute_command("BRPOP", *keys)
  File "D:\毕业设计\Travel_python\.venv\Lib\site-packages\redis\client.py", line 787, in execute_command
    return self._execute_command(*args, **options)
  File "D:\毕业设计\Travel_python\.venv\Lib\site-packages\redis\client.py", line 793, in _execute_command
    conn = self.connection or pool.get_connection()
  File "D:\毕业设计\Travel_python\.venv\Lib\site-packages\redis\utils.py", line 258, in wrapper
    return func(*args, **kwargs)
  File "D:\毕业设计\Travel_python\.venv\Lib\site-packages\redis\connection.py", line 3139, in get_connection
    connection.connect()
  File "D:\毕业设计\Travel_python\.venv\Lib\site-packages\redis\connection.py", line 1006, in connect
    self.retry.call_with_retry(
  File "D:\毕业设计\Travel_python\.venv\Lib\site-packages\redis\retry.py", line 132, in call_with_retry
    raise error
  File "D:\毕业设计\Travel_python\.venv\Lib\site-packages\redis\retry.py", line 120, in call_with_retry
    return do()
  File "D:\毕业设计\Travel_python\.venv\Lib\site-packages\redis\connection.py", line 1007, in <lambda>
    lambda: self.connect_check_health(
  File "D:\毕业设计\Travel_python\.venv\Lib\site-packages\redis\connection.py", line 1044, in connect_check_health
    raise e

redis.exceptions.TimeoutError: Timeout connecting to server
2026-07-23 19:44:47.134 | INFO     | N/A | ⏳ 等待 Profile 更新任务...
2026-07-23 19:44:52.244 | INFO     | N/A | ⏳ 等待 Profile 更新任务...
2026-07-23 19:44:57.276 | INFO     | N/A | ⏳ 等待 Profile 更新任务...
2026-07-23 19:45:02.353 | INFO     | N/A | ⏳ 等待 Profile 更新任务...
2026-07-23 19:45:07.467 | INFO     | N/A | ⏳ 等待 Profile 更新任务...
2026-07-23 19:45:12.520 | INFO     | N/A | ⏳ 等待 Profile 更新任务...
2026-07-23 19:45:17.625 | INFO     | N/A | ⏳ 等待 Profile 更新任务...
2026-07-23 19:45:22.731 | INFO     | N/A | ⏳ 等待 Profile 更新任务...
2026-07-23 19:45:27.805 | INFO     | N/A | ⏳ 等待 Profile 更新任务...
2026-07-23 19:45:32.812 | INFO     | N/A | ⏳ 等待 Profile 更新任务...
2026-07-23 19:45:38.003 | INFO     | N/A | ⏳ 等待 Profile 更新任务...
2026-07-23 19:45:43.130 | INFO     | N/A | ⏳ 等待 Profile 更新任务...
2026-07-23 19:45:48.198 | INFO     | N/A | ⏳ 等待 Profile 更新任务...
2026-07-23 19:45:53.265 | INFO     | N/A | ⏳ 等待 Profile 更新任务...
2026-07-23 19:45:58.365 | INFO     | N/A | ⏳ 等待 Profile 更新任务...
2026-07-23 19:46:03.400 | INFO     | N/A | ⏳ 等待 Profile 更新任务...
2026-07-23 19:46:08.474 | INFO     | N/A | ⏳ 等待 Profile 更新任务...
2026-07-23 19:46:13.537 | INFO     | N/A | ⏳ 等待 Profile 更新任务...
2026-07-23 19:46:18.570 | INFO     | N/A | ⏳ 等待 Profile 更新任务...
2026-07-23 19:46:23.594 | INFO     | N/A | ⏳ 等待 Profile 更新任务...
2026-07-23 19:46:28.619 | INFO     | N/A | ⏳ 等待 Profile 更新任务...
2026-07-23 19:46:33.659 | INFO     | N/A | ⏳ 等待 Profile 更新任务...
2026-07-23 19:46:38.694 | INFO     | N/A | ⏳ 等待 Profile 更新任务...
2026-07-23 19:46:43.722 | INFO     | N/A | ⏳ 等待 Profile 更新任务...
2026-07-23 19:46:48.755 | INFO     | N/A | ⏳ 等待 Profile 更新任务...
2026-07-23 19:46:53.754 | INFO     | N/A | ⏳ 等待 Profile 更新任务...
2026-07-23 19:46:58.583 | INFO     | N/A | ⏳ 等待 Profile 更新任务...
2026-07-23 19:47:03.663 | INFO     | N/A | ⏳ 等待 Profile 更新任务...
2026-07-23 19:47:08.692 | INFO     | N/A | ⏳ 等待 Profile 更新任务...
2026-07-23 19:47:13.718 | INFO     | N/A | ⏳ 等待 Profile 更新任务...
2026-07-23 19:47:18.755 | INFO     | N/A | ⏳ 等待 Profile 更新任务...
2026-07-23 19:47:23.784 | INFO     | N/A | ⏳ 等待 Profile 更新任务...
2026-07-23 19:47:28.812 | INFO     | N/A | ⏳ 等待 Profile 更新任务...
2026-07-23 19:47:33.887 | INFO     | N/A | ⏳ 等待 Profile 更新任务...
2026-07-23 19:47:38.914 | INFO     | N/A | ⏳ 等待 Profile 更新任务...
2026-07-23 19:47:43.941 | INFO     | N/A | ⏳ 等待 Profile 更新任务...
2026-07-23 19:47:48.975 | INFO     | N/A | ⏳ 等待 Profile 更新任务...
2026-07-23 19:47:54.001 | INFO     | N/A | ⏳ 等待 Profile 更新任务...
2026-07-23 19:47:59.028 | INFO     | N/A | ⏳ 等待 Profile 更新任务...
2026-07-23 19:48:04.050 | INFO     | N/A | ⏳ 等待 Profile 更新任务...
2026-07-23 19:48:09.075 | INFO     | N/A | ⏳ 等待 Profile 更新任务...
2026-07-23 19:48:14.099 | INFO     | N/A | ⏳ 等待 Profile 更新任务...
2026-07-23 19:48:19.132 | INFO     | N/A | ⏳ 等待 Profile 更新任务...
2026-07-23 19:48:24.196 | INFO     | N/A | ⏳ 等待 Profile 更新任务...
2026-07-23 19:48:29.285 | INFO     | N/A | ⏳ 等待 Profile 更新任务...
2026-07-23 19:48:34.312 | INFO     | N/A | ⏳ 等待 Profile 更新任务...
2026-07-23 19:48:39.343 | INFO     | N/A | ⏳ 等待 Profile 更新任务...
2026-07-23 19:48:44.369 | INFO     | N/A | ⏳ 等待 Profile 更新任务...
2026-07-23 19:48:49.403 | INFO     | N/A | ⏳ 等待 Profile 更新任务...
2026-07-23 19:48:54.424 | INFO     | N/A | ⏳ 等待 Profile 更新任务...
2026-07-23 19:48:59.450 | INFO     | N/A | ⏳ 等待 Profile 更新任务...
2026-07-23 19:49:04.474 | INFO     | N/A | ⏳ 等待 Profile 更新任务...
2026-07-23 19:49:09.503 | INFO     | N/A | ⏳ 等待 Profile 更新任务...
2026-07-23 19:49:14.533 | INFO     | N/A | ⏳ 等待 Profile 更新任务...
2026-07-23 19:49:19.567 | INFO     | N/A | ⏳ 等待 Profile 更新任务...
2026-07-23 19:49:24.596 | INFO     | N/A | ⏳ 等待 Profile 更新任务...
2026-07-23 19:49:29.622 | INFO     | N/A | ⏳ 等待 Profile 更新任务...
2026-07-23 19:49:34.646 | INFO     | N/A | ⏳ 等待 Profile 更新任务...
2026-07-23 19:49:39.673 | INFO     | N/A | ⏳ 等待 Profile 更新任务...
2026-07-23 19:49:44.696 | INFO     | N/A | ⏳ 等待 Profile 更新任务...
2026-07-23 19:49:49.731 | INFO     | N/A | ⏳ 等待 Profile 更新任务...
2026-07-23 19:49:54.757 | INFO     | N/A | ⏳ 等待 Profile 更新任务...
2026-07-23 19:49:59.786 | INFO     | N/A | ⏳ 等待 Profile 更新任务...
2026-07-23 19:50:04.815 | INFO     | N/A | ⏳ 等待 Profile 更新任务...
2026-07-23 19:50:09.842 | INFO     | N/A | ⏳ 等待 Profile 更新任务...
2026-07-23 19:50:14.868 | INFO     | N/A | ⏳ 等待 Profile 更新任务...
2026-07-23 19:50:19.903 | INFO     | N/A | ⏳ 等待 Profile 更新任务...
2026-07-23 19:50:24.926 | INFO     | N/A | ⏳ 等待 Profile 更新任务...
2026-07-23 19:50:29.954 | INFO     | N/A | ⏳ 等待 Profile 更新任务...
2026-07-23 19:50:34.981 | INFO     | N/A | ⏳ 等待 Profile 更新任务...
2026-07-23 19:50:40.062 | INFO     | N/A | ⏳ 等待 Profile 更新任务...
2026-07-23 19:50:45.086 | INFO     | N/A | ⏳ 等待 Profile 更新任务...
2026-07-23 19:50:50.123 | INFO     | N/A | ⏳ 等待 Profile 更新任务...
2026-07-23 19:50:55.148 | INFO     | N/A | ⏳ 等待 Profile 更新任务...
2026-07-23 19:51:00.178 | INFO     | N/A | ⏳ 等待 Profile 更新任务...
2026-07-23 19:51:05.204 | INFO     | N/A | ⏳ 等待 Profile 更新任务...
2026-07-23 19:51:10.230 | INFO     | N/A | ⏳ 等待 Profile 更新任务...
2026-07-23 19:51:15.259 | INFO     | N/A | ⏳ 等待 Profile 更新任务...
2026-07-23 19:51:20.295 | INFO     | N/A | ⏳ 等待 Profile 更新任务...
2026-07-23 19:51:25.321 | INFO     | N/A | ⏳ 等待 Profile 更新任务...
2026-07-23 19:51:30.347 | INFO     | N/A | ⏳ 等待 Profile 更新任务...
2026-07-23 19:51:35.388 | INFO     | N/A | ⏳ 等待 Profile 更新任务...
2026-07-23 19:51:40.414 | INFO     | N/A | ⏳ 等待 Profile 更新任务...
2026-07-23 19:51:45.448 | INFO     | N/A | ⏳ 等待 Profile 更新任务...
2026-07-23 19:51:50.488 | INFO     | N/A | ⏳ 等待 Profile 更新任务...
2026-07-23 19:51:55.514 | INFO     | N/A | ⏳ 等待 Profile 更新任务...
2026-07-23 19:52:00.540 | INFO     | N/A | ⏳ 等待 Profile 更新任务...
2026-07-23 19:52:05.565 | INFO     | N/A | ⏳ 等待 Profile 更新任务...
2026-07-23 19:52:10.594 | INFO     | N/A | ⏳ 等待 Profile 更新任务...
2026-07-23 19:52:15.619 | INFO     | N/A | ⏳ 等待 Profile 更新任务...
2026-07-23 19:52:20.655 | INFO     | N/A | ⏳ 等待 Profile 更新任务...
2026-07-23 19:52:25.683 | INFO     | N/A | ⏳ 等待 Profile 更新任务...
2026-07-23 19:52:30.711 | INFO     | N/A | ⏳ 等待 Profile 更新任务...
2026-07-23 19:52:35.741 | INFO     | N/A | ⏳ 等待 Profile 更新任务...
2026-07-23 19:52:40.773 | INFO     | N/A | ⏳ 等待 Profile 更新任务...
2026-07-23 19:52:45.800 | INFO     | N/A | ⏳ 等待 Profile 更新任务...
2026-07-23 19:52:50.834 | INFO     | N/A | ⏳ 等待 Profile 更新任务...
2026-07-23 19:52:55.863 | INFO     | N/A | ⏳ 等待 Profile 更新任务...
2026-07-23 19:53:00.890 | INFO     | N/A | ⏳ 等待 Profile 更新任务...
2026-07-23 19:53:05.934 | INFO     | N/A | ⏳ 等待 Profile 更新任务...
2026-07-23 19:53:10.962 | INFO     | N/A | ⏳ 等待 Profile 更新任务...
2026-07-23 19:53:15.988 | INFO     | N/A | ⏳ 等待 Profile 更新任务...
2026-07-23 19:53:21.025 | INFO     | N/A | ⏳ 等待 Profile 更新任务...
2026-07-23 19:53:26.053 | INFO     | N/A | ⏳ 等待 Profile 更新任务...
2026-07-23 19:53:31.077 | INFO     | N/A | ⏳ 等待 Profile 更新任务...
2026-07-23 19:53:36.103 | INFO     | N/A | ⏳ 等待 Profile 更新任务...
2026-07-23 19:53:41.129 | INFO     | N/A | ⏳ 等待 Profile 更新任务...
2026-07-23 19:53:46.154 | INFO     | N/A | ⏳ 等待 Profile 更新任务...
2026-07-23 19:53:51.189 | INFO     | N/A | ⏳ 等待 Profile 更新任务...
2026-07-23 19:53:56.214 | INFO     | N/A | ⏳ 等待 Profile 更新任务...
2026-07-23 19:54:01.273 | INFO     | N/A | ⏳ 等待 Profile 更新任务...
2026-07-23 19:54:06.302 | INFO     | N/A | ⏳ 等待 Profile 更新任务...
2026-07-23 19:54:11.330 | INFO     | N/A | ⏳ 等待 Profile 更新任务...
2026-07-23 19:54:16.360 | INFO     | N/A | ⏳ 等待 Profile 更新任务...
2026-07-23 19:54:21.398 | INFO     | N/A | ⏳ 等待 Profile 更新任务...
2026-07-23 19:54:26.426 | INFO     | N/A | ⏳ 等待 Profile 更新任务...
2026-07-23 19:54:31.452 | INFO     | N/A | ⏳ 等待 Profile 更新任务...
2026-07-23 19:54:36.476 | INFO     | N/A | ⏳ 等待 Profile 更新任务...
2026-07-23 19:54:41.502 | INFO     | N/A | ⏳ 等待 Profile 更新任务...
2026-07-23 19:54:46.530 | INFO     | N/A | ⏳ 等待 Profile 更新任务...
2026-07-23 19:54:51.564 | INFO     | N/A | ⏳ 等待 Profile 更新任务...
2026-07-23 19:54:56.593 | INFO     | N/A | ⏳ 等待 Profile 更新任务...
2026-07-23 19:55:01.619 | INFO     | N/A | ⏳ 等待 Profile 更新任务...
2026-07-23 19:55:06.646 | INFO     | N/A | ⏳ 等待 Profile 更新任务...
2026-07-23 19:55:11.676 | INFO     | N/A | ⏳ 等待 Profile 更新任务...
2026-07-23 19:55:16.704 | INFO     | N/A | ⏳ 等待 Profile 更新任务...
2026-07-23 19:55:21.739 | INFO     | N/A | ⏳ 等待 Profile 更新任务...
2026-07-23 19:55:26.768 | INFO     | N/A | ⏳ 等待 Profile 更新任务...
2026-07-23 19:55:31.794 | INFO     | N/A | ⏳ 等待 Profile 更新任务...
2026-07-23 19:55:36.824 | INFO     | N/A | ⏳ 等待 Profile 更新任务...
2026-07-23 19:55:41.856 | INFO     | N/A | ⏳ 等待 Profile 更新任务...
2026-07-23 19:55:46.883 | INFO     | N/A | ⏳ 等待 Profile 更新任务...
2026-07-23 19:55:51.922 | INFO     | N/A | ⏳ 等待 Profile 更新任务...
2026-07-23 19:55:56.954 | INFO     | N/A | ⏳ 等待 Profile 更新任务...
2026-07-23 19:56:01.981 | INFO     | N/A | ⏳ 等待 Profile 更新任务...
2026-07-23 19:56:07.007 | INFO     | N/A | ⏳ 等待 Profile 更新任务...
2026-07-23 19:56:12.033 | INFO     | N/A | ⏳ 等待 Profile 更新任务...
2026-07-23 19:56:17.063 | INFO     | N/A | ⏳ 等待 Profile 更新任务...
2026-07-23 19:56:22.101 | INFO     | N/A | ⏳ 等待 Profile 更新任务...
2026-07-23 19:56:27.130 | INFO     | N/A | ⏳ 等待 Profile 更新任务...
2026-07-23 19:56:32.158 | INFO     | N/A | ⏳ 等待 Profile 更新任务...
2026-07-23 19:56:37.185 | INFO     | N/A | ⏳ 等待 Profile 更新任务...
2026-07-23 19:56:42.212 | INFO     | N/A | ⏳ 等待 Profile 更新任务...
2026-07-23 19:56:47.221 | INFO     | N/A | ⏳ 等待 Profile 更新任务...
2026-07-23 19:56:52.259 | INFO     | N/A | ⏳ 等待 Profile 更新任务...
2026-07-23 19:56:57.285 | INFO     | N/A | ⏳ 等待 Profile 更新任务...
2026-07-23 19:57:02.316 | INFO     | N/A | ⏳ 等待 Profile 更新任务...
2026-07-23 19:57:07.343 | INFO     | N/A | ⏳ 等待 Profile 更新任务...
2026-07-23 19:57:12.374 | INFO     | N/A | ⏳ 等待 Profile 更新任务...
2026-07-23 19:57:17.404 | INFO     | N/A | ⏳ 等待 Profile 更新任务...
2026-07-23 19:57:22.443 | INFO     | N/A | ⏳ 等待 Profile 更新任务...
2026-07-23 19:57:27.472 | INFO     | N/A | ⏳ 等待 Profile 更新任务...
2026-07-23 19:57:32.510 | INFO     | N/A | ⏳ 等待 Profile 更新任务...
2026-07-23 19:57:37.539 | INFO     | N/A | ⏳ 等待 Profile 更新任务...
2026-07-23 19:57:42.568 | INFO     | N/A | ⏳ 等待 Profile 更新任务...
2026-07-23 19:57:47.596 | INFO     | N/A | ⏳ 等待 Profile 更新任务...
2026-07-23 19:57:52.633 | INFO     | N/A | ⏳ 等待 Profile 更新任务...
2026-07-23 19:57:57.662 | INFO     | N/A | ⏳ 等待 Profile 更新任务...
2026-07-23 19:58:02.692 | INFO     | N/A | ⏳ 等待 Profile 更新任务...
2026-07-23 19:58:07.718 | INFO     | N/A | ⏳ 等待 Profile 更新任务...
2026-07-23 19:58:12.802 | INFO     | N/A | ⏳ 等待 Profile 更新任务...
2026-07-23 19:58:17.870 | INFO     | N/A | ⏳ 等待 Profile 更新任务...
2026-07-23 19:58:22.909 | INFO     | N/A | ⏳ 等待 Profile 更新任务...
2026-07-23 19:58:27.935 | INFO     | N/A | ⏳ 等待 Profile 更新任务...
2026-07-23 19:58:32.965 | INFO     | N/A | ⏳ 等待 Profile 更新任务...
2026-07-23 19:58:37.996 | INFO     | N/A | ⏳ 等待 Profile 更新任务...
2026-07-23 19:58:43.023 | INFO     | N/A | ⏳ 等待 Profile 更新任务...
2026-07-23 19:58:48.047 | INFO     | N/A | ⏳ 等待 Profile 更新任务...
2026-07-23 19:58:53.090 | INFO     | N/A | ⏳ 等待 Profile 更新任务...
2026-07-23 19:58:58.120 | INFO     | N/A | ⏳ 等待 Profile 更新任务...
2026-07-23 19:59:03.149 | INFO     | N/A | ⏳ 等待 Profile 更新任务...
2026-07-23 19:59:08.181 | INFO     | N/A | ⏳ 等待 Profile 更新任务...
2026-07-23 19:59:13.209 | INFO     | N/A | ⏳ 等待 Profile 更新任务...
2026-07-23 19:59:18.238 | INFO     | N/A | ⏳ 等待 Profile 更新任务...
2026-07-23 19:59:23.280 | INFO     | N/A | ⏳ 等待 Profile 更新任务...
2026-07-23 19:59:28.310 | INFO     | N/A | ⏳ 等待 Profile 更新任务...
2026-07-23 19:59:33.360 | INFO     | N/A | ⏳ 等待 Profile 更新任务...
2026-07-23 19:59:38.386 | INFO     | N/A | ⏳ 等待 Profile 更新任务...
2026-07-23 19:59:43.411 | INFO     | N/A | ⏳ 等待 Profile 更新任务...
2026-07-23 19:59:48.434 | INFO     | N/A | ⏳ 等待 Profile 更新任务...
2026-07-23 19:59:53.468 | INFO     | N/A | ⏳ 等待 Profile 更新任务...
2026-07-23 19:59:58.492 | INFO     | N/A | ⏳ 等待 Profile 更新任务...
2026-07-23 20:00:03.518 | INFO     | N/A | ⏳ 等待 Profile 更新任务...
2026-07-23 20:00:08.542 | INFO     | N/A | ⏳ 等待 Profile 更新任务...
2026-07-23 20:00:13.567 | INFO     | N/A | ⏳ 等待 Profile 更新任务...
2026-07-23 20:00:18.591 | INFO     | N/A | ⏳ 等待 Profile 更新任务...
2026-07-23 20:00:23.627 | INFO     | N/A | ⏳ 等待 Profile 更新任务...
2026-07-23 20:00:28.651 | INFO     | N/A | ⏳ 等待 Profile 更新任务...
2026-07-23 20:00:33.676 | INFO     | N/A | ⏳ 等待 Profile 更新任务...
2026-07-23 20:00:38.702 | INFO     | N/A | ⏳ 等待 Profile 更新任务...
2026-07-23 20:00:43.727 | INFO     | N/A | ⏳ 等待 Profile 更新任务...
2026-07-23 20:00:48.741 | INFO     | N/A | ⏳ 等待 Profile 更新任务...
2026-07-23 20:00:53.788 | INFO     | N/A | ⏳ 等待 Profile 更新任务...
2026-07-23 20:00:58.812 | INFO     | N/A | ⏳ 等待 Profile 更新任务...
2026-07-23 20:01:03.837 | INFO     | N/A | ⏳ 等待 Profile 更新任务...
2026-07-23 20:01:08.874 | INFO     | N/A | ⏳ 等待 Profile 更新任务...
2026-07-23 20:01:13.902 | INFO     | N/A | ⏳ 等待 Profile 更新任务...
2026-07-23 20:01:18.930 | INFO     | N/A | ⏳ 等待 Profile 更新任务...
2026-07-23 20:01:23.966 | INFO     | N/A | ⏳ 等待 Profile 更新任务...
2026-07-23 20:01:28.994 | INFO     | N/A | ⏳ 等待 Profile 更新任务...
2026-07-23 20:01:34.024 | INFO     | N/A | ⏳ 等待 Profile 更新任务...
2026-07-23 20:01:39.056 | INFO     | N/A | ⏳ 等待 Profile 更新任务...
2026-07-23 20:01:44.083 | INFO     | N/A | ⏳ 等待 Profile 更新任务...
2026-07-23 20:01:49.112 | INFO     | N/A | ⏳ 等待 Profile 更新任务...
2026-07-23 20:01:54.145 | INFO     | N/A | ⏳ 等待 Profile 更新任务...
2026-07-23 20:01:59.170 | INFO     | N/A | ⏳ 等待 Profile 更新任务...
2026-07-23 20:02:04.198 | INFO     | N/A | ⏳ 等待 Profile 更新任务...
2026-07-23 20:02:09.224 | INFO     | N/A | ⏳ 等待 Profile 更新任务...
2026-07-23 20:02:14.252 | INFO     | N/A | ⏳ 等待 Profile 更新任务...
2026-07-23 20:02:19.283 | INFO     | N/A | ⏳ 等待 Profile 更新任务...
2026-07-23 20:02:24.320 | INFO     | N/A | ⏳ 等待 Profile 更新任务...
2026-07-23 20:02:29.349 | INFO     | N/A | ⏳ 等待 Profile 更新任务...
2026-07-23 20:02:34.412 | INFO     | N/A | ⏳ 等待 Profile 更新任务...
2026-07-23 20:02:39.439 | INFO     | N/A | ⏳ 等待 Profile 更新任务...
2026-07-23 20:02:44.468 | INFO     | N/A | ⏳ 等待 Profile 更新任务...
2026-07-23 20:02:49.528 | INFO     | N/A | ⏳ 等待 Profile 更新任务...
2026-07-23 20:02:54.561 | INFO     | N/A | ⏳ 等待 Profile 更新任务...
2026-07-23 20:02:59.587 | INFO     | N/A | ⏳ 等待 Profile 更新任务...
2026-07-23 20:03:04.680 | INFO     | N/A | ⏳ 等待 Profile 更新任务...
2026-07-23 20:03:09.706 | INFO     | N/A | ⏳ 等待 Profile 更新任务...
2026-07-23 20:03:14.738 | INFO     | N/A | ⏳ 等待 Profile 更新任务...
2026-07-23 20:03:19.770 | INFO     | N/A | ⏳ 等待 Profile 更新任务...
2026-07-23 20:03:24.820 | INFO     | N/A | ⏳ 等待 Profile 更新任务...
2026-07-23 20:03:29.850 | INFO     | N/A | ⏳ 等待 Profile 更新任务...
2026-07-23 20:03:34.880 | INFO     | N/A | ⏳ 等待 Profile 更新任务...
2026-07-23 20:03:39.907 | INFO     | N/A | ⏳ 等待 Profile 更新任务...
2026-07-23 20:03:44.933 | INFO     | N/A | ⏳ 等待 Profile 更新任务...
2026-07-23 20:03:49.963 | INFO     | N/A | ⏳ 等待 Profile 更新任务...
2026-07-23 20:03:54.996 | INFO     | N/A | ⏳ 等待 Profile 更新任务...
2026-07-23 20:04:00.024 | INFO     | N/A | ⏳ 等待 Profile 更新任务...
2026-07-23 20:04:05.054 | INFO     | N/A | ⏳ 等待 Profile 更新任务...
2026-07-23 20:04:10.082 | INFO     | N/A | ⏳ 等待 Profile 更新任务...
2026-07-23 20:04:15.110 | INFO     | N/A | ⏳ 等待 Profile 更新任务...
2026-07-23 20:04:20.133 | INFO     | N/A | ⏳ 等待 Profile 更新任务...
2026-07-23 20:04:25.178 | INFO     | N/A | ⏳ 等待 Profile 更新任务...
2026-07-23 20:04:30.205 | INFO     | N/A | ⏳ 等待 Profile 更新任务...
2026-07-23 20:04:35.234 | INFO     | N/A | ⏳ 等待 Profile 更新任务...
2026-07-23 20:04:40.259 | INFO     | N/A | ⏳ 等待 Profile 更新任务...
2026-07-23 20:04:45.288 | INFO     | N/A | ⏳ 等待 Profile 更新任务...
2026-07-23 20:04:50.324 | INFO     | N/A | ⏳ 等待 Profile 更新任务...
2026-07-23 20:04:55.353 | INFO     | N/A | ⏳ 等待 Profile 更新任务...
2026-07-23 20:05:00.381 | INFO     | N/A | ⏳ 等待 Profile 更新任务...
2026-07-23 20:05:05.407 | INFO     | N/A | ⏳ 等待 Profile 更新任务...
2026-07-23 20:05:10.442 | INFO     | N/A | ⏳ 等待 Profile 更新任务...
2026-07-23 20:05:15.469 | INFO     | N/A | ⏳ 等待 Profile 更新任务...
2026-07-23 20:05:20.503 | INFO     | N/A | ⏳ 等待 Profile 更新任务...
2026-07-23 20:05:25.534 | INFO     | N/A | ⏳ 等待 Profile 更新任务...
2026-07-23 20:05:30.564 | INFO     | N/A | ⏳ 等待 Profile 更新任务...
2026-07-23 20:05:35.591 | INFO     | N/A | ⏳ 等待 Profile 更新任务...
2026-07-23 20:05:40.620 | INFO     | N/A | ⏳ 等待 Profile 更新任务...
2026-07-23 20:05:45.648 | INFO     | N/A | ⏳ 等待 Profile 更新任务...
2026-07-23 20:05:50.680 | INFO     | N/A | ⏳ 等待 Profile 更新任务...
2026-07-23 20:05:55.709 | INFO     | N/A | ⏳ 等待 Profile 更新任务...
2026-07-23 20:06:00.738 | INFO     | N/A | ⏳ 等待 Profile 更新任务...
2026-07-23 20:06:05.766 | INFO     | N/A | ⏳ 等待 Profile 更新任务...
2026-07-23 20:06:10.794 | INFO     | N/A | ⏳ 等待 Profile 更新任务...
2026-07-23 20:06:15.823 | INFO     | N/A | ⏳ 等待 Profile 更新任务...
2026-07-23 20:06:20.833 | INFO     | N/A | ⏳ 等待 Profile 更新任务...
2026-07-23 20:06:25.889 | INFO     | N/A | ⏳ 等待 Profile 更新任务...
2026-07-23 20:06:30.979 | INFO     | N/A | ⏳ 等待 Profile 更新任务...
2026-07-23 20:06:36.005 | INFO     | N/A | ⏳ 等待 Profile 更新任务...
2026-07-23 20:06:41.046 | INFO     | N/A | ⏳ 等待 Profile 更新任务...
2026-07-23 20:06:46.074 | INFO     | N/A | ⏳ 等待 Profile 更新任务...
2026-07-23 20:06:51.110 | INFO     | N/A | ⏳ 等待 Profile 更新任务...
2026-07-23 20:06:56.138 | INFO     | N/A | ⏳ 等待 Profile 更新任务...
2026-07-23 20:07:01.166 | INFO     | N/A | ⏳ 等待 Profile 更新任务...
2026-07-23 20:07:06.198 | INFO     | N/A | ⏳ 等待 Profile 更新任务...
2026-07-23 20:07:11.225 | INFO     | N/A | ⏳ 等待 Profile 更新任务...
2026-07-23 20:07:16.251 | INFO     | N/A | ⏳ 等待 Profile 更新任务...
2026-07-23 20:07:21.287 | INFO     | N/A | ⏳ 等待 Profile 更新任务...
2026-07-23 20:07:26.317 | INFO     | N/A | ⏳ 等待 Profile 更新任务...
2026-07-23 20:07:31.345 | INFO     | N/A | ⏳ 等待 Profile 更新任务...
2026-07-23 20:07:36.378 | INFO     | N/A | ⏳ 等待 Profile 更新任务...
2026-07-23 20:07:41.406 | INFO     | N/A | ⏳ 等待 Profile 更新任务...
2026-07-23 20:07:46.434 | INFO     | N/A | ⏳ 等待 Profile 更新任务...
2026-07-23 20:07:51.519 | INFO     | N/A | ⏳ 等待 Profile 更新任务...
2026-07-23 20:07:56.551 | INFO     | N/A | ⏳ 等待 Profile 更新任务...
2026-07-23 20:08:01.579 | INFO     | N/A | ⏳ 等待 Profile 更新任务...
2026-07-23 20:08:06.609 | INFO     | N/A | ⏳ 等待 Profile 更新任务...
2026-07-23 20:08:11.638 | INFO     | N/A | ⏳ 等待 Profile 更新任务...
2026-07-23 20:08:16.666 | INFO     | N/A | ⏳ 等待 Profile 更新任务...
2026-07-23 20:08:21.703 | INFO     | N/A | ⏳ 等待 Profile 更新任务...
2026-07-23 20:08:26.778 | INFO     | N/A | ⏳ 等待 Profile 更新任务...
2026-07-23 20:08:31.807 | INFO     | N/A | ⏳ 等待 Profile 更新任务...
2026-07-23 20:08:36.833 | INFO     | N/A | ⏳ 等待 Profile 更新任务...
2026-07-23 20:08:41.930 | INFO     | N/A | ⏳ 等待 Profile 更新任务...
2026-07-23 20:08:46.957 | INFO     | N/A | ⏳ 等待 Profile 更新任务...
2026-07-23 20:08:51.994 | INFO     | N/A | ⏳ 等待 Profile 更新任务...
2026-07-23 20:08:57.022 | INFO     | N/A | ⏳ 等待 Profile 更新任务...
2026-07-23 20:09:02.050 | INFO     | N/A | ⏳ 等待 Profile 更新任务...
2026-07-23 20:09:07.098 | INFO     | N/A | ⏳ 等待 Profile 更新任务...
2026-07-23 20:09:12.138 | INFO     | N/A | ⏳ 等待 Profile 更新任务...
2026-07-23 20:09:17.166 | INFO     | N/A | ⏳ 等待 Profile 更新任务...
2026-07-23 20:09:22.203 | INFO     | N/A | ⏳ 等待 Profile 更新任务...
2026-07-23 20:09:27.230 | INFO     | N/A | ⏳ 等待 Profile 更新任务...
2026-07-23 20:09:32.259 | INFO     | N/A | ⏳ 等待 Profile 更新任务...
2026-07-23 20:09:37.287 | INFO     | N/A | ⏳ 等待 Profile 更新任务...
2026-07-23 20:09:42.316 | INFO     | N/A | ⏳ 等待 Profile 更新任务...
2026-07-23 20:09:47.342 | INFO     | N/A | ⏳ 等待 Profile 更新任务...
2026-07-23 20:09:52.378 | INFO     | N/A | ⏳ 等待 Profile 更新任务...
2026-07-23 20:09:57.405 | INFO     | N/A | ⏳ 等待 Profile 更新任务...
2026-07-23 20:10:02.482 | INFO     | N/A | ⏳ 等待 Profile 更新任务...
2026-07-23 20:10:07.510 | INFO     | N/A | ⏳ 等待 Profile 更新任务...
2026-07-23 20:10:12.539 | INFO     | N/A | ⏳ 等待 Profile 更新任务...
2026-07-23 20:10:17.569 | INFO     | N/A | ⏳ 等待 Profile 更新任务...
2026-07-23 20:10:22.609 | INFO     | N/A | ⏳ 等待 Profile 更新任务...
2026-07-23 20:10:27.638 | INFO     | N/A | ⏳ 等待 Profile 更新任务...
2026-07-23 20:10:32.668 | INFO     | N/A | ⏳ 等待 Profile 更新任务...
2026-07-23 20:10:37.695 | INFO     | N/A | ⏳ 等待 Profile 更新任务...
2026-07-23 20:10:42.724 | INFO     | N/A | ⏳ 等待 Profile 更新任务...
2026-07-23 20:10:47.751 | INFO     | N/A | ⏳ 等待 Profile 更新任务...
2026-07-23 20:10:52.789 | INFO     | N/A | ⏳ 等待 Profile 更新任务...
2026-07-23 20:10:57.816 | INFO     | N/A | ⏳ 等待 Profile 更新任务...
2026-07-23 20:11:02.843 | INFO     | N/A | ⏳ 等待 Profile 更新任务...
2026-07-23 20:11:07.872 | INFO     | N/A | ⏳ 等待 Profile 更新任务...
2026-07-23 20:11:12.922 | INFO     | N/A | ⏳ 等待 Profile 更新任务...
2026-07-23 20:11:17.949 | INFO     | N/A | ⏳ 等待 Profile 更新任务...
2026-07-23 20:11:22.985 | INFO     | N/A | ⏳ 等待 Profile 更新任务...
2026-07-23 20:11:28.015 | INFO     | N/A | ⏳ 等待 Profile 更新任务...
2026-07-23 20:11:33.038 | INFO     | N/A | ⏳ 等待 Profile 更新任务...
2026-07-23 20:11:38.064 | INFO     | N/A | ⏳ 等待 Profile 更新任务...
2026-07-23 20:11:43.094 | INFO     | N/A | ⏳ 等待 Profile 更新任务...
2026-07-23 20:11:48.122 | INFO     | N/A | ⏳ 等待 Profile 更新任务...
2026-07-23 20:11:53.161 | INFO     | N/A | ⏳ 等待 Profile 更新任务...
2026-07-23 20:11:58.188 | INFO     | N/A | ⏳ 等待 Profile 更新任务...
2026-07-23 20:12:03.214 | INFO     | N/A | ⏳ 等待 Profile 更新任务...
2026-07-23 20:12:08.242 | INFO     | N/A | ⏳ 等待 Profile 更新任务...
2026-07-23 20:12:13.311 | INFO     | N/A | ⏳ 等待 Profile 更新任务...
2026-07-23 20:12:18.339 | INFO     | N/A | ⏳ 等待 Profile 更新任务...
2026-07-23 20:12:23.377 | INFO     | N/A | ⏳ 等待 Profile 更新任务...
2026-07-23 20:12:28.404 | INFO     | N/A | ⏳ 等待 Profile 更新任务...
2026-07-23 20:12:33.432 | INFO     | N/A | ⏳ 等待 Profile 更新任务...
2026-07-23 20:12:38.459 | INFO     | N/A | ⏳ 等待 Profile 更新任务...
2026-07-23 20:12:43.488 | INFO     | N/A | ⏳ 等待 Profile 更新任务...
2026-07-23 20:12:48.526 | INFO     | N/A | ⏳ 等待 Profile 更新任务...
2026-07-23 20:12:53.561 | INFO     | N/A | ⏳ 等待 Profile 更新任务...
2026-07-23 20:12:58.591 | INFO     | N/A | ⏳ 等待 Profile 更新任务...
2026-07-23 20:13:03.615 | INFO     | N/A | ⏳ 等待 Profile 更新任务...
2026-07-23 20:13:08.658 | INFO     | N/A | ⏳ 等待 Profile 更新任务...
2026-07-23 20:13:13.681 | INFO     | N/A | ⏳ 等待 Profile 更新任务...
2026-07-23 20:13:18.708 | INFO     | N/A | ⏳ 等待 Profile 更新任务...
2026-07-23 20:13:23.741 | INFO     | N/A | ⏳ 等待 Profile 更新任务...
2026-07-23 20:13:28.798 | INFO     | N/A | ⏳ 等待 Profile 更新任务...
2026-07-23 20:13:33.830 | INFO     | N/A | ⏳ 等待 Profile 更新任务...
2026-07-23 20:13:38.856 | INFO     | N/A | ⏳ 等待 Profile 更新任务...
2026-07-23 20:13:43.884 | INFO     | N/A | ⏳ 等待 Profile 更新任务...
2026-07-23 20:13:48.909 | INFO     | N/A | ⏳ 等待 Profile 更新任务...
2026-07-23 20:13:53.943 | INFO     | N/A | ⏳ 等待 Profile 更新任务...
2026-07-23 20:13:58.970 | INFO     | N/A | ⏳ 等待 Profile 更新任务...
2026-07-23 20:14:03.994 | INFO     | N/A | ⏳ 等待 Profile 更新任务...
2026-07-23 20:14:09.022 | INFO     | N/A | ⏳ 等待 Profile 更新任务...
2026-07-23 20:14:14.053 | INFO     | N/A | ⏳ 等待 Profile 更新任务...
2026-07-23 20:14:19.078 | INFO     | N/A | ⏳ 等待 Profile 更新任务...
2026-07-23 20:14:24.117 | INFO     | N/A | ⏳ 等待 Profile 更新任务...
2026-07-23 20:14:29.143 | INFO     | N/A | ⏳ 等待 Profile 更新任务...
2026-07-23 20:14:34.170 | INFO     | N/A | ⏳ 等待 Profile 更新任务...
2026-07-23 20:14:39.196 | INFO     | N/A | ⏳ 等待 Profile 更新任务...
2026-07-23 20:14:44.225 | INFO     | N/A | ⏳ 等待 Profile 更新任务...
2026-07-23 20:14:49.248 | INFO     | N/A | ⏳ 等待 Profile 更新任务...
2026-07-23 20:14:54.280 | INFO     | N/A | ⏳ 等待 Profile 更新任务...
2026-07-23 20:14:59.304 | INFO     | N/A | ⏳ 等待 Profile 更新任务...
2026-07-23 20:15:04.330 | INFO     | N/A | ⏳ 等待 Profile 更新任务...
2026-07-23 20:15:09.364 | INFO     | N/A | ⏳ 等待 Profile 更新任务...
2026-07-23 20:15:14.388 | INFO     | N/A | ⏳ 等待 Profile 更新任务...
2026-07-23 20:15:19.414 | INFO     | N/A | ⏳ 等待 Profile 更新任务...
2026-07-23 20:15:24.443 | INFO     | N/A | ⏳ 等待 Profile 更新任务...
2026-07-23 20:15:29.515 | INFO     | N/A | ⏳ 等待 Profile 更新任务...
2026-07-23 20:15:34.540 | INFO     | N/A | ⏳ 等待 Profile 更新任务...
2026-07-23 20:15:39.569 | INFO     | N/A | ⏳ 等待 Profile 更新任务...
2026-07-23 20:15:44.595 | INFO     | N/A | ⏳ 等待 Profile 更新任务...
2026-07-23 20:15:49.620 | INFO     | N/A | ⏳ 等待 Profile 更新任务...
2026-07-23 20:15:54.653 | INFO     | N/A | ⏳ 等待 Profile 更新任务...
2026-07-23 20:15:59.681 | INFO     | N/A | ⏳ 等待 Profile 更新任务...
2026-07-23 20:16:04.706 | INFO     | N/A | ⏳ 等待 Profile 更新任务...
2026-07-23 20:16:09.770 | INFO     | N/A | ⏳ 等待 Profile 更新任务...
2026-07-23 20:16:14.799 | INFO     | N/A | ⏳ 等待 Profile 更新任务...
2026-07-23 20:16:19.826 | INFO     | N/A | ⏳ 等待 Profile 更新任务...
2026-07-23 20:16:24.833 | INFO     | N/A | ⏳ 等待 Profile 更新任务...
2026-07-23 20:16:29.861 | INFO     | N/A | ⏳ 等待 Profile 更新任务...
2026-07-23 20:16:34.888 | INFO     | N/A | ⏳ 等待 Profile 更新任务...
2026-07-23 20:16:39.913 | INFO     | N/A | ⏳ 等待 Profile 更新任务...
2026-07-23 20:16:44.939 | INFO     | N/A | ⏳ 等待 Profile 更新任务...
2026-07-23 20:16:49.968 | INFO     | N/A | ⏳ 等待 Profile 更新任务...
2026-07-23 20:16:55.004 | INFO     | N/A | ⏳ 等待 Profile 更新任务...
2026-07-23 20:17:00.031 | INFO     | N/A | ⏳ 等待 Profile 更新任务...
2026-07-23 20:17:05.064 | INFO     | N/A | ⏳ 等待 Profile 更新任务...
2026-07-23 20:17:10.091 | INFO     | N/A | ⏳ 等待 Profile 更新任务...
2026-07-23 20:17:15.124 | INFO     | N/A | ⏳ 等待 Profile 更新任务...
2026-07-23 20:17:20.154 | INFO     | N/A | ⏳ 等待 Profile 更新任务...
2026-07-23 20:17:25.191 | INFO     | N/A | ⏳ 等待 Profile 更新任务...
2026-07-23 20:17:30.220 | INFO     | N/A | ⏳ 等待 Profile 更新任务...
2026-07-23 20:17:35.248 | INFO     | N/A | ⏳ 等待 Profile 更新任务...
2026-07-23 20:17:40.274 | INFO     | N/A | ⏳ 等待 Profile 更新任务...
2026-07-23 20:17:45.302 | INFO     | N/A | ⏳ 等待 Profile 更新任务...
2026-07-23 20:17:50.335 | INFO     | N/A | ⏳ 等待 Profile 更新任务...
2026-07-23 20:17:55.371 | INFO     | N/A | ⏳ 等待 Profile 更新任务...
2026-07-23 20:18:00.398 | INFO     | N/A | ⏳ 等待 Profile 更新任务...
2026-07-23 20:18:05.429 | INFO     | N/A | ⏳ 等待 Profile 更新任务...
2026-07-23 20:18:10.457 | INFO     | N/A | ⏳ 等待 Profile 更新任务...
2026-07-23 20:18:15.487 | INFO     | N/A | ⏳ 等待 Profile 更新任务...
2026-07-23 20:18:20.515 | INFO     | N/A | ⏳ 等待 Profile 更新任务...
2026-07-23 20:18:25.545 | INFO     | N/A | ⏳ 等待 Profile 更新任务...
2026-07-23 20:18:30.570 | INFO     | N/A | ⏳ 等待 Profile 更新任务...
2026-07-23 20:18:35.596 | INFO     | N/A | ⏳ 等待 Profile 更新任务...
2026-07-23 20:18:40.622 | INFO     | N/A | ⏳ 等待 Profile 更新任务...
2026-07-23 20:18:45.650 | INFO     | N/A | ⏳ 等待 Profile 更新任务...
2026-07-23 20:18:50.674 | INFO     | N/A | ⏳ 等待 Profile 更新任务...
2026-07-23 20:18:55.713 | INFO     | N/A | ⏳ 等待 Profile 更新任务...
2026-07-23 20:19:00.738 | INFO     | N/A | ⏳ 等待 Profile 更新任务...
2026-07-23 20:19:05.765 | INFO     | N/A | ⏳ 等待 Profile 更新任务...
2026-07-23 20:19:10.809 | INFO     | N/A | ⏳ 等待 Profile 更新任务...
2026-07-23 20:19:15.836 | INFO     | N/A | ⏳ 等待 Profile 更新任务...
2026-07-23 20:19:20.864 | INFO     | N/A | ⏳ 等待 Profile 更新任务...
2026-07-23 20:19:25.896 | INFO     | N/A | ⏳ 等待 Profile 更新任务...
2026-07-23 20:19:30.921 | INFO     | N/A | ⏳ 等待 Profile 更新任务...
2026-07-23 20:19:35.949 | INFO     | N/A | ⏳ 等待 Profile 更新任务...
2026-07-23 20:19:41.016 | INFO     | N/A | ⏳ 等待 Profile 更新任务...
2026-07-23 20:19:46.041 | INFO     | N/A | ⏳ 等待 Profile 更新任务...
2026-07-23 20:19:51.067 | INFO     | N/A | ⏳ 等待 Profile 更新任务...
2026-07-23 20:19:56.101 | INFO     | N/A | ⏳ 等待 Profile 更新任务...
2026-07-23 20:20:01.132 | INFO     | N/A | ⏳ 等待 Profile 更新任务...
2026-07-23 20:20:06.157 | INFO     | N/A | ⏳ 等待 Profile 更新任务...
2026-07-23 20:20:11.180 | INFO     | N/A | ⏳ 等待 Profile 更新任务...
2026-07-23 20:20:16.206 | INFO     | N/A | ⏳ 等待 Profile 更新任务...
2026-07-23 20:20:21.233 | INFO     | N/A | ⏳ 等待 Profile 更新任务...
2026-07-23 20:20:26.269 | INFO     | N/A | ⏳ 等待 Profile 更新任务...
2026-07-23 20:20:31.296 | INFO     | N/A | ⏳ 等待 Profile 更新任务...
2026-07-23 20:20:36.324 | INFO     | N/A | ⏳ 等待 Profile 更新任务...
2026-07-23 20:20:41.351 | INFO     | N/A | ⏳ 等待 Profile 更新任务...
2026-07-23 20:20:46.378 | INFO     | N/A | ⏳ 等待 Profile 更新任务...
2026-07-23 20:20:51.404 | INFO     | N/A | ⏳ 等待 Profile 更新任务...
2026-07-23 20:20:56.446 | INFO     | N/A | ⏳ 等待 Profile 更新任务...
2026-07-23 20:21:01.475 | INFO     | N/A | ⏳ 等待 Profile 更新任务...
2026-07-23 20:21:06.504 | INFO     | N/A | ⏳ 等待 Profile 更新任务...
2026-07-23 20:21:11.531 | INFO     | N/A | ⏳ 等待 Profile 更新任务...
2026-07-23 20:21:16.576 | INFO     | N/A | ⏳ 等待 Profile 更新任务...
2026-07-23 20:21:21.661 | INFO     | N/A | ⏳ 等待 Profile 更新任务...
2026-07-23 20:21:26.699 | INFO     | N/A | ⏳ 等待 Profile 更新任务...
2026-07-23 20:21:31.729 | INFO     | N/A | ⏳ 等待 Profile 更新任务...
2026-07-23 20:21:36.758 | INFO     | N/A | ⏳ 等待 Profile 更新任务...
2026-07-23 20:21:41.808 | INFO     | N/A | ⏳ 等待 Profile 更新任务...
2026-07-23 20:21:46.834 | INFO     | N/A | ⏳ 等待 Profile 更新任务...
2026-07-23 20:21:51.859 | INFO     | N/A | ⏳ 等待 Profile 更新任务...
2026-07-23 20:21:56.892 | INFO     | N/A | ⏳ 等待 Profile 更新任务...
2026-07-23 20:22:01.917 | INFO     | N/A | ⏳ 等待 Profile 更新任务...
2026-07-23 20:22:06.942 | INFO     | N/A | ⏳ 等待 Profile 更新任务...
2026-07-23 20:22:11.978 | INFO     | N/A | ⏳ 等待 Profile 更新任务...
2026-07-23 20:22:17.006 | INFO     | N/A | ⏳ 等待 Profile 更新任务...
2026-07-23 20:22:22.033 | INFO     | N/A | ⏳ 等待 Profile 更新任务...
2026-07-23 20:22:27.069 | INFO     | N/A | ⏳ 等待 Profile 更新任务...
2026-07-23 20:22:32.106 | INFO     | N/A | ⏳ 等待 Profile 更新任务...
2026-07-23 20:22:37.134 | INFO     | N/A | ⏳ 等待 Profile 更新任务...
2026-07-23 20:22:42.159 | INFO     | N/A | ⏳ 等待 Profile 更新任务...
2026-07-23 20:22:47.187 | INFO     | N/A | ⏳ 等待 Profile 更新任务...
2026-07-23 20:22:52.215 | INFO     | N/A | ⏳ 等待 Profile 更新任务...
2026-07-23 20:22:57.251 | INFO     | N/A | ⏳ 等待 Profile 更新任务...
2026-07-23 20:23:02.278 | INFO     | N/A | ⏳ 等待 Profile 更新任务...
2026-07-23 20:23:07.307 | INFO     | N/A | ⏳ 等待 Profile 更新任务...
2026-07-23 20:23:12.315 | INFO     | N/A | ⏳ 等待 Profile 更新任务...
2026-07-23 20:23:17.343 | INFO     | N/A | ⏳ 等待 Profile 更新任务...
2026-07-23 20:23:22.370 | INFO     | N/A | ⏳ 等待 Profile 更新任务...
2026-07-23 20:23:27.409 | INFO     | N/A | ⏳ 等待 Profile 更新任务...
2026-07-23 20:23:32.437 | INFO     | N/A | ⏳ 等待 Profile 更新任务...
2026-07-23 20:23:37.467 | INFO     | N/A | ⏳ 等待 Profile 更新任务...
2026-07-23 20:23:42.495 | INFO     | N/A | ⏳ 等待 Profile 更新任务...
2026-07-23 20:23:47.520 | INFO     | N/A | ⏳ 等待 Profile 更新任务...
2026-07-23 20:23:52.549 | INFO     | N/A | ⏳ 等待 Profile 更新任务...
2026-07-23 20:23:57.586 | INFO     | N/A | ⏳ 等待 Profile 更新任务...
2026-07-23 20:24:02.614 | INFO     | N/A | ⏳ 等待 Profile 更新任务...
2026-07-23 20:24:07.660 | INFO     | N/A | ⏳ 等待 Profile 更新任务...
2026-07-23 20:24:12.686 | INFO     | N/A | ⏳ 等待 Profile 更新任务...
2026-07-23 20:24:17.714 | INFO     | N/A | ⏳ 等待 Profile 更新任务...
2026-07-23 20:24:22.741 | INFO     | N/A | ⏳ 等待 Profile 更新任务...
2026-07-23 20:24:27.779 | INFO     | N/A | ⏳ 等待 Profile 更新任务...
2026-07-23 20:24:32.807 | INFO     | N/A | ⏳ 等待 Profile 更新任务...
2026-07-23 20:24:37.835 | INFO     | N/A | ⏳ 等待 Profile 更新任务...
2026-07-23 20:24:42.850 | INFO     | N/A | ⏳ 等待 Profile 更新任务...
2026-07-23 20:24:47.880 | INFO     | N/A | ⏳ 等待 Profile 更新任务...
2026-07-23 20:24:52.910 | INFO     | N/A | ⏳ 等待 Profile 更新任务...
2026-07-23 20:24:57.950 | INFO     | N/A | ⏳ 等待 Profile 更新任务...
2026-07-23 20:25:02.978 | INFO     | N/A | ⏳ 等待 Profile 更新任务...
2026-07-23 20:25:08.004 | INFO     | N/A | ⏳ 等待 Profile 更新任务...
2026-07-23 20:25:13.028 | INFO     | N/A | ⏳ 等待 Profile 更新任务...
2026-07-23 20:25:18.055 | INFO     | N/A | ⏳ 等待 Profile 更新任务...
2026-07-23 20:25:23.136 | INFO     | N/A | ⏳ 等待 Profile 更新任务...
2026-07-23 20:25:28.173 | INFO     | N/A | ⏳ 等待 Profile 更新任务...
2026-07-23 20:25:33.200 | INFO     | N/A | ⏳ 等待 Profile 更新任务...
2026-07-23 20:25:38.229 | INFO     | N/A | ⏳ 等待 Profile 更新任务...
2026-07-23 20:25:43.256 | INFO     | N/A | ⏳ 等待 Profile 更新任务...
2026-07-23 20:25:48.285 | INFO     | N/A | ⏳ 等待 Profile 更新任务...
2026-07-23 20:25:53.314 | INFO     | N/A | ⏳ 等待 Profile 更新任务...
2026-07-23 20:25:58.352 | INFO     | N/A | ⏳ 等待 Profile 更新任务...
2026-07-23 20:26:03.380 | INFO     | N/A | ⏳ 等待 Profile 更新任务...
2026-07-23 20:26:08.410 | INFO     | N/A | ⏳ 等待 Profile 更新任务...
2026-07-23 20:26:13.438 | INFO     | N/A | ⏳ 等待 Profile 更新任务...
2026-07-23 20:26:18.466 | INFO     | N/A | ⏳ 等待 Profile 更新任务...
2026-07-23 20:26:23.493 | INFO     | N/A | ⏳ 等待 Profile 更新任务...
2026-07-23 20:26:28.530 | INFO     | N/A | ⏳ 等待 Profile 更新任务...
2026-07-23 20:26:33.557 | INFO     | N/A | ⏳ 等待 Profile 更新任务...
2026-07-23 20:26:38.586 | INFO     | N/A | ⏳ 等待 Profile 更新任务...
2026-07-23 20:26:43.616 | INFO     | N/A | ⏳ 等待 Profile 更新任务...
2026-07-23 20:26:48.644 | INFO     | N/A | ⏳ 等待 Profile 更新任务...
2026-07-23 20:26:53.669 | INFO     | N/A | ⏳ 等待 Profile 更新任务...
2026-07-23 20:26:58.712 | INFO     | N/A | ⏳ 等待 Profile 更新任务...
2026-07-23 20:27:03.741 | INFO     | N/A | ⏳ 等待 Profile 更新任务...
2026-07-23 20:27:08.770 | INFO     | N/A | ⏳ 等待 Profile 更新任务...
2026-07-23 20:27:13.796 | INFO     | N/A | ⏳ 等待 Profile 更新任务...
2026-07-23 20:27:18.826 | INFO     | N/A | ⏳ 等待 Profile 更新任务...
2026-07-23 20:27:23.855 | INFO     | N/A | ⏳ 等待 Profile 更新任务...
2026-07-23 20:27:28.893 | INFO     | N/A | ⏳ 等待 Profile 更新任务...
2026-07-23 20:27:33.921 | INFO     | N/A | ⏳ 等待 Profile 更新任务...
2026-07-23 20:27:38.949 | INFO     | N/A | ⏳ 等待 Profile 更新任务...
2026-07-23 20:27:43.976 | INFO     | N/A | ⏳ 等待 Profile 更新任务...
2026-07-23 20:27:49.004 | INFO     | N/A | ⏳ 等待 Profile 更新任务...
2026-07-23 20:27:54.027 | INFO     | N/A | ⏳ 等待 Profile 更新任务...
2026-07-23 20:27:59.060 | INFO     | N/A | ⏳ 等待 Profile 更新任务...
2026-07-23 20:28:04.088 | INFO     | N/A | ⏳ 等待 Profile 更新任务...
2026-07-23 20:28:09.115 | INFO     | N/A | ⏳ 等待 Profile 更新任务...
2026-07-23 20:28:14.143 | INFO     | N/A | ⏳ 等待 Profile 更新任务...
2026-07-23 20:28:19.171 | INFO     | N/A | ⏳ 等待 Profile 更新任务...
2026-07-23 20:28:24.198 | INFO     | N/A | ⏳ 等待 Profile 更新任务...
2026-07-23 20:28:29.231 | INFO     | N/A | ⏳ 等待 Profile 更新任务...
2026-07-23 20:28:34.275 | INFO     | N/A | ⏳ 等待 Profile 更新任务...
2026-07-23 20:28:39.303 | INFO     | N/A | ⏳ 等待 Profile 更新任务...
2026-07-23 20:28:44.327 | INFO     | N/A | ⏳ 等待 Profile 更新任务...
2026-07-23 20:28:49.351 | INFO     | N/A | ⏳ 等待 Profile 更新任务...
2026-07-23 20:28:54.376 | INFO     | N/A | ⏳ 等待 Profile 更新任务...
2026-07-23 20:28:59.411 | INFO     | N/A | ⏳ 等待 Profile 更新任务...
2026-07-23 20:29:04.435 | INFO     | N/A | ⏳ 等待 Profile 更新任务...
2026-07-23 20:29:09.460 | INFO     | N/A | ⏳ 等待 Profile 更新任务...
2026-07-23 20:29:14.484 | INFO     | N/A | ⏳ 等待 Profile 更新任务...
2026-07-23 20:29:19.510 | INFO     | N/A | ⏳ 等待 Profile 更新任务...
2026-07-23 20:29:24.528 | INFO     | N/A | ⏳ 等待 Profile 更新任务...
2026-07-23 20:29:29.570 | INFO     | N/A | ⏳ 等待 Profile 更新任务...
2026-07-23 20:29:34.596 | INFO     | N/A | ⏳ 等待 Profile 更新任务...
2026-07-23 20:29:39.619 | INFO     | N/A | ⏳ 等待 Profile 更新任务...
2026-07-23 20:29:44.647 | INFO     | N/A | ⏳ 等待 Profile 更新任务...
2026-07-23 20:29:49.672 | INFO     | N/A | ⏳ 等待 Profile 更新任务...
2026-07-23 20:29:54.699 | INFO     | N/A | ⏳ 等待 Profile 更新任务...
2026-07-23 20:29:59.733 | INFO     | N/A | ⏳ 等待 Profile 更新任务...
2026-07-23 20:30:04.776 | INFO     | N/A | ⏳ 等待 Profile 更新任务...
2026-07-23 20:30:09.802 | INFO     | N/A | ⏳ 等待 Profile 更新任务...
2026-07-23 20:30:14.843 | INFO     | N/A | ⏳ 等待 Profile 更新任务...
2026-07-23 20:30:19.871 | INFO     | N/A | ⏳ 等待 Profile 更新任务...
2026-07-23 20:30:24.901 | INFO     | N/A | ⏳ 等待 Profile 更新任务...
2026-07-23 20:30:29.935 | INFO     | N/A | ⏳ 等待 Profile 更新任务...
2026-07-23 20:30:34.962 | INFO     | N/A | ⏳ 等待 Profile 更新任务...
2026-07-23 20:30:39.990 | INFO     | N/A | ⏳ 等待 Profile 更新任务...
2026-07-23 20:30:45.018 | INFO     | N/A | ⏳ 等待 Profile 更新任务...
2026-07-23 20:30:50.047 | INFO     | N/A | ⏳ 等待 Profile 更新任务...
2026-07-23 20:30:55.073 | INFO     | N/A | ⏳ 等待 Profile 更新任务...
2026-07-23 20:31:00.101 | INFO     | N/A | ⏳ 等待 Profile 更新任务...
2026-07-23 20:31:05.127 | INFO     | N/A | ⏳ 等待 Profile 更新任务...
2026-07-23 20:31:10.149 | INFO     | N/A | ⏳ 等待 Profile 更新任务...
2026-07-23 20:31:15.181 | INFO     | N/A | ⏳ 等待 Profile 更新任务...
2026-07-23 20:31:20.205 | INFO     | N/A | ⏳ 等待 Profile 更新任务...
2026-07-23 20:31:25.231 | INFO     | N/A | ⏳ 等待 Profile 更新任务...
2026-07-23 20:31:30.258 | INFO     | N/A | ⏳ 等待 Profile 更新任务...
2026-07-23 20:31:35.358 | INFO     | N/A | ⏳ 等待 Profile 更新任务...
2026-07-23 20:31:40.379 | INFO     | N/A | ⏳ 等待 Profile 更新任务...
2026-07-23 20:31:45.403 | INFO     | N/A | ⏳ 等待 Profile 更新任务...
2026-07-23 20:31:50.426 | INFO     | N/A | ⏳ 等待 Profile 更新任务...
2026-07-23 20:31:55.430 | INFO     | N/A | ⏳ 等待 Profile 更新任务...
2026-07-23 20:32:00.483 | INFO     | N/A | ⏳ 等待 Profile 更新任务...
2026-07-23 20:32:05.507 | INFO     | N/A | ⏳ 等待 Profile 更新任务...
2026-07-23 20:32:10.532 | INFO     | N/A | ⏳ 等待 Profile 更新任务...
2026-07-23 20:32:15.557 | INFO     | N/A | ⏳ 等待 Profile 更新任务...
2026-07-23 20:32:20.582 | INFO     | N/A | ⏳ 等待 Profile 更新任务...
2026-07-23 20:32:25.609 | INFO     | N/A | ⏳ 等待 Profile 更新任务...
2026-07-23 20:32:30.638 | INFO     | N/A | ⏳ 等待 Profile 更新任务...
2026-07-23 20:32:35.660 | INFO     | N/A | ⏳ 等待 Profile 更新任务...
2026-07-23 20:32:40.683 | INFO     | N/A | ⏳ 等待 Profile 更新任务...
2026-07-23 20:32:45.705 | INFO     | N/A | ⏳ 等待 Profile 更新任务...
2026-07-23 20:32:50.732 | INFO     | N/A | ⏳ 等待 Profile 更新任务...
2026-07-23 20:32:55.760 | INFO     | N/A | ⏳ 等待 Profile 更新任务...
2026-07-23 20:33:00.788 | INFO     | N/A | ⏳ 等待 Profile 更新任务...
2026-07-23 20:33:05.811 | INFO     | N/A | ⏳ 等待 Profile 更新任务...
2026-07-23 20:33:10.836 | INFO     | N/A | ⏳ 等待 Profile 更新任务...
2026-07-23 20:33:15.863 | INFO     | N/A | ⏳ 等待 Profile 更新任务...
2026-07-23 20:33:20.889 | INFO     | N/A | ⏳ 等待 Profile 更新任务...
2026-07-23 20:33:25.916 | INFO     | N/A | ⏳ 等待 Profile 更新任务...
2026-07-23 20:33:30.943 | INFO     | N/A | ⏳ 等待 Profile 更新任务...
2026-07-23 20:33:35.968 | INFO     | N/A | ⏳ 等待 Profile 更新任务...
2026-07-23 20:33:40.990 | INFO     | N/A | ⏳ 等待 Profile 更新任务...
2026-07-23 20:33:46.056 | INFO     | N/A | ⏳ 等待 Profile 更新任务...
2026-07-23 20:33:51.082 | INFO     | N/A | ⏳ 等待 Profile 更新任务...
2026-07-23 20:33:56.116 | INFO     | N/A | ⏳ 等待 Profile 更新任务...
2026-07-23 20:34:01.148 | INFO     | N/A | ⏳ 等待 Profile 更新任务...
2026-07-23 20:34:06.217 | INFO     | N/A | ⏳ 等待 Profile 更新任务...
2026-07-23 20:34:11.245 | INFO     | N/A | ⏳ 等待 Profile 更新任务...
2026-07-23 20:34:16.273 | INFO     | N/A | ⏳ 等待 Profile 更新任务...
2026-07-23 20:34:21.299 | INFO     | N/A | ⏳ 等待 Profile 更新任务...
2026-07-23 20:34:26.340 | INFO     | N/A | ⏳ 等待 Profile 更新任务...
2026-07-23 20:34:31.379 | INFO     | N/A | ⏳ 等待 Profile 更新任务...
2026-07-23 20:34:36.410 | INFO     | N/A | ⏳ 等待 Profile 更新任务...
2026-07-23 20:34:41.440 | INFO     | N/A | ⏳ 等待 Profile 更新任务...
2026-07-23 20:34:46.466 | INFO     | N/A | ⏳ 等待 Profile 更新任务...
2026-07-23 20:34:51.493 | INFO     | N/A | ⏳ 等待 Profile 更新任务...
2026-07-23 20:34:56.524 | INFO     | N/A | ⏳ 等待 Profile 更新任务...
2026-07-23 20:35:01.554 | INFO     | N/A | ⏳ 等待 Profile 更新任务...
2026-07-23 20:35:06.578 | INFO     | N/A | ⏳ 等待 Profile 更新任务...
2026-07-23 20:35:11.604 | INFO     | N/A | ⏳ 等待 Profile 更新任务...
2026-07-23 20:35:16.632 | INFO     | N/A | ⏳ 等待 Profile 更新任务...
2026-07-23 20:35:21.658 | INFO     | N/A | ⏳ 等待 Profile 更新任务...
2026-07-23 20:35:26.691 | INFO     | N/A | ⏳ 等待 Profile 更新任务...
2026-07-23 20:35:31.720 | INFO     | N/A | ⏳ 等待 Profile 更新任务...
2026-07-23 20:35:36.746 | INFO     | N/A | ⏳ 等待 Profile 更新任务...
2026-07-23 20:35:41.774 | INFO     | N/A | ⏳ 等待 Profile 更新任务...
2026-07-23 20:35:46.800 | INFO     | N/A | ⏳ 等待 Profile 更新任务...
2026-07-23 20:35:51.827 | INFO     | N/A | ⏳ 等待 Profile 更新任务...
2026-07-23 20:35:56.838 | INFO     | N/A | ⏳ 等待 Profile 更新任务...
2026-07-23 20:36:01.888 | INFO     | N/A | ⏳ 等待 Profile 更新任务...
2026-07-23 20:36:06.915 | INFO     | N/A | ⏳ 等待 Profile 更新任务...
2026-07-23 20:36:11.944 | INFO     | N/A | ⏳ 等待 Profile 更新任务...
2026-07-23 20:36:16.971 | INFO     | N/A | ⏳ 等待 Profile 更新任务...
2026-07-23 20:36:21.998 | INFO     | N/A | ⏳ 等待 Profile 更新任务...
2026-07-23 20:36:27.030 | INFO     | N/A | ⏳ 等待 Profile 更新任务...
2026-07-23 20:36:32.056 | INFO     | N/A | ⏳ 等待 Profile 更新任务...
2026-07-23 20:36:37.083 | INFO     | N/A | ⏳ 等待 Profile 更新任务...
2026-07-23 20:36:42.107 | INFO     | N/A | ⏳ 等待 Profile 更新任务...
2026-07-23 20:36:47.133 | INFO     | N/A | ⏳ 等待 Profile 更新任务...
2026-07-23 20:36:52.159 | INFO     | N/A | ⏳ 等待 Profile 更新任务...
2026-07-23 20:36:57.195 | INFO     | N/A | ⏳ 等待 Profile 更新任务...
2026-07-23 20:37:02.222 | INFO     | N/A | ⏳ 等待 Profile 更新任务...
2026-07-23 20:37:07.246 | INFO     | N/A | ⏳ 等待 Profile 更新任务...
2026-07-23 20:37:12.273 | INFO     | N/A | ⏳ 等待 Profile 更新任务...
2026-07-23 20:37:17.300 | INFO     | N/A | ⏳ 等待 Profile 更新任务...
2026-07-23 20:37:22.329 | INFO     | N/A | ⏳ 等待 Profile 更新任务...
2026-07-23 20:37:27.364 | INFO     | N/A | ⏳ 等待 Profile 更新任务...
2026-07-23 20:37:32.391 | INFO     | N/A | ⏳ 等待 Profile 更新任务...
2026-07-23 20:37:37.419 | INFO     | N/A | ⏳ 等待 Profile 更新任务...
2026-07-23 20:37:42.446 | INFO     | N/A | ⏳ 等待 Profile 更新任务...
2026-07-23 20:37:47.475 | INFO     | N/A | ⏳ 等待 Profile 更新任务...
2026-07-23 20:37:52.501 | INFO     | N/A | ⏳ 等待 Profile 更新任务...
2026-07-23 20:37:57.529 | INFO     | N/A | ⏳ 等待 Profile 更新任务...
2026-07-23 20:38:02.580 | INFO     | N/A | ⏳ 等待 Profile 更新任务...
2026-07-23 20:38:07.664 | INFO     | N/A | ⏳ 等待 Profile 更新任务...
2026-07-23 20:38:12.691 | INFO     | N/A | ⏳ 等待 Profile 更新任务...
2026-07-23 20:38:17.717 | INFO     | N/A | ⏳ 等待 Profile 更新任务...
2026-07-23 20:38:22.773 | INFO     | N/A | ⏳ 等待 Profile 更新任务...
2026-07-23 20:38:27.810 | INFO     | N/A | ⏳ 等待 Profile 更新任务...
2026-07-23 20:38:32.837 | INFO     | N/A | ⏳ 等待 Profile 更新任务...
2026-07-23 20:38:37.864 | INFO     | N/A | ⏳ 等待 Profile 更新任务...
2026-07-23 20:38:42.889 | INFO     | N/A | ⏳ 等待 Profile 更新任务...
2026-07-23 20:38:47.914 | INFO     | N/A | ⏳ 等待 Profile 更新任务...
2026-07-23 20:38:52.939 | INFO     | N/A | ⏳ 等待 Profile 更新任务...
2026-07-23 20:38:57.980 | INFO     | N/A | ⏳ 等待 Profile 更新任务...
2026-07-23 20:39:03.008 | INFO     | N/A | ⏳ 等待 Profile 更新任务...
2026-07-23 20:39:08.036 | INFO     | N/A | ⏳ 等待 Profile 更新任务...
2026-07-23 20:39:13.061 | INFO     | N/A | ⏳ 等待 Profile 更新任务...
2026-07-23 20:39:18.092 | INFO     | N/A | ⏳ 等待 Profile 更新任务...
2026-07-23 20:39:23.130 | INFO     | N/A | ⏳ 等待 Profile 更新任务...
2026-07-23 20:39:28.161 | INFO     | N/A | ⏳ 等待 Profile 更新任务...
2026-07-23 20:39:33.248 | INFO     | N/A | ⏳ 等待 Profile 更新任务...
2026-07-23 20:39:38.271 | INFO     | N/A | ⏳ 等待 Profile 更新任务...
2026-07-23 20:39:43.296 | INFO     | N/A | ⏳ 等待 Profile 更新任务...
2026-07-23 20:39:48.319 | INFO     | N/A | ⏳ 等待 Profile 更新任务...
2026-07-23 20:39:53.342 | INFO     | N/A | ⏳ 等待 Profile 更新任务...
2026-07-23 20:39:58.376 | INFO     | N/A | ⏳ 等待 Profile 更新任务...
2026-07-23 20:40:03.406 | INFO     | N/A | ⏳ 等待 Profile 更新任务...
2026-07-23 20:40:08.434 | INFO     | N/A | ⏳ 等待 Profile 更新任务...
2026-07-23 20:40:13.462 | INFO     | N/A | ⏳ 等待 Profile 更新任务...
2026-07-23 20:40:18.488 | INFO     | N/A | ⏳ 等待 Profile 更新任务...
2026-07-23 20:40:23.514 | INFO     | N/A | ⏳ 等待 Profile 更新任务...
2026-07-23 20:40:28.550 | INFO     | N/A | ⏳ 等待 Profile 更新任务...
2026-07-23 20:40:33.576 | INFO     | N/A | ⏳ 等待 Profile 更新任务...
2026-07-23 20:40:38.601 | INFO     | N/A | ⏳ 等待 Profile 更新任务...
2026-07-23 20:40:43.627 | INFO     | N/A | ⏳ 等待 Profile 更新任务...
2026-07-23 20:40:48.654 | INFO     | N/A | ⏳ 等待 Profile 更新任务...
2026-07-23 20:40:53.682 | INFO     | N/A | ⏳ 等待 Profile 更新任务...
2026-07-23 20:40:58.711 | INFO     | N/A | ⏳ 等待 Profile 更新任务...
2026-07-23 20:41:03.742 | INFO     | N/A | ⏳ 等待 Profile 更新任务...
2026-07-23 20:41:08.769 | INFO     | N/A | ⏳ 等待 Profile 更新任务...
2026-07-23 20:41:13.883 | INFO     | N/A | ⏳ 等待 Profile 更新任务...
2026-07-23 20:41:18.910 | INFO     | N/A | ⏳ 等待 Profile 更新任务...
2026-07-23 20:41:23.932 | INFO     | N/A | ⏳ 等待 Profile 更新任务...
2026-07-23 20:41:28.963 | INFO     | N/A | ⏳ 等待 Profile 更新任务...
2026-07-23 20:41:33.995 | INFO     | N/A | ⏳ 等待 Profile 更新任务...
2026-07-23 20:41:39.019 | INFO     | N/A | ⏳ 等待 Profile 更新任务...
2026-07-23 20:41:44.046 | INFO     | N/A | ⏳ 等待 Profile 更新任务...
2026-07-23 20:41:49.070 | INFO     | N/A | ⏳ 等待 Profile 更新任务...
2026-07-23 20:41:54.100 | INFO     | N/A | ⏳ 等待 Profile 更新任务...
2026-07-23 20:41:59.139 | INFO     | N/A | ⏳ 等待 Profile 更新任务...
2026-07-23 20:42:04.168 | INFO     | N/A | ⏳ 等待 Profile 更新任务...
2026-07-23 20:42:09.198 | INFO     | N/A | ⏳ 等待 Profile 更新任务...
2026-07-23 20:42:14.225 | INFO     | N/A | ⏳ 等待 Profile 更新任务...
2026-07-23 20:42:19.250 | INFO     | N/A | ⏳ 等待 Profile 更新任务...
2026-07-23 20:42:24.282 | INFO     | N/A | ⏳ 等待 Profile 更新任务...
2026-07-23 20:42:29.315 | INFO     | N/A | ⏳ 等待 Profile 更新任务...
2026-07-23 20:42:34.340 | INFO     | N/A | ⏳ 等待 Profile 更新任务...
2026-07-23 20:42:39.362 | INFO     | N/A | ⏳ 等待 Profile 更新任务...
2026-07-23 20:42:44.388 | INFO     | N/A | ⏳ 等待 Profile 更新任务...
2026-07-23 20:42:49.415 | INFO     | N/A | ⏳ 等待 Profile 更新任务...
2026-07-23 20:42:54.435 | INFO     | N/A | ⏳ 等待 Profile 更新任务...
2026-07-23 20:42:59.465 | INFO     | N/A | ⏳ 等待 Profile 更新任务...
2026-07-23 20:43:04.491 | INFO     | N/A | ⏳ 等待 Profile 更新任务...
2026-07-23 20:43:09.516 | INFO     | N/A | ⏳ 等待 Profile 更新任务...
2026-07-23 20:43:14.543 | INFO     | N/A | ⏳ 等待 Profile 更新任务...
2026-07-23 20:43:19.627 | INFO     | N/A | ⏳ 等待 Profile 更新任务...
2026-07-23 20:43:24.649 | INFO     | N/A | ⏳ 等待 Profile 更新任务...
2026-07-23 20:43:29.684 | INFO     | N/A | ⏳ 等待 Profile 更新任务...
2026-07-23 20:43:34.711 | INFO     | N/A | ⏳ 等待 Profile 更新任务...
2026-07-23 20:43:39.736 | INFO     | N/A | ⏳ 等待 Profile 更新任务...
2026-07-23 20:43:44.812 | INFO     | N/A | ⏳ 等待 Profile 更新任务...
2026-07-23 20:43:49.840 | INFO     | N/A | ⏳ 等待 Profile 更新任务...
2026-07-23 20:43:54.866 | INFO     | N/A | ⏳ 等待 Profile 更新任务...
2026-07-23 20:43:59.904 | INFO     | N/A | ⏳ 等待 Profile 更新任务...
2026-07-23 20:44:04.930 | INFO     | N/A | ⏳ 等待 Profile 更新任务...
2026-07-23 20:44:09.955 | INFO     | N/A | ⏳ 等待 Profile 更新任务...
2026-07-23 20:44:14.985 | INFO     | N/A | ⏳ 等待 Profile 更新任务...
2026-07-23 20:44:20.009 | INFO     | N/A | ⏳ 等待 Profile 更新任务...
2026-07-23 20:44:25.075 | INFO     | N/A | ⏳ 等待 Profile 更新任务...
2026-07-23 20:44:30.110 | INFO     | N/A | ⏳ 等待 Profile 更新任务...
2026-07-23 20:44:35.136 | INFO     | N/A | ⏳ 等待 Profile 更新任务...
2026-07-23 20:44:40.164 | INFO     | N/A | ⏳ 等待 Profile 更新任务...
2026-07-23 20:44:45.192 | INFO     | N/A | ⏳ 等待 Profile 更新任务...
2026-07-23 20:44:50.220 | INFO     | N/A | ⏳ 等待 Profile 更新任务...
2026-07-23 20:44:55.245 | INFO     | N/A | ⏳ 等待 Profile 更新任务...
2026-07-23 20:45:00.277 | INFO     | N/A | ⏳ 等待 Profile 更新任务...
2026-07-23 20:45:05.299 | INFO     | N/A | ⏳ 等待 Profile 更新任务...
2026-07-23 20:45:10.328 | INFO     | N/A | ⏳ 等待 Profile 更新任务...
2026-07-23 20:45:15.391 | INFO     | N/A | ⏳ 等待 Profile 更新任务...
2026-07-23 20:45:20.419 | INFO     | N/A | ⏳ 等待 Profile 更新任务...
2026-07-23 20:45:25.440 | INFO     | N/A | ⏳ 等待 Profile 更新任务...
2026-07-23 20:45:30.477 | INFO     | N/A | ⏳ 等待 Profile 更新任务...
2026-07-23 20:45:35.508 | INFO     | N/A | ⏳ 等待 Profile 更新任务...
2026-07-23 20:45:40.513 | INFO     | N/A | ⏳ 等待 Profile 更新任务...
2026-07-23 20:45:45.540 | INFO     | N/A | ⏳ 等待 Profile 更新任务...
2026-07-23 20:45:50.564 | INFO     | N/A | ⏳ 等待 Profile 更新任务...
2026-07-23 20:45:55.593 | INFO     | N/A | ⏳ 等待 Profile 更新任务...
2026-07-23 20:46:00.628 | INFO     | N/A | ⏳ 等待 Profile 更新任务...
2026-07-23 20:46:05.650 | INFO     | N/A | ⏳ 等待 Profile 更新任务...
2026-07-23 20:46:10.678 | INFO     | N/A | ⏳ 等待 Profile 更新任务...
2026-07-23 20:46:15.703 | INFO     | N/A | ⏳ 等待 Profile 更新任务...
2026-07-23 20:46:20.805 | INFO     | N/A | ⏳ 等待 Profile 更新任务...
2026-07-23 20:46:25.830 | INFO     | N/A | ⏳ 等待 Profile 更新任务...
2026-07-23 20:46:30.863 | INFO     | N/A | ⏳ 等待 Profile 更新任务...
2026-07-23 20:46:35.887 | INFO     | N/A | ⏳ 等待 Profile 更新任务...
2026-07-23 20:46:40.959 | INFO     | N/A | ⏳ 等待 Profile 更新任务...
2026-07-23 20:46:45.984 | INFO     | N/A | ⏳ 等待 Profile 更新任务...
2026-07-23 20:46:51.007 | INFO     | N/A | ⏳ 等待 Profile 更新任务...
2026-07-23 20:46:56.032 | INFO     | N/A | ⏳ 等待 Profile 更新任务...
2026-07-23 20:47:01.063 | INFO     | N/A | ⏳ 等待 Profile 更新任务...
2026-07-23 20:47:06.090 | INFO     | N/A | ⏳ 等待 Profile 更新任务...
2026-07-23 20:47:11.116 | INFO     | N/A | ⏳ 等待 Profile 更新任务...
2026-07-23 20:47:16.141 | INFO     | N/A | ⏳ 等待 Profile 更新任务...
2026-07-23 20:47:21.165 | INFO     | N/A | ⏳ 等待 Profile 更新任务...
2026-07-23 20:47:26.189 | INFO     | N/A | ⏳ 等待 Profile 更新任务...
2026-07-23 20:47:31.223 | INFO     | N/A | ⏳ 等待 Profile 更新任务...
2026-07-23 20:47:36.248 | INFO     | N/A | ⏳ 等待 Profile 更新任务...
2026-07-23 20:47:41.276 | INFO     | N/A | ⏳ 等待 Profile 更新任务...
2026-07-23 20:47:46.305 | INFO     | N/A | ⏳ 等待 Profile 更新任务...
2026-07-23 20:47:51.333 | INFO     | N/A | ⏳ 等待 Profile 更新任务...
2026-07-23 20:47:56.359 | INFO     | N/A | ⏳ 等待 Profile 更新任务...
2026-07-23 20:48:01.394 | INFO     | N/A | ⏳ 等待 Profile 更新任务...
2026-07-23 20:48:06.430 | INFO     | N/A | ⏳ 等待 Profile 更新任务...
2026-07-23 20:48:11.458 | INFO     | N/A | ⏳ 等待 Profile 更新任务...
2026-07-23 20:48:16.482 | INFO     | N/A | ⏳ 等待 Profile 更新任务...
2026-07-23 20:48:21.510 | INFO     | N/A | ⏳ 等待 Profile 更新任务...
2026-07-23 20:48:26.547 | INFO     | N/A | ⏳ 等待 Profile 更新任务...
2026-07-23 20:48:31.583 | INFO     | N/A | ⏳ 等待 Profile 更新任务...
2026-07-23 20:48:36.610 | INFO     | N/A | ⏳ 等待 Profile 更新任务...
2026-07-23 20:48:41.634 | INFO     | N/A | ⏳ 等待 Profile 更新任务...
2026-07-23 20:48:46.659 | INFO     | N/A | ⏳ 等待 Profile 更新任务...
2026-07-23 20:48:51.683 | INFO     | N/A | ⏳ 等待 Profile 更新任务...
2026-07-23 20:48:56.706 | INFO     | N/A | ⏳ 等待 Profile 更新任务...
2026-07-23 20:49:01.739 | INFO     | N/A | ⏳ 等待 Profile 更新任务...
2026-07-23 20:49:06.766 | INFO     | N/A | ⏳ 等待 Profile 更新任务...
2026-07-23 20:49:11.794 | INFO     | N/A | ⏳ 等待 Profile 更新任务...
2026-07-23 20:49:16.821 | INFO     | N/A | ⏳ 等待 Profile 更新任务...
2026-07-23 20:49:21.846 | INFO     | N/A | ⏳ 等待 Profile 更新任务...
2026-07-23 20:49:26.870 | INFO     | N/A | ⏳ 等待 Profile 更新任务...
2026-07-23 20:49:31.905 | INFO     | N/A | ⏳ 等待 Profile 更新任务...
2026-07-23 20:49:36.936 | INFO     | N/A | ⏳ 等待 Profile 更新任务...
2026-07-23 20:49:41.964 | INFO     | N/A | ⏳ 等待 Profile 更新任务...
2026-07-23 20:49:46.993 | INFO     | N/A | ⏳ 等待 Profile 更新任务...
2026-07-23 20:49:52.024 | INFO     | N/A | ⏳ 等待 Profile 更新任务...
2026-07-23 20:49:57.051 | INFO     | N/A | ⏳ 等待 Profile 更新任务...
2026-07-23 20:50:02.085 | INFO     | N/A | ⏳ 等待 Profile 更新任务...
2026-07-23 20:50:07.111 | INFO     | N/A | ⏳ 等待 Profile 更新任务...
2026-07-23 20:50:12.137 | INFO     | N/A | ⏳ 等待 Profile 更新任务...
2026-07-23 20:50:17.184 | INFO     | N/A | ⏳ 等待 Profile 更新任务...
2026-07-23 20:50:22.231 | INFO     | N/A | ⏳ 等待 Profile 更新任务...
2026-07-23 20:50:27.257 | INFO     | N/A | ⏳ 等待 Profile 更新任务...
2026-07-23 20:50:32.288 | INFO     | N/A | ⏳ 等待 Profile 更新任务...
2026-07-23 20:50:37.315 | INFO     | N/A | ⏳ 等待 Profile 更新任务...
2026-07-23 20:50:42.339 | INFO     | N/A | ⏳ 等待 Profile 更新任务...
2026-07-23 20:50:47.366 | INFO     | N/A | ⏳ 等待 Profile 更新任务...
2026-07-23 20:50:52.392 | INFO     | N/A | ⏳ 等待 Profile 更新任务...
2026-07-23 20:50:57.422 | INFO     | N/A | ⏳ 等待 Profile 更新任务...
2026-07-23 20:51:02.455 | INFO     | N/A | ⏳ 等待 Profile 更新任务...
2026-07-23 20:51:07.485 | INFO     | N/A | ⏳ 等待 Profile 更新任务...
2026-07-23 20:51:12.510 | INFO     | N/A | ⏳ 等待 Profile 更新任务...
2026-07-23 20:51:17.535 | INFO     | N/A | ⏳ 等待 Profile 更新任务...
2026-07-23 20:51:22.560 | INFO     | N/A | ⏳ 等待 Profile 更新任务...
2026-07-23 20:51:27.629 | INFO     | N/A | ⏳ 等待 Profile 更新任务...
2026-07-23 20:51:32.661 | INFO     | N/A | ⏳ 等待 Profile 更新任务...
2026-07-23 20:51:37.688 | INFO     | N/A | ⏳ 等待 Profile 更新任务...
2026-07-23 20:51:42.716 | INFO     | N/A | ⏳ 等待 Profile 更新任务...
2026-07-23 20:51:47.741 | INFO     | N/A | ⏳ 等待 Profile 更新任务...
2026-07-23 20:51:52.769 | INFO     | N/A | ⏳ 等待 Profile 更新任务...
2026-07-23 20:51:57.799 | INFO     | N/A | ⏳ 等待 Profile 更新任务...
2026-07-23 20:52:02.859 | INFO     | N/A | ⏳ 等待 Profile 更新任务...
2026-07-23 20:52:07.888 | INFO     | N/A | ⏳ 等待 Profile 更新任务...
2026-07-23 20:52:12.919 | INFO     | N/A | ⏳ 等待 Profile 更新任务...
2026-07-23 20:52:17.946 | INFO     | N/A | ⏳ 等待 Profile 更新任务...
2026-07-23 20:52:22.972 | INFO     | N/A | ⏳ 等待 Profile 更新任务...
2026-07-23 20:52:28.002 | INFO     | N/A | ⏳ 等待 Profile 更新任务...
2026-07-23 20:52:33.037 | INFO     | N/A | ⏳ 等待 Profile 更新任务...
2026-07-23 20:52:38.066 | INFO     | N/A | ⏳ 等待 Profile 更新任务...
2026-07-23 20:52:43.094 | INFO     | N/A | ⏳ 等待 Profile 更新任务...
2026-07-23 20:52:48.123 | INFO     | N/A | ⏳ 等待 Profile 更新任务...
2026-07-23 20:52:53.181 | INFO     | N/A | ⏳ 等待 Profile 更新任务...
2026-07-23 20:52:58.208 | INFO     | N/A | ⏳ 等待 Profile 更新任务...
2026-07-23 20:53:03.243 | INFO     | N/A | ⏳ 等待 Profile 更新任务...
2026-07-23 20:53:08.269 | INFO     | N/A | ⏳ 等待 Profile 更新任务...
2026-07-23 20:53:13.298 | INFO     | N/A | ⏳ 等待 Profile 更新任务...
2026-07-23 20:53:18.331 | INFO     | N/A | ⏳ 等待 Profile 更新任务...
2026-07-23 20:53:23.354 | INFO     | N/A | ⏳ 等待 Profile 更新任务...
2026-07-23 20:53:28.382 | INFO     | N/A | ⏳ 等待 Profile 更新任务...
2026-07-23 20:53:33.417 | INFO     | N/A | ⏳ 等待 Profile 更新任务...
2026-07-23 20:53:38.450 | INFO     | N/A | ⏳ 等待 Profile 更新任务...
2026-07-23 20:53:43.477 | INFO     | N/A | ⏳ 等待 Profile 更新任务...
2026-07-23 20:53:48.565 | INFO     | N/A | ⏳ 等待 Profile 更新任务...
2026-07-23 20:53:53.594 | INFO     | N/A | ⏳ 等待 Profile 更新任务...
2026-07-23 20:53:58.623 | INFO     | N/A | ⏳ 等待 Profile 更新任务...
2026-07-23 20:54:03.660 | INFO     | N/A | ⏳ 等待 Profile 更新任务...
2026-07-23 20:54:08.689 | INFO     | N/A | ⏳ 等待 Profile 更新任务...
2026-07-23 20:54:13.718 | INFO     | N/A | ⏳ 等待 Profile 更新任务...
2026-07-23 20:54:18.745 | INFO     | N/A | ⏳ 等待 Profile 更新任务...
2026-07-23 20:54:23.773 | INFO     | N/A | ⏳ 等待 Profile 更新任务...
2026-07-23 20:54:28.801 | INFO     | N/A | ⏳ 等待 Profile 更新任务...
2026-07-23 20:54:33.838 | INFO     | N/A | ⏳ 等待 Profile 更新任务...
2026-07-23 20:54:38.864 | INFO     | N/A | ⏳ 等待 Profile 更新任务...
2026-07-23 20:54:43.891 | INFO     | N/A | ⏳ 等待 Profile 更新任务...
2026-07-23 20:54:48.918 | INFO     | N/A | ⏳ 等待 Profile 更新任务...
2026-07-23 20:54:53.944 | INFO     | N/A | ⏳ 等待 Profile 更新任务...
2026-07-23 20:54:58.969 | INFO     | N/A | ⏳ 等待 Profile 更新任务...
2026-07-23 20:55:04.006 | INFO     | N/A | ⏳ 等待 Profile 更新任务...
2026-07-23 20:55:09.036 | INFO     | N/A | ⏳ 等待 Profile 更新任务...
2026-07-23 20:55:14.063 | INFO     | N/A | ⏳ 等待 Profile 更新任务...
2026-07-23 20:55:19.090 | INFO     | N/A | ⏳ 等待 Profile 更新任务...
2026-07-23 20:55:24.102 | INFO     | N/A | ⏳ 等待 Profile 更新任务...
2026-07-23 20:55:29.130 | INFO     | N/A | ⏳ 等待 Profile 更新任务...
2026-07-23 20:55:34.149 | INFO     | N/A | ⏳ 等待 Profile 更新任务...
2026-07-23 20:55:39.177 | INFO     | N/A | ⏳ 等待 Profile 更新任务...
2026-07-23 20:55:44.204 | INFO     | N/A | ⏳ 等待 Profile 更新任务...
2026-07-23 20:55:49.232 | INFO     | N/A | ⏳ 等待 Profile 更新任务...
2026-07-23 20:55:54.261 | INFO     | N/A | ⏳ 等待 Profile 更新任务...
2026-07-23 20:55:59.290 | INFO     | N/A | ⏳ 等待 Profile 更新任务...
2026-07-23 20:56:04.326 | INFO     | N/A | ⏳ 等待 Profile 更新任务...
2026-07-23 20:56:09.353 | INFO     | N/A | ⏳ 等待 Profile 更新任务...
2026-07-23 20:56:14.382 | INFO     | N/A | ⏳ 等待 Profile 更新任务...
2026-07-23 20:56:19.413 | INFO     | N/A | ⏳ 等待 Profile 更新任务...
2026-07-23 20:56:24.438 | INFO     | N/A | ⏳ 等待 Profile 更新任务...
2026-07-23 20:56:29.465 | INFO     | N/A | ⏳ 等待 Profile 更新任务...
2026-07-23 20:56:34.504 | INFO     | N/A | ⏳ 等待 Profile 更新任务...
2026-07-23 20:56:39.532 | INFO     | N/A | ⏳ 等待 Profile 更新任务...
2026-07-23 20:56:44.560 | INFO     | N/A | ⏳ 等待 Profile 更新任务...
2026-07-23 20:56:49.586 | INFO     | N/A | ⏳ 等待 Profile 更新任务...
2026-07-23 20:56:54.614 | INFO     | N/A | ⏳ 等待 Profile 更新任务...
2026-07-23 20:56:59.642 | INFO     | N/A | ⏳ 等待 Profile 更新任务...
2026-07-23 20:57:04.679 | INFO     | N/A | ⏳ 等待 Profile 更新任务...
2026-07-23 20:57:09.704 | INFO     | N/A | ⏳ 等待 Profile 更新任务...
2026-07-23 20:57:14.797 | INFO     | N/A | ⏳ 等待 Profile 更新任务...
2026-07-23 20:57:19.850 | INFO     | N/A | ⏳ 等待 Profile 更新任务...
2026-07-23 20:57:24.876 | INFO     | N/A | ⏳ 等待 Profile 更新任务...
2026-07-23 20:57:29.900 | INFO     | N/A | ⏳ 等待 Profile 更新任务...
2026-07-23 20:57:34.968 | INFO     | N/A | ⏳ 等待 Profile 更新任务...
2026-07-23 20:57:39.996 | INFO     | N/A | ⏳ 等待 Profile 更新任务...
2026-07-23 20:57:45.024 | INFO     | N/A | ⏳ 等待 Profile 更新任务...
2026-07-23 20:57:50.052 | INFO     | N/A | ⏳ 等待 Profile 更新任务...
2026-07-23 20:57:55.079 | INFO     | N/A | ⏳ 等待 Profile 更新任务...
2026-07-23 20:58:00.107 | INFO     | N/A | ⏳ 等待 Profile 更新任务...
2026-07-23 20:58:05.144 | INFO     | N/A | ⏳ 等待 Profile 更新任务...
2026-07-23 20:58:10.171 | INFO     | N/A | ⏳ 等待 Profile 更新任务...
2026-07-23 20:58:15.252 | INFO     | N/A | ⏳ 等待 Profile 更新任务...
2026-07-23 20:58:20.291 | INFO     | N/A | ⏳ 等待 Profile 更新任务...
2026-07-23 20:58:25.316 | INFO     | N/A | ⏳ 等待 Profile 更新任务...
2026-07-23 20:58:30.340 | INFO     | N/A | ⏳ 等待 Profile 更新任务...
2026-07-23 20:58:35.377 | INFO     | N/A | ⏳ 等待 Profile 更新任务...
2026-07-23 20:58:40.409 | INFO     | N/A | ⏳ 等待 Profile 更新任务...
2026-07-23 20:58:45.436 | INFO     | N/A | ⏳ 等待 Profile 更新任务...
2026-07-23 20:58:50.495 | INFO     | N/A | ⏳ 等待 Profile 更新任务...
2026-07-23 20:58:55.525 | INFO     | N/A | ⏳ 等待 Profile 更新任务...
2026-07-23 20:59:00.534 | INFO     | N/A | ⏳ 等待 Profile 更新任务...
2026-07-23 20:59:05.583 | INFO     | N/A | ⏳ 等待 Profile 更新任务...
2026-07-23 20:59:10.610 | INFO     | N/A | ⏳ 等待 Profile 更新任务...
2026-07-23 20:59:15.640 | INFO     | N/A | ⏳ 等待 Profile 更新任务...
2026-07-23 20:59:20.664 | INFO     | N/A | ⏳ 等待 Profile 更新任务...
2026-07-23 20:59:25.693 | INFO     | N/A | ⏳ 等待 Profile 更新任务...
2026-07-23 20:59:30.722 | INFO     | N/A | ⏳ 等待 Profile 更新任务...
2026-07-23 20:59:35.758 | INFO     | N/A | ⏳ 等待 Profile 更新任务...
2026-07-23 20:59:40.785 | INFO     | N/A | ⏳ 等待 Profile 更新任务...
2026-07-23 20:59:45.812 | INFO     | N/A | ⏳ 等待 Profile 更新任务...
2026-07-23 20:59:50.839 | INFO     | N/A | ⏳ 等待 Profile 更新任务...
2026-07-23 20:59:55.869 | INFO     | N/A | ⏳ 等待 Profile 更新任务...
2026-07-23 21:00:00.916 | INFO     | N/A | ⏳ 等待 Profile 更新任务...
2026-07-23 21:00:05.953 | INFO     | N/A | ⏳ 等待 Profile 更新任务...
2026-07-23 21:00:10.982 | INFO     | N/A | ⏳ 等待 Profile 更新任务...
2026-07-23 21:00:16.011 | INFO     | N/A | ⏳ 等待 Profile 更新任务...
2026-07-23 21:00:21.039 | INFO     | N/A | ⏳ 等待 Profile 更新任务...
2026-07-23 21:00:26.066 | INFO     | N/A | ⏳ 等待 Profile 更新任务...
2026-07-23 21:00:31.097 | INFO     | N/A | ⏳ 等待 Profile 更新任务...
2026-07-23 21:00:36.132 | INFO     | N/A | ⏳ 等待 Profile 更新任务...
2026-07-23 21:00:41.167 | INFO     | N/A | ⏳ 等待 Profile 更新任务...
2026-07-23 21:00:46.242 | INFO     | N/A | ⏳ 等待 Profile 更新任务...
2026-07-23 21:00:51.269 | INFO     | N/A | ⏳ 等待 Profile 更新任务...
2026-07-23 21:00:56.298 | INFO     | N/A | ⏳ 等待 Profile 更新任务...
2026-07-23 21:01:01.331 | INFO     | N/A | ⏳ 等待 Profile 更新任务...
2026-07-23 21:01:06.362 | INFO     | N/A | ⏳ 等待 Profile 更新任务...
2026-07-23 21:01:11.393 | INFO     | N/A | ⏳ 等待 Profile 更新任务...
2026-07-23 21:01:16.422 | INFO     | N/A | ⏳ 等待 Profile 更新任务...
2026-07-23 21:01:21.449 | INFO     | N/A | ⏳ 等待 Profile 更新任务...
2026-07-23 21:01:26.479 | INFO     | N/A | ⏳ 等待 Profile 更新任务...
2026-07-23 21:01:31.511 | INFO     | N/A | ⏳ 等待 Profile 更新任务...
2026-07-23 21:01:36.579 | INFO     | N/A | ⏳ 等待 Profile 更新任务...
2026-07-23 21:01:41.607 | INFO     | N/A | ⏳ 等待 Profile 更新任务...
2026-07-23 21:01:46.636 | INFO     | N/A | ⏳ 等待 Profile 更新任务...
2026-07-23 21:01:51.662 | INFO     | N/A | ⏳ 等待 Profile 更新任务...
2026-07-23 21:01:56.690 | INFO     | N/A | ⏳ 等待 Profile 更新任务...
2026-07-23 21:02:01.723 | INFO     | N/A | ⏳ 等待 Profile 更新任务...
2026-07-23 21:02:06.753 | INFO     | N/A | ⏳ 等待 Profile 更新任务...
2026-07-23 21:02:11.782 | INFO     | N/A | ⏳ 等待 Profile 更新任务...
2026-07-23 21:02:16.808 | INFO     | N/A | ⏳ 等待 Profile 更新任务...
2026-07-23 21:02:21.837 | INFO     | N/A | ⏳ 等待 Profile 更新任务...
2026-07-23 21:02:26.868 | INFO     | N/A | ⏳ 等待 Profile 更新任务...
2026-07-23 21:02:31.901 | INFO     | N/A | ⏳ 等待 Profile 更新任务...
2026-07-23 21:02:36.930 | INFO     | N/A | ⏳ 等待 Profile 更新任务...
2026-07-23 21:02:41.960 | INFO     | N/A | ⏳ 等待 Profile 更新任务...
2026-07-23 21:02:46.989 | INFO     | N/A | ⏳ 等待 Profile 更新任务...
2026-07-23 21:02:52.016 | INFO     | N/A | ⏳ 等待 Profile 更新任务...
2026-07-23 21:02:57.045 | INFO     | N/A | ⏳ 等待 Profile 更新任务...
2026-07-23 21:03:02.081 | INFO     | N/A | ⏳ 等待 Profile 更新任务...
2026-07-23 21:03:07.110 | INFO     | N/A | ⏳ 等待 Profile 更新任务...
2026-07-23 21:03:12.139 | INFO     | N/A | ⏳ 等待 Profile 更新任务...
2026-07-23 21:03:17.168 | INFO     | N/A | ⏳ 等待 Profile 更新任务...
2026-07-23 21:03:22.193 | INFO     | N/A | ⏳ 等待 Profile 更新任务...
2026-07-23 21:03:27.223 | INFO     | N/A | ⏳ 等待 Profile 更新任务...
2026-07-23 21:03:32.229 | INFO     | N/A | ⏳ 等待 Profile 更新任务...
2026-07-23 21:03:37.292 | INFO     | N/A | ⏳ 等待 Profile 更新任务...
2026-07-23 21:03:42.320 | INFO     | N/A | ⏳ 等待 Profile 更新任务...
2026-07-23 21:03:47.349 | INFO     | N/A | ⏳ 等待 Profile 更新任务...
2026-07-23 21:03:52.376 | INFO     | N/A | ⏳ 等待 Profile 更新任务...
2026-07-23 21:03:57.407 | INFO     | N/A | ⏳ 等待 Profile 更新任务...
2026-07-23 21:04:02.432 | INFO     | N/A | ⏳ 等待 Profile 更新任务...
2026-07-23 21:04:07.470 | INFO     | N/A | ⏳ 等待 Profile 更新任务...
2026-07-23 21:04:12.499 | INFO     | N/A | ⏳ 等待 Profile 更新任务...
2026-07-23 21:04:17.527 | INFO     | N/A | ⏳ 等待 Profile 更新任务...
2026-07-23 21:04:22.557 | INFO     | N/A | ⏳ 等待 Profile 更新任务...
2026-07-23 21:04:27.585 | INFO     | N/A | ⏳ 等待 Profile 更新任务...
2026-07-23 21:04:32.621 | INFO     | N/A | ⏳ 等待 Profile 更新任务...
2026-07-23 21:04:37.650 | INFO     | N/A | ⏳ 等待 Profile 更新任务...
2026-07-23 21:04:42.677 | INFO     | N/A | ⏳ 等待 Profile 更新任务...
2026-07-23 21:04:47.703 | INFO     | N/A | ⏳ 等待 Profile 更新任务...
2026-07-23 21:04:52.757 | INFO     | N/A | ⏳ 等待 Profile 更新任务...
2026-07-23 21:04:57.787 | INFO     | N/A | ⏳ 等待 Profile 更新任务...
2026-07-23 21:05:02.823 | INFO     | N/A | ⏳ 等待 Profile 更新任务...
2026-07-23 21:05:07.852 | INFO     | N/A | ⏳ 等待 Profile 更新任务...
2026-07-23 21:05:12.883 | INFO     | N/A | ⏳ 等待 Profile 更新任务...
2026-07-23 21:05:17.910 | INFO     | N/A | ⏳ 等待 Profile 更新任务...
2026-07-23 21:05:22.936 | INFO     | N/A | ⏳ 等待 Profile 更新任务...
2026-07-23 21:05:28.011 | INFO     | N/A | ⏳ 等待 Profile 更新任务...
2026-07-23 21:05:33.027 | INFO     | N/A | ⏳ 等待 Profile 更新任务...
2026-07-23 21:05:38.075 | INFO     | N/A | ⏳ 等待 Profile 更新任务...
2026-07-23 21:05:43.101 | INFO     | N/A | ⏳ 等待 Profile 更新任务...
2026-07-23 21:05:48.129 | INFO     | N/A | ⏳ 等待 Profile 更新任务...
2026-07-23 21:05:53.156 | INFO     | N/A | ⏳ 等待 Profile 更新任务...
2026-07-23 21:05:58.184 | INFO     | N/A | ⏳ 等待 Profile 更新任务...
2026-07-23 21:06:03.225 | INFO     | N/A | ⏳ 等待 Profile 更新任务...
2026-07-23 21:06:08.255 | INFO     | N/A | ⏳ 等待 Profile 更新任务...
2026-07-23 21:06:13.309 | INFO     | N/A | ⏳ 等待 Profile 更新任务...
2026-07-23 21:06:18.339 | INFO     | N/A | ⏳ 等待 Profile 更新任务...
2026-07-23 21:06:23.365 | INFO     | N/A | ⏳ 等待 Profile 更新任务...
2026-07-23 21:06:28.395 | INFO     | N/A | ⏳ 等待 Profile 更新任务...
2026-07-23 21:06:33.496 | INFO     | N/A | ⏳ 等待 Profile 更新任务...
2026-07-23 21:06:38.523 | INFO     | N/A | ⏳ 等待 Profile 更新任务...
2026-07-23 21:06:43.552 | INFO     | N/A | ⏳ 等待 Profile 更新任务...
2026-07-23 21:06:48.580 | INFO     | N/A | ⏳ 等待 Profile 更新任务...
2026-07-23 21:06:53.607 | INFO     | N/A | ⏳ 等待 Profile 更新任务...
2026-07-23 21:06:58.634 | INFO     | N/A | ⏳ 等待 Profile 更新任务...
2026-07-23 21:07:03.672 | INFO     | N/A | ⏳ 等待 Profile 更新任务...
2026-07-23 21:07:08.700 | INFO     | N/A | ⏳ 等待 Profile 更新任务...
2026-07-23 21:07:13.729 | INFO     | N/A | ⏳ 等待 Profile 更新任务...
2026-07-23 21:07:18.757 | INFO     | N/A | ⏳ 等待 Profile 更新任务...
2026-07-23 21:07:23.787 | INFO     | N/A | ⏳ 等待 Profile 更新任务...
2026-07-23 21:07:28.814 | INFO     | N/A | ⏳ 等待 Profile 更新任务...
2026-07-23 21:07:33.846 | INFO     | N/A | ⏳ 等待 Profile 更新任务...
2026-07-23 21:07:38.872 | INFO     | N/A | ⏳ 等待 Profile 更新任务...
2026-07-23 21:07:43.901 | INFO     | N/A | ⏳ 等待 Profile 更新任务...
2026-07-23 21:07:48.928 | INFO     | N/A | ⏳ 等待 Profile 更新任务...
2026-07-23 21:07:53.957 | INFO     | N/A | ⏳ 等待 Profile 更新任务...
2026-07-23 21:07:58.987 | INFO     | N/A | ⏳ 等待 Profile 更新任务...
2026-07-23 21:08:04.029 | INFO     | N/A | ⏳ 等待 Profile 更新任务...
2026-07-23 21:08:09.053 | INFO     | N/A | ⏳ 等待 Profile 更新任务...
2026-07-23 21:08:14.081 | INFO     | N/A | ⏳ 等待 Profile 更新任务...
2026-07-23 21:08:19.108 | INFO     | N/A | ⏳ 等待 Profile 更新任务...
2026-07-23 21:08:24.135 | INFO     | N/A | ⏳ 等待 Profile 更新任务...
2026-07-23 21:08:29.164 | INFO     | N/A | ⏳ 等待 Profile 更新任务...
2026-07-23 21:08:34.201 | INFO     | N/A | ⏳ 等待 Profile 更新任务...
2026-07-23 21:08:39.234 | INFO     | N/A | ⏳ 等待 Profile 更新任务...
2026-07-23 21:08:44.261 | INFO     | N/A | ⏳ 等待 Profile 更新任务...
2026-07-23 21:08:49.289 | INFO     | N/A | ⏳ 等待 Profile 更新任务...
2026-07-23 21:08:54.316 | INFO     | N/A | ⏳ 等待 Profile 更新任务...
2026-07-23 21:08:59.344 | INFO     | N/A | ⏳ 等待 Profile 更新任务...
2026-07-23 21:09:04.380 | INFO     | N/A | ⏳ 等待 Profile 更新任务...
2026-07-23 21:09:09.419 | INFO     | N/A | ⏳ 等待 Profile 更新任务...
2026-07-23 21:09:14.446 | INFO     | N/A | ⏳ 等待 Profile 更新任务...
2026-07-23 21:09:19.475 | INFO     | N/A | ⏳ 等待 Profile 更新任务...
2026-07-23 21:09:24.506 | INFO     | N/A | ⏳ 等待 Profile 更新任务...
2026-07-23 21:09:29.535 | INFO     | N/A | ⏳ 等待 Profile 更新任务...
2026-07-23 21:09:34.575 | INFO     | N/A | ⏳ 等待 Profile 更新任务...
2026-07-23 21:09:39.603 | INFO     | N/A | ⏳ 等待 Profile 更新任务...
2026-07-23 21:09:44.632 | INFO     | N/A | ⏳ 等待 Profile 更新任务...
2026-07-23 21:09:49.662 | INFO     | N/A | ⏳ 等待 Profile 更新任务...
2026-07-23 21:09:54.689 | INFO     | N/A | ⏳ 等待 Profile 更新任务...
2026-07-23 21:09:59.718 | INFO     | N/A | ⏳ 等待 Profile 更新任务...
2026-07-23 21:10:04.756 | INFO     | N/A | ⏳ 等待 Profile 更新任务...
2026-07-23 21:10:09.842 | INFO     | N/A | ⏳ 等待 Profile 更新任务...
2026-07-23 21:10:14.870 | INFO     | N/A | ⏳ 等待 Profile 更新任务...
2026-07-23 21:10:19.899 | INFO     | N/A | ⏳ 等待 Profile 更新任务...
2026-07-23 21:10:24.927 | INFO     | N/A | ⏳ 等待 Profile 更新任务...
2026-07-23 21:10:30.010 | INFO     | N/A | ⏳ 等待 Profile 更新任务...
2026-07-23 21:10:35.041 | INFO     | N/A | ⏳ 等待 Profile 更新任务...
2026-07-23 21:10:40.157 | INFO     | N/A | ⏳ 等待 Profile 更新任务...
2026-07-23 21:10:45.185 | INFO     | N/A | ⏳ 等待 Profile 更新任务...
2026-07-23 21:10:50.216 | INFO     | N/A | ⏳ 等待 Profile 更新任务...
2026-07-23 21:10:55.249 | INFO     | N/A | ⏳ 等待 Profile 更新任务...
2026-07-23 21:11:00.276 | INFO     | N/A | ⏳ 等待 Profile 更新任务...
2026-07-23 21:11:05.316 | INFO     | N/A | ⏳ 等待 Profile 更新任务...
2026-07-23 21:11:10.345 | INFO     | N/A | ⏳ 等待 Profile 更新任务...
2026-07-23 21:11:15.373 | INFO     | N/A | ⏳ 等待 Profile 更新任务...
2026-07-23 21:11:20.399 | INFO     | N/A | ⏳ 等待 Profile 更新任务...
2026-07-23 21:11:25.422 | INFO     | N/A | ⏳ 等待 Profile 更新任务...
2026-07-23 21:11:30.449 | INFO     | N/A | ⏳ 等待 Profile 更新任务...
2026-07-23 21:11:35.487 | INFO     | N/A | ⏳ 等待 Profile 更新任务...
2026-07-23 21:11:40.512 | INFO     | N/A | ⏳ 等待 Profile 更新任务...
2026-07-23 21:11:45.541 | INFO     | N/A | ⏳ 等待 Profile 更新任务...
2026-07-23 21:11:50.569 | INFO     | N/A | ⏳ 等待 Profile 更新任务...
2026-07-23 21:11:55.623 | INFO     | N/A | ⏳ 等待 Profile 更新任务...
2026-07-23 21:12:00.652 | INFO     | N/A | ⏳ 等待 Profile 更新任务...
2026-07-23 21:12:05.689 | INFO     | N/A | ⏳ 等待 Profile 更新任务...
2026-07-23 21:12:10.720 | INFO     | N/A | ⏳ 等待 Profile 更新任务...
2026-07-23 21:12:15.746 | INFO     | N/A | ⏳ 等待 Profile 更新任务...
2026-07-23 21:12:20.775 | INFO     | N/A | ⏳ 等待 Profile 更新任务...
2026-07-23 21:12:25.801 | INFO     | N/A | ⏳ 等待 Profile 更新任务...
2026-07-23 21:12:30.829 | INFO     | N/A | ⏳ 等待 Profile 更新任务...
2026-07-23 21:12:35.869 | INFO     | N/A | ⏳ 等待 Profile 更新任务...
2026-07-23 21:12:40.896 | INFO     | N/A | ⏳ 等待 Profile 更新任务...
2026-07-23 21:12:45.925 | INFO     | N/A | ⏳ 等待 Profile 更新任务...
2026-07-23 21:12:50.955 | INFO     | N/A | ⏳ 等待 Profile 更新任务...
2026-07-23 21:12:55.986 | INFO     | N/A | ⏳ 等待 Profile 更新任务...
2026-07-23 21:13:01.014 | INFO     | N/A | ⏳ 等待 Profile 更新任务...
2026-07-23 21:13:06.050 | INFO     | N/A | ⏳ 等待 Profile 更新任务...
2026-07-23 21:13:11.079 | INFO     | N/A | ⏳ 等待 Profile 更新任务...
2026-07-23 21:13:16.145 | INFO     | N/A | ⏳ 等待 Profile 更新任务...
2026-07-23 21:13:21.169 | INFO     | N/A | ⏳ 等待 Profile 更新任务...
2026-07-23 21:13:26.192 | INFO     | N/A | ⏳ 等待 Profile 更新任务...
2026-07-23 21:13:31.238 | INFO     | N/A | ⏳ 等待 Profile 更新任务...
2026-07-23 21:13:36.273 | INFO     | N/A | ⏳ 等待 Profile 更新任务...
2026-07-23 21:13:41.296 | INFO     | N/A | ⏳ 等待 Profile 更新任务...
2026-07-23 21:13:46.316 | INFO     | N/A | ⏳ 等待 Profile 更新任务...
2026-07-23 21:13:51.343 | INFO     | N/A | ⏳ 等待 Profile 更新任务...
2026-07-23 21:13:56.389 | INFO     | N/A | ⏳ 等待 Profile 更新任务...
2026-07-23 21:14:01.413 | INFO     | N/A | ⏳ 等待 Profile 更新任务...
2026-07-23 21:14:06.445 | INFO     | N/A | ⏳ 等待 Profile 更新任务...
2026-07-23 21:14:11.470 | INFO     | N/A | ⏳ 等待 Profile 更新任务...
2026-07-23 21:14:16.494 | INFO     | N/A | ⏳ 等待 Profile 更新任务...
2026-07-23 21:14:21.518 | INFO     | N/A | ⏳ 等待 Profile 更新任务...
2026-07-23 21:14:26.548 | INFO     | N/A | ⏳ 等待 Profile 更新任务...
2026-07-23 21:14:31.571 | INFO     | N/A | ⏳ 等待 Profile 更新任务...
2026-07-23 21:14:36.605 | INFO     | N/A | ⏳ 等待 Profile 更新任务...
2026-07-23 21:14:41.634 | INFO     | N/A | ⏳ 等待 Profile 更新任务...
2026-07-23 21:14:46.723 | INFO     | N/A | ⏳ 等待 Profile 更新任务...
2026-07-23 21:14:51.752 | INFO     | N/A | ⏳ 等待 Profile 更新任务...
2026-07-23 21:14:56.782 | INFO     | N/A | ⏳ 等待 Profile 更新任务...
2026-07-23 21:15:01.810 | INFO     | N/A | ⏳ 等待 Profile 更新任务...
2026-07-23 21:15:06.844 | INFO     | N/A | ⏳ 等待 Profile 更新任务...
2026-07-23 21:15:11.874 | INFO     | N/A | ⏳ 等待 Profile 更新任务...
2026-07-23 21:15:16.902 | INFO     | N/A | ⏳ 等待 Profile 更新任务...
2026-07-23 21:15:21.933 | INFO     | N/A | ⏳ 等待 Profile 更新任务...
2026-07-23 21:15:26.961 | INFO     | N/A | ⏳ 等待 Profile 更新任务...
2026-07-23 21:15:32.000 | INFO     | N/A | ⏳ 等待 Profile 更新任务...
2026-07-23 21:15:37.036 | INFO     | N/A | ⏳ 等待 Profile 更新任务...
2026-07-23 21:15:42.067 | INFO     | N/A | ⏳ 等待 Profile 更新任务...
2026-07-23 21:15:47.094 | INFO     | N/A | ⏳ 等待 Profile 更新任务...
2026-07-23 21:15:52.121 | INFO     | N/A | ⏳ 等待 Profile 更新任务...
2026-07-23 21:15:57.151 | INFO     | N/A | ⏳ 等待 Profile 更新任务...
2026-07-23 21:16:02.187 | INFO     | N/A | ⏳ 等待 Profile 更新任务...
2026-07-23 21:16:07.224 | INFO     | N/A | ⏳ 等待 Profile 更新任务...
2026-07-23 21:16:12.252 | INFO     | N/A | ⏳ 等待 Profile 更新任务...
2026-07-23 21:16:17.279 | INFO     | N/A | ⏳ 等待 Profile 更新任务...
2026-07-23 21:16:22.307 | INFO     | N/A | ⏳ 等待 Profile 更新任务...
2026-07-23 21:16:27.333 | INFO     | N/A | ⏳ 等待 Profile 更新任务...
2026-07-23 21:16:32.359 | INFO     | N/A | ⏳ 等待 Profile 更新任务...
2026-07-23 21:16:37.397 | INFO     | N/A | ⏳ 等待 Profile 更新任务...
2026-07-23 21:16:42.427 | INFO     | N/A | ⏳ 等待 Profile 更新任务...
2026-07-23 21:16:47.454 | INFO     | N/A | ⏳ 等待 Profile 更新任务...
2026-07-23 21:16:52.482 | INFO     | N/A | ⏳ 等待 Profile 更新任务...
2026-07-23 21:16:57.510 | INFO     | N/A | ⏳ 等待 Profile 更新任务...
2026-07-23 21:17:02.539 | INFO     | N/A | ⏳ 等待 Profile 更新任务...
2026-07-23 21:17:07.577 | INFO     | N/A | ⏳ 等待 Profile 更新任务...
2026-07-23 21:17:12.603 | INFO     | N/A | ⏳ 等待 Profile 更新任务...
2026-07-23 21:17:17.630 | INFO     | N/A | ⏳ 等待 Profile 更新任务...
2026-07-23 21:17:22.656 | INFO     | N/A | ⏳ 等待 Profile 更新任务...
2026-07-23 21:17:27.683 | INFO     | N/A | ⏳ 等待 Profile 更新任务...
2026-07-23 21:17:32.711 | INFO     | N/A | ⏳ 等待 Profile 更新任务...
2026-07-23 21:17:37.749 | INFO     | N/A | ⏳ 等待 Profile 更新任务...
2026-07-23 21:17:42.776 | INFO     | N/A | ⏳ 等待 Profile 更新任务...
2026-07-23 21:17:47.804 | INFO     | N/A | ⏳ 等待 Profile 更新任务...
2026-07-23 21:17:52.834 | INFO     | N/A | ⏳ 等待 Profile 更新任务...
2026-07-23 21:17:57.863 | INFO     | N/A | ⏳ 等待 Profile 更新任务...
2026-07-23 21:18:02.889 | INFO     | N/A | ⏳ 等待 Profile 更新任务...
2026-07-23 21:18:07.925 | INFO     | N/A | ⏳ 等待 Profile 更新任务...
2026-07-23 21:18:12.955 | INFO     | N/A | ⏳ 等待 Profile 更新任务...
2026-07-23 21:18:17.984 | INFO     | N/A | ⏳ 等待 Profile 更新任务...
2026-07-23 21:18:23.012 | INFO     | N/A | ⏳ 等待 Profile 更新任务...
2026-07-23 21:18:28.039 | INFO     | N/A | ⏳ 等待 Profile 更新任务...
2026-07-23 21:18:33.067 | INFO     | N/A | ⏳ 等待 Profile 更新任务...
2026-07-23 21:18:38.104 | INFO     | N/A | ⏳ 等待 Profile 更新任务...
2026-07-23 21:18:43.131 | INFO     | N/A | ⏳ 等待 Profile 更新任务...
2026-07-23 21:18:48.160 | INFO     | N/A | ⏳ 等待 Profile 更新任务...
2026-07-23 21:18:53.188 | INFO     | N/A | ⏳ 等待 Profile 更新任务...
2026-07-23 21:18:58.219 | INFO     | N/A | ⏳ 等待 Profile 更新任务...
2026-07-23 21:19:03.247 | INFO     | N/A | ⏳ 等待 Profile 更新任务...
2026-07-23 21:19:08.283 | INFO     | N/A | ⏳ 等待 Profile 更新任务...
2026-07-23 21:19:13.312 | INFO     | N/A | ⏳ 等待 Profile 更新任务...
2026-07-23 21:19:18.341 | INFO     | N/A | ⏳ 等待 Profile 更新任务...
2026-07-23 21:19:23.368 | INFO     | N/A | ⏳ 等待 Profile 更新任务...
2026-07-23 21:19:28.397 | INFO     | N/A | ⏳ 等待 Profile 更新任务...
2026-07-23 21:19:33.427 | INFO     | N/A | ⏳ 等待 Profile 更新任务...
2026-07-23 21:19:38.461 | INFO     | N/A | ⏳ 等待 Profile 更新任务...
2026-07-23 21:19:43.488 | INFO     | N/A | ⏳ 等待 Profile 更新任务...
2026-07-23 21:19:48.516 | INFO     | N/A | ⏳ 等待 Profile 更新任务...
2026-07-23 21:19:53.546 | INFO     | N/A | ⏳ 等待 Profile 更新任务...
2026-07-23 21:19:58.575 | INFO     | N/A | ⏳ 等待 Profile 更新任务...
2026-07-23 21:20:03.604 | INFO     | N/A | ⏳ 等待 Profile 更新任务...
2026-07-23 21:20:08.641 | INFO     | N/A | ⏳ 等待 Profile 更新任务...
2026-07-23 21:20:13.669 | INFO     | N/A | ⏳ 等待 Profile 更新任务...
2026-07-23 21:20:18.700 | INFO     | N/A | ⏳ 等待 Profile 更新任务...
2026-07-23 21:20:23.724 | INFO     | N/A | ⏳ 等待 Profile 更新任务...
2026-07-23 21:20:28.753 | INFO     | N/A | ⏳ 等待 Profile 更新任务...
2026-07-23 21:20:33.779 | INFO     | N/A | ⏳ 等待 Profile 更新任务...
2026-07-23 21:20:38.816 | INFO     | N/A | ⏳ 等待 Profile 更新任务...
2026-07-23 21:20:43.847 | INFO     | N/A | ⏳ 等待 Profile 更新任务...
2026-07-23 21:20:48.876 | INFO     | N/A | ⏳ 等待 Profile 更新任务...
2026-07-23 21:20:53.928 | INFO     | N/A | ⏳ 等待 Profile 更新任务...
2026-07-23 21:20:58.954 | INFO     | N/A | ⏳ 等待 Profile 更新任务...
2026-07-23 21:21:03.982 | INFO     | N/A | ⏳ 等待 Profile 更新任务...
2026-07-23 21:21:09.020 | INFO     | N/A | ⏳ 等待 Profile 更新任务...
2026-07-23 21:21:14.048 | INFO     | N/A | ⏳ 等待 Profile 更新任务...
2026-07-23 21:21:19.076 | INFO     | N/A | ⏳ 等待 Profile 更新任务...
2026-07-23 21:21:24.104 | INFO     | N/A | ⏳ 等待 Profile 更新任务...
2026-07-23 21:21:29.131 | INFO     | N/A | ⏳ 等待 Profile 更新任务...
2026-07-23 21:21:34.160 | INFO     | N/A | ⏳ 等待 Profile 更新任务...
2026-07-23 21:21:39.196 | INFO     | N/A | ⏳ 等待 Profile 更新任务...
2026-07-23 21:21:44.223 | INFO     | N/A | ⏳ 等待 Profile 更新任务...
2026-07-23 21:21:49.249 | INFO     | N/A | ⏳ 等待 Profile 更新任务...
2026-07-23 21:21:54.278 | INFO     | N/A | ⏳ 等待 Profile 更新任务...
2026-07-23 21:21:59.307 | INFO     | N/A | ⏳ 等待 Profile 更新任务...
2026-07-23 21:22:04.335 | INFO     | N/A | ⏳ 等待 Profile 更新任务...
2026-07-23 21:22:09.371 | INFO     | N/A | ⏳ 等待 Profile 更新任务...
2026-07-23 21:22:14.401 | INFO     | N/A | ⏳ 等待 Profile 更新任务...
2026-07-23 21:22:19.428 | INFO     | N/A | ⏳ 等待 Profile 更新任务...
2026-07-23 21:22:24.455 | INFO     | N/A | ⏳ 等待 Profile 更新任务...
2026-07-23 21:22:29.484 | INFO     | N/A | ⏳ 等待 Profile 更新任务...
2026-07-23 21:22:34.507 | INFO     | N/A | ⏳ 等待 Profile 更新任务...
2026-07-23 21:22:39.546 | INFO     | N/A | ⏳ 等待 Profile 更新任务...
2026-07-23 21:22:44.575 | INFO     | N/A | ⏳ 等待 Profile 更新任务...
2026-07-23 21:22:49.609 | INFO     | N/A | ⏳ 等待 Profile 更新任务...
2026-07-23 21:22:54.639 | INFO     | N/A | ⏳ 等待 Profile 更新任务...
2026-07-23 21:22:59.668 | INFO     | N/A | ⏳ 等待 Profile 更新任务...
2026-07-23 21:23:04.695 | INFO     | N/A | ⏳ 等待 Profile 更新任务...
2026-07-23 21:23:09.734 | INFO     | N/A | ⏳ 等待 Profile 更新任务...
2026-07-23 21:23:14.760 | INFO     | N/A | ⏳ 等待 Profile 更新任务...
2026-07-23 21:23:19.789 | INFO     | N/A | ⏳ 等待 Profile 更新任务...
2026-07-23 21:23:24.824 | INFO     | N/A | ⏳ 等待 Profile 更新任务...
2026-07-23 21:23:29.926 | INFO     | N/A | ⏳ 等待 Profile 更新任务...
2026-07-23 21:23:34.953 | INFO     | N/A | ⏳ 等待 Profile 更新任务...
2026-07-23 21:23:39.990 | INFO     | N/A | ⏳ 等待 Profile 更新任务...
2026-07-23 21:23:45.018 | INFO     | N/A | ⏳ 等待 Profile 更新任务...
2026-07-23 21:23:50.045 | INFO     | N/A | ⏳ 等待 Profile 更新任务...
2026-07-23 21:23:55.073 | INFO     | N/A | ⏳ 等待 Profile 更新任务...
2026-07-23 21:24:00.100 | INFO     | N/A | ⏳ 等待 Profile 更新任务...
2026-07-23 21:24:05.129 | INFO     | N/A | ⏳ 等待 Profile 更新任务...
2026-07-23 21:24:10.165 | INFO     | N/A | ⏳ 等待 Profile 更新任务...
2026-07-23 21:24:15.192 | INFO     | N/A | ⏳ 等待 Profile 更新任务...
2026-07-23 21:24:20.249 | INFO     | N/A | ⏳ 等待 Profile 更新任务...
2026-07-23 21:24:25.280 | INFO     | N/A | ⏳ 等待 Profile 更新任务...
2026-07-23 21:24:30.307 | INFO     | N/A | ⏳ 等待 Profile 更新任务...
2026-07-23 21:24:35.333 | INFO     | N/A | ⏳ 等待 Profile 更新任务...
2026-07-23 21:24:40.369 | INFO     | N/A | ⏳ 等待 Profile 更新任务...
2026-07-23 21:24:45.397 | INFO     | N/A | ⏳ 等待 Profile 更新任务...
2026-07-23 21:24:50.425 | INFO     | N/A | ⏳ 等待 Profile 更新任务...
2026-07-23 21:24:55.450 | INFO     | N/A | ⏳ 等待 Profile 更新任务...
2026-07-23 21:25:00.479 | INFO     | N/A | ⏳ 等待 Profile 更新任务...
2026-07-23 21:25:05.509 | INFO     | N/A | ⏳ 等待 Profile 更新任务...
2026-07-23 21:25:10.546 | INFO     | N/A | ⏳ 等待 Profile 更新任务...
2026-07-23 21:25:15.575 | INFO     | N/A | ⏳ 等待 Profile 更新任务...
2026-07-23 21:25:20.603 | INFO     | N/A | ⏳ 等待 Profile 更新任务...
2026-07-23 21:25:25.631 | INFO     | N/A | ⏳ 等待 Profile 更新任务...
2026-07-23 21:25:30.656 | INFO     | N/A | ⏳ 等待 Profile 更新任务...
2026-07-23 21:25:35.685 | INFO     | N/A | ⏳ 等待 Profile 更新任务...
2026-07-23 21:25:40.719 | INFO     | N/A | ⏳ 等待 Profile 更新任务...
2026-07-23 21:25:45.747 | INFO     | N/A | ⏳ 等待 Profile 更新任务...
2026-07-23 21:25:50.780 | INFO     | N/A | ⏳ 等待 Profile 更新任务...
2026-07-23 21:25:55.834 | INFO     | N/A | ⏳ 等待 Profile 更新任务...
2026-07-23 21:26:00.863 | INFO     | N/A | ⏳ 等待 Profile 更新任务...
2026-07-23 21:26:05.896 | INFO     | N/A | ⏳ 等待 Profile 更新任务...
2026-07-23 21:26:10.961 | INFO     | N/A | ⏳ 等待 Profile 更新任务...
2026-07-23 21:26:15.991 | INFO     | N/A | ⏳ 等待 Profile 更新任务...
2026-07-23 21:26:21.019 | INFO     | N/A | ⏳ 等待 Profile 更新任务...
2026-07-23 21:26:26.045 | INFO     | N/A | ⏳ 等待 Profile 更新任务...
2026-07-23 21:26:31.074 | INFO     | N/A | ⏳ 等待 Profile 更新任务...
2026-07-23 21:26:36.103 | INFO     | N/A | ⏳ 等待 Profile 更新任务...
2026-07-23 21:26:41.138 | INFO     | N/A | ⏳ 等待 Profile 更新任务...
2026-07-23 21:26:46.168 | INFO     | N/A | ⏳ 等待 Profile 更新任务...
2026-07-23 21:26:51.194 | INFO     | N/A | ⏳ 等待 Profile 更新任务...
2026-07-23 21:26:56.222 | INFO     | N/A | ⏳ 等待 Profile 更新任务...
2026-07-23 21:27:01.251 | INFO     | N/A | ⏳ 等待 Profile 更新任务...
2026-07-23 21:27:06.277 | INFO     | N/A | ⏳ 等待 Profile 更新任务...
2026-07-23 21:27:11.307 | INFO     | N/A | ⏳ 等待 Profile 更新任务...
2026-07-23 21:27:16.331 | INFO     | N/A | ⏳ 等待 Profile 更新任务...
2026-07-23 21:27:21.357 | INFO     | N/A | ⏳ 等待 Profile 更新任务...
2026-07-23 21:27:26.385 | INFO     | N/A | ⏳ 等待 Profile 更新任务...
2026-07-23 21:27:31.410 | INFO     | N/A | ⏳ 等待 Profile 更新任务...
2026-07-23 21:27:36.427 | INFO     | N/A | ⏳ 等待 Profile 更新任务...
2026-07-23 21:27:41.469 | INFO     | N/A | ⏳ 等待 Profile 更新任务...
2026-07-23 21:27:46.493 | INFO     | N/A | ⏳ 等待 Profile 更新任务...
2026-07-23 21:27:51.515 | INFO     | N/A | ⏳ 等待 Profile 更新任务...
2026-07-23 21:27:56.540 | INFO     | N/A | ⏳ 等待 Profile 更新任务...
2026-07-23 21:28:01.566 | INFO     | N/A | ⏳ 等待 Profile 更新任务...
2026-07-23 21:28:06.623 | INFO     | N/A | ⏳ 等待 Profile 更新任务...
2026-07-23 21:28:11.652 | INFO     | N/A | ⏳ 等待 Profile 更新任务...
2026-07-23 21:28:16.677 | INFO     | N/A | ⏳ 等待 Profile 更新任务...
2026-07-23 21:28:21.703 | INFO     | N/A | ⏳ 等待 Profile 更新任务...
2026-07-23 21:28:26.733 | INFO     | N/A | ⏳ 等待 Profile 更新任务...
2026-07-23 21:28:31.762 | INFO     | N/A | ⏳ 等待 Profile 更新任务...
2026-07-23 21:28:36.794 | INFO     | N/A | ⏳ 等待 Profile 更新任务...
2026-07-23 21:28:41.831 | INFO     | N/A | ⏳ 等待 Profile 更新任务...
2026-07-23 21:28:46.859 | INFO     | N/A | ⏳ 等待 Profile 更新任务...
2026-07-23 21:28:51.887 | INFO     | N/A | ⏳ 等待 Profile 更新任务...
2026-07-23 21:28:56.919 | INFO     | N/A | ⏳ 等待 Profile 更新任务...
2026-07-23 21:29:01.965 | INFO     | N/A | ⏳ 等待 Profile 更新任务...
2026-07-23 21:29:06.998 | INFO     | N/A | ⏳ 等待 Profile 更新任务...
2026-07-23 21:29:12.032 | INFO     | N/A | ⏳ 等待 Profile 更新任务...
2026-07-23 21:29:17.059 | INFO     | N/A | ⏳ 等待 Profile 更新任务...
2026-07-23 21:29:22.085 | INFO     | N/A | ⏳ 等待 Profile 更新任务...
2026-07-23 21:29:27.166 | INFO     | N/A | ⏳ 等待 Profile 更新任务...
2026-07-23 21:29:32.190 | INFO     | N/A | ⏳ 等待 Profile 更新任务...
2026-07-23 21:29:37.224 | INFO     | N/A | ⏳ 等待 Profile 更新任务...
2026-07-23 21:29:42.257 | INFO     | N/A | ⏳ 等待 Profile 更新任务...
2026-07-23 21:29:47.284 | INFO     | N/A | ⏳ 等待 Profile 更新任务...
2026-07-23 21:29:52.314 | INFO     | N/A | ⏳ 等待 Profile 更新任务...
2026-07-23 21:29:57.343 | INFO     | N/A | ⏳ 等待 Profile 更新任务...
2026-07-23 21:30:02.372 | INFO     | N/A | ⏳ 等待 Profile 更新任务...
2026-07-23 21:30:07.406 | INFO     | N/A | ⏳ 等待 Profile 更新任务...
2026-07-23 21:30:12.434 | INFO     | N/A | ⏳ 等待 Profile 更新任务...
2026-07-23 21:30:17.463 | INFO     | N/A | ⏳ 等待 Profile 更新任务...
2026-07-23 21:30:22.489 | INFO     | N/A | ⏳ 等待 Profile 更新任务...
2026-07-23 21:30:27.519 | INFO     | N/A | ⏳ 等待 Profile 更新任务...
2026-07-23 21:30:32.548 | INFO     | N/A | ⏳ 等待 Profile 更新任务...
2026-07-23 21:30:37.586 | INFO     | N/A | ⏳ 等待 Profile 更新任务...
2026-07-23 21:30:42.617 | INFO     | N/A | ⏳ 等待 Profile 更新任务...
2026-07-23 21:30:47.647 | INFO     | N/A | ⏳ 等待 Profile 更新任务...
2026-07-23 21:30:52.674 | INFO     | N/A | ⏳ 等待 Profile 更新任务...
2026-07-23 21:30:57.701 | INFO     | N/A | ⏳ 等待 Profile 更新任务...
2026-07-23 21:31:02.728 | INFO     | N/A | ⏳ 等待 Profile 更新任务...
2026-07-23 21:31:07.741 | INFO     | N/A | ⏳ 等待 Profile 更新任务...
2026-07-23 21:31:12.791 | INFO     | N/A | ⏳ 等待 Profile 更新任务...
2026-07-23 21:31:17.819 | INFO     | N/A | ⏳ 等待 Profile 更新任务...
2026-07-23 21:31:22.902 | INFO     | N/A | ⏳ 等待 Profile 更新任务...
2026-07-23 21:31:27.955 | INFO     | N/A | ⏳ 等待 Profile 更新任务...
2026-07-23 21:31:32.980 | INFO     | N/A | ⏳ 等待 Profile 更新任务...
2026-07-23 21:31:38.016 | INFO     | N/A | ⏳ 等待 Profile 更新任务...
2026-07-23 21:31:43.047 | INFO     | N/A | ⏳ 等待 Profile 更新任务...
2026-07-23 21:31:48.076 | INFO     | N/A | ⏳ 等待 Profile 更新任务...
2026-07-23 21:31:53.102 | INFO     | N/A | ⏳ 等待 Profile 更新任务...
2026-07-23 21:31:58.132 | INFO     | N/A | ⏳ 等待 Profile 更新任务...
2026-07-23 21:32:03.160 | INFO     | N/A | ⏳ 等待 Profile 更新任务...
2026-07-23 21:32:08.197 | INFO     | N/A | ⏳ 等待 Profile 更新任务...
2026-07-23 21:32:13.224 | INFO     | N/A | ⏳ 等待 Profile 更新任务...
2026-07-23 21:32:18.250 | INFO     | N/A | ⏳ 等待 Profile 更新任务...
2026-07-23 21:32:23.274 | INFO     | N/A | ⏳ 等待 Profile 更新任务...
2026-07-23 21:32:28.302 | INFO     | N/A | ⏳ 等待 Profile 更新任务...
2026-07-23 21:32:33.331 | INFO     | N/A | ⏳ 等待 Profile 更新任务...
2026-07-23 21:32:38.367 | INFO     | N/A | ⏳ 等待 Profile 更新任务...
2026-07-23 21:32:43.395 | INFO     | N/A | ⏳ 等待 Profile 更新任务...
2026-07-23 21:32:48.423 | INFO     | N/A | ⏳ 等待 Profile 更新任务...
2026-07-23 21:32:53.450 | INFO     | N/A | ⏳ 等待 Profile 更新任务...
2026-07-23 21:32:58.477 | INFO     | N/A | ⏳ 等待 Profile 更新任务...
2026-07-23 21:33:03.504 | INFO     | N/A | ⏳ 等待 Profile 更新任务...
2026-07-23 21:33:08.537 | INFO     | N/A | ⏳ 等待 Profile 更新任务...
2026-07-23 21:33:13.564 | INFO     | N/A | ⏳ 等待 Profile 更新任务...
2026-07-23 21:33:18.592 | INFO     | N/A | ⏳ 等待 Profile 更新任务...
2026-07-23 21:33:23.619 | INFO     | N/A | ⏳ 等待 Profile 更新任务...
2026-07-23 21:33:28.649 | INFO     | N/A | ⏳ 等待 Profile 更新任务...
2026-07-23 21:33:33.678 | INFO     | N/A | ⏳ 等待 Profile 更新任务...
2026-07-23 21:33:38.716 | INFO     | N/A | ⏳ 等待 Profile 更新任务...
2026-07-23 21:33:43.749 | INFO     | N/A | ⏳ 等待 Profile 更新任务...
2026-07-23 21:33:48.779 | INFO     | N/A | ⏳ 等待 Profile 更新任务...
2026-07-23 21:33:53.805 | INFO     | N/A | ⏳ 等待 Profile 更新任务...
2026-07-23 21:33:58.832 | INFO     | N/A | ⏳ 等待 Profile 更新任务...
2026-07-23 21:34:03.861 | INFO     | N/A | ⏳ 等待 Profile 更新任务...
2026-07-23 21:34:08.897 | INFO     | N/A | ⏳ 等待 Profile 更新任务...
2026-07-23 21:34:13.955 | INFO     | N/A | ⏳ 等待 Profile 更新任务...
2026-07-23 21:34:18.982 | INFO     | N/A | ⏳ 等待 Profile 更新任务...
2026-07-23 21:34:24.010 | INFO     | N/A | ⏳ 等待 Profile 更新任务...
2026-07-23 21:34:29.041 | INFO     | N/A | ⏳ 等待 Profile 更新任务...
2026-07-23 21:34:34.085 | INFO     | N/A | ⏳ 等待 Profile 更新任务...
2026-07-23 21:34:39.123 | INFO     | N/A | ⏳ 等待 Profile 更新任务...
2026-07-23 21:34:44.151 | INFO     | N/A | ⏳ 等待 Profile 更新任务...
2026-07-23 21:34:49.179 | INFO     | N/A | ⏳ 等待 Profile 更新任务...
2026-07-23 21:34:54.208 | INFO     | N/A | ⏳ 等待 Profile 更新任务...
2026-07-23 21:34:59.237 | INFO     | N/A | ⏳ 等待 Profile 更新任务...
2026-07-23 21:35:04.261 | INFO     | N/A | ⏳ 等待 Profile 更新任务...
2026-07-23 21:35:09.298 | INFO     | N/A | ⏳ 等待 Profile 更新任务...
2026-07-23 21:35:14.327 | INFO     | N/A | ⏳ 等待 Profile 更新任务...
2026-07-23 21:35:19.357 | INFO     | N/A | ⏳ 等待 Profile 更新任务...
2026-07-23 21:35:24.382 | INFO     | N/A | ⏳ 等待 Profile 更新任务...
2026-07-23 21:35:29.430 | INFO     | N/A | ⏳ 等待 Profile 更新任务...
2026-07-23 21:35:34.472 | INFO     | N/A | ⏳ 等待 Profile 更新任务...
2026-07-23 21:35:39.507 | INFO     | N/A | ⏳ 等待 Profile 更新任务...
2026-07-23 21:35:44.538 | INFO     | N/A | ⏳ 等待 Profile 更新任务...
2026-07-23 21:35:49.565 | INFO     | N/A | ⏳ 等待 Profile 更新任务...
2026-07-23 21:35:54.595 | INFO     | N/A | ⏳ 等待 Profile 更新任务...
2026-07-23 21:35:59.622 | INFO     | N/A | ⏳ 等待 Profile 更新任务...
2026-07-23 21:36:04.653 | INFO     | N/A | ⏳ 等待 Profile 更新任务...
2026-07-23 21:36:09.692 | INFO     | N/A | ⏳ 等待 Profile 更新任务...
2026-07-23 21:36:14.718 | INFO     | N/A | ⏳ 等待 Profile 更新任务...
2026-07-23 21:36:19.748 | INFO     | N/A | ⏳ 等待 Profile 更新任务...
2026-07-23 21:36:24.775 | INFO     | N/A | ⏳ 等待 Profile 更新任务...
2026-07-23 21:36:29.802 | INFO     | N/A | ⏳ 等待 Profile 更新任务...
2026-07-23 21:36:34.832 | INFO     | N/A | ⏳ 等待 Profile 更新任务...
2026-07-23 21:36:39.869 | INFO     | N/A | ⏳ 等待 Profile 更新任务...
2026-07-23 21:36:44.898 | INFO     | N/A | ⏳ 等待 Profile 更新任务...
2026-07-23 21:36:49.926 | INFO     | N/A | ⏳ 等待 Profile 更新任务...
2026-07-23 21:36:54.954 | INFO     | N/A | ⏳ 等待 Profile 更新任务...
2026-07-23 21:36:59.982 | INFO     | N/A | ⏳ 等待 Profile 更新任务...
2026-07-23 21:37:05.009 | INFO     | N/A | ⏳ 等待 Profile 更新任务...
2026-07-23 21:37:10.050 | INFO     | N/A | ⏳ 等待 Profile 更新任务...
2026-07-23 21:37:15.082 | INFO     | N/A | ⏳ 等待 Profile 更新任务...
2026-07-23 21:37:20.111 | INFO     | N/A | ⏳ 等待 Profile 更新任务...
2026-07-23 21:37:25.140 | INFO     | N/A | ⏳ 等待 Profile 更新任务...
2026-07-23 21:37:30.169 | INFO     | N/A | ⏳ 等待 Profile 更新任务...
2026-07-23 21:37:35.203 | INFO     | N/A | ⏳ 等待 Profile 更新任务...
2026-07-23 21:37:40.265 | INFO     | N/A | ⏳ 等待 Profile 更新任务...
2026-07-23 21:37:45.296 | INFO     | N/A | ⏳ 等待 Profile 更新任务...
2026-07-23 21:37:50.323 | INFO     | N/A | ⏳ 等待 Profile 更新任务...
2026-07-23 21:37:55.351 | INFO     | N/A | ⏳ 等待 Profile 更新任务...
2026-07-23 21:38:00.378 | INFO     | N/A | ⏳ 等待 Profile 更新任务...
2026-07-23 21:38:05.409 | INFO     | N/A | ⏳ 等待 Profile 更新任务...
2026-07-23 21:38:10.446 | INFO     | N/A | ⏳ 等待 Profile 更新任务...
2026-07-23 21:38:15.479 | INFO     | N/A | ⏳ 等待 Profile 更新任务...
2026-07-23 21:38:20.509 | INFO     | N/A | ⏳ 等待 Profile 更新任务...
2026-07-23 21:38:25.536 | INFO     | N/A | ⏳ 等待 Profile 更新任务...
2026-07-23 21:38:30.563 | INFO     | N/A | ⏳ 等待 Profile 更新任务...
2026-07-23 21:38:35.589 | INFO     | N/A | ⏳ 等待 Profile 更新任务...
2026-07-23 21:38:40.629 | INFO     | N/A | ⏳ 等待 Profile 更新任务...
2026-07-23 21:38:45.659 | INFO     | N/A | ⏳ 等待 Profile 更新任务...
2026-07-23 21:38:50.721 | INFO     | N/A | ⏳ 等待 Profile 更新任务...
2026-07-23 21:38:55.748 | INFO     | N/A | ⏳ 等待 Profile 更新任务...
2026-07-23 21:39:00.779 | INFO     | N/A | ⏳ 等待 Profile 更新任务...
2026-07-23 21:39:05.806 | INFO     | N/A | ⏳ 等待 Profile 更新任务...
2026-07-23 21:39:10.846 | INFO     | N/A | ⏳ 等待 Profile 更新任务...
2026-07-23 21:39:15.876 | INFO     | N/A | ⏳ 等待 Profile 更新任务...
2026-07-23 21:39:20.969 | INFO     | N/A | ⏳ 等待 Profile 更新任务...
2026-07-23 21:39:25.998 | INFO     | N/A | ⏳ 等待 Profile 更新任务...
2026-07-23 21:39:31.027 | INFO     | N/A | ⏳ 等待 Profile 更新任务...
2026-07-23 21:39:36.095 | INFO     | N/A | ⏳ 等待 Profile 更新任务...
2026-07-23 21:39:41.168 | INFO     | N/A | ⏳ 等待 Profile 更新任务...
2026-07-23 21:39:46.195 | INFO     | N/A | ⏳ 等待 Profile 更新任务...
2026-07-23 21:39:51.224 | INFO     | N/A | ⏳ 等待 Profile 更新任务...
2026-07-23 21:39:56.251 | INFO     | N/A | ⏳ 等待 Profile 更新任务...
2026-07-23 21:40:01.282 | INFO     | N/A | ⏳ 等待 Profile 更新任务...
2026-07-23 21:40:06.312 | INFO     | N/A | ⏳ 等待 Profile 更新任务...
2026-07-23 21:40:11.348 | INFO     | N/A | ⏳ 等待 Profile 更新任务...
2026-07-23 21:40:16.377 | INFO     | N/A | ⏳ 等待 Profile 更新任务...
2026-07-23 21:40:21.423 | INFO     | N/A | ⏳ 等待 Profile 更新任务...
2026-07-23 21:40:26.450 | INFO     | N/A | ⏳ 等待 Profile 更新任务...
2026-07-23 21:40:31.473 | INFO     | N/A | ⏳ 等待 Profile 更新任务...
2026-07-23 21:40:36.499 | INFO     | N/A | ⏳ 等待 Profile 更新任务...
2026-07-23 21:40:41.534 | INFO     | N/A | ⏳ 等待 Profile 更新任务...
2026-07-23 21:40:46.560 | INFO     | N/A | ⏳ 等待 Profile 更新任务...
2026-07-23 21:40:51.585 | INFO     | N/A | ⏳ 等待 Profile 更新任务...
2026-07-23 21:40:56.611 | INFO     | N/A | ⏳ 等待 Profile 更新任务...
2026-07-23 21:41:01.633 | INFO     | N/A | ⏳ 等待 Profile 更新任务...
2026-07-23 21:41:06.659 | INFO     | N/A | ⏳ 等待 Profile 更新任务...
2026-07-23 21:41:11.717 | INFO     | N/A | ⏳ 等待 Profile 更新任务...
2026-07-23 21:41:16.745 | INFO     | N/A | ⏳ 等待 Profile 更新任务...
2026-07-23 21:41:21.773 | INFO     | N/A | ⏳ 等待 Profile 更新任务...
2026-07-23 21:41:26.797 | INFO     | N/A | ⏳ 等待 Profile 更新任务...
2026-07-23 21:41:31.821 | INFO     | N/A | ⏳ 等待 Profile 更新任务...
2026-07-23 21:41:36.846 | INFO     | N/A | ⏳ 等待 Profile 更新任务...
2026-07-23 21:41:41.878 | INFO     | N/A | ⏳ 等待 Profile 更新任务...
2026-07-23 21:41:46.908 | INFO     | N/A | ⏳ 等待 Profile 更新任务...
2026-07-23 21:41:51.934 | INFO     | N/A | ⏳ 等待 Profile 更新任务...
2026-07-23 21:41:56.960 | INFO     | N/A | ⏳ 等待 Profile 更新任务...
2026-07-23 21:42:01.984 | INFO     | N/A | ⏳ 等待 Profile 更新任务...
2026-07-23 21:42:07.009 | INFO     | N/A | ⏳ 等待 Profile 更新任务...
2026-07-23 21:42:12.044 | INFO     | N/A | ⏳ 等待 Profile 更新任务...
2026-07-23 21:42:17.068 | INFO     | N/A | ⏳ 等待 Profile 更新任务...
2026-07-23 21:42:22.093 | INFO     | N/A | ⏳ 等待 Profile 更新任务...
2026-07-23 21:42:27.115 | INFO     | N/A | ⏳ 等待 Profile 更新任务...
2026-07-23 21:42:32.141 | INFO     | N/A | ⏳ 等待 Profile 更新任务...
2026-07-23 21:42:37.230 | INFO     | N/A | ⏳ 等待 Profile 更新任务...
2026-07-23 21:42:42.265 | INFO     | N/A | ⏳ 等待 Profile 更新任务...
2026-07-23 21:42:47.290 | INFO     | N/A | ⏳ 等待 Profile 更新任务...
2026-07-23 21:42:52.313 | INFO     | N/A | ⏳ 等待 Profile 更新任务...
2026-07-23 21:42:57.341 | INFO     | N/A | ⏳ 等待 Profile 更新任务...
2026-07-23 21:43:02.368 | INFO     | N/A | ⏳ 等待 Profile 更新任务...
2026-07-23 21:43:07.395 | INFO     | N/A | ⏳ 等待 Profile 更新任务...
2026-07-23 21:43:12.432 | INFO     | N/A | ⏳ 等待 Profile 更新任务...
2026-07-23 21:43:17.457 | INFO     | N/A | ⏳ 等待 Profile 更新任务...
2026-07-23 21:43:22.483 | INFO     | N/A | ⏳ 等待 Profile 更新任务...
2026-07-23 21:43:27.510 | INFO     | N/A | ⏳ 等待 Profile 更新任务...
2026-07-23 21:43:32.534 | INFO     | N/A | ⏳ 等待 Profile 更新任务...
2026-07-23 21:43:37.561 | INFO     | N/A | ⏳ 等待 Profile 更新任务...
2026-07-23 21:43:42.599 | INFO     | N/A | ⏳ 等待 Profile 更新任务...
2026-07-23 21:43:47.629 | INFO     | N/A | ⏳ 等待 Profile 更新任务...
2026-07-23 21:43:52.658 | INFO     | N/A | ⏳ 等待 Profile 更新任务...
2026-07-23 21:43:57.688 | INFO     | N/A | ⏳ 等待 Profile 更新任务...
2026-07-23 21:44:02.724 | INFO     | N/A | ⏳ 等待 Profile 更新任务...
2026-07-23 21:44:07.752 | INFO     | N/A | ⏳ 等待 Profile 更新任务...
2026-07-23 21:44:12.789 | INFO     | N/A | ⏳ 等待 Profile 更新任务...
2026-07-23 21:44:17.815 | INFO     | N/A | ⏳ 等待 Profile 更新任务...
2026-07-23 21:44:22.842 | INFO     | N/A | ⏳ 等待 Profile 更新任务...
2026-07-23 21:44:27.870 | INFO     | N/A | ⏳ 等待 Profile 更新任务...
2026-07-23 21:44:32.899 | INFO     | N/A | ⏳ 等待 Profile 更新任务...
2026-07-23 21:44:37.945 | INFO     | N/A | ⏳ 等待 Profile 更新任务...
2026-07-23 21:44:42.983 | INFO     | N/A | ⏳ 等待 Profile 更新任务...
2026-07-23 21:44:48.010 | INFO     | N/A | ⏳ 等待 Profile 更新任务...
2026-07-23 21:44:53.039 | INFO     | N/A | ⏳ 等待 Profile 更新任务...
2026-07-23 21:44:58.067 | INFO     | N/A | ⏳ 等待 Profile 更新任务...
2026-07-23 21:45:03.096 | INFO     | N/A | ⏳ 等待 Profile 更新任务...
2026-07-23 21:45:08.125 | INFO     | N/A | ⏳ 等待 Profile 更新任务...
2026-07-23 21:45:13.163 | INFO     | N/A | ⏳ 等待 Profile 更新任务...
2026-07-23 21:45:18.188 | INFO     | N/A | ⏳ 等待 Profile 更新任务...
2026-07-23 21:45:23.212 | INFO     | N/A | ⏳ 等待 Profile 更新任务...
2026-07-23 21:45:28.239 | INFO     | N/A | ⏳ 等待 Profile 更新任务...
2026-07-23 21:45:33.264 | INFO     | N/A | ⏳ 等待 Profile 更新任务...
2026-07-23 21:45:38.290 | INFO     | N/A | ⏳ 等待 Profile 更新任务...
2026-07-23 21:45:43.326 | INFO     | N/A | ⏳ 等待 Profile 更新任务...
2026-07-23 21:45:48.378 | INFO     | N/A | ⏳ 等待 Profile 更新任务...
2026-07-23 21:45:53.405 | INFO     | N/A | ⏳ 等待 Profile 更新任务...
2026-07-23 21:45:58.433 | INFO     | N/A | ⏳ 等待 Profile 更新任务...
2026-07-23 21:46:03.463 | INFO     | N/A | ⏳ 等待 Profile 更新任务...
2026-07-23 21:46:08.490 | INFO     | N/A | ⏳ 等待 Profile 更新任务...
2026-07-23 21:46:13.528 | INFO     | N/A | ⏳ 等待 Profile 更新任务...
2026-07-23 21:46:18.557 | INFO     | N/A | ⏳ 等待 Profile 更新任务...
2026-07-23 21:46:23.583 | INFO     | N/A | ⏳ 等待 Profile 更新任务...
2026-07-23 21:46:28.611 | INFO     | N/A | ⏳ 等待 Profile 更新任务...
2026-07-23 21:46:33.638 | INFO     | N/A | ⏳ 等待 Profile 更新任务...
2026-07-23 21:46:38.664 | INFO     | N/A | ⏳ 等待 Profile 更新任务...
2026-07-23 21:46:43.699 | INFO     | N/A | ⏳ 等待 Profile 更新任务...
2026-07-23 21:46:48.726 | INFO     | N/A | ⏳ 等待 Profile 更新任务...
2026-07-23 21:46:53.806 | INFO     | N/A | ⏳ 等待 Profile 更新任务...
2026-07-23 21:46:58.830 | INFO     | N/A | ⏳ 等待 Profile 更新任务...
2026-07-23 21:47:03.871 | INFO     | N/A | ⏳ 等待 Profile 更新任务...
2026-07-23 21:47:08.898 | INFO     | N/A | ⏳ 等待 Profile 更新任务...
2026-07-23 21:47:13.940 | INFO     | N/A | ⏳ 等待 Profile 更新任务...
2026-07-23 21:47:18.966 | INFO     | N/A | ⏳ 等待 Profile 更新任务...
2026-07-23 21:47:23.994 | INFO     | N/A | ⏳ 等待 Profile 更新任务...
2026-07-23 21:47:29.034 | INFO     | N/A | ⏳ 等待 Profile 更新任务...
2026-07-23 21:47:34.060 | INFO     | N/A | ⏳ 等待 Profile 更新任务...
2026-07-23 21:47:39.098 | INFO     | N/A | ⏳ 等待 Profile 更新任务...
2026-07-23 21:47:44.135 | INFO     | N/A | ⏳ 等待 Profile 更新任务...
2026-07-23 21:47:49.164 | INFO     | N/A | ⏳ 等待 Profile 更新任务...
2026-07-23 21:47:54.191 | INFO     | N/A | ⏳ 等待 Profile 更新任务...
2026-07-23 21:47:59.220 | INFO     | N/A | ⏳ 等待 Profile 更新任务...
2026-07-23 21:48:04.247 | INFO     | N/A | ⏳ 等待 Profile 更新任务...
2026-07-23 21:48:09.287 | INFO     | N/A | ⏳ 等待 Profile 更新任务...
2026-07-23 21:48:14.323 | INFO     | N/A | ⏳ 等待 Profile 更新任务...
2026-07-23 21:48:19.349 | INFO     | N/A | ⏳ 等待 Profile 更新任务...
2026-07-23 21:48:24.378 | INFO     | N/A | ⏳ 等待 Profile 更新任务...
2026-07-23 21:48:29.407 | INFO     | N/A | ⏳ 等待 Profile 更新任务...
2026-07-23 21:48:34.438 | INFO     | N/A | ⏳ 等待 Profile 更新任务...
2026-07-23 21:48:39.471 | INFO     | N/A | ⏳ 等待 Profile 更新任务...
2026-07-23 21:48:44.508 | INFO     | N/A | ⏳ 等待 Profile 更新任务...
2026-07-23 21:48:49.535 | INFO     | N/A | ⏳ 等待 Profile 更新任务...
2026-07-23 21:48:54.574 | INFO     | N/A | ⏳ 等待 Profile 更新任务...
2026-07-23 21:48:59.586 | INFO     | N/A | ⏳ 等待 Profile 更新任务...
2026-07-23 21:49:04.614 | INFO     | N/A | ⏳ 等待 Profile 更新任务...
2026-07-23 21:49:09.719 | INFO     | N/A | ⏳ 等待 Profile 更新任务...
2026-07-23 21:49:14.755 | INFO     | N/A | ⏳ 等待 Profile 更新任务...
2026-07-23 21:49:19.785 | INFO     | N/A | ⏳ 等待 Profile 更新任务...
2026-07-23 21:49:24.812 | INFO     | N/A | ⏳ 等待 Profile 更新任务...
2026-07-23 21:49:29.841 | INFO     | N/A | ⏳ 等待 Profile 更新任务...
2026-07-23 21:49:34.869 | INFO     | N/A | ⏳ 等待 Profile 更新任务...
2026-07-23 21:49:39.898 | INFO     | N/A | ⏳ 等待 Profile 更新任务...
2026-07-23 21:49:44.935 | INFO     | N/A | ⏳ 等待 Profile 更新任务...
2026-07-23 21:49:49.963 | INFO     | N/A | ⏳ 等待 Profile 更新任务...
2026-07-23 21:49:54.988 | INFO     | N/A | ⏳ 等待 Profile 更新任务...
2026-07-23 21:50:00.016 | INFO     | N/A | ⏳ 等待 Profile 更新任务...
2026-07-23 21:50:05.044 | INFO     | N/A | ⏳ 等待 Profile 更新任务...
2026-07-23 21:50:10.089 | INFO     | N/A | ⏳ 等待 Profile 更新任务...
2026-07-23 21:50:15.134 | INFO     | N/A | ⏳ 等待 Profile 更新任务...
2026-07-23 21:50:20.163 | INFO     | N/A | ⏳ 等待 Profile 更新任务...
2026-07-23 21:50:25.191 | INFO     | N/A | ⏳ 等待 Profile 更新任务...
2026-07-23 21:50:30.218 | INFO     | N/A | ⏳ 等待 Profile 更新任务...
2026-07-23 21:50:35.245 | INFO     | N/A | ⏳ 等待 Profile 更新任务...
2026-07-23 21:50:40.274 | INFO     | N/A | ⏳ 等待 Profile 更新任务...
2026-07-23 21:50:45.311 | INFO     | N/A | ⏳ 等待 Profile 更新任务...
2026-07-23 21:50:50.333 | INFO     | N/A | ⏳ 等待 Profile 更新任务...
2026-07-23 21:50:55.351 | INFO     | N/A | ⏳ 等待 Profile 更新任务...
2026-07-23 21:51:00.372 | INFO     | N/A | ⏳ 等待 Profile 更新任务...
2026-07-23 21:51:05.399 | INFO     | N/A | ⏳ 等待 Profile 更新任务...
2026-07-23 21:51:10.427 | INFO     | N/A | ⏳ 等待 Profile 更新任务...
2026-07-23 21:51:15.462 | INFO     | N/A | ⏳ 等待 Profile 更新任务...
2026-07-23 21:51:20.489 | INFO     | N/A | ⏳ 等待 Profile 更新任务...
2026-07-23 21:51:25.517 | INFO     | N/A | ⏳ 等待 Profile 更新任务...
2026-07-23 21:51:30.545 | INFO     | N/A | ⏳ 等待 Profile 更新任务...
2026-07-23 21:51:35.576 | INFO     | N/A | ⏳ 等待 Profile 更新任务...
2026-07-23 21:51:40.603 | INFO     | N/A | ⏳ 等待 Profile 更新任务...
2026-07-23 21:51:45.638 | INFO     | N/A | ⏳ 等待 Profile 更新任务...
2026-07-23 21:51:50.665 | INFO     | N/A | ⏳ 等待 Profile 更新任务...
2026-07-23 21:51:55.698 | INFO     | N/A | ⏳ 等待 Profile 更新任务...
2026-07-23 21:52:00.726 | INFO     | N/A | ⏳ 等待 Profile 更新任务...
2026-07-23 21:52:05.765 | INFO     | N/A | ⏳ 等待 Profile 更新任务...
2026-07-23 21:52:10.790 | INFO     | N/A | ⏳ 等待 Profile 更新任务...
2026-07-23 21:52:15.830 | INFO     | N/A | ⏳ 等待 Profile 更新任务...
2026-07-23 21:52:20.859 | INFO     | N/A | ⏳ 等待 Profile 更新任务...
2026-07-23 21:52:25.886 | INFO     | N/A | ⏳ 等待 Profile 更新任务...
2026-07-23 21:52:30.915 | INFO     | N/A | ⏳ 等待 Profile 更新任务...
2026-07-23 21:52:35.942 | INFO     | N/A | ⏳ 等待 Profile 更新任务...
2026-07-23 21:52:40.970 | INFO     | N/A | ⏳ 等待 Profile 更新任务...
2026-07-23 21:52:46.006 | INFO     | N/A | ⏳ 等待 Profile 更新任务...
2026-07-23 21:52:51.034 | INFO     | N/A | ⏳ 等待 Profile 更新任务...
2026-07-23 21:52:56.063 | INFO     | N/A | ⏳ 等待 Profile 更新任务...
2026-07-23 21:53:01.089 | INFO     | N/A | ⏳ 等待 Profile 更新任务...
2026-07-23 21:53:06.116 | INFO     | N/A | ⏳ 等待 Profile 更新任务...
2026-07-23 21:53:11.135 | INFO     | N/A | ⏳ 等待 Profile 更新任务...
2026-07-23 21:53:16.179 | INFO     | N/A | ⏳ 等待 Profile 更新任务...
2026-07-23 21:53:21.206 | INFO     | N/A | ⏳ 等待 Profile 更新任务...
2026-07-23 21:53:26.233 | INFO     | N/A | ⏳ 等待 Profile 更新任务...
2026-07-23 21:53:31.263 | INFO     | N/A | ⏳ 等待 Profile 更新任务...
2026-07-23 21:53:36.289 | INFO     | N/A | ⏳ 等待 Profile 更新任务...
2026-07-23 21:53:41.317 | INFO     | N/A | ⏳ 等待 Profile 更新任务...
2026-07-23 21:53:46.352 | INFO     | N/A | ⏳ 等待 Profile 更新任务...
2026-07-23 21:53:51.383 | INFO     | N/A | ⏳ 等待 Profile 更新任务...
2026-07-23 21:53:56.409 | INFO     | N/A | ⏳ 等待 Profile 更新任务...
2026-07-23 21:54:01.439 | INFO     | N/A | ⏳ 等待 Profile 更新任务...
2026-07-23 21:54:06.466 | INFO     | N/A | ⏳ 等待 Profile 更新任务...
2026-07-23 21:54:11.495 | INFO     | N/A | ⏳ 等待 Profile 更新任务...
2026-07-23 21:54:16.530 | INFO     | N/A | ⏳ 等待 Profile 更新任务...
2026-07-23 21:54:21.556 | INFO     | N/A | ⏳ 等待 Profile 更新任务...
2026-07-23 21:54:26.585 | INFO     | N/A | ⏳ 等待 Profile 更新任务...
2026-07-23 21:54:31.612 | INFO     | N/A | ⏳ 等待 Profile 更新任务...
2026-07-23 21:54:36.636 | INFO     | N/A | ⏳ 等待 Profile 更新任务...
2026-07-23 21:54:41.665 | INFO     | N/A | ⏳ 等待 Profile 更新任务...
2026-07-23 21:54:46.699 | INFO     | N/A | ⏳ 等待 Profile 更新任务...
2026-07-23 21:54:51.727 | INFO     | N/A | ⏳ 等待 Profile 更新任务...
2026-07-23 21:54:56.755 | INFO     | N/A | ⏳ 等待 Profile 更新任务...
2026-07-23 21:55:01.784 | INFO     | N/A | ⏳ 等待 Profile 更新任务...
2026-07-23 21:55:06.810 | INFO     | N/A | ⏳ 等待 Profile 更新任务...
2026-07-23 21:55:11.841 | INFO     | N/A | ⏳ 等待 Profile 更新任务...
2026-07-23 21:55:16.872 | INFO     | N/A | ⏳ 等待 Profile 更新任务...
2026-07-23 21:55:21.900 | INFO     | N/A | ⏳ 等待 Profile 更新任务...
2026-07-23 21:55:26.927 | INFO     | N/A | ⏳ 等待 Profile 更新任务...
2026-07-23 21:55:31.956 | INFO     | N/A | ⏳ 等待 Profile 更新任务...
2026-07-23 21:55:36.985 | INFO     | N/A | ⏳ 等待 Profile 更新任务...
2026-07-23 21:55:42.016 | INFO     | N/A | ⏳ 等待 Profile 更新任务...
2026-07-23 21:55:47.050 | INFO     | N/A | ⏳ 等待 Profile 更新任务...
2026-07-23 21:55:52.078 | INFO     | N/A | ⏳ 等待 Profile 更新任务...
2026-07-23 21:55:57.107 | INFO     | N/A | ⏳ 等待 Profile 更新任务...
2026-07-23 21:56:02.134 | INFO     | N/A | ⏳ 等待 Profile 更新任务...
2026-07-23 21:56:07.159 | INFO     | N/A | ⏳ 等待 Profile 更新任务...
2026-07-23 21:56:12.189 | INFO     | N/A | ⏳ 等待 Profile 更新任务...
2026-07-23 21:56:17.232 | INFO     | N/A | ⏳ 等待 Profile 更新任务...
2026-07-23 21:56:22.258 | INFO     | N/A | ⏳ 等待 Profile 更新任务...
2026-07-23 21:56:27.285 | INFO     | N/A | ⏳ 等待 Profile 更新任务...
2026-07-23 21:56:32.311 | INFO     | N/A | ⏳ 等待 Profile 更新任务...
2026-07-23 21:56:37.342 | INFO     | N/A | ⏳ 等待 Profile 更新任务...
2026-07-23 21:56:42.373 | INFO     | N/A | ⏳ 等待 Profile 更新任务...
2026-07-23 21:56:47.405 | INFO     | N/A | ⏳ 等待 Profile 更新任务...
2026-07-23 21:56:52.433 | INFO     | N/A | ⏳ 等待 Profile 更新任务...
2026-07-23 21:56:57.461 | INFO     | N/A | ⏳ 等待 Profile 更新任务...
2026-07-23 21:57:02.486 | INFO     | N/A | ⏳ 等待 Profile 更新任务...
2026-07-23 21:57:07.514 | INFO     | N/A | ⏳ 等待 Profile 更新任务...
2026-07-23 21:57:12.547 | INFO     | N/A | ⏳ 等待 Profile 更新任务...
2026-07-23 21:57:17.583 | INFO     | N/A | ⏳ 等待 Profile 更新任务...
2026-07-23 21:57:22.610 | INFO     | N/A | ⏳ 等待 Profile 更新任务...
2026-07-23 21:57:27.639 | INFO     | N/A | ⏳ 等待 Profile 更新任务...
2026-07-23 21:57:32.665 | INFO     | N/A | ⏳ 等待 Profile 更新任务...
2026-07-23 21:57:37.700 | INFO     | N/A | ⏳ 等待 Profile 更新任务...
2026-07-23 21:57:42.732 | INFO     | N/A | ⏳ 等待 Profile 更新任务...
2026-07-23 21:57:47.762 | INFO     | N/A | ⏳ 等待 Profile 更新任务...
2026-07-23 21:57:52.787 | INFO     | N/A | ⏳ 等待 Profile 更新任务...
2026-07-23 21:57:57.817 | INFO     | N/A | ⏳ 等待 Profile 更新任务...
2026-07-23 21:58:02.843 | INFO     | N/A | ⏳ 等待 Profile 更新任务...
2026-07-23 21:58:07.941 | INFO     | N/A | ⏳ 等待 Profile 更新任务...
2026-07-23 21:58:12.973 | INFO     | N/A | ⏳ 等待 Profile 更新任务...
2026-07-23 21:58:18.006 | INFO     | N/A | ⏳ 等待 Profile 更新任务...
2026-07-23 21:58:23.032 | INFO     | N/A | ⏳ 等待 Profile 更新任务...
2026-07-23 21:58:28.062 | INFO     | N/A | ⏳ 等待 Profile 更新任务...
2026-07-23 21:58:33.088 | INFO     | N/A | ⏳ 等待 Profile 更新任务...
2026-07-23 21:58:38.117 | INFO     | N/A | ⏳ 等待 Profile 更新任务...
2026-07-23 21:58:43.129 | INFO     | N/A | ⏳ 等待 Profile 更新任务...
2026-07-23 21:58:48.181 | INFO     | N/A | ⏳ 等待 Profile 更新任务...
2026-07-23 21:58:53.205 | INFO     | N/A | ⏳ 等待 Profile 更新任务...
2026-07-23 21:58:58.235 | INFO     | N/A | ⏳ 等待 Profile 更新任务...
2026-07-23 21:59:03.261 | INFO     | N/A | ⏳ 等待 Profile 更新任务...
2026-07-23 21:59:08.289 | INFO     | N/A | ⏳ 等待 Profile 更新任务...
2026-07-23 21:59:13.327 | INFO     | N/A | ⏳ 等待 Profile 更新任务...
2026-07-23 21:59:18.355 | INFO     | N/A | ⏳ 等待 Profile 更新任务...
2026-07-23 21:59:23.385 | INFO     | N/A | ⏳ 等待 Profile 更新任务...
2026-07-23 21:59:28.413 | INFO     | N/A | ⏳ 等待 Profile 更新任务...
2026-07-23 21:59:33.441 | INFO     | N/A | ⏳ 等待 Profile 更新任务...
2026-07-23 21:59:38.492 | INFO     | N/A | ⏳ 等待 Profile 更新任务...
2026-07-23 21:59:43.522 | INFO     | N/A | ⏳ 等待 Profile 更新任务...
2026-07-23 21:59:48.549 | INFO     | N/A | ⏳ 等待 Profile 更新任务...
2026-07-23 21:59:53.574 | INFO     | N/A | ⏳ 等待 Profile 更新任务...
2026-07-23 21:59:58.604 | INFO     | N/A | ⏳ 等待 Profile 更新任务...
2026-07-23 22:00:03.632 | INFO     | N/A | ⏳ 等待 Profile 更新任务...
2026-07-23 22:00:08.660 | INFO     | N/A | ⏳ 等待 Profile 更新任务...
2026-07-23 22:00:13.695 | INFO     | N/A | ⏳ 等待 Profile 更新任务...
2026-07-23 22:00:18.725 | INFO     | N/A | ⏳ 等待 Profile 更新任务...
2026-07-23 22:00:23.753 | INFO     | N/A | ⏳ 等待 Profile 更新任务...
2026-07-23 22:00:28.780 | INFO     | N/A | ⏳ 等待 Profile 更新任务...
2026-07-23 22:00:33.798 | INFO     | N/A | ⏳ 等待 Profile 更新任务...
2026-07-23 22:00:38.825 | INFO     | N/A | ⏳ 等待 Profile 更新任务...
2026-07-23 22:00:43.832 | INFO     | N/A | ⏳ 等待 Profile 更新任务...
2026-07-23 22:00:48.885 | INFO     | N/A | ⏳ 等待 Profile 更新任务...
2026-07-23 22:00:53.913 | INFO     | N/A | ⏳ 等待 Profile 更新任务...
2026-07-23 22:00:58.937 | INFO     | N/A | ⏳ 等待 Profile 更新任务...
2026-07-23 22:01:03.964 | INFO     | N/A | ⏳ 等待 Profile 更新任务...
2026-07-23 22:01:08.992 | INFO     | N/A | ⏳ 等待 Profile 更新任务...
2026-07-23 22:01:14.028 | INFO     | N/A | ⏳ 等待 Profile 更新任务...
2026-07-23 22:01:19.056 | INFO     | N/A | ⏳ 等待 Profile 更新任务...
2026-07-23 22:01:24.082 | INFO     | N/A | ⏳ 等待 Profile 更新任务...
2026-07-23 22:01:29.111 | INFO     | N/A | ⏳ 等待 Profile 更新任务...
2026-07-23 22:01:34.138 | INFO     | N/A | ⏳ 等待 Profile 更新任务...
2026-07-23 22:01:39.167 | INFO     | N/A | ⏳ 等待 Profile 更新任务...
2026-07-23 22:01:44.204 | INFO     | N/A | ⏳ 等待 Profile 更新任务...
2026-07-23 22:01:49.232 | INFO     | N/A | ⏳ 等待 Profile 更新任务...
2026-07-23 22:01:54.262 | INFO     | N/A | ⏳ 等待 Profile 更新任务...
2026-07-23 22:01:59.288 | INFO     | N/A | ⏳ 等待 Profile 更新任务...
2026-07-23 22:02:04.315 | INFO     | N/A | ⏳ 等待 Profile 更新任务...
2026-07-23 22:02:09.346 | INFO     | N/A | ⏳ 等待 Profile 更新任务...
2026-07-23 22:02:14.442 | INFO     | N/A | ⏳ 等待 Profile 更新任务...
2026-07-23 22:02:19.470 | INFO     | N/A | ⏳ 等待 Profile 更新任务...
2026-07-23 22:02:24.503 | INFO     | N/A | ⏳ 等待 Profile 更新任务...
2026-07-23 22:02:29.532 | INFO     | N/A | ⏳ 等待 Profile 更新任务...
2026-07-23 22:02:34.575 | INFO     | N/A | ⏳ 等待 Profile 更新任务...
2026-07-23 22:02:39.605 | INFO     | N/A | ⏳ 等待 Profile 更新任务...
2026-07-23 22:02:44.640 | INFO     | N/A | ⏳ 等待 Profile 更新任务...
2026-07-23 22:02:49.668 | INFO     | N/A | ⏳ 等待 Profile 更新任务...
2026-07-23 22:02:54.697 | INFO     | N/A | ⏳ 等待 Profile 更新任务...
2026-07-23 22:02:59.724 | INFO     | N/A | ⏳ 等待 Profile 更新任务...
2026-07-23 22:03:04.752 | INFO     | N/A | ⏳ 等待 Profile 更新任务...
2026-07-23 22:03:09.782 | INFO     | N/A | ⏳ 等待 Profile 更新任务...
2026-07-23 22:03:14.815 | INFO     | N/A | ⏳ 等待 Profile 更新任务...
2026-07-23 22:03:19.843 | INFO     | N/A | ⏳ 等待 Profile 更新任务...
2026-07-23 22:03:24.871 | INFO     | N/A | ⏳ 等待 Profile 更新任务...
2026-07-23 22:03:29.898 | INFO     | N/A | ⏳ 等待 Profile 更新任务...
2026-07-23 22:03:34.925 | INFO     | N/A | ⏳ 等待 Profile 更新任务...
2026-07-23 22:03:39.964 | INFO     | N/A | ⏳ 等待 Profile 更新任务...
2026-07-23 22:03:45.000 | INFO     | N/A | ⏳ 等待 Profile 更新任务...
2026-07-23 22:03:50.029 | INFO     | N/A | ⏳ 等待 Profile 更新任务...
2026-07-23 22:03:55.105 | INFO     | N/A | ⏳ 等待 Profile 更新任务...
2026-07-23 22:04:00.132 | INFO     | N/A | ⏳ 等待 Profile 更新任务...
2026-07-23 22:04:05.160 | INFO     | N/A | ⏳ 等待 Profile 更新任务...
2026-07-23 22:04:10.187 | INFO     | N/A | ⏳ 等待 Profile 更新任务...
2026-07-23 22:04:15.224 | INFO     | N/A | ⏳ 等待 Profile 更新任务...
2026-07-23 22:04:20.250 | INFO     | N/A | ⏳ 等待 Profile 更新任务...
2026-07-23 22:04:25.279 | INFO     | N/A | ⏳ 等待 Profile 更新任务...
2026-07-23 22:04:30.305 | INFO     | N/A | ⏳ 等待 Profile 更新任务...
2026-07-23 22:04:35.331 | INFO     | N/A | ⏳ 等待 Profile 更新任务...
2026-07-23 22:04:40.358 | INFO     | N/A | ⏳ 等待 Profile 更新任务...
2026-07-23 22:04:45.395 | INFO     | N/A | ⏳ 等待 Profile 更新任务...
2026-07-23 22:04:50.423 | INFO     | N/A | ⏳ 等待 Profile 更新任务...
2026-07-23 22:04:55.451 | INFO     | N/A | ⏳ 等待 Profile 更新任务...
2026-07-23 22:05:00.478 | INFO     | N/A | ⏳ 等待 Profile 更新任务...
2026-07-23 22:05:05.503 | INFO     | N/A | ⏳ 等待 Profile 更新任务...
2026-07-23 22:05:10.531 | INFO     | N/A | ⏳ 等待 Profile 更新任务...
2026-07-23 22:05:15.566 | INFO     | N/A | ⏳ 等待 Profile 更新任务...
2026-07-23 22:05:20.595 | INFO     | N/A | ⏳ 等待 Profile 更新任务...
2026-07-23 22:05:25.621 | INFO     | N/A | ⏳ 等待 Profile 更新任务...
2026-07-23 22:05:30.648 | INFO     | N/A | ⏳ 等待 Profile 更新任务...
2026-07-23 22:05:35.675 | INFO     | N/A | ⏳ 等待 Profile 更新任务...
2026-07-23 22:05:40.706 | INFO     | N/A | ⏳ 等待 Profile 更新任务...
2026-07-23 22:05:45.741 | INFO     | N/A | ⏳ 等待 Profile 更新任务...
2026-07-23 22:05:50.770 | INFO     | N/A | ⏳ 等待 Profile 更新任务...
2026-07-23 22:05:55.798 | INFO     | N/A | ⏳ 等待 Profile 更新任务...
2026-07-23 22:06:00.827 | INFO     | N/A | ⏳ 等待 Profile 更新任务...
2026-07-23 22:06:05.854 | INFO     | N/A | ⏳ 等待 Profile 更新任务...
2026-07-23 22:06:10.884 | INFO     | N/A | ⏳ 等待 Profile 更新任务...
2026-07-23 22:06:15.918 | INFO     | N/A | ⏳ 等待 Profile 更新任务...
2026-07-23 22:06:20.942 | INFO     | N/A | ⏳ 等待 Profile 更新任务...
2026-07-23 22:06:25.969 | INFO     | N/A | ⏳ 等待 Profile 更新任务...
2026-07-23 22:06:30.998 | INFO     | N/A | ⏳ 等待 Profile 更新任务...
2026-07-23 22:06:36.026 | INFO     | N/A | ⏳ 等待 Profile 更新任务...
2026-07-23 22:06:41.054 | INFO     | N/A | ⏳ 等待 Profile 更新任务...
2026-07-23 22:06:46.092 | INFO     | N/A | ⏳ 等待 Profile 更新任务...
2026-07-23 22:06:51.120 | INFO     | N/A | ⏳ 等待 Profile 更新任务...
2026-07-23 22:06:56.149 | INFO     | N/A | ⏳ 等待 Profile 更新任务...
2026-07-23 22:07:01.175 | INFO     | N/A | ⏳ 等待 Profile 更新任务...
2026-07-23 22:07:06.204 | INFO     | N/A | ⏳ 等待 Profile 更新任务...
2026-07-23 22:07:11.228 | INFO     | N/A | ⏳ 等待 Profile 更新任务...
2026-07-23 22:07:16.264 | INFO     | N/A | ⏳ 等待 Profile 更新任务...
2026-07-23 22:07:21.288 | INFO     | N/A | ⏳ 等待 Profile 更新任务...
2026-07-23 22:07:26.315 | INFO     | N/A | ⏳ 等待 Profile 更新任务...
2026-07-23 22:07:31.339 | INFO     | N/A | ⏳ 等待 Profile 更新任务...
2026-07-23 22:07:36.367 | INFO     | N/A | ⏳ 等待 Profile 更新任务...
2026-07-23 22:07:41.393 | INFO     | N/A | ⏳ 等待 Profile 更新任务...
2026-07-23 22:07:46.430 | INFO     | N/A | ⏳ 等待 Profile 更新任务...
2026-07-23 22:07:51.459 | INFO     | N/A | ⏳ 等待 Profile 更新任务...
2026-07-23 22:07:56.489 | INFO     | N/A | ⏳ 等待 Profile 更新任务...
2026-07-23 22:08:01.515 | INFO     | N/A | ⏳ 等待 Profile 更新任务...
2026-07-23 22:08:06.543 | INFO     | N/A | ⏳ 等待 Profile 更新任务...
2026-07-23 22:08:11.568 | INFO     | N/A | ⏳ 等待 Profile 更新任务...
2026-07-23 22:08:16.603 | INFO     | N/A | ⏳ 等待 Profile 更新任务...
2026-07-23 22:08:21.678 | INFO     | N/A | ⏳ 等待 Profile 更新任务...
2026-07-23 22:08:26.706 | INFO     | N/A | ⏳ 等待 Profile 更新任务...
2026-07-23 22:08:31.735 | INFO     | N/A | ⏳ 等待 Profile 更新任务...
2026-07-23 22:08:36.760 | INFO     | N/A | ⏳ 等待 Profile 更新任务...
2026-07-23 22:08:41.790 | INFO     | N/A | ⏳ 等待 Profile 更新任务...
2026-07-23 22:08:46.829 | INFO     | N/A | ⏳ 等待 Profile 更新任务...
2026-07-23 22:08:51.858 | INFO     | N/A | ⏳ 等待 Profile 更新任务...
2026-07-23 22:08:56.886 | INFO     | N/A | ⏳ 等待 Profile 更新任务...
2026-07-23 22:09:01.915 | INFO     | N/A | ⏳ 等待 Profile 更新任务...
2026-07-23 22:09:06.942 | INFO     | N/A | ⏳ 等待 Profile 更新任务...
2026-07-23 22:09:11.967 | INFO     | N/A | ⏳ 等待 Profile 更新任务...
2026-07-23 22:09:17.005 | INFO     | N/A | ⏳ 等待 Profile 更新任务...
2026-07-23 22:09:22.035 | INFO     | N/A | ⏳ 等待 Profile 更新任务...
2026-07-23 22:09:27.059 | INFO     | N/A | ⏳ 等待 Profile 更新任务...
2026-07-23 22:09:32.091 | INFO     | N/A | ⏳ 等待 Profile 更新任务...
2026-07-23 22:09:37.116 | INFO     | N/A | ⏳ 等待 Profile 更新任务...
2026-07-23 22:09:42.195 | INFO     | N/A | ⏳ 等待 Profile 更新任务...
2026-07-23 22:09:47.232 | INFO     | N/A | ⏳ 等待 Profile 更新任务...
2026-07-23 22:09:52.260 | INFO     | N/A | ⏳ 等待 Profile 更新任务...
2026-07-23 22:09:57.292 | INFO     | N/A | ⏳ 等待 Profile 更新任务...
2026-07-23 22:10:02.321 | INFO     | N/A | ⏳ 等待 Profile 更新任务...
2026-07-23 22:10:07.348 | INFO     | N/A | ⏳ 等待 Profile 更新任务...
2026-07-23 22:10:12.374 | INFO     | N/A | ⏳ 等待 Profile 更新任务...
2026-07-23 22:10:17.413 | INFO     | N/A | ⏳ 等待 Profile 更新任务...
2026-07-23 22:10:22.442 | INFO     | N/A | ⏳ 等待 Profile 更新任务...
2026-07-23 22:10:27.471 | INFO     | N/A | ⏳ 等待 Profile 更新任务...
2026-07-23 22:10:32.497 | INFO     | N/A | ⏳ 等待 Profile 更新任务...
2026-07-23 22:10:37.525 | INFO     | N/A | ⏳ 等待 Profile 更新任务...
2026-07-23 22:10:42.553 | INFO     | N/A | ⏳ 等待 Profile 更新任务...
2026-07-23 22:10:47.587 | INFO     | N/A | ⏳ 等待 Profile 更新任务...
2026-07-23 22:10:52.615 | INFO     | N/A | ⏳ 等待 Profile 更新任务...
2026-07-23 22:10:57.644 | INFO     | N/A | ⏳ 等待 Profile 更新任务...
2026-07-23 22:11:02.672 | INFO     | N/A | ⏳ 等待 Profile 更新任务...
2026-07-23 22:11:07.699 | INFO     | N/A | ⏳ 等待 Profile 更新任务...
2026-07-23 22:11:12.727 | INFO     | N/A | ⏳ 等待 Profile 更新任务...
2026-07-23 22:11:17.765 | INFO     | N/A | ⏳ 等待 Profile 更新任务...
2026-07-23 22:11:22.793 | INFO     | N/A | ⏳ 等待 Profile 更新任务...
2026-07-23 22:11:27.821 | INFO     | N/A | ⏳ 等待 Profile 更新任务...
2026-07-23 22:11:32.847 | INFO     | N/A | ⏳ 等待 Profile 更新任务...
2026-07-23 22:11:37.874 | INFO     | N/A | ⏳ 等待 Profile 更新任务...
2026-07-23 22:11:42.918 | INFO     | N/A | ⏳ 等待 Profile 更新任务...
2026-07-23 22:11:47.952 | INFO     | N/A | ⏳ 等待 Profile 更新任务...
2026-07-23 22:11:52.981 | INFO     | N/A | ⏳ 等待 Profile 更新任务...
2026-07-23 22:11:58.012 | INFO     | N/A | ⏳ 等待 Profile 更新任务...
2026-07-23 22:12:03.038 | INFO     | N/A | ⏳ 等待 Profile 更新任务...
2026-07-23 22:12:08.066 | INFO     | N/A | ⏳ 等待 Profile 更新任务...
2026-07-23 22:12:13.093 | INFO     | N/A | ⏳ 等待 Profile 更新任务...
2026-07-23 22:12:18.130 | INFO     | N/A | ⏳ 等待 Profile 更新任务...
2026-07-23 22:12:23.158 | INFO     | N/A | ⏳ 等待 Profile 更新任务...
2026-07-23 22:12:28.186 | INFO     | N/A | ⏳ 等待 Profile 更新任务...
2026-07-23 22:12:33.215 | INFO     | N/A | ⏳ 等待 Profile 更新任务...
2026-07-23 22:12:38.245 | INFO     | N/A | ⏳ 等待 Profile 更新任务...
2026-07-23 22:12:43.273 | INFO     | N/A | ⏳ 等待 Profile 更新任务...
2026-07-23 22:12:48.311 | INFO     | N/A | ⏳ 等待 Profile 更新任务...
2026-07-23 22:12:53.338 | INFO     | N/A | ⏳ 等待 Profile 更新任务...
2026-07-23 22:12:58.375 | INFO     | N/A | ⏳ 等待 Profile 更新任务...
2026-07-23 22:13:03.403 | INFO     | N/A | ⏳ 等待 Profile 更新任务...
2026-07-23 22:13:08.430 | INFO     | N/A | ⏳ 等待 Profile 更新任务...
2026-07-23 22:13:13.457 | INFO     | N/A | ⏳ 等待 Profile 更新任务...
2026-07-23 22:13:18.495 | INFO     | N/A | ⏳ 等待 Profile 更新任务...
2026-07-23 22:13:23.522 | INFO     | N/A | ⏳ 等待 Profile 更新任务...
2026-07-23 22:13:28.549 | INFO     | N/A | ⏳ 等待 Profile 更新任务...
2026-07-23 22:13:33.576 | INFO     | N/A | ⏳ 等待 Profile 更新任务...
2026-07-23 22:13:38.606 | INFO     | N/A | ⏳ 等待 Profile 更新任务...
2026-07-23 22:13:43.633 | INFO     | N/A | ⏳ 等待 Profile 更新任务...
2026-07-23 22:13:48.668 | INFO     | N/A | ⏳ 等待 Profile 更新任务...
2026-07-23 22:13:53.700 | INFO     | N/A | ⏳ 等待 Profile 更新任务...
2026-07-23 22:13:58.729 | INFO     | N/A | ⏳ 等待 Profile 更新任务...
2026-07-23 22:14:03.756 | INFO     | N/A | ⏳ 等待 Profile 更新任务...
2026-07-23 22:14:08.783 | INFO     | N/A | ⏳ 等待 Profile 更新任务...
2026-07-23 22:14:13.810 | INFO     | N/A | ⏳ 等待 Profile 更新任务...
2026-07-23 22:14:18.845 | INFO     | N/A | ⏳ 等待 Profile 更新任务...
2026-07-23 22:14:23.874 | INFO     | N/A | ⏳ 等待 Profile 更新任务...
2026-07-23 22:14:28.901 | INFO     | N/A | ⏳ 等待 Profile 更新任务...
2026-07-23 22:14:33.930 | INFO     | N/A | ⏳ 等待 Profile 更新任务...
2026-07-23 22:14:38.959 | INFO     | N/A | ⏳ 等待 Profile 更新任务...
2026-07-23 22:14:43.986 | INFO     | N/A | ⏳ 等待 Profile 更新任务...
2026-07-23 22:14:49.023 | INFO     | N/A | ⏳ 等待 Profile 更新任务...
2026-07-23 22:14:54.072 | INFO     | N/A | ⏳ 等待 Profile 更新任务...
2026-07-23 22:14:59.099 | INFO     | N/A | ⏳ 等待 Profile 更新任务...
2026-07-23 22:15:04.128 | INFO     | N/A | ⏳ 等待 Profile 更新任务...
2026-07-23 22:15:09.154 | INFO     | N/A | ⏳ 等待 Profile 更新任务...
2026-07-23 22:15:14.182 | INFO     | N/A | ⏳ 等待 Profile 更新任务...
2026-07-23 22:15:19.234 | INFO     | N/A | ⏳ 等待 Profile 更新任务...
2026-07-23 22:15:24.263 | INFO     | N/A | ⏳ 等待 Profile 更新任务...
2026-07-23 22:15:29.294 | INFO     | N/A | ⏳ 等待 Profile 更新任务...
2026-07-23 22:15:34.319 | INFO     | N/A | ⏳ 等待 Profile 更新任务...
2026-07-23 22:15:39.348 | INFO     | N/A | ⏳ 等待 Profile 更新任务...
2026-07-23 22:15:44.373 | INFO     | N/A | ⏳ 等待 Profile 更新任务...
2026-07-23 22:15:49.412 | INFO     | N/A | ⏳ 等待 Profile 更新任务...
2026-07-23 22:15:54.439 | INFO     | N/A | ⏳ 等待 Profile 更新任务...
2026-07-23 22:15:59.444 | INFO     | N/A | ⏳ 等待 Profile 更新任务...
2026-07-23 22:16:04.468 | INFO     | N/A | ⏳ 等待 Profile 更新任务...
2026-07-23 22:16:09.497 | INFO     | N/A | ⏳ 等待 Profile 更新任务...
2026-07-23 22:16:14.523 | INFO     | N/A | ⏳ 等待 Profile 更新任务...
2026-07-23 22:16:19.559 | INFO     | N/A | ⏳ 等待 Profile 更新任务...
2026-07-23 22:16:24.585 | INFO     | N/A | ⏳ 等待 Profile 更新任务...
2026-07-23 22:16:29.614 | INFO     | N/A | ⏳ 等待 Profile 更新任务...
2026-07-23 22:16:34.643 | INFO     | N/A | ⏳ 等待 Profile 更新任务...
2026-07-23 22:16:39.664 | INFO     | N/A | ⏳ 等待 Profile 更新任务...
2026-07-23 22:16:44.692 | INFO     | N/A | ⏳ 等待 Profile 更新任务...
2026-07-23 22:16:49.729 | INFO     | N/A | ⏳ 等待 Profile 更新任务...
2026-07-23 22:16:54.759 | INFO     | N/A | ⏳ 等待 Profile 更新任务...
2026-07-23 22:16:59.789 | INFO     | N/A | ⏳ 等待 Profile 更新任务...
2026-07-23 22:17:04.815 | INFO     | N/A | ⏳ 等待 Profile 更新任务...
2026-07-23 22:17:09.874 | INFO     | N/A | ⏳ 等待 Profile 更新任务...
2026-07-23 22:17:14.901 | INFO     | N/A | ⏳ 等待 Profile 更新任务...
2026-07-23 22:17:19.940 | INFO     | N/A | ⏳ 等待 Profile 更新任务...
2026-07-23 22:17:24.967 | INFO     | N/A | ⏳ 等待 Profile 更新任务...
2026-07-23 22:17:29.996 | INFO     | N/A | ⏳ 等待 Profile 更新任务...
2026-07-23 22:17:35.025 | INFO     | N/A | ⏳ 等待 Profile 更新任务...
2026-07-23 22:17:40.052 | INFO     | N/A | ⏳ 等待 Profile 更新任务...
2026-07-23 22:17:45.081 | INFO     | N/A | ⏳ 等待 Profile 更新任务...
2026-07-23 22:17:50.116 | INFO     | N/A | ⏳ 等待 Profile 更新任务...
2026-07-23 22:17:55.143 | INFO     | N/A | ⏳ 等待 Profile 更新任务...
2026-07-23 22:18:00.171 | INFO     | N/A | ⏳ 等待 Profile 更新任务...
2026-07-23 22:18:05.198 | INFO     | N/A | ⏳ 等待 Profile 更新任务...
2026-07-23 22:18:10.239 | INFO     | N/A | ⏳ 等待 Profile 更新任务...
2026-07-23 22:18:15.269 | INFO     | N/A | ⏳ 等待 Profile 更新任务...
2026-07-23 22:18:20.320 | INFO     | N/A | ⏳ 等待 Profile 更新任务...
2026-07-23 22:18:25.348 | INFO     | N/A | ⏳ 等待 Profile 更新任务...
2026-07-23 22:18:30.373 | INFO     | N/A | ⏳ 等待 Profile 更新任务...
2026-07-23 22:18:35.403 | INFO     | N/A | ⏳ 等待 Profile 更新任务...
2026-07-23 22:18:40.467 | INFO     | N/A | ⏳ 等待 Profile 更新任务...
2026-07-23 22:18:45.494 | INFO     | N/A | ⏳ 等待 Profile 更新任务...
2026-07-23 22:18:50.533 | INFO     | N/A | ⏳ 等待 Profile 更新任务...
2026-07-23 22:18:55.562 | INFO     | N/A | ⏳ 等待 Profile 更新任务...
2026-07-23 22:19:00.590 | INFO     | N/A | ⏳ 等待 Profile 更新任务...
2026-07-23 22:19:05.618 | INFO     | N/A | ⏳ 等待 Profile 更新任务...
2026-07-23 22:19:10.646 | INFO     | N/A | ⏳ 等待 Profile 更新任务...
2026-07-23 22:19:15.676 | INFO     | N/A | ⏳ 等待 Profile 更新任务...
2026-07-23 22:19:20.711 | INFO     | N/A | ⏳ 等待 Profile 更新任务...
2026-07-23 22:19:25.740 | INFO     | N/A | ⏳ 等待 Profile 更新任务...
2026-07-23 22:19:30.767 | INFO     | N/A | ⏳ 等待 Profile 更新任务...
2026-07-23 22:19:35.794 | INFO     | N/A | ⏳ 等待 Profile 更新任务...
2026-07-23 22:19:40.824 | INFO     | N/A | ⏳ 等待 Profile 更新任务...
2026-07-23 22:19:45.856 | INFO     | N/A | ⏳ 等待 Profile 更新任务...
2026-07-23 22:19:50.960 | INFO     | N/A | ⏳ 等待 Profile 更新任务...
2026-07-23 22:19:55.986 | INFO     | N/A | ⏳ 等待 Profile 更新任务...
2026-07-23 22:20:01.013 | INFO     | N/A | ⏳ 等待 Profile 更新任务...
2026-07-23 22:20:06.041 | INFO     | N/A | ⏳ 等待 Profile 更新任务...
2026-07-23 22:20:11.070 | INFO     | N/A | ⏳ 等待 Profile 更新任务...
2026-07-23 22:20:16.101 | INFO     | N/A | ⏳ 等待 Profile 更新任务...
2026-07-23 22:20:21.137 | INFO     | N/A | ⏳ 等待 Profile 更新任务...
2026-07-23 22:20:26.166 | INFO     | N/A | ⏳ 等待 Profile 更新任务...
2026-07-23 22:20:31.193 | INFO     | N/A | ⏳ 等待 Profile 更新任务...
2026-07-23 22:20:36.224 | INFO     | N/A | ⏳ 等待 Profile 更新任务...
2026-07-23 22:20:41.250 | INFO     | N/A | ⏳ 等待 Profile 更新任务...
2026-07-23 22:20:46.276 | INFO     | N/A | ⏳ 等待 Profile 更新任务...
2026-07-23 22:20:51.311 | INFO     | N/A | ⏳ 等待 Profile 更新任务...
2026-07-23 22:20:56.339 | INFO     | N/A | ⏳ 等待 Profile 更新任务...
2026-07-23 22:21:01.369 | INFO     | N/A | ⏳ 等待 Profile 更新任务...
2026-07-23 22:21:06.396 | INFO     | N/A | ⏳ 等待 Profile 更新任务...
2026-07-23 22:21:11.424 | INFO     | N/A | ⏳ 等待 Profile 更新任务...
2026-07-23 22:21:16.483 | INFO     | N/A | ⏳ 等待 Profile 更新任务...
2026-07-23 22:21:21.520 | INFO     | N/A | ⏳ 等待 Profile 更新任务...
2026-07-23 22:21:26.547 | INFO     | N/A | ⏳ 等待 Profile 更新任务...
2026-07-23 22:21:31.578 | INFO     | N/A | ⏳ 等待 Profile 更新任务...
2026-07-23 22:21:36.604 | INFO     | N/A | ⏳ 等待 Profile 更新任务...
2026-07-23 22:21:41.630 | INFO     | N/A | ⏳ 等待 Profile 更新任务...
2026-07-23 22:21:46.655 | INFO     | N/A | ⏳ 等待 Profile 更新任务...
2026-07-23 22:21:51.694 | INFO     | N/A | ⏳ 等待 Profile 更新任务...
2026-07-23 22:21:56.722 | INFO     | N/A | ⏳ 等待 Profile 更新任务...
2026-07-23 22:22:01.753 | INFO     | N/A | ⏳ 等待 Profile 更新任务...
2026-07-23 22:22:06.782 | INFO     | N/A | ⏳ 等待 Profile 更新任务...
2026-07-23 22:22:11.809 | INFO     | N/A | ⏳ 等待 Profile 更新任务...
2026-07-23 22:22:16.839 | INFO     | N/A | ⏳ 等待 Profile 更新任务...
2026-07-23 22:22:21.874 | INFO     | N/A | ⏳ 等待 Profile 更新任务...
2026-07-23 22:22:26.901 | INFO     | N/A | ⏳ 等待 Profile 更新任务...
2026-07-23 22:22:31.929 | INFO     | N/A | ⏳ 等待 Profile 更新任务...
2026-07-23 22:22:36.957 | INFO     | N/A | ⏳ 等待 Profile 更新任务...
2026-07-23 22:22:41.985 | INFO     | N/A | ⏳ 等待 Profile 更新任务...
2026-07-23 22:22:47.013 | INFO     | N/A | ⏳ 等待 Profile 更新任务...
2026-07-23 22:22:52.049 | INFO     | N/A | ⏳ 等待 Profile 更新任务...
2026-07-23 22:22:57.079 | INFO     | N/A | ⏳ 等待 Profile 更新任务...
2026-07-23 22:23:02.107 | INFO     | N/A | ⏳ 等待 Profile 更新任务...
2026-07-23 22:23:07.135 | INFO     | N/A | ⏳ 等待 Profile 更新任务...
2026-07-23 22:23:12.193 | INFO     | N/A | ⏳ 等待 Profile 更新任务...
2026-07-23 22:23:17.221 | INFO     | N/A | ⏳ 等待 Profile 更新任务...
2026-07-23 22:23:22.257 | INFO     | N/A | ⏳ 等待 Profile 更新任务...
2026-07-23 22:23:27.285 | INFO     | N/A | ⏳ 等待 Profile 更新任务...
2026-07-23 22:23:32.309 | INFO     | N/A | ⏳ 等待 Profile 更新任务...
2026-07-23 22:23:37.337 | INFO     | N/A | ⏳ 等待 Profile 更新任务...
2026-07-23 22:23:42.367 | INFO     | N/A | ⏳ 等待 Profile 更新任务...
2026-07-23 22:23:47.412 | INFO     | N/A | ⏳ 等待 Profile 更新任务...
2026-07-23 22:23:52.462 | INFO     | N/A | ⏳ 等待 Profile 更新任务...
2026-07-23 22:23:57.488 | INFO     | N/A | ⏳ 等待 Profile 更新任务...
2026-07-23 22:24:02.517 | INFO     | N/A | ⏳ 等待 Profile 更新任务...
2026-07-23 22:24:07.560 | INFO     | N/A | ⏳ 等待 Profile 更新任务...
2026-07-23 22:24:12.589 | INFO     | N/A | ⏳ 等待 Profile 更新任务...
2026-07-23 22:24:17.616 | INFO     | N/A | ⏳ 等待 Profile 更新任务...
2026-07-23 22:24:22.653 | INFO     | N/A | ⏳ 等待 Profile 更新任务...
2026-07-23 22:24:27.679 | INFO     | N/A | ⏳ 等待 Profile 更新任务...
2026-07-23 22:24:32.706 | INFO     | N/A | ⏳ 等待 Profile 更新任务...
2026-07-23 22:24:37.736 | INFO     | N/A | ⏳ 等待 Profile 更新任务...
2026-07-23 22:24:42.764 | INFO     | N/A | ⏳ 等待 Profile 更新任务...
2026-07-23 22:24:47.794 | INFO     | N/A | ⏳ 等待 Profile 更新任务...
2026-07-23 22:24:52.829 | INFO     | N/A | ⏳ 等待 Profile 更新任务...
2026-07-23 22:24:57.855 | INFO     | N/A | ⏳ 等待 Profile 更新任务...
2026-07-23 22:25:02.885 | INFO     | N/A | ⏳ 等待 Profile 更新任务...
2026-07-23 22:25:07.911 | INFO     | N/A | ⏳ 等待 Profile 更新任务...
2026-07-23 22:25:12.938 | INFO     | N/A | ⏳ 等待 Profile 更新任务...
2026-07-23 22:25:17.972 | INFO     | N/A | ⏳ 等待 Profile 更新任务...
2026-07-23 22:25:23.036 | INFO     | N/A | ⏳ 等待 Profile 更新任务...
2026-07-23 22:25:28.062 | INFO     | N/A | ⏳ 等待 Profile 更新任务...
2026-07-23 22:25:33.090 | INFO     | N/A | ⏳ 等待 Profile 更新任务...
2026-07-23 22:25:38.117 | INFO     | N/A | ⏳ 等待 Profile 更新任务...
2026-07-23 22:25:43.147 | INFO     | N/A | ⏳ 等待 Profile 更新任务...
2026-07-23 22:25:48.189 | INFO     | N/A | ⏳ 等待 Profile 更新任务...
2026-07-23 22:25:53.223 | INFO     | N/A | ⏳ 等待 Profile 更新任务...
2026-07-23 22:25:58.287 | INFO     | N/A | ⏳ 等待 Profile 更新任务...
2026-07-23 22:26:03.314 | INFO     | N/A | ⏳ 等待 Profile 更新任务...
2026-07-23 22:26:08.341 | INFO     | N/A | ⏳ 等待 Profile 更新任务...
2026-07-23 22:26:13.370 | INFO     | N/A | ⏳ 等待 Profile 更新任务...
2026-07-23 22:26:18.405 | INFO     | N/A | ⏳ 等待 Profile 更新任务...
2026-07-23 22:26:23.438 | INFO     | N/A | ⏳ 等待 Profile 更新任务...
2026-07-23 22:26:28.467 | INFO     | N/A | ⏳ 等待 Profile 更新任务...
2026-07-23 22:26:33.493 | INFO     | N/A | ⏳ 等待 Profile 更新任务...
2026-07-23 22:26:38.519 | INFO     | N/A | ⏳ 等待 Profile 更新任务...
2026-07-23 22:26:43.548 | INFO     | N/A | ⏳ 等待 Profile 更新任务...
2026-07-23 22:26:48.584 | INFO     | N/A | ⏳ 等待 Profile 更新任务...
2026-07-23 22:26:53.615 | INFO     | N/A | ⏳ 等待 Profile 更新任务...
2026-07-23 22:26:58.646 | INFO     | N/A | ⏳ 等待 Profile 更新任务...
2026-07-23 22:27:03.675 | INFO     | N/A | ⏳ 等待 Profile 更新任务...
2026-07-23 22:27:08.703 | INFO     | N/A | ⏳ 等待 Profile 更新任务...
2026-07-23 22:27:13.729 | INFO     | N/A | ⏳ 等待 Profile 更新任务...
2026-07-23 22:27:18.763 | INFO     | N/A | ⏳ 等待 Profile 更新任务...
2026-07-23 22:27:23.795 | INFO     | N/A | ⏳ 等待 Profile 更新任务...
2026-07-23 22:27:28.822 | INFO     | N/A | ⏳ 等待 Profile 更新任务...
2026-07-23 22:27:33.849 | INFO     | N/A | ⏳ 等待 Profile 更新任务...
2026-07-23 22:27:38.878 | INFO     | N/A | ⏳ 等待 Profile 更新任务...
2026-07-23 22:27:43.919 | INFO     | N/A | ⏳ 等待 Profile 更新任务...
2026-07-23 22:27:48.942 | INFO     | N/A | ⏳ 等待 Profile 更新任务...
2026-07-23 22:27:53.981 | INFO     | N/A | ⏳ 等待 Profile 更新任务...
2026-07-23 22:27:59.010 | INFO     | N/A | ⏳ 等待 Profile 更新任务...
2026-07-23 22:28:04.037 | INFO     | N/A | ⏳ 等待 Profile 更新任务...
2026-07-23 22:28:09.065 | INFO     | N/A | ⏳ 等待 Profile 更新任务...
2026-07-23 22:28:14.094 | INFO     | N/A | ⏳ 等待 Profile 更新任务...
2026-07-23 22:28:19.127 | INFO     | N/A | ⏳ 等待 Profile 更新任务...
2026-07-23 22:28:24.155 | INFO     | N/A | ⏳ 等待 Profile 更新任务...
2026-07-23 22:28:29.182 | INFO     | N/A | ⏳ 等待 Profile 更新任务...
2026-07-23 22:28:34.210 | INFO     | N/A | ⏳ 等待 Profile 更新任务...
2026-07-23 22:28:39.240 | INFO     | N/A | ⏳ 等待 Profile 更新任务...
2026-07-23 22:28:44.269 | INFO     | N/A | ⏳ 等待 Profile 更新任务...
2026-07-23 22:28:49.306 | INFO     | N/A | ⏳ 等待 Profile 更新任务...
2026-07-23 22:28:54.335 | INFO     | N/A | ⏳ 等待 Profile 更新任务...
2026-07-23 22:28:59.363 | INFO     | N/A | ⏳ 等待 Profile 更新任务...
2026-07-23 22:29:04.405 | INFO     | N/A | ⏳ 等待 Profile 更新任务...
2026-07-23 22:29:09.430 | INFO     | N/A | ⏳ 等待 Profile 更新任务...
2026-07-23 22:29:14.459 | INFO     | N/A | ⏳ 等待 Profile 更新任务...
2026-07-23 22:29:19.494 | INFO     | N/A | ⏳ 等待 Profile 更新任务...
2026-07-23 22:29:24.520 | INFO     | N/A | ⏳ 等待 Profile 更新任务...
2026-07-23 22:29:29.547 | INFO     | N/A | ⏳ 等待 Profile 更新任务...
2026-07-23 22:29:34.576 | INFO     | N/A | ⏳ 等待 Profile 更新任务...
2026-07-23 22:29:39.603 | INFO     | N/A | ⏳ 等待 Profile 更新任务...
2026-07-23 22:29:44.659 | INFO     | N/A | ⏳ 等待 Profile 更新任务...
2026-07-23 22:29:49.694 | INFO     | N/A | ⏳ 等待 Profile 更新任务...
2026-07-23 22:29:54.723 | INFO     | N/A | ⏳ 等待 Profile 更新任务...
2026-07-23 22:29:59.748 | INFO     | N/A | ⏳ 等待 Profile 更新任务...
2026-07-23 22:30:04.777 | INFO     | N/A | ⏳ 等待 Profile 更新任务...
2026-07-23 22:30:09.805 | INFO     | N/A | ⏳ 等待 Profile 更新任务...
2026-07-23 22:30:14.834 | INFO     | N/A | ⏳ 等待 Profile 更新任务...
2026-07-23 22:30:19.869 | INFO     | N/A | ⏳ 等待 Profile 更新任务...
2026-07-23 22:30:24.909 | INFO     | N/A | ⏳ 等待 Profile 更新任务...
2026-07-23 22:30:29.934 | INFO     | N/A | ⏳ 等待 Profile 更新任务...
2026-07-23 22:30:35.019 | INFO     | N/A | ⏳ 等待 Profile 更新任务...
2026-07-23 22:30:40.048 | INFO     | N/A | ⏳ 等待 Profile 更新任务...
2026-07-23 22:30:45.077 | INFO     | N/A | ⏳ 等待 Profile 更新任务...
2026-07-23 22:30:50.111 | INFO     | N/A | ⏳ 等待 Profile 更新任务...
2026-07-23 22:30:55.139 | INFO     | N/A | ⏳ 等待 Profile 更新任务...
2026-07-23 22:31:00.168 | INFO     | N/A | ⏳ 等待 Profile 更新任务...
2026-07-23 22:31:05.195 | INFO     | N/A | ⏳ 等待 Profile 更新任务...
2026-07-23 22:31:10.225 | INFO     | N/A | ⏳ 等待 Profile 更新任务...
2026-07-23 22:31:15.251 | INFO     | N/A | ⏳ 等待 Profile 更新任务...
2026-07-23 22:31:20.289 | INFO     | N/A | ⏳ 等待 Profile 更新任务...
2026-07-23 22:31:25.318 | INFO     | N/A | ⏳ 等待 Profile 更新任务...
2026-07-23 22:31:30.343 | INFO     | N/A | ⏳ 等待 Profile 更新任务...
2026-07-23 22:31:35.366 | INFO     | N/A | ⏳ 等待 Profile 更新任务...
2026-07-23 22:31:40.392 | INFO     | N/A | ⏳ 等待 Profile 更新任务...
2026-07-23 22:31:45.419 | INFO     | N/A | ⏳ 等待 Profile 更新任务...
2026-07-23 22:31:50.455 | INFO     | N/A | ⏳ 等待 Profile 更新任务...
2026-07-23 22:31:55.484 | INFO     | N/A | ⏳ 等待 Profile 更新任务...
2026-07-23 22:32:00.511 | INFO     | N/A | ⏳ 等待 Profile 更新任务...
2026-07-23 22:32:05.559 | INFO     | N/A | ⏳ 等待 Profile 更新任务...
2026-07-23 22:32:10.589 | INFO     | N/A | ⏳ 等待 Profile 更新任务...
2026-07-23 22:32:15.612 | INFO     | N/A | ⏳ 等待 Profile 更新任务...
2026-07-23 22:32:20.649 | INFO     | N/A | ⏳ 等待 Profile 更新任务...
2026-07-23 22:32:25.677 | INFO     | N/A | ⏳ 等待 Profile 更新任务...
2026-07-23 22:32:30.707 | INFO     | N/A | ⏳ 等待 Profile 更新任务...
2026-07-23 22:32:35.763 | INFO     | N/A | ⏳ 等待 Profile 更新任务...
2026-07-23 22:32:40.791 | INFO     | N/A | ⏳ 等待 Profile 更新任务...
2026-07-23 22:32:45.846 | INFO     | N/A | ⏳ 等待 Profile 更新任务...
2026-07-23 22:32:50.879 | INFO     | N/A | ⏳ 等待 Profile 更新任务...
2026-07-23 22:32:55.967 | INFO     | N/A | ⏳ 等待 Profile 更新任务...
2026-07-23 22:33:00.994 | INFO     | N/A | ⏳ 等待 Profile 更新任务...
2026-07-23 22:33:06.056 | INFO     | N/A | ⏳ 等待 Profile 更新任务...
2026-07-23 22:33:11.085 | INFO     | N/A | ⏳ 等待 Profile 更新任务...
2026-07-23 22:33:16.115 | INFO     | N/A | ⏳ 等待 Profile 更新任务...
2026-07-23 22:33:21.150 | INFO     | N/A | ⏳ 等待 Profile 更新任务...
2026-07-23 22:33:26.178 | INFO     | N/A | ⏳ 等待 Profile 更新任务...
2026-07-23 22:33:31.207 | INFO     | N/A | ⏳ 等待 Profile 更新任务...
2026-07-23 22:33:36.233 | INFO     | N/A | ⏳ 等待 Profile 更新任务...
2026-07-23 22:33:41.259 | INFO     | N/A | ⏳ 等待 Profile 更新任务...
2026-07-23 22:33:46.287 | INFO     | N/A | ⏳ 等待 Profile 更新任务...
2026-07-23 22:33:51.323 | INFO     | N/A | ⏳ 等待 Profile 更新任务...
2026-07-23 22:33:56.349 | INFO     | N/A | ⏳ 等待 Profile 更新任务...
2026-07-23 22:34:01.377 | INFO     | N/A | ⏳ 等待 Profile 更新任务...
2026-07-23 22:34:06.389 | INFO     | N/A | ⏳ 等待 Profile 更新任务...
2026-07-23 22:34:11.416 | INFO     | N/A | ⏳ 等待 Profile 更新任务...
2026-07-23 22:34:16.446 | INFO     | N/A | ⏳ 等待 Profile 更新任务...
2026-07-23 22:34:21.482 | INFO     | N/A | ⏳ 等待 Profile 更新任务...
2026-07-23 22:34:26.510 | INFO     | N/A | ⏳ 等待 Profile 更新任务...
2026-07-23 22:34:31.561 | INFO     | N/A | ⏳ 等待 Profile 更新任务...
2026-07-23 22:34:36.589 | INFO     | N/A | ⏳ 等待 Profile 更新任务...
2026-07-23 22:34:41.615 | INFO     | N/A | ⏳ 等待 Profile 更新任务...
2026-07-23 22:34:46.643 | INFO     | N/A | ⏳ 等待 Profile 更新任务...
2026-07-23 22:34:51.682 | INFO     | N/A | ⏳ 等待 Profile 更新任务...
2026-07-23 22:34:56.707 | INFO     | N/A | ⏳ 等待 Profile 更新任务...
2026-07-23 22:35:01.746 | INFO     | N/A | ⏳ 等待 Profile 更新任务...
2026-07-23 22:35:06.774 | INFO     | N/A | ⏳ 等待 Profile 更新任务...
2026-07-23 22:35:11.801 | INFO     | N/A | ⏳ 等待 Profile 更新任务...
2026-07-23 22:35:16.828 | INFO     | N/A | ⏳ 等待 Profile 更新任务...
2026-07-23 22:35:21.920 | INFO     | N/A | ⏳ 等待 Profile 更新任务...
2026-07-23 22:35:26.949 | INFO     | N/A | ⏳ 等待 Profile 更新任务...
2026-07-23 22:35:31.977 | INFO     | N/A | ⏳ 等待 Profile 更新任务...
2026-07-23 22:35:37.004 | INFO     | N/A | ⏳ 等待 Profile 更新任务...
2026-07-23 22:35:42.030 | INFO     | N/A | ⏳ 等待 Profile 更新任务...
2026-07-23 22:35:47.084 | INFO     | N/A | ⏳ 等待 Profile 更新任务...
2026-07-23 22:35:52.157 | INFO     | N/A | ⏳ 等待 Profile 更新任务...
2026-07-23 22:35:57.184 | INFO     | N/A | ⏳ 等待 Profile 更新任务...
2026-07-23 22:36:02.212 | INFO     | N/A | ⏳ 等待 Profile 更新任务...
2026-07-23 22:36:07.237 | INFO     | N/A | ⏳ 等待 Profile 更新任务...
2026-07-23 22:36:12.286 | INFO     | N/A | ⏳ 等待 Profile 更新任务...
2026-07-23 22:36:17.312 | INFO     | N/A | ⏳ 等待 Profile 更新任务...
2026-07-23 22:36:22.347 | INFO     | N/A | ⏳ 等待 Profile 更新任务...
2026-07-23 22:36:27.374 | INFO     | N/A | ⏳ 等待 Profile 更新任务...
2026-07-23 22:36:32.402 | INFO     | N/A | ⏳ 等待 Profile 更新任务...
2026-07-23 22:36:37.430 | INFO     | N/A | ⏳ 等待 Profile 更新任务...
2026-07-23 22:36:42.456 | INFO     | N/A | ⏳ 等待 Profile 更新任务...
2026-07-23 22:36:47.484 | INFO     | N/A | ⏳ 等待 Profile 更新任务...
2026-07-23 22:36:52.521 | INFO     | N/A | ⏳ 等待 Profile 更新任务...
2026-07-23 22:36:57.550 | INFO     | N/A | ⏳ 等待 Profile 更新任务...
2026-07-23 22:37:02.578 | INFO     | N/A | ⏳ 等待 Profile 更新任务...
2026-07-23 22:37:07.604 | INFO     | N/A | ⏳ 等待 Profile 更新任务...
2026-07-23 22:37:12.642 | INFO     | N/A | ⏳ 等待 Profile 更新任务...
2026-07-23 22:37:17.670 | INFO     | N/A | ⏳ 等待 Profile 更新任务...
2026-07-23 22:37:22.708 | INFO     | N/A | ⏳ 等待 Profile 更新任务...
2026-07-23 22:37:27.737 | INFO     | N/A | ⏳ 等待 Profile 更新任务...
2026-07-23 22:37:32.763 | INFO     | N/A | ⏳ 等待 Profile 更新任务...
2026-07-23 22:37:37.789 | INFO     | N/A | ⏳ 等待 Profile 更新任务...
2026-07-23 22:37:42.818 | INFO     | N/A | ⏳ 等待 Profile 更新任务...
2026-07-23 22:37:47.842 | INFO     | N/A | ⏳ 等待 Profile 更新任务...
2026-07-23 22:37:52.879 | INFO     | N/A | ⏳ 等待 Profile 更新任务...
2026-07-23 22:37:57.908 | INFO     | N/A | ⏳ 等待 Profile 更新任务...
2026-07-23 22:38:03.000 | INFO     | N/A | ⏳ 等待 Profile 更新任务...
2026-07-23 22:38:08.029 | INFO     | N/A | ⏳ 等待 Profile 更新任务...
2026-07-23 22:38:13.057 | INFO     | N/A | ⏳ 等待 Profile 更新任务...
2026-07-23 22:38:18.083 | INFO     | N/A | ⏳ 等待 Profile 更新任务...
2026-07-23 22:38:23.122 | INFO     | N/A | ⏳ 等待 Profile 更新任务...
2026-07-23 22:38:28.150 | INFO     | N/A | ⏳ 等待 Profile 更新任务...
2026-07-23 22:38:33.179 | INFO     | N/A | ⏳ 等待 Profile 更新任务...
2026-07-23 22:38:38.208 | INFO     | N/A | ⏳ 等待 Profile 更新任务...
2026-07-23 22:38:43.235 | INFO     | N/A | ⏳ 等待 Profile 更新任务...
2026-07-23 22:38:48.264 | INFO     | N/A | ⏳ 等待 Profile 更新任务...
2026-07-23 22:38:53.301 | INFO     | N/A | ⏳ 等待 Profile 更新任务...
2026-07-23 22:38:58.329 | INFO     | N/A | ⏳ 等待 Profile 更新任务...
2026-07-23 22:39:03.356 | INFO     | N/A | ⏳ 等待 Profile 更新任务...
2026-07-23 22:39:08.382 | INFO     | N/A | ⏳ 等待 Profile 更新任务...
2026-07-23 22:39:13.412 | INFO     | N/A | ⏳ 等待 Profile 更新任务...
2026-07-23 22:39:18.441 | INFO     | N/A | ⏳ 等待 Profile 更新任务...
2026-07-23 22:39:23.476 | INFO     | N/A | ⏳ 等待 Profile 更新任务...
2026-07-23 22:39:28.504 | INFO     | N/A | ⏳ 等待 Profile 更新任务...
2026-07-23 22:39:33.533 | INFO     | N/A | ⏳ 等待 Profile 更新任务...
2026-07-23 22:39:38.559 | INFO     | N/A | ⏳ 等待 Profile 更新任务...
2026-07-23 22:39:43.587 | INFO     | N/A | ⏳ 等待 Profile 更新任务...
2026-07-23 22:39:48.614 | INFO     | N/A | ⏳ 等待 Profile 更新任务...
2026-07-23 22:39:53.650 | INFO     | N/A | ⏳ 等待 Profile 更新任务...
2026-07-23 22:39:58.678 | INFO     | N/A | ⏳ 等待 Profile 更新任务...
2026-07-23 22:40:03.707 | INFO     | N/A | ⏳ 等待 Profile 更新任务...
2026-07-23 22:40:08.737 | INFO     | N/A | ⏳ 等待 Profile 更新任务...
2026-07-23 22:40:13.763 | INFO     | N/A | ⏳ 等待 Profile 更新任务...
2026-07-23 22:40:18.790 | INFO     | N/A | ⏳ 等待 Profile 更新任务...
2026-07-23 22:40:23.830 | INFO     | N/A | ⏳ 等待 Profile 更新任务...
2026-07-23 22:40:28.858 | INFO     | N/A | ⏳ 等待 Profile 更新任务...
2026-07-23 22:40:33.889 | INFO     | N/A | ⏳ 等待 Profile 更新任务...
2026-07-23 22:40:38.915 | INFO     | N/A | ⏳ 等待 Profile 更新任务...
2026-07-23 22:40:43.945 | INFO     | N/A | ⏳ 等待 Profile 更新任务...
2026-07-23 22:40:48.974 | INFO     | N/A | ⏳ 等待 Profile 更新任务...
2026-07-23 22:40:54.009 | INFO     | N/A | ⏳ 等待 Profile 更新任务...
2026-07-23 22:40:59.035 | INFO     | N/A | ⏳ 等待 Profile 更新任务...
2026-07-23 22:41:04.064 | INFO     | N/A | ⏳ 等待 Profile 更新任务...
2026-07-23 22:41:09.090 | INFO     | N/A | ⏳ 等待 Profile 更新任务...
2026-07-23 22:41:14.117 | INFO     | N/A | ⏳ 等待 Profile 更新任务...
2026-07-23 22:41:19.145 | INFO     | N/A | ⏳ 等待 Profile 更新任务...
2026-07-23 22:41:24.183 | INFO     | N/A | ⏳ 等待 Profile 更新任务...
2026-07-23 22:41:29.211 | INFO     | N/A | ⏳ 等待 Profile 更新任务...
2026-07-23 22:41:34.237 | INFO     | N/A | ⏳ 等待 Profile 更新任务...
2026-07-23 22:41:39.264 | INFO     | N/A | ⏳ 等待 Profile 更新任务...
2026-07-23 22:41:44.355 | INFO     | N/A | ⏳ 等待 Profile 更新任务...
2026-07-23 22:41:49.383 | INFO     | N/A | ⏳ 等待 Profile 更新任务...
2026-07-23 22:41:54.419 | INFO     | N/A | ⏳ 等待 Profile 更新任务...
2026-07-23 22:41:59.446 | INFO     | N/A | ⏳ 等待 Profile 更新任务...
2026-07-23 22:42:04.475 | INFO     | N/A | ⏳ 等待 Profile 更新任务...
2026-07-23 22:42:09.504 | INFO     | N/A | ⏳ 等待 Profile 更新任务...
2026-07-23 22:42:14.531 | INFO     | N/A | ⏳ 等待 Profile 更新任务...
2026-07-23 22:42:19.560 | INFO     | N/A | ⏳ 等待 Profile 更新任务...
2026-07-23 22:42:24.609 | INFO     | N/A | ⏳ 等待 Profile 更新任务...
2026-07-23 22:42:29.636 | INFO     | N/A | ⏳ 等待 Profile 更新任务...
2026-07-23 22:42:34.676 | INFO     | N/A | ⏳ 等待 Profile 更新任务...
2026-07-23 22:42:39.729 | INFO     | N/A | ⏳ 等待 Profile 更新任务...
2026-07-23 22:42:44.758 | INFO     | N/A | ⏳ 等待 Profile 更新任务...
2026-07-23 22:42:49.787 | INFO     | N/A | ⏳ 等待 Profile 更新任务...
2026-07-23 22:42:54.827 | INFO     | N/A | ⏳ 等待 Profile 更新任务...
2026-07-23 22:42:59.858 | INFO     | N/A | ⏳ 等待 Profile 更新任务...
2026-07-23 22:43:04.885 | INFO     | N/A | ⏳ 等待 Profile 更新任务...
2026-07-23 22:43:09.913 | INFO     | N/A | ⏳ 等待 Profile 更新任务...
2026-07-23 22:43:14.940 | INFO     | N/A | ⏳ 等待 Profile 更新任务...
2026-07-23 22:43:19.966 | INFO     | N/A | ⏳ 等待 Profile 更新任务...
2026-07-23 22:43:25.007 | INFO     | N/A | ⏳ 等待 Profile 更新任务...
2026-07-23 22:43:30.035 | INFO     | N/A | ⏳ 等待 Profile 更新任务...
2026-07-23 22:43:35.064 | INFO     | N/A | ⏳ 等待 Profile 更新任务...
2026-07-23 22:43:40.119 | INFO     | N/A | ⏳ 等待 Profile 更新任务...
2026-07-23 22:43:45.147 | INFO     | N/A | ⏳ 等待 Profile 更新任务...
2026-07-23 22:43:50.175 | INFO     | N/A | ⏳ 等待 Profile 更新任务...
2026-07-23 22:43:55.235 | INFO     | N/A | ⏳ 等待 Profile 更新任务...
2026-07-23 22:44:00.264 | INFO     | N/A | ⏳ 等待 Profile 更新任务...
2026-07-23 22:44:05.291 | INFO     | N/A | ⏳ 等待 Profile 更新任务...
2026-07-23 22:44:10.320 | INFO     | N/A | ⏳ 等待 Profile 更新任务...
2026-07-23 22:44:15.348 | INFO     | N/A | ⏳ 等待 Profile 更新任务...
2026-07-23 22:44:20.377 | INFO     | N/A | ⏳ 等待 Profile 更新任务...
2026-07-23 22:44:25.414 | INFO     | N/A | ⏳ 等待 Profile 更新任务...
2026-07-23 22:44:30.441 | INFO     | N/A | ⏳ 等待 Profile 更新任务...
2026-07-23 22:44:35.468 | INFO     | N/A | ⏳ 等待 Profile 更新任务...
2026-07-23 22:44:40.502 | INFO     | N/A | ⏳ 等待 Profile 更新任务...
2026-07-23 22:44:45.530 | INFO     | N/A | ⏳ 等待 Profile 更新任务...
2026-07-23 22:44:50.558 | INFO     | N/A | ⏳ 等待 Profile 更新任务...
2026-07-23 22:44:55.593 | INFO     | N/A | ⏳ 等待 Profile 更新任务...
2026-07-23 22:45:00.621 | INFO     | N/A | ⏳ 等待 Profile 更新任务...
2026-07-23 22:45:05.648 | INFO     | N/A | ⏳ 等待 Profile 更新任务...
2026-07-23 22:45:10.675 | INFO     | N/A | ⏳ 等待 Profile 更新任务...
2026-07-23 22:45:15.704 | INFO     | N/A | ⏳ 等待 Profile 更新任务...
2026-07-23 22:45:20.728 | INFO     | N/A | ⏳ 等待 Profile 更新任务...
2026-07-23 22:45:25.759 | INFO     | N/A | ⏳ 等待 Profile 更新任务...
2026-07-23 22:45:30.788 | INFO     | N/A | ⏳ 等待 Profile 更新任务...
2026-07-23 22:45:35.814 | INFO     | N/A | ⏳ 等待 Profile 更新任务...
2026-07-23 22:45:40.842 | INFO     | N/A | ⏳ 等待 Profile 更新任务...
2026-07-23 22:45:45.870 | INFO     | N/A | ⏳ 等待 Profile 更新任务...
2026-07-23 22:45:50.902 | INFO     | N/A | ⏳ 等待 Profile 更新任务...
2026-07-23 22:45:55.937 | INFO     | N/A | ⏳ 等待 Profile 更新任务...
2026-07-23 22:46:00.965 | INFO     | N/A | ⏳ 等待 Profile 更新任务...
2026-07-23 22:46:05.988 | INFO     | N/A | ⏳ 等待 Profile 更新任务...
2026-07-23 22:46:11.015 | INFO     | N/A | ⏳ 等待 Profile 更新任务...
2026-07-23 22:46:16.042 | INFO     | N/A | ⏳ 等待 Profile 更新任务...
2026-07-23 22:46:21.070 | INFO     | N/A | ⏳ 等待 Profile 更新任务...
2026-07-23 22:46:26.106 | INFO     | N/A | ⏳ 等待 Profile 更新任务...
2026-07-23 22:46:31.155 | INFO     | N/A | ⏳ 等待 Profile 更新任务...
2026-07-23 22:46:36.183 | INFO     | N/A | ⏳ 等待 Profile 更新任务...
2026-07-23 22:46:41.210 | INFO     | N/A | ⏳ 等待 Profile 更新任务...
2026-07-23 22:46:46.238 | INFO     | N/A | ⏳ 等待 Profile 更新任务...
2026-07-23 22:46:51.265 | INFO     | N/A | ⏳ 等待 Profile 更新任务...
2026-07-23 22:46:56.302 | INFO     | N/A | ⏳ 等待 Profile 更新任务...
2026-07-23 22:47:01.329 | INFO     | N/A | ⏳ 等待 Profile 更新任务...
2026-07-23 22:47:06.355 | INFO     | N/A | ⏳ 等待 Profile 更新任务...
2026-07-23 22:47:11.385 | INFO     | N/A | ⏳ 等待 Profile 更新任务...
2026-07-23 22:47:16.411 | INFO     | N/A | ⏳ 等待 Profile 更新任务...
2026-07-23 22:47:21.439 | INFO     | N/A | ⏳ 等待 Profile 更新任务...
2026-07-23 22:47:26.473 | INFO     | N/A | ⏳ 等待 Profile 更新任务...
2026-07-23 22:47:31.501 | INFO     | N/A | ⏳ 等待 Profile 更新任务...
2026-07-23 22:47:36.530 | INFO     | N/A | ⏳ 等待 Profile 更新任务...
2026-07-23 22:47:41.557 | INFO     | N/A | ⏳ 等待 Profile 更新任务...
2026-07-23 22:47:46.587 | INFO     | N/A | ⏳ 等待 Profile 更新任务...
2026-07-23 22:47:51.613 | INFO     | N/A | ⏳ 等待 Profile 更新任务...
2026-07-23 22:47:56.648 | INFO     | N/A | ⏳ 等待 Profile 更新任务...
2026-07-23 22:48:01.676 | INFO     | N/A | ⏳ 等待 Profile 更新任务...
2026-07-23 22:48:06.706 | INFO     | N/A | ⏳ 等待 Profile 更新任务...
2026-07-23 22:48:11.734 | INFO     | N/A | ⏳ 等待 Profile 更新任务...
2026-07-23 22:48:16.760 | INFO     | N/A | ⏳ 等待 Profile 更新任务...
2026-07-23 22:48:21.789 | INFO     | N/A | ⏳ 等待 Profile 更新任务...
2026-07-23 22:48:26.823 | INFO     | N/A | ⏳ 等待 Profile 更新任务...
2026-07-23 22:48:31.850 | INFO     | N/A | ⏳ 等待 Profile 更新任务...
2026-07-23 22:48:36.884 | INFO     | N/A | ⏳ 等待 Profile 更新任务...
2026-07-23 22:48:41.915 | INFO     | N/A | ⏳ 等待 Profile 更新任务...
2026-07-23 22:48:46.944 | INFO     | N/A | ⏳ 等待 Profile 更新任务...
2026-07-23 22:48:51.971 | INFO     | N/A | ⏳ 等待 Profile 更新任务...
2026-07-23 22:48:57.007 | INFO     | N/A | ⏳ 等待 Profile 更新任务...
2026-07-23 22:49:02.035 | INFO     | N/A | ⏳ 等待 Profile 更新任务...
2026-07-23 22:49:07.064 | INFO     | N/A | ⏳ 等待 Profile 更新任务...
2026-07-23 22:49:12.092 | INFO     | N/A | ⏳ 等待 Profile 更新任务...
2026-07-23 22:49:17.120 | INFO     | N/A | ⏳ 等待 Profile 更新任务...
2026-07-23 22:49:22.149 | INFO     | N/A | ⏳ 等待 Profile 更新任务...
2026-07-23 22:49:27.184 | INFO     | N/A | ⏳ 等待 Profile 更新任务...
2026-07-23 22:49:32.210 | INFO     | N/A | ⏳ 等待 Profile 更新任务...
2026-07-23 22:49:37.238 | INFO     | N/A | ⏳ 等待 Profile 更新任务...
2026-07-23 22:49:42.267 | INFO     | N/A | ⏳ 等待 Profile 更新任务...
2026-07-23 22:49:47.293 | INFO     | N/A | ⏳ 等待 Profile 更新任务...
2026-07-23 22:49:52.351 | INFO     | N/A | ⏳ 等待 Profile 更新任务...
2026-07-23 22:49:57.387 | INFO     | N/A | ⏳ 等待 Profile 更新任务...
2026-07-23 22:50:02.417 | INFO     | N/A | ⏳ 等待 Profile 更新任务...
2026-07-23 22:50:07.444 | INFO     | N/A | ⏳ 等待 Profile 更新任务...
2026-07-23 22:50:12.471 | INFO     | N/A | ⏳ 等待 Profile 更新任务...
2026-07-23 22:50:17.499 | INFO     | N/A | ⏳ 等待 Profile 更新任务...
2026-07-23 22:50:22.528 | INFO     | N/A | ⏳ 等待 Profile 更新任务...
2026-07-23 22:50:27.563 | INFO     | N/A | ⏳ 等待 Profile 更新任务...
2026-07-23 22:50:32.590 | INFO     | N/A | ⏳ 等待 Profile 更新任务...
2026-07-23 22:50:37.618 | INFO     | N/A | ⏳ 等待 Profile 更新任务...
2026-07-23 22:50:42.694 | INFO     | N/A | ⏳ 等待 Profile 更新任务...
2026-07-23 22:50:47.719 | INFO     | N/A | ⏳ 等待 Profile 更新任务...
2026-07-23 22:50:52.739 | INFO     | N/A | ⏳ 等待 Profile 更新任务...
2026-07-23 22:50:57.786 | INFO     | N/A | ⏳ 等待 Profile 更新任务...
2026-07-23 22:51:02.814 | INFO     | N/A | ⏳ 等待 Profile 更新任务...
2026-07-23 22:51:07.842 | INFO     | N/A | ⏳ 等待 Profile 更新任务...
2026-07-23 22:51:12.869 | INFO     | N/A | ⏳ 等待 Profile 更新任务...
2026-07-23 22:51:17.898 | INFO     | N/A | ⏳ 等待 Profile 更新任务...
2026-07-23 22:51:22.927 | INFO     | N/A | ⏳ 等待 Profile 更新任务...
2026-07-23 22:51:27.960 | INFO     | N/A | ⏳ 等待 Profile 更新任务...
2026-07-23 22:51:32.987 | INFO     | N/A | ⏳ 等待 Profile 更新任务...
2026-07-23 22:51:38.017 | INFO     | N/A | ⏳ 等待 Profile 更新任务...
2026-07-23 22:51:43.044 | INFO     | N/A | ⏳ 等待 Profile 更新任务...
2026-07-23 22:51:48.073 | INFO     | N/A | ⏳ 等待 Profile 更新任务...
2026-07-23 22:51:53.103 | INFO     | N/A | ⏳ 等待 Profile 更新任务...
2026-07-23 22:51:58.142 | INFO     | N/A | ⏳ 等待 Profile 更新任务...
2026-07-23 22:52:03.168 | INFO     | N/A | ⏳ 等待 Profile 更新任务...
2026-07-23 22:52:08.197 | INFO     | N/A | ⏳ 等待 Profile 更新任务...
2026-07-23 22:52:13.223 | INFO     | N/A | ⏳ 等待 Profile 更新任务...
2026-07-23 22:52:18.251 | INFO     | N/A | ⏳ 等待 Profile 更新任务...
2026-07-23 22:52:23.281 | INFO     | N/A | ⏳ 等待 Profile 更新任务...
2026-07-23 22:52:28.382 | INFO     | N/A | ⏳ 等待 Profile 更新任务...
2026-07-23 22:52:33.408 | INFO     | N/A | ⏳ 等待 Profile 更新任务...
2026-07-23 22:52:38.435 | INFO     | N/A | ⏳ 等待 Profile 更新任务...
2026-07-23 22:52:43.463 | INFO     | N/A | ⏳ 等待 Profile 更新任务...
2026-07-23 22:52:48.487 | INFO     | N/A | ⏳ 等待 Profile 更新任务...
2026-07-23 22:52:53.520 | INFO     | N/A | ⏳ 等待 Profile 更新任务...
2026-07-23 22:52:58.545 | INFO     | N/A | ⏳ 等待 Profile 更新任务...
2026-07-23 22:53:03.575 | INFO     | N/A | ⏳ 等待 Profile 更新任务...
2026-07-23 22:53:08.602 | INFO     | N/A | ⏳ 等待 Profile 更新任务...
2026-07-23 22:53:13.631 | INFO     | N/A | ⏳ 等待 Profile 更新任务...
2026-07-23 22:53:18.661 | INFO     | N/A | ⏳ 等待 Profile 更新任务...
2026-07-23 22:53:23.692 | INFO     | N/A | ⏳ 等待 Profile 更新任务...
2026-07-23 22:53:28.724 | INFO     | N/A | ⏳ 等待 Profile 更新任务...
2026-07-23 22:53:33.749 | INFO     | N/A | ⏳ 等待 Profile 更新任务...
2026-07-23 22:53:38.777 | INFO     | N/A | ⏳ 等待 Profile 更新任务...
2026-07-23 22:53:43.805 | INFO     | N/A | ⏳ 等待 Profile 更新任务...
2026-07-23 22:53:48.830 | INFO     | N/A | ⏳ 等待 Profile 更新任务...
2026-07-23 22:53:53.861 | INFO     | N/A | ⏳ 等待 Profile 更新任务...
2026-07-23 22:53:58.895 | INFO     | N/A | ⏳ 等待 Profile 更新任务...
2026-07-23 22:54:03.921 | INFO     | N/A | ⏳ 等待 Profile 更新任务...
2026-07-23 22:54:08.948 | INFO     | N/A | ⏳ 等待 Profile 更新任务...
2026-07-23 22:54:13.976 | INFO     | N/A | ⏳ 等待 Profile 更新任务...
2026-07-23 22:54:19.003 | INFO     | N/A | ⏳ 等待 Profile 更新任务...
2026-07-23 22:54:24.031 | INFO     | N/A | ⏳ 等待 Profile 更新任务...
2026-07-23 22:54:29.079 | INFO     | N/A | ⏳ 等待 Profile 更新任务...
2026-07-23 22:54:34.114 | INFO     | N/A | ⏳ 等待 Profile 更新任务...
2026-07-23 22:54:39.139 | INFO     | N/A | ⏳ 等待 Profile 更新任务...
2026-07-23 22:54:44.165 | INFO     | N/A | ⏳ 等待 Profile 更新任务...
2026-07-23 22:54:49.198 | INFO     | N/A | ⏳ 等待 Profile 更新任务...
2026-07-23 22:54:54.230 | INFO     | N/A | ⏳ 等待 Profile 更新任务...
2026-07-23 22:54:59.259 | INFO     | N/A | ⏳ 等待 Profile 更新任务...
2026-07-23 22:55:04.286 | INFO     | N/A | ⏳ 等待 Profile 更新任务...
2026-07-23 22:55:09.317 | INFO     | N/A | ⏳ 等待 Profile 更新任务...
2026-07-23 22:55:14.346 | INFO     | N/A | ⏳ 等待 Profile 更新任务...
2026-07-23 22:55:19.374 | INFO     | N/A | ⏳ 等待 Profile 更新任务...
2026-07-23 22:55:24.409 | INFO     | N/A | ⏳ 等待 Profile 更新任务...
2026-07-23 22:55:29.441 | INFO     | N/A | ⏳ 等待 Profile 更新任务...
2026-07-23 22:55:34.470 | INFO     | N/A | ⏳ 等待 Profile 更新任务...
2026-07-23 22:55:39.498 | INFO     | N/A | ⏳ 等待 Profile 更新任务...
2026-07-23 22:55:44.525 | INFO     | N/A | ⏳ 等待 Profile 更新任务...
2026-07-23 22:55:49.551 | INFO     | N/A | ⏳ 等待 Profile 更新任务...
2026-07-23 22:55:54.585 | INFO     | N/A | ⏳ 等待 Profile 更新任务...
2026-07-23 22:55:59.615 | INFO     | N/A | ⏳ 等待 Profile 更新任务...
2026-07-23 22:56:04.644 | INFO     | N/A | ⏳ 等待 Profile 更新任务...
2026-07-23 22:56:09.671 | INFO     | N/A | ⏳ 等待 Profile 更新任务...
2026-07-23 22:56:14.699 | INFO     | N/A | ⏳ 等待 Profile 更新任务...
2026-07-23 22:56:19.729 | INFO     | N/A | ⏳ 等待 Profile 更新任务...
2026-07-23 22:56:24.768 | INFO     | N/A | ⏳ 等待 Profile 更新任务...
2026-07-23 22:56:29.821 | INFO     | N/A | ⏳ 等待 Profile 更新任务...
2026-07-23 22:56:34.892 | INFO     | N/A | ⏳ 等待 Profile 更新任务...
2026-07-23 22:56:39.923 | INFO     | N/A | ⏳ 等待 Profile 更新任务...
2026-07-23 22:56:44.950 | INFO     | N/A | ⏳ 等待 Profile 更新任务...
2026-07-23 22:56:49.977 | INFO     | N/A | ⏳ 等待 Profile 更新任务...
2026-07-23 22:56:55.012 | INFO     | N/A | ⏳ 等待 Profile 更新任务...
2026-07-23 22:57:00.042 | INFO     | N/A | ⏳ 等待 Profile 更新任务...
2026-07-23 22:57:05.069 | INFO     | N/A | ⏳ 等待 Profile 更新任务...
2026-07-23 22:57:10.112 | INFO     | N/A | ⏳ 等待 Profile 更新任务...
2026-07-23 22:57:15.141 | INFO     | N/A | ⏳ 等待 Profile 更新任务...
2026-07-23 22:57:20.166 | INFO     | N/A | ⏳ 等待 Profile 更新任务...
2026-07-23 22:57:25.202 | INFO     | N/A | ⏳ 等待 Profile 更新任务...
2026-07-23 22:57:30.229 | INFO     | N/A | ⏳ 等待 Profile 更新任务...
2026-07-23 22:57:35.256 | INFO     | N/A | ⏳ 等待 Profile 更新任务...
2026-07-23 22:57:40.285 | INFO     | N/A | ⏳ 等待 Profile 更新任务...
2026-07-23 22:57:45.314 | INFO     | N/A | ⏳ 等待 Profile 更新任务...
2026-07-23 22:57:50.337 | INFO     | N/A | ⏳ 等待 Profile 更新任务...
2026-07-23 22:57:55.370 | INFO     | N/A | ⏳ 等待 Profile 更新任务...
2026-07-23 22:58:00.417 | INFO     | N/A | ⏳ 等待 Profile 更新任务...
2026-07-23 22:58:05.509 | INFO     | N/A | ⏳ 等待 Profile 更新任务...
2026-07-23 22:58:10.536 | INFO     | N/A | ⏳ 等待 Profile 更新任务...
2026-07-23 22:58:15.566 | INFO     | N/A | ⏳ 等待 Profile 更新任务...
2026-07-23 22:58:20.592 | INFO     | N/A | ⏳ 等待 Profile 更新任务...
2026-07-23 22:58:25.631 | INFO     | N/A | ⏳ 等待 Profile 更新任务...
2026-07-23 22:58:30.718 | INFO     | N/A | ⏳ 等待 Profile 更新任务...
2026-07-23 22:58:35.745 | INFO     | N/A | ⏳ 等待 Profile 更新任务...
2026-07-23 22:58:40.772 | INFO     | N/A | ⏳ 等待 Profile 更新任务...
2026-07-23 22:58:45.802 | INFO     | N/A | ⏳ 等待 Profile 更新任务...
2026-07-23 22:58:50.828 | INFO     | N/A | ⏳ 等待 Profile 更新任务...
2026-07-23 22:58:55.866 | INFO     | N/A | ⏳ 等待 Profile 更新任务...
2026-07-23 22:59:00.895 | INFO     | N/A | ⏳ 等待 Profile 更新任务...
2026-07-23 22:59:05.921 | INFO     | N/A | ⏳ 等待 Profile 更新任务...
2026-07-23 22:59:10.951 | INFO     | N/A | ⏳ 等待 Profile 更新任务...
2026-07-23 22:59:15.980 | INFO     | N/A | ⏳ 等待 Profile 更新任务...
2026-07-23 22:59:21.006 | INFO     | N/A | ⏳ 等待 Profile 更新任务...
2026-07-23 22:59:26.046 | INFO     | N/A | ⏳ 等待 Profile 更新任务...
2026-07-23 22:59:31.072 | INFO     | N/A | ⏳ 等待 Profile 更新任务...
2026-07-23 22:59:36.102 | INFO     | N/A | ⏳ 等待 Profile 更新任务...
2026-07-23 22:59:41.129 | INFO     | N/A | ⏳ 等待 Profile 更新任务...
2026-07-23 22:59:46.156 | INFO     | N/A | ⏳ 等待 Profile 更新任务...
2026-07-23 22:59:51.186 | INFO     | N/A | ⏳ 等待 Profile 更新任务...
2026-07-23 22:59:56.227 | INFO     | N/A | ⏳ 等待 Profile 更新任务...
2026-07-23 23:00:01.253 | INFO     | N/A | ⏳ 等待 Profile 更新任务...
2026-07-23 23:00:06.356 | INFO     | N/A | ⏳ 等待 Profile 更新任务...
2026-07-23 23:00:11.384 | INFO     | N/A | ⏳ 等待 Profile 更新任务...
2026-07-23 23:00:16.410 | INFO     | N/A | ⏳ 等待 Profile 更新任务...
2026-07-23 23:00:21.436 | INFO     | N/A | ⏳ 等待 Profile 更新任务...
2026-07-23 23:00:26.474 | INFO     | N/A | ⏳ 等待 Profile 更新任务...
2026-07-23 23:00:31.503 | INFO     | N/A | ⏳ 等待 Profile 更新任务...
2026-07-23 23:00:36.530 | INFO     | N/A | ⏳ 等待 Profile 更新任务...
2026-07-23 23:00:41.561 | INFO     | N/A | ⏳ 等待 Profile 更新任务...
2026-07-23 23:00:46.588 | INFO     | N/A | ⏳ 等待 Profile 更新任务...
2026-07-23 23:00:51.617 | INFO     | N/A | ⏳ 等待 Profile 更新任务...
2026-07-23 23:00:56.626 | INFO     | N/A | ⏳ 等待 Profile 更新任务...
2026-07-23 23:01:01.651 | INFO     | N/A | ⏳ 等待 Profile 更新任务...
2026-07-23 23:01:06.707 | INFO     | N/A | ⏳ 等待 Profile 更新任务...
2026-07-23 23:01:11.733 | INFO     | N/A | ⏳ 等待 Profile 更新任务...
2026-07-23 23:01:16.759 | INFO     | N/A | ⏳ 等待 Profile 更新任务...
2026-07-23 23:01:21.783 | INFO     | N/A | ⏳ 等待 Profile 更新任务...
2026-07-23 23:01:26.819 | INFO     | N/A | ⏳ 等待 Profile 更新任务...
2026-07-23 23:01:31.845 | INFO     | N/A | ⏳ 等待 Profile 更新任务...
2026-07-23 23:01:36.870 | INFO     | N/A | ⏳ 等待 Profile 更新任务...
2026-07-23 23:01:41.902 | INFO     | N/A | ⏳ 等待 Profile 更新任务...
2026-07-23 23:01:46.928 | INFO     | N/A | ⏳ 等待 Profile 更新任务...
2026-07-23 23:01:51.954 | INFO     | N/A | ⏳ 等待 Profile 更新任务...
2026-07-23 23:01:56.993 | INFO     | N/A | ⏳ 等待 Profile 更新任务...
2026-07-23 23:02:02.050 | INFO     | N/A | ⏳ 等待 Profile 更新任务...
2026-07-23 23:02:07.077 | INFO     | N/A | ⏳ 等待 Profile 更新任务...
2026-07-23 23:02:12.106 | INFO     | N/A | ⏳ 等待 Profile 更新任务...
2026-07-23 23:02:17.136 | INFO     | N/A | ⏳ 等待 Profile 更新任务...
2026-07-23 23:02:22.164 | INFO     | N/A | ⏳ 等待 Profile 更新任务...
2026-07-23 23:02:27.208 | INFO     | N/A | ⏳ 等待 Profile 更新任务...
2026-07-23 23:02:32.235 | INFO     | N/A | ⏳ 等待 Profile 更新任务...
2026-07-23 23:02:37.264 | INFO     | N/A | ⏳ 等待 Profile 更新任务...
2026-07-23 23:02:42.290 | INFO     | N/A | ⏳ 等待 Profile 更新任务...
2026-07-23 23:02:47.318 | INFO     | N/A | ⏳ 等待 Profile 更新任务...
2026-07-23 23:02:52.347 | INFO     | N/A | ⏳ 等待 Profile 更新任务...
2026-07-23 23:02:57.383 | INFO     | N/A | ⏳ 等待 Profile 更新任务...
2026-07-23 23:03:02.413 | INFO     | N/A | ⏳ 等待 Profile 更新任务...
2026-07-23 23:03:07.440 | INFO     | N/A | ⏳ 等待 Profile 更新任务...
2026-07-23 23:03:12.480 | INFO     | N/A | ⏳ 等待 Profile 更新任务...
2026-07-23 23:03:17.509 | INFO     | N/A | ⏳ 等待 Profile 更新任务...
2026-07-23 23:03:22.536 | INFO     | N/A | ⏳ 等待 Profile 更新任务...
2026-07-23 23:03:27.575 | INFO     | N/A | ⏳ 等待 Profile 更新任务...
2026-07-23 23:03:32.603 | INFO     | N/A | ⏳ 等待 Profile 更新任务...
2026-07-23 23:03:37.629 | INFO     | N/A | ⏳ 等待 Profile 更新任务...
2026-07-23 23:03:42.659 | INFO     | N/A | ⏳ 等待 Profile 更新任务...
2026-07-23 23:03:47.687 | INFO     | N/A | ⏳ 等待 Profile 更新任务...
2026-07-23 23:03:52.714 | INFO     | N/A | ⏳ 等待 Profile 更新任务...
2026-07-23 23:03:57.746 | INFO     | N/A | ⏳ 等待 Profile 更新任务...
2026-07-23 23:04:02.773 | INFO     | N/A | ⏳ 等待 Profile 更新任务...
2026-07-23 23:04:07.801 | INFO     | N/A | ⏳ 等待 Profile 更新任务...
2026-07-23 23:04:12.830 | INFO     | N/A | ⏳ 等待 Profile 更新任务...
2026-07-23 23:04:17.922 | INFO     | N/A | ⏳ 等待 Profile 更新任务...
2026-07-23 23:04:22.950 | INFO     | N/A | ⏳ 等待 Profile 更新任务...
2026-07-23 23:04:27.989 | INFO     | N/A | ⏳ 等待 Profile 更新任务...
2026-07-23 23:04:33.020 | INFO     | N/A | ⏳ 等待 Profile 更新任务...
2026-07-23 23:04:38.049 | INFO     | N/A | ⏳ 等待 Profile 更新任务...
2026-07-23 23:04:43.098 | INFO     | N/A | ⏳ 等待 Profile 更新任务...
2026-07-23 23:04:48.126 | INFO     | N/A | ⏳ 等待 Profile 更新任务...
2026-07-23 23:04:53.154 | INFO     | N/A | ⏳ 等待 Profile 更新任务...
2026-07-23 23:04:58.190 | INFO     | N/A | ⏳ 等待 Profile 更新任务...
2026-07-23 23:05:03.281 | INFO     | N/A | ⏳ 等待 Profile 更新任务...
2026-07-23 23:05:08.309 | INFO     | N/A | ⏳ 等待 Profile 更新任务...
2026-07-23 23:05:13.335 | INFO     | N/A | ⏳ 等待 Profile 更新任务...
2026-07-23 23:05:18.362 | INFO     | N/A | ⏳ 等待 Profile 更新任务...
2026-07-23 23:05:23.388 | INFO     | N/A | ⏳ 等待 Profile 更新任务...
2026-07-23 23:05:28.425 | INFO     | N/A | ⏳ 等待 Profile 更新任务...
2026-07-23 23:05:33.454 | INFO     | N/A | ⏳ 等待 Profile 更新任务...
2026-07-23 23:05:38.480 | INFO     | N/A | ⏳ 等待 Profile 更新任务...
2026-07-23 23:05:43.508 | INFO     | N/A | ⏳ 等待 Profile 更新任务...
2026-07-23 23:05:48.537 | INFO     | N/A | ⏳ 等待 Profile 更新任务...
2026-07-23 23:05:53.564 | INFO     | N/A | ⏳ 等待 Profile 更新任务...
2026-07-23 23:05:58.631 | INFO     | N/A | ⏳ 等待 Profile 更新任务...
2026-07-23 23:06:03.658 | INFO     | N/A | ⏳ 等待 Profile 更新任务...
2026-07-23 23:06:08.687 | INFO     | N/A | ⏳ 等待 Profile 更新任务...
2026-07-23 23:06:13.713 | INFO     | N/A | ⏳ 等待 Profile 更新任务...
2026-07-23 23:06:18.740 | INFO     | N/A | ⏳ 等待 Profile 更新任务...
2026-07-23 23:06:23.767 | INFO     | N/A | ⏳ 等待 Profile 更新任务...
2026-07-23 23:06:28.805 | INFO     | N/A | ⏳ 等待 Profile 更新任务...
2026-07-23 23:06:33.834 | INFO     | N/A | ⏳ 等待 Profile 更新任务...
2026-07-23 23:06:38.895 | INFO     | N/A | ⏳ 等待 Profile 更新任务...
2026-07-23 23:06:43.925 | INFO     | N/A | ⏳ 等待 Profile 更新任务...
2026-07-23 23:06:48.953 | INFO     | N/A | ⏳ 等待 Profile 更新任务...
2026-07-23 23:06:53.980 | INFO     | N/A | ⏳ 等待 Profile 更新任务...
2026-07-23 23:06:59.022 | INFO     | N/A | ⏳ 等待 Profile 更新任务...
2026-07-23 23:07:04.047 | INFO     | N/A | ⏳ 等待 Profile 更新任务...
2026-07-23 23:07:09.074 | INFO     | N/A | ⏳ 等待 Profile 更新任务...
2026-07-23 23:07:14.102 | INFO     | N/A | ⏳ 等待 Profile 更新任务...
2026-07-23 23:07:19.131 | INFO     | N/A | ⏳ 等待 Profile 更新任务...
2026-07-23 23:07:24.160 | INFO     | N/A | ⏳ 等待 Profile 更新任务...
2026-07-23 23:07:29.195 | INFO     | N/A | ⏳ 等待 Profile 更新任务...
2026-07-23 23:07:34.224 | INFO     | N/A | ⏳ 等待 Profile 更新任务...
2026-07-23 23:07:39.268 | INFO     | N/A | ⏳ 等待 Profile 更新任务...
2026-07-23 23:07:44.301 | INFO     | N/A | ⏳ 等待 Profile 更新任务...
2026-07-23 23:07:49.326 | INFO     | N/A | ⏳ 等待 Profile 更新任务...
2026-07-23 23:07:54.352 | INFO     | N/A | ⏳ 等待 Profile 更新任务...
2026-07-23 23:07:59.386 | INFO     | N/A | ⏳ 等待 Profile 更新任务...
2026-07-23 23:08:04.414 | INFO     | N/A | ⏳ 等待 Profile 更新任务...
2026-07-23 23:08:09.442 | INFO     | N/A | ⏳ 等待 Profile 更新任务...
2026-07-23 23:08:14.473 | INFO     | N/A | ⏳ 等待 Profile 更新任务...
2026-07-23 23:08:19.500 | INFO     | N/A | ⏳ 等待 Profile 更新任务...
2026-07-23 23:08:24.529 | INFO     | N/A | ⏳ 等待 Profile 更新任务...
2026-07-23 23:08:29.568 | INFO     | N/A | ⏳ 等待 Profile 更新任务...
2026-07-23 23:08:34.595 | INFO     | N/A | ⏳ 等待 Profile 更新任务...
2026-07-23 23:08:39.622 | INFO     | N/A | ⏳ 等待 Profile 更新任务...
2026-07-23 23:08:44.649 | INFO     | N/A | ⏳ 等待 Profile 更新任务...
2026-07-23 23:08:49.679 | INFO     | N/A | ⏳ 等待 Profile 更新任务...
2026-07-23 23:08:54.707 | INFO     | N/A | ⏳ 等待 Profile 更新任务...
2026-07-23 23:08:59.743 | INFO     | N/A | ⏳ 等待 Profile 更新任务...
2026-07-23 23:09:04.799 | INFO     | N/A | ⏳ 等待 Profile 更新任务...
2026-07-23 23:09:09.827 | INFO     | N/A | ⏳ 等待 Profile 更新任务...
2026-07-23 23:09:14.855 | INFO     | N/A | ⏳ 等待 Profile 更新任务...
2026-07-23 23:09:19.883 | INFO     | N/A | ⏳ 等待 Profile 更新任务...
2026-07-23 23:09:24.913 | INFO     | N/A | ⏳ 等待 Profile 更新任务...
2026-07-23 23:09:29.953 | INFO     | N/A | ⏳ 等待 Profile 更新任务...
2026-07-23 23:09:34.982 | INFO     | N/A | ⏳ 等待 Profile 更新任务...
2026-07-23 23:09:40.009 | INFO     | N/A | ⏳ 等待 Profile 更新任务...
2026-07-23 23:09:45.037 | INFO     | N/A | ⏳ 等待 Profile 更新任务...
2026-07-23 23:09:50.065 | INFO     | N/A | ⏳ 等待 Profile 更新任务...
2026-07-23 23:09:55.091 | INFO     | N/A | ⏳ 等待 Profile 更新任务...
2026-07-23 23:10:00.124 | INFO     | N/A | ⏳ 等待 Profile 更新任务...
2026-07-23 23:10:05.152 | INFO     | N/A | ⏳ 等待 Profile 更新任务...
2026-07-23 23:10:10.178 | INFO     | N/A | ⏳ 等待 Profile 更新任务...
2026-07-23 23:10:15.205 | INFO     | N/A | ⏳ 等待 Profile 更新任务...
2026-07-23 23:10:20.236 | INFO     | N/A | ⏳ 等待 Profile 更新任务...
2026-07-23 23:10:25.264 | INFO     | N/A | ⏳ 等待 Profile 更新任务...
2026-07-23 23:10:30.303 | INFO     | N/A | ⏳ 等待 Profile 更新任务...
2026-07-23 23:10:35.332 | INFO     | N/A | ⏳ 等待 Profile 更新任务...
2026-07-23 23:10:40.358 | INFO     | N/A | ⏳ 等待 Profile 更新任务...
2026-07-23 23:10:45.387 | INFO     | N/A | ⏳ 等待 Profile 更新任务...
2026-07-23 23:10:50.414 | INFO     | N/A | ⏳ 等待 Profile 更新任务...
2026-07-23 23:10:55.442 | INFO     | N/A | ⏳ 等待 Profile 更新任务...
2026-07-23 23:11:00.478 | INFO     | N/A | ⏳ 等待 Profile 更新任务...
2026-07-23 23:11:05.505 | INFO     | N/A | ⏳ 等待 Profile 更新任务...
2026-07-23 23:11:10.532 | INFO     | N/A | ⏳ 等待 Profile 更新任务...
2026-07-23 23:11:15.555 | INFO     | N/A | ⏳ 等待 Profile 更新任务...
2026-07-23 23:11:20.578 | INFO     | N/A | ⏳ 等待 Profile 更新任务...
2026-07-23 23:11:25.604 | INFO     | N/A | ⏳ 等待 Profile 更新任务...
2026-07-23 23:11:30.635 | INFO     | N/A | ⏳ 等待 Profile 更新任务...
2026-07-23 23:11:35.661 | INFO     | N/A | ⏳ 等待 Profile 更新任务...
2026-07-23 23:11:40.684 | INFO     | N/A | ⏳ 等待 Profile 更新任务...
2026-07-23 23:11:45.707 | INFO     | N/A | ⏳ 等待 Profile 更新任务...
2026-07-23 23:11:50.729 | INFO     | N/A | ⏳ 等待 Profile 更新任务...
2026-07-23 23:11:55.779 | INFO     | N/A | ⏳ 等待 Profile 更新任务...
2026-07-23 23:12:00.810 | INFO     | N/A | ⏳ 等待 Profile 更新任务...
2026-07-23 23:12:05.836 | INFO     | N/A | ⏳ 等待 Profile 更新任务...
2026-07-23 23:12:10.860 | INFO     | N/A | ⏳ 等待 Profile 更新任务...
2026-07-23 23:12:15.885 | INFO     | N/A | ⏳ 等待 Profile 更新任务...
2026-07-23 23:12:20.908 | INFO     | N/A | ⏳ 等待 Profile 更新任务...
2026-07-23 23:12:25.931 | INFO     | N/A | ⏳ 等待 Profile 更新任务...
2026-07-23 23:12:30.957 | INFO     | N/A | ⏳ 等待 Profile 更新任务...
2026-07-23 23:12:35.983 | INFO     | N/A | ⏳ 等待 Profile 更新任务...
2026-07-23 23:12:41.006 | INFO     | N/A | ⏳ 等待 Profile 更新任务...
2026-07-23 23:12:46.029 | INFO     | N/A | ⏳ 等待 Profile 更新任务...
2026-07-23 23:12:51.050 | INFO     | N/A | ⏳ 等待 Profile 更新任务...
2026-07-23 23:12:56.074 | INFO     | N/A | ⏳ 等待 Profile 更新任务...
2026-07-23 23:13:01.107 | INFO     | N/A | ⏳ 等待 Profile 更新任务...
2026-07-23 23:13:06.130 | INFO     | N/A | ⏳ 等待 Profile 更新任务...
2026-07-23 23:13:11.191 | INFO     | N/A | ⏳ 等待 Profile 更新任务...
2026-07-23 23:13:16.215 | INFO     | N/A | ⏳ 等待 Profile 更新任务...
2026-07-23 23:13:21.240 | INFO     | N/A | ⏳ 等待 Profile 更新任务...
2026-07-23 23:13:26.263 | INFO     | N/A | ⏳ 等待 Profile 更新任务...
2026-07-23 23:13:31.294 | INFO     | N/A | ⏳ 等待 Profile 更新任务...
2026-07-23 23:13:36.318 | INFO     | N/A | ⏳ 等待 Profile 更新任务...
2026-07-23 23:13:41.342 | INFO     | N/A | ⏳ 等待 Profile 更新任务...
2026-07-23 23:13:46.364 | INFO     | N/A | ⏳ 等待 Profile 更新任务...
2026-07-23 23:13:51.387 | INFO     | N/A | ⏳ 等待 Profile 更新任务...
2026-07-23 23:13:56.412 | INFO     | N/A | ⏳ 等待 Profile 更新任务...
2026-07-23 23:14:01.445 | INFO     | N/A | ⏳ 等待 Profile 更新任务...
2026-07-23 23:14:06.468 | INFO     | N/A | ⏳ 等待 Profile 更新任务...
2026-07-23 23:14:11.493 | INFO     | N/A | ⏳ 等待 Profile 更新任务...
2026-07-23 23:14:16.519 | INFO     | N/A | ⏳ 等待 Profile 更新任务...
2026-07-23 23:14:21.548 | INFO     | N/A | ⏳ 等待 Profile 更新任务...
2026-07-23 23:14:26.575 | INFO     | N/A | ⏳ 等待 Profile 更新任务...
2026-07-23 23:14:31.604 | INFO     | N/A | ⏳ 等待 Profile 更新任务...
2026-07-23 23:14:36.628 | INFO     | N/A | ⏳ 等待 Profile 更新任务...
2026-07-23 23:14:41.651 | INFO     | N/A | ⏳ 等待 Profile 更新任务...
2026-07-23 23:14:46.678 | INFO     | N/A | ⏳ 等待 Profile 更新任务...
2026-07-23 23:14:51.708 | INFO     | N/A | ⏳ 等待 Profile 更新任务...
2026-07-23 23:14:56.735 | INFO     | N/A | ⏳ 等待 Profile 更新任务...
2026-07-23 23:15:01.770 | INFO     | N/A | ⏳ 等待 Profile 更新任务...
2026-07-23 23:15:06.796 | INFO     | N/A | ⏳ 等待 Profile 更新任务...
2026-07-23 23:15:11.823 | INFO     | N/A | ⏳ 等待 Profile 更新任务...
2026-07-23 23:15:16.850 | INFO     | N/A | ⏳ 等待 Profile 更新任务...
2026-07-23 23:15:21.877 | INFO     | N/A | ⏳ 等待 Profile 更新任务...
2026-07-23 23:15:26.904 | INFO     | N/A | ⏳ 等待 Profile 更新任务...
2026-07-23 23:15:31.943 | INFO     | N/A | ⏳ 等待 Profile 更新任务...
2026-07-23 23:15:36.970 | INFO     | N/A | ⏳ 等待 Profile 更新任务...
2026-07-23 23:15:41.996 | INFO     | N/A | ⏳ 等待 Profile 更新任务...
2026-07-23 23:15:47.025 | INFO     | N/A | ⏳ 等待 Profile 更新任务...
2026-07-23 23:15:52.052 | INFO     | N/A | ⏳ 等待 Profile 更新任务...
2026-07-23 23:15:57.125 | INFO     | N/A | ⏳ 等待 Profile 更新任务...
2026-07-23 23:16:02.161 | INFO     | N/A | ⏳ 等待 Profile 更新任务...
2026-07-23 23:16:07.188 | INFO     | N/A | ⏳ 等待 Profile 更新任务...
2026-07-23 23:16:12.214 | INFO     | N/A | ⏳ 等待 Profile 更新任务...
2026-07-23 23:16:17.242 | INFO     | N/A | ⏳ 等待 Profile 更新任务...
2026-07-23 23:16:22.269 | INFO     | N/A | ⏳ 等待 Profile 更新任务...
2026-07-23 23:16:27.346 | INFO     | N/A | ⏳ 等待 Profile 更新任务...
2026-07-23 23:16:32.383 | INFO     | N/A | ⏳ 等待 Profile 更新任务...
2026-07-23 23:16:37.411 | INFO     | N/A | ⏳ 等待 Profile 更新任务...
2026-07-23 23:16:42.442 | INFO     | N/A | ⏳ 等待 Profile 更新任务...
2026-07-23 23:16:47.470 | INFO     | N/A | ⏳ 等待 Profile 更新任务...
2026-07-23 23:16:52.498 | INFO     | N/A | ⏳ 等待 Profile 更新任务...
2026-07-23 23:16:57.524 | INFO     | N/A | ⏳ 等待 Profile 更新任务...
2026-07-23 23:17:02.556 | INFO     | N/A | ⏳ 等待 Profile 更新任务...
2026-07-23 23:17:07.584 | INFO     | N/A | ⏳ 等待 Profile 更新任务...
2026-07-23 23:17:12.608 | INFO     | N/A | ⏳ 等待 Profile 更新任务...
2026-07-23 23:17:17.650 | INFO     | N/A | ⏳ 等待 Profile 更新任务...
2026-07-23 23:17:22.694 | INFO     | N/A | ⏳ 等待 Profile 更新任务...
2026-07-23 23:17:27.724 | INFO     | N/A | ⏳ 等待 Profile 更新任务...
2026-07-23 23:17:32.756 | INFO     | N/A | ⏳ 等待 Profile 更新任务...
2026-07-23 23:17:37.787 | INFO     | N/A | ⏳ 等待 Profile 更新任务...
2026-07-23 23:17:42.814 | INFO     | N/A | ⏳ 等待 Profile 更新任务...
2026-07-23 23:17:47.843 | INFO     | N/A | ⏳ 等待 Profile 更新任务...
2026-07-23 23:17:52.871 | INFO     | N/A | ⏳ 等待 Profile 更新任务...
2026-07-23 23:17:57.900 | INFO     | N/A | ⏳ 等待 Profile 更新任务...
2026-07-23 23:18:02.934 | INFO     | N/A | ⏳ 等待 Profile 更新任务...
2026-07-23 23:18:07.959 | INFO     | N/A | ⏳ 等待 Profile 更新任务...
2026-07-23 23:18:13.018 | INFO     | N/A | ⏳ 等待 Profile 更新任务...
2026-07-23 23:18:18.044 | INFO     | N/A | ⏳ 等待 Profile 更新任务...
2026-07-23 23:18:23.072 | INFO     | N/A | ⏳ 等待 Profile 更新任务...
2026-07-23 23:18:28.101 | INFO     | N/A | ⏳ 等待 Profile 更新任务...
2026-07-23 23:18:33.139 | INFO     | N/A | ⏳ 等待 Profile 更新任务...
2026-07-23 23:18:38.167 | INFO     | N/A | ⏳ 等待 Profile 更新任务...
2026-07-23 23:18:43.197 | INFO     | N/A | ⏳ 等待 Profile 更新任务...
2026-07-23 23:18:48.224 | INFO     | N/A | ⏳ 等待 Profile 更新任务...
2026-07-23 23:18:53.254 | INFO     | N/A | ⏳ 等待 Profile 更新任务...
2026-07-23 23:18:58.278 | INFO     | N/A | ⏳ 等待 Profile 更新任务...
2026-07-23 23:19:03.314 | INFO     | N/A | ⏳ 等待 Profile 更新任务...
2026-07-23 23:19:08.341 | INFO     | N/A | ⏳ 等待 Profile 更新任务...
2026-07-23 23:19:13.371 | INFO     | N/A | ⏳ 等待 Profile 更新任务...
2026-07-23 23:19:18.399 | INFO     | N/A | ⏳ 等待 Profile 更新任务...
2026-07-23 23:19:23.432 | INFO     | N/A | ⏳ 等待 Profile 更新任务...
2026-07-23 23:19:28.461 | INFO     | N/A | ⏳ 等待 Profile 更新任务...
2026-07-23 23:19:33.497 | INFO     | N/A | ⏳ 等待 Profile 更新任务...
2026-07-23 23:19:38.522 | INFO     | N/A | ⏳ 等待 Profile 更新任务...
2026-07-23 23:19:43.552 | INFO     | N/A | ⏳ 等待 Profile 更新任务...
2026-07-23 23:19:48.581 | INFO     | N/A | ⏳ 等待 Profile 更新任务...
2026-07-23 23:19:53.609 | INFO     | N/A | ⏳ 等待 Profile 更新任务...
2026-07-23 23:19:58.631 | INFO     | N/A | ⏳ 等待 Profile 更新任务...
2026-07-23 23:20:03.672 | INFO     | N/A | ⏳ 等待 Profile 更新任务...
2026-07-23 23:20:08.700 | INFO     | N/A | ⏳ 等待 Profile 更新任务...
2026-07-23 23:20:13.729 | INFO     | N/A | ⏳ 等待 Profile 更新任务...
2026-07-23 23:20:18.753 | INFO     | N/A | ⏳ 等待 Profile 更新任务...
2026-07-23 23:20:23.782 | INFO     | N/A | ⏳ 等待 Profile 更新任务...
2026-07-23 23:20:28.812 | INFO     | N/A | ⏳ 等待 Profile 更新任务...
2026-07-23 23:20:33.846 | INFO     | N/A | ⏳ 等待 Profile 更新任务...
2026-07-23 23:20:38.872 | INFO     | N/A | ⏳ 等待 Profile 更新任务...
2026-07-23 23:20:43.900 | INFO     | N/A | ⏳ 等待 Profile 更新任务...
2026-07-23 23:20:48.929 | INFO     | N/A | ⏳ 等待 Profile 更新任务...
2026-07-23 23:20:53.955 | INFO     | N/A | ⏳ 等待 Profile 更新任务...
2026-07-23 23:20:58.987 | INFO     | N/A | ⏳ 等待 Profile 更新任务...
2026-07-23 23:21:04.019 | INFO     | N/A | ⏳ 等待 Profile 更新任务...
2026-07-23 23:21:09.047 | INFO     | N/A | ⏳ 等待 Profile 更新任务...
2026-07-23 23:21:14.075 | INFO     | N/A | ⏳ 等待 Profile 更新任务...
2026-07-23 23:21:19.103 | INFO     | N/A | ⏳ 等待 Profile 更新任务...
2026-07-23 23:21:24.148 | INFO     | N/A | ⏳ 等待 Profile 更新任务...
2026-07-23 23:21:29.179 | INFO     | N/A | ⏳ 等待 Profile 更新任务...
2026-07-23 23:21:34.210 | INFO     | N/A | ⏳ 等待 Profile 更新任务...
2026-07-23 23:21:39.237 | INFO     | N/A | ⏳ 等待 Profile 更新任务...
2026-07-23 23:21:44.264 | INFO     | N/A | ⏳ 等待 Profile 更新任务...
2026-07-23 23:21:49.291 | INFO     | N/A | ⏳ 等待 Profile 更新任务...
2026-07-23 23:21:54.319 | INFO     | N/A | ⏳ 等待 Profile 更新任务...
2026-07-23 23:21:59.328 | INFO     | N/A | ⏳ 等待 Profile 更新任务...
2026-07-23 23:22:04.378 | INFO     | N/A | ⏳ 等待 Profile 更新任务...
2026-07-23 23:22:09.406 | INFO     | N/A | ⏳ 等待 Profile 更新任务...
2026-07-23 23:22:14.434 | INFO     | N/A | ⏳ 等待 Profile 更新任务...
2026-07-23 23:22:19.461 | INFO     | N/A | ⏳ 等待 Profile 更新任务...
2026-07-23 23:22:24.549 | INFO     | N/A | ⏳ 等待 Profile 更新任务...
2026-07-23 23:22:29.580 | INFO     | N/A | ⏳ 等待 Profile 更新任务...
2026-07-23 23:22:34.614 | INFO     | N/A | ⏳ 等待 Profile 更新任务...
2026-07-23 23:22:39.641 | INFO     | N/A | ⏳ 等待 Profile 更新任务...
2026-07-23 23:22:44.668 | INFO     | N/A | ⏳ 等待 Profile 更新任务...
2026-07-23 23:22:49.696 | INFO     | N/A | ⏳ 等待 Profile 更新任务...
2026-07-23 23:22:54.724 | INFO     | N/A | ⏳ 等待 Profile 更新任务...
2026-07-23 23:22:59.736 | INFO     | N/A | ⏳ 等待 Profile 更新任务...
2026-07-23 23:23:04.818 | INFO     | N/A | ⏳ 等待 Profile 更新任务...
2026-07-23 23:23:09.846 | INFO     | N/A | ⏳ 等待 Profile 更新任务...
2026-07-23 23:23:14.872 | INFO     | N/A | ⏳ 等待 Profile 更新任务...
2026-07-23 23:23:19.902 | INFO     | N/A | ⏳ 等待 Profile 更新任务...
2026-07-23 23:23:24.930 | INFO     | N/A | ⏳ 等待 Profile 更新任务...
2026-07-23 23:23:29.964 | INFO     | N/A | ⏳ 等待 Profile 更新任务...
2026-07-23 23:23:34.995 | INFO     | N/A | ⏳ 等待 Profile 更新任务...
2026-07-23 23:23:40.023 | INFO     | N/A | ⏳ 等待 Profile 更新任务...
2026-07-23 23:23:45.088 | INFO     | N/A | ⏳ 等待 Profile 更新任务...
2026-07-23 23:23:50.117 | INFO     | N/A | ⏳ 等待 Profile 更新任务...
2026-07-23 23:23:55.151 | INFO     | N/A | ⏳ 等待 Profile 更新任务...
2026-07-23 23:24:00.183 | INFO     | N/A | ⏳ 等待 Profile 更新任务...
2026-07-23 23:24:05.214 | INFO     | N/A | ⏳ 等待 Profile 更新任务...
2026-07-23 23:24:10.239 | INFO     | N/A | ⏳ 等待 Profile 更新任务...
2026-07-23 23:24:15.270 | INFO     | N/A | ⏳ 等待 Profile 更新任务...
2026-07-23 23:24:20.298 | INFO     | N/A | ⏳ 等待 Profile 更新任务...
2026-07-23 23:24:25.325 | INFO     | N/A | ⏳ 等待 Profile 更新任务...
2026-07-23 23:24:30.356 | INFO     | N/A | ⏳ 等待 Profile 更新任务...
2026-07-23 23:24:35.384 | INFO     | N/A | ⏳ 等待 Profile 更新任务...
2026-07-23 23:24:40.441 | INFO     | N/A | ⏳ 等待 Profile 更新任务...
2026-07-23 23:24:45.468 | INFO     | N/A | ⏳ 等待 Profile 更新任务...
2026-07-23 23:24:50.498 | INFO     | N/A | ⏳ 等待 Profile 更新任务...
2026-07-23 23:24:55.524 | INFO     | N/A | ⏳ 等待 Profile 更新任务...
2026-07-23 23:25:00.560 | INFO     | N/A | ⏳ 等待 Profile 更新任务...
2026-07-23 23:25:05.587 | INFO     | N/A | ⏳ 等待 Profile 更新任务...
2026-07-23 23:25:10.615 | INFO     | N/A | ⏳ 等待 Profile 更新任务...
2026-07-23 23:25:15.644 | INFO     | N/A | ⏳ 等待 Profile 更新任务...
2026-07-23 23:25:20.674 | INFO     | N/A | ⏳ 等待 Profile 更新任务...
2026-07-23 23:25:25.735 | INFO     | N/A | ⏳ 等待 Profile 更新任务...
2026-07-23 23:25:30.770 | INFO     | N/A | ⏳ 等待 Profile 更新任务...
2026-07-23 23:25:35.798 | INFO     | N/A | ⏳ 等待 Profile 更新任务...
2026-07-23 23:25:40.825 | INFO     | N/A | ⏳ 等待 Profile 更新任务...
2026-07-23 23:25:45.852 | INFO     | N/A | ⏳ 等待 Profile 更新任务...
2026-07-23 23:25:50.879 | INFO     | N/A | ⏳ 等待 Profile 更新任务...
2026-07-23 23:25:55.906 | INFO     | N/A | ⏳ 等待 Profile 更新任务...
2026-07-23 23:26:00.940 | INFO     | N/A | ⏳ 等待 Profile 更新任务...
2026-07-23 23:26:05.967 | INFO     | N/A | ⏳ 等待 Profile 更新任务...
2026-07-23 23:26:10.988 | INFO     | N/A | ⏳ 等待 Profile 更新任务...
2026-07-23 23:26:16.015 | INFO     | N/A | ⏳ 等待 Profile 更新任务...
2026-07-23 23:26:21.043 | INFO     | N/A | ⏳ 等待 Profile 更新任务...
2026-07-23 23:26:26.072 | INFO     | N/A | ⏳ 等待 Profile 更新任务...
2026-07-23 23:26:31.110 | INFO     | N/A | ⏳ 等待 Profile 更新任务...
2026-07-23 23:26:36.138 | INFO     | N/A | ⏳ 等待 Profile 更新任务...
2026-07-23 23:26:41.165 | INFO     | N/A | ⏳ 等待 Profile 更新任务...
2026-07-23 23:26:46.192 | INFO     | N/A | ⏳ 等待 Profile 更新任务...
2026-07-23 23:26:51.219 | INFO     | N/A | ⏳ 等待 Profile 更新任务...
2026-07-23 23:26:56.248 | INFO     | N/A | ⏳ 等待 Profile 更新任务...
2026-07-23 23:27:01.285 | INFO     | N/A | ⏳ 等待 Profile 更新任务...
2026-07-23 23:27:06.312 | INFO     | N/A | ⏳ 等待 Profile 更新任务...
2026-07-23 23:27:11.338 | INFO     | N/A | ⏳ 等待 Profile 更新任务...
2026-07-23 23:27:16.363 | INFO     | N/A | ⏳ 等待 Profile 更新任务...
2026-07-23 23:27:21.390 | INFO     | N/A | ⏳ 等待 Profile 更新任务...
2026-07-23 23:27:26.420 | INFO     | N/A | ⏳ 等待 Profile 更新任务...
2026-07-23 23:27:31.460 | INFO     | N/A | ⏳ 等待 Profile 更新任务...
2026-07-23 23:27:36.512 | INFO     | N/A | ⏳ 等待 Profile 更新任务...
2026-07-23 23:27:41.540 | INFO     | N/A | ⏳ 等待 Profile 更新任务...
2026-07-23 23:27:46.565 | INFO     | N/A | ⏳ 等待 Profile 更新任务...
2026-07-23 23:27:51.592 | INFO     | N/A | ⏳ 等待 Profile 更新任务...
2026-07-23 23:27:56.621 | INFO     | N/A | ⏳ 等待 Profile 更新任务...
2026-07-23 23:28:01.654 | INFO     | N/A | ⏳ 等待 Profile 更新任务...
2026-07-23 23:28:06.681 | INFO     | N/A | ⏳ 等待 Profile 更新任务...
2026-07-23 23:28:11.708 | INFO     | N/A | ⏳ 等待 Profile 更新任务...
2026-07-23 23:28:16.738 | INFO     | N/A | ⏳ 等待 Profile 更新任务...
2026-07-23 23:28:21.765 | INFO     | N/A | ⏳ 等待 Profile 更新任务...
2026-07-23 23:28:26.795 | INFO     | N/A | ⏳ 等待 Profile 更新任务...
2026-07-23 23:28:31.833 | INFO     | N/A | ⏳ 等待 Profile 更新任务...
2026-07-23 23:28:36.864 | INFO     | N/A | ⏳ 等待 Profile 更新任务...
2026-07-23 23:28:41.904 | INFO     | N/A | ⏳ 等待 Profile 更新任务...
2026-07-23 23:28:46.928 | INFO     | N/A | ⏳ 等待 Profile 更新任务...
2026-07-23 23:28:51.953 | INFO     | N/A | ⏳ 等待 Profile 更新任务...
2026-07-23 23:28:56.979 | INFO     | N/A | ⏳ 等待 Profile 更新任务...
2026-07-23 23:29:02.015 | INFO     | N/A | ⏳ 等待 Profile 更新任务...
2026-07-23 23:29:07.043 | INFO     | N/A | ⏳ 等待 Profile 更新任务...
2026-07-23 23:29:12.072 | INFO     | N/A | ⏳ 等待 Profile 更新任务...
2026-07-23 23:29:17.097 | INFO     | N/A | ⏳ 等待 Profile 更新任务...
2026-07-23 23:29:22.124 | INFO     | N/A | ⏳ 等待 Profile 更新任务...
2026-07-23 23:29:27.187 | INFO     | N/A | ⏳ 等待 Profile 更新任务...
2026-07-23 23:29:32.222 | INFO     | N/A | ⏳ 等待 Profile 更新任务...
2026-07-23 23:29:37.249 | INFO     | N/A | ⏳ 等待 Profile 更新任务...
2026-07-23 23:29:42.328 | INFO     | N/A | ⏳ 等待 Profile 更新任务...
2026-07-23 23:29:47.355 | INFO     | N/A | ⏳ 等待 Profile 更新任务...
2026-07-23 23:29:52.386 | INFO     | N/A | ⏳ 等待 Profile 更新任务...
2026-07-23 23:29:57.414 | INFO     | N/A | ⏳ 等待 Profile 更新任务...
2026-07-23 23:30:02.447 | INFO     | N/A | ⏳ 等待 Profile 更新任务...
2026-07-23 23:30:07.477 | INFO     | N/A | ⏳ 等待 Profile 更新任务...
2026-07-23 23:30:12.507 | INFO     | N/A | ⏳ 等待 Profile 更新任务...
2026-07-23 23:30:17.536 | INFO     | N/A | ⏳ 等待 Profile 更新任务...
2026-07-23 23:30:22.563 | INFO     | N/A | ⏳ 等待 Profile 更新任务...
2026-07-23 23:30:27.596 | INFO     | N/A | ⏳ 等待 Profile 更新任务...
2026-07-23 23:30:32.634 | INFO     | N/A | ⏳ 等待 Profile 更新任务...
2026-07-23 23:30:37.665 | INFO     | N/A | ⏳ 等待 Profile 更新任务...
2026-07-23 23:30:42.694 | INFO     | N/A | ⏳ 等待 Profile 更新任务...
2026-07-23 23:30:47.719 | INFO     | N/A | ⏳ 等待 Profile 更新任务...
2026-07-23 23:30:52.745 | INFO     | N/A | ⏳ 等待 Profile 更新任务...
2026-07-23 23:30:57.773 | INFO     | N/A | ⏳ 等待 Profile 更新任务...
2026-07-23 23:31:02.809 | INFO     | N/A | ⏳ 等待 Profile 更新任务...
2026-07-23 23:31:07.838 | INFO     | N/A | ⏳ 等待 Profile 更新任务...
2026-07-23 23:31:12.866 | INFO     | N/A | ⏳ 等待 Profile 更新任务...
2026-07-23 23:31:17.896 | INFO     | N/A | ⏳ 等待 Profile 更新任务...
2026-07-23 23:31:22.921 | INFO     | N/A | ⏳ 等待 Profile 更新任务...
2026-07-23 23:31:27.949 | INFO     | N/A | ⏳ 等待 Profile 更新任务...
2026-07-23 23:31:32.987 | INFO     | N/A | ⏳ 等待 Profile 更新任务...
2026-07-23 23:31:38.013 | INFO     | N/A | ⏳ 等待 Profile 更新任务...
2026-07-23 23:31:43.042 | INFO     | N/A | ⏳ 等待 Profile 更新任务...
2026-07-23 23:31:48.069 | INFO     | N/A | ⏳ 等待 Profile 更新任务...
2026-07-23 23:31:53.098 | INFO     | N/A | ⏳ 等待 Profile 更新任务...
2026-07-23 23:31:58.125 | INFO     | N/A | ⏳ 等待 Profile 更新任务...
2026-07-23 23:32:03.179 | INFO     | N/A | ⏳ 等待 Profile 更新任务...
2026-07-23 23:32:08.207 | INFO     | N/A | ⏳ 等待 Profile 更新任务...
2026-07-23 23:32:13.234 | INFO     | N/A | ⏳ 等待 Profile 更新任务...
2026-07-23 23:32:18.261 | INFO     | N/A | ⏳ 等待 Profile 更新任务...
2026-07-23 23:32:23.288 | INFO     | N/A | ⏳ 等待 Profile 更新任务...
2026-07-23 23:32:28.315 | INFO     | N/A | ⏳ 等待 Profile 更新任务...
2026-07-23 23:32:33.351 | INFO     | N/A | ⏳ 等待 Profile 更新任务...
2026-07-23 23:32:38.379 | INFO     | N/A | ⏳ 等待 Profile 更新任务...
2026-07-23 23:32:43.408 | INFO     | N/A | ⏳ 等待 Profile 更新任务...
2026-07-23 23:32:48.436 | INFO     | N/A | ⏳ 等待 Profile 更新任务...
2026-07-23 23:32:53.464 | INFO     | N/A | ⏳ 等待 Profile 更新任务...
2026-07-23 23:32:58.493 | INFO     | N/A | ⏳ 等待 Profile 更新任务...
2026-07-23 23:33:03.528 | INFO     | N/A | ⏳ 等待 Profile 更新任务...
2026-07-23 23:33:08.556 | INFO     | N/A | ⏳ 等待 Profile 更新任务...
2026-07-23 23:33:13.583 | INFO     | N/A | ⏳ 等待 Profile 更新任务...
2026-07-23 23:33:18.610 | INFO     | N/A | ⏳ 等待 Profile 更新任务...
2026-07-23 23:33:23.638 | INFO     | N/A | ⏳ 等待 Profile 更新任务...
2026-07-23 23:33:28.667 | INFO     | N/A | ⏳ 等待 Profile 更新任务...
2026-07-23 23:33:33.705 | INFO     | N/A | ⏳ 等待 Profile 更新任务...
2026-07-23 23:33:38.732 | INFO     | N/A | ⏳ 等待 Profile 更新任务...
2026-07-23 23:33:43.763 | INFO     | N/A | ⏳ 等待 Profile 更新任务...
2026-07-23 23:33:48.788 | INFO     | N/A | ⏳ 等待 Profile 更新任务...
2026-07-23 23:33:53.818 | INFO     | N/A | ⏳ 等待 Profile 更新任务...
2026-07-23 23:33:58.846 | INFO     | N/A | ⏳ 等待 Profile 更新任务...
2026-07-23 23:34:03.901 | INFO     | N/A | ⏳ 等待 Profile 更新任务...
2026-07-23 23:34:08.930 | INFO     | N/A | ⏳ 等待 Profile 更新任务...
2026-07-23 23:34:13.958 | INFO     | N/A | ⏳ 等待 Profile 更新任务...
2026-07-23 23:34:18.984 | INFO     | N/A | ⏳ 等待 Profile 更新任务...
2026-07-23 23:34:24.005 | INFO     | N/A | ⏳ 等待 Profile 更新任务...
2026-07-23 23:34:29.032 | INFO     | N/A | ⏳ 等待 Profile 更新任务...
2026-07-23 23:34:34.067 | INFO     | N/A | ⏳ 等待 Profile 更新任务...
2026-07-23 23:34:39.097 | INFO     | N/A | ⏳ 等待 Profile 更新任务...
2026-07-23 23:34:44.127 | INFO     | N/A | ⏳ 等待 Profile 更新任务...
2026-07-23 23:34:49.156 | INFO     | N/A | ⏳ 等待 Profile 更新任务...
2026-07-23 23:34:54.185 | INFO     | N/A | ⏳ 等待 Profile 更新任务...
2026-07-23 23:34:59.211 | INFO     | N/A | ⏳ 等待 Profile 更新任务...
2026-07-23 23:35:04.247 | INFO     | N/A | ⏳ 等待 Profile 更新任务...
2026-07-23 23:35:09.274 | INFO     | N/A | ⏳ 等待 Profile 更新任务...
2026-07-23 23:35:14.302 | INFO     | N/A | ⏳ 等待 Profile 更新任务...
2026-07-23 23:35:19.331 | INFO     | N/A | ⏳ 等待 Profile 更新任务...
2026-07-23 23:35:24.359 | INFO     | N/A | ⏳ 等待 Profile 更新任务...
2026-07-23 23:35:29.383 | INFO     | N/A | ⏳ 等待 Profile 更新任务...
2026-07-23 23:35:34.417 | INFO     | N/A | ⏳ 等待 Profile 更新任务...
2026-07-23 23:35:39.466 | INFO     | N/A | ⏳ 等待 Profile 更新任务...
2026-07-23 23:35:44.495 | INFO     | N/A | ⏳ 等待 Profile 更新任务...
2026-07-23 23:35:49.522 | INFO     | N/A | ⏳ 等待 Profile 更新任务...
2026-07-23 23:35:54.551 | INFO     | N/A | ⏳ 等待 Profile 更新任务...
2026-07-23 23:35:59.579 | INFO     | N/A | ⏳ 等待 Profile 更新任务...
2026-07-23 23:36:04.622 | INFO     | N/A | ⏳ 等待 Profile 更新任务...
2026-07-23 23:36:09.651 | INFO     | N/A | ⏳ 等待 Profile 更新任务...
2026-07-23 23:36:14.677 | INFO     | N/A | ⏳ 等待 Profile 更新任务...
2026-07-23 23:36:19.748 | INFO     | N/A | ⏳ 等待 Profile 更新任务...
2026-07-23 23:36:24.774 | INFO     | N/A | ⏳ 等待 Profile 更新任务...
2026-07-23 23:36:29.800 | INFO     | N/A | ⏳ 等待 Profile 更新任务...
2026-07-23 23:36:34.837 | INFO     | N/A | ⏳ 等待 Profile 更新任务...
2026-07-23 23:36:39.865 | INFO     | N/A | ⏳ 等待 Profile 更新任务...
2026-07-23 23:36:44.893 | INFO     | N/A | ⏳ 等待 Profile 更新任务...
2026-07-23 23:36:49.920 | INFO     | N/A | ⏳ 等待 Profile 更新任务...
2026-07-23 23:36:54.948 | INFO     | N/A | ⏳ 等待 Profile 更新任务...
2026-07-23 23:36:59.977 | INFO     | N/A | ⏳ 等待 Profile 更新任务...
2026-07-23 23:37:05.015 | INFO     | N/A | ⏳ 等待 Profile 更新任务...
2026-07-23 23:37:10.043 | INFO     | N/A | ⏳ 等待 Profile 更新任务...
2026-07-23 23:37:15.072 | INFO     | N/A | ⏳ 等待 Profile 更新任务...
2026-07-23 23:37:20.100 | INFO     | N/A | ⏳ 等待 Profile 更新任务...
2026-07-23 23:37:25.127 | INFO     | N/A | ⏳ 等待 Profile 更新任务...
2026-07-23 23:37:30.155 | INFO     | N/A | ⏳ 等待 Profile 更新任务...
2026-07-23 23:37:35.193 | INFO     | N/A | ⏳ 等待 Profile 更新任务...
2026-07-23 23:37:40.221 | INFO     | N/A | ⏳ 等待 Profile 更新任务...
2026-07-23 23:37:45.248 | INFO     | N/A | ⏳ 等待 Profile 更新任务...
2026-07-23 23:37:50.277 | INFO     | N/A | ⏳ 等待 Profile 更新任务...
2026-07-23 23:37:55.305 | INFO     | N/A | ⏳ 等待 Profile 更新任务...
2026-07-23 23:38:00.332 | INFO     | N/A | ⏳ 等待 Profile 更新任务...
2026-07-23 23:38:05.370 | INFO     | N/A | ⏳ 等待 Profile 更新任务...
2026-07-23 23:38:10.398 | INFO     | N/A | ⏳ 等待 Profile 更新任务...
2026-07-23 23:38:15.426 | INFO     | N/A | ⏳ 等待 Profile 更新任务...
2026-07-23 23:38:20.452 | INFO     | N/A | ⏳ 等待 Profile 更新任务...
2026-07-23 23:38:25.480 | INFO     | N/A | ⏳ 等待 Profile 更新任务...
2026-07-23 23:38:30.510 | INFO     | N/A | ⏳ 等待 Profile 更新任务...
2026-07-23 23:38:35.548 | INFO     | N/A | ⏳ 等待 Profile 更新任务...
2026-07-23 23:38:40.578 | INFO     | N/A | ⏳ 等待 Profile 更新任务...
2026-07-23 23:38:45.604 | INFO     | N/A | ⏳ 等待 Profile 更新任务...
2026-07-23 23:38:50.630 | INFO     | N/A | ⏳ 等待 Profile 更新任务...
2026-07-23 23:38:55.660 | INFO     | N/A | ⏳ 等待 Profile 更新任务...
2026-07-23 23:39:00.688 | INFO     | N/A | ⏳ 等待 Profile 更新任务...
2026-07-23 23:39:05.725 | INFO     | N/A | ⏳ 等待 Profile 更新任务...
2026-07-23 23:39:10.752 | INFO     | N/A | ⏳ 等待 Profile 更新任务...
2026-07-23 23:39:15.780 | INFO     | N/A | ⏳ 等待 Profile 更新任务...
2026-07-23 23:39:20.807 | INFO     | N/A | ⏳ 等待 Profile 更新任务...
2026-07-23 23:39:25.837 | INFO     | N/A | ⏳ 等待 Profile 更新任务...
2026-07-23 23:39:30.865 | INFO     | N/A | ⏳ 等待 Profile 更新任务...
2026-07-23 23:39:35.951 | INFO     | N/A | ⏳ 等待 Profile 更新任务...
2026-07-23 23:39:40.979 | INFO     | N/A | ⏳ 等待 Profile 更新任务...
2026-07-23 23:39:46.007 | INFO     | N/A | ⏳ 等待 Profile 更新任务...
2026-07-23 23:39:51.033 | INFO     | N/A | ⏳ 等待 Profile 更新任务...
2026-07-23 23:39:56.061 | INFO     | N/A | ⏳ 等待 Profile 更新任务...
2026-07-23 23:40:01.092 | INFO     | N/A | ⏳ 等待 Profile 更新任务...
2026-07-23 23:40:06.133 | INFO     | N/A | ⏳ 等待 Profile 更新任务...
2026-07-23 23:40:11.160 | INFO     | N/A | ⏳ 等待 Profile 更新任务...
2026-07-23 23:40:16.188 | INFO     | N/A | ⏳ 等待 Profile 更新任务...
2026-07-23 23:40:21.216 | INFO     | N/A | ⏳ 等待 Profile 更新任务...
2026-07-23 23:40:26.255 | INFO     | N/A | ⏳ 等待 Profile 更新任务...
2026-07-23 23:40:31.285 | INFO     | N/A | ⏳ 等待 Profile 更新任务...
2026-07-23 23:40:36.324 | INFO     | N/A | ⏳ 等待 Profile 更新任务...
2026-07-23 23:40:41.396 | INFO     | N/A | ⏳ 等待 Profile 更新任务...
2026-07-23 23:40:46.424 | INFO     | N/A | ⏳ 等待 Profile 更新任务...
2026-07-23 23:40:51.452 | INFO     | N/A | ⏳ 等待 Profile 更新任务...
2026-07-23 23:40:56.479 | INFO     | N/A | ⏳ 等待 Profile 更新任务...
2026-07-23 23:41:01.508 | INFO     | N/A | ⏳ 等待 Profile 更新任务...
2026-07-23 23:41:06.545 | INFO     | N/A | ⏳ 等待 Profile 更新任务...
2026-07-23 23:41:11.575 | INFO     | N/A | ⏳ 等待 Profile 更新任务...
2026-07-23 23:41:16.605 | INFO     | N/A | ⏳ 等待 Profile 更新任务...
2026-07-23 23:41:21.632 | INFO     | N/A | ⏳ 等待 Profile 更新任务...
2026-07-23 23:41:26.659 | INFO     | N/A | ⏳ 等待 Profile 更新任务...
2026-07-23 23:41:31.688 | INFO     | N/A | ⏳ 等待 Profile 更新任务...
2026-07-23 23:41:36.729 | INFO     | N/A | ⏳ 等待 Profile 更新任务...
2026-07-23 23:41:41.760 | INFO     | N/A | ⏳ 等待 Profile 更新任务...
2026-07-23 23:41:46.789 | INFO     | N/A | ⏳ 等待 Profile 更新任务...
2026-07-23 23:41:51.819 | INFO     | N/A | ⏳ 等待 Profile 更新任务...
2026-07-23 23:41:56.846 | INFO     | N/A | ⏳ 等待 Profile 更新任务...
2026-07-23 23:42:01.873 | INFO     | N/A | ⏳ 等待 Profile 更新任务...
2026-07-23 23:42:06.918 | INFO     | N/A | ⏳ 等待 Profile 更新任务...
2026-07-23 23:42:11.945 | INFO     | N/A | ⏳ 等待 Profile 更新任务...
2026-07-23 23:42:16.974 | INFO     | N/A | ⏳ 等待 Profile 更新任务...
2026-07-23 23:42:22.035 | INFO     | N/A | ⏳ 等待 Profile 更新任务...
2026-07-23 23:42:27.063 | INFO     | N/A | ⏳ 等待 Profile 更新任务...
2026-07-23 23:42:32.092 | INFO     | N/A | ⏳ 等待 Profile 更新任务...
2026-07-23 23:42:37.131 | INFO     | N/A | ⏳ 等待 Profile 更新任务...
2026-07-23 23:42:42.160 | INFO     | N/A | ⏳ 等待 Profile 更新任务...
2026-07-23 23:42:47.191 | INFO     | N/A | ⏳ 等待 Profile 更新任务...
2026-07-23 23:42:52.220 | INFO     | N/A | ⏳ 等待 Profile 更新任务...
2026-07-23 23:42:57.246 | INFO     | N/A | ⏳ 等待 Profile 更新任务...
2026-07-23 23:43:02.275 | INFO     | N/A | ⏳ 等待 Profile 更新任务...
2026-07-23 23:43:07.311 | INFO     | N/A | ⏳ 等待 Profile 更新任务...
2026-07-23 23:43:12.338 | INFO     | N/A | ⏳ 等待 Profile 更新任务...
2026-07-23 23:43:17.366 | INFO     | N/A | ⏳ 等待 Profile 更新任务...
2026-07-23 23:43:22.392 | INFO     | N/A | ⏳ 等待 Profile 更新任务...
2026-07-23 23:43:27.422 | INFO     | N/A | ⏳ 等待 Profile 更新任务...
2026-07-23 23:43:32.449 | INFO     | N/A | ⏳ 等待 Profile 更新任务...
2026-07-23 23:43:37.486 | INFO     | N/A | ⏳ 等待 Profile 更新任务...
2026-07-23 23:43:42.513 | INFO     | N/A | ⏳ 等待 Profile 更新任务...
2026-07-23 23:43:47.542 | INFO     | N/A | ⏳ 等待 Profile 更新任务...
2026-07-23 23:43:52.571 | INFO     | N/A | ⏳ 等待 Profile 更新任务...
2026-07-23 23:43:57.598 | INFO     | N/A | ⏳ 等待 Profile 更新任务...
2026-07-23 23:44:02.626 | INFO     | N/A | ⏳ 等待 Profile 更新任务...
2026-07-23 23:44:07.670 | INFO     | N/A | ⏳ 等待 Profile 更新任务...
2026-07-23 23:44:12.697 | INFO     | N/A | ⏳ 等待 Profile 更新任务...
2026-07-23 23:44:17.728 | INFO     | N/A | ⏳ 等待 Profile 更新任务...
2026-07-23 23:44:22.755 | INFO     | N/A | ⏳ 等待 Profile 更新任务...
2026-07-23 23:44:27.782 | INFO     | N/A | ⏳ 等待 Profile 更新任务...
2026-07-23 23:44:32.808 | INFO     | N/A | ⏳ 等待 Profile 更新任务...
2026-07-23 23:44:37.846 | INFO     | N/A | ⏳ 等待 Profile 更新任务...
2026-07-23 23:44:42.874 | INFO     | N/A | ⏳ 等待 Profile 更新任务...
2026-07-23 23:44:47.901 | INFO     | N/A | ⏳ 等待 Profile 更新任务...
2026-07-23 23:44:52.929 | INFO     | N/A | ⏳ 等待 Profile 更新任务...
2026-07-23 23:44:57.953 | INFO     | N/A | ⏳ 等待 Profile 更新任务...
2026-07-23 23:45:02.975 | INFO     | N/A | ⏳ 等待 Profile 更新任务...
2026-07-23 23:45:08.020 | INFO     | N/A | ⏳ 等待 Profile 更新任务...
2026-07-23 23:45:13.044 | INFO     | N/A | ⏳ 等待 Profile 更新任务...
